trade_id,strategy,symbol,type,lot_size,entry_time,entry_price,exit_time,exit_price,pnl_usd,pnl_pips,return_pct,exit_reason,duration_bars,duration_mins,win,module_id,global_id
52,Asian Night Scalper (5m),EURGBP,Sell (Short),1.0,2026-08-24 04:35:00,0.85602,2026-08-24 06:05:00,0.85603,-6.17,-0.1,-0.001,TP (BB Midline),18,90,False,Scalper_EURGBP,1
54,Asian Night Scalper (5m),NZDCAD,Buy (Long),1.0,2026-08-24 03:05:00,0.82365,2026-08-24 04:00:00,0.82395,31.42,3.6,0.036,TP (BB Midline),11,55,True,Scalper_NZDCAD,2
51,Asian Night Scalper (5m),AUDCAD,Buy (Long),1.0,2026-08-24 02:45:00,0.98814,2026-08-24 04:10:00,0.98836,17.26,2.2,0.022,TP (BB Midline),17,85,True,Scalper_AUDCAD,3
51,Asian Night Scalper (5m),EURGBP,Sell (Short),1.0,2026-08-24 01:45:00,0.85606,2026-08-24 02:15:00,0.8559,13.69,1.9,0.019,TP (BB Midline),6,30,True,Scalper_EURGBP,4
58,Asian Night Scalper (5m),AUDNZD,Buy (Long),1.0,2026-08-24 00:10:00,1.19938,2026-08-24 01:00:00,1.19998,45.0,5.0,0.05,TP (+5 pips),10,50,True,Scalper_AUDNZD,5
57,Asian Night Scalper (5m),AUDNZD,Buy (Long),1.0,2026-08-23 21:20:00,1.1985,2026-08-23 21:25:00,1.1991,45.0,5.0,0.05,TP (+5 pips),1,5,True,Scalper_AUDNZD,6
53,Asian Night Scalper (5m),NZDCAD,Sell (Short),1.0,2026-08-23 21:00:00,0.8252,2026-08-23 21:40:00,0.82479,45.0,5.0,0.05,TP (+5 pips),8,40,True,Scalper_NZDCAD,7
56,Asian Night Scalper (5m),AUDNZD,Buy (Long),1.0,2026-08-23 21:00:00,1.19893,2026-08-23 21:15:00,1.19953,45.0,5.0,0.05,TP (+5 pips),3,15,True,Scalper_AUDNZD,8
50,Asian Night Scalper (5m),AUDCAD,Sell (Short),1.0,2026-08-23 21:00:00,0.98959,2026-08-23 21:30:00,0.9891,45.0,5.0,0.05,TP (+5 pips),6,30,True,Scalper_AUDCAD,9
50,Asian Night Scalper (5m),EURGBP,Sell (Short),1.0,2026-08-23 21:00:00,0.85646,2026-08-23 21:30:00,0.85603,45.0,5.0,0.05,TP (+5 pips),6,30,True,Scalper_EURGBP,10
79,Synthetic Short Straddle (5m),EURUSD,Buy (Short Put),1.0,2026-08-21 20:25:00,1.16761,2026-08-23 21:00:00,1.16766,-0.72,0.4,0.004,Time Cutoff (UTC 21:00),7,35,False,Straddle_EURUSD,11
68,Synthetic Short Straddle (5m),EURCHF,Buy (Short Put),1.0,2026-08-21 19:55:00,0.93542,2026-08-21 20:35:00,0.93567,21.73,2.7,0.027,Mean Reversion (Z >= -0.2),8,40,True,Straddle_EURCHF,12
122,Synthetic Short Straddle (5m),EURJPY,Buy (Short Put),1.0,2026-08-21 19:45:00,185.69,2026-08-23 21:00:00,185.659,-21.69,-1.7,-0.017,Time Cutoff (UTC 21:00),15,75,False,Straddle_EURJPY,13
67,Synthetic Short Straddle (5m),EURCHF,Buy (Short Put),1.0,2026-08-21 18:25:00,0.93558,2026-08-21 19:25:00,0.93574,12.1,1.7,0.017,Mean Reversion (Z >= -0.2),12,60,True,Straddle_EURCHF,14
88,Synthetic Short Straddle (5m),EURGBP,Buy (Short Put),1.0,2026-08-21 17:05:00,0.85612,2026-08-21 19:40:00,0.85583,-38.87,-3.4,-0.034,Mean Reversion (Z >= -0.2),31,155,False,Straddle_EURGBP,15
121,Synthetic Short Straddle (5m),EURJPY,Sell (Short Call),1.0,2026-08-21 15:10:00,185.642,2026-08-21 19:05:00,185.733,-54.02,-4.9,-0.049,Mean Reversion (Z <= 0.2),47,235,False,Straddle_EURJPY,16
66,Synthetic Short Straddle (5m),EURCHF,Sell (Short Call),1.0,2026-08-21 15:05:00,0.93568,2026-08-21 17:30:00,0.93578,-15.69,-1.1,-0.011,Mean Reversion (Z <= 0.2),29,145,False,Straddle_EURCHF,17
120,Synthetic Short Straddle (5m),EURJPY,Buy (Short Put),1.0,2026-08-21 13:55:00,185.506,2026-08-21 14:40:00,185.559,23.57,2.9,0.029,Mean Reversion (Z >= -0.2),9,45,True,Straddle_EURJPY,18
87,Synthetic Short Straddle (5m),EURGBP,Buy (Short Put),1.0,2026-08-21 13:45:00,0.85638,2026-08-21 14:30:00,0.85659,19.52,2.5,0.025,Mean Reversion (Z >= -0.2),9,45,True,Straddle_EURGBP,19
65,Synthetic Short Straddle (5m),EURCHF,Buy (Short Put),1.0,2026-08-21 13:35:00,0.93474,2026-08-21 14:10:00,0.93516,39.93,4.5,0.045,Mean Reversion (Z >= -0.2),7,35,True,Straddle_EURCHF,20
86,Synthetic Short Straddle (5m),EURGBP,Buy (Short Put),1.0,2026-08-21 12:15:00,0.85642,2026-08-21 12:35:00,0.85696,58.05,6.3,0.063,Mean Reversion (Z >= -0.2),4,20,True,Straddle_EURGBP,21
64,Synthetic Short Straddle (5m),EURCHF,Sell (Short Call),1.0,2026-08-21 11:45:00,0.93546,2026-08-21 12:15:00,0.93498,46.31,5.1,0.051,Mean Reversion (Z <= 0.2),6,30,True,Straddle_EURCHF,22
78,Synthetic Short Straddle (5m),EURUSD,Buy (Short Put),1.0,2026-08-21 11:30:00,1.16988,2026-08-21 15:30:00,1.16778,-184.51,-18.0,-0.18,Mean Reversion (Z >= -0.2),48,240,False,Straddle_EURUSD,23
85,Synthetic Short Straddle (5m),EURGBP,Sell (Short Call),1.0,2026-08-21 10:55:00,0.85739,2026-08-21 11:20:00,0.85696,45.0,5.0,0.05,TP (+5 pips),5,25,True,Straddle_EURGBP,24
119,Synthetic Short Straddle (5m),EURJPY,Sell (Short Call),1.0,2026-08-21 10:50:00,185.739,2026-08-21 11:25:00,185.64613,45.0,5.0,0.05,TP (+5 pips),7,35,True,Straddle_EURJPY,25
63,Synthetic Short Straddle (5m),EURCHF,Buy (Short Put),1.0,2026-08-21 09:20:00,0.9351,2026-08-21 11:10:00,0.93534,20.67,2.6,0.026,Mean Reversion (Z >= -0.2),22,110,True,Straddle_EURCHF,26
84,Synthetic Short Straddle (5m),EURGBP,Buy (Short Put),1.0,2026-08-21 09:00:00,0.8564,2026-08-21 09:25:00,0.85683,45.0,5.0,0.05,TP (+5 pips),5,25,True,Straddle_EURGBP,27
77,Synthetic Short Straddle (5m),EURUSD,Sell (Short Call),1.0,2026-08-21 08:40:00,1.17041,2026-08-21 09:55:00,1.17002,28.32,3.3,0.033,Mean Reversion (Z <= 0.2),15,75,True,Straddle_EURUSD,28
83,Synthetic Short Straddle (5m),EURGBP,Sell (Short Call),1.0,2026-08-21 08:05:00,0.8573,2026-08-21 08:30:00,0.85687,45.0,5.0,0.05,TP (+5 pips),5,25,True,Straddle_EURGBP,29
76,Synthetic Short Straddle (5m),EURUSD,Buy (Short Put),1.0,2026-08-21 07:50:00,1.16885,2026-08-21 08:10:00,1.16944,45.48,5.0,0.05,Mean Reversion (Z >= -0.2),4,20,True,Straddle_EURUSD,30
118,Synthetic Short Straddle (5m),EURJPY,Buy (Short Put),1.0,2026-08-21 07:35:00,185.685,2026-08-21 09:50:00,185.598,-51.85,-4.7,-0.047,Mean Reversion (Z >= -0.2),27,135,False,Straddle_EURJPY,31
82,Synthetic Short Straddle (5m),EURGBP,Buy (Short Put),1.0,2026-08-21 07:20:00,0.85678,2026-08-21 07:50:00,0.85698,18.34,2.3,0.023,Mean Reversion (Z >= -0.2),6,30,True,Straddle_EURGBP,32
62,Synthetic Short Straddle (5m),EURCHF,Sell (Short Call),1.0,2026-08-21 07:05:00,0.93582,2026-08-21 07:30:00,0.93535,45.0,5.0,0.05,TP (+5 pips),5,25,True,Straddle_EURCHF,33
49,Asian Night Scalper (5m),AUDCAD,Sell (Short),1.0,2026-08-21 06:30:00,0.98364,2026-08-21 06:45:00,0.98315,45.0,5.0,0.05,TP (+5 pips),3,15,True,Scalper_AUDCAD,34
49,Asian Night Scalper (5m),EURGBP,Buy (Long),1.0,2026-08-21 05:50:00,0.8569,2026-08-21 06:50:00,0.85708,16.01,2.1,0.021,TP (BB Midline),12,60,True,Scalper_EURGBP,35
55,Asian Night Scalper (5m),AUDNZD,Sell (Short),1.0,2026-08-21 05:05:00,1.19692,2026-08-21 05:55:00,1.19662,20.06,2.5,0.025,TP (BB Midline),10,50,True,Scalper_AUDNZD,36
48,Asian Night Scalper (5m),EURGBP,Sell (Short),1.0,2026-08-21 04:25:00,0.85717,2026-08-21 05:00:00,0.85705,9.0,1.4,0.014,TP (BB Midline),7,35,True,Scalper_EURGBP,37
54,Asian Night Scalper (5m),AUDNZD,Sell (Short),1.0,2026-08-21 02:45:00,1.19588,2026-08-21 04:15:00,1.19628,-38.45,-3.3,-0.033,TP (BB Midline),18,90,False,Scalper_AUDNZD,38
48,Asian Night Scalper (5m),AUDCAD,Sell (Short),1.0,2026-08-21 01:45:00,0.98252,2026-08-21 04:20:00,0.98282,-35.53,-3.1,-0.031,TP (BB Midline),31,155,False,Scalper_AUDCAD,39
53,Asian Night Scalper (5m),AUDNZD,Buy (Long),1.0,2026-08-21 01:30:00,1.19503,2026-08-21 02:20:00,1.19563,45.0,5.0,0.05,TP (+5 pips),10,50,True,Scalper_AUDNZD,40
52,Asian Night Scalper (5m),AUDNZD,Buy (Long),1.0,2026-08-20 23:55:00,1.19584,2026-08-21 00:05:00,1.19644,45.0,5.0,0.05,TP (+5 pips),2,10,True,Scalper_AUDNZD,41
52,Asian Night Scalper (5m),NZDCAD,Sell (Short),1.0,2026-08-20 23:30:00,0.82002,2026-08-21 02:45:00,0.82177,-218.41,-21.3,-0.213,TP (BB Midline),39,195,False,Scalper_NZDCAD,42
47,Asian Night Scalper (5m),AUDCAD,Sell (Short),1.0,2026-08-20 23:30:00,0.98104,2026-08-21 00:55:00,0.98111,-12.14,-0.7,-0.007,TP (BB Midline),17,85,False,Scalper_AUDCAD,43
46,Asian Night Scalper (5m),AUDCAD,Buy (Long),1.0,2026-08-20 21:25:00,0.98029,2026-08-20 22:00:00,0.98078,45.0,5.0,0.05,TP (+5 pips),7,35,True,Scalper_AUDCAD,44
51,Asian Night Scalper (5m),AUDNZD,Buy (Long),1.0,2026-08-20 21:05:00,1.19628,2026-08-20 21:10:00,1.19688,45.0,5.0,0.05,TP (+5 pips),1,5,True,Scalper_AUDNZD,45
117,Synthetic Short Straddle (5m),EURJPY,Buy (Short Put),1.0,2026-08-20 20:50:00,185.772,2026-08-20 21:00:00,185.742,-21.15,-1.6,-0.016,Time Cutoff (UTC 21:00),2,10,False,Straddle_EURJPY,46
75,Synthetic Short Straddle (5m),EURUSD,Sell (Short Call),1.0,2026-08-20 18:50:00,1.1676,2026-08-20 21:00:00,1.16784,-25.55,-2.1,-0.021,Time Cutoff (UTC 21:00),26,130,False,Straddle_EURUSD,47
116,Synthetic Short Straddle (5m),EURJPY,Sell (Short Call),1.0,2026-08-20 15:35:00,185.551,2026-08-20 20:30:00,185.794,-135.96,-13.1,-0.131,Mean Reversion (Z <= 0.2),59,295,False,Straddle_EURJPY,48
61,Synthetic Short Straddle (5m),EURCHF,Sell (Short Call),1.0,2026-08-20 15:15:00,0.93354,2026-08-20 19:50:00,0.93481,-141.04,-13.6,-0.136,Mean Reversion (Z <= 0.2),55,275,False,Straddle_EURCHF,49
115,Synthetic Short Straddle (5m),EURJPY,Sell (Short Call),1.0,2026-08-20 14:00:00,185.49,2026-08-20 14:20:00,185.426,29.5,3.5,0.035,Mean Reversion (Z <= 0.2),4,20,True,Straddle_EURJPY,50
74,Synthetic Short Straddle (5m),EURUSD,Buy (Short Put),1.0,2026-08-20 13:45:00,1.16759,2026-08-20 14:35:00,1.16817,45.0,5.0,0.05,TP (+5 pips),10,50,True,Straddle_EURUSD,51
60,Synthetic Short Straddle (5m),EURCHF,Sell (Short Call),1.0,2026-08-20 11:40:00,0.93272,2026-08-20 12:15:00,0.93225,45.0,5.0,0.05,TP (+5 pips),7,35,True,Straddle_EURCHF,52
73,Synthetic Short Straddle (5m),EURUSD,Buy (Short Put),1.0,2026-08-20 11:10:00,1.16904,2026-08-20 11:25:00,1.16962,45.0,5.0,0.05,TP (+5 pips),3,15,True,Straddle_EURUSD,53
81,Synthetic Short Straddle (5m),EURGBP,Buy (Short Put),1.0,2026-08-20 10:10:00,0.85751,2026-08-20 14:30:00,0.85668,-101.79,-9.7,-0.097,Mean Reversion (Z >= -0.2),52,260,False,Straddle_EURGBP,54
59,Synthetic Short Straddle (5m),EURCHF,Buy (Short Put),1.0,2026-08-20 09:10:00,0.9318,2026-08-20 10:55:00,0.93185,0.37,0.5,0.005,Mean Reversion (Z >= -0.2),21,105,True,Straddle_EURCHF,55
114,Synthetic Short Straddle (5m),EURJPY,Sell (Short Call),1.0,2026-08-20 08:40:00,185.4,2026-08-20 09:15:00,185.3073,45.0,5.0,0.05,TP (+5 pips),7,35,True,Straddle_EURJPY,56
80,Synthetic Short Straddle (5m),EURGBP,Buy (Short Put),1.0,2026-08-20 08:15:00,0.85764,2026-08-20 08:40:00,0.85806,43.97,4.9,0.049,Mean Reversion (Z >= -0.2),5,25,True,Straddle_EURGBP,57
72,Synthetic Short Straddle (5m),EURUSD,Sell (Short Call),1.0,2026-08-20 07:40:00,1.16906,2026-08-20 10:40:00,1.17024,-105.94,-10.1,-0.101,Mean Reversion (Z <= 0.2),36,180,False,Straddle_EURUSD,58
51,Asian Night Scalper (5m),NZDCAD,Buy (Long),1.0,2026-08-20 06:25:00,0.82092,2026-08-20 07:00:00,0.8207,-31.8,-2.7,-0.027,Time Cutoff (UTC 07:00),7,35,False,Scalper_NZDCAD,59
50,Asian Night Scalper (5m),AUDNZD,Sell (Short),1.0,2026-08-20 06:25:00,1.19586,2026-08-20 07:00:00,1.1965,-58.52,-5.4,-0.054,Time Cutoff (UTC 07:00),7,35,False,Scalper_AUDNZD,60
50,Asian Night Scalper (5m),NZDCAD,Buy (Long),1.0,2026-08-20 05:35:00,0.82112,2026-08-20 06:05:00,0.8214,29.1,3.4,0.034,TP (BB Midline),6,30,True,Scalper_NZDCAD,61
47,Asian Night Scalper (5m),EURGBP,Sell (Short),1.0,2026-08-20 05:35:00,0.858,2026-08-20 07:00:00,0.8584,-51.62,-4.7,-0.047,Time Cutoff (UTC 07:00),17,85,False,Scalper_EURGBP,62
45,Asian Night Scalper (5m),AUDCAD,Sell (Short),1.0,2026-08-20 03:20:00,0.98251,2026-08-20 03:35:00,0.98202,45.0,5.0,0.05,TP (+5 pips),3,15,True,Scalper_AUDCAD,63
46,Asian Night Scalper (5m),EURGBP,Buy (Long),1.0,2026-08-20 01:50:00,0.85818,2026-08-20 04:50:00,0.85795,-31.8,-2.7,-0.027,TP (BB Midline),36,180,False,Scalper_EURGBP,64
49,Asian Night Scalper (5m),NZDCAD,Sell (Short),1.0,2026-08-20 01:45:00,0.82034,2026-08-20 03:35:00,0.82106,-92.77,-8.8,-0.088,TP (BB Midline),22,110,False,Scalper_NZDCAD,65
49,Asian Night Scalper (5m),AUDNZD,Buy (Long),1.0,2026-08-20 01:30:00,1.19638,2026-08-20 01:35:00,1.19698,45.0,5.0,0.05,TP (+5 pips),1,5,True,Scalper_AUDNZD,66
44,Asian Night Scalper (5m),AUDCAD,Buy (Long),1.0,2026-08-20 01:30:00,0.98108,2026-08-20 01:35:00,0.98157,45.0,5.0,0.05,TP (+5 pips),1,5,True,Scalper_AUDCAD,67
43,Asian Night Scalper (5m),AUDCAD,Buy (Long),1.0,2026-08-20 00:45:00,0.98282,2026-08-20 01:25:00,0.98331,45.0,5.0,0.05,TP (+5 pips),8,40,True,Scalper_AUDCAD,68
45,Asian Night Scalper (5m),EURGBP,Sell (Short),1.0,2026-08-19 23:55:00,0.85842,2026-08-20 01:15:00,0.85838,-0.34,0.5,0.005,TP (BB Midline),16,80,False,Scalper_EURGBP,69
48,Asian Night Scalper (5m),AUDNZD,Sell (Short),1.0,2026-08-19 21:55:00,1.2016,2026-08-19 22:00:00,1.201,45.0,5.0,0.05,TP (+5 pips),1,5,True,Scalper_AUDNZD,70
48,Asian Night Scalper (5m),NZDCAD,Buy (Long),1.0,2026-08-19 21:00:00,0.81887,2026-08-19 21:05:00,0.81928,45.0,5.0,0.05,TP (+5 pips),1,5,True,Scalper_NZDCAD,71
42,Asian Night Scalper (5m),AUDCAD,Buy (Long),1.0,2026-08-19 21:00:00,0.98322,2026-08-19 21:15:00,0.98371,45.0,5.0,0.05,TP (+5 pips),3,15,True,Scalper_AUDCAD,72
79,Synthetic Short Straddle (5m),EURGBP,Sell (Short Call),1.0,2026-08-19 19:55:00,0.85814,2026-08-19 21:00:00,0.85836,-30.64,-2.6,-0.026,Time Cutoff (UTC 21:00),13,65,False,Straddle_EURGBP,73
113,Synthetic Short Straddle (5m),EURJPY,Buy (Short Put),1.0,2026-08-19 19:25:00,184.69,2026-08-19 21:00:00,184.663,-19.62,-1.5,-0.015,Time Cutoff (UTC 21:00),19,95,False,Straddle_EURJPY,74
58,Synthetic Short Straddle (5m),EURCHF,Buy (Short Put),1.0,2026-08-19 18:00:00,0.93211,2026-08-19 21:00:00,0.93126,-96.19,-9.1,-0.091,Mean Reversion (Z >= -0.2),36,180,False,Straddle_EURCHF,75
112,Synthetic Short Straddle (5m),EURJPY,Sell (Short Call),1.0,2026-08-19 17:45:00,184.92,2026-08-19 18:05:00,184.833,42.05,4.7,0.047,Mean Reversion (Z <= 0.2),4,20,True,Straddle_EURJPY,76
57,Synthetic Short Straddle (5m),EURCHF,Buy (Short Put),1.0,2026-08-19 14:35:00,0.93244,2026-08-19 14:40:00,0.93291,45.0,5.0,0.05,TP (+5 pips),1,5,True,Straddle_EURCHF,77
78,Synthetic Short Straddle (5m),EURGBP,Sell (Short Call),1.0,2026-08-19 14:15:00,0.85654,2026-08-19 19:50:00,0.85793,-167.28,-16.2,-0.162,Mean Reversion (Z <= 0.2),67,335,False,Straddle_EURGBP,78
56,Synthetic Short Straddle (5m),EURCHF,Buy (Short Put),1.0,2026-08-19 13:40:00,0.9366,2026-08-19 14:35:00,0.93332,-355.0,-35.0,-0.35,SL (-35 pips),11,55,False,Straddle_EURCHF,79
77,Synthetic Short Straddle (5m),EURGBP,Buy (Short Put),1.0,2026-08-19 13:10:00,0.85556,2026-08-19 13:45:00,0.85586,30.06,3.5,0.035,Mean Reversion (Z >= -0.2),7,35,True,Straddle_EURGBP,80
76,Synthetic Short Straddle (5m),EURGBP,Buy (Short Put),1.0,2026-08-19 12:40:00,0.85576,2026-08-19 13:00:00,0.85604,27.72,3.3,0.033,Mean Reversion (Z >= -0.2),4,20,True,Straddle_EURGBP,81
111,Synthetic Short Straddle (5m),EURJPY,Buy (Short Put),1.0,2026-08-19 12:40:00,184.265,2026-08-19 12:45:00,184.35713,45.0,5.0,0.05,TP (+5 pips),1,5,True,Straddle_EURJPY,82
110,Synthetic Short Straddle (5m),EURJPY,Buy (Short Put),1.0,2026-08-19 12:35:00,184.0,2026-08-19 12:40:00,184.092,45.0,5.0,0.05,TP (+5 pips),1,5,True,Straddle_EURJPY,83
71,Synthetic Short Straddle (5m),EURUSD,Sell (Short Call),1.0,2026-08-19 12:30:00,1.16191,2026-08-19 14:05:00,1.16598,-355.0,-35.0,-0.35,SL (-35 pips),19,95,False,Straddle_EURUSD,84
109,Synthetic Short Straddle (5m),EURJPY,Buy (Short Put),1.0,2026-08-19 12:30:00,184.409,2026-08-19 12:35:00,184.5012,45.0,5.0,0.05,TP (+5 pips),1,5,True,Straddle_EURJPY,85
108,Synthetic Short Straddle (5m),EURJPY,Buy (Short Put),1.0,2026-08-19 12:20:00,184.568,2026-08-19 12:30:00,184.409,-91.15,-8.6,-0.086,SL (Z <= -3.8),2,10,False,Straddle_EURJPY,86
75,Synthetic Short Straddle (5m),EURGBP,Buy (Short Put),1.0,2026-08-19 12:15:00,0.85598,2026-08-19 12:35:00,0.85618,18.37,2.3,0.023,Mean Reversion (Z >= -0.2),4,20,True,Straddle_EURGBP,87
107,Synthetic Short Straddle (5m),EURJPY,Buy (Short Put),1.0,2026-08-19 12:00:00,184.614,2026-08-19 12:10:00,184.655,17.21,2.2,0.022,Mean Reversion (Z >= -0.2),2,10,True,Straddle_EURJPY,88
55,Synthetic Short Straddle (5m),EURCHF,Buy (Short Put),1.0,2026-08-19 11:25:00,0.9402,2026-08-19 13:40:00,0.93691,-355.0,-35.0,-0.35,SL (-35 pips),27,135,False,Straddle_EURCHF,89
74,Synthetic Short Straddle (5m),EURGBP,Sell (Short Call),1.0,2026-08-19 09:15:00,0.8559,2026-08-19 11:55:00,0.85612,-30.7,-2.6,-0.026,Mean Reversion (Z <= 0.2),32,160,False,Straddle_EURGBP,90
106,Synthetic Short Straddle (5m),EURJPY,Sell (Short Call),1.0,2026-08-19 09:10:00,184.702,2026-08-19 10:00:00,184.62,39.4,4.4,0.044,Mean Reversion (Z <= 0.2),10,50,True,Straddle_EURJPY,91
70,Synthetic Short Straddle (5m),EURUSD,Sell (Short Call),1.0,2026-08-19 08:10:00,1.16036,2026-08-19 08:25:00,1.15978,45.0,5.0,0.05,TP (+5 pips),3,15,True,Straddle_EURUSD,92
54,Synthetic Short Straddle (5m),EURCHF,Sell (Short Call),1.0,2026-08-19 07:40:00,0.9402,2026-08-19 09:00:00,0.94026,-11.38,-0.6,-0.006,Mean Reversion (Z <= 0.2),16,80,False,Straddle_EURCHF,93
73,Synthetic Short Straddle (5m),EURGBP,Sell (Short Call),1.0,2026-08-19 07:15:00,0.85585,2026-08-19 07:20:00,0.85564,19.54,2.5,0.025,Mean Reversion (Z <= 0.2),1,5,True,Straddle_EURGBP,94
72,Synthetic Short Straddle (5m),EURGBP,Buy (Short Put),1.0,2026-08-19 07:05:00,0.85547,2026-08-19 07:10:00,0.85572,24.22,2.9,0.029,Mean Reversion (Z >= -0.2),1,5,True,Straddle_EURGBP,95
47,Asian Night Scalper (5m),NZDCAD,Sell (Short),1.0,2026-08-19 06:20:00,0.81552,2026-08-19 06:35:00,0.81511,45.0,5.0,0.05,TP (+5 pips),3,15,True,Scalper_NZDCAD,96
47,Asian Night Scalper (5m),AUDNZD,Buy (Long),1.0,2026-08-19 06:10:00,1.20383,2026-08-19 06:35:00,1.20443,45.0,5.0,0.05,TP (+5 pips),5,25,True,Scalper_AUDNZD,97
44,Asian Night Scalper (5m),EURGBP,Sell (Short),1.0,2026-08-19 04:30:00,0.85564,2026-08-19 05:40:00,0.85557,3.18,0.8,0.008,TP (BB Midline),14,70,True,Scalper_EURGBP,98
46,Asian Night Scalper (5m),AUDNZD,Buy (Long),1.0,2026-08-19 03:55:00,1.2046,2026-08-19 05:25:00,1.20446,-16.62,-1.2,-0.012,TP (BB Midline),18,90,False,Scalper_AUDNZD,99
41,Asian Night Scalper (5m),AUDCAD,Buy (Long),1.0,2026-08-19 02:15:00,0.98257,2026-08-19 04:55:00,0.98174,-89.47,-8.4,-0.084,TP (BB Midline),32,160,False,Scalper_AUDCAD,100
40,Asian Night Scalper (5m),AUDCAD,Buy (Long),1.0,2026-08-19 01:15:00,0.9832,2026-08-19 01:20:00,0.98369,45.0,5.0,0.05,TP (+5 pips),1,5,True,Scalper_AUDCAD,101
39,Asian Night Scalper (5m),AUDCAD,Buy (Long),1.0,2026-08-19 00:55:00,0.98344,2026-08-19 01:05:00,0.98393,45.0,5.0,0.05,TP (+5 pips),2,10,True,Scalper_AUDCAD,102
43,Asian Night Scalper (5m),EURGBP,Sell (Short),1.0,2026-08-19 00:50:00,0.8555,2026-08-19 02:10:00,0.85553,-8.51,-0.4,-0.004,TP (BB Midline),16,80,False,Scalper_EURGBP,103
46,Asian Night Scalper (5m),NZDCAD,Buy (Long),1.0,2026-08-19 00:40:00,0.81538,2026-08-19 01:30:00,0.81579,45.0,5.0,0.05,TP (+5 pips),10,50,True,Scalper_NZDCAD,104
45,Asian Night Scalper (5m),AUDNZD,Sell (Short),1.0,2026-08-19 00:15:00,1.2064,2026-08-19 01:15:00,1.20604,24.84,3.0,0.03,TP (BB Midline),12,60,True,Scalper_AUDNZD,105
42,Asian Night Scalper (5m),EURGBP,Sell (Short),1.0,2026-08-18 21:05:00,0.85546,2026-08-18 21:10:00,0.85526,18.38,2.3,0.023,TP (BB Midline),1,5,True,Scalper_EURGBP,106
44,Asian Night Scalper (5m),AUDNZD,Buy (Long),1.0,2026-08-18 21:00:00,1.20598,2026-08-18 21:20:00,1.20646,34.8,4.0,0.04,TP (BB Midline),4,20,True,Scalper_AUDNZD,107
38,Asian Night Scalper (5m),AUDCAD,Buy (Long),1.0,2026-08-18 21:00:00,0.98421,2026-08-18 21:30:00,0.9847,45.0,5.0,0.05,TP (+5 pips),6,30,True,Scalper_AUDCAD,108
71,Synthetic Short Straddle (5m),EURGBP,Sell (Short Call),1.0,2026-08-18 20:20:00,0.85543,2026-08-18 21:00:00,0.8554,-1.49,0.4,0.004,Time Cutoff (UTC 21:00),8,40,False,Straddle_EURGBP,109
69,Synthetic Short Straddle (5m),EURUSD,Buy (Short Put),1.0,2026-08-18 20:00:00,1.15726,2026-08-18 20:55:00,1.15752,17.47,2.2,0.022,Mean Reversion (Z >= -0.2),11,55,True,Straddle_EURUSD,110
68,Synthetic Short Straddle (5m),EURUSD,Sell (Short Call),1.0,2026-08-18 19:35:00,1.15793,2026-08-18 19:55:00,1.15748,33.86,3.9,0.039,Mean Reversion (Z <= 0.2),4,20,True,Straddle_EURUSD,111
105,Synthetic Short Straddle (5m),EURJPY,Sell (Short Call),1.0,2026-08-18 19:30:00,184.802,2026-08-18 20:00:00,184.772,11.23,1.6,0.016,Mean Reversion (Z <= 0.2),6,30,True,Straddle_EURJPY,112
104,Synthetic Short Straddle (5m),EURJPY,Sell (Short Call),1.0,2026-08-18 16:15:00,184.842,2026-08-18 16:45:00,184.806,14.48,1.9,0.019,Mean Reversion (Z <= 0.2),6,30,True,Straddle_EURJPY,113
70,Synthetic Short Straddle (5m),EURGBP,Buy (Short Put),1.0,2026-08-18 15:55:00,0.855,2026-08-18 16:10:00,0.85525,24.24,2.9,0.029,Mean Reversion (Z >= -0.2),3,15,True,Straddle_EURGBP,114
53,Synthetic Short Straddle (5m),EURCHF,Sell (Short Call),1.0,2026-08-18 15:20:00,0.94094,2026-08-18 15:45:00,0.94041,51.33,5.6,0.056,Mean Reversion (Z <= 0.2),5,25,True,Straddle_EURCHF,115
67,Synthetic Short Straddle (5m),EURUSD,Sell (Short Call),1.0,2026-08-18 14:05:00,1.15848,2026-08-18 14:55:00,1.1581,27.8,3.3,0.033,Mean Reversion (Z <= 0.2),10,50,True,Straddle_EURUSD,116
103,Synthetic Short Straddle (5m),EURJPY,Buy (Short Put),1.0,2026-08-18 14:00:00,184.779,2026-08-18 15:20:00,184.807,10.15,1.5,0.015,Mean Reversion (Z >= -0.2),16,80,True,Straddle_EURJPY,117
52,Synthetic Short Straddle (5m),EURCHF,Buy (Short Put),1.0,2026-08-18 13:45:00,0.94008,2026-08-18 14:25:00,0.94033,21.59,2.7,0.027,Mean Reversion (Z >= -0.2),8,40,True,Straddle_EURCHF,118
66,Synthetic Short Straddle (5m),EURUSD,Sell (Short Call),1.0,2026-08-18 13:35:00,1.15842,2026-08-18 13:50:00,1.15784,45.0,5.0,0.05,TP (+5 pips),3,15,True,Straddle_EURUSD,119
51,Synthetic Short Straddle (5m),EURCHF,Sell (Short Call),1.0,2026-08-18 13:15:00,0.94072,2026-08-18 13:30:00,0.94038,31.14,3.6,0.036,Mean Reversion (Z <= 0.2),3,15,True,Straddle_EURCHF,120
65,Synthetic Short Straddle (5m),EURUSD,Sell (Short Call),1.0,2026-08-18 13:00:00,1.15794,2026-08-18 13:20:00,1.15756,27.82,3.3,0.033,Mean Reversion (Z <= 0.2),4,20,True,Straddle_EURUSD,121
69,Synthetic Short Straddle (5m),EURGBP,Buy (Short Put),1.0,2026-08-18 12:45:00,0.85548,2026-08-18 13:45:00,0.8556,9.03,1.4,0.014,Mean Reversion (Z >= -0.2),12,60,True,Straddle_EURGBP,122
64,Synthetic Short Straddle (5m),EURUSD,Buy (Short Put),1.0,2026-08-18 11:25:00,1.1573,2026-08-18 11:55:00,1.15767,26.97,3.2,0.032,Mean Reversion (Z >= -0.2),6,30,True,Straddle_EURUSD,123
68,Synthetic Short Straddle (5m),EURGBP,Sell (Short Call),1.0,2026-08-18 11:00:00,0.85598,2026-08-18 11:55:00,0.8558,16.03,2.1,0.021,Mean Reversion (Z <= 0.2),11,55,True,Straddle_EURGBP,124
102,Synthetic Short Straddle (5m),EURJPY,Sell (Short Call),1.0,2026-08-18 10:55:00,184.878,2026-08-18 12:15:00,184.856,6.9,1.2,0.012,Mean Reversion (Z <= 0.2),16,80,True,Straddle_EURJPY,125
50,Synthetic Short Straddle (5m),EURCHF,Sell (Short Call),1.0,2026-08-18 10:15:00,0.9402,2026-08-18 12:45:00,0.94038,-24.14,-1.9,-0.019,Mean Reversion (Z <= 0.2),30,150,False,Straddle_EURCHF,126
67,Synthetic Short Straddle (5m),EURGBP,Sell (Short Call),1.0,2026-08-18 10:05:00,0.85577,2026-08-18 10:35:00,0.8556,14.87,2.0,0.02,Mean Reversion (Z <= 0.2),6,30,True,Straddle_EURGBP,127
101,Synthetic Short Straddle (5m),EURJPY,Buy (Short Put),1.0,2026-08-18 09:15:00,184.779,2026-08-18 09:55:00,184.819,16.65,2.2,0.022,Mean Reversion (Z >= -0.2),8,40,True,Straddle_EURJPY,128
63,Synthetic Short Straddle (5m),EURUSD,Sell (Short Call),1.0,2026-08-18 07:35:00,1.15758,2026-08-18 08:05:00,1.15714,33.01,3.8,0.038,Mean Reversion (Z <= 0.2),6,30,True,Straddle_EURUSD,129
100,Synthetic Short Straddle (5m),EURJPY,Sell (Short Call),1.0,2026-08-18 07:25:00,184.887,2026-08-18 08:05:00,184.813,35.02,4.0,0.04,Mean Reversion (Z <= 0.2),8,40,True,Straddle_EURJPY,130
66,Synthetic Short Straddle (5m),EURGBP,Sell (Short Call),1.0,2026-08-18 07:05:00,0.8558,2026-08-18 08:15:00,0.85546,34.73,4.0,0.04,Mean Reversion (Z <= 0.2),14,70,True,Straddle_EURGBP,131
49,Synthetic Short Straddle (5m),EURCHF,Buy (Short Put),1.0,2026-08-18 07:00:00,0.93893,2026-08-18 08:00:00,0.93914,17.37,2.2,0.022,Mean Reversion (Z >= -0.2),12,60,True,Straddle_EURCHF,132
37,Asian Night Scalper (5m),AUDCAD,Buy (Long),1.0,2026-08-18 06:05:00,0.98446,2026-08-18 06:55:00,0.98495,45.0,5.0,0.05,TP (+5 pips),10,50,True,Scalper_AUDCAD,133
45,Asian Night Scalper (5m),NZDCAD,Buy (Long),1.0,2026-08-18 06:00:00,0.8151,2026-08-18 06:55:00,0.81548,41.62,4.7,0.047,TP (BB Midline),11,55,True,Scalper_NZDCAD,134
43,Asian Night Scalper (5m),AUDNZD,Sell (Short),1.0,2026-08-18 06:00:00,1.20795,2026-08-18 07:00:00,1.20803,-11.62,-0.7,-0.007,Time Cutoff (UTC 07:00),12,60,False,Scalper_AUDNZD,135
41,Asian Night Scalper (5m),EURGBP,Sell (Short),1.0,2026-08-18 06:00:00,0.85538,2026-08-18 07:00:00,0.85554,-23.71,-1.9,-0.019,Time Cutoff (UTC 07:00),12,60,False,Scalper_EURGBP,136
36,Asian Night Scalper (5m),AUDCAD,Buy (Long),1.0,2026-08-18 03:30:00,0.98536,2026-08-18 05:45:00,0.98514,-27.33,-2.2,-0.022,TP (BB Midline),27,135,False,Scalper_AUDCAD,137
40,Asian Night Scalper (5m),EURGBP,Sell (Short),1.0,2026-08-18 03:05:00,0.85498,2026-08-18 04:20:00,0.85486,9.04,1.4,0.014,TP (BB Midline),15,75,True,Scalper_EURGBP,138
44,Asian Night Scalper (5m),NZDCAD,Buy (Long),1.0,2026-08-18 01:40:00,0.81805,2026-08-18 06:00:00,0.81519,-355.0,-35.0,-0.35,SL (-35 pips),52,260,False,Scalper_NZDCAD,139
42,Asian Night Scalper (5m),AUDNZD,Sell (Short),1.0,2026-08-18 00:25:00,1.2042,2026-08-18 04:50:00,1.20712,-247.48,-24.2,-0.242,TP (BB Midline),53,265,False,Scalper_AUDNZD,140
35,Asian Night Scalper (5m),AUDCAD,Sell (Short),1.0,2026-08-18 00:15:00,0.98614,2026-08-18 01:40:00,0.986,9.2,1.4,0.014,TP (BB Midline),17,85,True,Scalper_AUDCAD,141
39,Asian Night Scalper (5m),EURGBP,Buy (Long),1.0,2026-08-17 23:35:00,0.85479,2026-08-18 00:45:00,0.8548,-3.83,0.1,0.001,TP (BB Midline),14,70,False,Scalper_EURGBP,142
34,Asian Night Scalper (5m),AUDCAD,Sell (Short),1.0,2026-08-17 23:25:00,0.98586,2026-08-18 00:00:00,0.98572,9.2,1.4,0.014,TP (BB Midline),7,35,True,Scalper_AUDCAD,143
43,Asian Night Scalper (5m),NZDCAD,Sell (Short),1.0,2026-08-17 23:15:00,0.81914,2026-08-18 00:25:00,0.81882,34.07,3.9,0.039,TP (BB Midline),14,70,True,Scalper_NZDCAD,144
41,Asian Night Scalper (5m),AUDNZD,Buy (Long),1.0,2026-08-17 23:15:00,1.20344,2026-08-17 23:40:00,1.2038,24.91,3.0,0.03,TP (BB Midline),5,25,True,Scalper_AUDNZD,145
38,Asian Night Scalper (5m),EURGBP,Buy (Long),1.0,2026-08-17 21:10:00,0.85457,2026-08-17 21:25:00,0.855,45.0,5.0,0.05,TP (+5 pips),3,15,True,Scalper_EURGBP,146
99,Synthetic Short Straddle (5m),EURJPY,Buy (Short Put),1.0,2026-08-17 19:20:00,184.622,2026-08-17 20:00:00,184.656,13.42,1.8,0.018,Mean Reversion (Z >= -0.2),8,40,True,Straddle_EURJPY,147
65,Synthetic Short Straddle (5m),EURGBP,Sell (Short Call),1.0,2026-08-17 19:00:00,0.85494,2026-08-17 20:15:00,0.85488,2.02,0.7,0.007,Mean Reversion (Z <= 0.2),15,75,True,Straddle_EURGBP,148
62,Synthetic Short Straddle (5m),EURUSD,Buy (Short Put),1.0,2026-08-17 17:35:00,1.1577,2026-08-17 19:15:00,1.15779,2.77,0.8,0.008,Mean Reversion (Z >= -0.2),20,100,True,Straddle_EURUSD,149
48,Synthetic Short Straddle (5m),EURCHF,Sell (Short Call),1.0,2026-08-17 17:30:00,0.93928,2026-08-17 19:10:00,0.93908,16.29,2.1,0.021,Mean Reversion (Z <= 0.2),20,100,True,Straddle_EURCHF,150
64,Synthetic Short Straddle (5m),EURGBP,Buy (Short Put),1.0,2026-08-17 15:05:00,0.85468,2026-08-17 16:40:00,0.85468,-5.0,0.0,0.0,Mean Reversion (Z >= -0.2),19,95,False,Straddle_EURGBP,151
61,Synthetic Short Straddle (5m),EURUSD,Buy (Short Put),1.0,2026-08-17 14:35:00,1.15882,2026-08-17 15:50:00,1.15892,3.63,0.9,0.009,Mean Reversion (Z >= -0.2),15,75,True,Straddle_EURUSD,152
98,Synthetic Short Straddle (5m),EURJPY,Buy (Short Put),1.0,2026-08-17 14:35:00,184.542,2026-08-17 15:45:00,184.659,58.4,6.3,0.063,Mean Reversion (Z >= -0.2),14,70,True,Straddle_EURJPY,153
63,Synthetic Short Straddle (5m),EURGBP,Buy (Short Put),1.0,2026-08-17 14:00:00,0.85482,2026-08-17 14:50:00,0.85502,18.4,2.3,0.023,Mean Reversion (Z >= -0.2),10,50,True,Straddle_EURGBP,154
47,Synthetic Short Straddle (5m),EURCHF,Buy (Short Put),1.0,2026-08-17 13:05:00,0.93853,2026-08-17 15:20:00,0.93816,-44.42,-3.9,-0.039,Mean Reversion (Z >= -0.2),27,135,False,Straddle_EURCHF,155
60,Synthetic Short Straddle (5m),EURUSD,Sell (Short Call),1.0,2026-08-17 12:55:00,1.15975,2026-08-17 13:40:00,1.15906,54.5,5.9,0.059,Mean Reversion (Z <= 0.2),9,45,True,Straddle_EURUSD,156
62,Synthetic Short Straddle (5m),EURGBP,Sell (Short Call),1.0,2026-08-17 12:50:00,0.8553,2026-08-17 13:10:00,0.85504,25.4,3.0,0.03,Mean Reversion (Z <= 0.2),4,20,True,Straddle_EURGBP,157
97,Synthetic Short Straddle (5m),EURJPY,Sell (Short Call),1.0,2026-08-17 12:40:00,184.658,2026-08-17 14:00:00,184.658,-5.0,0.0,0.0,Mean Reversion (Z <= 0.2),16,80,False,Straddle_EURJPY,158
96,Synthetic Short Straddle (5m),EURJPY,Buy (Short Put),1.0,2026-08-17 10:35:00,184.492,2026-08-17 11:25:00,184.563,33.48,3.8,0.038,Mean Reversion (Z >= -0.2),10,50,True,Straddle_EURJPY,159
61,Synthetic Short Straddle (5m),EURGBP,Buy (Short Put),1.0,2026-08-17 09:40:00,0.85537,2026-08-17 11:50:00,0.8551,-36.57,-3.2,-0.032,Mean Reversion (Z >= -0.2),26,130,False,Straddle_EURGBP,160
46,Synthetic Short Straddle (5m),EURCHF,Buy (Short Put),1.0,2026-08-17 07:25:00,0.93856,2026-08-17 09:10:00,0.93853,-8.2,-0.3,-0.003,Mean Reversion (Z >= -0.2),21,105,False,Straddle_EURCHF,161
95,Synthetic Short Straddle (5m),EURJPY,Sell (Short Call),1.0,2026-08-17 07:20:00,184.367,2026-08-17 10:05:00,184.558,-108.6,-10.4,-0.104,Mean Reversion (Z <= 0.2),33,165,False,Straddle_EURJPY,162
45,Synthetic Short Straddle (5m),EURCHF,Buy (Short Put),1.0,2026-08-17 07:05:00,0.93988,2026-08-17 07:25:00,0.93856,-145.44,-14.0,-0.14,SL (Z <= -3.8),4,20,False,Straddle_EURCHF,163
60,Synthetic Short Straddle (5m),EURGBP,Sell (Short Call),1.0,2026-08-17 07:05:00,0.85536,2026-08-17 09:05:00,0.85564,-37.73,-3.3,-0.033,Mean Reversion (Z <= 0.2),24,120,False,Straddle_EURGBP,164
59,Synthetic Short Straddle (5m),EURUSD,Sell (Short Call),1.0,2026-08-17 07:05:00,1.15967,2026-08-17 08:50:00,1.15963,-1.55,0.3,0.003,Mean Reversion (Z <= 0.2),21,105,False,Straddle_EURUSD,165
42,Asian Night Scalper (5m),NZDCAD,Sell (Short),1.0,2026-08-17 06:45:00,0.8206,2026-08-17 07:00:00,0.82066,-12.31,-0.7,-0.007,Time Cutoff (UTC 07:00),3,15,False,Scalper_NZDCAD,166
37,Asian Night Scalper (5m),EURGBP,Sell (Short),1.0,2026-08-17 06:35:00,0.8552,2026-08-17 07:00:00,0.85524,-9.68,-0.5,-0.005,Time Cutoff (UTC 07:00),5,25,False,Scalper_EURGBP,167
33,Asian Night Scalper (5m),AUDCAD,Sell (Short),1.0,2026-08-17 03:55:00,0.98446,2026-08-17 07:00:00,0.98696,-258.95,-25.4,-0.254,Time Cutoff (UTC 07:00),37,185,False,Scalper_AUDCAD,168
32,Asian Night Scalper (5m),AUDCAD,Sell (Short),1.0,2026-08-17 01:45:00,0.98412,2026-08-17 02:20:00,0.98363,45.0,5.0,0.05,TP (+5 pips),7,35,True,Scalper_AUDCAD,169
41,Asian Night Scalper (5m),NZDCAD,Sell (Short),1.0,2026-08-17 00:10:00,0.81789,2026-08-17 02:00:00,0.81901,-141.94,-13.7,-0.137,TP (BB Midline),22,110,False,Scalper_NZDCAD,170
40,Asian Night Scalper (5m),AUDNZD,Buy (Long),1.0,2026-08-17 00:00:00,1.20244,2026-08-17 01:40:00,1.20128,-101.47,-9.6,-0.096,TP (BB Midline),20,100,False,Scalper_AUDNZD,171
36,Asian Night Scalper (5m),EURGBP,Buy (Long),1.0,2026-08-16 23:45:00,0.85448,2026-08-17 01:10:00,0.85441,-13.19,-0.8,-0.008,TP (BB Midline),17,85,False,Scalper_EURGBP,172
39,Asian Night Scalper (5m),AUDNZD,Buy (Long),1.0,2026-08-16 21:05:00,1.20219,2026-08-16 21:10:00,1.20279,45.0,5.0,0.05,TP (+5 pips),1,5,True,Scalper_AUDNZD,173
40,Asian Night Scalper (5m),NZDCAD,Sell (Short),1.0,2026-08-16 21:00:00,0.81742,2026-08-16 21:25:00,0.81716,26.81,3.2,0.032,TP (BB Midline),5,25,True,Scalper_NZDCAD,174
35,Asian Night Scalper (5m),EURGBP,Buy (Long),1.0,2026-08-16 21:00:00,0.8542,2026-08-16 21:50:00,0.85458,39.49,4.4,0.044,TP (BB Midline),10,50,True,Scalper_EURGBP,175
58,Synthetic Short Straddle (5m),EURUSD,Sell (Short Call),1.0,2026-08-14 20:55:00,1.15704,2026-08-16 21:00:00,1.1564,50.31,5.5,0.055,Mean Reversion (Z <= 0.2),1,5,True,Straddle_EURUSD,176
94,Synthetic Short Straddle (5m),EURJPY,Buy (Short Put),1.0,2026-08-14 20:45:00,184.3,2026-08-14 20:55:00,184.345,19.42,2.4,0.024,Mean Reversion (Z >= -0.2),2,10,True,Straddle_EURJPY,177
59,Synthetic Short Straddle (5m),EURGBP,Sell (Short Call),1.0,2026-08-14 20:00:00,0.85475,2026-08-16 21:00:00,0.8542,59.35,6.4,0.064,Mean Reversion (Z <= 0.2),12,60,True,Straddle_EURGBP,178
44,Synthetic Short Straddle (5m),EURCHF,Sell (Short Call),1.0,2026-08-14 19:30:00,0.94078,2026-08-16 21:00:00,0.93989,89.6,9.5,0.095,Mean Reversion (Z <= 0.2),18,90,True,Straddle_EURCHF,179
57,Synthetic Short Straddle (5m),EURUSD,Buy (Short Put),1.0,2026-08-14 16:25:00,1.15756,2026-08-14 19:05:00,1.15674,-75.84,-7.1,-0.071,Mean Reversion (Z >= -0.2),32,160,False,Straddle_EURUSD,180
58,Synthetic Short Straddle (5m),EURGBP,Sell (Short Call),1.0,2026-08-14 14:40:00,0.85468,2026-08-14 15:50:00,0.85444,23.08,2.8,0.028,Mean Reversion (Z <= 0.2),14,70,True,Straddle_EURGBP,181
43,Synthetic Short Straddle (5m),EURCHF,Sell (Short Call),1.0,2026-08-14 14:10:00,0.93956,2026-08-14 18:20:00,0.9403,-83.76,-7.9,-0.079,Mean Reversion (Z <= 0.2),50,250,False,Straddle_EURCHF,182
56,Synthetic Short Straddle (5m),EURUSD,Sell (Short Call),1.0,2026-08-14 13:35:00,1.15814,2026-08-14 15:20:00,1.15774,29.54,3.5,0.035,Mean Reversion (Z <= 0.2),21,105,True,Straddle_EURUSD,183
93,Synthetic Short Straddle (5m),EURJPY,Buy (Short Put),1.0,2026-08-14 12:25:00,183.756,2026-08-14 13:05:00,183.898,72.28,7.7,0.077,Mean Reversion (Z >= -0.2),8,40,True,Straddle_EURJPY,184
57,Synthetic Short Straddle (5m),EURGBP,Sell (Short Call),1.0,2026-08-14 11:50:00,0.85456,2026-08-14 12:20:00,0.85429,26.6,3.2,0.032,Mean Reversion (Z <= 0.2),6,30,True,Straddle_EURGBP,185
42,Synthetic Short Straddle (5m),EURCHF,Buy (Short Put),1.0,2026-08-14 11:40:00,0.93914,2026-08-14 13:10:00,0.93926,7.78,1.3,0.013,Mean Reversion (Z >= -0.2),18,90,True,Straddle_EURCHF,186
55,Synthetic Short Straddle (5m),EURUSD,Sell (Short Call),1.0,2026-08-14 11:00:00,1.15572,2026-08-14 13:00:00,1.15638,-62.11,-5.7,-0.057,Mean Reversion (Z <= 0.2),24,120,False,Straddle_EURUSD,187
92,Synthetic Short Straddle (5m),EURJPY,Sell (Short Call),1.0,2026-08-14 11:00:00,183.958,2026-08-14 12:05:00,183.932,9.13,1.4,0.014,Mean Reversion (Z <= 0.2),13,65,True,Straddle_EURJPY,188
56,Synthetic Short Straddle (5m),EURGBP,Buy (Short Put),1.0,2026-08-14 08:25:00,0.85436,2026-08-14 11:15:00,0.85433,-8.51,-0.4,-0.004,Mean Reversion (Z >= -0.2),34,170,False,Straddle_EURGBP,189
55,Synthetic Short Straddle (5m),EURGBP,Buy (Short Put),1.0,2026-08-14 08:05:00,0.8547,2026-08-14 08:25:00,0.85436,-44.78,-4.0,-0.04,SL (Z <= -3.8),4,20,False,Straddle_EURGBP,190
54,Synthetic Short Straddle (5m),EURGBP,Sell (Short Call),1.0,2026-08-14 07:25:00,0.855,2026-08-14 07:45:00,0.85482,16.05,2.1,0.021,Mean Reversion (Z <= 0.2),4,20,True,Straddle_EURGBP,191
41,Synthetic Short Straddle (5m),EURCHF,Sell (Short Call),1.0,2026-08-14 07:15:00,0.93954,2026-08-14 09:00:00,0.93972,-24.16,-1.9,-0.019,Mean Reversion (Z <= 0.2),21,105,False,Straddle_EURCHF,192
54,Synthetic Short Straddle (5m),EURUSD,Sell (Short Call),1.0,2026-08-14 07:00:00,1.1545,2026-08-14 09:30:00,1.1552,-65.63,-6.1,-0.061,Mean Reversion (Z <= 0.2),30,150,False,Straddle_EURUSD,193
39,Asian Night Scalper (5m),NZDCAD,Buy (Long),1.0,2026-08-14 06:20:00,0.81601,2026-08-14 07:00:00,0.81578,-33.19,-2.8,-0.028,Time Cutoff (UTC 07:00),8,40,False,Scalper_NZDCAD,194
38,Asian Night Scalper (5m),NZDCAD,Sell (Short),1.0,2026-08-14 03:40:00,0.81686,2026-08-14 04:40:00,0.81652,36.62,4.2,0.042,TP (BB Midline),12,60,True,Scalper_NZDCAD,195
34,Asian Night Scalper (5m),EURGBP,Sell (Short),1.0,2026-08-14 01:55:00,0.85506,2026-08-14 03:05:00,0.85496,6.7,1.2,0.012,TP (BB Midline),14,70,True,Scalper_EURGBP,196
31,Asian Night Scalper (5m),AUDCAD,Buy (Long),1.0,2026-08-14 00:35:00,0.9832,2026-08-14 03:20:00,0.98285,-40.6,-3.6,-0.036,TP (BB Midline),33,165,False,Scalper_AUDCAD,197
37,Asian Night Scalper (5m),NZDCAD,Sell (Short),1.0,2026-08-14 00:05:00,0.81562,2026-08-14 01:55:00,0.8156,-2.55,0.2,0.002,TP (BB Midline),22,110,False,Scalper_NZDCAD,198
38,Asian Night Scalper (5m),AUDNZD,Buy (Long),1.0,2026-08-14 00:05:00,1.20608,2026-08-14 04:20:00,1.20378,-195.7,-19.1,-0.191,TP (BB Midline),51,255,False,Scalper_AUDNZD,199
33,Asian Night Scalper (5m),EURGBP,Buy (Long),1.0,2026-08-13 21:40:00,0.85462,2026-08-13 22:00:00,0.855,39.46,4.4,0.044,TP (BB Midline),4,20,True,Scalper_EURGBP,200
37,Asian Night Scalper (5m),AUDNZD,Sell (Short),1.0,2026-08-13 21:00:00,1.20688,2026-08-13 21:15:00,1.20658,19.86,2.5,0.025,TP (BB Midline),3,15,True,Scalper_AUDNZD,201
53,Synthetic Short Straddle (5m),EURGBP,Buy (Short Put),1.0,2026-08-13 19:35:00,0.85491,2026-08-13 21:00:00,0.85485,-12.02,-0.7,-0.007,Time Cutoff (UTC 21:00),17,85,False,Straddle_EURGBP,202
52,Synthetic Short Straddle (5m),EURGBP,Sell (Short Call),1.0,2026-08-13 16:30:00,0.85488,2026-08-13 18:25:00,0.85494,-12.02,-0.7,-0.007,Mean Reversion (Z <= 0.2),23,115,False,Straddle_EURGBP,203
53,Synthetic Short Straddle (5m),EURUSD,Buy (Short Put),1.0,2026-08-13 16:15:00,1.15249,2026-08-13 17:00:00,1.15307,45.0,5.0,0.05,TP (+5 pips),9,45,True,Straddle_EURUSD,204
40,Synthetic Short Straddle (5m),EURCHF,Sell (Short Call),1.0,2026-08-13 16:05:00,0.93762,2026-08-13 20:50:00,0.93863,-112.72,-10.8,-0.108,Mean Reversion (Z <= 0.2),57,285,False,Straddle_EURCHF,205
51,Synthetic Short Straddle (5m),EURGBP,Sell (Short Call),1.0,2026-08-13 14:45:00,0.85482,2026-08-13 14:50:00,0.85444,39.45,4.4,0.044,Mean Reversion (Z <= 0.2),1,5,True,Straddle_EURGBP,206
52,Synthetic Short Straddle (5m),EURUSD,Sell (Short Call),1.0,2026-08-13 14:15:00,1.15454,2026-08-13 14:25:00,1.15396,45.0,5.0,0.05,TP (+5 pips),2,10,True,Straddle_EURUSD,207
91,Synthetic Short Straddle (5m),EURJPY,Buy (Short Put),1.0,2026-08-13 14:05:00,183.658,2026-08-13 14:45:00,183.691,12.97,1.8,0.018,Mean Reversion (Z >= -0.2),8,40,True,Straddle_EURJPY,208
51,Synthetic Short Straddle (5m),EURUSD,Sell (Short Call),1.0,2026-08-13 12:55:00,1.15439,2026-08-13 13:10:00,1.15381,45.0,5.0,0.05,TP (+5 pips),3,15,True,Straddle_EURUSD,209
50,Synthetic Short Straddle (5m),EURGBP,Buy (Short Put),1.0,2026-08-13 12:40:00,0.85442,2026-08-13 14:10:00,0.85456,11.39,1.6,0.016,Mean Reversion (Z >= -0.2),18,90,True,Straddle_EURGBP,210
90,Synthetic Short Straddle (5m),EURJPY,Buy (Short Put),1.0,2026-08-13 12:30:00,183.682,2026-08-13 12:55:00,183.77384,45.0,5.0,0.05,TP (+5 pips),5,25,True,Straddle_EURJPY,211
50,Synthetic Short Straddle (5m),EURUSD,Buy (Short Put),1.0,2026-08-13 12:15:00,1.15308,2026-08-13 12:45:00,1.15375,53.11,5.8,0.058,Mean Reversion (Z >= -0.2),6,30,True,Straddle_EURUSD,212
39,Synthetic Short Straddle (5m),EURCHF,Sell (Short Call),1.0,2026-08-13 12:10:00,0.93752,2026-08-13 12:30:00,0.93705,45.0,5.0,0.05,TP (+5 pips),4,20,True,Straddle_EURCHF,213
49,Synthetic Short Straddle (5m),EURGBP,Buy (Short Put),1.0,2026-08-13 10:10:00,0.85469,2026-08-13 10:50:00,0.85504,35.95,4.1,0.041,Mean Reversion (Z >= -0.2),8,40,True,Straddle_EURGBP,214
49,Synthetic Short Straddle (5m),EURUSD,Sell (Short Call),1.0,2026-08-13 09:55:00,1.15344,2026-08-13 11:50:00,1.15348,-8.47,-0.3,-0.003,Mean Reversion (Z <= 0.2),23,115,False,Straddle_EURUSD,215
38,Synthetic Short Straddle (5m),EURCHF,Buy (Short Put),1.0,2026-08-13 07:40:00,0.93722,2026-08-13 09:55:00,0.9368,-49.81,-4.5,-0.045,Mean Reversion (Z >= -0.2),27,135,False,Straddle_EURCHF,216
48,Synthetic Short Straddle (5m),EURGBP,Sell (Short Call),1.0,2026-08-13 07:05:00,0.85459,2026-08-13 09:55:00,0.85496,-48.3,-4.3,-0.043,Mean Reversion (Z <= 0.2),34,170,False,Straddle_EURGBP,217
36,Asian Night Scalper (5m),NZDCAD,Buy (Long),1.0,2026-08-13 06:30:00,0.81259,2026-08-13 06:40:00,0.813,45.0,5.0,0.05,TP (+5 pips),2,10,True,Scalper_NZDCAD,218
32,Asian Night Scalper (5m),EURGBP,Sell (Short),1.0,2026-08-13 06:30:00,0.85434,2026-08-13 07:00:00,0.85438,-9.68,-0.5,-0.005,Time Cutoff (UTC 07:00),6,30,False,Scalper_EURGBP,219
31,Asian Night Scalper (5m),EURGBP,Buy (Long),1.0,2026-08-13 06:15:00,0.85388,2026-08-13 06:25:00,0.85405,14.91,2.0,0.02,TP (BB Midline),2,10,True,Scalper_EURGBP,220
36,Asian Night Scalper (5m),AUDNZD,Buy (Long),1.0,2026-08-13 05:30:00,1.2081,2026-08-13 05:45:00,1.2087,45.0,5.0,0.05,TP (+5 pips),3,15,True,Scalper_AUDNZD,221
35,Asian Night Scalper (5m),AUDNZD,Sell (Short),1.0,2026-08-13 02:50:00,1.20606,2026-08-13 05:00:00,1.20862,-217.26,-21.2,-0.212,TP (BB Midline),26,130,False,Scalper_AUDNZD,222
35,Asian Night Scalper (5m),NZDCAD,Buy (Long),1.0,2026-08-13 02:10:00,0.81611,2026-08-13 04:00:00,0.81325,-355.0,-35.0,-0.35,SL (-35 pips),22,110,False,Scalper_NZDCAD,223
30,Asian Night Scalper (5m),EURGBP,Sell (Short),1.0,2026-08-13 01:40:00,0.85424,2026-08-13 02:30:00,0.85418,2.02,0.7,0.007,TP (BB Midline),10,50,True,Scalper_EURGBP,224
34,Asian Night Scalper (5m),AUDNZD,Sell (Short),1.0,2026-08-13 00:05:00,1.20604,2026-08-13 00:20:00,1.20544,45.0,5.0,0.05,TP (+5 pips),3,15,True,Scalper_AUDNZD,225
30,Asian Night Scalper (5m),AUDCAD,Sell (Short),1.0,2026-08-13 00:00:00,0.98483,2026-08-13 00:25:00,0.98445,33.59,3.9,0.039,TP (BB Midline),5,25,True,Scalper_AUDCAD,226
29,Asian Night Scalper (5m),AUDCAD,Buy (Long),1.0,2026-08-12 21:15:00,0.98421,2026-08-12 22:10:00,0.98438,12.27,1.7,0.017,TP (BB Midline),11,55,True,Scalper_AUDCAD,227
29,Asian Night Scalper (5m),EURGBP,Buy (Long),1.0,2026-08-12 21:10:00,0.85384,2026-08-12 22:00:00,0.8542,37.16,4.2,0.042,TP (BB Midline),10,50,True,Scalper_EURGBP,228
34,Asian Night Scalper (5m),NZDCAD,Sell (Short),1.0,2026-08-12 21:00:00,0.81712,2026-08-12 21:10:00,0.81671,45.0,5.0,0.05,TP (+5 pips),2,10,True,Scalper_NZDCAD,229
33,Asian Night Scalper (5m),AUDNZD,Buy (Long),1.0,2026-08-12 21:00:00,1.20486,2026-08-12 21:10:00,1.20546,45.0,5.0,0.05,TP (+5 pips),2,10,True,Scalper_AUDNZD,230
48,Synthetic Short Straddle (5m),EURUSD,Sell (Short Call),1.0,2026-08-12 20:45:00,1.15258,2026-08-12 21:00:00,1.15274,-18.88,-1.4,-0.014,Time Cutoff (UTC 21:00),3,15,False,Straddle_EURUSD,231
89,Synthetic Short Straddle (5m),EURJPY,Buy (Short Put),1.0,2026-08-12 20:35:00,183.73,2026-08-12 21:00:00,183.761,11.87,1.7,0.017,Mean Reversion (Z >= -0.2),5,25,True,Straddle_EURJPY,232
88,Synthetic Short Straddle (5m),EURJPY,Sell (Short Call),1.0,2026-08-12 17:30:00,183.812,2026-08-12 18:30:00,183.769,18.39,2.3,0.023,Mean Reversion (Z <= 0.2),12,60,True,Straddle_EURJPY,233
37,Synthetic Short Straddle (5m),EURCHF,Sell (Short Call),1.0,2026-08-12 16:35:00,0.93716,2026-08-12 20:55:00,0.93765,-57.29,-5.2,-0.052,Mean Reversion (Z <= 0.2),52,260,False,Straddle_EURCHF,234
47,Synthetic Short Straddle (5m),EURUSD,Buy (Short Put),1.0,2026-08-12 15:00:00,1.1539,2026-08-12 20:05:00,1.15228,-145.39,-14.0,-0.14,Mean Reversion (Z >= -0.2),61,305,False,Straddle_EURUSD,235
87,Synthetic Short Straddle (5m),EURJPY,Sell (Short Call),1.0,2026-08-12 13:55:00,183.706,2026-08-12 15:45:00,183.736,-21.33,-1.6,-0.016,Mean Reversion (Z <= 0.2),22,110,False,Straddle_EURJPY,236
36,Synthetic Short Straddle (5m),EURCHF,Sell (Short Call),1.0,2026-08-12 13:45:00,0.93711,2026-08-12 14:05:00,0.93664,45.0,5.0,0.05,TP (+5 pips),4,20,True,Straddle_EURCHF,237
46,Synthetic Short Straddle (5m),EURUSD,Sell (Short Call),1.0,2026-08-12 12:30:00,1.1549,2026-08-12 13:40:00,1.15468,14.05,1.9,0.019,Mean Reversion (Z <= 0.2),14,70,True,Straddle_EURUSD,238
47,Synthetic Short Straddle (5m),EURGBP,Sell (Short Call),1.0,2026-08-12 12:20:00,0.85372,2026-08-12 15:40:00,0.85428,-70.6,-6.6,-0.066,Mean Reversion (Z <= 0.2),40,200,False,Straddle_EURGBP,239
45,Synthetic Short Straddle (5m),EURUSD,Sell (Short Call),1.0,2026-08-12 11:50:00,1.15446,2026-08-12 12:30:00,1.15388,45.0,5.0,0.05,TP (+5 pips),8,40,True,Straddle_EURUSD,240
35,Synthetic Short Straddle (5m),EURCHF,Buy (Short Put),1.0,2026-08-12 11:30:00,0.93674,2026-08-12 13:35:00,0.93663,-16.74,-1.2,-0.012,Mean Reversion (Z >= -0.2),25,125,False,Straddle_EURCHF,241
86,Synthetic Short Straddle (5m),EURJPY,Buy (Short Put),1.0,2026-08-12 09:35:00,183.584,2026-08-12 10:00:00,183.67579,45.0,5.0,0.05,TP (+5 pips),5,25,True,Straddle_EURJPY,242
85,Synthetic Short Straddle (5m),EURJPY,Buy (Short Put),1.0,2026-08-12 09:25:00,183.569,2026-08-12 09:30:00,183.66078,45.0,5.0,0.05,TP (+5 pips),1,5,True,Straddle_EURJPY,243
44,Synthetic Short Straddle (5m),EURUSD,Sell (Short Call),1.0,2026-08-12 09:20:00,1.15471,2026-08-12 09:35:00,1.15413,45.0,5.0,0.05,TP (+5 pips),3,15,True,Straddle_EURUSD,244
84,Synthetic Short Straddle (5m),EURJPY,Buy (Short Put),1.0,2026-08-12 09:20:00,183.452,2026-08-12 09:25:00,183.54373,45.0,5.0,0.05,TP (+5 pips),1,5,True,Straddle_EURJPY,245
83,Synthetic Short Straddle (5m),EURJPY,Buy (Short Put),1.0,2026-08-12 09:15:00,183.769,2026-08-12 09:20:00,183.452,-177.5,-17.2,-0.172,SL (Z <= -3.8),1,5,False,Straddle_EURJPY,246
43,Synthetic Short Straddle (5m),EURUSD,Sell (Short Call),1.0,2026-08-12 09:10:00,1.15412,2026-08-12 09:20:00,1.15471,-56.12,-5.1,-0.051,SL (Z >= 3.8),2,10,False,Straddle_EURUSD,247
46,Synthetic Short Straddle (5m),EURGBP,Buy (Short Put),1.0,2026-08-12 08:55:00,0.85394,2026-08-12 11:20:00,0.85352,-54.18,-4.9,-0.049,Mean Reversion (Z >= -0.2),29,145,False,Straddle_EURGBP,248
34,Synthetic Short Straddle (5m),EURCHF,Sell (Short Call),1.0,2026-08-12 07:30:00,0.93726,2026-08-12 09:20:00,0.93695,28.08,3.3,0.033,Mean Reversion (Z <= 0.2),22,110,True,Straddle_EURCHF,249
82,Synthetic Short Straddle (5m),EURJPY,Sell (Short Call),1.0,2026-08-12 07:10:00,183.911,2026-08-12 07:30:00,183.859,23.27,2.8,0.028,Mean Reversion (Z <= 0.2),4,20,True,Straddle_EURJPY,250
42,Synthetic Short Straddle (5m),EURUSD,Sell (Short Call),1.0,2026-08-12 07:05:00,1.15386,2026-08-12 08:00:00,1.15348,27.93,3.3,0.033,Mean Reversion (Z <= 0.2),11,55,True,Straddle_EURUSD,251
28,Asian Night Scalper (5m),AUDCAD,Sell (Short),1.0,2026-08-12 05:45:00,0.98314,2026-08-12 06:25:00,0.98308,1.1,0.6,0.006,TP (BB Midline),8,40,True,Scalper_AUDCAD,252
33,Asian Night Scalper (5m),NZDCAD,Buy (Long),1.0,2026-08-12 03:40:00,0.81714,2026-08-12 04:25:00,0.81736,21.92,2.7,0.027,TP (BB Midline),9,45,True,Scalper_NZDCAD,253
27,Asian Night Scalper (5m),AUDCAD,Buy (Long),1.0,2026-08-12 01:50:00,0.98314,2026-08-12 03:25:00,0.98302,-17.21,-1.2,-0.012,TP (BB Midline),19,95,False,Scalper_AUDCAD,254
28,Asian Night Scalper (5m),EURGBP,Buy (Long),1.0,2026-08-12 01:45:00,0.85428,2026-08-12 02:05:00,0.85438,6.71,1.2,0.012,TP (BB Midline),4,20,True,Scalper_EURGBP,255
26,Asian Night Scalper (5m),AUDCAD,Sell (Short),1.0,2026-08-12 00:30:00,0.98384,2026-08-12 00:50:00,0.98348,31.59,3.7,0.037,TP (BB Midline),4,20,True,Scalper_AUDCAD,256
32,Asian Night Scalper (5m),NZDCAD,Buy (Long),1.0,2026-08-12 00:25:00,0.8181,2026-08-12 01:10:00,0.81839,30.45,3.5,0.035,TP (BB Midline),9,45,True,Scalper_NZDCAD,257
32,Asian Night Scalper (5m),AUDNZD,Sell (Short),1.0,2026-08-12 00:25:00,1.20239,2026-08-12 01:25:00,1.20204,24.11,2.9,0.029,TP (BB Midline),12,60,True,Scalper_AUDNZD,258
27,Asian Night Scalper (5m),EURGBP,Sell (Short),1.0,2026-08-11 23:40:00,0.85455,2026-08-12 00:30:00,0.8544,12.55,1.8,0.018,TP (BB Midline),10,50,True,Scalper_EURGBP,259
25,Asian Night Scalper (5m),AUDCAD,Sell (Short),1.0,2026-08-11 23:25:00,0.9835,2026-08-11 23:55:00,0.98329,16.35,2.1,0.021,TP (BB Midline),6,30,True,Scalper_AUDCAD,260
31,Asian Night Scalper (5m),NZDCAD,Buy (Long),1.0,2026-08-11 21:15:00,0.81824,2026-08-11 21:20:00,0.81865,45.0,5.0,0.05,TP (+5 pips),1,5,True,Scalper_NZDCAD,261
31,Asian Night Scalper (5m),AUDNZD,Sell (Short),1.0,2026-08-11 21:15:00,1.20142,2026-08-11 21:25:00,1.20082,45.0,5.0,0.05,TP (+5 pips),2,10,True,Scalper_AUDNZD,262
81,Synthetic Short Straddle (5m),EURJPY,Sell (Short Call),1.0,2026-08-11 19:55:00,183.862,2026-08-11 21:00:00,183.83,12.4,1.7,0.017,Mean Reversion (Z <= 0.2),13,65,True,Straddle_EURJPY,263
80,Synthetic Short Straddle (5m),EURJPY,Sell (Short Call),1.0,2026-08-11 19:20:00,183.85,2026-08-11 19:50:00,183.822,10.23,1.5,0.015,Mean Reversion (Z <= 0.2),6,30,True,Straddle_EURJPY,264
45,Synthetic Short Straddle (5m),EURGBP,Sell (Short Call),1.0,2026-08-11 18:30:00,0.85479,2026-08-11 19:25:00,0.85464,12.55,1.8,0.018,Mean Reversion (Z <= 0.2),11,55,True,Straddle_EURGBP,265
33,Synthetic Short Straddle (5m),EURCHF,Sell (Short Call),1.0,2026-08-11 17:10:00,0.93658,2026-08-11 18:30:00,0.93584,74.01,7.9,0.079,Mean Reversion (Z <= 0.2),16,80,True,Straddle_EURCHF,266
41,Synthetic Short Straddle (5m),EURUSD,Buy (Short Put),1.0,2026-08-11 17:05:00,1.1536,2026-08-11 18:30:00,1.15394,24.47,2.9,0.029,Mean Reversion (Z >= -0.2),17,85,True,Straddle_EURUSD,267
32,Synthetic Short Straddle (5m),EURCHF,Sell (Short Call),1.0,2026-08-11 15:10:00,0.93606,2026-08-11 16:25:00,0.93596,5.68,1.1,0.011,Mean Reversion (Z <= 0.2),15,75,True,Straddle_EURCHF,268
40,Synthetic Short Straddle (5m),EURUSD,Buy (Short Put),1.0,2026-08-11 15:10:00,1.15375,2026-08-11 15:50:00,1.1541,25.34,3.0,0.03,Mean Reversion (Z >= -0.2),8,40,True,Straddle_EURUSD,269
44,Synthetic Short Straddle (5m),EURGBP,Buy (Short Put),1.0,2026-08-11 14:15:00,0.85466,2026-08-11 16:25:00,0.85446,-28.4,-2.3,-0.023,Mean Reversion (Z >= -0.2),26,130,False,Straddle_EURGBP,270
39,Synthetic Short Straddle (5m),EURUSD,Sell (Short Call),1.0,2026-08-11 13:45:00,1.15461,2026-08-11 14:00:00,1.15403,45.0,5.0,0.05,TP (+5 pips),3,15,True,Straddle_EURUSD,271
31,Synthetic Short Straddle (5m),EURCHF,Sell (Short Call),1.0,2026-08-11 12:55:00,0.93569,2026-08-11 13:05:00,0.93522,45.23,5.0,0.05,Mean Reversion (Z <= 0.2),2,10,True,Straddle_EURCHF,272
38,Synthetic Short Straddle (5m),EURUSD,Sell (Short Call),1.0,2026-08-11 11:00:00,1.15416,2026-08-11 11:40:00,1.15363,40.92,4.6,0.046,Mean Reversion (Z <= 0.2),8,40,True,Straddle_EURUSD,273
79,Synthetic Short Straddle (5m),EURJPY,Buy (Short Put),1.0,2026-08-11 11:00:00,183.634,2026-08-11 11:55:00,183.721,42.38,4.7,0.047,Mean Reversion (Z >= -0.2),11,55,True,Straddle_EURJPY,274
43,Synthetic Short Straddle (5m),EURGBP,Sell (Short Call),1.0,2026-08-11 10:25:00,0.85454,2026-08-11 13:25:00,0.8549,-47.13,-4.2,-0.042,Mean Reversion (Z <= 0.2),36,180,False,Straddle_EURGBP,275
30,Synthetic Short Straddle (5m),EURCHF,Buy (Short Put),1.0,2026-08-11 10:15:00,0.93521,2026-08-11 10:55:00,0.93554,30.29,3.5,0.035,Mean Reversion (Z >= -0.2),8,40,True,Straddle_EURCHF,276
42,Synthetic Short Straddle (5m),EURGBP,Sell (Short Call),1.0,2026-08-11 07:20:00,0.8546,2026-08-11 08:15:00,0.85423,38.3,4.3,0.043,Mean Reversion (Z <= 0.2),11,55,True,Straddle_EURGBP,277
78,Synthetic Short Straddle (5m),EURJPY,Sell (Short Call),1.0,2026-08-11 07:05:00,183.813,2026-08-11 07:35:00,183.728,41.24,4.6,0.046,Mean Reversion (Z <= 0.2),6,30,True,Straddle_EURJPY,278
30,Asian Night Scalper (5m),NZDCAD,Buy (Long),1.0,2026-08-11 06:20:00,0.81915,2026-08-11 07:00:00,0.81894,-30.64,-2.6,-0.026,Time Cutoff (UTC 07:00),8,40,False,Scalper_NZDCAD,279
26,Asian Night Scalper (5m),EURGBP,Buy (Long),1.0,2026-08-11 05:35:00,0.85414,2026-08-11 06:30:00,0.8542,2.02,0.7,0.007,TP (BB Midline),11,55,True,Scalper_EURGBP,280
29,Asian Night Scalper (5m),NZDCAD,Sell (Short),1.0,2026-08-11 04:50:00,0.82053,2026-08-11 05:45:00,0.82024,30.34,3.5,0.035,TP (BB Midline),11,55,True,Scalper_NZDCAD,281
24,Asian Night Scalper (5m),AUDCAD,Buy (Long),1.0,2026-08-11 04:35:00,0.98201,2026-08-11 05:45:00,0.98229,23.51,2.9,0.029,TP (BB Midline),14,70,True,Scalper_AUDCAD,282
30,Asian Night Scalper (5m),AUDNZD,Buy (Long),1.0,2026-08-11 04:30:00,1.19787,2026-08-11 05:45:00,1.19753,-33.38,-2.8,-0.028,TP (BB Midline),15,75,False,Scalper_AUDNZD,283
23,Asian Night Scalper (5m),AUDCAD,Buy (Long),1.0,2026-08-11 04:30:00,0.98212,2026-08-11 04:35:00,0.98261,45.0,5.0,0.05,TP (+5 pips),1,5,True,Scalper_AUDCAD,284
22,Asian Night Scalper (5m),AUDCAD,Buy (Long),1.0,2026-08-11 02:55:00,0.98286,2026-08-11 03:25:00,0.98335,45.0,5.0,0.05,TP (+5 pips),6,30,True,Scalper_AUDCAD,285
25,Asian Night Scalper (5m),EURGBP,Buy (Long),1.0,2026-08-11 02:20:00,0.85448,2026-08-11 05:25:00,0.85438,-16.7,-1.2,-0.012,TP (BB Midline),37,185,False,Scalper_EURGBP,286
21,Asian Night Scalper (5m),AUDCAD,Sell (Short),1.0,2026-08-11 01:30:00,0.98368,2026-08-11 02:20:00,0.98319,45.0,5.0,0.05,TP (+5 pips),10,50,True,Scalper_AUDCAD,287
28,Asian Night Scalper (5m),NZDCAD,Sell (Short),1.0,2026-08-10 23:55:00,0.82031,2026-08-11 00:35:00,0.82008,23.04,2.8,0.028,TP (BB Midline),8,40,True,Scalper_NZDCAD,288
20,Asian Night Scalper (5m),AUDCAD,Buy (Long),1.0,2026-08-10 23:55:00,0.98302,2026-08-11 00:25:00,0.98331,24.5,3.0,0.03,TP (BB Midline),6,30,True,Scalper_AUDCAD,289
29,Asian Night Scalper (5m),AUDNZD,Buy (Long),1.0,2026-08-10 23:40:00,1.1991,2026-08-11 00:45:00,1.199,-13.34,-0.8,-0.008,TP (BB Midline),13,65,False,Scalper_AUDNZD,290
27,Asian Night Scalper (5m),NZDCAD,Sell (Short),1.0,2026-08-10 21:20:00,0.82038,2026-08-10 21:30:00,0.81997,45.0,5.0,0.05,TP (+5 pips),2,10,True,Scalper_NZDCAD,291
28,Asian Night Scalper (5m),AUDNZD,Sell (Short),1.0,2026-08-10 21:10:00,1.19991,2026-08-10 21:15:00,1.19931,45.0,5.0,0.05,TP (+5 pips),1,5,True,Scalper_AUDNZD,292
26,Asian Night Scalper (5m),NZDCAD,Sell (Short),1.0,2026-08-10 21:05:00,0.82032,2026-08-10 21:10:00,0.81991,45.0,5.0,0.05,TP (+5 pips),1,5,True,Scalper_NZDCAD,293
24,Asian Night Scalper (5m),EURGBP,Sell (Short),1.0,2026-08-10 21:00:00,0.85466,2026-08-10 21:25:00,0.8545,13.72,1.9,0.019,TP (BB Midline),5,25,True,Scalper_EURGBP,294
37,Synthetic Short Straddle (5m),EURUSD,Buy (Short Put),1.0,2026-08-10 17:15:00,1.15427,2026-08-10 19:40:00,1.15426,-5.87,-0.1,-0.001,Mean Reversion (Z >= -0.2),29,145,False,Straddle_EURUSD,295
77,Synthetic Short Straddle (5m),EURJPY,Sell (Short Call),1.0,2026-08-10 17:05:00,183.743,2026-08-10 21:00:00,183.837,-56.16,-5.1,-0.051,Mean Reversion (Z <= 0.2),47,235,False,Straddle_EURJPY,296
29,Synthetic Short Straddle (5m),EURCHF,Sell (Short Call),1.0,2026-08-10 17:00:00,0.935,2026-08-10 19:40:00,0.93516,-22.11,-1.7,-0.017,Mean Reversion (Z <= 0.2),32,160,False,Straddle_EURCHF,297
76,Synthetic Short Straddle (5m),EURJPY,Buy (Short Put),1.0,2026-08-10 15:35:00,183.509,2026-08-10 16:00:00,183.614,52.22,5.7,0.057,Mean Reversion (Z >= -0.2),5,25,True,Straddle_EURJPY,298
41,Synthetic Short Straddle (5m),EURGBP,Buy (Short Put),1.0,2026-08-10 13:30:00,0.85531,2026-08-10 16:15:00,0.85433,-119.58,-11.5,-0.115,Mean Reversion (Z >= -0.2),33,165,False,Straddle_EURGBP,299
28,Synthetic Short Straddle (5m),EURCHF,Sell (Short Call),1.0,2026-08-10 12:40:00,0.93442,2026-08-10 14:15:00,0.9345,-13.56,-0.9,-0.009,Mean Reversion (Z <= 0.2),19,95,False,Straddle_EURCHF,300
36,Synthetic Short Straddle (5m),EURUSD,Buy (Short Put),1.0,2026-08-10 12:40:00,1.1546,2026-08-10 13:10:00,1.15521,47.83,5.3,0.053,Mean Reversion (Z >= -0.2),6,30,True,Straddle_EURUSD,301
75,Synthetic Short Straddle (5m),EURJPY,Buy (Short Put),1.0,2026-08-10 12:05:00,183.31,2026-08-10 12:40:00,183.40166,45.0,5.0,0.05,TP (+5 pips),7,35,True,Straddle_EURJPY,302
40,Synthetic Short Straddle (5m),EURGBP,Buy (Short Put),1.0,2026-08-10 10:55:00,0.8559,2026-08-10 12:35:00,0.85592,-2.66,0.2,0.002,Mean Reversion (Z >= -0.2),20,100,False,Straddle_EURGBP,303
35,Synthetic Short Straddle (5m),EURUSD,Buy (Short Put),1.0,2026-08-10 10:00:00,1.15552,2026-08-10 12:05:00,1.15546,-10.19,-0.5,-0.005,Mean Reversion (Z >= -0.2),25,125,False,Straddle_EURUSD,304
27,Synthetic Short Straddle (5m),EURCHF,Buy (Short Put),1.0,2026-08-10 07:30:00,0.93377,2026-08-10 08:25:00,0.93392,11.06,1.6,0.016,Mean Reversion (Z >= -0.2),11,55,True,Straddle_EURCHF,305
74,Synthetic Short Straddle (5m),EURJPY,Sell (Short Call),1.0,2026-08-10 07:30:00,183.186,2026-08-10 10:45:00,183.459,-154.03,-14.9,-0.149,Mean Reversion (Z <= 0.2),39,195,False,Straddle_EURJPY,306
39,Synthetic Short Straddle (5m),EURGBP,Sell (Short Call),1.0,2026-08-10 07:25:00,0.85652,2026-08-10 08:30:00,0.85638,11.35,1.6,0.016,Mean Reversion (Z <= 0.2),13,65,True,Straddle_EURGBP,307
34,Synthetic Short Straddle (5m),EURUSD,Sell (Short Call),1.0,2026-08-10 07:20:00,1.15571,2026-08-10 09:00:00,1.15599,-29.23,-2.4,-0.024,Mean Reversion (Z <= 0.2),20,100,False,Straddle_EURUSD,308
23,Asian Night Scalper (5m),EURGBP,Buy (Long),1.0,2026-08-10 06:00:00,0.85618,2026-08-10 06:40:00,0.85636,16.02,2.1,0.021,TP (BB Midline),8,40,True,Scalper_EURGBP,309
27,Asian Night Scalper (5m),AUDNZD,Sell (Short),1.0,2026-08-10 05:50:00,1.2,2026-08-10 07:00:00,1.20013,-15.83,-1.1,-0.011,Time Cutoff (UTC 07:00),14,70,False,Scalper_AUDNZD,310
22,Asian Night Scalper (5m),EURGBP,Buy (Long),1.0,2026-08-10 03:50:00,0.85643,2026-08-10 05:50:00,0.8564,-8.5,-0.4,-0.004,TP (BB Midline),24,120,False,Scalper_EURGBP,311
25,Asian Night Scalper (5m),NZDCAD,Sell (Short),1.0,2026-08-10 03:25:00,0.82154,2026-08-10 04:35:00,0.82147,3.52,0.9,0.009,TP (BB Midline),14,70,True,Scalper_NZDCAD,312
26,Asian Night Scalper (5m),AUDNZD,Buy (Long),1.0,2026-08-10 03:25:00,1.19965,2026-08-10 04:35:00,1.1997,-0.83,0.4,0.004,TP (BB Midline),14,70,False,Scalper_AUDNZD,313
24,Asian Night Scalper (5m),NZDCAD,Buy (Long),1.0,2026-08-10 00:25:00,0.82101,2026-08-10 01:20:00,0.82125,24.23,2.9,0.029,TP (BB Midline),11,55,True,Scalper_NZDCAD,314
19,Asian Night Scalper (5m),AUDCAD,Sell (Short),1.0,2026-08-10 00:00:00,0.9858,2026-08-10 00:30:00,0.98555,20.36,2.5,0.025,TP (BB Midline),6,30,True,Scalper_AUDCAD,315
25,Asian Night Scalper (5m),AUDNZD,Sell (Short),1.0,2026-08-09 23:45:00,1.19989,2026-08-10 00:55:00,1.20006,-19.17,-1.4,-0.014,TP (BB Midline),14,70,False,Scalper_AUDNZD,316
24,Asian Night Scalper (5m),AUDNZD,Sell (Short),1.0,2026-08-09 21:00:00,1.19956,2026-08-09 21:20:00,1.19896,45.0,5.0,0.05,TP (+5 pips),3,15,True,Scalper_AUDNZD,317
73,Synthetic Short Straddle (5m),EURJPY,Sell (Short Call),1.0,2026-08-07 20:20:00,182.34,2026-08-09 21:00:00,182.428,-53.26,-4.8,-0.048,Time Cutoff (UTC 21:00),8,40,False,Straddle_EURJPY,318
38,Synthetic Short Straddle (5m),EURGBP,Buy (Short Put),1.0,2026-08-07 19:55:00,0.85656,2026-08-07 20:30:00,0.85672,13.68,1.9,0.019,Mean Reversion (Z >= -0.2),7,35,True,Straddle_EURGBP,319
33,Synthetic Short Straddle (5m),EURUSD,Sell (Short Call),1.0,2026-08-07 18:45:00,1.15661,2026-08-07 19:50:00,1.15636,16.61,2.2,0.022,Mean Reversion (Z <= 0.2),13,65,True,Straddle_EURUSD,320
37,Synthetic Short Straddle (5m),EURGBP,Sell (Short Call),1.0,2026-08-07 18:10:00,0.85678,2026-08-07 19:55:00,0.85656,20.68,2.6,0.026,Mean Reversion (Z <= 0.2),21,105,True,Straddle_EURGBP,321
72,Synthetic Short Straddle (5m),EURJPY,Sell (Short Call),1.0,2026-08-07 18:10:00,182.199,2026-08-07 19:45:00,182.156,18.6,2.4,0.024,Mean Reversion (Z <= 0.2),19,95,True,Straddle_EURJPY,322
71,Synthetic Short Straddle (5m),EURJPY,Buy (Short Put),1.0,2026-08-07 16:00:00,182.03,2026-08-07 16:05:00,182.12101,45.0,5.0,0.05,TP (+5 pips),1,5,True,Straddle_EURJPY,323
70,Synthetic Short Straddle (5m),EURJPY,Buy (Short Put),1.0,2026-08-07 15:50:00,182.038,2026-08-07 15:55:00,182.12902,45.0,5.0,0.05,TP (+5 pips),1,5,True,Straddle_EURJPY,324
26,Synthetic Short Straddle (5m),EURCHF,Buy (Short Put),1.0,2026-08-07 12:40:00,0.93342,2026-08-07 12:55:00,0.93389,45.0,5.0,0.05,TP (+5 pips),3,15,True,Straddle_EURCHF,325
32,Synthetic Short Straddle (5m),EURUSD,Sell (Short Call),1.0,2026-08-07 12:35:00,1.15734,2026-08-07 13:00:00,1.15676,45.0,5.0,0.05,TP (+5 pips),5,25,True,Straddle_EURUSD,326
69,Synthetic Short Straddle (5m),EURJPY,Buy (Short Put),1.0,2026-08-07 12:35:00,181.804,2026-08-07 12:40:00,181.8949,45.0,5.0,0.05,TP (+5 pips),1,5,True,Straddle_EURJPY,327
31,Synthetic Short Straddle (5m),EURUSD,Sell (Short Call),1.0,2026-08-07 12:30:00,1.15722,2026-08-07 12:35:00,1.15664,45.0,5.0,0.05,TP (+5 pips),1,5,True,Straddle_EURUSD,328
68,Synthetic Short Straddle (5m),EURJPY,Buy (Short Put),1.0,2026-08-07 12:30:00,181.492,2026-08-07 12:35:00,181.58275,45.0,5.0,0.05,TP (+5 pips),1,5,True,Straddle_EURJPY,329
36,Synthetic Short Straddle (5m),EURGBP,Buy (Short Put),1.0,2026-08-07 12:20:00,0.85738,2026-08-07 15:05:00,0.85678,-74.98,-7.0,-0.07,Mean Reversion (Z >= -0.2),33,165,False,Straddle_EURGBP,330
25,Synthetic Short Straddle (5m),EURCHF,Sell (Short Call),1.0,2026-08-07 12:05:00,0.93466,2026-08-07 12:30:00,0.93373,94.5,10.0,0.1,Mean Reversion (Z <= 0.2),5,25,True,Straddle_EURCHF,331
30,Synthetic Short Straddle (5m),EURUSD,Sell (Short Call),1.0,2026-08-07 11:40:00,1.1532,2026-08-07 12:25:00,1.15279,30.55,3.6,0.036,Mean Reversion (Z <= 0.2),9,45,True,Straddle_EURUSD,332
67,Synthetic Short Straddle (5m),EURJPY,Buy (Short Put),1.0,2026-08-07 10:40:00,182.466,2026-08-07 11:15:00,182.548,39.94,4.5,0.045,Mean Reversion (Z >= -0.2),7,35,True,Straddle_EURJPY,333
66,Synthetic Short Straddle (5m),EURJPY,Sell (Short Call),1.0,2026-08-07 10:20:00,182.62,2026-08-07 10:35:00,182.52,49.76,5.5,0.055,Mean Reversion (Z <= 0.2),3,15,True,Straddle_EURJPY,334
29,Synthetic Short Straddle (5m),EURUSD,Sell (Short Call),1.0,2026-08-07 09:10:00,1.15287,2026-08-07 10:40:00,1.15259,19.29,2.4,0.024,Mean Reversion (Z <= 0.2),18,90,True,Straddle_EURUSD,335
24,Synthetic Short Straddle (5m),EURCHF,Buy (Short Put),1.0,2026-08-07 08:30:00,0.93462,2026-08-07 11:15:00,0.93434,-34.96,-3.0,-0.03,Mean Reversion (Z >= -0.2),33,165,False,Straddle_EURCHF,336
28,Synthetic Short Straddle (5m),EURUSD,Buy (Short Put),1.0,2026-08-07 08:10:00,1.15187,2026-08-07 08:30:00,1.15216,20.18,2.5,0.025,Mean Reversion (Z >= -0.2),4,20,True,Straddle_EURUSD,337
65,Synthetic Short Straddle (5m),EURJPY,Sell (Short Call),1.0,2026-08-07 07:50:00,182.578,2026-08-07 08:50:00,182.502,36.63,4.2,0.042,Mean Reversion (Z <= 0.2),12,60,True,Straddle_EURJPY,338
35,Synthetic Short Straddle (5m),EURGBP,Sell (Short Call),1.0,2026-08-07 07:20:00,0.85674,2026-08-07 11:10:00,0.85764,-110.05,-10.5,-0.105,Mean Reversion (Z <= 0.2),46,230,False,Straddle_EURGBP,339
27,Synthetic Short Straddle (5m),EURUSD,Buy (Short Put),1.0,2026-08-07 07:00:00,1.15196,2026-08-07 07:15:00,1.15228,22.78,2.8,0.028,Mean Reversion (Z >= -0.2),3,15,True,Straddle_EURUSD,340
23,Asian Night Scalper (5m),AUDNZD,Sell (Short),1.0,2026-08-07 06:50:00,1.19906,2026-08-07 07:00:00,1.19894,5.01,1.0,0.01,Time Cutoff (UTC 07:00),2,10,True,Scalper_AUDNZD,341
23,Asian Night Scalper (5m),NZDCAD,Sell (Short),1.0,2026-08-07 06:00:00,0.82252,2026-08-07 06:45:00,0.82244,4.73,1.0,0.01,TP (BB Midline),9,45,True,Scalper_NZDCAD,342
21,Asian Night Scalper (5m),EURGBP,Buy (Long),1.0,2026-08-07 06:00:00,0.85642,2026-08-07 06:30:00,0.85652,6.68,1.2,0.012,TP (BB Midline),6,30,True,Scalper_EURGBP,343
20,Asian Night Scalper (5m),EURGBP,Sell (Short),1.0,2026-08-07 05:40:00,0.85662,2026-08-07 05:55:00,0.85652,6.67,1.2,0.012,TP (BB Midline),3,15,True,Scalper_EURGBP,344
18,Asian Night Scalper (5m),AUDCAD,Sell (Short),1.0,2026-08-07 04:25:00,0.98514,2026-08-07 07:00:00,0.98612,-104.48,-9.9,-0.099,Time Cutoff (UTC 07:00),31,155,False,Scalper_AUDCAD,345
22,Asian Night Scalper (5m),AUDNZD,Sell (Short),1.0,2026-08-07 04:15:00,1.19828,2026-08-07 06:10:00,1.1984,-15.01,-1.0,-0.01,TP (BB Midline),23,115,False,Scalper_AUDNZD,346
21,Asian Night Scalper (5m),AUDNZD,Buy (Long),1.0,2026-08-07 01:15:00,1.19784,2026-08-07 02:45:00,1.19792,1.68,0.7,0.007,TP (BB Midline),18,90,True,Scalper_AUDNZD,347
22,Asian Night Scalper (5m),NZDCAD,Buy (Long),1.0,2026-08-07 00:20:00,0.82188,2026-08-07 00:50:00,0.82216,29.07,3.4,0.034,TP (BB Midline),6,30,True,Scalper_NZDCAD,348
17,Asian Night Scalper (5m),AUDCAD,Sell (Short),1.0,2026-08-06 23:45:00,0.9856,2026-08-07 00:10:00,0.98512,43.7,4.9,0.049,TP (BB Midline),5,25,True,Scalper_AUDCAD,349
21,Asian Night Scalper (5m),NZDCAD,Buy (Long),1.0,2026-08-06 23:35:00,0.82203,2026-08-07 00:00:00,0.8223,27.85,3.3,0.033,TP (BB Midline),5,25,True,Scalper_NZDCAD,350
20,Asian Night Scalper (5m),AUDNZD,Sell (Short),1.0,2026-08-06 23:35:00,1.19875,2026-08-07 00:15:00,1.19836,27.53,3.3,0.033,TP (BB Midline),8,40,True,Scalper_AUDNZD,351
19,Asian Night Scalper (5m),EURGBP,Sell (Short),1.0,2026-08-06 21:15:00,0.85676,2026-08-06 21:20:00,0.85633,45.0,5.0,0.05,TP (+5 pips),1,5,True,Scalper_EURGBP,352
34,Synthetic Short Straddle (5m),EURGBP,Sell (Short Call),1.0,2026-08-06 20:20:00,0.85658,2026-08-06 21:00:00,0.85652,2.0,0.7,0.007,Time Cutoff (UTC 21:00),8,40,True,Straddle_EURGBP,353
33,Synthetic Short Straddle (5m),EURGBP,Sell (Short Call),1.0,2026-08-06 18:40:00,0.85646,2026-08-06 19:15:00,0.8563,13.68,1.9,0.019,Mean Reversion (Z <= 0.2),7,35,True,Straddle_EURGBP,354
32,Synthetic Short Straddle (5m),EURGBP,Buy (Short Put),1.0,2026-08-06 16:05:00,0.85617,2026-08-06 17:45:00,0.85628,7.85,1.3,0.013,Mean Reversion (Z >= -0.2),20,100,True,Straddle_EURGBP,355
23,Synthetic Short Straddle (5m),EURCHF,Sell (Short Call),1.0,2026-08-06 15:10:00,0.93516,2026-08-06 17:00:00,0.93584,-77.71,-7.3,-0.073,Mean Reversion (Z <= 0.2),22,110,False,Straddle_EURCHF,356
26,Synthetic Short Straddle (5m),EURUSD,Buy (Short Put),1.0,2026-08-06 14:05:00,1.15343,2026-08-06 17:45:00,1.15202,-127.24,-12.2,-0.122,Mean Reversion (Z >= -0.2),44,220,False,Straddle_EURUSD,357
64,Synthetic Short Straddle (5m),EURJPY,Sell (Short Call),1.0,2026-08-06 14:05:00,182.42,2026-08-06 16:15:00,182.493,-45.02,-4.0,-0.04,Mean Reversion (Z <= 0.2),26,130,False,Straddle_EURJPY,358
22,Synthetic Short Straddle (5m),EURCHF,Buy (Short Put),1.0,2026-08-06 13:25:00,0.93416,2026-08-06 14:55:00,0.9346,42.1,4.7,0.047,Mean Reversion (Z >= -0.2),18,90,True,Straddle_EURCHF,359
31,Synthetic Short Straddle (5m),EURGBP,Buy (Short Put),1.0,2026-08-06 12:05:00,0.85704,2026-08-06 14:55:00,0.85662,-54.01,-4.9,-0.049,Mean Reversion (Z >= -0.2),34,170,False,Straddle_EURGBP,360
63,Synthetic Short Straddle (5m),EURJPY,Sell (Short Call),1.0,2026-08-06 11:05:00,182.308,2026-08-06 11:45:00,182.21685,45.0,5.0,0.05,TP (+5 pips),8,40,True,Straddle_EURJPY,361
62,Synthetic Short Straddle (5m),EURJPY,Sell (Short Call),1.0,2026-08-06 11:00:00,182.234,2026-08-06 11:05:00,182.308,-45.61,-4.1,-0.041,SL (Z >= 3.8),1,5,False,Straddle_EURJPY,362
25,Synthetic Short Straddle (5m),EURUSD,Buy (Short Put),1.0,2026-08-06 09:35:00,1.15396,2026-08-06 10:25:00,1.15413,9.73,1.5,0.015,Mean Reversion (Z >= -0.2),10,50,True,Straddle_EURUSD,363
21,Synthetic Short Straddle (5m),EURCHF,Sell (Short Call),1.0,2026-08-06 09:25:00,0.9337,2026-08-06 12:25:00,0.9344,-79.97,-7.5,-0.075,Mean Reversion (Z <= 0.2),36,180,False,Straddle_EURCHF,364
30,Synthetic Short Straddle (5m),EURGBP,Buy (Short Put),1.0,2026-08-06 08:00:00,0.85756,2026-08-06 09:35:00,0.85752,-9.66,-0.5,-0.005,Mean Reversion (Z >= -0.2),19,95,False,Straddle_EURGBP,365
29,Synthetic Short Straddle (5m),EURGBP,Buy (Short Put),1.0,2026-08-06 07:20:00,0.85758,2026-08-06 07:40:00,0.85783,24.15,2.9,0.029,Mean Reversion (Z >= -0.2),4,20,True,Straddle_EURGBP,366
24,Synthetic Short Straddle (5m),EURUSD,Buy (Short Put),1.0,2026-08-06 07:05:00,1.15426,2026-08-06 09:10:00,1.15438,5.4,1.0,0.01,Mean Reversion (Z >= -0.2),25,125,True,Straddle_EURUSD,367
61,Synthetic Short Straddle (5m),EURJPY,Buy (Short Put),1.0,2026-08-06 07:05:00,182.096,2026-08-06 07:10:00,182.174,37.83,4.3,0.043,Mean Reversion (Z >= -0.2),1,5,True,Straddle_EURJPY,368
19,Asian Night Scalper (5m),AUDNZD,Sell (Short),1.0,2026-08-06 06:45:00,1.19934,2026-08-06 07:00:00,1.19916,10.01,1.5,0.015,Time Cutoff (UTC 07:00),3,15,True,Scalper_AUDNZD,369
20,Asian Night Scalper (5m),NZDCAD,Buy (Long),1.0,2026-08-06 06:35:00,0.82278,2026-08-06 07:00:00,0.8229,9.58,1.5,0.015,Time Cutoff (UTC 07:00),5,25,True,Scalper_NZDCAD,370
16,Asian Night Scalper (5m),AUDCAD,Buy (Long),1.0,2026-08-06 06:10:00,0.98669,2026-08-06 07:00:00,0.98675,1.08,0.6,0.006,Time Cutoff (UTC 07:00),10,50,True,Scalper_AUDCAD,371
18,Asian Night Scalper (5m),EURGBP,Buy (Long),1.0,2026-08-06 05:45:00,0.8579,2026-08-06 06:45:00,0.85796,1.99,0.7,0.007,TP (BB Midline),12,60,True,Scalper_EURGBP,372
18,Asian Night Scalper (5m),AUDNZD,Sell (Short),1.0,2026-08-06 04:40:00,1.19811,2026-08-06 05:55:00,1.19834,-24.2,-1.9,-0.019,TP (BB Midline),15,75,False,Scalper_AUDNZD,373
19,Asian Night Scalper (5m),NZDCAD,Buy (Long),1.0,2026-08-06 03:20:00,0.82444,2026-08-06 05:50:00,0.82398,-60.8,-5.6,-0.056,TP (BB Midline),30,150,False,Scalper_NZDCAD,374
15,Asian Night Scalper (5m),AUDCAD,Buy (Long),1.0,2026-08-06 03:15:00,0.9878,2026-08-06 04:50:00,0.98752,-33.35,-2.8,-0.028,TP (BB Midline),19,95,False,Scalper_AUDCAD,375
18,Asian Night Scalper (5m),NZDCAD,Sell (Short),1.0,2026-08-06 01:50:00,0.825,2026-08-06 03:05:00,0.82502,-7.42,-0.2,-0.002,TP (BB Midline),15,75,False,Scalper_NZDCAD,376
17,Asian Night Scalper (5m),AUDNZD,Buy (Long),1.0,2026-08-06 01:50:00,1.19782,2026-08-06 02:55:00,1.19798,8.36,1.3,0.013,TP (BB Midline),13,65,True,Scalper_AUDNZD,377
14,Asian Night Scalper (5m),AUDCAD,Buy (Long),1.0,2026-08-06 01:25:00,0.98794,2026-08-06 02:00:00,0.98843,45.0,5.0,0.05,TP (+5 pips),7,35,True,Scalper_AUDCAD,378
17,Asian Night Scalper (5m),NZDCAD,Buy (Long),1.0,2026-08-06 00:25:00,0.8239,2026-08-06 01:20:00,0.82431,45.0,5.0,0.05,TP (+5 pips),11,55,True,Scalper_NZDCAD,379
13,Asian Night Scalper (5m),AUDCAD,Buy (Long),1.0,2026-08-06 00:25:00,0.98825,2026-08-06 00:35:00,0.98871,41.55,4.7,0.047,TP (BB Midline),2,10,True,Scalper_AUDCAD,380
17,Asian Night Scalper (5m),EURGBP,Sell (Short),1.0,2026-08-06 00:10:00,0.85807,2026-08-06 01:10:00,0.85806,-3.83,0.1,0.001,TP (BB Midline),12,60,False,Scalper_EURGBP,381
16,Asian Night Scalper (5m),EURGBP,Sell (Short),1.0,2026-08-05 21:10:00,0.85814,2026-08-05 21:15:00,0.8579,22.97,2.8,0.028,TP (BB Midline),1,5,True,Scalper_EURGBP,382
16,Asian Night Scalper (5m),NZDCAD,Sell (Short),1.0,2026-08-05 21:05:00,0.82528,2026-08-05 21:15:00,0.82487,45.0,5.0,0.05,TP (+5 pips),2,10,True,Scalper_NZDCAD,383
60,Synthetic Short Straddle (5m),EURJPY,Sell (Short Call),1.0,2026-08-05 20:15:00,182.255,2026-08-05 21:00:00,182.271,-13.78,-0.9,-0.009,Time Cutoff (UTC 21:00),9,45,False,Straddle_EURJPY,384
20,Synthetic Short Straddle (5m),EURCHF,Buy (Short Put),1.0,2026-08-05 18:50:00,0.9322,2026-08-05 19:15:00,0.93254,31.47,3.6,0.036,Mean Reversion (Z >= -0.2),5,25,True,Straddle_EURCHF,385
23,Synthetic Short Straddle (5m),EURUSD,Sell (Short Call),1.0,2026-08-05 17:35:00,1.15524,2026-08-05 19:05:00,1.15525,-5.87,-0.1,-0.001,Mean Reversion (Z <= 0.2),18,90,False,Straddle_EURUSD,386
59,Synthetic Short Straddle (5m),EURJPY,Sell (Short Call),1.0,2026-08-05 16:50:00,182.107,2026-08-05 18:50:00,182.163,-35.75,-3.1,-0.031,Mean Reversion (Z <= 0.2),24,120,False,Straddle_EURJPY,387
28,Synthetic Short Straddle (5m),EURGBP,Sell (Short Call),1.0,2026-08-05 15:45:00,0.85776,2026-08-05 18:55:00,0.8578,-9.66,-0.5,-0.005,Mean Reversion (Z <= 0.2),38,190,False,Straddle_EURGBP,388
27,Synthetic Short Straddle (5m),EURGBP,Buy (Short Put),1.0,2026-08-05 14:25:00,0.85682,2026-08-05 14:40:00,0.85712,30.01,3.5,0.035,Mean Reversion (Z >= -0.2),3,15,True,Straddle_EURGBP,389
22,Synthetic Short Straddle (5m),EURUSD,Buy (Short Put),1.0,2026-08-05 13:45:00,1.15424,2026-08-05 14:00:00,1.15482,45.0,5.0,0.05,TP (+5 pips),3,15,True,Straddle_EURUSD,390
58,Synthetic Short Straddle (5m),EURJPY,Buy (Short Put),1.0,2026-08-05 13:40:00,181.81,2026-08-05 14:15:00,181.9009,45.0,5.0,0.05,TP (+5 pips),7,35,True,Straddle_EURJPY,391
19,Synthetic Short Straddle (5m),EURCHF,Buy (Short Put),1.0,2026-08-05 13:30:00,0.9336,2026-08-05 15:45:00,0.93256,-116.4,-11.1,-0.111,Mean Reversion (Z >= -0.2),27,135,False,Straddle_EURCHF,392
26,Synthetic Short Straddle (5m),EURGBP,Sell (Short Call),1.0,2026-08-05 13:15:00,0.85738,2026-08-05 14:00:00,0.85707,31.16,3.6,0.036,Mean Reversion (Z <= 0.2),9,45,True,Straddle_EURGBP,393
57,Synthetic Short Straddle (5m),EURJPY,Buy (Short Put),1.0,2026-08-05 13:05:00,181.898,2026-08-05 13:20:00,182.048,77.46,8.2,0.082,Mean Reversion (Z >= -0.2),3,15,True,Straddle_EURJPY,394
18,Synthetic Short Straddle (5m),EURCHF,Sell (Short Call),1.0,2026-08-05 12:05:00,0.93447,2026-08-05 13:05:00,0.93426,17.47,2.2,0.022,Mean Reversion (Z <= 0.2),12,60,True,Straddle_EURCHF,395
25,Synthetic Short Straddle (5m),EURGBP,Sell (Short Call),1.0,2026-08-05 12:05:00,0.8572,2026-08-05 12:35:00,0.85697,21.83,2.7,0.027,Mean Reversion (Z <= 0.2),6,30,True,Straddle_EURGBP,396
56,Synthetic Short Straddle (5m),EURJPY,Buy (Short Put),1.0,2026-08-05 11:15:00,181.911,2026-08-05 11:30:00,182.00196,45.0,5.0,0.05,TP (+5 pips),3,15,True,Straddle_EURJPY,397
21,Synthetic Short Straddle (5m),EURUSD,Sell (Short Call),1.0,2026-08-05 11:10:00,1.15458,2026-08-05 12:40:00,1.1548,-24.05,-1.9,-0.019,Mean Reversion (Z <= 0.2),18,90,False,Straddle_EURUSD,398
55,Synthetic Short Straddle (5m),EURJPY,Sell (Short Call),1.0,2026-08-05 08:15:00,182.074,2026-08-05 09:40:00,182.041,13.12,1.8,0.018,Mean Reversion (Z <= 0.2),17,85,True,Straddle_EURJPY,399
54,Synthetic Short Straddle (5m),EURJPY,Sell (Short Call),1.0,2026-08-05 08:00:00,182.054,2026-08-05 08:10:00,181.96297,45.0,5.0,0.05,TP (+5 pips),2,10,True,Straddle_EURJPY,400
24,Synthetic Short Straddle (5m),EURGBP,Buy (Short Put),1.0,2026-08-05 07:25:00,0.85702,2026-08-05 08:35:00,0.85722,18.34,2.3,0.023,Mean Reversion (Z >= -0.2),14,70,True,Straddle_EURGBP,401
17,Synthetic Short Straddle (5m),EURCHF,Sell (Short Call),1.0,2026-08-05 07:10:00,0.93283,2026-08-05 09:45:00,0.93385,-114.34,-10.9,-0.109,Mean Reversion (Z <= 0.2),31,155,False,Straddle_EURCHF,402
15,Asian Night Scalper (5m),EURGBP,Buy (Long),1.0,2026-08-05 05:05:00,0.85726,2026-08-05 05:50:00,0.85736,6.67,1.2,0.012,TP (BB Midline),9,45,True,Scalper_EURGBP,403
16,Asian Night Scalper (5m),AUDNZD,Sell (Short),1.0,2026-08-05 03:55:00,1.20045,2026-08-05 05:10:00,1.20028,9.16,1.4,0.014,TP (BB Midline),15,75,True,Scalper_AUDNZD,404
15,Asian Night Scalper (5m),AUDNZD,Buy (Long),1.0,2026-08-05 03:05:00,1.19909,2026-08-05 03:30:00,1.19969,45.0,5.0,0.05,TP (+5 pips),5,25,True,Scalper_AUDNZD,405
14,Asian Night Scalper (5m),EURGBP,Sell (Short),1.0,2026-08-05 02:40:00,0.85752,2026-08-05 03:00:00,0.85732,18.32,2.3,0.023,TP (BB Midline),4,20,True,Scalper_EURGBP,406
12,Asian Night Scalper (5m),AUDCAD,Sell (Short),1.0,2026-08-05 02:30:00,0.99154,2026-08-05 04:50:00,0.99196,-47.36,-4.2,-0.042,TP (BB Midline),28,140,False,Scalper_AUDCAD,407
11,Asian Night Scalper (5m),AUDCAD,Sell (Short),1.0,2026-08-05 00:20:00,0.99178,2026-08-05 00:40:00,0.99128,45.0,5.0,0.05,TP (+5 pips),4,20,True,Scalper_AUDCAD,408
10,Asian Night Scalper (5m),AUDCAD,Sell (Short),1.0,2026-08-04 23:25:00,0.99154,2026-08-04 23:50:00,0.99115,34.33,3.9,0.039,TP (BB Midline),5,25,True,Scalper_AUDCAD,409
15,Asian Night Scalper (5m),NZDCAD,Buy (Long),1.0,2026-08-04 22:50:00,0.82791,2026-08-05 00:20:00,0.82704,-110.08,-10.5,-0.105,TP (BB Midline),18,90,False,Scalper_NZDCAD,410
14,Asian Night Scalper (5m),AUDNZD,Sell (Short),1.0,2026-08-04 22:50:00,1.19734,2026-08-05 00:35:00,1.19888,-133.62,-12.9,-0.129,TP (BB Midline),21,105,False,Scalper_AUDNZD,411
14,Asian Night Scalper (5m),NZDCAD,Buy (Long),1.0,2026-08-04 22:45:00,0.82782,2026-08-04 22:50:00,0.82823,45.0,5.0,0.05,TP (+5 pips),1,5,True,Scalper_NZDCAD,412
13,Asian Night Scalper (5m),AUDNZD,Sell (Short),1.0,2026-08-04 22:45:00,1.1975,2026-08-04 22:50:00,1.1969,45.0,5.0,0.05,TP (+5 pips),1,5,True,Scalper_AUDNZD,413
13,Asian Night Scalper (5m),EURGBP,Buy (Long),1.0,2026-08-04 21:15:00,0.85696,2026-08-04 21:25:00,0.85728,32.34,3.7,0.037,TP (BB Midline),2,10,True,Scalper_EURGBP,414
13,Asian Night Scalper (5m),NZDCAD,Buy (Long),1.0,2026-08-04 21:05:00,0.8284,2026-08-04 21:20:00,0.82881,45.0,5.0,0.05,TP (+5 pips),3,15,True,Scalper_NZDCAD,415
9,Asian Night Scalper (5m),AUDCAD,Buy (Long),1.0,2026-08-04 21:05:00,0.99052,2026-08-04 21:30:00,0.99102,45.0,5.0,0.05,TP (+5 pips),5,25,True,Scalper_AUDCAD,416
53,Synthetic Short Straddle (5m),EURJPY,Sell (Short Call),1.0,2026-08-04 19:00:00,181.888,2026-08-04 21:00:00,181.891,-6.65,-0.2,-0.002,Mean Reversion (Z <= 0.2),24,120,False,Straddle_EURJPY,417
20,Synthetic Short Straddle (5m),EURUSD,Sell (Short Call),1.0,2026-08-04 18:50:00,1.15313,2026-08-04 21:00:00,1.15286,18.41,2.3,0.023,Mean Reversion (Z <= 0.2),26,130,True,Straddle_EURUSD,418
23,Synthetic Short Straddle (5m),EURGBP,Sell (Short Call),1.0,2026-08-04 17:30:00,0.85714,2026-08-04 19:40:00,0.85732,-26.0,-2.1,-0.021,Mean Reversion (Z <= 0.2),26,130,False,Straddle_EURGBP,419
16,Synthetic Short Straddle (5m),EURCHF,Sell (Short Call),1.0,2026-08-04 15:25:00,0.93245,2026-08-04 18:40:00,0.93324,-89.72,-8.5,-0.085,Mean Reversion (Z <= 0.2),39,195,False,Straddle_EURCHF,420
52,Synthetic Short Straddle (5m),EURJPY,Sell (Short Call),1.0,2026-08-04 14:20:00,181.534,2026-08-04 15:15:00,181.441,46.23,5.1,0.051,Mean Reversion (Z <= 0.2),11,55,True,Straddle_EURJPY,421
22,Synthetic Short Straddle (5m),EURGBP,Sell (Short Call),1.0,2026-08-04 13:35:00,0.85694,2026-08-04 14:40:00,0.85667,26.51,3.2,0.032,Mean Reversion (Z <= 0.2),13,65,True,Straddle_EURGBP,422
19,Synthetic Short Straddle (5m),EURUSD,Sell (Short Call),1.0,2026-08-04 13:35:00,1.15249,2026-08-04 14:45:00,1.15213,26.24,3.1,0.031,Mean Reversion (Z <= 0.2),14,70,True,Straddle_EURUSD,423
15,Synthetic Short Straddle (5m),EURCHF,Buy (Short Put),1.0,2026-08-04 11:35:00,0.93176,2026-08-04 13:05:00,0.93187,6.81,1.2,0.012,Mean Reversion (Z >= -0.2),18,90,True,Straddle_EURCHF,424
51,Synthetic Short Straddle (5m),EURJPY,Buy (Short Put),1.0,2026-08-04 11:30:00,181.626,2026-08-04 13:50:00,181.384,-138.24,-13.3,-0.133,Mean Reversion (Z >= -0.2),28,140,False,Straddle_EURJPY,425
21,Synthetic Short Straddle (5m),EURGBP,Sell (Short Call),1.0,2026-08-04 11:05:00,0.85662,2026-08-04 11:30:00,0.85631,31.19,3.6,0.036,Mean Reversion (Z <= 0.2),5,25,True,Straddle_EURGBP,426
14,Synthetic Short Straddle (5m),EURCHF,Sell (Short Call),1.0,2026-08-04 10:55:00,0.9326,2026-08-04 11:25:00,0.93218,40.04,4.5,0.045,Mean Reversion (Z <= 0.2),6,30,True,Straddle_EURCHF,427
18,Synthetic Short Straddle (5m),EURUSD,Sell (Short Call),1.0,2026-08-04 10:40:00,1.15144,2026-08-04 12:10:00,1.15142,-3.26,0.2,0.002,Mean Reversion (Z <= 0.2),18,90,False,Straddle_EURUSD,428
50,Synthetic Short Straddle (5m),EURJPY,Sell (Short Call),1.0,2026-08-04 09:45:00,181.766,2026-08-04 10:00:00,181.67512,45.0,5.0,0.05,TP (+5 pips),3,15,True,Straddle_EURJPY,429
20,Synthetic Short Straddle (5m),EURGBP,Buy (Short Put),1.0,2026-08-04 08:30:00,0.85646,2026-08-04 10:25:00,0.85637,-15.51,-1.1,-0.011,Mean Reversion (Z >= -0.2),23,115,False,Straddle_EURGBP,430
49,Synthetic Short Straddle (5m),EURJPY,Sell (Short Call),1.0,2026-08-04 07:35:00,181.623,2026-08-04 08:25:00,181.53219,45.0,5.0,0.05,TP (+5 pips),10,50,True,Straddle_EURJPY,431
17,Synthetic Short Straddle (5m),EURUSD,Sell (Short Call),1.0,2026-08-04 07:15:00,1.15126,2026-08-04 08:15:00,1.15096,21.06,2.6,0.026,Mean Reversion (Z <= 0.2),12,60,True,Straddle_EURUSD,432
48,Synthetic Short Straddle (5m),EURJPY,Sell (Short Call),1.0,2026-08-04 07:10:00,181.554,2026-08-04 07:30:00,181.46322,45.0,5.0,0.05,TP (+5 pips),4,20,True,Straddle_EURJPY,433
12,Asian Night Scalper (5m),AUDNZD,Buy (Long),1.0,2026-08-04 06:40:00,1.19588,2026-08-04 07:00:00,1.19588,-5.0,0.0,0.0,Time Cutoff (UTC 07:00),4,20,False,Scalper_AUDNZD,434
12,Asian Night Scalper (5m),NZDCAD,Sell (Short),1.0,2026-08-04 06:05:00,0.82478,2026-08-04 07:00:00,0.8251,-43.8,-3.9,-0.039,Time Cutoff (UTC 07:00),11,55,False,Scalper_NZDCAD,435
8,Asian Night Scalper (5m),AUDCAD,Sell (Short),1.0,2026-08-04 06:00:00,0.9867,2026-08-04 06:35:00,0.98621,45.0,5.0,0.05,TP (+5 pips),7,35,True,Scalper_AUDCAD,436
12,Asian Night Scalper (5m),EURGBP,Buy (Long),1.0,2026-08-04 06:00:00,0.85702,2026-08-04 07:00:00,0.85684,-26.0,-2.1,-0.021,Time Cutoff (UTC 07:00),12,60,False,Scalper_EURGBP,437
11,Asian Night Scalper (5m),AUDNZD,Sell (Short),1.0,2026-08-04 05:10:00,1.1968,2026-08-04 06:05:00,1.19628,38.45,4.3,0.043,TP (BB Midline),11,55,True,Scalper_AUDNZD,438
11,Asian Night Scalper (5m),EURGBP,Sell (Short),1.0,2026-08-04 04:30:00,0.85727,2026-08-04 05:40:00,0.85726,-3.83,0.1,0.001,TP (BB Midline),14,70,False,Scalper_EURGBP,439
10,Asian Night Scalper (5m),AUDNZD,Sell (Short),1.0,2026-08-04 01:40:00,1.19445,2026-08-04 04:00:00,1.19607,-140.63,-13.6,-0.136,TP (BB Midline),28,140,False,Scalper_AUDNZD,440
7,Asian Night Scalper (5m),AUDCAD,Sell (Short),1.0,2026-08-04 01:40:00,0.98435,2026-08-04 04:00:00,0.98557,-128.94,-12.4,-0.124,TP (BB Midline),28,140,False,Scalper_AUDCAD,441
6,Asian Night Scalper (5m),AUDCAD,Sell (Short),1.0,2026-08-04 00:05:00,0.98352,2026-08-04 00:55:00,0.98303,45.0,5.0,0.05,TP (+5 pips),10,50,True,Scalper_AUDCAD,442
10,Asian Night Scalper (5m),EURGBP,Sell (Short),1.0,2026-08-04 00:00:00,0.8572,2026-08-04 00:50:00,0.85711,5.5,1.0,0.01,TP (BB Midline),10,50,True,Scalper_EURGBP,443
9,Asian Night Scalper (5m),AUDNZD,Sell (Short),1.0,2026-08-03 23:50:00,1.1928,2026-08-04 01:00:00,1.19292,-15.06,-1.0,-0.01,TP (BB Midline),14,70,False,Scalper_AUDNZD,444
8,Asian Night Scalper (5m),AUDNZD,Sell (Short),1.0,2026-08-03 21:00:00,1.19352,2026-08-03 21:10:00,1.19292,45.0,5.0,0.05,TP (+5 pips),2,10,True,Scalper_AUDNZD,445
5,Asian Night Scalper (5m),AUDCAD,Sell (Short),1.0,2026-08-03 21:00:00,0.98354,2026-08-03 21:25:00,0.98305,44.82,5.0,0.05,TP (BB Midline),5,25,True,Scalper_AUDCAD,446
19,Synthetic Short Straddle (5m),EURGBP,Buy (Short Put),1.0,2026-08-03 20:05:00,0.8569,2026-08-03 21:00:00,0.85718,27.68,3.3,0.033,Mean Reversion (Z >= -0.2),11,55,True,Straddle_EURGBP,447
47,Synthetic Short Straddle (5m),EURJPY,Sell (Short Call),1.0,2026-08-03 19:45:00,180.656,2026-08-03 21:00:00,180.965,-176.04,-17.1,-0.171,Time Cutoff (UTC 21:00),15,75,False,Straddle_EURJPY,448
46,Synthetic Short Straddle (5m),EURJPY,Buy (Short Put),1.0,2026-08-03 18:50:00,180.496,2026-08-03 19:10:00,180.584,43.75,4.9,0.049,Mean Reversion (Z >= -0.2),4,20,True,Straddle_EURJPY,449
16,Synthetic Short Straddle (5m),EURUSD,Sell (Short Call),1.0,2026-08-03 18:40:00,1.15118,2026-08-03 19:55:00,1.15103,8.03,1.3,0.013,Mean Reversion (Z <= 0.2),15,75,True,Straddle_EURUSD,450
18,Synthetic Short Straddle (5m),EURGBP,Sell (Short Call),1.0,2026-08-03 18:00:00,0.85722,2026-08-03 19:10:00,0.85712,6.67,1.2,0.012,Mean Reversion (Z <= 0.2),14,70,True,Straddle_EURGBP,451
45,Synthetic Short Straddle (5m),EURJPY,Sell (Short Call),1.0,2026-08-03 15:45:00,180.572,2026-08-03 16:15:00,180.48171,45.0,5.0,0.05,TP (+5 pips),6,30,True,Straddle_EURJPY,452
13,Synthetic Short Straddle (5m),EURCHF,Sell (Short Call),1.0,2026-08-03 15:00:00,0.9332,2026-08-03 15:50:00,0.9328,37.86,4.3,0.043,Mean Reversion (Z <= 0.2),10,50,True,Straddle_EURCHF,453
15,Synthetic Short Straddle (5m),EURUSD,Buy (Short Put),1.0,2026-08-03 14:00:00,1.15216,2026-08-03 18:05:00,1.15056,-143.87,-13.9,-0.139,Mean Reversion (Z >= -0.2),49,245,False,Straddle_EURUSD,454
44,Synthetic Short Straddle (5m),EURJPY,Buy (Short Put),1.0,2026-08-03 13:15:00,180.509,2026-08-03 15:15:00,180.38,-76.46,-7.1,-0.071,Mean Reversion (Z >= -0.2),24,120,False,Straddle_EURJPY,455
17,Synthetic Short Straddle (5m),EURGBP,Sell (Short Call),1.0,2026-08-03 13:05:00,0.85646,2026-08-03 14:05:00,0.8564,2.01,0.7,0.007,Mean Reversion (Z <= 0.2),12,60,True,Straddle_EURGBP,456
43,Synthetic Short Straddle (5m),EURJPY,Buy (Short Put),1.0,2026-08-03 12:10:00,180.606,2026-08-03 12:25:00,180.6963,45.0,5.0,0.05,TP (+5 pips),3,15,True,Straddle_EURJPY,457
14,Synthetic Short Straddle (5m),EURUSD,Sell (Short Call),1.0,2026-08-03 11:55:00,1.15325,2026-08-03 12:35:00,1.15267,45.0,5.0,0.05,TP (+5 pips),8,40,True,Straddle_EURUSD,458
16,Synthetic Short Straddle (5m),EURGBP,Buy (Short Put),1.0,2026-08-03 10:30:00,0.85602,2026-08-03 11:55:00,0.8563,27.71,3.3,0.033,Mean Reversion (Z >= -0.2),17,85,True,Straddle_EURGBP,459
13,Synthetic Short Straddle (5m),EURUSD,Buy (Short Put),1.0,2026-08-03 10:15:00,1.1519,2026-08-03 11:00:00,1.15252,48.82,5.4,0.054,Mean Reversion (Z >= -0.2),9,45,True,Straddle_EURUSD,460
42,Synthetic Short Straddle (5m),EURJPY,Sell (Short Call),1.0,2026-08-03 09:40:00,181.096,2026-08-03 09:45:00,181.00545,45.0,5.0,0.05,TP (+5 pips),1,5,True,Straddle_EURJPY,461
15,Synthetic Short Straddle (5m),EURGBP,Sell (Short Call),1.0,2026-08-03 09:00:00,0.85664,2026-08-03 10:15:00,0.85634,30.02,3.5,0.035,Mean Reversion (Z <= 0.2),15,75,True,Straddle_EURGBP,462
41,Synthetic Short Straddle (5m),EURJPY,Sell (Short Call),1.0,2026-08-03 08:55:00,180.891,2026-08-03 09:15:00,180.80055,45.0,5.0,0.05,TP (+5 pips),4,20,True,Straddle_EURJPY,463
40,Synthetic Short Straddle (5m),EURJPY,Sell (Short Call),1.0,2026-08-03 08:40:00,180.855,2026-08-03 08:50:00,180.76457,45.0,5.0,0.05,TP (+5 pips),2,10,True,Straddle_EURJPY,464
14,Synthetic Short Straddle (5m),EURGBP,Buy (Short Put),1.0,2026-08-03 07:35:00,0.85586,2026-08-03 07:50:00,0.8562,34.73,4.0,0.04,Mean Reversion (Z >= -0.2),3,15,True,Straddle_EURGBP,465
12,Synthetic Short Straddle (5m),EURCHF,Buy (Short Put),1.0,2026-08-03 07:30:00,0.93182,2026-08-03 08:25:00,0.93206,20.76,2.6,0.026,Mean Reversion (Z >= -0.2),11,55,True,Straddle_EURCHF,466
11,Asian Night Scalper (5m),NZDCAD,Buy (Long),1.0,2026-08-03 06:45:00,0.82494,2026-08-03 07:00:00,0.82522,28.94,3.4,0.034,Time Cutoff (UTC 07:00),3,15,True,Scalper_NZDCAD,467
9,Asian Night Scalper (5m),EURGBP,Sell (Short),1.0,2026-08-03 06:30:00,0.85634,2026-08-03 07:00:00,0.85622,9.01,1.4,0.014,Time Cutoff (UTC 07:00),6,30,True,Scalper_EURGBP,468
8,Asian Night Scalper (5m),EURGBP,Buy (Long),1.0,2026-08-03 06:10:00,0.85597,2026-08-03 06:20:00,0.85616,17.2,2.2,0.022,TP (BB Midline),2,10,True,Scalper_EURGBP,469
4,Asian Night Scalper (5m),AUDCAD,Sell (Short),1.0,2026-08-03 04:40:00,0.98678,2026-08-03 06:35:00,0.98666,7.16,1.2,0.012,TP (BB Midline),23,115,True,Scalper_AUDCAD,470
7,Asian Night Scalper (5m),EURGBP,Sell (Short),1.0,2026-08-03 04:15:00,0.85628,2026-08-03 04:55:00,0.85614,11.35,1.6,0.016,TP (BB Midline),8,40,True,Scalper_EURGBP,471
10,Asian Night Scalper (5m),NZDCAD,Buy (Long),1.0,2026-08-03 03:30:00,0.82558,2026-08-03 04:40:00,0.82542,-24.38,-1.9,-0.019,TP (BB Midline),14,70,False,Scalper_NZDCAD,472
7,Asian Night Scalper (5m),AUDNZD,Sell (Short),1.0,2026-08-03 03:25:00,1.19465,2026-08-03 05:20:00,1.19564,-87.87,-8.3,-0.083,TP (BB Midline),23,115,False,Scalper_AUDNZD,473
6,Asian Night Scalper (5m),EURGBP,Sell (Short),1.0,2026-08-03 01:05:00,0.85595,2026-08-03 02:00:00,0.85587,4.35,0.9,0.009,TP (BB Midline),11,55,True,Scalper_EURGBP,474
9,Asian Night Scalper (5m),NZDCAD,Sell (Short),1.0,2026-08-03 00:25:00,0.82696,2026-08-03 00:50:00,0.8266,38.53,4.4,0.044,TP (BB Midline),5,25,True,Scalper_NZDCAD,475
6,Asian Night Scalper (5m),AUDNZD,Buy (Long),1.0,2026-08-03 00:25:00,1.1934,2026-08-03 00:55:00,1.194,45.0,5.0,0.05,TP (+5 pips),6,30,True,Scalper_AUDNZD,476
5,Asian Night Scalper (5m),EURGBP,Buy (Long),1.0,2026-08-03 00:00:00,0.85552,2026-08-03 00:25:00,0.8557,16.04,2.1,0.021,TP (BB Midline),5,25,True,Scalper_EURGBP,477
8,Asian Night Scalper (5m),NZDCAD,Sell (Short),1.0,2026-08-02 21:05:00,0.82687,2026-08-02 21:20:00,0.82646,45.0,5.0,0.05,TP (+5 pips),3,15,True,Scalper_NZDCAD,478
11,Synthetic Short Straddle (5m),EURCHF,Buy (Short Put),1.0,2026-07-31 20:55:00,0.93068,2026-08-02 21:00:00,0.93115,45.0,5.0,0.05,TP (+5 pips),1,5,True,Straddle_EURCHF,479
39,Synthetic Short Straddle (5m),EURJPY,Buy (Short Put),1.0,2026-07-31 20:55:00,181.551,2026-08-02 21:00:00,181.516,-24.28,-1.9,-0.019,Time Cutoff (UTC 21:00),1,5,False,Straddle_EURJPY,480
38,Synthetic Short Straddle (5m),EURJPY,Buy (Short Put),1.0,2026-07-31 20:40:00,181.944,2026-07-31 20:45:00,182.03497,45.0,5.0,0.05,TP (+5 pips),1,5,True,Straddle_EURJPY,481
37,Synthetic Short Straddle (5m),EURJPY,Buy (Short Put),1.0,2026-07-31 20:35:00,182.049,2026-07-31 20:40:00,182.14002,45.0,5.0,0.05,TP (+5 pips),1,5,True,Straddle_EURJPY,482
36,Synthetic Short Straddle (5m),EURJPY,Buy (Short Put),1.0,2026-07-31 20:30:00,182.22,2026-07-31 20:35:00,182.31111,45.0,5.0,0.05,TP (+5 pips),1,5,True,Straddle_EURJPY,483
35,Synthetic Short Straddle (5m),EURJPY,Buy (Short Put),1.0,2026-07-31 20:25:00,182.318,2026-07-31 20:30:00,182.40916,45.0,5.0,0.05,TP (+5 pips),1,5,True,Straddle_EURJPY,484
12,Synthetic Short Straddle (5m),EURUSD,Sell (Short Call),1.0,2026-07-31 20:20:00,1.15374,2026-07-31 20:55:00,1.15306,53.94,5.9,0.059,Mean Reversion (Z <= 0.2),7,35,True,Straddle_EURUSD,485
34,Synthetic Short Straddle (5m),EURJPY,Buy (Short Put),1.0,2026-07-31 20:20:00,182.351,2026-07-31 20:25:00,182.44218,45.0,5.0,0.05,TP (+5 pips),1,5,True,Straddle_EURJPY,486
10,Synthetic Short Straddle (5m),EURCHF,Buy (Short Put),1.0,2026-07-31 20:15:00,0.93155,2026-07-31 20:30:00,0.93187,29.35,3.4,0.034,Mean Reversion (Z >= -0.2),3,15,True,Straddle_EURCHF,487
33,Synthetic Short Straddle (5m),EURJPY,Buy (Short Put),1.0,2026-07-31 20:15:00,182.396,2026-07-31 20:20:00,182.4872,45.0,5.0,0.05,TP (+5 pips),1,5,True,Straddle_EURJPY,488
13,Synthetic Short Straddle (5m),EURGBP,Sell (Short Call),1.0,2026-07-31 19:55:00,0.85564,2026-07-31 20:05:00,0.85535,28.89,3.4,0.034,Mean Reversion (Z <= 0.2),2,10,True,Straddle_EURGBP,489
32,Synthetic Short Straddle (5m),EURJPY,Buy (Short Put),1.0,2026-07-31 17:50:00,182.505,2026-07-31 17:55:00,182.59625,45.0,5.0,0.05,TP (+5 pips),1,5,True,Straddle_EURJPY,490
11,Synthetic Short Straddle (5m),EURUSD,Sell (Short Call),1.0,2026-07-31 17:30:00,1.15317,2026-07-31 18:45:00,1.15255,48.76,5.4,0.054,Mean Reversion (Z <= 0.2),15,75,True,Straddle_EURUSD,491
31,Synthetic Short Straddle (5m),EURJPY,Buy (Short Put),1.0,2026-07-31 17:30:00,182.854,2026-07-31 17:45:00,182.94543,45.0,5.0,0.05,TP (+5 pips),3,15,True,Straddle_EURJPY,492
30,Synthetic Short Straddle (5m),EURJPY,Sell (Short Call),1.0,2026-07-31 17:00:00,183.66,2026-07-31 17:20:00,183.56817,45.0,5.0,0.05,TP (+5 pips),4,20,True,Straddle_EURJPY,493
29,Synthetic Short Straddle (5m),EURJPY,Buy (Short Put),1.0,2026-07-31 14:00:00,182.601,2026-07-31 14:10:00,182.6923,45.0,5.0,0.05,TP (+5 pips),2,10,True,Straddle_EURJPY,494
12,Synthetic Short Straddle (5m),EURGBP,Buy (Short Put),1.0,2026-07-31 13:45:00,0.85509,2026-07-31 15:50:00,0.85494,-22.54,-1.8,-0.018,Mean Reversion (Z >= -0.2),25,125,False,Straddle_EURGBP,495
28,Synthetic Short Straddle (5m),EURJPY,Buy (Short Put),1.0,2026-07-31 13:45:00,182.914,2026-07-31 13:50:00,183.00546,45.0,5.0,0.05,TP (+5 pips),1,5,True,Straddle_EURJPY,496
10,Synthetic Short Straddle (5m),EURUSD,Buy (Short Put),1.0,2026-07-31 13:40:00,1.14709,2026-07-31 14:15:00,1.14766,45.0,5.0,0.05,TP (+5 pips),7,35,True,Straddle_EURUSD,497
27,Synthetic Short Straddle (5m),EURJPY,Buy (Short Put),1.0,2026-07-31 13:40:00,183.06,2026-07-31 13:45:00,183.15153,45.0,5.0,0.05,TP (+5 pips),1,5,True,Straddle_EURJPY,498
11,Synthetic Short Straddle (5m),EURGBP,Buy (Short Put),1.0,2026-07-31 13:35:00,0.85492,2026-07-31 13:40:00,0.85535,45.0,5.0,0.05,TP (+5 pips),1,5,True,Straddle_EURGBP,499
9,Synthetic Short Straddle (5m),EURUSD,Buy (Short Put),1.0,2026-07-31 13:35:00,1.14586,2026-07-31 13:40:00,1.14643,45.0,5.0,0.05,TP (+5 pips),1,5,True,Straddle_EURUSD,500
26,Synthetic Short Straddle (5m),EURJPY,Buy (Short Put),1.0,2026-07-31 13:35:00,182.628,2026-07-31 13:40:00,182.71931,45.0,5.0,0.05,TP (+5 pips),1,5,True,Straddle_EURJPY,501
25,Synthetic Short Straddle (5m),EURJPY,Buy (Short Put),1.0,2026-07-31 13:25:00,183.465,2026-07-31 13:35:00,182.82287,-355.0,-35.0,-0.35,SL (-35 pips),2,10,False,Straddle_EURJPY,502
8,Synthetic Short Straddle (5m),EURUSD,Sell (Short Call),1.0,2026-07-31 13:20:00,1.15032,2026-07-31 13:30:00,1.14896,113.23,11.8,0.118,Mean Reversion (Z <= 0.2),2,10,True,Straddle_EURUSD,503
24,Synthetic Short Straddle (5m),EURJPY,Buy (Short Put),1.0,2026-07-31 13:20:00,183.474,2026-07-31 13:25:00,183.56574,45.0,5.0,0.05,TP (+5 pips),1,5,True,Straddle_EURJPY,504
10,Synthetic Short Straddle (5m),EURGBP,Sell (Short Call),1.0,2026-07-31 13:05:00,0.85626,2026-07-31 13:35:00,0.85492,151.49,15.6,0.156,Mean Reversion (Z <= 0.2),6,30,True,Straddle_EURGBP,505
23,Synthetic Short Straddle (5m),EURJPY,Sell (Short Call),1.0,2026-07-31 12:35:00,184.226,2026-07-31 13:20:00,183.474,403.19,40.8,0.408,Mean Reversion (Z <= 0.2),9,45,True,Straddle_EURJPY,506
9,Synthetic Short Straddle (5m),EURCHF,Sell (Short Call),1.0,2026-07-31 12:20:00,0.931,2026-07-31 13:20:00,0.93044,55.15,6.0,0.06,Mean Reversion (Z <= 0.2),12,60,True,Straddle_EURCHF,507
22,Synthetic Short Straddle (5m),EURJPY,Sell (Short Call),1.0,2026-07-31 12:15:00,184.202,2026-07-31 12:30:00,184.1099,45.0,5.0,0.05,TP (+5 pips),3,15,True,Straddle_EURJPY,508
7,Synthetic Short Straddle (5m),EURUSD,Buy (Short Put),1.0,2026-07-31 11:45:00,1.1488,2026-07-31 13:05:00,1.14902,14.15,1.9,0.019,Mean Reversion (Z >= -0.2),16,80,True,Straddle_EURUSD,509
9,Synthetic Short Straddle (5m),EURGBP,Sell (Short Call),1.0,2026-07-31 11:30:00,0.85585,2026-07-31 12:45:00,0.85564,19.54,2.5,0.025,Mean Reversion (Z <= 0.2),15,75,True,Straddle_EURGBP,510
21,Synthetic Short Straddle (5m),EURJPY,Buy (Short Put),1.0,2026-07-31 09:05:00,183.462,2026-07-31 09:10:00,183.55373,45.0,5.0,0.05,TP (+5 pips),1,5,True,Straddle_EURJPY,511
8,Synthetic Short Straddle (5m),EURGBP,Buy (Short Put),1.0,2026-07-31 09:00:00,0.85572,2026-07-31 10:05:00,0.85588,13.7,1.9,0.019,Mean Reversion (Z >= -0.2),13,65,True,Straddle_EURGBP,512
20,Synthetic Short Straddle (5m),EURJPY,Buy (Short Put),1.0,2026-07-31 09:00:00,183.18,2026-07-31 09:05:00,183.27159,45.0,5.0,0.05,TP (+5 pips),1,5,True,Straddle_EURJPY,513
19,Synthetic Short Straddle (5m),EURJPY,Buy (Short Put),1.0,2026-07-31 08:55:00,183.132,2026-07-31 09:00:00,183.22357,45.0,5.0,0.05,TP (+5 pips),1,5,True,Straddle_EURJPY,514
18,Synthetic Short Straddle (5m),EURJPY,Buy (Short Put),1.0,2026-07-31 08:35:00,184.188,2026-07-31 08:45:00,184.28009,45.0,5.0,0.05,TP (+5 pips),2,10,True,Straddle_EURJPY,515
6,Synthetic Short Straddle (5m),EURUSD,Buy (Short Put),1.0,2026-07-31 08:25:00,1.15076,2026-07-31 08:45:00,1.15148,57.57,6.3,0.063,Mean Reversion (Z >= -0.2),4,20,True,Straddle_EURUSD,516
7,Synthetic Short Straddle (5m),EURGBP,Sell (Short Call),1.0,2026-07-31 08:20:00,0.85645,2026-07-31 08:35:00,0.85614,31.2,3.6,0.036,Mean Reversion (Z <= 0.2),3,15,True,Straddle_EURGBP,517
17,Synthetic Short Straddle (5m),EURJPY,Buy (Short Put),1.0,2026-07-31 07:55:00,184.468,2026-07-31 08:00:00,184.56023,45.0,5.0,0.05,TP (+5 pips),1,5,True,Straddle_EURJPY,518
8,Synthetic Short Straddle (5m),EURCHF,Sell (Short Call),1.0,2026-07-31 07:40:00,0.92962,2026-07-31 08:55:00,0.92885,77.83,8.3,0.083,Mean Reversion (Z <= 0.2),15,75,True,Straddle_EURCHF,519
6,Synthetic Short Straddle (5m),EURGBP,Sell (Short Call),1.0,2026-07-31 07:40:00,0.85634,2026-07-31 07:55:00,0.85596,39.37,4.4,0.044,Mean Reversion (Z <= 0.2),3,15,True,Straddle_EURGBP,520
5,Synthetic Short Straddle (5m),EURGBP,Sell (Short Call),1.0,2026-07-31 07:15:00,0.85628,2026-07-31 07:25:00,0.85599,28.87,3.4,0.034,Mean Reversion (Z <= 0.2),2,10,True,Straddle_EURGBP,521
7,Asian Night Scalper (5m),NZDCAD,Sell (Short),1.0,2026-07-31 06:15:00,0.8233,2026-07-31 06:40:00,0.82289,45.0,5.0,0.05,TP (+5 pips),5,25,True,Scalper_NZDCAD,522
3,Asian Night Scalper (5m),AUDCAD,Sell (Short),1.0,2026-07-31 06:05:00,0.98576,2026-07-31 06:40:00,0.98547,24.42,2.9,0.029,TP (BB Midline),7,35,True,Scalper_AUDCAD,523
5,Asian Night Scalper (5m),AUDNZD,Sell (Short),1.0,2026-07-31 05:20:00,1.19827,2026-07-31 06:10:00,1.19767,45.0,5.0,0.05,TP (+5 pips),10,50,True,Scalper_AUDNZD,524
4,Asian Night Scalper (5m),AUDNZD,Buy (Long),1.0,2026-07-31 02:10:00,1.19633,2026-07-31 03:25:00,1.19666,22.58,2.8,0.028,TP (BB Midline),15,75,True,Scalper_AUDNZD,525
6,Asian Night Scalper (5m),NZDCAD,Buy (Long),1.0,2026-07-31 01:10:00,0.82226,2026-07-31 02:10:00,0.82243,15.67,2.1,0.021,TP (BB Midline),12,60,True,Scalper_NZDCAD,526
5,Asian Night Scalper (5m),NZDCAD,Buy (Long),1.0,2026-07-31 00:45:00,0.82251,2026-07-31 00:55:00,0.82292,45.0,5.0,0.05,TP (+5 pips),2,10,True,Scalper_NZDCAD,527
4,Asian Night Scalper (5m),EURGBP,Buy (Long),1.0,2026-07-31 00:30:00,0.85594,2026-07-31 01:30:00,0.85596,-2.66,0.2,0.002,TP (BB Midline),12,60,False,Scalper_EURGBP,528
2,Asian Night Scalper (5m),AUDCAD,Sell (Short),1.0,2026-07-31 00:20:00,0.98482,2026-07-31 01:15:00,0.98462,15.31,2.0,0.02,TP (BB Midline),11,55,True,Scalper_AUDCAD,529
3,Asian Night Scalper (5m),AUDNZD,Sell (Short),1.0,2026-07-31 00:00:00,1.19638,2026-07-31 02:00:00,1.19694,-51.81,-4.7,-0.047,TP (BB Midline),24,120,False,Scalper_AUDNZD,530
4,Asian Night Scalper (5m),NZDCAD,Sell (Short),1.0,2026-07-30 22:40:00,0.82392,2026-07-30 23:05:00,0.82351,45.0,5.0,0.05,TP (+5 pips),5,25,True,Scalper_NZDCAD,531
4,Synthetic Short Straddle (5m),EURGBP,Sell (Short Call),1.0,2026-07-30 20:55:00,0.85619,2026-07-30 21:00:00,0.8558,40.55,4.6,0.046,Mean Reversion (Z <= 0.2),1,5,True,Straddle_EURGBP,532
16,Synthetic Short Straddle (5m),EURJPY,Buy (Short Put),1.0,2026-07-30 17:40:00,183.077,2026-07-30 17:45:00,183.16854,45.0,5.0,0.05,TP (+5 pips),1,5,True,Straddle_EURJPY,533
15,Synthetic Short Straddle (5m),EURJPY,Buy (Short Put),1.0,2026-07-30 17:35:00,182.731,2026-07-30 17:40:00,182.82237,45.0,5.0,0.05,TP (+5 pips),1,5,True,Straddle_EURJPY,534
14,Synthetic Short Straddle (5m),EURJPY,Buy (Short Put),1.0,2026-07-30 14:15:00,182.466,2026-07-30 14:20:00,182.55723,45.0,5.0,0.05,TP (+5 pips),1,5,True,Straddle_EURJPY,535
13,Synthetic Short Straddle (5m),EURJPY,Buy (Short Put),1.0,2026-07-30 14:10:00,183.154,2026-07-30 14:15:00,182.51296,-355.0,-35.0,-0.35,SL (-35 pips),1,5,False,Straddle_EURJPY,536
7,Synthetic Short Straddle (5m),EURCHF,Buy (Short Put),1.0,2026-07-30 14:05:00,0.92858,2026-07-30 14:10:00,0.92904,45.0,5.0,0.05,TP (+5 pips),1,5,True,Straddle_EURCHF,537
5,Synthetic Short Straddle (5m),EURUSD,Sell (Short Call),1.0,2026-07-30 14:05:00,1.1523,2026-07-30 14:30:00,1.15172,45.0,5.0,0.05,TP (+5 pips),5,25,True,Straddle_EURUSD,538
12,Synthetic Short Straddle (5m),EURJPY,Buy (Short Put),1.0,2026-07-30 14:05:00,183.454,2026-07-30 14:10:00,183.54573,45.0,5.0,0.05,TP (+5 pips),1,5,True,Straddle_EURJPY,539
6,Synthetic Short Straddle (5m),EURCHF,Buy (Short Put),1.0,2026-07-30 14:00:00,0.92794,2026-07-30 14:05:00,0.9284,45.0,5.0,0.05,TP (+5 pips),1,5,True,Straddle_EURCHF,540
4,Synthetic Short Straddle (5m),EURUSD,Sell (Short Call),1.0,2026-07-30 14:00:00,1.15347,2026-07-30 14:05:00,1.15289,45.0,5.0,0.05,TP (+5 pips),1,5,True,Straddle_EURUSD,541
11,Synthetic Short Straddle (5m),EURJPY,Buy (Short Put),1.0,2026-07-30 14:00:00,183.684,2026-07-30 14:05:00,183.77584,45.0,5.0,0.05,TP (+5 pips),1,5,True,Straddle_EURJPY,542
10,Synthetic Short Straddle (5m),EURJPY,Buy (Short Put),1.0,2026-07-30 13:55:00,184.092,2026-07-30 14:00:00,184.18405,45.0,5.0,0.05,TP (+5 pips),1,5,True,Straddle_EURJPY,543
9,Synthetic Short Straddle (5m),EURJPY,Buy (Short Put),1.0,2026-07-30 13:50:00,184.392,2026-07-30 13:55:00,184.4842,45.0,5.0,0.05,TP (+5 pips),1,5,True,Straddle_EURJPY,544
8,Synthetic Short Straddle (5m),EURJPY,Buy (Short Put),1.0,2026-07-30 13:45:00,185.019,2026-07-30 13:50:00,185.11151,45.0,5.0,0.05,TP (+5 pips),1,5,True,Straddle_EURJPY,545
7,Synthetic Short Straddle (5m),EURJPY,Buy (Short Put),1.0,2026-07-30 13:40:00,184.722,2026-07-30 13:45:00,184.81436,45.0,5.0,0.05,TP (+5 pips),1,5,True,Straddle_EURJPY,546
5,Synthetic Short Straddle (5m),EURCHF,Buy (Short Put),1.0,2026-07-30 13:35:00,0.93102,2026-07-30 14:00:00,0.92776,-355.0,-35.0,-0.35,SL (-35 pips),5,25,False,Straddle_EURCHF,547
3,Synthetic Short Straddle (5m),EURUSD,Sell (Short Call),1.0,2026-07-30 13:35:00,1.14922,2026-07-30 14:00:00,1.15324,-355.0,-35.0,-0.35,SL (-35 pips),5,25,False,Straddle_EURUSD,548
6,Synthetic Short Straddle (5m),EURJPY,Buy (Short Put),1.0,2026-07-30 13:35:00,185.113,2026-07-30 13:40:00,185.20556,45.0,5.0,0.05,TP (+5 pips),1,5,True,Straddle_EURJPY,549
3,Synthetic Short Straddle (5m),EURGBP,Sell (Short Call),1.0,2026-07-30 12:45:00,0.8579,2026-07-30 13:40:00,0.85736,57.94,6.3,0.063,Mean Reversion (Z <= 0.2),11,55,True,Straddle_EURGBP,550
2,Synthetic Short Straddle (5m),EURGBP,Buy (Short Put),1.0,2026-07-30 10:45:00,0.85646,2026-07-30 10:50:00,0.85689,45.0,5.0,0.05,TP (+5 pips),1,5,True,Straddle_EURGBP,551
2,Synthetic Short Straddle (5m),EURUSD,Sell (Short Call),1.0,2026-07-30 10:40:00,1.14806,2026-07-30 10:55:00,1.14749,45.0,5.0,0.05,TP (+5 pips),3,15,True,Straddle_EURUSD,552
5,Synthetic Short Straddle (5m),EURJPY,Buy (Short Put),1.0,2026-07-30 10:20:00,186.766,2026-07-30 10:40:00,186.85938,45.0,5.0,0.05,TP (+5 pips),4,20,True,Straddle_EURJPY,553
4,Synthetic Short Straddle (5m),EURJPY,Buy (Short Put),1.0,2026-07-30 10:15:00,186.858,2026-07-30 10:20:00,186.95143,45.0,5.0,0.05,TP (+5 pips),1,5,True,Straddle_EURJPY,554
4,Synthetic Short Straddle (5m),EURCHF,Buy (Short Put),1.0,2026-07-30 10:10:00,0.93297,2026-07-30 12:45:00,0.93252,-53.23,-4.8,-0.048,Mean Reversion (Z >= -0.2),31,155,False,Straddle_EURCHF,555
3,Synthetic Short Straddle (5m),EURJPY,Buy (Short Put),1.0,2026-07-30 10:00:00,187.178,2026-07-30 10:15:00,186.52288,-355.0,-35.0,-0.35,SL (-35 pips),3,15,False,Straddle_EURJPY,556
3,Synthetic Short Straddle (5m),EURCHF,Buy (Short Put),1.0,2026-07-30 09:45:00,0.93314,2026-07-30 09:50:00,0.93361,45.0,5.0,0.05,TP (+5 pips),1,5,True,Straddle_EURCHF,557
2,Synthetic Short Straddle (5m),EURJPY,Sell (Short Call),1.0,2026-07-30 08:15:00,187.356,2026-07-30 09:35:00,187.311,19.02,2.4,0.024,Mean Reversion (Z <= 0.2),16,80,True,Straddle_EURJPY,558
2,Synthetic Short Straddle (5m),EURCHF,Sell (Short Call),1.0,2026-07-30 07:30:00,0.93428,2026-07-30 08:20:00,0.93415,8.91,1.4,0.014,Mean Reversion (Z <= 0.2),10,50,True,Straddle_EURCHF,559
1,Synthetic Short Straddle (5m),EURUSD,Buy (Short Put),1.0,2026-07-30 07:25:00,1.14373,2026-07-30 08:00:00,1.1443,45.0,5.0,0.05,TP (+5 pips),7,35,True,Straddle_EURUSD,560
1,Synthetic Short Straddle (5m),EURJPY,Buy (Short Put),1.0,2026-07-30 07:25:00,187.17,2026-07-30 07:45:00,187.252,38.81,4.4,0.044,Mean Reversion (Z >= -0.2),4,20,True,Straddle_EURJPY,561
1,Synthetic Short Straddle (5m),EURGBP,Buy (Short Put),1.0,2026-07-30 07:10:00,0.85745,2026-07-30 10:15:00,0.85712,-43.49,-3.8,-0.038,Mean Reversion (Z >= -0.2),37,185,False,Straddle_EURGBP,562
1,Synthetic Short Straddle (5m),EURCHF,Buy (Short Put),1.0,2026-07-30 07:00:00,0.93346,2026-07-30 07:15:00,0.93383,34.64,4.0,0.04,Mean Reversion (Z >= -0.2),3,15,True,Straddle_EURCHF,563
3,Asian Night Scalper (5m),NZDCAD,Buy (Long),1.0,2026-07-30 06:15:00,0.81504,2026-07-30 06:25:00,0.81545,45.0,5.0,0.05,TP (+5 pips),2,10,True,Scalper_NZDCAD,564
2,Asian Night Scalper (5m),AUDNZD,Sell (Short),1.0,2026-07-30 06:15:00,1.19794,2026-07-30 06:35:00,1.19734,45.0,5.0,0.05,TP (+5 pips),4,20,True,Scalper_AUDNZD,565
3,Asian Night Scalper (5m),EURGBP,Buy (Long),1.0,2026-07-30 05:25:00,0.85774,2026-07-30 06:10:00,0.85817,45.0,5.0,0.05,TP (+5 pips),9,45,True,Scalper_EURGBP,566
2,Asian Night Scalper (5m),EURGBP,Sell (Short),1.0,2026-07-30 05:00:00,0.85816,2026-07-30 05:20:00,0.85802,11.31,1.6,0.016,TP (BB Midline),4,20,True,Scalper_EURGBP,567
2,Asian Night Scalper (5m),NZDCAD,Sell (Short),1.0,2026-07-30 04:30:00,0.81649,2026-07-30 04:45:00,0.81608,45.0,5.0,0.05,TP (+5 pips),3,15,True,Scalper_NZDCAD,568
1,Asian Night Scalper (5m),AUDCAD,Buy (Long),1.0,2026-07-30 02:55:00,0.97694,2026-07-30 04:25:00,0.97708,9.33,1.4,0.014,TP (BB Midline),18,90,True,Scalper_AUDCAD,569
1,Asian Night Scalper (5m),AUDNZD,Buy (Long),1.0,2026-07-30 02:35:00,1.19782,2026-07-30 04:45:00,1.19706,-68.45,-6.3,-0.063,TP (BB Midline),26,130,False,Scalper_AUDNZD,570
1,Asian Night Scalper (5m),EURGBP,Buy (Long),1.0,2026-07-30 02:00:00,0.85767,2026-07-30 02:20:00,0.8579,21.82,2.7,0.027,TP (BB Midline),4,20,True,Scalper_EURGBP,571
1,Asian Night Scalper (5m),NZDCAD,Sell (Short),1.0,2026-07-30 01:25:00,0.81535,2026-07-30 03:10:00,0.81578,-57.74,-5.3,-0.053,TP (BB Midline),21,105,False,Scalper_NZDCAD,572
