timestamp_mt5,timestamp_utc,timestamp_tpe,open,high,low,close,volume
2007-06-08 00:00:00,2007-06-07 21:00:00,2007-06-08 05:00:00,1.6448,1.6524,1.6439,1.6515,1124.0
2007-06-11 00:00:00,2007-06-10 21:00:00,2007-06-11 05:00:00,1.6507,1.6552,1.6493,1.6537,808.0
2007-06-12 00:00:00,2007-06-11 21:00:00,2007-06-12 05:00:00,1.6538,1.6564,1.6517,1.6529,844.0
2007-06-13 00:00:00,2007-06-12 21:00:00,2007-06-13 05:00:00,1.6528,1.6576,1.6523,1.656,926.0
2007-06-14 00:00:00,2007-06-13 21:00:00,2007-06-14 05:00:00,1.6561,1.6598,1.6537,1.6583,984.0
2007-06-15 00:00:00,2007-06-14 21:00:00,2007-06-15 05:00:00,1.6582,1.6627,1.6566,1.6619,708.0
2007-06-18 00:00:00,2007-06-17 21:00:00,2007-06-18 05:00:00,1.662,1.6663,1.6607,1.6658,578.0
2007-06-19 00:00:00,2007-06-18 21:00:00,2007-06-19 05:00:00,1.6659,1.6671,1.6615,1.6646,700.0
2007-06-20 00:00:00,2007-06-19 21:00:00,2007-06-20 05:00:00,1.6645,1.6657,1.6585,1.659,968.0
2007-06-21 00:00:00,2007-06-20 21:00:00,2007-06-21 05:00:00,1.6589,1.6635,1.6588,1.6622,780.0
2007-06-22 00:00:00,2007-06-21 21:00:00,2007-06-22 05:00:00,1.6621,1.6637,1.6542,1.6557,1038.0
2007-06-25 00:00:00,2007-06-24 21:00:00,2007-06-25 05:00:00,1.6546,1.6558,1.6518,1.6526,822.0
2007-06-26 00:00:00,2007-06-25 21:00:00,2007-06-26 05:00:00,1.6527,1.6556,1.651,1.6517,868.0
2007-06-27 00:00:00,2007-06-26 21:00:00,2007-06-27 05:00:00,1.6516,1.6543,1.649,1.6542,888.0
2007-06-28 00:00:00,2007-06-27 21:00:00,2007-06-28 05:00:00,1.6541,1.6576,1.6526,1.6562,848.0
2007-06-29 00:00:00,2007-06-28 21:00:00,2007-06-29 05:00:00,1.6561,1.6573,1.6527,1.6538,836.0
2007-07-02 00:00:00,2007-07-01 21:00:00,2007-07-02 05:00:00,1.6536,1.6545,1.6463,1.6486,994.0
2007-07-03 00:00:00,2007-07-02 21:00:00,2007-07-03 05:00:00,1.6487,1.6557,1.6483,1.6546,698.0
2007-07-04 00:00:00,2007-07-03 21:00:00,2007-07-04 05:00:00,1.6547,1.6575,1.6539,1.6562,386.0
2007-07-05 00:00:00,2007-07-04 21:00:00,2007-07-05 05:00:00,1.6561,1.6575,1.6522,1.6555,804.0
2007-07-06 00:00:00,2007-07-05 21:00:00,2007-07-06 05:00:00,1.6557,1.6603,1.6554,1.6596,636.0
2007-07-09 00:00:00,2007-07-08 21:00:00,2007-07-09 05:00:00,1.66,1.6603,1.6566,1.6571,564.0
2007-07-10 00:00:00,2007-07-09 21:00:00,2007-07-10 05:00:00,1.657,1.6585,1.6524,1.6529,1080.0
2007-07-11 00:00:00,2007-07-10 21:00:00,2007-07-11 05:00:00,1.6528,1.6583,1.652,1.6566,1136.0
2007-07-12 00:00:00,2007-07-11 21:00:00,2007-07-12 05:00:00,1.6567,1.6591,1.6561,1.6587,786.0
2007-07-13 00:00:00,2007-07-12 21:00:00,2007-07-13 05:00:00,1.6588,1.6595,1.655,1.6573,644.0
2007-07-16 00:00:00,2007-07-15 21:00:00,2007-07-16 05:00:00,1.6577,1.6581,1.6548,1.6569,640.0
2007-07-17 00:00:00,2007-07-16 21:00:00,2007-07-17 05:00:00,1.6568,1.6588,1.6524,1.6553,978.0
2007-07-18 00:00:00,2007-07-17 21:00:00,2007-07-18 05:00:00,1.6552,1.6579,1.6533,1.6576,1130.0
2007-07-19 00:00:00,2007-07-18 21:00:00,2007-07-19 05:00:00,1.6575,1.6625,1.6567,1.6607,970.0
2007-07-20 00:00:00,2007-07-19 21:00:00,2007-07-20 05:00:00,1.6606,1.6633,1.6583,1.6604,1024.0
2007-07-23 00:00:00,2007-07-22 21:00:00,2007-07-23 05:00:00,1.6605,1.6666,1.6584,1.664,926.0
2007-07-24 00:00:00,2007-07-23 21:00:00,2007-07-24 05:00:00,1.6642,1.6682,1.6617,1.6626,966.0
2007-07-25 00:00:00,2007-07-24 21:00:00,2007-07-25 05:00:00,1.6625,1.6687,1.6617,1.6643,1180.0
2007-07-26 00:00:00,2007-07-25 21:00:00,2007-07-26 05:00:00,1.6644,1.6659,1.6531,1.6551,1516.0
2007-07-27 00:00:00,2007-07-26 21:00:00,2007-07-27 05:00:00,1.6552,1.6563,1.6466,1.6473,1762.0
2007-07-30 00:00:00,2007-07-29 21:00:00,2007-07-30 05:00:00,1.645,1.6504,1.6413,1.648,1344.0
2007-07-31 00:00:00,2007-07-30 21:00:00,2007-07-31 05:00:00,1.6481,1.6524,1.6421,1.6422,1226.0
2007-08-01 00:00:00,2007-07-31 21:00:00,2007-08-01 05:00:00,1.6421,1.6471,1.6348,1.6444,1694.0
2007-08-02 00:00:00,2007-08-01 21:00:00,2007-08-02 05:00:00,1.6445,1.6516,1.6419,1.6485,1186.0
2007-08-03 00:00:00,2007-08-02 21:00:00,2007-08-03 05:00:00,1.6486,1.6534,1.6382,1.6399,1180.0
2007-08-06 00:00:00,2007-08-05 21:00:00,2007-08-06 05:00:00,1.636,1.6452,1.6352,1.6428,1250.0
2007-08-07 00:00:00,2007-08-06 21:00:00,2007-08-07 05:00:00,1.6429,1.6473,1.6389,1.6456,1158.0
2007-08-08 00:00:00,2007-08-07 21:00:00,2007-08-08 05:00:00,1.6457,1.6513,1.6434,1.6505,986.0
2007-08-09 00:00:00,2007-08-08 21:00:00,2007-08-09 05:00:00,1.6506,1.6514,1.6352,1.6354,1496.0
2007-08-10 00:00:00,2007-08-09 21:00:00,2007-08-10 05:00:00,1.6353,1.6451,1.6307,1.6413,1596.0
2007-08-13 00:00:00,2007-08-12 21:00:00,2007-08-13 05:00:00,1.6422,1.6438,1.6354,1.6396,1318.0
2007-08-14 00:00:00,2007-08-13 21:00:00,2007-08-14 05:00:00,1.6397,1.6444,1.6377,1.6387,1330.0
2007-08-15 00:00:00,2007-08-14 21:00:00,2007-08-15 05:00:00,1.6386,1.6434,1.6345,1.6371,1580.0
2007-08-16 00:00:00,2007-08-15 21:00:00,2007-08-16 05:00:00,1.6369,1.6385,1.6254,1.6331,2334.0
2007-08-17 00:00:00,2007-08-16 21:00:00,2007-08-17 05:00:00,1.6332,1.6336,1.6176,1.6278,2452.0
2007-08-20 00:00:00,2007-08-19 21:00:00,2007-08-20 05:00:00,1.6284,1.6308,1.6232,1.6244,1192.0
2007-08-21 00:00:00,2007-08-20 21:00:00,2007-08-21 05:00:00,1.6243,1.6263,1.6205,1.6236,1244.0
2007-08-22 00:00:00,2007-08-21 21:00:00,2007-08-22 05:00:00,1.6234,1.635,1.6232,1.6346,1036.0
2007-08-23 00:00:00,2007-08-22 21:00:00,2007-08-23 05:00:00,1.6347,1.6419,1.6336,1.6375,1116.0
2007-08-24 00:00:00,2007-08-23 21:00:00,2007-08-24 05:00:00,1.6373,1.643,1.6327,1.6418,1032.0
2007-08-27 00:00:00,2007-08-26 21:00:00,2007-08-27 05:00:00,1.6418,1.6445,1.6388,1.6389,910.0
2007-08-28 00:00:00,2007-08-27 21:00:00,2007-08-28 05:00:00,1.639,1.641,1.6319,1.632,1078.0
2007-08-29 00:00:00,2007-08-28 21:00:00,2007-08-29 05:00:00,1.6319,1.6408,1.6318,1.6395,1046.0
2007-08-30 00:00:00,2007-08-29 21:00:00,2007-08-30 05:00:00,1.6396,1.6437,1.6379,1.6426,1340.0
2007-08-31 00:00:00,2007-08-30 21:00:00,2007-08-31 05:00:00,1.6425,1.6478,1.6423,1.6469,1346.0
2007-09-03 00:00:00,2007-09-02 21:00:00,2007-09-03 05:00:00,1.6454,1.6486,1.6451,1.6456,606.0
2007-09-04 00:00:00,2007-09-03 21:00:00,2007-09-04 05:00:00,1.6455,1.6497,1.6437,1.6489,1040.0
2007-09-05 00:00:00,2007-09-04 21:00:00,2007-09-05 05:00:00,1.6488,1.6494,1.6427,1.6436,1300.0
2007-09-06 00:00:00,2007-09-05 21:00:00,2007-09-06 05:00:00,1.6437,1.6462,1.6421,1.6443,1156.0
2007-09-07 00:00:00,2007-09-06 21:00:00,2007-09-07 05:00:00,1.6442,1.6446,1.6337,1.6362,1166.0
2007-09-10 00:00:00,2007-09-09 21:00:00,2007-09-10 05:00:00,1.6334,1.6395,1.6332,1.6369,1234.0
2007-09-11 00:00:00,2007-09-10 21:00:00,2007-09-11 05:00:00,1.6368,1.6461,1.6365,1.645,1174.0
2007-09-12 00:00:00,2007-09-11 21:00:00,2007-09-12 05:00:00,1.6449,1.6478,1.6409,1.6465,1158.0
2007-09-13 00:00:00,2007-09-12 21:00:00,2007-09-13 05:00:00,1.6466,1.6497,1.6407,1.644,1356.0
2007-09-14 00:00:00,2007-09-13 21:00:00,2007-09-14 05:00:00,1.6438,1.6515,1.6438,1.6504,1132.0
2007-09-17 00:00:00,2007-09-16 21:00:00,2007-09-17 05:00:00,1.648,1.6488,1.644,1.6463,1064.0
2007-09-18 00:00:00,2007-09-17 21:00:00,2007-09-18 05:00:00,1.6464,1.6527,1.6432,1.6515,1394.0
2007-09-19 00:00:00,2007-09-18 21:00:00,2007-09-19 05:00:00,1.6516,1.6558,1.6491,1.6524,1214.0
2007-09-20 00:00:00,2007-09-19 21:00:00,2007-09-20 05:00:00,1.6525,1.6532,1.6445,1.6493,1560.0
2007-09-21 00:00:00,2007-09-20 21:00:00,2007-09-21 05:00:00,1.6494,1.6538,1.6484,1.6522,1062.0
2007-09-24 00:00:00,2007-09-23 21:00:00,2007-09-24 05:00:00,1.6508,1.655,1.6506,1.6509,850.0
2007-09-25 00:00:00,2007-09-24 21:00:00,2007-09-25 05:00:00,1.651,1.6524,1.6469,1.6494,1160.0
2007-09-26 00:00:00,2007-09-25 21:00:00,2007-09-26 05:00:00,1.6493,1.6548,1.649,1.6528,768.0
2007-09-27 00:00:00,2007-09-26 21:00:00,2007-09-27 05:00:00,1.6527,1.6618,1.6525,1.6598,1104.0
2007-09-28 00:00:00,2007-09-27 21:00:00,2007-09-28 05:00:00,1.6597,1.6614,1.6577,1.6601,1110.0
2007-10-01 00:00:00,2007-09-30 21:00:00,2007-10-01 05:00:00,1.6611,1.6664,1.6592,1.6626,1134.0
2007-10-02 00:00:00,2007-10-01 21:00:00,2007-10-02 05:00:00,1.6627,1.6659,1.6619,1.6636,1148.0
2007-10-03 00:00:00,2007-10-02 21:00:00,2007-10-03 05:00:00,1.6637,1.6673,1.6614,1.6629,958.0
2007-10-04 00:00:00,2007-10-03 21:00:00,2007-10-04 05:00:00,1.663,1.6639,1.6593,1.6608,1006.0
2007-10-05 00:00:00,2007-10-04 21:00:00,2007-10-05 05:00:00,1.6607,1.6661,1.66,1.6655,818.0
2007-10-08 00:00:00,2007-10-07 21:00:00,2007-10-08 05:00:00,1.6642,1.6683,1.6638,1.6663,792.0
2007-10-09 00:00:00,2007-10-08 21:00:00,2007-10-09 05:00:00,1.6662,1.6706,1.6639,1.6692,1122.0
2007-10-10 00:00:00,2007-10-09 21:00:00,2007-10-10 05:00:00,1.6693,1.6746,1.6688,1.6738,984.0
2007-10-11 00:00:00,2007-10-10 21:00:00,2007-10-11 05:00:00,1.6737,1.6828,1.6728,1.6776,1256.0
2007-10-12 00:00:00,2007-10-11 21:00:00,2007-10-12 05:00:00,1.6775,1.6824,1.6756,1.6796,1058.0
2007-10-15 00:00:00,2007-10-14 21:00:00,2007-10-15 05:00:00,1.6788,1.6806,1.6756,1.6767,1090.0
2007-10-16 00:00:00,2007-10-15 21:00:00,2007-10-16 05:00:00,1.6766,1.6787,1.6739,1.6757,1194.0
2007-10-17 00:00:00,2007-10-16 21:00:00,2007-10-17 05:00:00,1.6756,1.6806,1.6714,1.675,1434.0
2007-10-18 00:00:00,2007-10-17 21:00:00,2007-10-18 05:00:00,1.6749,1.677,1.6682,1.6703,1438.0
2007-10-19 00:00:00,2007-10-18 21:00:00,2007-10-19 05:00:00,1.6702,1.6737,1.6671,1.6675,1248.0
2007-10-22 00:00:00,2007-10-21 21:00:00,2007-10-22 05:00:00,1.6656,1.6706,1.6635,1.6697,1610.0
2007-10-23 00:00:00,2007-10-22 21:00:00,2007-10-23 05:00:00,1.6696,1.6739,1.6667,1.6728,1252.0
2007-10-24 00:00:00,2007-10-23 21:00:00,2007-10-24 05:00:00,1.6729,1.6735,1.6672,1.6722,1202.0
2007-10-25 00:00:00,2007-10-24 21:00:00,2007-10-25 05:00:00,1.6721,1.6726,1.6678,1.6703,1176.0
2007-10-26 00:00:00,2007-10-25 21:00:00,2007-10-26 05:00:00,1.6702,1.6757,1.6694,1.6753,876.0
2007-10-29 00:00:00,2007-10-28 21:00:00,2007-10-29 05:00:00,1.6757,1.6808,1.6745,1.6785,818.0
2007-10-30 00:00:00,2007-10-29 21:00:00,2007-10-30 05:00:00,1.6795,1.6798,1.6719,1.6722,926.0
2007-10-31 00:00:00,2007-10-30 21:00:00,2007-10-31 05:00:00,1.6721,1.6785,1.671,1.6779,1380.0
2007-11-01 00:00:00,2007-10-31 21:00:00,2007-11-01 05:00:00,1.6775,1.6788,1.6691,1.6705,1732.0
2007-11-02 00:00:00,2007-11-01 21:00:00,2007-11-02 05:00:00,1.6702,1.6747,1.6671,1.6744,1634.0
2007-11-05 00:00:00,2007-11-04 22:00:00,2007-11-05 06:00:00,1.6739,1.674,1.6671,1.6699,1152.0
2007-11-06 00:00:00,2007-11-05 22:00:00,2007-11-06 06:00:00,1.6693,1.6706,1.6633,1.6659,1194.0
2007-11-07 00:00:00,2007-11-06 22:00:00,2007-11-07 06:00:00,1.6661,1.6668,1.6571,1.6587,1948.0
2007-11-08 00:00:00,2007-11-07 22:00:00,2007-11-08 06:00:00,1.659,1.6612,1.6516,1.6518,1828.0
2007-11-09 00:00:00,2007-11-08 22:00:00,2007-11-09 06:00:00,1.6552,1.6553,1.6449,1.6474,2236.0
2007-11-12 00:00:00,2007-11-11 22:00:00,2007-11-12 06:00:00,1.6466,1.648,1.6377,1.6438,2070.0
2007-11-13 00:00:00,2007-11-12 22:00:00,2007-11-13 06:00:00,1.644,1.6469,1.6408,1.6457,1458.0
2007-11-14 00:00:00,2007-11-13 22:00:00,2007-11-14 06:00:00,1.6459,1.649,1.6437,1.6466,1586.0
2007-11-15 00:00:00,2007-11-14 22:00:00,2007-11-15 06:00:00,1.6465,1.6475,1.639,1.6413,1510.0
2007-11-16 00:00:00,2007-11-15 22:00:00,2007-11-16 06:00:00,1.6412,1.6417,1.635,1.6386,1236.0
2007-11-19 00:00:00,2007-11-18 22:00:00,2007-11-19 06:00:00,1.6399,1.6401,1.6347,1.6348,942.0
2007-11-20 00:00:00,2007-11-19 22:00:00,2007-11-20 06:00:00,1.6349,1.6429,1.6343,1.6401,1622.0
2007-11-21 00:00:00,2007-11-20 22:00:00,2007-11-21 06:00:00,1.6402,1.6402,1.6346,1.6368,1272.0
2007-11-22 00:00:00,2007-11-21 22:00:00,2007-11-22 06:00:00,1.6369,1.6382,1.6314,1.6331,866.0
2007-11-23 00:00:00,2007-11-22 22:00:00,2007-11-23 06:00:00,1.6329,1.6368,1.6298,1.6352,1194.0
2007-11-26 00:00:00,2007-11-25 22:00:00,2007-11-26 06:00:00,1.6366,1.6397,1.6305,1.632,1150.0
2007-11-27 00:00:00,2007-11-26 22:00:00,2007-11-27 06:00:00,1.6321,1.6412,1.6316,1.638,1460.0
2007-11-28 00:00:00,2007-11-27 22:00:00,2007-11-28 06:00:00,1.6381,1.6514,1.6373,1.6492,1724.0
2007-11-29 00:00:00,2007-11-28 22:00:00,2007-11-29 06:00:00,1.6491,1.6511,1.6473,1.6503,1510.0
2007-11-30 00:00:00,2007-11-29 22:00:00,2007-11-30 06:00:00,1.6502,1.6588,1.6497,1.6564,1412.0
2007-12-03 00:00:00,2007-12-02 22:00:00,2007-12-03 06:00:00,1.6538,1.6572,1.6515,1.6538,1410.0
2007-12-04 00:00:00,2007-12-03 22:00:00,2007-12-04 06:00:00,1.6537,1.6574,1.6466,1.6486,1676.0
2007-12-05 00:00:00,2007-12-04 22:00:00,2007-12-05 06:00:00,1.6485,1.6516,1.6453,1.6485,1538.0
2007-12-06 00:00:00,2007-12-05 22:00:00,2007-12-06 06:00:00,1.6484,1.6544,1.6462,1.6539,1418.0
2007-12-07 00:00:00,2007-12-06 22:00:00,2007-12-07 06:00:00,1.6538,1.657,1.6526,1.6533,1040.0
2007-12-10 00:00:00,2007-12-09 22:00:00,2007-12-10 06:00:00,1.6534,1.6598,1.6528,1.6596,938.0
2007-12-11 00:00:00,2007-12-10 22:00:00,2007-12-11 06:00:00,1.6597,1.6668,1.655,1.6584,1392.0
2007-12-12 00:00:00,2007-12-11 22:00:00,2007-12-12 06:00:00,1.6585,1.6728,1.6581,1.6679,1702.0
2007-12-13 00:00:00,2007-12-12 22:00:00,2007-12-13 06:00:00,1.6678,1.6719,1.6644,1.6706,1624.0
2007-12-14 00:00:00,2007-12-13 22:00:00,2007-12-14 06:00:00,1.6704,1.6716,1.6618,1.6635,1400.0
2007-12-17 00:00:00,2007-12-16 22:00:00,2007-12-17 06:00:00,1.6642,1.665,1.6532,1.6558,1468.0
2007-12-18 00:00:00,2007-12-17 22:00:00,2007-12-18 06:00:00,1.6557,1.6612,1.6556,1.6598,1116.0
2007-12-19 00:00:00,2007-12-18 22:00:00,2007-12-19 06:00:00,1.66,1.6629,1.6578,1.661,1376.0
2007-12-20 00:00:00,2007-12-19 22:00:00,2007-12-20 06:00:00,1.6612,1.6616,1.6575,1.6605,1026.0
2007-12-21 00:00:00,2007-12-20 22:00:00,2007-12-21 06:00:00,1.6604,1.6631,1.6588,1.6608,866.0
2007-12-24 00:00:00,2007-12-23 22:00:00,2007-12-24 06:00:00,1.6619,1.6678,1.6616,1.6657,498.0
2007-12-25 00:00:00,2007-12-24 22:00:00,2007-12-25 06:00:00,1.6658,1.668,1.6657,1.6672,84.0
2007-12-26 00:00:00,2007-12-25 22:00:00,2007-12-26 06:00:00,1.6674,1.6687,1.6646,1.6674,598.0
2007-12-27 00:00:00,2007-12-26 22:00:00,2007-12-27 06:00:00,1.6675,1.6686,1.664,1.6653,1104.0
2007-12-28 00:00:00,2007-12-27 22:00:00,2007-12-28 06:00:00,1.6654,1.6664,1.6571,1.658,1082.0
2007-12-31 00:00:00,2007-12-30 22:00:00,2007-12-31 06:00:00,1.6567,1.6579,1.6532,1.6566,754.0
2008-01-01 00:00:00,2007-12-31 22:00:00,2008-01-01 06:00:00,1.6539,1.65539,1.6533,1.65397,346.0
2008-01-02 00:00:00,2008-01-01 22:00:00,2008-01-02 06:00:00,1.65405,1.65575,1.64295,1.64514,5980.0
2008-01-03 00:00:00,2008-01-02 22:00:00,2008-01-03 06:00:00,1.64512,1.6467,1.6371,1.63743,6256.0
2008-01-04 00:00:00,2008-01-03 22:00:00,2008-01-04 06:00:00,1.63755,1.64105,1.63232,1.63415,5394.0
2008-01-07 00:00:00,2008-01-06 22:00:00,2008-01-07 06:00:00,1.6343,1.64335,1.63275,1.64302,6010.0
2008-01-08 00:00:00,2008-01-07 22:00:00,2008-01-08 06:00:00,1.64304,1.64501,1.63438,1.63565,6158.0
2008-01-09 00:00:00,2008-01-08 22:00:00,2008-01-09 06:00:00,1.63562,1.64035,1.63295,1.63753,5714.0
2008-01-10 00:00:00,2008-01-09 22:00:00,2008-01-10 06:00:00,1.63745,1.63835,1.62875,1.63362,7062.0
2008-01-11 00:00:00,2008-01-10 22:00:00,2008-01-11 06:00:00,1.63364,1.6339,1.62473,1.62751,5778.0
2008-01-14 00:00:00,2008-01-13 22:00:00,2008-01-14 06:00:00,1.62842,1.6321,1.62146,1.62208,6012.0
2008-01-15 00:00:00,2008-01-14 22:00:00,2008-01-15 06:00:00,1.62209,1.62365,1.61299,1.61431,7360.0
2008-01-16 00:00:00,2008-01-15 22:00:00,2008-01-16 06:00:00,1.61432,1.61674,1.60835,1.61164,8168.0
2008-01-17 00:00:00,2008-01-16 22:00:00,2008-01-17 06:00:00,1.61166,1.61805,1.60943,1.61156,9028.0
2008-01-18 00:00:00,2008-01-17 22:00:00,2008-01-18 06:00:00,1.61152,1.61777,1.60535,1.60555,7742.0
2008-01-21 00:00:00,2008-01-20 22:00:00,2008-01-21 06:00:00,1.60535,1.60736,1.59455,1.6028,8306.0
2008-01-22 00:00:00,2008-01-21 22:00:00,2008-01-22 06:00:00,1.60275,1.60795,1.59485,1.60512,12084.0
2008-01-23 00:00:00,2008-01-22 22:00:00,2008-01-23 06:00:00,1.60504,1.60535,1.58252,1.59453,10804.0
2008-01-24 00:00:00,2008-01-23 22:00:00,2008-01-24 06:00:00,1.59455,1.60646,1.58895,1.60608,9804.0
2008-01-25 00:00:00,2008-01-24 22:00:00,2008-01-25 06:00:00,1.60609,1.61425,1.60505,1.61003,8280.0
2008-01-28 00:00:00,2008-01-27 22:00:00,2008-01-28 06:00:00,1.60765,1.61255,1.60303,1.60976,7224.0
2008-01-29 00:00:00,2008-01-28 22:00:00,2008-01-29 06:00:00,1.6098,1.6173,1.60775,1.61455,6866.0
2008-01-30 00:00:00,2008-01-29 22:00:00,2008-01-30 06:00:00,1.61458,1.61862,1.60603,1.60959,8216.0
2008-01-31 00:00:00,2008-01-30 22:00:00,2008-01-31 06:00:00,1.6096,1.61135,1.60165,1.60684,9358.0
2008-02-01 00:00:00,2008-01-31 22:00:00,2008-02-01 06:00:00,1.6068,1.61263,1.60085,1.61259,8134.0
2008-02-04 00:00:00,2008-02-03 22:00:00,2008-02-04 06:00:00,1.61525,1.6181,1.61204,1.61356,6772.0
2008-02-05 00:00:00,2008-02-04 22:00:00,2008-02-05 06:00:00,1.61357,1.62157,1.6067,1.60779,8956.0
2008-02-06 00:00:00,2008-02-05 22:00:00,2008-02-06 06:00:00,1.60785,1.6088,1.60355,1.60418,7926.0
2008-02-07 00:00:00,2008-02-06 22:00:00,2008-02-07 06:00:00,1.60424,1.60686,1.59605,1.59869,8992.0
2008-02-08 00:00:00,2008-02-07 22:00:00,2008-02-08 06:00:00,1.59875,1.60345,1.59695,1.60063,6472.0
2008-02-11 00:00:00,2008-02-10 22:00:00,2008-02-11 06:00:00,1.60085,1.60185,1.59425,1.59864,6286.0
2008-02-12 00:00:00,2008-02-11 22:00:00,2008-02-12 06:00:00,1.59875,1.60895,1.59795,1.60679,6760.0
2008-02-13 00:00:00,2008-02-12 22:00:00,2008-02-13 06:00:00,1.60686,1.61617,1.60445,1.61221,7114.0
2008-02-14 00:00:00,2008-02-13 22:00:00,2008-02-14 06:00:00,1.61215,1.61816,1.60457,1.60655,7066.0
2008-02-15 00:00:00,2008-02-14 22:00:00,2008-02-15 06:00:00,1.6066,1.60967,1.59925,1.6052,6048.0
2008-02-18 00:00:00,2008-02-17 22:00:00,2008-02-18 06:00:00,1.60515,1.61685,1.6048,1.61466,4890.0
2008-02-19 00:00:00,2008-02-18 22:00:00,2008-02-19 06:00:00,1.61464,1.61571,1.60864,1.61128,7012.0
2008-02-20 00:00:00,2008-02-19 22:00:00,2008-02-20 06:00:00,1.61145,1.61866,1.60911,1.61838,7550.0
2008-02-21 00:00:00,2008-02-20 22:00:00,2008-02-21 06:00:00,1.61845,1.62305,1.61183,1.61502,7422.0
2008-02-22 00:00:00,2008-02-21 22:00:00,2008-02-22 06:00:00,1.61504,1.61665,1.60655,1.609,5834.0
2008-02-25 00:00:00,2008-02-24 22:00:00,2008-02-25 06:00:00,1.61051,1.61765,1.61005,1.61604,6024.0
2008-02-26 00:00:00,2008-02-25 22:00:00,2008-02-26 06:00:00,1.61598,1.61735,1.60893,1.61175,7796.0
2008-02-27 00:00:00,2008-02-26 22:00:00,2008-02-27 06:00:00,1.61165,1.61211,1.6055,1.60633,8358.0
2008-02-28 00:00:00,2008-02-27 22:00:00,2008-02-28 06:00:00,1.60637,1.60665,1.59289,1.59373,8188.0
2008-02-29 00:00:00,2008-02-28 22:00:00,2008-02-29 06:00:00,1.59372,1.59775,1.58003,1.58027,8448.0
2008-03-03 00:00:00,2008-03-02 22:00:00,2008-03-03 06:00:00,1.57213,1.58625,1.56998,1.58118,9824.0
2008-03-04 00:00:00,2008-03-03 22:00:00,2008-03-04 06:00:00,1.58117,1.58335,1.574,1.57841,8934.0
2008-03-05 00:00:00,2008-03-04 22:00:00,2008-03-05 06:00:00,1.57846,1.58535,1.57475,1.58413,9068.0
2008-03-06 00:00:00,2008-03-05 22:00:00,2008-03-06 06:00:00,1.58409,1.58567,1.57184,1.57321,10068.0
2008-03-07 00:00:00,2008-03-06 22:00:00,2008-03-07 06:00:00,1.57315,1.57725,1.56592,1.57426,9874.0
2008-03-10 00:00:00,2008-03-09 21:00:00,2008-03-10 05:00:00,1.5711,1.57255,1.5617,1.56538,8322.0
2008-03-11 00:00:00,2008-03-10 21:00:00,2008-03-11 05:00:00,1.56537,1.5879,1.56453,1.58236,9596.0
2008-03-12 00:00:00,2008-03-11 21:00:00,2008-03-12 05:00:00,1.58225,1.58615,1.57581,1.57671,10766.0
2008-03-13 00:00:00,2008-03-12 21:00:00,2008-03-13 05:00:00,1.5767,1.58202,1.56775,1.57838,12020.0
2008-03-14 00:00:00,2008-03-13 21:00:00,2008-03-14 05:00:00,1.57835,1.57905,1.56222,1.56452,11592.0
2008-03-17 00:00:00,2008-03-16 21:00:00,2008-03-17 05:00:00,1.54544,1.55615,1.53285,1.54663,12890.0
2008-03-18 00:00:00,2008-03-17 21:00:00,2008-03-18 05:00:00,1.54895,1.56945,1.54485,1.56632,11802.0
2008-03-19 00:00:00,2008-03-18 21:00:00,2008-03-19 05:00:00,1.56763,1.56945,1.55685,1.55897,13888.0
2008-03-20 00:00:00,2008-03-19 21:00:00,2008-03-20 05:00:00,1.5584,1.57055,1.55328,1.55372,11898.0
2008-03-21 00:00:00,2008-03-20 21:00:00,2008-03-21 05:00:00,1.5554,1.5593,1.55328,1.55785,2452.0
2008-03-24 00:00:00,2008-03-23 21:00:00,2008-03-24 05:00:00,1.55835,1.57678,1.55819,1.57469,6116.0
2008-03-25 00:00:00,2008-03-24 21:00:00,2008-03-25 05:00:00,1.57225,1.57765,1.5706,1.5742,10646.0
2008-03-26 00:00:00,2008-03-25 21:00:00,2008-03-26 05:00:00,1.57356,1.57697,1.56555,1.5662,11450.0
2008-03-27 00:00:00,2008-03-26 21:00:00,2008-03-27 05:00:00,1.56655,1.57225,1.56525,1.56797,11950.0
2008-03-28 00:00:00,2008-03-27 21:00:00,2008-03-28 05:00:00,1.56807,1.57565,1.56673,1.57207,10354.0
2008-03-31 00:00:00,2008-03-30 21:00:00,2008-03-31 05:00:00,1.57322,1.57555,1.56645,1.5674,9402.0
2008-04-01 00:00:00,2008-03-31 21:00:00,2008-04-01 05:00:00,1.56745,1.58127,1.56715,1.57964,11816.0
2008-04-02 00:00:00,2008-04-01 21:00:00,2008-04-02 05:00:00,1.57965,1.58566,1.57765,1.58151,10940.0
2008-04-03 00:00:00,2008-04-02 21:00:00,2008-04-03 05:00:00,1.5813,1.58565,1.57845,1.5842,10546.0
2008-04-04 00:00:00,2008-04-03 21:00:00,2008-04-04 05:00:00,1.58418,1.5877,1.57715,1.58302,9140.0
2008-04-07 00:00:00,2008-04-06 21:00:00,2008-04-07 05:00:00,1.58348,1.59555,1.58312,1.59113,8926.0
2008-04-08 00:00:00,2008-04-07 21:00:00,2008-04-08 05:00:00,1.59117,1.59545,1.58795,1.59313,9396.0
2008-04-09 00:00:00,2008-04-08 21:00:00,2008-04-09 05:00:00,1.59314,1.59447,1.5814,1.58233,10048.0
2008-04-10 00:00:00,2008-04-09 21:00:00,2008-04-10 05:00:00,1.58235,1.58785,1.57205,1.58678,11290.0
2008-04-11 00:00:00,2008-04-10 21:00:00,2008-04-11 05:00:00,1.58685,1.59015,1.5791,1.58232,9814.0
2008-04-14 00:00:00,2008-04-13 21:00:00,2008-04-14 05:00:00,1.57859,1.58335,1.57613,1.58209,10366.0
2008-04-15 00:00:00,2008-04-14 21:00:00,2008-04-15 05:00:00,1.58211,1.59315,1.57945,1.59221,9488.0
2008-04-16 00:00:00,2008-04-15 21:00:00,2008-04-16 05:00:00,1.59214,1.59535,1.58645,1.59156,10498.0
2008-04-17 00:00:00,2008-04-16 21:00:00,2008-04-17 05:00:00,1.59154,1.60138,1.59055,1.59863,10198.0
2008-04-18 00:00:00,2008-04-17 21:00:00,2008-04-18 05:00:00,1.59864,1.61625,1.59748,1.61056,9954.0
2008-04-21 00:00:00,2008-04-20 21:00:00,2008-04-21 05:00:00,1.61111,1.61158,1.60255,1.60413,9626.0
2008-04-22 00:00:00,2008-04-21 21:00:00,2008-04-22 05:00:00,1.60409,1.60915,1.60112,1.60349,11212.0
2008-04-23 00:00:00,2008-04-22 21:00:00,2008-04-23 05:00:00,1.60346,1.6166,1.6029,1.61249,9942.0
2008-04-24 00:00:00,2008-04-23 21:00:00,2008-04-24 05:00:00,1.61247,1.62465,1.61085,1.6242,11412.0
2008-04-25 00:00:00,2008-04-24 21:00:00,2008-04-25 05:00:00,1.62415,1.62458,1.61391,1.61663,9800.0
2008-04-28 00:00:00,2008-04-27 21:00:00,2008-04-28 05:00:00,1.61745,1.62052,1.61363,1.61861,8374.0
2008-04-29 00:00:00,2008-04-28 21:00:00,2008-04-29 05:00:00,1.61865,1.61976,1.61015,1.61515,9126.0
2008-04-30 00:00:00,2008-04-29 21:00:00,2008-04-30 05:00:00,1.61516,1.62347,1.61201,1.61743,10052.0
2008-05-01 00:00:00,2008-04-30 21:00:00,2008-05-01 05:00:00,1.61741,1.62285,1.61644,1.62195,8522.0
2008-05-02 00:00:00,2008-05-01 21:00:00,2008-05-02 05:00:00,1.62192,1.63195,1.61993,1.6306,8576.0
2008-05-05 00:00:00,2008-05-04 21:00:00,2008-05-05 05:00:00,1.63039,1.6346,1.62841,1.63216,6434.0
2008-05-06 00:00:00,2008-05-05 21:00:00,2008-05-06 05:00:00,1.63211,1.63405,1.62555,1.63225,8784.0
2008-05-07 00:00:00,2008-05-06 21:00:00,2008-05-07 05:00:00,1.63221,1.63357,1.62255,1.62353,9418.0
2008-05-08 00:00:00,2008-05-07 21:00:00,2008-05-08 05:00:00,1.6235,1.62476,1.61683,1.61727,9790.0
2008-05-09 00:00:00,2008-05-08 21:00:00,2008-05-09 05:00:00,1.61719,1.61879,1.60655,1.61173,9646.0
2008-05-12 00:00:00,2008-05-11 21:00:00,2008-05-12 05:00:00,1.6127,1.62324,1.61135,1.62206,9326.0
2008-05-13 00:00:00,2008-05-12 21:00:00,2008-05-13 05:00:00,1.62205,1.63036,1.61845,1.62791,10918.0
2008-05-14 00:00:00,2008-05-13 21:00:00,2008-05-14 05:00:00,1.6279,1.63367,1.62654,1.6312,9026.0
2008-05-15 00:00:00,2008-05-14 21:00:00,2008-05-15 05:00:00,1.63122,1.63485,1.62875,1.63258,10338.0
2008-05-16 00:00:00,2008-05-15 21:00:00,2008-05-16 05:00:00,1.63256,1.63687,1.6268,1.63201,9228.0
2008-05-19 00:00:00,2008-05-18 21:00:00,2008-05-19 05:00:00,1.6329,1.63757,1.62745,1.63352,8490.0
2008-05-20 00:00:00,2008-05-19 21:00:00,2008-05-20 05:00:00,1.63354,1.63366,1.62231,1.62274,10036.0
2008-05-21 00:00:00,2008-05-20 21:00:00,2008-05-21 05:00:00,1.62278,1.62777,1.6162,1.61736,10168.0
2008-05-22 00:00:00,2008-05-21 21:00:00,2008-05-22 05:00:00,1.61735,1.62536,1.61665,1.62155,9922.0
2008-05-23 00:00:00,2008-05-22 21:00:00,2008-05-23 05:00:00,1.62154,1.62285,1.6131,1.61424,7866.0
2008-05-26 00:00:00,2008-05-25 21:00:00,2008-05-26 05:00:00,1.61627,1.61868,1.61484,1.61629,3860.0
2008-05-27 00:00:00,2008-05-26 21:00:00,2008-05-27 05:00:00,1.6163,1.62345,1.61463,1.62069,8202.0
2008-05-28 00:00:00,2008-05-27 21:00:00,2008-05-28 05:00:00,1.62065,1.62785,1.6162,1.62445,10052.0
2008-05-29 00:00:00,2008-05-28 21:00:00,2008-05-29 05:00:00,1.62455,1.63005,1.62394,1.62817,9740.0
2008-05-30 00:00:00,2008-05-29 21:00:00,2008-05-30 05:00:00,1.62818,1.62879,1.6206,1.62079,7782.0
2008-06-02 00:00:00,2008-06-01 21:00:00,2008-06-02 05:00:00,1.62055,1.62158,1.60795,1.61132,9442.0
2008-06-03 00:00:00,2008-06-02 21:00:00,2008-06-03 05:00:00,1.6113,1.61695,1.60535,1.60987,10706.0
2008-06-04 00:00:00,2008-06-03 21:00:00,2008-06-04 05:00:00,1.60978,1.61167,1.60367,1.60866,10068.0
2008-06-05 00:00:00,2008-06-04 21:00:00,2008-06-05 05:00:00,1.60871,1.61935,1.60801,1.61904,10184.0
2008-06-06 00:00:00,2008-06-05 21:00:00,2008-06-06 05:00:00,1.61907,1.62229,1.60651,1.6072,9732.0
2008-06-09 00:00:00,2008-06-08 21:00:00,2008-06-09 05:00:00,1.6094,1.61299,1.60572,1.60704,11334.0
2008-06-10 00:00:00,2008-06-09 21:00:00,2008-06-10 05:00:00,1.60702,1.61335,1.6053,1.61253,11000.0
2008-06-11 00:00:00,2008-06-10 21:00:00,2008-06-11 05:00:00,1.61252,1.61557,1.60269,1.60294,10472.0
2008-06-12 00:00:00,2008-06-11 21:00:00,2008-06-12 05:00:00,1.60299,1.61368,1.6025,1.60768,10752.0
2008-06-13 00:00:00,2008-06-12 21:00:00,2008-06-13 05:00:00,1.6077,1.61465,1.60718,1.61023,9720.0
2008-06-16 00:00:00,2008-06-15 21:00:00,2008-06-16 05:00:00,1.6121,1.61902,1.61065,1.61592,8530.0
2008-06-17 00:00:00,2008-06-16 21:00:00,2008-06-17 05:00:00,1.61591,1.61989,1.61245,1.61556,10196.0
2008-06-18 00:00:00,2008-06-17 21:00:00,2008-06-18 05:00:00,1.6155,1.61875,1.60818,1.60857,8828.0
2008-06-19 00:00:00,2008-06-18 21:00:00,2008-06-19 05:00:00,1.60855,1.62175,1.60733,1.61841,9990.0
2008-06-20 00:00:00,2008-06-19 21:00:00,2008-06-20 05:00:00,1.61835,1.62048,1.61275,1.61647,7632.0
2008-06-23 00:00:00,2008-06-22 21:00:00,2008-06-23 05:00:00,1.61685,1.62428,1.61562,1.62265,8078.0
2008-06-24 00:00:00,2008-06-23 21:00:00,2008-06-24 05:00:00,1.62268,1.62386,1.61585,1.62136,8242.0
2008-06-25 00:00:00,2008-06-24 21:00:00,2008-06-25 05:00:00,1.62132,1.62446,1.62005,1.6224,7632.0
2008-06-26 00:00:00,2008-06-25 21:00:00,2008-06-26 05:00:00,1.62232,1.62497,1.61093,1.61205,9616.0
2008-06-27 00:00:00,2008-06-26 21:00:00,2008-06-27 05:00:00,1.612,1.61525,1.60395,1.6082,8152.0
2008-06-30 00:00:00,2008-06-29 21:00:00,2008-06-30 05:00:00,1.60861,1.60945,1.60302,1.60845,7944.0
2008-07-01 00:00:00,2008-06-30 21:00:00,2008-07-01 05:00:00,1.60847,1.61246,1.60145,1.61016,8454.0
2008-07-02 00:00:00,2008-07-01 21:00:00,2008-07-02 05:00:00,1.61015,1.61505,1.60745,1.61012,8112.0
2008-07-03 00:00:00,2008-07-02 21:00:00,2008-07-03 05:00:00,1.61009,1.61428,1.60795,1.61108,7702.0
2008-07-04 00:00:00,2008-07-03 21:00:00,2008-07-04 05:00:00,1.6111,1.612,1.60623,1.6097,4216.0
2008-07-07 00:00:00,2008-07-06 21:00:00,2008-07-07 05:00:00,1.60809,1.61651,1.60792,1.61242,7962.0
2008-07-08 00:00:00,2008-07-07 21:00:00,2008-07-08 05:00:00,1.61239,1.61995,1.60795,1.61873,8038.0
2008-07-09 00:00:00,2008-07-08 21:00:00,2008-07-09 05:00:00,1.61875,1.62315,1.61554,1.61838,7832.0
2008-07-10 00:00:00,2008-07-09 21:00:00,2008-07-10 05:00:00,1.6183,1.62355,1.61789,1.62242,7986.0
2008-07-11 00:00:00,2008-07-10 21:00:00,2008-07-11 05:00:00,1.62239,1.62458,1.61503,1.61903,8920.0
2008-07-14 00:00:00,2008-07-13 21:00:00,2008-07-14 05:00:00,1.62041,1.62389,1.61544,1.61554,8284.0
2008-07-15 00:00:00,2008-07-14 21:00:00,2008-07-15 05:00:00,1.61548,1.61695,1.60295,1.60768,10534.0
2008-07-16 00:00:00,2008-07-15 21:00:00,2008-07-16 05:00:00,1.60765,1.61161,1.59903,1.60958,9860.0
2008-07-17 00:00:00,2008-07-16 21:00:00,2008-07-17 05:00:00,1.60959,1.62145,1.60815,1.61738,10248.0
2008-07-18 00:00:00,2008-07-17 21:00:00,2008-07-18 05:00:00,1.6174,1.62089,1.61602,1.62021,7576.0
2008-07-21 00:00:00,2008-07-20 21:00:00,2008-07-21 05:00:00,1.62047,1.62296,1.61908,1.61963,6990.0
2008-07-22 00:00:00,2008-07-21 21:00:00,2008-07-22 05:00:00,1.61964,1.62965,1.61608,1.62663,7848.0
2008-07-23 00:00:00,2008-07-22 21:00:00,2008-07-23 05:00:00,1.62669,1.63108,1.6253,1.62865,8766.0
2008-07-24 00:00:00,2008-07-23 21:00:00,2008-07-24 05:00:00,1.62875,1.62975,1.6227,1.62402,7864.0
2008-07-25 00:00:00,2008-07-24 21:00:00,2008-07-25 05:00:00,1.62403,1.6309,1.6223,1.62766,7444.0
2008-07-28 00:00:00,2008-07-27 21:00:00,2008-07-28 05:00:00,1.62927,1.62955,1.62545,1.62581,6034.0
2008-07-29 00:00:00,2008-07-28 21:00:00,2008-07-29 05:00:00,1.62579,1.63218,1.62512,1.62888,7372.0
2008-07-30 00:00:00,2008-07-29 21:00:00,2008-07-30 05:00:00,1.62891,1.63365,1.62845,1.63254,7270.0
2008-07-31 00:00:00,2008-07-30 21:00:00,2008-07-31 05:00:00,1.63249,1.63685,1.63111,1.63311,7344.0
2008-08-01 00:00:00,2008-07-31 21:00:00,2008-08-01 05:00:00,1.63314,1.63388,1.62887,1.63353,6772.0
2008-08-04 00:00:00,2008-08-03 21:00:00,2008-08-04 05:00:00,1.6318,1.63461,1.6309,1.63139,6392.0
2008-08-05 00:00:00,2008-08-04 21:00:00,2008-08-05 05:00:00,1.63137,1.63415,1.62922,1.6305,7280.0
2008-08-06 00:00:00,2008-08-05 21:00:00,2008-08-06 05:00:00,1.63055,1.63488,1.62781,1.63264,6114.0
2008-08-07 00:00:00,2008-08-06 21:00:00,2008-08-07 05:00:00,1.63268,1.63395,1.6256,1.62628,7726.0
2008-08-08 00:00:00,2008-08-07 21:00:00,2008-08-08 05:00:00,1.62622,1.62938,1.62245,1.6239,8904.0
2008-08-11 00:00:00,2008-08-10 21:00:00,2008-08-11 05:00:00,1.61816,1.62175,1.61671,1.6205,8224.0
2008-08-12 00:00:00,2008-08-11 21:00:00,2008-08-12 05:00:00,1.62054,1.62418,1.61825,1.61961,9214.0
2008-08-13 00:00:00,2008-08-12 21:00:00,2008-08-13 05:00:00,1.61956,1.62335,1.61555,1.61837,9222.0
2008-08-14 00:00:00,2008-08-13 21:00:00,2008-08-14 05:00:00,1.61836,1.62335,1.61721,1.61926,8478.0
2008-08-15 00:00:00,2008-08-14 21:00:00,2008-08-15 05:00:00,1.61927,1.62225,1.6094,1.60963,7394.0
2008-08-18 00:00:00,2008-08-17 21:00:00,2008-08-18 05:00:00,1.61055,1.61757,1.60995,1.61186,7366.0
2008-08-19 00:00:00,2008-08-18 21:00:00,2008-08-19 05:00:00,1.61184,1.61415,1.60995,1.61364,8400.0
2008-08-20 00:00:00,2008-08-19 21:00:00,2008-08-20 05:00:00,1.61363,1.62128,1.61265,1.6207,7498.0
2008-08-21 00:00:00,2008-08-20 21:00:00,2008-08-21 05:00:00,1.6206,1.62105,1.61445,1.61901,8104.0
2008-08-22 00:00:00,2008-08-21 21:00:00,2008-08-22 05:00:00,1.61896,1.62555,1.618,1.62482,7002.0
2008-08-25 00:00:00,2008-08-24 21:00:00,2008-08-25 05:00:00,1.62235,1.62305,1.61555,1.6167,2686.0
2008-08-26 00:00:00,2008-08-25 21:00:00,2008-08-26 05:00:00,1.6166,1.61905,1.61025,1.61175,5592.0
2008-08-27 00:00:00,2008-08-26 21:00:00,2008-08-27 05:00:00,1.61166,1.61725,1.61065,1.6161,5452.0
2008-08-28 00:00:00,2008-08-27 21:00:00,2008-08-28 05:00:00,1.61611,1.61742,1.61065,1.61388,5304.0
2008-08-29 00:00:00,2008-08-28 21:00:00,2008-08-29 05:00:00,1.61391,1.61787,1.6128,1.61588,5054.0
2008-09-01 00:00:00,2008-08-31 21:00:00,2008-09-01 05:00:00,1.61496,1.61519,1.60566,1.60836,5266.0
2008-09-02 00:00:00,2008-09-01 21:00:00,2008-09-02 05:00:00,1.60831,1.61155,1.60497,1.60593,7216.0
2008-09-03 00:00:00,2008-09-02 21:00:00,2008-09-03 05:00:00,1.60592,1.60838,1.60133,1.6035,7418.0
2008-09-04 00:00:00,2008-09-03 21:00:00,2008-09-04 05:00:00,1.60351,1.60436,1.58116,1.58619,8304.0
2008-09-05 00:00:00,2008-09-04 21:00:00,2008-09-05 05:00:00,1.58618,1.59572,1.58147,1.59572,9470.0
2008-09-08 00:00:00,2008-09-07 21:00:00,2008-09-08 05:00:00,1.60395,1.60809,1.59248,1.59273,9406.0
2008-09-09 00:00:00,2008-09-08 21:00:00,2008-09-09 05:00:00,1.5927,1.60222,1.59066,1.59314,8788.0
2008-09-10 00:00:00,2008-09-09 21:00:00,2008-09-10 05:00:00,1.59318,1.59811,1.58784,1.58839,8192.0
2008-09-11 00:00:00,2008-09-10 21:00:00,2008-09-11 05:00:00,1.58837,1.59514,1.58391,1.59336,8114.0
2008-09-12 00:00:00,2008-09-11 21:00:00,2008-09-12 05:00:00,1.59329,1.60919,1.59002,1.60729,8032.0
2008-09-15 00:00:00,2008-09-14 21:00:00,2008-09-15 05:00:00,1.60421,1.60549,1.58412,1.58511,12368.0
2008-09-16 00:00:00,2008-09-15 21:00:00,2008-09-16 05:00:00,1.58497,1.59183,1.57507,1.59078,12104.0
2008-09-17 00:00:00,2008-09-16 21:00:00,2008-09-17 05:00:00,1.5907,1.59462,1.57725,1.5791,11040.0
2008-09-18 00:00:00,2008-09-17 21:00:00,2008-09-18 05:00:00,1.57907,1.59016,1.57724,1.58575,10928.0
2008-09-19 00:00:00,2008-09-18 21:00:00,2008-09-19 05:00:00,1.58579,1.60346,1.58376,1.59907,9984.0
2008-09-22 00:00:00,2008-09-21 21:00:00,2008-09-22 05:00:00,1.59729,1.60227,1.58697,1.5902,10284.0
2008-09-23 00:00:00,2008-09-22 21:00:00,2008-09-23 05:00:00,1.59021,1.59602,1.58975,1.59424,9074.0
2008-09-24 00:00:00,2008-09-23 21:00:00,2008-09-24 05:00:00,1.59425,1.59738,1.59131,1.59418,8642.0
2008-09-25 00:00:00,2008-09-24 21:00:00,2008-09-25 05:00:00,1.5942,1.59669,1.59043,1.59103,9564.0
2008-09-26 00:00:00,2008-09-25 21:00:00,2008-09-26 05:00:00,1.59105,1.59364,1.58603,1.59333,7732.0
2008-09-29 00:00:00,2008-09-28 21:00:00,2008-09-29 05:00:00,1.5918,1.59285,1.56603,1.57009,9240.0
2008-09-30 00:00:00,2008-09-29 21:00:00,2008-09-30 05:00:00,1.57007,1.58339,1.5694,1.58079,9056.0
2008-10-01 00:00:00,2008-09-30 21:00:00,2008-10-01 05:00:00,1.58082,1.58209,1.56905,1.57624,9284.0
2008-10-02 00:00:00,2008-10-01 21:00:00,2008-10-02 05:00:00,1.57629,1.57751,1.56306,1.56535,9504.0
2008-10-03 00:00:00,2008-10-02 21:00:00,2008-10-03 05:00:00,1.56536,1.56988,1.55451,1.55483,9166.0
2008-10-06 00:00:00,2008-10-05 21:00:00,2008-10-06 05:00:00,1.54311,1.55421,1.54037,1.54745,11406.0
2008-10-07 00:00:00,2008-10-06 21:00:00,2008-10-07 05:00:00,1.54749,1.56162,1.5447,1.55057,11598.0
2008-10-08 00:00:00,2008-10-07 21:00:00,2008-10-08 05:00:00,1.55056,1.55681,1.53576,1.53657,10806.0
2008-10-09 00:00:00,2008-10-08 21:00:00,2008-10-09 05:00:00,1.53656,1.55047,1.53055,1.53105,10176.0
2008-10-10 00:00:00,2008-10-09 21:00:00,2008-10-10 05:00:00,1.53103,1.5341,1.5076,1.52552,10690.0
2008-10-13 00:00:00,2008-10-12 21:00:00,2008-10-13 05:00:00,1.53856,1.5503,1.53334,1.54871,8880.0
2008-10-14 00:00:00,2008-10-13 21:00:00,2008-10-14 05:00:00,1.54877,1.55575,1.54289,1.54506,10452.0
2008-10-15 00:00:00,2008-10-14 21:00:00,2008-10-15 05:00:00,1.54496,1.55051,1.52252,1.5305,10126.0
2008-10-16 00:00:00,2008-10-15 21:00:00,2008-10-16 05:00:00,1.53047,1.53745,1.5143,1.52986,11110.0
2008-10-17 00:00:00,2008-10-16 21:00:00,2008-10-17 05:00:00,1.52993,1.53355,1.51736,1.52472,8368.0
2008-10-20 00:00:00,2008-10-19 21:00:00,2008-10-20 05:00:00,1.52682,1.53518,1.52617,1.53318,8606.0
2008-10-21 00:00:00,2008-10-20 21:00:00,2008-10-21 05:00:00,1.53323,1.53481,1.50223,1.50328,8644.0
2008-10-22 00:00:00,2008-10-21 21:00:00,2008-10-22 05:00:00,1.50326,1.50457,1.48484,1.4894,9106.0
2008-10-23 00:00:00,2008-10-22 21:00:00,2008-10-23 05:00:00,1.48946,1.5048,1.48548,1.49908,8742.0
2008-10-24 00:00:00,2008-10-23 21:00:00,2008-10-24 05:00:00,1.4989,1.49964,1.4409,1.47279,9574.0
2008-10-27 00:00:00,2008-10-26 21:00:00,2008-10-27 05:00:00,1.46599,1.47545,1.42988,1.4335,8042.0
2008-10-28 00:00:00,2008-10-27 21:00:00,2008-10-28 05:00:00,1.44118,1.478,1.43195,1.4678,8806.0
2008-10-29 00:00:00,2008-10-28 21:00:00,2008-10-29 05:00:00,1.4761,1.48507,1.45555,1.4835,9462.0
2008-10-30 00:00:00,2008-10-29 21:00:00,2008-10-30 05:00:00,1.46291,1.49065,1.45605,1.4604,9832.0
2008-10-31 00:00:00,2008-10-30 21:00:00,2008-10-31 05:00:00,1.4722,1.48268,1.45415,1.47415,8570.0
2008-11-03 00:00:00,2008-11-02 22:00:00,2008-11-03 06:00:00,1.47555,1.4887,1.47399,1.48391,8512.0
2008-11-04 00:00:00,2008-11-03 22:00:00,2008-11-04 06:00:00,1.48519,1.5147,1.47777,1.50965,9982.0
2008-11-05 00:00:00,2008-11-04 22:00:00,2008-11-05 06:00:00,1.5092,1.5172,1.49605,1.49656,10106.0
2008-11-06 00:00:00,2008-11-05 22:00:00,2008-11-06 06:00:00,1.50001,1.50742,1.49265,1.4952,8960.0
2008-11-07 00:00:00,2008-11-06 22:00:00,2008-11-07 06:00:00,1.49763,1.50458,1.49265,1.49865,7328.0
2008-11-10 00:00:00,2008-11-09 22:00:00,2008-11-10 06:00:00,1.50405,1.5166,1.4984,1.49936,7178.0
2008-11-11 00:00:00,2008-11-10 22:00:00,2008-11-11 06:00:00,1.4994,1.5046,1.48359,1.4893,7206.0
2008-11-12 00:00:00,2008-11-11 22:00:00,2008-11-12 06:00:00,1.4892,1.49375,1.4713,1.482,8144.0
2008-11-13 00:00:00,2008-11-12 22:00:00,2008-11-13 06:00:00,1.4819,1.52225,1.47645,1.5138,8434.0
2008-11-14 00:00:00,2008-11-13 22:00:00,2008-11-14 06:00:00,1.5136,1.5184,1.50448,1.50645,6822.0
2008-11-17 00:00:00,2008-11-16 22:00:00,2008-11-17 06:00:00,1.5039,1.52335,1.5024,1.51438,7098.0
2008-11-18 00:00:00,2008-11-17 22:00:00,2008-11-18 06:00:00,1.5147,1.52014,1.5088,1.5169,7156.0
2008-11-19 00:00:00,2008-11-18 22:00:00,2008-11-19 06:00:00,1.517,1.53278,1.5136,1.5165,7696.0
2008-11-20 00:00:00,2008-11-19 22:00:00,2008-11-20 06:00:00,1.5164,1.53645,1.5127,1.5255,7946.0
2008-11-21 00:00:00,2008-11-20 22:00:00,2008-11-21 06:00:00,1.5254,1.54173,1.5245,1.53889,7234.0
2008-11-24 00:00:00,2008-11-23 22:00:00,2008-11-24 06:00:00,1.53665,1.54715,1.53515,1.54325,7896.0
2008-11-25 00:00:00,2008-11-24 22:00:00,2008-11-25 06:00:00,1.54305,1.55199,1.54,1.54306,8100.0
2008-11-26 00:00:00,2008-11-25 22:00:00,2008-11-26 06:00:00,1.5429,1.55297,1.54148,1.54914,7372.0
2008-11-27 00:00:00,2008-11-26 22:00:00,2008-11-27 06:00:00,1.54916,1.55183,1.54388,1.54894,4180.0
2008-11-28 00:00:00,2008-11-27 22:00:00,2008-11-28 06:00:00,1.54889,1.55126,1.53965,1.53975,5400.0
2008-12-01 00:00:00,2008-11-30 22:00:00,2008-12-01 06:00:00,1.5337,1.53797,1.51616,1.52128,7062.0
2008-12-02 00:00:00,2008-12-01 22:00:00,2008-12-02 06:00:00,1.52137,1.5359,1.51736,1.5327,7886.0
2008-12-03 00:00:00,2008-12-02 22:00:00,2008-12-03 06:00:00,1.53267,1.5398,1.5269,1.53465,7302.0
2008-12-04 00:00:00,2008-12-03 22:00:00,2008-12-04 06:00:00,1.53459,1.5399,1.52211,1.52998,7682.0
2008-12-05 00:00:00,2008-12-04 22:00:00,2008-12-05 06:00:00,1.52971,1.55475,1.52913,1.55179,7436.0
2008-12-08 00:00:00,2008-12-07 22:00:00,2008-12-08 06:00:00,1.55293,1.56155,1.55225,1.5563,6836.0
2008-12-09 00:00:00,2008-12-08 22:00:00,2008-12-09 06:00:00,1.5563,1.56445,1.55552,1.55869,6976.0
2008-12-10 00:00:00,2008-12-09 22:00:00,2008-12-10 06:00:00,1.55864,1.56278,1.55452,1.56107,6856.0
2008-12-11 00:00:00,2008-12-10 22:00:00,2008-12-11 06:00:00,1.56109,1.58147,1.55956,1.57894,8224.0
2008-12-12 00:00:00,2008-12-11 22:00:00,2008-12-12 06:00:00,1.57886,1.58075,1.56843,1.57336,8076.0
2008-12-15 00:00:00,2008-12-14 22:00:00,2008-12-15 06:00:00,1.57845,1.58796,1.57515,1.58609,7212.0
2008-12-16 00:00:00,2008-12-15 22:00:00,2008-12-16 06:00:00,1.58603,1.58672,1.57223,1.57537,7982.0
2008-12-17 00:00:00,2008-12-16 22:00:00,2008-12-17 06:00:00,1.57543,1.57798,1.54345,1.54598,9164.0
2008-12-18 00:00:00,2008-12-17 22:00:00,2008-12-18 06:00:00,1.54595,1.55176,1.52834,1.53944,10332.0
2008-12-19 00:00:00,2008-12-18 22:00:00,2008-12-19 06:00:00,1.53933,1.54783,1.5345,1.53546,7526.0
2008-12-22 00:00:00,2008-12-21 22:00:00,2008-12-22 06:00:00,1.53953,1.54248,1.51985,1.52841,5618.0
2008-12-23 00:00:00,2008-12-22 22:00:00,2008-12-23 06:00:00,1.52846,1.53138,1.51266,1.51446,4720.0
2008-12-24 00:00:00,2008-12-23 22:00:00,2008-12-24 06:00:00,1.51449,1.51884,1.50064,1.50557,2430.0
2008-12-26 00:00:00,2008-12-25 22:00:00,2008-12-26 06:00:00,1.51103,1.51368,1.49913,1.49942,2316.0
2008-12-29 00:00:00,2008-12-28 22:00:00,2008-12-29 06:00:00,1.49648,1.50365,1.47561,1.4836,6850.0
2008-12-30 00:00:00,2008-12-29 22:00:00,2008-12-30 06:00:00,1.48391,1.49932,1.47703,1.49058,5646.0
2008-12-31 00:00:00,2008-12-30 22:00:00,2008-12-31 06:00:00,1.49051,1.49383,1.47564,1.49074,4612.0
2009-01-02 00:00:00,2009-01-01 22:00:00,2009-01-02 06:00:00,1.48898,1.50547,1.48135,1.50342,4338.0
2009-01-05 00:00:00,2009-01-04 22:00:00,2009-01-05 06:00:00,1.49738,1.51433,1.49274,1.50824,8032.0
2009-01-06 00:00:00,2009-01-05 22:00:00,2009-01-06 06:00:00,1.5081,1.51211,1.49751,1.50541,8694.0
2009-01-07 00:00:00,2009-01-06 22:00:00,2009-01-07 06:00:00,1.50545,1.50925,1.4932,1.50173,8480.0
2009-01-08 00:00:00,2009-01-07 22:00:00,2009-01-08 06:00:00,1.50169,1.50319,1.49345,1.49736,8544.0
2009-01-09 00:00:00,2009-01-08 22:00:00,2009-01-09 06:00:00,1.49732,1.50524,1.49172,1.50038,7424.0
2009-01-12 00:00:00,2009-01-11 22:00:00,2009-01-12 06:00:00,1.49798,1.50344,1.48535,1.48919,7652.0
2009-01-13 00:00:00,2009-01-12 22:00:00,2009-01-13 06:00:00,1.48935,1.49027,1.47354,1.47789,8108.0
2009-01-14 00:00:00,2009-01-13 22:00:00,2009-01-14 06:00:00,1.47793,1.48376,1.46568,1.47006,8436.0
2009-01-15 00:00:00,2009-01-14 22:00:00,2009-01-15 06:00:00,1.47003,1.48153,1.46757,1.47717,9202.0
2009-01-16 00:00:00,2009-01-15 22:00:00,2009-01-16 06:00:00,1.47712,1.48826,1.47429,1.48489,7760.0
2009-01-19 00:00:00,2009-01-18 22:00:00,2009-01-19 06:00:00,1.48809,1.49271,1.47808,1.47865,6252.0
2009-01-20 00:00:00,2009-01-19 22:00:00,2009-01-20 06:00:00,1.47863,1.48605,1.4759,1.4799,8452.0
2009-01-21 00:00:00,2009-01-20 22:00:00,2009-01-21 06:00:00,1.47993,1.50552,1.47347,1.50162,9398.0
2009-01-22 00:00:00,2009-01-21 22:00:00,2009-01-22 06:00:00,1.50148,1.51064,1.49245,1.49949,8776.0
2009-01-23 00:00:00,2009-01-22 22:00:00,2009-01-23 06:00:00,1.49952,1.50347,1.48929,1.49603,9430.0
2009-01-26 00:00:00,2009-01-25 22:00:00,2009-01-26 06:00:00,1.49709,1.509,1.49531,1.50114,9448.0
2009-01-27 00:00:00,2009-01-26 22:00:00,2009-01-27 06:00:00,1.50123,1.50876,1.4964,1.50715,9796.0
2009-01-28 00:00:00,2009-01-27 22:00:00,2009-01-28 06:00:00,1.50715,1.51925,1.504,1.51426,9320.0
2009-01-29 00:00:00,2009-01-28 22:00:00,2009-01-29 06:00:00,1.51424,1.51553,1.48688,1.48908,9828.0
2009-01-30 00:00:00,2009-01-29 22:00:00,2009-01-30 06:00:00,1.48911,1.49925,1.4824,1.48643,9544.0
2009-02-02 00:00:00,2009-02-01 22:00:00,2009-02-02 06:00:00,1.48406,1.4937,1.48145,1.49004,7756.0
2009-02-03 00:00:00,2009-02-02 22:00:00,2009-02-03 06:00:00,1.49007,1.49699,1.48232,1.48768,9322.0
2009-02-04 00:00:00,2009-02-03 22:00:00,2009-02-04 06:00:00,1.4877,1.49391,1.48652,1.48834,9330.0
2009-02-05 00:00:00,2009-02-04 22:00:00,2009-02-05 06:00:00,1.4883,1.50035,1.48779,1.4988,8272.0
2009-02-06 00:00:00,2009-02-05 22:00:00,2009-02-06 06:00:00,1.49874,1.50825,1.4956,1.50222,7940.0
2009-02-09 00:00:00,2009-02-08 22:00:00,2009-02-09 06:00:00,1.50211,1.51515,1.4988,1.50734,8546.0
2009-02-10 00:00:00,2009-02-09 22:00:00,2009-02-10 06:00:00,1.50731,1.51265,1.4904,1.4936,10152.0
2009-02-11 00:00:00,2009-02-10 22:00:00,2009-02-11 06:00:00,1.49357,1.50113,1.4921,1.49436,8042.0
2009-02-12 00:00:00,2009-02-11 22:00:00,2009-02-12 06:00:00,1.49433,1.49735,1.4873,1.49507,8632.0
2009-02-13 00:00:00,2009-02-12 22:00:00,2009-02-13 06:00:00,1.49504,1.49855,1.49051,1.49266,7330.0
2009-02-16 00:00:00,2009-02-15 22:00:00,2009-02-16 06:00:00,1.48967,1.49249,1.48241,1.48325,5142.0
2009-02-17 00:00:00,2009-02-16 22:00:00,2009-02-17 06:00:00,1.48319,1.48614,1.46966,1.47081,9016.0
2009-02-18 00:00:00,2009-02-17 22:00:00,2009-02-18 06:00:00,1.47084,1.48427,1.46961,1.47601,9596.0
2009-02-19 00:00:00,2009-02-18 22:00:00,2009-02-19 06:00:00,1.47603,1.49455,1.47511,1.48636,8992.0
2009-02-20 00:00:00,2009-02-19 22:00:00,2009-02-20 06:00:00,1.48622,1.49891,1.47584,1.48288,9958.0
2009-02-23 00:00:00,2009-02-22 22:00:00,2009-02-23 06:00:00,1.48461,1.4932,1.48148,1.48348,10958.0
2009-02-24 00:00:00,2009-02-23 22:00:00,2009-02-24 06:00:00,1.4835,1.49174,1.47706,1.48946,9968.0
2009-02-25 00:00:00,2009-02-24 22:00:00,2009-02-25 06:00:00,1.48947,1.49215,1.48,1.48924,9942.0
2009-02-26 00:00:00,2009-02-25 22:00:00,2009-02-26 06:00:00,1.48925,1.49055,1.48109,1.48203,9032.0
2009-02-27 00:00:00,2009-02-26 22:00:00,2009-02-27 06:00:00,1.48202,1.488,1.47666,1.48201,9672.0
2009-03-02 00:00:00,2009-03-01 22:00:00,2009-03-02 06:00:00,1.47634,1.48231,1.47455,1.47795,9332.0
2009-03-03 00:00:00,2009-03-02 22:00:00,2009-03-03 06:00:00,1.47796,1.48625,1.47216,1.473,10266.0
2009-03-04 00:00:00,2009-03-03 22:00:00,2009-03-04 06:00:00,1.47304,1.48323,1.47298,1.47729,8994.0
2009-03-05 00:00:00,2009-03-04 22:00:00,2009-03-05 06:00:00,1.47731,1.48003,1.46713,1.46803,8950.0
2009-03-06 00:00:00,2009-03-05 22:00:00,2009-03-06 06:00:00,1.46807,1.4695,1.45754,1.46525,9300.0
2009-03-09 00:00:00,2009-03-08 21:00:00,2009-03-09 05:00:00,1.46862,1.47172,1.45969,1.46321,8836.0
2009-03-10 00:00:00,2009-03-09 21:00:00,2009-03-10 05:00:00,1.4632,1.47472,1.4588,1.474,9670.0
2009-03-11 00:00:00,2009-03-10 21:00:00,2009-03-11 05:00:00,1.47399,1.48207,1.47222,1.47962,10086.0
2009-03-12 00:00:00,2009-03-11 21:00:00,2009-03-12 05:00:00,1.47959,1.53416,1.47524,1.53396,10540.0
2009-03-13 00:00:00,2009-03-12 21:00:00,2009-03-13 05:00:00,1.53401,1.54001,1.52641,1.53201,8786.0
2009-03-16 00:00:00,2009-03-15 21:00:00,2009-03-16 05:00:00,1.53365,1.54456,1.53299,1.53861,8306.0
2009-03-17 00:00:00,2009-03-16 21:00:00,2009-03-17 05:00:00,1.5367,1.54423,1.53155,1.53858,8510.0
2009-03-18 00:00:00,2009-03-17 21:00:00,2009-03-18 05:00:00,1.53849,1.54138,1.52701,1.53534,10774.0
2009-03-19 00:00:00,2009-03-18 21:00:00,2009-03-19 05:00:00,1.53886,1.54245,1.53196,1.53221,12518.0
2009-03-20 00:00:00,2009-03-19 21:00:00,2009-03-20 05:00:00,1.53476,1.53592,1.52258,1.5308,10318.0
2009-03-23 00:00:00,2009-03-22 21:00:00,2009-03-23 05:00:00,1.53305,1.53775,1.52885,1.53503,10152.0
2009-03-24 00:00:00,2009-03-23 21:00:00,2009-03-24 05:00:00,1.53263,1.53551,1.52044,1.52239,11324.0
2009-03-25 00:00:00,2009-03-24 21:00:00,2009-03-25 05:00:00,1.52337,1.52526,1.51867,1.52219,10158.0
2009-03-26 00:00:00,2009-03-25 21:00:00,2009-03-26 05:00:00,1.52278,1.5298,1.52049,1.5264,10034.0
2009-03-27 00:00:00,2009-03-26 21:00:00,2009-03-27 05:00:00,1.52478,1.53005,1.51742,1.52014,8602.0
2009-03-30 00:00:00,2009-03-29 21:00:00,2009-03-30 05:00:00,1.5192,1.5208,1.51275,1.51707,8588.0
2009-03-31 00:00:00,2009-03-30 21:00:00,2009-03-31 05:00:00,1.51699,1.51941,1.50599,1.50611,9274.0
2009-04-01 00:00:00,2009-03-31 21:00:00,2009-04-01 05:00:00,1.50612,1.5185,1.5059,1.51722,8290.0
2009-04-02 00:00:00,2009-04-01 21:00:00,2009-04-02 05:00:00,1.51725,1.52842,1.51641,1.52652,10282.0
2009-04-03 00:00:00,2009-04-02 21:00:00,2009-04-03 05:00:00,1.52624,1.52741,1.52072,1.52499,8152.0
2009-04-06 00:00:00,2009-04-05 21:00:00,2009-04-06 05:00:00,1.52672,1.52995,1.515,1.51602,9202.0
2009-04-07 00:00:00,2009-04-06 21:00:00,2009-04-07 05:00:00,1.51597,1.52146,1.51179,1.51361,9174.0
2009-04-08 00:00:00,2009-04-07 21:00:00,2009-04-08 05:00:00,1.51372,1.52426,1.51166,1.52144,9518.0
2009-04-09 00:00:00,2009-04-08 21:00:00,2009-04-09 05:00:00,1.52138,1.52696,1.52061,1.52157,9406.0
2009-04-10 00:00:00,2009-04-09 21:00:00,2009-04-10 05:00:00,1.52164,1.5239,1.52035,1.52233,1542.0
2009-04-13 00:00:00,2009-04-12 21:00:00,2009-04-13 05:00:00,1.52303,1.52401,1.5133,1.51438,4604.0
2009-04-14 00:00:00,2009-04-13 21:00:00,2009-04-14 05:00:00,1.51437,1.51832,1.50749,1.50785,8062.0
2009-04-15 00:00:00,2009-04-14 21:00:00,2009-04-15 05:00:00,1.50782,1.51545,1.50743,1.51206,8350.0
2009-04-16 00:00:00,2009-04-15 21:00:00,2009-04-16 05:00:00,1.51205,1.51526,1.508,1.51169,8368.0
2009-04-17 00:00:00,2009-04-16 21:00:00,2009-04-17 05:00:00,1.51167,1.52372,1.50925,1.51943,8406.0
2009-04-20 00:00:00,2009-04-19 21:00:00,2009-04-20 05:00:00,1.52002,1.52046,1.50974,1.5106,7652.0
2009-04-21 00:00:00,2009-04-20 21:00:00,2009-04-21 05:00:00,1.51059,1.51558,1.50998,1.51091,8084.0
2009-04-22 00:00:00,2009-04-21 21:00:00,2009-04-22 05:00:00,1.51095,1.51624,1.50905,1.51272,8420.0
2009-04-23 00:00:00,2009-04-22 21:00:00,2009-04-23 05:00:00,1.5127,1.51976,1.50825,1.51163,8980.0
2009-04-24 00:00:00,2009-04-23 21:00:00,2009-04-24 05:00:00,1.51159,1.51416,1.50736,1.50819,8390.0
2009-04-27 00:00:00,2009-04-26 21:00:00,2009-04-27 05:00:00,1.5064,1.50896,1.50259,1.50492,8620.0
2009-04-28 00:00:00,2009-04-27 21:00:00,2009-04-28 05:00:00,1.50496,1.50716,1.5013,1.50279,8656.0
2009-04-29 00:00:00,2009-04-28 21:00:00,2009-04-29 05:00:00,1.50281,1.51083,1.50272,1.50702,9094.0
2009-04-30 00:00:00,2009-04-29 21:00:00,2009-04-30 05:00:00,1.50701,1.5126,1.50493,1.51004,10000.0
2009-05-01 00:00:00,2009-04-30 21:00:00,2009-05-01 05:00:00,1.51005,1.51254,1.50588,1.50702,5286.0
2009-05-04 00:00:00,2009-05-03 21:00:00,2009-05-04 05:00:00,1.50944,1.51175,1.5074,1.51006,6790.0
2009-05-05 00:00:00,2009-05-04 21:00:00,2009-05-05 05:00:00,1.51007,1.51486,1.50693,1.50918,8080.0
2009-05-06 00:00:00,2009-05-05 21:00:00,2009-05-06 05:00:00,1.50919,1.51105,1.50563,1.50822,8430.0
2009-05-07 00:00:00,2009-05-06 21:00:00,2009-05-07 05:00:00,1.5082,1.51731,1.5077,1.51205,9104.0
2009-05-08 00:00:00,2009-05-07 21:00:00,2009-05-08 05:00:00,1.51207,1.51567,1.50578,1.50756,8054.0
2009-05-11 00:00:00,2009-05-10 21:00:00,2009-05-11 05:00:00,1.5069,1.50935,1.50366,1.50655,7746.0
2009-05-12 00:00:00,2009-05-11 21:00:00,2009-05-12 05:00:00,1.50657,1.50937,1.50579,1.50603,7744.0
2009-05-13 00:00:00,2009-05-12 21:00:00,2009-05-13 05:00:00,1.50604,1.50914,1.50389,1.50419,8374.0
2009-05-14 00:00:00,2009-05-13 21:00:00,2009-05-14 05:00:00,1.50422,1.50863,1.50368,1.50564,7568.0
2009-05-15 00:00:00,2009-05-14 21:00:00,2009-05-15 05:00:00,1.50559,1.51463,1.50075,1.51334,7442.0
2009-05-18 00:00:00,2009-05-17 21:00:00,2009-05-18 05:00:00,1.51162,1.51473,1.50918,1.5101,7182.0
2009-05-19 00:00:00,2009-05-18 21:00:00,2009-05-19 05:00:00,1.51005,1.5166,1.51004,1.51133,8898.0
2009-05-20 00:00:00,2009-05-19 21:00:00,2009-05-20 05:00:00,1.51128,1.51808,1.51004,1.5152,10318.0
2009-05-21 00:00:00,2009-05-20 21:00:00,2009-05-21 05:00:00,1.51518,1.52156,1.5132,1.52003,10264.0
2009-05-22 00:00:00,2009-05-21 21:00:00,2009-05-22 05:00:00,1.52004,1.52335,1.51813,1.519,8612.0
2009-05-25 00:00:00,2009-05-24 21:00:00,2009-05-25 05:00:00,1.51946,1.52066,1.51602,1.51788,4466.0
2009-05-26 00:00:00,2009-05-25 21:00:00,2009-05-26 05:00:00,1.51789,1.5182,1.51256,1.51617,9136.0
2009-05-27 00:00:00,2009-05-26 21:00:00,2009-05-27 05:00:00,1.51615,1.51703,1.51016,1.51105,9758.0
2009-05-28 00:00:00,2009-05-27 21:00:00,2009-05-28 05:00:00,1.51104,1.51425,1.50924,1.51093,9662.0
2009-05-29 00:00:00,2009-05-28 21:00:00,2009-05-29 05:00:00,1.51094,1.5159,1.50758,1.50919,10204.0
2009-06-01 00:00:00,2009-05-31 21:00:00,2009-06-01 05:00:00,1.50835,1.51847,1.50817,1.51461,10578.0
2009-06-02 00:00:00,2009-06-01 21:00:00,2009-06-02 05:00:00,1.51464,1.51937,1.51177,1.51838,10496.0
2009-06-03 00:00:00,2009-06-02 21:00:00,2009-06-03 05:00:00,1.51837,1.52062,1.51209,1.51511,11754.0
2009-06-04 00:00:00,2009-06-03 21:00:00,2009-06-04 05:00:00,1.51514,1.51674,1.51004,1.51535,10486.0
2009-06-05 00:00:00,2009-06-04 21:00:00,2009-06-05 05:00:00,1.51536,1.52349,1.51512,1.5162,10078.0
2009-06-08 00:00:00,2009-06-07 21:00:00,2009-06-08 05:00:00,1.51626,1.52133,1.51555,1.51787,9110.0
2009-06-09 00:00:00,2009-06-08 21:00:00,2009-06-09 05:00:00,1.51789,1.51859,1.51495,1.51644,9022.0
2009-06-10 00:00:00,2009-06-09 21:00:00,2009-06-10 05:00:00,1.51643,1.51776,1.51053,1.51116,9348.0
2009-06-11 00:00:00,2009-06-10 21:00:00,2009-06-11 05:00:00,1.51118,1.51425,1.50913,1.51006,10548.0
2009-06-12 00:00:00,2009-06-11 21:00:00,2009-06-12 05:00:00,1.51004,1.513,1.5085,1.51208,9178.0
2009-06-15 00:00:00,2009-06-14 21:00:00,2009-06-15 05:00:00,1.50915,1.51309,1.50543,1.50571,9994.0
2009-06-16 00:00:00,2009-06-15 21:00:00,2009-06-16 05:00:00,1.50567,1.50854,1.50536,1.506,10020.0
2009-06-17 00:00:00,2009-06-16 21:00:00,2009-06-17 05:00:00,1.50599,1.51118,1.50435,1.50662,9478.0
2009-06-18 00:00:00,2009-06-17 21:00:00,2009-06-18 05:00:00,1.50661,1.5146,1.5007,1.51025,11910.0
2009-06-19 00:00:00,2009-06-18 21:00:00,2009-06-19 05:00:00,1.51029,1.51263,1.50589,1.50683,7788.0
2009-06-22 00:00:00,2009-06-21 21:00:00,2009-06-22 05:00:00,1.50591,1.50773,1.50483,1.50548,9470.0
2009-06-23 00:00:00,2009-06-22 21:00:00,2009-06-23 05:00:00,1.50542,1.5057,1.50108,1.50171,10324.0
2009-06-24 00:00:00,2009-06-23 21:00:00,2009-06-24 05:00:00,1.5017,1.53809,1.50124,1.52992,12722.0
2009-06-25 00:00:00,2009-06-24 21:00:00,2009-06-25 05:00:00,1.52991,1.5375,1.52548,1.5304,11622.0
2009-06-26 00:00:00,2009-06-25 21:00:00,2009-06-26 05:00:00,1.53043,1.53236,1.52082,1.52245,9938.0
2009-06-29 00:00:00,2009-06-28 21:00:00,2009-06-29 05:00:00,1.52391,1.52823,1.52217,1.52551,8714.0
2009-06-30 00:00:00,2009-06-29 21:00:00,2009-06-30 05:00:00,1.52557,1.52709,1.52289,1.52412,9746.0
2009-07-01 00:00:00,2009-06-30 21:00:00,2009-07-01 05:00:00,1.5242,1.52547,1.5196,1.5202,9702.0
2009-07-02 00:00:00,2009-07-01 21:00:00,2009-07-02 05:00:00,1.52019,1.5246,1.51721,1.51798,9606.0
2009-07-03 00:00:00,2009-07-02 21:00:00,2009-07-03 05:00:00,1.518,1.52487,1.51771,1.51858,5666.0
2009-07-06 00:00:00,2009-07-05 21:00:00,2009-07-06 05:00:00,1.51831,1.52081,1.51517,1.51597,8932.0
2009-07-07 00:00:00,2009-07-06 21:00:00,2009-07-07 05:00:00,1.51595,1.51927,1.51443,1.51516,10130.0
2009-07-08 00:00:00,2009-07-07 21:00:00,2009-07-08 05:00:00,1.51514,1.51706,1.51214,1.51318,11224.0
2009-07-09 00:00:00,2009-07-08 21:00:00,2009-07-09 05:00:00,1.51319,1.51749,1.51093,1.51236,11644.0
2009-07-10 00:00:00,2009-07-09 21:00:00,2009-07-10 05:00:00,1.51234,1.51676,1.51167,1.5137,11020.0
2009-07-13 00:00:00,2009-07-12 21:00:00,2009-07-13 05:00:00,1.5151,1.51559,1.51209,1.51349,10166.0
2009-07-14 00:00:00,2009-07-13 21:00:00,2009-07-14 05:00:00,1.51351,1.52188,1.5134,1.52098,10248.0
2009-07-15 00:00:00,2009-07-14 21:00:00,2009-07-15 05:00:00,1.521,1.52156,1.51453,1.51548,9928.0
2009-07-16 00:00:00,2009-07-15 21:00:00,2009-07-16 05:00:00,1.51552,1.51879,1.51479,1.51791,9584.0
2009-07-17 00:00:00,2009-07-16 21:00:00,2009-07-17 05:00:00,1.51786,1.52232,1.5171,1.51838,8484.0
2009-07-20 00:00:00,2009-07-19 21:00:00,2009-07-20 05:00:00,1.52014,1.52236,1.51818,1.51915,9774.0
2009-07-21 00:00:00,2009-07-20 21:00:00,2009-07-21 05:00:00,1.51912,1.52024,1.51429,1.51627,10100.0
2009-07-22 00:00:00,2009-07-21 21:00:00,2009-07-22 05:00:00,1.51628,1.51774,1.51495,1.51606,9546.0
2009-07-23 00:00:00,2009-07-22 21:00:00,2009-07-23 05:00:00,1.51603,1.52466,1.51542,1.52043,12048.0
2009-07-24 00:00:00,2009-07-23 21:00:00,2009-07-24 05:00:00,1.52038,1.52454,1.51975,1.52217,9006.0
2009-07-27 00:00:00,2009-07-26 21:00:00,2009-07-27 05:00:00,1.52187,1.52488,1.52158,1.52397,8514.0
2009-07-28 00:00:00,2009-07-27 21:00:00,2009-07-28 05:00:00,1.52396,1.52631,1.52149,1.52357,10780.0
2009-07-29 00:00:00,2009-07-28 21:00:00,2009-07-29 05:00:00,1.52359,1.52807,1.52193,1.52683,11978.0
2009-07-30 00:00:00,2009-07-29 21:00:00,2009-07-30 05:00:00,1.52681,1.53369,1.52607,1.53069,11152.0
2009-07-31 00:00:00,2009-07-30 21:00:00,2009-07-31 05:00:00,1.53064,1.53453,1.52129,1.52288,12194.0
2009-08-03 00:00:00,2009-08-02 21:00:00,2009-08-03 05:00:00,1.52324,1.52836,1.52253,1.527,11416.0
2009-08-04 00:00:00,2009-08-03 21:00:00,2009-08-04 05:00:00,1.52682,1.5318,1.5256,1.52688,10824.0
2009-08-05 00:00:00,2009-08-04 21:00:00,2009-08-05 05:00:00,1.5269,1.53168,1.52581,1.52959,10352.0
2009-08-06 00:00:00,2009-08-05 21:00:00,2009-08-06 05:00:00,1.52962,1.53233,1.52807,1.52867,8912.0
2009-08-07 00:00:00,2009-08-06 21:00:00,2009-08-07 05:00:00,1.52859,1.53554,1.52281,1.53328,9556.0
2009-08-10 00:00:00,2009-08-09 21:00:00,2009-08-10 05:00:00,1.53389,1.53641,1.53353,1.53456,9300.0
2009-08-11 00:00:00,2009-08-10 21:00:00,2009-08-11 05:00:00,1.53454,1.5349,1.52825,1.53042,9134.0
2009-08-12 00:00:00,2009-08-11 21:00:00,2009-08-12 05:00:00,1.53051,1.53111,1.52663,1.52925,11160.0
2009-08-13 00:00:00,2009-08-12 21:00:00,2009-08-13 05:00:00,1.5292,1.53374,1.52724,1.52866,10036.0
2009-08-14 00:00:00,2009-08-13 21:00:00,2009-08-14 05:00:00,1.52865,1.5304,1.52191,1.52213,7252.0
2009-08-17 00:00:00,2009-08-16 21:00:00,2009-08-17 05:00:00,1.52275,1.52404,1.51745,1.51774,8708.0
2009-08-18 00:00:00,2009-08-17 21:00:00,2009-08-18 05:00:00,1.51779,1.5222,1.51745,1.52035,7416.0
2009-08-19 00:00:00,2009-08-18 21:00:00,2009-08-19 05:00:00,1.52034,1.52102,1.51358,1.51575,8672.0
2009-08-20 00:00:00,2009-08-19 21:00:00,2009-08-20 05:00:00,1.51579,1.51892,1.51477,1.51529,7514.0
2009-08-21 00:00:00,2009-08-20 21:00:00,2009-08-21 05:00:00,1.51526,1.51871,1.51349,1.51609,8938.0
2009-08-24 00:00:00,2009-08-23 21:00:00,2009-08-24 05:00:00,1.51565,1.52092,1.51534,1.51791,7768.0
2009-08-25 00:00:00,2009-08-24 21:00:00,2009-08-25 05:00:00,1.51797,1.51956,1.5152,1.51774,8482.0
2009-08-26 00:00:00,2009-08-25 21:00:00,2009-08-26 05:00:00,1.5177,1.52366,1.51714,1.52155,8536.0
2009-08-27 00:00:00,2009-08-26 21:00:00,2009-08-27 05:00:00,1.52156,1.52433,1.51604,1.51907,8040.0
2009-08-28 00:00:00,2009-08-27 21:00:00,2009-08-28 05:00:00,1.51917,1.52177,1.51514,1.51541,7598.0
2009-08-31 00:00:00,2009-08-30 21:00:00,2009-08-31 05:00:00,1.51631,1.51821,1.51446,1.51791,6024.0
2009-09-01 00:00:00,2009-08-31 21:00:00,2009-09-01 05:00:00,1.51789,1.51801,1.51479,1.51508,10894.0
2009-09-02 00:00:00,2009-09-01 21:00:00,2009-09-02 05:00:00,1.51507,1.51871,1.51247,1.51325,9980.0
2009-09-03 00:00:00,2009-09-02 21:00:00,2009-09-03 05:00:00,1.51321,1.51555,1.51243,1.51397,9204.0
2009-09-04 00:00:00,2009-09-03 21:00:00,2009-09-04 05:00:00,1.51398,1.5184,1.5136,1.51622,9186.0
2009-09-07 00:00:00,2009-09-06 21:00:00,2009-09-07 05:00:00,1.51714,1.51979,1.5159,1.51923,5570.0
2009-09-08 00:00:00,2009-09-07 21:00:00,2009-09-08 05:00:00,1.51929,1.52036,1.515,1.51658,10084.0
2009-09-09 00:00:00,2009-09-08 21:00:00,2009-09-09 05:00:00,1.5166,1.51791,1.51531,1.51548,7228.0
2009-09-10 00:00:00,2009-09-09 21:00:00,2009-09-10 05:00:00,1.5155,1.52,1.51364,1.5143,8540.0
2009-09-11 00:00:00,2009-09-10 21:00:00,2009-09-11 05:00:00,1.51429,1.51488,1.51217,1.5125,7172.0
2009-09-14 00:00:00,2009-09-13 21:00:00,2009-09-14 05:00:00,1.5125,1.5141,1.51091,1.51238,7838.0
2009-09-15 00:00:00,2009-09-14 21:00:00,2009-09-15 05:00:00,1.5124,1.51743,1.51173,1.51685,8518.0
2009-09-16 00:00:00,2009-09-15 21:00:00,2009-09-16 05:00:00,1.51689,1.51986,1.51597,1.51791,9282.0
2009-09-17 00:00:00,2009-09-16 21:00:00,2009-09-17 05:00:00,1.51789,1.52327,1.51456,1.51603,8854.0
2009-09-18 00:00:00,2009-09-17 21:00:00,2009-09-18 05:00:00,1.51606,1.51685,1.51341,1.51431,9040.0
2009-09-21 00:00:00,2009-09-20 21:00:00,2009-09-21 05:00:00,1.51452,1.51888,1.51346,1.51528,9048.0
2009-09-22 00:00:00,2009-09-21 21:00:00,2009-09-22 05:00:00,1.5153,1.5158,1.51345,1.51424,6676.0
2009-09-23 00:00:00,2009-09-22 21:00:00,2009-09-23 05:00:00,1.51428,1.51468,1.51184,1.51277,7686.0
2009-09-24 00:00:00,2009-09-23 21:00:00,2009-09-24 05:00:00,1.5127,1.5134,1.50718,1.50909,9168.0
2009-09-25 00:00:00,2009-09-24 21:00:00,2009-09-25 05:00:00,1.50908,1.5124,1.50786,1.50895,9370.0
2009-09-28 00:00:00,2009-09-27 21:00:00,2009-09-28 05:00:00,1.50963,1.5122,1.50822,1.50925,8080.0
2009-09-29 00:00:00,2009-09-28 21:00:00,2009-09-29 05:00:00,1.50926,1.5128,1.5091,1.51117,8054.0
2009-09-30 00:00:00,2009-09-29 21:00:00,2009-09-30 05:00:00,1.51115,1.52395,1.5076,1.51616,9436.0
2009-10-01 00:00:00,2009-09-30 21:00:00,2009-10-01 05:00:00,1.51614,1.51921,1.51289,1.51363,8444.0
2009-10-02 00:00:00,2009-10-01 21:00:00,2009-10-02 05:00:00,1.51364,1.5143,1.50835,1.50865,7414.0
2009-10-05 00:00:00,2009-10-04 21:00:00,2009-10-05 05:00:00,1.50887,1.51263,1.50874,1.51179,6024.0
2009-10-06 00:00:00,2009-10-05 21:00:00,2009-10-06 05:00:00,1.5118,1.51248,1.50961,1.51173,6812.0
2009-10-07 00:00:00,2009-10-06 21:00:00,2009-10-07 05:00:00,1.51172,1.51767,1.51127,1.51719,6572.0
2009-10-08 00:00:00,2009-10-07 21:00:00,2009-10-08 05:00:00,1.51718,1.51843,1.51524,1.51775,7904.0
2009-10-09 00:00:00,2009-10-08 21:00:00,2009-10-09 05:00:00,1.51773,1.51965,1.51727,1.51912,6132.0
2009-10-12 00:00:00,2009-10-11 21:00:00,2009-10-12 05:00:00,1.51812,1.52036,1.51594,1.51678,5432.0
2009-10-13 00:00:00,2009-10-12 21:00:00,2009-10-13 05:00:00,1.51679,1.519,1.51613,1.51723,6562.0
2009-10-14 00:00:00,2009-10-13 21:00:00,2009-10-14 05:00:00,1.51722,1.51829,1.51394,1.51458,6100.0
2009-10-15 00:00:00,2009-10-14 21:00:00,2009-10-15 05:00:00,1.5146,1.51705,1.51251,1.51658,7308.0
2009-10-16 00:00:00,2009-10-15 21:00:00,2009-10-16 05:00:00,1.51663,1.51925,1.51582,1.5175,7386.0
2009-10-19 00:00:00,2009-10-18 21:00:00,2009-10-19 05:00:00,1.51735,1.51787,1.51296,1.51364,6802.0
2009-10-20 00:00:00,2009-10-19 21:00:00,2009-10-20 05:00:00,1.51366,1.51379,1.51102,1.51205,6454.0
2009-10-21 00:00:00,2009-10-20 21:00:00,2009-10-21 05:00:00,1.51198,1.5121,1.50914,1.51022,7194.0
2009-10-22 00:00:00,2009-10-21 21:00:00,2009-10-22 05:00:00,1.51024,1.51402,1.50942,1.51018,6720.0
2009-10-23 00:00:00,2009-10-22 21:00:00,2009-10-23 05:00:00,1.51016,1.5142,1.5097,1.51373,7116.0
2009-10-26 00:00:00,2009-10-25 21:00:00,2009-10-26 05:00:00,1.51326,1.51484,1.51202,1.51442,6748.0
2009-10-27 00:00:00,2009-10-26 21:00:00,2009-10-27 05:00:00,1.51441,1.5162,1.51216,1.5125,7110.0
2009-10-28 00:00:00,2009-10-27 21:00:00,2009-10-28 05:00:00,1.51246,1.51284,1.50969,1.51061,7122.0
2009-10-29 00:00:00,2009-10-28 21:00:00,2009-10-29 05:00:00,1.51057,1.51138,1.50982,1.51077,6816.0
2009-10-30 00:00:00,2009-10-29 21:00:00,2009-10-30 05:00:00,1.5108,1.51717,1.50825,1.51048,7832.0
2009-11-02 00:00:00,2009-11-01 22:00:00,2009-11-02 06:00:00,1.5093,1.5108,1.50837,1.50919,7056.0
2009-11-03 00:00:00,2009-11-02 22:00:00,2009-11-03 06:00:00,1.50956,1.51274,1.50908,1.51019,7980.0
2009-11-04 00:00:00,2009-11-03 22:00:00,2009-11-04 06:00:00,1.51029,1.51198,1.50895,1.50994,7232.0
2009-11-05 00:00:00,2009-11-04 22:00:00,2009-11-05 06:00:00,1.51001,1.51225,1.50901,1.51104,6384.0
2009-11-06 00:00:00,2009-11-05 22:00:00,2009-11-06 06:00:00,1.51101,1.51263,1.50983,1.51021,5668.0
2009-11-09 00:00:00,2009-11-08 22:00:00,2009-11-09 06:00:00,1.50995,1.51225,1.50972,1.51145,5328.0
2009-11-10 00:00:00,2009-11-09 22:00:00,2009-11-10 06:00:00,1.51147,1.51169,1.5097,1.51002,4986.0
2009-11-11 00:00:00,2009-11-10 22:00:00,2009-11-11 06:00:00,1.51003,1.51092,1.50962,1.51015,4736.0
2009-11-12 00:00:00,2009-11-11 22:00:00,2009-11-12 06:00:00,1.51018,1.51123,1.50989,1.51034,4870.0
2009-11-13 00:00:00,2009-11-12 22:00:00,2009-11-13 06:00:00,1.51035,1.51137,1.50874,1.50931,4204.0
2009-11-16 00:00:00,2009-11-15 22:00:00,2009-11-16 06:00:00,1.5094,1.51016,1.50789,1.5083,5164.0
2009-11-17 00:00:00,2009-11-16 22:00:00,2009-11-17 06:00:00,1.50834,1.5118,1.50824,1.5111,5230.0
2009-11-18 00:00:00,2009-11-17 22:00:00,2009-11-18 06:00:00,1.51114,1.51181,1.5103,1.51092,4388.0
2009-11-19 00:00:00,2009-11-18 22:00:00,2009-11-19 06:00:00,1.51088,1.51448,1.51065,1.51161,5006.0
2009-11-20 00:00:00,2009-11-19 22:00:00,2009-11-20 06:00:00,1.51165,1.51368,1.51131,1.51275,5030.0
2009-11-23 00:00:00,2009-11-22 22:00:00,2009-11-23 06:00:00,1.51257,1.51266,1.51047,1.51099,3886.0
2009-11-24 00:00:00,2009-11-23 22:00:00,2009-11-24 06:00:00,1.51102,1.51188,1.5095,1.50964,4240.0
2009-11-25 00:00:00,2009-11-24 22:00:00,2009-11-25 06:00:00,1.50968,1.51016,1.50766,1.50801,4786.0
2009-11-26 00:00:00,2009-11-25 22:00:00,2009-11-26 06:00:00,1.50804,1.51311,1.50102,1.50591,7644.0
2009-11-27 00:00:00,2009-11-26 22:00:00,2009-11-27 06:00:00,1.50589,1.50975,1.50388,1.50703,8792.0
2009-11-30 00:00:00,2009-11-29 22:00:00,2009-11-30 06:00:00,1.50719,1.50889,1.50481,1.50834,6420.0
2009-12-01 00:00:00,2009-11-30 22:00:00,2009-12-01 06:00:00,1.50836,1.50953,1.50695,1.50715,5464.0
2009-12-02 00:00:00,2009-12-01 22:00:00,2009-12-02 06:00:00,1.50718,1.50817,1.50652,1.50734,3678.0
2009-12-03 00:00:00,2009-12-02 22:00:00,2009-12-03 06:00:00,1.50735,1.50903,1.50633,1.50685,4430.0
2009-12-04 00:00:00,2009-12-03 22:00:00,2009-12-04 06:00:00,1.50683,1.5107,1.50538,1.51026,4964.0
2009-12-07 00:00:00,2009-12-06 22:00:00,2009-12-07 06:00:00,1.50997,1.51277,1.50936,1.51146,5824.0
2009-12-08 00:00:00,2009-12-07 22:00:00,2009-12-08 06:00:00,1.51148,1.51189,1.50973,1.50986,5588.0
2009-12-09 00:00:00,2009-12-08 22:00:00,2009-12-09 06:00:00,1.5099,1.51213,1.50943,1.51172,5490.0
2009-12-10 00:00:00,2009-12-09 22:00:00,2009-12-10 06:00:00,1.51169,1.51307,1.51056,1.51106,5544.0
2009-12-11 00:00:00,2009-12-10 22:00:00,2009-12-11 06:00:00,1.51105,1.51337,1.51078,1.51191,5056.0
2009-12-14 00:00:00,2009-12-13 22:00:00,2009-12-14 06:00:00,1.51264,1.51374,1.51087,1.51162,4282.0
2009-12-15 00:00:00,2009-12-14 22:00:00,2009-12-15 06:00:00,1.51163,1.51337,1.51143,1.51226,4354.0
2009-12-16 00:00:00,2009-12-15 22:00:00,2009-12-16 06:00:00,1.51228,1.51365,1.50826,1.50922,4954.0
2009-12-17 00:00:00,2009-12-16 22:00:00,2009-12-17 06:00:00,1.50925,1.50938,1.50058,1.50205,6748.0
2009-12-18 00:00:00,2009-12-17 22:00:00,2009-12-18 06:00:00,1.50202,1.50206,1.49065,1.49456,7628.0
2009-12-21 00:00:00,2009-12-20 22:00:00,2009-12-21 06:00:00,1.48952,1.49682,1.48942,1.49314,6230.0
2009-12-22 00:00:00,2009-12-21 22:00:00,2009-12-22 06:00:00,1.49317,1.49891,1.49254,1.49408,5642.0
2009-12-23 00:00:00,2009-12-22 22:00:00,2009-12-23 06:00:00,1.49413,1.49567,1.48749,1.48942,5150.0
2009-12-24 00:00:00,2009-12-23 22:00:00,2009-12-24 06:00:00,1.4894,1.49204,1.4877,1.49097,2512.0
2009-12-28 00:00:00,2009-12-27 22:00:00,2009-12-28 06:00:00,1.48927,1.49164,1.48719,1.48818,2904.0
2009-12-29 00:00:00,2009-12-28 22:00:00,2009-12-29 06:00:00,1.48817,1.48997,1.48506,1.48773,4490.0
2009-12-30 00:00:00,2009-12-29 22:00:00,2009-12-30 06:00:00,1.48767,1.4891,1.48544,1.48611,4158.0
2009-12-31 00:00:00,2009-12-30 22:00:00,2009-12-31 06:00:00,1.48613,1.48768,1.48189,1.4827,3488.0
2010-01-04 00:00:00,2010-01-03 22:00:00,2010-01-04 06:00:00,1.4824,1.48897,1.48066,1.48435,7176.0
2010-01-05 00:00:00,2010-01-04 22:00:00,2010-01-05 06:00:00,1.48434,1.4875,1.48243,1.48471,6674.0
2010-01-06 00:00:00,2010-01-05 22:00:00,2010-01-06 06:00:00,1.48469,1.48557,1.47912,1.48052,6296.0
2010-01-07 00:00:00,2010-01-06 22:00:00,2010-01-07 06:00:00,1.48056,1.48393,1.47633,1.48041,7110.0
2010-01-08 00:00:00,2010-01-07 22:00:00,2010-01-08 06:00:00,1.48039,1.48271,1.4742,1.47497,6274.0
2010-01-11 00:00:00,2010-01-10 22:00:00,2010-01-11 06:00:00,1.47551,1.47939,1.47223,1.47463,7254.0
2010-01-12 00:00:00,2010-01-11 22:00:00,2010-01-12 06:00:00,1.4746,1.47702,1.47357,1.47556,6200.0
2010-01-13 00:00:00,2010-01-12 22:00:00,2010-01-13 06:00:00,1.47558,1.48024,1.47455,1.47739,6466.0
2010-01-14 00:00:00,2010-01-13 22:00:00,2010-01-14 06:00:00,1.47735,1.48097,1.47557,1.47691,6236.0
2010-01-15 00:00:00,2010-01-14 22:00:00,2010-01-15 06:00:00,1.47692,1.47823,1.4744,1.47484,6894.0
2010-01-18 00:00:00,2010-01-17 22:00:00,2010-01-18 06:00:00,1.47506,1.47746,1.4734,1.47429,3954.0
2010-01-19 00:00:00,2010-01-18 22:00:00,2010-01-19 06:00:00,1.47428,1.47811,1.47379,1.47526,7074.0
2010-01-20 00:00:00,2010-01-19 22:00:00,2010-01-20 06:00:00,1.47525,1.47697,1.47223,1.47249,6956.0
2010-01-21 00:00:00,2010-01-20 22:00:00,2010-01-21 06:00:00,1.47248,1.47388,1.46715,1.46837,7890.0
2010-01-22 00:00:00,2010-01-21 22:00:00,2010-01-22 06:00:00,1.46845,1.47449,1.46742,1.47164,8192.0
2010-01-25 00:00:00,2010-01-24 22:00:00,2010-01-25 06:00:00,1.47245,1.47393,1.47051,1.47098,5642.0
2010-01-26 00:00:00,2010-01-25 22:00:00,2010-01-26 06:00:00,1.471,1.47402,1.47043,1.47262,7052.0
2010-01-27 00:00:00,2010-01-26 22:00:00,2010-01-27 06:00:00,1.47263,1.47371,1.47094,1.4724,6362.0
2010-01-28 00:00:00,2010-01-27 22:00:00,2010-01-28 06:00:00,1.47237,1.47364,1.46902,1.46939,6416.0
2010-01-29 00:00:00,2010-01-28 22:00:00,2010-01-29 06:00:00,1.46945,1.47639,1.46352,1.47024,7706.0
2010-02-01 00:00:00,2010-01-31 22:00:00,2010-02-01 06:00:00,1.47164,1.47377,1.47024,1.47123,5614.0
2010-02-02 00:00:00,2010-02-01 22:00:00,2010-02-02 06:00:00,1.47125,1.47422,1.4704,1.47369,5782.0
2010-02-03 00:00:00,2010-02-02 22:00:00,2010-02-03 06:00:00,1.47371,1.47524,1.47055,1.4707,5524.0
2010-02-04 00:00:00,2010-02-03 22:00:00,2010-02-04 06:00:00,1.47069,1.47148,1.46369,1.46444,6588.0
2010-02-05 00:00:00,2010-02-04 22:00:00,2010-02-05 06:00:00,1.46445,1.48686,1.45571,1.46671,10998.0
2010-02-08 00:00:00,2010-02-07 22:00:00,2010-02-08 06:00:00,1.46867,1.46892,1.46441,1.46513,6632.0
2010-02-09 00:00:00,2010-02-08 22:00:00,2010-02-09 06:00:00,1.46517,1.46906,1.46438,1.46795,8454.0
2010-02-10 00:00:00,2010-02-09 22:00:00,2010-02-10 06:00:00,1.46793,1.46883,1.46506,1.46626,6372.0
2010-02-11 00:00:00,2010-02-10 22:00:00,2010-02-11 06:00:00,1.46625,1.46747,1.4651,1.46552,6496.0
2010-02-12 00:00:00,2010-02-11 22:00:00,2010-02-12 06:00:00,1.46559,1.47006,1.46357,1.46576,6912.0
2010-02-15 00:00:00,2010-02-14 22:00:00,2010-02-15 06:00:00,1.4661,1.46775,1.46511,1.46517,3468.0
2010-02-16 00:00:00,2010-02-15 22:00:00,2010-02-16 06:00:00,1.46519,1.46843,1.46512,1.46743,5226.0
2010-02-17 00:00:00,2010-02-16 22:00:00,2010-02-17 06:00:00,1.46739,1.46932,1.46634,1.46654,5788.0
2010-02-18 00:00:00,2010-02-17 22:00:00,2010-02-18 06:00:00,1.46659,1.46879,1.46455,1.46576,7944.0
2010-02-19 00:00:00,2010-02-18 22:00:00,2010-02-19 06:00:00,1.46571,1.46753,1.46378,1.46413,7198.0
2010-02-22 00:00:00,2010-02-21 22:00:00,2010-02-22 06:00:00,1.46567,1.46635,1.46167,1.46279,4522.0
2010-02-23 00:00:00,2010-02-22 22:00:00,2010-02-23 06:00:00,1.46283,1.46827,1.46247,1.46396,6666.0
2010-02-24 00:00:00,2010-02-23 22:00:00,2010-02-24 06:00:00,1.464,1.46507,1.46245,1.46332,5622.0
2010-02-25 00:00:00,2010-02-24 22:00:00,2010-02-25 06:00:00,1.46333,1.46454,1.46245,1.46324,5550.0
2010-02-26 00:00:00,2010-02-25 22:00:00,2010-02-26 06:00:00,1.46326,1.46414,1.4624,1.46286,4846.0
2010-03-01 00:00:00,2010-02-28 22:00:00,2010-03-01 06:00:00,1.46327,1.46465,1.4622,1.46339,5274.0
2010-03-02 00:00:00,2010-03-01 22:00:00,2010-03-02 06:00:00,1.4634,1.46539,1.46228,1.4632,5186.0
2010-03-03 00:00:00,2010-03-02 22:00:00,2010-03-03 06:00:00,1.46322,1.46367,1.46217,1.4625,4874.0
2010-03-04 00:00:00,2010-03-03 22:00:00,2010-03-04 06:00:00,1.46252,1.46359,1.4623,1.46263,4006.0
2010-03-05 00:00:00,2010-03-04 22:00:00,2010-03-05 06:00:00,1.46264,1.46321,1.46247,1.46315,3124.0
2010-03-08 00:00:00,2010-03-07 22:00:00,2010-03-08 06:00:00,1.46308,1.46331,1.46213,1.46297,3764.0
2010-03-09 00:00:00,2010-03-08 22:00:00,2010-03-09 06:00:00,1.46294,1.46355,1.46178,1.46215,4550.0
2010-03-10 00:00:00,2010-03-09 22:00:00,2010-03-10 06:00:00,1.46216,1.46293,1.46056,1.46114,4288.0
2010-03-11 00:00:00,2010-03-10 22:00:00,2010-03-11 06:00:00,1.46118,1.46295,1.46014,1.46143,4132.0
2010-03-12 00:00:00,2010-03-11 22:00:00,2010-03-12 06:00:00,1.46148,1.46216,1.4559,1.45636,4726.0
2010-03-15 00:00:00,2010-03-14 21:00:00,2010-03-15 05:00:00,1.45714,1.45767,1.45066,1.45205,4722.0
2010-03-16 00:00:00,2010-03-15 21:00:00,2010-03-16 05:00:00,1.45202,1.45279,1.45062,1.45218,5802.0
2010-03-17 00:00:00,2010-03-16 21:00:00,2010-03-17 05:00:00,1.45222,1.45334,1.44754,1.44815,4726.0
2010-03-18 00:00:00,2010-03-17 21:00:00,2010-03-18 05:00:00,1.44816,1.44864,1.43543,1.43917,5976.0
2010-03-19 00:00:00,2010-03-18 21:00:00,2010-03-19 05:00:00,1.43918,1.44046,1.43172,1.43593,5966.0
2010-03-22 00:00:00,2010-03-21 21:00:00,2010-03-22 05:00:00,1.43397,1.43707,1.43082,1.43462,6382.0
2010-03-23 00:00:00,2010-03-22 21:00:00,2010-03-23 05:00:00,1.43461,1.4372,1.42616,1.42697,6086.0
2010-03-24 00:00:00,2010-03-23 21:00:00,2010-03-24 05:00:00,1.42699,1.43064,1.42301,1.42895,8630.0
2010-03-25 00:00:00,2010-03-24 21:00:00,2010-03-25 05:00:00,1.42897,1.42964,1.42512,1.42599,6688.0
2010-03-26 00:00:00,2010-03-25 21:00:00,2010-03-26 05:00:00,1.426,1.43117,1.42513,1.4281,6422.0
2010-03-29 00:00:00,2010-03-28 21:00:00,2010-03-29 05:00:00,1.42859,1.43556,1.42834,1.43209,5846.0
2010-03-30 00:00:00,2010-03-29 21:00:00,2010-03-30 05:00:00,1.43207,1.43419,1.43031,1.4306,5472.0
2010-03-31 00:00:00,2010-03-30 21:00:00,2010-03-31 05:00:00,1.43065,1.43213,1.42081,1.42357,6616.0
2010-04-01 00:00:00,2010-03-31 21:00:00,2010-04-01 05:00:00,1.42358,1.44094,1.41435,1.43175,6958.0
2010-04-02 00:00:00,2010-04-01 21:00:00,2010-04-02 05:00:00,1.43175,1.43504,1.43106,1.4323,2754.0
2010-04-05 00:00:00,2010-04-04 21:00:00,2010-04-05 05:00:00,1.43195,1.43383,1.43139,1.43218,3454.0
2010-04-06 00:00:00,2010-04-05 21:00:00,2010-04-06 05:00:00,1.43216,1.43275,1.43169,1.43188,3004.0
2010-04-07 00:00:00,2010-04-06 21:00:00,2010-04-07 05:00:00,1.43187,1.43525,1.43177,1.43238,3214.0
2010-04-08 00:00:00,2010-04-07 21:00:00,2010-04-08 05:00:00,1.43236,1.43403,1.43221,1.43322,3852.0
2010-04-09 00:00:00,2010-04-08 21:00:00,2010-04-09 05:00:00,1.43318,1.43944,1.43258,1.43851,6018.0
2010-04-12 00:00:00,2010-04-11 21:00:00,2010-04-12 05:00:00,1.44028,1.44652,1.43779,1.43996,8274.0
2010-04-13 00:00:00,2010-04-12 21:00:00,2010-04-13 05:00:00,1.43995,1.44062,1.43264,1.43485,6904.0
2010-04-14 00:00:00,2010-04-13 21:00:00,2010-04-14 05:00:00,1.43487,1.43868,1.43385,1.43571,6714.0
2010-04-15 00:00:00,2010-04-14 21:00:00,2010-04-15 05:00:00,1.4357,1.43656,1.43288,1.43383,6814.0
2010-04-16 00:00:00,2010-04-15 21:00:00,2010-04-16 05:00:00,1.43386,1.43427,1.43228,1.43293,5638.0
2010-04-19 00:00:00,2010-04-18 21:00:00,2010-04-19 05:00:00,1.43244,1.43583,1.43224,1.43379,5548.0
2010-04-20 00:00:00,2010-04-19 21:00:00,2010-04-20 05:00:00,1.43381,1.4361,1.43302,1.43552,5662.0
2010-04-21 00:00:00,2010-04-20 21:00:00,2010-04-21 05:00:00,1.43554,1.43567,1.4291,1.43266,4972.0
2010-04-22 00:00:00,2010-04-21 21:00:00,2010-04-22 05:00:00,1.43269,1.43455,1.43227,1.43261,4798.0
2010-04-23 00:00:00,2010-04-22 21:00:00,2010-04-23 05:00:00,1.43263,1.43587,1.43225,1.43504,6790.0
2010-04-26 00:00:00,2010-04-25 21:00:00,2010-04-26 05:00:00,1.43416,1.43619,1.43334,1.43473,6724.0
2010-04-27 00:00:00,2010-04-26 21:00:00,2010-04-27 05:00:00,1.4348,1.43663,1.43256,1.43274,8800.0
2010-04-28 00:00:00,2010-04-27 21:00:00,2010-04-28 05:00:00,1.43275,1.43463,1.43226,1.43336,6586.0
2010-04-29 00:00:00,2010-04-28 21:00:00,2010-04-29 05:00:00,1.4334,1.43511,1.43283,1.43431,6316.0
2010-04-30 00:00:00,2010-04-29 21:00:00,2010-04-30 05:00:00,1.43426,1.43557,1.43233,1.43248,6014.0
2010-05-03 00:00:00,2010-05-02 21:00:00,2010-05-03 05:00:00,1.43367,1.43404,1.43219,1.43235,2508.0
2010-05-04 00:00:00,2010-05-03 21:00:00,2010-05-04 05:00:00,1.43234,1.43481,1.43221,1.4324,3026.0
2010-05-05 00:00:00,2010-05-04 21:00:00,2010-05-05 05:00:00,1.43238,1.4337,1.43221,1.43253,3200.0
2010-05-06 00:00:00,2010-05-05 21:00:00,2010-05-06 05:00:00,1.43254,1.43426,1.40014,1.40587,13056.0
2010-05-07 00:00:00,2010-05-06 21:00:00,2010-05-07 05:00:00,1.40588,1.41869,1.40504,1.41276,15744.0
2010-05-10 00:00:00,2010-05-09 21:00:00,2010-05-10 05:00:00,1.42247,1.4332,1.41737,1.41902,13896.0
2010-05-11 00:00:00,2010-05-10 21:00:00,2010-05-11 05:00:00,1.41903,1.41904,1.40336,1.40534,11108.0
2010-05-12 00:00:00,2010-05-11 21:00:00,2010-05-12 05:00:00,1.40536,1.41165,1.40125,1.40256,9956.0
2010-05-13 00:00:00,2010-05-12 21:00:00,2010-05-13 05:00:00,1.40246,1.40708,1.40032,1.40059,7336.0
2010-05-14 00:00:00,2010-05-13 21:00:00,2010-05-14 05:00:00,1.40057,1.40301,1.40026,1.40057,6864.0
2010-05-17 00:00:00,2010-05-16 21:00:00,2010-05-17 05:00:00,1.40046,1.40285,1.40017,1.40211,6794.0
2010-05-18 00:00:00,2010-05-17 21:00:00,2010-05-18 05:00:00,1.40208,1.40468,1.40016,1.40038,8050.0
2010-05-19 00:00:00,2010-05-18 21:00:00,2010-05-19 05:00:00,1.40029,1.43084,1.40021,1.42968,9830.0
2010-05-20 00:00:00,2010-05-19 21:00:00,2010-05-20 05:00:00,1.4297,1.44546,1.41369,1.4356,13380.0
2010-05-21 00:00:00,2010-05-20 21:00:00,2010-05-21 05:00:00,1.43563,1.45865,1.43501,1.44448,12808.0
2010-05-24 00:00:00,2010-05-23 21:00:00,2010-05-24 05:00:00,1.44307,1.44429,1.43126,1.43267,8430.0
2010-05-25 00:00:00,2010-05-24 21:00:00,2010-05-25 05:00:00,1.43265,1.4328,1.42078,1.42871,12288.0
2010-05-26 00:00:00,2010-05-25 21:00:00,2010-05-26 05:00:00,1.42874,1.42901,1.41133,1.41153,11356.0
2010-05-27 00:00:00,2010-05-26 21:00:00,2010-05-27 05:00:00,1.41151,1.42735,1.41087,1.42308,13240.0
2010-05-28 00:00:00,2010-05-27 21:00:00,2010-05-28 05:00:00,1.42307,1.43076,1.42096,1.42231,10732.0
2010-05-31 00:00:00,2010-05-30 21:00:00,2010-05-31 05:00:00,1.42177,1.4258,1.41693,1.4217,4898.0
2010-06-01 00:00:00,2010-05-31 21:00:00,2010-06-01 05:00:00,1.42167,1.42227,1.41259,1.41308,12266.0
2010-06-02 00:00:00,2010-06-01 21:00:00,2010-06-02 05:00:00,1.4132,1.41595,1.41196,1.41439,9994.0
2010-06-03 00:00:00,2010-06-02 21:00:00,2010-06-03 05:00:00,1.41436,1.41772,1.40543,1.40694,9272.0
2010-06-04 00:00:00,2010-06-03 21:00:00,2010-06-04 05:00:00,1.40693,1.40915,1.38654,1.39144,11216.0
2010-06-07 00:00:00,2010-06-06 21:00:00,2010-06-07 05:00:00,1.39078,1.39424,1.38498,1.38647,10782.0
2010-06-08 00:00:00,2010-06-07 21:00:00,2010-06-08 05:00:00,1.38651,1.3909,1.37447,1.37973,10454.0
2010-06-09 00:00:00,2010-06-08 21:00:00,2010-06-09 05:00:00,1.37978,1.38057,1.37335,1.37599,9560.0
2010-06-10 00:00:00,2010-06-09 21:00:00,2010-06-10 05:00:00,1.37597,1.38676,1.37444,1.38427,9306.0
2010-06-11 00:00:00,2010-06-10 21:00:00,2010-06-11 05:00:00,1.38428,1.39456,1.38156,1.39151,8900.0
2010-06-14 00:00:00,2010-06-13 21:00:00,2010-06-14 05:00:00,1.39211,1.39841,1.38723,1.39574,8396.0
2010-06-15 00:00:00,2010-06-14 21:00:00,2010-06-15 05:00:00,1.39575,1.40398,1.39107,1.39696,9748.0
2010-06-16 00:00:00,2010-06-15 21:00:00,2010-06-16 05:00:00,1.39692,1.3971,1.38607,1.392,7894.0
2010-06-17 00:00:00,2010-06-16 21:00:00,2010-06-17 05:00:00,1.39195,1.39217,1.37404,1.37686,9748.0
2010-06-18 00:00:00,2010-06-17 21:00:00,2010-06-18 05:00:00,1.37683,1.37825,1.3716,1.37331,7120.0
2010-06-21 00:00:00,2010-06-20 21:00:00,2010-06-21 05:00:00,1.37011,1.37614,1.3681,1.3696,8632.0
2010-06-22 00:00:00,2010-06-21 21:00:00,2010-06-22 05:00:00,1.36959,1.36966,1.35838,1.35872,8424.0
2010-06-23 00:00:00,2010-06-22 21:00:00,2010-06-23 05:00:00,1.35875,1.36147,1.35433,1.36049,7582.0
2010-06-24 00:00:00,2010-06-23 21:00:00,2010-06-24 05:00:00,1.36048,1.36268,1.35535,1.35867,7736.0
2010-06-25 00:00:00,2010-06-24 21:00:00,2010-06-25 05:00:00,1.35866,1.35985,1.34564,1.3514,8542.0
2010-06-28 00:00:00,2010-06-27 21:00:00,2010-06-28 05:00:00,1.3536,1.35364,1.3328,1.33449,8272.0
2010-06-29 00:00:00,2010-06-28 21:00:00,2010-06-29 05:00:00,1.33445,1.33616,1.31648,1.31854,9542.0
2010-06-30 00:00:00,2010-06-29 21:00:00,2010-06-30 05:00:00,1.31852,1.32878,1.31737,1.31834,10054.0
2010-07-01 00:00:00,2010-06-30 21:00:00,2010-07-01 05:00:00,1.31835,1.34005,1.30728,1.32643,12620.0
2010-07-02 00:00:00,2010-07-01 21:00:00,2010-07-02 05:00:00,1.32625,1.34327,1.3216,1.33497,10402.0
2010-07-05 00:00:00,2010-07-04 21:00:00,2010-07-05 05:00:00,1.33613,1.3366,1.33099,1.33501,4724.0
2010-07-06 00:00:00,2010-07-05 21:00:00,2010-07-06 05:00:00,1.33498,1.3412,1.3283,1.33765,9032.0
2010-07-07 00:00:00,2010-07-06 21:00:00,2010-07-07 05:00:00,1.33764,1.33905,1.32629,1.32881,8878.0
2010-07-08 00:00:00,2010-07-07 21:00:00,2010-07-08 05:00:00,1.32883,1.33543,1.32591,1.33222,9534.0
2010-07-09 00:00:00,2010-07-08 21:00:00,2010-07-09 05:00:00,1.33218,1.33974,1.33073,1.33669,7914.0
2010-07-12 00:00:00,2010-07-11 21:00:00,2010-07-12 05:00:00,1.33456,1.34105,1.33025,1.33505,7616.0
2010-07-13 00:00:00,2010-07-12 21:00:00,2010-07-13 05:00:00,1.33507,1.34218,1.33098,1.34191,8404.0
2010-07-14 00:00:00,2010-07-13 21:00:00,2010-07-14 05:00:00,1.34192,1.34902,1.33877,1.33943,8588.0
2010-07-15 00:00:00,2010-07-14 21:00:00,2010-07-15 05:00:00,1.33945,1.34821,1.33782,1.3471,10260.0
2010-07-16 00:00:00,2010-07-15 21:00:00,2010-07-16 05:00:00,1.34713,1.36227,1.34553,1.35801,9358.0
2010-07-19 00:00:00,2010-07-18 21:00:00,2010-07-19 05:00:00,1.35232,1.36717,1.35069,1.36501,9146.0
2010-07-20 00:00:00,2010-07-19 21:00:00,2010-07-20 05:00:00,1.36499,1.36761,1.35002,1.35594,10166.0
2010-07-21 00:00:00,2010-07-20 21:00:00,2010-07-21 05:00:00,1.35597,1.3578,1.33928,1.34001,10162.0
2010-07-22 00:00:00,2010-07-21 21:00:00,2010-07-22 05:00:00,1.33999,1.34618,1.33416,1.3444,10830.0
2010-07-23 00:00:00,2010-07-22 21:00:00,2010-07-23 05:00:00,1.34438,1.36194,1.34169,1.3609,10020.0
2010-07-26 00:00:00,2010-07-25 21:00:00,2010-07-26 05:00:00,1.3596,1.36309,1.35451,1.36226,7816.0
2010-07-27 00:00:00,2010-07-26 21:00:00,2010-07-27 05:00:00,1.36215,1.3795,1.36201,1.37792,8404.0
2010-07-28 00:00:00,2010-07-27 21:00:00,2010-07-28 05:00:00,1.37791,1.38172,1.37128,1.37254,8892.0
2010-07-29 00:00:00,2010-07-28 21:00:00,2010-07-29 05:00:00,1.37255,1.37547,1.35801,1.36179,11108.0
2010-07-30 00:00:00,2010-07-29 21:00:00,2010-07-30 05:00:00,1.36176,1.36356,1.35091,1.35847,11518.0
2010-08-02 00:00:00,2010-08-01 21:00:00,2010-08-02 05:00:00,1.35899,1.36976,1.35797,1.36904,9038.0
2010-08-03 00:00:00,2010-08-02 21:00:00,2010-08-03 05:00:00,1.36902,1.37498,1.36619,1.37467,7996.0
2010-08-04 00:00:00,2010-08-03 21:00:00,2010-08-04 05:00:00,1.37468,1.38657,1.37263,1.38551,8552.0
2010-08-05 00:00:00,2010-08-04 21:00:00,2010-08-05 05:00:00,1.38552,1.38743,1.37515,1.37941,8894.0
2010-08-06 00:00:00,2010-08-05 21:00:00,2010-08-06 05:00:00,1.37943,1.38465,1.37474,1.37951,8646.0
2010-08-09 00:00:00,2010-08-08 21:00:00,2010-08-09 05:00:00,1.37905,1.38772,1.37608,1.38705,7486.0
2010-08-10 00:00:00,2010-08-09 21:00:00,2010-08-10 05:00:00,1.38701,1.39237,1.37975,1.38102,10926.0
2010-08-11 00:00:00,2010-08-10 21:00:00,2010-08-11 05:00:00,1.38103,1.38169,1.35956,1.36221,11886.0
2010-08-12 00:00:00,2010-08-11 21:00:00,2010-08-12 05:00:00,1.36214,1.36641,1.34589,1.34671,12412.0
2010-08-13 00:00:00,2010-08-12 21:00:00,2010-08-13 05:00:00,1.3467,1.35388,1.34013,1.34013,10860.0
2010-08-16 00:00:00,2010-08-15 21:00:00,2010-08-16 05:00:00,1.33771,1.345,1.32708,1.33275,12588.0
2010-08-17 00:00:00,2010-08-16 21:00:00,2010-08-17 05:00:00,1.33273,1.34559,1.32973,1.34366,11700.0
2010-08-18 00:00:00,2010-08-17 21:00:00,2010-08-18 05:00:00,1.34379,1.34438,1.33581,1.33972,10274.0
2010-08-19 00:00:00,2010-08-18 21:00:00,2010-08-19 05:00:00,1.33974,1.34004,1.32057,1.32286,13076.0
2010-08-20 00:00:00,2010-08-19 21:00:00,2010-08-20 05:00:00,1.32287,1.32409,1.31386,1.31406,10724.0
2010-08-23 00:00:00,2010-08-22 21:00:00,2010-08-23 05:00:00,1.31457,1.31908,1.31048,1.31709,8886.0
2010-08-24 00:00:00,2010-08-23 21:00:00,2010-08-24 05:00:00,1.31713,1.31793,1.30138,1.30296,11752.0
2010-08-25 00:00:00,2010-08-24 21:00:00,2010-08-25 05:00:00,1.30297,1.30852,1.29707,1.30376,12530.0
2010-08-26 00:00:00,2010-08-25 21:00:00,2010-08-26 05:00:00,1.30375,1.31422,1.30121,1.30205,12058.0
2010-08-27 00:00:00,2010-08-26 21:00:00,2010-08-27 05:00:00,1.30201,1.31216,1.29918,1.31154,11370.0
2010-08-30 00:00:00,2010-08-29 21:00:00,2010-08-30 05:00:00,1.31125,1.31434,1.29804,1.29888,7802.0
2010-08-31 00:00:00,2010-08-30 21:00:00,2010-08-31 05:00:00,1.2989,1.29956,1.285,1.28711,11528.0
2010-09-01 00:00:00,2010-08-31 21:00:00,2010-09-01 05:00:00,1.28709,1.30397,1.28659,1.30033,11400.0
2010-09-02 00:00:00,2010-09-01 21:00:00,2010-09-02 05:00:00,1.30031,1.30386,1.29419,1.29941,10812.0
2010-09-03 00:00:00,2010-09-02 21:00:00,2010-09-03 05:00:00,1.29933,1.31623,1.29713,1.31052,9558.0
2010-09-06 00:00:00,2010-09-05 21:00:00,2010-09-06 05:00:00,1.31035,1.31331,1.30118,1.30156,6596.0
2010-09-07 00:00:00,2010-09-06 21:00:00,2010-09-07 05:00:00,1.30157,1.30179,1.28097,1.28212,12864.0
2010-09-08 00:00:00,2010-09-07 21:00:00,2010-09-08 05:00:00,1.28211,1.292,1.2765,1.28652,12862.0
2010-09-09 00:00:00,2010-09-08 21:00:00,2010-09-09 05:00:00,1.28646,1.29275,1.28188,1.28899,12802.0
2010-09-10 00:00:00,2010-09-09 21:00:00,2010-09-10 05:00:00,1.28898,1.30731,1.28621,1.29271,12878.0
2010-09-13 00:00:00,2010-09-12 21:00:00,2010-09-13 05:00:00,1.29491,1.30374,1.29461,1.29747,13468.0
2010-09-14 00:00:00,2010-09-13 21:00:00,2010-09-14 05:00:00,1.29745,1.29762,1.28727,1.29358,15772.0
2010-09-15 00:00:00,2010-09-14 21:00:00,2010-09-15 05:00:00,1.29357,1.30665,1.29268,1.30502,15892.0
2010-09-16 00:00:00,2010-09-15 21:00:00,2010-09-16 05:00:00,1.30496,1.33022,1.29883,1.32802,15262.0
2010-09-17 00:00:00,2010-09-16 21:00:00,2010-09-17 05:00:00,1.328,1.33899,1.31387,1.31733,15070.0
2010-09-20 00:00:00,2010-09-19 21:00:00,2010-09-20 05:00:00,1.31861,1.32309,1.31127,1.31271,10890.0
2010-09-21 00:00:00,2010-09-20 21:00:00,2010-09-21 05:00:00,1.31276,1.32406,1.31117,1.32138,13774.0
2010-09-22 00:00:00,2010-09-21 21:00:00,2010-09-22 05:00:00,1.32136,1.32718,1.318,1.3221,15698.0
2010-09-23 00:00:00,2010-09-22 21:00:00,2010-09-23 05:00:00,1.32209,1.32471,1.31007,1.31208,10746.0
2010-09-24 00:00:00,2010-09-23 21:00:00,2010-09-24 05:00:00,1.31209,1.32919,1.30713,1.3261,11024.0
2010-09-27 00:00:00,2010-09-26 21:00:00,2010-09-27 05:00:00,1.32564,1.32947,1.32333,1.32542,9330.0
2010-09-28 00:00:00,2010-09-27 21:00:00,2010-09-28 05:00:00,1.32541,1.32916,1.31646,1.32573,11472.0
2010-09-29 00:00:00,2010-09-28 21:00:00,2010-09-29 05:00:00,1.32571,1.33485,1.32364,1.33095,10498.0
2010-09-30 00:00:00,2010-09-29 21:00:00,2010-09-30 05:00:00,1.33098,1.34077,1.32644,1.34015,11822.0
2010-10-01 00:00:00,2010-09-30 21:00:00,2010-10-01 05:00:00,1.34017,1.3463,1.33604,1.34261,10824.0
2010-10-04 00:00:00,2010-10-03 21:00:00,2010-10-04 05:00:00,1.34521,1.34659,1.32739,1.32772,10068.0
2010-10-05 00:00:00,2010-10-04 21:00:00,2010-10-05 05:00:00,1.32773,1.33942,1.32624,1.33709,12126.0
2010-10-06 00:00:00,2010-10-05 21:00:00,2010-10-06 05:00:00,1.3371,1.34149,1.33202,1.33919,10492.0
2010-10-07 00:00:00,2010-10-06 21:00:00,2010-10-07 05:00:00,1.33931,1.34899,1.33555,1.34475,10844.0
2010-10-08 00:00:00,2010-10-07 21:00:00,2010-10-08 05:00:00,1.34476,1.34926,1.33604,1.34167,10810.0
2010-10-11 00:00:00,2010-10-10 21:00:00,2010-10-11 05:00:00,1.34468,1.34763,1.33725,1.33849,7978.0
2010-10-12 00:00:00,2010-10-11 21:00:00,2010-10-12 05:00:00,1.3385,1.34151,1.32647,1.33228,11776.0
2010-10-13 00:00:00,2010-10-12 21:00:00,2010-10-13 05:00:00,1.33231,1.34229,1.33171,1.33773,10612.0
2010-10-14 00:00:00,2010-10-13 21:00:00,2010-10-14 05:00:00,1.3378,1.34345,1.33341,1.34164,11836.0
2010-10-15 00:00:00,2010-10-14 21:00:00,2010-10-15 05:00:00,1.34171,1.34804,1.33608,1.33986,12140.0
2010-10-18 00:00:00,2010-10-17 21:00:00,2010-10-18 05:00:00,1.33873,1.34023,1.33049,1.33739,11420.0
2010-10-19 00:00:00,2010-10-18 21:00:00,2010-10-19 05:00:00,1.33735,1.34512,1.33082,1.33352,14548.0
2010-10-20 00:00:00,2010-10-19 21:00:00,2010-10-20 05:00:00,1.33361,1.34414,1.33094,1.34282,12890.0
2010-10-21 00:00:00,2010-10-20 21:00:00,2010-10-21 05:00:00,1.34284,1.35325,1.33847,1.34698,12370.0
2010-10-22 00:00:00,2010-10-21 21:00:00,2010-10-22 05:00:00,1.34697,1.365,1.34544,1.36272,10500.0
2010-10-25 00:00:00,2010-10-24 21:00:00,2010-10-25 05:00:00,1.36303,1.367,1.35447,1.3553,9996.0
2010-10-26 00:00:00,2010-10-25 21:00:00,2010-10-26 05:00:00,1.35531,1.36867,1.35431,1.36379,11784.0
2010-10-27 00:00:00,2010-10-26 21:00:00,2010-10-27 05:00:00,1.36393,1.37025,1.3607,1.36358,12794.0
2010-10-28 00:00:00,2010-10-27 21:00:00,2010-10-28 05:00:00,1.36362,1.37049,1.36137,1.36957,11148.0
2010-10-29 00:00:00,2010-10-28 21:00:00,2010-10-29 05:00:00,1.36954,1.37376,1.36439,1.36977,11092.0
2010-11-01 00:00:00,2010-10-31 21:00:00,2010-11-01 05:00:00,1.37154,1.38336,1.37082,1.37819,10404.0
2010-11-02 00:00:00,2010-11-01 21:00:00,2010-11-02 05:00:00,1.37818,1.38197,1.36854,1.37427,11168.0
2010-11-03 00:00:00,2010-11-02 21:00:00,2010-11-03 05:00:00,1.37426,1.37687,1.37019,1.37217,12602.0
2010-11-04 00:00:00,2010-11-03 21:00:00,2010-11-04 05:00:00,1.37214,1.38036,1.35847,1.36233,13654.0
2010-11-05 00:00:00,2010-11-04 21:00:00,2010-11-05 05:00:00,1.36236,1.36333,1.34384,1.34929,12630.0
2010-11-08 00:00:00,2010-11-07 22:00:00,2010-11-08 06:00:00,1.35184,1.35275,1.34058,1.34453,12750.0
2010-11-09 00:00:00,2010-11-08 22:00:00,2010-11-09 06:00:00,1.3445,1.34498,1.33239,1.33316,13886.0
2010-11-10 00:00:00,2010-11-09 22:00:00,2010-11-10 06:00:00,1.33322,1.3427,1.3275,1.33766,15394.0
2010-11-11 00:00:00,2010-11-10 22:00:00,2010-11-11 06:00:00,1.33776,1.33963,1.32564,1.33233,12642.0
2010-11-12 00:00:00,2010-11-11 22:00:00,2010-11-12 06:00:00,1.33237,1.34361,1.32286,1.34288,14582.0
2010-11-15 00:00:00,2010-11-14 22:00:00,2010-11-15 06:00:00,1.34138,1.34696,1.33621,1.33731,12168.0
2010-11-16 00:00:00,2010-11-15 22:00:00,2010-11-16 06:00:00,1.33733,1.34409,1.3368,1.34353,13864.0
2010-11-17 00:00:00,2010-11-16 22:00:00,2010-11-17 06:00:00,1.34351,1.34658,1.3385,1.34155,15470.0
2010-11-18 00:00:00,2010-11-17 22:00:00,2010-11-18 06:00:00,1.34154,1.3596,1.34118,1.35862,27404.0
2010-11-19 00:00:00,2010-11-18 22:00:00,2010-11-19 06:00:00,1.35862,1.36734,1.35339,1.35638,24518.0
2010-11-22 00:00:00,2010-11-21 22:00:00,2010-11-22 06:00:00,1.36186,1.36561,1.34541,1.34586,24410.0
2010-11-23 00:00:00,2010-11-22 22:00:00,2010-11-23 06:00:00,1.34594,1.34684,1.32934,1.33339,33256.0
2010-11-24 00:00:00,2010-11-23 22:00:00,2010-11-24 06:00:00,1.33347,1.33469,1.32404,1.32838,33828.0
2010-11-25 00:00:00,2010-11-24 22:00:00,2010-11-25 06:00:00,1.32836,1.33898,1.32581,1.33497,24026.0
2010-11-26 00:00:00,2010-11-25 22:00:00,2010-11-26 06:00:00,1.33492,1.33513,1.32349,1.32794,29348.0
2010-11-29 00:00:00,2010-11-28 22:00:00,2010-11-29 06:00:00,1.33157,1.33229,1.31008,1.31196,32026.0
2010-11-30 00:00:00,2010-11-29 22:00:00,2010-11-30 06:00:00,1.31194,1.31305,1.29309,1.30282,36354.0
2010-12-01 00:00:00,2010-11-30 22:00:00,2010-12-01 06:00:00,1.30281,1.31895,1.30091,1.31634,37048.0
2010-12-02 00:00:00,2010-12-01 22:00:00,2010-12-02 06:00:00,1.31631,1.32054,1.3067,1.3118,34822.0
2010-12-03 00:00:00,2010-12-02 22:00:00,2010-12-03 06:00:00,1.31179,1.31694,1.30443,1.30586,31232.0
2010-12-06 00:00:00,2010-12-05 22:00:00,2010-12-06 06:00:00,1.3078,1.31171,1.30009,1.30686,32350.0
2010-12-07 00:00:00,2010-12-06 22:00:00,2010-12-07 06:00:00,1.30689,1.31206,1.30401,1.30979,35324.0
2010-12-08 00:00:00,2010-12-07 22:00:00,2010-12-08 06:00:00,1.30971,1.31043,1.30297,1.30742,35134.0
2010-12-09 00:00:00,2010-12-08 22:00:00,2010-12-09 06:00:00,1.30747,1.30983,1.29769,1.30113,33926.0
2010-12-10 00:00:00,2010-12-09 22:00:00,2010-12-10 06:00:00,1.30126,1.30324,1.29586,1.29724,26532.0
2010-12-13 00:00:00,2010-12-12 22:00:00,2010-12-13 06:00:00,1.29594,1.30054,1.29125,1.29625,27064.0
2010-12-14 00:00:00,2010-12-13 22:00:00,2010-12-14 06:00:00,1.29609,1.30025,1.28295,1.28381,35122.0
2010-12-15 00:00:00,2010-12-14 22:00:00,2010-12-15 06:00:00,1.28386,1.285,1.27572,1.27887,35958.0
2010-12-16 00:00:00,2010-12-15 22:00:00,2010-12-16 06:00:00,1.2789,1.28688,1.27355,1.27739,29492.0
2010-12-17 00:00:00,2010-12-16 22:00:00,2010-12-17 06:00:00,1.27731,1.27953,1.27174,1.27762,32768.0
2010-12-20 00:00:00,2010-12-19 22:00:00,2010-12-20 06:00:00,1.2774,1.27775,1.26352,1.26618,24686.0
2010-12-21 00:00:00,2010-12-20 22:00:00,2010-12-21 06:00:00,1.26613,1.27118,1.2543,1.25534,26180.0
2010-12-22 00:00:00,2010-12-21 22:00:00,2010-12-22 06:00:00,1.25532,1.25819,1.24376,1.24709,25192.0
2010-12-23 00:00:00,2010-12-22 22:00:00,2010-12-23 06:00:00,1.24709,1.26403,1.24561,1.25748,23174.0
2010-12-24 00:00:00,2010-12-23 22:00:00,2010-12-24 06:00:00,1.2573,1.26562,1.25447,1.26208,4068.0
2010-12-27 00:00:00,2010-12-26 22:00:00,2010-12-27 06:00:00,1.26034,1.26982,1.25968,1.26349,14318.0
2010-12-28 00:00:00,2010-12-27 22:00:00,2010-12-28 06:00:00,1.26342,1.26653,1.24503,1.24777,25016.0
2010-12-29 00:00:00,2010-12-28 22:00:00,2010-12-29 06:00:00,1.24774,1.25421,1.24546,1.24785,21750.0
2010-12-30 00:00:00,2010-12-29 22:00:00,2010-12-30 06:00:00,1.2478,1.25057,1.23996,1.24256,22628.0
2010-12-31 00:00:00,2010-12-30 22:00:00,2010-12-31 06:00:00,1.24254,1.25706,1.24187,1.24802,16516.0
2011-01-03 00:00:00,2011-01-02 22:00:00,2011-01-03 06:00:00,1.24603,1.24944,1.24139,1.2468,20014.0
2011-01-04 00:00:00,2011-01-03 22:00:00,2011-01-04 06:00:00,1.24672,1.26824,1.24534,1.26157,33974.0
2011-01-05 00:00:00,2011-01-04 22:00:00,2011-01-05 06:00:00,1.26158,1.27245,1.25687,1.26995,35196.0
2011-01-06 00:00:00,2011-01-05 22:00:00,2011-01-06 06:00:00,1.26998,1.27217,1.25202,1.25497,32358.0
2011-01-07 00:00:00,2011-01-06 22:00:00,2011-01-07 06:00:00,1.25502,1.2563,1.24483,1.24814,26932.0
2011-01-10 00:00:00,2011-01-09 22:00:00,2011-01-10 06:00:00,1.24857,1.25625,1.2433,1.25284,25058.0
2011-01-11 00:00:00,2011-01-10 22:00:00,2011-01-11 06:00:00,1.25285,1.26678,1.25146,1.26318,26494.0
2011-01-12 00:00:00,2011-01-11 22:00:00,2011-01-12 06:00:00,1.26325,1.27361,1.25785,1.26886,32396.0
2011-01-13 00:00:00,2011-01-12 22:00:00,2011-01-13 06:00:00,1.26897,1.2884,1.26837,1.28697,38044.0
2011-01-14 00:00:00,2011-01-13 22:00:00,2011-01-14 06:00:00,1.28708,1.29518,1.28458,1.28954,36836.0
2011-01-17 00:00:00,2011-01-16 22:00:00,2011-01-17 06:00:00,1.28797,1.2896,1.28025,1.28128,23384.0
2011-01-18 00:00:00,2011-01-17 22:00:00,2011-01-18 06:00:00,1.2812,1.2923,1.27719,1.28948,37638.0
2011-01-19 00:00:00,2011-01-18 22:00:00,2011-01-19 06:00:00,1.28947,1.29969,1.28411,1.28619,36568.0
2011-01-20 00:00:00,2011-01-19 22:00:00,2011-01-20 06:00:00,1.28617,1.30364,1.28129,1.30227,39912.0
2011-01-21 00:00:00,2011-01-20 22:00:00,2011-01-21 06:00:00,1.30231,1.30673,1.2974,1.30502,35320.0
2011-01-24 00:00:00,2011-01-23 22:00:00,2011-01-24 06:00:00,1.30397,1.30679,1.29279,1.29408,32426.0
2011-01-25 00:00:00,2011-01-24 22:00:00,2011-01-25 06:00:00,1.29417,1.29851,1.28228,1.28908,42038.0
2011-01-26 00:00:00,2011-01-25 22:00:00,2011-01-26 06:00:00,1.28912,1.29669,1.28719,1.29146,36772.0
2011-01-27 00:00:00,2011-01-26 22:00:00,2011-01-27 06:00:00,1.29137,1.30011,1.28893,1.29856,38382.0
2011-01-28 00:00:00,2011-01-27 22:00:00,2011-01-28 06:00:00,1.29858,1.29883,1.28029,1.28174,35482.0
2011-01-31 00:00:00,2011-01-30 22:00:00,2011-01-31 06:00:00,1.27903,1.29286,1.27777,1.29275,35882.0
2011-02-01 00:00:00,2011-01-31 22:00:00,2011-02-01 06:00:00,1.2927,1.29946,1.29044,1.29303,38810.0
2011-02-02 00:00:00,2011-02-01 22:00:00,2011-02-02 06:00:00,1.29309,1.30132,1.2871,1.29782,35268.0
2011-02-03 00:00:00,2011-02-02 22:00:00,2011-02-03 06:00:00,1.29785,1.30369,1.2864,1.28879,35670.0
2011-02-04 00:00:00,2011-02-03 22:00:00,2011-02-04 06:00:00,1.2888,1.30053,1.28781,1.29686,32510.0
2011-02-07 00:00:00,2011-02-06 22:00:00,2011-02-07 06:00:00,1.29702,1.30436,1.29274,1.29762,35118.0
2011-02-08 00:00:00,2011-02-07 22:00:00,2011-02-08 06:00:00,1.29757,1.31428,1.29701,1.31234,37732.0
2011-02-09 00:00:00,2011-02-08 22:00:00,2011-02-09 06:00:00,1.31238,1.31886,1.31188,1.31442,33974.0
2011-02-10 00:00:00,2011-02-09 22:00:00,2011-02-10 06:00:00,1.31437,1.31935,1.30844,1.31787,36098.0
2011-02-11 00:00:00,2011-02-10 22:00:00,2011-02-11 06:00:00,1.31772,1.32047,1.31249,1.31835,30536.0
2011-02-14 00:00:00,2011-02-13 22:00:00,2011-02-14 06:00:00,1.31598,1.32029,1.30516,1.30839,28274.0
2011-02-15 00:00:00,2011-02-14 22:00:00,2011-02-15 06:00:00,1.30836,1.31368,1.30347,1.30401,33122.0
2011-02-16 00:00:00,2011-02-15 22:00:00,2011-02-16 06:00:00,1.30405,1.31308,1.29712,1.30156,39038.0
2011-02-17 00:00:00,2011-02-16 22:00:00,2011-02-17 06:00:00,1.30144,1.30277,1.28981,1.29201,35128.0
2011-02-18 00:00:00,2011-02-17 22:00:00,2011-02-18 06:00:00,1.29201,1.29907,1.28943,1.2933,32742.0
2011-02-21 00:00:00,2011-02-20 22:00:00,2011-02-21 06:00:00,1.29467,1.29762,1.29205,1.29466,17120.0
2011-02-22 00:00:00,2011-02-21 22:00:00,2011-02-22 06:00:00,1.29468,1.29552,1.27899,1.2811,40088.0
2011-02-23 00:00:00,2011-02-22 22:00:00,2011-02-23 06:00:00,1.28118,1.28807,1.28061,1.28279,35612.0
2011-02-24 00:00:00,2011-02-23 22:00:00,2011-02-24 06:00:00,1.28261,1.28288,1.27053,1.27709,40954.0
2011-02-25 00:00:00,2011-02-24 22:00:00,2011-02-25 06:00:00,1.27727,1.28423,1.27516,1.27617,31972.0
2011-02-28 00:00:00,2011-02-27 22:00:00,2011-02-28 06:00:00,1.27593,1.28608,1.2724,1.28214,27392.0
2011-03-01 00:00:00,2011-02-28 22:00:00,2011-03-01 06:00:00,1.28217,1.28928,1.27828,1.27867,27844.0
2011-03-02 00:00:00,2011-03-01 22:00:00,2011-03-02 06:00:00,1.27868,1.28232,1.27543,1.28038,27494.0
2011-03-03 00:00:00,2011-03-02 22:00:00,2011-03-03 06:00:00,1.28039,1.30201,1.27866,1.30078,27722.0
2011-03-04 00:00:00,2011-03-03 22:00:00,2011-03-04 06:00:00,1.30075,1.30248,1.29138,1.293,23868.0
2011-03-07 00:00:00,2011-03-06 22:00:00,2011-03-07 06:00:00,1.29504,1.29878,1.2913,1.29417,23932.0
2011-03-08 00:00:00,2011-03-07 22:00:00,2011-03-08 06:00:00,1.29414,1.30393,1.29308,1.30017,24242.0
2011-03-09 00:00:00,2011-03-08 22:00:00,2011-03-09 06:00:00,1.30031,1.3014,1.28926,1.29255,25110.0
2011-03-10 00:00:00,2011-03-09 22:00:00,2011-03-10 06:00:00,1.29262,1.29424,1.28312,1.28612,28616.0
2011-03-11 00:00:00,2011-03-10 22:00:00,2011-03-11 06:00:00,1.28618,1.29279,1.28253,1.29249,28966.0
2011-03-14 00:00:00,2011-03-13 21:00:00,2011-03-14 05:00:00,1.29508,1.29699,1.29114,1.29293,24230.0
2011-03-15 00:00:00,2011-03-14 21:00:00,2011-03-15 05:00:00,1.29292,1.29427,1.27343,1.28103,35894.0
2011-03-16 00:00:00,2011-03-15 21:00:00,2011-03-16 05:00:00,1.281,1.28536,1.24097,1.2526,33432.0
2011-03-17 00:00:00,2011-03-16 21:00:00,2011-03-17 05:00:00,1.25251,1.2676,1.24974,1.25915,35136.0
2011-03-18 00:00:00,2011-03-17 21:00:00,2011-03-18 05:00:00,1.2592,1.28034,1.25792,1.27752,33228.0
2011-03-21 00:00:00,2011-03-20 21:00:00,2011-03-21 05:00:00,1.27829,1.28805,1.27814,1.28666,5864.0
2011-03-22 00:00:00,2011-03-21 21:00:00,2011-03-22 05:00:00,1.2865,1.28868,1.28142,1.28231,5016.0
2011-03-23 00:00:00,2011-03-22 21:00:00,2011-03-23 05:00:00,1.28233,1.28344,1.27359,1.27941,7536.0
2011-03-24 00:00:00,2011-03-23 21:00:00,2011-03-24 05:00:00,1.27942,1.28819,1.27869,1.28711,7918.0
2011-03-25 00:00:00,2011-03-24 21:00:00,2011-03-25 05:00:00,1.28731,1.2961,1.28541,1.29569,7862.0
2011-03-28 00:00:00,2011-03-27 21:00:00,2011-03-28 05:00:00,1.29112,1.29806,1.28908,1.29111,6524.0
2011-03-29 00:00:00,2011-03-28 21:00:00,2011-03-29 05:00:00,1.29114,1.29906,1.28875,1.2986,7064.0
2011-03-30 00:00:00,2011-03-29 21:00:00,2011-03-30 05:00:00,1.2986,1.30382,1.29539,1.29738,7108.0
2011-03-31 00:00:00,2011-03-30 21:00:00,2011-03-31 05:00:00,1.29738,1.30237,1.29317,1.30128,7234.0
2011-04-01 00:00:00,2011-03-31 21:00:00,2011-04-01 05:00:00,1.30129,1.31693,1.30088,1.3146,8402.0
2011-04-04 00:00:00,2011-04-03 21:00:00,2011-04-04 05:00:00,1.31484,1.31845,1.30848,1.31257,5636.0
2011-04-05 00:00:00,2011-04-04 21:00:00,2011-04-05 05:00:00,1.31261,1.3166,1.30536,1.31547,6914.0
2011-04-06 00:00:00,2011-04-05 21:00:00,2011-04-06 05:00:00,1.31551,1.32433,1.30662,1.3164,7466.0
2011-04-07 00:00:00,2011-04-06 21:00:00,2011-04-07 05:00:00,1.31639,1.31639,1.30695,1.31043,7774.0
2011-04-08 00:00:00,2011-04-07 21:00:00,2011-04-08 05:00:00,1.31038,1.31873,1.30935,1.31266,7818.0
2011-04-11 00:00:00,2011-04-10 21:00:00,2011-04-11 05:00:00,1.31242,1.31656,1.30675,1.30828,5486.0
2011-04-12 00:00:00,2011-04-11 21:00:00,2011-04-12 05:00:00,1.30826,1.30954,1.29594,1.29837,8816.0
2011-04-13 00:00:00,2011-04-12 21:00:00,2011-04-13 05:00:00,1.29833,1.30434,1.2916,1.29408,8056.0
2011-04-14 00:00:00,2011-04-13 21:00:00,2011-04-14 05:00:00,1.29399,1.29569,1.28434,1.29268,8596.0
2011-04-15 00:00:00,2011-04-14 21:00:00,2011-04-15 05:00:00,1.29275,1.29488,1.28654,1.28733,6574.0
2011-04-18 00:00:00,2011-04-17 21:00:00,2011-04-18 05:00:00,1.28679,1.28867,1.2724,1.27467,8396.0
2011-04-19 00:00:00,2011-04-18 21:00:00,2011-04-19 05:00:00,1.27457,1.2915,1.27292,1.28908,7878.0
2011-04-20 00:00:00,2011-04-19 21:00:00,2011-04-20 05:00:00,1.28912,1.29734,1.28861,1.28994,8696.0
2011-04-21 00:00:00,2011-04-20 21:00:00,2011-04-21 05:00:00,1.28987,1.29624,1.28001,1.2897,8870.0
2011-04-22 00:00:00,2011-04-21 21:00:00,2011-04-22 05:00:00,1.28955,1.29251,1.2843,1.28848,1738.0
2011-04-25 00:00:00,2011-04-24 21:00:00,2011-04-25 05:00:00,1.2888,1.29134,1.28204,1.28436,5604.0
2011-04-26 00:00:00,2011-04-25 21:00:00,2011-04-26 05:00:00,1.28439,1.28799,1.27901,1.27908,8232.0
2011-04-27 00:00:00,2011-04-26 21:00:00,2011-04-27 05:00:00,1.27904,1.29384,1.27494,1.29347,9506.0
2011-04-28 00:00:00,2011-04-27 21:00:00,2011-04-28 05:00:00,1.2934,1.29647,1.2909,1.29505,8248.0
2011-04-29 00:00:00,2011-04-28 21:00:00,2011-04-29 05:00:00,1.29499,1.29588,1.28098,1.28104,7764.0
2011-05-02 00:00:00,2011-05-01 21:00:00,2011-05-02 05:00:00,1.28004,1.28792,1.27994,1.28204,7928.0
2011-05-03 00:00:00,2011-05-02 21:00:00,2011-05-03 05:00:00,1.28203,1.28385,1.27594,1.27663,9574.0
2011-05-04 00:00:00,2011-05-03 21:00:00,2011-05-04 05:00:00,1.27669,1.2829,1.27291,1.27688,9652.0
2011-05-05 00:00:00,2011-05-04 21:00:00,2011-05-05 05:00:00,1.2769,1.27944,1.26279,1.26505,11084.0
2011-05-06 00:00:00,2011-05-05 21:00:00,2011-05-06 05:00:00,1.26508,1.27477,1.2575,1.25802,12858.0
2011-05-09 00:00:00,2011-05-08 21:00:00,2011-05-09 05:00:00,1.25924,1.26278,1.24833,1.2522,10342.0
2011-05-10 00:00:00,2011-05-09 21:00:00,2011-05-10 05:00:00,1.25217,1.26875,1.24873,1.26782,10628.0
2011-05-11 00:00:00,2011-05-10 21:00:00,2011-05-11 05:00:00,1.26779,1.27013,1.25825,1.25871,11378.0
2011-05-12 00:00:00,2011-05-11 21:00:00,2011-05-12 05:00:00,1.25874,1.26157,1.25506,1.25884,10782.0
2011-05-13 00:00:00,2011-05-12 21:00:00,2011-05-13 05:00:00,1.25899,1.26929,1.25763,1.26007,11374.0
2011-05-16 00:00:00,2011-05-15 21:00:00,2011-05-16 05:00:00,1.25761,1.26144,1.25139,1.25183,10224.0
2011-05-17 00:00:00,2011-05-16 21:00:00,2011-05-17 05:00:00,1.2518,1.2594,1.25049,1.25311,10908.0
2011-05-18 00:00:00,2011-05-17 21:00:00,2011-05-18 05:00:00,1.25314,1.25788,1.25197,1.25515,10600.0
2011-05-19 00:00:00,2011-05-18 21:00:00,2011-05-19 05:00:00,1.25527,1.26408,1.25328,1.26007,10538.0
2011-05-20 00:00:00,2011-05-19 21:00:00,2011-05-20 05:00:00,1.26001,1.26455,1.24017,1.24242,9882.0
2011-05-23 00:00:00,2011-05-22 21:00:00,2011-05-23 05:00:00,1.24226,1.24234,1.23224,1.24126,10498.0
2011-05-24 00:00:00,2011-05-23 21:00:00,2011-05-24 05:00:00,1.24126,1.24678,1.23776,1.24082,10552.0
2011-05-25 00:00:00,2011-05-24 21:00:00,2011-05-25 05:00:00,1.24077,1.24092,1.22704,1.22862,10666.0
2011-05-26 00:00:00,2011-05-25 21:00:00,2011-05-26 05:00:00,1.22869,1.23594,1.22016,1.22257,10426.0
2011-05-27 00:00:00,2011-05-26 21:00:00,2011-05-27 05:00:00,1.22259,1.22548,1.20801,1.21518,12460.0
2011-05-30 00:00:00,2011-05-29 21:00:00,2011-05-30 05:00:00,1.21569,1.21836,1.2135,1.21723,5592.0
2011-05-31 00:00:00,2011-05-30 21:00:00,2011-05-31 05:00:00,1.21722,1.23115,1.2153,1.22894,10574.0
2011-06-01 00:00:00,2011-05-31 21:00:00,2011-06-01 05:00:00,1.22896,1.23175,1.20405,1.20695,11966.0
2011-06-02 00:00:00,2011-06-01 21:00:00,2011-06-02 05:00:00,1.20679,1.22249,1.20658,1.22108,10170.0
2011-06-03 00:00:00,2011-06-02 21:00:00,2011-06-03 05:00:00,1.22109,1.22506,1.21062,1.21882,10154.0
2011-06-06 00:00:00,2011-06-05 21:00:00,2011-06-06 05:00:00,1.22164,1.22576,1.21499,1.21758,10316.0
2011-06-07 00:00:00,2011-06-06 21:00:00,2011-06-07 05:00:00,1.21754,1.23117,1.21685,1.22853,9694.0
2011-06-08 00:00:00,2011-06-07 21:00:00,2011-06-08 05:00:00,1.22855,1.22937,1.21756,1.21907,10164.0
2011-06-09 00:00:00,2011-06-08 21:00:00,2011-06-09 05:00:00,1.21906,1.23023,1.21869,1.22049,9266.0
2011-06-10 00:00:00,2011-06-09 21:00:00,2011-06-10 05:00:00,1.22048,1.22325,1.20587,1.20939,9192.0
2011-06-13 00:00:00,2011-06-12 21:00:00,2011-06-13 05:00:00,1.20719,1.2138,1.20033,1.20671,8726.0
2011-06-14 00:00:00,2011-06-13 21:00:00,2011-06-14 05:00:00,1.20672,1.22537,1.20108,1.2206,8912.0
2011-06-15 00:00:00,2011-06-14 21:00:00,2011-06-15 05:00:00,1.22058,1.22448,1.20804,1.2087,9828.0
2011-06-16 00:00:00,2011-06-15 21:00:00,2011-06-16 05:00:00,1.20881,1.21249,1.19462,1.20477,12366.0
2011-06-17 00:00:00,2011-06-16 21:00:00,2011-06-17 05:00:00,1.20487,1.21446,1.19836,1.21357,10510.0
2011-06-20 00:00:00,2011-06-19 21:00:00,2011-06-20 05:00:00,1.21163,1.21392,1.20162,1.21029,9688.0
2011-06-21 00:00:00,2011-06-20 21:00:00,2011-06-21 05:00:00,1.21026,1.2147,1.20685,1.21084,8346.0
2011-06-22 00:00:00,2011-06-21 21:00:00,2011-06-22 05:00:00,1.21082,1.21478,1.20111,1.20361,9796.0
2011-06-23 00:00:00,2011-06-22 21:00:00,2011-06-23 05:00:00,1.20362,1.20725,1.18454,1.1955,11698.0
2011-06-24 00:00:00,2011-06-23 21:00:00,2011-06-24 05:00:00,1.19554,1.19633,1.17306,1.18219,9944.0
2011-06-27 00:00:00,2011-06-26 21:00:00,2011-06-27 05:00:00,1.18352,1.19569,1.18165,1.19299,10118.0
2011-06-28 00:00:00,2011-06-27 21:00:00,2011-06-28 05:00:00,1.19297,1.19588,1.18627,1.19548,11018.0
2011-06-29 00:00:00,2011-06-28 21:00:00,2011-06-29 05:00:00,1.19544,1.20588,1.19236,1.20458,10362.0
2011-06-30 00:00:00,2011-06-29 21:00:00,2011-06-30 05:00:00,1.20454,1.22438,1.20284,1.21907,9390.0
2011-07-01 00:00:00,2011-06-30 21:00:00,2011-07-01 05:00:00,1.21903,1.23332,1.21851,1.23123,9448.0
2011-07-04 00:00:00,2011-07-03 21:00:00,2011-07-04 05:00:00,1.2322,1.23446,1.23009,1.23223,6638.0
2011-07-05 00:00:00,2011-07-04 21:00:00,2011-07-05 05:00:00,1.23227,1.23378,1.20993,1.2127,8476.0
2011-07-06 00:00:00,2011-07-05 21:00:00,2011-07-06 05:00:00,1.21275,1.2171,1.19659,1.20231,8962.0
2011-07-07 00:00:00,2011-07-06 21:00:00,2011-07-07 05:00:00,1.20205,1.2143,1.19756,1.21309,9380.0
2011-07-08 00:00:00,2011-07-07 21:00:00,2011-07-08 05:00:00,1.21306,1.21685,1.19083,1.19173,9130.0
2011-07-11 00:00:00,2011-07-10 21:00:00,2011-07-11 05:00:00,1.18894,1.19212,1.16717,1.17474,10146.0
2011-07-12 00:00:00,2011-07-11 21:00:00,2011-07-12 05:00:00,1.17484,1.17515,1.15153,1.159,15068.0
2011-07-13 00:00:00,2011-07-12 21:00:00,2011-07-13 05:00:00,1.15918,1.17216,1.14326,1.15073,13056.0
2011-07-14 00:00:00,2011-07-13 21:00:00,2011-07-14 05:00:00,1.15074,1.16482,1.14999,1.15338,13462.0
2011-07-15 00:00:00,2011-07-14 21:00:00,2011-07-15 05:00:00,1.15343,1.15974,1.14937,1.15071,10934.0
2011-07-18 00:00:00,2011-07-17 21:00:00,2011-07-18 05:00:00,1.14132,1.15477,1.14042,1.1538,10816.0
2011-07-19 00:00:00,2011-07-18 21:00:00,2011-07-19 05:00:00,1.15376,1.16874,1.15111,1.16654,11412.0
2011-07-20 00:00:00,2011-07-19 21:00:00,2011-07-20 05:00:00,1.16653,1.16927,1.16047,1.16624,10074.0
2011-07-21 00:00:00,2011-07-20 21:00:00,2011-07-21 05:00:00,1.16626,1.18004,1.16083,1.17681,12384.0
2011-07-22 00:00:00,2011-07-21 21:00:00,2011-07-22 05:00:00,1.17678,1.1891,1.16486,1.16486,10390.0
2011-07-25 00:00:00,2011-07-24 21:00:00,2011-07-25 05:00:00,1.16836,1.17157,1.15115,1.15843,10024.0
2011-07-26 00:00:00,2011-07-25 21:00:00,2011-07-26 05:00:00,1.15844,1.16618,1.15351,1.16316,10068.0
2011-07-27 00:00:00,2011-07-26 21:00:00,2011-07-27 05:00:00,1.16275,1.16459,1.15003,1.15108,10642.0
2011-07-28 00:00:00,2011-07-27 21:00:00,2011-07-28 05:00:00,1.15101,1.15358,1.14216,1.14793,9820.0
2011-07-29 00:00:00,2011-07-28 21:00:00,2011-07-29 05:00:00,1.14794,1.14906,1.12963,1.131,12200.0
2011-08-01 00:00:00,2011-07-31 21:00:00,2011-08-01 05:00:00,1.13963,1.14507,1.10223,1.11705,13156.0
2011-08-02 00:00:00,2011-08-01 21:00:00,2011-08-02 05:00:00,1.11698,1.12041,1.07943,1.08521,14760.0
2011-08-03 00:00:00,2011-08-02 21:00:00,2011-08-03 05:00:00,1.08543,1.11463,1.07944,1.10395,14880.0
2011-08-04 00:00:00,2011-08-03 21:00:00,2011-08-04 05:00:00,1.104,1.11387,1.07517,1.08043,17190.0
2011-08-05 00:00:00,2011-08-04 21:00:00,2011-08-05 05:00:00,1.08044,1.09807,1.07042,1.09512,18464.0
2011-08-08 00:00:00,2011-08-07 21:00:00,2011-08-08 05:00:00,1.0865,1.09913,1.06153,1.0697,16684.0
2011-08-09 00:00:00,2011-08-08 21:00:00,2011-08-09 05:00:00,1.06979,1.08413,1.0066,1.03774,20190.0
2011-08-10 00:00:00,2011-08-09 21:00:00,2011-08-10 05:00:00,1.03779,1.05303,1.02557,1.02926,17882.0
2011-08-11 00:00:00,2011-08-10 21:00:00,2011-08-11 05:00:00,1.0293,1.09208,1.02534,1.08656,19494.0
2011-08-12 00:00:00,2011-08-11 21:00:00,2011-08-12 05:00:00,1.08647,1.10928,1.06849,1.10787,15488.0
2011-08-15 00:00:00,2011-08-14 21:00:00,2011-08-15 05:00:00,1.11625,1.14579,1.11563,1.13276,13906.0
2011-08-16 00:00:00,2011-08-15 21:00:00,2011-08-16 05:00:00,1.13285,1.14899,1.1162,1.14804,14228.0
2011-08-17 00:00:00,2011-08-16 21:00:00,2011-08-17 05:00:00,1.1481,1.15539,1.12191,1.13919,15598.0
2011-08-18 00:00:00,2011-08-17 21:00:00,2011-08-18 05:00:00,1.13917,1.15153,1.1239,1.13694,15244.0
2011-08-19 00:00:00,2011-08-18 21:00:00,2011-08-19 05:00:00,1.13712,1.13914,1.12515,1.12932,16122.0
2011-08-22 00:00:00,2011-08-21 21:00:00,2011-08-22 05:00:00,1.13611,1.13818,1.12656,1.13466,14460.0
2011-08-23 00:00:00,2011-08-22 21:00:00,2011-08-23 05:00:00,1.13452,1.14518,1.13127,1.14381,13682.0
2011-08-24 00:00:00,2011-08-23 21:00:00,2011-08-24 05:00:00,1.1437,1.14753,1.13707,1.14649,12402.0
2011-08-25 00:00:00,2011-08-24 21:00:00,2011-08-25 05:00:00,1.14651,1.15168,1.1399,1.14103,11770.0
2011-08-26 00:00:00,2011-08-25 21:00:00,2011-08-26 05:00:00,1.14102,1.17357,1.13955,1.16852,15832.0
2011-08-29 00:00:00,2011-08-28 21:00:00,2011-08-29 05:00:00,1.16994,1.19717,1.16871,1.18443,10494.0
2011-08-30 00:00:00,2011-08-29 21:00:00,2011-08-30 05:00:00,1.18442,1.18963,1.17523,1.18354,13686.0
2011-08-31 00:00:00,2011-08-30 21:00:00,2011-08-31 05:00:00,1.18363,1.18507,1.15241,1.15975,15812.0
2011-09-01 00:00:00,2011-08-31 21:00:00,2011-09-01 05:00:00,1.15989,1.16065,1.13195,1.13293,18860.0
2011-09-02 00:00:00,2011-09-01 21:00:00,2011-09-02 05:00:00,1.13302,1.13533,1.10001,1.11951,23542.0
2011-09-05 00:00:00,2011-09-04 21:00:00,2011-09-05 05:00:00,1.11631,1.11994,1.10153,1.10915,18680.0
2011-09-06 00:00:00,2011-09-05 21:00:00,2011-09-06 05:00:00,1.10912,1.21886,1.10178,1.20659,29764.0
2011-09-07 00:00:00,2011-09-06 21:00:00,2011-09-07 05:00:00,1.20654,1.21089,1.20336,1.20883,26122.0
2011-09-08 00:00:00,2011-09-07 21:00:00,2011-09-08 05:00:00,1.20884,1.21799,1.20727,1.21473,26234.0
2011-09-09 00:00:00,2011-09-08 21:00:00,2011-09-09 05:00:00,1.21469,1.21854,1.20536,1.20661,26964.0
2011-09-12 00:00:00,2011-09-11 21:00:00,2011-09-12 05:00:00,1.20627,1.20777,1.20311,1.20354,23210.0
2011-09-13 00:00:00,2011-09-12 21:00:00,2011-09-13 05:00:00,1.20364,1.20509,1.20289,1.20402,14304.0
2011-09-14 00:00:00,2011-09-13 21:00:00,2011-09-14 05:00:00,1.20399,1.20504,1.20221,1.20407,13900.0
2011-09-15 00:00:00,2011-09-14 21:00:00,2011-09-15 05:00:00,1.20406,1.20923,1.20357,1.20709,15868.0
2011-09-16 00:00:00,2011-09-15 21:00:00,2011-09-16 05:00:00,1.20708,1.20969,1.20523,1.20768,14246.0
2011-09-19 00:00:00,2011-09-18 21:00:00,2011-09-19 05:00:00,1.20644,1.20791,1.20502,1.2063,17294.0
2011-09-20 00:00:00,2011-09-19 21:00:00,2011-09-20 05:00:00,1.20629,1.22131,1.20498,1.21503,26042.0
2011-09-21 00:00:00,2011-09-20 21:00:00,2011-09-21 05:00:00,1.215,1.23262,1.21461,1.22187,30994.0
2011-09-22 00:00:00,2011-09-21 21:00:00,2011-09-22 05:00:00,1.22186,1.23431,1.21692,1.22215,35188.0
2011-09-23 00:00:00,2011-09-22 21:00:00,2011-09-23 05:00:00,1.22217,1.22823,1.21844,1.2214,32988.0
2011-09-26 00:00:00,2011-09-25 21:00:00,2011-09-26 05:00:00,1.22212,1.22512,1.21514,1.21967,30760.0
2011-09-27 00:00:00,2011-09-26 21:00:00,2011-09-27 05:00:00,1.21961,1.22368,1.21639,1.21803,28864.0
2011-09-28 00:00:00,2011-09-27 21:00:00,2011-09-28 05:00:00,1.21789,1.22246,1.21734,1.21843,23714.0
2011-09-29 00:00:00,2011-09-28 21:00:00,2011-09-29 05:00:00,1.21839,1.22189,1.21828,1.21927,21644.0
2011-09-30 00:00:00,2011-09-29 21:00:00,2011-09-30 05:00:00,1.21931,1.2203,1.21238,1.21537,21540.0
2011-10-03 00:00:00,2011-10-02 21:00:00,2011-10-03 05:00:00,1.21406,1.21662,1.21208,1.21411,23072.0
2011-10-04 00:00:00,2011-10-03 21:00:00,2011-10-04 05:00:00,1.2141,1.22815,1.21265,1.22365,25466.0
2011-10-05 00:00:00,2011-10-04 21:00:00,2011-10-05 05:00:00,1.22371,1.23549,1.22152,1.23238,24760.0
2011-10-06 00:00:00,2011-10-05 21:00:00,2011-10-06 05:00:00,1.23247,1.2427,1.22883,1.23683,24596.0
2011-10-07 00:00:00,2011-10-06 21:00:00,2011-10-07 05:00:00,1.23683,1.24216,1.23366,1.24001,18834.0
2011-10-10 00:00:00,2011-10-09 21:00:00,2011-10-10 05:00:00,1.23978,1.24346,1.23028,1.23259,10172.0
2011-10-11 00:00:00,2011-10-10 21:00:00,2011-10-11 05:00:00,1.23295,1.24138,1.23134,1.23841,10432.0
2011-10-12 00:00:00,2011-10-11 21:00:00,2011-10-12 05:00:00,1.23836,1.24175,1.23212,1.23352,11004.0
2011-10-13 00:00:00,2011-10-12 21:00:00,2011-10-13 05:00:00,1.23351,1.23757,1.23261,1.23689,9400.0
2011-10-14 00:00:00,2011-10-13 21:00:00,2011-10-14 05:00:00,1.23684,1.24123,1.23509,1.23679,11258.0
2011-10-17 00:00:00,2011-10-16 21:00:00,2011-10-17 05:00:00,1.23738,1.23958,1.23439,1.23517,10750.0
2011-10-18 00:00:00,2011-10-17 21:00:00,2011-10-18 05:00:00,1.23517,1.23787,1.23289,1.23525,12000.0
2011-10-19 00:00:00,2011-10-18 21:00:00,2011-10-19 05:00:00,1.23527,1.24729,1.23491,1.24191,11722.0
2011-10-20 00:00:00,2011-10-19 21:00:00,2011-10-20 05:00:00,1.24191,1.24411,1.22797,1.23168,12646.0
2011-10-21 00:00:00,2011-10-20 21:00:00,2011-10-21 05:00:00,1.2317,1.23325,1.22057,1.22445,10740.0
2011-10-24 00:00:00,2011-10-23 21:00:00,2011-10-24 05:00:00,1.22496,1.23059,1.22296,1.22631,11652.0
2011-10-25 00:00:00,2011-10-24 21:00:00,2011-10-25 05:00:00,1.22618,1.22828,1.2203,1.22084,9920.0
2011-10-26 00:00:00,2011-10-25 21:00:00,2011-10-26 05:00:00,1.22086,1.22699,1.21549,1.22467,11510.0
2011-10-27 00:00:00,2011-10-26 21:00:00,2011-10-27 05:00:00,1.22468,1.22861,1.21776,1.21932,13854.0
2011-10-28 00:00:00,2011-10-27 21:00:00,2011-10-28 05:00:00,1.21925,1.2244,1.21892,1.22046,9120.0
2011-10-31 00:00:00,2011-10-30 21:00:00,2011-10-31 05:00:00,1.21982,1.22277,1.21388,1.21422,10310.0
2011-11-01 00:00:00,2011-10-31 21:00:00,2011-11-01 05:00:00,1.21429,1.22095,1.21381,1.21502,11780.0
2011-11-02 00:00:00,2011-11-01 21:00:00,2011-11-02 05:00:00,1.21492,1.21813,1.21395,1.21483,9272.0
2011-11-03 00:00:00,2011-11-02 21:00:00,2011-11-03 05:00:00,1.21485,1.21699,1.21277,1.21324,11146.0
2011-11-04 00:00:00,2011-11-03 21:00:00,2011-11-04 05:00:00,1.21326,1.2246,1.21302,1.21909,10418.0
2011-11-07 00:00:00,2011-11-06 22:00:00,2011-11-07 06:00:00,1.22652,1.24175,1.22613,1.24001,11128.0
2011-11-08 00:00:00,2011-11-07 22:00:00,2011-11-08 06:00:00,1.23996,1.24555,1.23183,1.2373,11804.0
2011-11-09 00:00:00,2011-11-08 22:00:00,2011-11-09 06:00:00,1.23732,1.24012,1.22796,1.2313,11418.0
2011-11-10 00:00:00,2011-11-09 22:00:00,2011-11-10 06:00:00,1.23129,1.23828,1.22927,1.23207,12184.0
2011-11-11 00:00:00,2011-11-10 22:00:00,2011-11-11 06:00:00,1.23222,1.24157,1.23185,1.23725,9232.0
2011-11-14 00:00:00,2011-11-13 22:00:00,2011-11-14 06:00:00,1.24015,1.24157,1.23271,1.23737,10222.0
2011-11-15 00:00:00,2011-11-14 22:00:00,2011-11-15 06:00:00,1.23735,1.24264,1.23694,1.23911,10146.0
2011-11-16 00:00:00,2011-11-15 22:00:00,2011-11-16 06:00:00,1.23912,1.24115,1.23609,1.23742,10258.0
2011-11-17 00:00:00,2011-11-16 22:00:00,2011-11-17 06:00:00,1.23744,1.24395,1.23665,1.24069,11290.0
2011-11-18 00:00:00,2011-11-17 22:00:00,2011-11-18 06:00:00,1.24065,1.24137,1.23411,1.23884,10534.0
2011-11-21 00:00:00,2011-11-20 22:00:00,2011-11-21 06:00:00,1.24024,1.24151,1.23528,1.23716,7922.0
2011-11-22 00:00:00,2011-11-21 22:00:00,2011-11-22 06:00:00,1.23713,1.23861,1.23373,1.23465,7614.0
2011-11-23 00:00:00,2011-11-22 22:00:00,2011-11-23 06:00:00,1.23462,1.23531,1.22599,1.22719,8892.0
2011-11-24 00:00:00,2011-11-23 22:00:00,2011-11-24 06:00:00,1.22721,1.23155,1.22544,1.22703,6730.0
2011-11-25 00:00:00,2011-11-24 22:00:00,2011-11-25 06:00:00,1.22705,1.23794,1.22492,1.22997,8538.0
2011-11-28 00:00:00,2011-11-27 22:00:00,2011-11-28 06:00:00,1.23557,1.23677,1.22774,1.22856,8644.0
2011-11-29 00:00:00,2011-11-28 22:00:00,2011-11-29 06:00:00,1.22858,1.2313,1.22573,1.22645,8018.0
2011-11-30 00:00:00,2011-11-29 22:00:00,2011-11-30 06:00:00,1.22649,1.22903,1.22223,1.22824,9654.0
2011-12-01 00:00:00,2011-11-30 22:00:00,2011-12-01 06:00:00,1.22826,1.2385,1.22518,1.23263,8218.0
2011-12-02 00:00:00,2011-12-01 22:00:00,2011-12-02 06:00:00,1.23262,1.2372,1.23222,1.23287,7500.0
2011-12-05 00:00:00,2011-12-04 22:00:00,2011-12-05 06:00:00,1.23575,1.23977,1.23213,1.23358,6736.0
2011-12-06 00:00:00,2011-12-05 22:00:00,2011-12-06 06:00:00,1.23359,1.24281,1.23285,1.24047,7644.0
2011-12-07 00:00:00,2011-12-06 22:00:00,2011-12-07 06:00:00,1.24048,1.24427,1.23756,1.23851,7290.0
2011-12-08 00:00:00,2011-12-07 22:00:00,2011-12-08 06:00:00,1.23859,1.24025,1.23262,1.23539,7768.0
2011-12-09 00:00:00,2011-12-08 22:00:00,2011-12-09 06:00:00,1.23529,1.23794,1.23115,1.23509,8026.0
2011-12-12 00:00:00,2011-12-11 22:00:00,2011-12-12 06:00:00,1.23701,1.23832,1.23232,1.23526,8426.0
2011-12-13 00:00:00,2011-12-12 22:00:00,2011-12-13 06:00:00,1.23531,1.23752,1.2297,1.23215,8254.0
2011-12-14 00:00:00,2011-12-13 22:00:00,2011-12-14 06:00:00,1.23219,1.23781,1.2297,1.23749,8302.0
2011-12-15 00:00:00,2011-12-14 22:00:00,2011-12-15 06:00:00,1.23747,1.23957,1.22228,1.22395,8468.0
2011-12-16 00:00:00,2011-12-15 22:00:00,2011-12-16 06:00:00,1.22395,1.22524,1.22004,1.22018,6464.0
2011-12-19 00:00:00,2011-12-18 22:00:00,2011-12-19 06:00:00,1.2204,1.22117,1.21682,1.21834,7478.0
2011-12-20 00:00:00,2011-12-19 22:00:00,2011-12-20 06:00:00,1.21837,1.22064,1.21626,1.21868,9438.0
2011-12-21 00:00:00,2011-12-20 22:00:00,2011-12-21 06:00:00,1.21876,1.2241,1.2168,1.22034,8854.0
2011-12-22 00:00:00,2011-12-21 22:00:00,2011-12-22 06:00:00,1.22037,1.22412,1.21979,1.22108,7376.0
2011-12-23 00:00:00,2011-12-22 22:00:00,2011-12-23 06:00:00,1.22104,1.22405,1.21999,1.21999,5470.0
2011-12-26 00:00:00,2011-12-25 22:00:00,2011-12-26 06:00:00,1.223,1.22414,1.22074,1.22202,278.0
2011-12-27 00:00:00,2011-12-26 22:00:00,2011-12-27 06:00:00,1.22184,1.22358,1.22001,1.22059,3336.0
2011-12-28 00:00:00,2011-12-27 22:00:00,2011-12-28 06:00:00,1.22014,1.22201,1.21805,1.21938,6148.0
2011-12-29 00:00:00,2011-12-28 22:00:00,2011-12-29 06:00:00,1.21949,1.22012,1.21648,1.21821,5636.0
2011-12-30 00:00:00,2011-12-29 22:00:00,2011-12-30 06:00:00,1.21818,1.21859,1.21312,1.21423,5436.0
2012-01-02 00:00:00,2012-01-01 22:00:00,2012-01-02 06:00:00,1.21615,1.2175,1.2134,1.21514,664.0
2012-01-03 00:00:00,2012-01-02 22:00:00,2012-01-03 06:00:00,1.21514,1.21971,1.21493,1.21618,5474.0
2012-01-04 00:00:00,2012-01-03 22:00:00,2012-01-04 06:00:00,1.21614,1.21972,1.21599,1.21854,5000.0
2012-01-05 00:00:00,2012-01-04 22:00:00,2012-01-05 06:00:00,1.21834,1.21951,1.21712,1.2177,6050.0
2012-01-06 00:00:00,2012-01-05 22:00:00,2012-01-06 06:00:00,1.21741,1.21952,1.2144,1.21459,4934.0
2012-01-09 00:00:00,2012-01-08 22:00:00,2012-01-09 06:00:00,1.21528,1.21614,1.21052,1.21202,4562.0
2012-01-10 00:00:00,2012-01-09 22:00:00,2012-01-10 06:00:00,1.21185,1.21468,1.21046,1.21262,4068.0
2012-01-11 00:00:00,2012-01-10 22:00:00,2012-01-11 06:00:00,1.21255,1.21387,1.21077,1.21233,5238.0
2012-01-12 00:00:00,2012-01-11 22:00:00,2012-01-12 06:00:00,1.21192,1.21289,1.20856,1.21016,5444.0
2012-01-13 00:00:00,2012-01-12 22:00:00,2012-01-13 06:00:00,1.21005,1.21289,1.20607,1.20669,6804.0
2012-01-16 00:00:00,2012-01-15 22:00:00,2012-01-16 06:00:00,1.20633,1.2097,1.20628,1.20857,4114.0
2012-01-17 00:00:00,2012-01-16 22:00:00,2012-01-17 06:00:00,1.20836,1.21131,1.20799,1.20922,12964.0
2012-01-18 00:00:00,2012-01-17 22:00:00,2012-01-18 06:00:00,1.20892,1.21315,1.20684,1.20824,13804.0
2012-01-19 00:00:00,2012-01-18 22:00:00,2012-01-19 06:00:00,1.20822,1.20907,1.20675,1.20852,13010.0
2012-01-20 00:00:00,2012-01-19 22:00:00,2012-01-20 06:00:00,1.20864,1.20903,1.20684,1.20838,10562.0
2012-01-23 00:00:00,2012-01-22 22:00:00,2012-01-23 06:00:00,1.20717,1.20834,1.20596,1.20727,10822.0
2012-01-24 00:00:00,2012-01-23 22:00:00,2012-01-24 06:00:00,1.207,1.20927,1.20566,1.20906,11980.0
2012-01-25 00:00:00,2012-01-24 22:00:00,2012-01-25 06:00:00,1.20906,1.21081,1.20697,1.20769,13056.0
2012-01-26 00:00:00,2012-01-25 22:00:00,2012-01-26 06:00:00,1.20758,1.2093,1.2058,1.20637,10004.0
2012-01-27 00:00:00,2012-01-26 22:00:00,2012-01-27 06:00:00,1.20639,1.20848,1.20544,1.20577,11248.0
2012-01-30 00:00:00,2012-01-29 22:00:00,2012-01-30 06:00:00,1.20603,1.20654,1.20393,1.20522,9870.0
2012-01-31 00:00:00,2012-01-30 22:00:00,2012-01-31 06:00:00,1.20513,1.20627,1.20328,1.20382,11182.0
2012-02-01 00:00:00,2012-01-31 22:00:00,2012-02-01 06:00:00,1.20352,1.2055,1.20304,1.20439,12664.0
2012-02-02 00:00:00,2012-02-01 22:00:00,2012-02-02 06:00:00,1.20443,1.2067,1.20398,1.20485,10436.0
2012-02-03 00:00:00,2012-02-02 22:00:00,2012-02-03 06:00:00,1.20477,1.20823,1.20449,1.20778,11770.0
2012-02-06 00:00:00,2012-02-05 22:00:00,2012-02-06 06:00:00,1.20691,1.20761,1.20522,1.20624,9724.0
2012-02-07 00:00:00,2012-02-06 22:00:00,2012-02-07 06:00:00,1.20617,1.2101,1.20578,1.20895,12580.0
2012-02-08 00:00:00,2012-02-07 22:00:00,2012-02-08 06:00:00,1.20897,1.2127,1.20843,1.20989,10642.0
2012-02-09 00:00:00,2012-02-08 22:00:00,2012-02-09 06:00:00,1.20957,1.21145,1.20928,1.2112,11048.0
2012-02-10 00:00:00,2012-02-09 22:00:00,2012-02-10 06:00:00,1.21121,1.21135,1.20822,1.20933,10606.0
2012-02-13 00:00:00,2012-02-12 22:00:00,2012-02-13 06:00:00,1.20847,1.21009,1.20791,1.20853,9208.0
2012-02-14 00:00:00,2012-02-13 22:00:00,2012-02-14 06:00:00,1.20851,1.20887,1.20663,1.20745,16270.0
2012-02-15 00:00:00,2012-02-14 22:00:00,2012-02-15 06:00:00,1.20745,1.20828,1.20619,1.20668,12452.0
2012-02-16 00:00:00,2012-02-15 22:00:00,2012-02-16 06:00:00,1.2067,1.20782,1.20617,1.20684,10752.0
2012-02-17 00:00:00,2012-02-16 22:00:00,2012-02-17 06:00:00,1.20686,1.20913,1.20654,1.20862,10458.0
2012-02-20 00:00:00,2012-02-19 22:00:00,2012-02-20 06:00:00,1.20898,1.21013,1.20645,1.207,6702.0
2012-02-21 00:00:00,2012-02-20 22:00:00,2012-02-21 06:00:00,1.20703,1.20845,1.2064,1.20743,10994.0
2012-02-22 00:00:00,2012-02-21 22:00:00,2012-02-22 06:00:00,1.20715,1.20782,1.20564,1.2059,10344.0
2012-02-23 00:00:00,2012-02-22 22:00:00,2012-02-23 06:00:00,1.20584,1.20672,1.20452,1.2051,10000.0
2012-02-24 00:00:00,2012-02-23 22:00:00,2012-02-24 06:00:00,1.20517,1.20642,1.20393,1.20487,9470.0
2012-02-27 00:00:00,2012-02-26 22:00:00,2012-02-27 06:00:00,1.20477,1.20545,1.20419,1.20488,11482.0
2012-02-28 00:00:00,2012-02-27 22:00:00,2012-02-28 06:00:00,1.20479,1.20586,1.20458,1.20516,10932.0
2012-02-29 00:00:00,2012-02-28 22:00:00,2012-02-29 06:00:00,1.20507,1.2056,1.20461,1.2051,9760.0
2012-03-01 00:00:00,2012-02-29 22:00:00,2012-03-01 06:00:00,1.20521,1.2063,1.2046,1.20579,8662.0
2012-03-02 00:00:00,2012-03-01 22:00:00,2012-03-02 06:00:00,1.20568,1.20688,1.20515,1.20648,7474.0
2012-03-05 00:00:00,2012-03-04 22:00:00,2012-03-05 06:00:00,1.20607,1.20664,1.20507,1.20581,5546.0
2012-03-06 00:00:00,2012-03-05 22:00:00,2012-03-06 06:00:00,1.20582,1.20613,1.2046,1.20463,6658.0
2012-03-07 00:00:00,2012-03-06 22:00:00,2012-03-07 06:00:00,1.20478,1.20567,1.2046,1.20515,5470.0
2012-03-08 00:00:00,2012-03-07 22:00:00,2012-03-08 06:00:00,1.20519,1.20605,1.20477,1.20543,6120.0
2012-03-09 00:00:00,2012-03-08 22:00:00,2012-03-09 06:00:00,1.20554,1.20592,1.20492,1.20553,6466.0
2012-03-12 00:00:00,2012-03-11 21:00:00,2012-03-12 05:00:00,1.2057,1.20619,1.20526,1.20552,5036.0
2012-03-13 00:00:00,2012-03-12 21:00:00,2012-03-13 05:00:00,1.20558,1.20781,1.20509,1.20757,6632.0
2012-03-14 00:00:00,2012-03-13 21:00:00,2012-03-14 05:00:00,1.20757,1.2146,1.20717,1.21241,8406.0
2012-03-15 00:00:00,2012-03-14 21:00:00,2012-03-15 05:00:00,1.21244,1.21384,1.2065,1.20702,7752.0
2012-03-16 00:00:00,2012-03-15 21:00:00,2012-03-16 05:00:00,1.20708,1.20804,1.20591,1.20617,5606.0
2012-03-19 00:00:00,2012-03-18 21:00:00,2012-03-19 05:00:00,1.20616,1.20685,1.20588,1.20629,4768.0
2012-03-20 00:00:00,2012-03-19 21:00:00,2012-03-20 05:00:00,1.20631,1.20677,1.20538,1.20557,5512.0
2012-03-21 00:00:00,2012-03-20 21:00:00,2012-03-21 05:00:00,1.20615,1.20633,1.20545,1.20556,5122.0
2012-03-22 00:00:00,2012-03-21 21:00:00,2012-03-22 05:00:00,1.20555,1.20581,1.20513,1.20553,5418.0
2012-03-23 00:00:00,2012-03-22 21:00:00,2012-03-23 05:00:00,1.2055,1.20564,1.20471,1.20475,4316.0
2012-03-26 00:00:00,2012-03-25 21:00:00,2012-03-26 05:00:00,1.2047,1.20615,1.20464,1.20578,5106.0
2012-03-27 00:00:00,2012-03-26 21:00:00,2012-03-27 05:00:00,1.20574,1.20688,1.20511,1.20523,4872.0
2012-03-28 00:00:00,2012-03-27 21:00:00,2012-03-28 05:00:00,1.20523,1.20648,1.20506,1.20521,5636.0
2012-03-29 00:00:00,2012-03-28 21:00:00,2012-03-29 05:00:00,1.20528,1.2057,1.20441,1.20543,4904.0
2012-03-30 00:00:00,2012-03-29 21:00:00,2012-03-30 05:00:00,1.2054,1.20568,1.20343,1.20376,4960.0
2012-04-02 00:00:00,2012-04-01 21:00:00,2012-04-02 05:00:00,1.2037,1.2047,1.20365,1.20375,4588.0
2012-04-03 00:00:00,2012-04-02 21:00:00,2012-04-03 05:00:00,1.20376,1.20448,1.20313,1.20386,5188.0
2012-04-04 00:00:00,2012-04-03 21:00:00,2012-04-04 05:00:00,1.20389,1.20482,1.20299,1.20339,6972.0
2012-04-05 00:00:00,2012-04-04 21:00:00,2012-04-05 05:00:00,1.2033,1.20392,1.1998,1.20172,6040.0
2012-04-06 00:00:00,2012-04-05 21:00:00,2012-04-06 05:00:00,1.20178,1.20233,1.20058,1.20067,1712.0
2012-04-09 00:00:00,2012-04-08 21:00:00,2012-04-09 05:00:00,1.20083,1.20232,1.2007,1.20175,2676.0
2012-04-10 00:00:00,2012-04-09 21:00:00,2012-04-10 05:00:00,1.20173,1.20289,1.20123,1.20137,7012.0
2012-04-11 00:00:00,2012-04-10 21:00:00,2012-04-11 05:00:00,1.20141,1.20341,1.20071,1.20275,5208.0
2012-04-12 00:00:00,2012-04-11 21:00:00,2012-04-12 05:00:00,1.2027,1.20328,1.20112,1.20142,6008.0
2012-04-13 00:00:00,2012-04-12 21:00:00,2012-04-13 05:00:00,1.20139,1.20291,1.20123,1.2021,6064.0
2012-04-16 00:00:00,2012-04-15 21:00:00,2012-04-16 05:00:00,1.20245,1.20299,1.20151,1.20175,6888.0
2012-04-17 00:00:00,2012-04-16 21:00:00,2012-04-17 05:00:00,1.20179,1.20207,1.20126,1.20132,4270.0
2012-04-18 00:00:00,2012-04-17 21:00:00,2012-04-18 05:00:00,1.20132,1.2033,1.20124,1.20173,4688.0
2012-04-19 00:00:00,2012-04-18 21:00:00,2012-04-19 05:00:00,1.20163,1.20244,1.20153,1.20202,4658.0
2012-04-20 00:00:00,2012-04-19 21:00:00,2012-04-20 05:00:00,1.202,1.20223,1.20122,1.20133,3704.0
2012-04-23 00:00:00,2012-04-22 21:00:00,2012-04-23 05:00:00,1.20145,1.20208,1.20122,1.20165,3372.0
2012-04-24 00:00:00,2012-04-23 21:00:00,2012-04-24 05:00:00,1.2016,1.20209,1.20133,1.20133,3478.0
2012-04-25 00:00:00,2012-04-24 21:00:00,2012-04-25 05:00:00,1.20135,1.20194,1.20133,1.2016,4040.0
2012-04-26 00:00:00,2012-04-25 21:00:00,2012-04-26 05:00:00,1.2016,1.2018,1.20122,1.20129,3868.0
2012-04-27 00:00:00,2012-04-26 21:00:00,2012-04-27 05:00:00,1.20129,1.20172,1.20092,1.2013,4062.0
2012-04-30 00:00:00,2012-04-29 21:00:00,2012-04-30 05:00:00,1.20112,1.20172,1.20096,1.20128,2762.0
2012-05-01 00:00:00,2012-04-30 21:00:00,2012-05-01 05:00:00,1.20131,1.20178,1.20099,1.20148,2504.0
2012-05-02 00:00:00,2012-05-01 21:00:00,2012-05-02 05:00:00,1.20149,1.20196,1.20136,1.20142,4268.0
2012-05-03 00:00:00,2012-05-02 21:00:00,2012-05-03 05:00:00,1.20143,1.20162,1.20115,1.20138,3122.0
2012-05-04 00:00:00,2012-05-03 21:00:00,2012-05-04 05:00:00,1.20137,1.20156,1.201,1.20111,3694.0
2012-05-07 00:00:00,2012-05-06 21:00:00,2012-05-07 05:00:00,1.20093,1.20138,1.20085,1.20121,4162.0
2012-05-08 00:00:00,2012-05-07 21:00:00,2012-05-08 05:00:00,1.20125,1.20137,1.20087,1.20101,3164.0
2012-05-09 00:00:00,2012-05-08 21:00:00,2012-05-09 05:00:00,1.20102,1.20115,1.20077,1.20091,3554.0
2012-05-10 00:00:00,2012-05-09 21:00:00,2012-05-10 05:00:00,1.20091,1.20141,1.20087,1.20104,4016.0
2012-05-11 00:00:00,2012-05-10 21:00:00,2012-05-11 05:00:00,1.20102,1.2013,1.20089,1.20101,2906.0
2012-05-14 00:00:00,2012-05-13 21:00:00,2012-05-14 05:00:00,1.2009,1.20134,1.20077,1.20102,3320.0
2012-05-15 00:00:00,2012-05-14 21:00:00,2012-05-15 05:00:00,1.20098,1.20129,1.20075,1.201,3816.0
2012-05-16 00:00:00,2012-05-15 21:00:00,2012-05-16 05:00:00,1.20103,1.20113,1.20071,1.20093,4760.0
2012-05-17 00:00:00,2012-05-16 21:00:00,2012-05-17 05:00:00,1.20093,1.20123,1.20068,1.20095,3520.0
2012-05-18 00:00:00,2012-05-17 21:00:00,2012-05-18 05:00:00,1.20097,1.20112,1.20085,1.20095,3152.0
2012-05-21 00:00:00,2012-05-20 21:00:00,2012-05-21 05:00:00,1.20106,1.20131,1.20086,1.20116,3820.0
2012-05-22 00:00:00,2012-05-21 21:00:00,2012-05-22 05:00:00,1.20116,1.2012,1.2008,1.20111,2482.0
2012-05-23 00:00:00,2012-05-22 21:00:00,2012-05-23 05:00:00,1.20111,1.20112,1.20077,1.20088,4344.0
2012-05-24 00:00:00,2012-05-23 21:00:00,2012-05-24 05:00:00,1.20091,1.20751,1.20073,1.20114,7260.0
2012-05-25 00:00:00,2012-05-24 21:00:00,2012-05-25 05:00:00,1.20115,1.20361,1.20046,1.20107,6278.0
2012-05-28 00:00:00,2012-05-27 21:00:00,2012-05-28 05:00:00,1.20199,1.20315,1.2013,1.20175,54854.0
2012-05-29 00:00:00,2012-05-28 21:00:00,2012-05-29 05:00:00,1.20176,1.20234,1.2008,1.20089,67314.0
2012-05-30 00:00:00,2012-05-29 21:00:00,2012-05-30 05:00:00,1.20093,1.20126,1.20065,1.20094,53774.0
2012-05-31 00:00:00,2012-05-30 21:00:00,2012-05-31 05:00:00,1.20095,1.20197,1.20076,1.20096,44206.0
2012-06-01 00:00:00,2012-05-31 21:00:00,2012-06-01 05:00:00,1.20095,1.20129,1.20057,1.20109,49780.0
2012-06-04 00:00:00,2012-06-03 21:00:00,2012-06-04 05:00:00,1.20098,1.2013,1.20055,1.20089,48298.0
2012-06-05 00:00:00,2012-06-04 21:00:00,2012-06-05 05:00:00,1.2008,1.20132,1.20076,1.20093,46070.0
2012-06-06 00:00:00,2012-06-05 21:00:00,2012-06-06 05:00:00,1.2009,1.20116,1.20052,1.20087,45476.0
2012-06-07 00:00:00,2012-06-06 21:00:00,2012-06-07 05:00:00,1.2009,1.20157,1.20081,1.2009,57562.0
2012-06-08 00:00:00,2012-06-07 21:00:00,2012-06-08 05:00:00,1.2009,1.20124,1.20066,1.20104,48872.0
2012-06-11 00:00:00,2012-06-10 21:00:00,2012-06-11 05:00:00,1.20092,1.20171,1.20068,1.20091,69692.0
2012-06-12 00:00:00,2012-06-11 21:00:00,2012-06-12 05:00:00,1.20101,1.20113,1.2006,1.20098,54402.0
2012-06-13 00:00:00,2012-06-12 21:00:00,2012-06-13 05:00:00,1.20102,1.20116,1.20065,1.20091,43560.0
2012-06-14 00:00:00,2012-06-13 21:00:00,2012-06-14 05:00:00,1.2009,1.20204,1.20068,1.20091,67126.0
2012-06-15 00:00:00,2012-06-14 21:00:00,2012-06-15 05:00:00,1.20091,1.20121,1.20032,1.20087,47596.0
2012-06-18 00:00:00,2012-06-17 21:00:00,2012-06-18 05:00:00,1.2009,1.20162,1.20076,1.20084,50868.0
2012-06-19 00:00:00,2012-06-18 21:00:00,2012-06-19 05:00:00,1.20091,1.20105,1.20069,1.20085,46532.0
2012-06-20 00:00:00,2012-06-19 21:00:00,2012-06-20 05:00:00,1.20088,1.20111,1.20065,1.20097,57980.0
2012-06-21 00:00:00,2012-06-20 21:00:00,2012-06-21 05:00:00,1.20096,1.20127,1.20078,1.20094,57874.0
2012-06-22 00:00:00,2012-06-21 21:00:00,2012-06-22 05:00:00,1.20091,1.2011,1.20068,1.20069,39992.0
2012-06-25 00:00:00,2012-06-24 21:00:00,2012-06-25 05:00:00,1.20108,1.20114,1.20068,1.20098,28834.0
2012-06-26 00:00:00,2012-06-25 21:00:00,2012-06-26 05:00:00,1.20096,1.20112,1.20088,1.201,28150.0
2012-06-27 00:00:00,2012-06-26 21:00:00,2012-06-27 05:00:00,1.201,1.20123,1.20094,1.20099,32840.0
2012-06-28 00:00:00,2012-06-27 21:00:00,2012-06-28 05:00:00,1.201,1.20152,1.20088,1.20101,42780.0
2012-06-29 00:00:00,2012-06-28 21:00:00,2012-06-29 05:00:00,1.201,1.20384,1.20096,1.2011,73644.0
2012-07-02 00:00:00,2012-07-01 21:00:00,2012-07-02 05:00:00,1.20146,1.20194,1.20097,1.20112,55428.0
2012-07-03 00:00:00,2012-07-02 21:00:00,2012-07-03 05:00:00,1.20112,1.20158,1.20099,1.20101,38486.0
2012-07-04 00:00:00,2012-07-03 21:00:00,2012-07-04 05:00:00,1.20101,1.20137,1.20091,1.20111,22240.0
2012-07-05 00:00:00,2012-07-04 21:00:00,2012-07-05 05:00:00,1.20109,1.20171,1.20098,1.2012,29874.0
2012-07-06 00:00:00,2012-07-05 21:00:00,2012-07-06 05:00:00,1.20121,1.20141,1.20086,1.20094,34034.0
2012-07-09 00:00:00,2012-07-08 21:00:00,2012-07-09 05:00:00,1.20113,1.20129,1.20084,1.20095,34216.0
2012-07-10 00:00:00,2012-07-09 21:00:00,2012-07-10 05:00:00,1.20094,1.2011,1.20077,1.20095,32794.0
2012-07-11 00:00:00,2012-07-10 21:00:00,2012-07-11 05:00:00,1.20096,1.2011,1.20071,1.20078,27786.0
2012-07-12 00:00:00,2012-07-11 21:00:00,2012-07-12 05:00:00,1.20081,1.201,1.20074,1.20086,51080.0
2012-07-13 00:00:00,2012-07-12 21:00:00,2012-07-13 05:00:00,1.20085,1.20107,1.20076,1.20087,41398.0
2012-07-16 00:00:00,2012-07-15 21:00:00,2012-07-16 05:00:00,1.20097,1.2012,1.20045,1.20095,43482.0
2012-07-17 00:00:00,2012-07-16 21:00:00,2012-07-17 05:00:00,1.20095,1.20148,1.20089,1.20141,48972.0
2012-07-18 00:00:00,2012-07-17 21:00:00,2012-07-18 05:00:00,1.2014,1.20146,1.2009,1.20106,49402.0
2012-07-19 00:00:00,2012-07-18 21:00:00,2012-07-19 05:00:00,1.20108,1.20127,1.20087,1.20101,51136.0
2012-07-20 00:00:00,2012-07-19 21:00:00,2012-07-20 05:00:00,1.20097,1.20128,1.20076,1.20099,53312.0
2012-07-23 00:00:00,2012-07-22 21:00:00,2012-07-23 05:00:00,1.20104,1.20108,1.20072,1.20095,54472.0
2012-07-24 00:00:00,2012-07-23 21:00:00,2012-07-24 05:00:00,1.20093,1.20111,1.20088,1.201,52002.0
2012-07-25 00:00:00,2012-07-24 21:00:00,2012-07-25 05:00:00,1.20098,1.20119,1.20089,1.20099,53826.0
2012-07-26 00:00:00,2012-07-25 21:00:00,2012-07-26 05:00:00,1.20099,1.20122,1.20086,1.20096,55870.0
2012-07-27 00:00:00,2012-07-26 21:00:00,2012-07-27 05:00:00,1.20096,1.2012,1.20078,1.2011,63838.0
2012-07-30 00:00:00,2012-07-29 21:00:00,2012-07-30 05:00:00,1.20105,1.20122,1.20095,1.20115,46420.0
2012-07-31 00:00:00,2012-07-30 21:00:00,2012-07-31 05:00:00,1.20118,1.20205,1.20102,1.20107,36718.0
2012-08-01 00:00:00,2012-07-31 21:00:00,2012-08-01 05:00:00,1.20108,1.20182,1.20105,1.20147,40374.0
2012-08-02 00:00:00,2012-08-01 21:00:00,2012-08-02 05:00:00,1.20149,1.20294,1.20108,1.20118,58702.0
2012-08-03 00:00:00,2012-08-02 21:00:00,2012-08-03 05:00:00,1.20119,1.20199,1.20095,1.2019,49440.0
2012-08-06 00:00:00,2012-08-05 21:00:00,2012-08-06 05:00:00,1.20143,1.20785,1.20107,1.2014,41196.0
2012-08-07 00:00:00,2012-08-06 21:00:00,2012-08-07 05:00:00,1.20131,1.20195,1.20101,1.20123,36392.0
2012-08-08 00:00:00,2012-08-07 21:00:00,2012-08-08 05:00:00,1.20123,1.20155,1.20105,1.20126,36844.0
2012-08-09 00:00:00,2012-08-08 21:00:00,2012-08-09 05:00:00,1.20127,1.20141,1.20088,1.20105,40816.0
2012-08-10 00:00:00,2012-08-09 21:00:00,2012-08-10 05:00:00,1.20104,1.20119,1.20077,1.20081,26700.0
2012-08-13 00:00:00,2012-08-12 21:00:00,2012-08-13 05:00:00,1.20107,1.20111,1.20089,1.20104,23498.0
2012-08-14 00:00:00,2012-08-13 21:00:00,2012-08-14 05:00:00,1.20105,1.20129,1.20092,1.20111,40466.0
2012-08-15 00:00:00,2012-08-14 21:00:00,2012-08-15 05:00:00,1.20118,1.20131,1.20091,1.20106,37396.0
2012-08-16 00:00:00,2012-08-15 21:00:00,2012-08-16 05:00:00,1.20107,1.20115,1.20089,1.20105,25426.0
2012-08-17 00:00:00,2012-08-16 21:00:00,2012-08-17 05:00:00,1.20106,1.20123,1.20096,1.20106,12118.0
2012-08-20 00:00:00,2012-08-19 21:00:00,2012-08-20 05:00:00,1.20113,1.20126,1.20095,1.20101,10992.0
2012-08-21 00:00:00,2012-08-20 21:00:00,2012-08-21 05:00:00,1.20101,1.20125,1.2009,1.20099,15762.0
2012-08-22 00:00:00,2012-08-21 21:00:00,2012-08-22 05:00:00,1.201,1.20116,1.20084,1.20099,15740.0
2012-08-23 00:00:00,2012-08-22 21:00:00,2012-08-23 05:00:00,1.201,1.20118,1.20078,1.20082,14112.0
2012-08-24 00:00:00,2012-08-23 21:00:00,2012-08-24 05:00:00,1.20083,1.20105,1.20075,1.20075,10918.0
2012-08-27 00:00:00,2012-08-26 21:00:00,2012-08-27 05:00:00,1.20098,1.20109,1.2009,1.20103,8194.0
2012-08-28 00:00:00,2012-08-27 21:00:00,2012-08-28 05:00:00,1.20102,1.20117,1.20082,1.20088,12070.0
2012-08-29 00:00:00,2012-08-28 21:00:00,2012-08-29 05:00:00,1.20089,1.20111,1.20083,1.20097,12650.0
2012-08-30 00:00:00,2012-08-29 21:00:00,2012-08-30 05:00:00,1.20102,1.2011,1.20077,1.20089,12818.0
2012-08-31 00:00:00,2012-08-30 21:00:00,2012-08-31 05:00:00,1.2009,1.20101,1.20072,1.20086,15384.0
2012-09-03 00:00:00,2012-09-02 21:00:00,2012-09-03 05:00:00,1.2009,1.201,1.20078,1.2009,8000.0
2012-09-04 00:00:00,2012-09-03 21:00:00,2012-09-04 05:00:00,1.2009,1.20124,1.20085,1.20113,20110.0
2012-09-05 00:00:00,2012-09-04 21:00:00,2012-09-05 05:00:00,1.20112,1.2046,1.20102,1.20428,36806.0
2012-09-06 00:00:00,2012-09-05 21:00:00,2012-09-06 05:00:00,1.20429,1.20681,1.20365,1.20495,51154.0
2012-09-07 00:00:00,2012-09-06 21:00:00,2012-09-07 05:00:00,1.20504,1.21555,1.20454,1.20971,65200.0
2012-09-10 00:00:00,2012-09-09 21:00:00,2012-09-10 05:00:00,1.20883,1.21189,1.20692,1.20719,58752.0
2012-09-11 00:00:00,2012-09-10 21:00:00,2012-09-11 05:00:00,1.20724,1.20911,1.20584,1.20694,56168.0
2012-09-12 00:00:00,2012-09-11 21:00:00,2012-09-12 05:00:00,1.20692,1.21034,1.20349,1.20929,62634.0
2012-09-13 00:00:00,2012-09-12 21:00:00,2012-09-13 05:00:00,1.20909,1.21629,1.20804,1.21463,72154.0
2012-09-14 00:00:00,2012-09-13 21:00:00,2012-09-14 05:00:00,1.21463,1.21779,1.21412,1.21697,70074.0
2012-09-17 00:00:00,2012-09-16 21:00:00,2012-09-17 05:00:00,1.21561,1.21846,1.21416,1.21647,59786.0
2012-09-18 00:00:00,2012-09-17 21:00:00,2012-09-18 05:00:00,1.21646,1.21682,1.2094,1.21137,51650.0
2012-09-19 00:00:00,2012-09-18 21:00:00,2012-09-19 05:00:00,1.21136,1.21264,1.20834,1.21045,50662.0
2012-09-20 00:00:00,2012-09-19 21:00:00,2012-09-20 05:00:00,1.21043,1.21057,1.20805,1.20967,51338.0
2012-09-21 00:00:00,2012-09-20 21:00:00,2012-09-21 05:00:00,1.20964,1.21215,1.20943,1.21107,52276.0
2012-09-24 00:00:00,2012-09-23 21:00:00,2012-09-24 05:00:00,1.21081,1.21145,1.20865,1.20992,49052.0
2012-09-25 00:00:00,2012-09-24 21:00:00,2012-09-25 05:00:00,1.2099,1.21142,1.20853,1.20954,51918.0
2012-09-26 00:00:00,2012-09-25 21:00:00,2012-09-26 05:00:00,1.20953,1.21,1.20785,1.2091,50044.0
2012-09-27 00:00:00,2012-09-26 21:00:00,2012-09-27 05:00:00,1.20912,1.21107,1.20801,1.21019,54634.0
2012-09-28 00:00:00,2012-09-27 21:00:00,2012-09-28 05:00:00,1.21018,1.21078,1.20807,1.20825,57072.0
2012-10-01 00:00:00,2012-09-30 21:00:00,2012-10-01 05:00:00,1.20858,1.21021,1.20801,1.20899,57694.0
2012-10-02 00:00:00,2012-10-01 21:00:00,2012-10-02 05:00:00,1.20907,1.21043,1.20894,1.20961,46230.0
2012-10-03 00:00:00,2012-10-02 21:00:00,2012-10-03 05:00:00,1.20954,1.21144,1.20936,1.21137,44434.0
2012-10-04 00:00:00,2012-10-03 21:00:00,2012-10-04 05:00:00,1.21134,1.21363,1.21074,1.21126,51672.0
2012-10-05 00:00:00,2012-10-04 21:00:00,2012-10-05 05:00:00,1.21139,1.21292,1.21097,1.21165,57936.0
2012-10-08 00:00:00,2012-10-07 21:00:00,2012-10-08 05:00:00,1.21115,1.21262,1.20913,1.21019,43114.0
2012-10-09 00:00:00,2012-10-08 21:00:00,2012-10-09 05:00:00,1.21022,1.21431,1.2099,1.21147,50398.0
2012-10-10 00:00:00,2012-10-09 21:00:00,2012-10-10 05:00:00,1.2114,1.21161,1.20587,1.2071,53198.0
2012-10-11 00:00:00,2012-10-10 21:00:00,2012-10-11 05:00:00,1.20719,1.21013,1.20651,1.20867,48036.0
2012-10-12 00:00:00,2012-10-11 21:00:00,2012-10-12 05:00:00,1.20868,1.21004,1.208,1.20859,44162.0
2012-10-15 00:00:00,2012-10-14 21:00:00,2012-10-15 05:00:00,1.20858,1.20953,1.2079,1.20836,52360.0
2012-10-16 00:00:00,2012-10-15 21:00:00,2012-10-16 05:00:00,1.20837,1.21009,1.20818,1.20931,110770.0
2012-10-17 00:00:00,2012-10-16 21:00:00,2012-10-17 05:00:00,1.2093,1.21135,1.20892,1.20987,55326.0
2012-10-18 00:00:00,2012-10-17 21:00:00,2012-10-18 05:00:00,1.20986,1.2104,1.20817,1.20829,43426.0
2012-10-19 00:00:00,2012-10-18 21:00:00,2012-10-19 05:00:00,1.20828,1.20939,1.20821,1.20861,45084.0
2012-10-22 00:00:00,2012-10-21 21:00:00,2012-10-22 05:00:00,1.20901,1.21069,1.20845,1.21066,44718.0
2012-10-23 00:00:00,2012-10-22 21:00:00,2012-10-23 05:00:00,1.21067,1.21111,1.20942,1.21086,49430.0
2012-10-24 00:00:00,2012-10-23 21:00:00,2012-10-24 05:00:00,1.21089,1.21104,1.2094,1.20959,50446.0
2012-10-25 00:00:00,2012-10-24 21:00:00,2012-10-25 05:00:00,1.20963,1.2103,1.2091,1.20972,44850.0
2012-10-26 00:00:00,2012-10-25 21:00:00,2012-10-26 05:00:00,1.20979,1.2102,1.20872,1.20897,52474.0
2012-10-29 00:00:00,2012-10-28 21:00:00,2012-10-29 05:00:00,1.20944,1.20971,1.20842,1.20853,31658.0
2012-10-30 00:00:00,2012-10-29 21:00:00,2012-10-30 05:00:00,1.2086,1.20941,1.20748,1.20846,40242.0
2012-10-31 00:00:00,2012-10-30 21:00:00,2012-10-31 05:00:00,1.20819,1.20868,1.20645,1.20716,52618.0
2012-11-01 00:00:00,2012-10-31 21:00:00,2012-11-01 05:00:00,1.20717,1.20799,1.20541,1.20598,49556.0
2012-11-02 00:00:00,2012-11-01 21:00:00,2012-11-02 05:00:00,1.20601,1.2086,1.20565,1.20696,56798.0
2012-11-05 00:00:00,2012-11-04 22:00:00,2012-11-05 06:00:00,1.20661,1.20752,1.20605,1.20704,47300.0
2012-11-06 00:00:00,2012-11-05 22:00:00,2012-11-06 06:00:00,1.20691,1.2087,1.20681,1.20834,49014.0
2012-11-07 00:00:00,2012-11-06 22:00:00,2012-11-07 06:00:00,1.20834,1.20901,1.206,1.20639,54002.0
2012-11-08 00:00:00,2012-11-07 22:00:00,2012-11-08 06:00:00,1.2064,1.2071,1.20553,1.20564,44522.0
2012-11-09 00:00:00,2012-11-08 22:00:00,2012-11-09 06:00:00,1.20567,1.20699,1.20529,1.20586,44050.0
2012-11-12 00:00:00,2012-11-11 22:00:00,2012-11-12 06:00:00,1.20567,1.20636,1.20505,1.20508,32024.0
2012-11-13 00:00:00,2012-11-12 22:00:00,2012-11-13 06:00:00,1.20509,1.20525,1.20352,1.20375,38342.0
2012-11-14 00:00:00,2012-11-13 22:00:00,2012-11-14 06:00:00,1.20374,1.20446,1.20347,1.20349,42520.0
2012-11-15 00:00:00,2012-11-14 22:00:00,2012-11-15 06:00:00,1.20353,1.2044,1.20348,1.20401,35148.0
2012-11-16 00:00:00,2012-11-15 22:00:00,2012-11-16 06:00:00,1.20402,1.20485,1.20382,1.20455,41870.0
2012-11-19 00:00:00,2012-11-18 22:00:00,2012-11-19 06:00:00,1.20424,1.20566,1.2041,1.20437,36360.0
2012-11-20 00:00:00,2012-11-19 22:00:00,2012-11-20 06:00:00,1.2044,1.20535,1.20357,1.20471,41376.0
2012-11-21 00:00:00,2012-11-20 22:00:00,2012-11-21 06:00:00,1.20474,1.20514,1.20378,1.20425,34898.0
2012-11-22 00:00:00,2012-11-21 22:00:00,2012-11-22 06:00:00,1.20415,1.20485,1.20409,1.20465,28190.0
2012-11-23 00:00:00,2012-11-22 22:00:00,2012-11-23 06:00:00,1.20466,1.20543,1.20368,1.20407,37058.0
2012-11-26 00:00:00,2012-11-25 22:00:00,2012-11-26 06:00:00,1.204,1.20465,1.20331,1.20346,22140.0
2012-11-27 00:00:00,2012-11-26 22:00:00,2012-11-27 06:00:00,1.20345,1.20529,1.20327,1.204,25662.0
2012-11-28 00:00:00,2012-11-27 22:00:00,2012-11-28 06:00:00,1.20402,1.20446,1.203,1.20363,19408.0
2012-11-29 00:00:00,2012-11-28 22:00:00,2012-11-29 06:00:00,1.20362,1.20434,1.20327,1.20393,20338.0
2012-11-30 00:00:00,2012-11-29 22:00:00,2012-11-30 06:00:00,1.20388,1.20589,1.2036,1.2052,24660.0
2012-12-03 00:00:00,2012-12-02 22:00:00,2012-12-03 06:00:00,1.20481,1.20965,1.2048,1.20848,27132.0
2012-12-04 00:00:00,2012-12-03 22:00:00,2012-12-04 06:00:00,1.20853,1.21453,1.20788,1.21317,32726.0
2012-12-05 00:00:00,2012-12-04 22:00:00,2012-12-05 06:00:00,1.21319,1.21684,1.21038,1.21105,33974.0
2012-12-06 00:00:00,2012-12-05 22:00:00,2012-12-06 06:00:00,1.21103,1.21285,1.20839,1.20993,37802.0
2012-12-07 00:00:00,2012-12-06 22:00:00,2012-12-07 06:00:00,1.20995,1.21007,1.2075,1.20786,29572.0
2012-12-10 00:00:00,2012-12-09 22:00:00,2012-12-10 06:00:00,1.20769,1.20803,1.20623,1.20778,21602.0
2012-12-11 00:00:00,2012-12-10 22:00:00,2012-12-11 06:00:00,1.20785,1.21294,1.20738,1.21245,31124.0
2012-12-12 00:00:00,2012-12-11 22:00:00,2012-12-12 06:00:00,1.2123,1.21284,1.2101,1.21078,32750.0
2012-12-13 00:00:00,2012-12-12 22:00:00,2012-12-13 06:00:00,1.21078,1.21274,1.2078,1.20813,31900.0
2012-12-14 00:00:00,2012-12-13 22:00:00,2012-12-14 06:00:00,1.20812,1.20921,1.20685,1.20813,28734.0
2012-12-17 00:00:00,2012-12-16 22:00:00,2012-12-17 06:00:00,1.20765,1.20959,1.20741,1.20783,30248.0
2012-12-18 00:00:00,2012-12-17 22:00:00,2012-12-18 06:00:00,1.20785,1.20888,1.20652,1.20789,22248.0
2012-12-19 00:00:00,2012-12-18 22:00:00,2012-12-19 06:00:00,1.20782,1.21012,1.20729,1.20812,29582.0
2012-12-20 00:00:00,2012-12-19 22:00:00,2012-12-20 06:00:00,1.20811,1.20851,1.20718,1.20733,30130.0
2012-12-21 00:00:00,2012-12-20 22:00:00,2012-12-21 06:00:00,1.20732,1.20824,1.2065,1.20796,31542.0
2012-12-24 00:00:00,2012-12-23 22:00:00,2012-12-24 06:00:00,1.20741,1.20852,1.20694,1.20752,19486.0
2012-12-25 00:00:00,2012-12-24 22:00:00,2012-12-25 06:00:00,1.20764,1.20767,1.20707,1.20707,402.0
2012-12-26 00:00:00,2012-12-25 22:00:00,2012-12-26 06:00:00,1.20769,1.2081,1.20711,1.2076,21934.0
2012-12-27 00:00:00,2012-12-26 22:00:00,2012-12-27 06:00:00,1.20764,1.20945,1.20719,1.20926,29588.0
2012-12-28 00:00:00,2012-12-27 22:00:00,2012-12-28 06:00:00,1.20937,1.20937,1.20702,1.20722,25398.0
2012-12-31 00:00:00,2012-12-30 22:00:00,2012-12-31 06:00:00,1.20711,1.20782,1.20635,1.20764,22202.0
2013-01-01 00:00:00,2012-12-31 22:00:00,2013-01-01 06:00:00,1.20765,1.2079,1.20707,1.20707,742.0
2013-01-02 00:00:00,2013-01-01 22:00:00,2013-01-02 06:00:00,1.20812,1.21071,1.20703,1.21054,43346.0
2013-01-03 00:00:00,2013-01-02 22:00:00,2013-01-03 06:00:00,1.21067,1.2107,1.20832,1.20943,34894.0
2013-01-04 00:00:00,2013-01-03 22:00:00,2013-01-04 06:00:00,1.20933,1.20969,1.20825,1.20844,37900.0
2013-01-07 00:00:00,2013-01-06 22:00:00,2013-01-07 06:00:00,1.20872,1.20981,1.20832,1.20848,25246.0
2013-01-08 00:00:00,2013-01-07 22:00:00,2013-01-08 06:00:00,1.20846,1.20933,1.20833,1.20885,22936.0
2013-01-09 00:00:00,2013-01-08 22:00:00,2013-01-09 06:00:00,1.20886,1.20923,1.2086,1.20876,21074.0
2013-01-10 00:00:00,2013-01-09 22:00:00,2013-01-10 06:00:00,1.20877,1.21274,1.20851,1.21214,29874.0
2013-01-11 00:00:00,2013-01-10 22:00:00,2013-01-11 06:00:00,1.21206,1.22007,1.21168,1.21857,45378.0
2013-01-14 00:00:00,2013-01-13 22:00:00,2013-01-14 06:00:00,1.21887,1.23416,1.21887,1.23291,43098.0
2013-01-15 00:00:00,2013-01-14 22:00:00,2013-01-15 06:00:00,1.23292,1.24133,1.23064,1.23997,71690.0
2013-01-16 00:00:00,2013-01-15 22:00:00,2013-01-16 06:00:00,1.23957,1.24004,1.23331,1.23717,53632.0
2013-01-17 00:00:00,2013-01-16 22:00:00,2013-01-17 06:00:00,1.23717,1.24901,1.23687,1.24715,65376.0
2013-01-18 00:00:00,2013-01-17 22:00:00,2013-01-18 06:00:00,1.24715,1.25686,1.23895,1.24442,77892.0
2013-01-21 00:00:00,2013-01-20 22:00:00,2013-01-21 06:00:00,1.24432,1.24531,1.23924,1.24124,45332.0
2013-01-22 00:00:00,2013-01-21 22:00:00,2013-01-22 06:00:00,1.24115,1.24632,1.23391,1.23727,70626.0
2013-01-23 00:00:00,2013-01-22 22:00:00,2013-01-23 06:00:00,1.23729,1.24055,1.23253,1.23707,57152.0
2013-01-24 00:00:00,2013-01-23 22:00:00,2013-01-24 06:00:00,1.23688,1.2445,1.23609,1.24152,58832.0
2013-01-25 00:00:00,2013-01-24 22:00:00,2013-01-25 06:00:00,1.24147,1.24942,1.23807,1.24741,68726.0
2013-01-28 00:00:00,2013-01-27 22:00:00,2013-01-28 06:00:00,1.2481,1.25146,1.24521,1.24649,48512.0
2013-01-29 00:00:00,2013-01-28 22:00:00,2013-01-29 06:00:00,1.2463,1.24688,1.24,1.24341,52586.0
2013-01-30 00:00:00,2013-01-29 22:00:00,2013-01-30 06:00:00,1.24336,1.24625,1.23426,1.23565,68026.0
2013-01-31 00:00:00,2013-01-30 22:00:00,2013-01-31 06:00:00,1.23571,1.23832,1.23297,1.23552,58154.0
2013-02-01 00:00:00,2013-01-31 22:00:00,2013-02-01 06:00:00,1.23564,1.24143,1.23063,1.23965,75804.0
2013-02-04 00:00:00,2013-02-03 22:00:00,2013-02-04 06:00:00,1.2399,1.24061,1.22595,1.22738,64294.0
2013-02-05 00:00:00,2013-02-04 22:00:00,2013-02-05 06:00:00,1.22729,1.23442,1.22565,1.23359,76614.0
2013-02-06 00:00:00,2013-02-05 22:00:00,2013-02-06 06:00:00,1.23363,1.23688,1.22858,1.23017,67134.0
2013-02-07 00:00:00,2013-02-06 22:00:00,2013-02-07 06:00:00,1.23006,1.23324,1.22762,1.23068,72866.0
2013-02-08 00:00:00,2013-02-07 22:00:00,2013-02-08 06:00:00,1.23067,1.23123,1.22563,1.22584,60516.0
2013-02-11 00:00:00,2013-02-10 22:00:00,2013-02-11 06:00:00,1.22704,1.23303,1.22602,1.23113,50490.0
2013-02-12 00:00:00,2013-02-11 22:00:00,2013-02-12 06:00:00,1.23118,1.23561,1.22852,1.23384,62738.0
2013-02-13 00:00:00,2013-02-12 22:00:00,2013-02-13 06:00:00,1.23393,1.23869,1.23254,1.23394,57240.0
2013-02-14 00:00:00,2013-02-13 22:00:00,2013-02-14 06:00:00,1.23378,1.23486,1.22801,1.23124,61976.0
2013-02-15 00:00:00,2013-02-14 22:00:00,2013-02-15 06:00:00,1.23122,1.23351,1.22854,1.23157,62416.0
2013-02-18 00:00:00,2013-02-17 22:00:00,2013-02-18 06:00:00,1.23178,1.23454,1.2311,1.23285,44322.0
2013-02-19 00:00:00,2013-02-18 22:00:00,2013-02-19 06:00:00,1.23296,1.23594,1.23174,1.2352,57404.0
2013-02-20 00:00:00,2013-02-19 22:00:00,2013-02-20 06:00:00,1.2352,1.23608,1.23161,1.2317,61628.0
2013-02-21 00:00:00,2013-02-20 22:00:00,2013-02-21 06:00:00,1.23177,1.23298,1.227,1.22773,77196.0
2013-02-22 00:00:00,2013-02-21 22:00:00,2013-02-22 06:00:00,1.22779,1.2307,1.22589,1.22593,64990.0
2013-02-25 00:00:00,2013-02-24 22:00:00,2013-02-25 06:00:00,1.22815,1.23251,1.21546,1.21774,91580.0
2013-02-26 00:00:00,2013-02-25 22:00:00,2013-02-26 06:00:00,1.21782,1.21972,1.21197,1.21754,116746.0
2013-02-27 00:00:00,2013-02-26 22:00:00,2013-02-27 06:00:00,1.21764,1.22288,1.21589,1.22156,88438.0
2013-02-28 00:00:00,2013-02-27 22:00:00,2013-02-28 06:00:00,1.22165,1.22423,1.21883,1.22368,78878.0
2013-03-01 00:00:00,2013-02-28 22:00:00,2013-03-01 06:00:00,1.22367,1.22912,1.22255,1.22801,92580.0
2013-03-04 00:00:00,2013-03-03 22:00:00,2013-03-04 06:00:00,1.22602,1.22759,1.22384,1.22525,68628.0
2013-03-05 00:00:00,2013-03-04 22:00:00,2013-03-05 06:00:00,1.22513,1.22875,1.22499,1.22792,69416.0
2013-03-06 00:00:00,2013-03-05 22:00:00,2013-03-06 06:00:00,1.22794,1.23206,1.22753,1.23155,62230.0
2013-03-07 00:00:00,2013-03-06 22:00:00,2013-03-07 06:00:00,1.23157,1.23616,1.22992,1.23535,84012.0
2013-03-08 00:00:00,2013-03-07 22:00:00,2013-03-08 06:00:00,1.23539,1.23908,1.23511,1.23717,79824.0
2013-03-11 00:00:00,2013-03-10 21:00:00,2013-03-11 05:00:00,1.2368,1.2381,1.23458,1.23555,61758.0
2013-03-12 00:00:00,2013-03-11 21:00:00,2013-03-12 05:00:00,1.23491,1.23679,1.23218,1.23433,68922.0
2013-03-13 00:00:00,2013-03-12 21:00:00,2013-03-13 05:00:00,1.23434,1.23492,1.23051,1.23435,69796.0
2013-03-14 00:00:00,2013-03-13 21:00:00,2013-03-14 05:00:00,1.23436,1.23698,1.23092,1.23167,74556.0
2013-03-15 00:00:00,2013-03-14 21:00:00,2013-03-15 05:00:00,1.23155,1.23349,1.22572,1.22751,82020.0
2013-03-18 00:00:00,2013-03-17 21:00:00,2013-03-18 05:00:00,1.21807,1.22894,1.21688,1.22571,91958.0
2013-03-19 00:00:00,2013-03-18 21:00:00,2013-03-19 05:00:00,1.22559,1.22669,1.21775,1.2197,90382.0
2013-03-20 00:00:00,2013-03-19 21:00:00,2013-03-20 05:00:00,1.21954,1.22349,1.21819,1.22241,85080.0
2013-03-21 00:00:00,2013-03-20 21:00:00,2013-03-21 05:00:00,1.22229,1.22372,1.2194,1.2206,86176.0
2013-03-22 00:00:00,2013-03-21 21:00:00,2013-03-22 05:00:00,1.22066,1.22373,1.21998,1.22144,82782.0
2013-03-25 00:00:00,2013-03-24 21:00:00,2013-03-25 05:00:00,1.22103,1.22546,1.21825,1.21924,92402.0
2013-03-26 00:00:00,2013-03-25 21:00:00,2013-03-26 05:00:00,1.2191,1.22181,1.21894,1.21925,74474.0
2013-03-27 00:00:00,2013-03-26 21:00:00,2013-03-27 05:00:00,1.21932,1.21978,1.21697,1.21906,64812.0
2013-03-28 00:00:00,2013-03-27 21:00:00,2013-03-28 05:00:00,1.21884,1.22016,1.21564,1.21728,60374.0
2013-03-29 00:00:00,2013-03-28 21:00:00,2013-03-29 05:00:00,1.21717,1.21747,1.21614,1.21673,38718.0
2013-04-01 00:00:00,2013-03-31 21:00:00,2013-04-01 05:00:00,1.21692,1.21783,1.21593,1.21626,33882.0
2013-04-02 00:00:00,2013-04-01 21:00:00,2013-04-02 05:00:00,1.21625,1.21787,1.21362,1.21634,59430.0
2013-04-03 00:00:00,2013-04-02 21:00:00,2013-04-03 05:00:00,1.21633,1.21834,1.21314,1.21421,52798.0
2013-04-04 00:00:00,2013-04-03 21:00:00,2013-04-04 05:00:00,1.21422,1.2172,1.21328,1.21538,79828.0
2013-04-05 00:00:00,2013-04-04 21:00:00,2013-04-05 05:00:00,1.21545,1.21712,1.21359,1.21409,65578.0
2013-04-08 00:00:00,2013-04-07 21:00:00,2013-04-08 05:00:00,1.21361,1.21723,1.21294,1.21696,57174.0
2013-04-09 00:00:00,2013-04-08 21:00:00,2013-04-09 05:00:00,1.21692,1.2212,1.21665,1.22001,68682.0
2013-04-10 00:00:00,2013-04-09 21:00:00,2013-04-10 05:00:00,1.21998,1.22027,1.21765,1.21872,52046.0
2013-04-11 00:00:00,2013-04-10 21:00:00,2013-04-11 05:00:00,1.21871,1.22041,1.21806,1.21996,56476.0
2013-04-12 00:00:00,2013-04-11 21:00:00,2013-04-12 05:00:00,1.22005,1.22017,1.2151,1.21548,56282.0
2013-04-15 00:00:00,2013-04-14 21:00:00,2013-04-15 05:00:00,1.21559,1.21732,1.21362,1.21425,76656.0
2013-04-16 00:00:00,2013-04-15 21:00:00,2013-04-16 05:00:00,1.21427,1.21704,1.21382,1.21554,79430.0
2013-04-17 00:00:00,2013-04-16 21:00:00,2013-04-17 05:00:00,1.21555,1.21652,1.2139,1.21566,75490.0
2013-04-18 00:00:00,2013-04-17 21:00:00,2013-04-18 05:00:00,1.2157,1.21742,1.21505,1.21707,67104.0
2013-04-19 00:00:00,2013-04-18 21:00:00,2013-04-19 05:00:00,1.2172,1.21917,1.21629,1.21846,60310.0
2013-04-22 00:00:00,2013-04-21 21:00:00,2013-04-22 05:00:00,1.21864,1.22078,1.21795,1.22034,51458.0
2013-04-23 00:00:00,2013-04-22 21:00:00,2013-04-23 05:00:00,1.22022,1.22925,1.21903,1.22903,72816.0
2013-04-24 00:00:00,2013-04-23 21:00:00,2013-04-24 05:00:00,1.22899,1.23428,1.22619,1.23236,70658.0
2013-04-25 00:00:00,2013-04-24 21:00:00,2013-04-25 05:00:00,1.23262,1.23486,1.22828,1.22933,71290.0
2013-04-26 00:00:00,2013-04-25 21:00:00,2013-04-26 05:00:00,1.22926,1.23118,1.22501,1.22764,66994.0
2013-04-29 00:00:00,2013-04-28 21:00:00,2013-04-29 05:00:00,1.22864,1.23074,1.22631,1.22709,58342.0
2013-04-30 00:00:00,2013-04-29 21:00:00,2013-04-30 05:00:00,1.22711,1.22777,1.22283,1.22386,56230.0
2013-05-01 00:00:00,2013-04-30 21:00:00,2013-05-01 05:00:00,1.22394,1.22633,1.22204,1.22224,50812.0
2013-05-02 00:00:00,2013-05-01 21:00:00,2013-05-02 05:00:00,1.22231,1.22589,1.21967,1.2215,60720.0
2013-05-03 00:00:00,2013-05-02 21:00:00,2013-05-03 05:00:00,1.2215,1.22756,1.22096,1.2256,62510.0
2013-05-06 00:00:00,2013-05-05 21:00:00,2013-05-06 05:00:00,1.22679,1.22908,1.22588,1.22673,41516.0
2013-05-07 00:00:00,2013-05-06 21:00:00,2013-05-07 05:00:00,1.22675,1.23374,1.2255,1.22998,53670.0
2013-05-08 00:00:00,2013-05-07 21:00:00,2013-05-08 05:00:00,1.22994,1.23487,1.22953,1.23042,55182.0
2013-05-09 00:00:00,2013-05-08 21:00:00,2013-05-09 05:00:00,1.23048,1.24082,1.22823,1.23669,63590.0
2013-05-10 00:00:00,2013-05-09 21:00:00,2013-05-10 05:00:00,1.23694,1.24606,1.23616,1.24307,91588.0
2013-05-13 00:00:00,2013-05-12 21:00:00,2013-05-13 05:00:00,1.24371,1.24455,1.2395,1.24245,67920.0
2013-05-14 00:00:00,2013-05-13 21:00:00,2013-05-14 05:00:00,1.2425,1.25026,1.23864,1.2493,80490.0
2013-05-15 00:00:00,2013-05-14 21:00:00,2013-05-15 05:00:00,1.24912,1.25248,1.24228,1.24411,83148.0
2013-05-16 00:00:00,2013-05-15 21:00:00,2013-05-16 05:00:00,1.24429,1.24831,1.23834,1.24251,77890.0
2013-05-17 00:00:00,2013-05-16 21:00:00,2013-05-17 05:00:00,1.24254,1.24926,1.24153,1.24823,73098.0
2013-05-20 00:00:00,2013-05-19 21:00:00,2013-05-20 05:00:00,1.24531,1.24763,1.24349,1.24537,65582.0
2013-05-21 00:00:00,2013-05-20 21:00:00,2013-05-21 05:00:00,1.24543,1.25293,1.24511,1.25229,76024.0
2013-05-22 00:00:00,2013-05-21 21:00:00,2013-05-22 05:00:00,1.25228,1.26495,1.25145,1.25845,99862.0
2013-05-23 00:00:00,2013-05-22 21:00:00,2013-05-23 05:00:00,1.25848,1.25965,1.24185,1.25306,112054.0
2013-05-24 00:00:00,2013-05-23 21:00:00,2013-05-24 05:00:00,1.25301,1.25482,1.24065,1.24234,85410.0
2013-05-27 00:00:00,2013-05-26 21:00:00,2013-05-27 05:00:00,1.24382,1.24735,1.2409,1.2448,47368.0
2013-05-28 00:00:00,2013-05-27 21:00:00,2013-05-28 05:00:00,1.24494,1.25722,1.24464,1.25505,80290.0
2013-05-29 00:00:00,2013-05-28 21:00:00,2013-05-29 05:00:00,1.25505,1.25724,1.24362,1.2449,92186.0
2013-05-30 00:00:00,2013-05-29 21:00:00,2013-05-30 05:00:00,1.24487,1.24925,1.24205,1.24358,85918.0
2013-05-31 00:00:00,2013-05-30 21:00:00,2013-05-31 05:00:00,1.24362,1.24608,1.23794,1.2403,83096.0
2013-06-03 00:00:00,2013-06-02 21:00:00,2013-06-03 05:00:00,1.24382,1.24863,1.23287,1.23805,82946.0
2013-06-04 00:00:00,2013-06-03 21:00:00,2013-06-04 05:00:00,1.23813,1.2429,1.23769,1.2389,72878.0
2013-06-05 00:00:00,2013-06-04 21:00:00,2013-06-05 05:00:00,1.23892,1.24121,1.2309,1.23317,80056.0
2013-06-06 00:00:00,2013-06-05 21:00:00,2013-06-06 05:00:00,1.23321,1.23873,1.22749,1.23186,96454.0
2013-06-07 00:00:00,2013-06-06 21:00:00,2013-06-07 05:00:00,1.23168,1.23801,1.22697,1.23663,92812.0
2013-06-10 00:00:00,2013-06-09 21:00:00,2013-06-10 05:00:00,1.23615,1.24186,1.23547,1.23777,63874.0
2013-06-11 00:00:00,2013-06-10 21:00:00,2013-06-11 05:00:00,1.23765,1.23869,1.22392,1.23095,84848.0
2013-06-12 00:00:00,2013-06-11 21:00:00,2013-06-12 05:00:00,1.231,1.23341,1.22546,1.22785,73638.0
2013-06-13 00:00:00,2013-06-12 21:00:00,2013-06-13 05:00:00,1.22787,1.23345,1.22225,1.23316,87456.0
2013-06-14 00:00:00,2013-06-13 21:00:00,2013-06-14 05:00:00,1.23311,1.23377,1.22767,1.22859,66468.0
2013-06-17 00:00:00,2013-06-16 21:00:00,2013-06-17 05:00:00,1.23056,1.23632,1.23008,1.23287,49770.0
2013-06-18 00:00:00,2013-06-17 21:00:00,2013-06-18 05:00:00,1.23299,1.23567,1.22919,1.23219,58530.0
2013-06-19 00:00:00,2013-06-18 21:00:00,2013-06-19 05:00:00,1.23216,1.23643,1.23052,1.23349,62662.0
2013-06-20 00:00:00,2013-06-19 21:00:00,2013-06-20 05:00:00,1.23369,1.23489,1.22423,1.22621,99878.0
2013-06-21 00:00:00,2013-06-20 21:00:00,2013-06-21 05:00:00,1.22614,1.22856,1.22421,1.22564,66198.0
2013-06-24 00:00:00,2013-06-23 21:00:00,2013-06-24 05:00:00,1.22615,1.22794,1.22186,1.22449,71024.0
2013-06-25 00:00:00,2013-06-24 21:00:00,2013-06-25 05:00:00,1.22444,1.22964,1.22348,1.22713,72328.0
2013-06-26 00:00:00,2013-06-25 21:00:00,2013-06-26 05:00:00,1.22705,1.2283,1.224,1.22657,59392.0
2013-06-27 00:00:00,2013-06-26 21:00:00,2013-06-27 05:00:00,1.22656,1.23378,1.22586,1.23203,62430.0
2013-06-28 00:00:00,2013-06-27 21:00:00,2013-06-28 05:00:00,1.23206,1.23545,1.22826,1.22837,64830.0
2013-07-01 00:00:00,2013-06-30 21:00:00,2013-07-01 05:00:00,1.22905,1.23768,1.2287,1.23448,53756.0
2013-07-02 00:00:00,2013-07-01 21:00:00,2013-07-02 05:00:00,1.23451,1.23821,1.23272,1.23382,54560.0
2013-07-03 00:00:00,2013-07-02 21:00:00,2013-07-03 05:00:00,1.2338,1.23481,1.22782,1.23168,65026.0
2013-07-04 00:00:00,2013-07-03 21:00:00,2013-07-04 05:00:00,1.2314,1.23742,1.23062,1.23467,52924.0
2013-07-05 00:00:00,2013-07-04 21:00:00,2013-07-05 05:00:00,1.23469,1.23778,1.23309,1.2359,62352.0
2013-07-08 00:00:00,2013-07-07 21:00:00,2013-07-08 05:00:00,1.23712,1.24147,1.23712,1.24022,50888.0
2013-07-09 00:00:00,2013-07-08 21:00:00,2013-07-09 05:00:00,1.24006,1.24659,1.23971,1.24389,58370.0
2013-07-10 00:00:00,2013-07-09 21:00:00,2013-07-10 05:00:00,1.2439,1.24563,1.24064,1.2417,72222.0
2013-07-11 00:00:00,2013-07-10 21:00:00,2013-07-11 05:00:00,1.24164,1.24567,1.23649,1.2397,106814.0
2013-07-12 00:00:00,2013-07-11 21:00:00,2013-07-12 05:00:00,1.23965,1.24084,1.23474,1.23577,56090.0
2013-07-15 00:00:00,2013-07-14 21:00:00,2013-07-15 05:00:00,1.23563,1.24035,1.23563,1.23878,56942.0
2013-07-16 00:00:00,2013-07-15 21:00:00,2013-07-16 05:00:00,1.23876,1.24032,1.23554,1.23637,62884.0
2013-07-17 00:00:00,2013-07-16 21:00:00,2013-07-17 05:00:00,1.23626,1.23758,1.23259,1.23506,61964.0
2013-07-18 00:00:00,2013-07-17 21:00:00,2013-07-18 05:00:00,1.23503,1.23909,1.23433,1.23795,50524.0
2013-07-19 00:00:00,2013-07-18 21:00:00,2013-07-19 05:00:00,1.23794,1.23854,1.23519,1.23619,44876.0
2013-07-22 00:00:00,2013-07-21 21:00:00,2013-07-22 05:00:00,1.23652,1.23775,1.23209,1.2342,41782.0
2013-07-23 00:00:00,2013-07-22 21:00:00,2013-07-23 05:00:00,1.23419,1.23948,1.23404,1.23608,43318.0
2013-07-24 00:00:00,2013-07-23 21:00:00,2013-07-24 05:00:00,1.23604,1.24031,1.23554,1.23699,49622.0
2013-07-25 00:00:00,2013-07-24 21:00:00,2013-07-25 05:00:00,1.23702,1.23854,1.23397,1.2347,48254.0
2013-07-26 00:00:00,2013-07-25 21:00:00,2013-07-26 05:00:00,1.2347,1.23482,1.23133,1.23184,40378.0
2013-07-29 00:00:00,2013-07-28 21:00:00,2013-07-29 05:00:00,1.2332,1.23512,1.23226,1.23487,40406.0
2013-07-30 00:00:00,2013-07-29 21:00:00,2013-07-30 05:00:00,1.23469,1.23531,1.23223,1.233,40920.0
2013-07-31 00:00:00,2013-07-30 21:00:00,2013-07-31 05:00:00,1.233,1.23443,1.23049,1.23181,61256.0
2013-08-01 00:00:00,2013-07-31 21:00:00,2013-08-01 05:00:00,1.2318,1.23774,1.23098,1.23723,55532.0
2013-08-02 00:00:00,2013-08-01 21:00:00,2013-08-02 05:00:00,1.23723,1.2397,1.23253,1.23392,49954.0
2013-08-05 00:00:00,2013-08-04 21:00:00,2013-08-05 05:00:00,1.23377,1.23585,1.22885,1.22998,46498.0
2013-08-06 00:00:00,2013-08-05 21:00:00,2013-08-06 05:00:00,1.23008,1.23281,1.2267,1.23197,49204.0
2013-08-07 00:00:00,2013-08-06 21:00:00,2013-08-07 05:00:00,1.23204,1.23269,1.22837,1.22879,49102.0
2013-08-08 00:00:00,2013-08-07 21:00:00,2013-08-08 05:00:00,1.22879,1.2318,1.22809,1.23095,51046.0
2013-08-09 00:00:00,2013-08-08 21:00:00,2013-08-09 05:00:00,1.23094,1.23179,1.22942,1.22996,34816.0
2013-08-12 00:00:00,2013-08-11 21:00:00,2013-08-12 05:00:00,1.22998,1.23294,1.22957,1.23133,38024.0
2013-08-13 00:00:00,2013-08-12 21:00:00,2013-08-13 05:00:00,1.2314,1.23827,1.23123,1.23724,46050.0
2013-08-14 00:00:00,2013-08-13 21:00:00,2013-08-14 05:00:00,1.23733,1.24267,1.23661,1.23963,48782.0
2013-08-15 00:00:00,2013-08-14 21:00:00,2013-08-15 05:00:00,1.23958,1.24347,1.23374,1.23602,65882.0
2013-08-16 00:00:00,2013-08-15 21:00:00,2013-08-16 05:00:00,1.236,1.23825,1.23304,1.23466,46718.0
2013-08-19 00:00:00,2013-08-18 21:00:00,2013-08-19 05:00:00,1.23496,1.23707,1.23139,1.23242,36176.0
2013-08-20 00:00:00,2013-08-19 21:00:00,2013-08-20 05:00:00,1.23246,1.23387,1.2285,1.23067,53928.0
2013-08-21 00:00:00,2013-08-20 21:00:00,2013-08-21 05:00:00,1.23066,1.23323,1.23002,1.23155,49454.0
2013-08-22 00:00:00,2013-08-21 21:00:00,2013-08-22 05:00:00,1.23161,1.23582,1.23144,1.23325,47746.0
2013-08-23 00:00:00,2013-08-22 21:00:00,2013-08-23 05:00:00,1.23327,1.23624,1.23192,1.23281,46414.0
2013-08-26 00:00:00,2013-08-25 21:00:00,2013-08-26 05:00:00,1.23224,1.23564,1.23224,1.23347,36036.0
2013-08-27 00:00:00,2013-08-26 21:00:00,2013-08-27 05:00:00,1.23356,1.23398,1.2281,1.22845,45466.0
2013-08-28 00:00:00,2013-08-27 21:00:00,2013-08-28 05:00:00,1.2285,1.23006,1.22775,1.22989,46048.0
2013-08-29 00:00:00,2013-08-28 21:00:00,2013-08-29 05:00:00,1.22992,1.23288,1.22954,1.23262,51856.0
2013-08-30 00:00:00,2013-08-29 21:00:00,2013-08-30 05:00:00,1.23259,1.23288,1.22814,1.22897,44786.0
2013-09-02 00:00:00,2013-09-01 21:00:00,2013-09-02 05:00:00,1.23044,1.2333,1.23004,1.23276,37622.0
2013-09-03 00:00:00,2013-09-02 21:00:00,2013-09-03 05:00:00,1.23269,1.23425,1.23132,1.23339,50312.0
2013-09-04 00:00:00,2013-09-03 21:00:00,2013-09-04 05:00:00,1.2334,1.2368,1.23302,1.2354,47874.0
2013-09-05 00:00:00,2013-09-04 21:00:00,2013-09-05 05:00:00,1.23533,1.23996,1.23519,1.23965,57666.0
2013-09-06 00:00:00,2013-09-05 21:00:00,2013-09-06 05:00:00,1.2397,1.24009,1.23258,1.23585,51832.0
2013-09-09 00:00:00,2013-09-08 21:00:00,2013-09-09 05:00:00,1.23613,1.23689,1.23352,1.23564,39844.0
2013-09-10 00:00:00,2013-09-09 21:00:00,2013-09-10 05:00:00,1.23567,1.24039,1.23553,1.24029,48488.0
2013-09-11 00:00:00,2013-09-10 21:00:00,2013-09-11 05:00:00,1.24027,1.24149,1.23707,1.2387,45088.0
2013-09-12 00:00:00,2013-09-11 21:00:00,2013-09-12 05:00:00,1.23868,1.23907,1.23523,1.23736,40868.0
2013-09-13 00:00:00,2013-09-12 21:00:00,2013-09-13 05:00:00,1.23742,1.23903,1.23565,1.23565,38808.0
2013-09-16 00:00:00,2013-09-15 21:00:00,2013-09-16 05:00:00,1.23597,1.23803,1.23473,1.2366,45228.0
2013-09-17 00:00:00,2013-09-16 21:00:00,2013-09-17 05:00:00,1.23662,1.23849,1.23555,1.23675,37430.0
2013-09-18 00:00:00,2013-09-17 21:00:00,2013-09-18 05:00:00,1.23678,1.23753,1.23272,1.2335,57522.0
2013-09-19 00:00:00,2013-09-18 21:00:00,2013-09-19 05:00:00,1.23357,1.23509,1.23105,1.23212,56772.0
2013-09-20 00:00:00,2013-09-19 21:00:00,2013-09-20 05:00:00,1.23211,1.23314,1.23024,1.23119,43774.0
2013-09-23 00:00:00,2013-09-22 21:00:00,2013-09-23 05:00:00,1.23097,1.23356,1.22766,1.2291,40462.0
2013-09-24 00:00:00,2013-09-23 21:00:00,2013-09-24 05:00:00,1.22914,1.23043,1.22855,1.2299,39830.0
2013-09-25 00:00:00,2013-09-24 21:00:00,2013-09-25 05:00:00,1.22989,1.23098,1.22876,1.23,40122.0
2013-09-26 00:00:00,2013-09-25 21:00:00,2013-09-26 05:00:00,1.22986,1.23109,1.22741,1.22775,38130.0
2013-09-27 00:00:00,2013-09-26 21:00:00,2013-09-27 05:00:00,1.22761,1.22788,1.22364,1.22455,41246.0
2013-09-30 00:00:00,2013-09-29 21:00:00,2013-09-30 05:00:00,1.22229,1.22463,1.22147,1.22381,47062.0
2013-10-01 00:00:00,2013-09-30 21:00:00,2013-10-01 05:00:00,1.22378,1.22682,1.22171,1.22506,59218.0
2013-10-02 00:00:00,2013-10-01 21:00:00,2013-10-02 05:00:00,1.22505,1.22681,1.22232,1.22602,53548.0
2013-10-03 00:00:00,2013-10-02 21:00:00,2013-10-03 05:00:00,1.22568,1.2279,1.22321,1.2248,55916.0
2013-10-04 00:00:00,2013-10-03 21:00:00,2013-10-04 05:00:00,1.22486,1.23005,1.22366,1.22951,48342.0
2013-10-07 00:00:00,2013-10-06 21:00:00,2013-10-07 05:00:00,1.22956,1.22971,1.22528,1.22655,38240.0
2013-10-08 00:00:00,2013-10-07 21:00:00,2013-10-08 05:00:00,1.22636,1.22944,1.22588,1.22696,40404.0
2013-10-09 00:00:00,2013-10-08 21:00:00,2013-10-09 05:00:00,1.22695,1.23202,1.22619,1.23061,55528.0
2013-10-10 00:00:00,2013-10-09 21:00:00,2013-10-10 05:00:00,1.2307,1.23292,1.23017,1.23239,40718.0
2013-10-11 00:00:00,2013-10-10 21:00:00,2013-10-11 05:00:00,1.23235,1.23534,1.23114,1.23466,39142.0
2013-10-14 00:00:00,2013-10-13 21:00:00,2013-10-14 05:00:00,1.23322,1.23587,1.23222,1.23449,33724.0
2013-10-15 00:00:00,2013-10-14 21:00:00,2013-10-15 05:00:00,1.23466,1.23754,1.2335,1.23409,50566.0
2013-10-16 00:00:00,2013-10-15 21:00:00,2013-10-16 05:00:00,1.23412,1.23676,1.23371,1.23619,52226.0
2013-10-17 00:00:00,2013-10-16 21:00:00,2013-10-17 05:00:00,1.23618,1.23634,1.23109,1.23392,55406.0
2013-10-18 00:00:00,2013-10-17 21:00:00,2013-10-18 05:00:00,1.23388,1.23518,1.23364,1.23398,39862.0
2013-10-21 00:00:00,2013-10-20 21:00:00,2013-10-21 05:00:00,1.234,1.23574,1.2323,1.23393,38380.0
2013-10-22 00:00:00,2013-10-21 21:00:00,2013-10-22 05:00:00,1.23391,1.23643,1.23113,1.23317,43990.0
2013-10-23 00:00:00,2013-10-22 21:00:00,2013-10-23 05:00:00,1.23317,1.23352,1.22822,1.22907,48146.0
2013-10-24 00:00:00,2013-10-23 21:00:00,2013-10-24 05:00:00,1.22922,1.23185,1.22853,1.23148,48712.0
2013-10-25 00:00:00,2013-10-24 21:00:00,2013-10-25 05:00:00,1.23149,1.23492,1.22995,1.23134,44862.0
2013-10-28 00:00:00,2013-10-27 21:00:00,2013-10-28 05:00:00,1.2322,1.23492,1.23187,1.23476,38540.0
2013-10-29 00:00:00,2013-10-28 21:00:00,2013-10-29 05:00:00,1.23466,1.23716,1.23371,1.2356,53836.0
2013-10-30 00:00:00,2013-10-29 21:00:00,2013-10-30 05:00:00,1.23548,1.23706,1.23317,1.23507,51806.0
2013-10-31 00:00:00,2013-10-30 21:00:00,2013-10-31 05:00:00,1.23552,1.23596,1.23,1.23189,58160.0
2013-11-01 00:00:00,2013-10-31 21:00:00,2013-11-01 05:00:00,1.23169,1.23268,1.22981,1.2305,60176.0
2013-11-04 00:00:00,2013-11-03 22:00:00,2013-11-04 06:00:00,1.2299,1.23255,1.22923,1.22936,39098.0
2013-11-05 00:00:00,2013-11-04 22:00:00,2013-11-05 06:00:00,1.22935,1.23163,1.22873,1.23098,49108.0
2013-11-06 00:00:00,2013-11-05 22:00:00,2013-11-06 06:00:00,1.23092,1.23296,1.23047,1.23285,43226.0
2013-11-07 00:00:00,2013-11-06 22:00:00,2013-11-07 06:00:00,1.23286,1.23377,1.22829,1.22889,70978.0
2013-11-08 00:00:00,2013-11-07 22:00:00,2013-11-08 06:00:00,1.22894,1.23226,1.22873,1.23204,63716.0
2013-11-11 00:00:00,2013-11-10 22:00:00,2013-11-11 06:00:00,1.23198,1.2333,1.23152,1.23278,35556.0
2013-11-12 00:00:00,2013-11-11 22:00:00,2013-11-12 06:00:00,1.23283,1.23379,1.23131,1.23247,55550.0
2013-11-13 00:00:00,2013-11-12 22:00:00,2013-11-13 06:00:00,1.23244,1.23303,1.23138,1.23187,51182.0
2013-11-14 00:00:00,2013-11-13 22:00:00,2013-11-14 06:00:00,1.23189,1.23381,1.23128,1.23288,60140.0
2013-11-15 00:00:00,2013-11-14 22:00:00,2013-11-15 06:00:00,1.23284,1.23512,1.23274,1.23434,41804.0
2013-11-18 00:00:00,2013-11-17 22:00:00,2013-11-18 06:00:00,1.23412,1.23457,1.23165,1.23288,43938.0
2013-11-19 00:00:00,2013-11-18 22:00:00,2013-11-19 06:00:00,1.23284,1.23381,1.23211,1.23313,48244.0
2013-11-20 00:00:00,2013-11-19 22:00:00,2013-11-20 06:00:00,1.23308,1.2341,1.23072,1.23074,59890.0
2013-11-21 00:00:00,2013-11-20 22:00:00,2013-11-21 06:00:00,1.23062,1.23241,1.23062,1.23191,54354.0
2013-11-22 00:00:00,2013-11-21 22:00:00,2013-11-22 06:00:00,1.23192,1.23222,1.22852,1.22934,46524.0
2013-11-25 00:00:00,2013-11-24 22:00:00,2013-11-25 06:00:00,1.22958,1.23286,1.22869,1.23253,29632.0
2013-11-26 00:00:00,2013-11-25 22:00:00,2013-11-26 06:00:00,1.23246,1.23284,1.23,1.23032,22118.0
2013-11-27 00:00:00,2013-11-26 22:00:00,2013-11-27 06:00:00,1.23031,1.23319,1.2299,1.23233,24354.0
2013-11-28 00:00:00,2013-11-27 22:00:00,2013-11-28 06:00:00,1.23232,1.23278,1.23088,1.23187,18104.0
2013-11-29 00:00:00,2013-11-28 22:00:00,2013-11-29 06:00:00,1.23181,1.23317,1.22925,1.23124,25810.0
2013-12-02 00:00:00,2013-12-01 22:00:00,2013-12-02 06:00:00,1.23116,1.23234,1.22946,1.23027,25484.0
2013-12-03 00:00:00,2013-12-02 22:00:00,2013-12-03 06:00:00,1.23033,1.23121,1.22778,1.22929,25152.0
2013-12-04 00:00:00,2013-12-03 22:00:00,2013-12-04 06:00:00,1.22926,1.22975,1.22571,1.22634,33426.0
2013-12-05 00:00:00,2013-12-04 22:00:00,2013-12-05 06:00:00,1.22618,1.22814,1.22493,1.2255,33238.0
2013-12-06 00:00:00,2013-12-05 22:00:00,2013-12-06 06:00:00,1.22533,1.22613,1.22138,1.22245,28714.0
2013-12-09 00:00:00,2013-12-08 22:00:00,2013-12-09 06:00:00,1.22262,1.22441,1.222,1.22325,22558.0
2013-12-10 00:00:00,2013-12-09 22:00:00,2013-12-10 06:00:00,1.22335,1.22382,1.22065,1.2213,29346.0
2013-12-11 00:00:00,2013-12-10 22:00:00,2013-12-11 06:00:00,1.22139,1.22274,1.2205,1.2221,27024.0
2013-12-12 00:00:00,2013-12-11 22:00:00,2013-12-12 06:00:00,1.22209,1.22466,1.21999,1.22305,30608.0
2013-12-13 00:00:00,2013-12-12 22:00:00,2013-12-13 06:00:00,1.22293,1.224,1.22113,1.22216,26296.0
2013-12-16 00:00:00,2013-12-15 22:00:00,2013-12-16 06:00:00,1.2209,1.22312,1.22014,1.22086,23152.0
2013-12-17 00:00:00,2013-12-16 22:00:00,2013-12-17 06:00:00,1.22087,1.22164,1.21654,1.2181,24574.0
2013-12-18 00:00:00,2013-12-17 22:00:00,2013-12-18 06:00:00,1.21812,1.22444,1.2177,1.22371,38154.0
2013-12-19 00:00:00,2013-12-18 22:00:00,2013-12-19 06:00:00,1.22381,1.2274,1.2227,1.22673,36028.0
2013-12-20 00:00:00,2013-12-19 22:00:00,2013-12-20 06:00:00,1.22684,1.22695,1.22332,1.22475,33162.0
2013-12-23 00:00:00,2013-12-22 22:00:00,2013-12-23 06:00:00,1.22448,1.22629,1.22378,1.22432,19792.0
2013-12-24 00:00:00,2013-12-23 22:00:00,2013-12-24 06:00:00,1.22435,1.22586,1.22266,1.22498,19326.0
2013-12-25 00:00:00,2013-12-24 22:00:00,2013-12-25 06:00:00,1.22487,1.22505,1.22464,1.22493,382.0
2013-12-26 00:00:00,2013-12-25 22:00:00,2013-12-26 06:00:00,1.22486,1.2274,1.22486,1.2273,19392.0
2013-12-27 00:00:00,2013-12-26 22:00:00,2013-12-27 06:00:00,1.22729,1.22778,1.22255,1.2254,32334.0
2013-12-30 00:00:00,2013-12-29 22:00:00,2013-12-30 06:00:00,1.22544,1.22699,1.22407,1.22487,20016.0
2013-12-31 00:00:00,2013-12-30 22:00:00,2013-12-31 06:00:00,1.22494,1.22769,1.22451,1.2272,18780.0
2014-01-01 00:00:00,2013-12-31 22:00:00,2014-01-01 06:00:00,1.22714,1.22763,1.22656,1.22721,950.0
2014-01-02 00:00:00,2014-01-01 22:00:00,2014-01-02 06:00:00,1.22748,1.23198,1.22661,1.22923,46714.0
2014-01-03 00:00:00,2014-01-02 22:00:00,2014-01-03 06:00:00,1.22891,1.23118,1.2281,1.23021,28300.0
2014-01-06 00:00:00,2014-01-05 22:00:00,2014-01-06 06:00:00,1.22987,1.23324,1.22958,1.23224,31002.0
2014-01-07 00:00:00,2014-01-06 22:00:00,2014-01-07 06:00:00,1.23218,1.2379,1.23147,1.23788,28990.0
2014-01-08 00:00:00,2014-01-07 22:00:00,2014-01-08 06:00:00,1.23785,1.23936,1.2358,1.2369,33418.0
2014-01-09 00:00:00,2014-01-08 22:00:00,2014-01-09 06:00:00,1.23686,1.23865,1.23354,1.23397,35420.0
2014-01-10 00:00:00,2014-01-09 22:00:00,2014-01-10 06:00:00,1.23391,1.23478,1.23225,1.23313,29816.0
2014-01-13 00:00:00,2014-01-12 22:00:00,2014-01-13 06:00:00,1.23268,1.23431,1.22905,1.22988,28398.0
2014-01-14 00:00:00,2014-01-13 22:00:00,2014-01-14 06:00:00,1.22978,1.23478,1.22891,1.23425,26922.0
2014-01-15 00:00:00,2014-01-14 22:00:00,2014-01-15 06:00:00,1.23422,1.23698,1.23396,1.23617,29476.0
2014-01-16 00:00:00,2014-01-15 22:00:00,2014-01-16 06:00:00,1.23615,1.23746,1.23148,1.23232,27992.0
2014-01-17 00:00:00,2014-01-16 22:00:00,2014-01-17 06:00:00,1.23231,1.23363,1.23158,1.23257,25024.0
2014-01-20 00:00:00,2014-01-19 22:00:00,2014-01-20 06:00:00,1.23237,1.23417,1.23203,1.23321,17534.0
2014-01-21 00:00:00,2014-01-20 22:00:00,2014-01-21 06:00:00,1.23324,1.23759,1.23246,1.23452,26802.0
2014-01-22 00:00:00,2014-01-21 22:00:00,2014-01-22 06:00:00,1.23456,1.23524,1.2332,1.23459,24650.0
2014-01-23 00:00:00,2014-01-22 22:00:00,2014-01-23 06:00:00,1.23462,1.23608,1.22747,1.22916,37384.0
2014-01-24 00:00:00,2014-01-23 22:00:00,2014-01-24 06:00:00,1.22916,1.22997,1.22258,1.22356,34808.0
2014-01-27 00:00:00,2014-01-26 22:00:00,2014-01-27 06:00:00,1.22316,1.22727,1.22253,1.2262,30592.0
2014-01-28 00:00:00,2014-01-27 22:00:00,2014-01-28 06:00:00,1.22608,1.22829,1.22483,1.22692,26060.0
2014-01-29 00:00:00,2014-01-28 22:00:00,2014-01-29 06:00:00,1.22689,1.22973,1.22127,1.22257,36994.0
2014-01-30 00:00:00,2014-01-29 22:00:00,2014-01-30 06:00:00,1.22261,1.22543,1.22166,1.22442,32894.0
2014-01-31 00:00:00,2014-01-30 22:00:00,2014-01-31 06:00:00,1.22424,1.22451,1.22105,1.22274,33822.0
2014-02-03 00:00:00,2014-02-02 22:00:00,2014-02-03 06:00:00,1.22198,1.22416,1.21844,1.21897,30088.0
2014-02-04 00:00:00,2014-02-03 22:00:00,2014-02-04 06:00:00,1.21924,1.22314,1.21846,1.22197,27406.0
2014-02-05 00:00:00,2014-02-04 22:00:00,2014-02-05 06:00:00,1.22194,1.22331,1.22042,1.22305,27658.0
2014-02-06 00:00:00,2014-02-05 22:00:00,2014-02-06 06:00:00,1.22305,1.22427,1.2211,1.22401,30476.0
2014-02-07 00:00:00,2014-02-06 22:00:00,2014-02-07 06:00:00,1.22397,1.22501,1.22165,1.22385,25694.0
2014-02-10 00:00:00,2014-02-09 22:00:00,2014-02-10 06:00:00,1.22359,1.22501,1.22247,1.22349,18518.0
2014-02-11 00:00:00,2014-02-10 22:00:00,2014-02-11 06:00:00,1.22351,1.22567,1.22271,1.22508,24560.0
2014-02-12 00:00:00,2014-02-11 22:00:00,2014-02-12 06:00:00,1.22514,1.226,1.22338,1.22394,24342.0
2014-02-13 00:00:00,2014-02-12 22:00:00,2014-02-13 06:00:00,1.22397,1.22441,1.22064,1.22258,26832.0
2014-02-14 00:00:00,2014-02-13 22:00:00,2014-02-14 06:00:00,1.22259,1.22275,1.22055,1.2216,22270.0
2014-02-17 00:00:00,2014-02-16 22:00:00,2014-02-17 06:00:00,1.22214,1.22264,1.22116,1.2223,6392.0
2014-02-18 00:00:00,2014-02-17 22:00:00,2014-02-18 06:00:00,1.22376,1.22376,1.22116,1.22184,25716.0
2014-02-19 00:00:00,2014-02-18 22:00:00,2014-02-19 06:00:00,1.22184,1.22258,1.21901,1.21998,30056.0
2014-02-20 00:00:00,2014-02-19 22:00:00,2014-02-20 06:00:00,1.22013,1.22102,1.21867,1.22001,32860.0
2014-02-21 00:00:00,2014-02-20 22:00:00,2014-02-21 06:00:00,1.22007,1.22111,1.21887,1.21925,25554.0
2014-02-24 00:00:00,2014-02-23 22:00:00,2014-02-24 06:00:00,1.21916,1.22179,1.21861,1.22103,28068.0
2014-02-25 00:00:00,2014-02-24 22:00:00,2014-02-25 06:00:00,1.22092,1.22115,1.21879,1.21905,26062.0
2014-02-26 00:00:00,2014-02-25 22:00:00,2014-02-26 06:00:00,1.21906,1.22042,1.21878,1.21893,29024.0
2014-02-27 00:00:00,2014-02-26 22:00:00,2014-02-27 06:00:00,1.21893,1.21907,1.21567,1.21795,32428.0
2014-02-28 00:00:00,2014-02-27 22:00:00,2014-02-28 06:00:00,1.21797,1.21826,1.2133,1.21373,42274.0
2014-03-03 00:00:00,2014-03-02 22:00:00,2014-03-03 06:00:00,1.21141,1.21384,1.21039,1.21289,34766.0
2014-03-04 00:00:00,2014-03-03 22:00:00,2014-03-04 06:00:00,1.21287,1.21941,1.21255,1.21921,30866.0
2014-03-05 00:00:00,2014-03-04 22:00:00,2014-03-05 06:00:00,1.2192,1.21996,1.21759,1.21878,30668.0
2014-03-06 00:00:00,2014-03-05 22:00:00,2014-03-06 06:00:00,1.21868,1.22143,1.21802,1.21996,38386.0
2014-03-07 00:00:00,2014-03-06 22:00:00,2014-03-07 06:00:00,1.22016,1.2214,1.21672,1.2174,33100.0
2014-03-10 00:00:00,2014-03-09 21:00:00,2014-03-10 05:00:00,1.21725,1.21925,1.21677,1.2179,25258.0
2014-03-11 00:00:00,2014-03-10 21:00:00,2014-03-11 05:00:00,1.21803,1.21924,1.2165,1.21707,26456.0
2014-03-12 00:00:00,2014-03-11 21:00:00,2014-03-12 05:00:00,1.21717,1.21717,1.21508,1.21512,30594.0
2014-03-13 00:00:00,2014-03-12 21:00:00,2014-03-13 05:00:00,1.21519,1.21671,1.21242,1.21285,41390.0
2014-03-14 00:00:00,2014-03-13 21:00:00,2014-03-14 05:00:00,1.21275,1.21452,1.2122,1.21359,34104.0
2014-03-17 00:00:00,2014-03-16 21:00:00,2014-03-17 05:00:00,1.21319,1.21588,1.21319,1.21564,25982.0
2014-03-18 00:00:00,2014-03-17 21:00:00,2014-03-18 05:00:00,1.21546,1.21779,1.21496,1.21665,29172.0
2014-03-19 00:00:00,2014-03-18 21:00:00,2014-03-19 05:00:00,1.21651,1.22017,1.21608,1.21818,32944.0
2014-03-20 00:00:00,2014-03-19 21:00:00,2014-03-20 05:00:00,1.21816,1.2203,1.2162,1.21766,39840.0
2014-03-21 00:00:00,2014-03-20 21:00:00,2014-03-21 05:00:00,1.21762,1.21856,1.21651,1.21695,26864.0
2014-03-24 00:00:00,2014-03-23 21:00:00,2014-03-24 05:00:00,1.217,1.22017,1.2168,1.21893,30248.0
2014-03-25 00:00:00,2014-03-24 21:00:00,2014-03-25 05:00:00,1.21887,1.22165,1.21808,1.2204,40958.0
2014-03-26 00:00:00,2014-03-25 21:00:00,2014-03-26 05:00:00,1.22044,1.22341,1.2193,1.21976,34918.0
2014-03-27 00:00:00,2014-03-26 21:00:00,2014-03-27 05:00:00,1.21974,1.22062,1.21761,1.21817,31508.0
2014-03-28 00:00:00,2014-03-27 21:00:00,2014-03-28 05:00:00,1.21815,1.22011,1.21781,1.21933,29514.0
2014-03-31 00:00:00,2014-03-30 21:00:00,2014-03-31 05:00:00,1.21939,1.22045,1.21713,1.21807,24806.0
2014-04-01 00:00:00,2014-03-31 21:00:00,2014-04-01 05:00:00,1.2178,1.21889,1.21738,1.2185,25098.0
2014-04-02 00:00:00,2014-04-01 21:00:00,2014-04-02 05:00:00,1.21845,1.22084,1.21833,1.22054,26716.0
2014-04-03 00:00:00,2014-04-02 21:00:00,2014-04-03 05:00:00,1.22056,1.22325,1.2194,1.22233,26324.0
2014-04-04 00:00:00,2014-04-03 21:00:00,2014-04-04 05:00:00,1.22235,1.22488,1.22161,1.22233,31878.0
2014-04-07 00:00:00,2014-04-06 21:00:00,2014-04-07 05:00:00,1.2218,1.22272,1.21955,1.22006,28440.0
2014-04-08 00:00:00,2014-04-07 21:00:00,2014-04-08 05:00:00,1.22006,1.22031,1.21814,1.21858,33952.0
2014-04-09 00:00:00,2014-04-08 21:00:00,2014-04-09 05:00:00,1.21859,1.21959,1.21707,1.21861,36832.0
2014-04-10 00:00:00,2014-04-09 21:00:00,2014-04-10 05:00:00,1.21849,1.21907,1.21632,1.21695,38064.0
2014-04-11 00:00:00,2014-04-10 21:00:00,2014-04-11 05:00:00,1.21696,1.21785,1.21514,1.2163,35150.0
2014-04-14 00:00:00,2014-04-13 21:00:00,2014-04-14 05:00:00,1.21493,1.21603,1.21411,1.21579,35784.0
2014-04-15 00:00:00,2014-04-14 21:00:00,2014-04-15 05:00:00,1.21576,1.21662,1.21488,1.21588,36652.0
2014-04-16 00:00:00,2014-04-15 21:00:00,2014-04-16 05:00:00,1.21585,1.22023,1.21574,1.2182,30282.0
2014-04-17 00:00:00,2014-04-16 21:00:00,2014-04-17 05:00:00,1.21818,1.22048,1.21691,1.21998,28852.0
2014-04-18 00:00:00,2014-04-17 21:00:00,2014-04-18 05:00:00,1.21984,1.2204,1.21932,1.22012,6816.0
2014-04-21 00:00:00,2014-04-20 21:00:00,2014-04-21 05:00:00,1.21976,1.22082,1.21932,1.22075,13178.0
2014-04-22 00:00:00,2014-04-21 21:00:00,2014-04-22 05:00:00,1.22055,1.22202,1.22046,1.22176,24940.0
2014-04-23 00:00:00,2014-04-22 21:00:00,2014-04-23 05:00:00,1.22169,1.22243,1.21929,1.2205,31314.0
2014-04-24 00:00:00,2014-04-23 21:00:00,2014-04-24 05:00:00,1.22054,1.22148,1.21855,1.21952,27954.0
2014-04-25 00:00:00,2014-04-24 21:00:00,2014-04-25 05:00:00,1.21955,1.21994,1.21852,1.21945,18346.0
2014-04-28 00:00:00,2014-04-27 21:00:00,2014-04-28 05:00:00,1.21882,1.21974,1.21718,1.21924,31858.0
2014-04-29 00:00:00,2014-04-28 21:00:00,2014-04-29 05:00:00,1.21911,1.2213,1.21905,1.22014,33122.0
2014-04-30 00:00:00,2014-04-29 21:00:00,2014-04-30 05:00:00,1.22019,1.22101,1.2191,1.22081,41466.0
2014-05-01 00:00:00,2014-04-30 21:00:00,2014-05-01 05:00:00,1.22075,1.22091,1.21889,1.2194,19210.0
2014-05-02 00:00:00,2014-05-01 21:00:00,2014-05-02 05:00:00,1.21927,1.22132,1.2175,1.21811,33266.0
2014-05-05 00:00:00,2014-05-04 21:00:00,2014-05-05 05:00:00,1.21694,1.2183,1.21694,1.21786,22616.0
2014-05-06 00:00:00,2014-05-05 21:00:00,2014-05-06 05:00:00,1.21782,1.21869,1.2163,1.21758,31962.0
2014-05-07 00:00:00,2014-05-06 21:00:00,2014-05-07 05:00:00,1.21759,1.21915,1.2165,1.21878,32960.0
2014-05-08 00:00:00,2014-05-07 21:00:00,2014-05-08 05:00:00,1.21869,1.21906,1.21718,1.21803,40650.0
2014-05-09 00:00:00,2014-05-08 21:00:00,2014-05-09 05:00:00,1.21802,1.21994,1.21798,1.21944,35508.0
2014-05-12 00:00:00,2014-05-11 21:00:00,2014-05-12 05:00:00,1.21925,1.22184,1.21923,1.22134,26270.0
2014-05-13 00:00:00,2014-05-12 21:00:00,2014-05-13 05:00:00,1.2212,1.2215,1.2192,1.21973,37836.0
2014-05-14 00:00:00,2014-05-13 21:00:00,2014-05-14 05:00:00,1.21956,1.22029,1.21909,1.22025,28326.0
2014-05-15 00:00:00,2014-05-14 21:00:00,2014-05-15 05:00:00,1.22007,1.22297,1.21964,1.22143,35762.0
2014-05-16 00:00:00,2014-05-15 21:00:00,2014-05-16 05:00:00,1.22137,1.22245,1.22066,1.22229,22848.0
2014-05-19 00:00:00,2014-05-18 21:00:00,2014-05-19 05:00:00,1.22203,1.22356,1.22155,1.22308,22664.0
2014-05-20 00:00:00,2014-05-19 21:00:00,2014-05-20 05:00:00,1.22301,1.22367,1.22122,1.22208,23536.0
2014-05-21 00:00:00,2014-05-20 21:00:00,2014-05-21 05:00:00,1.22192,1.22276,1.22066,1.22247,25892.0
2014-05-22 00:00:00,2014-05-21 21:00:00,2014-05-22 05:00:00,1.22231,1.22274,1.22095,1.22103,24504.0
2014-05-23 00:00:00,2014-05-22 21:00:00,2014-05-23 05:00:00,1.22069,1.22167,1.22055,1.22081,22910.0
2014-05-26 00:00:00,2014-05-25 21:00:00,2014-05-26 05:00:00,1.22039,1.22148,1.22038,1.22065,14364.0
2014-05-27 00:00:00,2014-05-26 21:00:00,2014-05-27 05:00:00,1.22049,1.22285,1.22049,1.22259,27208.0
2014-05-28 00:00:00,2014-05-27 21:00:00,2014-05-28 05:00:00,1.22259,1.22339,1.22088,1.22095,26750.0
2014-05-29 00:00:00,2014-05-28 21:00:00,2014-05-29 05:00:00,1.22076,1.22141,1.22004,1.22121,23024.0
2014-05-30 00:00:00,2014-05-29 21:00:00,2014-05-30 05:00:00,1.22125,1.22163,1.21939,1.2205,24846.0
2014-06-02 00:00:00,2014-06-01 21:00:00,2014-06-02 05:00:00,1.22025,1.22247,1.22011,1.22187,25460.0
2014-06-03 00:00:00,2014-06-02 21:00:00,2014-06-03 05:00:00,1.22187,1.22257,1.22112,1.22145,27038.0
2014-06-04 00:00:00,2014-06-03 21:00:00,2014-06-04 05:00:00,1.22147,1.22235,1.21937,1.22004,28222.0
2014-06-05 00:00:00,2014-06-04 21:00:00,2014-06-05 05:00:00,1.22002,1.22073,1.21725,1.21755,41304.0
2014-06-06 00:00:00,2014-06-05 21:00:00,2014-06-06 05:00:00,1.21776,1.21946,1.2166,1.219,30928.0
2014-06-09 00:00:00,2014-06-08 21:00:00,2014-06-09 05:00:00,1.21885,1.21996,1.21875,1.21937,22048.0
2014-06-10 00:00:00,2014-06-09 21:00:00,2014-06-10 05:00:00,1.21928,1.21967,1.21798,1.21805,25090.0
2014-06-11 00:00:00,2014-06-10 21:00:00,2014-06-11 05:00:00,1.21793,1.21877,1.21704,1.21767,26924.0
2014-06-12 00:00:00,2014-06-11 21:00:00,2014-06-12 05:00:00,1.21772,1.21838,1.21705,1.21755,31858.0
2014-06-13 00:00:00,2014-06-12 21:00:00,2014-06-13 05:00:00,1.21736,1.21887,1.21653,1.2188,29956.0
2014-06-16 00:00:00,2014-06-15 21:00:00,2014-06-16 05:00:00,1.21842,1.21872,1.21728,1.21768,24006.0
2014-06-17 00:00:00,2014-06-16 21:00:00,2014-06-17 05:00:00,1.21736,1.21914,1.21736,1.21834,25052.0
2014-06-18 00:00:00,2014-06-17 21:00:00,2014-06-18 05:00:00,1.2182,1.21891,1.21762,1.21774,27782.0
2014-06-19 00:00:00,2014-06-18 21:00:00,2014-06-19 05:00:00,1.21749,1.21851,1.21517,1.21659,30210.0
2014-06-20 00:00:00,2014-06-19 21:00:00,2014-06-20 05:00:00,1.21647,1.21773,1.21613,1.21725,24228.0
2014-06-23 00:00:00,2014-06-22 21:00:00,2014-06-23 05:00:00,1.21656,1.21769,1.2162,1.21646,22040.0
2014-06-24 00:00:00,2014-06-23 21:00:00,2014-06-24 05:00:00,1.21636,1.21746,1.21584,1.21611,25024.0
2014-06-25 00:00:00,2014-06-24 21:00:00,2014-06-25 05:00:00,1.21611,1.21695,1.21592,1.21665,22144.0
2014-06-26 00:00:00,2014-06-25 21:00:00,2014-06-26 05:00:00,1.21675,1.21714,1.21565,1.21625,25698.0
2014-06-27 00:00:00,2014-06-26 21:00:00,2014-06-27 05:00:00,1.21624,1.21654,1.21506,1.21575,23696.0
2014-06-30 00:00:00,2014-06-29 21:00:00,2014-06-30 05:00:00,1.21574,1.21609,1.21399,1.21424,25568.0
2014-07-01 00:00:00,2014-06-30 21:00:00,2014-07-01 05:00:00,1.2142,1.21472,1.21331,1.21397,26030.0
2014-07-02 00:00:00,2014-07-01 21:00:00,2014-07-02 05:00:00,1.21361,1.21433,1.21347,1.214,22382.0
2014-07-03 00:00:00,2014-07-02 21:00:00,2014-07-03 05:00:00,1.2137,1.21648,1.2137,1.21572,27232.0
2014-07-04 00:00:00,2014-07-03 21:00:00,2014-07-04 05:00:00,1.21571,1.21626,1.21523,1.21571,14568.0
2014-07-07 00:00:00,2014-07-06 21:00:00,2014-07-07 05:00:00,1.21581,1.21644,1.2151,1.21552,20764.0
2014-07-08 00:00:00,2014-07-07 21:00:00,2014-07-08 05:00:00,1.2155,1.21572,1.21476,1.2155,24168.0
2014-07-09 00:00:00,2014-07-08 21:00:00,2014-07-09 05:00:00,1.21527,1.21591,1.21518,1.21529,27804.0
2014-07-10 00:00:00,2014-07-09 21:00:00,2014-07-10 05:00:00,1.21529,1.21553,1.2137,1.21424,26908.0
2014-07-11 00:00:00,2014-07-10 21:00:00,2014-07-11 05:00:00,1.21418,1.21464,1.21372,1.21389,23150.0
2014-07-14 00:00:00,2014-07-13 21:00:00,2014-07-14 05:00:00,1.21406,1.2148,1.21358,1.2146,22628.0
2014-07-15 00:00:00,2014-07-14 21:00:00,2014-07-15 05:00:00,1.21461,1.21554,1.21396,1.21527,24634.0
2014-07-16 00:00:00,2014-07-15 21:00:00,2014-07-16 05:00:00,1.21502,1.21572,1.21491,1.21506,23654.0
2014-07-17 00:00:00,2014-07-16 21:00:00,2014-07-17 05:00:00,1.21494,1.2151,1.21369,1.21371,26416.0
2014-07-18 00:00:00,2014-07-17 21:00:00,2014-07-18 05:00:00,1.21371,1.21517,1.21333,1.21509,25276.0
2014-07-21 00:00:00,2014-07-20 21:00:00,2014-07-21 05:00:00,1.21465,1.21552,1.21416,1.21432,17254.0
2014-07-22 00:00:00,2014-07-21 21:00:00,2014-07-22 05:00:00,1.2142,1.21535,1.21417,1.2151,25750.0
2014-07-23 00:00:00,2014-07-22 21:00:00,2014-07-23 05:00:00,1.21503,1.21536,1.21452,1.21459,22422.0
2014-07-24 00:00:00,2014-07-23 21:00:00,2014-07-24 05:00:00,1.21462,1.21554,1.21432,1.21511,25902.0
2014-07-25 00:00:00,2014-07-24 21:00:00,2014-07-25 05:00:00,1.21512,1.21575,1.21475,1.21502,23084.0
2014-07-28 00:00:00,2014-07-27 21:00:00,2014-07-28 05:00:00,1.21483,1.21554,1.21451,1.2148,20254.0
2014-07-29 00:00:00,2014-07-28 21:00:00,2014-07-29 05:00:00,1.2148,1.21636,1.21465,1.21608,25378.0
2014-07-30 00:00:00,2014-07-29 21:00:00,2014-07-30 05:00:00,1.21608,1.21779,1.21594,1.2174,38302.0
2014-07-31 00:00:00,2014-07-30 21:00:00,2014-07-31 05:00:00,1.21728,1.21754,1.21614,1.21681,28620.0
2014-08-01 00:00:00,2014-07-31 21:00:00,2014-08-01 05:00:00,1.21677,1.21705,1.21547,1.21631,34464.0
2014-08-04 00:00:00,2014-08-03 21:00:00,2014-08-04 05:00:00,1.2159,1.21693,1.21588,1.2169,24722.0
2014-08-05 00:00:00,2014-08-04 21:00:00,2014-08-05 05:00:00,1.21687,1.21769,1.21592,1.21602,30684.0
2014-08-06 00:00:00,2014-08-05 21:00:00,2014-08-06 05:00:00,1.21602,1.21616,1.21398,1.21454,37510.0
2014-08-07 00:00:00,2014-08-06 21:00:00,2014-08-07 05:00:00,1.21445,1.21539,1.21394,1.21451,34458.0
2014-08-08 00:00:00,2014-08-07 21:00:00,2014-08-08 05:00:00,1.21418,1.21448,1.21206,1.21425,37836.0
2014-08-11 00:00:00,2014-08-10 21:00:00,2014-08-11 05:00:00,1.21413,1.21449,1.21291,1.21332,24866.0
2014-08-12 00:00:00,2014-08-11 21:00:00,2014-08-12 05:00:00,1.21335,1.21419,1.21298,1.21329,26100.0
2014-08-13 00:00:00,2014-08-12 21:00:00,2014-08-13 05:00:00,1.21315,1.21405,1.21276,1.21278,28364.0
2014-08-14 00:00:00,2014-08-13 21:00:00,2014-08-14 05:00:00,1.21276,1.21317,1.21101,1.21151,26404.0
2014-08-15 00:00:00,2014-08-14 21:00:00,2014-08-15 05:00:00,1.21156,1.21204,1.20865,1.20927,27880.0
2014-08-18 00:00:00,2014-08-17 21:00:00,2014-08-18 05:00:00,1.20929,1.21139,1.20916,1.21139,23008.0
2014-08-19 00:00:00,2014-08-18 21:00:00,2014-08-19 05:00:00,1.21138,1.21156,1.20996,1.21104,23004.0
2014-08-20 00:00:00,2014-08-19 21:00:00,2014-08-20 05:00:00,1.21102,1.21136,1.21026,1.21112,29646.0
2014-08-21 00:00:00,2014-08-20 21:00:00,2014-08-21 05:00:00,1.21113,1.21155,1.21028,1.21047,25970.0
2014-08-22 00:00:00,2014-08-21 21:00:00,2014-08-22 05:00:00,1.21041,1.21066,1.20934,1.21014,27402.0
2014-08-25 00:00:00,2014-08-24 21:00:00,2014-08-25 05:00:00,1.21037,1.21072,1.20713,1.20753,24728.0
2014-08-26 00:00:00,2014-08-25 21:00:00,2014-08-26 05:00:00,1.20746,1.20928,1.2073,1.20811,31662.0
2014-08-27 00:00:00,2014-08-26 21:00:00,2014-08-27 05:00:00,1.20812,1.20847,1.20595,1.20677,32706.0
2014-08-28 00:00:00,2014-08-27 21:00:00,2014-08-28 05:00:00,1.20672,1.20716,1.20493,1.2063,38666.0
2014-08-29 00:00:00,2014-08-28 21:00:00,2014-08-29 05:00:00,1.20626,1.20666,1.20554,1.20608,32608.0
2014-09-01 00:00:00,2014-08-31 21:00:00,2014-09-01 05:00:00,1.20612,1.20753,1.20609,1.20721,20780.0
2014-09-02 00:00:00,2014-09-01 21:00:00,2014-09-02 05:00:00,1.20725,1.20807,1.20665,1.2069,35212.0
2014-09-03 00:00:00,2014-09-02 21:00:00,2014-09-03 05:00:00,1.207,1.20897,1.2064,1.20671,37266.0
2014-09-04 00:00:00,2014-09-03 21:00:00,2014-09-04 05:00:00,1.20671,1.2076,1.20446,1.20619,43134.0
2014-09-05 00:00:00,2014-09-04 21:00:00,2014-09-05 05:00:00,1.2062,1.20698,1.20532,1.206,39810.0
2014-09-08 00:00:00,2014-09-07 21:00:00,2014-09-08 05:00:00,1.20605,1.20715,1.20552,1.20628,37024.0
2014-09-09 00:00:00,2014-09-08 21:00:00,2014-09-09 05:00:00,1.2063,1.20706,1.20565,1.20688,45096.0
2014-09-10 00:00:00,2014-09-09 21:00:00,2014-09-10 05:00:00,1.2069,1.21181,1.20662,1.20985,46638.0
2014-09-11 00:00:00,2014-09-10 21:00:00,2014-09-11 05:00:00,1.20981,1.21051,1.20887,1.20938,40142.0
2014-09-12 00:00:00,2014-09-11 21:00:00,2014-09-12 05:00:00,1.20953,1.21035,1.2083,1.20952,41990.0
2014-09-15 00:00:00,2014-09-14 21:00:00,2014-09-15 05:00:00,1.20883,1.21128,1.20872,1.21011,37812.0
2014-09-16 00:00:00,2014-09-15 21:00:00,2014-09-16 05:00:00,1.21012,1.21064,1.20802,1.2086,39146.0
2014-09-17 00:00:00,2014-09-16 21:00:00,2014-09-17 05:00:00,1.20857,1.21168,1.20818,1.21062,46218.0
2014-09-18 00:00:00,2014-09-17 21:00:00,2014-09-18 05:00:00,1.21043,1.21143,1.20654,1.20669,50998.0
2014-09-19 00:00:00,2014-09-18 21:00:00,2014-09-19 05:00:00,1.20665,1.20752,1.20641,1.20728,48046.0
2014-09-22 00:00:00,2014-09-21 21:00:00,2014-09-22 05:00:00,1.20696,1.20786,1.20635,1.20762,33544.0
2014-09-23 00:00:00,2014-09-22 21:00:00,2014-09-23 05:00:00,1.20765,1.20811,1.2065,1.20734,41862.0
2014-09-24 00:00:00,2014-09-23 21:00:00,2014-09-24 05:00:00,1.20732,1.20859,1.20695,1.20832,44446.0
2014-09-25 00:00:00,2014-09-24 21:00:00,2014-09-25 05:00:00,1.20837,1.20885,1.20666,1.2069,47196.0
2014-09-26 00:00:00,2014-09-25 21:00:00,2014-09-26 05:00:00,1.20693,1.20752,1.20656,1.20673,45388.0
2014-09-29 00:00:00,2014-09-28 21:00:00,2014-09-29 05:00:00,1.20676,1.20739,1.20615,1.20681,55698.0
2014-09-30 00:00:00,2014-09-29 21:00:00,2014-09-30 05:00:00,1.20666,1.20723,1.20526,1.20617,56128.0
2014-10-01 00:00:00,2014-09-30 21:00:00,2014-10-01 05:00:00,1.20608,1.20806,1.20531,1.20672,57960.0
2014-10-02 00:00:00,2014-10-01 21:00:00,2014-10-02 05:00:00,1.20672,1.20908,1.20654,1.20852,64762.0
2014-10-03 00:00:00,2014-10-02 21:00:00,2014-10-03 05:00:00,1.2084,1.21113,1.20815,1.21052,54370.0
2014-10-06 00:00:00,2014-10-05 21:00:00,2014-10-06 05:00:00,1.21156,1.21376,1.21061,1.21276,53964.0
2014-10-07 00:00:00,2014-10-06 21:00:00,2014-10-07 05:00:00,1.21262,1.21391,1.21044,1.21214,64956.0
2014-10-08 00:00:00,2014-10-07 21:00:00,2014-10-08 05:00:00,1.2122,1.21348,1.21138,1.21204,66060.0
2014-10-09 00:00:00,2014-10-08 21:00:00,2014-10-09 05:00:00,1.21215,1.21279,1.20883,1.21137,68652.0
2014-10-10 00:00:00,2014-10-09 21:00:00,2014-10-10 05:00:00,1.21101,1.21164,1.20809,1.20821,57886.0
2014-10-13 00:00:00,2014-10-12 21:00:00,2014-10-13 05:00:00,1.20831,1.20925,1.20742,1.20863,60818.0
2014-10-14 00:00:00,2014-10-13 21:00:00,2014-10-14 05:00:00,1.20884,1.20919,1.20701,1.2073,57822.0
2014-10-15 00:00:00,2014-10-14 21:00:00,2014-10-15 05:00:00,1.20734,1.20798,1.20606,1.20666,76384.0
2014-10-16 00:00:00,2014-10-15 21:00:00,2014-10-16 05:00:00,1.20668,1.20772,1.20565,1.20725,78956.0
2014-10-17 00:00:00,2014-10-16 21:00:00,2014-10-17 05:00:00,1.20724,1.20777,1.20685,1.20752,50678.0
2014-10-20 00:00:00,2014-10-19 21:00:00,2014-10-20 05:00:00,1.2076,1.20789,1.20594,1.2067,49600.0
2014-10-21 00:00:00,2014-10-20 21:00:00,2014-10-21 05:00:00,1.20658,1.20735,1.20623,1.20682,56944.0
2014-10-22 00:00:00,2014-10-21 21:00:00,2014-10-22 05:00:00,1.20686,1.20715,1.20583,1.20611,54000.0
2014-10-23 00:00:00,2014-10-22 21:00:00,2014-10-23 05:00:00,1.20606,1.20695,1.20547,1.2066,54054.0
2014-10-24 00:00:00,2014-10-23 21:00:00,2014-10-24 05:00:00,1.20661,1.20677,1.20565,1.20626,41580.0
2014-10-27 00:00:00,2014-10-26 21:00:00,2014-10-27 05:00:00,1.20607,1.20671,1.20528,1.2057,48958.0
2014-10-28 00:00:00,2014-10-27 21:00:00,2014-10-28 05:00:00,1.20563,1.20661,1.20551,1.20611,56004.0
2014-10-29 00:00:00,2014-10-28 21:00:00,2014-10-29 05:00:00,1.2061,1.20628,1.20546,1.20617,55638.0
2014-10-30 00:00:00,2014-10-29 21:00:00,2014-10-30 05:00:00,1.20595,1.20646,1.2054,1.20569,66090.0
2014-10-31 00:00:00,2014-10-30 21:00:00,2014-10-31 05:00:00,1.20564,1.20689,1.20531,1.2056,79658.0
2014-11-03 00:00:00,2014-11-02 22:00:00,2014-11-03 06:00:00,1.20605,1.20631,1.20517,1.20538,68540.0
2014-11-04 00:00:00,2014-11-03 22:00:00,2014-11-04 06:00:00,1.20539,1.20613,1.20437,1.20472,69908.0
2014-11-05 00:00:00,2014-11-04 22:00:00,2014-11-05 06:00:00,1.20469,1.20471,1.20325,1.20369,78846.0
2014-11-06 00:00:00,2014-11-05 22:00:00,2014-11-06 06:00:00,1.20369,1.20575,1.20308,1.20466,74162.0
2014-11-07 00:00:00,2014-11-06 22:00:00,2014-11-07 06:00:00,1.20464,1.20468,1.20294,1.20327,72422.0
2014-11-10 00:00:00,2014-11-09 22:00:00,2014-11-10 06:00:00,1.20319,1.20365,1.20213,1.20258,56112.0
2014-11-11 00:00:00,2014-11-10 22:00:00,2014-11-11 06:00:00,1.2026,1.20337,1.2021,1.20333,56328.0
2014-11-12 00:00:00,2014-11-11 22:00:00,2014-11-12 06:00:00,1.2034,1.20384,1.20175,1.20225,61092.0
2014-11-13 00:00:00,2014-11-12 22:00:00,2014-11-13 06:00:00,1.20225,1.20246,1.20162,1.20199,47464.0
2014-11-14 00:00:00,2014-11-13 22:00:00,2014-11-14 06:00:00,1.20199,1.20232,1.20106,1.20128,46102.0
2014-11-17 00:00:00,2014-11-16 22:00:00,2014-11-17 06:00:00,1.20156,1.20178,1.20103,1.2014,20358.0
2014-11-18 00:00:00,2014-11-17 22:00:00,2014-11-18 06:00:00,1.20141,1.20163,1.20093,1.2012,19624.0
2014-11-19 00:00:00,2014-11-18 22:00:00,2014-11-19 06:00:00,1.20117,1.20257,1.20086,1.20134,20106.0
2014-11-20 00:00:00,2014-11-19 22:00:00,2014-11-20 06:00:00,1.20133,1.20245,1.20106,1.20169,23696.0
2014-11-21 00:00:00,2014-11-20 22:00:00,2014-11-21 06:00:00,1.20167,1.20326,1.20146,1.20159,29028.0
2014-11-24 00:00:00,2014-11-23 22:00:00,2014-11-24 06:00:00,1.20233,1.20308,1.20199,1.2025,30920.0
2014-11-25 00:00:00,2014-11-24 22:00:00,2014-11-25 06:00:00,1.20249,1.20326,1.20227,1.20266,31256.0
2014-11-26 00:00:00,2014-11-25 22:00:00,2014-11-26 06:00:00,1.2027,1.20297,1.20161,1.20219,29976.0
2014-11-27 00:00:00,2014-11-26 22:00:00,2014-11-27 06:00:00,1.20224,1.20254,1.20178,1.20198,10586.0
2014-11-28 00:00:00,2014-11-27 22:00:00,2014-11-28 06:00:00,1.20197,1.20238,1.20111,1.20138,16238.0
2014-12-01 00:00:00,2014-11-30 22:00:00,2014-12-01 06:00:00,1.20355,1.20397,1.20209,1.20288,23594.0
2014-12-02 00:00:00,2014-12-01 22:00:00,2014-12-02 06:00:00,1.20288,1.20465,1.20276,1.20382,24906.0
2014-12-03 00:00:00,2014-12-02 22:00:00,2014-12-03 06:00:00,1.20378,1.20417,1.20264,1.20346,22494.0
2014-12-04 00:00:00,2014-12-03 22:00:00,2014-12-04 06:00:00,1.20345,1.20395,1.20199,1.20229,25048.0
2014-12-05 00:00:00,2014-12-04 22:00:00,2014-12-05 06:00:00,1.20229,1.20296,1.20198,1.20212,22330.0
2014-12-08 00:00:00,2014-12-07 22:00:00,2014-12-08 06:00:00,1.20256,1.20295,1.2019,1.20218,16496.0
2014-12-09 00:00:00,2014-12-08 22:00:00,2014-12-09 06:00:00,1.20216,1.20242,1.20146,1.20209,24350.0
2014-12-10 00:00:00,2014-12-09 22:00:00,2014-12-10 06:00:00,1.20209,1.20351,1.20165,1.20323,27728.0
2014-12-11 00:00:00,2014-12-10 22:00:00,2014-12-11 06:00:00,1.20321,1.20376,1.20102,1.20107,29692.0
2014-12-12 00:00:00,2014-12-11 22:00:00,2014-12-12 06:00:00,1.20106,1.20132,1.20085,1.20098,16176.0
2014-12-15 00:00:00,2014-12-14 22:00:00,2014-12-15 06:00:00,1.20107,1.20141,1.20088,1.20093,19548.0
2014-12-16 00:00:00,2014-12-15 22:00:00,2014-12-16 06:00:00,1.20092,1.20116,1.2008,1.20089,23052.0
2014-12-17 00:00:00,2014-12-16 22:00:00,2014-12-17 06:00:00,1.20087,1.20104,1.20076,1.20085,18584.0
2014-12-18 00:00:00,2014-12-17 22:00:00,2014-12-18 06:00:00,1.20086,1.20963,1.20079,1.20378,39398.0
2014-12-19 00:00:00,2014-12-18 22:00:00,2014-12-19 06:00:00,1.20382,1.20482,1.20251,1.2033,24066.0
2014-12-22 00:00:00,2014-12-21 22:00:00,2014-12-22 06:00:00,1.20292,1.20387,1.20248,1.20337,15342.0
2014-12-23 00:00:00,2014-12-22 22:00:00,2014-12-23 06:00:00,1.20338,1.20359,1.20216,1.20238,12806.0
2014-12-24 00:00:00,2014-12-23 22:00:00,2014-12-24 06:00:00,1.20237,1.20279,1.20212,1.20232,6444.0
2014-12-25 00:00:00,2014-12-24 22:00:00,2014-12-25 06:00:00,1.20231,1.20237,1.20154,1.20154,80.0
2014-12-26 00:00:00,2014-12-25 22:00:00,2014-12-26 06:00:00,1.20243,1.20288,1.20186,1.20274,5236.0
2014-12-29 00:00:00,2014-12-28 22:00:00,2014-12-29 06:00:00,1.20262,1.20348,1.20249,1.20297,11608.0
2014-12-30 00:00:00,2014-12-29 22:00:00,2014-12-30 06:00:00,1.20296,1.20312,1.20213,1.20233,14646.0
2014-12-31 00:00:00,2014-12-30 22:00:00,2014-12-31 06:00:00,1.20232,1.20307,1.20202,1.20287,12024.0
2015-01-01 00:00:00,2014-12-31 22:00:00,2015-01-01 06:00:00,1.20287,1.20294,1.20139,1.20139,216.0
2015-01-02 00:00:00,2015-01-01 22:00:00,2015-01-02 06:00:00,1.2021,1.20298,1.20178,1.20194,14018.0
2015-01-05 00:00:00,2015-01-04 22:00:00,2015-01-05 06:00:00,1.20157,1.20304,1.20124,1.20148,17288.0
2015-01-06 00:00:00,2015-01-05 22:00:00,2015-01-06 06:00:00,1.20147,1.20197,1.20096,1.20106,13504.0
2015-01-07 00:00:00,2015-01-06 22:00:00,2015-01-07 06:00:00,1.20104,1.20122,1.20087,1.20091,14144.0
2015-01-08 00:00:00,2015-01-07 22:00:00,2015-01-08 06:00:00,1.20091,1.20133,1.20083,1.20104,16720.0
2015-01-09 00:00:00,2015-01-08 22:00:00,2015-01-09 06:00:00,1.20102,1.20117,1.20083,1.20096,13576.0
2015-01-12 00:00:00,2015-01-11 22:00:00,2015-01-12 06:00:00,1.20099,1.20124,1.20085,1.20095,10796.0
2015-01-13 00:00:00,2015-01-12 22:00:00,2015-01-13 06:00:00,1.20094,1.2011,1.20085,1.20092,10544.0
2015-01-14 00:00:00,2015-01-13 22:00:00,2015-01-14 06:00:00,1.20091,1.201,1.20086,1.20091,9180.0
2015-01-15 00:00:00,2015-01-14 22:00:00,2015-01-15 06:00:00,1.20091,1.20106,0.83196,1.0098,60808.0
2015-01-16 00:00:00,2015-01-15 22:00:00,2015-01-16 06:00:00,1.00945,1.02479,0.97018,0.99126,71906.0
2015-01-19 00:00:00,2015-01-18 22:00:00,2015-01-19 06:00:00,0.99249,1.02136,0.98713,1.02078,42762.0
2015-01-20 00:00:00,2015-01-19 22:00:00,2015-01-20 06:00:00,1.02079,1.02238,1.0064,1.0113,46114.0
2015-01-21 00:00:00,2015-01-20 22:00:00,2015-01-21 06:00:00,1.01199,1.01347,0.98465,0.99477,50508.0
2015-01-22 00:00:00,2015-01-21 22:00:00,2015-01-22 06:00:00,0.99492,1.00331,0.98432,0.99197,63796.0
2015-01-23 00:00:00,2015-01-22 22:00:00,2015-01-23 06:00:00,0.9919,0.99227,0.97758,0.98555,86718.0
2015-01-26 00:00:00,2015-01-25 22:00:00,2015-01-26 06:00:00,0.98151,1.0169,0.97826,1.01685,82528.0
2015-01-27 00:00:00,2015-01-26 22:00:00,2015-01-27 06:00:00,1.01682,1.03811,1.00808,1.02529,91116.0
2015-01-28 00:00:00,2015-01-27 22:00:00,2015-01-28 06:00:00,1.02478,1.03185,1.01819,1.02362,76494.0
2015-01-29 00:00:00,2015-01-28 22:00:00,2015-01-29 06:00:00,1.02352,1.04646,1.0204,1.04534,82104.0
2015-01-30 00:00:00,2015-01-29 22:00:00,2015-01-30 06:00:00,1.04546,1.05237,1.03538,1.037,72078.0
2015-02-02 00:00:00,2015-02-01 22:00:00,2015-02-02 06:00:00,1.04507,1.05868,1.04011,1.0513,69700.0
2015-02-03 00:00:00,2015-02-02 22:00:00,2015-02-03 06:00:00,1.05121,1.0621,1.04626,1.06197,101280.0
2015-02-04 00:00:00,2015-02-03 22:00:00,2015-02-04 06:00:00,1.06178,1.06242,1.05119,1.052,75768.0
2015-02-05 00:00:00,2015-02-04 22:00:00,2015-02-05 06:00:00,1.05127,1.06438,1.04701,1.05866,104194.0
2015-02-06 00:00:00,2015-02-05 22:00:00,2015-02-06 06:00:00,1.05904,1.05954,1.04568,1.04757,85500.0
2015-02-09 00:00:00,2015-02-08 22:00:00,2015-02-09 06:00:00,1.04636,1.05316,1.0413,1.04612,58312.0
2015-02-10 00:00:00,2015-02-09 22:00:00,2015-02-10 06:00:00,1.046,1.04947,1.04329,1.04814,79372.0
2015-02-11 00:00:00,2015-02-10 22:00:00,2015-02-11 06:00:00,1.04823,1.05045,1.0441,1.04832,77834.0
2015-02-12 00:00:00,2015-02-11 22:00:00,2015-02-12 06:00:00,1.04915,1.06379,1.0482,1.06161,98240.0
2015-02-13 00:00:00,2015-02-12 22:00:00,2015-02-13 06:00:00,1.06092,1.0638,1.05744,1.06283,81124.0
2015-02-16 00:00:00,2015-02-15 22:00:00,2015-02-16 06:00:00,1.06203,1.06453,1.05497,1.05751,84982.0
2015-02-17 00:00:00,2015-02-16 22:00:00,2015-02-17 06:00:00,1.0575,1.06933,1.05564,1.06892,84466.0
2015-02-18 00:00:00,2015-02-17 22:00:00,2015-02-18 06:00:00,1.06916,1.07398,1.06297,1.07389,76720.0
2015-02-19 00:00:00,2015-02-18 22:00:00,2015-02-19 06:00:00,1.07375,1.08016,1.07306,1.07903,78688.0
2015-02-20 00:00:00,2015-02-19 22:00:00,2015-02-20 06:00:00,1.079,1.08117,1.06669,1.07077,89676.0
2015-02-23 00:00:00,2015-02-22 22:00:00,2015-02-23 06:00:00,1.07165,1.07917,1.06847,1.07714,75884.0
2015-02-24 00:00:00,2015-02-23 22:00:00,2015-02-24 06:00:00,1.07726,1.07868,1.07263,1.07809,92366.0
2015-02-25 00:00:00,2015-02-24 22:00:00,2015-02-25 06:00:00,1.07817,1.07995,1.0756,1.07719,73594.0
2015-02-26 00:00:00,2015-02-25 22:00:00,2015-02-26 06:00:00,1.07749,1.07966,1.06669,1.06783,85340.0
2015-02-27 00:00:00,2015-02-26 22:00:00,2015-02-27 06:00:00,1.06788,1.06923,1.0611,1.06656,105044.0
2015-03-02 00:00:00,2015-03-01 22:00:00,2015-03-02 06:00:00,1.0666,1.07461,1.06491,1.07218,59672.0
2015-03-03 00:00:00,2015-03-02 22:00:00,2015-03-03 06:00:00,1.07189,1.07607,1.06988,1.07423,76812.0
2015-03-04 00:00:00,2015-03-03 22:00:00,2015-03-04 06:00:00,1.07445,1.07513,1.06291,1.06677,93220.0
2015-03-05 00:00:00,2015-03-04 22:00:00,2015-03-05 06:00:00,1.06674,1.07491,1.06519,1.0745,87194.0
2015-03-06 00:00:00,2015-03-05 22:00:00,2015-03-06 06:00:00,1.07433,1.07546,1.0638,1.06872,94794.0
2015-03-09 00:00:00,2015-03-08 21:00:00,2015-03-09 05:00:00,1.06814,1.07187,1.06695,1.07003,61274.0
2015-03-10 00:00:00,2015-03-09 21:00:00,2015-03-10 05:00:00,1.0696,1.07317,1.06615,1.0691,106258.0
2015-03-11 00:00:00,2015-03-10 21:00:00,2015-03-11 05:00:00,1.06784,1.06946,1.062,1.06414,116104.0
2015-03-12 00:00:00,2015-03-11 21:00:00,2015-03-12 05:00:00,1.06434,1.06806,1.06205,1.06597,104776.0
2015-03-13 00:00:00,2015-03-12 21:00:00,2015-03-13 05:00:00,1.06608,1.06723,1.05139,1.05433,91300.0
2015-03-16 00:00:00,2015-03-15 21:00:00,2015-03-16 05:00:00,1.05438,1.06721,1.0539,1.06449,98062.0
2015-03-17 00:00:00,2015-03-16 21:00:00,2015-03-17 05:00:00,1.06423,1.06721,1.06163,1.06598,71792.0
2015-03-18 00:00:00,2015-03-17 21:00:00,2015-03-18 05:00:00,1.06555,1.06684,1.0559,1.06238,97292.0
2015-03-19 00:00:00,2015-03-18 21:00:00,2015-03-19 05:00:00,1.06251,1.06997,1.05298,1.05497,132004.0
2015-03-20 00:00:00,2015-03-19 21:00:00,2015-03-20 05:00:00,1.05496,1.05893,1.05275,1.05469,96342.0
2015-03-23 00:00:00,2015-03-22 21:00:00,2015-03-23 05:00:00,1.0562,1.06018,1.05479,1.0575,113140.0
2015-03-24 00:00:00,2015-03-23 21:00:00,2015-03-24 05:00:00,1.05751,1.05802,1.04218,1.04646,104428.0
2015-03-25 00:00:00,2015-03-24 21:00:00,2015-03-25 05:00:00,1.04648,1.05459,1.04603,1.0528,89304.0
2015-03-26 00:00:00,2015-03-25 21:00:00,2015-03-26 05:00:00,1.05276,1.05424,1.04641,1.04806,91244.0
2015-03-27 00:00:00,2015-03-26 21:00:00,2015-03-27 05:00:00,1.04795,1.05073,1.0431,1.04679,95880.0
2015-03-30 00:00:00,2015-03-29 21:00:00,2015-03-30 05:00:00,1.04663,1.04869,1.04327,1.04765,70534.0
2015-03-31 00:00:00,2015-03-30 21:00:00,2015-03-31 05:00:00,1.04741,1.0486,1.04191,1.04403,74358.0
2015-04-01 00:00:00,2015-03-31 21:00:00,2015-04-01 05:00:00,1.04439,1.04579,1.0394,1.04072,93076.0
2015-04-02 00:00:00,2015-04-01 21:00:00,2015-04-02 05:00:00,1.04046,1.04493,1.03883,1.04377,53604.0
2015-04-03 00:00:00,2015-04-02 21:00:00,2015-04-03 05:00:00,1.04382,1.04669,1.04147,1.04436,48458.0
2015-04-06 00:00:00,2015-04-05 21:00:00,2015-04-06 05:00:00,1.04563,1.04945,1.04401,1.04702,54422.0
2015-04-07 00:00:00,2015-04-06 21:00:00,2015-04-07 05:00:00,1.0473,1.04795,1.04252,1.0447,70680.0
2015-04-08 00:00:00,2015-04-07 21:00:00,2015-04-08 05:00:00,1.04479,1.04685,1.04074,1.0418,73248.0
2015-04-09 00:00:00,2015-04-08 21:00:00,2015-04-09 05:00:00,1.0418,1.04497,1.04044,1.042,65440.0
2015-04-10 00:00:00,2015-04-09 21:00:00,2015-04-10 05:00:00,1.0418,1.04266,1.03669,1.03834,57104.0
2015-04-13 00:00:00,2015-04-12 21:00:00,2015-04-13 05:00:00,1.03859,1.0401,1.03205,1.03314,67572.0
2015-04-14 00:00:00,2015-04-13 21:00:00,2015-04-14 05:00:00,1.03313,1.03819,1.02959,1.03603,73786.0
2015-04-15 00:00:00,2015-04-14 21:00:00,2015-04-15 05:00:00,1.03577,1.0367,1.02934,1.03026,87872.0
2015-04-16 00:00:00,2015-04-15 21:00:00,2015-04-16 05:00:00,1.03042,1.03453,1.02751,1.02869,100876.0
2015-04-17 00:00:00,2015-04-16 21:00:00,2015-04-17 05:00:00,1.02909,1.03271,1.02634,1.02866,89466.0
2015-04-20 00:00:00,2015-04-19 21:00:00,2015-04-20 05:00:00,1.02862,1.0302,1.02335,1.02676,80392.0
2015-04-21 00:00:00,2015-04-20 21:00:00,2015-04-21 05:00:00,1.02663,1.02747,1.02352,1.0252,89096.0
2015-04-22 00:00:00,2015-04-21 21:00:00,2015-04-22 05:00:00,1.02508,1.0427,1.02397,1.0418,97468.0
2015-04-23 00:00:00,2015-04-22 21:00:00,2015-04-23 05:00:00,1.04158,1.0416,1.03125,1.03332,103412.0
2015-04-24 00:00:00,2015-04-23 21:00:00,2015-04-24 05:00:00,1.03301,1.03807,1.03174,1.03672,97564.0
2015-04-27 00:00:00,2015-04-26 21:00:00,2015-04-27 05:00:00,1.03681,1.04149,1.03476,1.03975,86146.0
2015-04-28 00:00:00,2015-04-27 21:00:00,2015-04-28 05:00:00,1.04008,1.04973,1.03793,1.04938,92654.0
2015-04-29 00:00:00,2015-04-28 21:00:00,2015-04-29 05:00:00,1.04858,1.0508,1.04259,1.04511,112316.0
2015-04-30 00:00:00,2015-04-29 21:00:00,2015-04-30 05:00:00,1.0455,1.05234,1.04291,1.04624,124482.0
2015-05-01 00:00:00,2015-04-30 21:00:00,2015-05-01 05:00:00,1.04611,1.05033,1.04428,1.04428,83670.0
2015-05-04 00:00:00,2015-05-03 21:00:00,2015-05-04 05:00:00,1.04576,1.04794,1.04035,1.04056,77034.0
2015-05-05 00:00:00,2015-05-04 21:00:00,2015-05-05 05:00:00,1.04054,1.04251,1.03464,1.03628,92726.0
2015-05-06 00:00:00,2015-05-05 21:00:00,2015-05-06 05:00:00,1.03607,1.03981,1.03546,1.03956,104660.0
2015-05-07 00:00:00,2015-05-06 21:00:00,2015-05-07 05:00:00,1.03901,1.04026,1.03044,1.03835,106168.0
2015-05-08 00:00:00,2015-05-07 21:00:00,2015-05-08 05:00:00,1.03814,1.04505,1.03319,1.04479,110308.0
2015-05-11 00:00:00,2015-05-10 21:00:00,2015-05-11 05:00:00,1.04275,1.0437,1.0387,1.04193,85402.0
2015-05-12 00:00:00,2015-05-11 21:00:00,2015-05-12 05:00:00,1.04207,1.04373,1.03844,1.04201,90988.0
2015-05-13 00:00:00,2015-05-12 21:00:00,2015-05-13 05:00:00,1.04169,1.044,1.04028,1.04085,94886.0
2015-05-14 00:00:00,2015-05-13 21:00:00,2015-05-14 05:00:00,1.04051,1.04303,1.03827,1.04068,96584.0
2015-05-15 00:00:00,2015-05-14 21:00:00,2015-05-15 05:00:00,1.04076,1.05057,1.04004,1.04813,95364.0
2015-05-18 00:00:00,2015-05-17 21:00:00,2015-05-18 05:00:00,1.04812,1.05011,1.04525,1.04787,78774.0
2015-05-19 00:00:00,2015-05-18 21:00:00,2015-05-19 05:00:00,1.04795,1.04883,1.04036,1.04457,99328.0
2015-05-20 00:00:00,2015-05-19 21:00:00,2015-05-20 05:00:00,1.04473,1.04486,1.03896,1.03961,103382.0
2015-05-21 00:00:00,2015-05-20 21:00:00,2015-05-21 05:00:00,1.0392,1.0417,1.03848,1.04089,92944.0
2015-05-22 00:00:00,2015-05-21 21:00:00,2015-05-22 05:00:00,1.04092,1.04503,1.03856,1.03893,96102.0
2015-05-25 00:00:00,2015-05-24 21:00:00,2015-05-25 05:00:00,1.03809,1.03841,1.03403,1.03736,51560.0
2015-05-26 00:00:00,2015-05-25 21:00:00,2015-05-26 05:00:00,1.03713,1.03801,1.03231,1.0366,103700.0
2015-05-27 00:00:00,2015-05-26 21:00:00,2015-05-27 05:00:00,1.03692,1.0372,1.03161,1.03528,97674.0
2015-05-28 00:00:00,2015-05-27 21:00:00,2015-05-28 05:00:00,1.03528,1.03626,1.03047,1.03315,105574.0
2015-05-29 00:00:00,2015-05-28 21:00:00,2015-05-29 05:00:00,1.03335,1.03636,1.02803,1.03327,97786.0
2015-06-01 00:00:00,2015-05-31 21:00:00,2015-06-01 05:00:00,1.03145,1.03505,1.02956,1.03343,85044.0
2015-06-02 00:00:00,2015-06-01 21:00:00,2015-06-02 05:00:00,1.03283,1.04327,1.03118,1.04027,107854.0
2015-06-03 00:00:00,2015-06-02 21:00:00,2015-06-03 05:00:00,1.04002,1.054,1.03979,1.05293,106014.0
2015-06-04 00:00:00,2015-06-03 21:00:00,2015-06-04 05:00:00,1.05259,1.05737,1.0481,1.04903,96752.0
2015-06-05 00:00:00,2015-06-04 21:00:00,2015-06-05 05:00:00,1.04859,1.05351,1.04405,1.0442,99684.0
2015-06-08 00:00:00,2015-06-07 21:00:00,2015-06-08 05:00:00,1.04463,1.05091,1.04396,1.04718,74734.0
2015-06-09 00:00:00,2015-06-08 21:00:00,2015-06-09 05:00:00,1.04738,1.05124,1.0442,1.05012,82644.0
2015-06-10 00:00:00,2015-06-09 21:00:00,2015-06-10 05:00:00,1.04958,1.05524,1.04745,1.05483,90432.0
2015-06-11 00:00:00,2015-06-10 21:00:00,2015-06-11 05:00:00,1.0542,1.05549,1.04951,1.05084,82142.0
2015-06-12 00:00:00,2015-06-11 21:00:00,2015-06-12 05:00:00,1.05008,1.05088,1.04258,1.04564,82164.0
2015-06-15 00:00:00,2015-06-14 21:00:00,2015-06-15 05:00:00,1.04213,1.0542,1.04207,1.04879,73700.0
2015-06-16 00:00:00,2015-06-15 21:00:00,2015-06-16 05:00:00,1.04832,1.05078,1.04547,1.04862,59954.0
2015-06-17 00:00:00,2015-06-16 21:00:00,2015-06-17 05:00:00,1.0483,1.04874,1.04033,1.04521,79850.0
2015-06-18 00:00:00,2015-06-17 21:00:00,2015-06-18 05:00:00,1.04563,1.05346,1.0438,1.04711,88890.0
2015-06-19 00:00:00,2015-06-18 21:00:00,2015-06-19 05:00:00,1.04672,1.04913,1.04028,1.04197,58264.0
2015-06-22 00:00:00,2015-06-21 21:00:00,2015-06-22 05:00:00,1.0424,1.04803,1.04103,1.04482,67284.0
2015-06-23 00:00:00,2015-06-22 21:00:00,2015-06-23 05:00:00,1.04508,1.04745,1.04253,1.04293,75990.0
2015-06-24 00:00:00,2015-06-23 21:00:00,2015-06-24 05:00:00,1.04285,1.04739,1.04228,1.04621,74838.0
2015-06-25 00:00:00,2015-06-24 21:00:00,2015-06-25 05:00:00,1.04616,1.0546,1.04529,1.049,70162.0
2015-06-26 00:00:00,2015-06-25 21:00:00,2015-06-26 05:00:00,1.04916,1.04962,1.04102,1.04257,62196.0
2015-06-29 00:00:00,2015-06-28 21:00:00,2015-06-29 05:00:00,1.03266,1.04403,1.03105,1.03934,102628.0
2015-06-30 00:00:00,2015-06-29 21:00:00,2015-06-30 05:00:00,1.03932,1.04524,1.03715,1.04142,84828.0
2015-07-01 00:00:00,2015-06-30 21:00:00,2015-07-01 05:00:00,1.04093,1.04931,1.04032,1.04817,72226.0
2015-07-02 00:00:00,2015-07-01 21:00:00,2015-07-02 05:00:00,1.04805,1.05247,1.04484,1.04598,76606.0
2015-07-03 00:00:00,2015-07-02 21:00:00,2015-07-03 05:00:00,1.04592,1.04715,1.04242,1.04369,61890.0
2015-07-06 00:00:00,2015-07-05 21:00:00,2015-07-06 05:00:00,1.03619,1.04574,1.03548,1.04211,92734.0
2015-07-07 00:00:00,2015-07-06 21:00:00,2015-07-07 05:00:00,1.0416,1.04366,1.03662,1.04245,89118.0
2015-07-08 00:00:00,2015-07-07 21:00:00,2015-07-08 05:00:00,1.04203,1.05183,1.03934,1.04727,87890.0
2015-07-09 00:00:00,2015-07-08 21:00:00,2015-07-09 05:00:00,1.04739,1.05074,1.04301,1.04632,86578.0
2015-07-10 00:00:00,2015-07-09 21:00:00,2015-07-10 05:00:00,1.04567,1.05251,1.04261,1.04628,94196.0
2015-07-13 00:00:00,2015-07-12 21:00:00,2015-07-13 05:00:00,1.04399,1.05127,1.04399,1.04562,87624.0
2015-07-14 00:00:00,2015-07-13 21:00:00,2015-07-14 05:00:00,1.04541,1.04649,1.03995,1.04013,84098.0
2015-07-15 00:00:00,2015-07-14 21:00:00,2015-07-15 05:00:00,1.04008,1.04531,1.03971,1.04208,71146.0
2015-07-16 00:00:00,2015-07-15 21:00:00,2015-07-16 05:00:00,1.04206,1.04388,1.03976,1.0416,76986.0
2015-07-17 00:00:00,2015-07-16 21:00:00,2015-07-17 05:00:00,1.04141,1.04413,1.04088,1.04143,62606.0
2015-07-20 00:00:00,2015-07-19 21:00:00,2015-07-20 05:00:00,1.04018,1.04568,1.04018,1.0443,64174.0
2015-07-21 00:00:00,2015-07-20 21:00:00,2015-07-21 05:00:00,1.04376,1.04934,1.04261,1.04826,76596.0
2015-07-22 00:00:00,2015-07-21 21:00:00,2015-07-22 05:00:00,1.04808,1.04935,1.04583,1.0489,68524.0
2015-07-23 00:00:00,2015-07-22 21:00:00,2015-07-23 05:00:00,1.04884,1.05528,1.04701,1.05431,70672.0
2015-07-24 00:00:00,2015-07-23 21:00:00,2015-07-24 05:00:00,1.05338,1.05804,1.05067,1.05656,62368.0
2015-07-27 00:00:00,2015-07-26 21:00:00,2015-07-27 05:00:00,1.0556,1.06896,1.05558,1.06749,74430.0
2015-07-28 00:00:00,2015-07-27 21:00:00,2015-07-28 05:00:00,1.06723,1.06783,1.06315,1.06452,67890.0
2015-07-29 00:00:00,2015-07-28 21:00:00,2015-07-29 05:00:00,1.06407,1.06567,1.0609,1.06324,72696.0
2015-07-30 00:00:00,2015-07-29 21:00:00,2015-07-30 05:00:00,1.06301,1.0667,1.05758,1.05948,67904.0
2015-07-31 00:00:00,2015-07-30 21:00:00,2015-07-31 05:00:00,1.05916,1.06524,1.05314,1.06015,84676.0
2015-08-03 00:00:00,2015-08-02 21:00:00,2015-08-03 05:00:00,1.06021,1.06232,1.05906,1.06117,65652.0
2015-08-04 00:00:00,2015-08-03 21:00:00,2015-08-04 05:00:00,1.06097,1.06723,1.06,1.06455,71056.0
2015-08-05 00:00:00,2015-08-04 21:00:00,2015-08-05 05:00:00,1.06456,1.06819,1.06211,1.06766,75136.0
2015-08-06 00:00:00,2015-08-05 21:00:00,2015-08-06 05:00:00,1.06762,1.07232,1.06708,1.07162,62278.0
2015-08-07 00:00:00,2015-08-06 21:00:00,2015-08-07 05:00:00,1.07102,1.07887,1.07065,1.0784,65764.0
2015-08-10 00:00:00,2015-08-09 21:00:00,2015-08-10 05:00:00,1.07716,1.08414,1.07602,1.0837,58576.0
2015-08-11 00:00:00,2015-08-10 21:00:00,2015-08-11 05:00:00,1.08366,1.09202,1.07715,1.09115,77670.0
2015-08-12 00:00:00,2015-08-11 21:00:00,2015-08-12 05:00:00,1.09115,1.09621,1.08406,1.08841,89672.0
2015-08-13 00:00:00,2015-08-12 21:00:00,2015-08-13 05:00:00,1.08803,1.08925,1.08268,1.08862,68412.0
2015-08-14 00:00:00,2015-08-13 21:00:00,2015-08-14 05:00:00,1.08843,1.08914,1.08349,1.0844,65654.0
2015-08-17 00:00:00,2015-08-16 21:00:00,2015-08-17 05:00:00,1.08519,1.08538,1.08139,1.08379,61408.0
2015-08-18 00:00:00,2015-08-17 21:00:00,2015-08-18 05:00:00,1.08381,1.08476,1.07595,1.07773,56114.0
2015-08-19 00:00:00,2015-08-18 21:00:00,2015-08-19 05:00:00,1.07714,1.08016,1.07126,1.07364,70710.0
2015-08-20 00:00:00,2015-08-19 21:00:00,2015-08-20 05:00:00,1.07298,1.07932,1.07121,1.07735,77016.0
2015-08-21 00:00:00,2015-08-20 21:00:00,2015-08-21 05:00:00,1.0778,1.08034,1.07541,1.07732,90016.0
2015-08-24 00:00:00,2015-08-23 21:00:00,2015-08-24 05:00:00,1.07686,1.08771,1.07625,1.0808,140472.0
2015-08-25 00:00:00,2015-08-24 21:00:00,2015-08-25 05:00:00,1.08037,1.08806,1.07696,1.08109,124234.0
2015-08-26 00:00:00,2015-08-25 21:00:00,2015-08-26 05:00:00,1.08085,1.0858,1.07609,1.08007,118324.0
2015-08-27 00:00:00,2015-08-26 21:00:00,2015-08-27 05:00:00,1.07957,1.08711,1.07555,1.08657,92880.0
2015-08-28 00:00:00,2015-08-27 21:00:00,2015-08-28 05:00:00,1.08608,1.08694,1.07331,1.07682,83582.0
2015-08-31 00:00:00,2015-08-30 21:00:00,2015-08-31 05:00:00,1.07505,1.08546,1.07319,1.08453,74374.0
2015-09-01 00:00:00,2015-08-31 21:00:00,2015-09-01 05:00:00,1.08399,1.0871,1.08155,1.08504,84210.0
2015-09-02 00:00:00,2015-09-01 21:00:00,2015-09-02 05:00:00,1.08489,1.09017,1.08307,1.08831,82540.0
2015-09-03 00:00:00,2015-09-02 21:00:00,2015-09-03 05:00:00,1.08794,1.09028,1.08199,1.08241,82978.0
2015-09-04 00:00:00,2015-09-03 21:00:00,2015-09-04 05:00:00,1.08269,1.08737,1.07995,1.08365,84002.0
2015-09-07 00:00:00,2015-09-06 21:00:00,2015-09-07 05:00:00,1.08416,1.08988,1.08297,1.08901,55464.0
2015-09-08 00:00:00,2015-09-07 21:00:00,2015-09-08 05:00:00,1.08852,1.09831,1.08717,1.0968,69224.0
2015-09-09 00:00:00,2015-09-08 21:00:00,2015-09-09 05:00:00,1.09678,1.09735,1.08782,1.09339,76086.0
2015-09-10 00:00:00,2015-09-09 21:00:00,2015-09-10 05:00:00,1.09297,1.09826,1.09214,1.09757,85076.0
2015-09-11 00:00:00,2015-09-10 21:00:00,2015-09-11 05:00:00,1.09751,1.10502,1.09643,1.09763,73868.0
2015-09-14 00:00:00,2015-09-13 21:00:00,2015-09-14 05:00:00,1.09829,1.10114,1.09386,1.09577,55670.0
2015-09-15 00:00:00,2015-09-14 21:00:00,2015-09-15 05:00:00,1.09594,1.09984,1.09432,1.09758,53658.0
2015-09-16 00:00:00,2015-09-15 21:00:00,2015-09-16 05:00:00,1.09728,1.09937,1.09152,1.09668,59054.0
2015-09-17 00:00:00,2015-09-16 21:00:00,2015-09-17 05:00:00,1.09537,1.09948,1.09468,1.09752,70518.0
2015-09-18 00:00:00,2015-09-17 21:00:00,2015-09-18 05:00:00,1.09649,1.0983,1.08993,1.09352,75484.0
2015-09-21 00:00:00,2015-09-20 21:00:00,2015-09-21 05:00:00,1.09384,1.09575,1.08433,1.08724,66166.0
2015-09-22 00:00:00,2015-09-21 21:00:00,2015-09-22 05:00:00,1.08711,1.08879,1.08232,1.08523,61770.0
2015-09-23 00:00:00,2015-09-22 21:00:00,2015-09-23 05:00:00,1.08458,1.09573,1.08396,1.09568,67018.0
2015-09-24 00:00:00,2015-09-23 21:00:00,2015-09-24 05:00:00,1.09496,1.09666,1.09165,1.09527,74222.0
2015-09-25 00:00:00,2015-09-24 21:00:00,2015-09-25 05:00:00,1.09369,1.09823,1.08907,1.09592,72722.0
2015-09-28 00:00:00,2015-09-27 21:00:00,2015-09-28 05:00:00,1.09393,1.09697,1.09105,1.09482,70544.0
2015-09-29 00:00:00,2015-09-28 21:00:00,2015-09-29 05:00:00,1.09478,1.09559,1.08955,1.093,75004.0
2015-09-30 00:00:00,2015-09-29 21:00:00,2015-09-30 05:00:00,1.09263,1.09452,1.08801,1.08806,71470.0
2015-10-01 00:00:00,2015-09-30 21:00:00,2015-10-01 05:00:00,1.08791,1.0942,1.08761,1.09388,65548.0
2015-10-02 00:00:00,2015-10-01 21:00:00,2015-10-02 05:00:00,1.09331,1.09418,1.08847,1.08947,78424.0
2015-10-05 00:00:00,2015-10-04 21:00:00,2015-10-05 05:00:00,1.08894,1.09449,1.0889,1.09142,82140.0
2015-10-06 00:00:00,2015-10-05 21:00:00,2015-10-06 05:00:00,1.09128,1.094,1.08963,1.08975,58808.0
2015-10-07 00:00:00,2015-10-06 21:00:00,2015-10-07 05:00:00,1.08965,1.09478,1.08654,1.09393,69200.0
2015-10-08 00:00:00,2015-10-07 21:00:00,2015-10-08 05:00:00,1.09416,1.09475,1.08911,1.0892,67236.0
2015-10-09 00:00:00,2015-10-08 21:00:00,2015-10-09 05:00:00,1.08818,1.09298,1.08799,1.09216,63662.0
2015-10-12 00:00:00,2015-10-11 21:00:00,2015-10-12 05:00:00,1.09069,1.09439,1.09069,1.09359,45474.0
2015-10-13 00:00:00,2015-10-12 21:00:00,2015-10-13 05:00:00,1.09364,1.09496,1.08897,1.08988,59738.0
2015-10-14 00:00:00,2015-10-13 21:00:00,2015-10-14 05:00:00,1.08979,1.09173,1.0877,1.0891,57362.0
2015-10-15 00:00:00,2015-10-14 21:00:00,2015-10-15 05:00:00,1.08913,1.0908,1.08091,1.0818,65440.0
2015-10-16 00:00:00,2015-10-15 21:00:00,2015-10-16 05:00:00,1.08203,1.08522,1.07821,1.0826,56076.0
2015-10-19 00:00:00,2015-10-18 21:00:00,2015-10-19 05:00:00,1.08178,1.08521,1.08095,1.08301,52416.0
2015-10-20 00:00:00,2015-10-19 21:00:00,2015-10-20 05:00:00,1.08243,1.08525,1.07966,1.08469,51236.0
2015-10-21 00:00:00,2015-10-20 21:00:00,2015-10-21 05:00:00,1.08471,1.08936,1.08382,1.08792,52784.0
2015-10-22 00:00:00,2015-10-21 21:00:00,2015-10-22 05:00:00,1.08784,1.08993,1.08023,1.08096,77862.0
2015-10-23 00:00:00,2015-10-22 21:00:00,2015-10-23 05:00:00,1.08086,1.08275,1.0758,1.07786,84384.0
2015-10-26 00:00:00,2015-10-25 21:00:00,2015-10-26 05:00:00,1.07717,1.08772,1.07675,1.08723,68916.0
2015-10-27 00:00:00,2015-10-26 21:00:00,2015-10-27 05:00:00,1.08704,1.08978,1.08483,1.08967,60314.0
2015-10-28 00:00:00,2015-10-27 21:00:00,2015-10-28 05:00:00,1.08957,1.09088,1.08272,1.08599,74984.0
2015-10-29 00:00:00,2015-10-28 21:00:00,2015-10-29 05:00:00,1.08591,1.08774,1.08369,1.08621,71676.0
2015-10-30 00:00:00,2015-10-29 21:00:00,2015-10-30 05:00:00,1.08588,1.09178,1.08507,1.0866,77210.0
2015-11-02 00:00:00,2015-11-01 22:00:00,2015-11-02 06:00:00,1.08704,1.08931,1.08555,1.08702,56396.0
2015-11-03 00:00:00,2015-11-02 22:00:00,2015-11-03 06:00:00,1.087,1.08761,1.08451,1.08583,59540.0
2015-11-04 00:00:00,2015-11-03 22:00:00,2015-11-04 06:00:00,1.08585,1.08671,1.07802,1.07894,71050.0
2015-11-05 00:00:00,2015-11-04 22:00:00,2015-11-05 06:00:00,1.07892,1.08436,1.0786,1.08278,68374.0
2015-11-06 00:00:00,2015-11-05 22:00:00,2015-11-06 06:00:00,1.08281,1.08397,1.07349,1.0805,67936.0
2015-11-09 00:00:00,2015-11-08 22:00:00,2015-11-09 06:00:00,1.07818,1.08182,1.07662,1.07926,68844.0
2015-11-10 00:00:00,2015-11-09 22:00:00,2015-11-10 06:00:00,1.07921,1.0799,1.07614,1.07822,66598.0
2015-11-11 00:00:00,2015-11-10 22:00:00,2015-11-11 06:00:00,1.07844,1.08053,1.07693,1.07911,65026.0
2015-11-12 00:00:00,2015-11-11 22:00:00,2015-11-12 06:00:00,1.07911,1.08266,1.07553,1.08161,82984.0
2015-11-13 00:00:00,2015-11-12 22:00:00,2015-11-13 06:00:00,1.0818,1.08298,1.07801,1.08259,79510.0
2015-11-16 00:00:00,2015-11-15 22:00:00,2015-11-16 06:00:00,1.08054,1.08172,1.07834,1.07889,66496.0
2015-11-17 00:00:00,2015-11-16 22:00:00,2015-11-17 06:00:00,1.07895,1.08201,1.07732,1.07995,73702.0
2015-11-18 00:00:00,2015-11-17 22:00:00,2015-11-18 06:00:00,1.07992,1.08637,1.07893,1.08621,73676.0
2015-11-19 00:00:00,2015-11-18 22:00:00,2015-11-19 06:00:00,1.08597,1.09001,1.08549,1.08735,75184.0
2015-11-20 00:00:00,2015-11-19 22:00:00,2015-11-20 06:00:00,1.08713,1.08769,1.08341,1.08477,68686.0
2015-11-23 00:00:00,2015-11-22 22:00:00,2015-11-23 06:00:00,1.08454,1.08557,1.08133,1.08264,67030.0
2015-11-24 00:00:00,2015-11-23 22:00:00,2015-11-24 06:00:00,1.08267,1.08523,1.08114,1.08151,66974.0
2015-11-25 00:00:00,2015-11-24 22:00:00,2015-11-25 06:00:00,1.08147,1.08602,1.08102,1.08513,79302.0
2015-11-26 00:00:00,2015-11-25 22:00:00,2015-11-26 06:00:00,1.08521,1.08781,1.0841,1.08582,46958.0
2015-11-27 00:00:00,2015-11-26 22:00:00,2015-11-27 06:00:00,1.08577,1.09272,1.08446,1.09084,64444.0
2015-11-30 00:00:00,2015-11-29 22:00:00,2015-11-30 06:00:00,1.09035,1.09167,1.08454,1.08692,64192.0
2015-12-01 00:00:00,2015-11-30 22:00:00,2015-12-01 06:00:00,1.087,1.09347,1.08552,1.09192,72890.0
2015-12-02 00:00:00,2015-12-01 22:00:00,2015-12-02 06:00:00,1.09181,1.09193,1.08144,1.08194,76462.0
2015-12-03 00:00:00,2015-12-02 22:00:00,2015-12-03 06:00:00,1.0821,1.09388,1.07945,1.08634,107112.0
2015-12-04 00:00:00,2015-12-03 22:00:00,2015-12-04 06:00:00,1.08568,1.09157,1.08306,1.08384,95428.0
2015-12-07 00:00:00,2015-12-06 22:00:00,2015-12-07 06:00:00,1.0838,1.0877,1.08152,1.08476,64206.0
2015-12-08 00:00:00,2015-12-07 22:00:00,2015-12-08 06:00:00,1.08487,1.08575,1.0801,1.08063,68392.0
2015-12-09 00:00:00,2015-12-08 22:00:00,2015-12-09 06:00:00,1.08059,1.08539,1.08044,1.08424,73910.0
2015-12-10 00:00:00,2015-12-09 22:00:00,2015-12-10 06:00:00,1.08435,1.08471,1.07943,1.08124,68944.0
2015-12-11 00:00:00,2015-12-10 22:00:00,2015-12-11 06:00:00,1.08141,1.08404,1.07947,1.08069,74540.0
2015-12-14 00:00:00,2015-12-13 22:00:00,2015-12-14 06:00:00,1.07961,1.08419,1.07664,1.0835,72478.0
2015-12-15 00:00:00,2015-12-14 22:00:00,2015-12-15 06:00:00,1.08368,1.08446,1.0803,1.08334,70770.0
2015-12-16 00:00:00,2015-12-15 22:00:00,2015-12-16 06:00:00,1.08337,1.0839,1.07601,1.08051,80466.0
2015-12-17 00:00:00,2015-12-16 22:00:00,2015-12-17 06:00:00,1.08099,1.08235,1.07735,1.0784,74302.0
2015-12-18 00:00:00,2015-12-17 22:00:00,2015-12-18 06:00:00,1.07836,1.07963,1.07556,1.07828,68238.0
2015-12-21 00:00:00,2015-12-20 22:00:00,2015-12-21 06:00:00,1.07694,1.08399,1.07621,1.08296,57052.0
2015-12-22 00:00:00,2015-12-21 22:00:00,2015-12-22 06:00:00,1.08299,1.08464,1.08145,1.08161,51394.0
2015-12-23 00:00:00,2015-12-22 22:00:00,2015-12-23 06:00:00,1.08169,1.0825,1.08006,1.08115,45164.0
2015-12-24 00:00:00,2015-12-23 22:00:00,2015-12-24 06:00:00,1.08127,1.08211,1.07996,1.08117,27176.0
2015-12-25 00:00:00,2015-12-24 22:00:00,2015-12-25 06:00:00,1.08127,1.08137,1.07935,1.07935,332.0
2015-12-28 00:00:00,2015-12-27 22:00:00,2015-12-28 06:00:00,1.08145,1.08547,1.08129,1.08366,34466.0
2015-12-29 00:00:00,2015-12-28 22:00:00,2015-12-29 06:00:00,1.08372,1.08561,1.08265,1.08415,38286.0
2015-12-30 00:00:00,2015-12-29 22:00:00,2015-12-30 06:00:00,1.08446,1.085,1.07775,1.07803,39000.0
2015-12-31 00:00:00,2015-12-30 22:00:00,2015-12-31 06:00:00,1.07786,1.08932,1.07786,1.08844,39820.0
2016-01-01 00:00:00,2015-12-31 22:00:00,2016-01-01 06:00:00,1.08842,1.08946,1.0869,1.0869,574.0
2016-01-04 00:00:00,2016-01-03 22:00:00,2016-01-04 06:00:00,1.0867,1.09006,1.08351,1.08568,64366.0
2016-01-05 00:00:00,2016-01-04 22:00:00,2016-01-05 06:00:00,1.08567,1.08784,1.08347,1.08476,62050.0
2016-01-06 00:00:00,2016-01-05 22:00:00,2016-01-06 06:00:00,1.08443,1.08698,1.08268,1.08606,68150.0
2016-01-07 00:00:00,2016-01-06 22:00:00,2016-01-07 06:00:00,1.08619,1.08844,1.08415,1.08541,79414.0
2016-01-08 00:00:00,2016-01-07 22:00:00,2016-01-08 06:00:00,1.08545,1.08848,1.08416,1.08613,78110.0
2016-01-11 00:00:00,2016-01-10 22:00:00,2016-01-11 06:00:00,1.08593,1.08829,1.08373,1.08703,63932.0
2016-01-12 00:00:00,2016-01-11 22:00:00,2016-01-12 06:00:00,1.08708,1.08818,1.08432,1.08812,62504.0
2016-01-13 00:00:00,2016-01-12 22:00:00,2016-01-13 06:00:00,1.0881,1.09545,1.08696,1.09394,71516.0
2016-01-14 00:00:00,2016-01-13 22:00:00,2016-01-14 06:00:00,1.09424,1.09821,1.09147,1.09216,79974.0
2016-01-15 00:00:00,2016-01-14 22:00:00,2016-01-15 06:00:00,1.09217,1.09613,1.09106,1.09359,83702.0
2016-01-18 00:00:00,2016-01-17 22:00:00,2016-01-18 06:00:00,1.09334,1.09627,1.09238,1.09517,49468.0
2016-01-19 00:00:00,2016-01-18 22:00:00,2016-01-19 06:00:00,1.09513,1.09645,1.09119,1.09471,72246.0
2016-01-20 00:00:00,2016-01-19 22:00:00,2016-01-20 06:00:00,1.09457,1.09791,1.09081,1.09384,88944.0
2016-01-21 00:00:00,2016-01-20 22:00:00,2016-01-21 06:00:00,1.09377,1.09735,1.09182,1.09526,96878.0
2016-01-22 00:00:00,2016-01-21 22:00:00,2016-01-22 06:00:00,1.09539,1.0987,1.09222,1.09687,76952.0
2016-01-25 00:00:00,2016-01-24 22:00:00,2016-01-25 06:00:00,1.09544,1.10062,1.09544,1.09921,64460.0
2016-01-26 00:00:00,2016-01-25 22:00:00,2016-01-26 06:00:00,1.09927,1.10597,1.09851,1.10426,66978.0
2016-01-27 00:00:00,2016-01-26 22:00:00,2016-01-27 06:00:00,1.1044,1.10758,1.10294,1.10588,80608.0
2016-01-28 00:00:00,2016-01-27 22:00:00,2016-01-28 06:00:00,1.1057,1.11067,1.10427,1.1093,79504.0
2016-01-29 00:00:00,2016-01-28 22:00:00,2016-01-29 06:00:00,1.10921,1.11653,1.10573,1.10955,98876.0
2016-02-01 00:00:00,2016-01-31 22:00:00,2016-02-01 06:00:00,1.10658,1.1116,1.10658,1.11029,68002.0
2016-02-02 00:00:00,2016-02-01 22:00:00,2016-02-02 06:00:00,1.11021,1.11592,1.10968,1.11214,70684.0
2016-02-03 00:00:00,2016-02-02 22:00:00,2016-02-03 06:00:00,1.11182,1.11601,1.10981,1.11577,95792.0
2016-02-04 00:00:00,2016-02-03 22:00:00,2016-02-04 06:00:00,1.11569,1.11994,1.11147,1.11295,104704.0
2016-02-05 00:00:00,2016-02-04 22:00:00,2016-02-05 06:00:00,1.11288,1.11345,1.1034,1.10625,89922.0
2016-02-08 00:00:00,2016-02-07 22:00:00,2016-02-08 06:00:00,1.10487,1.10952,1.10186,1.10432,87054.0
2016-02-09 00:00:00,2016-02-08 22:00:00,2016-02-09 06:00:00,1.10412,1.10554,1.09579,1.09681,115670.0
2016-02-10 00:00:00,2016-02-09 22:00:00,2016-02-10 06:00:00,1.09679,1.09991,1.09511,1.09781,115826.0
2016-02-11 00:00:00,2016-02-10 22:00:00,2016-02-11 06:00:00,1.09785,1.10427,1.09497,1.10095,121308.0
2016-02-12 00:00:00,2016-02-11 22:00:00,2016-02-12 06:00:00,1.10088,1.10218,1.09648,1.09912,95586.0
2016-02-15 00:00:00,2016-02-14 22:00:00,2016-02-15 06:00:00,1.09827,1.10315,1.09739,1.10151,68586.0
2016-02-16 00:00:00,2016-02-15 22:00:00,2016-02-16 06:00:00,1.10145,1.10325,1.10048,1.10144,169780.0
2016-02-17 00:00:00,2016-02-16 22:00:00,2016-02-17 06:00:00,1.10134,1.10612,1.10054,1.10435,188838.0
2016-02-18 00:00:00,2016-02-17 22:00:00,2016-02-18 06:00:00,1.10422,1.10544,1.10213,1.10245,198208.0
2016-02-19 00:00:00,2016-02-18 22:00:00,2016-02-19 06:00:00,1.10226,1.10484,1.09979,1.10207,193240.0
2016-02-22 00:00:00,2016-02-21 22:00:00,2016-02-22 06:00:00,1.10005,1.10223,1.09923,1.10123,178888.0
2016-02-23 00:00:00,2016-02-22 22:00:00,2016-02-23 06:00:00,1.10114,1.10284,1.09155,1.09228,174626.0
2016-02-24 00:00:00,2016-02-23 22:00:00,2016-02-24 06:00:00,1.09232,1.09429,1.08646,1.08852,215180.0
2016-02-25 00:00:00,2016-02-24 22:00:00,2016-02-25 06:00:00,1.08868,1.0948,1.08836,1.09175,179800.0
2016-02-26 00:00:00,2016-02-25 22:00:00,2016-02-26 06:00:00,1.09168,1.09414,1.08871,1.08966,185344.0
2016-02-29 00:00:00,2016-02-28 22:00:00,2016-02-29 06:00:00,1.08876,1.09295,1.08095,1.08611,171014.0
2016-03-01 00:00:00,2016-02-29 22:00:00,2016-03-01 06:00:00,1.08609,1.08784,1.08229,1.08305,186758.0
2016-03-02 00:00:00,2016-03-01 22:00:00,2016-03-02 06:00:00,1.08313,1.0859,1.08204,1.08299,169778.0
2016-03-03 00:00:00,2016-03-02 22:00:00,2016-03-03 06:00:00,1.08293,1.08659,1.08267,1.08606,160260.0
2016-03-04 00:00:00,2016-03-03 22:00:00,2016-03-04 06:00:00,1.08599,1.09471,1.08506,1.09312,201034.0
2016-03-07 00:00:00,2016-03-06 22:00:00,2016-03-07 06:00:00,1.0909,1.09746,1.0909,1.09607,154028.0
2016-03-08 00:00:00,2016-03-07 22:00:00,2016-03-08 06:00:00,1.09624,1.09696,1.0917,1.09594,161716.0
2016-03-09 00:00:00,2016-03-08 22:00:00,2016-03-09 06:00:00,1.09605,1.10001,1.09449,1.09722,163952.0
2016-03-10 00:00:00,2016-03-09 22:00:00,2016-03-10 06:00:00,1.09724,1.10229,1.08919,1.10094,252308.0
2016-03-11 00:00:00,2016-03-10 22:00:00,2016-03-11 06:00:00,1.10079,1.1017,1.09342,1.0954,189010.0
2016-03-14 00:00:00,2016-03-13 21:00:00,2016-03-14 05:00:00,1.09593,1.09911,1.09452,1.09609,139540.0
2016-03-15 00:00:00,2016-03-14 21:00:00,2016-03-15 05:00:00,1.09598,1.09715,1.09436,1.09658,150522.0
2016-03-16 00:00:00,2016-03-15 21:00:00,2016-03-16 05:00:00,1.09657,1.09756,1.09391,1.09637,161016.0
2016-03-17 00:00:00,2016-03-16 21:00:00,2016-03-17 05:00:00,1.0963,1.09952,1.09217,1.09503,182348.0
2016-03-18 00:00:00,2016-03-17 21:00:00,2016-03-18 05:00:00,1.09509,1.09509,1.09047,1.09282,144780.0
2016-03-21 00:00:00,2016-03-20 21:00:00,2016-03-21 05:00:00,1.09227,1.09436,1.08936,1.09015,122008.0
2016-03-22 00:00:00,2016-03-21 21:00:00,2016-03-22 05:00:00,1.09019,1.09166,1.08749,1.09096,130604.0
2016-03-23 00:00:00,2016-03-22 21:00:00,2016-03-23 05:00:00,1.09104,1.09241,1.08738,1.09029,105816.0
2016-03-24 00:00:00,2016-03-23 21:00:00,2016-03-24 05:00:00,1.09039,1.09095,1.08742,1.09028,106748.0
2016-03-25 00:00:00,2016-03-24 21:00:00,2016-03-25 05:00:00,1.09022,1.09241,1.08892,1.09062,38428.0
2016-03-28 00:00:00,2016-03-27 21:00:00,2016-03-28 05:00:00,1.09117,1.09219,1.09001,1.09037,55524.0
2016-03-29 00:00:00,2016-03-28 21:00:00,2016-03-29 05:00:00,1.08956,1.09287,1.08844,1.09128,132456.0
2016-03-30 00:00:00,2016-03-29 21:00:00,2016-03-30 05:00:00,1.09134,1.09427,1.08919,1.09412,155592.0
2016-03-31 00:00:00,2016-03-30 21:00:00,2016-03-31 05:00:00,1.094,1.09531,1.09058,1.09433,147112.0
2016-04-01 00:00:00,2016-03-31 21:00:00,2016-04-01 05:00:00,1.09426,1.09506,1.09057,1.09212,143428.0
2016-04-04 00:00:00,2016-04-03 21:00:00,2016-04-04 05:00:00,1.09163,1.09325,1.09089,1.09218,117050.0
2016-04-05 00:00:00,2016-04-04 21:00:00,2016-04-05 05:00:00,1.09183,1.09251,1.08779,1.08828,124416.0
2016-04-06 00:00:00,2016-04-05 21:00:00,2016-04-06 05:00:00,1.08793,1.09122,1.08793,1.0894,128830.0
2016-04-07 00:00:00,2016-04-06 21:00:00,2016-04-07 05:00:00,1.08928,1.09069,1.08428,1.08774,141538.0
2016-04-08 00:00:00,2016-04-07 21:00:00,2016-04-08 05:00:00,1.08736,1.08944,1.08598,1.08667,120216.0
2016-04-11 00:00:00,2016-04-10 21:00:00,2016-04-11 05:00:00,1.08657,1.08984,1.08624,1.08881,107328.0
2016-04-12 00:00:00,2016-04-11 21:00:00,2016-04-12 05:00:00,1.08845,1.08931,1.08722,1.08743,118658.0
2016-04-13 00:00:00,2016-04-12 21:00:00,2016-04-13 05:00:00,1.08693,1.09106,1.08693,1.08988,139078.0
2016-04-14 00:00:00,2016-04-13 21:00:00,2016-04-14 05:00:00,1.0902,1.09037,1.08664,1.08915,130910.0
2016-04-15 00:00:00,2016-04-14 21:00:00,2016-04-15 05:00:00,1.0891,1.09269,1.08849,1.0921,104264.0
2016-04-18 00:00:00,2016-04-17 21:00:00,2016-04-18 05:00:00,1.09125,1.09224,1.09026,1.09087,85134.0
2016-04-19 00:00:00,2016-04-18 21:00:00,2016-04-19 05:00:00,1.09087,1.0929,1.09023,1.09235,89652.0
2016-04-20 00:00:00,2016-04-19 21:00:00,2016-04-20 05:00:00,1.0923,1.09895,1.09176,1.09838,100516.0
2016-04-21 00:00:00,2016-04-20 21:00:00,2016-04-21 05:00:00,1.09814,1.10091,1.09629,1.10054,109180.0
2016-04-22 00:00:00,2016-04-21 21:00:00,2016-04-22 05:00:00,1.1006,1.10162,1.09775,1.09814,101626.0
2016-04-25 00:00:00,2016-04-24 21:00:00,2016-04-25 05:00:00,1.09777,1.09937,1.09639,1.09877,90348.0
2016-04-26 00:00:00,2016-04-25 21:00:00,2016-04-26 05:00:00,1.09853,1.10034,1.09822,1.09997,93842.0
2016-04-27 00:00:00,2016-04-26 21:00:00,2016-04-27 05:00:00,1.0999,1.10096,1.09897,1.09949,113000.0
2016-04-28 00:00:00,2016-04-27 21:00:00,2016-04-28 05:00:00,1.09942,1.10053,1.09647,1.09735,129850.0
2016-04-29 00:00:00,2016-04-28 21:00:00,2016-04-29 05:00:00,1.09699,1.09946,1.09549,1.09811,125060.0
2016-05-02 00:00:00,2016-05-01 21:00:00,2016-05-02 05:00:00,1.09779,1.10097,1.09772,1.10078,90836.0
2016-05-03 00:00:00,2016-05-02 21:00:00,2016-05-03 05:00:00,1.10051,1.10167,1.09596,1.09732,114130.0
2016-05-04 00:00:00,2016-05-03 21:00:00,2016-05-04 05:00:00,1.09707,1.10036,1.09692,1.09987,111608.0
2016-05-05 00:00:00,2016-05-04 21:00:00,2016-05-05 05:00:00,1.09975,1.10497,1.09942,1.10361,100478.0
2016-05-06 00:00:00,2016-05-05 21:00:00,2016-05-06 05:00:00,1.10362,1.10932,1.10337,1.10915,107258.0
2016-05-09 00:00:00,2016-05-08 21:00:00,2016-05-09 05:00:00,1.10835,1.10875,1.10367,1.10529,84804.0
2016-05-10 00:00:00,2016-05-09 21:00:00,2016-05-10 05:00:00,1.10541,1.11034,1.10501,1.10978,86996.0
2016-05-11 00:00:00,2016-05-10 21:00:00,2016-05-11 05:00:00,1.10983,1.11082,1.10801,1.10938,78194.0
2016-05-12 00:00:00,2016-05-11 21:00:00,2016-05-12 05:00:00,1.10942,1.10982,1.10261,1.10409,88784.0
2016-05-13 00:00:00,2016-05-12 21:00:00,2016-05-13 05:00:00,1.10326,1.10508,1.10145,1.10277,91862.0
2016-05-16 00:00:00,2016-05-15 21:00:00,2016-05-16 05:00:00,1.10285,1.10721,1.10209,1.10659,67508.0
2016-05-17 00:00:00,2016-05-16 21:00:00,2016-05-17 05:00:00,1.10666,1.10951,1.10569,1.10921,88306.0
2016-05-18 00:00:00,2016-05-17 21:00:00,2016-05-18 05:00:00,1.10877,1.10969,1.10644,1.10784,98356.0
2016-05-19 00:00:00,2016-05-18 21:00:00,2016-05-19 05:00:00,1.10725,1.10997,1.10672,1.10986,102986.0
2016-05-20 00:00:00,2016-05-19 21:00:00,2016-05-20 05:00:00,1.10943,1.11291,1.10938,1.11167,76294.0
2016-05-23 00:00:00,2016-05-22 21:00:00,2016-05-23 05:00:00,1.11045,1.11229,1.10925,1.11009,80920.0
2016-05-24 00:00:00,2016-05-23 21:00:00,2016-05-24 05:00:00,1.10997,1.11133,1.10593,1.10645,97674.0
2016-05-25 00:00:00,2016-05-24 21:00:00,2016-05-25 05:00:00,1.10588,1.10684,1.1038,1.1056,87650.0
2016-05-26 00:00:00,2016-05-25 21:00:00,2016-05-26 05:00:00,1.10555,1.10862,1.10529,1.10739,95546.0
2016-05-27 00:00:00,2016-05-26 21:00:00,2016-05-27 05:00:00,1.10741,1.10794,1.10401,1.10538,89364.0
2016-05-30 00:00:00,2016-05-29 21:00:00,2016-05-30 05:00:00,1.10517,1.1071,1.10408,1.10507,55060.0
2016-05-31 00:00:00,2016-05-30 21:00:00,2016-05-31 05:00:00,1.105,1.10742,1.10293,1.10629,103978.0
2016-06-01 00:00:00,2016-05-31 21:00:00,2016-06-01 05:00:00,1.10629,1.10697,1.10237,1.10536,105656.0
2016-06-02 00:00:00,2016-06-01 21:00:00,2016-06-02 05:00:00,1.10555,1.10677,1.10362,1.10446,95838.0
2016-06-03 00:00:00,2016-06-02 21:00:00,2016-06-03 05:00:00,1.10426,1.11055,1.10323,1.10935,106470.0
2016-06-06 00:00:00,2016-06-05 21:00:00,2016-06-06 05:00:00,1.10897,1.10986,1.10199,1.10203,97178.0
2016-06-07 00:00:00,2016-06-06 21:00:00,2016-06-07 05:00:00,1.10188,1.10329,1.09614,1.09614,83332.0
2016-06-08 00:00:00,2016-06-07 21:00:00,2016-06-08 05:00:00,1.0962,1.09852,1.09252,1.09297,84164.0
2016-06-09 00:00:00,2016-06-08 21:00:00,2016-06-09 05:00:00,1.09286,1.09366,1.08854,1.09134,87962.0
2016-06-10 00:00:00,2016-06-09 21:00:00,2016-06-10 05:00:00,1.09126,1.09158,1.08444,1.08484,95966.0
2016-06-13 00:00:00,2016-06-12 21:00:00,2016-06-13 05:00:00,1.08581,1.09224,1.08391,1.08892,96124.0
2016-06-14 00:00:00,2016-06-13 21:00:00,2016-06-14 05:00:00,1.0887,1.08882,1.07897,1.07939,88326.0
2016-06-15 00:00:00,2016-06-14 21:00:00,2016-06-15 05:00:00,1.07938,1.08609,1.07928,1.08249,90852.0
2016-06-16 00:00:00,2016-06-15 21:00:00,2016-06-16 05:00:00,1.08254,1.08645,1.07767,1.08311,116822.0
2016-06-17 00:00:00,2016-06-16 21:00:00,2016-06-17 05:00:00,1.08337,1.08743,1.08089,1.08237,90770.0
2016-06-20 00:00:00,2016-06-19 21:00:00,2016-06-20 05:00:00,1.08772,1.0908,1.08607,1.08812,99624.0
2016-06-21 00:00:00,2016-06-20 21:00:00,2016-06-21 05:00:00,1.08717,1.09037,1.0798,1.08194,83644.0
2016-06-22 00:00:00,2016-06-21 21:00:00,2016-06-22 05:00:00,1.08204,1.08506,1.08015,1.08296,83172.0
2016-06-23 00:00:00,2016-06-22 21:00:00,2016-06-23 05:00:00,1.0833,1.09202,1.0833,1.0916,113114.0
2016-06-24 00:00:00,2016-06-23 21:00:00,2016-06-24 05:00:00,1.09592,1.1012,1.06208,1.08115,270922.0
2016-06-27 00:00:00,2016-06-26 21:00:00,2016-06-27 05:00:00,1.07347,1.08053,1.07152,1.07844,170376.0
2016-06-28 00:00:00,2016-06-27 21:00:00,2016-06-28 05:00:00,1.07839,1.08734,1.07699,1.08624,117658.0
2016-06-29 00:00:00,2016-06-28 21:00:00,2016-06-29 05:00:00,1.08621,1.08986,1.08356,1.08986,104938.0
2016-06-30 00:00:00,2016-06-29 21:00:00,2016-06-30 05:00:00,1.0897,1.08984,1.07993,1.08386,121042.0
2016-07-01 00:00:00,2016-06-30 21:00:00,2016-07-01 05:00:00,1.08334,1.08579,1.08187,1.08373,90214.0
2016-07-04 00:00:00,2016-07-03 21:00:00,2016-07-04 05:00:00,1.08296,1.08525,1.08172,1.08241,59950.0
2016-07-05 00:00:00,2016-07-04 21:00:00,2016-07-05 05:00:00,1.08211,1.08494,1.08049,1.08175,90200.0
2016-07-06 00:00:00,2016-07-05 21:00:00,2016-07-06 05:00:00,1.08187,1.08403,1.07934,1.08212,113046.0
2016-07-07 00:00:00,2016-07-06 21:00:00,2016-07-07 05:00:00,1.08214,1.08367,1.08046,1.08303,87242.0
2016-07-08 00:00:00,2016-07-07 21:00:00,2016-07-08 05:00:00,1.08251,1.08739,1.0825,1.08702,90748.0
2016-07-11 00:00:00,2016-07-10 21:00:00,2016-07-11 05:00:00,1.0844,1.0874,1.0844,1.08672,85196.0
2016-07-12 00:00:00,2016-07-11 21:00:00,2016-07-12 05:00:00,1.08618,1.09444,1.08568,1.09404,106620.0
2016-07-13 00:00:00,2016-07-12 21:00:00,2016-07-13 05:00:00,1.09392,1.09439,1.08984,1.09267,99920.0
2016-07-14 00:00:00,2016-07-13 21:00:00,2016-07-14 05:00:00,1.09263,1.09423,1.08801,1.09054,102388.0
2016-07-15 00:00:00,2016-07-14 21:00:00,2016-07-15 05:00:00,1.09039,1.09168,1.08392,1.08482,100950.0
2016-07-18 00:00:00,2016-07-17 21:00:00,2016-07-18 05:00:00,1.08542,1.08946,1.08466,1.08811,81596.0
2016-07-19 00:00:00,2016-07-18 21:00:00,2016-07-19 05:00:00,1.08759,1.08904,1.08376,1.08609,81966.0
2016-07-20 00:00:00,2016-07-19 21:00:00,2016-07-20 05:00:00,1.08609,1.08915,1.08433,1.08735,87254.0
2016-07-21 00:00:00,2016-07-20 21:00:00,2016-07-21 05:00:00,1.0874,1.09036,1.08586,1.08685,100324.0
2016-07-22 00:00:00,2016-07-21 21:00:00,2016-07-22 05:00:00,1.08591,1.08757,1.08299,1.08315,80820.0
2016-07-25 00:00:00,2016-07-24 21:00:00,2016-07-25 05:00:00,1.08336,1.08462,1.08172,1.08384,68976.0
2016-07-26 00:00:00,2016-07-25 21:00:00,2016-07-26 05:00:00,1.08389,1.09077,1.08304,1.09026,82912.0
2016-07-27 00:00:00,2016-07-26 21:00:00,2016-07-27 05:00:00,1.09012,1.0937,1.08955,1.09041,102828.0
2016-07-28 00:00:00,2016-07-27 21:00:00,2016-07-28 05:00:00,1.08957,1.09338,1.08584,1.08649,88916.0
2016-07-29 00:00:00,2016-07-28 21:00:00,2016-07-29 05:00:00,1.08592,1.08665,1.07894,1.08288,104078.0
2016-08-01 00:00:00,2016-07-31 21:00:00,2016-08-01 05:00:00,1.08299,1.08364,1.07945,1.08082,63630.0
2016-08-02 00:00:00,2016-08-01 21:00:00,2016-08-02 05:00:00,1.08066,1.08346,1.07964,1.08231,76692.0
2016-08-03 00:00:00,2016-08-02 21:00:00,2016-08-03 05:00:00,1.08239,1.08586,1.08168,1.08504,74814.0
2016-08-04 00:00:00,2016-08-03 21:00:00,2016-08-04 05:00:00,1.08502,1.08512,1.08267,1.08402,83318.0
2016-08-05 00:00:00,2016-08-04 21:00:00,2016-08-05 05:00:00,1.08268,1.08774,1.08268,1.0876,75264.0
2016-08-08 00:00:00,2016-08-07 21:00:00,2016-08-08 05:00:00,1.08535,1.09034,1.08512,1.08932,61916.0
2016-08-09 00:00:00,2016-08-08 21:00:00,2016-08-09 05:00:00,1.08898,1.09197,1.08867,1.09101,66464.0
2016-08-10 00:00:00,2016-08-09 21:00:00,2016-08-10 05:00:00,1.09072,1.0925,1.08944,1.08982,63442.0
2016-08-11 00:00:00,2016-08-10 21:00:00,2016-08-11 05:00:00,1.08962,1.0899,1.08539,1.08629,55516.0
2016-08-12 00:00:00,2016-08-11 21:00:00,2016-08-12 05:00:00,1.08583,1.08991,1.08549,1.08835,56276.0
2016-08-15 00:00:00,2016-08-14 21:00:00,2016-08-15 05:00:00,1.08716,1.09022,1.08664,1.08782,49484.0
2016-08-16 00:00:00,2016-08-15 21:00:00,2016-08-16 05:00:00,1.08788,1.0889,1.08363,1.08474,82682.0
2016-08-17 00:00:00,2016-08-16 21:00:00,2016-08-17 05:00:00,1.08216,1.08642,1.08215,1.08612,69564.0
2016-08-18 00:00:00,2016-08-17 21:00:00,2016-08-18 05:00:00,1.08612,1.08703,1.0831,1.08361,80644.0
2016-08-19 00:00:00,2016-08-18 21:00:00,2016-08-19 05:00:00,1.08349,1.08741,1.08265,1.08711,71708.0
2016-08-22 00:00:00,2016-08-21 21:00:00,2016-08-22 05:00:00,1.08666,1.08941,1.08592,1.08926,64642.0
2016-08-23 00:00:00,2016-08-22 21:00:00,2016-08-23 05:00:00,1.08924,1.09062,1.08761,1.08873,65708.0
2016-08-24 00:00:00,2016-08-23 21:00:00,2016-08-24 05:00:00,1.08881,1.08986,1.08687,1.08916,69962.0
2016-08-25 00:00:00,2016-08-24 21:00:00,2016-08-25 05:00:00,1.08917,1.092,1.08822,1.09196,60502.0
2016-08-26 00:00:00,2016-08-25 21:00:00,2016-08-26 05:00:00,1.09181,1.09587,1.08986,1.09491,89018.0
2016-08-29 00:00:00,2016-08-28 21:00:00,2016-08-29 05:00:00,1.0944,1.09544,1.09254,1.09454,65656.0
2016-08-30 00:00:00,2016-08-29 21:00:00,2016-08-30 05:00:00,1.09436,1.09644,1.0933,1.09622,68724.0
2016-08-31 00:00:00,2016-08-30 21:00:00,2016-08-31 05:00:00,1.09594,1.09773,1.09367,1.09762,78298.0
2016-09-01 00:00:00,2016-08-31 21:00:00,2016-09-01 05:00:00,1.09726,1.10007,1.09562,1.09725,84212.0
2016-09-02 00:00:00,2016-09-01 21:00:00,2016-09-02 05:00:00,1.09727,1.09821,1.09336,1.09343,77860.0
2016-09-05 00:00:00,2016-09-04 21:00:00,2016-09-05 05:00:00,1.09356,1.09393,1.09228,1.0923,46664.0
2016-09-06 00:00:00,2016-09-05 21:00:00,2016-09-06 05:00:00,1.09142,1.09454,1.09079,1.0913,71548.0
2016-09-07 00:00:00,2016-09-06 21:00:00,2016-09-07 05:00:00,1.09133,1.09184,1.08878,1.09013,70606.0
2016-09-08 00:00:00,2016-09-07 21:00:00,2016-09-08 05:00:00,1.08923,1.09546,1.08914,1.09516,88254.0
2016-09-09 00:00:00,2016-09-08 21:00:00,2016-09-09 05:00:00,1.09467,1.09757,1.09466,1.09554,76022.0
2016-09-12 00:00:00,2016-09-11 21:00:00,2016-09-12 05:00:00,1.09481,1.09739,1.09159,1.09205,79626.0
2016-09-13 00:00:00,2016-09-12 21:00:00,2016-09-13 05:00:00,1.09176,1.09683,1.09115,1.0958,79986.0
2016-09-14 00:00:00,2016-09-13 21:00:00,2016-09-14 05:00:00,1.09556,1.09845,1.09378,1.09479,74236.0
2016-09-15 00:00:00,2016-09-14 21:00:00,2016-09-15 05:00:00,1.09504,1.09622,1.09207,1.0926,80818.0
2016-09-16 00:00:00,2016-09-15 21:00:00,2016-09-16 05:00:00,1.09254,1.09558,1.09201,1.09354,74724.0
2016-09-19 00:00:00,2016-09-18 21:00:00,2016-09-19 05:00:00,1.09318,1.09597,1.09282,1.09527,52556.0
2016-09-20 00:00:00,2016-09-19 21:00:00,2016-09-20 05:00:00,1.09485,1.09596,1.09173,1.09179,65932.0
2016-09-21 00:00:00,2016-09-20 21:00:00,2016-09-21 05:00:00,1.092,1.09238,1.08746,1.08945,92598.0
2016-09-22 00:00:00,2016-09-21 21:00:00,2016-09-22 05:00:00,1.08962,1.09083,1.08575,1.08585,78294.0
2016-09-23 00:00:00,2016-09-22 21:00:00,2016-09-23 05:00:00,1.08583,1.09138,1.0855,1.08872,71616.0
2016-09-26 00:00:00,2016-09-25 21:00:00,2016-09-26 05:00:00,1.0882,1.09112,1.0877,1.09063,65548.0
2016-09-27 00:00:00,2016-09-26 21:00:00,2016-09-27 05:00:00,1.09063,1.09114,1.08697,1.08889,68376.0
2016-09-28 00:00:00,2016-09-27 21:00:00,2016-09-28 05:00:00,1.08858,1.09006,1.08748,1.08919,67054.0
2016-09-29 00:00:00,2016-09-28 21:00:00,2016-09-29 05:00:00,1.08885,1.09087,1.0832,1.08432,75718.0
2016-09-30 00:00:00,2016-09-29 21:00:00,2016-09-30 05:00:00,1.08342,1.09176,1.08106,1.09137,92036.0
2016-10-03 00:00:00,2016-10-02 21:00:00,2016-10-03 05:00:00,1.09026,1.09276,1.08977,1.09151,55816.0
2016-10-04 00:00:00,2016-10-03 21:00:00,2016-10-04 05:00:00,1.09102,1.09744,1.09095,1.09677,75492.0
2016-10-05 00:00:00,2016-10-04 21:00:00,2016-10-05 05:00:00,1.09642,1.09753,1.0914,1.09159,69882.0
2016-10-06 00:00:00,2016-10-05 21:00:00,2016-10-06 05:00:00,1.09186,1.09496,1.09114,1.09362,64798.0
2016-10-07 00:00:00,2016-10-06 21:00:00,2016-10-07 05:00:00,1.0936,1.09571,1.09096,1.09478,95646.0
2016-10-10 00:00:00,2016-10-09 21:00:00,2016-10-10 05:00:00,1.09237,1.09721,1.09237,1.09434,42525.0
2016-10-11 00:00:00,2016-10-10 21:00:00,2016-10-11 05:00:00,1.09451,1.09584,1.09216,1.09287,60777.0
2016-10-12 00:00:00,2016-10-11 21:00:00,2016-10-12 05:00:00,1.09264,1.09307,1.08921,1.09033,59288.0
2016-10-13 00:00:00,2016-10-12 21:00:00,2016-10-13 05:00:00,1.08924,1.09112,1.08694,1.09033,62314.0
2016-10-14 00:00:00,2016-10-13 21:00:00,2016-10-14 05:00:00,1.09021,1.09074,1.08636,1.0866,57474.0
2016-10-17 00:00:00,2016-10-16 21:00:00,2016-10-17 05:00:00,1.0865,1.08858,1.08606,1.08782,44464.0
2016-10-18 00:00:00,2016-10-17 21:00:00,2016-10-18 05:00:00,1.08809,1.08948,1.08655,1.08671,48912.0
2016-10-19 00:00:00,2016-10-18 21:00:00,2016-10-19 05:00:00,1.08656,1.08804,1.08453,1.08551,49751.0
2016-10-20 00:00:00,2016-10-19 21:00:00,2016-10-20 05:00:00,1.0849,1.08717,1.08327,1.08485,52524.0
2016-10-21 00:00:00,2016-10-20 21:00:00,2016-10-21 05:00:00,1.08434,1.08534,1.08067,1.08113,49210.0
2016-10-24 00:00:00,2016-10-23 21:00:00,2016-10-24 05:00:00,1.08034,1.08289,1.07968,1.08112,43701.0
2016-10-25 00:00:00,2016-10-24 21:00:00,2016-10-25 05:00:00,1.08062,1.08632,1.08042,1.08279,54413.0
2016-10-26 00:00:00,2016-10-25 21:00:00,2016-10-26 05:00:00,1.08181,1.08431,1.08172,1.08358,54097.0
2016-10-27 00:00:00,2016-10-26 21:00:00,2016-10-27 05:00:00,1.08339,1.08483,1.0826,1.08278,56106.0
2016-10-28 00:00:00,2016-10-27 21:00:00,2016-10-28 05:00:00,1.08247,1.08637,1.08228,1.08474,66990.0
2016-10-31 00:00:00,2016-10-30 21:00:00,2016-10-31 05:00:00,1.08441,1.08632,1.08172,1.08602,46404.0
2016-11-01 00:00:00,2016-10-31 21:00:00,2016-11-01 05:00:00,1.08559,1.08615,1.07614,1.07828,56761.0
2016-11-02 00:00:00,2016-11-01 21:00:00,2016-11-02 05:00:00,1.07824,1.08053,1.07537,1.08002,71748.0
2016-11-03 00:00:00,2016-11-02 21:00:00,2016-11-03 05:00:00,1.07996,1.08238,1.07724,1.08158,71150.0
2016-11-04 00:00:00,2016-11-03 21:00:00,2016-11-04 05:00:00,1.0812,1.08255,1.07647,1.07833,61332.0
2016-11-07 00:00:00,2016-11-06 22:00:00,2016-11-07 06:00:00,1.07966,1.08269,1.07549,1.07571,55669.0
2016-11-08 00:00:00,2016-11-07 22:00:00,2016-11-08 06:00:00,1.07562,1.07877,1.07546,1.07728,54825.0
2016-11-09 00:00:00,2016-11-08 22:00:00,2016-11-09 06:00:00,1.07748,1.08313,1.07397,1.07416,168786.0
2016-11-10 00:00:00,2016-11-09 22:00:00,2016-11-10 06:00:00,1.07417,1.07782,1.07371,1.07489,92415.0
2016-11-11 00:00:00,2016-11-10 22:00:00,2016-11-11 06:00:00,1.0748,1.07606,1.07056,1.07181,100160.0
2016-11-14 00:00:00,2016-11-13 22:00:00,2016-11-14 06:00:00,1.07137,1.07482,1.06875,1.0716,98620.0
2016-11-15 00:00:00,2016-11-14 22:00:00,2016-11-15 06:00:00,1.07144,1.07586,1.07008,1.07419,92520.0
2016-11-16 00:00:00,2016-11-15 22:00:00,2016-11-16 06:00:00,1.07407,1.07549,1.07042,1.07076,86172.0
2016-11-17 00:00:00,2016-11-16 22:00:00,2016-11-17 06:00:00,1.07086,1.07413,1.06947,1.06981,84087.0
2016-11-18 00:00:00,2016-11-17 22:00:00,2016-11-18 06:00:00,1.06973,1.07195,1.06857,1.06989,94508.0
2016-11-21 00:00:00,2016-11-20 22:00:00,2016-11-21 06:00:00,1.06991,1.07402,1.0692,1.072,89981.0
2016-11-22 00:00:00,2016-11-21 22:00:00,2016-11-22 06:00:00,1.0721,1.07475,1.07136,1.07446,81282.0
2016-11-23 00:00:00,2016-11-22 22:00:00,2016-11-23 06:00:00,1.07456,1.07527,1.07116,1.07297,73611.0
2016-11-24 00:00:00,2016-11-23 22:00:00,2016-11-24 06:00:00,1.07293,1.07442,1.07159,1.07347,74023.0
2016-11-25 00:00:00,2016-11-24 22:00:00,2016-11-25 06:00:00,1.07333,1.07553,1.07254,1.07477,93097.0
2016-11-28 00:00:00,2016-11-27 22:00:00,2016-11-28 06:00:00,1.07339,1.07697,1.07338,1.07503,92278.0
2016-11-29 00:00:00,2016-11-28 22:00:00,2016-11-29 06:00:00,1.07495,1.07738,1.07395,1.07725,84422.0
2016-11-30 00:00:00,2016-11-29 22:00:00,2016-11-30 06:00:00,1.07739,1.08166,1.07647,1.07749,93690.0
2016-12-01 00:00:00,2016-11-30 22:00:00,2016-12-01 06:00:00,1.07749,1.07832,1.07484,1.0768,99114.0
2016-12-02 00:00:00,2016-12-01 22:00:00,2016-12-02 06:00:00,1.07674,1.07902,1.07328,1.07755,92013.0
2016-12-05 00:00:00,2016-12-04 22:00:00,2016-12-05 06:00:00,1.07288,1.08528,1.06959,1.08361,113089.0
2016-12-06 00:00:00,2016-12-05 22:00:00,2016-12-06 06:00:00,1.08365,1.08481,1.08086,1.08289,75973.0
2016-12-07 00:00:00,2016-12-06 22:00:00,2016-12-07 06:00:00,1.08305,1.08479,1.08162,1.08372,64682.0
2016-12-08 00:00:00,2016-12-07 22:00:00,2016-12-08 06:00:00,1.08376,1.08978,1.07771,1.07872,92990.0
2016-12-09 00:00:00,2016-12-08 22:00:00,2016-12-09 06:00:00,1.07884,1.0797,1.07259,1.07423,89763.0
2016-12-12 00:00:00,2016-12-11 22:00:00,2016-12-12 06:00:00,1.07195,1.07891,1.07192,1.07817,81176.0
2016-12-13 00:00:00,2016-12-12 22:00:00,2016-12-13 06:00:00,1.07827,1.07874,1.07345,1.07569,80317.0
2016-12-14 00:00:00,2016-12-13 22:00:00,2016-12-14 06:00:00,1.07568,1.07764,1.07294,1.07392,89714.0
2016-12-15 00:00:00,2016-12-14 22:00:00,2016-12-15 06:00:00,1.07432,1.07668,1.07188,1.07272,123954.0
2016-12-16 00:00:00,2016-12-15 22:00:00,2016-12-16 06:00:00,1.07272,1.07571,1.07103,1.07241,93707.0
2016-12-19 00:00:00,2016-12-18 22:00:00,2016-12-19 06:00:00,1.07172,1.07351,1.06796,1.06827,83609.0
2016-12-20 00:00:00,2016-12-19 22:00:00,2016-12-20 06:00:00,1.06827,1.06944,1.0679,1.06881,89037.0
2016-12-21 00:00:00,2016-12-20 22:00:00,2016-12-21 06:00:00,1.06887,1.07068,1.06785,1.07029,69893.0
2016-12-22 00:00:00,2016-12-21 22:00:00,2016-12-22 06:00:00,1.07025,1.07301,1.06926,1.07032,77614.0
2016-12-23 00:00:00,2016-12-22 22:00:00,2016-12-23 06:00:00,1.07038,1.07406,1.06972,1.07374,49766.0
2016-12-26 00:00:00,2016-12-25 22:00:00,2016-12-26 06:00:00,1.07125,1.07364,1.07104,1.07307,34813.0
2016-12-27 00:00:00,2016-12-26 22:00:00,2016-12-27 06:00:00,1.07325,1.07613,1.07274,1.07483,91660.0
2016-12-28 00:00:00,2016-12-27 22:00:00,2016-12-28 06:00:00,1.07485,1.076,1.07018,1.07074,66556.0
2016-12-29 00:00:00,2016-12-28 22:00:00,2016-12-29 06:00:00,1.07072,1.07387,1.07004,1.07344,82783.0
2016-12-30 00:00:00,2016-12-29 22:00:00,2016-12-30 06:00:00,1.07354,1.07615,1.07107,1.07201,128956.0
2017-01-02 00:00:00,2017-01-01 22:00:00,2017-01-02 06:00:00,1.07062,1.07344,1.07028,1.07053,48612.0
2017-01-03 00:00:00,2017-01-02 22:00:00,2017-01-03 06:00:00,1.07049,1.07184,1.06798,1.06905,86809.0
2017-01-04 00:00:00,2017-01-03 22:00:00,2017-01-04 06:00:00,1.06902,1.07321,1.06842,1.07055,82522.0
2017-01-05 00:00:00,2017-01-04 22:00:00,2017-01-05 06:00:00,1.07075,1.07376,1.06931,1.07063,110263.0
2017-01-06 00:00:00,2017-01-05 22:00:00,2017-01-06 06:00:00,1.07065,1.07353,1.07,1.07166,90187.0
2017-01-09 00:00:00,2017-01-08 22:00:00,2017-01-09 06:00:00,1.07118,1.07362,1.07101,1.07284,68942.0
2017-01-10 00:00:00,2017-01-09 22:00:00,2017-01-10 06:00:00,1.07275,1.07469,1.07223,1.07325,85054.0
2017-01-11 00:00:00,2017-01-10 22:00:00,2017-01-11 06:00:00,1.07326,1.07371,1.07047,1.07339,100531.0
2017-01-12 00:00:00,2017-01-11 22:00:00,2017-01-12 06:00:00,1.07337,1.07476,1.07102,1.07294,103432.0
2017-01-13 00:00:00,2017-01-12 22:00:00,2017-01-13 06:00:00,1.07292,1.07405,1.07176,1.07362,85824.0
2017-01-16 00:00:00,2017-01-15 22:00:00,2017-01-16 06:00:00,1.07099,1.07385,1.07069,1.07208,63936.0
2017-01-17 00:00:00,2017-01-16 22:00:00,2017-01-17 06:00:00,1.07199,1.07346,1.07011,1.07288,107554.0
2017-01-18 00:00:00,2017-01-17 22:00:00,2017-01-18 06:00:00,1.07292,1.07322,1.07016,1.07091,86436.0
2017-01-19 00:00:00,2017-01-18 22:00:00,2017-01-19 06:00:00,1.07093,1.07377,1.07043,1.07295,100208.0
2017-01-20 00:00:00,2017-01-19 22:00:00,2017-01-20 06:00:00,1.0729,1.07397,1.07193,1.072,89221.0
2017-01-23 00:00:00,2017-01-22 22:00:00,2017-01-23 06:00:00,1.07059,1.0739,1.07049,1.07302,82846.0
2017-01-24 00:00:00,2017-01-23 22:00:00,2017-01-24 06:00:00,1.07302,1.07507,1.07195,1.07421,78029.0
2017-01-25 00:00:00,2017-01-24 22:00:00,2017-01-25 06:00:00,1.07421,1.07448,1.07286,1.07427,80797.0
2017-01-26 00:00:00,2017-01-25 22:00:00,2017-01-26 06:00:00,1.0742,1.07443,1.06691,1.06854,84880.0
2017-01-27 00:00:00,2017-01-26 22:00:00,2017-01-27 06:00:00,1.06858,1.06965,1.0675,1.06866,75047.0
2017-01-30 00:00:00,2017-01-29 22:00:00,2017-01-30 06:00:00,1.06692,1.06983,1.06366,1.06425,72913.0
2017-01-31 00:00:00,2017-01-30 22:00:00,2017-01-31 06:00:00,1.06409,1.06851,1.06398,1.06819,92650.0
2017-02-01 00:00:00,2017-01-31 22:00:00,2017-02-01 06:00:00,1.06818,1.06976,1.06691,1.06964,78804.0
2017-02-02 00:00:00,2017-02-01 22:00:00,2017-02-02 06:00:00,1.06959,1.07003,1.06741,1.06816,77872.0
2017-02-03 00:00:00,2017-02-02 22:00:00,2017-02-03 06:00:00,1.06814,1.07055,1.06703,1.06996,76093.0
2017-02-06 00:00:00,2017-02-05 22:00:00,2017-02-06 06:00:00,1.06989,1.07028,1.06482,1.06525,78232.0
2017-02-07 00:00:00,2017-02-06 22:00:00,2017-02-07 06:00:00,1.06537,1.06691,1.06419,1.06562,79501.0
2017-02-08 00:00:00,2017-02-07 22:00:00,2017-02-08 06:00:00,1.06563,1.06593,1.06319,1.06381,80829.0
2017-02-09 00:00:00,2017-02-08 22:00:00,2017-02-09 06:00:00,1.06378,1.06823,1.06372,1.0672,73902.0
2017-02-10 00:00:00,2017-02-09 22:00:00,2017-02-10 06:00:00,1.06732,1.06855,1.06555,1.06668,71098.0
2017-02-13 00:00:00,2017-02-12 22:00:00,2017-02-13 06:00:00,1.06601,1.06808,1.0656,1.06574,63393.0
2017-02-14 00:00:00,2017-02-13 22:00:00,2017-02-14 06:00:00,1.06581,1.06747,1.06446,1.06458,73370.0
2017-02-15 00:00:00,2017-02-14 22:00:00,2017-02-15 06:00:00,1.06448,1.06657,1.06381,1.06561,72071.0
2017-02-16 00:00:00,2017-02-15 22:00:00,2017-02-16 06:00:00,1.0655,1.06634,1.06409,1.06438,73283.0
2017-02-17 00:00:00,2017-02-16 22:00:00,2017-02-17 06:00:00,1.06435,1.06498,1.06348,1.06389,65579.0
2017-02-20 00:00:00,2017-02-19 22:00:00,2017-02-20 06:00:00,1.06309,1.06641,1.06251,1.06437,48787.0
2017-02-21 00:00:00,2017-02-20 22:00:00,2017-02-21 06:00:00,1.06437,1.06477,1.06318,1.06378,64606.0
2017-02-22 00:00:00,2017-02-21 22:00:00,2017-02-22 06:00:00,1.06373,1.06765,1.06335,1.06681,75295.0
2017-02-23 00:00:00,2017-02-22 22:00:00,2017-02-23 06:00:00,1.06684,1.06736,1.06463,1.06489,64771.0
2017-02-24 00:00:00,2017-02-23 22:00:00,2017-02-24 06:00:00,1.06489,1.06596,1.0636,1.06392,64468.0
2017-02-27 00:00:00,2017-02-26 22:00:00,2017-02-27 06:00:00,1.0639,1.06873,1.06385,1.0685,58026.0
2017-02-28 00:00:00,2017-02-27 22:00:00,2017-02-28 06:00:00,1.06836,1.06861,1.06386,1.06397,66347.0
2017-03-01 00:00:00,2017-02-28 22:00:00,2017-03-01 06:00:00,1.06391,1.06618,1.06366,1.06407,80790.0
2017-03-02 00:00:00,2017-03-01 22:00:00,2017-03-02 06:00:00,1.064,1.06553,1.06379,1.06483,65391.0
2017-03-03 00:00:00,2017-03-02 22:00:00,2017-03-03 06:00:00,1.06477,1.07093,1.06431,1.07085,69584.0
2017-03-06 00:00:00,2017-03-05 22:00:00,2017-03-06 06:00:00,1.06888,1.07217,1.06841,1.0708,65757.0
2017-03-07 00:00:00,2017-03-06 22:00:00,2017-03-07 06:00:00,1.07081,1.07467,1.07037,1.07075,60752.0
2017-03-08 00:00:00,2017-03-07 22:00:00,2017-03-08 06:00:00,1.07079,1.07124,1.0688,1.06979,63592.0
2017-03-09 00:00:00,2017-03-08 22:00:00,2017-03-09 06:00:00,1.06978,1.07499,1.06898,1.07022,76458.0
2017-03-10 00:00:00,2017-03-09 22:00:00,2017-03-10 06:00:00,1.07031,1.07979,1.06986,1.07962,75618.0
2017-03-13 00:00:00,2017-03-12 21:00:00,2017-03-13 05:00:00,1.07896,1.08244,1.07263,1.07296,66594.0
2017-03-14 00:00:00,2017-03-13 21:00:00,2017-03-14 05:00:00,1.07302,1.07441,1.07107,1.07114,58558.0
2017-03-15 00:00:00,2017-03-14 21:00:00,2017-03-15 05:00:00,1.07118,1.07348,1.07022,1.07347,68630.0
2017-03-16 00:00:00,2017-03-15 21:00:00,2017-03-16 05:00:00,1.07324,1.0747,1.06836,1.0726,77402.0
2017-03-17 00:00:00,2017-03-16 21:00:00,2017-03-17 05:00:00,1.0723,1.07426,1.06947,1.07187,59702.0
2017-03-20 00:00:00,2017-03-19 21:00:00,2017-03-20 05:00:00,1.0712,1.07454,1.07097,1.07251,49988.0
2017-03-21 00:00:00,2017-03-20 21:00:00,2017-03-21 05:00:00,1.07241,1.07618,1.07151,1.07436,67118.0
2017-03-22 00:00:00,2017-03-21 21:00:00,2017-03-22 05:00:00,1.07435,1.07459,1.0686,1.07049,66773.0
2017-03-23 00:00:00,2017-03-22 21:00:00,2017-03-23 05:00:00,1.07027,1.07219,1.06943,1.07116,60399.0
2017-03-24 00:00:00,2017-03-23 21:00:00,2017-03-24 05:00:00,1.07085,1.07213,1.06961,1.0706,57615.0
2017-03-27 00:00:00,2017-03-26 21:00:00,2017-03-27 05:00:00,1.07122,1.07206,1.06907,1.07048,59204.0
2017-03-28 00:00:00,2017-03-27 21:00:00,2017-03-28 05:00:00,1.07037,1.07342,1.06846,1.07325,53830.0
2017-03-29 00:00:00,2017-03-28 21:00:00,2017-03-29 05:00:00,1.07292,1.07351,1.07013,1.07258,59598.0
2017-03-30 00:00:00,2017-03-29 21:00:00,2017-03-30 05:00:00,1.07231,1.0729,1.06854,1.06879,60419.0
2017-03-31 00:00:00,2017-03-30 21:00:00,2017-03-31 05:00:00,1.06891,1.07095,1.06829,1.06849,60392.0
2017-04-03 00:00:00,2017-04-02 21:00:00,2017-04-03 05:00:00,1.06809,1.06942,1.06735,1.06852,51030.0
2017-04-04 00:00:00,2017-04-03 21:00:00,2017-04-04 05:00:00,1.06853,1.06941,1.06692,1.06927,50878.0
2017-04-05 00:00:00,2017-04-04 21:00:00,2017-04-05 05:00:00,1.06909,1.07256,1.069,1.07156,60053.0
2017-04-06 00:00:00,2017-04-05 21:00:00,2017-04-06 05:00:00,1.07136,1.07194,1.06946,1.06962,60572.0
2017-04-07 00:00:00,2017-04-06 21:00:00,2017-04-07 05:00:00,1.06964,1.07063,1.06778,1.0688,72145.0
2017-04-10 00:00:00,2017-04-09 21:00:00,2017-04-10 05:00:00,1.0681,1.06903,1.06769,1.06862,47788.0
2017-04-11 00:00:00,2017-04-10 21:00:00,2017-04-11 05:00:00,1.06817,1.06997,1.06676,1.06818,52895.0
2017-04-12 00:00:00,2017-04-11 21:00:00,2017-04-12 05:00:00,1.0683,1.06989,1.06652,1.06981,57603.0
2017-04-13 00:00:00,2017-04-12 21:00:00,2017-04-13 05:00:00,1.06906,1.06988,1.06685,1.06728,54724.0
2017-04-14 00:00:00,2017-04-13 21:00:00,2017-04-14 05:00:00,1.06743,1.06778,1.0659,1.06678,29691.0
2017-04-17 00:00:00,2017-04-16 21:00:00,2017-04-17 05:00:00,1.06626,1.06924,1.06578,1.06874,34039.0
2017-04-18 00:00:00,2017-04-17 21:00:00,2017-04-18 05:00:00,1.06846,1.06929,1.06761,1.0688,64240.0
2017-04-19 00:00:00,2017-04-18 21:00:00,2017-04-19 05:00:00,1.06842,1.06983,1.06764,1.06905,54091.0
2017-04-20 00:00:00,2017-04-19 21:00:00,2017-04-20 05:00:00,1.06886,1.07196,1.06812,1.07016,55623.0
2017-04-21 00:00:00,2017-04-20 21:00:00,2017-04-21 05:00:00,1.07029,1.07102,1.06709,1.06833,50054.0
2017-04-24 00:00:00,2017-04-23 21:00:00,2017-04-24 05:00:00,1.08048,1.08366,1.078,1.08208,78480.0
2017-04-25 00:00:00,2017-04-24 21:00:00,2017-04-25 05:00:00,1.08206,1.08695,1.08136,1.08548,61712.0
2017-04-26 00:00:00,2017-04-25 21:00:00,2017-04-26 05:00:00,1.08571,1.08689,1.08164,1.08295,70822.0
2017-04-27 00:00:00,2017-04-26 21:00:00,2017-04-27 05:00:00,1.08313,1.08487,1.08011,1.08087,66854.0
2017-04-28 00:00:00,2017-04-27 21:00:00,2017-04-28 05:00:00,1.08032,1.08445,1.07991,1.08438,62496.0
2017-05-01 00:00:00,2017-04-30 21:00:00,2017-05-01 05:00:00,1.08338,1.08629,1.08272,1.08586,33695.0
2017-05-02 00:00:00,2017-05-01 21:00:00,2017-05-02 05:00:00,1.08565,1.0873,1.08137,1.08391,53038.0
2017-05-03 00:00:00,2017-05-02 21:00:00,2017-05-03 05:00:00,1.08394,1.08409,1.07919,1.08261,57532.0
2017-05-04 00:00:00,2017-05-03 21:00:00,2017-05-04 05:00:00,1.0825,1.08546,1.08183,1.08333,72185.0
2017-05-05 00:00:00,2017-05-04 21:00:00,2017-05-05 05:00:00,1.08337,1.08648,1.08257,1.08583,67205.0
2017-05-08 00:00:00,2017-05-07 21:00:00,2017-05-08 05:00:00,1.08819,1.09183,1.08494,1.09098,69445.0
2017-05-09 00:00:00,2017-05-08 21:00:00,2017-05-09 05:00:00,1.08983,1.09784,1.08981,1.09552,66414.0
2017-05-10 00:00:00,2017-05-09 21:00:00,2017-05-10 05:00:00,1.0955,1.09735,1.09378,1.0964,62858.0
2017-05-11 00:00:00,2017-05-10 21:00:00,2017-05-11 05:00:00,1.09572,1.09741,1.09302,1.09452,56935.0
2017-05-12 00:00:00,2017-05-11 21:00:00,2017-05-12 05:00:00,1.09401,1.0987,1.09202,1.09402,57152.0
2017-05-15 00:00:00,2017-05-14 21:00:00,2017-05-15 05:00:00,1.09305,1.09539,1.09264,1.09373,54037.0
2017-05-16 00:00:00,2017-05-15 21:00:00,2017-05-16 05:00:00,1.09362,1.09595,1.09223,1.09247,64299.0
2017-05-17 00:00:00,2017-05-16 21:00:00,2017-05-17 05:00:00,1.09235,1.09296,1.08907,1.09215,79602.0
2017-05-18 00:00:00,2017-05-17 21:00:00,2017-05-18 05:00:00,1.09209,1.09279,1.08659,1.0879,94493.0
2017-05-19 00:00:00,2017-05-18 21:00:00,2017-05-19 05:00:00,1.08802,1.09285,1.08761,1.09022,66325.0
2017-05-22 00:00:00,2017-05-21 21:00:00,2017-05-22 05:00:00,1.09015,1.09483,1.08821,1.09384,63202.0
2017-05-23 00:00:00,2017-05-22 21:00:00,2017-05-23 05:00:00,1.09355,1.0944,1.09045,1.0914,76322.0
2017-05-24 00:00:00,2017-05-23 21:00:00,2017-05-24 05:00:00,1.091,1.09372,1.09025,1.09174,64141.0
2017-05-25 00:00:00,2017-05-24 21:00:00,2017-05-25 05:00:00,1.09161,1.0929,1.08899,1.09081,57823.0
2017-05-26 00:00:00,2017-05-25 21:00:00,2017-05-26 05:00:00,1.08971,1.09106,1.08786,1.08935,60853.0
2017-05-29 00:00:00,2017-05-28 21:00:00,2017-05-29 05:00:00,1.0877,1.09132,1.08753,1.09107,35665.0
2017-05-30 00:00:00,2017-05-29 21:00:00,2017-05-30 05:00:00,1.09074,1.0916,1.0881,1.09013,65357.0
2017-05-31 00:00:00,2017-05-30 21:00:00,2017-05-31 05:00:00,1.09018,1.0911,1.08691,1.08796,65822.0
2017-06-01 00:00:00,2017-05-31 21:00:00,2017-06-01 05:00:00,1.08827,1.09023,1.08744,1.08932,58910.0
2017-06-02 00:00:00,2017-06-01 21:00:00,2017-06-02 05:00:00,1.08894,1.09004,1.08569,1.0858,54946.0
2017-06-05 00:00:00,2017-06-04 21:00:00,2017-06-05 05:00:00,1.08608,1.08707,1.08489,1.08621,44170.0
2017-06-06 00:00:00,2017-06-05 21:00:00,2017-06-06 05:00:00,1.08565,1.08652,1.08429,1.0847,56032.0
2017-06-07 00:00:00,2017-06-06 21:00:00,2017-06-07 05:00:00,1.08473,1.08663,1.08377,1.08585,64765.0
2017-06-08 00:00:00,2017-06-07 21:00:00,2017-06-08 05:00:00,1.08612,1.0876,1.0844,1.08466,68598.0
2017-06-09 00:00:00,2017-06-08 21:00:00,2017-06-09 05:00:00,1.0846,1.08717,1.08379,1.08509,73855.0
2017-06-12 00:00:00,2017-06-11 21:00:00,2017-06-12 05:00:00,1.08513,1.08657,1.08439,1.08529,51873.0
2017-06-13 00:00:00,2017-06-12 21:00:00,2017-06-13 05:00:00,1.08454,1.08614,1.0839,1.08596,48548.0
2017-06-14 00:00:00,2017-06-13 21:00:00,2017-06-14 05:00:00,1.08483,1.09084,1.08466,1.08925,76449.0
2017-06-15 00:00:00,2017-06-14 21:00:00,2017-06-15 05:00:00,1.08922,1.08993,1.0866,1.08701,71252.0
2017-06-16 00:00:00,2017-06-15 21:00:00,2017-06-16 05:00:00,1.08703,1.0905,1.08651,1.09035,57022.0
2017-06-19 00:00:00,2017-06-18 21:00:00,2017-06-19 05:00:00,1.08941,1.09087,1.0865,1.08754,46887.0
2017-06-20 00:00:00,2017-06-19 21:00:00,2017-06-20 05:00:00,1.0869,1.08806,1.08509,1.0855,52855.0
2017-06-21 00:00:00,2017-06-20 21:00:00,2017-06-21 05:00:00,1.08556,1.08646,1.08439,1.0859,46043.0
2017-06-22 00:00:00,2017-06-21 21:00:00,2017-06-22 05:00:00,1.0858,1.08723,1.08343,1.08351,46272.0
2017-06-23 00:00:00,2017-06-22 21:00:00,2017-06-23 05:00:00,1.08411,1.0859,1.08324,1.085,40404.0
2017-06-26 00:00:00,2017-06-25 21:00:00,2017-06-26 05:00:00,1.08454,1.08873,1.0842,1.08737,46339.0
2017-06-27 00:00:00,2017-06-26 21:00:00,2017-06-27 05:00:00,1.0869,1.0895,1.08631,1.08885,70108.0
2017-06-28 00:00:00,2017-06-27 21:00:00,2017-06-28 05:00:00,1.08829,1.09251,1.08823,1.09176,82074.0
2017-06-29 00:00:00,2017-06-28 21:00:00,2017-06-29 05:00:00,1.09091,1.09468,1.09089,1.09348,74434.0
2017-06-30 00:00:00,2017-06-29 21:00:00,2017-06-30 05:00:00,1.09345,1.09536,1.09205,1.0945,69689.0
2017-07-03 00:00:00,2017-07-02 21:00:00,2017-07-03 05:00:00,1.09433,1.09564,1.09234,1.09494,55681.0
2017-07-04 00:00:00,2017-07-03 21:00:00,2017-07-04 05:00:00,1.09497,1.09576,1.09337,1.09521,40573.0
2017-07-05 00:00:00,2017-07-04 21:00:00,2017-07-05 05:00:00,1.0953,1.0965,1.09395,1.09424,55588.0
2017-07-06 00:00:00,2017-07-05 21:00:00,2017-07-06 05:00:00,1.09403,1.09916,1.09377,1.09718,64951.0
2017-07-07 00:00:00,2017-07-06 21:00:00,2017-07-07 05:00:00,1.09609,1.09996,1.09593,1.09893,67106.0
2017-07-10 00:00:00,2017-07-09 21:00:00,2017-07-10 05:00:00,1.09755,1.10194,1.0975,1.10071,47343.0
2017-07-11 00:00:00,2017-07-10 21:00:00,2017-07-11 05:00:00,1.10071,1.10607,1.10025,1.10514,59637.0
2017-07-12 00:00:00,2017-07-11 21:00:00,2017-07-12 05:00:00,1.10356,1.10567,1.0998,1.10152,72487.0
2017-07-13 00:00:00,2017-07-12 21:00:00,2017-07-13 05:00:00,1.10167,1.10388,1.09842,1.10225,71271.0
2017-07-14 00:00:00,2017-07-13 21:00:00,2017-07-14 05:00:00,1.10107,1.10733,1.10106,1.10466,62865.0
2017-07-17 00:00:00,2017-07-16 21:00:00,2017-07-17 05:00:00,1.10469,1.10551,1.10049,1.10467,61486.0
2017-07-18 00:00:00,2017-07-17 21:00:00,2017-07-18 05:00:00,1.10414,1.10705,1.10176,1.10332,81123.0
2017-07-19 00:00:00,2017-07-18 21:00:00,2017-07-19 05:00:00,1.10314,1.10352,1.09873,1.1004,52110.0
2017-07-20 00:00:00,2017-07-19 21:00:00,2017-07-20 05:00:00,1.09961,1.10762,1.09935,1.10641,77743.0
2017-07-21 00:00:00,2017-07-20 21:00:00,2017-07-21 05:00:00,1.10634,1.10882,1.10228,1.10314,65639.0
2017-07-24 00:00:00,2017-07-23 21:00:00,2017-07-24 05:00:00,1.10237,1.10485,1.1007,1.10175,60361.0
2017-07-25 00:00:00,2017-07-24 21:00:00,2017-07-25 05:00:00,1.10151,1.10936,1.10095,1.10927,69138.0
2017-07-26 00:00:00,2017-07-25 21:00:00,2017-07-26 05:00:00,1.10922,1.11747,1.10794,1.1156,79787.0
2017-07-27 00:00:00,2017-07-26 21:00:00,2017-07-27 05:00:00,1.11552,1.12751,1.115,1.12662,84459.0
2017-07-28 00:00:00,2017-07-27 21:00:00,2017-07-28 05:00:00,1.12665,1.14062,1.12619,1.13862,88658.0
2017-07-31 00:00:00,2017-07-30 21:00:00,2017-07-31 05:00:00,1.13749,1.14547,1.13352,1.1449,72472.0
2017-08-01 00:00:00,2017-07-31 21:00:00,2017-08-01 05:00:00,1.14468,1.14501,1.13866,1.13967,69807.0
2017-08-02 00:00:00,2017-08-01 21:00:00,2017-08-02 05:00:00,1.13915,1.15238,1.13872,1.15127,70890.0
2017-08-03 00:00:00,2017-08-02 21:00:00,2017-08-03 05:00:00,1.1496,1.15184,1.14597,1.14942,65607.0
2017-08-04 00:00:00,2017-08-03 21:00:00,2017-08-04 05:00:00,1.14916,1.15377,1.14124,1.14517,68902.0
2017-08-07 00:00:00,2017-08-06 21:00:00,2017-08-07 05:00:00,1.14474,1.15021,1.14474,1.14797,54343.0
2017-08-08 00:00:00,2017-08-07 21:00:00,2017-08-08 05:00:00,1.14509,1.15013,1.14395,1.14486,63097.0
2017-08-09 00:00:00,2017-08-08 21:00:00,2017-08-09 05:00:00,1.14473,1.145,1.12605,1.13298,82374.0
2017-08-10 00:00:00,2017-08-09 21:00:00,2017-08-10 05:00:00,1.13232,1.13479,1.13004,1.13314,72109.0
2017-08-11 00:00:00,2017-08-10 21:00:00,2017-08-11 05:00:00,1.13309,1.13857,1.12729,1.13722,67964.0
2017-08-14 00:00:00,2017-08-13 21:00:00,2017-08-14 05:00:00,1.1362,1.14606,1.13619,1.14519,73270.0
2017-08-15 00:00:00,2017-08-14 21:00:00,2017-08-15 05:00:00,1.14232,1.1478,1.1392,1.14132,89608.0
2017-08-16 00:00:00,2017-08-15 21:00:00,2017-08-16 05:00:00,1.14103,1.14428,1.13576,1.13641,103447.0
2017-08-17 00:00:00,2017-08-16 21:00:00,2017-08-17 05:00:00,1.13633,1.13754,1.12817,1.12885,110777.0
2017-08-18 00:00:00,2017-08-17 21:00:00,2017-08-18 05:00:00,1.1288,1.13604,1.12588,1.13461,98179.0
2017-08-21 00:00:00,2017-08-20 21:00:00,2017-08-21 05:00:00,1.13475,1.13789,1.13211,1.13644,79350.0
2017-08-22 00:00:00,2017-08-21 21:00:00,2017-08-22 05:00:00,1.13528,1.13899,1.13434,1.13896,80362.0
2017-08-23 00:00:00,2017-08-22 21:00:00,2017-08-23 05:00:00,1.13809,1.14236,1.13763,1.13998,92187.0
2017-08-24 00:00:00,2017-08-23 21:00:00,2017-08-24 05:00:00,1.13812,1.14102,1.13557,1.13915,89867.0
2017-08-25 00:00:00,2017-08-24 21:00:00,2017-08-25 05:00:00,1.13895,1.14095,1.13577,1.14031,114875.0
2017-08-28 00:00:00,2017-08-27 21:00:00,2017-08-28 05:00:00,1.13978,1.14453,1.13666,1.14432,89780.0
2017-08-29 00:00:00,2017-08-28 21:00:00,2017-08-29 05:00:00,1.14428,1.14517,1.13607,1.14381,146525.0
2017-08-30 00:00:00,2017-08-29 21:00:00,2017-08-30 05:00:00,1.14391,1.14692,1.14013,1.14518,123606.0
2017-08-31 00:00:00,2017-08-30 21:00:00,2017-08-31 05:00:00,1.14461,1.14724,1.14098,1.14172,125609.0
2017-09-01 00:00:00,2017-08-31 21:00:00,2017-09-01 05:00:00,1.14132,1.14576,1.13956,1.14423,118241.0
2017-09-04 00:00:00,2017-09-03 21:00:00,2017-09-04 05:00:00,1.14017,1.14281,1.13731,1.13925,89765.0
2017-09-05 00:00:00,2017-09-04 21:00:00,2017-09-05 05:00:00,1.1385,1.14209,1.13673,1.13803,127235.0
2017-09-06 00:00:00,2017-09-05 21:00:00,2017-09-06 05:00:00,1.1368,1.14221,1.13666,1.14021,126082.0
2017-09-07 00:00:00,2017-09-06 21:00:00,2017-09-07 05:00:00,1.13829,1.14819,1.13802,1.14261,142236.0
2017-09-08 00:00:00,2017-09-07 21:00:00,2017-09-08 05:00:00,1.14255,1.14342,1.13592,1.13615,154012.0
2017-09-11 00:00:00,2017-09-10 21:00:00,2017-09-11 05:00:00,1.13767,1.14361,1.13697,1.14319,112603.0
2017-09-12 00:00:00,2017-09-11 21:00:00,2017-09-12 05:00:00,1.14066,1.15002,1.14036,1.14875,124332.0
2017-09-13 00:00:00,2017-09-12 21:00:00,2017-09-13 05:00:00,1.14751,1.15122,1.14555,1.14612,118410.0
2017-09-14 00:00:00,2017-09-13 21:00:00,2017-09-14 05:00:00,1.14538,1.15293,1.14387,1.14828,136319.0
2017-09-15 00:00:00,2017-09-14 21:00:00,2017-09-15 05:00:00,1.14649,1.15002,1.14506,1.14638,131719.0
2017-09-18 00:00:00,2017-09-17 21:00:00,2017-09-18 05:00:00,1.14525,1.15,1.14507,1.14973,109510.0
2017-09-19 00:00:00,2017-09-18 21:00:00,2017-09-19 05:00:00,1.14931,1.15635,1.14868,1.15454,119830.0
2017-09-20 00:00:00,2017-09-19 21:00:00,2017-09-20 05:00:00,1.15402,1.15578,1.15122,1.15341,133346.0
2017-09-21 00:00:00,2017-09-20 21:00:00,2017-09-21 05:00:00,1.15306,1.16051,1.15194,1.15901,137356.0
2017-09-22 00:00:00,2017-09-21 21:00:00,2017-09-22 05:00:00,1.15865,1.16233,1.15601,1.15869,124876.0
2017-09-25 00:00:00,2017-09-24 21:00:00,2017-09-25 05:00:00,1.15491,1.15909,1.14117,1.14509,120427.0
2017-09-26 00:00:00,2017-09-25 21:00:00,2017-09-26 05:00:00,1.14335,1.14882,1.1408,1.14229,127264.0
2017-09-27 00:00:00,2017-09-26 21:00:00,2017-09-27 05:00:00,1.14191,1.146,1.14121,1.14184,128307.0
2017-09-28 00:00:00,2017-09-27 21:00:00,2017-09-28 05:00:00,1.14128,1.14738,1.14103,1.14344,125505.0
2017-09-29 00:00:00,2017-09-28 21:00:00,2017-09-29 05:00:00,1.14336,1.14684,1.14302,1.14379,107932.0
2017-10-02 00:00:00,2017-10-01 21:00:00,2017-10-02 05:00:00,1.14199,1.14507,1.13882,1.14369,109332.0
2017-10-03 00:00:00,2017-10-02 21:00:00,2017-10-03 05:00:00,1.14293,1.14641,1.14277,1.14343,103849.0
2017-10-04 00:00:00,2017-10-03 21:00:00,2017-10-04 05:00:00,1.14328,1.14825,1.14261,1.14662,95498.0
2017-10-05 00:00:00,2017-10-04 21:00:00,2017-10-05 05:00:00,1.1467,1.14951,1.14519,1.1456,92080.0
2017-10-06 00:00:00,2017-10-05 21:00:00,2017-10-06 05:00:00,1.14525,1.14985,1.14511,1.14765,107957.0
2017-10-09 00:00:00,2017-10-08 21:00:00,2017-10-09 05:00:00,1.14681,1.15179,1.14607,1.15022,63613.0
2017-10-10 00:00:00,2017-10-09 21:00:00,2017-10-10 05:00:00,1.14971,1.15255,1.14966,1.15145,103245.0
2017-10-11 00:00:00,2017-10-10 21:00:00,2017-10-11 05:00:00,1.15107,1.15463,1.14987,1.15431,97499.0
2017-10-12 00:00:00,2017-10-11 21:00:00,2017-10-12 05:00:00,1.15438,1.15661,1.15322,1.15394,105771.0
2017-10-13 00:00:00,2017-10-12 21:00:00,2017-10-13 05:00:00,1.15389,1.15539,1.15116,1.15242,99769.0
2017-10-16 00:00:00,2017-10-15 21:00:00,2017-10-16 05:00:00,1.15151,1.15249,1.14882,1.15068,86304.0
2017-10-17 00:00:00,2017-10-16 21:00:00,2017-10-17 05:00:00,1.15058,1.1527,1.14847,1.15121,93730.0
2017-10-18 00:00:00,2017-10-17 21:00:00,2017-10-18 05:00:00,1.15117,1.15787,1.15067,1.15702,92602.0
2017-10-19 00:00:00,2017-10-18 21:00:00,2017-10-19 05:00:00,1.15698,1.15846,1.15238,1.15686,118806.0
2017-10-20 00:00:00,2017-10-19 21:00:00,2017-10-20 05:00:00,1.15714,1.16296,1.15572,1.15939,120628.0
2017-10-23 00:00:00,2017-10-22 21:00:00,2017-10-23 05:00:00,1.15894,1.16031,1.15705,1.15718,79549.0
2017-10-24 00:00:00,2017-10-23 21:00:00,2017-10-24 05:00:00,1.15718,1.1659,1.15682,1.1654,84247.0
2017-10-25 00:00:00,2017-10-24 21:00:00,2017-10-25 05:00:00,1.16555,1.17054,1.16397,1.16907,107789.0
2017-10-26 00:00:00,2017-10-25 21:00:00,2017-10-26 05:00:00,1.1689,1.17111,1.16156,1.16266,107571.0
2017-10-27 00:00:00,2017-10-26 21:00:00,2017-10-27 05:00:00,1.1623,1.165,1.15603,1.15757,112153.0
2017-10-30 00:00:00,2017-10-29 21:00:00,2017-10-30 05:00:00,1.15594,1.16186,1.15594,1.15858,83130.0
2017-10-31 00:00:00,2017-10-30 21:00:00,2017-10-31 05:00:00,1.15842,1.16335,1.15825,1.16184,83179.0
2017-11-01 00:00:00,2017-10-31 21:00:00,2017-11-01 05:00:00,1.16177,1.16643,1.16099,1.16576,89202.0
2017-11-02 00:00:00,2017-11-01 21:00:00,2017-11-02 05:00:00,1.1656,1.16638,1.16259,1.165,101806.0
2017-11-03 00:00:00,2017-11-02 21:00:00,2017-11-03 05:00:00,1.16491,1.16526,1.1612,1.16144,80675.0
2017-11-06 00:00:00,2017-11-05 22:00:00,2017-11-06 06:00:00,1.16139,1.16404,1.1577,1.15815,74460.0
2017-11-07 00:00:00,2017-11-06 22:00:00,2017-11-07 06:00:00,1.15823,1.1598,1.15426,1.15875,82521.0
2017-11-08 00:00:00,2017-11-07 22:00:00,2017-11-08 06:00:00,1.15867,1.16002,1.15744,1.15984,72332.0
2017-11-09 00:00:00,2017-11-08 22:00:00,2017-11-09 06:00:00,1.15981,1.16194,1.15559,1.15759,98037.0
2017-11-10 00:00:00,2017-11-09 22:00:00,2017-11-10 06:00:00,1.15742,1.16187,1.15556,1.16153,70113.0
2017-11-13 00:00:00,2017-11-12 22:00:00,2017-11-13 06:00:00,1.15931,1.16296,1.15839,1.16217,58256.0
2017-11-14 00:00:00,2017-11-13 22:00:00,2017-11-14 06:00:00,1.16218,1.1675,1.16194,1.167,71757.0
2017-11-15 00:00:00,2017-11-14 22:00:00,2017-11-15 06:00:00,1.16696,1.16895,1.16488,1.16525,91043.0
2017-11-16 00:00:00,2017-11-15 22:00:00,2017-11-16 06:00:00,1.16535,1.16993,1.16419,1.1699,80847.0
2017-11-17 00:00:00,2017-11-16 22:00:00,2017-11-17 06:00:00,1.17,1.17224,1.16551,1.16591,82408.0
2017-11-20 00:00:00,2017-11-19 22:00:00,2017-11-20 06:00:00,1.16555,1.16822,1.15904,1.16525,90391.0
2017-11-21 00:00:00,2017-11-20 22:00:00,2017-11-21 06:00:00,1.16544,1.16709,1.16182,1.16377,69824.0
2017-11-22 00:00:00,2017-11-21 22:00:00,2017-11-22 06:00:00,1.16374,1.16457,1.15856,1.16071,75900.0
2017-11-23 00:00:00,2017-11-22 22:00:00,2017-11-23 06:00:00,1.16071,1.16409,1.15888,1.16325,91392.0
2017-11-24 00:00:00,2017-11-23 22:00:00,2017-11-24 06:00:00,1.16322,1.16978,1.16247,1.16883,82684.0
2017-11-27 00:00:00,2017-11-26 22:00:00,2017-11-27 06:00:00,1.16937,1.17231,1.1673,1.16796,72317.0
2017-11-28 00:00:00,2017-11-27 22:00:00,2017-11-28 06:00:00,1.16813,1.16995,1.16456,1.16577,92007.0
2017-11-29 00:00:00,2017-11-28 22:00:00,2017-11-29 06:00:00,1.16574,1.16812,1.16439,1.16656,94329.0
2017-11-30 00:00:00,2017-11-29 22:00:00,2017-11-30 06:00:00,1.16641,1.17158,1.16495,1.17093,100236.0
2017-12-01 00:00:00,2017-11-30 22:00:00,2017-12-01 06:00:00,1.17086,1.17369,1.15986,1.16107,128045.0
2017-12-04 00:00:00,2017-12-03 22:00:00,2017-12-04 06:00:00,1.16326,1.16882,1.16272,1.16858,91690.0
2017-12-05 00:00:00,2017-12-04 22:00:00,2017-12-05 06:00:00,1.16845,1.17038,1.16603,1.16772,82730.0
2017-12-06 00:00:00,2017-12-05 22:00:00,2017-12-06 06:00:00,1.1676,1.17007,1.16585,1.16757,79322.0
2017-12-07 00:00:00,2017-12-06 22:00:00,2017-12-07 06:00:00,1.16766,1.17173,1.16641,1.17079,74716.0
2017-12-08 00:00:00,2017-12-07 22:00:00,2017-12-08 06:00:00,1.17077,1.17195,1.16756,1.16829,77041.0
2017-12-11 00:00:00,2017-12-10 22:00:00,2017-12-11 06:00:00,1.16933,1.16966,1.16714,1.16761,60625.0
2017-12-12 00:00:00,2017-12-11 22:00:00,2017-12-12 06:00:00,1.16771,1.16847,1.16251,1.16441,68793.0
2017-12-13 00:00:00,2017-12-12 22:00:00,2017-12-13 06:00:00,1.16424,1.16562,1.16167,1.16561,77154.0
2017-12-14 00:00:00,2017-12-13 22:00:00,2017-12-14 06:00:00,1.1656,1.17043,1.16391,1.16401,98006.0
2017-12-15 00:00:00,2017-12-14 22:00:00,2017-12-15 06:00:00,1.16408,1.16869,1.16372,1.16436,87339.0
2017-12-18 00:00:00,2017-12-17 22:00:00,2017-12-18 06:00:00,1.1635,1.16678,1.16127,1.16142,79001.0
2017-12-19 00:00:00,2017-12-18 22:00:00,2017-12-19 06:00:00,1.16142,1.16769,1.16082,1.16606,81764.0
2017-12-20 00:00:00,2017-12-19 22:00:00,2017-12-20 06:00:00,1.16588,1.17203,1.16557,1.1719,74365.0
2017-12-21 00:00:00,2017-12-20 22:00:00,2017-12-21 06:00:00,1.17184,1.17504,1.16974,1.17334,72469.0
2017-12-22 00:00:00,2017-12-21 22:00:00,2017-12-22 06:00:00,1.17312,1.17448,1.16961,1.1727,72350.0
2017-12-26 00:00:00,2017-12-25 22:00:00,2017-12-26 06:00:00,1.17127,1.17553,1.17126,1.17376,38481.0
2017-12-27 00:00:00,2017-12-26 22:00:00,2017-12-27 06:00:00,1.17369,1.17768,1.17245,1.1738,66116.0
2017-12-28 00:00:00,2017-12-27 22:00:00,2017-12-28 06:00:00,1.17372,1.17387,1.16809,1.16915,94278.0
2017-12-29 00:00:00,2017-12-28 22:00:00,2017-12-29 06:00:00,1.16912,1.17225,1.1671,1.16934,65637.0
2018-01-02 00:00:00,2018-01-01 22:00:00,2018-01-02 06:00:00,1.1685,1.17278,1.1685,1.17167,73478.0
2018-01-03 00:00:00,2018-01-02 22:00:00,2018-01-03 06:00:00,1.17175,1.17626,1.17006,1.17362,72251.0
2018-01-04 00:00:00,2018-01-03 22:00:00,2018-01-04 06:00:00,1.17344,1.17752,1.17322,1.17637,70019.0
2018-01-05 00:00:00,2018-01-04 22:00:00,2018-01-05 06:00:00,1.17635,1.17786,1.17329,1.17418,68304.0
2018-01-08 00:00:00,2018-01-07 22:00:00,2018-01-08 06:00:00,1.17262,1.17464,1.16836,1.16956,58182.0
2018-01-09 00:00:00,2018-01-08 22:00:00,2018-01-09 06:00:00,1.1695,1.17377,1.1684,1.17376,71459.0
2018-01-10 00:00:00,2018-01-09 22:00:00,2018-01-10 06:00:00,1.17376,1.17474,1.16864,1.16906,98348.0
2018-01-11 00:00:00,2018-01-10 22:00:00,2018-01-11 06:00:00,1.169,1.17572,1.16869,1.17413,96264.0
2018-01-12 00:00:00,2018-01-11 22:00:00,2018-01-12 06:00:00,1.17421,1.18019,1.17355,1.17992,104988.0
2018-01-15 00:00:00,2018-01-14 22:00:00,2018-01-15 06:00:00,1.18045,1.18329,1.17833,1.18129,90958.0
2018-01-16 00:00:00,2018-01-15 22:00:00,2018-01-16 06:00:00,1.18116,1.18281,1.17622,1.17633,98198.0
2018-01-17 00:00:00,2018-01-16 22:00:00,2018-01-17 06:00:00,1.1764,1.18019,1.17531,1.17581,122208.0
2018-01-18 00:00:00,2018-01-17 22:00:00,2018-01-18 06:00:00,1.17585,1.17751,1.1729,1.17366,105858.0
2018-01-19 00:00:00,2018-01-18 22:00:00,2018-01-19 06:00:00,1.17372,1.17731,1.17116,1.17726,100917.0
2018-01-22 00:00:00,2018-01-21 22:00:00,2018-01-22 06:00:00,1.17915,1.17977,1.17513,1.17966,83329.0
2018-01-23 00:00:00,2018-01-22 22:00:00,2018-01-23 06:00:00,1.17948,1.17973,1.17676,1.17765,93314.0
2018-01-24 00:00:00,2018-01-23 22:00:00,2018-01-24 06:00:00,1.17775,1.17812,1.1685,1.17294,118053.0
2018-01-25 00:00:00,2018-01-24 22:00:00,2018-01-25 06:00:00,1.17294,1.17371,1.16263,1.16723,164290.0
2018-01-26 00:00:00,2018-01-25 22:00:00,2018-01-26 06:00:00,1.16737,1.1685,1.15875,1.15973,138296.0
2018-01-29 00:00:00,2018-01-28 22:00:00,2018-01-29 06:00:00,1.15979,1.16376,1.15408,1.16125,115340.0
2018-01-30 00:00:00,2018-01-29 22:00:00,2018-01-30 06:00:00,1.16115,1.16141,1.15681,1.15884,119126.0
2018-01-31 00:00:00,2018-01-30 22:00:00,2018-01-31 06:00:00,1.15881,1.16371,1.15528,1.15539,132316.0
2018-02-01 00:00:00,2018-01-31 22:00:00,2018-02-01 06:00:00,1.15545,1.16071,1.15499,1.15934,114179.0
2018-02-02 00:00:00,2018-02-01 22:00:00,2018-02-02 06:00:00,1.15917,1.16227,1.15743,1.1603,126248.0
2018-02-05 00:00:00,2018-02-04 22:00:00,2018-02-05 06:00:00,1.15967,1.16397,1.15705,1.15736,121848.0
2018-02-06 00:00:00,2018-02-05 22:00:00,2018-02-06 06:00:00,1.1576,1.16286,1.15085,1.1592,191647.0
2018-02-07 00:00:00,2018-02-06 22:00:00,2018-02-07 06:00:00,1.15944,1.16196,1.15583,1.15741,126868.0
2018-02-08 00:00:00,2018-02-07 22:00:00,2018-02-08 06:00:00,1.15715,1.15945,1.14473,1.14645,159244.0
2018-02-09 00:00:00,2018-02-08 22:00:00,2018-02-09 06:00:00,1.14612,1.15281,1.14496,1.15042,149779.0
2018-02-12 00:00:00,2018-02-11 22:00:00,2018-02-12 06:00:00,1.14998,1.15426,1.14866,1.15417,95404.0
2018-02-13 00:00:00,2018-02-12 22:00:00,2018-02-13 06:00:00,1.15431,1.15623,1.15076,1.15563,103228.0
2018-02-14 00:00:00,2018-02-13 22:00:00,2018-02-14 06:00:00,1.15554,1.15848,1.14978,1.15804,121702.0
2018-02-15 00:00:00,2018-02-14 22:00:00,2018-02-15 06:00:00,1.15801,1.15829,1.15195,1.15222,114010.0
2018-02-16 00:00:00,2018-02-15 22:00:00,2018-02-16 06:00:00,1.15239,1.15464,1.15028,1.15092,110722.0
2018-02-19 00:00:00,2018-02-18 22:00:00,2018-02-19 06:00:00,1.1508,1.1536,1.15038,1.15238,77586.0
2018-02-20 00:00:00,2018-02-19 22:00:00,2018-02-20 06:00:00,1.15246,1.15581,1.15178,1.15459,98629.0
2018-02-21 00:00:00,2018-02-20 22:00:00,2018-02-21 06:00:00,1.15449,1.15606,1.15321,1.15323,113211.0
2018-02-22 00:00:00,2018-02-21 22:00:00,2018-02-22 06:00:00,1.15338,1.15441,1.14986,1.14986,101469.0
2018-02-23 00:00:00,2018-02-22 22:00:00,2018-02-23 06:00:00,1.14997,1.15235,1.1491,1.15175,82322.0
2018-02-26 00:00:00,2018-02-25 22:00:00,2018-02-26 06:00:00,1.15016,1.15527,1.14956,1.15522,83384.0
2018-02-27 00:00:00,2018-02-26 22:00:00,2018-02-27 06:00:00,1.15519,1.1563,1.14853,1.14857,104200.0
2018-02-28 00:00:00,2018-02-27 22:00:00,2018-02-28 06:00:00,1.1485,1.15329,1.14842,1.15221,97825.0
2018-03-01 00:00:00,2018-02-28 22:00:00,2018-03-01 06:00:00,1.15228,1.15606,1.15119,1.15566,118786.0
2018-03-02 00:00:00,2018-03-01 22:00:00,2018-03-02 06:00:00,1.15554,1.15605,1.14958,1.15582,111877.0
2018-03-05 00:00:00,2018-03-04 22:00:00,2018-03-05 06:00:00,1.15504,1.1599,1.15105,1.15987,108205.0
2018-03-06 00:00:00,2018-03-05 22:00:00,2018-03-06 06:00:00,1.16001,1.16737,1.15908,1.16704,99571.0
2018-03-07 00:00:00,2018-03-06 22:00:00,2018-03-07 06:00:00,1.16703,1.17123,1.16311,1.17059,110140.0
2018-03-08 00:00:00,2018-03-07 22:00:00,2018-03-08 06:00:00,1.17065,1.1741,1.16822,1.17096,112893.0
2018-03-09 00:00:00,2018-03-08 22:00:00,2018-03-09 06:00:00,1.17097,1.17266,1.16774,1.17036,100961.0
2018-03-12 00:00:00,2018-03-11 21:00:00,2018-03-12 05:00:00,1.17043,1.17156,1.16735,1.16876,70264.0
2018-03-13 00:00:00,2018-03-12 21:00:00,2018-03-13 05:00:00,1.16865,1.17088,1.16736,1.16966,95568.0
2018-03-14 00:00:00,2018-03-13 21:00:00,2018-03-14 05:00:00,1.16942,1.17121,1.16826,1.1685,89550.0
2018-03-15 00:00:00,2018-03-14 21:00:00,2018-03-15 05:00:00,1.16858,1.17124,1.16774,1.17068,88290.0
2018-03-16 00:00:00,2018-03-15 21:00:00,2018-03-16 05:00:00,1.17063,1.17135,1.16879,1.1703,81453.0
2018-03-19 00:00:00,2018-03-18 21:00:00,2018-03-19 05:00:00,1.17027,1.17442,1.16929,1.17311,91818.0
2018-03-20 00:00:00,2018-03-19 21:00:00,2018-03-20 05:00:00,1.17308,1.17489,1.16957,1.17082,87898.0
2018-03-21 00:00:00,2018-03-20 21:00:00,2018-03-21 05:00:00,1.17059,1.17291,1.16891,1.17131,97731.0
2018-03-22 00:00:00,2018-03-21 21:00:00,2018-03-22 05:00:00,1.17154,1.17244,1.16512,1.16753,114278.0
2018-03-23 00:00:00,2018-03-22 21:00:00,2018-03-23 05:00:00,1.16795,1.1716,1.16538,1.1701,111212.0
2018-03-26 00:00:00,2018-03-25 21:00:00,2018-03-26 05:00:00,1.16899,1.17736,1.16899,1.17694,85971.0
2018-03-27 00:00:00,2018-03-26 21:00:00,2018-03-27 05:00:00,1.1767,1.17738,1.17377,1.17416,95115.0
2018-03-28 00:00:00,2018-03-27 21:00:00,2018-03-28 05:00:00,1.17435,1.18034,1.17361,1.17725,100299.0
2018-03-29 00:00:00,2018-03-28 21:00:00,2018-03-29 05:00:00,1.17742,1.17965,1.17546,1.17644,84033.0
2018-03-30 00:00:00,2018-03-29 21:00:00,2018-03-30 05:00:00,1.17617,1.17687,1.17323,1.1755,31786.0
2018-04-02 00:00:00,2018-04-01 21:00:00,2018-04-02 05:00:00,1.17392,1.17636,1.17354,1.17515,50210.0
2018-04-03 00:00:00,2018-04-02 21:00:00,2018-04-03 05:00:00,1.17376,1.17749,1.17374,1.17623,79905.0
2018-04-04 00:00:00,2018-04-03 21:00:00,2018-04-04 05:00:00,1.17591,1.18046,1.17551,1.17974,76271.0
2018-04-05 00:00:00,2018-04-04 21:00:00,2018-04-05 05:00:00,1.17988,1.18053,1.1772,1.17926,72634.0
2018-04-06 00:00:00,2018-04-05 21:00:00,2018-04-06 05:00:00,1.17935,1.18044,1.1769,1.17791,99731.0
2018-04-09 00:00:00,2018-04-08 21:00:00,2018-04-09 05:00:00,1.17698,1.17983,1.17639,1.17806,83022.0
2018-04-10 00:00:00,2018-04-09 21:00:00,2018-04-10 05:00:00,1.17769,1.1826,1.17678,1.18229,89108.0
2018-04-11 00:00:00,2018-04-10 21:00:00,2018-04-11 05:00:00,1.18182,1.18804,1.18158,1.1844,88415.0
2018-04-12 00:00:00,2018-04-11 21:00:00,2018-04-12 05:00:00,1.18447,1.18896,1.18393,1.18614,88354.0
2018-04-13 00:00:00,2018-04-12 21:00:00,2018-04-13 05:00:00,1.18597,1.18793,1.185,1.18607,71050.0
2018-04-16 00:00:00,2018-04-15 21:00:00,2018-04-16 05:00:00,1.18575,1.18848,1.18495,1.18817,61932.0
2018-04-17 00:00:00,2018-04-16 21:00:00,2018-04-17 05:00:00,1.18814,1.19536,1.188,1.19514,69696.0
2018-04-18 00:00:00,2018-04-17 21:00:00,2018-04-18 05:00:00,1.19512,1.1992,1.19459,1.19875,78282.0
2018-04-19 00:00:00,2018-04-18 21:00:00,2018-04-19 05:00:00,1.19865,1.20012,1.19585,1.19901,87850.0
2018-04-20 00:00:00,2018-04-19 21:00:00,2018-04-20 05:00:00,1.199,1.20054,1.195,1.19807,78316.0
2018-04-23 00:00:00,2018-04-22 21:00:00,2018-04-23 05:00:00,1.19788,1.1983,1.19262,1.19406,74313.0
2018-04-24 00:00:00,2018-04-23 21:00:00,2018-04-24 05:00:00,1.19421,1.19909,1.19248,1.1975,85003.0
2018-04-25 00:00:00,2018-04-24 21:00:00,2018-04-25 05:00:00,1.19734,1.19973,1.19557,1.19559,81612.0
2018-04-26 00:00:00,2018-04-25 21:00:00,2018-04-26 05:00:00,1.19569,1.19902,1.19526,1.19717,91458.0
2018-04-27 00:00:00,2018-04-26 21:00:00,2018-04-27 05:00:00,1.19628,1.1984,1.19526,1.19823,86291.0
2018-04-30 00:00:00,2018-04-29 21:00:00,2018-04-30 05:00:00,1.19748,1.19874,1.1956,1.19669,83204.0
2018-05-01 00:00:00,2018-04-30 21:00:00,2018-05-01 05:00:00,1.19664,1.19735,1.19357,1.19524,75653.0
2018-05-02 00:00:00,2018-05-01 21:00:00,2018-05-02 05:00:00,1.19424,1.19636,1.19349,1.19423,107031.0
2018-05-03 00:00:00,2018-05-02 21:00:00,2018-05-03 05:00:00,1.19382,1.19689,1.19356,1.19613,108525.0
2018-05-04 00:00:00,2018-05-03 21:00:00,2018-05-04 05:00:00,1.19602,1.19753,1.19361,1.19672,80045.0
2018-05-07 00:00:00,2018-05-06 21:00:00,2018-05-07 05:00:00,1.19574,1.19795,1.19473,1.19551,70466.0
2018-05-08 00:00:00,2018-05-07 21:00:00,2018-05-08 05:00:00,1.19489,1.19599,1.18661,1.18858,89765.0
2018-05-09 00:00:00,2018-05-08 21:00:00,2018-05-09 05:00:00,1.1884,1.19224,1.18665,1.19153,87408.0
2018-05-10 00:00:00,2018-05-09 21:00:00,2018-05-10 05:00:00,1.19145,1.19579,1.18996,1.195,99004.0
2018-05-11 00:00:00,2018-05-10 21:00:00,2018-05-11 05:00:00,1.19457,1.19578,1.19249,1.19444,76861.0
2018-05-14 00:00:00,2018-05-13 21:00:00,2018-05-14 05:00:00,1.19425,1.19803,1.1931,1.19327,70539.0
2018-05-15 00:00:00,2018-05-14 21:00:00,2018-05-15 05:00:00,1.19303,1.19413,1.18481,1.18542,94550.0
2018-05-16 00:00:00,2018-05-15 21:00:00,2018-05-16 05:00:00,1.1851,1.18587,1.17712,1.18223,102424.0
2018-05-17 00:00:00,2018-05-16 21:00:00,2018-05-17 05:00:00,1.18218,1.18408,1.18028,1.18148,89845.0
2018-05-18 00:00:00,2018-05-17 21:00:00,2018-05-18 05:00:00,1.18115,1.18175,1.17301,1.17422,67235.0
2018-05-21 00:00:00,2018-05-20 21:00:00,2018-05-21 05:00:00,1.174,1.17616,1.17073,1.17578,66352.0
2018-05-22 00:00:00,2018-05-21 21:00:00,2018-05-22 05:00:00,1.17526,1.17716,1.16843,1.16926,82665.0
2018-05-23 00:00:00,2018-05-22 21:00:00,2018-05-23 05:00:00,1.16927,1.16967,1.15812,1.1647,119852.0
2018-05-24 00:00:00,2018-05-23 21:00:00,2018-05-24 05:00:00,1.16448,1.16528,1.15885,1.16182,103587.0
2018-05-25 00:00:00,2018-05-24 21:00:00,2018-05-25 05:00:00,1.16097,1.16428,1.1533,1.15358,99678.0
2018-05-28 00:00:00,2018-05-27 21:00:00,2018-05-28 05:00:00,1.15805,1.16288,1.15456,1.15489,77813.0
2018-05-29 00:00:00,2018-05-28 21:00:00,2018-05-29 05:00:00,1.15481,1.15543,1.1368,1.14377,142554.0
2018-05-30 00:00:00,2018-05-29 21:00:00,2018-05-30 05:00:00,1.14292,1.15673,1.14108,1.15376,132074.0
2018-05-31 00:00:00,2018-05-30 21:00:00,2018-05-31 05:00:00,1.1534,1.15715,1.14639,1.15277,119693.0
2018-06-01 00:00:00,2018-05-31 21:00:00,2018-06-01 05:00:00,1.15218,1.15741,1.15017,1.15201,102614.0
2018-06-04 00:00:00,2018-06-03 21:00:00,2018-06-04 05:00:00,1.15162,1.15647,1.15162,1.15546,84520.0
2018-06-05 00:00:00,2018-06-04 21:00:00,2018-06-05 05:00:00,1.15548,1.15636,1.15065,1.15388,92508.0
2018-06-06 00:00:00,2018-06-05 21:00:00,2018-06-06 05:00:00,1.15334,1.16401,1.1528,1.16164,90367.0
2018-06-07 00:00:00,2018-06-06 21:00:00,2018-06-07 05:00:00,1.16103,1.1635,1.15585,1.15663,95054.0
2018-06-08 00:00:00,2018-06-07 21:00:00,2018-06-08 05:00:00,1.15638,1.16188,1.1537,1.15938,92923.0
2018-06-11 00:00:00,2018-06-10 21:00:00,2018-06-11 05:00:00,1.1591,1.1657,1.15909,1.16119,72617.0
2018-06-12 00:00:00,2018-06-11 21:00:00,2018-06-12 05:00:00,1.16102,1.16254,1.15812,1.15898,90284.0
2018-06-13 00:00:00,2018-06-12 21:00:00,2018-06-13 05:00:00,1.15868,1.16246,1.15861,1.16212,85318.0
2018-06-14 00:00:00,2018-06-13 21:00:00,2018-06-14 05:00:00,1.16177,1.16484,1.15305,1.15329,106269.0
2018-06-15 00:00:00,2018-06-14 21:00:00,2018-06-15 05:00:00,1.15264,1.15864,1.15185,1.15802,106532.0
2018-06-18 00:00:00,2018-06-17 21:00:00,2018-06-18 05:00:00,1.15544,1.15717,1.15332,1.1567,74408.0
2018-06-19 00:00:00,2018-06-18 21:00:00,2018-06-19 05:00:00,1.15633,1.1571,1.1487,1.15204,113578.0
2018-06-20 00:00:00,2018-06-19 21:00:00,2018-06-20 05:00:00,1.15126,1.15524,1.15084,1.15305,96754.0
2018-06-21 00:00:00,2018-06-20 21:00:00,2018-06-21 05:00:00,1.15288,1.15409,1.14795,1.15079,110115.0
2018-06-22 00:00:00,2018-06-21 21:00:00,2018-06-22 05:00:00,1.15079,1.1551,1.1496,1.15156,110408.0
2018-06-25 00:00:00,2018-06-24 21:00:00,2018-06-25 05:00:00,1.15135,1.15571,1.14899,1.15501,104888.0
2018-06-26 00:00:00,2018-06-25 21:00:00,2018-06-26 05:00:00,1.15493,1.15653,1.1525,1.15371,116719.0
2018-06-27 00:00:00,2018-06-26 21:00:00,2018-06-27 05:00:00,1.15319,1.15553,1.15096,1.15196,121378.0
2018-06-28 00:00:00,2018-06-27 21:00:00,2018-06-28 05:00:00,1.15166,1.15659,1.15047,1.15392,128305.0
2018-06-29 00:00:00,2018-06-28 21:00:00,2018-06-29 05:00:00,1.15364,1.16003,1.15238,1.15655,118710.0
2018-07-02 00:00:00,2018-07-01 21:00:00,2018-07-02 05:00:00,1.15527,1.15698,1.15347,1.15629,83615.0
2018-07-03 00:00:00,2018-07-02 21:00:00,2018-07-03 05:00:00,1.15621,1.15853,1.15507,1.15713,76201.0
2018-07-04 00:00:00,2018-07-03 21:00:00,2018-07-04 05:00:00,1.15674,1.15841,1.15495,1.15705,63536.0
2018-07-05 00:00:00,2018-07-04 21:00:00,2018-07-05 05:00:00,1.1562,1.16195,1.15618,1.16151,84440.0
2018-07-06 00:00:00,2018-07-05 21:00:00,2018-07-06 05:00:00,1.15901,1.16394,1.15872,1.16274,77993.0
2018-07-09 00:00:00,2018-07-08 21:00:00,2018-07-09 05:00:00,1.16034,1.16563,1.15986,1.16507,87849.0
2018-07-10 00:00:00,2018-07-09 21:00:00,2018-07-10 05:00:00,1.16462,1.16591,1.16319,1.16503,85175.0
2018-07-11 00:00:00,2018-07-10 21:00:00,2018-07-11 05:00:00,1.16467,1.16581,1.1619,1.16275,119386.0
2018-07-12 00:00:00,2018-07-11 21:00:00,2018-07-12 05:00:00,1.1627,1.17083,1.16195,1.1698,99719.0
2018-07-13 00:00:00,2018-07-12 21:00:00,2018-07-13 05:00:00,1.16951,1.1709,1.16579,1.17046,91381.0
2018-07-16 00:00:00,2018-07-15 21:00:00,2018-07-16 05:00:00,1.17025,1.17142,1.16703,1.1672,92845.0
2018-07-17 00:00:00,2018-07-16 21:00:00,2018-07-17 05:00:00,1.16714,1.16818,1.16404,1.1663,106349.0
2018-07-18 00:00:00,2018-07-17 21:00:00,2018-07-18 05:00:00,1.16623,1.16699,1.16026,1.16269,98222.0
2018-07-19 00:00:00,2018-07-18 21:00:00,2018-07-19 05:00:00,1.16247,1.16396,1.16137,1.1633,131792.0
2018-07-20 00:00:00,2018-07-19 21:00:00,2018-07-20 05:00:00,1.16331,1.16549,1.16142,1.16246,150932.0
2018-07-23 00:00:00,2018-07-22 21:00:00,2018-07-23 05:00:00,1.16282,1.1648,1.16031,1.16074,96719.0
2018-07-24 00:00:00,2018-07-23 21:00:00,2018-07-24 05:00:00,1.16077,1.16319,1.15957,1.16081,108263.0
2018-07-25 00:00:00,2018-07-24 21:00:00,2018-07-25 05:00:00,1.16123,1.16341,1.15949,1.16312,107461.0
2018-07-26 00:00:00,2018-07-25 21:00:00,2018-07-26 05:00:00,1.16286,1.16381,1.15733,1.15744,105259.0
2018-07-27 00:00:00,2018-07-26 21:00:00,2018-07-27 05:00:00,1.15723,1.1606,1.1567,1.15953,91564.0
2018-07-30 00:00:00,2018-07-29 21:00:00,2018-07-30 05:00:00,1.15845,1.16043,1.15668,1.15681,65178.0
2018-07-31 00:00:00,2018-07-30 21:00:00,2018-07-31 05:00:00,1.15696,1.15981,1.15607,1.15784,87498.0
2018-08-01 00:00:00,2018-07-31 21:00:00,2018-08-01 05:00:00,1.15757,1.16042,1.15642,1.1567,83039.0
2018-08-02 00:00:00,2018-08-01 21:00:00,2018-08-02 05:00:00,1.15656,1.15714,1.15303,1.15323,78482.0
2018-08-03 00:00:00,2018-08-02 21:00:00,2018-08-03 05:00:00,1.15258,1.1542,1.14975,1.1501,87617.0
2018-08-06 00:00:00,2018-08-05 21:00:00,2018-08-06 05:00:00,1.14941,1.15289,1.14941,1.15116,64257.0
2018-08-07 00:00:00,2018-08-06 21:00:00,2018-08-07 05:00:00,1.1511,1.15475,1.15096,1.15466,62639.0
2018-08-08 00:00:00,2018-08-07 21:00:00,2018-08-08 05:00:00,1.15453,1.15576,1.15275,1.15297,71500.0
2018-08-09 00:00:00,2018-08-08 21:00:00,2018-08-09 05:00:00,1.15304,1.15367,1.14505,1.14539,77073.0
2018-08-10 00:00:00,2018-08-09 21:00:00,2018-08-10 05:00:00,1.14541,1.14609,1.13399,1.13552,133265.0
2018-08-13 00:00:00,2018-08-12 21:00:00,2018-08-13 05:00:00,1.1292,1.13607,1.12867,1.13293,118685.0
2018-08-14 00:00:00,2018-08-13 21:00:00,2018-08-14 05:00:00,1.13288,1.1355,1.12658,1.12764,97558.0
2018-08-15 00:00:00,2018-08-14 21:00:00,2018-08-15 05:00:00,1.12777,1.13057,1.12437,1.12732,99102.0
2018-08-16 00:00:00,2018-08-15 21:00:00,2018-08-16 05:00:00,1.12718,1.13477,1.12636,1.13393,104679.0
2018-08-17 00:00:00,2018-08-16 21:00:00,2018-08-17 05:00:00,1.13382,1.13943,1.13281,1.13876,93470.0
2018-08-20 00:00:00,2018-08-19 21:00:00,2018-08-20 05:00:00,1.13755,1.13877,1.13539,1.13824,75922.0
2018-08-21 00:00:00,2018-08-20 21:00:00,2018-08-21 05:00:00,1.13828,1.14189,1.13593,1.13933,100708.0
2018-08-22 00:00:00,2018-08-21 21:00:00,2018-08-22 05:00:00,1.13896,1.14103,1.13749,1.14008,87798.0
2018-08-23 00:00:00,2018-08-22 21:00:00,2018-08-23 05:00:00,1.14,1.14078,1.13646,1.13806,86554.0
2018-08-24 00:00:00,2018-08-23 21:00:00,2018-08-24 05:00:00,1.1376,1.143,1.13659,1.1427,87967.0
2018-08-27 00:00:00,2018-08-26 21:00:00,2018-08-27 05:00:00,1.14251,1.14502,1.14109,1.14387,73511.0
2018-08-28 00:00:00,2018-08-27 21:00:00,2018-08-28 05:00:00,1.14374,1.1454,1.14164,1.1419,87085.0
2018-08-29 00:00:00,2018-08-28 21:00:00,2018-08-29 05:00:00,1.14159,1.14236,1.13441,1.13604,93679.0
2018-08-30 00:00:00,2018-08-29 21:00:00,2018-08-30 05:00:00,1.13602,1.13685,1.13034,1.13083,90402.0
2018-08-31 00:00:00,2018-08-30 21:00:00,2018-08-31 05:00:00,1.13011,1.13116,1.12394,1.12454,103801.0
2018-09-03 00:00:00,2018-09-02 21:00:00,2018-09-03 05:00:00,1.124,1.1272,1.124,1.12581,60169.0
2018-09-04 00:00:00,2018-09-03 21:00:00,2018-09-04 05:00:00,1.12551,1.12906,1.1242,1.12844,89008.0
2018-09-05 00:00:00,2018-09-04 21:00:00,2018-09-05 05:00:00,1.1282,1.13205,1.12533,1.13026,96374.0
2018-09-06 00:00:00,2018-09-05 21:00:00,2018-09-06 05:00:00,1.1299,1.13118,1.12171,1.12183,96637.0
2018-09-07 00:00:00,2018-09-06 21:00:00,2018-09-07 05:00:00,1.12166,1.12453,1.11836,1.11986,95042.0
2018-09-10 00:00:00,2018-09-09 21:00:00,2018-09-10 05:00:00,1.11867,1.13157,1.11851,1.13029,72554.0
2018-09-11 00:00:00,2018-09-10 21:00:00,2018-09-11 05:00:00,1.12986,1.13436,1.12637,1.12848,74702.0
2018-09-12 00:00:00,2018-09-11 21:00:00,2018-09-12 05:00:00,1.12816,1.13114,1.12688,1.12836,73747.0
2018-09-13 00:00:00,2018-09-12 21:00:00,2018-09-13 05:00:00,1.12792,1.13157,1.12621,1.12878,72118.0
2018-09-14 00:00:00,2018-09-13 21:00:00,2018-09-14 05:00:00,1.12846,1.13041,1.12407,1.12419,66865.0
2018-09-17 00:00:00,2018-09-16 21:00:00,2018-09-17 05:00:00,1.12365,1.12604,1.12305,1.12447,61459.0
2018-09-18 00:00:00,2018-09-17 21:00:00,2018-09-18 05:00:00,1.12411,1.12629,1.12227,1.12519,87580.0
2018-09-19 00:00:00,2018-09-18 21:00:00,2018-09-19 05:00:00,1.12493,1.13272,1.1248,1.12905,75778.0
2018-09-20 00:00:00,2018-09-19 21:00:00,2018-09-20 05:00:00,1.12883,1.13214,1.12731,1.12936,88372.0
2018-09-21 00:00:00,2018-09-20 21:00:00,2018-09-21 05:00:00,1.12866,1.13085,1.12218,1.12605,88503.0
2018-09-24 00:00:00,2018-09-23 21:00:00,2018-09-24 05:00:00,1.12552,1.13365,1.12519,1.13344,69656.0
2018-09-25 00:00:00,2018-09-24 21:00:00,2018-09-25 05:00:00,1.1332,1.13824,1.1322,1.13546,74062.0
2018-09-26 00:00:00,2018-09-25 21:00:00,2018-09-26 05:00:00,1.13508,1.13849,1.13321,1.13378,84777.0
2018-09-27 00:00:00,2018-09-26 21:00:00,2018-09-27 05:00:00,1.13356,1.14149,1.13117,1.13772,97363.0
2018-09-28 00:00:00,2018-09-27 21:00:00,2018-09-28 05:00:00,1.13747,1.13987,1.12812,1.13915,91182.0
2018-10-01 00:00:00,2018-09-30 21:00:00,2018-10-01 05:00:00,1.13845,1.14284,1.13646,1.13896,77856.0
2018-10-02 00:00:00,2018-10-01 21:00:00,2018-10-02 05:00:00,1.13763,1.13954,1.13125,1.13611,87634.0
2018-10-03 00:00:00,2018-10-02 21:00:00,2018-10-03 05:00:00,1.13593,1.14216,1.13582,1.13919,101396.0
2018-10-04 00:00:00,2018-10-03 21:00:00,2018-10-04 05:00:00,1.13767,1.14355,1.1366,1.14187,100702.0
2018-10-05 00:00:00,2018-10-04 21:00:00,2018-10-05 05:00:00,1.14165,1.14499,1.14111,1.14317,91436.0
2018-10-08 00:00:00,2018-10-07 21:00:00,2018-10-08 05:00:00,1.14178,1.14397,1.13813,1.14029,71823.0
2018-10-09 00:00:00,2018-10-08 21:00:00,2018-10-09 05:00:00,1.1397,1.14158,1.13707,1.13976,88561.0
2018-10-10 00:00:00,2018-10-09 21:00:00,2018-10-10 05:00:00,1.13906,1.14439,1.13888,1.14059,94301.0
2018-10-11 00:00:00,2018-10-10 21:00:00,2018-10-11 05:00:00,1.14044,1.14891,1.13916,1.14698,138554.0
2018-10-12 00:00:00,2018-10-11 21:00:00,2018-10-12 05:00:00,1.14703,1.14925,1.1449,1.14601,97964.0
2018-10-15 00:00:00,2018-10-14 21:00:00,2018-10-15 05:00:00,1.14314,1.14642,1.14149,1.14265,91632.0
2018-10-16 00:00:00,2018-10-15 21:00:00,2018-10-16 05:00:00,1.14237,1.14787,1.14237,1.14653,87619.0
2018-10-17 00:00:00,2018-10-16 21:00:00,2018-10-17 05:00:00,1.14654,1.14829,1.14377,1.14459,95813.0
2018-10-18 00:00:00,2018-10-17 21:00:00,2018-10-18 05:00:00,1.14357,1.14664,1.13989,1.14012,103833.0
2018-10-19 00:00:00,2018-10-18 21:00:00,2018-10-19 05:00:00,1.13955,1.1492,1.13921,1.14677,100994.0
2018-10-22 00:00:00,2018-10-21 21:00:00,2018-10-22 05:00:00,1.14478,1.15011,1.1417,1.14187,86368.0
2018-10-23 00:00:00,2018-10-22 21:00:00,2018-10-23 05:00:00,1.14152,1.14299,1.13974,1.14115,102271.0
2018-10-24 00:00:00,2018-10-23 21:00:00,2018-10-24 05:00:00,1.14114,1.14187,1.1355,1.13671,106707.0
2018-10-25 00:00:00,2018-10-24 21:00:00,2018-10-25 05:00:00,1.13639,1.1416,1.13548,1.13699,102649.0
2018-10-26 00:00:00,2018-10-25 21:00:00,2018-10-26 05:00:00,1.13621,1.13859,1.13432,1.13686,113877.0
2018-10-29 00:00:00,2018-10-28 21:00:00,2018-10-29 05:00:00,1.13588,1.14092,1.13588,1.13946,89903.0
2018-10-30 00:00:00,2018-10-29 21:00:00,2018-10-30 05:00:00,1.13895,1.14189,1.1371,1.14036,88543.0
2018-10-31 00:00:00,2018-10-30 21:00:00,2018-10-31 05:00:00,1.14014,1.14145,1.13796,1.14084,89589.0
2018-11-01 00:00:00,2018-10-31 21:00:00,2018-11-01 05:00:00,1.14043,1.1449,1.13955,1.14325,97199.0
2018-11-02 00:00:00,2018-11-01 21:00:00,2018-11-02 05:00:00,1.14285,1.14549,1.14053,1.14281,104866.0
2018-11-05 00:00:00,2018-11-04 22:00:00,2018-11-05 06:00:00,1.14205,1.14632,1.1414,1.14575,77513.0
2018-11-06 00:00:00,2018-11-05 22:00:00,2018-11-06 06:00:00,1.14572,1.14704,1.14409,1.14506,79899.0
2018-11-07 00:00:00,2018-11-06 22:00:00,2018-11-07 06:00:00,1.14512,1.14697,1.14304,1.14567,121876.0
2018-11-08 00:00:00,2018-11-07 22:00:00,2018-11-08 06:00:00,1.14574,1.14702,1.1429,1.14299,105186.0
2018-11-09 00:00:00,2018-11-08 22:00:00,2018-11-09 06:00:00,1.143,1.14382,1.13833,1.14007,97166.0
2018-11-12 00:00:00,2018-11-11 22:00:00,2018-11-12 06:00:00,1.13827,1.13992,1.13346,1.13509,96210.0
2018-11-13 00:00:00,2018-11-12 22:00:00,2018-11-13 06:00:00,1.13494,1.13879,1.13344,1.13716,116894.0
2018-11-14 00:00:00,2018-11-13 22:00:00,2018-11-14 06:00:00,1.13716,1.14234,1.13594,1.13798,114541.0
2018-11-15 00:00:00,2018-11-14 22:00:00,2018-11-15 06:00:00,1.1379,1.142,1.13442,1.14067,98103.0
2018-11-16 00:00:00,2018-11-15 22:00:00,2018-11-16 06:00:00,1.14067,1.14335,1.1379,1.14129,75854.0
2018-11-19 00:00:00,2018-11-18 22:00:00,2018-11-19 06:00:00,1.1404,1.14179,1.13703,1.13808,62073.0
2018-11-20 00:00:00,2018-11-19 22:00:00,2018-11-20 06:00:00,1.13812,1.13828,1.13053,1.13134,67660.0
2018-11-21 00:00:00,2018-11-20 22:00:00,2018-11-21 06:00:00,1.13139,1.13463,1.13031,1.1322,56881.0
2018-11-22 00:00:00,2018-11-21 22:00:00,2018-11-22 06:00:00,1.13228,1.13569,1.13164,1.13429,47091.0
2018-11-23 00:00:00,2018-11-22 22:00:00,2018-11-23 06:00:00,1.1343,1.13542,1.12978,1.13055,55953.0
2018-11-26 00:00:00,2018-11-25 22:00:00,2018-11-26 06:00:00,1.13022,1.13415,1.12935,1.13185,53388.0
2018-11-27 00:00:00,2018-11-26 22:00:00,2018-11-27 06:00:00,1.13188,1.13246,1.12755,1.1279,68592.0
2018-11-28 00:00:00,2018-11-27 22:00:00,2018-11-28 06:00:00,1.128,1.13162,1.12609,1.1294,78588.0
2018-11-29 00:00:00,2018-11-28 22:00:00,2018-11-29 06:00:00,1.12949,1.13484,1.12894,1.1347,71677.0
2018-11-30 00:00:00,2018-11-29 22:00:00,2018-11-30 06:00:00,1.13467,1.13566,1.12956,1.13095,59842.0
2018-12-03 00:00:00,2018-12-02 22:00:00,2018-12-03 06:00:00,1.13335,1.13455,1.13043,1.13278,53713.0
2018-12-04 00:00:00,2018-12-03 22:00:00,2018-12-04 06:00:00,1.13267,1.13483,1.13056,1.13144,70963.0
2018-12-05 00:00:00,2018-12-04 22:00:00,2018-12-05 06:00:00,1.13148,1.13311,1.13028,1.13182,50181.0
2018-12-06 00:00:00,2018-12-05 22:00:00,2018-12-06 06:00:00,1.13174,1.13192,1.12804,1.13036,79288.0
2018-12-07 00:00:00,2018-12-06 22:00:00,2018-12-07 06:00:00,1.13042,1.13099,1.12795,1.12899,68164.0
2018-12-10 00:00:00,2018-12-09 22:00:00,2018-12-10 06:00:00,1.12849,1.13077,1.1236,1.12377,75327.0
2018-12-11 00:00:00,2018-12-10 22:00:00,2018-12-11 06:00:00,1.12393,1.12585,1.12247,1.1244,69522.0
2018-12-12 00:00:00,2018-12-11 22:00:00,2018-12-12 06:00:00,1.12433,1.12972,1.12343,1.129,75443.0
2018-12-13 00:00:00,2018-12-12 22:00:00,2018-12-13 06:00:00,1.12897,1.13014,1.12652,1.12919,73943.0
2018-12-14 00:00:00,2018-12-13 22:00:00,2018-12-14 06:00:00,1.12925,1.12943,1.12411,1.1281,66952.0
2018-12-17 00:00:00,2018-12-16 22:00:00,2018-12-17 06:00:00,1.12621,1.12911,1.12479,1.12626,74426.0
2018-12-18 00:00:00,2018-12-17 22:00:00,2018-12-18 06:00:00,1.12632,1.12968,1.12572,1.12798,63795.0
2018-12-19 00:00:00,2018-12-18 22:00:00,2018-12-19 06:00:00,1.12795,1.1344,1.12705,1.13202,79422.0
2018-12-20 00:00:00,2018-12-19 22:00:00,2018-12-20 06:00:00,1.1318,1.13489,1.12913,1.13106,96286.0
2018-12-21 00:00:00,2018-12-20 22:00:00,2018-12-21 06:00:00,1.13101,1.13238,1.12904,1.13031,92158.0
2018-12-24 00:00:00,2018-12-23 22:00:00,2018-12-24 06:00:00,1.1301,1.13443,1.12463,1.12526,65277.0
2018-12-25 00:00:00,2018-12-24 22:00:00,2018-12-25 06:00:00,1.12513,1.1267,1.12455,1.12459,296.0
2018-12-26 00:00:00,2018-12-25 22:00:00,2018-12-26 06:00:00,1.12264,1.13081,1.12264,1.13035,39855.0
2018-12-27 00:00:00,2018-12-26 22:00:00,2018-12-27 06:00:00,1.1302,1.13118,1.12408,1.12969,110054.0
2018-12-28 00:00:00,2018-12-27 22:00:00,2018-12-28 06:00:00,1.12976,1.12981,1.12146,1.12596,92059.0
2018-12-31 00:00:00,2018-12-30 22:00:00,2018-12-31 06:00:00,1.1244,1.12863,1.12351,1.12608,66957.0
2019-01-01 00:00:00,2018-12-31 22:00:00,2019-01-01 06:00:00,1.12609,1.12611,1.1243,1.12481,1498.0
2019-01-02 00:00:00,2019-01-01 22:00:00,2019-01-02 06:00:00,1.12485,1.12706,1.12173,1.12342,86455.0
2019-01-03 00:00:00,2019-01-02 22:00:00,2019-01-03 06:00:00,1.1234,1.1278,1.11833,1.12603,125773.0
2019-01-04 00:00:00,2019-01-03 22:00:00,2019-01-04 06:00:00,1.12598,1.12691,1.12306,1.12458,92602.0
2019-01-07 00:00:00,2019-01-06 22:00:00,2019-01-07 06:00:00,1.12328,1.12598,1.12243,1.12423,72639.0
2019-01-08 00:00:00,2019-01-07 22:00:00,2019-01-08 06:00:00,1.12427,1.12457,1.12198,1.12284,78733.0
2019-01-09 00:00:00,2019-01-08 22:00:00,2019-01-09 06:00:00,1.1228,1.12654,1.12098,1.12441,106312.0
2019-01-10 00:00:00,2019-01-09 22:00:00,2019-01-10 06:00:00,1.12478,1.13235,1.12379,1.13232,106350.0
2019-01-11 00:00:00,2019-01-10 22:00:00,2019-01-11 06:00:00,1.13226,1.13403,1.12725,1.12786,96106.0
2019-01-14 00:00:00,2019-01-13 22:00:00,2019-01-14 06:00:00,1.12753,1.12877,1.12464,1.12527,79929.0
2019-01-15 00:00:00,2019-01-14 22:00:00,2019-01-15 06:00:00,1.12532,1.129,1.12446,1.12672,101022.0
2019-01-16 00:00:00,2019-01-15 22:00:00,2019-01-16 06:00:00,1.12692,1.12965,1.12596,1.12849,80274.0
2019-01-17 00:00:00,2019-01-16 22:00:00,2019-01-17 06:00:00,1.12838,1.13316,1.1277,1.13181,84186.0
2019-01-18 00:00:00,2019-01-17 22:00:00,2019-01-18 06:00:00,1.13184,1.13379,1.13009,1.13149,75899.0
2019-01-21 00:00:00,2019-01-20 22:00:00,2019-01-21 06:00:00,1.12998,1.13472,1.12988,1.13361,53392.0
2019-01-22 00:00:00,2019-01-21 22:00:00,2019-01-22 06:00:00,1.13354,1.13435,1.13169,1.13267,75491.0
2019-01-23 00:00:00,2019-01-22 22:00:00,2019-01-23 06:00:00,1.13257,1.13473,1.13199,1.13238,80983.0
2019-01-24 00:00:00,2019-01-23 22:00:00,2019-01-24 06:00:00,1.13235,1.13263,1.12599,1.12693,101736.0
2019-01-25 00:00:00,2019-01-24 22:00:00,2019-01-25 06:00:00,1.12672,1.13366,1.12596,1.13299,96670.0
2019-01-28 00:00:00,2019-01-27 22:00:00,2019-01-28 06:00:00,1.13238,1.13459,1.13103,1.13347,72354.0
2019-01-29 00:00:00,2019-01-28 22:00:00,2019-01-29 06:00:00,1.13348,1.13785,1.13298,1.13755,91662.0
2019-01-30 00:00:00,2019-01-29 22:00:00,2019-01-30 06:00:00,1.13733,1.14285,1.13658,1.14143,103507.0
2019-01-31 00:00:00,2019-01-30 22:00:00,2019-01-31 06:00:00,1.14141,1.1429,1.13725,1.13836,110743.0
2019-02-01 00:00:00,2019-01-31 22:00:00,2019-02-01 06:00:00,1.13832,1.14126,1.13758,1.14055,97263.0
2019-02-04 00:00:00,2019-02-03 22:00:00,2019-02-04 06:00:00,1.13988,1.14234,1.13934,1.14123,76308.0
2019-02-05 00:00:00,2019-02-04 22:00:00,2019-02-05 06:00:00,1.14129,1.1444,1.14037,1.14106,81252.0
2019-02-06 00:00:00,2019-02-05 22:00:00,2019-02-06 06:00:00,1.1411,1.1412,1.1386,1.13906,80632.0
2019-02-07 00:00:00,2019-02-06 22:00:00,2019-02-07 06:00:00,1.13917,1.13937,1.13455,1.13695,73742.0
2019-02-08 00:00:00,2019-02-07 22:00:00,2019-02-08 06:00:00,1.1369,1.13705,1.13228,1.13235,61933.0
2019-02-11 00:00:00,2019-02-10 22:00:00,2019-02-11 06:00:00,1.13198,1.14205,1.13101,1.1326,67576.0
2019-02-12 00:00:00,2019-02-11 22:00:00,2019-02-12 06:00:00,1.13253,1.14069,1.13178,1.13978,70089.0
2019-02-13 00:00:00,2019-02-12 22:00:00,2019-02-13 06:00:00,1.13987,1.14064,1.13619,1.13699,72204.0
2019-02-14 00:00:00,2019-02-13 22:00:00,2019-02-14 06:00:00,1.13692,1.1382,1.13496,1.1352,87599.0
2019-02-15 00:00:00,2019-02-14 22:00:00,2019-02-15 06:00:00,1.13514,1.13584,1.13321,1.13553,77402.0
2019-02-18 00:00:00,2019-02-17 22:00:00,2019-02-18 06:00:00,1.13436,1.13659,1.13355,1.13588,46226.0
2019-02-19 00:00:00,2019-02-18 22:00:00,2019-02-19 06:00:00,1.13606,1.13737,1.13335,1.13527,76549.0
2019-02-20 00:00:00,2019-02-19 22:00:00,2019-02-20 06:00:00,1.13534,1.13665,1.13358,1.13499,75305.0
2019-02-21 00:00:00,2019-02-20 22:00:00,2019-02-21 06:00:00,1.13486,1.13688,1.134,1.13508,88806.0
2019-02-22 00:00:00,2019-02-21 22:00:00,2019-02-22 06:00:00,1.1351,1.13546,1.13301,1.1338,74799.0
2019-02-25 00:00:00,2019-02-24 22:00:00,2019-02-25 06:00:00,1.13389,1.13688,1.13295,1.13647,65029.0
2019-02-26 00:00:00,2019-02-25 22:00:00,2019-02-26 06:00:00,1.13646,1.13895,1.13513,1.13891,77891.0
2019-02-27 00:00:00,2019-02-26 22:00:00,2019-02-27 06:00:00,1.139,1.13935,1.13521,1.13848,82714.0
2019-02-28 00:00:00,2019-02-27 22:00:00,2019-02-28 06:00:00,1.13847,1.1388,1.13298,1.13533,93901.0
2019-03-01 00:00:00,2019-02-28 22:00:00,2019-03-01 06:00:00,1.13541,1.13708,1.13395,1.13555,81941.0
2019-03-04 00:00:00,2019-03-03 22:00:00,2019-03-04 06:00:00,1.13551,1.13662,1.13164,1.13258,70113.0
2019-03-05 00:00:00,2019-03-04 22:00:00,2019-03-05 06:00:00,1.13266,1.13571,1.13152,1.13564,69286.0
2019-03-06 00:00:00,2019-03-05 22:00:00,2019-03-06 06:00:00,1.13563,1.13696,1.13474,1.1364,64516.0
2019-03-07 00:00:00,2019-03-06 22:00:00,2019-03-07 06:00:00,1.13642,1.13674,1.13142,1.13174,92142.0
2019-03-08 00:00:00,2019-03-07 22:00:00,2019-03-08 06:00:00,1.1316,1.13339,1.13081,1.13224,86675.0
2019-03-11 00:00:00,2019-03-10 21:00:00,2019-03-11 05:00:00,1.13082,1.13715,1.13082,1.13645,67091.0
2019-03-12 00:00:00,2019-03-11 21:00:00,2019-03-12 05:00:00,1.13629,1.13851,1.13475,1.13754,91701.0
2019-03-13 00:00:00,2019-03-12 21:00:00,2019-03-13 05:00:00,1.13741,1.13805,1.13549,1.13696,79196.0
2019-03-14 00:00:00,2019-03-13 21:00:00,2019-03-14 05:00:00,1.13706,1.13756,1.13439,1.13474,91530.0
2019-03-15 00:00:00,2019-03-14 21:00:00,2019-03-15 05:00:00,1.1346,1.13731,1.13436,1.13494,73002.0
2019-03-18 00:00:00,2019-03-17 21:00:00,2019-03-18 05:00:00,1.13468,1.13655,1.13384,1.13499,62321.0
2019-03-19 00:00:00,2019-03-18 21:00:00,2019-03-19 05:00:00,1.13515,1.13592,1.13396,1.13424,60763.0
2019-03-20 00:00:00,2019-03-19 21:00:00,2019-03-20 05:00:00,1.13435,1.13509,1.13185,1.13281,82674.0
2019-03-21 00:00:00,2019-03-20 21:00:00,2019-03-21 05:00:00,1.13273,1.13342,1.1266,1.12849,91740.0
2019-03-22 00:00:00,2019-03-21 21:00:00,2019-03-22 05:00:00,1.12802,1.12983,1.12121,1.12258,93716.0
2019-03-25 00:00:00,2019-03-24 21:00:00,2019-03-25 05:00:00,1.12246,1.12569,1.12206,1.12264,66247.0
2019-03-26 00:00:00,2019-03-25 21:00:00,2019-03-26 05:00:00,1.12251,1.12469,1.12,1.12039,71308.0
2019-03-27 00:00:00,2019-03-26 21:00:00,2019-03-27 05:00:00,1.12016,1.12195,1.1173,1.11855,83928.0
2019-03-28 00:00:00,2019-03-27 21:00:00,2019-03-28 05:00:00,1.11849,1.12141,1.11742,1.11745,77080.0
2019-03-29 00:00:00,2019-03-28 21:00:00,2019-03-29 05:00:00,1.11713,1.12009,1.11624,1.11624,74684.0
2019-04-01 00:00:00,2019-03-31 21:00:00,2019-04-01 05:00:00,1.1169,1.1204,1.11669,1.12011,71164.0
2019-04-02 00:00:00,2019-04-01 21:00:00,2019-04-02 05:00:00,1.1191,1.12032,1.11691,1.11834,66399.0
2019-04-03 00:00:00,2019-04-02 21:00:00,2019-04-03 05:00:00,1.11797,1.1216,1.11711,1.12119,62601.0
2019-04-04 00:00:00,2019-04-03 21:00:00,2019-04-04 05:00:00,1.12111,1.12252,1.11885,1.12208,59461.0
2019-04-05 00:00:00,2019-04-04 21:00:00,2019-04-05 05:00:00,1.122,1.12398,1.1204,1.12167,52498.0
2019-04-08 00:00:00,2019-04-07 21:00:00,2019-04-08 05:00:00,1.12109,1.12569,1.12071,1.12477,50394.0
2019-04-09 00:00:00,2019-04-08 21:00:00,2019-04-09 05:00:00,1.1248,1.12801,1.12446,1.12613,63034.0
2019-04-10 00:00:00,2019-04-09 21:00:00,2019-04-10 05:00:00,1.1262,1.13044,1.12544,1.13025,62407.0
2019-04-11 00:00:00,2019-04-10 21:00:00,2019-04-11 05:00:00,1.13012,1.13146,1.12896,1.12913,53039.0
2019-04-12 00:00:00,2019-04-11 21:00:00,2019-04-12 05:00:00,1.12841,1.13316,1.12813,1.13285,57584.0
2019-04-15 00:00:00,2019-04-14 21:00:00,2019-04-15 05:00:00,1.13235,1.1354,1.13233,1.13504,45026.0
2019-04-16 00:00:00,2019-04-15 21:00:00,2019-04-16 05:00:00,1.13495,1.13778,1.13415,1.13671,60456.0
2019-04-17 00:00:00,2019-04-16 21:00:00,2019-04-17 05:00:00,1.13666,1.14225,1.13631,1.14195,56664.0
2019-04-18 00:00:00,2019-04-17 21:00:00,2019-04-18 05:00:00,1.14138,1.14206,1.1366,1.1404,64634.0
2019-04-19 00:00:00,2019-04-18 21:00:00,2019-04-19 05:00:00,1.13936,1.14107,1.13908,1.13993,54271.0
2019-04-22 00:00:00,2019-04-21 21:00:00,2019-04-22 05:00:00,1.13925,1.14396,1.13925,1.14332,23040.0
2019-04-23 00:00:00,2019-04-22 21:00:00,2019-04-23 05:00:00,1.14247,1.14766,1.14238,1.14512,56187.0
2019-04-24 00:00:00,2019-04-23 21:00:00,2019-04-24 05:00:00,1.1452,1.14536,1.13798,1.13818,79743.0
2019-04-25 00:00:00,2019-04-24 21:00:00,2019-04-25 05:00:00,1.13804,1.13891,1.1356,1.13591,76418.0
2019-04-26 00:00:00,2019-04-25 21:00:00,2019-04-26 05:00:00,1.13576,1.13855,1.1351,1.13671,71595.0
2019-04-29 00:00:00,2019-04-28 21:00:00,2019-04-29 05:00:00,1.13596,1.14091,1.13594,1.14043,48141.0
2019-04-30 00:00:00,2019-04-29 21:00:00,2019-04-30 05:00:00,1.14042,1.14452,1.13885,1.14291,63538.0
2019-05-01 00:00:00,2019-04-30 21:00:00,2019-05-01 05:00:00,1.14286,1.14398,1.13906,1.13935,55557.0
2019-05-02 00:00:00,2019-05-01 21:00:00,2019-05-02 05:00:00,1.13986,1.14274,1.13837,1.13885,60634.0
2019-05-03 00:00:00,2019-05-02 21:00:00,2019-05-03 05:00:00,1.13829,1.1397,1.13722,1.13856,71519.0
2019-05-06 00:00:00,2019-05-05 21:00:00,2019-05-06 05:00:00,1.13508,1.14086,1.13474,1.13981,64278.0
2019-05-07 00:00:00,2019-05-06 21:00:00,2019-05-07 05:00:00,1.13958,1.14397,1.13846,1.14084,75483.0
2019-05-08 00:00:00,2019-05-07 21:00:00,2019-05-08 05:00:00,1.14055,1.14296,1.13833,1.14207,82227.0
2019-05-09 00:00:00,2019-05-08 21:00:00,2019-05-09 05:00:00,1.14086,1.14283,1.13714,1.13812,86813.0
2019-05-10 00:00:00,2019-05-09 21:00:00,2019-05-10 05:00:00,1.13769,1.14093,1.13599,1.13662,82913.0
2019-05-13 00:00:00,2019-05-12 21:00:00,2019-05-13 05:00:00,1.13617,1.13693,1.12935,1.12942,72170.0
2019-05-14 00:00:00,2019-05-13 21:00:00,2019-05-14 05:00:00,1.1293,1.13296,1.12885,1.13006,63729.0
2019-05-15 00:00:00,2019-05-14 21:00:00,2019-05-15 05:00:00,1.12988,1.13138,1.12643,1.12989,64977.0
2019-05-16 00:00:00,2019-05-15 21:00:00,2019-05-16 05:00:00,1.12987,1.13176,1.12816,1.12844,55789.0
2019-05-17 00:00:00,2019-05-16 21:00:00,2019-05-17 05:00:00,1.12845,1.12991,1.127,1.12809,66711.0
2019-05-20 00:00:00,2019-05-19 21:00:00,2019-05-20 05:00:00,1.12772,1.12929,1.12572,1.12606,50645.0
2019-05-21 00:00:00,2019-05-20 21:00:00,2019-05-21 05:00:00,1.12601,1.12916,1.12557,1.12852,56088.0
2019-05-22 00:00:00,2019-05-21 21:00:00,2019-05-22 05:00:00,1.12819,1.1292,1.12454,1.12578,53388.0
2019-05-23 00:00:00,2019-05-22 21:00:00,2019-05-23 05:00:00,1.12593,1.12608,1.12062,1.12198,73532.0
2019-05-24 00:00:00,2019-05-23 21:00:00,2019-05-24 05:00:00,1.12175,1.1234,1.11953,1.12236,59908.0
2019-05-27 00:00:00,2019-05-26 21:00:00,2019-05-27 05:00:00,1.12173,1.12638,1.12173,1.12354,31190.0
2019-05-28 00:00:00,2019-05-27 21:00:00,2019-05-28 05:00:00,1.12325,1.12784,1.1225,1.12462,66689.0
2019-05-29 00:00:00,2019-05-28 21:00:00,2019-05-29 05:00:00,1.12457,1.12522,1.12083,1.12235,68553.0
2019-05-30 00:00:00,2019-05-29 21:00:00,2019-05-30 05:00:00,1.12153,1.12485,1.12126,1.12172,54388.0
2019-05-31 00:00:00,2019-05-30 21:00:00,2019-05-31 05:00:00,1.12137,1.12219,1.11714,1.118,85523.0
2019-06-03 00:00:00,2019-06-02 21:00:00,2019-06-03 05:00:00,1.11747,1.12046,1.11196,1.11568,87843.0
2019-06-04 00:00:00,2019-06-03 21:00:00,2019-06-04 05:00:00,1.11551,1.11906,1.11531,1.11642,85494.0
2019-06-05 00:00:00,2019-06-04 21:00:00,2019-06-05 05:00:00,1.11603,1.11966,1.1137,1.11612,91980.0
2019-06-06 00:00:00,2019-06-05 21:00:00,2019-06-06 05:00:00,1.11618,1.11978,1.11549,1.11784,94637.0
2019-06-07 00:00:00,2019-06-06 21:00:00,2019-06-07 05:00:00,1.11775,1.12069,1.11682,1.1195,78919.0
2019-06-10 00:00:00,2019-06-09 21:00:00,2019-06-10 05:00:00,1.12003,1.121,1.1186,1.11967,63290.0
2019-06-11 00:00:00,2019-06-10 21:00:00,2019-06-11 05:00:00,1.11951,1.12437,1.11868,1.12393,70790.0
2019-06-12 00:00:00,2019-06-11 21:00:00,2019-06-12 05:00:00,1.12381,1.12643,1.12252,1.12365,79512.0
2019-06-13 00:00:00,2019-06-12 21:00:00,2019-06-13 05:00:00,1.12358,1.12499,1.11998,1.12074,66531.0
2019-06-14 00:00:00,2019-06-13 21:00:00,2019-06-14 05:00:00,1.12076,1.12277,1.11941,1.11949,72981.0
2019-06-17 00:00:00,2019-06-16 21:00:00,2019-06-17 05:00:00,1.11896,1.12221,1.11895,1.12069,55364.0
2019-06-18 00:00:00,2019-06-17 21:00:00,2019-06-18 05:00:00,1.12082,1.12135,1.11732,1.11951,90524.0
2019-06-19 00:00:00,2019-06-18 21:00:00,2019-06-19 05:00:00,1.11948,1.12116,1.11545,1.11603,77716.0
2019-06-20 00:00:00,2019-06-19 21:00:00,2019-06-20 05:00:00,1.11586,1.11633,1.10569,1.1085,107525.0
2019-06-21 00:00:00,2019-06-20 21:00:00,2019-06-21 05:00:00,1.10831,1.11268,1.10706,1.10981,95373.0
2019-06-24 00:00:00,2019-06-23 21:00:00,2019-06-24 05:00:00,1.1089,1.11309,1.10653,1.10789,70271.0
2019-06-25 00:00:00,2019-06-24 21:00:00,2019-06-25 05:00:00,1.1077,1.11245,1.10623,1.10886,98993.0
2019-06-26 00:00:00,2019-06-25 21:00:00,2019-06-26 05:00:00,1.10874,1.11244,1.10766,1.11171,99482.0
2019-06-27 00:00:00,2019-06-26 21:00:00,2019-06-27 05:00:00,1.11171,1.11452,1.10979,1.11025,82779.0
2019-06-28 00:00:00,2019-06-27 21:00:00,2019-06-28 05:00:00,1.11018,1.11234,1.10826,1.1103,75962.0
2019-07-01 00:00:00,2019-06-30 21:00:00,2019-07-01 05:00:00,1.11192,1.11615,1.11168,1.11464,86761.0
2019-07-02 00:00:00,2019-07-01 21:00:00,2019-07-02 05:00:00,1.11451,1.11721,1.11249,1.11306,75015.0
2019-07-03 00:00:00,2019-07-02 21:00:00,2019-07-03 05:00:00,1.1126,1.11364,1.11079,1.11225,62368.0
2019-07-04 00:00:00,2019-07-03 21:00:00,2019-07-04 05:00:00,1.1121,1.11385,1.11109,1.1111,34874.0
2019-07-05 00:00:00,2019-07-04 21:00:00,2019-07-05 05:00:00,1.11065,1.11476,1.11063,1.11328,67756.0
2019-07-08 00:00:00,2019-07-07 21:00:00,2019-07-08 05:00:00,1.11301,1.1153,1.11133,1.1145,52865.0
2019-07-09 00:00:00,2019-07-08 21:00:00,2019-07-09 05:00:00,1.11399,1.11579,1.1123,1.11357,55106.0
2019-07-10 00:00:00,2019-07-09 21:00:00,2019-07-10 05:00:00,1.11348,1.11448,1.112,1.11327,72457.0
2019-07-11 00:00:00,2019-07-10 21:00:00,2019-07-11 05:00:00,1.11321,1.11476,1.11052,1.11449,65553.0
2019-07-12 00:00:00,2019-07-11 21:00:00,2019-07-12 05:00:00,1.11416,1.11545,1.10716,1.10889,66477.0
2019-07-15 00:00:00,2019-07-14 21:00:00,2019-07-15 05:00:00,1.10847,1.11033,1.10659,1.10832,48703.0
2019-07-16 00:00:00,2019-07-15 21:00:00,2019-07-16 05:00:00,1.10822,1.10941,1.10566,1.10734,55992.0
2019-07-17 00:00:00,2019-07-16 21:00:00,2019-07-17 05:00:00,1.1072,1.11105,1.10701,1.10833,47113.0
2019-07-18 00:00:00,2019-07-17 21:00:00,2019-07-18 05:00:00,1.10814,1.10894,1.106,1.10681,66945.0
2019-07-19 00:00:00,2019-07-18 21:00:00,2019-07-19 05:00:00,1.10653,1.10829,1.1013,1.10147,59739.0
2019-07-22 00:00:00,2019-07-21 21:00:00,2019-07-22 05:00:00,1.10137,1.10353,1.09991,1.10069,47403.0
2019-07-23 00:00:00,2019-07-22 21:00:00,2019-07-23 05:00:00,1.10065,1.10193,1.09712,1.09868,52705.0
2019-07-24 00:00:00,2019-07-23 21:00:00,2019-07-24 05:00:00,1.09863,1.1005,1.09696,1.09696,49716.0
2019-07-25 00:00:00,2019-07-24 21:00:00,2019-07-25 05:00:00,1.09703,1.10551,1.09625,1.10447,71325.0
2019-07-26 00:00:00,2019-07-25 21:00:00,2019-07-26 05:00:00,1.10442,1.10633,1.10378,1.10524,52425.0
2019-07-29 00:00:00,2019-07-28 21:00:00,2019-07-29 05:00:00,1.10471,1.10579,1.10254,1.10524,40477.0
2019-07-30 00:00:00,2019-07-29 21:00:00,2019-07-30 05:00:00,1.10508,1.1055,1.10291,1.10464,58990.0
2019-07-31 00:00:00,2019-07-30 21:00:00,2019-07-31 05:00:00,1.10467,1.10621,1.10032,1.10116,73206.0
2019-08-01 00:00:00,2019-07-31 21:00:00,2019-08-01 05:00:00,1.10084,1.10193,1.09693,1.09772,97165.0
2019-08-02 00:00:00,2019-08-01 21:00:00,2019-08-02 05:00:00,1.0973,1.09771,1.0907,1.0909,116604.0
2019-08-05 00:00:00,2019-08-04 21:00:00,2019-08-05 05:00:00,1.09236,1.09285,1.08632,1.09023,121008.0
2019-08-06 00:00:00,2019-08-05 21:00:00,2019-08-06 05:00:00,1.08976,1.09536,1.08913,1.09348,116645.0
2019-08-07 00:00:00,2019-08-06 21:00:00,2019-08-07 05:00:00,1.09323,1.09581,1.08935,1.09236,142894.0
2019-08-08 00:00:00,2019-08-07 21:00:00,2019-08-08 05:00:00,1.09231,1.09557,1.08979,1.08985,96825.0
2019-08-09 00:00:00,2019-08-08 21:00:00,2019-08-09 05:00:00,1.08878,1.09114,1.08878,1.08931,93659.0
2019-08-12 00:00:00,2019-08-11 21:00:00,2019-08-12 05:00:00,1.08888,1.09019,1.08675,1.08688,97582.0
2019-08-13 00:00:00,2019-08-12 21:00:00,2019-08-13 05:00:00,1.0867,1.09223,1.08414,1.091,134109.0
2019-08-14 00:00:00,2019-08-13 21:00:00,2019-08-14 05:00:00,1.09074,1.09144,1.08379,1.08419,140175.0
2019-08-15 00:00:00,2019-08-14 21:00:00,2019-08-15 05:00:00,1.08366,1.08739,1.08352,1.08469,157238.0
2019-08-16 00:00:00,2019-08-15 21:00:00,2019-08-16 05:00:00,1.08399,1.08772,1.08376,1.08526,111225.0
2019-08-19 00:00:00,2019-08-18 21:00:00,2019-08-19 05:00:00,1.08327,1.08984,1.08327,1.0874,85226.0
2019-08-20 00:00:00,2019-08-19 21:00:00,2019-08-20 05:00:00,1.08727,1.08814,1.0845,1.08541,82050.0
2019-08-21 00:00:00,2019-08-20 21:00:00,2019-08-21 05:00:00,1.08542,1.08955,1.085,1.08921,87582.0
2019-08-22 00:00:00,2019-08-21 21:00:00,2019-08-22 05:00:00,1.08897,1.09194,1.08752,1.08984,90919.0
2019-08-23 00:00:00,2019-08-22 21:00:00,2019-08-23 05:00:00,1.08968,1.0928,1.08547,1.08658,123491.0
2019-08-26 00:00:00,2019-08-25 21:00:00,2019-08-26 05:00:00,1.08427,1.09027,1.0839,1.08677,181032.0
2019-08-27 00:00:00,2019-08-26 21:00:00,2019-08-27 05:00:00,1.08645,1.09162,1.08585,1.08818,124891.0
2019-08-28 00:00:00,2019-08-27 21:00:00,2019-08-28 05:00:00,1.08798,1.09029,1.08651,1.08731,118127.0
2019-08-29 00:00:00,2019-08-28 21:00:00,2019-08-29 05:00:00,1.08732,1.09138,1.08609,1.09078,126410.0
2019-08-30 00:00:00,2019-08-29 21:00:00,2019-08-30 05:00:00,1.0909,1.09238,1.0868,1.08798,120341.0
2019-09-02 00:00:00,2019-09-01 21:00:00,2019-09-02 05:00:00,1.08747,1.08932,1.08585,1.08643,68881.0
2019-09-03 00:00:00,2019-09-02 21:00:00,2019-09-03 05:00:00,1.08635,1.0869,1.08202,1.08272,120868.0
2019-09-04 00:00:00,2019-09-03 21:00:00,2019-09-04 05:00:00,1.08297,1.086,1.08114,1.08255,103963.0
2019-09-05 00:00:00,2019-09-04 21:00:00,2019-09-05 05:00:00,1.08205,1.09132,1.08147,1.08804,113456.0
2019-09-06 00:00:00,2019-09-05 21:00:00,2019-09-06 05:00:00,1.0876,1.09311,1.08743,1.08887,110768.0
2019-09-09 00:00:00,2019-09-08 21:00:00,2019-09-09 05:00:00,1.08885,1.09627,1.0886,1.09591,93616.0
2019-09-10 00:00:00,2019-09-09 21:00:00,2019-09-10 05:00:00,1.09597,1.09687,1.09159,1.0953,96081.0
2019-09-11 00:00:00,2019-09-10 21:00:00,2019-09-11 05:00:00,1.09535,1.09713,1.0911,1.09315,93761.0
2019-09-12 00:00:00,2019-09-11 21:00:00,2019-09-12 05:00:00,1.09304,1.0969,1.08519,1.09565,139021.0
2019-09-13 00:00:00,2019-09-12 21:00:00,2019-09-13 05:00:00,1.09559,1.09744,1.09278,1.09667,112975.0
2019-09-16 00:00:00,2019-09-15 21:00:00,2019-09-16 05:00:00,1.09342,1.09591,1.09122,1.09223,110998.0
2019-09-17 00:00:00,2019-09-16 21:00:00,2019-09-17 05:00:00,1.09151,1.09972,1.0913,1.0995,115167.0
2019-09-18 00:00:00,2019-09-17 21:00:00,2019-09-18 05:00:00,1.09963,1.10187,1.0985,1.1002,109800.0
2019-09-19 00:00:00,2019-09-18 21:00:00,2019-09-19 05:00:00,1.09969,1.10177,1.09569,1.09644,113391.0
2019-09-20 00:00:00,2019-09-19 21:00:00,2019-09-20 05:00:00,1.09575,1.09693,1.09122,1.09192,103090.0
2019-09-23 00:00:00,2019-09-22 21:00:00,2019-09-23 05:00:00,1.0916,1.09294,1.08567,1.08813,90539.0
2019-09-24 00:00:00,2019-09-23 21:00:00,2019-09-24 05:00:00,1.08798,1.0897,1.0844,1.08614,101557.0
2019-09-25 00:00:00,2019-09-24 21:00:00,2019-09-25 05:00:00,1.08609,1.08662,1.08323,1.08584,104029.0
2019-09-26 00:00:00,2019-09-25 21:00:00,2019-09-26 05:00:00,1.08505,1.08756,1.08442,1.08513,89504.0
2019-09-27 00:00:00,2019-09-26 21:00:00,2019-09-27 05:00:00,1.08478,1.08651,1.08327,1.08445,93062.0
2019-09-30 00:00:00,2019-09-29 21:00:00,2019-09-30 05:00:00,1.08391,1.08872,1.08354,1.08781,89752.0
2019-10-01 00:00:00,2019-09-30 21:00:00,2019-10-01 05:00:00,1.08748,1.0921,1.08519,1.08563,113076.0
2019-10-02 00:00:00,2019-10-01 21:00:00,2019-10-02 05:00:00,1.08572,1.0954,1.08526,1.09256,111138.0
2019-10-03 00:00:00,2019-10-02 21:00:00,2019-10-03 05:00:00,1.09262,1.09796,1.09188,1.09519,117669.0
2019-10-04 00:00:00,2019-10-03 21:00:00,2019-10-04 05:00:00,1.09542,1.09777,1.09098,1.09244,101929.0
2019-10-07 00:00:00,2019-10-06 21:00:00,2019-10-07 05:00:00,1.09089,1.09383,1.08972,1.09133,88178.0
2019-10-08 00:00:00,2019-10-07 21:00:00,2019-10-08 05:00:00,1.09105,1.0928,1.08719,1.0881,112350.0
2019-10-09 00:00:00,2019-10-08 21:00:00,2019-10-09 05:00:00,1.08802,1.09308,1.08702,1.09264,100151.0
2019-10-10 00:00:00,2019-10-09 21:00:00,2019-10-10 05:00:00,1.0926,1.09775,1.08991,1.09691,135176.0
2019-10-11 00:00:00,2019-10-10 21:00:00,2019-10-11 05:00:00,1.09708,1.10395,1.09652,1.10008,126368.0
2019-10-14 00:00:00,2019-10-13 21:00:00,2019-10-14 05:00:00,1.09942,1.10103,1.09716,1.09965,82468.0
2019-10-15 00:00:00,2019-10-14 21:00:00,2019-10-15 05:00:00,1.09891,1.10278,1.09728,1.10186,115336.0
2019-10-16 00:00:00,2019-10-15 21:00:00,2019-10-16 05:00:00,1.10177,1.1032,1.09944,1.10155,104985.0
2019-10-17 00:00:00,2019-10-16 21:00:00,2019-10-17 05:00:00,1.10147,1.10591,1.09748,1.099,102759.0
2019-10-18 00:00:00,2019-10-17 21:00:00,2019-10-18 05:00:00,1.09874,1.10086,1.09751,1.09944,88547.0
2019-10-21 00:00:00,2019-10-20 21:00:00,2019-10-21 05:00:00,1.09817,1.1009,1.09807,1.09922,85150.0
2019-10-22 00:00:00,2019-10-21 21:00:00,2019-10-22 05:00:00,1.09887,1.10239,1.09887,1.10086,89737.0
2019-10-23 00:00:00,2019-10-22 21:00:00,2019-10-23 05:00:00,1.10083,1.10311,1.09936,1.1028,84214.0
2019-10-24 00:00:00,2019-10-23 21:00:00,2019-10-24 05:00:00,1.10239,1.10417,1.10065,1.10187,91221.0
2019-10-25 00:00:00,2019-10-24 21:00:00,2019-10-25 05:00:00,1.1016,1.10308,1.10026,1.10181,76559.0
2019-10-28 00:00:00,2019-10-27 21:00:00,2019-10-28 05:00:00,1.10166,1.10587,1.10103,1.10397,67609.0
2019-10-29 00:00:00,2019-10-28 21:00:00,2019-10-29 05:00:00,1.10377,1.10496,1.10213,1.10448,78319.0
2019-10-30 00:00:00,2019-10-29 21:00:00,2019-10-30 05:00:00,1.10447,1.10496,1.10135,1.1033,98812.0
2019-10-31 00:00:00,2019-10-30 21:00:00,2019-10-31 05:00:00,1.10311,1.10355,1.09919,1.10004,110650.0
2019-11-01 00:00:00,2019-10-31 21:00:00,2019-11-01 05:00:00,1.0999,1.10271,1.09966,1.10037,92694.0
2019-11-04 00:00:00,2019-11-03 22:00:00,2019-11-04 06:00:00,1.10004,1.10348,1.09919,1.09952,78047.0
2019-11-05 00:00:00,2019-11-04 22:00:00,2019-11-05 06:00:00,1.09953,1.10292,1.09795,1.09916,98536.0
2019-11-06 00:00:00,2019-11-05 22:00:00,2019-11-06 06:00:00,1.0991,1.10159,1.09787,1.09826,83892.0
2019-11-07 00:00:00,2019-11-06 22:00:00,2019-11-07 06:00:00,1.09837,1.10127,1.09747,1.09893,111199.0
2019-11-08 00:00:00,2019-11-07 22:00:00,2019-11-08 06:00:00,1.09896,1.10054,1.09753,1.09955,81112.0
2019-11-11 00:00:00,2019-11-10 22:00:00,2019-11-11 06:00:00,1.09898,1.09955,1.09574,1.0959,59068.0
2019-11-12 00:00:00,2019-11-11 22:00:00,2019-11-12 06:00:00,1.09591,1.09801,1.09271,1.09313,75110.0
2019-11-13 00:00:00,2019-11-12 22:00:00,2019-11-13 06:00:00,1.09311,1.09372,1.08785,1.08881,77521.0
2019-11-14 00:00:00,2019-11-13 22:00:00,2019-11-14 06:00:00,1.08882,1.09039,1.08631,1.08963,83342.0
2019-11-15 00:00:00,2019-11-14 22:00:00,2019-11-15 06:00:00,1.08958,1.09463,1.08863,1.09397,65582.0
2019-11-18 00:00:00,2019-11-17 22:00:00,2019-11-18 06:00:00,1.09237,1.09623,1.09237,1.09469,71290.0
2019-11-19 00:00:00,2019-11-18 22:00:00,2019-11-19 06:00:00,1.09473,1.09865,1.09392,1.09742,68801.0
2019-11-20 00:00:00,2019-11-19 22:00:00,2019-11-20 06:00:00,1.0973,1.10012,1.09517,1.09701,84950.0
2019-11-21 00:00:00,2019-11-20 22:00:00,2019-11-21 06:00:00,1.09708,1.10035,1.09559,1.09822,81823.0
2019-11-22 00:00:00,2019-11-21 22:00:00,2019-11-22 06:00:00,1.09824,1.10097,1.09764,1.09934,81223.0
2019-11-25 00:00:00,2019-11-24 22:00:00,2019-11-25 06:00:00,1.09966,1.10007,1.0967,1.09783,69608.0
2019-11-26 00:00:00,2019-11-25 22:00:00,2019-11-26 06:00:00,1.09773,1.1,1.09689,1.09911,69353.0
2019-11-27 00:00:00,2019-11-26 22:00:00,2019-11-27 06:00:00,1.09911,1.10004,1.09798,1.0993,69674.0
2019-11-28 00:00:00,2019-11-27 22:00:00,2019-11-28 06:00:00,1.09938,1.10031,1.09849,1.09968,51542.0
2019-11-29 00:00:00,2019-11-28 22:00:00,2019-11-29 06:00:00,1.09962,1.10231,1.09886,1.10157,69254.0
2019-12-02 00:00:00,2019-12-01 22:00:00,2019-12-02 06:00:00,1.10197,1.10273,1.09823,1.09861,76121.0
2019-12-03 00:00:00,2019-12-02 22:00:00,2019-12-03 06:00:00,1.09866,1.0993,1.09272,1.09399,83615.0
2019-12-04 00:00:00,2019-12-03 22:00:00,2019-12-04 06:00:00,1.09395,1.09688,1.09212,1.09556,87424.0
2019-12-05 00:00:00,2019-12-04 22:00:00,2019-12-05 06:00:00,1.09546,1.09827,1.09411,1.09615,73919.0
2019-12-06 00:00:00,2019-12-05 22:00:00,2019-12-06 06:00:00,1.09621,1.09806,1.09428,1.09474,75404.0
2019-12-09 00:00:00,2019-12-08 22:00:00,2019-12-09 06:00:00,1.09441,1.09674,1.09292,1.093,58794.0
2019-12-10 00:00:00,2019-12-09 22:00:00,2019-12-10 06:00:00,1.093,1.09371,1.09119,1.09197,68764.0
2019-12-11 00:00:00,2019-12-10 22:00:00,2019-12-11 06:00:00,1.09193,1.09452,1.09104,1.0942,72597.0
2019-12-12 00:00:00,2019-12-11 22:00:00,2019-12-12 06:00:00,1.09414,1.09764,1.09237,1.09617,96431.0
2019-12-13 00:00:00,2019-12-12 22:00:00,2019-12-13 06:00:00,1.09623,1.10341,1.09328,1.09387,117674.0
2019-12-16 00:00:00,2019-12-15 22:00:00,2019-12-16 06:00:00,1.09436,1.09678,1.09367,1.09496,67055.0
2019-12-17 00:00:00,2019-12-16 22:00:00,2019-12-17 06:00:00,1.09497,1.09679,1.09259,1.09313,71248.0
2019-12-18 00:00:00,2019-12-17 22:00:00,2019-12-18 06:00:00,1.09307,1.09363,1.08947,1.08965,67749.0
2019-12-19 00:00:00,2019-12-18 22:00:00,2019-12-19 06:00:00,1.08956,1.09264,1.08675,1.08762,72201.0
2019-12-20 00:00:00,2019-12-19 22:00:00,2019-12-20 06:00:00,1.08761,1.0907,1.08708,1.08747,67858.0
2019-12-23 00:00:00,2019-12-22 22:00:00,2019-12-23 06:00:00,1.08736,1.08971,1.08612,1.08884,60447.0
2019-12-24 00:00:00,2019-12-23 22:00:00,2019-12-24 06:00:00,1.08882,1.08983,1.08564,1.08641,48506.0
2019-12-25 00:00:00,2019-12-24 22:00:00,2019-12-25 06:00:00,1.086,1.08698,1.08565,1.08633,3016.0
2019-12-26 00:00:00,2019-12-25 22:00:00,2019-12-26 06:00:00,1.08612,1.08962,1.08612,1.08952,25941.0
2019-12-27 00:00:00,2019-12-26 22:00:00,2019-12-27 06:00:00,1.08967,1.0905,1.08697,1.08888,70245.0
2019-12-30 00:00:00,2019-12-29 22:00:00,2019-12-30 06:00:00,1.08853,1.09036,1.08495,1.08518,75014.0
2019-12-31 00:00:00,2019-12-30 22:00:00,2019-12-31 06:00:00,1.08544,1.08834,1.08405,1.08552,66154.0
2020-01-01 00:00:00,2019-12-31 22:00:00,2020-01-01 06:00:00,1.08565,1.08565,1.08491,1.08529,1333.0
2020-01-02 00:00:00,2020-01-01 22:00:00,2020-01-02 06:00:00,1.08312,1.08779,1.08296,1.085,73925.0
2020-01-03 00:00:00,2020-01-02 22:00:00,2020-01-03 06:00:00,1.085,1.08585,1.08238,1.08507,90697.0
2020-01-06 00:00:00,2020-01-05 22:00:00,2020-01-06 06:00:00,1.08309,1.08597,1.08297,1.08429,73472.0
2020-01-07 00:00:00,2020-01-06 22:00:00,2020-01-07 06:00:00,1.08435,1.08606,1.08087,1.08199,86844.0
2020-01-08 00:00:00,2020-01-07 22:00:00,2020-01-08 06:00:00,1.08209,1.08287,1.07823,1.08119,123817.0
2020-01-09 00:00:00,2020-01-08 22:00:00,2020-01-09 06:00:00,1.08127,1.08328,1.07948,1.08096,76987.0
2020-01-10 00:00:00,2020-01-09 22:00:00,2020-01-10 06:00:00,1.08088,1.08297,1.08011,1.08185,63920.0
2020-01-13 00:00:00,2020-01-12 22:00:00,2020-01-13 06:00:00,1.08057,1.08333,1.07975,1.08116,61623.0
2020-01-14 00:00:00,2020-01-13 22:00:00,2020-01-14 06:00:00,1.08121,1.08206,1.07595,1.07643,78343.0
2020-01-15 00:00:00,2020-01-14 22:00:00,2020-01-15 06:00:00,1.07646,1.07765,1.07423,1.07471,78271.0
2020-01-16 00:00:00,2020-01-15 22:00:00,2020-01-16 06:00:00,1.07476,1.07592,1.07323,1.07458,70041.0
2020-01-17 00:00:00,2020-01-16 22:00:00,2020-01-17 06:00:00,1.07461,1.07573,1.07326,1.07334,63826.0
2020-01-20 00:00:00,2020-01-19 22:00:00,2020-01-20 06:00:00,1.073,1.07499,1.07243,1.07419,44351.0
2020-01-21 00:00:00,2020-01-20 22:00:00,2020-01-21 06:00:00,1.07425,1.07512,1.07309,1.07401,73418.0
2020-01-22 00:00:00,2020-01-21 22:00:00,2020-01-22 06:00:00,1.07395,1.07877,1.07323,1.07362,71483.0
2020-01-23 00:00:00,2020-01-22 22:00:00,2020-01-23 06:00:00,1.0736,1.07471,1.07021,1.07169,83391.0
2020-01-24 00:00:00,2020-01-23 22:00:00,2020-01-24 06:00:00,1.07167,1.07231,1.07007,1.07097,72273.0
2020-01-27 00:00:00,2020-01-26 22:00:00,2020-01-27 06:00:00,1.07038,1.07168,1.06767,1.06807,80540.0
2020-01-28 00:00:00,2020-01-27 22:00:00,2020-01-28 06:00:00,1.06803,1.07234,1.0665,1.07204,68035.0
2020-01-29 00:00:00,2020-01-28 22:00:00,2020-01-29 06:00:00,1.07208,1.07378,1.07102,1.07206,66818.0
2020-01-30 00:00:00,2020-01-29 22:00:00,2020-01-30 06:00:00,1.07206,1.07226,1.0681,1.06982,85398.0
2020-01-31 00:00:00,2020-01-30 22:00:00,2020-01-31 06:00:00,1.06979,1.07063,1.06768,1.06828,87531.0
2020-02-03 00:00:00,2020-02-02 22:00:00,2020-02-03 06:00:00,1.06842,1.06934,1.06636,1.06847,87714.0
2020-02-04 00:00:00,2020-02-03 22:00:00,2020-02-04 06:00:00,1.06851,1.07172,1.06779,1.07033,80565.0
2020-02-05 00:00:00,2020-02-04 22:00:00,2020-02-05 06:00:00,1.07033,1.0728,1.06905,1.07058,83627.0
2020-02-06 00:00:00,2020-02-05 22:00:00,2020-02-06 06:00:00,1.07067,1.07244,1.06958,1.07027,74943.0
2020-02-07 00:00:00,2020-02-06 22:00:00,2020-02-07 06:00:00,1.07036,1.07105,1.06797,1.06979,84628.0
2020-02-10 00:00:00,2020-02-09 22:00:00,2020-02-10 06:00:00,1.06857,1.07132,1.06604,1.06647,88525.0
2020-02-11 00:00:00,2020-02-10 22:00:00,2020-02-11 06:00:00,1.06636,1.06791,1.06494,1.06514,94228.0
2020-02-12 00:00:00,2020-02-11 22:00:00,2020-02-12 06:00:00,1.06512,1.06624,1.06311,1.06349,93689.0
2020-02-13 00:00:00,2020-02-12 22:00:00,2020-02-13 06:00:00,1.06356,1.06389,1.06095,1.06177,94184.0
2020-02-14 00:00:00,2020-02-13 22:00:00,2020-02-14 06:00:00,1.06176,1.06505,1.06091,1.06422,70653.0
2020-02-17 00:00:00,2020-02-16 22:00:00,2020-02-17 06:00:00,1.06413,1.06505,1.06257,1.06263,49700.0
2020-02-18 00:00:00,2020-02-17 22:00:00,2020-02-18 06:00:00,1.06262,1.06293,1.06099,1.06109,78384.0
2020-02-19 00:00:00,2020-02-18 22:00:00,2020-02-19 06:00:00,1.06108,1.0634,1.06075,1.0633,80153.0
2020-02-20 00:00:00,2020-02-19 22:00:00,2020-02-20 06:00:00,1.06338,1.06347,1.06063,1.06153,106892.0
2020-02-21 00:00:00,2020-02-20 22:00:00,2020-02-21 06:00:00,1.06154,1.06243,1.06062,1.06143,98506.0
2020-02-24 00:00:00,2020-02-23 22:00:00,2020-02-24 06:00:00,1.06067,1.06244,1.059,1.06221,122500.0
2020-02-25 00:00:00,2020-02-24 22:00:00,2020-02-25 06:00:00,1.0623,1.06353,1.05937,1.06219,133339.0
2020-02-26 00:00:00,2020-02-25 22:00:00,2020-02-26 06:00:00,1.06217,1.06367,1.05996,1.06285,146504.0
2020-02-27 00:00:00,2020-02-26 22:00:00,2020-02-27 06:00:00,1.06294,1.06718,1.06164,1.06574,167145.0
2020-02-28 00:00:00,2020-02-27 22:00:00,2020-02-28 06:00:00,1.06578,1.06609,1.05848,1.06413,205036.0
2020-03-02 00:00:00,2020-03-01 22:00:00,2020-03-02 06:00:00,1.06342,1.07063,1.06311,1.06952,183281.0
2020-03-03 00:00:00,2020-03-02 22:00:00,2020-03-03 06:00:00,1.06947,1.071,1.063,1.06853,186051.0
2020-03-04 00:00:00,2020-03-03 22:00:00,2020-03-04 06:00:00,1.06848,1.07037,1.06203,1.06535,138892.0
2020-03-05 00:00:00,2020-03-04 22:00:00,2020-03-05 06:00:00,1.06542,1.06757,1.06166,1.0623,127455.0
2020-03-06 00:00:00,2020-03-05 22:00:00,2020-03-06 06:00:00,1.06238,1.06291,1.05753,1.06131,201883.0
2020-03-09 00:00:00,2020-03-08 21:00:00,2020-03-09 05:00:00,1.05805,1.06388,1.05422,1.05815,247698.0
2020-03-10 00:00:00,2020-03-09 21:00:00,2020-03-10 05:00:00,1.05727,1.06459,1.05663,1.0602,245391.0
2020-03-11 00:00:00,2020-03-10 21:00:00,2020-03-11 05:00:00,1.05954,1.06139,1.05718,1.05728,196054.0
2020-03-12 00:00:00,2020-03-11 21:00:00,2020-03-12 05:00:00,1.05682,1.05917,1.05416,1.05564,243688.0
2020-03-13 00:00:00,2020-03-12 21:00:00,2020-03-13 05:00:00,1.05549,1.06189,1.05501,1.05621,276012.0
2020-03-16 00:00:00,2020-03-15 21:00:00,2020-03-16 05:00:00,1.05621,1.05917,1.05383,1.05865,311539.0
2020-03-17 00:00:00,2020-03-16 21:00:00,2020-03-17 05:00:00,1.05812,1.06048,1.05455,1.05696,236144.0
2020-03-18 00:00:00,2020-03-17 21:00:00,2020-03-18 05:00:00,1.05682,1.05852,1.05312,1.05656,272148.0
2020-03-19 00:00:00,2020-03-18 21:00:00,2020-03-19 05:00:00,1.05596,1.06012,1.05248,1.05424,303167.0
2020-03-20 00:00:00,2020-03-19 21:00:00,2020-03-20 05:00:00,1.054,1.05573,1.05253,1.05389,295225.0
2020-03-23 00:00:00,2020-03-22 21:00:00,2020-03-23 05:00:00,1.05346,1.06001,1.0528,1.05632,277021.0
2020-03-24 00:00:00,2020-03-23 21:00:00,2020-03-24 05:00:00,1.05524,1.06008,1.05421,1.05876,214536.0
2020-03-25 00:00:00,2020-03-24 21:00:00,2020-03-25 05:00:00,1.05844,1.06373,1.05704,1.06318,196849.0
2020-03-26 00:00:00,2020-03-25 21:00:00,2020-03-26 05:00:00,1.0631,1.06537,1.06038,1.06293,206066.0
2020-03-27 00:00:00,2020-03-26 21:00:00,2020-03-27 05:00:00,1.06263,1.06364,1.05637,1.05912,185867.0
2020-03-30 00:00:00,2020-03-29 21:00:00,2020-03-30 05:00:00,1.05978,1.06013,1.05514,1.05892,139907.0
2020-03-31 00:00:00,2020-03-30 21:00:00,2020-03-31 05:00:00,1.0577,1.06222,1.05622,1.06066,168978.0
2020-04-01 00:00:00,2020-03-31 21:00:00,2020-04-01 05:00:00,1.0602,1.06051,1.05578,1.05854,137280.0
2020-04-02 00:00:00,2020-04-01 21:00:00,2020-04-02 05:00:00,1.05864,1.05938,1.05463,1.05715,134811.0
2020-04-03 00:00:00,2020-04-02 21:00:00,2020-04-03 05:00:00,1.05557,1.05774,1.05433,1.05582,122165.0
2020-04-06 00:00:00,2020-04-05 21:00:00,2020-04-06 05:00:00,1.0555,1.05814,1.05498,1.05618,116647.0
2020-04-07 00:00:00,2020-04-06 21:00:00,2020-04-07 05:00:00,1.05615,1.05943,1.05529,1.05612,125658.0
2020-04-08 00:00:00,2020-04-07 21:00:00,2020-04-08 05:00:00,1.05611,1.05678,1.05484,1.05534,113369.0
2020-04-09 00:00:00,2020-04-08 21:00:00,2020-04-09 05:00:00,1.05492,1.05825,1.05492,1.05605,115509.0
2020-04-10 00:00:00,2020-04-09 21:00:00,2020-04-10 05:00:00,1.05595,1.05723,1.05528,1.05578,61701.0
2020-04-13 00:00:00,2020-04-12 21:00:00,2020-04-13 05:00:00,1.05611,1.05672,1.055,1.0555,87378.0
2020-04-14 00:00:00,2020-04-13 21:00:00,2020-04-14 05:00:00,1.05545,1.05598,1.05332,1.05467,104284.0
2020-04-15 00:00:00,2020-04-14 21:00:00,2020-04-15 05:00:00,1.05459,1.05516,1.05236,1.05242,97175.0
2020-04-16 00:00:00,2020-04-15 21:00:00,2020-04-16 05:00:00,1.05239,1.05274,1.05084,1.05171,91376.0
2020-04-17 00:00:00,2020-04-16 21:00:00,2020-04-17 05:00:00,1.0524,1.05278,1.05107,1.05155,95773.0
2020-04-20 00:00:00,2020-04-19 21:00:00,2020-04-20 05:00:00,1.05167,1.05235,1.05124,1.05143,76235.0
2020-04-21 00:00:00,2020-04-20 21:00:00,2020-04-21 05:00:00,1.05136,1.05314,1.05116,1.05253,85225.0
2020-04-22 00:00:00,2020-04-21 21:00:00,2020-04-22 05:00:00,1.05244,1.05317,1.05133,1.05155,74795.0
2020-04-23 00:00:00,2020-04-22 21:00:00,2020-04-23 05:00:00,1.05132,1.05308,1.05094,1.05181,95846.0
2020-04-24 00:00:00,2020-04-23 21:00:00,2020-04-24 05:00:00,1.0517,1.05377,1.05126,1.0533,84560.0
2020-04-27 00:00:00,2020-04-26 21:00:00,2020-04-27 05:00:00,1.05247,1.05796,1.05241,1.05635,86263.0
2020-04-28 00:00:00,2020-04-27 21:00:00,2020-04-28 05:00:00,1.05605,1.06114,1.05455,1.05481,96453.0
2020-04-29 00:00:00,2020-04-28 21:00:00,2020-04-29 05:00:00,1.05474,1.06088,1.05405,1.05917,90289.0
2020-04-30 00:00:00,2020-04-29 21:00:00,2020-04-30 05:00:00,1.05862,1.05989,1.05468,1.05752,120203.0
2020-05-01 00:00:00,2020-04-30 21:00:00,2020-05-01 05:00:00,1.05747,1.05825,1.05516,1.05532,89452.0
2020-05-04 00:00:00,2020-05-03 21:00:00,2020-05-04 05:00:00,1.05547,1.05651,1.05239,1.0526,98976.0
2020-05-05 00:00:00,2020-05-04 21:00:00,2020-05-05 05:00:00,1.05247,1.05564,1.05177,1.05421,100776.0
2020-05-06 00:00:00,2020-05-05 21:00:00,2020-05-06 05:00:00,1.05415,1.05452,1.05208,1.05248,98152.0
2020-05-07 00:00:00,2020-05-06 21:00:00,2020-05-07 05:00:00,1.05246,1.05428,1.05241,1.05421,107096.0
2020-05-08 00:00:00,2020-05-07 21:00:00,2020-05-08 05:00:00,1.05404,1.05462,1.05225,1.05235,74810.0
2020-05-11 00:00:00,2020-05-10 21:00:00,2020-05-11 05:00:00,1.05263,1.05322,1.05145,1.05157,76027.0
2020-05-12 00:00:00,2020-05-11 21:00:00,2020-05-12 05:00:00,1.05141,1.05229,1.05138,1.05169,82197.0
2020-05-13 00:00:00,2020-05-12 21:00:00,2020-05-13 05:00:00,1.05157,1.05322,1.05146,1.0518,83103.0
2020-05-14 00:00:00,2020-05-13 21:00:00,2020-05-14 05:00:00,1.05164,1.05204,1.0505,1.05135,74865.0
2020-05-15 00:00:00,2020-05-14 21:00:00,2020-05-15 05:00:00,1.05125,1.05266,1.05121,1.05152,79538.0
2020-05-18 00:00:00,2020-05-17 21:00:00,2020-05-18 05:00:00,1.05096,1.06621,1.05086,1.06005,79793.0
2020-05-19 00:00:00,2020-05-18 21:00:00,2020-05-19 05:00:00,1.06005,1.06559,1.05993,1.06128,83566.0
2020-05-20 00:00:00,2020-05-19 21:00:00,2020-05-20 05:00:00,1.06101,1.06178,1.05779,1.05922,72726.0
2020-05-21 00:00:00,2020-05-20 21:00:00,2020-05-21 05:00:00,1.05934,1.06511,1.05848,1.06257,79543.0
2020-05-22 00:00:00,2020-05-21 21:00:00,2020-05-22 05:00:00,1.06252,1.06328,1.05814,1.05872,74363.0
2020-05-25 00:00:00,2020-05-24 21:00:00,2020-05-25 05:00:00,1.0583,1.05985,1.05766,1.0585,51927.0
2020-05-26 00:00:00,2020-05-25 21:00:00,2020-05-26 05:00:00,1.05832,1.06333,1.05795,1.06034,80073.0
2020-05-27 00:00:00,2020-05-26 21:00:00,2020-05-27 05:00:00,1.05984,1.06982,1.05891,1.06581,108975.0
2020-05-28 00:00:00,2020-05-27 21:00:00,2020-05-28 05:00:00,1.06549,1.06979,1.06522,1.06795,94329.0
2020-05-29 00:00:00,2020-05-28 21:00:00,2020-05-29 05:00:00,1.06775,1.07259,1.0661,1.06762,104368.0
2020-06-01 00:00:00,2020-05-31 21:00:00,2020-06-01 05:00:00,1.06731,1.07094,1.06689,1.06985,94615.0
2020-06-02 00:00:00,2020-06-01 21:00:00,2020-06-02 05:00:00,1.06984,1.07647,1.06855,1.07506,106664.0
2020-06-03 00:00:00,2020-06-02 21:00:00,2020-06-03 05:00:00,1.07491,1.08197,1.07448,1.07971,122437.0
2020-06-04 00:00:00,2020-06-03 21:00:00,2020-06-04 05:00:00,1.07993,1.0861,1.07441,1.08307,123552.0
2020-06-05 00:00:00,2020-06-04 21:00:00,2020-06-05 05:00:00,1.08312,1.09152,1.0825,1.08594,132629.0
2020-06-08 00:00:00,2020-06-07 21:00:00,2020-06-08 05:00:00,1.0854,1.08896,1.08017,1.08158,102941.0
2020-06-09 00:00:00,2020-06-08 21:00:00,2020-06-09 05:00:00,1.08137,1.08288,1.07461,1.07799,113000.0
2020-06-10 00:00:00,2020-06-09 21:00:00,2020-06-10 05:00:00,1.07783,1.07906,1.0726,1.07348,121868.0
2020-06-11 00:00:00,2020-06-10 21:00:00,2020-06-11 05:00:00,1.0734,1.07474,1.0656,1.06673,161903.0
2020-06-12 00:00:00,2020-06-11 21:00:00,2020-06-12 05:00:00,1.06616,1.07279,1.065,1.07191,147523.0
2020-06-15 00:00:00,2020-06-14 21:00:00,2020-06-15 05:00:00,1.07109,1.07476,1.06729,1.07469,165514.0
2020-06-16 00:00:00,2020-06-15 21:00:00,2020-06-16 05:00:00,1.07471,1.07689,1.06839,1.07135,136852.0
2020-06-17 00:00:00,2020-06-16 21:00:00,2020-06-17 05:00:00,1.07104,1.07228,1.06599,1.06644,153735.0
2020-06-18 00:00:00,2020-06-17 21:00:00,2020-06-18 05:00:00,1.06633,1.06898,1.06529,1.06605,115501.0
2020-06-19 00:00:00,2020-06-18 21:00:00,2020-06-19 05:00:00,1.06553,1.06779,1.06361,1.06444,98340.0
2020-06-22 00:00:00,2020-06-21 21:00:00,2020-06-22 05:00:00,1.06392,1.06747,1.06354,1.06709,93766.0
2020-06-23 00:00:00,2020-06-22 21:00:00,2020-06-23 05:00:00,1.06705,1.07115,1.06601,1.06847,114573.0
2020-06-24 00:00:00,2020-06-23 21:00:00,2020-06-24 05:00:00,1.06793,1.06931,1.06601,1.06643,106127.0
2020-06-25 00:00:00,2020-06-24 21:00:00,2020-06-25 05:00:00,1.06623,1.06766,1.06353,1.06392,109379.0
2020-06-26 00:00:00,2020-06-25 21:00:00,2020-06-26 05:00:00,1.06389,1.06445,1.0628,1.06379,83727.0
2020-06-29 00:00:00,2020-06-28 21:00:00,2020-06-29 05:00:00,1.06316,1.06959,1.06307,1.06938,89897.0
2020-06-30 00:00:00,2020-06-29 21:00:00,2020-06-30 05:00:00,1.06869,1.06987,1.06311,1.06428,97022.0
2020-07-01 00:00:00,2020-06-30 21:00:00,2020-07-01 05:00:00,1.06393,1.06616,1.06123,1.06413,90198.0
2020-07-02 00:00:00,2020-07-01 21:00:00,2020-07-02 05:00:00,1.06419,1.06614,1.06179,1.06244,89162.0
2020-07-03 00:00:00,2020-07-02 21:00:00,2020-07-03 05:00:00,1.0621,1.06379,1.06185,1.06185,71074.0
2020-07-06 00:00:00,2020-07-05 21:00:00,2020-07-06 05:00:00,1.06228,1.0656,1.06211,1.06545,83321.0
2020-07-07 00:00:00,2020-07-06 21:00:00,2020-07-07 05:00:00,1.06539,1.0666,1.06213,1.06256,85072.0
2020-07-08 00:00:00,2020-07-07 21:00:00,2020-07-08 05:00:00,1.0622,1.06409,1.06148,1.06319,76529.0
2020-07-09 00:00:00,2020-07-08 21:00:00,2020-07-09 05:00:00,1.06281,1.06472,1.06081,1.06083,85303.0
2020-07-10 00:00:00,2020-07-09 21:00:00,2020-07-10 05:00:00,1.0605,1.06398,1.0605,1.06342,77442.0
2020-07-13 00:00:00,2020-07-12 21:00:00,2020-07-13 05:00:00,1.06247,1.07028,1.06247,1.06812,82214.0
2020-07-14 00:00:00,2020-07-13 21:00:00,2020-07-14 05:00:00,1.06772,1.07163,1.06504,1.07151,98877.0
2020-07-15 00:00:00,2020-07-14 21:00:00,2020-07-15 05:00:00,1.07104,1.07875,1.07017,1.07773,98906.0
2020-07-16 00:00:00,2020-07-15 21:00:00,2020-07-16 05:00:00,1.07716,1.07969,1.07474,1.07648,96931.0
2020-07-17 00:00:00,2020-07-16 21:00:00,2020-07-17 05:00:00,1.07611,1.07687,1.07278,1.0728,64457.0
2020-07-20 00:00:00,2020-07-19 21:00:00,2020-07-20 05:00:00,1.07248,1.07759,1.07201,1.07475,89884.0
2020-07-21 00:00:00,2020-07-20 21:00:00,2020-07-21 05:00:00,1.0745,1.07589,1.0722,1.07569,102464.0
2020-07-22 00:00:00,2020-07-21 21:00:00,2020-07-22 05:00:00,1.07569,1.07948,1.07422,1.07565,138097.0
2020-07-23 00:00:00,2020-07-22 21:00:00,2020-07-23 05:00:00,1.07545,1.07622,1.07152,1.07321,130135.0
2020-07-24 00:00:00,2020-07-23 21:00:00,2020-07-24 05:00:00,1.07224,1.07491,1.07121,1.07297,110100.0
2020-07-27 00:00:00,2020-07-26 21:00:00,2020-07-27 05:00:00,1.07154,1.0838,1.07154,1.08104,115480.0
2020-07-28 00:00:00,2020-07-27 21:00:00,2020-07-28 05:00:00,1.08032,1.08271,1.07435,1.07545,127479.0
2020-07-29 00:00:00,2020-07-28 21:00:00,2020-07-29 05:00:00,1.07476,1.07826,1.0747,1.07604,111417.0
2020-07-30 00:00:00,2020-07-29 21:00:00,2020-07-30 05:00:00,1.07532,1.07739,1.07338,1.07679,117034.0
2020-07-31 00:00:00,2020-07-30 21:00:00,2020-07-31 05:00:00,1.07665,1.07975,1.07459,1.07567,140964.0
2020-08-03 00:00:00,2020-08-02 21:00:00,2020-08-03 05:00:00,1.07623,1.08386,1.07504,1.07958,120414.0
2020-08-04 00:00:00,2020-08-03 21:00:00,2020-08-04 05:00:00,1.07779,1.08108,1.07391,1.07784,115126.0
2020-08-05 00:00:00,2020-08-04 21:00:00,2020-08-05 05:00:00,1.07753,1.07934,1.07619,1.07777,116151.0
2020-08-06 00:00:00,2020-08-05 21:00:00,2020-08-06 05:00:00,1.07681,1.0822,1.07523,1.08054,127433.0
2020-08-07 00:00:00,2020-08-06 21:00:00,2020-08-07 05:00:00,1.07925,1.08135,1.07536,1.07553,122841.0
2020-08-10 00:00:00,2020-08-09 21:00:00,2020-08-10 05:00:00,1.07499,1.07926,1.07458,1.07466,87331.0
2020-08-11 00:00:00,2020-08-10 21:00:00,2020-08-11 05:00:00,1.0747,1.0792,1.07352,1.07632,112810.0
2020-08-12 00:00:00,2020-08-11 21:00:00,2020-08-12 05:00:00,1.07606,1.0787,1.07388,1.07484,121866.0
2020-08-13 00:00:00,2020-08-12 21:00:00,2020-08-13 05:00:00,1.074,1.07909,1.074,1.07466,101317.0
2020-08-14 00:00:00,2020-08-13 21:00:00,2020-08-14 05:00:00,1.07443,1.07721,1.0741,1.07659,80043.0
2020-08-17 00:00:00,2020-08-16 21:00:00,2020-08-17 05:00:00,1.07555,1.07845,1.07456,1.07613,75861.0
2020-08-18 00:00:00,2020-08-17 21:00:00,2020-08-18 05:00:00,1.07563,1.079,1.07536,1.07826,92596.0
2020-08-19 00:00:00,2020-08-18 21:00:00,2020-08-19 05:00:00,1.07805,1.08491,1.07716,1.08325,110262.0
2020-08-20 00:00:00,2020-08-19 21:00:00,2020-08-20 05:00:00,1.08302,1.08419,1.0762,1.07657,113365.0
2020-08-21 00:00:00,2020-08-20 21:00:00,2020-08-21 05:00:00,1.07604,1.07781,1.07367,1.07546,93695.0
2020-08-24 00:00:00,2020-08-23 21:00:00,2020-08-24 05:00:00,1.07502,1.07751,1.07428,1.07485,82701.0
2020-08-25 00:00:00,2020-08-24 21:00:00,2020-08-25 05:00:00,1.07468,1.07678,1.07321,1.0742,88981.0
2020-08-26 00:00:00,2020-08-25 21:00:00,2020-08-26 05:00:00,1.07434,1.07593,1.07321,1.07465,91115.0
2020-08-27 00:00:00,2020-08-26 21:00:00,2020-08-27 05:00:00,1.07416,1.07605,1.07218,1.07464,113390.0
2020-08-28 00:00:00,2020-08-27 21:00:00,2020-08-28 05:00:00,1.07396,1.07682,1.07358,1.07632,114659.0
2020-08-31 00:00:00,2020-08-30 21:00:00,2020-08-31 05:00:00,1.07557,1.07895,1.07466,1.07877,96808.0
2020-09-01 00:00:00,2020-08-31 21:00:00,2020-09-01 05:00:00,1.07889,1.08775,1.07768,1.08319,119974.0
2020-09-02 00:00:00,2020-09-01 21:00:00,2020-09-02 05:00:00,1.08284,1.08513,1.07746,1.07961,87703.0
2020-09-03 00:00:00,2020-09-02 21:00:00,2020-09-03 05:00:00,1.07866,1.08014,1.07591,1.07775,101931.0
2020-09-04 00:00:00,2020-09-03 21:00:00,2020-09-04 05:00:00,1.0776,1.08256,1.07662,1.08134,92748.0
2020-09-07 00:00:00,2020-09-06 21:00:00,2020-09-07 05:00:00,1.08083,1.08351,1.07992,1.0822,61737.0
2020-09-08 00:00:00,2020-09-07 21:00:00,2020-09-08 05:00:00,1.0831,1.08465,1.07975,1.08066,100482.0
2020-09-09 00:00:00,2020-09-08 21:00:00,2020-09-09 05:00:00,1.08049,1.08175,1.07679,1.07685,128560.0
2020-09-10 00:00:00,2020-09-09 21:00:00,2020-09-10 05:00:00,1.0771,1.07875,1.07503,1.07583,104324.0
2020-09-11 00:00:00,2020-09-10 21:00:00,2020-09-11 05:00:00,1.07558,1.07884,1.07539,1.07667,94340.0
2020-09-14 00:00:00,2020-09-13 21:00:00,2020-09-14 05:00:00,1.07555,1.0778,1.07511,1.07769,74167.0
2020-09-15 00:00:00,2020-09-14 21:00:00,2020-09-15 05:00:00,1.0775,1.0786,1.07528,1.07575,71970.0
2020-09-16 00:00:00,2020-09-15 21:00:00,2020-09-16 05:00:00,1.07583,1.07661,1.07384,1.0746,85595.0
2020-09-17 00:00:00,2020-09-16 21:00:00,2020-09-17 05:00:00,1.07371,1.07637,1.07272,1.07629,104787.0
2020-09-18 00:00:00,2020-09-17 21:00:00,2020-09-18 05:00:00,1.07606,1.07945,1.07535,1.07912,79645.0
2020-09-21 00:00:00,2020-09-20 21:00:00,2020-09-21 05:00:00,1.07812,1.07998,1.07401,1.07652,96689.0
2020-09-22 00:00:00,2020-09-21 21:00:00,2020-09-22 05:00:00,1.07636,1.07748,1.07456,1.07685,94928.0
2020-09-23 00:00:00,2020-09-22 21:00:00,2020-09-23 05:00:00,1.07629,1.07846,1.07528,1.07718,96693.0
2020-09-24 00:00:00,2020-09-23 21:00:00,2020-09-24 05:00:00,1.07725,1.08183,1.07552,1.0814,93562.0
2020-09-25 00:00:00,2020-09-24 21:00:00,2020-09-25 05:00:00,1.08148,1.0821,1.0791,1.08029,87999.0
2020-09-28 00:00:00,2020-09-27 21:00:00,2020-09-28 05:00:00,1.07924,1.08302,1.07738,1.07845,79746.0
2020-09-29 00:00:00,2020-09-28 21:00:00,2020-09-29 05:00:00,1.07818,1.08175,1.078,1.0795,82764.0
2020-09-30 00:00:00,2020-09-29 21:00:00,2020-09-30 05:00:00,1.08013,1.0817,1.07628,1.07933,101017.0
2020-10-01 00:00:00,2020-09-30 21:00:00,2020-10-01 05:00:00,1.07932,1.08055,1.07664,1.07888,107517.0
2020-10-02 00:00:00,2020-10-01 21:00:00,2020-10-02 05:00:00,1.07862,1.07967,1.07683,1.07849,108449.0
2020-10-05 00:00:00,2020-10-04 21:00:00,2020-10-05 05:00:00,1.07716,1.07929,1.07349,1.07827,81260.0
2020-10-06 00:00:00,2020-10-05 21:00:00,2020-10-06 05:00:00,1.07833,1.07896,1.07656,1.07682,89366.0
2020-10-07 00:00:00,2020-10-06 21:00:00,2020-10-07 05:00:00,1.07701,1.07969,1.07671,1.07897,82984.0
2020-10-08 00:00:00,2020-10-07 21:00:00,2020-10-08 05:00:00,1.07873,1.08007,1.07801,1.07855,74959.0
2020-10-09 00:00:00,2020-10-08 21:00:00,2020-10-09 05:00:00,1.07817,1.07896,1.07546,1.0759,76576.0
2020-10-12 00:00:00,2020-10-11 21:00:00,2020-10-12 05:00:00,1.07566,1.0774,1.07345,1.07401,67680.0
2020-10-13 00:00:00,2020-10-12 21:00:00,2020-10-13 05:00:00,1.07363,1.07469,1.07256,1.07453,78193.0
2020-10-14 00:00:00,2020-10-13 21:00:00,2020-10-14 05:00:00,1.07456,1.07496,1.07251,1.07288,74709.0
2020-10-15 00:00:00,2020-10-14 21:00:00,2020-10-15 05:00:00,1.07275,1.07331,1.06884,1.07043,80220.0
2020-10-16 00:00:00,2020-10-15 21:00:00,2020-10-16 05:00:00,1.07051,1.073,1.0698,1.07205,78386.0
2020-10-19 00:00:00,2020-10-18 21:00:00,2020-10-19 05:00:00,1.0708,1.0729,1.07072,1.07132,72346.0
2020-10-20 00:00:00,2020-10-19 21:00:00,2020-10-20 05:00:00,1.07097,1.07339,1.07035,1.07239,69508.0
2020-10-21 00:00:00,2020-10-20 21:00:00,2020-10-21 05:00:00,1.07219,1.074,1.07103,1.0738,68149.0
2020-10-22 00:00:00,2020-10-21 21:00:00,2020-10-22 05:00:00,1.07362,1.07488,1.072,1.07216,61745.0
2020-10-23 00:00:00,2020-10-22 21:00:00,2020-10-23 05:00:00,1.07197,1.07295,1.07016,1.07217,56437.0
2020-10-26 00:00:00,2020-10-25 21:00:00,2020-10-26 05:00:00,1.07247,1.07253,1.07073,1.07212,57390.0
2020-10-27 00:00:00,2020-10-26 21:00:00,2020-10-27 05:00:00,1.07166,1.07476,1.07164,1.07182,50417.0
2020-10-28 00:00:00,2020-10-27 21:00:00,2020-10-28 05:00:00,1.07164,1.07195,1.06765,1.06937,68307.0
2020-10-29 00:00:00,2020-10-28 21:00:00,2020-10-29 05:00:00,1.06939,1.0703,1.06776,1.06902,83993.0
2020-10-30 00:00:00,2020-10-29 21:00:00,2020-10-30 05:00:00,1.06841,1.07017,1.06716,1.06792,86996.0
2020-11-02 00:00:00,2020-11-01 22:00:00,2020-11-02 06:00:00,1.06708,1.07056,1.06707,1.06998,74120.0
2020-11-03 00:00:00,2020-11-02 22:00:00,2020-11-03 06:00:00,1.06988,1.07187,1.06817,1.06822,71555.0
2020-11-04 00:00:00,2020-11-03 22:00:00,2020-11-04 06:00:00,1.06823,1.07137,1.06601,1.06903,153721.0
2020-11-05 00:00:00,2020-11-04 22:00:00,2020-11-05 06:00:00,1.06897,1.07271,1.06792,1.0697,105427.0
2020-11-06 00:00:00,2020-11-05 22:00:00,2020-11-06 06:00:00,1.06971,1.07019,1.06761,1.06905,100835.0
2020-11-09 00:00:00,2020-11-08 22:00:00,2020-11-09 06:00:00,1.06841,1.08079,1.06803,1.07953,122349.0
2020-11-10 00:00:00,2020-11-09 22:00:00,2020-11-10 06:00:00,1.07935,1.08224,1.07809,1.08089,108427.0
2020-11-11 00:00:00,2020-11-10 22:00:00,2020-11-11 06:00:00,1.08106,1.08244,1.0782,1.08008,80965.0
2020-11-12 00:00:00,2020-11-11 22:00:00,2020-11-12 06:00:00,1.07999,1.0808,1.07814,1.08064,76121.0
2020-11-13 00:00:00,2020-11-12 22:00:00,2020-11-13 06:00:00,1.08061,1.08165,1.079,1.08057,67353.0
2020-11-16 00:00:00,2020-11-15 22:00:00,2020-11-16 06:00:00,1.08009,1.08276,1.07883,1.08129,78383.0
2020-11-17 00:00:00,2020-11-16 22:00:00,2020-11-17 06:00:00,1.08136,1.08211,1.08029,1.08082,66880.0
2020-11-18 00:00:00,2020-11-17 22:00:00,2020-11-18 06:00:00,1.08088,1.08247,1.07902,1.08051,56803.0
2020-11-19 00:00:00,2020-11-18 22:00:00,2020-11-19 06:00:00,1.08031,1.08192,1.07901,1.08141,67263.0
2020-11-20 00:00:00,2020-11-19 22:00:00,2020-11-20 06:00:00,1.08143,1.08234,1.07948,1.08064,57263.0
2020-11-23 00:00:00,2020-11-22 22:00:00,2020-11-23 06:00:00,1.07988,1.08178,1.07948,1.08052,62839.0
2020-11-24 00:00:00,2020-11-23 22:00:00,2020-11-24 06:00:00,1.08048,1.08499,1.07992,1.08354,61940.0
2020-11-25 00:00:00,2020-11-24 22:00:00,2020-11-25 06:00:00,1.08346,1.08715,1.08188,1.08263,72183.0
2020-11-26 00:00:00,2020-11-25 22:00:00,2020-11-26 06:00:00,1.08263,1.08322,1.07921,1.07983,48423.0
2020-11-27 00:00:00,2020-11-26 22:00:00,2020-11-27 06:00:00,1.07976,1.08275,1.07903,1.08189,60262.0
2020-11-30 00:00:00,2020-11-29 22:00:00,2020-11-30 06:00:00,1.08115,1.08592,1.08033,1.08409,65261.0
2020-12-01 00:00:00,2020-11-30 22:00:00,2020-12-01 06:00:00,1.08398,1.08613,1.08243,1.08581,66561.0
2020-12-02 00:00:00,2020-12-01 22:00:00,2020-12-02 06:00:00,1.08604,1.08718,1.08131,1.08401,72632.0
2020-12-03 00:00:00,2020-12-02 22:00:00,2020-12-03 06:00:00,1.08402,1.0844,1.08169,1.08208,66024.0
2020-12-04 00:00:00,2020-12-03 22:00:00,2020-12-04 06:00:00,1.08224,1.08489,1.07979,1.07991,68714.0
2020-12-07 00:00:00,2020-12-06 22:00:00,2020-12-07 06:00:00,1.07989,1.08139,1.0781,1.07883,66328.0
2020-12-08 00:00:00,2020-12-07 22:00:00,2020-12-08 06:00:00,1.07893,1.07991,1.07598,1.07637,58730.0
2020-12-09 00:00:00,2020-12-08 22:00:00,2020-12-09 06:00:00,1.07642,1.07841,1.07421,1.07455,60423.0
2020-12-10 00:00:00,2020-12-09 22:00:00,2020-12-10 06:00:00,1.07456,1.07695,1.07358,1.07687,67631.0
2020-12-11 00:00:00,2020-12-10 22:00:00,2020-12-11 06:00:00,1.07694,1.07895,1.07495,1.07736,63388.0
2020-12-14 00:00:00,2020-12-13 22:00:00,2020-12-14 06:00:00,1.07847,1.07922,1.0763,1.07742,58151.0
2020-12-15 00:00:00,2020-12-14 22:00:00,2020-12-15 06:00:00,1.07733,1.07856,1.07588,1.07651,63589.0
2020-12-16 00:00:00,2020-12-15 22:00:00,2020-12-16 06:00:00,1.07651,1.08071,1.07588,1.07922,65816.0
2020-12-17 00:00:00,2020-12-16 22:00:00,2020-12-17 06:00:00,1.0792,1.08583,1.07833,1.08514,61225.0
2020-12-18 00:00:00,2020-12-17 22:00:00,2020-12-18 06:00:00,1.08535,1.086,1.0817,1.08271,57906.0
2020-12-21 00:00:00,2020-12-20 22:00:00,2020-12-21 06:00:00,1.08148,1.08471,1.07981,1.08319,89525.0
2020-12-22 00:00:00,2020-12-21 22:00:00,2020-12-22 06:00:00,1.08299,1.08452,1.08154,1.08201,64420.0
2020-12-23 00:00:00,2020-12-22 22:00:00,2020-12-23 06:00:00,1.0819,1.08584,1.08112,1.08275,70537.0
2020-12-24 00:00:00,2020-12-23 22:00:00,2020-12-24 06:00:00,1.08259,1.08644,1.08219,1.08588,53790.0
2020-12-25 00:00:00,2020-12-24 22:00:00,2020-12-25 06:00:00,1.08581,1.08601,1.08415,1.08415,2556.0
2020-12-28 00:00:00,2020-12-27 22:00:00,2020-12-28 06:00:00,1.08368,1.08921,1.08358,1.08592,59809.0
2020-12-29 00:00:00,2020-12-28 22:00:00,2020-12-29 06:00:00,1.08592,1.08759,1.08224,1.08346,62953.0
2020-12-30 00:00:00,2020-12-29 22:00:00,2020-12-30 06:00:00,1.08346,1.08629,1.0824,1.08416,73292.0
2020-12-31 00:00:00,2020-12-30 22:00:00,2020-12-31 06:00:00,1.08416,1.08459,1.07983,1.08147,56133.0
2021-01-01 00:00:00,2020-12-31 22:00:00,2021-01-01 06:00:00,1.08152,1.08172,1.08082,1.08093,1587.0
2021-01-04 00:00:00,2021-01-03 22:00:00,2021-01-04 06:00:00,1.08068,1.08316,1.07894,1.07932,82179.0
2021-01-05 00:00:00,2021-01-04 22:00:00,2021-01-05 06:00:00,1.07926,1.08195,1.07867,1.08028,68071.0
2021-01-06 00:00:00,2021-01-05 22:00:00,2021-01-06 06:00:00,1.08025,1.08378,1.07936,1.0829,96992.0
2021-01-07 00:00:00,2021-01-06 22:00:00,2021-01-07 06:00:00,1.08288,1.08626,1.08228,1.08588,75827.0
2021-01-08 00:00:00,2021-01-07 22:00:00,2021-01-08 06:00:00,1.08574,1.08681,1.08206,1.08236,89677.0
2021-01-11 00:00:00,2021-01-10 22:00:00,2021-01-11 06:00:00,1.08228,1.08407,1.08135,1.08174,84421.0
2021-01-12 00:00:00,2021-01-11 22:00:00,2021-01-12 06:00:00,1.08169,1.08312,1.08061,1.08175,71491.0
2021-01-13 00:00:00,2021-01-12 22:00:00,2021-01-13 06:00:00,1.0817,1.08233,1.07842,1.07905,71921.0
2021-01-14 00:00:00,2021-01-13 22:00:00,2021-01-14 06:00:00,1.079,1.08147,1.07756,1.07904,87812.0
2021-01-15 00:00:00,2021-01-14 22:00:00,2021-01-15 06:00:00,1.07905,1.0797,1.07506,1.0763,77160.0
2021-01-18 00:00:00,2021-01-17 22:00:00,2021-01-18 06:00:00,1.0751,1.07703,1.07391,1.07588,64549.0
2021-01-19 00:00:00,2021-01-18 22:00:00,2021-01-19 06:00:00,1.07586,1.0781,1.07523,1.07755,66505.0
2021-01-20 00:00:00,2021-01-19 22:00:00,2021-01-20 06:00:00,1.07753,1.07925,1.07666,1.07683,70329.0
2021-01-21 00:00:00,2021-01-20 22:00:00,2021-01-21 06:00:00,1.07686,1.07861,1.07566,1.07687,70894.0
2021-01-22 00:00:00,2021-01-21 22:00:00,2021-01-22 06:00:00,1.0769,1.07846,1.07628,1.07755,69940.0
2021-01-25 00:00:00,2021-01-24 22:00:00,2021-01-25 06:00:00,1.07685,1.0788,1.07647,1.07826,72770.0
2021-01-26 00:00:00,2021-01-25 22:00:00,2021-01-26 06:00:00,1.07821,1.08001,1.07707,1.07837,73416.0
2021-01-27 00:00:00,2021-01-26 22:00:00,2021-01-27 06:00:00,1.0783,1.07856,1.07501,1.07609,87511.0
2021-01-28 00:00:00,2021-01-27 22:00:00,2021-01-28 06:00:00,1.07595,1.07893,1.07523,1.07706,99674.0
2021-01-29 00:00:00,2021-01-28 22:00:00,2021-01-29 06:00:00,1.07711,1.081,1.07604,1.08078,96892.0
2021-02-01 00:00:00,2021-01-31 22:00:00,2021-02-01 06:00:00,1.08072,1.08273,1.08058,1.08185,77763.0
2021-02-02 00:00:00,2021-02-01 22:00:00,2021-02-02 06:00:00,1.0818,1.08329,1.07991,1.08087,73914.0
2021-02-03 00:00:00,2021-02-02 22:00:00,2021-02-03 06:00:00,1.08074,1.08189,1.07958,1.08174,69483.0
2021-02-04 00:00:00,2021-02-03 22:00:00,2021-02-04 06:00:00,1.08165,1.08233,1.08103,1.08169,72346.0
2021-02-05 00:00:00,2021-02-04 22:00:00,2021-02-05 06:00:00,1.08174,1.08352,1.08076,1.08319,69187.0
2021-02-08 00:00:00,2021-02-07 22:00:00,2021-02-08 06:00:00,1.08218,1.08465,1.08215,1.0831,63816.0
2021-02-09 00:00:00,2021-02-08 22:00:00,2021-02-09 06:00:00,1.08323,1.08334,1.08046,1.08116,75440.0
2021-02-10 00:00:00,2021-02-09 22:00:00,2021-02-10 06:00:00,1.08119,1.08189,1.07861,1.07906,67498.0
2021-02-11 00:00:00,2021-02-10 22:00:00,2021-02-11 06:00:00,1.07911,1.08076,1.07854,1.07967,47736.0
2021-02-12 00:00:00,2021-02-11 22:00:00,2021-02-12 06:00:00,1.07967,1.08098,1.07875,1.08087,51145.0
2021-02-15 00:00:00,2021-02-14 22:00:00,2021-02-15 06:00:00,1.07986,1.08199,1.07892,1.07982,33932.0
2021-02-16 00:00:00,2021-02-15 22:00:00,2021-02-16 06:00:00,1.07984,1.08079,1.07878,1.08056,57123.0
2021-02-17 00:00:00,2021-02-16 22:00:00,2021-02-17 06:00:00,1.08051,1.08234,1.07942,1.08227,65894.0
2021-02-18 00:00:00,2021-02-17 22:00:00,2021-02-18 06:00:00,1.08232,1.08365,1.08143,1.08323,46325.0
2021-02-19 00:00:00,2021-02-18 22:00:00,2021-02-19 06:00:00,1.08324,1.08708,1.08288,1.0865,46301.0
2021-02-22 00:00:00,2021-02-21 22:00:00,2021-02-22 06:00:00,1.08587,1.09158,1.08539,1.0894,56026.0
2021-02-23 00:00:00,2021-02-22 22:00:00,2021-02-23 06:00:00,1.08946,1.09975,1.08893,1.09952,63917.0
2021-02-24 00:00:00,2021-02-23 22:00:00,2021-02-24 06:00:00,1.09942,1.10566,1.0972,1.10336,91917.0
2021-02-25 00:00:00,2021-02-24 22:00:00,2021-02-25 06:00:00,1.10342,1.10978,1.10142,1.10246,109597.0
2021-02-26 00:00:00,2021-02-25 22:00:00,2021-02-26 06:00:00,1.10238,1.10256,1.09564,1.09764,125668.0
2021-03-01 00:00:00,2021-02-28 22:00:00,2021-03-01 06:00:00,1.09667,1.10315,1.09438,1.10189,103909.0
2021-03-02 00:00:00,2021-03-01 22:00:00,2021-03-02 06:00:00,1.10198,1.10549,1.10036,1.10543,104198.0
2021-03-03 00:00:00,2021-03-02 22:00:00,2021-03-03 06:00:00,1.1055,1.10992,1.10483,1.10957,91648.0
2021-03-04 00:00:00,2021-03-03 22:00:00,2021-03-04 06:00:00,1.10953,1.11517,1.10758,1.11258,100640.0
2021-03-05 00:00:00,2021-03-04 22:00:00,2021-03-05 06:00:00,1.11263,1.11276,1.1055,1.10937,108362.0
2021-03-08 00:00:00,2021-03-07 22:00:00,2021-03-08 06:00:00,1.10626,1.11004,1.10596,1.10903,90720.0
2021-03-09 00:00:00,2021-03-08 22:00:00,2021-03-09 06:00:00,1.1091,1.1119,1.10335,1.10478,94722.0
2021-03-10 00:00:00,2021-03-09 22:00:00,2021-03-10 06:00:00,1.10466,1.10906,1.10297,1.10864,89914.0
2021-03-11 00:00:00,2021-03-10 22:00:00,2021-03-11 06:00:00,1.10876,1.11015,1.10494,1.1078,83193.0
2021-03-12 00:00:00,2021-03-11 22:00:00,2021-03-12 06:00:00,1.10784,1.11134,1.10657,1.11076,74849.0
2021-03-15 00:00:00,2021-03-14 21:00:00,2021-03-15 05:00:00,1.10848,1.11079,1.10607,1.1063,68888.0
2021-03-16 00:00:00,2021-03-15 21:00:00,2021-03-16 05:00:00,1.10674,1.10767,1.10051,1.1006,67015.0
2021-03-17 00:00:00,2021-03-16 21:00:00,2021-03-17 05:00:00,1.10063,1.10613,1.10048,1.10514,70708.0
2021-03-18 00:00:00,2021-03-17 21:00:00,2021-03-18 05:00:00,1.10514,1.10845,1.10298,1.10512,90022.0
2021-03-19 00:00:00,2021-03-18 21:00:00,2021-03-19 05:00:00,1.10512,1.10788,1.10407,1.10624,75590.0
2021-03-22 00:00:00,2021-03-21 21:00:00,2021-03-22 05:00:00,1.1047,1.10638,1.10081,1.10177,82875.0
2021-03-23 00:00:00,2021-03-22 21:00:00,2021-03-23 05:00:00,1.10153,1.108,1.10099,1.10669,83553.0
2021-03-24 00:00:00,2021-03-23 21:00:00,2021-03-24 05:00:00,1.10641,1.10767,1.10502,1.10506,82174.0
2021-03-25 00:00:00,2021-03-24 21:00:00,2021-03-25 05:00:00,1.10524,1.10745,1.10425,1.10603,80737.0
2021-03-26 00:00:00,2021-03-25 21:00:00,2021-03-26 05:00:00,1.10538,1.10947,1.10535,1.10701,77263.0
2021-03-29 00:00:00,2021-03-28 21:00:00,2021-03-29 05:00:00,1.10655,1.10782,1.10372,1.10511,72371.0
2021-03-30 00:00:00,2021-03-29 21:00:00,2021-03-30 05:00:00,1.10468,1.10691,1.10347,1.10378,74895.0
2021-03-31 00:00:00,2021-03-30 21:00:00,2021-03-31 05:00:00,1.10378,1.10911,1.10333,1.10712,87480.0
2021-04-01 00:00:00,2021-03-31 21:00:00,2021-04-01 05:00:00,1.10737,1.11182,1.10627,1.10914,85667.0
2021-04-02 00:00:00,2021-04-01 21:00:00,2021-04-02 05:00:00,1.10848,1.10973,1.10671,1.10755,34528.0
2021-04-05 00:00:00,2021-04-04 21:00:00,2021-04-05 05:00:00,1.10795,1.10946,1.10499,1.10593,50777.0
2021-04-06 00:00:00,2021-04-05 21:00:00,2021-04-06 05:00:00,1.10618,1.10878,1.10443,1.10542,66727.0
2021-04-07 00:00:00,2021-04-06 21:00:00,2021-04-07 05:00:00,1.10542,1.10641,1.10231,1.10353,77402.0
2021-04-08 00:00:00,2021-04-07 21:00:00,2021-04-08 05:00:00,1.10303,1.10415,1.10061,1.10121,64602.0
2021-04-09 00:00:00,2021-04-08 21:00:00,2021-04-09 05:00:00,1.10139,1.10191,1.09926,1.10026,80408.0
2021-04-12 00:00:00,2021-04-11 21:00:00,2021-04-12 05:00:00,1.0995,1.10152,1.09754,1.09837,60832.0
2021-04-13 00:00:00,2021-04-12 21:00:00,2021-04-13 05:00:00,1.09874,1.10132,1.09794,1.10003,74971.0
2021-04-14 00:00:00,2021-04-13 21:00:00,2021-04-14 05:00:00,1.10003,1.10604,1.09951,1.10561,76395.0
2021-04-15 00:00:00,2021-04-14 21:00:00,2021-04-15 05:00:00,1.10494,1.10635,1.10299,1.10358,76103.0
2021-04-16 00:00:00,2021-04-15 21:00:00,2021-04-16 05:00:00,1.10361,1.10428,1.10014,1.10201,62922.0
2021-04-19 00:00:00,2021-04-18 21:00:00,2021-04-19 05:00:00,1.1004,1.10301,1.0993,1.10166,69493.0
2021-04-20 00:00:00,2021-04-19 21:00:00,2021-04-20 05:00:00,1.1006,1.10479,1.1006,1.10209,65751.0
2021-04-21 00:00:00,2021-04-20 21:00:00,2021-04-21 05:00:00,1.10193,1.10434,1.10087,1.10357,65626.0
2021-04-22 00:00:00,2021-04-21 21:00:00,2021-04-22 05:00:00,1.1032,1.10475,1.10131,1.10181,74195.0
2021-04-23 00:00:00,2021-04-22 21:00:00,2021-04-23 05:00:00,1.10078,1.1053,1.10017,1.10512,73228.0
2021-04-26 00:00:00,2021-04-25 21:00:00,2021-04-26 05:00:00,1.10396,1.10711,1.10376,1.10499,72793.0
2021-04-27 00:00:00,2021-04-26 21:00:00,2021-04-27 05:00:00,1.10379,1.1063,1.10239,1.10478,71657.0
2021-04-28 00:00:00,2021-04-27 21:00:00,2021-04-28 05:00:00,1.10406,1.10755,1.1021,1.10247,96336.0
2021-04-29 00:00:00,2021-04-28 21:00:00,2021-04-29 05:00:00,1.103,1.10425,1.10122,1.10165,85221.0
2021-04-30 00:00:00,2021-04-29 21:00:00,2021-04-30 05:00:00,1.10121,1.10227,1.09732,1.0975,82370.0
2021-05-03 00:00:00,2021-05-02 21:00:00,2021-05-03 05:00:00,1.09668,1.10178,1.09668,1.09914,71054.0
2021-05-04 00:00:00,2021-05-03 21:00:00,2021-05-04 05:00:00,1.09862,1.10108,1.09672,1.09726,103911.0
2021-05-05 00:00:00,2021-05-04 21:00:00,2021-05-05 05:00:00,1.09715,1.09896,1.09529,1.09609,83473.0
2021-05-06 00:00:00,2021-05-05 21:00:00,2021-05-06 05:00:00,1.09568,1.09724,1.09421,1.09478,89915.0
2021-05-07 00:00:00,2021-05-06 21:00:00,2021-05-07 05:00:00,1.0943,1.09765,1.09356,1.09529,101497.0
2021-05-10 00:00:00,2021-05-09 21:00:00,2021-05-10 05:00:00,1.0947,1.09636,1.09305,1.09315,100522.0
2021-05-11 00:00:00,2021-05-10 21:00:00,2021-05-11 05:00:00,1.0927,1.09887,1.09269,1.09768,102666.0
2021-05-12 00:00:00,2021-05-11 21:00:00,2021-05-12 05:00:00,1.09731,1.09841,1.09561,1.09728,110044.0
2021-05-13 00:00:00,2021-05-12 21:00:00,2021-05-13 05:00:00,1.09635,1.09859,1.09372,1.09404,130611.0
2021-05-14 00:00:00,2021-05-13 21:00:00,2021-05-14 05:00:00,1.0938,1.09618,1.09299,1.09499,89631.0
2021-05-17 00:00:00,2021-05-16 21:00:00,2021-05-17 05:00:00,1.09469,1.09782,1.09325,1.09745,86809.0
2021-05-18 00:00:00,2021-05-17 21:00:00,2021-05-18 05:00:00,1.09543,1.09829,1.09518,1.09733,94214.0
2021-05-19 00:00:00,2021-05-18 21:00:00,2021-05-19 05:00:00,1.09689,1.10282,1.09609,1.10013,117999.0
2021-05-20 00:00:00,2021-05-19 21:00:00,2021-05-20 05:00:00,1.09858,1.10209,1.09712,1.09733,88089.0
2021-05-21 00:00:00,2021-05-20 21:00:00,2021-05-21 05:00:00,1.09711,1.09805,1.09329,1.09348,90788.0
2021-05-24 00:00:00,2021-05-23 21:00:00,2021-05-24 05:00:00,1.09385,1.09648,1.09315,1.09558,84277.0
2021-05-25 00:00:00,2021-05-24 21:00:00,2021-05-25 05:00:00,1.09541,1.0985,1.09485,1.09673,95098.0
2021-05-26 00:00:00,2021-05-25 21:00:00,2021-05-26 05:00:00,1.09656,1.09743,1.09393,1.09465,91052.0
2021-05-27 00:00:00,2021-05-26 21:00:00,2021-05-27 05:00:00,1.09367,1.09773,1.09357,1.09368,99051.0
2021-05-28 00:00:00,2021-05-27 21:00:00,2021-05-28 05:00:00,1.09349,1.09761,1.09327,1.09709,93524.0
2021-05-31 00:00:00,2021-05-30 21:00:00,2021-05-31 05:00:00,1.09653,1.09987,1.09529,1.09844,57620.0
2021-06-01 00:00:00,2021-05-31 21:00:00,2021-06-01 05:00:00,1.09787,1.10025,1.09557,1.09599,72627.0
2021-06-02 00:00:00,2021-06-01 21:00:00,2021-06-02 05:00:00,1.09538,1.09822,1.09527,1.09637,67087.0
2021-06-03 00:00:00,2021-06-02 21:00:00,2021-06-03 05:00:00,1.09623,1.0979,1.09555,1.09569,66717.0
2021-06-04 00:00:00,2021-06-03 21:00:00,2021-06-04 05:00:00,1.09553,1.09661,1.09342,1.09381,68449.0
2021-06-07 00:00:00,2021-06-06 21:00:00,2021-06-07 05:00:00,1.09276,1.0949,1.09228,1.09401,54614.0
2021-06-08 00:00:00,2021-06-07 21:00:00,2021-06-08 05:00:00,1.0941,1.09444,1.09106,1.09166,61591.0
2021-06-09 00:00:00,2021-06-08 21:00:00,2021-06-09 05:00:00,1.0916,1.09271,1.09049,1.09102,48235.0
2021-06-10 00:00:00,2021-06-09 21:00:00,2021-06-10 05:00:00,1.08967,1.09263,1.08903,1.08919,64576.0
2021-06-11 00:00:00,2021-06-10 21:00:00,2021-06-11 05:00:00,1.08912,1.09018,1.08728,1.08731,52497.0
2021-06-14 00:00:00,2021-06-13 21:00:00,2021-06-14 05:00:00,1.08729,1.09084,1.08704,1.09009,46815.0
2021-06-15 00:00:00,2021-06-14 21:00:00,2021-06-15 05:00:00,1.08968,1.09088,1.08872,1.08937,51493.0
2021-06-16 00:00:00,2021-06-15 21:00:00,2021-06-16 05:00:00,1.08828,1.09124,1.08804,1.08987,72460.0
2021-06-17 00:00:00,2021-06-16 21:00:00,2021-06-17 05:00:00,1.08969,1.0932,1.089,1.09279,89968.0
2021-06-18 00:00:00,2021-06-17 21:00:00,2021-06-18 05:00:00,1.09275,1.09544,1.09143,1.09512,83033.0
2021-06-21 00:00:00,2021-06-20 21:00:00,2021-06-21 05:00:00,1.09338,1.0964,1.09312,1.09399,85026.0
2021-06-22 00:00:00,2021-06-21 21:00:00,2021-06-22 05:00:00,1.09354,1.09677,1.09338,1.09639,67228.0
2021-06-23 00:00:00,2021-06-22 21:00:00,2021-06-23 05:00:00,1.09501,1.09681,1.09488,1.09511,65205.0
2021-06-24 00:00:00,2021-06-23 21:00:00,2021-06-24 05:00:00,1.09542,1.09764,1.09523,1.0953,79646.0
2021-06-25 00:00:00,2021-06-24 21:00:00,2021-06-25 05:00:00,1.0952,1.0964,1.09416,1.0943,54146.0
2021-06-28 00:00:00,2021-06-27 21:00:00,2021-06-28 05:00:00,1.09547,1.097,1.09406,1.0967,55385.0
2021-06-29 00:00:00,2021-06-28 21:00:00,2021-06-29 05:00:00,1.0962,1.09721,1.09519,1.09588,61047.0
2021-06-30 00:00:00,2021-06-29 21:00:00,2021-06-30 05:00:00,1.09569,1.09816,1.09511,1.09693,73758.0
2021-07-01 00:00:00,2021-06-30 21:00:00,2021-07-01 05:00:00,1.0965,1.09868,1.09606,1.09664,78897.0
2021-07-02 00:00:00,2021-07-01 21:00:00,2021-07-02 05:00:00,1.09664,1.09726,1.09215,1.09229,90252.0
2021-07-05 00:00:00,2021-07-04 21:00:00,2021-07-05 05:00:00,1.09175,1.09461,1.09175,1.09339,64184.0
2021-07-06 00:00:00,2021-07-05 21:00:00,2021-07-06 05:00:00,1.0929,1.09454,1.09219,1.09307,88259.0
2021-07-07 00:00:00,2021-07-06 21:00:00,2021-07-07 05:00:00,1.09194,1.09342,1.09106,1.09142,104691.0
2021-07-08 00:00:00,2021-07-07 21:00:00,2021-07-08 05:00:00,1.09098,1.09191,1.08245,1.08386,104657.0
2021-07-09 00:00:00,2021-07-08 21:00:00,2021-07-09 05:00:00,1.08386,1.08682,1.08315,1.08526,73669.0
2021-07-12 00:00:00,2021-07-11 21:00:00,2021-07-12 05:00:00,1.08477,1.08625,1.08401,1.0853,66701.0
2021-07-13 00:00:00,2021-07-12 21:00:00,2021-07-13 05:00:00,1.08514,1.08626,1.08189,1.08192,75810.0
2021-07-14 00:00:00,2021-07-13 21:00:00,2021-07-14 05:00:00,1.08046,1.08514,1.08022,1.08219,81647.0
2021-07-15 00:00:00,2021-07-14 21:00:00,2021-07-15 05:00:00,1.08276,1.08485,1.08045,1.08389,85562.0
2021-07-16 00:00:00,2021-07-15 21:00:00,2021-07-16 05:00:00,1.08304,1.08648,1.08304,1.08545,72418.0
2021-07-19 00:00:00,2021-07-18 21:00:00,2021-07-19 05:00:00,1.08537,1.08631,1.08261,1.0831,87425.0
2021-07-20 00:00:00,2021-07-19 21:00:00,2021-07-20 05:00:00,1.08226,1.08581,1.08181,1.08532,97586.0
2021-07-21 00:00:00,2021-07-20 21:00:00,2021-07-21 05:00:00,1.08383,1.08578,1.08213,1.08222,74597.0
2021-07-22 00:00:00,2021-07-21 21:00:00,2021-07-22 05:00:00,1.08189,1.0841,1.08133,1.08185,78180.0
2021-07-23 00:00:00,2021-07-22 21:00:00,2021-07-23 05:00:00,1.08136,1.08411,1.08115,1.08251,55570.0
2021-07-26 00:00:00,2021-07-25 21:00:00,2021-07-26 05:00:00,1.08212,1.08321,1.08066,1.08082,65309.0
2021-07-27 00:00:00,2021-07-26 21:00:00,2021-07-27 05:00:00,1.08082,1.08217,1.07975,1.08063,68869.0
2021-07-28 00:00:00,2021-07-27 21:00:00,2021-07-28 05:00:00,1.07994,1.08163,1.0778,1.07781,73013.0
2021-07-29 00:00:00,2021-07-28 21:00:00,2021-07-29 05:00:00,1.07805,1.07943,1.07649,1.07703,58661.0
2021-07-30 00:00:00,2021-07-29 21:00:00,2021-07-30 05:00:00,1.07682,1.07807,1.0742,1.07467,69138.0
2021-08-02 00:00:00,2021-08-01 21:00:00,2021-08-02 05:00:00,1.07408,1.07667,1.07401,1.07451,69276.0
2021-08-03 00:00:00,2021-08-02 21:00:00,2021-08-03 05:00:00,1.07412,1.07542,1.07215,1.07261,71977.0
2021-08-04 00:00:00,2021-08-03 21:00:00,2021-08-04 05:00:00,1.07218,1.07409,1.07112,1.07289,53691.0
2021-08-05 00:00:00,2021-08-04 21:00:00,2021-08-05 05:00:00,1.07283,1.07412,1.07207,1.07275,51577.0
2021-08-06 00:00:00,2021-08-05 21:00:00,2021-08-06 05:00:00,1.07246,1.07642,1.072,1.07633,57983.0
2021-08-09 00:00:00,2021-08-08 21:00:00,2021-08-09 05:00:00,1.07499,1.08047,1.07423,1.08038,54440.0
2021-08-10 00:00:00,2021-08-09 21:00:00,2021-08-10 05:00:00,1.08038,1.08186,1.07859,1.08158,46175.0
2021-08-11 00:00:00,2021-08-10 21:00:00,2021-08-11 05:00:00,1.08124,1.08262,1.08077,1.08212,52140.0
2021-08-12 00:00:00,2021-08-11 21:00:00,2021-08-12 05:00:00,1.08212,1.08398,1.08085,1.08334,36738.0
2021-08-13 00:00:00,2021-08-12 21:00:00,2021-08-13 05:00:00,1.08208,1.08405,1.07959,1.07968,37669.0
2021-08-16 00:00:00,2021-08-15 21:00:00,2021-08-16 05:00:00,1.07925,1.08038,1.0736,1.07446,47140.0
2021-08-17 00:00:00,2021-08-16 21:00:00,2021-08-17 05:00:00,1.07481,1.07525,1.07007,1.07115,55522.0
2021-08-18 00:00:00,2021-08-17 21:00:00,2021-08-18 05:00:00,1.07039,1.07578,1.06974,1.0736,52713.0
2021-08-19 00:00:00,2021-08-18 21:00:00,2021-08-19 05:00:00,1.07397,1.07459,1.06964,1.07278,65232.0
2021-08-20 00:00:00,2021-08-19 21:00:00,2021-08-20 05:00:00,1.072,1.07338,1.07,1.07275,40951.0
2021-08-23 00:00:00,2021-08-22 21:00:00,2021-08-23 05:00:00,1.0723,1.07572,1.07152,1.07166,44994.0
2021-08-24 00:00:00,2021-08-23 21:00:00,2021-08-24 05:00:00,1.07168,1.07346,1.07003,1.07323,39464.0
2021-08-25 00:00:00,2021-08-24 21:00:00,2021-08-25 05:00:00,1.07123,1.07571,1.07123,1.07563,42989.0
2021-08-26 00:00:00,2021-08-25 21:00:00,2021-08-26 05:00:00,1.07473,1.08056,1.07465,1.07869,51252.0
2021-08-27 00:00:00,2021-08-26 21:00:00,2021-08-27 05:00:00,1.07789,1.07974,1.07415,1.07459,53069.0
2021-08-30 00:00:00,2021-08-29 21:00:00,2021-08-30 05:00:00,1.07443,1.08258,1.07366,1.082,38174.0
2021-08-31 00:00:00,2021-08-30 21:00:00,2021-08-31 05:00:00,1.08088,1.0832,1.07822,1.08068,63678.0
2021-09-01 00:00:00,2021-08-31 21:00:00,2021-09-01 05:00:00,1.08068,1.08506,1.08034,1.08406,51261.0
2021-09-02 00:00:00,2021-09-01 21:00:00,2021-09-02 05:00:00,1.08212,1.08643,1.08212,1.0857,47831.0
2021-09-03 00:00:00,2021-09-02 21:00:00,2021-09-03 05:00:00,1.0857,1.08728,1.08481,1.08555,59490.0
2021-09-06 00:00:00,2021-09-05 21:00:00,2021-09-06 05:00:00,1.0843,1.08799,1.08368,1.08598,44891.0
2021-09-07 00:00:00,2021-09-06 21:00:00,2021-09-07 05:00:00,1.08586,1.08902,1.0845,1.08886,59921.0
2021-09-08 00:00:00,2021-09-07 21:00:00,2021-09-08 05:00:00,1.08886,1.09015,1.08615,1.08955,58301.0
2021-09-09 00:00:00,2021-09-08 21:00:00,2021-09-09 05:00:00,1.08736,1.08975,1.08352,1.08376,48969.0
2021-09-10 00:00:00,2021-09-09 21:00:00,2021-09-10 05:00:00,1.08376,1.08624,1.08328,1.08428,45684.0
2021-09-13 00:00:00,2021-09-12 21:00:00,2021-09-13 05:00:00,1.08439,1.08965,1.08371,1.08913,63969.0
2021-09-14 00:00:00,2021-09-13 21:00:00,2021-09-14 05:00:00,1.08804,1.09044,1.08545,1.08594,62049.0
2021-09-15 00:00:00,2021-09-14 21:00:00,2021-09-15 05:00:00,1.08569,1.08708,1.084,1.08667,58220.0
2021-09-16 00:00:00,2021-09-15 21:00:00,2021-09-16 05:00:00,1.08647,1.09185,1.08567,1.09176,71658.0
2021-09-17 00:00:00,2021-09-16 21:00:00,2021-09-17 05:00:00,1.09044,1.09378,1.09004,1.0931,67067.0
2021-09-20 00:00:00,2021-09-19 21:00:00,2021-09-20 05:00:00,1.09154,1.09354,1.08749,1.08795,52793.0
2021-09-21 00:00:00,2021-09-20 21:00:00,2021-09-21 05:00:00,1.08717,1.0886,1.08156,1.08287,66866.0
2021-09-22 00:00:00,2021-09-21 21:00:00,2021-09-22 05:00:00,1.08287,1.08452,1.08074,1.08282,79570.0
2021-09-23 00:00:00,2021-09-22 21:00:00,2021-09-23 05:00:00,1.08282,1.08605,1.08,1.08538,81207.0
2021-09-24 00:00:00,2021-09-23 21:00:00,2021-09-24 05:00:00,1.08284,1.08647,1.08208,1.08338,63862.0
2021-09-27 00:00:00,2021-09-26 21:00:00,2021-09-27 05:00:00,1.08318,1.08649,1.08131,1.08268,83054.0
2021-09-28 00:00:00,2021-09-27 21:00:00,2021-09-28 05:00:00,1.08195,1.086,1.08195,1.08571,86882.0
2021-09-29 00:00:00,2021-09-28 21:00:00,2021-09-29 05:00:00,1.08421,1.08622,1.08212,1.08377,96356.0
2021-09-30 00:00:00,2021-09-29 21:00:00,2021-09-30 05:00:00,1.08377,1.0847,1.07837,1.07846,99973.0
2021-10-01 00:00:00,2021-09-30 21:00:00,2021-10-01 05:00:00,1.07865,1.08082,1.0772,1.0787,89924.0
2021-10-04 00:00:00,2021-10-03 21:00:00,2021-10-04 05:00:00,1.07718,1.0802,1.07331,1.07425,75943.0
2021-10-05 00:00:00,2021-10-04 21:00:00,2021-10-05 05:00:00,1.07414,1.07684,1.07379,1.07643,63933.0
2021-10-06 00:00:00,2021-10-05 21:00:00,2021-10-06 05:00:00,1.0752,1.07716,1.07079,1.07163,81124.0
2021-10-07 00:00:00,2021-10-06 21:00:00,2021-10-07 05:00:00,1.07062,1.07355,1.07021,1.07323,65014.0
2021-10-08 00:00:00,2021-10-07 21:00:00,2021-10-08 05:00:00,1.07136,1.0752,1.07134,1.0731,70201.0
2021-10-11 00:00:00,2021-10-10 21:00:00,2021-10-11 05:00:00,1.07232,1.07469,1.07096,1.07177,54816.0
2021-10-12 00:00:00,2021-10-11 21:00:00,2021-10-12 05:00:00,1.07152,1.07413,1.07087,1.07303,63786.0
2021-10-13 00:00:00,2021-10-12 21:00:00,2021-10-13 05:00:00,1.07303,1.07395,1.0709,1.07126,71748.0
2021-10-14 00:00:00,2021-10-13 21:00:00,2021-10-14 05:00:00,1.07054,1.07173,1.06804,1.07114,57132.0
2021-10-15 00:00:00,2021-10-14 21:00:00,2021-10-15 05:00:00,1.07025,1.07398,1.06962,1.07056,62470.0
2021-10-18 00:00:00,2021-10-17 21:00:00,2021-10-18 05:00:00,1.07108,1.07358,1.07036,1.07252,70187.0
2021-10-19 00:00:00,2021-10-18 21:00:00,2021-10-19 05:00:00,1.07156,1.07406,1.07106,1.07367,64569.0
2021-10-20 00:00:00,2021-10-19 21:00:00,2021-10-20 05:00:00,1.07124,1.07653,1.07054,1.0706,68065.0
2021-10-21 00:00:00,2021-10-20 21:00:00,2021-10-21 05:00:00,1.0706,1.07182,1.06713,1.06736,61942.0
2021-10-22 00:00:00,2021-10-21 21:00:00,2021-10-22 05:00:00,1.06635,1.06825,1.06587,1.06653,67277.0
2021-10-25 00:00:00,2021-10-24 21:00:00,2021-10-25 05:00:00,1.06615,1.06921,1.06469,1.06791,66671.0
2021-10-26 00:00:00,2021-10-25 21:00:00,2021-10-26 05:00:00,1.06583,1.07035,1.06533,1.06652,61034.0
2021-10-27 00:00:00,2021-10-26 21:00:00,2021-10-27 05:00:00,1.06538,1.06735,1.06364,1.06519,84007.0
2021-10-28 00:00:00,2021-10-27 21:00:00,2021-10-28 05:00:00,1.06513,1.0671,1.0636,1.0654,103202.0
2021-10-29 00:00:00,2021-10-28 21:00:00,2021-10-29 05:00:00,1.0641,1.06554,1.05699,1.05805,95678.0
2021-11-01 00:00:00,2021-10-31 21:00:00,2021-11-01 05:00:00,1.0574,1.0604,1.05476,1.05525,69830.0
2021-11-02 00:00:00,2021-11-01 21:00:00,2021-11-02 05:00:00,1.05436,1.06043,1.05432,1.05897,69723.0
2021-11-03 00:00:00,2021-11-02 21:00:00,2021-11-03 05:00:00,1.05701,1.05936,1.05523,1.05863,78411.0
2021-11-04 00:00:00,2021-11-03 21:00:00,2021-11-04 05:00:00,1.05863,1.05907,1.05361,1.05428,82459.0
2021-11-05 00:00:00,2021-11-04 21:00:00,2021-11-05 05:00:00,1.0535,1.05766,1.05256,1.05501,79528.0
2021-11-08 00:00:00,2021-11-07 22:00:00,2021-11-08 06:00:00,1.05382,1.05979,1.05367,1.05864,65601.0
2021-11-09 00:00:00,2021-11-08 22:00:00,2021-11-09 06:00:00,1.05874,1.05978,1.05537,1.05634,75116.0
2021-11-10 00:00:00,2021-11-09 22:00:00,2021-11-10 06:00:00,1.05632,1.05709,1.05393,1.05438,94392.0
2021-11-11 00:00:00,2021-11-10 22:00:00,2021-11-11 06:00:00,1.05437,1.05747,1.05275,1.05497,65804.0
2021-11-12 00:00:00,2021-11-11 22:00:00,2021-11-12 06:00:00,1.05492,1.05715,1.05351,1.05375,61052.0
2021-11-15 00:00:00,2021-11-14 22:00:00,2021-11-15 06:00:00,1.05338,1.05436,1.05108,1.05132,63586.0
2021-11-16 00:00:00,2021-11-15 22:00:00,2021-11-16 06:00:00,1.0518,1.05506,1.0514,1.05291,71138.0
2021-11-17 00:00:00,2021-11-16 22:00:00,2021-11-17 06:00:00,1.05289,1.05446,1.05043,1.05057,83130.0
2021-11-18 00:00:00,2021-11-17 22:00:00,2021-11-18 06:00:00,1.05064,1.05259,1.04982,1.05243,72573.0
2021-11-19 00:00:00,2021-11-18 22:00:00,2021-11-19 06:00:00,1.05235,1.05287,1.04479,1.0482,96439.0
2021-11-22 00:00:00,2021-11-21 22:00:00,2021-11-22 06:00:00,1.04728,1.0485,1.04483,1.04833,81156.0
2021-11-23 00:00:00,2021-11-22 22:00:00,2021-11-23 06:00:00,1.04836,1.05131,1.04507,1.04999,81903.0
2021-11-24 00:00:00,2021-11-23 22:00:00,2021-11-24 06:00:00,1.04988,1.0504,1.04558,1.04632,86459.0
2021-11-25 00:00:00,2021-11-24 22:00:00,2021-11-25 06:00:00,1.04642,1.0494,1.04506,1.04889,64016.0
2021-11-26 00:00:00,2021-11-25 22:00:00,2021-11-26 06:00:00,1.04886,1.04906,1.04232,1.04327,136531.0
2021-11-29 00:00:00,2021-11-28 22:00:00,2021-11-29 06:00:00,1.04221,1.04515,1.0415,1.04174,99969.0
2021-11-30 00:00:00,2021-11-29 22:00:00,2021-11-30 06:00:00,1.04178,1.04435,1.03903,1.04105,139845.0
2021-12-01 00:00:00,2021-11-30 22:00:00,2021-12-01 06:00:00,1.04117,1.04337,1.04038,1.0416,108850.0
2021-12-02 00:00:00,2021-12-01 22:00:00,2021-12-02 06:00:00,1.04145,1.04363,1.04011,1.04029,92655.0
2021-12-03 00:00:00,2021-12-02 22:00:00,2021-12-03 06:00:00,1.04033,1.0408,1.03757,1.03819,92623.0
2021-12-06 00:00:00,2021-12-05 22:00:00,2021-12-06 06:00:00,1.0374,1.04495,1.03715,1.04416,72170.0
2021-12-07 00:00:00,2021-12-06 22:00:00,2021-12-07 06:00:00,1.04415,1.04479,1.04031,1.04188,75058.0
2021-12-08 00:00:00,2021-12-07 22:00:00,2021-12-08 06:00:00,1.04186,1.04552,1.04046,1.04413,87408.0
2021-12-09 00:00:00,2021-12-08 22:00:00,2021-12-09 06:00:00,1.04403,1.0455,1.04204,1.04328,73794.0
2021-12-10 00:00:00,2021-12-09 22:00:00,2021-12-10 06:00:00,1.04323,1.04474,1.04094,1.04194,71284.0
2021-12-13 00:00:00,2021-12-12 22:00:00,2021-12-13 06:00:00,1.04074,1.043,1.04027,1.04121,59885.0
2021-12-14 00:00:00,2021-12-13 22:00:00,2021-12-14 06:00:00,1.0411,1.04178,1.03897,1.04045,67846.0
2021-12-15 00:00:00,2021-12-14 22:00:00,2021-12-15 06:00:00,1.04035,1.04411,1.03908,1.04371,95696.0
2021-12-16 00:00:00,2021-12-15 22:00:00,2021-12-16 06:00:00,1.04375,1.04668,1.041,1.0417,97078.0
2021-12-17 00:00:00,2021-12-16 22:00:00,2021-12-17 06:00:00,1.0416,1.04195,1.03856,1.03894,79592.0
2021-12-20 00:00:00,2021-12-19 22:00:00,2021-12-20 06:00:00,1.03819,1.04137,1.03804,1.03905,75337.0
2021-12-21 00:00:00,2021-12-20 22:00:00,2021-12-21 06:00:00,1.039,1.04276,1.03794,1.04229,73280.0
2021-12-22 00:00:00,2021-12-21 22:00:00,2021-12-22 06:00:00,1.04225,1.04346,1.04052,1.04212,67403.0
2021-12-23 00:00:00,2021-12-22 22:00:00,2021-12-23 06:00:00,1.0421,1.04324,1.03917,1.04034,60102.0
2021-12-24 00:00:00,2021-12-23 22:00:00,2021-12-24 06:00:00,1.04036,1.04107,1.03855,1.03968,126963.0
2021-12-27 00:00:00,2021-12-26 22:00:00,2021-12-27 06:00:00,1.03864,1.04114,1.0383,1.03912,42921.0
2021-12-28 00:00:00,2021-12-27 22:00:00,2021-12-28 06:00:00,1.03912,1.03944,1.03695,1.03745,45088.0
2021-12-29 00:00:00,2021-12-28 22:00:00,2021-12-29 06:00:00,1.03744,1.03836,1.03628,1.03778,60415.0
2021-12-30 00:00:00,2021-12-29 22:00:00,2021-12-30 06:00:00,1.03795,1.03845,1.03453,1.03484,57401.0
2021-12-31 00:00:00,2021-12-30 22:00:00,2021-12-31 06:00:00,1.03481,1.03794,1.03265,1.03781,59652.0
2022-01-03 00:00:00,2022-01-02 22:00:00,2022-01-03 06:00:00,1.03561,1.03915,1.03492,1.03769,66327.0
2022-01-04 00:00:00,2022-01-03 22:00:00,2022-01-04 06:00:00,1.03784,1.03832,1.0335,1.03393,78250.0
2022-01-05 00:00:00,2022-01-04 22:00:00,2022-01-05 06:00:00,1.03394,1.03902,1.03246,1.03808,71021.0
2022-01-06 00:00:00,2022-01-05 22:00:00,2022-01-06 06:00:00,1.03814,1.04119,1.03668,1.04074,83682.0
2022-01-07 00:00:00,2022-01-06 22:00:00,2022-01-07 06:00:00,1.04078,1.0451,1.04027,1.04341,68455.0
2022-01-10 00:00:00,2022-01-09 22:00:00,2022-01-10 06:00:00,1.04339,1.05035,1.04254,1.05023,83609.0
2022-01-11 00:00:00,2022-01-10 22:00:00,2022-01-11 06:00:00,1.05019,1.05117,1.04847,1.04988,76266.0
2022-01-12 00:00:00,2022-01-11 22:00:00,2022-01-12 06:00:00,1.04986,1.05061,1.04378,1.04631,81050.0
2022-01-13 00:00:00,2022-01-12 22:00:00,2022-01-13 06:00:00,1.0463,1.04878,1.0425,1.04371,80253.0
2022-01-14 00:00:00,2022-01-13 22:00:00,2022-01-14 06:00:00,1.04371,1.04482,1.04188,1.0429,80971.0
2022-01-17 00:00:00,2022-01-16 22:00:00,2022-01-17 06:00:00,1.04173,1.04454,1.04138,1.04286,56479.0
2022-01-18 00:00:00,2022-01-17 22:00:00,2022-01-18 06:00:00,1.04283,1.0439,1.03806,1.03815,85627.0
2022-01-19 00:00:00,2022-01-18 22:00:00,2022-01-19 06:00:00,1.03828,1.04035,1.03749,1.03892,76633.0
2022-01-20 00:00:00,2022-01-19 22:00:00,2022-01-20 06:00:00,1.03881,1.03953,1.03724,1.0378,66232.0
2022-01-21 00:00:00,2022-01-20 22:00:00,2022-01-21 06:00:00,1.03767,1.03791,1.0335,1.03415,75328.0
2022-01-24 00:00:00,2022-01-23 22:00:00,2022-01-24 06:00:00,1.03354,1.03593,1.03,1.03534,68149.0
2022-01-25 00:00:00,2022-01-24 22:00:00,2022-01-25 06:00:00,1.03523,1.03856,1.03344,1.03785,67228.0
2022-01-26 00:00:00,2022-01-25 22:00:00,2022-01-26 06:00:00,1.03787,1.03995,1.03522,1.03853,70003.0
2022-01-27 00:00:00,2022-01-26 22:00:00,2022-01-27 06:00:00,1.0385,1.03981,1.03678,1.03775,88949.0
2022-01-28 00:00:00,2022-01-27 22:00:00,2022-01-28 06:00:00,1.03772,1.03913,1.03589,1.03797,80079.0
2022-01-31 00:00:00,2022-01-30 22:00:00,2022-01-31 06:00:00,1.0363,1.04412,1.03627,1.04098,80107.0
2022-02-01 00:00:00,2022-01-31 22:00:00,2022-02-01 06:00:00,1.0411,1.04145,1.03632,1.03803,74890.0
2022-02-02 00:00:00,2022-02-01 22:00:00,2022-02-02 06:00:00,1.03797,1.04065,1.03739,1.03897,66109.0
2022-02-03 00:00:00,2022-02-02 22:00:00,2022-02-03 06:00:00,1.03906,1.05424,1.03742,1.05334,95729.0
2022-02-04 00:00:00,2022-02-03 22:00:00,2022-02-04 06:00:00,1.05315,1.06023,1.05178,1.05965,90491.0
2022-02-07 00:00:00,2022-02-06 22:00:00,2022-02-07 06:00:00,1.059,1.06057,1.05504,1.05638,81758.0
2022-02-08 00:00:00,2022-02-07 22:00:00,2022-02-08 06:00:00,1.05637,1.05721,1.05296,1.0561,69949.0
2022-02-09 00:00:00,2022-02-08 22:00:00,2022-02-09 06:00:00,1.0562,1.05674,1.05431,1.0557,57791.0
2022-02-10 00:00:00,2022-02-09 22:00:00,2022-02-10 06:00:00,1.05579,1.06117,1.05506,1.05954,93609.0
2022-02-11 00:00:00,2022-02-10 22:00:00,2022-02-11 06:00:00,1.05939,1.05947,1.04818,1.04912,98968.0
2022-02-14 00:00:00,2022-02-13 22:00:00,2022-02-14 06:00:00,1.04745,1.0514,1.04373,1.04586,110624.0
2022-02-15 00:00:00,2022-02-14 22:00:00,2022-02-15 06:00:00,1.04562,1.05303,1.04436,1.05114,90924.0
2022-02-16 00:00:00,2022-02-15 22:00:00,2022-02-16 06:00:00,1.05119,1.05495,1.04834,1.04886,84685.0
2022-02-17 00:00:00,2022-02-16 22:00:00,2022-02-17 06:00:00,1.04892,1.04956,1.04476,1.04535,131757.0
2022-02-18 00:00:00,2022-02-17 22:00:00,2022-02-18 06:00:00,1.04532,1.04826,1.04258,1.04347,103808.0
2022-02-21 00:00:00,2022-02-20 22:00:00,2022-02-21 06:00:00,1.04248,1.04664,1.03552,1.03698,89107.0
2022-02-22 00:00:00,2022-02-21 22:00:00,2022-02-22 06:00:00,1.03693,1.04614,1.0338,1.04383,136445.0
2022-02-23 00:00:00,2022-02-22 22:00:00,2022-02-23 06:00:00,1.04372,1.04601,1.03761,1.03788,85092.0
2022-02-24 00:00:00,2022-02-23 22:00:00,2022-02-24 06:00:00,1.03801,1.03838,1.02789,1.03614,244030.0
2022-02-25 00:00:00,2022-02-24 22:00:00,2022-02-25 06:00:00,1.03614,1.04479,1.03315,1.04323,150535.0
2022-02-28 00:00:00,2022-02-27 22:00:00,2022-02-28 06:00:00,1.0323,1.03797,1.028,1.02832,198437.0
2022-03-01 00:00:00,2022-02-28 22:00:00,2022-03-01 06:00:00,1.0282,1.02976,1.01992,1.02219,163836.0
2022-03-02 00:00:00,2022-03-01 22:00:00,2022-03-02 06:00:00,1.02213,1.02635,1.01592,1.02409,178100.0
2022-03-03 00:00:00,2022-03-02 22:00:00,2022-03-03 06:00:00,1.02421,1.02426,1.01604,1.01624,135762.0
2022-03-04 00:00:00,2022-03-03 22:00:00,2022-03-04 06:00:00,1.01644,1.01673,1.00182,1.00246,189205.0
2022-03-07 00:00:00,2022-03-06 22:00:00,2022-03-07 06:00:00,1.00131,1.0098,0.99721,1.00619,234632.0
2022-03-08 00:00:00,2022-03-07 22:00:00,2022-03-08 06:00:00,1.00618,1.01772,1.00393,1.01316,209012.0
2022-03-09 00:00:00,2022-03-08 22:00:00,2022-03-09 06:00:00,1.0132,1.02714,1.01131,1.02504,157973.0
2022-03-10 00:00:00,2022-03-09 22:00:00,2022-03-10 06:00:00,1.02545,1.0303,1.02057,1.02149,186496.0
2022-03-11 00:00:00,2022-03-10 22:00:00,2022-03-11 06:00:00,1.02153,1.02789,1.01865,1.01988,143394.0
2022-03-14 00:00:00,2022-03-13 21:00:00,2022-03-14 05:00:00,1.0203,1.02883,1.01797,1.02688,141722.0
2022-03-15 00:00:00,2022-03-14 21:00:00,2022-03-15 05:00:00,1.02669,1.03384,1.02549,1.03108,157502.0
2022-03-16 00:00:00,2022-03-15 21:00:00,2022-03-16 05:00:00,1.03041,1.03851,1.02988,1.03808,188917.0
2022-03-17 00:00:00,2022-03-16 21:00:00,2022-03-17 05:00:00,1.03675,1.04024,1.036,1.03921,140791.0
2022-03-18 00:00:00,2022-03-17 21:00:00,2022-03-18 05:00:00,1.0388,1.04015,1.02929,1.02955,125861.0
2022-03-21 00:00:00,2022-03-20 21:00:00,2022-03-21 05:00:00,1.03042,1.03226,1.02648,1.02849,112171.0
2022-03-22 00:00:00,2022-03-21 21:00:00,2022-03-22 05:00:00,1.02822,1.03007,1.02645,1.02878,129003.0
2022-03-23 00:00:00,2022-03-22 21:00:00,2022-03-23 05:00:00,1.02831,1.03153,1.02381,1.02415,112626.0
2022-03-24 00:00:00,2022-03-23 21:00:00,2022-03-24 05:00:00,1.02356,1.02686,1.02139,1.02298,129887.0
2022-03-25 00:00:00,2022-03-24 21:00:00,2022-03-25 05:00:00,1.02256,1.02384,1.01946,1.02191,130561.0
2022-03-28 00:00:00,2022-03-27 21:00:00,2022-03-28 05:00:00,1.02202,1.03014,1.02093,1.02667,153001.0
2022-03-29 00:00:00,2022-03-28 21:00:00,2022-03-29 05:00:00,1.0249,1.03847,1.02488,1.03197,194594.0
2022-03-30 00:00:00,2022-03-29 21:00:00,2022-03-30 05:00:00,1.03155,1.03307,1.029,1.03019,173110.0
2022-03-31 00:00:00,2022-03-30 21:00:00,2022-03-31 05:00:00,1.03013,1.03255,1.02076,1.02114,158978.0
2022-04-01 00:00:00,2022-03-31 21:00:00,2022-04-01 05:00:00,1.02078,1.02443,1.01835,1.02242,122331.0
2022-04-04 00:00:00,2022-04-03 21:00:00,2022-04-04 05:00:00,1.0201,1.02405,1.01552,1.01649,98951.0
2022-04-05 00:00:00,2022-04-04 21:00:00,2022-04-05 05:00:00,1.01589,1.01715,1.01316,1.01355,99520.0
2022-04-06 00:00:00,2022-04-05 21:00:00,2022-04-06 05:00:00,1.01317,1.02046,1.01282,1.01692,128611.0
2022-04-07 00:00:00,2022-04-06 21:00:00,2022-04-07 05:00:00,1.01617,1.01979,1.01459,1.01632,119487.0
2022-04-08 00:00:00,2022-04-07 21:00:00,2022-04-08 05:00:00,1.01521,1.01791,1.01388,1.01583,103105.0
2022-04-11 00:00:00,2022-04-10 21:00:00,2022-04-11 05:00:00,1.01756,1.02056,1.01221,1.01338,110388.0
2022-04-12 00:00:00,2022-04-11 21:00:00,2022-04-12 05:00:00,1.01295,1.01555,1.00892,1.00983,119220.0
2022-04-13 00:00:00,2022-04-12 21:00:00,2022-04-13 05:00:00,1.00963,1.01829,1.00882,1.01812,114749.0
2022-04-14 00:00:00,2022-04-13 21:00:00,2022-04-14 05:00:00,1.01567,1.02135,1.01396,1.02071,140235.0
2022-04-15 00:00:00,2022-04-14 21:00:00,2022-04-15 05:00:00,1.01989,1.02126,1.01715,1.01818,177587.0
2022-04-18 00:00:00,2022-04-17 21:00:00,2022-04-18 05:00:00,1.01771,1.02013,1.01698,1.01859,78331.0
2022-04-19 00:00:00,2022-04-18 21:00:00,2022-04-19 05:00:00,1.01786,1.02768,1.01658,1.02735,121172.0
2022-04-20 00:00:00,2022-04-19 21:00:00,2022-04-20 05:00:00,1.02677,1.03013,1.02479,1.02943,129143.0
2022-04-21 00:00:00,2022-04-20 21:00:00,2022-04-21 05:00:00,1.02896,1.0371,1.02711,1.03268,130110.0
2022-04-22 00:00:00,2022-04-21 21:00:00,2022-04-22 05:00:00,1.03268,1.03518,1.03075,1.03318,124358.0
2022-04-25 00:00:00,2022-04-24 21:00:00,2022-04-25 05:00:00,1.03308,1.03493,1.02445,1.02784,164147.0
2022-04-26 00:00:00,2022-04-25 21:00:00,2022-04-26 05:00:00,1.02746,1.02906,1.02113,1.02387,136187.0
2022-04-27 00:00:00,2022-04-26 21:00:00,2022-04-27 05:00:00,1.02199,1.02591,1.0198,1.02316,154127.0
2022-04-28 00:00:00,2022-04-27 21:00:00,2022-04-28 05:00:00,1.02316,1.02422,1.01891,1.02051,176232.0
2022-04-29 00:00:00,2022-04-28 21:00:00,2022-04-29 05:00:00,1.01975,1.02702,1.01895,1.02639,152435.0
2022-05-02 00:00:00,2022-05-01 21:00:00,2022-05-02 05:00:00,1.02368,1.02917,1.02282,1.02732,125799.0
2022-05-03 00:00:00,2022-05-02 21:00:00,2022-05-03 05:00:00,1.02715,1.0315,1.02548,1.02971,121964.0
2022-05-04 00:00:00,2022-05-03 21:00:00,2022-05-04 05:00:00,1.02908,1.03771,1.02821,1.03274,144142.0
2022-05-05 00:00:00,2022-05-04 21:00:00,2022-05-05 05:00:00,1.03308,1.03953,1.03172,1.03811,172324.0
2022-05-06 00:00:00,2022-05-05 21:00:00,2022-05-06 05:00:00,1.03734,1.04512,1.03331,1.04213,202283.0
2022-05-09 00:00:00,2022-05-08 21:00:00,2022-05-09 05:00:00,1.04229,1.04964,1.04,1.0494,146982.0
2022-05-10 00:00:00,2022-05-09 21:00:00,2022-05-10 05:00:00,1.04913,1.05155,1.04567,1.04831,152338.0
2022-05-11 00:00:00,2022-05-10 21:00:00,2022-05-11 05:00:00,1.04743,1.04931,1.04317,1.04502,156342.0
2022-05-12 00:00:00,2022-05-11 21:00:00,2022-05-12 05:00:00,1.04459,1.04768,1.03622,1.04108,169946.0
2022-05-13 00:00:00,2022-05-12 21:00:00,2022-05-13 05:00:00,1.0411,1.04373,1.03802,1.0429,130729.0
2022-05-16 00:00:00,2022-05-15 21:00:00,2022-05-16 05:00:00,1.04113,1.04894,1.04048,1.04532,133844.0
2022-05-17 00:00:00,2022-05-16 21:00:00,2022-05-17 05:00:00,1.04466,1.04848,1.04308,1.04833,133433.0
2022-05-18 00:00:00,2022-05-17 21:00:00,2022-05-18 05:00:00,1.04796,1.04952,1.03316,1.03391,119692.0
2022-05-19 00:00:00,2022-05-18 21:00:00,2022-05-19 05:00:00,1.03395,1.03601,1.02295,1.0297,148739.0
2022-05-20 00:00:00,2022-05-19 21:00:00,2022-05-20 05:00:00,1.0278,1.03038,1.02555,1.02911,139809.0
2022-05-23 00:00:00,2022-05-22 21:00:00,2022-05-23 05:00:00,1.0279,1.03354,1.02613,1.03237,134577.0
2022-05-24 00:00:00,2022-05-23 21:00:00,2022-05-24 05:00:00,1.0315,1.0351,1.02863,1.03131,140689.0
2022-05-25 00:00:00,2022-05-24 21:00:00,2022-05-25 05:00:00,1.0308,1.03155,1.0239,1.0275,136784.0
2022-05-26 00:00:00,2022-05-25 21:00:00,2022-05-26 05:00:00,1.02677,1.03099,1.02483,1.02883,141426.0
2022-05-27 00:00:00,2022-05-26 21:00:00,2022-05-27 05:00:00,1.0281,1.03184,1.02335,1.02741,119957.0
2022-05-30 00:00:00,2022-05-29 21:00:00,2022-05-30 05:00:00,1.0255,1.03365,1.02543,1.03202,89581.0
2022-05-31 00:00:00,2022-05-30 21:00:00,2022-05-31 05:00:00,1.03009,1.0336,1.02553,1.0299,151522.0
2022-06-01 00:00:00,2022-05-31 21:00:00,2022-06-01 05:00:00,1.02986,1.03185,1.02444,1.02612,136597.0
2022-06-02 00:00:00,2022-06-01 21:00:00,2022-06-02 05:00:00,1.02525,1.03023,1.02184,1.0295,116062.0
2022-06-03 00:00:00,2022-06-02 21:00:00,2022-06-03 05:00:00,1.02951,1.03288,1.02752,1.03208,108755.0
2022-06-06 00:00:00,2022-06-05 21:00:00,2022-06-06 05:00:00,1.03002,1.0392,1.02965,1.03835,103324.0
2022-06-07 00:00:00,2022-06-06 21:00:00,2022-06-07 05:00:00,1.0373,1.0437,1.03709,1.04123,146376.0
2022-06-08 00:00:00,2022-06-07 21:00:00,2022-06-08 05:00:00,1.04118,1.04917,1.03957,1.04846,142945.0
2022-06-09 00:00:00,2022-06-08 21:00:00,2022-06-09 05:00:00,1.04846,1.05143,1.03734,1.04042,167147.0
2022-06-10 00:00:00,2022-06-09 21:00:00,2022-06-10 05:00:00,1.04037,1.04147,1.03761,1.03893,172580.0
2022-06-13 00:00:00,2022-06-12 21:00:00,2022-06-13 05:00:00,1.03776,1.04098,1.03624,1.03772,194422.0
2022-06-14 00:00:00,2022-06-13 21:00:00,2022-06-14 05:00:00,1.03708,1.04524,1.03404,1.0433,218850.0
2022-06-15 00:00:00,2022-06-14 21:00:00,2022-06-15 05:00:00,1.04311,1.04786,1.03819,1.03854,284625.0
2022-06-16 00:00:00,2022-06-15 21:00:00,2022-06-16 05:00:00,1.03771,1.04163,1.01303,1.01993,275628.0
2022-06-17 00:00:00,2022-06-16 21:00:00,2022-06-17 05:00:00,1.01933,1.02203,1.00982,1.01767,242535.0
2022-06-20 00:00:00,2022-06-19 21:00:00,2022-06-20 05:00:00,1.017,1.01942,1.0136,1.01663,159356.0
2022-06-21 00:00:00,2022-06-20 21:00:00,2022-06-21 05:00:00,1.01689,1.02163,1.01618,1.01775,172293.0
2022-06-22 00:00:00,2022-06-21 21:00:00,2022-06-22 05:00:00,1.01692,1.01885,1.01321,1.0157,189867.0
2022-06-23 00:00:00,2022-06-22 21:00:00,2022-06-23 05:00:00,1.01527,1.01656,1.00688,1.01146,217156.0
2022-06-24 00:00:00,2022-06-23 21:00:00,2022-06-24 05:00:00,1.00918,1.01391,1.00503,1.0116,178893.0
2022-06-27 00:00:00,2022-06-26 21:00:00,2022-06-27 05:00:00,1.00918,1.01579,1.00916,1.01189,161235.0
2022-06-28 00:00:00,2022-06-27 21:00:00,2022-06-28 05:00:00,1.01202,1.01313,1.00559,1.00732,180054.0
2022-06-29 00:00:00,2022-06-28 21:00:00,2022-06-29 05:00:00,1.00552,1.00763,0.99657,0.99694,192633.0
2022-06-30 00:00:00,2022-06-29 21:00:00,2022-06-30 05:00:00,0.99697,1.00139,0.99445,1.00099,199451.0
2022-07-01 00:00:00,2022-06-30 21:00:00,2022-07-01 05:00:00,1.00103,1.00425,0.99779,1.0006,204859.0
2022-07-04 00:00:00,2022-07-03 21:00:00,2022-07-04 05:00:00,1.00066,1.00464,0.99771,1.00171,141556.0
2022-07-05 00:00:00,2022-07-04 21:00:00,2022-07-05 05:00:00,1.00167,1.00322,0.99247,0.99413,196395.0
2022-07-06 00:00:00,2022-07-05 21:00:00,2022-07-06 05:00:00,0.99416,0.9948,0.98751,0.98814,208271.0
2022-07-07 00:00:00,2022-07-06 21:00:00,2022-07-07 05:00:00,0.98751,0.99309,0.98676,0.98973,170576.0
2022-07-08 00:00:00,2022-07-07 21:00:00,2022-07-08 05:00:00,0.98875,0.99549,0.98663,0.99439,185195.0
2022-07-11 00:00:00,2022-07-10 21:00:00,2022-07-11 05:00:00,0.99227,0.99484,0.98557,0.98722,155948.0
2022-07-12 00:00:00,2022-07-11 21:00:00,2022-07-12 05:00:00,0.98722,0.98984,0.98356,0.98526,185576.0
2022-07-13 00:00:00,2022-07-12 21:00:00,2022-07-13 05:00:00,0.9858,0.98846,0.98064,0.9845,215021.0
2022-07-14 00:00:00,2022-07-13 21:00:00,2022-07-14 05:00:00,0.98347,0.98851,0.98262,0.98576,223915.0
2022-07-15 00:00:00,2022-07-14 21:00:00,2022-07-15 05:00:00,0.98576,0.98744,0.98266,0.98483,157983.0
2022-07-18 00:00:00,2022-07-17 21:00:00,2022-07-18 05:00:00,0.98368,0.99339,0.98368,0.99138,148184.0
2022-07-19 00:00:00,2022-07-18 21:00:00,2022-07-19 05:00:00,0.99145,0.99454,0.98981,0.99065,158430.0
2022-07-20 00:00:00,2022-07-19 21:00:00,2022-07-20 05:00:00,0.9901,0.9945,0.98774,0.98877,169415.0
2022-07-21 00:00:00,2022-07-20 21:00:00,2022-07-21 05:00:00,0.98767,0.99503,0.98631,0.98877,213252.0
2022-07-22 00:00:00,2022-07-21 21:00:00,2022-07-22 05:00:00,0.98844,0.98861,0.98113,0.98149,184709.0
2022-07-25 00:00:00,2022-07-24 21:00:00,2022-07-25 05:00:00,0.98264,0.98829,0.98074,0.98572,150989.0
2022-07-26 00:00:00,2022-07-25 21:00:00,2022-07-26 05:00:00,0.98531,0.98659,0.97388,0.97436,138300.0
2022-07-27 00:00:00,2022-07-26 21:00:00,2022-07-27 05:00:00,0.97309,0.97976,0.97284,0.97847,169849.0
2022-07-28 00:00:00,2022-07-27 21:00:00,2022-07-28 05:00:00,0.97578,0.98054,0.97078,0.97361,190964.0
2022-07-29 00:00:00,2022-07-28 21:00:00,2022-07-29 05:00:00,0.97265,0.97533,0.96994,0.9728,184759.0
2022-08-01 00:00:00,2022-07-31 21:00:00,2022-08-01 05:00:00,0.97172,0.97589,0.97135,0.97454,164761.0
2022-08-02 00:00:00,2022-08-01 21:00:00,2022-08-02 05:00:00,0.97353,0.97636,0.97204,0.9732,194834.0
2022-08-03 00:00:00,2022-08-02 21:00:00,2022-08-03 05:00:00,0.97319,0.97827,0.97233,0.97658,174589.0
2022-08-04 00:00:00,2022-08-03 21:00:00,2022-08-04 05:00:00,0.9764,0.97974,0.9758,0.97809,143496.0
2022-08-05 00:00:00,2022-08-04 21:00:00,2022-08-05 05:00:00,0.97734,0.98016,0.976,0.97882,142922.0
2022-08-08 00:00:00,2022-08-07 21:00:00,2022-08-08 05:00:00,0.97849,0.97936,0.97182,0.97381,127539.0
2022-08-09 00:00:00,2022-08-08 21:00:00,2022-08-09 05:00:00,0.97329,0.97664,0.9726,0.97399,106830.0
2022-08-10 00:00:00,2022-08-09 21:00:00,2022-08-10 05:00:00,0.97363,0.97463,0.97047,0.97071,151417.0
2022-08-11 00:00:00,2022-08-10 21:00:00,2022-08-11 05:00:00,0.97085,0.97318,0.96944,0.97126,154016.0
2022-08-12 00:00:00,2022-08-11 21:00:00,2022-08-12 05:00:00,0.97126,0.97215,0.96557,0.96562,133382.0
2022-08-15 00:00:00,2022-08-14 21:00:00,2022-08-15 05:00:00,0.96563,0.96637,0.96116,0.96139,120880.0
2022-08-16 00:00:00,2022-08-15 21:00:00,2022-08-16 05:00:00,0.96089,0.96794,0.96042,0.96556,134785.0
2022-08-17 00:00:00,2022-08-16 21:00:00,2022-08-17 05:00:00,0.96523,0.97004,0.96467,0.96849,152912.0
2022-08-18 00:00:00,2022-08-17 21:00:00,2022-08-18 05:00:00,0.96828,0.96997,0.96454,0.96514,142921.0
2022-08-19 00:00:00,2022-08-18 21:00:00,2022-08-19 05:00:00,0.96492,0.96699,0.96126,0.96263,122029.0
2022-08-22 00:00:00,2022-08-21 21:00:00,2022-08-22 05:00:00,0.96155,0.96312,0.95713,0.9583,137072.0
2022-08-23 00:00:00,2022-08-22 21:00:00,2022-08-23 05:00:00,0.95696,0.96413,0.95528,0.96104,160769.0
2022-08-24 00:00:00,2022-08-23 21:00:00,2022-08-24 05:00:00,0.96083,0.96511,0.95582,0.96367,137672.0
2022-08-25 00:00:00,2022-08-24 21:00:00,2022-08-25 05:00:00,0.96204,0.96565,0.96018,0.96074,135493.0
2022-08-26 00:00:00,2022-08-25 21:00:00,2022-08-26 05:00:00,0.95966,0.96733,0.9596,0.96266,157511.0
2022-08-29 00:00:00,2022-08-28 21:00:00,2022-08-29 05:00:00,0.96133,0.96978,0.96123,0.96806,139229.0
2022-08-30 00:00:00,2022-08-29 21:00:00,2022-08-30 05:00:00,0.96792,0.97726,0.96654,0.97582,152584.0
2022-08-31 00:00:00,2022-08-30 21:00:00,2022-08-31 05:00:00,0.97479,0.98345,0.97386,0.98291,184528.0
2022-09-01 00:00:00,2022-08-31 21:00:00,2022-09-01 05:00:00,0.9829,0.98344,0.97601,0.97649,190466.0
2022-09-02 00:00:00,2022-09-01 21:00:00,2022-09-02 05:00:00,0.97632,0.98662,0.97577,0.97701,175187.0
2022-09-05 00:00:00,2022-09-04 21:00:00,2022-09-05 05:00:00,0.97336,0.97571,0.97115,0.97298,153029.0
2022-09-06 00:00:00,2022-09-05 21:00:00,2022-09-06 05:00:00,0.972,0.97866,0.972,0.97512,186798.0
2022-09-07 00:00:00,2022-09-06 21:00:00,2022-09-07 05:00:00,0.97512,0.9781,0.97235,0.97701,189735.0
2022-09-08 00:00:00,2022-09-07 21:00:00,2022-09-08 05:00:00,0.97678,0.97764,0.96609,0.97011,197320.0
2022-09-09 00:00:00,2022-09-08 21:00:00,2022-09-09 05:00:00,0.96969,0.97273,0.9633,0.96492,182895.0
2022-09-12 00:00:00,2022-09-11 21:00:00,2022-09-12 05:00:00,0.96825,0.97461,0.9635,0.96539,169584.0
2022-09-13 00:00:00,2022-09-12 21:00:00,2022-09-13 05:00:00,0.96467,0.969,0.95844,0.95871,176370.0
2022-09-14 00:00:00,2022-09-13 21:00:00,2022-09-14 05:00:00,0.95864,0.96289,0.95813,0.96032,172603.0
2022-09-15 00:00:00,2022-09-14 21:00:00,2022-09-15 05:00:00,0.95929,0.96139,0.95317,0.96136,142579.0
2022-09-16 00:00:00,2022-09-15 21:00:00,2022-09-16 05:00:00,0.95973,0.9665,0.95783,0.96549,156885.0
2022-09-19 00:00:00,2022-09-18 21:00:00,2022-09-19 05:00:00,0.9655,0.96719,0.9634,0.96666,136863.0
2022-09-20 00:00:00,2022-09-19 21:00:00,2022-09-20 05:00:00,0.96517,0.96822,0.96026,0.96113,164226.0
2022-09-21 00:00:00,2022-09-20 21:00:00,2022-09-21 05:00:00,0.9607,0.96182,0.95055,0.95055,222238.0
2022-09-22 00:00:00,2022-09-21 21:00:00,2022-09-22 05:00:00,0.95054,0.97146,0.94651,0.96087,268721.0
2022-09-23 00:00:00,2022-09-22 21:00:00,2022-09-23 05:00:00,0.95996,0.9622,0.94984,0.95107,205900.0
2022-09-26 00:00:00,2022-09-25 21:00:00,2022-09-26 05:00:00,0.95016,0.95762,0.94078,0.95437,334981.0
2022-09-27 00:00:00,2022-09-26 21:00:00,2022-09-27 05:00:00,0.95349,0.95599,0.94839,0.95142,248749.0
2022-09-28 00:00:00,2022-09-27 21:00:00,2022-09-28 05:00:00,0.94912,0.95252,0.94349,0.95032,330814.0
2022-09-29 00:00:00,2022-09-28 21:00:00,2022-09-29 05:00:00,0.94913,0.95915,0.94688,0.9571,296903.0
2022-09-30 00:00:00,2022-09-29 21:00:00,2022-09-30 05:00:00,0.95611,0.96815,0.95447,0.9673,278957.0
2022-10-03 00:00:00,2022-10-02 21:00:00,2022-10-03 05:00:00,0.9647,0.97734,0.96428,0.97476,250933.0
2022-10-04 00:00:00,2022-10-03 21:00:00,2022-10-04 05:00:00,0.97474,0.98007,0.97352,0.97814,248666.0
2022-10-05 00:00:00,2022-10-04 21:00:00,2022-10-05 05:00:00,0.97836,0.97978,0.96989,0.97207,231368.0
2022-10-06 00:00:00,2022-10-05 21:00:00,2022-10-06 05:00:00,0.96898,0.97389,0.96898,0.96979,219833.0
2022-10-07 00:00:00,2022-10-06 21:00:00,2022-10-07 05:00:00,0.96898,0.9716,0.9677,0.96815,215509.0
2022-10-10 00:00:00,2022-10-09 21:00:00,2022-10-10 05:00:00,0.96686,0.97308,0.96603,0.97029,184508.0
2022-10-11 00:00:00,2022-10-10 21:00:00,2022-10-11 05:00:00,0.96823,0.97147,0.9668,0.96743,220525.0
2022-10-12 00:00:00,2022-10-11 21:00:00,2022-10-12 05:00:00,0.9665,0.96903,0.96434,0.96779,221021.0
2022-10-13 00:00:00,2022-10-12 21:00:00,2022-10-13 05:00:00,0.96658,0.97915,0.96658,0.97896,241809.0
2022-10-14 00:00:00,2022-10-13 21:00:00,2022-10-14 05:00:00,0.97653,0.97935,0.97417,0.97733,241875.0
2022-10-17 00:00:00,2022-10-16 21:00:00,2022-10-17 05:00:00,0.97653,0.9809,0.97426,0.98021,193603.0
2022-10-18 00:00:00,2022-10-17 21:00:00,2022-10-18 05:00:00,0.97739,0.98195,0.97739,0.9801,190704.0
2022-10-19 00:00:00,2022-10-18 21:00:00,2022-10-19 05:00:00,0.97959,0.98303,0.97902,0.98174,202902.0
2022-10-20 00:00:00,2022-10-19 21:00:00,2022-10-20 05:00:00,0.97998,0.98515,0.97998,0.98166,201296.0
2022-10-21 00:00:00,2022-10-20 21:00:00,2022-10-21 05:00:00,0.98166,0.9885,0.98069,0.98402,281536.0
2022-10-24 00:00:00,2022-10-23 21:00:00,2022-10-24 05:00:00,0.98286,0.98931,0.98163,0.98794,269575.0
2022-10-25 00:00:00,2022-10-24 21:00:00,2022-10-25 05:00:00,0.98801,0.99268,0.9866,0.99124,187941.0
2022-10-26 00:00:00,2022-10-25 21:00:00,2022-10-26 05:00:00,0.99073,0.99469,0.98945,0.99434,213958.0
2022-10-27 00:00:00,2022-10-26 21:00:00,2022-10-27 05:00:00,0.99239,0.99552,0.987,0.98704,228099.0
2022-10-28 00:00:00,2022-10-27 21:00:00,2022-10-28 05:00:00,0.98668,0.9944,0.98637,0.99253,214919.0
2022-10-31 00:00:00,2022-10-30 21:00:00,2022-10-31 05:00:00,0.9919,0.99412,0.98803,0.98997,187211.0
2022-11-01 00:00:00,2022-10-31 21:00:00,2022-11-01 05:00:00,0.98997,0.99221,0.98512,0.98747,183180.0
2022-11-02 00:00:00,2022-11-01 21:00:00,2022-11-02 05:00:00,0.98747,0.98908,0.98457,0.98473,214520.0
2022-11-03 00:00:00,2022-11-02 21:00:00,2022-11-03 05:00:00,0.98439,0.98935,0.98296,0.98809,197876.0
2022-11-04 00:00:00,2022-11-03 21:00:00,2022-11-04 05:00:00,0.98759,0.99039,0.98452,0.99012,222265.0
2022-11-07 00:00:00,2022-11-06 22:00:00,2022-11-07 06:00:00,0.98827,0.99194,0.98642,0.99079,183352.0
2022-11-08 00:00:00,2022-11-07 22:00:00,2022-11-08 06:00:00,0.9908,0.99364,0.98815,0.99287,174435.0
2022-11-09 00:00:00,2022-11-08 22:00:00,2022-11-09 06:00:00,0.99288,0.99365,0.98573,0.98638,247278.0
2022-11-10 00:00:00,2022-11-09 22:00:00,2022-11-10 06:00:00,0.98643,0.9896,0.98208,0.98429,305070.0
2022-11-11 00:00:00,2022-11-10 22:00:00,2022-11-11 06:00:00,0.98423,0.98749,0.97322,0.97413,319968.0
2022-11-14 00:00:00,2022-11-13 22:00:00,2022-11-14 06:00:00,0.97317,0.97778,0.97077,0.97387,285342.0
2022-11-15 00:00:00,2022-11-14 22:00:00,2022-11-15 06:00:00,0.97398,0.98408,0.97239,0.97738,358671.0
2022-11-16 00:00:00,2022-11-15 22:00:00,2022-11-16 06:00:00,0.97723,0.98227,0.9748,0.98183,302774.0
2022-11-17 00:00:00,2022-11-16 22:00:00,2022-11-17 06:00:00,0.98124,0.98709,0.98073,0.98688,230275.0
2022-11-18 00:00:00,2022-11-17 22:00:00,2022-11-18 06:00:00,0.98571,0.9891,0.98447,0.9851,207015.0
2022-11-21 00:00:00,2022-11-20 22:00:00,2022-11-21 06:00:00,0.98449,0.98543,0.98004,0.98212,200835.0
2022-11-22 00:00:00,2022-11-21 22:00:00,2022-11-22 06:00:00,0.98216,0.98326,0.97636,0.98076,172035.0
2022-11-23 00:00:00,2022-11-22 22:00:00,2022-11-23 06:00:00,0.98035,0.98337,0.97657,0.97981,207867.0
2022-11-24 00:00:00,2022-11-23 22:00:00,2022-11-24 06:00:00,0.9795,0.9836,0.97882,0.98196,176774.0
2022-11-25 00:00:00,2022-11-24 22:00:00,2022-11-25 06:00:00,0.98141,0.98585,0.98079,0.98219,188863.0
2022-11-28 00:00:00,2022-11-27 22:00:00,2022-11-28 06:00:00,0.9811,0.98901,0.9792,0.98118,248216.0
2022-11-29 00:00:00,2022-11-28 22:00:00,2022-11-29 06:00:00,0.98079,0.98716,0.98079,0.98545,249926.0
2022-11-30 00:00:00,2022-11-29 22:00:00,2022-11-30 06:00:00,0.98265,0.98727,0.97885,0.98398,267851.0
2022-12-01 00:00:00,2022-11-30 22:00:00,2022-12-01 06:00:00,0.98388,0.98876,0.98214,0.98612,285780.0
2022-12-02 00:00:00,2022-12-01 22:00:00,2022-12-02 06:00:00,0.98502,0.98829,0.98234,0.98768,234452.0
2022-12-05 00:00:00,2022-12-04 22:00:00,2022-12-05 06:00:00,0.98687,0.99107,0.98505,0.98912,234972.0
2022-12-06 00:00:00,2022-12-05 22:00:00,2022-12-06 06:00:00,0.98721,0.99087,0.98558,0.98607,232326.0
2022-12-07 00:00:00,2022-12-06 22:00:00,2022-12-07 06:00:00,0.98563,0.9896,0.98384,0.98837,232292.0
2022-12-08 00:00:00,2022-12-07 22:00:00,2022-12-08 06:00:00,0.98823,0.99002,0.98634,0.98815,218557.0
2022-12-09 00:00:00,2022-12-08 22:00:00,2022-12-09 06:00:00,0.98813,0.98897,0.98261,0.98421,219675.0
2022-12-12 00:00:00,2022-12-11 22:00:00,2022-12-12 06:00:00,0.98123,0.98731,0.98123,0.98642,191713.0
2022-12-13 00:00:00,2022-12-12 22:00:00,2022-12-13 06:00:00,0.98525,0.99034,0.98335,0.98728,252572.0
2022-12-14 00:00:00,2022-12-13 22:00:00,2022-12-14 06:00:00,0.98721,0.98901,0.98296,0.98727,275610.0
2022-12-15 00:00:00,2022-12-14 22:00:00,2022-12-15 06:00:00,0.98493,0.99168,0.9837,0.98666,267529.0
2022-12-16 00:00:00,2022-12-15 22:00:00,2022-12-16 06:00:00,0.98677,0.99071,0.9851,0.98893,214864.0
2022-12-19 00:00:00,2022-12-18 22:00:00,2022-12-19 06:00:00,0.98893,0.9913,0.98506,0.98509,170652.0
2022-12-20 00:00:00,2022-12-19 22:00:00,2022-12-20 06:00:00,0.98441,0.98671,0.98261,0.98384,288636.0
2022-12-21 00:00:00,2022-12-20 22:00:00,2022-12-21 06:00:00,0.98357,0.9859,0.98219,0.98274,210457.0
2022-12-22 00:00:00,2022-12-21 22:00:00,2022-12-22 06:00:00,0.98237,0.98695,0.98168,0.98662,201641.0
2022-12-23 00:00:00,2022-12-22 22:00:00,2022-12-23 06:00:00,0.98645,0.9923,0.98626,0.99181,205207.0
2022-12-27 00:00:00,2022-12-26 22:00:00,2022-12-27 06:00:00,0.99034,0.99238,0.98756,0.98867,194869.0
2022-12-28 00:00:00,2022-12-27 22:00:00,2022-12-28 06:00:00,0.98714,0.99036,0.98429,0.98579,180741.0
2022-12-29 00:00:00,2022-12-28 22:00:00,2022-12-29 06:00:00,0.98434,0.9863,0.98245,0.98433,187721.0
2022-12-30 00:00:00,2022-12-29 22:00:00,2022-12-30 06:00:00,0.98339,0.98931,0.98303,0.98903,187603.0
2023-01-02 00:00:00,2023-01-01 22:00:00,2023-01-02 06:00:00,0.98658,0.98907,0.98401,0.98424,89070.0
2023-01-03 00:00:00,2023-01-02 22:00:00,2023-01-03 06:00:00,0.98594,0.99052,0.98401,0.98708,248922.0
2023-01-04 00:00:00,2023-01-03 22:00:00,2023-01-04 06:00:00,0.98715,0.98777,0.98339,0.98581,234137.0
2023-01-05 00:00:00,2023-01-04 22:00:00,2023-01-05 06:00:00,0.98488,0.9872,0.98338,0.98505,203636.0
2023-01-06 00:00:00,2023-01-05 22:00:00,2023-01-06 06:00:00,0.98476,0.98825,0.98394,0.98764,211264.0
2023-01-09 00:00:00,2023-01-08 22:00:00,2023-01-09 06:00:00,0.98585,0.98904,0.98532,0.9889,175607.0
2023-01-10 00:00:00,2023-01-09 22:00:00,2023-01-10 06:00:00,0.9883,0.99132,0.98751,0.99053,174738.0
2023-01-11 00:00:00,2023-01-10 22:00:00,2023-01-11 06:00:00,0.98998,1.00225,0.98928,1.00177,168579.0
2023-01-12 00:00:00,2023-01-11 22:00:00,2023-01-12 06:00:00,1.00032,1.00794,0.99995,1.0063,219224.0
2023-01-13 00:00:00,2023-01-12 22:00:00,2023-01-13 06:00:00,1.005,1.00971,1.00194,1.00338,180051.0
2023-01-16 00:00:00,2023-01-15 22:00:00,2023-01-16 06:00:00,1.00161,1.00398,0.99998,1.00221,145534.0
2023-01-17 00:00:00,2023-01-16 22:00:00,2023-01-17 06:00:00,1.00133,1.00273,0.99353,0.99463,207222.0
2023-01-18 00:00:00,2023-01-17 22:00:00,2023-01-18 06:00:00,0.99441,0.99635,0.9875,0.98932,258017.0
2023-01-19 00:00:00,2023-01-18 22:00:00,2023-01-19 06:00:00,0.98908,0.99313,0.98735,0.99201,213827.0
2023-01-20 00:00:00,2023-01-19 22:00:00,2023-01-20 06:00:00,0.99139,0.99993,0.99134,0.99889,173652.0
2023-01-23 00:00:00,2023-01-22 22:00:00,2023-01-23 06:00:00,0.999,1.00339,0.99765,1.00208,197101.0
2023-01-24 00:00:00,2023-01-23 22:00:00,2023-01-24 06:00:00,1.00208,1.00667,0.99944,1.00432,166194.0
2023-01-25 00:00:00,2023-01-24 22:00:00,2023-01-25 06:00:00,1.00418,1.00695,1.00121,1.0019,153127.0
2023-01-26 00:00:00,2023-01-25 22:00:00,2023-01-26 06:00:00,1.00101,1.00279,0.99883,1.00234,169086.0
2023-01-27 00:00:00,2023-01-26 22:00:00,2023-01-27 06:00:00,1.00243,1.00394,0.99964,1.00082,155659.0
2023-01-30 00:00:00,2023-01-29 22:00:00,2023-01-30 06:00:00,1.00096,1.00612,0.99973,1.0037,172425.0
2023-01-31 00:00:00,2023-01-30 22:00:00,2023-01-31 06:00:00,1.00218,1.00525,0.99438,0.99507,177838.0
2023-02-01 00:00:00,2023-01-31 22:00:00,2023-02-01 06:00:00,0.99427,1.00077,0.99423,0.99841,173980.0
2023-02-02 00:00:00,2023-02-01 22:00:00,2023-02-02 06:00:00,0.99818,1.00053,0.99343,0.99627,198849.0
2023-02-03 00:00:00,2023-02-02 22:00:00,2023-02-03 06:00:00,0.99492,1.00329,0.99492,0.99924,183443.0
2023-02-06 00:00:00,2023-02-05 22:00:00,2023-02-06 06:00:00,0.99951,1.0005,0.99407,0.99549,158415.0
2023-02-07 00:00:00,2023-02-06 22:00:00,2023-02-07 06:00:00,0.99444,0.99582,0.98719,0.98902,203235.0
2023-02-08 00:00:00,2023-02-07 22:00:00,2023-02-08 06:00:00,0.98846,0.98958,0.98631,0.98669,164373.0
2023-02-09 00:00:00,2023-02-08 22:00:00,2023-02-09 06:00:00,0.9865,0.99067,0.98599,0.99031,170003.0
2023-02-10 00:00:00,2023-02-09 22:00:00,2023-02-10 06:00:00,0.9893,0.99059,0.98611,0.98636,183851.0
2023-02-13 00:00:00,2023-02-12 22:00:00,2023-02-13 06:00:00,0.9857,0.98776,0.98464,0.986,170856.0
2023-02-14 00:00:00,2023-02-13 22:00:00,2023-02-14 06:00:00,0.98572,0.98969,0.98484,0.98948,256164.0
2023-02-15 00:00:00,2023-02-14 22:00:00,2023-02-15 06:00:00,0.98792,0.99112,0.98639,0.98714,220026.0
2023-02-16 00:00:00,2023-02-15 22:00:00,2023-02-16 06:00:00,0.98722,0.98865,0.98645,0.98797,183270.0
2023-02-17 00:00:00,2023-02-16 22:00:00,2023-02-17 06:00:00,0.98794,0.99252,0.98743,0.98838,163393.0
2023-02-20 00:00:00,2023-02-19 22:00:00,2023-02-20 06:00:00,0.98816,0.98878,0.98552,0.98635,124226.0
2023-02-21 00:00:00,2023-02-20 22:00:00,2023-02-21 06:00:00,0.98556,0.9903,0.98479,0.98772,156663.0
2023-02-22 00:00:00,2023-02-21 22:00:00,2023-02-22 06:00:00,0.98672,0.98967,0.98597,0.98763,176114.0
2023-02-23 00:00:00,2023-02-22 22:00:00,2023-02-23 06:00:00,0.98644,0.99068,0.98644,0.98943,147792.0
2023-02-24 00:00:00,2023-02-23 22:00:00,2023-02-24 06:00:00,0.98799,0.99249,0.98799,0.99221,168379.0
2023-02-27 00:00:00,2023-02-26 22:00:00,2023-02-27 06:00:00,0.9909,0.9947,0.99086,0.99275,134039.0
2023-02-28 00:00:00,2023-02-27 22:00:00,2023-02-28 06:00:00,0.99254,0.99655,0.9915,0.99631,140947.0
2023-03-01 00:00:00,2023-02-28 22:00:00,2023-03-01 06:00:00,0.99606,1.00263,0.99553,1.00253,160760.0
2023-03-02 00:00:00,2023-03-01 22:00:00,2023-03-02 06:00:00,1.00147,1.00416,0.99739,0.99858,136401.0
2023-03-03 00:00:00,2023-03-02 22:00:00,2023-03-03 06:00:00,0.99727,0.99876,0.99469,0.99543,123728.0
2023-03-06 00:00:00,2023-03-05 22:00:00,2023-03-06 06:00:00,0.99433,0.99665,0.99233,0.99426,121209.0
2023-03-07 00:00:00,2023-03-06 22:00:00,2023-03-07 06:00:00,0.99305,0.9965,0.99252,0.99377,148179.0
2023-03-08 00:00:00,2023-03-07 22:00:00,2023-03-08 06:00:00,0.99257,0.99438,0.99091,0.9926,114676.0
2023-03-09 00:00:00,2023-03-08 22:00:00,2023-03-09 06:00:00,0.99234,0.99306,0.9865,0.98681,93955.0
2023-03-10 00:00:00,2023-03-09 22:00:00,2023-03-10 06:00:00,0.9857,0.98775,0.9795,0.98024,188947.0
2023-03-13 00:00:00,2023-03-12 21:00:00,2023-03-13 05:00:00,0.98003,0.98345,0.97134,0.97854,270611.0
2023-03-14 00:00:00,2023-03-13 21:00:00,2023-03-14 05:00:00,0.97641,0.98231,0.97472,0.98115,201387.0
2023-03-15 00:00:00,2023-03-14 21:00:00,2023-03-15 05:00:00,0.97956,0.98743,0.97059,0.98723,271072.0
2023-03-16 00:00:00,2023-03-15 21:00:00,2023-03-16 05:00:00,0.98651,0.98817,0.97988,0.9863,270850.0
2023-03-17 00:00:00,2023-03-16 21:00:00,2023-03-17 05:00:00,0.9856,0.99123,0.98391,0.98759,203561.0
2023-03-20 00:00:00,2023-03-19 21:00:00,2023-03-20 05:00:00,0.98783,0.99656,0.98581,0.9964,187088.0
2023-03-21 00:00:00,2023-03-20 21:00:00,2023-03-21 05:00:00,0.99416,0.99776,0.99258,0.9933,186272.0
2023-03-22 00:00:00,2023-03-21 21:00:00,2023-03-22 05:00:00,0.99244,0.99842,0.99227,0.99584,165155.0
2023-03-23 00:00:00,2023-03-22 21:00:00,2023-03-23 05:00:00,0.99566,0.99974,0.99198,0.9928,149821.0
2023-03-24 00:00:00,2023-03-23 21:00:00,2023-03-24 05:00:00,0.99167,0.99394,0.98487,0.98958,184308.0
2023-03-27 00:00:00,2023-03-26 21:00:00,2023-03-27 05:00:00,0.98895,0.99088,0.98591,0.98862,128796.0
2023-03-28 00:00:00,2023-03-27 21:00:00,2023-03-28 05:00:00,0.98809,0.99848,0.98799,0.99733,113838.0
2023-03-29 00:00:00,2023-03-28 21:00:00,2023-03-29 05:00:00,0.99629,0.99858,0.99464,0.9959,105704.0
2023-03-30 00:00:00,2023-03-29 21:00:00,2023-03-30 05:00:00,0.9959,0.998,0.99328,0.9961,115281.0
2023-03-31 00:00:00,2023-03-30 21:00:00,2023-03-31 05:00:00,0.99531,0.99901,0.99068,0.99229,118484.0
2023-04-03 00:00:00,2023-04-02 21:00:00,2023-04-03 05:00:00,0.99161,0.99622,0.9904,0.99494,118737.0
2023-04-04 00:00:00,2023-04-03 21:00:00,2023-04-04 05:00:00,0.99435,0.99712,0.99133,0.99274,117117.0
2023-04-05 00:00:00,2023-04-04 21:00:00,2023-04-05 05:00:00,0.99105,0.99319,0.9869,0.98885,103891.0
2023-04-06 00:00:00,2023-04-05 21:00:00,2023-04-06 05:00:00,0.98767,0.98896,0.98509,0.98793,89351.0
2023-04-07 00:00:00,2023-04-06 21:00:00,2023-04-07 05:00:00,0.98777,0.98907,0.98507,0.98597,82943.0
2023-04-10 00:00:00,2023-04-09 21:00:00,2023-04-10 05:00:00,0.98493,0.98879,0.98493,0.98766,89957.0
2023-04-11 00:00:00,2023-04-10 21:00:00,2023-04-11 05:00:00,0.98535,0.98907,0.98493,0.98573,95816.0
2023-04-12 00:00:00,2023-04-11 21:00:00,2023-04-12 05:00:00,0.98546,0.98703,0.98317,0.98513,103495.0
2023-04-13 00:00:00,2023-04-12 21:00:00,2023-04-13 05:00:00,0.98426,0.98587,0.97995,0.98269,108306.0
2023-04-14 00:00:00,2023-04-13 21:00:00,2023-04-14 05:00:00,0.9817,0.98453,0.98111,0.98277,102326.0
2023-04-17 00:00:00,2023-04-16 21:00:00,2023-04-17 05:00:00,0.98216,0.98343,0.98029,0.98202,99975.0
2023-04-18 00:00:00,2023-04-17 21:00:00,2023-04-18 05:00:00,0.98102,0.98442,0.98102,0.9834,102857.0
2023-04-19 00:00:00,2023-04-18 21:00:00,2023-04-19 05:00:00,0.9829,0.98481,0.98248,0.98322,103941.0
2023-04-20 00:00:00,2023-04-19 21:00:00,2023-04-20 05:00:00,0.98321,0.98387,0.97887,0.97893,96604.0
2023-04-21 00:00:00,2023-04-20 21:00:00,2023-04-21 05:00:00,0.97877,0.98084,0.97862,0.98048,96858.0
2023-04-24 00:00:00,2023-04-23 21:00:00,2023-04-24 05:00:00,0.98019,0.98102,0.97792,0.98048,86556.0
2023-04-25 00:00:00,2023-04-24 21:00:00,2023-04-25 05:00:00,0.98035,0.98154,0.97765,0.97884,106043.0
2023-04-26 00:00:00,2023-04-25 21:00:00,2023-04-26 05:00:00,0.97713,0.98452,0.97702,0.98388,124936.0
2023-04-27 00:00:00,2023-04-26 21:00:00,2023-04-27 05:00:00,0.98368,0.98801,0.98255,0.98629,118901.0
2023-04-28 00:00:00,2023-04-27 21:00:00,2023-04-28 05:00:00,0.9856,0.98632,0.98152,0.98557,150623.0
2023-05-01 00:00:00,2023-04-30 21:00:00,2023-05-01 05:00:00,0.98295,0.98558,0.98228,0.98304,104359.0
2023-05-02 00:00:00,2023-05-01 21:00:00,2023-05-02 05:00:00,0.98158,0.9866,0.9815,0.98255,119561.0
2023-05-03 00:00:00,2023-05-02 21:00:00,2023-05-03 05:00:00,0.98158,0.98291,0.97799,0.97808,124407.0
2023-05-04 00:00:00,2023-05-03 21:00:00,2023-05-04 05:00:00,0.97799,0.98129,0.97447,0.97556,154412.0
2023-05-05 00:00:00,2023-05-04 21:00:00,2023-05-05 05:00:00,0.97442,0.98494,0.97442,0.98111,122021.0
2023-05-08 00:00:00,2023-05-07 21:00:00,2023-05-08 05:00:00,0.98039,0.9822,0.97859,0.97875,82979.0
2023-05-09 00:00:00,2023-05-08 21:00:00,2023-05-09 05:00:00,0.97827,0.98005,0.97589,0.97601,97096.0
2023-05-10 00:00:00,2023-05-09 21:00:00,2023-05-10 05:00:00,0.97592,0.97767,0.97432,0.9771,112681.0
2023-05-11 00:00:00,2023-05-10 21:00:00,2023-05-11 05:00:00,0.97482,0.97821,0.97463,0.9761,119331.0
2023-05-12 00:00:00,2023-05-11 21:00:00,2023-05-12 05:00:00,0.97538,0.97617,0.9724,0.97457,99254.0
2023-05-15 00:00:00,2023-05-14 21:00:00,2023-05-15 05:00:00,0.9727,0.97539,0.97223,0.97396,105653.0
2023-05-16 00:00:00,2023-05-15 21:00:00,2023-05-16 05:00:00,0.97281,0.97423,0.97194,0.97362,102763.0
2023-05-17 00:00:00,2023-05-16 21:00:00,2023-05-17 05:00:00,0.97264,0.97626,0.97248,0.97389,100434.0
2023-05-18 00:00:00,2023-05-17 21:00:00,2023-05-18 05:00:00,0.973,0.97595,0.97254,0.97475,91775.0
2023-05-19 00:00:00,2023-05-18 21:00:00,2023-05-19 05:00:00,0.97437,0.97511,0.97131,0.97177,111480.0
2023-05-22 00:00:00,2023-05-21 21:00:00,2023-05-22 05:00:00,0.97077,0.97224,0.96771,0.97071,111978.0
2023-05-23 00:00:00,2023-05-22 21:00:00,2023-05-23 05:00:00,0.97046,0.97212,0.96995,0.97079,105452.0
2023-05-24 00:00:00,2023-05-23 21:00:00,2023-05-24 05:00:00,0.969,0.97509,0.969,0.97291,108291.0
2023-05-25 00:00:00,2023-05-24 21:00:00,2023-05-25 05:00:00,0.97165,0.97327,0.97013,0.97136,110933.0
2023-05-26 00:00:00,2023-05-25 21:00:00,2023-05-26 05:00:00,0.97069,0.97172,0.96876,0.97054,106977.0
2023-05-29 00:00:00,2023-05-28 21:00:00,2023-05-29 05:00:00,0.96941,0.97175,0.96754,0.96855,61613.0
2023-05-30 00:00:00,2023-05-29 21:00:00,2023-05-30 05:00:00,0.96749,0.97242,0.96718,0.97234,100450.0
2023-05-31 00:00:00,2023-05-30 21:00:00,2023-05-31 05:00:00,0.97216,0.97515,0.9709,0.97331,111573.0
2023-06-01 00:00:00,2023-05-31 21:00:00,2023-06-01 05:00:00,0.97298,0.9762,0.97121,0.97457,115200.0
2023-06-02 00:00:00,2023-06-01 21:00:00,2023-06-02 05:00:00,0.97459,0.97607,0.97282,0.9731,100247.0
2023-06-05 00:00:00,2023-06-04 21:00:00,2023-06-05 05:00:00,0.9723,0.97515,0.96962,0.97069,114750.0
2023-06-06 00:00:00,2023-06-05 21:00:00,2023-06-06 05:00:00,0.9691,0.97144,0.96884,0.97043,91086.0
2023-06-07 00:00:00,2023-06-06 21:00:00,2023-06-07 05:00:00,0.97027,0.97397,0.96903,0.97372,92531.0
2023-06-08 00:00:00,2023-06-07 21:00:00,2023-06-08 05:00:00,0.97285,0.97613,0.96887,0.96942,110668.0
2023-06-09 00:00:00,2023-06-08 21:00:00,2023-06-09 05:00:00,0.96794,0.9718,0.96794,0.97043,97722.0
2023-06-12 00:00:00,2023-06-11 21:00:00,2023-06-12 05:00:00,0.96893,0.97873,0.96879,0.9777,87996.0
2023-06-13 00:00:00,2023-06-12 21:00:00,2023-06-13 05:00:00,0.97708,0.97951,0.97535,0.97684,121719.0
2023-06-14 00:00:00,2023-06-13 21:00:00,2023-06-14 05:00:00,0.97625,0.97695,0.97301,0.97599,107092.0
2023-06-15 00:00:00,2023-06-14 21:00:00,2023-06-15 05:00:00,0.97369,0.97896,0.97347,0.97603,100799.0
2023-06-16 00:00:00,2023-06-15 21:00:00,2023-06-16 05:00:00,0.97591,0.97841,0.97467,0.97789,105496.0
2023-06-19 00:00:00,2023-06-18 21:00:00,2023-06-19 05:00:00,0.97734,0.98003,0.9764,0.97803,86841.0
2023-06-20 00:00:00,2023-06-19 21:00:00,2023-06-20 05:00:00,0.97772,0.98142,0.97772,0.98005,103684.0
2023-06-21 00:00:00,2023-06-20 21:00:00,2023-06-21 05:00:00,0.9792,0.98209,0.97908,0.98116,111103.0
2023-06-22 00:00:00,2023-06-21 21:00:00,2023-06-22 05:00:00,0.98104,0.98421,0.979,0.98032,125626.0
2023-06-23 00:00:00,2023-06-22 21:00:00,2023-06-23 05:00:00,0.97965,0.9815,0.97498,0.9769,133831.0
2023-06-26 00:00:00,2023-06-25 21:00:00,2023-06-26 05:00:00,0.97676,0.97761,0.97229,0.97675,114327.0
2023-06-27 00:00:00,2023-06-26 21:00:00,2023-06-27 05:00:00,0.97482,0.98224,0.97406,0.9795,116707.0
2023-06-28 00:00:00,2023-06-27 21:00:00,2023-06-28 05:00:00,0.97923,0.9823,0.978,0.97877,112979.0
2023-06-29 00:00:00,2023-06-28 21:00:00,2023-06-29 05:00:00,0.97869,0.98061,0.97661,0.97722,112964.0
2023-06-30 00:00:00,2023-06-29 21:00:00,2023-06-30 05:00:00,0.97634,0.97894,0.97558,0.97641,126482.0
2023-07-03 00:00:00,2023-07-02 21:00:00,2023-07-03 05:00:00,0.97487,0.98048,0.97487,0.97792,93329.0
2023-07-04 00:00:00,2023-07-03 21:00:00,2023-07-04 05:00:00,0.97701,0.97879,0.97523,0.97597,74910.0
2023-07-05 00:00:00,2023-07-04 21:00:00,2023-07-05 05:00:00,0.97569,0.97898,0.97523,0.97549,88410.0
2023-07-06 00:00:00,2023-07-05 21:00:00,2023-07-06 05:00:00,0.97537,0.97664,0.97379,0.97512,107716.0
2023-07-07 00:00:00,2023-07-06 21:00:00,2023-07-07 05:00:00,0.97473,0.97599,0.97363,0.97495,104487.0
2023-07-10 00:00:00,2023-07-09 21:00:00,2023-07-10 05:00:00,0.9735,0.97622,0.97203,0.9739,84161.0
2023-07-11 00:00:00,2023-07-10 21:00:00,2023-07-11 05:00:00,0.97392,0.97455,0.96765,0.96818,76981.0
2023-07-12 00:00:00,2023-07-11 21:00:00,2023-07-12 05:00:00,0.96796,0.96947,0.9629,0.96572,105324.0
2023-07-13 00:00:00,2023-07-12 21:00:00,2023-07-13 05:00:00,0.96453,0.96569,0.96078,0.96406,95232.0
2023-07-14 00:00:00,2023-07-13 21:00:00,2023-07-14 05:00:00,0.96321,0.96868,0.96206,0.96774,91184.0
2023-07-17 00:00:00,2023-07-16 21:00:00,2023-07-17 05:00:00,0.96646,0.9683,0.96431,0.96675,72640.0
2023-07-18 00:00:00,2023-07-17 21:00:00,2023-07-18 05:00:00,0.96637,0.96723,0.96255,0.96283,102768.0
2023-07-19 00:00:00,2023-07-18 21:00:00,2023-07-19 05:00:00,0.96264,0.96498,0.9615,0.96159,103524.0
2023-07-20 00:00:00,2023-07-19 21:00:00,2023-07-20 05:00:00,0.96172,0.96601,0.96031,0.9645,107284.0
2023-07-21 00:00:00,2023-07-20 21:00:00,2023-07-21 05:00:00,0.96476,0.96508,0.96186,0.96331,85489.0
2023-07-24 00:00:00,2023-07-23 21:00:00,2023-07-24 05:00:00,0.96188,0.96467,0.95879,0.96217,101993.0
2023-07-25 00:00:00,2023-07-24 21:00:00,2023-07-25 05:00:00,0.96198,0.96308,0.95469,0.95497,91044.0
2023-07-26 00:00:00,2023-07-25 21:00:00,2023-07-26 05:00:00,0.95413,0.95617,0.95352,0.95427,101992.0
2023-07-27 00:00:00,2023-07-26 21:00:00,2023-07-27 05:00:00,0.95432,0.95563,0.95225,0.95415,133055.0
2023-07-28 00:00:00,2023-07-27 21:00:00,2023-07-28 05:00:00,0.95269,0.9593,0.95249,0.95904,151916.0
2023-07-31 00:00:00,2023-07-30 21:00:00,2023-07-31 05:00:00,0.9567,0.96228,0.95552,0.95868,106464.0
2023-08-01 00:00:00,2023-07-31 21:00:00,2023-08-01 05:00:00,0.95795,0.96243,0.95695,0.96111,104571.0
2023-08-02 00:00:00,2023-08-01 21:00:00,2023-08-02 05:00:00,0.96117,0.96494,0.95861,0.95976,141960.0
2023-08-03 00:00:00,2023-08-02 21:00:00,2023-08-03 05:00:00,0.95967,0.96125,0.95594,0.95708,134210.0
2023-08-04 00:00:00,2023-08-03 21:00:00,2023-08-04 05:00:00,0.95679,0.96235,0.95679,0.96085,118180.0
2023-08-07 00:00:00,2023-08-06 21:00:00,2023-08-07 05:00:00,0.95955,0.96279,0.95888,0.96037,96653.0
2023-08-08 00:00:00,2023-08-07 21:00:00,2023-08-08 05:00:00,0.9601,0.96089,0.9585,0.95939,107114.0
2023-08-09 00:00:00,2023-08-08 21:00:00,2023-08-09 05:00:00,0.95889,0.96324,0.95829,0.96253,85925.0
2023-08-10 00:00:00,2023-08-09 21:00:00,2023-08-10 05:00:00,0.96108,0.96373,0.96107,0.96281,108018.0
2023-08-11 00:00:00,2023-08-10 21:00:00,2023-08-11 05:00:00,0.96138,0.96486,0.95918,0.95953,99817.0
2023-08-14 00:00:00,2023-08-13 21:00:00,2023-08-14 05:00:00,0.95891,0.96131,0.95756,0.95776,89383.0
2023-08-15 00:00:00,2023-08-14 21:00:00,2023-08-15 05:00:00,0.9577,0.95959,0.95669,0.95792,111211.0
2023-08-16 00:00:00,2023-08-15 21:00:00,2023-08-16 05:00:00,0.95676,0.96112,0.95666,0.95727,99333.0
2023-08-17 00:00:00,2023-08-16 21:00:00,2023-08-17 05:00:00,0.95688,0.95768,0.95474,0.95504,99764.0
2023-08-18 00:00:00,2023-08-17 21:00:00,2023-08-18 05:00:00,0.95381,0.95979,0.95188,0.95958,94071.0
2023-08-21 00:00:00,2023-08-20 21:00:00,2023-08-21 05:00:00,0.9575,0.96015,0.95686,0.95716,72840.0
2023-08-22 00:00:00,2023-08-21 21:00:00,2023-08-22 05:00:00,0.95705,0.9592,0.95374,0.95496,93653.0
2023-08-23 00:00:00,2023-08-22 21:00:00,2023-08-23 05:00:00,0.95418,0.95558,0.95154,0.95365,96307.0
2023-08-24 00:00:00,2023-08-23 21:00:00,2023-08-24 05:00:00,0.95282,0.9567,0.9522,0.95606,88354.0
2023-08-25 00:00:00,2023-08-24 21:00:00,2023-08-25 05:00:00,0.95437,0.95693,0.95417,0.95471,96349.0
2023-08-28 00:00:00,2023-08-27 21:00:00,2023-08-28 05:00:00,0.95407,0.95637,0.95304,0.95621,70923.0
2023-08-29 00:00:00,2023-08-28 21:00:00,2023-08-29 05:00:00,0.95486,0.95687,0.95419,0.95561,88102.0
2023-08-30 00:00:00,2023-08-29 21:00:00,2023-08-30 05:00:00,0.95464,0.95977,0.95425,0.95958,100304.0
2023-08-31 00:00:00,2023-08-30 21:00:00,2023-08-31 05:00:00,0.95913,0.96031,0.95687,0.95783,96599.0
2023-09-01 00:00:00,2023-08-31 21:00:00,2023-09-01 05:00:00,0.95729,0.95823,0.95417,0.95428,94477.0
2023-09-04 00:00:00,2023-09-03 21:00:00,2023-09-04 05:00:00,0.95419,0.95564,0.95358,0.95475,62555.0
2023-09-05 00:00:00,2023-09-04 21:00:00,2023-09-05 05:00:00,0.95418,0.95518,0.9521,0.95361,94512.0
2023-09-06 00:00:00,2023-09-05 21:00:00,2023-09-06 05:00:00,0.95271,0.95755,0.95255,0.95575,95824.0
2023-09-07 00:00:00,2023-09-06 21:00:00,2023-09-07 05:00:00,0.95568,0.95634,0.9546,0.95479,92846.0
2023-09-08 00:00:00,2023-09-07 21:00:00,2023-09-08 05:00:00,0.95468,0.95646,0.9535,0.95544,100672.0
2023-09-11 00:00:00,2023-09-10 21:00:00,2023-09-11 05:00:00,0.9545,0.95852,0.9536,0.95764,115099.0
2023-09-12 00:00:00,2023-09-11 21:00:00,2023-09-12 05:00:00,0.95629,0.9591,0.95446,0.9586,88356.0
2023-09-13 00:00:00,2023-09-12 21:00:00,2023-09-13 05:00:00,0.95693,0.9594,0.95693,0.95878,105140.0
2023-09-14 00:00:00,2023-09-13 21:00:00,2023-09-14 05:00:00,0.95789,0.95986,0.95299,0.95327,116050.0
2023-09-15 00:00:00,2023-09-14 21:00:00,2023-09-15 05:00:00,0.9528,0.95721,0.95275,0.95686,97867.0
2023-09-18 00:00:00,2023-09-17 21:00:00,2023-09-18 05:00:00,0.9539,0.95925,0.95389,0.95906,71314.0
2023-09-19 00:00:00,2023-09-18 21:00:00,2023-09-19 05:00:00,0.95769,0.95988,0.95695,0.95867,85164.0
2023-09-20 00:00:00,2023-09-19 21:00:00,2023-09-20 05:00:00,0.9582,0.96049,0.95794,0.95797,118079.0
2023-09-21 00:00:00,2023-09-20 21:00:00,2023-09-21 05:00:00,0.95766,0.96773,0.95628,0.96429,152723.0
2023-09-22 00:00:00,2023-09-21 21:00:00,2023-09-22 05:00:00,0.96386,0.96664,0.96238,0.96544,103119.0
2023-09-25 00:00:00,2023-09-24 21:00:00,2023-09-25 05:00:00,0.96467,0.96858,0.96444,0.96601,113611.0
2023-09-26 00:00:00,2023-09-25 21:00:00,2023-09-26 05:00:00,0.96577,0.96819,0.96518,0.9681,111581.0
2023-09-27 00:00:00,2023-09-26 21:00:00,2023-09-27 05:00:00,0.96597,0.96938,0.96559,0.96752,129115.0
2023-09-28 00:00:00,2023-09-27 21:00:00,2023-09-28 05:00:00,0.96703,0.9686,0.96586,0.96665,142122.0
2023-09-29 00:00:00,2023-09-28 21:00:00,2023-09-29 05:00:00,0.96672,0.96932,0.96449,0.96763,149346.0
2023-10-02 00:00:00,2023-10-01 21:00:00,2023-10-02 05:00:00,0.96555,0.96833,0.96154,0.96211,129521.0
2023-10-03 00:00:00,2023-10-02 21:00:00,2023-10-03 05:00:00,0.96168,0.96757,0.96155,0.96396,150792.0
2023-10-04 00:00:00,2023-10-03 21:00:00,2023-10-04 05:00:00,0.96405,0.96539,0.96184,0.96337,161982.0
2023-10-05 00:00:00,2023-10-04 21:00:00,2023-10-05 05:00:00,0.96285,0.96474,0.9613,0.96252,159966.0
2023-10-06 00:00:00,2023-10-05 21:00:00,2023-10-06 05:00:00,0.96226,0.96378,0.96107,0.96306,163498.0
2023-10-09 00:00:00,2023-10-08 21:00:00,2023-10-09 05:00:00,0.9592,0.96091,0.95588,0.95795,145656.0
2023-10-10 00:00:00,2023-10-09 21:00:00,2023-10-10 05:00:00,0.95633,0.96143,0.95602,0.95939,153501.0
2023-10-11 00:00:00,2023-10-10 21:00:00,2023-10-11 05:00:00,0.95934,0.96016,0.95633,0.95776,135637.0
2023-10-12 00:00:00,2023-10-11 21:00:00,2023-10-12 05:00:00,0.95643,0.95774,0.95445,0.95632,139122.0
2023-10-13 00:00:00,2023-10-12 21:00:00,2023-10-13 05:00:00,0.95627,0.95726,0.94568,0.94823,151056.0
2023-10-16 00:00:00,2023-10-15 21:00:00,2023-10-16 05:00:00,0.94669,0.95229,0.94666,0.95048,124750.0
2023-10-17 00:00:00,2023-10-16 21:00:00,2023-10-17 05:00:00,0.94977,0.95339,0.94963,0.95209,121917.0
2023-10-18 00:00:00,2023-10-17 21:00:00,2023-10-18 05:00:00,0.95095,0.95242,0.94494,0.94724,146726.0
2023-10-19 00:00:00,2023-10-18 21:00:00,2023-10-19 05:00:00,0.94588,0.94848,0.94276,0.94329,156221.0
2023-10-20 00:00:00,2023-10-19 21:00:00,2023-10-20 05:00:00,0.94269,0.94562,0.94172,0.94542,135780.0
2023-10-23 00:00:00,2023-10-22 21:00:00,2023-10-23 05:00:00,0.94212,0.95126,0.94212,0.95069,126424.0
2023-10-24 00:00:00,2023-10-23 21:00:00,2023-10-24 05:00:00,0.95027,0.95155,0.94572,0.94576,126615.0
2023-10-25 00:00:00,2023-10-24 21:00:00,2023-10-25 05:00:00,0.94595,0.94893,0.94558,0.94758,124174.0
2023-10-26 00:00:00,2023-10-25 21:00:00,2023-10-26 05:00:00,0.94673,0.94997,0.94594,0.9495,148125.0
2023-10-27 00:00:00,2023-10-26 21:00:00,2023-10-27 05:00:00,0.94699,0.9565,0.94663,0.95308,156671.0
2023-10-30 00:00:00,2023-10-29 21:00:00,2023-10-30 05:00:00,0.95198,0.95842,0.95185,0.95738,125854.0
2023-10-31 00:00:00,2023-10-30 21:00:00,2023-10-31 05:00:00,0.95697,0.96289,0.95566,0.9627,148671.0
2023-11-01 00:00:00,2023-10-31 21:00:00,2023-11-01 05:00:00,0.96138,0.96281,0.9567,0.95954,171799.0
2023-11-02 00:00:00,2023-11-01 21:00:00,2023-11-02 05:00:00,0.95896,0.96312,0.95659,0.96198,160049.0
2023-11-03 00:00:00,2023-11-02 21:00:00,2023-11-03 05:00:00,0.96208,0.96498,0.96152,0.96486,143410.0
2023-11-06 00:00:00,2023-11-05 22:00:00,2023-11-06 06:00:00,0.96394,0.96533,0.96202,0.96383,130894.0
2023-11-07 00:00:00,2023-11-06 22:00:00,2023-11-07 06:00:00,0.96368,0.96476,0.96096,0.96308,140777.0
2023-11-08 00:00:00,2023-11-07 22:00:00,2023-11-08 06:00:00,0.96243,0.96343,0.95967,0.96305,134139.0
2023-11-09 00:00:00,2023-11-08 22:00:00,2023-11-09 06:00:00,0.96086,0.96487,0.96028,0.96321,147042.0
2023-11-10 00:00:00,2023-11-09 22:00:00,2023-11-10 06:00:00,0.96299,0.96447,0.96191,0.96425,123653.0
2023-11-13 00:00:00,2023-11-12 22:00:00,2023-11-13 06:00:00,0.96436,0.96603,0.96364,0.96457,100597.0
2023-11-14 00:00:00,2023-11-13 22:00:00,2023-11-14 06:00:00,0.96456,0.96809,0.96403,0.96722,128484.0
2023-11-15 00:00:00,2023-11-14 22:00:00,2023-11-15 06:00:00,0.96614,0.96751,0.96236,0.96321,123641.0
2023-11-16 00:00:00,2023-11-15 22:00:00,2023-11-16 06:00:00,0.96285,0.96558,0.96217,0.96437,124285.0
2023-11-17 00:00:00,2023-11-16 22:00:00,2023-11-17 06:00:00,0.96411,0.96657,0.96228,0.96648,131117.0
2023-11-20 00:00:00,2023-11-19 22:00:00,2023-11-20 06:00:00,0.9652,0.96838,0.96491,0.96821,127731.0
2023-11-21 00:00:00,2023-11-20 22:00:00,2023-11-21 06:00:00,0.96778,0.9685,0.96403,0.96407,121184.0
2023-11-22 00:00:00,2023-11-21 22:00:00,2023-11-22 06:00:00,0.96399,0.96486,0.96187,0.96233,129036.0
2023-11-23 00:00:00,2023-11-22 22:00:00,2023-11-23 06:00:00,0.96175,0.96489,0.96151,0.96414,110282.0
2023-11-24 00:00:00,2023-11-23 22:00:00,2023-11-24 06:00:00,0.96355,0.9656,0.96228,0.9639,144633.0
2023-11-27 00:00:00,2023-11-26 22:00:00,2023-11-27 06:00:00,0.96401,0.96591,0.96223,0.96426,139924.0
2023-11-28 00:00:00,2023-11-27 22:00:00,2023-11-28 06:00:00,0.96406,0.96557,0.96304,0.96532,162785.0
2023-11-29 00:00:00,2023-11-28 22:00:00,2023-11-29 06:00:00,0.96446,0.96531,0.95851,0.95854,171761.0
2023-11-30 00:00:00,2023-11-29 22:00:00,2023-11-30 06:00:00,0.9588,0.95891,0.94712,0.9529,201493.0
2023-12-01 00:00:00,2023-11-30 22:00:00,2023-12-01 06:00:00,0.95149,0.95451,0.94497,0.94586,192723.0
2023-12-04 00:00:00,2023-12-03 22:00:00,2023-12-04 06:00:00,0.94536,0.95058,0.94378,0.9457,194026.0
2023-12-05 00:00:00,2023-12-04 22:00:00,2023-12-05 06:00:00,0.94503,0.94694,0.9438,0.94473,141674.0
2023-12-06 00:00:00,2023-12-05 22:00:00,2023-12-06 06:00:00,0.94415,0.94479,0.94149,0.94156,129298.0
2023-12-07 00:00:00,2023-12-06 22:00:00,2023-12-07 06:00:00,0.94152,0.94622,0.94032,0.94459,162008.0
2023-12-08 00:00:00,2023-12-07 22:00:00,2023-12-08 06:00:00,0.94411,0.9476,0.94285,0.94718,176727.0
2023-12-11 00:00:00,2023-12-10 22:00:00,2023-12-11 06:00:00,0.94709,0.94873,0.94452,0.94553,128136.0
2023-12-12 00:00:00,2023-12-11 22:00:00,2023-12-12 06:00:00,0.94511,0.94799,0.94344,0.94485,133472.0
2023-12-13 00:00:00,2023-12-12 22:00:00,2023-12-13 06:00:00,0.94453,0.94918,0.94355,0.94789,168097.0
2023-12-14 00:00:00,2023-12-13 22:00:00,2023-12-14 06:00:00,0.94743,0.95449,0.94542,0.95365,217478.0
2023-12-15 00:00:00,2023-12-14 22:00:00,2023-12-15 06:00:00,0.95292,0.95418,0.94552,0.94808,175702.0
2023-12-18 00:00:00,2023-12-17 22:00:00,2023-12-18 06:00:00,0.94776,0.9499,0.94589,0.94716,127464.0
2023-12-19 00:00:00,2023-12-18 22:00:00,2023-12-19 06:00:00,0.94706,0.94889,0.9439,0.94534,151657.0
2023-12-20 00:00:00,2023-12-19 22:00:00,2023-12-20 06:00:00,0.94392,0.94621,0.9426,0.944,127408.0
2023-12-21 00:00:00,2023-12-20 22:00:00,2023-12-21 06:00:00,0.944,0.94502,0.941,0.94272,153238.0
2023-12-22 00:00:00,2023-12-21 22:00:00,2023-12-22 06:00:00,0.94229,0.94331,0.93972,0.94209,142512.0
2023-12-26 00:00:00,2023-12-25 22:00:00,2023-12-26 06:00:00,0.94139,0.94482,0.9409,0.9426,101500.0
2023-12-27 00:00:00,2023-12-26 22:00:00,2023-12-27 06:00:00,0.94198,0.94444,0.93521,0.93625,125485.0
2023-12-28 00:00:00,2023-12-27 22:00:00,2023-12-28 06:00:00,0.93587,0.93654,0.92581,0.93452,154471.0
2023-12-29 00:00:00,2023-12-28 22:00:00,2023-12-29 06:00:00,0.93384,0.93464,0.92537,0.92843,171866.0
2024-01-02 00:00:00,2024-01-01 22:00:00,2024-01-02 06:00:00,0.92716,0.93393,0.92621,0.93026,162736.0
2024-01-03 00:00:00,2024-01-02 22:00:00,2024-01-03 06:00:00,0.92842,0.93404,0.92723,0.92727,183166.0
2024-01-04 00:00:00,2024-01-03 22:00:00,2024-01-04 06:00:00,0.927,0.9331,0.92698,0.9306,155628.0
2024-01-05 00:00:00,2024-01-04 22:00:00,2024-01-05 06:00:00,0.9307,0.93314,0.92875,0.93055,167525.0
2024-01-08 00:00:00,2024-01-07 22:00:00,2024-01-08 06:00:00,0.92925,0.93181,0.92827,0.9286,132316.0
2024-01-09 00:00:00,2024-01-08 22:00:00,2024-01-09 06:00:00,0.92719,0.93213,0.92719,0.9317,129412.0
2024-01-10 00:00:00,2024-01-09 22:00:00,2024-01-10 06:00:00,0.93164,0.93432,0.9311,0.93354,108797.0
2024-01-11 00:00:00,2024-01-10 22:00:00,2024-01-11 06:00:00,0.93282,0.93742,0.93202,0.93484,153542.0
2024-01-12 00:00:00,2024-01-11 22:00:00,2024-01-12 06:00:00,0.93446,0.93647,0.93245,0.93365,145795.0
2024-01-15 00:00:00,2024-01-14 22:00:00,2024-01-15 06:00:00,0.93186,0.93748,0.93166,0.93696,88763.0
2024-01-16 00:00:00,2024-01-15 22:00:00,2024-01-16 06:00:00,0.9366,0.93887,0.93505,0.93694,152573.0
2024-01-17 00:00:00,2024-01-16 22:00:00,2024-01-17 06:00:00,0.93572,0.94218,0.93572,0.94058,127185.0
2024-01-18 00:00:00,2024-01-17 22:00:00,2024-01-18 06:00:00,0.94053,0.94442,0.94005,0.94409,111966.0
2024-01-19 00:00:00,2024-01-18 22:00:00,2024-01-19 06:00:00,0.94349,0.94709,0.94299,0.94596,80119.0
2024-01-22 00:00:00,2024-01-21 22:00:00,2024-01-22 06:00:00,0.94509,0.94732,0.94467,0.94572,72148.0
2024-01-23 00:00:00,2024-01-22 22:00:00,2024-01-23 06:00:00,0.94505,0.94612,0.9436,0.94448,76885.0
2024-01-24 00:00:00,2024-01-23 22:00:00,2024-01-24 06:00:00,0.94296,0.94479,0.93899,0.93915,88384.0
2024-01-25 00:00:00,2024-01-24 22:00:00,2024-01-25 06:00:00,0.93893,0.94269,0.93871,0.9404,99704.0
2024-01-26 00:00:00,2024-01-25 22:00:00,2024-01-26 06:00:00,0.93954,0.94058,0.93629,0.93763,87123.0
2024-01-29 00:00:00,2024-01-28 22:00:00,2024-01-29 06:00:00,0.93786,0.93794,0.93213,0.93305,80327.0
2024-01-30 00:00:00,2024-01-29 22:00:00,2024-01-30 06:00:00,0.9324,0.9365,0.93146,0.9346,85536.0
2024-01-31 00:00:00,2024-01-30 22:00:00,2024-01-31 06:00:00,0.93377,0.93615,0.93051,0.93173,139469.0
2024-02-01 00:00:00,2024-01-31 22:00:00,2024-02-01 06:00:00,0.9304,0.93401,0.9304,0.9325,95135.0
2024-02-02 00:00:00,2024-02-01 22:00:00,2024-02-02 06:00:00,0.93108,0.93611,0.93089,0.93512,92364.0
2024-02-05 00:00:00,2024-02-04 22:00:00,2024-02-05 06:00:00,0.93371,0.93631,0.93174,0.93522,86393.0
2024-02-06 00:00:00,2024-02-05 22:00:00,2024-02-06 06:00:00,0.93486,0.93817,0.93462,0.93534,87112.0
2024-02-07 00:00:00,2024-02-06 22:00:00,2024-02-07 06:00:00,0.93454,0.9424,0.93439,0.94223,95805.0
2024-02-08 00:00:00,2024-02-07 22:00:00,2024-02-08 06:00:00,0.94026,0.94233,0.93964,0.94161,85589.0
2024-02-09 00:00:00,2024-02-08 22:00:00,2024-02-09 06:00:00,0.94064,0.94401,0.94064,0.94319,73538.0
2024-02-12 00:00:00,2024-02-11 22:00:00,2024-02-12 06:00:00,0.94237,0.94426,0.94143,0.94326,56652.0
2024-02-13 00:00:00,2024-02-12 22:00:00,2024-02-13 06:00:00,0.9423,0.95115,0.9423,0.94997,110541.0
2024-02-14 00:00:00,2024-02-13 22:00:00,2024-02-14 06:00:00,0.94923,0.95104,0.94908,0.9501,77802.0
2024-02-15 00:00:00,2024-02-14 22:00:00,2024-02-15 06:00:00,0.94987,0.95059,0.94681,0.94784,88632.0
2024-02-16 00:00:00,2024-02-15 22:00:00,2024-02-16 06:00:00,0.94777,0.94977,0.94663,0.9492,73280.0
2024-02-19 00:00:00,2024-02-18 22:00:00,2024-02-19 06:00:00,0.94777,0.95142,0.94749,0.95108,51800.0
2024-02-20 00:00:00,2024-02-19 22:00:00,2024-02-20 06:00:00,0.95106,0.95316,0.95044,0.95275,83271.0
2024-02-21 00:00:00,2024-02-20 22:00:00,2024-02-21 06:00:00,0.95277,0.95348,0.95007,0.95149,89244.0
2024-02-22 00:00:00,2024-02-21 22:00:00,2024-02-22 06:00:00,0.95151,0.95398,0.94967,0.95238,104410.0
2024-02-23 00:00:00,2024-02-22 22:00:00,2024-02-23 06:00:00,0.95232,0.95433,0.95159,0.95362,88682.0
2024-02-26 00:00:00,2024-02-25 22:00:00,2024-02-26 06:00:00,0.95298,0.95564,0.95201,0.95498,73365.0
2024-02-27 00:00:00,2024-02-26 22:00:00,2024-02-27 06:00:00,0.955,0.95575,0.95336,0.95375,79937.0
2024-02-28 00:00:00,2024-02-27 22:00:00,2024-02-28 06:00:00,0.95376,0.95383,0.95117,0.95221,72218.0
2024-02-29 00:00:00,2024-02-28 22:00:00,2024-02-29 06:00:00,0.95222,0.95586,0.95148,0.95568,104927.0
2024-03-01 00:00:00,2024-02-29 22:00:00,2024-03-01 06:00:00,0.95571,0.96045,0.95455,0.95711,95552.0
2024-03-04 00:00:00,2024-03-03 22:00:00,2024-03-04 06:00:00,0.95665,0.96217,0.95549,0.96064,76440.0
2024-03-05 00:00:00,2024-03-04 22:00:00,2024-03-05 06:00:00,0.96051,0.96178,0.95847,0.95881,88431.0
2024-03-06 00:00:00,2024-03-05 22:00:00,2024-03-06 06:00:00,0.95879,0.96319,0.95748,0.96136,85273.0
2024-03-07 00:00:00,2024-03-06 22:00:00,2024-03-07 06:00:00,0.96127,0.96193,0.95583,0.96096,97080.0
2024-03-08 00:00:00,2024-03-07 22:00:00,2024-03-08 06:00:00,0.96082,0.96094,0.95749,0.95957,98584.0
2024-03-11 00:00:00,2024-03-10 21:00:00,2024-03-11 05:00:00,0.95827,0.96041,0.9574,0.95862,67401.0
2024-03-12 00:00:00,2024-03-11 21:00:00,2024-03-12 05:00:00,0.95865,0.95973,0.95703,0.95851,81514.0
2024-03-13 00:00:00,2024-03-12 21:00:00,2024-03-13 05:00:00,0.95743,0.96219,0.95743,0.96211,62243.0
2024-03-14 00:00:00,2024-03-13 21:00:00,2024-03-14 05:00:00,0.96151,0.96284,0.96088,0.96184,74210.0
2024-03-15 00:00:00,2024-03-14 21:00:00,2024-03-15 05:00:00,0.9617,0.96304,0.96055,0.962,77590.0
2024-03-18 00:00:00,2024-03-17 21:00:00,2024-03-18 05:00:00,0.96108,0.9657,0.96046,0.96523,58949.0
2024-03-19 00:00:00,2024-03-18 21:00:00,2024-03-19 05:00:00,0.96471,0.96641,0.96204,0.96491,85843.0
2024-03-20 00:00:00,2024-03-19 21:00:00,2024-03-20 05:00:00,0.96397,0.96886,0.96373,0.96853,82812.0
2024-03-21 00:00:00,2024-03-20 21:00:00,2024-03-21 05:00:00,0.96737,0.97876,0.96663,0.97465,135869.0
2024-03-22 00:00:00,2024-03-21 21:00:00,2024-03-22 05:00:00,0.97412,0.9757,0.96907,0.96971,88975.0
2024-03-25 00:00:00,2024-03-24 21:00:00,2024-03-25 05:00:00,0.96917,0.97476,0.96892,0.97467,71384.0
2024-03-26 00:00:00,2024-03-25 21:00:00,2024-03-26 05:00:00,0.97394,0.98135,0.97312,0.97905,89713.0
2024-03-27 00:00:00,2024-03-26 21:00:00,2024-03-27 05:00:00,0.97856,0.982,0.97732,0.97856,89302.0
2024-03-28 00:00:00,2024-03-27 21:00:00,2024-03-28 05:00:00,0.97817,0.98001,0.97229,0.97264,115747.0
2024-03-29 00:00:00,2024-03-28 21:00:00,2024-03-29 05:00:00,0.97171,0.97372,0.97064,0.97303,181722.0
2024-04-01 00:00:00,2024-03-31 21:00:00,2024-04-01 05:00:00,0.97244,0.97368,0.97135,0.97141,80718.0
2024-04-02 00:00:00,2024-04-01 21:00:00,2024-04-02 05:00:00,0.97109,0.97786,0.97068,0.97778,97871.0
2024-04-03 00:00:00,2024-04-02 21:00:00,2024-04-03 05:00:00,0.97714,0.98056,0.97667,0.97833,100991.0
2024-04-04 00:00:00,2024-04-03 21:00:00,2024-04-04 05:00:00,0.97752,0.98485,0.97614,0.9767,93212.0
2024-04-05 00:00:00,2024-04-04 21:00:00,2024-04-05 05:00:00,0.9757,0.98056,0.97456,0.97772,114118.0
2024-04-08 00:00:00,2024-04-07 21:00:00,2024-04-08 05:00:00,0.97478,0.98346,0.97441,0.98311,107160.0
2024-04-09 00:00:00,2024-04-08 21:00:00,2024-04-09 05:00:00,0.98224,0.98353,0.98035,0.98088,74340.0
2024-04-10 00:00:00,2024-04-09 21:00:00,2024-04-10 05:00:00,0.9802,0.98208,0.97922,0.98058,109407.0
2024-04-11 00:00:00,2024-04-10 21:00:00,2024-04-11 05:00:00,0.97968,0.98207,0.9747,0.97599,117992.0
2024-04-12 00:00:00,2024-04-11 21:00:00,2024-04-12 05:00:00,0.97472,0.97635,0.96776,0.97299,110334.0
2024-04-15 00:00:00,2024-04-14 21:00:00,2024-04-15 05:00:00,0.96883,0.97403,0.96756,0.96852,116431.0
2024-04-16 00:00:00,2024-04-15 21:00:00,2024-04-16 05:00:00,0.96809,0.97225,0.96748,0.96946,126006.0
2024-04-17 00:00:00,2024-04-16 21:00:00,2024-04-17 05:00:00,0.96928,0.97209,0.96761,0.97198,126102.0
2024-04-18 00:00:00,2024-04-17 21:00:00,2024-04-18 05:00:00,0.97129,0.97229,0.96937,0.97102,95732.0
2024-04-19 00:00:00,2024-04-18 21:00:00,2024-04-19 05:00:00,0.97037,0.97157,0.95646,0.96996,167140.0
2024-04-22 00:00:00,2024-04-21 21:00:00,2024-04-22 05:00:00,0.96919,0.97265,0.96786,0.97161,153866.0
2024-04-23 00:00:00,2024-04-22 21:00:00,2024-04-23 05:00:00,0.97099,0.9761,0.97033,0.97589,163502.0
2024-04-24 00:00:00,2024-04-23 21:00:00,2024-04-24 05:00:00,0.97561,0.9792,0.97479,0.97909,148707.0
2024-04-25 00:00:00,2024-04-24 21:00:00,2024-04-25 05:00:00,0.97733,0.97991,0.97697,0.97875,171542.0
2024-04-26 00:00:00,2024-04-25 21:00:00,2024-04-26 05:00:00,0.97837,0.97978,0.97622,0.97785,184638.0
2024-04-29 00:00:00,2024-04-28 21:00:00,2024-04-29 05:00:00,0.97664,0.98035,0.97495,0.97606,192093.0
2024-04-30 00:00:00,2024-04-29 21:00:00,2024-04-30 05:00:00,0.97499,0.98165,0.97471,0.98058,180174.0
2024-05-01 00:00:00,2024-04-30 21:00:00,2024-05-01 05:00:00,0.98027,0.9837,0.97849,0.98112,174007.0
2024-05-02 00:00:00,2024-05-01 21:00:00,2024-05-02 05:00:00,0.97968,0.98263,0.97454,0.97663,196741.0
2024-05-03 00:00:00,2024-05-02 21:00:00,2024-05-03 05:00:00,0.97556,0.97667,0.97274,0.97398,187631.0
2024-05-06 00:00:00,2024-05-05 21:00:00,2024-05-06 05:00:00,0.97288,0.97649,0.97195,0.976,114241.0
2024-05-07 00:00:00,2024-05-06 21:00:00,2024-05-07 05:00:00,0.97446,0.9779,0.97424,0.97693,106020.0
2024-05-08 00:00:00,2024-05-07 21:00:00,2024-05-08 05:00:00,0.97678,0.97714,0.97527,0.97598,90515.0
2024-05-09 00:00:00,2024-05-08 21:00:00,2024-05-09 05:00:00,0.97527,0.97742,0.97498,0.97669,102472.0
2024-05-10 00:00:00,2024-05-09 21:00:00,2024-05-10 05:00:00,0.97658,0.97799,0.97573,0.9762,101636.0
2024-05-13 00:00:00,2024-05-12 21:00:00,2024-05-13 05:00:00,0.97497,0.98026,0.97465,0.97997,111003.0
2024-05-14 00:00:00,2024-05-13 21:00:00,2024-05-14 05:00:00,0.97953,0.9813,0.97856,0.98073,104354.0
2024-05-15 00:00:00,2024-05-14 21:00:00,2024-05-15 05:00:00,0.98036,0.9825,0.97868,0.98188,119728.0
2024-05-16 00:00:00,2024-05-15 21:00:00,2024-05-16 05:00:00,0.98184,0.98483,0.9786,0.9847,117647.0
2024-05-17 00:00:00,2024-05-16 21:00:00,2024-05-17 05:00:00,0.98421,0.98826,0.98305,0.98821,95448.0
2024-05-20 00:00:00,2024-05-19 21:00:00,2024-05-20 05:00:00,0.98729,0.98938,0.98611,0.98854,95841.0
2024-05-21 00:00:00,2024-05-20 21:00:00,2024-05-21 05:00:00,0.98803,0.98936,0.9872,0.98872,110011.0
2024-05-22 00:00:00,2024-05-21 21:00:00,2024-05-22 05:00:00,0.98868,0.99154,0.9881,0.991,110589.0
2024-05-23 00:00:00,2024-05-22 21:00:00,2024-05-23 05:00:00,0.9907,0.99156,0.98809,0.98887,150658.0
2024-05-24 00:00:00,2024-05-23 21:00:00,2024-05-24 05:00:00,0.98844,0.99289,0.98804,0.99209,151159.0
2024-05-27 00:00:00,2024-05-26 21:00:00,2024-05-27 05:00:00,0.99032,0.99301,0.99012,0.99192,88985.0
2024-05-28 00:00:00,2024-05-27 21:00:00,2024-05-28 05:00:00,0.99146,0.99257,0.9883,0.99056,141069.0
2024-05-29 00:00:00,2024-05-28 21:00:00,2024-05-29 05:00:00,0.99028,0.99094,0.98625,0.98639,156637.0
2024-05-30 00:00:00,2024-05-29 21:00:00,2024-05-30 05:00:00,0.98618,0.98703,0.97816,0.97843,163879.0
2024-05-31 00:00:00,2024-05-30 21:00:00,2024-05-31 05:00:00,0.97821,0.98363,0.97701,0.97898,179825.0
2024-06-03 00:00:00,2024-06-02 21:00:00,2024-06-03 05:00:00,0.98134,0.98134,0.9742,0.9767,192600.0
2024-06-04 00:00:00,2024-06-03 21:00:00,2024-06-04 05:00:00,0.97626,0.97806,0.96693,0.96835,228866.0
2024-06-05 00:00:00,2024-06-04 21:00:00,2024-06-05 05:00:00,0.968,0.97222,0.96746,0.97111,176687.0
2024-06-06 00:00:00,2024-06-05 21:00:00,2024-06-06 05:00:00,0.97047,0.97158,0.96832,0.96834,158591.0
2024-06-07 00:00:00,2024-06-06 21:00:00,2024-06-07 05:00:00,0.96826,0.97082,0.96771,0.96845,181683.0
2024-06-10 00:00:00,2024-06-09 21:00:00,2024-06-10 05:00:00,0.96502,0.96711,0.96253,0.96512,188978.0
2024-06-11 00:00:00,2024-06-10 21:00:00,2024-06-11 05:00:00,0.96445,0.96578,0.96153,0.96407,157809.0
2024-06-12 00:00:00,2024-06-11 21:00:00,2024-06-12 05:00:00,0.96373,0.96754,0.96126,0.96672,211273.0
2024-06-13 00:00:00,2024-06-12 21:00:00,2024-06-13 05:00:00,0.96579,0.96847,0.95949,0.95974,195728.0
2024-06-14 00:00:00,2024-06-13 21:00:00,2024-06-14 05:00:00,0.95959,0.96049,0.9509,0.9531,254389.0
2024-06-17 00:00:00,2024-06-16 21:00:00,2024-06-17 05:00:00,0.95291,0.95679,0.95151,0.95479,209575.0
2024-06-18 00:00:00,2024-06-17 21:00:00,2024-06-18 05:00:00,0.95446,0.95502,0.94818,0.94948,211206.0
2024-06-19 00:00:00,2024-06-18 21:00:00,2024-06-19 05:00:00,0.94923,0.95151,0.94779,0.95012,153848.0
2024-06-20 00:00:00,2024-06-19 21:00:00,2024-06-20 05:00:00,0.9496,0.95729,0.94811,0.95396,229446.0
2024-06-21 00:00:00,2024-06-20 21:00:00,2024-06-21 05:00:00,0.95347,0.95655,0.95065,0.9562,208125.0
2024-06-24 00:00:00,2024-06-23 21:00:00,2024-06-24 05:00:00,0.95368,0.95952,0.9533,0.95839,187865.0
2024-06-25 00:00:00,2024-06-24 21:00:00,2024-06-25 05:00:00,0.95826,0.95949,0.95637,0.95864,156329.0
2024-06-26 00:00:00,2024-06-25 21:00:00,2024-06-26 05:00:00,0.95829,0.96002,0.95611,0.95838,182754.0
2024-06-27 00:00:00,2024-06-26 21:00:00,2024-06-27 05:00:00,0.95794,0.96211,0.95761,0.96206,193983.0
2024-06-28 00:00:00,2024-06-27 21:00:00,2024-06-28 05:00:00,0.96151,0.96393,0.9609,0.9627,215257.0
2024-07-01 00:00:00,2024-06-30 21:00:00,2024-07-01 05:00:00,0.96443,0.97104,0.96287,0.96952,200958.0
2024-07-02 00:00:00,2024-07-01 21:00:00,2024-07-02 05:00:00,0.9693,0.97148,0.96811,0.97126,181550.0
2024-07-03 00:00:00,2024-07-02 21:00:00,2024-07-03 05:00:00,0.97053,0.97378,0.97033,0.97237,158005.0
2024-07-04 00:00:00,2024-07-03 21:00:00,2024-07-04 05:00:00,0.9715,0.97554,0.97111,0.97302,135230.0
2024-07-05 00:00:00,2024-07-04 21:00:00,2024-07-05 05:00:00,0.97281,0.97421,0.97033,0.97087,147131.0
2024-07-08 00:00:00,2024-07-07 21:00:00,2024-07-08 05:00:00,0.96681,0.97204,0.96681,0.97161,141083.0
2024-07-09 00:00:00,2024-07-08 21:00:00,2024-07-09 05:00:00,0.97143,0.97312,0.97005,0.97084,125509.0
2024-07-10 00:00:00,2024-07-09 21:00:00,2024-07-10 05:00:00,0.97051,0.97425,0.96998,0.97422,111645.0
2024-07-11 00:00:00,2024-07-10 21:00:00,2024-07-11 05:00:00,0.97393,0.97504,0.97083,0.97423,162323.0
2024-07-12 00:00:00,2024-07-11 21:00:00,2024-07-12 05:00:00,0.97289,0.97591,0.97209,0.97536,161643.0
2024-07-15 00:00:00,2024-07-14 21:00:00,2024-07-15 05:00:00,0.97275,0.97736,0.97263,0.97588,158874.0
2024-07-16 00:00:00,2024-07-15 21:00:00,2024-07-16 05:00:00,0.97555,0.97691,0.97404,0.9741,128598.0
2024-07-17 00:00:00,2024-07-16 21:00:00,2024-07-17 05:00:00,0.97394,0.97489,0.96561,0.96633,183115.0
2024-07-18 00:00:00,2024-07-17 21:00:00,2024-07-18 05:00:00,0.96596,0.96743,0.96424,0.96729,188099.0
2024-07-19 00:00:00,2024-07-18 21:00:00,2024-07-19 05:00:00,0.965,0.9691,0.96498,0.96732,157983.0
2024-07-22 00:00:00,2024-07-21 21:00:00,2024-07-22 05:00:00,0.96585,0.96898,0.96563,0.96884,158112.0
2024-07-23 00:00:00,2024-07-22 21:00:00,2024-07-23 05:00:00,0.96862,0.96916,0.96678,0.96738,158081.0
2024-07-24 00:00:00,2024-07-23 21:00:00,2024-07-24 05:00:00,0.96717,0.96765,0.95879,0.9594,184715.0
2024-07-25 00:00:00,2024-07-24 21:00:00,2024-07-25 05:00:00,0.95926,0.95955,0.95208,0.95608,285023.0
2024-07-26 00:00:00,2024-07-25 21:00:00,2024-07-26 05:00:00,0.95528,0.95993,0.95444,0.95937,164669.0
2024-07-29 00:00:00,2024-07-28 21:00:00,2024-07-29 05:00:00,0.95848,0.96038,0.95661,0.95888,162959.0
2024-07-30 00:00:00,2024-07-29 21:00:00,2024-07-30 05:00:00,0.95861,0.96059,0.95445,0.95458,182705.0
2024-07-31 00:00:00,2024-07-30 21:00:00,2024-07-31 05:00:00,0.95449,0.95572,0.94955,0.95063,279324.0
2024-08-01 00:00:00,2024-07-31 21:00:00,2024-08-01 05:00:00,0.94963,0.95077,0.94116,0.94198,253085.0
2024-08-02 00:00:00,2024-08-01 21:00:00,2024-08-02 05:00:00,0.94117,0.94395,0.93536,0.93606,303127.0
2024-08-05 00:00:00,2024-08-04 21:00:00,2024-08-05 05:00:00,0.93665,0.93812,0.92102,0.93334,637451.0
2024-08-06 00:00:00,2024-08-05 21:00:00,2024-08-06 05:00:00,0.93073,0.93846,0.92856,0.93049,445673.0
2024-08-07 00:00:00,2024-08-06 21:00:00,2024-08-07 05:00:00,0.92985,0.94701,0.92931,0.9412,390249.0
2024-08-08 00:00:00,2024-08-07 21:00:00,2024-08-08 05:00:00,0.93998,0.94644,0.93549,0.94627,387565.0
2024-08-09 00:00:00,2024-08-08 21:00:00,2024-08-09 05:00:00,0.94488,0.94755,0.94239,0.94444,247923.0
2024-08-12 00:00:00,2024-08-11 21:00:00,2024-08-12 05:00:00,0.9418,0.95187,0.94035,0.94579,218126.0
2024-08-13 00:00:00,2024-08-12 21:00:00,2024-08-13 05:00:00,0.9448,0.95142,0.9445,0.95061,211067.0
2024-08-14 00:00:00,2024-08-13 21:00:00,2024-08-14 05:00:00,0.94999,0.95453,0.94914,0.95267,245424.0
2024-08-15 00:00:00,2024-08-14 21:00:00,2024-08-15 05:00:00,0.95232,0.95812,0.95217,0.95725,212781.0
2024-08-16 00:00:00,2024-08-15 21:00:00,2024-08-16 05:00:00,0.957,0.95759,0.95258,0.95512,180548.0
2024-08-19 00:00:00,2024-08-18 21:00:00,2024-08-19 05:00:00,0.955,0.95679,0.95201,0.95649,216850.0
2024-08-20 00:00:00,2024-08-19 21:00:00,2024-08-20 05:00:00,0.95594,0.95667,0.9504,0.95051,232633.0
2024-08-21 00:00:00,2024-08-20 21:00:00,2024-08-21 05:00:00,0.95019,0.95177,0.94774,0.94961,246877.0
2024-08-22 00:00:00,2024-08-21 21:00:00,2024-08-22 05:00:00,0.94894,0.94991,0.94567,0.94689,208241.0
2024-08-23 00:00:00,2024-08-22 21:00:00,2024-08-23 05:00:00,0.94559,0.94982,0.94554,0.94882,215688.0
2024-08-26 00:00:00,2024-08-25 21:00:00,2024-08-26 05:00:00,0.94694,0.94898,0.94518,0.94561,195449.0
2024-08-27 00:00:00,2024-08-26 21:00:00,2024-08-27 05:00:00,0.94269,0.94741,0.9407,0.94123,166022.0
2024-08-28 00:00:00,2024-08-27 21:00:00,2024-08-28 05:00:00,0.94059,0.94197,0.93526,0.93642,218820.0
2024-08-29 00:00:00,2024-08-28 21:00:00,2024-08-29 05:00:00,0.9356,0.93996,0.9353,0.93869,232421.0
2024-08-30 00:00:00,2024-08-29 21:00:00,2024-08-30 05:00:00,0.93724,0.94173,0.93702,0.93901,216032.0
2024-09-02 00:00:00,2024-09-01 21:00:00,2024-09-02 05:00:00,0.93767,0.94454,0.93723,0.94293,148832.0
2024-09-03 00:00:00,2024-09-02 21:00:00,2024-09-03 05:00:00,0.94184,0.94437,0.93751,0.93905,249744.0
2024-09-04 00:00:00,2024-09-03 21:00:00,2024-09-04 05:00:00,0.93765,0.94103,0.93687,0.93813,251717.0
2024-09-05 00:00:00,2024-09-04 21:00:00,2024-09-05 05:00:00,0.93766,0.94069,0.93713,0.93772,237564.0
2024-09-06 00:00:00,2024-09-05 21:00:00,2024-09-06 05:00:00,0.937,0.93923,0.93374,0.93482,315326.0
2024-09-09 00:00:00,2024-09-08 21:00:00,2024-09-09 05:00:00,0.93532,0.93798,0.93328,0.93721,191317.0
2024-09-10 00:00:00,2024-09-09 21:00:00,2024-09-10 05:00:00,0.93714,0.93774,0.93245,0.93324,173866.0
2024-09-11 00:00:00,2024-09-10 21:00:00,2024-09-11 05:00:00,0.93289,0.93971,0.93068,0.93841,253282.0
2024-09-12 00:00:00,2024-09-11 21:00:00,2024-09-12 05:00:00,0.93784,0.94335,0.93775,0.94259,191920.0
2024-09-13 00:00:00,2024-09-12 21:00:00,2024-09-13 05:00:00,0.94155,0.94261,0.93697,0.94019,123541.0
2024-09-16 00:00:00,2024-09-15 21:00:00,2024-09-16 05:00:00,0.93788,0.94076,0.93788,0.94043,119312.0
2024-09-17 00:00:00,2024-09-16 21:00:00,2024-09-17 05:00:00,0.93992,0.9422,0.93827,0.94157,126367.0
2024-09-18 00:00:00,2024-09-17 21:00:00,2024-09-18 05:00:00,0.94027,0.94157,0.93813,0.94081,137330.0
2024-09-19 00:00:00,2024-09-18 21:00:00,2024-09-19 05:00:00,0.94001,0.94653,0.93957,0.94613,160861.0
2024-09-20 00:00:00,2024-09-19 21:00:00,2024-09-20 05:00:00,0.94529,0.95038,0.94459,0.94916,137992.0
2024-09-23 00:00:00,2024-09-22 21:00:00,2024-09-23 05:00:00,0.94729,0.95009,0.94098,0.9417,123003.0
2024-09-24 00:00:00,2024-09-23 21:00:00,2024-09-24 05:00:00,0.94082,0.94564,0.9402,0.94279,128383.0
2024-09-25 00:00:00,2024-09-24 21:00:00,2024-09-25 05:00:00,0.9422,0.95082,0.94176,0.94666,128932.0
2024-09-26 00:00:00,2024-09-25 21:00:00,2024-09-26 05:00:00,0.94648,0.94982,0.94337,0.94568,151979.0
2024-09-27 00:00:00,2024-09-26 21:00:00,2024-09-27 05:00:00,0.94502,0.94791,0.93773,0.93779,155863.0
2024-09-30 00:00:00,2024-09-29 21:00:00,2024-09-30 05:00:00,0.93793,0.94503,0.9375,0.94153,150702.0
2024-10-01 00:00:00,2024-09-30 21:00:00,2024-10-01 05:00:00,0.93974,0.94335,0.93333,0.93692,159507.0
2024-10-02 00:00:00,2024-10-01 21:00:00,2024-10-02 05:00:00,0.93533,0.94025,0.93419,0.93857,122660.0
2024-10-03 00:00:00,2024-10-02 21:00:00,2024-10-03 05:00:00,0.93757,0.94227,0.93676,0.94068,146311.0
2024-10-04 00:00:00,2024-10-03 21:00:00,2024-10-04 05:00:00,0.94006,0.94382,0.93768,0.94181,132442.0
2024-10-07 00:00:00,2024-10-06 21:00:00,2024-10-07 05:00:00,0.94222,0.94292,0.93658,0.93762,138855.0
2024-10-08 00:00:00,2024-10-07 21:00:00,2024-10-08 05:00:00,0.93708,0.94181,0.9365,0.94134,144273.0
2024-10-09 00:00:00,2024-10-08 21:00:00,2024-10-09 05:00:00,0.94057,0.94178,0.93895,0.94166,126579.0
2024-10-10 00:00:00,2024-10-09 21:00:00,2024-10-10 05:00:00,0.94071,0.94191,0.93446,0.93643,140591.0
2024-10-11 00:00:00,2024-10-10 21:00:00,2024-10-11 05:00:00,0.9357,0.93877,0.93484,0.93744,103027.0
2024-10-14 00:00:00,2024-10-13 21:00:00,2024-10-14 05:00:00,0.93685,0.94274,0.93666,0.94085,92924.0
2024-10-15 00:00:00,2024-10-14 21:00:00,2024-10-15 05:00:00,0.94012,0.94105,0.93815,0.93899,110300.0
2024-10-16 00:00:00,2024-10-15 21:00:00,2024-10-16 05:00:00,0.93845,0.94126,0.93778,0.94001,110546.0
2024-10-17 00:00:00,2024-10-16 21:00:00,2024-10-17 05:00:00,0.93867,0.94102,0.93532,0.93794,117739.0
2024-10-18 00:00:00,2024-10-17 21:00:00,2024-10-18 05:00:00,0.93734,0.94063,0.93671,0.93977,97094.0
2024-10-21 00:00:00,2024-10-20 21:00:00,2024-10-21 05:00:00,0.93858,0.94027,0.93613,0.93667,108311.0
2024-10-22 00:00:00,2024-10-21 21:00:00,2024-10-22 05:00:00,0.93603,0.93763,0.93433,0.93444,114383.0
2024-10-23 00:00:00,2024-10-22 21:00:00,2024-10-23 05:00:00,0.93395,0.93735,0.93361,0.93419,117449.0
2024-10-24 00:00:00,2024-10-23 21:00:00,2024-10-24 05:00:00,0.93339,0.93764,0.93323,0.93738,135016.0
2024-10-25 00:00:00,2024-10-24 21:00:00,2024-10-25 05:00:00,0.93665,0.93877,0.93503,0.93563,115465.0
2024-10-28 00:00:00,2024-10-27 21:00:00,2024-10-28 05:00:00,0.93615,0.93898,0.93503,0.93533,117810.0
2024-10-29 00:00:00,2024-10-28 21:00:00,2024-10-29 05:00:00,0.93549,0.93876,0.93488,0.93796,117264.0
2024-10-30 00:00:00,2024-10-29 21:00:00,2024-10-30 05:00:00,0.93799,0.94166,0.93707,0.94062,131261.0
2024-10-31 00:00:00,2024-10-30 21:00:00,2024-10-31 05:00:00,0.94059,0.94181,0.93795,0.93981,144106.0
2024-11-01 00:00:00,2024-10-31 21:00:00,2024-11-01 05:00:00,0.9399,0.94461,0.93941,0.9423,131505.0
2024-11-04 00:00:00,2024-11-03 22:00:00,2024-11-04 06:00:00,0.94305,0.94418,0.93946,0.93988,132065.0
2024-11-05 00:00:00,2024-11-04 22:00:00,2024-11-05 06:00:00,0.93916,0.94356,0.93858,0.94345,98405.0
2024-11-06 00:00:00,2024-11-05 22:00:00,2024-11-06 06:00:00,0.94263,0.94322,0.9355,0.94041,278197.0
2024-11-07 00:00:00,2024-11-06 22:00:00,2024-11-07 06:00:00,0.93932,0.94426,0.93906,0.94238,153301.0
2024-11-08 00:00:00,2024-11-07 22:00:00,2024-11-08 06:00:00,0.94156,0.94254,0.9367,0.93834,129422.0
2024-11-11 00:00:00,2024-11-10 22:00:00,2024-11-11 06:00:00,0.93698,0.94002,0.93612,0.9386,104565.0
2024-11-12 00:00:00,2024-11-11 22:00:00,2024-11-12 06:00:00,0.93662,0.93887,0.93467,0.93664,126322.0
2024-11-13 00:00:00,2024-11-12 22:00:00,2024-11-13 06:00:00,0.93533,0.93863,0.93393,0.93598,128386.0
2024-11-14 00:00:00,2024-11-13 22:00:00,2024-11-14 06:00:00,0.9346,0.9388,0.93439,0.93757,139020.0
2024-11-15 00:00:00,2024-11-14 22:00:00,2024-11-15 06:00:00,0.93627,0.93934,0.9346,0.9358,136455.0
2024-11-18 00:00:00,2024-11-17 22:00:00,2024-11-18 06:00:00,0.93499,0.937,0.93385,0.93598,112843.0
2024-11-19 00:00:00,2024-11-18 22:00:00,2024-11-19 06:00:00,0.93487,0.93638,0.93045,0.9349,139575.0
2024-11-20 00:00:00,2024-11-19 22:00:00,2024-11-20 06:00:00,0.93357,0.93656,0.93049,0.93222,100706.0
2024-11-21 00:00:00,2024-11-20 22:00:00,2024-11-21 06:00:00,0.93126,0.93211,0.92792,0.92872,129164.0
2024-11-22 00:00:00,2024-11-21 22:00:00,2024-11-22 06:00:00,0.92829,0.93239,0.92047,0.93159,151883.0
2024-11-25 00:00:00,2024-11-24 22:00:00,2024-11-25 06:00:00,0.93109,0.93443,0.92915,0.93011,137026.0
2024-11-26 00:00:00,2024-11-25 22:00:00,2024-11-26 06:00:00,0.92964,0.93267,0.92699,0.92987,148197.0
2024-11-27 00:00:00,2024-11-26 22:00:00,2024-11-27 06:00:00,0.92896,0.93236,0.9277,0.93185,127905.0
2024-11-28 00:00:00,2024-11-27 22:00:00,2024-11-28 06:00:00,0.93039,0.93299,0.93003,0.93182,77837.0
2024-11-29 00:00:00,2024-11-28 22:00:00,2024-11-29 06:00:00,0.93141,0.93258,0.92927,0.93208,133458.0
2024-12-02 00:00:00,2024-12-01 22:00:00,2024-12-02 06:00:00,0.92896,0.93242,0.92889,0.93055,141191.0
2024-12-03 00:00:00,2024-12-02 22:00:00,2024-12-03 06:00:00,0.92925,0.93248,0.92914,0.93152,110025.0
2024-12-04 00:00:00,2024-12-03 22:00:00,2024-12-04 06:00:00,0.9309,0.93267,0.9291,0.92951,123407.0
2024-12-05 00:00:00,2024-12-04 22:00:00,2024-12-05 06:00:00,0.92886,0.93225,0.92886,0.93008,100013.0
2024-12-06 00:00:00,2024-12-05 22:00:00,2024-12-06 06:00:00,0.9292,0.93028,0.92589,0.92844,101977.0
2024-12-09 00:00:00,2024-12-08 22:00:00,2024-12-09 06:00:00,0.92727,0.93024,0.927,0.9274,101811.0
2024-12-10 00:00:00,2024-12-09 22:00:00,2024-12-10 06:00:00,0.92652,0.92964,0.92557,0.92948,98217.0
2024-12-11 00:00:00,2024-12-10 22:00:00,2024-12-11 06:00:00,0.92877,0.93036,0.92711,0.92796,110640.0
2024-12-12 00:00:00,2024-12-11 22:00:00,2024-12-12 06:00:00,0.92702,0.93441,0.927,0.9339,129777.0
2024-12-13 00:00:00,2024-12-12 22:00:00,2024-12-13 06:00:00,0.93305,0.93866,0.93298,0.93759,97907.0
2024-12-16 00:00:00,2024-12-15 22:00:00,2024-12-16 06:00:00,0.93581,0.94041,0.93508,0.94021,101137.0
2024-12-17 00:00:00,2024-12-16 22:00:00,2024-12-17 06:00:00,0.93933,0.94179,0.93557,0.93657,97381.0
2024-12-18 00:00:00,2024-12-17 22:00:00,2024-12-18 06:00:00,0.93559,0.93882,0.93228,0.93259,115741.0
2024-12-19 00:00:00,2024-12-18 22:00:00,2024-12-19 06:00:00,0.93243,0.93553,0.93065,0.9314,151210.0
2024-12-20 00:00:00,2024-12-19 22:00:00,2024-12-20 06:00:00,0.93115,0.93195,0.92862,0.93141,122000.0
2024-12-23 00:00:00,2024-12-22 22:00:00,2024-12-23 06:00:00,0.92965,0.93622,0.92923,0.93503,90144.0
2024-12-24 00:00:00,2024-12-23 22:00:00,2024-12-24 06:00:00,0.93329,0.93669,0.93328,0.93612,67589.0
2024-12-26 00:00:00,2024-12-25 22:00:00,2024-12-26 06:00:00,0.93484,0.93813,0.93462,0.93664,68235.0
2024-12-27 00:00:00,2024-12-26 22:00:00,2024-12-27 06:00:00,0.93548,0.94096,0.93531,0.9405,82011.0
2024-12-30 00:00:00,2024-12-29 22:00:00,2024-12-30 06:00:00,0.9384,0.9441,0.9384,0.9404,90228.0
2024-12-31 00:00:00,2024-12-30 22:00:00,2024-12-31 06:00:00,0.93992,0.94283,0.93787,0.94006,86530.0
2025-01-02 00:00:00,2025-01-01 22:00:00,2025-01-02 06:00:00,0.93829,0.93969,0.93299,0.93658,110555.0
2025-01-03 00:00:00,2025-01-02 22:00:00,2025-01-03 06:00:00,0.93453,0.9372,0.93453,0.93672,84423.0
2025-01-06 00:00:00,2025-01-05 22:00:00,2025-01-06 06:00:00,0.93559,0.94097,0.93559,0.93981,122396.0
2025-01-07 00:00:00,2025-01-06 22:00:00,2025-01-07 06:00:00,0.93906,0.944,0.93849,0.94057,114174.0
2025-01-08 00:00:00,2025-01-07 22:00:00,2025-01-08 06:00:00,0.9403,0.94194,0.9372,0.94024,114610.0
2025-01-09 00:00:00,2025-01-08 22:00:00,2025-01-09 06:00:00,0.93889,0.94026,0.93831,0.93949,91484.0
2025-01-10 00:00:00,2025-01-09 22:00:00,2025-01-10 06:00:00,0.93849,0.9419,0.93836,0.93886,110910.0
2025-01-13 00:00:00,2025-01-12 22:00:00,2025-01-13 06:00:00,0.93792,0.93956,0.93373,0.93935,111490.0
2025-01-14 00:00:00,2025-01-13 22:00:00,2025-01-14 06:00:00,0.93824,0.9416,0.9377,0.94039,111296.0
2025-01-15 00:00:00,2025-01-14 22:00:00,2025-01-15 06:00:00,0.93899,0.94126,0.93829,0.93911,99863.0
2025-01-16 00:00:00,2025-01-15 22:00:00,2025-01-16 06:00:00,0.93821,0.93943,0.93704,0.93818,105253.0
2025-01-17 00:00:00,2025-01-16 22:00:00,2025-01-17 06:00:00,0.93759,0.94143,0.93665,0.93956,103911.0
2025-01-20 00:00:00,2025-01-19 22:00:00,2025-01-20 06:00:00,0.93865,0.946,0.93858,0.94437,119108.0
2025-01-21 00:00:00,2025-01-20 22:00:00,2025-01-21 06:00:00,0.94298,0.94576,0.94122,0.94431,143394.0
2025-01-22 00:00:00,2025-01-21 22:00:00,2025-01-22 06:00:00,0.9438,0.94547,0.94289,0.94368,104150.0
2025-01-23 00:00:00,2025-01-22 22:00:00,2025-01-23 06:00:00,0.94283,0.94584,0.94254,0.94497,139852.0
2025-01-24 00:00:00,2025-01-23 22:00:00,2025-01-24 06:00:00,0.94425,0.95175,0.94364,0.95073,119793.0
2025-01-27 00:00:00,2025-01-26 22:00:00,2025-01-27 06:00:00,0.94979,0.95009,0.94272,0.94629,138065.0
2025-01-28 00:00:00,2025-01-27 22:00:00,2025-01-28 06:00:00,0.9447,0.9463,0.9429,0.94297,116068.0
2025-01-29 00:00:00,2025-01-28 22:00:00,2025-01-29 06:00:00,0.94269,0.94606,0.94227,0.94484,114063.0
2025-01-30 00:00:00,2025-01-29 22:00:00,2025-01-30 06:00:00,0.94395,0.94848,0.94379,0.94529,123266.0
2025-01-31 00:00:00,2025-01-30 22:00:00,2025-01-31 06:00:00,0.94446,0.94681,0.94273,0.94379,134383.0
2025-02-03 00:00:00,2025-02-02 22:00:00,2025-02-03 06:00:00,0.93697,0.94201,0.93606,0.94147,192846.0
2025-02-04 00:00:00,2025-02-03 22:00:00,2025-02-04 06:00:00,0.94081,0.94191,0.93759,0.93932,120051.0
2025-02-05 00:00:00,2025-02-04 22:00:00,2025-02-05 06:00:00,0.93837,0.94065,0.93749,0.93794,111919.0
2025-02-06 00:00:00,2025-02-05 22:00:00,2025-02-06 06:00:00,0.93724,0.94034,0.93672,0.93958,101307.0
2025-02-07 00:00:00,2025-02-06 22:00:00,2025-02-07 06:00:00,0.93878,0.94292,0.93827,0.93965,116357.0
2025-02-10 00:00:00,2025-02-09 22:00:00,2025-02-10 06:00:00,0.93611,0.94051,0.93561,0.93928,91418.0
2025-02-11 00:00:00,2025-02-10 22:00:00,2025-02-11 06:00:00,0.93786,0.94705,0.93779,0.9462,87249.0
2025-02-12 00:00:00,2025-02-11 22:00:00,2025-02-12 06:00:00,0.94462,0.95075,0.94419,0.94854,117809.0
2025-02-13 00:00:00,2025-02-12 22:00:00,2025-02-13 06:00:00,0.94744,0.95131,0.94009,0.94504,138171.0
2025-02-14 00:00:00,2025-02-13 22:00:00,2025-02-14 06:00:00,0.94445,0.94725,0.94251,0.94365,103108.0
2025-02-17 00:00:00,2025-02-16 22:00:00,2025-02-17 06:00:00,0.94147,0.94504,0.94101,0.94425,77682.0
2025-02-18 00:00:00,2025-02-17 22:00:00,2025-02-18 06:00:00,0.94325,0.9446,0.9415,0.94357,85054.0
2025-02-19 00:00:00,2025-02-18 22:00:00,2025-02-19 06:00:00,0.94393,0.94548,0.94128,0.94257,90349.0
2025-02-20 00:00:00,2025-02-19 22:00:00,2025-02-20 06:00:00,0.94266,0.94348,0.94083,0.9428,93025.0
2025-02-21 00:00:00,2025-02-20 22:00:00,2025-02-21 06:00:00,0.94286,0.94349,0.93803,0.93872,104275.0
2025-02-24 00:00:00,2025-02-23 22:00:00,2025-02-24 06:00:00,0.93945,0.94279,0.93809,0.93881,118318.0
2025-02-25 00:00:00,2025-02-24 22:00:00,2025-02-25 06:00:00,0.9389,0.93998,0.93663,0.93867,107565.0
2025-02-26 00:00:00,2025-02-25 22:00:00,2025-02-26 06:00:00,0.93862,0.94003,0.93701,0.9376,104914.0
2025-02-27 00:00:00,2025-02-26 22:00:00,2025-02-27 06:00:00,0.93755,0.94159,0.93504,0.93568,113613.0
2025-02-28 00:00:00,2025-02-27 22:00:00,2025-02-28 06:00:00,0.93567,0.94038,0.93324,0.93653,126177.0
2025-03-03 00:00:00,2025-03-02 22:00:00,2025-03-03 06:00:00,0.93819,0.94355,0.93657,0.93958,132346.0
2025-03-04 00:00:00,2025-03-03 22:00:00,2025-03-04 06:00:00,0.9397,0.94451,0.93458,0.94269,177582.0
2025-03-05 00:00:00,2025-03-04 22:00:00,2025-03-05 06:00:00,0.94264,0.96231,0.94243,0.96119,190552.0
2025-03-06 00:00:00,2025-03-05 22:00:00,2025-03-06 06:00:00,0.96121,0.96359,0.95146,0.95278,191200.0
2025-03-07 00:00:00,2025-03-06 22:00:00,2025-03-07 06:00:00,0.95282,0.95741,0.95146,0.9545,178372.0
2025-03-10 00:00:00,2025-03-09 21:00:00,2025-03-10 05:00:00,0.95159,0.95563,0.94908,0.95441,164995.0
2025-03-11 00:00:00,2025-03-10 21:00:00,2025-03-11 05:00:00,0.95314,0.96495,0.95196,0.96376,179238.0
2025-03-12 00:00:00,2025-03-11 21:00:00,2025-03-12 05:00:00,0.9637,0.96496,0.95992,0.95994,134871.0
2025-03-13 00:00:00,2025-03-12 21:00:00,2025-03-13 05:00:00,0.95991,0.96219,0.95639,0.95717,135009.0
2025-03-14 00:00:00,2025-03-13 21:00:00,2025-03-14 05:00:00,0.95677,0.96621,0.95582,0.96314,126515.0
2025-03-17 00:00:00,2025-03-16 21:00:00,2025-03-17 05:00:00,0.96182,0.96322,0.96074,0.96202,104385.0
2025-03-18 00:00:00,2025-03-17 21:00:00,2025-03-18 05:00:00,0.96144,0.96371,0.95773,0.95949,94061.0
2025-03-19 00:00:00,2025-03-18 21:00:00,2025-03-19 05:00:00,0.95857,0.95983,0.95415,0.95664,106625.0
2025-03-20 00:00:00,2025-03-19 21:00:00,2025-03-20 05:00:00,0.95609,0.95832,0.95301,0.95701,120625.0
2025-03-21 00:00:00,2025-03-20 21:00:00,2025-03-21 05:00:00,0.9558,0.95788,0.95401,0.95515,98762.0
2025-03-24 00:00:00,2025-03-23 21:00:00,2025-03-24 05:00:00,0.95435,0.95773,0.95287,0.9536,102664.0
2025-03-25 00:00:00,2025-03-24 21:00:00,2025-03-25 05:00:00,0.95331,0.95538,0.95126,0.95245,90956.0
2025-03-26 00:00:00,2025-03-25 21:00:00,2025-03-26 05:00:00,0.95189,0.9546,0.95009,0.95013,96448.0
2025-03-27 00:00:00,2025-03-26 21:00:00,2025-03-27 05:00:00,0.94993,0.95417,0.94897,0.95233,109476.0
2025-03-28 00:00:00,2025-03-27 21:00:00,2025-03-28 05:00:00,0.95163,0.955,0.95028,0.95405,98469.0
2025-03-31 00:00:00,2025-03-30 21:00:00,2025-03-31 05:00:00,0.95186,0.95726,0.95133,0.95632,118245.0
2025-04-01 00:00:00,2025-03-31 21:00:00,2025-04-01 05:00:00,0.95585,0.9568,0.9512,0.9536,106090.0
2025-04-02 00:00:00,2025-04-01 21:00:00,2025-04-02 05:00:00,0.9522,0.96324,0.95211,0.95746,110593.0
2025-04-03 00:00:00,2025-04-02 21:00:00,2025-04-03 05:00:00,0.95601,0.95792,0.94675,0.9495,248046.0
2025-04-04 00:00:00,2025-04-03 21:00:00,2025-04-04 05:00:00,0.94855,0.94963,0.9363,0.94332,290331.0
2025-04-07 00:00:00,2025-04-06 21:00:00,2025-04-07 05:00:00,0.93049,0.95009,0.92968,0.93826,367102.0
2025-04-08 00:00:00,2025-04-07 21:00:00,2025-04-08 05:00:00,0.93724,0.94095,0.92783,0.92877,246282.0
2025-04-09 00:00:00,2025-04-08 21:00:00,2025-04-09 05:00:00,0.92731,0.93931,0.92536,0.939,342340.0
2025-04-10 00:00:00,2025-04-09 21:00:00,2025-04-10 05:00:00,0.93669,0.9409,0.92251,0.92273,309479.0
2025-04-11 00:00:00,2025-04-10 21:00:00,2025-04-11 05:00:00,0.92232,0.93205,0.92151,0.92527,337750.0
2025-04-14 00:00:00,2025-04-13 21:00:00,2025-04-14 05:00:00,0.92547,0.93533,0.92326,0.92477,237972.0
2025-04-15 00:00:00,2025-04-14 21:00:00,2025-04-15 05:00:00,0.92415,0.92958,0.92297,0.9288,170907.0
2025-04-16 00:00:00,2025-04-15 21:00:00,2025-04-16 05:00:00,0.92241,0.93005,0.92144,0.92702,201386.0
2025-04-17 00:00:00,2025-04-16 21:00:00,2025-04-17 05:00:00,0.92642,0.93383,0.92502,0.93116,175750.0
2025-04-18 00:00:00,2025-04-17 21:00:00,2025-04-18 05:00:00,0.93013,0.93213,0.92962,0.93068,425448.0
2025-04-21 00:00:00,2025-04-20 21:00:00,2025-04-21 05:00:00,0.93079,0.93223,0.92755,0.9312,174183.0
2025-04-22 00:00:00,2025-04-21 21:00:00,2025-04-22 05:00:00,0.93097,0.93621,0.9287,0.93524,187210.0
2025-04-23 00:00:00,2025-04-22 21:00:00,2025-04-23 05:00:00,0.93348,0.94105,0.93265,0.9398,211160.0
2025-04-24 00:00:00,2025-04-23 21:00:00,2025-04-24 05:00:00,0.93806,0.94262,0.93804,0.94171,147673.0
2025-04-25 00:00:00,2025-04-24 21:00:00,2025-04-25 05:00:00,0.94053,0.94468,0.94004,0.94106,145341.0
2025-04-28 00:00:00,2025-04-27 21:00:00,2025-04-28 05:00:00,0.94175,0.94372,0.93617,0.93637,137631.0
2025-04-29 00:00:00,2025-04-28 21:00:00,2025-04-29 05:00:00,0.93593,0.94069,0.93593,0.93791,140366.0
2025-04-30 00:00:00,2025-04-29 21:00:00,2025-04-30 05:00:00,0.93721,0.93946,0.93297,0.93613,147835.0
2025-05-01 00:00:00,2025-04-30 21:00:00,2025-05-01 05:00:00,0.9341,0.93952,0.93349,0.93631,125679.0
2025-05-02 00:00:00,2025-05-01 21:00:00,2025-05-02 05:00:00,0.93606,0.93832,0.93115,0.93398,155075.0
2025-05-05 00:00:00,2025-05-04 21:00:00,2025-05-05 05:00:00,0.93169,0.93698,0.93002,0.9302,117234.0
2025-05-06 00:00:00,2025-05-05 21:00:00,2025-05-06 05:00:00,0.92959,0.93587,0.92951,0.93437,124735.0
2025-05-07 00:00:00,2025-05-06 21:00:00,2025-05-07 05:00:00,0.93362,0.9388,0.93015,0.93077,146015.0
2025-05-08 00:00:00,2025-05-07 21:00:00,2025-05-08 05:00:00,0.92998,0.93477,0.92998,0.93379,144308.0
2025-05-09 00:00:00,2025-05-08 21:00:00,2025-05-09 05:00:00,0.93213,0.93604,0.93159,0.93529,119972.0
2025-05-12 00:00:00,2025-05-11 21:00:00,2025-05-12 05:00:00,0.93379,0.93943,0.93352,0.93744,175611.0
2025-05-13 00:00:00,2025-05-12 21:00:00,2025-05-13 05:00:00,0.93692,0.94089,0.93305,0.93887,127532.0
2025-05-14 00:00:00,2025-05-13 21:00:00,2025-05-14 05:00:00,0.9378,0.94211,0.93741,0.94089,138737.0
2025-05-15 00:00:00,2025-05-14 21:00:00,2025-05-15 05:00:00,0.93999,0.94116,0.93392,0.9346,127738.0
2025-05-16 00:00:00,2025-05-15 21:00:00,2025-05-16 05:00:00,0.93454,0.93823,0.93336,0.93452,108916.0
2025-05-19 00:00:00,2025-05-18 21:00:00,2025-05-19 05:00:00,0.93499,0.93964,0.93314,0.93821,144297.0
2025-05-20 00:00:00,2025-05-19 21:00:00,2025-05-20 05:00:00,0.93663,0.93853,0.93464,0.93465,122978.0
2025-05-21 00:00:00,2025-05-20 21:00:00,2025-05-21 05:00:00,0.93408,0.93637,0.93135,0.93498,150122.0
2025-05-22 00:00:00,2025-05-21 21:00:00,2025-05-22 05:00:00,0.93376,0.93553,0.93301,0.93482,135701.0
2025-05-23 00:00:00,2025-05-22 21:00:00,2025-05-23 05:00:00,0.93454,0.93804,0.92954,0.93317,131554.0
2025-05-26 00:00:00,2025-05-25 21:00:00,2025-05-26 05:00:00,0.93185,0.93676,0.93161,0.9347,91255.0
2025-05-27 00:00:00,2025-05-26 21:00:00,2025-05-27 05:00:00,0.93345,0.93908,0.93302,0.93713,119648.0
2025-05-28 00:00:00,2025-05-27 21:00:00,2025-05-28 05:00:00,0.93592,0.9384,0.93354,0.93395,111846.0
2025-05-29 00:00:00,2025-05-28 21:00:00,2025-05-29 05:00:00,0.93284,0.9372,0.93284,0.93529,150459.0
2025-05-30 00:00:00,2025-05-29 21:00:00,2025-05-30 05:00:00,0.93379,0.93573,0.93205,0.93401,128322.0
2025-06-02 00:00:00,2025-06-01 21:00:00,2025-06-02 05:00:00,0.9337,0.9354,0.932,0.93483,129544.0
2025-06-03 00:00:00,2025-06-02 21:00:00,2025-06-03 05:00:00,0.93414,0.93815,0.93332,0.93699,115575.0
2025-06-04 00:00:00,2025-06-03 21:00:00,2025-06-04 05:00:00,0.93668,0.93802,0.9338,0.93453,121887.0
2025-06-05 00:00:00,2025-06-04 21:00:00,2025-06-05 05:00:00,0.93358,0.93993,0.93126,0.93801,145863.0
2025-06-06 00:00:00,2025-06-05 21:00:00,2025-06-06 05:00:00,0.93701,0.93971,0.93639,0.93678,119362.0
2025-06-09 00:00:00,2025-06-08 21:00:00,2025-06-09 05:00:00,0.93554,0.93866,0.93554,0.93833,82895.0
2025-06-10 00:00:00,2025-06-09 21:00:00,2025-06-10 05:00:00,0.93774,0.94037,0.93633,0.9399,111363.0
2025-06-11 00:00:00,2025-06-10 21:00:00,2025-06-11 05:00:00,0.93911,0.94291,0.93878,0.94249,106635.0
2025-06-12 00:00:00,2025-06-11 21:00:00,2025-06-12 05:00:00,0.94113,0.94288,0.93864,0.9387,132182.0
2025-06-13 00:00:00,2025-06-12 21:00:00,2025-06-13 05:00:00,0.93788,0.93916,0.93075,0.93701,163829.0
2025-06-16 00:00:00,2025-06-15 21:00:00,2025-06-16 05:00:00,0.93437,0.94191,0.93366,0.94081,134846.0
2025-06-17 00:00:00,2025-06-16 21:00:00,2025-06-17 05:00:00,0.93989,0.94185,0.93598,0.93735,129525.0
2025-06-18 00:00:00,2025-06-17 21:00:00,2025-06-18 05:00:00,0.93592,0.94226,0.93409,0.94003,132646.0
2025-06-19 00:00:00,2025-06-18 21:00:00,2025-06-19 05:00:00,0.93888,0.94187,0.9361,0.93867,120511.0
2025-06-20 00:00:00,2025-06-19 21:00:00,2025-06-20 05:00:00,0.93728,0.94255,0.93712,0.94249,116278.0
2025-06-23 00:00:00,2025-06-22 21:00:00,2025-06-23 05:00:00,0.93553,0.94105,0.93517,0.94085,178218.0
2025-06-24 00:00:00,2025-06-23 21:00:00,2025-06-24 05:00:00,0.9397,0.9428,0.93397,0.93473,147186.0
2025-06-25 00:00:00,2025-06-24 21:00:00,2025-06-25 05:00:00,0.93462,0.93846,0.9333,0.93835,123843.0
2025-06-26 00:00:00,2025-06-25 21:00:00,2025-06-26 05:00:00,0.93757,0.94008,0.93558,0.93638,142248.0
2025-06-27 00:00:00,2025-06-26 21:00:00,2025-06-27 05:00:00,0.93516,0.93808,0.93414,0.93582,126955.0
2025-06-30 00:00:00,2025-06-29 21:00:00,2025-06-30 05:00:00,0.93641,0.93734,0.93348,0.93486,144637.0
2025-07-01 00:00:00,2025-06-30 21:00:00,2025-07-01 05:00:00,0.93406,0.93477,0.93062,0.93397,124852.0
2025-07-02 00:00:00,2025-07-01 21:00:00,2025-07-02 05:00:00,0.93285,0.93449,0.93139,0.93443,87025.0
2025-07-03 00:00:00,2025-07-02 21:00:00,2025-07-03 05:00:00,0.93335,0.93643,0.93222,0.93502,87667.0
2025-07-04 00:00:00,2025-07-03 21:00:00,2025-07-04 05:00:00,0.93375,0.93625,0.93321,0.93558,99368.0
2025-07-07 00:00:00,2025-07-06 21:00:00,2025-07-07 05:00:00,0.93467,0.93588,0.9335,0.93462,96460.0
2025-07-08 00:00:00,2025-07-07 21:00:00,2025-07-08 05:00:00,0.93346,0.93667,0.9325,0.933,90603.0
2025-07-09 00:00:00,2025-07-08 21:00:00,2025-07-09 05:00:00,0.93268,0.9341,0.93041,0.93099,86414.0
2025-07-10 00:00:00,2025-07-09 21:00:00,2025-07-10 05:00:00,0.92986,0.93279,0.92964,0.93241,79592.0
2025-07-11 00:00:00,2025-07-10 21:00:00,2025-07-11 05:00:00,0.93255,0.93267,0.93021,0.93141,85008.0
2025-07-14 00:00:00,2025-07-13 21:00:00,2025-07-14 05:00:00,0.92948,0.93211,0.92867,0.93076,85495.0
2025-07-15 00:00:00,2025-07-14 21:00:00,2025-07-15 05:00:00,0.93013,0.93116,0.92936,0.92984,86928.0
2025-07-16 00:00:00,2025-07-15 21:00:00,2025-07-16 05:00:00,0.92876,0.93342,0.92876,0.9323,103051.0
2025-07-17 00:00:00,2025-07-16 21:00:00,2025-07-17 05:00:00,0.93103,0.93354,0.93092,0.9328,87747.0
2025-07-18 00:00:00,2025-07-17 21:00:00,2025-07-18 05:00:00,0.93217,0.93402,0.93104,0.93152,82441.0
2025-07-21 00:00:00,2025-07-20 21:00:00,2025-07-21 05:00:00,0.93014,0.93341,0.92954,0.93308,83527.0
2025-07-22 00:00:00,2025-07-21 21:00:00,2025-07-22 05:00:00,0.93183,0.9338,0.93075,0.93105,83018.0
2025-07-23 00:00:00,2025-07-22 21:00:00,2025-07-23 05:00:00,0.93083,0.93432,0.92933,0.93285,97360.0
2025-07-24 00:00:00,2025-07-23 21:00:00,2025-07-24 05:00:00,0.93211,0.93628,0.93187,0.93444,90758.0
2025-07-25 00:00:00,2025-07-24 21:00:00,2025-07-25 05:00:00,0.93308,0.93539,0.93203,0.93361,86414.0
2025-07-28 00:00:00,2025-07-27 21:00:00,2025-07-28 05:00:00,0.93597,0.93683,0.93033,0.93112,99348.0
2025-07-29 00:00:00,2025-07-28 21:00:00,2025-07-29 05:00:00,0.92975,0.9324,0.92949,0.93059,97746.0
2025-07-30 00:00:00,2025-07-29 21:00:00,2025-07-30 05:00:00,0.93006,0.93149,0.92906,0.92946,102354.0
2025-07-31 00:00:00,2025-07-30 21:00:00,2025-07-31 05:00:00,0.92879,0.93077,0.92673,0.92712,96240.0
2025-08-01 00:00:00,2025-07-31 21:00:00,2025-08-01 05:00:00,0.9266,0.93243,0.92657,0.93171,125137.0
2025-08-04 00:00:00,2025-08-03 21:00:00,2025-08-04 05:00:00,0.93075,0.93591,0.93057,0.9353,107269.0
2025-08-05 00:00:00,2025-08-04 21:00:00,2025-08-05 05:00:00,0.93385,0.93601,0.93303,0.93452,94603.0
2025-08-06 00:00:00,2025-08-05 21:00:00,2025-08-06 05:00:00,0.93413,0.94068,0.93352,0.94013,91530.0
2025-08-07 00:00:00,2025-08-06 21:00:00,2025-08-07 05:00:00,0.93907,0.94282,0.9388,0.94056,103125.0
2025-08-08 00:00:00,2025-08-07 21:00:00,2025-08-08 05:00:00,0.94021,0.942,0.93931,0.94084,90383.0
2025-08-11 00:00:00,2025-08-10 21:00:00,2025-08-11 05:00:00,0.94119,0.94382,0.93931,0.94363,82803.0
2025-08-12 00:00:00,2025-08-11 21:00:00,2025-08-12 05:00:00,0.94203,0.944,0.94008,0.94129,98338.0
2025-08-13 00:00:00,2025-08-12 21:00:00,2025-08-13 05:00:00,0.94054,0.94289,0.94035,0.9428,86914.0
2025-08-14 00:00:00,2025-08-13 21:00:00,2025-08-14 05:00:00,0.94112,0.94317,0.94028,0.94061,95387.0
2025-08-15 00:00:00,2025-08-14 21:00:00,2025-08-15 05:00:00,0.93942,0.94426,0.93917,0.94413,81531.0
2025-08-18 00:00:00,2025-08-17 21:00:00,2025-08-18 05:00:00,0.94237,0.94453,0.94099,0.94144,86766.0
2025-08-19 00:00:00,2025-08-18 21:00:00,2025-08-19 05:00:00,0.94087,0.94217,0.94015,0.94064,79902.0
2025-08-20 00:00:00,2025-08-19 21:00:00,2025-08-20 05:00:00,0.93916,0.94133,0.93645,0.93682,84626.0
2025-08-21 00:00:00,2025-08-20 21:00:00,2025-08-21 05:00:00,0.93588,0.93945,0.93569,0.93862,85811.0
2025-08-22 00:00:00,2025-08-21 21:00:00,2025-08-22 05:00:00,0.9372,0.94016,0.93663,0.93939,93672.0
2025-08-25 00:00:00,2025-08-24 21:00:00,2025-08-25 05:00:00,0.93832,0.94048,0.93625,0.93627,84121.0
2025-08-26 00:00:00,2025-08-25 21:00:00,2025-08-26 05:00:00,0.93516,0.93866,0.93433,0.93514,95544.0
2025-08-27 00:00:00,2025-08-26 21:00:00,2025-08-27 05:00:00,0.93499,0.93592,0.93183,0.93355,86545.0
2025-08-28 00:00:00,2025-08-27 21:00:00,2025-08-28 05:00:00,0.93242,0.9367,0.93224,0.93609,88869.0
2025-08-29 00:00:00,2025-08-28 21:00:00,2025-08-29 05:00:00,0.93483,0.93686,0.93407,0.93569,90113.0
2025-09-01 00:00:00,2025-08-31 21:00:00,2025-09-01 05:00:00,0.93398,0.93836,0.93398,0.93738,75626.0
2025-09-02 00:00:00,2025-09-01 21:00:00,2025-09-02 05:00:00,0.93647,0.93813,0.93537,0.93665,109048.0
2025-09-03 00:00:00,2025-09-02 21:00:00,2025-09-03 05:00:00,0.93546,0.93804,0.93538,0.93777,86577.0
2025-09-04 00:00:00,2025-09-03 21:00:00,2025-09-04 05:00:00,0.93683,0.93936,0.93644,0.93857,88562.0
2025-09-05 00:00:00,2025-09-04 21:00:00,2025-09-05 05:00:00,0.9374,0.93955,0.9352,0.93541,96366.0
2025-09-08 00:00:00,2025-09-07 21:00:00,2025-09-08 05:00:00,0.93381,0.93623,0.92805,0.93308,100787.0
2025-09-09 00:00:00,2025-09-08 21:00:00,2025-09-09 05:00:00,0.93235,0.93416,0.93142,0.93364,94127.0
2025-09-10 00:00:00,2025-09-09 21:00:00,2025-09-10 05:00:00,0.93206,0.93541,0.9312,0.93466,92798.0
2025-09-11 00:00:00,2025-09-10 21:00:00,2025-09-11 05:00:00,0.93392,0.9354,0.93321,0.93385,93163.0
2025-09-12 00:00:00,2025-09-11 21:00:00,2025-09-12 05:00:00,0.93231,0.935,0.93231,0.93459,79476.0
2025-09-15 00:00:00,2025-09-14 21:00:00,2025-09-15 05:00:00,0.9331,0.93561,0.9331,0.93445,68112.0
2025-09-16 00:00:00,2025-09-15 21:00:00,2025-09-16 05:00:00,0.93385,0.93499,0.93242,0.93249,92992.0
2025-09-17 00:00:00,2025-09-16 21:00:00,2025-09-17 05:00:00,0.93213,0.93344,0.93125,0.93189,93061.0
2025-09-18 00:00:00,2025-09-17 21:00:00,2025-09-18 05:00:00,0.93116,0.93433,0.93071,0.93399,100877.0
2025-09-19 00:00:00,2025-09-18 21:00:00,2025-09-19 05:00:00,0.933,0.93558,0.93267,0.93436,96978.0
2025-09-22 00:00:00,2025-09-21 21:00:00,2025-09-22 05:00:00,0.93267,0.9355,0.93176,0.93514,80797.0
2025-09-23 00:00:00,2025-09-22 21:00:00,2025-09-23 05:00:00,0.93425,0.93558,0.93405,0.9348,86306.0
2025-09-24 00:00:00,2025-09-23 21:00:00,2025-09-24 05:00:00,0.93321,0.93518,0.93236,0.93339,86708.0
2025-09-25 00:00:00,2025-09-24 21:00:00,2025-09-25 05:00:00,0.93242,0.93508,0.93211,0.93274,88602.0
2025-09-26 00:00:00,2025-09-25 21:00:00,2025-09-26 05:00:00,0.93198,0.93406,0.93185,0.93382,84201.0
2025-09-29 00:00:00,2025-09-28 21:00:00,2025-09-29 05:00:00,0.93286,0.93649,0.93246,0.93541,77577.0
2025-09-30 00:00:00,2025-09-29 21:00:00,2025-09-30 05:00:00,0.93446,0.93707,0.93361,0.93431,81629.0
2025-10-01 00:00:00,2025-09-30 21:00:00,2025-10-01 05:00:00,0.93387,0.93727,0.93296,0.93485,99922.0
2025-10-02 00:00:00,2025-10-01 21:00:00,2025-10-02 05:00:00,0.93384,0.93633,0.93364,0.93478,81687.0
2025-10-03 00:00:00,2025-10-02 21:00:00,2025-10-03 05:00:00,0.9338,0.93576,0.93347,0.93373,67373.0
2025-10-06 00:00:00,2025-10-05 21:00:00,2025-10-06 05:00:00,0.93269,0.9347,0.93078,0.93092,96803.0
2025-10-07 00:00:00,2025-10-06 21:00:00,2025-10-07 05:00:00,0.93057,0.93155,0.92995,0.93048,86854.0
2025-10-08 00:00:00,2025-10-07 21:00:00,2025-10-08 05:00:00,0.92949,0.93265,0.92939,0.93254,86761.0
2025-10-09 00:00:00,2025-10-08 21:00:00,2025-10-09 05:00:00,0.93154,0.93295,0.93006,0.9324,89486.0
2025-10-10 00:00:00,2025-10-09 21:00:00,2025-10-10 05:00:00,0.931,0.93314,0.92923,0.92951,88525.0
2025-10-13 00:00:00,2025-10-12 21:00:00,2025-10-13 05:00:00,0.92866,0.93195,0.92842,0.93029,91351.0
2025-10-14 00:00:00,2025-10-13 21:00:00,2025-10-14 05:00:00,0.9296,0.93087,0.92816,0.92975,95824.0
2025-10-15 00:00:00,2025-10-14 21:00:00,2025-10-15 05:00:00,0.92828,0.93105,0.9266,0.92795,90659.0
2025-10-16 00:00:00,2025-10-15 21:00:00,2025-10-16 05:00:00,0.92695,0.93047,0.92611,0.92651,99090.0
2025-10-17 00:00:00,2025-10-16 21:00:00,2025-10-17 05:00:00,0.92613,0.92692,0.92183,0.92463,109758.0
2025-10-20 00:00:00,2025-10-19 21:00:00,2025-10-20 05:00:00,0.92285,0.92586,0.92141,0.92259,77721.0
2025-10-21 00:00:00,2025-10-20 21:00:00,2025-10-21 05:00:00,0.92169,0.9245,0.92097,0.92377,95840.0
2025-10-22 00:00:00,2025-10-21 21:00:00,2025-10-22 05:00:00,0.92276,0.92451,0.92214,0.92416,85781.0
2025-10-23 00:00:00,2025-10-22 21:00:00,2025-10-23 05:00:00,0.92274,0.92538,0.92274,0.92375,68687.0
2025-10-24 00:00:00,2025-10-23 21:00:00,2025-10-24 05:00:00,0.92332,0.92543,0.92304,0.92496,71973.0
2025-10-27 00:00:00,2025-10-26 21:00:00,2025-10-27 05:00:00,0.92657,0.92705,0.9252,0.92615,72523.0
2025-10-28 00:00:00,2025-10-27 21:00:00,2025-10-28 05:00:00,0.92559,0.92668,0.92407,0.92434,71813.0
2025-10-29 00:00:00,2025-10-28 21:00:00,2025-10-29 05:00:00,0.92409,0.92884,0.92375,0.92811,88750.0
2025-10-30 00:00:00,2025-10-29 21:00:00,2025-10-30 05:00:00,0.92733,0.92888,0.92682,0.92738,89810.0
2025-10-31 00:00:00,2025-10-30 21:00:00,2025-10-31 05:00:00,0.92683,0.92915,0.92585,0.9284,80088.0
2025-11-03 00:00:00,2025-11-02 22:00:00,2025-11-03 06:00:00,0.92664,0.9311,0.92658,0.93079,74423.0
2025-11-04 00:00:00,2025-11-03 22:00:00,2025-11-04 06:00:00,0.92994,0.93167,0.92898,0.93064,80395.0
2025-11-05 00:00:00,2025-11-04 22:00:00,2025-11-05 06:00:00,0.92948,0.93194,0.92844,0.93121,85218.0
2025-11-06 00:00:00,2025-11-05 22:00:00,2025-11-06 06:00:00,0.93046,0.93209,0.93037,0.93088,75304.0
2025-11-07 00:00:00,2025-11-06 22:00:00,2025-11-07 06:00:00,0.93053,0.93263,0.92977,0.93108,72312.0
2025-11-10 00:00:00,2025-11-09 22:00:00,2025-11-10 06:00:00,0.9302,0.93255,0.92991,0.93031,83769.0
2025-11-11 00:00:00,2025-11-10 22:00:00,2025-11-11 06:00:00,0.92972,0.93097,0.92659,0.92714,65805.0
2025-11-12 00:00:00,2025-11-11 22:00:00,2025-11-12 06:00:00,0.92641,0.92759,0.92327,0.92484,63927.0
2025-11-13 00:00:00,2025-11-12 22:00:00,2025-11-13 06:00:00,0.92401,0.92581,0.92141,0.92227,75037.0
2025-11-14 00:00:00,2025-11-13 22:00:00,2025-11-14 06:00:00,0.92108,0.92301,0.91793,0.92283,89402.0
2025-11-17 00:00:00,2025-11-16 22:00:00,2025-11-17 06:00:00,0.92085,0.92308,0.92085,0.92283,73861.0
2025-11-18 00:00:00,2025-11-17 22:00:00,2025-11-18 06:00:00,0.92169,0.9264,0.92071,0.92609,86670.0
2025-11-19 00:00:00,2025-11-18 22:00:00,2025-11-19 06:00:00,0.92435,0.92958,0.92435,0.92944,89090.0
2025-11-20 00:00:00,2025-11-19 22:00:00,2025-11-20 06:00:00,0.92864,0.93049,0.92806,0.92893,89867.0
2025-11-21 00:00:00,2025-11-20 22:00:00,2025-11-21 06:00:00,0.92804,0.93098,0.92757,0.9308,95761.0
2025-11-24 00:00:00,2025-11-23 22:00:00,2025-11-24 06:00:00,0.92912,0.93248,0.92912,0.93132,70875.0
2025-11-25 00:00:00,2025-11-24 22:00:00,2025-11-25 06:00:00,0.93073,0.93504,0.93071,0.93441,83571.0
2025-11-26 00:00:00,2025-11-25 22:00:00,2025-11-26 06:00:00,0.93334,0.93468,0.93212,0.93257,84166.0
2025-11-27 00:00:00,2025-11-26 22:00:00,2025-11-27 06:00:00,0.93206,0.9345,0.93158,0.93323,52084.0
2025-11-28 00:00:00,2025-11-27 22:00:00,2025-11-28 06:00:00,0.93239,0.93371,0.93122,0.93196,162876.0
2025-12-01 00:00:00,2025-11-30 22:00:00,2025-12-01 06:00:00,0.93136,0.93445,0.93132,0.93418,88392.0
2025-12-02 00:00:00,2025-12-01 22:00:00,2025-12-02 06:00:00,0.93256,0.93489,0.93256,0.93326,67849.0
2025-12-03 00:00:00,2025-12-02 22:00:00,2025-12-03 06:00:00,0.9329,0.93434,0.9328,0.93316,73079.0
2025-12-04 00:00:00,2025-12-03 22:00:00,2025-12-04 06:00:00,0.93225,0.936,0.93225,0.93579,74598.0
2025-12-05 00:00:00,2025-12-04 22:00:00,2025-12-05 06:00:00,0.93465,0.93716,0.93464,0.93674,74131.0
2025-12-08 00:00:00,2025-12-07 22:00:00,2025-12-08 06:00:00,0.93517,0.93956,0.93517,0.93882,81533.0
2025-12-09 00:00:00,2025-12-08 22:00:00,2025-12-09 06:00:00,0.93802,0.93927,0.93701,0.93727,68223.0
2025-12-10 00:00:00,2025-12-09 22:00:00,2025-12-10 06:00:00,0.93716,0.9379,0.93439,0.93559,75867.0
2025-12-11 00:00:00,2025-12-10 22:00:00,2025-12-11 06:00:00,0.93493,0.93571,0.93202,0.93352,82784.0
2025-12-12 00:00:00,2025-12-11 22:00:00,2025-12-12 06:00:00,0.93322,0.93472,0.93179,0.93455,75862.0
2025-12-15 00:00:00,2025-12-14 22:00:00,2025-12-15 06:00:00,0.93265,0.93636,0.93265,0.93581,68639.0
2025-12-16 00:00:00,2025-12-15 22:00:00,2025-12-16 06:00:00,0.93423,0.93673,0.93394,0.93399,77993.0
2025-12-17 00:00:00,2025-12-16 22:00:00,2025-12-17 06:00:00,0.93322,0.9356,0.93254,0.93406,76819.0
2025-12-18 00:00:00,2025-12-17 22:00:00,2025-12-18 06:00:00,0.93266,0.93398,0.93073,0.93089,73288.0
2025-12-19 00:00:00,2025-12-18 22:00:00,2025-12-19 06:00:00,0.93025,0.93281,0.93009,0.93151,68586.0
2025-12-22 00:00:00,2025-12-21 22:00:00,2025-12-22 06:00:00,0.93116,0.93241,0.93054,0.93126,66255.0
2025-12-23 00:00:00,2025-12-22 22:00:00,2025-12-23 06:00:00,0.93058,0.9314,0.92829,0.92872,72067.0
2025-12-24 00:00:00,2025-12-23 22:00:00,2025-12-24 06:00:00,0.92759,0.92977,0.92739,0.92839,55013.0
2025-12-26 00:00:00,2025-12-25 22:00:00,2025-12-26 06:00:00,0.92627,0.93029,0.92502,0.92915,66069.0
2025-12-29 00:00:00,2025-12-28 22:00:00,2025-12-29 06:00:00,0.92702,0.93081,0.92702,0.92895,80386.0
2025-12-30 00:00:00,2025-12-29 22:00:00,2025-12-30 06:00:00,0.92771,0.93072,0.92759,0.93025,59467.0
2025-12-31 00:00:00,2025-12-30 22:00:00,2025-12-31 06:00:00,0.92941,0.93168,0.92941,0.93103,58766.0
2026-01-02 00:00:00,2026-01-01 22:00:00,2026-01-02 06:00:00,0.93041,0.93161,0.92809,0.92877,56318.0
2026-01-05 00:00:00,2026-01-04 22:00:00,2026-01-05 06:00:00,0.92691,0.93063,0.92689,0.92777,80270.0
2026-01-06 00:00:00,2026-01-05 22:00:00,2026-01-06 06:00:00,0.9272,0.93025,0.9272,0.93001,64150.0
2026-01-07 00:00:00,2026-01-06 22:00:00,2026-01-07 06:00:00,0.92891,0.93185,0.92881,0.93149,68429.0
2026-01-08 00:00:00,2026-01-07 22:00:00,2026-01-08 06:00:00,0.92972,0.93192,0.92972,0.93124,63711.0
2026-01-09 00:00:00,2026-01-08 22:00:00,2026-01-09 06:00:00,0.93086,0.9326,0.93035,0.93173,68304.0
2026-01-12 00:00:00,2026-01-11 22:00:00,2026-01-12 06:00:00,0.93054,0.93226,0.92975,0.93033,85662.0
2026-01-13 00:00:00,2026-01-12 22:00:00,2026-01-13 06:00:00,0.92946,0.93287,0.92943,0.93257,72785.0
2026-01-14 00:00:00,2026-01-13 22:00:00,2026-01-14 06:00:00,0.93215,0.93495,0.93081,0.93148,74349.0
2026-01-15 00:00:00,2026-01-14 22:00:00,2026-01-15 06:00:00,0.93005,0.93283,0.9298,0.93256,71789.0
2026-01-16 00:00:00,2026-01-15 22:00:00,2026-01-16 06:00:00,0.93128,0.93283,0.93048,0.93149,64529.0
2026-01-19 00:00:00,2026-01-18 22:00:00,2026-01-19 06:00:00,0.92756,0.92974,0.92685,0.92849,72190.0
2026-01-20 00:00:00,2026-01-19 22:00:00,2026-01-20 06:00:00,0.92756,0.92916,0.92548,0.9261,89881.0
2026-01-21 00:00:00,2026-01-20 22:00:00,2026-01-21 06:00:00,0.92497,0.93076,0.92496,0.92953,85577.0
2026-01-22 00:00:00,2026-01-21 22:00:00,2026-01-22 06:00:00,0.92877,0.93008,0.92726,0.92745,71414.0
2026-01-23 00:00:00,2026-01-22 22:00:00,2026-01-23 06:00:00,0.92668,0.9287,0.92157,0.92296,84451.0
2026-01-26 00:00:00,2026-01-25 22:00:00,2026-01-26 06:00:00,0.91926,0.92319,0.919,0.92305,111203.0
2026-01-27 00:00:00,2026-01-26 22:00:00,2026-01-27 06:00:00,0.9212,0.92355,0.91647,0.9166,107882.0
2026-01-28 00:00:00,2026-01-27 22:00:00,2026-01-28 06:00:00,0.91596,0.92116,0.9158,0.91836,116801.0
2026-01-29 00:00:00,2026-01-28 22:00:00,2026-01-29 06:00:00,0.91782,0.91889,0.91457,0.91488,109509.0
2026-01-30 00:00:00,2026-01-29 22:00:00,2026-01-30 06:00:00,0.91402,0.91739,0.91397,0.91609,127147.0
2026-02-02 00:00:00,2026-02-01 22:00:00,2026-02-02 06:00:00,0.9147,0.92173,0.91469,0.91921,116687.0
2026-02-03 00:00:00,2026-02-02 22:00:00,2026-02-03 06:00:00,0.91829,0.91949,0.91489,0.91616,87060.0
2026-02-04 00:00:00,2026-02-03 22:00:00,2026-02-04 06:00:00,0.9146,0.91832,0.91459,0.91769,82555.0
2026-02-05 00:00:00,2026-02-04 22:00:00,2026-02-05 06:00:00,0.91621,0.91811,0.91445,0.91642,87154.0
2026-02-06 00:00:00,2026-02-05 22:00:00,2026-02-06 06:00:00,0.91566,0.91812,0.91541,0.91653,69231.0
2026-02-09 00:00:00,2026-02-08 22:00:00,2026-02-09 06:00:00,0.91424,0.91791,0.91264,0.91289,85929.0
2026-02-10 00:00:00,2026-02-09 22:00:00,2026-02-10 06:00:00,0.9122,0.91395,0.90949,0.91344,76251.0
2026-02-11 00:00:00,2026-02-10 22:00:00,2026-02-11 06:00:00,0.91227,0.91692,0.91181,0.91608,83454.0
2026-02-12 00:00:00,2026-02-11 22:00:00,2026-02-12 06:00:00,0.91371,0.9161,0.91126,0.91327,82715.0
2026-02-13 00:00:00,2026-02-12 22:00:00,2026-02-13 06:00:00,0.91185,0.9145,0.91098,0.91101,74966.0
2026-02-16 00:00:00,2026-02-15 22:00:00,2026-02-16 06:00:00,0.91185,0.91362,0.91094,0.91198,44693.0
2026-02-17 00:00:00,2026-02-16 22:00:00,2026-02-17 06:00:00,0.91141,0.91401,0.91059,0.91273,69067.0
2026-02-18 00:00:00,2026-02-17 22:00:00,2026-02-18 06:00:00,0.91199,0.91351,0.91056,0.91089,61827.0
2026-02-19 00:00:00,2026-02-18 22:00:00,2026-02-19 06:00:00,0.90733,0.91296,0.90682,0.91241,68698.0
2026-02-20 00:00:00,2026-02-19 22:00:00,2026-02-20 06:00:00,0.91186,0.91424,0.91155,0.91353,80895.0
2026-02-23 00:00:00,2026-02-22 22:00:00,2026-02-23 06:00:00,0.91157,0.91493,0.91133,0.91301,77925.0
2026-02-24 00:00:00,2026-02-23 22:00:00,2026-02-24 06:00:00,0.91296,0.91418,0.91098,0.91128,73816.0
2026-02-25 00:00:00,2026-02-24 22:00:00,2026-02-25 06:00:00,0.91081,0.91327,0.9106,0.91248,70569.0
2026-02-26 00:00:00,2026-02-25 22:00:00,2026-02-26 06:00:00,0.91202,0.91509,0.91131,0.91306,77860.0
2026-02-27 00:00:00,2026-02-26 22:00:00,2026-02-27 06:00:00,0.91242,0.91351,0.90609,0.909,79582.0
2026-03-02 00:00:00,2026-03-01 22:00:00,2026-03-02 06:00:00,0.90257,0.91307,0.9024,0.91109,113485.0
2026-03-03 00:00:00,2026-03-02 22:00:00,2026-03-03 06:00:00,0.91059,0.91275,0.90666,0.90796,128411.0
2026-03-04 00:00:00,2026-03-03 22:00:00,2026-03-04 06:00:00,0.90764,0.90984,0.9056,0.90655,110314.0
2026-03-05 00:00:00,2026-03-04 22:00:00,2026-03-05 06:00:00,0.90551,0.9072,0.90495,0.90643,112674.0
2026-03-06 00:00:00,2026-03-05 22:00:00,2026-03-06 06:00:00,0.90571,0.90674,0.90086,0.90121,110865.0
2026-03-09 00:00:00,2026-03-08 21:00:00,2026-03-09 05:00:00,0.89986,0.90451,0.89807,0.90439,123887.0
2026-03-10 00:00:00,2026-03-09 21:00:00,2026-03-10 05:00:00,0.90395,0.90502,0.90231,0.9038,100464.0
2026-03-11 00:00:00,2026-03-10 21:00:00,2026-03-11 05:00:00,0.90256,0.90469,0.90091,0.90279,90424.0
2026-03-12 00:00:00,2026-03-11 21:00:00,2026-03-12 05:00:00,0.90178,0.90516,0.90148,0.9048,92182.0
2026-03-13 00:00:00,2026-03-12 21:00:00,2026-03-13 05:00:00,0.90413,0.90546,0.90218,0.90337,93102.0
2026-03-16 00:00:00,2026-03-15 21:00:00,2026-03-16 05:00:00,0.9024,0.90655,0.90189,0.90622,92768.0
2026-03-17 00:00:00,2026-03-16 21:00:00,2026-03-17 05:00:00,0.90563,0.90714,0.90489,0.9056,70079.0
2026-03-18 00:00:00,2026-03-17 21:00:00,2026-03-18 05:00:00,0.90477,0.91017,0.90477,0.90838,79099.0
2026-03-19 00:00:00,2026-03-18 21:00:00,2026-03-19 05:00:00,0.90789,0.91412,0.9069,0.91334,110706.0
2026-03-20 00:00:00,2026-03-19 21:00:00,2026-03-20 05:00:00,0.91317,0.91343,0.90913,0.91163,89488.0
2026-03-23 00:00:00,2026-03-22 21:00:00,2026-03-23 05:00:00,0.90917,0.91456,0.90877,0.91306,130061.0
2026-03-24 00:00:00,2026-03-23 21:00:00,2026-03-24 05:00:00,0.91268,0.91677,0.9117,0.91482,129154.0
2026-03-25 00:00:00,2026-03-24 21:00:00,2026-03-25 05:00:00,0.91453,0.91691,0.91442,0.91498,123130.0
2026-03-26 00:00:00,2026-03-25 21:00:00,2026-03-26 05:00:00,0.91453,0.917,0.91433,0.91658,107089.0
2026-03-27 00:00:00,2026-03-26 21:00:00,2026-03-27 05:00:00,0.91602,0.91999,0.91528,0.9197,109005.0
2026-03-30 00:00:00,2026-03-29 21:00:00,2026-03-30 05:00:00,0.91783,0.92002,0.91606,0.91629,113196.0
2026-03-31 00:00:00,2026-03-30 21:00:00,2026-03-31 05:00:00,0.91455,0.92666,0.91443,0.92351,130431.0
2026-04-01 00:00:00,2026-03-31 21:00:00,2026-04-01 05:00:00,0.92298,0.92379,0.91816,0.92054,125455.0
2026-04-02 00:00:00,2026-04-01 21:00:00,2026-04-02 05:00:00,0.92,0.92289,0.91939,0.92157,123061.0
2026-04-03 00:00:00,2026-04-02 21:00:00,2026-04-03 05:00:00,0.92041,0.92262,0.91987,0.92073,69699.0
2026-04-06 00:00:00,2026-04-05 21:00:00,2026-04-06 05:00:00,0.92029,0.92315,0.9201,0.92111,108301.0
2026-04-07 00:00:00,2026-04-06 21:00:00,2026-04-07 05:00:00,0.92039,0.92655,0.92039,0.92502,107768.0
2026-04-08 00:00:00,2026-04-07 21:00:00,2026-04-08 05:00:00,0.9244,0.9257,0.9206,0.92281,158713.0
2026-04-09 00:00:00,2026-04-08 21:00:00,2026-04-09 05:00:00,0.92213,0.92496,0.92175,0.92467,98826.0
2026-04-10 00:00:00,2026-04-09 21:00:00,2026-04-10 05:00:00,0.92386,0.92603,0.92188,0.92557,94330.0
2026-04-13 00:00:00,2026-04-12 21:00:00,2026-04-13 05:00:00,0.92201,0.9263,0.92076,0.92173,110098.0
2026-04-14 00:00:00,2026-04-13 21:00:00,2026-04-14 05:00:00,0.92034,0.92181,0.91945,0.92112,98210.0
2026-04-15 00:00:00,2026-04-14 21:00:00,2026-04-15 05:00:00,0.92045,0.92272,0.91972,0.92253,97659.0
2026-04-16 00:00:00,2026-04-15 21:00:00,2026-04-16 05:00:00,0.92238,0.9236,0.92147,0.92314,98635.0
2026-04-17 00:00:00,2026-04-16 21:00:00,2026-04-17 05:00:00,0.92216,0.92325,0.91924,0.91963,108070.0
2026-04-20 00:00:00,2026-04-19 21:00:00,2026-04-20 05:00:00,0.9165,0.92056,0.9163,0.91734,135663.0
2026-04-21 00:00:00,2026-04-20 21:00:00,2026-04-21 05:00:00,0.91638,0.91813,0.91616,0.91679,141235.0
2026-04-22 00:00:00,2026-04-21 21:00:00,2026-04-22 05:00:00,0.91597,0.91887,0.91547,0.91855,126719.0
2026-04-23 00:00:00,2026-04-22 21:00:00,2026-04-23 05:00:00,0.9173,0.91921,0.91702,0.91871,145163.0
2026-04-24 00:00:00,2026-04-23 21:00:00,2026-04-24 05:00:00,0.91704,0.92151,0.91698,0.91978,124693.0
2026-04-27 00:00:00,2026-04-26 21:00:00,2026-04-27 05:00:00,0.91987,0.92168,0.91896,0.92068,153201.0
2026-04-28 00:00:00,2026-04-27 21:00:00,2026-04-28 05:00:00,0.91941,0.92501,0.91935,0.92436,171521.0
2026-04-29 00:00:00,2026-04-28 21:00:00,2026-04-29 05:00:00,0.92346,0.92506,0.92303,0.92405,173150.0
2026-04-30 00:00:00,2026-04-29 21:00:00,2026-04-30 05:00:00,0.92309,0.92413,0.91498,0.91651,209848.0
2026-05-01 00:00:00,2026-04-30 21:00:00,2026-05-01 05:00:00,0.91581,0.9178,0.91544,0.91605,159933.0
2026-05-04 00:00:00,2026-05-03 21:00:00,2026-05-04 05:00:00,0.91562,0.91785,0.91552,0.91647,169762.0
2026-05-05 00:00:00,2026-05-04 21:00:00,2026-05-05 05:00:00,0.91545,0.91681,0.91491,0.91562,145556.0
2026-05-06 00:00:00,2026-05-05 21:00:00,2026-05-06 05:00:00,0.91459,0.91761,0.91456,0.91494,184305.0
2026-05-07 00:00:00,2026-05-06 21:00:00,2026-05-07 05:00:00,0.91404,0.91576,0.91364,0.91517,182195.0
2026-05-08 00:00:00,2026-05-07 21:00:00,2026-05-08 05:00:00,0.91407,0.91611,0.91384,0.91499,159533.0
2026-05-11 00:00:00,2026-05-10 21:00:00,2026-05-11 05:00:00,0.91311,0.91672,0.91276,0.91665,112316.0
2026-05-12 00:00:00,2026-05-11 21:00:00,2026-05-12 05:00:00,0.91539,0.9175,0.91539,0.91633,135588.0
2026-05-13 00:00:00,2026-05-12 21:00:00,2026-05-13 05:00:00,0.91604,0.91663,0.91501,0.91574,116471.0
2026-05-14 00:00:00,2026-05-13 21:00:00,2026-05-14 05:00:00,0.91494,0.91599,0.91423,0.91455,115852.0
2026-05-15 00:00:00,2026-05-14 21:00:00,2026-05-15 05:00:00,0.91354,0.9152,0.91348,0.9145,163356.0
2026-05-18 00:00:00,2026-05-17 21:00:00,2026-05-18 05:00:00,0.91324,0.91536,0.91312,0.91423,162590.0
2026-05-19 00:00:00,2026-05-18 21:00:00,2026-05-19 05:00:00,0.91367,0.9169,0.91347,0.91559,157818.0
2026-05-20 00:00:00,2026-05-19 21:00:00,2026-05-20 05:00:00,0.91488,0.91698,0.91454,0.91509,166558.0
2026-05-21 00:00:00,2026-05-20 21:00:00,2026-05-21 05:00:00,0.91411,0.91532,0.91357,0.91382,179229.0
2026-05-22 00:00:00,2026-05-21 21:00:00,2026-05-22 05:00:00,0.91339,0.91407,0.91045,0.91073,132027.0
2026-05-25 00:00:00,2026-05-24 21:00:00,2026-05-25 05:00:00,0.91195,0.91248,0.90965,0.9112,88921.0
2026-05-26 00:00:00,2026-05-25 21:00:00,2026-05-26 05:00:00,0.90996,0.91404,0.90995,0.91385,128518.0
2026-05-27 00:00:00,2026-05-26 21:00:00,2026-05-27 05:00:00,0.91332,0.91559,0.9131,0.91504,135691.0
2026-05-28 00:00:00,2026-05-27 21:00:00,2026-05-28 05:00:00,0.91432,0.91693,0.91292,0.91328,146272.0
2026-05-29 00:00:00,2026-05-28 21:00:00,2026-05-29 05:00:00,0.91278,0.91342,0.90973,0.91076,144018.0
2026-06-01 00:00:00,2026-05-31 21:00:00,2026-06-01 05:00:00,0.90971,0.91546,0.90943,0.91499,147408.0
2026-06-02 00:00:00,2026-06-01 21:00:00,2026-06-02 05:00:00,0.91367,0.91601,0.91367,0.91563,120751.0
2026-06-03 00:00:00,2026-06-02 21:00:00,2026-06-03 05:00:00,0.91487,0.91921,0.91487,0.91868,133443.0
2026-06-04 00:00:00,2026-06-03 21:00:00,2026-06-04 05:00:00,0.91815,0.91903,0.91618,0.9167,141456.0
2026-06-05 00:00:00,2026-06-04 21:00:00,2026-06-05 05:00:00,0.91593,0.91908,0.91556,0.91755,146614.0
2026-06-08 00:00:00,2026-06-07 21:00:00,2026-06-08 05:00:00,0.91576,0.92048,0.91576,0.92009,181566.0
2026-06-09 00:00:00,2026-06-08 21:00:00,2026-06-09 05:00:00,0.91956,0.92181,0.91922,0.92149,160720.0
2026-06-10 00:00:00,2026-06-09 21:00:00,2026-06-10 05:00:00,0.9208,0.92345,0.92035,0.92285,169897.0
2026-06-11 00:00:00,2026-06-10 21:00:00,2026-06-11 05:00:00,0.92134,0.92292,0.91973,0.92025,195509.0
2026-06-12 00:00:00,2026-06-11 21:00:00,2026-06-12 05:00:00,0.91953,0.92255,0.91919,0.92193,178686.0
2026-06-15 00:00:00,2026-06-14 21:00:00,2026-06-15 05:00:00,0.92101,0.92259,0.92002,0.92099,129679.0
2026-06-16 00:00:00,2026-06-15 21:00:00,2026-06-16 05:00:00,0.91998,0.92265,0.91998,0.92075,117180.0
2026-06-17 00:00:00,2026-06-16 21:00:00,2026-06-17 05:00:00,0.9204,0.92093,0.91805,0.91981,138394.0
2026-06-18 00:00:00,2026-06-17 21:00:00,2026-06-18 05:00:00,0.91937,0.92325,0.91883,0.9218,164596.0
2026-06-19 00:00:00,2026-06-18 21:00:00,2026-06-19 05:00:00,0.92085,0.92644,0.92083,0.92558,134321.0
2026-06-22 00:00:00,2026-06-21 21:00:00,2026-06-22 05:00:00,0.92503,0.92663,0.92375,0.92403,145104.0
2026-06-23 00:00:00,2026-06-22 21:00:00,2026-06-23 05:00:00,0.92347,0.92436,0.9205,0.92138,150309.0
2026-06-24 00:00:00,2026-06-23 21:00:00,2026-06-24 05:00:00,0.92122,0.92297,0.92077,0.92261,159028.0
2026-06-25 00:00:00,2026-06-24 21:00:00,2026-06-25 05:00:00,0.92138,0.9227,0.9208,0.92109,139033.0
2026-06-26 00:00:00,2026-06-25 21:00:00,2026-06-26 05:00:00,0.91987,0.92279,0.91972,0.92202,148961.0
2026-06-29 00:00:00,2026-06-28 21:00:00,2026-06-29 05:00:00,0.9216,0.92352,0.92139,0.92246,166916.0
2026-06-30 00:00:00,2026-06-29 21:00:00,2026-06-30 05:00:00,0.92181,0.92331,0.92157,0.92324,150689.0
2026-07-01 00:00:00,2026-06-30 21:00:00,2026-07-01 05:00:00,0.92248,0.92351,0.92015,0.92107,148983.0
2026-07-02 00:00:00,2026-07-01 21:00:00,2026-07-02 05:00:00,0.92008,0.9211,0.91773,0.91857,169998.0
2026-07-03 00:00:00,2026-07-02 21:00:00,2026-07-03 05:00:00,0.91756,0.91968,0.91756,0.91889,173076.0
2026-07-06 00:00:00,2026-07-05 21:00:00,2026-07-06 05:00:00,0.91805,0.92146,0.91776,0.92124,126432.0
2026-07-07 00:00:00,2026-07-06 21:00:00,2026-07-07 05:00:00,0.92046,0.92277,0.92023,0.92256,148154.0
2026-07-08 00:00:00,2026-07-07 21:00:00,2026-07-08 05:00:00,0.92058,0.92375,0.92058,0.92295,172521.0
2026-07-09 00:00:00,2026-07-08 21:00:00,2026-07-09 05:00:00,0.92182,0.92326,0.92166,0.92234,138820.0
2026-07-10 00:00:00,2026-07-09 21:00:00,2026-07-10 05:00:00,0.92088,0.92324,0.92019,0.92306,146210.0
2026-07-13 00:00:00,2026-07-12 21:00:00,2026-07-13 05:00:00,0.92098,0.92748,0.92073,0.92714,177238.0
2026-07-14 00:00:00,2026-07-13 21:00:00,2026-07-14 05:00:00,0.92638,0.92788,0.92357,0.92414,171807.0
2026-07-15 00:00:00,2026-07-14 21:00:00,2026-07-15 05:00:00,0.92281,0.92596,0.92209,0.92312,155792.0
2026-07-16 00:00:00,2026-07-15 21:00:00,2026-07-16 05:00:00,0.92229,0.92565,0.92197,0.92523,141033.0
2026-07-17 00:00:00,2026-07-16 21:00:00,2026-07-17 05:00:00,0.92403,0.92548,0.92241,0.92345,132276.0
2026-07-20 00:00:00,2026-07-19 21:00:00,2026-07-20 05:00:00,0.9227,0.92488,0.92235,0.92482,136987.0
2026-07-21 00:00:00,2026-07-20 21:00:00,2026-07-21 05:00:00,0.92358,0.92699,0.92358,0.92646,104516.0
2026-07-22 00:00:00,2026-07-21 21:00:00,2026-07-22 05:00:00,0.92523,0.92969,0.92523,0.92934,107976.0
2026-07-23 00:00:00,2026-07-22 21:00:00,2026-07-23 05:00:00,0.92881,0.93155,0.92812,0.92934,118331.0
2026-07-24 00:00:00,2026-07-23 21:00:00,2026-07-24 05:00:00,0.92815,0.93055,0.92815,0.93044,122215.0
2026-07-27 00:00:00,2026-07-26 21:00:00,2026-07-27 05:00:00,0.92901,0.93153,0.92794,0.93136,120366.0
2026-07-28 00:00:00,2026-07-27 21:00:00,2026-07-28 05:00:00,0.93057,0.93308,0.92964,0.93289,101488.0
2026-07-29 00:00:00,2026-07-28 21:00:00,2026-07-29 05:00:00,0.93152,0.9345,0.93125,0.9329,142914.0
2026-07-30 00:00:00,2026-07-29 21:00:00,2026-07-30 05:00:00,0.93212,0.9349,0.92715,0.92802,149499.0
2026-07-31 00:00:00,2026-07-30 21:00:00,2026-07-31 05:00:00,0.92787,0.9327,0.92734,0.93152,175804.0
2026-08-03 00:00:00,2026-08-02 21:00:00,2026-08-03 05:00:00,0.93076,0.93346,0.93021,0.93264,150293.0
2026-08-04 00:00:00,2026-08-03 21:00:00,2026-08-04 05:00:00,0.93198,0.93359,0.93108,0.93294,137856.0
2026-08-05 00:00:00,2026-08-04 21:00:00,2026-08-05 05:00:00,0.93254,0.93456,0.93175,0.93249,141490.0
2026-08-06 00:00:00,2026-08-05 21:00:00,2026-08-06 05:00:00,0.93157,0.93722,0.93151,0.93607,118921.0
2026-08-07 00:00:00,2026-08-06 21:00:00,2026-08-07 05:00:00,0.93525,0.93653,0.93299,0.93383,117383.0
2026-08-10 00:00:00,2026-08-09 21:00:00,2026-08-10 05:00:00,0.93281,0.93542,0.9324,0.93523,109077.0
2026-08-11 00:00:00,2026-08-10 21:00:00,2026-08-11 05:00:00,0.93426,0.9368,0.93417,0.93602,106209.0
2026-08-12 00:00:00,2026-08-11 21:00:00,2026-08-12 05:00:00,0.93524,0.93798,0.93488,0.93765,134055.0
2026-08-13 00:00:00,2026-08-12 21:00:00,2026-08-13 05:00:00,0.93628,0.9392,0.93589,0.93861,140721.0
2026-08-14 00:00:00,2026-08-13 21:00:00,2026-08-14 05:00:00,0.93704,0.94111,0.93681,0.941,137020.0
2026-08-17 00:00:00,2026-08-16 21:00:00,2026-08-17 05:00:00,0.93895,0.94096,0.93734,0.93898,136949.0
2026-08-18 00:00:00,2026-08-17 21:00:00,2026-08-18 05:00:00,0.93801,0.94097,0.93762,0.94041,124937.0
2026-08-19 00:00:00,2026-08-18 21:00:00,2026-08-19 05:00:00,0.93979,0.94073,0.93075,0.93097,175681.0
2026-08-20 00:00:00,2026-08-19 21:00:00,2026-08-20 05:00:00,0.93062,0.93501,0.93049,0.9348,160912.0
2026-08-21 00:00:00,2026-08-20 21:00:00,2026-08-21 05:00:00,0.9336,0.93632,0.93359,0.93569,122661.0
2026-08-24 00:00:00,2026-08-23 21:00:00,2026-08-24 05:00:00,0.93569,0.9366,0.93447,0.936,138138.0
2026-08-25 00:00:00,2026-08-24 21:00:00,2026-08-25 05:00:00,0.93425,0.9363,0.93425,0.93624,14345.0
