timestamp_mt5,timestamp_utc,timestamp_tpe,open,high,low,close,volume
2025-11-04 01:00:00,2025-11-03 23:00:00,2025-11-04 07:00:00,1.31336,1.31392,1.31336,1.31347,4780.0
2025-11-04 02:00:00,2025-11-04 00:00:00,2025-11-04 08:00:00,1.31346,1.31348,1.3119,1.31244,7121.0
2025-11-04 03:00:00,2025-11-04 01:00:00,2025-11-04 09:00:00,1.31242,1.31276,1.31184,1.31248,6975.0
2025-11-04 04:00:00,2025-11-04 02:00:00,2025-11-04 10:00:00,1.31247,1.31263,1.31176,1.31234,6631.0
2025-11-04 05:00:00,2025-11-04 03:00:00,2025-11-04 11:00:00,1.31235,1.31334,1.31234,1.31278,5436.0
2025-11-04 06:00:00,2025-11-04 04:00:00,2025-11-04 12:00:00,1.31277,1.31333,1.31231,1.31238,5186.0
2025-11-04 07:00:00,2025-11-04 05:00:00,2025-11-04 13:00:00,1.31237,1.31253,1.31182,1.31217,6215.0
2025-11-04 08:00:00,2025-11-04 06:00:00,2025-11-04 14:00:00,1.31216,1.31269,1.31165,1.3124,7708.0
2025-11-04 09:00:00,2025-11-04 07:00:00,2025-11-04 15:00:00,1.31241,1.31394,1.31177,1.31213,9072.0
2025-11-04 10:00:00,2025-11-04 08:00:00,2025-11-04 16:00:00,1.3121,1.31213,1.30852,1.30919,11568.0
2025-11-04 11:00:00,2025-11-04 09:00:00,2025-11-04 17:00:00,1.30921,1.30954,1.30588,1.3063,10640.0
2025-11-04 12:00:00,2025-11-04 10:00:00,2025-11-04 18:00:00,1.30629,1.30791,1.30609,1.30728,8941.0
2025-11-04 13:00:00,2025-11-04 11:00:00,2025-11-04 19:00:00,1.30728,1.30752,1.30566,1.30581,6797.0
2025-11-04 14:00:00,2025-11-04 12:00:00,2025-11-04 20:00:00,1.30583,1.30683,1.30531,1.30669,8564.0
2025-11-04 15:00:00,2025-11-04 13:00:00,2025-11-04 21:00:00,1.30667,1.30682,1.30567,1.30577,8354.0
2025-11-04 16:00:00,2025-11-04 14:00:00,2025-11-04 22:00:00,1.30577,1.3065,1.30333,1.30479,10480.0
2025-11-04 17:00:00,2025-11-04 15:00:00,2025-11-04 23:00:00,1.3048,1.30581,1.30406,1.30464,11205.0
2025-11-04 18:00:00,2025-11-04 16:00:00,2025-11-05 00:00:00,1.30465,1.30521,1.30401,1.30431,9891.0
2025-11-04 19:00:00,2025-11-04 17:00:00,2025-11-05 01:00:00,1.30432,1.3045,1.30253,1.30284,6791.0
2025-11-04 20:00:00,2025-11-04 18:00:00,2025-11-05 02:00:00,1.30282,1.30289,1.30173,1.30228,6277.0
2025-11-04 21:00:00,2025-11-04 19:00:00,2025-11-05 03:00:00,1.30232,1.30267,1.30131,1.30147,5916.0
2025-11-04 22:00:00,2025-11-04 20:00:00,2025-11-05 04:00:00,1.30148,1.30252,1.30099,1.30185,5911.0
2025-11-04 23:00:00,2025-11-04 21:00:00,2025-11-05 05:00:00,1.30184,1.30237,1.30151,1.30197,3934.0
2025-11-05 00:00:00,2025-11-04 22:00:00,2025-11-05 06:00:00,1.30171,1.30271,1.30119,1.3025,3242.0
2025-11-05 01:00:00,2025-11-04 23:00:00,2025-11-05 07:00:00,1.30259,1.30268,1.30189,1.30209,2984.0
2025-11-05 02:00:00,2025-11-05 00:00:00,2025-11-05 08:00:00,1.30208,1.30231,1.30144,1.30188,5259.0
2025-11-05 03:00:00,2025-11-05 01:00:00,2025-11-05 09:00:00,1.30187,1.30244,1.30099,1.30158,8990.0
2025-11-05 04:00:00,2025-11-05 02:00:00,2025-11-05 10:00:00,1.30168,1.30225,1.30135,1.30152,7579.0
2025-11-05 05:00:00,2025-11-05 03:00:00,2025-11-05 11:00:00,1.30155,1.30204,1.30153,1.30204,6015.0
2025-11-05 06:00:00,2025-11-05 04:00:00,2025-11-05 12:00:00,1.30203,1.3027,1.30197,1.30253,4858.0
2025-11-05 07:00:00,2025-11-05 05:00:00,2025-11-05 13:00:00,1.30255,1.30301,1.30215,1.3022,5233.0
2025-11-05 08:00:00,2025-11-05 06:00:00,2025-11-05 14:00:00,1.3022,1.30308,1.30208,1.30282,5542.0
2025-11-05 09:00:00,2025-11-05 07:00:00,2025-11-05 15:00:00,1.30281,1.30311,1.30193,1.30274,7471.0
2025-11-05 10:00:00,2025-11-05 08:00:00,2025-11-05 16:00:00,1.30275,1.30493,1.30267,1.30448,8826.0
2025-11-05 11:00:00,2025-11-05 09:00:00,2025-11-05 17:00:00,1.3044,1.30534,1.30335,1.30396,7963.0
2025-11-05 12:00:00,2025-11-05 10:00:00,2025-11-05 18:00:00,1.30394,1.30406,1.30236,1.30251,7583.0
2025-11-05 13:00:00,2025-11-05 11:00:00,2025-11-05 19:00:00,1.30249,1.30363,1.30116,1.30354,6997.0
2025-11-05 14:00:00,2025-11-05 12:00:00,2025-11-05 20:00:00,1.30359,1.30463,1.30337,1.3042,7667.0
2025-11-05 15:00:00,2025-11-05 13:00:00,2025-11-05 21:00:00,1.30417,1.30469,1.30251,1.30258,9736.0
2025-11-05 16:00:00,2025-11-05 14:00:00,2025-11-05 22:00:00,1.30256,1.30359,1.30189,1.30324,10253.0
2025-11-05 17:00:00,2025-11-05 15:00:00,2025-11-05 23:00:00,1.30156,1.30473,1.30135,1.30412,13299.0
2025-11-05 18:00:00,2025-11-05 16:00:00,2025-11-06 00:00:00,1.3041,1.3049,1.30307,1.30483,10024.0
2025-11-05 19:00:00,2025-11-05 17:00:00,2025-11-06 01:00:00,1.30482,1.30495,1.30346,1.30391,6924.0
2025-11-05 20:00:00,2025-11-05 18:00:00,2025-11-06 02:00:00,1.3039,1.3046,1.30377,1.30451,5604.0
2025-11-05 21:00:00,2025-11-05 19:00:00,2025-11-06 03:00:00,1.30452,1.30477,1.30416,1.30451,4461.0
2025-11-05 22:00:00,2025-11-05 20:00:00,2025-11-06 04:00:00,1.30452,1.3052,1.30452,1.30503,4199.0
2025-11-05 23:00:00,2025-11-05 21:00:00,2025-11-06 05:00:00,1.30499,1.30543,1.30473,1.30512,3560.0
2025-11-06 00:00:00,2025-11-05 22:00:00,2025-11-06 06:00:00,1.30453,1.3052,1.30452,1.30463,1990.0
2025-11-06 01:00:00,2025-11-05 23:00:00,2025-11-06 07:00:00,1.30466,1.30529,1.30448,1.30523,2858.0
2025-11-06 02:00:00,2025-11-06 00:00:00,2025-11-06 08:00:00,1.30522,1.306,1.30506,1.30594,5229.0
2025-11-06 03:00:00,2025-11-06 01:00:00,2025-11-06 09:00:00,1.30596,1.3065,1.30584,1.30627,7203.0
2025-11-06 04:00:00,2025-11-06 02:00:00,2025-11-06 10:00:00,1.30628,1.30642,1.30569,1.30595,6193.0
2025-11-06 05:00:00,2025-11-06 03:00:00,2025-11-06 11:00:00,1.30596,1.30648,1.30567,1.30635,5724.0
2025-11-06 06:00:00,2025-11-06 04:00:00,2025-11-06 12:00:00,1.30638,1.30659,1.30585,1.30625,4255.0
2025-11-06 07:00:00,2025-11-06 05:00:00,2025-11-06 13:00:00,1.30624,1.30648,1.30572,1.30607,5107.0
2025-11-06 08:00:00,2025-11-06 06:00:00,2025-11-06 14:00:00,1.30608,1.30678,1.30531,1.30544,6091.0
2025-11-06 09:00:00,2025-11-06 07:00:00,2025-11-06 15:00:00,1.30547,1.3072,1.30536,1.30626,8621.0
2025-11-06 10:00:00,2025-11-06 08:00:00,2025-11-06 16:00:00,1.30627,1.3087,1.30585,1.30842,9035.0
2025-11-06 11:00:00,2025-11-06 09:00:00,2025-11-06 17:00:00,1.30843,1.30895,1.30774,1.30806,8898.0
2025-11-06 12:00:00,2025-11-06 10:00:00,2025-11-06 18:00:00,1.30807,1.3087,1.30768,1.30788,7569.0
2025-11-06 13:00:00,2025-11-06 11:00:00,2025-11-06 19:00:00,1.30788,1.30947,1.30768,1.30915,7618.0
2025-11-06 14:00:00,2025-11-06 12:00:00,2025-11-06 20:00:00,1.30915,1.31042,1.30595,1.30998,12318.0
2025-11-06 15:00:00,2025-11-06 13:00:00,2025-11-06 21:00:00,1.30998,1.31251,1.30933,1.3108,11456.0
2025-11-06 16:00:00,2025-11-06 14:00:00,2025-11-06 22:00:00,1.31075,1.31104,1.3083,1.30832,11552.0
2025-11-06 17:00:00,2025-11-06 15:00:00,2025-11-06 23:00:00,1.30828,1.31049,1.30802,1.31023,12593.0
2025-11-06 18:00:00,2025-11-06 16:00:00,2025-11-07 00:00:00,1.31022,1.31107,1.30967,1.31052,11182.0
2025-11-06 19:00:00,2025-11-06 17:00:00,2025-11-07 01:00:00,1.31053,1.31246,1.31027,1.31219,10322.0
2025-11-06 20:00:00,2025-11-06 18:00:00,2025-11-07 02:00:00,1.3122,1.31429,1.312,1.31393,7767.0
2025-11-06 21:00:00,2025-11-06 19:00:00,2025-11-07 03:00:00,1.31395,1.31425,1.31296,1.31316,7582.0
2025-11-06 22:00:00,2025-11-06 20:00:00,2025-11-07 04:00:00,1.31318,1.31402,1.31317,1.31356,6721.0
2025-11-06 23:00:00,2025-11-06 21:00:00,2025-11-07 05:00:00,1.31355,1.31395,1.31333,1.31381,3846.0
2025-11-07 00:00:00,2025-11-06 22:00:00,2025-11-07 06:00:00,1.31242,1.31313,1.31201,1.31281,3991.0
2025-11-07 01:00:00,2025-11-06 23:00:00,2025-11-07 07:00:00,1.31294,1.31419,1.31293,1.31401,2855.0
2025-11-07 02:00:00,2025-11-07 00:00:00,2025-11-07 08:00:00,1.31402,1.31419,1.31292,1.31298,6731.0
2025-11-07 03:00:00,2025-11-07 01:00:00,2025-11-07 09:00:00,1.31297,1.31297,1.31232,1.31254,7741.0
2025-11-07 04:00:00,2025-11-07 02:00:00,2025-11-07 10:00:00,1.31255,1.31307,1.31195,1.31219,6458.0
2025-11-07 05:00:00,2025-11-07 03:00:00,2025-11-07 11:00:00,1.31219,1.31237,1.31154,1.31189,5753.0
2025-11-07 06:00:00,2025-11-07 04:00:00,2025-11-07 12:00:00,1.31188,1.31189,1.31152,1.31171,5006.0
2025-11-07 07:00:00,2025-11-07 05:00:00,2025-11-07 13:00:00,1.31171,1.31223,1.31162,1.31191,4644.0
2025-11-07 08:00:00,2025-11-07 06:00:00,2025-11-07 14:00:00,1.31195,1.31206,1.31133,1.3114,6006.0
2025-11-07 09:00:00,2025-11-07 07:00:00,2025-11-07 15:00:00,1.31136,1.31254,1.31133,1.31249,6995.0
2025-11-07 10:00:00,2025-11-07 08:00:00,2025-11-07 16:00:00,1.3125,1.31279,1.31013,1.31028,9639.0
2025-11-07 11:00:00,2025-11-07 09:00:00,2025-11-07 17:00:00,1.31027,1.31063,1.30944,1.30979,7642.0
2025-11-07 12:00:00,2025-11-07 10:00:00,2025-11-07 18:00:00,1.3098,1.31102,1.30958,1.31093,8333.0
2025-11-07 13:00:00,2025-11-07 11:00:00,2025-11-07 19:00:00,1.31093,1.31236,1.31057,1.31206,8452.0
2025-11-07 14:00:00,2025-11-07 12:00:00,2025-11-07 20:00:00,1.31205,1.31288,1.31095,1.31152,8330.0
2025-11-07 15:00:00,2025-11-07 13:00:00,2025-11-07 21:00:00,1.31154,1.31381,1.31152,1.31309,11450.0
2025-11-07 16:00:00,2025-11-07 14:00:00,2025-11-07 22:00:00,1.31309,1.315,1.31272,1.31492,11290.0
2025-11-07 17:00:00,2025-11-07 15:00:00,2025-11-07 23:00:00,1.31493,1.31744,1.31454,1.31516,13327.0
2025-11-07 18:00:00,2025-11-07 16:00:00,2025-11-08 00:00:00,1.31516,1.31709,1.31511,1.31621,10518.0
2025-11-07 19:00:00,2025-11-07 17:00:00,2025-11-08 01:00:00,1.31619,1.31726,1.31565,1.31706,7852.0
2025-11-07 20:00:00,2025-11-07 18:00:00,2025-11-08 02:00:00,1.31707,1.3175,1.31658,1.31683,7504.0
2025-11-07 21:00:00,2025-11-07 19:00:00,2025-11-08 03:00:00,1.31681,1.31728,1.31565,1.31575,8030.0
2025-11-07 22:00:00,2025-11-07 20:00:00,2025-11-08 04:00:00,1.31574,1.31653,1.31566,1.31631,7272.0
2025-11-07 23:00:00,2025-11-07 21:00:00,2025-11-08 05:00:00,1.31629,1.31648,1.31527,1.31599,3946.0
2025-11-10 00:00:00,2025-11-09 22:00:00,2025-11-10 06:00:00,1.31449,1.31602,1.31347,1.31484,2804.0
2025-11-10 01:00:00,2025-11-09 23:00:00,2025-11-10 07:00:00,1.31484,1.31564,1.31392,1.31411,7129.0
2025-11-10 02:00:00,2025-11-10 00:00:00,2025-11-10 08:00:00,1.31411,1.31524,1.31365,1.31446,8483.0
2025-11-10 03:00:00,2025-11-10 01:00:00,2025-11-10 09:00:00,1.31447,1.31551,1.31402,1.31512,9330.0
2025-11-10 04:00:00,2025-11-10 02:00:00,2025-11-10 10:00:00,1.31511,1.31522,1.31459,1.31481,6402.0
2025-11-10 05:00:00,2025-11-10 03:00:00,2025-11-10 11:00:00,1.31479,1.31493,1.31424,1.31472,6662.0
2025-11-10 06:00:00,2025-11-10 04:00:00,2025-11-10 12:00:00,1.31471,1.31546,1.31455,1.31525,6024.0
2025-11-10 07:00:00,2025-11-10 05:00:00,2025-11-10 13:00:00,1.31525,1.31602,1.31503,1.31551,6418.0
2025-11-10 08:00:00,2025-11-10 06:00:00,2025-11-10 14:00:00,1.31549,1.31591,1.31387,1.31413,6698.0
2025-11-10 09:00:00,2025-11-10 07:00:00,2025-11-10 15:00:00,1.31417,1.31669,1.31415,1.31572,9861.0
2025-11-10 10:00:00,2025-11-10 08:00:00,2025-11-10 16:00:00,1.31573,1.31844,1.31555,1.31737,10176.0
2025-11-10 11:00:00,2025-11-10 09:00:00,2025-11-10 17:00:00,1.31737,1.31796,1.31662,1.31734,10053.0
2025-11-10 12:00:00,2025-11-10 10:00:00,2025-11-10 18:00:00,1.31735,1.31755,1.31569,1.31599,8837.0
2025-11-10 13:00:00,2025-11-10 11:00:00,2025-11-10 19:00:00,1.31599,1.31775,1.31516,1.31761,8227.0
2025-11-10 14:00:00,2025-11-10 12:00:00,2025-11-10 20:00:00,1.3176,1.31879,1.31754,1.31814,6871.0
2025-11-10 15:00:00,2025-11-10 13:00:00,2025-11-10 21:00:00,1.31813,1.31911,1.31706,1.31745,8315.0
2025-11-10 16:00:00,2025-11-10 14:00:00,2025-11-10 22:00:00,1.31745,1.31755,1.31522,1.31661,10097.0
2025-11-10 17:00:00,2025-11-10 15:00:00,2025-11-10 23:00:00,1.3166,1.31705,1.31458,1.3148,11015.0
2025-11-10 18:00:00,2025-11-10 16:00:00,2025-11-11 00:00:00,1.31479,1.31634,1.31463,1.31561,9555.0
2025-11-10 19:00:00,2025-11-10 17:00:00,2025-11-11 01:00:00,1.31561,1.31799,1.31548,1.31787,8908.0
2025-11-10 20:00:00,2025-11-10 18:00:00,2025-11-11 02:00:00,1.31786,1.3185,1.31772,1.318,6511.0
2025-11-10 21:00:00,2025-11-10 19:00:00,2025-11-11 03:00:00,1.318,1.31843,1.31786,1.31798,7295.0
2025-11-10 22:00:00,2025-11-10 20:00:00,2025-11-11 04:00:00,1.31797,1.31846,1.3179,1.31814,6358.0
2025-11-10 23:00:00,2025-11-10 21:00:00,2025-11-11 05:00:00,1.31807,1.31818,1.31731,1.31747,3574.0
2025-11-11 00:00:00,2025-11-10 22:00:00,2025-11-11 06:00:00,1.31651,1.31755,1.31651,1.3169,4890.0
2025-11-11 01:00:00,2025-11-10 23:00:00,2025-11-11 07:00:00,1.31696,1.3178,1.31691,1.31725,2838.0
2025-11-11 02:00:00,2025-11-11 00:00:00,2025-11-11 08:00:00,1.31726,1.31753,1.31645,1.31648,6183.0
2025-11-11 03:00:00,2025-11-11 01:00:00,2025-11-11 09:00:00,1.31647,1.31662,1.31572,1.3165,7485.0
2025-11-11 04:00:00,2025-11-11 02:00:00,2025-11-11 10:00:00,1.31649,1.31682,1.31607,1.31632,6700.0
2025-11-11 05:00:00,2025-11-11 03:00:00,2025-11-11 11:00:00,1.31631,1.31705,1.31627,1.3168,7318.0
2025-11-11 06:00:00,2025-11-11 04:00:00,2025-11-11 12:00:00,1.31679,1.31715,1.31628,1.3166,5648.0
2025-11-11 07:00:00,2025-11-11 05:00:00,2025-11-11 13:00:00,1.31661,1.31723,1.3162,1.31664,6953.0
2025-11-11 08:00:00,2025-11-11 06:00:00,2025-11-11 14:00:00,1.31663,1.31714,1.31516,1.31541,6447.0
2025-11-11 09:00:00,2025-11-11 07:00:00,2025-11-11 15:00:00,1.31563,1.31576,1.31206,1.31257,11722.0
2025-11-11 10:00:00,2025-11-11 08:00:00,2025-11-11 16:00:00,1.31258,1.31354,1.312,1.31231,10239.0
2025-11-11 11:00:00,2025-11-11 09:00:00,2025-11-11 17:00:00,1.31229,1.31344,1.31163,1.31292,9507.0
2025-11-11 12:00:00,2025-11-11 10:00:00,2025-11-11 18:00:00,1.31286,1.31408,1.31213,1.31383,8949.0
2025-11-11 13:00:00,2025-11-11 11:00:00,2025-11-11 19:00:00,1.31386,1.31519,1.31333,1.31481,8384.0
2025-11-11 14:00:00,2025-11-11 12:00:00,2025-11-11 20:00:00,1.31481,1.31546,1.31391,1.31418,7406.0
2025-11-11 15:00:00,2025-11-11 13:00:00,2025-11-11 21:00:00,1.31417,1.31781,1.31417,1.3171,11832.0
2025-11-11 16:00:00,2025-11-11 14:00:00,2025-11-11 22:00:00,1.31712,1.31847,1.31608,1.31808,10814.0
2025-11-11 17:00:00,2025-11-11 15:00:00,2025-11-11 23:00:00,1.31807,1.31809,1.31581,1.3173,12025.0
2025-11-11 18:00:00,2025-11-11 16:00:00,2025-11-12 00:00:00,1.31731,1.31795,1.31672,1.31723,9170.0
2025-11-11 19:00:00,2025-11-11 17:00:00,2025-11-12 01:00:00,1.31724,1.3179,1.31684,1.31745,7677.0
2025-11-11 20:00:00,2025-11-11 18:00:00,2025-11-12 02:00:00,1.31743,1.31783,1.31717,1.31748,6396.0
2025-11-11 21:00:00,2025-11-11 19:00:00,2025-11-12 03:00:00,1.31749,1.31752,1.31654,1.31665,6510.0
2025-11-11 22:00:00,2025-11-11 20:00:00,2025-11-12 04:00:00,1.31666,1.31713,1.31609,1.31614,5405.0
2025-11-11 23:00:00,2025-11-11 21:00:00,2025-11-12 05:00:00,1.31613,1.31627,1.31478,1.31494,4065.0
2025-11-12 00:00:00,2025-11-11 22:00:00,2025-11-12 06:00:00,1.31485,1.31516,1.31448,1.31489,1519.0
2025-11-12 01:00:00,2025-11-11 23:00:00,2025-11-12 07:00:00,1.31525,1.31545,1.31475,1.31522,2628.0
2025-11-12 02:00:00,2025-11-12 00:00:00,2025-11-12 08:00:00,1.31518,1.31529,1.31411,1.31411,5680.0
2025-11-12 03:00:00,2025-11-12 01:00:00,2025-11-12 09:00:00,1.31412,1.31447,1.3137,1.31384,6604.0
2025-11-12 04:00:00,2025-11-12 02:00:00,2025-11-12 10:00:00,1.31385,1.31442,1.31372,1.3138,5902.0
2025-11-12 05:00:00,2025-11-12 03:00:00,2025-11-12 11:00:00,1.3138,1.31425,1.31349,1.31397,4619.0
2025-11-12 06:00:00,2025-11-12 04:00:00,2025-11-12 12:00:00,1.31395,1.31406,1.31282,1.313,5751.0
2025-11-12 07:00:00,2025-11-12 05:00:00,2025-11-12 13:00:00,1.313,1.31393,1.31284,1.31333,6401.0
2025-11-12 08:00:00,2025-11-12 06:00:00,2025-11-12 14:00:00,1.31332,1.3142,1.31304,1.31407,5874.0
2025-11-12 09:00:00,2025-11-12 07:00:00,2025-11-12 15:00:00,1.31409,1.31495,1.31387,1.31453,9105.0
2025-11-12 10:00:00,2025-11-12 08:00:00,2025-11-12 16:00:00,1.31453,1.31554,1.31167,1.3117,10359.0
2025-11-12 11:00:00,2025-11-12 09:00:00,2025-11-12 17:00:00,1.31169,1.31314,1.31147,1.31162,11134.0
2025-11-12 12:00:00,2025-11-12 10:00:00,2025-11-12 18:00:00,1.31161,1.31282,1.31104,1.31251,9844.0
2025-11-12 13:00:00,2025-11-12 11:00:00,2025-11-12 19:00:00,1.31252,1.3139,1.31151,1.31372,8888.0
2025-11-12 14:00:00,2025-11-12 12:00:00,2025-11-12 20:00:00,1.31371,1.31402,1.31076,1.31181,10007.0
2025-11-12 15:00:00,2025-11-12 13:00:00,2025-11-12 21:00:00,1.31179,1.3123,1.30959,1.31051,10402.0
2025-11-12 16:00:00,2025-11-12 14:00:00,2025-11-12 22:00:00,1.3105,1.31077,1.30841,1.30985,11882.0
2025-11-12 17:00:00,2025-11-12 15:00:00,2025-11-12 23:00:00,1.30986,1.31323,1.30978,1.31301,11933.0
2025-11-12 18:00:00,2025-11-12 16:00:00,2025-11-13 00:00:00,1.31304,1.31364,1.31276,1.31299,10670.0
2025-11-12 19:00:00,2025-11-12 17:00:00,2025-11-13 01:00:00,1.31299,1.31398,1.31294,1.31395,8735.0
2025-11-12 20:00:00,2025-11-12 18:00:00,2025-11-13 02:00:00,1.31394,1.31443,1.31373,1.314,8138.0
2025-11-12 21:00:00,2025-11-12 19:00:00,2025-11-13 03:00:00,1.31398,1.31411,1.31275,1.313,7726.0
2025-11-12 22:00:00,2025-11-12 20:00:00,2025-11-13 04:00:00,1.31299,1.31334,1.31273,1.31307,7632.0
2025-11-12 23:00:00,2025-11-12 21:00:00,2025-11-13 05:00:00,1.31304,1.31336,1.3124,1.31328,4199.0
2025-11-13 00:00:00,2025-11-12 22:00:00,2025-11-13 06:00:00,1.31243,1.31307,1.31238,1.31273,3682.0
2025-11-13 01:00:00,2025-11-12 23:00:00,2025-11-13 07:00:00,1.31274,1.31313,1.31262,1.31277,4264.0
2025-11-13 02:00:00,2025-11-13 00:00:00,2025-11-13 08:00:00,1.3128,1.31283,1.31152,1.31178,8363.0
2025-11-13 03:00:00,2025-11-13 01:00:00,2025-11-13 09:00:00,1.31174,1.31245,1.31108,1.31239,9500.0
2025-11-13 04:00:00,2025-11-13 02:00:00,2025-11-13 10:00:00,1.31238,1.31281,1.31171,1.3125,8349.0
2025-11-13 05:00:00,2025-11-13 03:00:00,2025-11-13 11:00:00,1.31252,1.31289,1.31213,1.31261,7032.0
2025-11-13 06:00:00,2025-11-13 04:00:00,2025-11-13 12:00:00,1.3126,1.31274,1.31202,1.31233,6628.0
2025-11-13 07:00:00,2025-11-13 05:00:00,2025-11-13 13:00:00,1.31235,1.31251,1.31151,1.31175,7773.0
2025-11-13 08:00:00,2025-11-13 06:00:00,2025-11-13 14:00:00,1.31169,1.31233,1.31144,1.31216,7606.0
2025-11-13 09:00:00,2025-11-13 07:00:00,2025-11-13 15:00:00,1.31215,1.31436,1.31006,1.3141,10994.0
2025-11-13 10:00:00,2025-11-13 08:00:00,2025-11-13 16:00:00,1.31402,1.31689,1.31302,1.31674,11133.0
2025-11-13 11:00:00,2025-11-13 09:00:00,2025-11-13 17:00:00,1.31674,1.31711,1.31428,1.31562,12243.0
2025-11-13 12:00:00,2025-11-13 10:00:00,2025-11-13 18:00:00,1.31561,1.31636,1.31511,1.31564,10520.0
2025-11-13 13:00:00,2025-11-13 11:00:00,2025-11-13 19:00:00,1.31563,1.31604,1.31432,1.31479,10143.0
2025-11-13 14:00:00,2025-11-13 12:00:00,2025-11-13 20:00:00,1.31481,1.31826,1.31466,1.3181,10034.0
2025-11-13 15:00:00,2025-11-13 13:00:00,2025-11-13 21:00:00,1.31813,1.31842,1.3158,1.31691,11275.0
2025-11-13 16:00:00,2025-11-13 14:00:00,2025-11-13 22:00:00,1.31693,1.31818,1.31653,1.31812,13051.0
2025-11-13 17:00:00,2025-11-13 15:00:00,2025-11-13 23:00:00,1.31812,1.31992,1.31733,1.3198,13102.0
2025-11-13 18:00:00,2025-11-13 16:00:00,2025-11-14 00:00:00,1.31982,1.32132,1.31908,1.32119,11599.0
2025-11-13 19:00:00,2025-11-13 17:00:00,2025-11-14 01:00:00,1.32118,1.3216,1.3204,1.32115,11475.0
2025-11-13 20:00:00,2025-11-13 18:00:00,2025-11-14 02:00:00,1.32114,1.3214,1.31919,1.31965,10652.0
2025-11-13 21:00:00,2025-11-13 19:00:00,2025-11-14 03:00:00,1.31964,1.31974,1.31895,1.31902,10007.0
2025-11-13 22:00:00,2025-11-13 20:00:00,2025-11-14 04:00:00,1.31901,1.31947,1.31842,1.31852,8662.0
2025-11-13 23:00:00,2025-11-13 21:00:00,2025-11-14 05:00:00,1.31851,1.31938,1.31843,1.31918,4114.0
2025-11-14 00:00:00,2025-11-13 22:00:00,2025-11-14 06:00:00,1.31846,1.31905,1.31586,1.31627,2869.0
2025-11-14 01:00:00,2025-11-13 23:00:00,2025-11-14 07:00:00,1.31631,1.3179,1.31361,1.31525,6428.0
2025-11-14 02:00:00,2025-11-14 00:00:00,2025-11-14 08:00:00,1.31531,1.31615,1.31351,1.3148,9387.0
2025-11-14 03:00:00,2025-11-14 01:00:00,2025-11-14 09:00:00,1.3148,1.31504,1.31413,1.3147,9017.0
2025-11-14 04:00:00,2025-11-14 02:00:00,2025-11-14 10:00:00,1.31469,1.31518,1.31419,1.31493,7729.0
2025-11-14 05:00:00,2025-11-14 03:00:00,2025-11-14 11:00:00,1.3149,1.31591,1.31438,1.31459,7091.0
2025-11-14 06:00:00,2025-11-14 04:00:00,2025-11-14 12:00:00,1.31457,1.31499,1.31387,1.31439,6342.0
2025-11-14 07:00:00,2025-11-14 05:00:00,2025-11-14 13:00:00,1.3144,1.31512,1.31408,1.31481,7966.0
2025-11-14 08:00:00,2025-11-14 06:00:00,2025-11-14 14:00:00,1.31482,1.31587,1.31405,1.31449,8564.0
2025-11-14 09:00:00,2025-11-14 07:00:00,2025-11-14 15:00:00,1.31447,1.31589,1.3126,1.31464,11683.0
2025-11-14 10:00:00,2025-11-14 08:00:00,2025-11-14 16:00:00,1.31465,1.32002,1.31076,1.31659,15604.0
2025-11-14 11:00:00,2025-11-14 09:00:00,2025-11-14 17:00:00,1.3166,1.31821,1.31486,1.31554,9893.0
2025-11-14 12:00:00,2025-11-14 10:00:00,2025-11-14 18:00:00,1.31545,1.31601,1.3141,1.31421,8669.0
2025-11-14 13:00:00,2025-11-14 11:00:00,2025-11-14 19:00:00,1.3142,1.31436,1.3122,1.31385,9554.0
2025-11-14 14:00:00,2025-11-14 12:00:00,2025-11-14 20:00:00,1.31386,1.31811,1.31305,1.31799,11661.0
2025-11-14 15:00:00,2025-11-14 13:00:00,2025-11-14 21:00:00,1.31796,1.31799,1.31577,1.31673,13015.0
2025-11-14 16:00:00,2025-11-14 14:00:00,2025-11-14 22:00:00,1.31674,1.31785,1.31478,1.31594,14490.0
2025-11-14 17:00:00,2025-11-14 15:00:00,2025-11-14 23:00:00,1.31591,1.31591,1.31251,1.31394,14259.0
2025-11-14 18:00:00,2025-11-14 16:00:00,2025-11-15 00:00:00,1.31397,1.31631,1.31388,1.31549,10975.0
2025-11-14 19:00:00,2025-11-14 17:00:00,2025-11-15 01:00:00,1.31548,1.31633,1.31512,1.31615,11032.0
2025-11-14 20:00:00,2025-11-14 18:00:00,2025-11-15 02:00:00,1.31614,1.31634,1.31496,1.31605,9133.0
2025-11-14 21:00:00,2025-11-14 19:00:00,2025-11-15 03:00:00,1.31604,1.31675,1.31559,1.31647,8683.0
2025-11-14 22:00:00,2025-11-14 20:00:00,2025-11-15 04:00:00,1.31645,1.31714,1.31615,1.31682,7821.0
2025-11-14 23:00:00,2025-11-14 21:00:00,2025-11-15 05:00:00,1.31683,1.31745,1.31649,1.31736,4430.0
2025-11-17 00:00:00,2025-11-16 22:00:00,2025-11-17 06:00:00,1.31485,1.31688,1.31476,1.3165,3469.0
2025-11-17 01:00:00,2025-11-16 23:00:00,2025-11-17 07:00:00,1.31653,1.31714,1.31559,1.31592,5743.0
2025-11-17 02:00:00,2025-11-17 00:00:00,2025-11-17 08:00:00,1.31592,1.31592,1.31498,1.31562,7831.0
2025-11-17 03:00:00,2025-11-17 01:00:00,2025-11-17 09:00:00,1.31561,1.31653,1.31539,1.3156,8311.0
2025-11-17 04:00:00,2025-11-17 02:00:00,2025-11-17 10:00:00,1.31559,1.3156,1.31514,1.3152,7890.0
2025-11-17 05:00:00,2025-11-17 03:00:00,2025-11-17 11:00:00,1.31519,1.31521,1.31412,1.31451,5286.0
2025-11-17 06:00:00,2025-11-17 04:00:00,2025-11-17 12:00:00,1.3145,1.31513,1.31442,1.31509,4626.0
2025-11-17 07:00:00,2025-11-17 05:00:00,2025-11-17 13:00:00,1.31511,1.31544,1.31422,1.31428,5098.0
2025-11-17 08:00:00,2025-11-17 06:00:00,2025-11-17 14:00:00,1.31429,1.31518,1.31356,1.31487,7068.0
2025-11-17 09:00:00,2025-11-17 07:00:00,2025-11-17 15:00:00,1.31488,1.31768,1.31485,1.31753,8244.0
2025-11-17 10:00:00,2025-11-17 08:00:00,2025-11-17 16:00:00,1.31756,1.31808,1.31592,1.31653,9885.0
2025-11-17 11:00:00,2025-11-17 09:00:00,2025-11-17 17:00:00,1.31652,1.31759,1.31581,1.31646,9016.0
2025-11-17 12:00:00,2025-11-17 10:00:00,2025-11-17 18:00:00,1.31645,1.31709,1.31512,1.31544,8791.0
2025-11-17 13:00:00,2025-11-17 11:00:00,2025-11-17 19:00:00,1.31542,1.31809,1.31488,1.31808,10130.0
2025-11-17 14:00:00,2025-11-17 12:00:00,2025-11-17 20:00:00,1.31807,1.31931,1.31766,1.31798,9109.0
2025-11-17 15:00:00,2025-11-17 13:00:00,2025-11-17 21:00:00,1.31801,1.31882,1.31718,1.31732,9699.0
2025-11-17 16:00:00,2025-11-17 14:00:00,2025-11-17 22:00:00,1.31731,1.3178,1.31619,1.31652,9739.0
2025-11-17 17:00:00,2025-11-17 15:00:00,2025-11-17 23:00:00,1.31654,1.31778,1.31609,1.3177,11201.0
2025-11-17 18:00:00,2025-11-17 16:00:00,2025-11-18 00:00:00,1.3177,1.3179,1.31649,1.31778,9498.0
2025-11-17 19:00:00,2025-11-17 17:00:00,2025-11-18 01:00:00,1.3178,1.31792,1.3167,1.31697,8459.0
2025-11-17 20:00:00,2025-11-17 18:00:00,2025-11-18 02:00:00,1.31698,1.31712,1.31586,1.31598,8649.0
2025-11-17 21:00:00,2025-11-17 19:00:00,2025-11-18 03:00:00,1.31596,1.31644,1.31456,1.31464,8232.0
2025-11-17 22:00:00,2025-11-17 20:00:00,2025-11-18 04:00:00,1.31464,1.31579,1.31448,1.31546,8445.0
2025-11-17 23:00:00,2025-11-17 21:00:00,2025-11-18 05:00:00,1.31547,1.31591,1.3153,1.31533,5236.0
2025-11-18 00:00:00,2025-11-17 22:00:00,2025-11-18 06:00:00,1.31509,1.31549,1.31447,1.31482,2662.0
2025-11-18 01:00:00,2025-11-17 23:00:00,2025-11-18 07:00:00,1.3148,1.31571,1.3148,1.3155,4026.0
2025-11-18 02:00:00,2025-11-18 00:00:00,2025-11-18 08:00:00,1.31546,1.31553,1.31455,1.31479,8722.0
2025-11-18 03:00:00,2025-11-18 01:00:00,2025-11-18 09:00:00,1.31481,1.31551,1.31455,1.31513,9573.0
2025-11-18 04:00:00,2025-11-18 02:00:00,2025-11-18 10:00:00,1.31512,1.31547,1.3149,1.31531,8515.0
2025-11-18 05:00:00,2025-11-18 03:00:00,2025-11-18 11:00:00,1.31532,1.31552,1.31478,1.31487,8700.0
2025-11-18 06:00:00,2025-11-18 04:00:00,2025-11-18 12:00:00,1.31489,1.31634,1.31447,1.3163,9537.0
2025-11-18 07:00:00,2025-11-18 05:00:00,2025-11-18 13:00:00,1.31627,1.31642,1.31603,1.31603,8630.0
2025-11-18 08:00:00,2025-11-18 06:00:00,2025-11-18 14:00:00,1.31604,1.31624,1.3148,1.31492,9326.0
2025-11-18 09:00:00,2025-11-18 07:00:00,2025-11-18 15:00:00,1.31494,1.31635,1.31481,1.31504,12200.0
2025-11-18 10:00:00,2025-11-18 08:00:00,2025-11-18 16:00:00,1.31503,1.31767,1.31483,1.31557,11876.0
2025-11-18 11:00:00,2025-11-18 09:00:00,2025-11-18 17:00:00,1.31556,1.31639,1.31494,1.31529,11082.0
2025-11-18 12:00:00,2025-11-18 10:00:00,2025-11-18 18:00:00,1.31528,1.31559,1.31428,1.31475,10160.0
2025-11-18 13:00:00,2025-11-18 11:00:00,2025-11-18 19:00:00,1.31476,1.31495,1.31371,1.31405,8785.0
2025-11-18 14:00:00,2025-11-18 12:00:00,2025-11-18 20:00:00,1.31405,1.3154,1.31372,1.31527,9040.0
2025-11-18 15:00:00,2025-11-18 13:00:00,2025-11-18 21:00:00,1.31529,1.31607,1.31336,1.31541,12503.0
2025-11-18 16:00:00,2025-11-18 14:00:00,2025-11-18 22:00:00,1.3154,1.31634,1.31497,1.31576,11791.0
2025-11-18 17:00:00,2025-11-18 15:00:00,2025-11-18 23:00:00,1.31575,1.31715,1.31433,1.31444,14092.0
2025-11-18 18:00:00,2025-11-18 16:00:00,2025-11-19 00:00:00,1.31443,1.31503,1.31353,1.31498,12702.0
2025-11-18 19:00:00,2025-11-18 17:00:00,2025-11-19 01:00:00,1.31502,1.31514,1.31376,1.31409,9373.0
2025-11-18 20:00:00,2025-11-18 18:00:00,2025-11-19 02:00:00,1.3141,1.31563,1.31396,1.31525,9538.0
2025-11-18 21:00:00,2025-11-18 19:00:00,2025-11-19 03:00:00,1.31526,1.31572,1.31489,1.31552,7806.0
2025-11-18 22:00:00,2025-11-18 20:00:00,2025-11-19 04:00:00,1.31553,1.31567,1.31446,1.31466,7184.0
2025-11-18 23:00:00,2025-11-18 21:00:00,2025-11-19 05:00:00,1.31462,1.31494,1.31435,1.3145,4504.0
2025-11-19 00:00:00,2025-11-18 22:00:00,2025-11-19 06:00:00,1.31411,1.3149,1.31411,1.31437,1511.0
2025-11-19 01:00:00,2025-11-18 23:00:00,2025-11-19 07:00:00,1.31447,1.31484,1.31424,1.3147,4324.0
2025-11-19 02:00:00,2025-11-19 00:00:00,2025-11-19 08:00:00,1.31471,1.31491,1.31398,1.31406,8229.0
2025-11-19 03:00:00,2025-11-19 01:00:00,2025-11-19 09:00:00,1.31405,1.31427,1.31312,1.31324,8369.0
2025-11-19 04:00:00,2025-11-19 02:00:00,2025-11-19 10:00:00,1.31325,1.31403,1.31287,1.31374,7216.0
2025-11-19 05:00:00,2025-11-19 03:00:00,2025-11-19 11:00:00,1.31374,1.31448,1.31361,1.31399,6170.0
2025-11-19 06:00:00,2025-11-19 04:00:00,2025-11-19 12:00:00,1.314,1.31404,1.31322,1.31399,7064.0
2025-11-19 07:00:00,2025-11-19 05:00:00,2025-11-19 13:00:00,1.314,1.3147,1.31389,1.31459,6863.0
2025-11-19 08:00:00,2025-11-19 06:00:00,2025-11-19 14:00:00,1.31459,1.31548,1.31445,1.31518,6094.0
2025-11-19 09:00:00,2025-11-19 07:00:00,2025-11-19 15:00:00,1.31501,1.3155,1.31314,1.31422,11552.0
2025-11-19 10:00:00,2025-11-19 08:00:00,2025-11-19 16:00:00,1.31423,1.31485,1.3123,1.31245,11122.0
2025-11-19 11:00:00,2025-11-19 09:00:00,2025-11-19 17:00:00,1.31244,1.31372,1.31174,1.31273,10182.0
2025-11-19 12:00:00,2025-11-19 10:00:00,2025-11-19 18:00:00,1.31272,1.31283,1.30932,1.31052,11592.0
2025-11-19 13:00:00,2025-11-19 11:00:00,2025-11-19 19:00:00,1.31062,1.31269,1.31034,1.31269,10549.0
2025-11-19 14:00:00,2025-11-19 12:00:00,2025-11-19 20:00:00,1.3127,1.31297,1.3115,1.3118,8554.0
2025-11-19 15:00:00,2025-11-19 13:00:00,2025-11-19 21:00:00,1.31182,1.31288,1.31129,1.31189,9625.0
2025-11-19 16:00:00,2025-11-19 14:00:00,2025-11-19 22:00:00,1.31188,1.31223,1.31052,1.31089,11882.0
2025-11-19 17:00:00,2025-11-19 15:00:00,2025-11-19 23:00:00,1.3109,1.31164,1.30714,1.30796,13347.0
2025-11-19 18:00:00,2025-11-19 16:00:00,2025-11-20 00:00:00,1.30798,1.30854,1.30674,1.30751,11865.0
2025-11-19 19:00:00,2025-11-19 17:00:00,2025-11-20 01:00:00,1.30749,1.30804,1.30568,1.30685,10719.0
2025-11-19 20:00:00,2025-11-19 18:00:00,2025-11-20 02:00:00,1.30684,1.30764,1.30627,1.30652,8864.0
2025-11-19 21:00:00,2025-11-19 19:00:00,2025-11-20 03:00:00,1.30654,1.30674,1.30433,1.30456,10715.0
2025-11-19 22:00:00,2025-11-19 20:00:00,2025-11-20 04:00:00,1.30454,1.30554,1.30442,1.30498,7730.0
2025-11-19 23:00:00,2025-11-19 21:00:00,2025-11-20 05:00:00,1.30498,1.30614,1.30441,1.30587,5978.0
2025-11-20 00:00:00,2025-11-19 22:00:00,2025-11-20 06:00:00,1.30533,1.30581,1.30528,1.30556,1682.0
2025-11-20 01:00:00,2025-11-19 23:00:00,2025-11-20 07:00:00,1.30557,1.30625,1.30527,1.30602,4746.0
2025-11-20 02:00:00,2025-11-20 00:00:00,2025-11-20 08:00:00,1.30602,1.30602,1.3049,1.30549,6774.0
2025-11-20 03:00:00,2025-11-20 01:00:00,2025-11-20 09:00:00,1.30547,1.30558,1.30449,1.30464,8465.0
2025-11-20 04:00:00,2025-11-20 02:00:00,2025-11-20 10:00:00,1.30465,1.30526,1.30378,1.30521,6944.0
2025-11-20 05:00:00,2025-11-20 03:00:00,2025-11-20 11:00:00,1.30521,1.30564,1.304,1.30465,7259.0
2025-11-20 06:00:00,2025-11-20 04:00:00,2025-11-20 12:00:00,1.30469,1.30623,1.30437,1.30587,5467.0
2025-11-20 07:00:00,2025-11-20 05:00:00,2025-11-20 13:00:00,1.30586,1.30593,1.30523,1.30531,5766.0
2025-11-20 08:00:00,2025-11-20 06:00:00,2025-11-20 14:00:00,1.30529,1.30644,1.30495,1.3063,6629.0
2025-11-20 09:00:00,2025-11-20 07:00:00,2025-11-20 15:00:00,1.30615,1.30704,1.3057,1.3069,9323.0
2025-11-20 10:00:00,2025-11-20 08:00:00,2025-11-20 16:00:00,1.30689,1.3077,1.30597,1.30645,10792.0
2025-11-20 11:00:00,2025-11-20 09:00:00,2025-11-20 17:00:00,1.30646,1.30801,1.30609,1.30793,9988.0
2025-11-20 12:00:00,2025-11-20 10:00:00,2025-11-20 18:00:00,1.30799,1.30845,1.30723,1.3073,8617.0
2025-11-20 13:00:00,2025-11-20 11:00:00,2025-11-20 19:00:00,1.30731,1.3077,1.3063,1.3065,9270.0
2025-11-20 14:00:00,2025-11-20 12:00:00,2025-11-20 20:00:00,1.3065,1.30656,1.30564,1.30572,7369.0
2025-11-20 15:00:00,2025-11-20 13:00:00,2025-11-20 21:00:00,1.30571,1.30997,1.30484,1.30958,15164.0
2025-11-20 16:00:00,2025-11-20 14:00:00,2025-11-20 22:00:00,1.30959,1.31236,1.30816,1.31112,15402.0
2025-11-20 17:00:00,2025-11-20 15:00:00,2025-11-20 23:00:00,1.31109,1.31131,1.30805,1.30947,12801.0
2025-11-20 18:00:00,2025-11-20 16:00:00,2025-11-21 00:00:00,1.3095,1.31029,1.30744,1.30766,13968.0
2025-11-20 19:00:00,2025-11-20 17:00:00,2025-11-21 01:00:00,1.30767,1.30822,1.30662,1.3068,13318.0
2025-11-20 20:00:00,2025-11-20 18:00:00,2025-11-21 02:00:00,1.30675,1.308,1.30668,1.30751,10185.0
2025-11-20 21:00:00,2025-11-20 19:00:00,2025-11-21 03:00:00,1.3075,1.30875,1.30711,1.30873,8577.0
2025-11-20 22:00:00,2025-11-20 20:00:00,2025-11-21 04:00:00,1.30869,1.30871,1.30693,1.30701,8143.0
2025-11-20 23:00:00,2025-11-20 21:00:00,2025-11-21 05:00:00,1.30702,1.30737,1.30675,1.30718,4879.0
2025-11-21 00:00:00,2025-11-20 22:00:00,2025-11-21 06:00:00,1.30639,1.30737,1.3063,1.30662,2039.0
2025-11-21 01:00:00,2025-11-20 23:00:00,2025-11-21 07:00:00,1.30671,1.30853,1.30666,1.30832,5672.0
2025-11-21 02:00:00,2025-11-21 00:00:00,2025-11-21 08:00:00,1.30828,1.30873,1.30753,1.30843,8057.0
2025-11-21 03:00:00,2025-11-21 01:00:00,2025-11-21 09:00:00,1.30842,1.30874,1.30786,1.30817,9955.0
2025-11-21 04:00:00,2025-11-21 02:00:00,2025-11-21 10:00:00,1.30825,1.30864,1.30748,1.30797,9174.0
2025-11-21 05:00:00,2025-11-21 03:00:00,2025-11-21 11:00:00,1.30801,1.30884,1.30763,1.3087,7711.0
2025-11-21 06:00:00,2025-11-21 04:00:00,2025-11-21 12:00:00,1.30867,1.30925,1.30852,1.30907,8223.0
2025-11-21 07:00:00,2025-11-21 05:00:00,2025-11-21 13:00:00,1.30905,1.30959,1.30878,1.30895,8344.0
2025-11-21 08:00:00,2025-11-21 06:00:00,2025-11-21 14:00:00,1.30895,1.30973,1.3088,1.3091,9911.0
2025-11-21 09:00:00,2025-11-21 07:00:00,2025-11-21 15:00:00,1.30909,1.30915,1.30661,1.30813,11424.0
2025-11-21 10:00:00,2025-11-21 08:00:00,2025-11-21 16:00:00,1.30816,1.31026,1.30728,1.30983,13846.0
2025-11-21 11:00:00,2025-11-21 09:00:00,2025-11-21 17:00:00,1.30982,1.30993,1.30588,1.30611,12274.0
2025-11-21 12:00:00,2025-11-21 10:00:00,2025-11-21 18:00:00,1.30609,1.30651,1.30501,1.30644,13221.0
2025-11-21 13:00:00,2025-11-21 11:00:00,2025-11-21 19:00:00,1.30645,1.30694,1.30421,1.30452,11691.0
2025-11-21 14:00:00,2025-11-21 12:00:00,2025-11-21 20:00:00,1.30451,1.30894,1.30384,1.30892,15210.0
2025-11-21 15:00:00,2025-11-21 13:00:00,2025-11-21 21:00:00,1.30891,1.30948,1.308,1.30839,12009.0
2025-11-21 16:00:00,2025-11-21 14:00:00,2025-11-21 22:00:00,1.30838,1.3092,1.30692,1.30892,14176.0
2025-11-21 17:00:00,2025-11-21 15:00:00,2025-11-21 23:00:00,1.30893,1.31,1.3076,1.30848,16154.0
2025-11-21 18:00:00,2025-11-21 16:00:00,2025-11-22 00:00:00,1.30847,1.30997,1.30727,1.30978,13347.0
2025-11-21 19:00:00,2025-11-21 17:00:00,2025-11-22 01:00:00,1.30985,1.31075,1.30882,1.31005,11124.0
2025-11-21 20:00:00,2025-11-21 18:00:00,2025-11-22 02:00:00,1.31004,1.31011,1.30913,1.30964,11230.0
2025-11-21 21:00:00,2025-11-21 19:00:00,2025-11-22 03:00:00,1.30965,1.31098,1.30961,1.31026,10948.0
2025-11-21 22:00:00,2025-11-21 20:00:00,2025-11-22 04:00:00,1.31027,1.31054,1.30991,1.31052,7567.0
2025-11-21 23:00:00,2025-11-21 21:00:00,2025-11-22 05:00:00,1.31051,1.31084,1.30995,1.31022,5264.0
2025-11-24 00:00:00,2025-11-23 22:00:00,2025-11-24 06:00:00,1.3096,1.30989,1.30941,1.30944,3122.0
2025-11-24 01:00:00,2025-11-23 23:00:00,2025-11-24 07:00:00,1.30952,1.31002,1.30929,1.30963,5259.0
2025-11-24 02:00:00,2025-11-24 00:00:00,2025-11-24 08:00:00,1.30962,1.30967,1.30855,1.30886,5719.0
2025-11-24 03:00:00,2025-11-24 01:00:00,2025-11-24 09:00:00,1.30887,1.30936,1.30873,1.30883,8795.0
2025-11-24 04:00:00,2025-11-24 02:00:00,2025-11-24 10:00:00,1.30885,1.30995,1.30883,1.30955,11730.0
2025-11-24 05:00:00,2025-11-24 03:00:00,2025-11-24 11:00:00,1.30956,1.31022,1.30939,1.30977,8583.0
2025-11-24 06:00:00,2025-11-24 04:00:00,2025-11-24 12:00:00,1.30977,1.31031,1.30963,1.31009,8963.0
2025-11-24 07:00:00,2025-11-24 05:00:00,2025-11-24 13:00:00,1.31008,1.31069,1.31004,1.3102,9239.0
2025-11-24 08:00:00,2025-11-24 06:00:00,2025-11-24 14:00:00,1.31019,1.31117,1.30987,1.30994,8146.0
2025-11-24 09:00:00,2025-11-24 07:00:00,2025-11-24 15:00:00,1.30996,1.30998,1.30884,1.30901,10627.0
2025-11-24 10:00:00,2025-11-24 08:00:00,2025-11-24 16:00:00,1.30903,1.31102,1.30892,1.3095,12648.0
2025-11-24 11:00:00,2025-11-24 09:00:00,2025-11-24 17:00:00,1.3095,1.30984,1.30879,1.30898,11405.0
2025-11-24 12:00:00,2025-11-24 10:00:00,2025-11-24 18:00:00,1.30899,1.3099,1.30887,1.30935,11755.0
2025-11-24 13:00:00,2025-11-24 11:00:00,2025-11-24 19:00:00,1.30936,1.30965,1.30888,1.30912,9964.0
2025-11-24 14:00:00,2025-11-24 12:00:00,2025-11-24 20:00:00,1.30911,1.31158,1.30877,1.3112,9908.0
2025-11-24 15:00:00,2025-11-24 13:00:00,2025-11-24 21:00:00,1.31121,1.31179,1.3104,1.31052,9827.0
2025-11-24 16:00:00,2025-11-24 14:00:00,2025-11-24 22:00:00,1.31051,1.3106,1.30845,1.30922,13161.0
2025-11-24 17:00:00,2025-11-24 15:00:00,2025-11-24 23:00:00,1.30923,1.31001,1.30803,1.3098,13224.0
2025-11-24 18:00:00,2025-11-24 16:00:00,2025-11-25 00:00:00,1.30979,1.31074,1.30942,1.30952,10495.0
2025-11-24 19:00:00,2025-11-24 17:00:00,2025-11-25 01:00:00,1.30951,1.3105,1.30853,1.31009,9797.0
2025-11-24 20:00:00,2025-11-24 18:00:00,2025-11-25 02:00:00,1.31009,1.31157,1.30996,1.31156,7481.0
2025-11-24 21:00:00,2025-11-24 19:00:00,2025-11-25 03:00:00,1.31155,1.31165,1.31054,1.31092,7552.0
2025-11-24 22:00:00,2025-11-24 20:00:00,2025-11-25 04:00:00,1.31093,1.31121,1.3107,1.31083,6938.0
2025-11-24 23:00:00,2025-11-24 21:00:00,2025-11-25 05:00:00,1.31084,1.31105,1.31036,1.31043,4035.0
2025-11-25 00:00:00,2025-11-24 22:00:00,2025-11-25 06:00:00,1.31031,1.31091,1.31017,1.3106,4441.0
2025-11-25 01:00:00,2025-11-24 23:00:00,2025-11-25 07:00:00,1.3107,1.3109,1.31036,1.31056,4166.0
2025-11-25 02:00:00,2025-11-25 00:00:00,2025-11-25 08:00:00,1.3106,1.31084,1.31023,1.31081,7816.0
2025-11-25 03:00:00,2025-11-25 01:00:00,2025-11-25 09:00:00,1.31079,1.31162,1.31069,1.31079,9716.0
2025-11-25 04:00:00,2025-11-25 02:00:00,2025-11-25 10:00:00,1.31081,1.31131,1.31053,1.31128,8503.0
2025-11-25 05:00:00,2025-11-25 03:00:00,2025-11-25 11:00:00,1.3113,1.31155,1.3099,1.31001,8427.0
2025-11-25 06:00:00,2025-11-25 04:00:00,2025-11-25 12:00:00,1.31004,1.31004,1.30962,1.30983,6743.0
2025-11-25 07:00:00,2025-11-25 05:00:00,2025-11-25 13:00:00,1.30982,1.31035,1.30952,1.31014,7190.0
2025-11-25 08:00:00,2025-11-25 06:00:00,2025-11-25 14:00:00,1.31013,1.3106,1.30979,1.31042,7793.0
2025-11-25 09:00:00,2025-11-25 07:00:00,2025-11-25 15:00:00,1.31041,1.31286,1.31041,1.31218,9010.0
2025-11-25 10:00:00,2025-11-25 08:00:00,2025-11-25 16:00:00,1.31216,1.31284,1.31091,1.31091,11457.0
2025-11-25 11:00:00,2025-11-25 09:00:00,2025-11-25 17:00:00,1.31092,1.31383,1.3108,1.31349,10486.0
2025-11-25 12:00:00,2025-11-25 10:00:00,2025-11-25 18:00:00,1.31343,1.31406,1.31232,1.31296,9281.0
2025-11-25 13:00:00,2025-11-25 11:00:00,2025-11-25 19:00:00,1.31294,1.31299,1.31094,1.31122,8829.0
2025-11-25 14:00:00,2025-11-25 12:00:00,2025-11-25 20:00:00,1.31124,1.31379,1.31091,1.31347,11041.0
2025-11-25 15:00:00,2025-11-25 13:00:00,2025-11-25 21:00:00,1.31349,1.31608,1.31319,1.31536,13986.0
2025-11-25 16:00:00,2025-11-25 14:00:00,2025-11-25 22:00:00,1.31535,1.31834,1.31523,1.31784,14716.0
2025-11-25 17:00:00,2025-11-25 15:00:00,2025-11-25 23:00:00,1.31776,1.31956,1.31733,1.31766,15052.0
2025-11-25 18:00:00,2025-11-25 16:00:00,2025-11-26 00:00:00,1.31765,1.31854,1.31708,1.31721,11392.0
2025-11-25 19:00:00,2025-11-25 17:00:00,2025-11-26 01:00:00,1.31722,1.32044,1.31716,1.32008,12565.0
2025-11-25 20:00:00,2025-11-25 18:00:00,2025-11-26 02:00:00,1.32012,1.32134,1.31987,1.32059,10246.0
2025-11-25 21:00:00,2025-11-25 19:00:00,2025-11-26 03:00:00,1.32062,1.32137,1.32003,1.32116,8712.0
2025-11-25 22:00:00,2025-11-25 20:00:00,2025-11-26 04:00:00,1.32115,1.32142,1.31537,1.31622,10473.0
2025-11-25 23:00:00,2025-11-25 21:00:00,2025-11-26 05:00:00,1.31621,1.31719,1.31614,1.31647,6709.0
2025-11-26 00:00:00,2025-11-25 22:00:00,2025-11-26 06:00:00,1.31635,1.31746,1.3159,1.3166,1694.0
2025-11-26 01:00:00,2025-11-25 23:00:00,2025-11-26 07:00:00,1.31668,1.31724,1.31575,1.31579,6131.0
2025-11-26 02:00:00,2025-11-26 00:00:00,2025-11-26 08:00:00,1.3158,1.31736,1.3158,1.31687,9585.0
2025-11-26 03:00:00,2025-11-26 01:00:00,2025-11-26 09:00:00,1.31685,1.31875,1.31651,1.31783,12828.0
2025-11-26 04:00:00,2025-11-26 02:00:00,2025-11-26 10:00:00,1.31784,1.31938,1.31767,1.31874,10834.0
2025-11-26 05:00:00,2025-11-26 03:00:00,2025-11-26 11:00:00,1.31873,1.31974,1.31868,1.3196,7919.0
2025-11-26 06:00:00,2025-11-26 04:00:00,2025-11-26 12:00:00,1.31961,1.31973,1.31872,1.31875,6398.0
2025-11-26 07:00:00,2025-11-26 05:00:00,2025-11-26 13:00:00,1.31875,1.31917,1.31868,1.31913,6605.0
2025-11-26 08:00:00,2025-11-26 06:00:00,2025-11-26 14:00:00,1.31912,1.31979,1.31831,1.31887,8640.0
2025-11-26 09:00:00,2025-11-26 07:00:00,2025-11-26 15:00:00,1.31893,1.31944,1.31654,1.3179,11865.0
2025-11-26 10:00:00,2025-11-26 08:00:00,2025-11-26 16:00:00,1.31789,1.31876,1.31681,1.31739,12275.0
2025-11-26 11:00:00,2025-11-26 09:00:00,2025-11-26 17:00:00,1.3174,1.3181,1.31683,1.31743,10983.0
2025-11-26 12:00:00,2025-11-26 10:00:00,2025-11-26 18:00:00,1.31744,1.31772,1.31573,1.31619,10276.0
2025-11-26 13:00:00,2025-11-26 11:00:00,2025-11-26 19:00:00,1.3162,1.32008,1.31504,1.31724,12850.0
2025-11-26 14:00:00,2025-11-26 12:00:00,2025-11-26 20:00:00,1.31711,1.31893,1.31242,1.31838,15714.0
2025-11-26 15:00:00,2025-11-26 13:00:00,2025-11-26 21:00:00,1.31837,1.32248,1.31763,1.31928,15641.0
2025-11-26 16:00:00,2025-11-26 14:00:00,2025-11-26 22:00:00,1.31929,1.32075,1.31846,1.31981,15155.0
2025-11-26 17:00:00,2025-11-26 15:00:00,2025-11-26 23:00:00,1.31982,1.32353,1.3195,1.32256,14230.0
2025-11-26 18:00:00,2025-11-26 16:00:00,2025-11-27 00:00:00,1.32256,1.32378,1.32191,1.32257,10618.0
2025-11-26 19:00:00,2025-11-26 17:00:00,2025-11-27 01:00:00,1.32259,1.32301,1.32192,1.32262,9264.0
2025-11-26 20:00:00,2025-11-26 18:00:00,2025-11-27 02:00:00,1.32258,1.32342,1.32235,1.3234,7734.0
2025-11-26 21:00:00,2025-11-26 19:00:00,2025-11-27 03:00:00,1.32343,1.32374,1.32298,1.32343,7043.0
2025-11-26 22:00:00,2025-11-26 20:00:00,2025-11-27 04:00:00,1.32339,1.3242,1.32327,1.32358,6333.0
2025-11-26 23:00:00,2025-11-26 21:00:00,2025-11-27 05:00:00,1.32357,1.32442,1.32343,1.32436,4590.0
2025-11-27 00:00:00,2025-11-26 22:00:00,2025-11-27 06:00:00,1.32285,1.32395,1.32276,1.32378,1302.0
2025-11-27 01:00:00,2025-11-26 23:00:00,2025-11-27 07:00:00,1.3239,1.32478,1.3238,1.32445,4091.0
2025-11-27 02:00:00,2025-11-27 00:00:00,2025-11-27 08:00:00,1.32444,1.32505,1.32434,1.32483,6704.0
2025-11-27 03:00:00,2025-11-27 01:00:00,2025-11-27 09:00:00,1.32482,1.32608,1.32482,1.3257,10061.0
2025-11-27 04:00:00,2025-11-27 02:00:00,2025-11-27 10:00:00,1.32575,1.32628,1.32491,1.32513,8790.0
2025-11-27 05:00:00,2025-11-27 03:00:00,2025-11-27 11:00:00,1.32514,1.32577,1.32477,1.32554,7733.0
2025-11-27 06:00:00,2025-11-27 04:00:00,2025-11-27 12:00:00,1.32555,1.32682,1.32541,1.32574,6321.0
2025-11-27 07:00:00,2025-11-27 05:00:00,2025-11-27 13:00:00,1.32573,1.32682,1.32564,1.32585,8913.0
2025-11-27 08:00:00,2025-11-27 06:00:00,2025-11-27 14:00:00,1.32588,1.32642,1.32396,1.32431,8518.0
2025-11-27 09:00:00,2025-11-27 07:00:00,2025-11-27 15:00:00,1.32432,1.32454,1.32292,1.32391,7475.0
2025-11-27 10:00:00,2025-11-27 08:00:00,2025-11-27 16:00:00,1.32387,1.3242,1.32182,1.32236,9291.0
2025-11-27 11:00:00,2025-11-27 09:00:00,2025-11-27 17:00:00,1.32226,1.32241,1.32096,1.32141,9781.0
2025-11-27 12:00:00,2025-11-27 10:00:00,2025-11-27 18:00:00,1.3214,1.32275,1.32116,1.32243,7761.0
2025-11-27 13:00:00,2025-11-27 11:00:00,2025-11-27 19:00:00,1.32242,1.3232,1.32201,1.32297,7649.0
2025-11-27 14:00:00,2025-11-27 12:00:00,2025-11-27 20:00:00,1.32298,1.3235,1.32254,1.32335,7285.0
2025-11-27 15:00:00,2025-11-27 13:00:00,2025-11-27 21:00:00,1.32334,1.32489,1.32324,1.3243,8760.0
2025-11-27 16:00:00,2025-11-27 14:00:00,2025-11-27 22:00:00,1.3243,1.32456,1.32285,1.32335,7332.0
2025-11-27 17:00:00,2025-11-27 15:00:00,2025-11-27 23:00:00,1.32334,1.32521,1.32323,1.3251,7978.0
2025-11-27 18:00:00,2025-11-27 16:00:00,2025-11-28 00:00:00,1.32509,1.32552,1.32396,1.32437,5936.0
2025-11-27 19:00:00,2025-11-27 17:00:00,2025-11-28 01:00:00,1.32438,1.32482,1.32303,1.32381,6023.0
2025-11-27 20:00:00,2025-11-27 18:00:00,2025-11-28 02:00:00,1.32383,1.3239,1.32335,1.32346,2991.0
2025-11-27 21:00:00,2025-11-27 19:00:00,2025-11-28 03:00:00,1.32346,1.32387,1.32344,1.32373,3383.0
2025-11-27 22:00:00,2025-11-27 20:00:00,2025-11-28 04:00:00,1.32373,1.32384,1.32359,1.32374,4540.0
2025-11-27 23:00:00,2025-11-27 21:00:00,2025-11-28 05:00:00,1.32373,1.32405,1.32365,1.32387,2473.0
2025-11-28 00:00:00,2025-11-27 22:00:00,2025-11-28 06:00:00,1.32313,1.32385,1.32272,1.32334,1877.0
2025-11-28 01:00:00,2025-11-27 23:00:00,2025-11-28 07:00:00,1.32338,1.32412,1.32337,1.32402,2697.0
2025-11-28 02:00:00,2025-11-28 00:00:00,2025-11-28 08:00:00,1.32401,1.32446,1.3233,1.32363,9619.0
2025-11-28 03:00:00,2025-11-28 01:00:00,2025-11-28 09:00:00,1.32362,1.32426,1.32289,1.32331,9004.0
2025-11-28 04:00:00,2025-11-28 02:00:00,2025-11-28 10:00:00,1.32327,1.32384,1.32286,1.32357,13844.0
2025-11-28 05:00:00,2025-11-28 03:00:00,2025-11-28 11:00:00,1.32358,1.32446,1.3229,1.32379,14404.0
2025-11-28 06:00:00,2025-11-28 04:00:00,2025-11-28 12:00:00,1.32381,1.32437,1.32337,1.32395,13305.0
2025-11-28 07:00:00,2025-11-28 05:00:00,2025-11-28 13:00:00,1.32393,1.3241,1.32269,1.32329,11376.0
2025-11-28 08:00:00,2025-11-28 06:00:00,2025-11-28 14:00:00,1.32337,1.32339,1.32155,1.32166,15545.0
2025-11-28 09:00:00,2025-11-28 07:00:00,2025-11-28 15:00:00,1.32163,1.32199,1.32102,1.32131,19327.0
2025-11-28 10:00:00,2025-11-28 08:00:00,2025-11-28 16:00:00,1.3213,1.32141,1.32021,1.32026,17018.0
2025-11-28 11:00:00,2025-11-28 09:00:00,2025-11-28 17:00:00,1.32025,1.32278,1.32011,1.32076,20874.0
2025-11-28 12:00:00,2025-11-28 10:00:00,2025-11-28 18:00:00,1.32073,1.32141,1.32022,1.32071,22012.0
2025-11-28 13:00:00,2025-11-28 11:00:00,2025-11-28 19:00:00,1.32072,1.32129,1.3201,1.32019,22321.0
2025-11-28 14:00:00,2025-11-28 12:00:00,2025-11-28 20:00:00,1.32018,1.3221,1.32007,1.32179,19576.0
2025-11-28 15:00:00,2025-11-28 13:00:00,2025-11-28 21:00:00,1.32182,1.32282,1.32114,1.32251,20843.0
2025-11-28 16:00:00,2025-11-28 14:00:00,2025-11-28 22:00:00,1.32253,1.32309,1.32162,1.32302,11964.0
2025-11-28 17:00:00,2025-11-28 15:00:00,2025-11-28 23:00:00,1.32303,1.32543,1.32064,1.3251,15154.0
2025-11-28 18:00:00,2025-11-28 16:00:00,2025-11-29 00:00:00,1.32506,1.32517,1.32345,1.32361,10564.0
2025-11-28 19:00:00,2025-11-28 17:00:00,2025-11-29 01:00:00,1.32361,1.32398,1.32269,1.32367,9373.0
2025-11-28 20:00:00,2025-11-28 18:00:00,2025-11-29 02:00:00,1.32372,1.32378,1.32298,1.32374,7691.0
2025-11-28 21:00:00,2025-11-28 19:00:00,2025-11-29 03:00:00,1.32378,1.32459,1.32367,1.32454,8816.0
2025-11-28 22:00:00,2025-11-28 20:00:00,2025-11-29 04:00:00,1.32453,1.32471,1.3242,1.32422,8268.0
2025-11-28 23:00:00,2025-11-28 21:00:00,2025-11-29 05:00:00,1.32423,1.32453,1.32376,1.32388,7483.0
2025-12-01 00:00:00,2025-11-30 22:00:00,2025-12-01 06:00:00,1.32155,1.323,1.32155,1.32286,3345.0
2025-12-01 01:00:00,2025-11-30 23:00:00,2025-12-01 07:00:00,1.32306,1.32484,1.32297,1.3239,5860.0
2025-12-01 02:00:00,2025-12-01 00:00:00,2025-12-01 08:00:00,1.32389,1.32439,1.32357,1.32365,9113.0
2025-12-01 03:00:00,2025-12-01 01:00:00,2025-12-01 09:00:00,1.32361,1.3247,1.3231,1.32375,12359.0
2025-12-01 04:00:00,2025-12-01 02:00:00,2025-12-01 10:00:00,1.32374,1.32402,1.32248,1.32273,10023.0
2025-12-01 05:00:00,2025-12-01 03:00:00,2025-12-01 11:00:00,1.32272,1.32311,1.32223,1.32304,8011.0
2025-12-01 06:00:00,2025-12-01 04:00:00,2025-12-01 12:00:00,1.32305,1.32338,1.32265,1.32266,8181.0
2025-12-01 07:00:00,2025-12-01 05:00:00,2025-12-01 13:00:00,1.32267,1.32315,1.32185,1.3221,8999.0
2025-12-01 08:00:00,2025-12-01 06:00:00,2025-12-01 14:00:00,1.32206,1.32223,1.32107,1.32155,8575.0
2025-12-01 09:00:00,2025-12-01 07:00:00,2025-12-01 15:00:00,1.32163,1.32367,1.32131,1.32203,11101.0
2025-12-01 10:00:00,2025-12-01 08:00:00,2025-12-01 16:00:00,1.32206,1.32296,1.32052,1.32109,12241.0
2025-12-01 11:00:00,2025-12-01 09:00:00,2025-12-01 17:00:00,1.3211,1.3235,1.3211,1.32332,10806.0
2025-12-01 12:00:00,2025-12-01 10:00:00,2025-12-01 18:00:00,1.32328,1.32333,1.32175,1.32285,9553.0
2025-12-01 13:00:00,2025-12-01 11:00:00,2025-12-01 19:00:00,1.32283,1.32368,1.32205,1.32339,9076.0
2025-12-01 14:00:00,2025-12-01 12:00:00,2025-12-01 20:00:00,1.3234,1.32695,1.32333,1.32671,11138.0
2025-12-01 15:00:00,2025-12-01 13:00:00,2025-12-01 21:00:00,1.32672,1.32755,1.32591,1.32663,13369.0
2025-12-01 16:00:00,2025-12-01 14:00:00,2025-12-01 22:00:00,1.32662,1.32664,1.32435,1.32477,13439.0
2025-12-01 17:00:00,2025-12-01 15:00:00,2025-12-01 23:00:00,1.32533,1.32593,1.32303,1.32522,14279.0
2025-12-01 18:00:00,2025-12-01 16:00:00,2025-12-02 00:00:00,1.32518,1.32523,1.32228,1.32268,12203.0
2025-12-01 19:00:00,2025-12-01 17:00:00,2025-12-02 01:00:00,1.32269,1.3232,1.32213,1.3225,10319.0
2025-12-01 20:00:00,2025-12-01 18:00:00,2025-12-02 02:00:00,1.32251,1.32277,1.32125,1.32155,10567.0
2025-12-01 21:00:00,2025-12-01 19:00:00,2025-12-02 03:00:00,1.32155,1.32156,1.3208,1.32127,7919.0
2025-12-01 22:00:00,2025-12-01 20:00:00,2025-12-02 04:00:00,1.32126,1.32148,1.32091,1.32133,8222.0
2025-12-01 23:00:00,2025-12-01 21:00:00,2025-12-02 05:00:00,1.32129,1.32148,1.32103,1.32125,4577.0
2025-12-02 00:00:00,2025-12-01 22:00:00,2025-12-02 06:00:00,1.32071,1.32156,1.32071,1.32099,1399.0
2025-12-02 01:00:00,2025-12-01 23:00:00,2025-12-02 07:00:00,1.32111,1.32129,1.32086,1.3209,2724.0
2025-12-02 02:00:00,2025-12-02 00:00:00,2025-12-02 08:00:00,1.32091,1.32122,1.32052,1.3207,4136.0
2025-12-02 03:00:00,2025-12-02 01:00:00,2025-12-02 09:00:00,1.32071,1.32143,1.32027,1.32123,5934.0
2025-12-02 04:00:00,2025-12-02 02:00:00,2025-12-02 10:00:00,1.32119,1.32172,1.32104,1.32157,4185.0
2025-12-02 05:00:00,2025-12-02 03:00:00,2025-12-02 11:00:00,1.32158,1.32182,1.32128,1.32174,5301.0
2025-12-02 06:00:00,2025-12-02 04:00:00,2025-12-02 12:00:00,1.32175,1.32216,1.32154,1.32157,4216.0
2025-12-02 07:00:00,2025-12-02 05:00:00,2025-12-02 13:00:00,1.32157,1.32174,1.32112,1.32145,3388.0
2025-12-02 08:00:00,2025-12-02 06:00:00,2025-12-02 14:00:00,1.32144,1.32162,1.32076,1.3213,5489.0
2025-12-02 09:00:00,2025-12-02 07:00:00,2025-12-02 15:00:00,1.32128,1.32199,1.32087,1.32153,8043.0
2025-12-02 10:00:00,2025-12-02 08:00:00,2025-12-02 16:00:00,1.32158,1.32202,1.32077,1.3212,9705.0
2025-12-02 11:00:00,2025-12-02 09:00:00,2025-12-02 17:00:00,1.32122,1.3221,1.32007,1.32104,8811.0
2025-12-02 12:00:00,2025-12-02 10:00:00,2025-12-02 18:00:00,1.32103,1.32118,1.31805,1.31958,11239.0
2025-12-02 13:00:00,2025-12-02 11:00:00,2025-12-02 19:00:00,1.31959,1.32016,1.31917,1.31987,7874.0
2025-12-02 14:00:00,2025-12-02 12:00:00,2025-12-02 20:00:00,1.31988,1.32098,1.31948,1.32089,8134.0
2025-12-02 15:00:00,2025-12-02 13:00:00,2025-12-02 21:00:00,1.3209,1.32093,1.31973,1.32068,8687.0
2025-12-02 16:00:00,2025-12-02 14:00:00,2025-12-02 22:00:00,1.32068,1.32134,1.31995,1.3211,11644.0
2025-12-02 17:00:00,2025-12-02 15:00:00,2025-12-02 23:00:00,1.32111,1.32136,1.3185,1.32012,12906.0
2025-12-02 18:00:00,2025-12-02 16:00:00,2025-12-03 00:00:00,1.32015,1.32042,1.31805,1.31838,11210.0
2025-12-02 19:00:00,2025-12-02 17:00:00,2025-12-03 01:00:00,1.31837,1.31955,1.31793,1.3194,7806.0
2025-12-02 20:00:00,2025-12-02 18:00:00,2025-12-03 02:00:00,1.31939,1.32022,1.31904,1.31979,6676.0
2025-12-02 21:00:00,2025-12-02 19:00:00,2025-12-03 03:00:00,1.31978,1.3213,1.31968,1.32096,7338.0
2025-12-02 22:00:00,2025-12-02 20:00:00,2025-12-03 04:00:00,1.32098,1.32149,1.32063,1.32118,5444.0
2025-12-02 23:00:00,2025-12-02 21:00:00,2025-12-03 05:00:00,1.32117,1.32158,1.32063,1.32127,3414.0
2025-12-03 00:00:00,2025-12-02 22:00:00,2025-12-03 06:00:00,1.32082,1.32128,1.31954,1.32037,2083.0
2025-12-03 01:00:00,2025-12-02 23:00:00,2025-12-03 07:00:00,1.32053,1.32211,1.32053,1.32195,2812.0
2025-12-03 02:00:00,2025-12-03 00:00:00,2025-12-03 08:00:00,1.32196,1.32228,1.3217,1.32214,4928.0
2025-12-03 03:00:00,2025-12-03 01:00:00,2025-12-03 09:00:00,1.32215,1.32272,1.3221,1.32268,6652.0
2025-12-03 04:00:00,2025-12-03 02:00:00,2025-12-03 10:00:00,1.32269,1.32304,1.32242,1.32296,6028.0
2025-12-03 05:00:00,2025-12-03 03:00:00,2025-12-03 11:00:00,1.323,1.32321,1.32283,1.3229,5127.0
2025-12-03 06:00:00,2025-12-03 04:00:00,2025-12-03 12:00:00,1.32291,1.32332,1.32265,1.32319,5106.0
2025-12-03 07:00:00,2025-12-03 05:00:00,2025-12-03 13:00:00,1.32315,1.32382,1.32313,1.32368,5890.0
2025-12-03 08:00:00,2025-12-03 06:00:00,2025-12-03 14:00:00,1.32367,1.32428,1.32351,1.32422,6511.0
2025-12-03 09:00:00,2025-12-03 07:00:00,2025-12-03 15:00:00,1.32424,1.32529,1.32384,1.3243,8737.0
2025-12-03 10:00:00,2025-12-03 08:00:00,2025-12-03 16:00:00,1.32436,1.32631,1.32372,1.32588,8140.0
2025-12-03 11:00:00,2025-12-03 09:00:00,2025-12-03 17:00:00,1.32593,1.32845,1.32557,1.32789,10996.0
2025-12-03 12:00:00,2025-12-03 10:00:00,2025-12-03 18:00:00,1.32788,1.32899,1.32738,1.32837,8793.0
2025-12-03 13:00:00,2025-12-03 11:00:00,2025-12-03 19:00:00,1.32836,1.32967,1.32794,1.32962,8243.0
2025-12-03 14:00:00,2025-12-03 12:00:00,2025-12-03 20:00:00,1.32962,1.33037,1.32942,1.32987,8555.0
2025-12-03 15:00:00,2025-12-03 13:00:00,2025-12-03 21:00:00,1.32991,1.33153,1.32967,1.32992,11831.0
2025-12-03 16:00:00,2025-12-03 14:00:00,2025-12-03 22:00:00,1.32988,1.3317,1.32918,1.33143,12641.0
2025-12-03 17:00:00,2025-12-03 15:00:00,2025-12-03 23:00:00,1.33133,1.33313,1.33043,1.33309,14341.0
2025-12-03 18:00:00,2025-12-03 16:00:00,2025-12-04 00:00:00,1.33308,1.33475,1.33289,1.3332,10795.0
2025-12-03 19:00:00,2025-12-03 17:00:00,2025-12-04 01:00:00,1.33313,1.3348,1.33286,1.33425,8174.0
2025-12-03 20:00:00,2025-12-03 18:00:00,2025-12-04 02:00:00,1.33424,1.33535,1.33382,1.33482,9040.0
2025-12-03 21:00:00,2025-12-03 19:00:00,2025-12-04 03:00:00,1.33482,1.33527,1.33465,1.33507,8988.0
2025-12-03 22:00:00,2025-12-03 20:00:00,2025-12-04 04:00:00,1.33503,1.33525,1.33473,1.33477,6526.0
2025-12-03 23:00:00,2025-12-03 21:00:00,2025-12-04 05:00:00,1.33478,1.33542,1.33471,1.33523,4653.0
2025-12-04 00:00:00,2025-12-03 22:00:00,2025-12-04 06:00:00,1.33481,1.33517,1.33481,1.33502,1196.0
2025-12-04 01:00:00,2025-12-03 23:00:00,2025-12-04 07:00:00,1.33502,1.33519,1.33448,1.33478,3470.0
2025-12-04 02:00:00,2025-12-04 00:00:00,2025-12-04 08:00:00,1.33479,1.33479,1.33374,1.33396,6584.0
2025-12-04 03:00:00,2025-12-04 01:00:00,2025-12-04 09:00:00,1.33395,1.3344,1.33349,1.33403,7763.0
2025-12-04 04:00:00,2025-12-04 02:00:00,2025-12-04 10:00:00,1.33402,1.33403,1.33344,1.33366,7837.0
2025-12-04 05:00:00,2025-12-04 03:00:00,2025-12-04 11:00:00,1.33368,1.33371,1.33276,1.33318,6226.0
2025-12-04 06:00:00,2025-12-04 04:00:00,2025-12-04 12:00:00,1.33317,1.33339,1.3331,1.33318,5137.0
2025-12-04 07:00:00,2025-12-04 05:00:00,2025-12-04 13:00:00,1.33314,1.33403,1.33314,1.33382,7309.0
2025-12-04 08:00:00,2025-12-04 06:00:00,2025-12-04 14:00:00,1.33379,1.33391,1.3332,1.3338,5488.0
2025-12-04 09:00:00,2025-12-04 07:00:00,2025-12-04 15:00:00,1.33381,1.33412,1.33308,1.33363,7398.0
2025-12-04 10:00:00,2025-12-04 08:00:00,2025-12-04 16:00:00,1.33364,1.33589,1.33335,1.33425,10542.0
2025-12-04 11:00:00,2025-12-04 09:00:00,2025-12-04 17:00:00,1.33427,1.33496,1.33368,1.33456,8800.0
2025-12-04 12:00:00,2025-12-04 10:00:00,2025-12-04 18:00:00,1.33455,1.33511,1.33366,1.3344,8846.0
2025-12-04 13:00:00,2025-12-04 11:00:00,2025-12-04 19:00:00,1.33437,1.33635,1.33405,1.33604,8614.0
2025-12-04 14:00:00,2025-12-04 12:00:00,2025-12-04 20:00:00,1.33608,1.3362,1.33405,1.33488,9311.0
2025-12-04 15:00:00,2025-12-04 13:00:00,2025-12-04 21:00:00,1.3349,1.335,1.33214,1.33424,10953.0
2025-12-04 16:00:00,2025-12-04 14:00:00,2025-12-04 22:00:00,1.33426,1.33741,1.33423,1.33704,12966.0
2025-12-04 17:00:00,2025-12-04 15:00:00,2025-12-04 23:00:00,1.33704,1.33855,1.33538,1.33732,11696.0
2025-12-04 18:00:00,2025-12-04 16:00:00,2025-12-05 00:00:00,1.33731,1.33734,1.33474,1.33524,11170.0
2025-12-04 19:00:00,2025-12-04 17:00:00,2025-12-05 01:00:00,1.33521,1.33527,1.33403,1.33433,7484.0
2025-12-04 20:00:00,2025-12-04 18:00:00,2025-12-05 02:00:00,1.33431,1.33511,1.33361,1.33431,8105.0
2025-12-04 21:00:00,2025-12-04 19:00:00,2025-12-05 03:00:00,1.33429,1.33462,1.33375,1.334,7433.0
2025-12-04 22:00:00,2025-12-04 20:00:00,2025-12-05 04:00:00,1.334,1.334,1.33269,1.33289,7336.0
2025-12-04 23:00:00,2025-12-04 21:00:00,2025-12-05 05:00:00,1.3329,1.3332,1.33247,1.33277,3152.0
2025-12-05 00:00:00,2025-12-04 22:00:00,2025-12-05 06:00:00,1.33182,1.33272,1.33182,1.33225,4730.0
2025-12-05 01:00:00,2025-12-04 23:00:00,2025-12-05 07:00:00,1.33233,1.3327,1.33202,1.33223,2658.0
2025-12-05 02:00:00,2025-12-05 00:00:00,2025-12-05 08:00:00,1.33225,1.33303,1.33217,1.33302,4739.0
2025-12-05 03:00:00,2025-12-05 01:00:00,2025-12-05 09:00:00,1.33303,1.33335,1.33278,1.33332,5722.0
2025-12-05 04:00:00,2025-12-05 02:00:00,2025-12-05 10:00:00,1.33334,1.33342,1.333,1.33322,5720.0
2025-12-05 05:00:00,2025-12-05 03:00:00,2025-12-05 11:00:00,1.33323,1.33323,1.33247,1.33273,4635.0
2025-12-05 06:00:00,2025-12-05 04:00:00,2025-12-05 12:00:00,1.33275,1.33373,1.3327,1.33362,5353.0
2025-12-05 07:00:00,2025-12-05 05:00:00,2025-12-05 13:00:00,1.33363,1.33456,1.33356,1.33452,5092.0
2025-12-05 08:00:00,2025-12-05 06:00:00,2025-12-05 14:00:00,1.33453,1.33521,1.3342,1.33486,5364.0
2025-12-05 09:00:00,2025-12-05 07:00:00,2025-12-05 15:00:00,1.33486,1.33626,1.33483,1.33528,7831.0
2025-12-05 10:00:00,2025-12-05 08:00:00,2025-12-05 16:00:00,1.33529,1.336,1.33456,1.33498,10378.0
2025-12-05 11:00:00,2025-12-05 09:00:00,2025-12-05 17:00:00,1.33496,1.33541,1.33424,1.33455,8142.0
2025-12-05 12:00:00,2025-12-05 10:00:00,2025-12-05 18:00:00,1.33457,1.33481,1.33331,1.33381,8285.0
2025-12-05 13:00:00,2025-12-05 11:00:00,2025-12-05 19:00:00,1.33382,1.33402,1.33283,1.33402,6911.0
2025-12-05 14:00:00,2025-12-05 12:00:00,2025-12-05 20:00:00,1.33397,1.3349,1.33385,1.33486,8092.0
2025-12-05 15:00:00,2025-12-05 13:00:00,2025-12-05 21:00:00,1.33485,1.33555,1.33397,1.33509,10638.0
2025-12-05 16:00:00,2025-12-05 14:00:00,2025-12-05 22:00:00,1.33505,1.33622,1.33425,1.33462,10925.0
2025-12-05 17:00:00,2025-12-05 15:00:00,2025-12-05 23:00:00,1.33469,1.33591,1.33389,1.33426,13557.0
2025-12-05 18:00:00,2025-12-05 16:00:00,2025-12-06 00:00:00,1.33424,1.33437,1.33159,1.33229,12720.0
2025-12-05 19:00:00,2025-12-05 17:00:00,2025-12-06 01:00:00,1.33222,1.33313,1.3318,1.33307,8808.0
2025-12-05 20:00:00,2025-12-05 18:00:00,2025-12-06 02:00:00,1.33306,1.3341,1.33293,1.33339,7185.0
2025-12-05 21:00:00,2025-12-05 19:00:00,2025-12-06 03:00:00,1.3334,1.33362,1.33287,1.3334,7502.0
2025-12-05 22:00:00,2025-12-05 20:00:00,2025-12-06 04:00:00,1.33337,1.33339,1.33258,1.33329,5075.0
2025-12-05 23:00:00,2025-12-05 21:00:00,2025-12-06 05:00:00,1.33327,1.33371,1.33275,1.33285,4112.0
2025-12-08 00:00:00,2025-12-07 22:00:00,2025-12-08 06:00:00,1.33218,1.33267,1.33135,1.33253,3623.0
2025-12-08 01:00:00,2025-12-07 23:00:00,2025-12-08 07:00:00,1.33259,1.33309,1.33233,1.33258,6702.0
2025-12-08 02:00:00,2025-12-08 00:00:00,2025-12-08 08:00:00,1.33259,1.33334,1.33227,1.33333,6453.0
2025-12-08 03:00:00,2025-12-08 01:00:00,2025-12-08 09:00:00,1.33335,1.33383,1.33307,1.33363,12358.0
2025-12-08 04:00:00,2025-12-08 02:00:00,2025-12-08 10:00:00,1.33362,1.33412,1.33343,1.33408,6370.0
2025-12-08 05:00:00,2025-12-08 03:00:00,2025-12-08 11:00:00,1.33411,1.33421,1.33363,1.33374,4554.0
2025-12-08 06:00:00,2025-12-08 04:00:00,2025-12-08 12:00:00,1.33375,1.33423,1.33362,1.33401,4002.0
2025-12-08 07:00:00,2025-12-08 05:00:00,2025-12-08 13:00:00,1.33404,1.33414,1.33359,1.33372,4758.0
2025-12-08 08:00:00,2025-12-08 06:00:00,2025-12-08 14:00:00,1.33373,1.33463,1.33271,1.33308,8131.0
2025-12-08 09:00:00,2025-12-08 07:00:00,2025-12-08 15:00:00,1.33318,1.33348,1.3322,1.33247,10065.0
2025-12-08 10:00:00,2025-12-08 08:00:00,2025-12-08 16:00:00,1.33248,1.33334,1.33191,1.33276,9625.0
2025-12-08 11:00:00,2025-12-08 09:00:00,2025-12-08 17:00:00,1.33275,1.33286,1.3314,1.33172,9567.0
2025-12-08 12:00:00,2025-12-08 10:00:00,2025-12-08 18:00:00,1.33171,1.33293,1.33157,1.33184,7591.0
2025-12-08 13:00:00,2025-12-08 11:00:00,2025-12-08 19:00:00,1.33183,1.3327,1.33141,1.33178,9188.0
2025-12-08 14:00:00,2025-12-08 12:00:00,2025-12-08 20:00:00,1.33178,1.33224,1.33136,1.33202,7544.0
2025-12-08 15:00:00,2025-12-08 13:00:00,2025-12-08 21:00:00,1.33202,1.33296,1.33148,1.33198,9811.0
2025-12-08 16:00:00,2025-12-08 14:00:00,2025-12-08 22:00:00,1.33199,1.3338,1.33148,1.33265,12254.0
2025-12-08 17:00:00,2025-12-08 15:00:00,2025-12-08 23:00:00,1.33266,1.3328,1.33054,1.33116,12947.0
2025-12-08 18:00:00,2025-12-08 16:00:00,2025-12-09 00:00:00,1.33118,1.33248,1.33084,1.33186,10575.0
2025-12-08 19:00:00,2025-12-08 17:00:00,2025-12-09 01:00:00,1.33191,1.33245,1.33108,1.33239,8874.0
2025-12-08 20:00:00,2025-12-08 18:00:00,2025-12-09 02:00:00,1.3324,1.33309,1.3319,1.33247,7773.0
2025-12-08 21:00:00,2025-12-08 19:00:00,2025-12-09 03:00:00,1.33244,1.3329,1.33214,1.33265,6880.0
2025-12-08 22:00:00,2025-12-08 20:00:00,2025-12-09 04:00:00,1.33266,1.33298,1.33229,1.33253,6346.0
2025-12-08 23:00:00,2025-12-08 21:00:00,2025-12-09 05:00:00,1.33253,1.33262,1.33193,1.33217,3573.0
2025-12-09 00:00:00,2025-12-08 22:00:00,2025-12-09 06:00:00,1.33149,1.33214,1.33127,1.33172,2868.0
2025-12-09 01:00:00,2025-12-08 23:00:00,2025-12-09 07:00:00,1.3317,1.33271,1.33164,1.33271,2494.0
2025-12-09 02:00:00,2025-12-09 00:00:00,2025-12-09 08:00:00,1.33267,1.33285,1.33184,1.33221,5689.0
2025-12-09 03:00:00,2025-12-09 01:00:00,2025-12-09 09:00:00,1.3322,1.33328,1.33182,1.33327,7291.0
2025-12-09 04:00:00,2025-12-09 02:00:00,2025-12-09 10:00:00,1.33326,1.33349,1.33261,1.33284,7009.0
2025-12-09 05:00:00,2025-12-09 03:00:00,2025-12-09 11:00:00,1.33283,1.33316,1.33263,1.33282,5875.0
2025-12-09 06:00:00,2025-12-09 04:00:00,2025-12-09 12:00:00,1.3328,1.33308,1.33264,1.333,6082.0
2025-12-09 07:00:00,2025-12-09 05:00:00,2025-12-09 13:00:00,1.33303,1.33373,1.33268,1.33331,8111.0
2025-12-09 08:00:00,2025-12-09 06:00:00,2025-12-09 14:00:00,1.33331,1.33346,1.33271,1.33304,7789.0
2025-12-09 09:00:00,2025-12-09 07:00:00,2025-12-09 15:00:00,1.33304,1.33323,1.3323,1.33279,7690.0
2025-12-09 10:00:00,2025-12-09 08:00:00,2025-12-09 16:00:00,1.3328,1.33514,1.3326,1.33444,10663.0
2025-12-09 11:00:00,2025-12-09 09:00:00,2025-12-09 17:00:00,1.33437,1.33558,1.33411,1.33466,11594.0
2025-12-09 12:00:00,2025-12-09 10:00:00,2025-12-09 18:00:00,1.33465,1.33491,1.33293,1.3337,9571.0
2025-12-09 13:00:00,2025-12-09 11:00:00,2025-12-09 19:00:00,1.33371,1.33375,1.33242,1.3329,10135.0
2025-12-09 14:00:00,2025-12-09 12:00:00,2025-12-09 20:00:00,1.33291,1.33312,1.33158,1.33199,8593.0
2025-12-09 15:00:00,2025-12-09 13:00:00,2025-12-09 21:00:00,1.33199,1.33275,1.33099,1.33142,12510.0
2025-12-09 16:00:00,2025-12-09 14:00:00,2025-12-09 22:00:00,1.33141,1.33202,1.33014,1.33158,14021.0
2025-12-09 17:00:00,2025-12-09 15:00:00,2025-12-09 23:00:00,1.33139,1.33148,1.3287,1.3297,14441.0
2025-12-09 18:00:00,2025-12-09 16:00:00,2025-12-10 00:00:00,1.32971,1.33186,1.3297,1.3318,10762.0
2025-12-09 19:00:00,2025-12-09 17:00:00,2025-12-10 01:00:00,1.33176,1.33197,1.32963,1.32978,8553.0
2025-12-09 20:00:00,2025-12-09 18:00:00,2025-12-10 02:00:00,1.32978,1.3303,1.32911,1.33009,8387.0
2025-12-09 21:00:00,2025-12-09 19:00:00,2025-12-10 03:00:00,1.3301,1.33045,1.32954,1.33018,8079.0
2025-12-09 22:00:00,2025-12-09 20:00:00,2025-12-10 04:00:00,1.33019,1.33069,1.32975,1.32999,6335.0
2025-12-09 23:00:00,2025-12-09 21:00:00,2025-12-10 05:00:00,1.32998,1.33043,1.32972,1.32981,5317.0
2025-12-10 00:00:00,2025-12-09 22:00:00,2025-12-10 06:00:00,1.32919,1.32999,1.32912,1.32982,1942.0
2025-12-10 01:00:00,2025-12-09 23:00:00,2025-12-10 07:00:00,1.32983,1.33043,1.32983,1.33027,2433.0
2025-12-10 02:00:00,2025-12-10 00:00:00,2025-12-10 08:00:00,1.33026,1.33045,1.32984,1.3304,5010.0
2025-12-10 03:00:00,2025-12-10 01:00:00,2025-12-10 09:00:00,1.33039,1.33042,1.32958,1.32986,6621.0
2025-12-10 04:00:00,2025-12-10 02:00:00,2025-12-10 10:00:00,1.32987,1.33051,1.32976,1.32993,6029.0
2025-12-10 05:00:00,2025-12-10 03:00:00,2025-12-10 11:00:00,1.32995,1.33049,1.32986,1.33029,5497.0
2025-12-10 06:00:00,2025-12-10 04:00:00,2025-12-10 12:00:00,1.33027,1.3308,1.33022,1.33048,5504.0
2025-12-10 07:00:00,2025-12-10 05:00:00,2025-12-10 13:00:00,1.33046,1.331,1.3304,1.3307,6673.0
2025-12-10 08:00:00,2025-12-10 06:00:00,2025-12-10 14:00:00,1.3307,1.33138,1.33053,1.33134,7168.0
2025-12-10 09:00:00,2025-12-10 07:00:00,2025-12-10 15:00:00,1.33136,1.3326,1.33128,1.3324,8229.0
2025-12-10 10:00:00,2025-12-10 08:00:00,2025-12-10 16:00:00,1.33236,1.33271,1.33163,1.33182,11189.0
2025-12-10 11:00:00,2025-12-10 09:00:00,2025-12-10 17:00:00,1.33182,1.33184,1.33075,1.33133,9938.0
2025-12-10 12:00:00,2025-12-10 10:00:00,2025-12-10 18:00:00,1.33127,1.33158,1.33064,1.33134,9607.0
2025-12-10 13:00:00,2025-12-10 11:00:00,2025-12-10 19:00:00,1.33133,1.33166,1.33018,1.331,8798.0
2025-12-10 14:00:00,2025-12-10 12:00:00,2025-12-10 20:00:00,1.33101,1.33175,1.33075,1.3314,8626.0
2025-12-10 15:00:00,2025-12-10 13:00:00,2025-12-10 21:00:00,1.3314,1.33321,1.33047,1.33299,10808.0
2025-12-10 16:00:00,2025-12-10 14:00:00,2025-12-10 22:00:00,1.33301,1.33344,1.33232,1.33296,11991.0
2025-12-10 17:00:00,2025-12-10 15:00:00,2025-12-10 23:00:00,1.33297,1.33367,1.33151,1.3321,12194.0
2025-12-10 18:00:00,2025-12-10 16:00:00,2025-12-11 00:00:00,1.33209,1.3339,1.3315,1.33379,11637.0
2025-12-10 19:00:00,2025-12-10 17:00:00,2025-12-11 01:00:00,1.33378,1.33478,1.33322,1.33454,8309.0
2025-12-10 20:00:00,2025-12-10 18:00:00,2025-12-11 02:00:00,1.33455,1.33464,1.33297,1.33341,8386.0
2025-12-10 21:00:00,2025-12-10 19:00:00,2025-12-11 03:00:00,1.33342,1.33691,1.33242,1.33646,19477.0
2025-12-10 22:00:00,2025-12-10 20:00:00,2025-12-11 04:00:00,1.33637,1.33888,1.33594,1.33846,14469.0
2025-12-10 23:00:00,2025-12-10 21:00:00,2025-12-11 05:00:00,1.33848,1.33872,1.33795,1.33807,7368.0
2025-12-11 00:00:00,2025-12-10 22:00:00,2025-12-11 06:00:00,1.33775,1.33806,1.3368,1.33776,2802.0
2025-12-11 01:00:00,2025-12-10 23:00:00,2025-12-11 07:00:00,1.33782,1.33917,1.33777,1.33882,3830.0
2025-12-11 02:00:00,2025-12-11 00:00:00,2025-12-11 08:00:00,1.33883,1.33922,1.33761,1.33779,7014.0
2025-12-11 03:00:00,2025-12-11 01:00:00,2025-12-11 09:00:00,1.33779,1.33876,1.33778,1.3382,8125.0
2025-12-11 04:00:00,2025-12-11 02:00:00,2025-12-11 10:00:00,1.33821,1.33873,1.33696,1.33708,7437.0
2025-12-11 05:00:00,2025-12-11 03:00:00,2025-12-11 11:00:00,1.33709,1.33739,1.33659,1.33673,7140.0
2025-12-11 06:00:00,2025-12-11 04:00:00,2025-12-11 12:00:00,1.33674,1.33697,1.3363,1.33694,7379.0
2025-12-11 07:00:00,2025-12-11 05:00:00,2025-12-11 13:00:00,1.33695,1.33708,1.33614,1.33618,7755.0
2025-12-11 08:00:00,2025-12-11 06:00:00,2025-12-11 14:00:00,1.33618,1.33702,1.33591,1.33694,7171.0
2025-12-11 09:00:00,2025-12-11 07:00:00,2025-12-11 15:00:00,1.33697,1.3379,1.33654,1.33701,10462.0
2025-12-11 10:00:00,2025-12-11 08:00:00,2025-12-11 16:00:00,1.337,1.3379,1.33654,1.33664,10245.0
2025-12-11 11:00:00,2025-12-11 09:00:00,2025-12-11 17:00:00,1.33664,1.33735,1.33548,1.3372,11560.0
2025-12-11 12:00:00,2025-12-11 10:00:00,2025-12-11 18:00:00,1.33716,1.33812,1.33677,1.33784,9630.0
2025-12-11 13:00:00,2025-12-11 11:00:00,2025-12-11 19:00:00,1.33785,1.33875,1.33754,1.33854,8498.0
2025-12-11 14:00:00,2025-12-11 12:00:00,2025-12-11 20:00:00,1.33855,1.33941,1.33784,1.3389,9437.0
2025-12-11 15:00:00,2025-12-11 13:00:00,2025-12-11 21:00:00,1.33894,1.34154,1.33847,1.34073,13755.0
2025-12-11 16:00:00,2025-12-11 14:00:00,2025-12-11 22:00:00,1.34075,1.34265,1.34067,1.34174,13915.0
2025-12-11 17:00:00,2025-12-11 15:00:00,2025-12-11 23:00:00,1.34173,1.34357,1.34115,1.34346,13935.0
2025-12-11 18:00:00,2025-12-11 16:00:00,2025-12-12 00:00:00,1.34347,1.34381,1.34159,1.34256,11770.0
2025-12-11 19:00:00,2025-12-11 17:00:00,2025-12-12 01:00:00,1.34256,1.34301,1.34168,1.34213,10489.0
2025-12-11 20:00:00,2025-12-11 18:00:00,2025-12-12 02:00:00,1.34212,1.34249,1.34121,1.34132,8079.0
2025-12-11 21:00:00,2025-12-11 19:00:00,2025-12-12 03:00:00,1.34131,1.34132,1.33897,1.33907,8517.0
2025-12-11 22:00:00,2025-12-11 20:00:00,2025-12-12 04:00:00,1.33906,1.33948,1.33825,1.33936,9342.0
2025-12-11 23:00:00,2025-12-11 21:00:00,2025-12-12 05:00:00,1.33934,1.3396,1.33858,1.33864,5079.0
2025-12-12 00:00:00,2025-12-11 22:00:00,2025-12-12 06:00:00,1.33804,1.33923,1.33804,1.33888,4143.0
2025-12-12 01:00:00,2025-12-11 23:00:00,2025-12-12 07:00:00,1.3389,1.33939,1.3389,1.33932,3204.0
2025-12-12 02:00:00,2025-12-12 00:00:00,2025-12-12 08:00:00,1.33933,1.3396,1.33923,1.33932,8663.0
2025-12-12 03:00:00,2025-12-12 01:00:00,2025-12-12 09:00:00,1.33934,1.34,1.33896,1.33924,7398.0
2025-12-12 04:00:00,2025-12-12 02:00:00,2025-12-12 10:00:00,1.33923,1.33952,1.339,1.33914,7226.0
2025-12-12 05:00:00,2025-12-12 03:00:00,2025-12-12 11:00:00,1.33914,1.33939,1.33894,1.3391,6619.0
2025-12-12 06:00:00,2025-12-12 04:00:00,2025-12-12 12:00:00,1.33909,1.33942,1.33885,1.33888,5685.0
2025-12-12 07:00:00,2025-12-12 05:00:00,2025-12-12 13:00:00,1.33888,1.3397,1.33886,1.33955,5088.0
2025-12-12 08:00:00,2025-12-12 06:00:00,2025-12-12 14:00:00,1.33956,1.33991,1.33903,1.33949,6266.0
2025-12-12 09:00:00,2025-12-12 07:00:00,2025-12-12 15:00:00,1.33919,1.33919,1.33743,1.3385,9684.0
2025-12-12 10:00:00,2025-12-12 08:00:00,2025-12-12 16:00:00,1.33849,1.33887,1.33768,1.33784,10211.0
2025-12-12 11:00:00,2025-12-12 09:00:00,2025-12-12 17:00:00,1.33779,1.33859,1.33734,1.33829,9503.0
2025-12-12 12:00:00,2025-12-12 10:00:00,2025-12-12 18:00:00,1.3383,1.33835,1.33688,1.3376,8547.0
2025-12-12 13:00:00,2025-12-12 11:00:00,2025-12-12 19:00:00,1.33756,1.33783,1.33676,1.33753,9629.0
2025-12-12 14:00:00,2025-12-12 12:00:00,2025-12-12 20:00:00,1.33752,1.33773,1.33644,1.33731,8831.0
2025-12-12 15:00:00,2025-12-12 13:00:00,2025-12-12 21:00:00,1.33732,1.33832,1.33679,1.33698,10778.0
2025-12-12 16:00:00,2025-12-12 14:00:00,2025-12-12 22:00:00,1.33698,1.33781,1.33629,1.3373,12070.0
2025-12-12 17:00:00,2025-12-12 15:00:00,2025-12-12 23:00:00,1.33728,1.33783,1.33517,1.33551,14229.0
2025-12-12 18:00:00,2025-12-12 16:00:00,2025-12-13 00:00:00,1.33552,1.33595,1.3342,1.33488,13972.0
2025-12-12 19:00:00,2025-12-12 17:00:00,2025-12-13 01:00:00,1.33487,1.33735,1.33476,1.33734,9887.0
2025-12-12 20:00:00,2025-12-12 18:00:00,2025-12-13 02:00:00,1.33733,1.33767,1.33606,1.3361,8586.0
2025-12-12 21:00:00,2025-12-12 19:00:00,2025-12-13 03:00:00,1.33608,1.3367,1.33563,1.3366,8699.0
2025-12-12 22:00:00,2025-12-12 20:00:00,2025-12-13 04:00:00,1.33659,1.33745,1.33645,1.33664,7730.0
2025-12-12 23:00:00,2025-12-12 21:00:00,2025-12-13 05:00:00,1.33664,1.33724,1.33637,1.33671,4025.0
2025-12-15 00:00:00,2025-12-14 22:00:00,2025-12-15 06:00:00,1.33718,1.33726,1.33545,1.3365,4543.0
2025-12-15 01:00:00,2025-12-14 23:00:00,2025-12-15 07:00:00,1.3366,1.3372,1.33646,1.33675,3709.0
2025-12-15 02:00:00,2025-12-15 00:00:00,2025-12-15 08:00:00,1.33679,1.33682,1.33562,1.33658,5465.0
2025-12-15 03:00:00,2025-12-15 01:00:00,2025-12-15 09:00:00,1.33659,1.33741,1.33573,1.33735,7778.0
2025-12-15 04:00:00,2025-12-15 02:00:00,2025-12-15 10:00:00,1.33735,1.33744,1.3364,1.33679,7956.0
2025-12-15 05:00:00,2025-12-15 03:00:00,2025-12-15 11:00:00,1.33678,1.33703,1.33551,1.33571,5894.0
2025-12-15 06:00:00,2025-12-15 04:00:00,2025-12-15 12:00:00,1.33572,1.33606,1.33546,1.33582,6264.0
2025-12-15 07:00:00,2025-12-15 05:00:00,2025-12-15 13:00:00,1.33582,1.33659,1.33555,1.33638,6578.0
2025-12-15 08:00:00,2025-12-15 06:00:00,2025-12-15 14:00:00,1.33638,1.3367,1.33572,1.33652,7666.0
2025-12-15 09:00:00,2025-12-15 07:00:00,2025-12-15 15:00:00,1.33651,1.33698,1.33584,1.33636,9477.0
2025-12-15 10:00:00,2025-12-15 08:00:00,2025-12-15 16:00:00,1.33638,1.33736,1.3361,1.33678,9991.0
2025-12-15 11:00:00,2025-12-15 09:00:00,2025-12-15 17:00:00,1.33679,1.33887,1.33671,1.33881,10117.0
2025-12-15 12:00:00,2025-12-15 10:00:00,2025-12-15 18:00:00,1.33878,1.33879,1.33748,1.33799,9134.0
2025-12-15 13:00:00,2025-12-15 11:00:00,2025-12-15 19:00:00,1.33797,1.339,1.33793,1.33832,7867.0
2025-12-15 14:00:00,2025-12-15 12:00:00,2025-12-15 20:00:00,1.33831,1.33942,1.33829,1.33898,8037.0
2025-12-15 15:00:00,2025-12-15 13:00:00,2025-12-15 21:00:00,1.33897,1.33964,1.33852,1.33867,10120.0
2025-12-15 16:00:00,2025-12-15 14:00:00,2025-12-15 22:00:00,1.33868,1.34015,1.33822,1.33964,12925.0
2025-12-15 17:00:00,2025-12-15 15:00:00,2025-12-15 23:00:00,1.3397,1.33978,1.33805,1.3395,15303.0
2025-12-15 18:00:00,2025-12-15 16:00:00,2025-12-16 00:00:00,1.33951,1.33954,1.3374,1.33798,11942.0
2025-12-15 19:00:00,2025-12-15 17:00:00,2025-12-16 01:00:00,1.33792,1.33809,1.3365,1.33679,9921.0
2025-12-15 20:00:00,2025-12-15 18:00:00,2025-12-16 02:00:00,1.33678,1.33749,1.33594,1.33662,7912.0
2025-12-15 21:00:00,2025-12-15 19:00:00,2025-12-16 03:00:00,1.33662,1.3373,1.33618,1.33728,7642.0
2025-12-15 22:00:00,2025-12-15 20:00:00,2025-12-16 04:00:00,1.33727,1.33757,1.33697,1.33737,6961.0
2025-12-15 23:00:00,2025-12-15 21:00:00,2025-12-16 05:00:00,1.33736,1.33783,1.33715,1.33763,4264.0
2025-12-16 00:00:00,2025-12-15 22:00:00,2025-12-16 06:00:00,1.33642,1.33743,1.33642,1.33727,2253.0
2025-12-16 01:00:00,2025-12-15 23:00:00,2025-12-16 07:00:00,1.33729,1.3381,1.33712,1.33792,3839.0
2025-12-16 02:00:00,2025-12-16 00:00:00,2025-12-16 08:00:00,1.33787,1.33833,1.33678,1.33695,7285.0
2025-12-16 03:00:00,2025-12-16 01:00:00,2025-12-16 09:00:00,1.33699,1.33731,1.33615,1.33682,10295.0
2025-12-16 04:00:00,2025-12-16 02:00:00,2025-12-16 10:00:00,1.33681,1.33712,1.33654,1.3369,8960.0
2025-12-16 05:00:00,2025-12-16 03:00:00,2025-12-16 11:00:00,1.3369,1.33743,1.33625,1.33653,8248.0
2025-12-16 06:00:00,2025-12-16 04:00:00,2025-12-16 12:00:00,1.33652,1.33698,1.33641,1.33676,6394.0
2025-12-16 07:00:00,2025-12-16 05:00:00,2025-12-16 13:00:00,1.33674,1.33698,1.33606,1.33625,7628.0
2025-12-16 08:00:00,2025-12-16 06:00:00,2025-12-16 14:00:00,1.33621,1.33667,1.3355,1.33656,7001.0
2025-12-16 09:00:00,2025-12-16 07:00:00,2025-12-16 15:00:00,1.33651,1.33786,1.33624,1.33753,9081.0
2025-12-16 10:00:00,2025-12-16 08:00:00,2025-12-16 16:00:00,1.33754,1.33951,1.33744,1.33933,10726.0
2025-12-16 11:00:00,2025-12-16 09:00:00,2025-12-16 17:00:00,1.33923,1.34161,1.3392,1.341,12220.0
2025-12-16 12:00:00,2025-12-16 10:00:00,2025-12-16 18:00:00,1.341,1.34265,1.34064,1.34232,10424.0
2025-12-16 13:00:00,2025-12-16 11:00:00,2025-12-16 19:00:00,1.34232,1.34311,1.34119,1.34308,9273.0
2025-12-16 14:00:00,2025-12-16 12:00:00,2025-12-16 20:00:00,1.3431,1.34376,1.34262,1.34366,9188.0
2025-12-16 15:00:00,2025-12-16 13:00:00,2025-12-16 21:00:00,1.34365,1.34562,1.34105,1.34255,17220.0
2025-12-16 16:00:00,2025-12-16 14:00:00,2025-12-16 22:00:00,1.34251,1.34456,1.34164,1.34432,16694.0
2025-12-16 17:00:00,2025-12-16 15:00:00,2025-12-16 23:00:00,1.34434,1.34477,1.34038,1.34155,15150.0
2025-12-16 18:00:00,2025-12-16 16:00:00,2025-12-17 00:00:00,1.34154,1.3429,1.34117,1.34268,14254.0
2025-12-16 19:00:00,2025-12-16 17:00:00,2025-12-17 01:00:00,1.3427,1.34405,1.34203,1.34239,12336.0
2025-12-16 20:00:00,2025-12-16 18:00:00,2025-12-17 02:00:00,1.34237,1.34269,1.34085,1.34248,11235.0
2025-12-16 21:00:00,2025-12-16 19:00:00,2025-12-17 03:00:00,1.34245,1.34315,1.33993,1.3426,12749.0
2025-12-16 22:00:00,2025-12-16 20:00:00,2025-12-17 04:00:00,1.34259,1.3436,1.3422,1.34249,10329.0
2025-12-16 23:00:00,2025-12-16 21:00:00,2025-12-17 05:00:00,1.34248,1.34255,1.34191,1.34198,4915.0
2025-12-17 00:00:00,2025-12-16 22:00:00,2025-12-17 06:00:00,1.34146,1.34232,1.34146,1.34196,2270.0
2025-12-17 01:00:00,2025-12-16 23:00:00,2025-12-17 07:00:00,1.34211,1.34268,1.34197,1.34253,2828.0
2025-12-17 02:00:00,2025-12-17 00:00:00,2025-12-17 08:00:00,1.34252,1.34271,1.34196,1.34203,5244.0
2025-12-17 03:00:00,2025-12-17 01:00:00,2025-12-17 09:00:00,1.34204,1.34261,1.342,1.34247,7488.0
2025-12-17 04:00:00,2025-12-17 02:00:00,2025-12-17 10:00:00,1.34249,1.34249,1.34064,1.34088,6028.0
2025-12-17 05:00:00,2025-12-17 03:00:00,2025-12-17 11:00:00,1.34088,1.34125,1.34063,1.34096,5812.0
2025-12-17 06:00:00,2025-12-17 04:00:00,2025-12-17 12:00:00,1.34097,1.34098,1.33934,1.33946,6394.0
2025-12-17 07:00:00,2025-12-17 05:00:00,2025-12-17 13:00:00,1.33947,1.33958,1.33806,1.33837,7984.0
2025-12-17 08:00:00,2025-12-17 06:00:00,2025-12-17 14:00:00,1.33837,1.33902,1.33719,1.33755,7451.0
2025-12-17 09:00:00,2025-12-17 07:00:00,2025-12-17 15:00:00,1.33744,1.33775,1.33153,1.33232,13377.0
2025-12-17 10:00:00,2025-12-17 08:00:00,2025-12-17 16:00:00,1.33228,1.33319,1.33114,1.33271,11161.0
2025-12-17 11:00:00,2025-12-17 09:00:00,2025-12-17 17:00:00,1.33264,1.33352,1.33224,1.33255,10001.0
2025-12-17 12:00:00,2025-12-17 10:00:00,2025-12-17 18:00:00,1.33254,1.33357,1.332,1.33346,9652.0
2025-12-17 13:00:00,2025-12-17 11:00:00,2025-12-17 19:00:00,1.33347,1.33372,1.33213,1.33276,11294.0
2025-12-17 14:00:00,2025-12-17 12:00:00,2025-12-17 20:00:00,1.33277,1.3346,1.33263,1.33448,9762.0
2025-12-17 15:00:00,2025-12-17 13:00:00,2025-12-17 21:00:00,1.33449,1.33588,1.33398,1.33564,11835.0
2025-12-17 16:00:00,2025-12-17 14:00:00,2025-12-17 22:00:00,1.33558,1.33665,1.33484,1.33626,12255.0
2025-12-17 17:00:00,2025-12-17 15:00:00,2025-12-17 23:00:00,1.33625,1.34,1.33554,1.3399,15208.0
2025-12-17 18:00:00,2025-12-17 16:00:00,2025-12-18 00:00:00,1.33981,1.34063,1.33847,1.339,13003.0
2025-12-17 19:00:00,2025-12-17 17:00:00,2025-12-18 01:00:00,1.33893,1.33955,1.3382,1.33874,10486.0
2025-12-17 20:00:00,2025-12-17 18:00:00,2025-12-18 02:00:00,1.33871,1.3395,1.33731,1.33761,10565.0
2025-12-17 21:00:00,2025-12-17 19:00:00,2025-12-18 03:00:00,1.33762,1.33811,1.33728,1.33764,9040.0
2025-12-17 22:00:00,2025-12-17 20:00:00,2025-12-18 04:00:00,1.33767,1.33845,1.33744,1.33786,8132.0
2025-12-17 23:00:00,2025-12-17 21:00:00,2025-12-18 05:00:00,1.33784,1.33803,1.33739,1.3375,4482.0
2025-12-18 00:00:00,2025-12-17 22:00:00,2025-12-18 06:00:00,1.33689,1.3379,1.33685,1.33745,2880.0
2025-12-18 01:00:00,2025-12-17 23:00:00,2025-12-18 07:00:00,1.33756,1.3378,1.33727,1.33737,3801.0
2025-12-18 02:00:00,2025-12-18 00:00:00,2025-12-18 08:00:00,1.33735,1.33767,1.33691,1.33764,6754.0
2025-12-18 03:00:00,2025-12-18 01:00:00,2025-12-18 09:00:00,1.33759,1.33793,1.33616,1.33642,7768.0
2025-12-18 04:00:00,2025-12-18 02:00:00,2025-12-18 10:00:00,1.33649,1.33708,1.33637,1.33689,6584.0
2025-12-18 05:00:00,2025-12-18 03:00:00,2025-12-18 11:00:00,1.33685,1.33712,1.33619,1.33644,5089.0
2025-12-18 06:00:00,2025-12-18 04:00:00,2025-12-18 12:00:00,1.33642,1.33692,1.33632,1.33688,5212.0
2025-12-18 07:00:00,2025-12-18 05:00:00,2025-12-18 13:00:00,1.33686,1.33738,1.33664,1.33695,5789.0
2025-12-18 08:00:00,2025-12-18 06:00:00,2025-12-18 14:00:00,1.33694,1.33708,1.33625,1.33671,6364.0
2025-12-18 09:00:00,2025-12-18 07:00:00,2025-12-18 15:00:00,1.33664,1.33756,1.33633,1.33662,9446.0
2025-12-18 10:00:00,2025-12-18 08:00:00,2025-12-18 16:00:00,1.33657,1.33735,1.3355,1.33597,10276.0
2025-12-18 11:00:00,2025-12-18 09:00:00,2025-12-18 17:00:00,1.33596,1.33596,1.33406,1.33488,10957.0
2025-12-18 12:00:00,2025-12-18 10:00:00,2025-12-18 18:00:00,1.33485,1.33531,1.33432,1.33521,7794.0
2025-12-18 13:00:00,2025-12-18 11:00:00,2025-12-18 19:00:00,1.33523,1.33581,1.33491,1.33528,9632.0
2025-12-18 14:00:00,2025-12-18 12:00:00,2025-12-18 20:00:00,1.33521,1.33974,1.33441,1.33955,13206.0
2025-12-18 15:00:00,2025-12-18 13:00:00,2025-12-18 21:00:00,1.33955,1.34422,1.3391,1.3428,16523.0
2025-12-18 16:00:00,2025-12-18 14:00:00,2025-12-18 22:00:00,1.34278,1.34463,1.34091,1.34156,16876.0
2025-12-18 17:00:00,2025-12-18 15:00:00,2025-12-18 23:00:00,1.34158,1.34158,1.33861,1.33949,15437.0
2025-12-18 18:00:00,2025-12-18 16:00:00,2025-12-19 00:00:00,1.33945,1.34051,1.3381,1.33864,12976.0
2025-12-18 19:00:00,2025-12-18 17:00:00,2025-12-19 01:00:00,1.33863,1.33868,1.33696,1.3381,13037.0
2025-12-18 20:00:00,2025-12-18 18:00:00,2025-12-19 02:00:00,1.33813,1.33852,1.3375,1.3381,9312.0
2025-12-18 21:00:00,2025-12-18 19:00:00,2025-12-19 03:00:00,1.33809,1.33908,1.33798,1.33864,10050.0
2025-12-18 22:00:00,2025-12-18 20:00:00,2025-12-19 04:00:00,1.33862,1.339,1.33771,1.33781,8023.0
2025-12-18 23:00:00,2025-12-18 21:00:00,2025-12-19 05:00:00,1.3378,1.33829,1.33776,1.33819,4489.0
2025-12-19 00:00:00,2025-12-18 22:00:00,2025-12-19 06:00:00,1.33731,1.33817,1.337,1.33796,1915.0
2025-12-19 01:00:00,2025-12-18 23:00:00,2025-12-19 07:00:00,1.33797,1.33848,1.33781,1.33834,4258.0
2025-12-19 02:00:00,2025-12-19 00:00:00,2025-12-19 08:00:00,1.33832,1.33859,1.33777,1.33846,5756.0
2025-12-19 03:00:00,2025-12-19 01:00:00,2025-12-19 09:00:00,1.33847,1.3387,1.3379,1.33824,8199.0
2025-12-19 04:00:00,2025-12-19 02:00:00,2025-12-19 10:00:00,1.33823,1.33862,1.33774,1.33793,6758.0
2025-12-19 05:00:00,2025-12-19 03:00:00,2025-12-19 11:00:00,1.33794,1.33823,1.33731,1.33775,9360.0
2025-12-19 06:00:00,2025-12-19 04:00:00,2025-12-19 12:00:00,1.33776,1.33804,1.33697,1.3372,6818.0
2025-12-19 07:00:00,2025-12-19 05:00:00,2025-12-19 13:00:00,1.33719,1.3377,1.33719,1.33758,7404.0
2025-12-19 08:00:00,2025-12-19 06:00:00,2025-12-19 14:00:00,1.33755,1.33852,1.33698,1.33835,8508.0
2025-12-19 09:00:00,2025-12-19 07:00:00,2025-12-19 15:00:00,1.33833,1.33852,1.33629,1.33651,10953.0
2025-12-19 10:00:00,2025-12-19 08:00:00,2025-12-19 16:00:00,1.33663,1.33805,1.3365,1.33739,11590.0
2025-12-19 11:00:00,2025-12-19 09:00:00,2025-12-19 17:00:00,1.33741,1.33877,1.33721,1.33819,11549.0
2025-12-19 12:00:00,2025-12-19 10:00:00,2025-12-19 18:00:00,1.33818,1.33869,1.33736,1.33812,10529.0
2025-12-19 13:00:00,2025-12-19 11:00:00,2025-12-19 19:00:00,1.33811,1.33824,1.33688,1.33725,8834.0
2025-12-19 14:00:00,2025-12-19 12:00:00,2025-12-19 20:00:00,1.33726,1.33786,1.33679,1.33735,8324.0
2025-12-19 15:00:00,2025-12-19 13:00:00,2025-12-19 21:00:00,1.33736,1.33742,1.33573,1.3372,11563.0
2025-12-19 16:00:00,2025-12-19 14:00:00,2025-12-19 22:00:00,1.33721,1.33871,1.33666,1.33706,13921.0
2025-12-19 17:00:00,2025-12-19 15:00:00,2025-12-19 23:00:00,1.33702,1.33729,1.33569,1.33615,13011.0
2025-12-19 18:00:00,2025-12-19 16:00:00,2025-12-20 00:00:00,1.33613,1.33781,1.33594,1.33772,11845.0
2025-12-19 19:00:00,2025-12-19 17:00:00,2025-12-20 01:00:00,1.33776,1.3381,1.33689,1.3377,9325.0
2025-12-19 20:00:00,2025-12-19 18:00:00,2025-12-20 02:00:00,1.3377,1.33901,1.33758,1.33861,8923.0
2025-12-19 21:00:00,2025-12-19 19:00:00,2025-12-20 03:00:00,1.33863,1.3392,1.33819,1.33907,8308.0
2025-12-19 22:00:00,2025-12-19 20:00:00,2025-12-20 04:00:00,1.33902,1.33943,1.33732,1.33738,7102.0
2025-12-19 23:00:00,2025-12-19 21:00:00,2025-12-20 05:00:00,1.33738,1.33795,1.33726,1.33754,3683.0
2025-12-22 00:00:00,2025-12-21 22:00:00,2025-12-22 06:00:00,1.33882,1.33882,1.33754,1.33759,3103.0
2025-12-22 01:00:00,2025-12-21 23:00:00,2025-12-22 07:00:00,1.33756,1.33841,1.33745,1.3379,9992.0
2025-12-22 02:00:00,2025-12-22 00:00:00,2025-12-22 08:00:00,1.33789,1.33903,1.33782,1.3389,14185.0
2025-12-22 03:00:00,2025-12-22 01:00:00,2025-12-22 09:00:00,1.33892,1.33983,1.33892,1.33961,14009.0
2025-12-22 04:00:00,2025-12-22 02:00:00,2025-12-22 10:00:00,1.33958,1.34,1.33913,1.33924,4284.0
2025-12-22 05:00:00,2025-12-22 03:00:00,2025-12-22 11:00:00,1.33925,1.33973,1.3391,1.33931,4842.0
2025-12-22 06:00:00,2025-12-22 04:00:00,2025-12-22 12:00:00,1.33932,1.3402,1.33917,1.33992,5084.0
2025-12-22 07:00:00,2025-12-22 05:00:00,2025-12-22 13:00:00,1.3399,1.34012,1.33951,1.33971,4305.0
2025-12-22 08:00:00,2025-12-22 06:00:00,2025-12-22 14:00:00,1.33969,1.33999,1.33918,1.33942,5054.0
2025-12-22 09:00:00,2025-12-22 07:00:00,2025-12-22 15:00:00,1.33945,1.34192,1.33943,1.34135,9195.0
2025-12-22 10:00:00,2025-12-22 08:00:00,2025-12-22 16:00:00,1.34134,1.3424,1.3409,1.34199,8474.0
2025-12-22 11:00:00,2025-12-22 09:00:00,2025-12-22 17:00:00,1.34202,1.3425,1.34101,1.34245,9504.0
2025-12-22 12:00:00,2025-12-22 10:00:00,2025-12-22 18:00:00,1.34246,1.34402,1.34238,1.34347,9761.0
2025-12-22 13:00:00,2025-12-22 11:00:00,2025-12-22 19:00:00,1.34348,1.34424,1.34318,1.34384,8864.0
2025-12-22 14:00:00,2025-12-22 12:00:00,2025-12-22 20:00:00,1.34383,1.34422,1.34264,1.34333,9519.0
2025-12-22 15:00:00,2025-12-22 13:00:00,2025-12-22 21:00:00,1.34334,1.34445,1.34315,1.34379,11147.0
2025-12-22 16:00:00,2025-12-22 14:00:00,2025-12-22 22:00:00,1.34377,1.34571,1.34313,1.34501,10505.0
2025-12-22 17:00:00,2025-12-22 15:00:00,2025-12-22 23:00:00,1.34506,1.34591,1.3444,1.34542,11298.0
2025-12-22 18:00:00,2025-12-22 16:00:00,2025-12-23 00:00:00,1.3454,1.34584,1.34467,1.34557,9946.0
2025-12-22 19:00:00,2025-12-22 17:00:00,2025-12-23 01:00:00,1.34556,1.34777,1.34556,1.34705,9064.0
2025-12-22 20:00:00,2025-12-22 18:00:00,2025-12-23 02:00:00,1.34703,1.34705,1.34562,1.34621,7569.0
2025-12-22 21:00:00,2025-12-22 19:00:00,2025-12-23 03:00:00,1.34621,1.3464,1.34537,1.34583,7373.0
2025-12-22 22:00:00,2025-12-22 20:00:00,2025-12-23 04:00:00,1.34585,1.34627,1.34544,1.34574,6569.0
2025-12-22 23:00:00,2025-12-22 21:00:00,2025-12-23 05:00:00,1.34574,1.34622,1.3456,1.34619,3803.0
2025-12-23 00:00:00,2025-12-22 22:00:00,2025-12-23 06:00:00,1.34507,1.3462,1.34502,1.346,4212.0
2025-12-23 01:00:00,2025-12-22 23:00:00,2025-12-23 07:00:00,1.34603,1.34699,1.34603,1.34678,4421.0
2025-12-23 02:00:00,2025-12-23 00:00:00,2025-12-23 08:00:00,1.34678,1.34763,1.34677,1.34719,4406.0
2025-12-23 03:00:00,2025-12-23 01:00:00,2025-12-23 09:00:00,1.34719,1.34833,1.34695,1.34767,7932.0
2025-12-23 04:00:00,2025-12-23 02:00:00,2025-12-23 10:00:00,1.34765,1.34863,1.34765,1.34823,6226.0
2025-12-23 05:00:00,2025-12-23 03:00:00,2025-12-23 11:00:00,1.34824,1.349,1.34799,1.34888,7301.0
2025-12-23 06:00:00,2025-12-23 04:00:00,2025-12-23 12:00:00,1.34889,1.34923,1.34857,1.34877,6482.0
2025-12-23 07:00:00,2025-12-23 05:00:00,2025-12-23 13:00:00,1.34876,1.34936,1.34867,1.3489,5051.0
2025-12-23 08:00:00,2025-12-23 06:00:00,2025-12-23 14:00:00,1.3489,1.349,1.348,1.34811,6073.0
2025-12-23 09:00:00,2025-12-23 07:00:00,2025-12-23 15:00:00,1.34809,1.35031,1.34809,1.35018,9078.0
2025-12-23 10:00:00,2025-12-23 08:00:00,2025-12-23 16:00:00,1.35019,1.35115,1.34958,1.35098,9728.0
2025-12-23 11:00:00,2025-12-23 09:00:00,2025-12-23 17:00:00,1.35093,1.35187,1.34969,1.35058,11755.0
2025-12-23 12:00:00,2025-12-23 10:00:00,2025-12-23 18:00:00,1.35059,1.35176,1.35008,1.35158,9888.0
2025-12-23 13:00:00,2025-12-23 11:00:00,2025-12-23 19:00:00,1.35148,1.35189,1.35029,1.35038,8624.0
2025-12-23 14:00:00,2025-12-23 12:00:00,2025-12-23 20:00:00,1.35038,1.35108,1.35017,1.3502,9655.0
2025-12-23 15:00:00,2025-12-23 13:00:00,2025-12-23 21:00:00,1.35021,1.35128,1.34945,1.34951,13413.0
2025-12-23 16:00:00,2025-12-23 14:00:00,2025-12-23 22:00:00,1.34952,1.35005,1.34826,1.34838,13952.0
2025-12-23 17:00:00,2025-12-23 15:00:00,2025-12-23 23:00:00,1.34845,1.34966,1.34717,1.34836,14804.0
2025-12-23 18:00:00,2025-12-23 16:00:00,2025-12-24 00:00:00,1.34836,1.34879,1.34787,1.3485,11919.0
2025-12-23 19:00:00,2025-12-23 17:00:00,2025-12-24 01:00:00,1.34844,1.34872,1.3471,1.34734,9405.0
2025-12-23 20:00:00,2025-12-23 18:00:00,2025-12-24 02:00:00,1.34735,1.34898,1.34721,1.34892,10179.0
2025-12-23 21:00:00,2025-12-23 19:00:00,2025-12-24 03:00:00,1.34894,1.34974,1.34884,1.34968,8985.0
2025-12-23 22:00:00,2025-12-23 20:00:00,2025-12-24 04:00:00,1.34965,1.35007,1.34942,1.34989,6766.0
2025-12-23 23:00:00,2025-12-23 21:00:00,2025-12-24 05:00:00,1.34989,1.35239,1.34986,1.35168,5324.0
2025-12-24 00:00:00,2025-12-23 22:00:00,2025-12-24 06:00:00,1.34957,1.3518,1.34946,1.3511,5253.0
2025-12-24 01:00:00,2025-12-23 23:00:00,2025-12-24 07:00:00,1.3512,1.35171,1.35096,1.35128,5724.0
2025-12-24 02:00:00,2025-12-24 00:00:00,2025-12-24 08:00:00,1.35129,1.35173,1.3507,1.35146,8528.0
2025-12-24 03:00:00,2025-12-24 01:00:00,2025-12-24 09:00:00,1.35147,1.35318,1.35107,1.35291,9288.0
2025-12-24 04:00:00,2025-12-24 02:00:00,2025-12-24 10:00:00,1.35288,1.35343,1.35261,1.35269,8572.0
2025-12-24 05:00:00,2025-12-24 03:00:00,2025-12-24 11:00:00,1.3527,1.35275,1.35155,1.3516,8358.0
2025-12-24 06:00:00,2025-12-24 04:00:00,2025-12-24 12:00:00,1.35164,1.35167,1.35095,1.3514,8555.0
2025-12-24 07:00:00,2025-12-24 05:00:00,2025-12-24 13:00:00,1.35139,1.35226,1.35123,1.35188,8430.0
2025-12-24 08:00:00,2025-12-24 06:00:00,2025-12-24 14:00:00,1.35188,1.35242,1.35163,1.35206,8777.0
2025-12-24 09:00:00,2025-12-24 07:00:00,2025-12-24 15:00:00,1.35202,1.35229,1.3509,1.35108,10565.0
2025-12-24 10:00:00,2025-12-24 08:00:00,2025-12-24 16:00:00,1.35105,1.35224,1.35025,1.35222,12859.0
2025-12-24 11:00:00,2025-12-24 09:00:00,2025-12-24 17:00:00,1.35226,1.35283,1.352,1.35221,8750.0
2025-12-24 12:00:00,2025-12-24 10:00:00,2025-12-24 18:00:00,1.35219,1.35238,1.35121,1.35168,8443.0
2025-12-24 13:00:00,2025-12-24 11:00:00,2025-12-24 19:00:00,1.35171,1.3519,1.35108,1.35144,7188.0
2025-12-24 14:00:00,2025-12-24 12:00:00,2025-12-24 20:00:00,1.3514,1.35147,1.3501,1.35033,7662.0
2025-12-24 15:00:00,2025-12-24 13:00:00,2025-12-24 21:00:00,1.35032,1.35094,1.35014,1.35048,10649.0
2025-12-24 16:00:00,2025-12-24 14:00:00,2025-12-24 22:00:00,1.35046,1.3511,1.34964,1.34964,10486.0
2025-12-24 17:00:00,2025-12-24 15:00:00,2025-12-24 23:00:00,1.34962,1.35098,1.34917,1.35068,11405.0
2025-12-24 18:00:00,2025-12-24 16:00:00,2025-12-25 00:00:00,1.35069,1.35108,1.34986,1.35023,8626.0
2025-12-24 19:00:00,2025-12-24 17:00:00,2025-12-25 01:00:00,1.35022,1.3506,1.34924,1.34976,5903.0
2025-12-24 20:00:00,2025-12-24 18:00:00,2025-12-25 02:00:00,1.34973,1.35056,1.34946,1.35016,8623.0
2025-12-24 21:00:00,2025-12-24 19:00:00,2025-12-25 03:00:00,1.35015,1.35016,1.34991,1.35006,7641.0
2025-12-26 00:00:00,2025-12-25 22:00:00,2025-12-26 06:00:00,1.35227,1.35227,1.35067,1.35113,5109.0
2025-12-26 01:00:00,2025-12-25 23:00:00,2025-12-26 07:00:00,1.35125,1.35148,1.34965,1.35084,11882.0
2025-12-26 02:00:00,2025-12-26 00:00:00,2025-12-26 08:00:00,1.35085,1.35189,1.35049,1.35095,7601.0
2025-12-26 03:00:00,2025-12-26 01:00:00,2025-12-26 09:00:00,1.35096,1.35229,1.35083,1.35126,8056.0
2025-12-26 04:00:00,2025-12-26 02:00:00,2025-12-26 10:00:00,1.35122,1.35191,1.35106,1.35166,7425.0
2025-12-26 05:00:00,2025-12-26 03:00:00,2025-12-26 11:00:00,1.35167,1.35177,1.35047,1.35054,6186.0
2025-12-26 06:00:00,2025-12-26 04:00:00,2025-12-26 12:00:00,1.35058,1.35081,1.34997,1.35,5154.0
2025-12-26 07:00:00,2025-12-26 05:00:00,2025-12-26 13:00:00,1.35001,1.35001,1.34867,1.34948,5447.0
2025-12-26 08:00:00,2025-12-26 06:00:00,2025-12-26 14:00:00,1.34947,1.35005,1.34874,1.34891,7577.0
2025-12-26 09:00:00,2025-12-26 07:00:00,2025-12-26 15:00:00,1.34891,1.34904,1.34798,1.34825,8492.0
2025-12-26 10:00:00,2025-12-26 08:00:00,2025-12-26 16:00:00,1.34827,1.34962,1.34774,1.34956,8834.0
2025-12-26 11:00:00,2025-12-26 09:00:00,2025-12-26 17:00:00,1.34955,1.34977,1.34828,1.34853,7398.0
2025-12-26 12:00:00,2025-12-26 10:00:00,2025-12-26 18:00:00,1.34843,1.34951,1.34833,1.3488,7046.0
2025-12-26 13:00:00,2025-12-26 11:00:00,2025-12-26 19:00:00,1.34883,1.34978,1.34881,1.34947,7766.0
2025-12-26 14:00:00,2025-12-26 12:00:00,2025-12-26 20:00:00,1.34947,1.34972,1.34881,1.34963,6541.0
2025-12-26 15:00:00,2025-12-26 13:00:00,2025-12-26 21:00:00,1.34962,1.35269,1.34942,1.35164,9495.0
2025-12-26 16:00:00,2025-12-26 14:00:00,2025-12-26 22:00:00,1.35168,1.35214,1.35072,1.35154,10696.0
2025-12-26 17:00:00,2025-12-26 15:00:00,2025-12-26 23:00:00,1.35154,1.3526,1.35037,1.35069,10059.0
2025-12-26 18:00:00,2025-12-26 16:00:00,2025-12-27 00:00:00,1.35065,1.35077,1.34824,1.34876,10462.0
2025-12-26 19:00:00,2025-12-26 17:00:00,2025-12-27 01:00:00,1.34873,1.34971,1.34812,1.34945,9295.0
2025-12-26 20:00:00,2025-12-26 18:00:00,2025-12-27 02:00:00,1.34953,1.34998,1.34924,1.34955,8767.0
2025-12-26 21:00:00,2025-12-26 19:00:00,2025-12-27 03:00:00,1.34949,1.35,1.34897,1.34999,7184.0
2025-12-26 22:00:00,2025-12-26 20:00:00,2025-12-27 04:00:00,1.34999,1.35064,1.34989,1.3503,5462.0
2025-12-26 23:00:00,2025-12-26 21:00:00,2025-12-27 05:00:00,1.35031,1.35057,1.34923,1.34979,4178.0
2025-12-29 00:00:00,2025-12-28 22:00:00,2025-12-29 06:00:00,1.34833,1.34973,1.34798,1.34931,2536.0
2025-12-29 01:00:00,2025-12-28 23:00:00,2025-12-29 07:00:00,1.34931,1.35009,1.34867,1.34969,6863.0
2025-12-29 02:00:00,2025-12-29 00:00:00,2025-12-29 08:00:00,1.34968,1.3508,1.34964,1.35073,7440.0
2025-12-29 03:00:00,2025-12-29 01:00:00,2025-12-29 09:00:00,1.35072,1.35116,1.35053,1.35089,7959.0
2025-12-29 04:00:00,2025-12-29 02:00:00,2025-12-29 10:00:00,1.3509,1.35104,1.35018,1.35072,7269.0
2025-12-29 05:00:00,2025-12-29 03:00:00,2025-12-29 11:00:00,1.3507,1.35097,1.35027,1.35069,5035.0
2025-12-29 06:00:00,2025-12-29 04:00:00,2025-12-29 12:00:00,1.35068,1.35072,1.34941,1.34944,5427.0
2025-12-29 07:00:00,2025-12-29 05:00:00,2025-12-29 13:00:00,1.34943,1.34946,1.34836,1.34908,7587.0
2025-12-29 08:00:00,2025-12-29 06:00:00,2025-12-29 14:00:00,1.3491,1.34972,1.34872,1.34966,6404.0
2025-12-29 09:00:00,2025-12-29 07:00:00,2025-12-29 15:00:00,1.34964,1.34975,1.34816,1.34847,11216.0
2025-12-29 10:00:00,2025-12-29 08:00:00,2025-12-29 16:00:00,1.34846,1.34979,1.34769,1.34861,10474.0
2025-12-29 11:00:00,2025-12-29 09:00:00,2025-12-29 17:00:00,1.34853,1.35075,1.34738,1.34903,12170.0
2025-12-29 12:00:00,2025-12-29 10:00:00,2025-12-29 18:00:00,1.34901,1.35088,1.34885,1.34974,10000.0
2025-12-29 13:00:00,2025-12-29 11:00:00,2025-12-29 19:00:00,1.34974,1.35111,1.3489,1.34893,10897.0
2025-12-29 14:00:00,2025-12-29 12:00:00,2025-12-29 20:00:00,1.34894,1.349,1.34694,1.34823,10661.0
2025-12-29 15:00:00,2025-12-29 13:00:00,2025-12-29 21:00:00,1.34822,1.34967,1.34791,1.34933,13335.0
2025-12-29 16:00:00,2025-12-29 14:00:00,2025-12-29 22:00:00,1.34935,1.3507,1.34856,1.35005,13986.0
2025-12-29 17:00:00,2025-12-29 15:00:00,2025-12-29 23:00:00,1.35006,1.35124,1.34855,1.35003,15138.0
2025-12-29 18:00:00,2025-12-29 16:00:00,2025-12-30 00:00:00,1.35005,1.35008,1.34856,1.34934,12652.0
2025-12-29 19:00:00,2025-12-29 17:00:00,2025-12-30 01:00:00,1.34933,1.34953,1.34817,1.34858,10019.0
2025-12-29 20:00:00,2025-12-29 18:00:00,2025-12-30 02:00:00,1.34858,1.34958,1.34842,1.34909,10841.0
2025-12-29 21:00:00,2025-12-29 19:00:00,2025-12-30 03:00:00,1.3491,1.35081,1.34888,1.35071,7323.0
2025-12-29 22:00:00,2025-12-29 20:00:00,2025-12-30 04:00:00,1.35071,1.351,1.35018,1.35049,7791.0
2025-12-29 23:00:00,2025-12-29 21:00:00,2025-12-30 05:00:00,1.35049,1.35153,1.35037,1.35127,4705.0
2025-12-30 00:00:00,2025-12-29 22:00:00,2025-12-30 06:00:00,1.34973,1.35088,1.3497,1.3501,4078.0
2025-12-30 01:00:00,2025-12-29 23:00:00,2025-12-30 07:00:00,1.35015,1.35094,1.35015,1.35088,5979.0
2025-12-30 02:00:00,2025-12-30 00:00:00,2025-12-30 08:00:00,1.35087,1.35104,1.34996,1.35026,4470.0
2025-12-30 03:00:00,2025-12-30 01:00:00,2025-12-30 09:00:00,1.35025,1.35092,1.34978,1.35087,5541.0
2025-12-30 04:00:00,2025-12-30 02:00:00,2025-12-30 10:00:00,1.35089,1.35117,1.35001,1.35025,5157.0
2025-12-30 05:00:00,2025-12-30 03:00:00,2025-12-30 11:00:00,1.35023,1.35079,1.34993,1.35048,4357.0
2025-12-30 06:00:00,2025-12-30 04:00:00,2025-12-30 12:00:00,1.3505,1.35112,1.35039,1.35101,3942.0
2025-12-30 07:00:00,2025-12-30 05:00:00,2025-12-30 13:00:00,1.35102,1.35172,1.35102,1.3515,6391.0
2025-12-30 08:00:00,2025-12-30 06:00:00,2025-12-30 14:00:00,1.35151,1.35214,1.35116,1.35158,6951.0
2025-12-30 09:00:00,2025-12-30 07:00:00,2025-12-30 15:00:00,1.35157,1.35157,1.35008,1.35054,7662.0
2025-12-30 10:00:00,2025-12-30 08:00:00,2025-12-30 16:00:00,1.35056,1.35185,1.35051,1.35091,10033.0
2025-12-30 11:00:00,2025-12-30 09:00:00,2025-12-30 17:00:00,1.35092,1.35189,1.35075,1.35144,8743.0
2025-12-30 12:00:00,2025-12-30 10:00:00,2025-12-30 18:00:00,1.35145,1.35309,1.35144,1.35213,9859.0
2025-12-30 13:00:00,2025-12-30 11:00:00,2025-12-30 19:00:00,1.35214,1.35249,1.3503,1.35046,7637.0
2025-12-30 14:00:00,2025-12-30 12:00:00,2025-12-30 20:00:00,1.35046,1.35085,1.34932,1.34964,9164.0
2025-12-30 15:00:00,2025-12-30 13:00:00,2025-12-30 21:00:00,1.34965,1.34996,1.34868,1.34875,12541.0
2025-12-30 16:00:00,2025-12-30 14:00:00,2025-12-30 22:00:00,1.34878,1.34884,1.34712,1.34766,11558.0
2025-12-30 17:00:00,2025-12-30 15:00:00,2025-12-30 23:00:00,1.34765,1.34787,1.34497,1.34734,12774.0
2025-12-30 18:00:00,2025-12-30 16:00:00,2025-12-31 00:00:00,1.34734,1.34836,1.34629,1.34767,11422.0
2025-12-30 19:00:00,2025-12-30 17:00:00,2025-12-31 01:00:00,1.34765,1.3479,1.34651,1.34695,7704.0
2025-12-30 20:00:00,2025-12-30 18:00:00,2025-12-31 02:00:00,1.34687,1.3475,1.3465,1.34679,8009.0
2025-12-30 21:00:00,2025-12-30 19:00:00,2025-12-31 03:00:00,1.34675,1.34728,1.34619,1.34659,7438.0
2025-12-30 22:00:00,2025-12-30 20:00:00,2025-12-31 04:00:00,1.34658,1.34679,1.34609,1.34634,6588.0
2025-12-30 23:00:00,2025-12-30 21:00:00,2025-12-31 05:00:00,1.34635,1.34689,1.34635,1.34677,3562.0
2025-12-31 00:00:00,2025-12-30 22:00:00,2025-12-31 06:00:00,1.34585,1.34664,1.3458,1.34631,2114.0
2025-12-31 01:00:00,2025-12-30 23:00:00,2025-12-31 07:00:00,1.34647,1.34675,1.34617,1.3466,3770.0
2025-12-31 02:00:00,2025-12-31 00:00:00,2025-12-31 08:00:00,1.34665,1.34674,1.34585,1.3464,4616.0
2025-12-31 03:00:00,2025-12-31 01:00:00,2025-12-31 09:00:00,1.34639,1.34665,1.346,1.34613,7891.0
2025-12-31 04:00:00,2025-12-31 02:00:00,2025-12-31 10:00:00,1.3461,1.3464,1.34589,1.34615,7175.0
2025-12-31 05:00:00,2025-12-31 03:00:00,2025-12-31 11:00:00,1.34609,1.34657,1.34598,1.34636,6764.0
2025-12-31 06:00:00,2025-12-31 04:00:00,2025-12-31 12:00:00,1.34634,1.34645,1.34573,1.34583,7019.0
2025-12-31 07:00:00,2025-12-31 05:00:00,2025-12-31 13:00:00,1.34581,1.34633,1.34581,1.34608,6394.0
2025-12-31 08:00:00,2025-12-31 06:00:00,2025-12-31 14:00:00,1.34609,1.34609,1.34529,1.34576,6161.0
2025-12-31 09:00:00,2025-12-31 07:00:00,2025-12-31 15:00:00,1.34573,1.34601,1.3451,1.34561,7982.0
2025-12-31 10:00:00,2025-12-31 08:00:00,2025-12-31 16:00:00,1.3456,1.34652,1.34267,1.34296,9979.0
2025-12-31 11:00:00,2025-12-31 09:00:00,2025-12-31 17:00:00,1.34296,1.34446,1.34253,1.34377,9920.0
2025-12-31 12:00:00,2025-12-31 10:00:00,2025-12-31 18:00:00,1.34377,1.34398,1.34324,1.3438,9080.0
2025-12-31 13:00:00,2025-12-31 11:00:00,2025-12-31 19:00:00,1.34378,1.34566,1.34368,1.34554,9111.0
2025-12-31 14:00:00,2025-12-31 12:00:00,2025-12-31 20:00:00,1.34551,1.34689,1.34472,1.34672,10501.0
2025-12-31 15:00:00,2025-12-31 13:00:00,2025-12-31 21:00:00,1.34668,1.34768,1.34481,1.34543,11695.0
2025-12-31 16:00:00,2025-12-31 14:00:00,2025-12-31 22:00:00,1.34547,1.34557,1.34319,1.34337,13088.0
2025-12-31 17:00:00,2025-12-31 15:00:00,2025-12-31 23:00:00,1.34337,1.34533,1.34019,1.34504,14940.0
2025-12-31 18:00:00,2025-12-31 16:00:00,2026-01-01 00:00:00,1.34505,1.34605,1.34374,1.34461,12289.0
2025-12-31 19:00:00,2025-12-31 17:00:00,2026-01-01 01:00:00,1.34461,1.34557,1.34383,1.34522,9163.0
2025-12-31 20:00:00,2025-12-31 18:00:00,2026-01-01 02:00:00,1.34523,1.34582,1.34467,1.34536,8291.0
2025-12-31 21:00:00,2025-12-31 19:00:00,2026-01-01 03:00:00,1.34544,1.34578,1.34526,1.34551,6362.0
2026-01-02 00:00:00,2026-01-01 22:00:00,2026-01-02 06:00:00,1.34566,1.34679,1.34566,1.34645,3046.0
2026-01-02 01:00:00,2026-01-01 23:00:00,2026-01-02 07:00:00,1.3468,1.3477,1.34661,1.34736,3650.0
2026-01-02 02:00:00,2026-01-02 00:00:00,2026-01-02 08:00:00,1.34734,1.34829,1.34713,1.34811,3795.0
2026-01-02 03:00:00,2026-01-02 01:00:00,2026-01-02 09:00:00,1.34812,1.34877,1.34804,1.34877,5263.0
2026-01-02 04:00:00,2026-01-02 02:00:00,2026-01-02 10:00:00,1.34878,1.34911,1.34862,1.34883,5048.0
2026-01-02 05:00:00,2026-01-02 03:00:00,2026-01-02 11:00:00,1.34882,1.34902,1.3484,1.34864,4380.0
2026-01-02 06:00:00,2026-01-02 04:00:00,2026-01-02 12:00:00,1.34868,1.34877,1.3478,1.3479,4387.0
2026-01-02 07:00:00,2026-01-02 05:00:00,2026-01-02 13:00:00,1.34789,1.34811,1.34697,1.34713,4050.0
2026-01-02 08:00:00,2026-01-02 06:00:00,2026-01-02 14:00:00,1.34714,1.34717,1.34632,1.34675,6533.0
2026-01-02 09:00:00,2026-01-02 07:00:00,2026-01-02 15:00:00,1.34673,1.34707,1.34578,1.34644,9277.0
2026-01-02 10:00:00,2026-01-02 08:00:00,2026-01-02 16:00:00,1.34643,1.3469,1.34485,1.34534,11046.0
2026-01-02 11:00:00,2026-01-02 09:00:00,2026-01-02 17:00:00,1.34535,1.3464,1.34506,1.34546,9626.0
2026-01-02 12:00:00,2026-01-02 10:00:00,2026-01-02 18:00:00,1.34547,1.34588,1.34438,1.34501,9755.0
2026-01-02 13:00:00,2026-01-02 11:00:00,2026-01-02 19:00:00,1.34498,1.34526,1.34343,1.34407,10103.0
2026-01-02 14:00:00,2026-01-02 12:00:00,2026-01-02 20:00:00,1.34405,1.34496,1.34358,1.34453,7858.0
2026-01-02 15:00:00,2026-01-02 13:00:00,2026-01-02 21:00:00,1.34455,1.34595,1.3442,1.34575,9472.0
2026-01-02 16:00:00,2026-01-02 14:00:00,2026-01-02 22:00:00,1.34573,1.3468,1.34531,1.34649,10786.0
2026-01-02 17:00:00,2026-01-02 15:00:00,2026-01-02 23:00:00,1.34649,1.35017,1.34637,1.34967,13602.0
2026-01-02 18:00:00,2026-01-02 16:00:00,2026-01-03 00:00:00,1.34968,1.34986,1.3473,1.34779,11443.0
2026-01-02 19:00:00,2026-01-02 17:00:00,2026-01-03 01:00:00,1.3478,1.34782,1.34611,1.34626,10720.0
2026-01-02 20:00:00,2026-01-02 18:00:00,2026-01-03 02:00:00,1.34624,1.34639,1.34462,1.34511,10243.0
2026-01-02 21:00:00,2026-01-02 19:00:00,2026-01-03 03:00:00,1.34512,1.34582,1.34474,1.34549,9280.0
2026-01-02 22:00:00,2026-01-02 20:00:00,2026-01-03 04:00:00,1.34551,1.34575,1.34495,1.34566,7438.0
2026-01-02 23:00:00,2026-01-02 21:00:00,2026-01-03 05:00:00,1.34564,1.34666,1.34558,1.34598,3587.0
2026-01-05 00:00:00,2026-01-04 22:00:00,2026-01-05 06:00:00,1.34455,1.34566,1.34414,1.34437,3553.0
2026-01-05 01:00:00,2026-01-04 23:00:00,2026-01-05 07:00:00,1.34465,1.34564,1.34372,1.3438,5583.0
2026-01-05 02:00:00,2026-01-05 00:00:00,2026-01-05 08:00:00,1.34379,1.34477,1.34375,1.34429,7366.0
2026-01-05 03:00:00,2026-01-05 01:00:00,2026-01-05 09:00:00,1.34429,1.34486,1.34382,1.34401,10245.0
2026-01-05 04:00:00,2026-01-05 02:00:00,2026-01-05 10:00:00,1.34404,1.3443,1.34257,1.34309,8375.0
2026-01-05 05:00:00,2026-01-05 03:00:00,2026-01-05 11:00:00,1.34311,1.34363,1.34141,1.34158,9131.0
2026-01-05 06:00:00,2026-01-05 04:00:00,2026-01-05 12:00:00,1.34162,1.34278,1.3414,1.34253,5963.0
2026-01-05 07:00:00,2026-01-05 05:00:00,2026-01-05 13:00:00,1.34253,1.34316,1.3423,1.34282,5034.0
2026-01-05 08:00:00,2026-01-05 06:00:00,2026-01-05 14:00:00,1.34279,1.34366,1.34202,1.34354,7768.0
2026-01-05 09:00:00,2026-01-05 07:00:00,2026-01-05 15:00:00,1.34353,1.34365,1.34202,1.3423,9307.0
2026-01-05 10:00:00,2026-01-05 08:00:00,2026-01-05 16:00:00,1.34229,1.34385,1.34175,1.34258,12301.0
2026-01-05 11:00:00,2026-01-05 09:00:00,2026-01-05 17:00:00,1.3426,1.34434,1.34221,1.34425,10344.0
2026-01-05 12:00:00,2026-01-05 10:00:00,2026-01-05 18:00:00,1.34425,1.34647,1.34402,1.3463,11451.0
2026-01-05 13:00:00,2026-01-05 11:00:00,2026-01-05 19:00:00,1.3463,1.34707,1.34581,1.34595,10725.0
2026-01-05 14:00:00,2026-01-05 12:00:00,2026-01-05 20:00:00,1.34596,1.34744,1.34529,1.34559,10185.0
2026-01-05 15:00:00,2026-01-05 13:00:00,2026-01-05 21:00:00,1.3456,1.34573,1.34251,1.34527,12579.0
2026-01-05 16:00:00,2026-01-05 14:00:00,2026-01-05 22:00:00,1.34537,1.34767,1.34505,1.34718,13784.0
2026-01-05 17:00:00,2026-01-05 15:00:00,2026-01-05 23:00:00,1.3472,1.3504,1.3472,1.35029,13565.0
2026-01-05 18:00:00,2026-01-05 16:00:00,2026-01-06 00:00:00,1.3503,1.35249,1.35022,1.35249,12232.0
2026-01-05 19:00:00,2026-01-05 17:00:00,2026-01-06 01:00:00,1.35247,1.3539,1.35241,1.35324,10308.0
2026-01-05 20:00:00,2026-01-05 18:00:00,2026-01-06 02:00:00,1.35327,1.35392,1.35287,1.35392,8303.0
2026-01-05 21:00:00,2026-01-05 19:00:00,2026-01-06 03:00:00,1.35395,1.3546,1.35351,1.35428,8341.0
2026-01-05 22:00:00,2026-01-05 20:00:00,2026-01-06 04:00:00,1.35427,1.35465,1.3542,1.35433,7646.0
2026-01-05 23:00:00,2026-01-05 21:00:00,2026-01-06 05:00:00,1.3543,1.35481,1.35397,1.35424,4560.0
2026-01-06 00:00:00,2026-01-05 22:00:00,2026-01-06 06:00:00,1.35386,1.3542,1.35374,1.3538,2334.0
2026-01-06 01:00:00,2026-01-05 23:00:00,2026-01-06 07:00:00,1.35385,1.35407,1.35316,1.35321,3289.0
2026-01-06 02:00:00,2026-01-06 00:00:00,2026-01-06 08:00:00,1.35321,1.35359,1.35277,1.35357,5480.0
2026-01-06 03:00:00,2026-01-06 01:00:00,2026-01-06 09:00:00,1.35357,1.35465,1.35315,1.35463,8417.0
2026-01-06 04:00:00,2026-01-06 02:00:00,2026-01-06 10:00:00,1.35465,1.35577,1.35413,1.35563,8303.0
2026-01-06 05:00:00,2026-01-06 03:00:00,2026-01-06 11:00:00,1.35564,1.35619,1.35501,1.35585,6539.0
2026-01-06 06:00:00,2026-01-06 04:00:00,2026-01-06 12:00:00,1.35584,1.35618,1.35538,1.35556,5640.0
2026-01-06 07:00:00,2026-01-06 05:00:00,2026-01-06 13:00:00,1.35557,1.35581,1.3546,1.35492,5688.0
2026-01-06 08:00:00,2026-01-06 06:00:00,2026-01-06 14:00:00,1.35494,1.3558,1.35485,1.35552,8428.0
2026-01-06 09:00:00,2026-01-06 07:00:00,2026-01-06 15:00:00,1.35557,1.3568,1.3547,1.35503,9036.0
2026-01-06 10:00:00,2026-01-06 08:00:00,2026-01-06 16:00:00,1.35503,1.35668,1.35476,1.3554,11177.0
2026-01-06 11:00:00,2026-01-06 09:00:00,2026-01-06 17:00:00,1.35535,1.35551,1.35355,1.35358,12976.0
2026-01-06 12:00:00,2026-01-06 10:00:00,2026-01-06 18:00:00,1.35358,1.35395,1.35299,1.35324,10314.0
2026-01-06 13:00:00,2026-01-06 11:00:00,2026-01-06 19:00:00,1.35329,1.3535,1.35173,1.35205,9743.0
2026-01-06 14:00:00,2026-01-06 12:00:00,2026-01-06 20:00:00,1.35204,1.35294,1.35084,1.35117,10779.0
2026-01-06 15:00:00,2026-01-06 13:00:00,2026-01-06 21:00:00,1.35117,1.35241,1.35063,1.35235,11378.0
2026-01-06 16:00:00,2026-01-06 14:00:00,2026-01-06 22:00:00,1.35234,1.35349,1.35152,1.3525,13050.0
2026-01-06 17:00:00,2026-01-06 15:00:00,2026-01-06 23:00:00,1.35252,1.35273,1.34939,1.35073,14338.0
2026-01-06 18:00:00,2026-01-06 16:00:00,2026-01-07 00:00:00,1.35075,1.35092,1.34914,1.3495,11007.0
2026-01-06 19:00:00,2026-01-06 17:00:00,2026-01-07 01:00:00,1.3495,1.3511,1.34925,1.35105,8502.0
2026-01-06 20:00:00,2026-01-06 18:00:00,2026-01-07 02:00:00,1.35102,1.3512,1.34979,1.34982,7417.0
2026-01-06 21:00:00,2026-01-06 19:00:00,2026-01-07 03:00:00,1.34981,1.35009,1.34924,1.35002,7041.0
2026-01-06 22:00:00,2026-01-06 20:00:00,2026-01-07 04:00:00,1.35003,1.35062,1.34986,1.34988,6644.0
2026-01-06 23:00:00,2026-01-06 21:00:00,2026-01-07 05:00:00,1.34987,1.35024,1.34974,1.35019,4061.0
2026-01-07 00:00:00,2026-01-06 22:00:00,2026-01-07 06:00:00,1.34943,1.35016,1.34894,1.34997,1634.0
2026-01-07 01:00:00,2026-01-06 23:00:00,2026-01-07 07:00:00,1.35003,1.35036,1.34991,1.34996,2458.0
2026-01-07 02:00:00,2026-01-07 00:00:00,2026-01-07 08:00:00,1.34993,1.35051,1.34973,1.35027,7319.0
2026-01-07 03:00:00,2026-01-07 01:00:00,2026-01-07 09:00:00,1.35027,1.35103,1.35,1.35056,8608.0
2026-01-07 04:00:00,2026-01-07 02:00:00,2026-01-07 10:00:00,1.35053,1.35132,1.35051,1.35099,6907.0
2026-01-07 05:00:00,2026-01-07 03:00:00,2026-01-07 11:00:00,1.351,1.35171,1.35097,1.35142,6272.0
2026-01-07 06:00:00,2026-01-07 04:00:00,2026-01-07 12:00:00,1.3514,1.35158,1.35039,1.35049,6650.0
2026-01-07 07:00:00,2026-01-07 05:00:00,2026-01-07 13:00:00,1.35054,1.35096,1.35025,1.35084,7015.0
2026-01-07 08:00:00,2026-01-07 06:00:00,2026-01-07 14:00:00,1.35085,1.35172,1.3504,1.35135,9743.0
2026-01-07 09:00:00,2026-01-07 07:00:00,2026-01-07 15:00:00,1.35136,1.35167,1.34915,1.34927,9969.0
2026-01-07 10:00:00,2026-01-07 08:00:00,2026-01-07 16:00:00,1.34925,1.34971,1.34849,1.34959,10501.0
2026-01-07 11:00:00,2026-01-07 09:00:00,2026-01-07 17:00:00,1.34959,1.34979,1.34862,1.34944,8890.0
2026-01-07 12:00:00,2026-01-07 10:00:00,2026-01-07 18:00:00,1.34944,1.35045,1.34937,1.34975,9223.0
2026-01-07 13:00:00,2026-01-07 11:00:00,2026-01-07 19:00:00,1.34976,1.35051,1.34944,1.35001,8436.0
2026-01-07 14:00:00,2026-01-07 12:00:00,2026-01-07 20:00:00,1.35,1.35026,1.34862,1.34918,10523.0
2026-01-07 15:00:00,2026-01-07 13:00:00,2026-01-07 21:00:00,1.34917,1.35003,1.3482,1.34947,12413.0
2026-01-07 16:00:00,2026-01-07 14:00:00,2026-01-07 22:00:00,1.34948,1.35009,1.34834,1.35007,12228.0
2026-01-07 17:00:00,2026-01-07 15:00:00,2026-01-07 23:00:00,1.35018,1.35018,1.3472,1.3481,15927.0
2026-01-07 18:00:00,2026-01-07 16:00:00,2026-01-08 00:00:00,1.34807,1.34864,1.34679,1.34712,11098.0
2026-01-07 19:00:00,2026-01-07 17:00:00,2026-01-08 01:00:00,1.34712,1.34799,1.34687,1.34733,7948.0
2026-01-07 20:00:00,2026-01-07 18:00:00,2026-01-08 02:00:00,1.34732,1.3474,1.34681,1.34689,8087.0
2026-01-07 21:00:00,2026-01-07 19:00:00,2026-01-08 03:00:00,1.34691,1.34707,1.34619,1.34645,7661.0
2026-01-07 22:00:00,2026-01-07 20:00:00,2026-01-08 04:00:00,1.34647,1.34679,1.34616,1.34627,8472.0
2026-01-07 23:00:00,2026-01-07 21:00:00,2026-01-08 05:00:00,1.34626,1.34629,1.34562,1.34571,3761.0
2026-01-08 00:00:00,2026-01-07 22:00:00,2026-01-08 06:00:00,1.34528,1.3461,1.34528,1.3458,2073.0
2026-01-08 01:00:00,2026-01-07 23:00:00,2026-01-08 07:00:00,1.34586,1.34593,1.34559,1.34587,1723.0
2026-01-08 02:00:00,2026-01-08 00:00:00,2026-01-08 08:00:00,1.34586,1.34608,1.34562,1.34584,4521.0
2026-01-08 03:00:00,2026-01-08 01:00:00,2026-01-08 09:00:00,1.34583,1.34609,1.34529,1.34561,6323.0
2026-01-08 04:00:00,2026-01-08 02:00:00,2026-01-08 10:00:00,1.3456,1.34593,1.34504,1.34567,6341.0
2026-01-08 05:00:00,2026-01-08 03:00:00,2026-01-08 11:00:00,1.34567,1.34656,1.3456,1.34634,6039.0
2026-01-08 06:00:00,2026-01-08 04:00:00,2026-01-08 12:00:00,1.34633,1.34638,1.34583,1.34604,7067.0
2026-01-08 07:00:00,2026-01-08 05:00:00,2026-01-08 13:00:00,1.34603,1.34609,1.34523,1.34579,6523.0
2026-01-08 08:00:00,2026-01-08 06:00:00,2026-01-08 14:00:00,1.34576,1.3462,1.34515,1.34597,8526.0
2026-01-08 09:00:00,2026-01-08 07:00:00,2026-01-08 15:00:00,1.34594,1.34606,1.34453,1.34457,9427.0
2026-01-08 10:00:00,2026-01-08 08:00:00,2026-01-08 16:00:00,1.34458,1.34466,1.34352,1.34386,11899.0
2026-01-08 11:00:00,2026-01-08 09:00:00,2026-01-08 17:00:00,1.34387,1.34454,1.34323,1.34384,9233.0
2026-01-08 12:00:00,2026-01-08 10:00:00,2026-01-08 18:00:00,1.34384,1.3448,1.34357,1.3447,9704.0
2026-01-08 13:00:00,2026-01-08 11:00:00,2026-01-08 19:00:00,1.34468,1.34505,1.34437,1.34441,8148.0
2026-01-08 14:00:00,2026-01-08 12:00:00,2026-01-08 20:00:00,1.34442,1.34476,1.34373,1.34384,7581.0
2026-01-08 15:00:00,2026-01-08 13:00:00,2026-01-08 21:00:00,1.34384,1.34477,1.34158,1.34232,10917.0
2026-01-08 16:00:00,2026-01-08 14:00:00,2026-01-08 22:00:00,1.3423,1.34361,1.3417,1.34355,12967.0
2026-01-08 17:00:00,2026-01-08 15:00:00,2026-01-08 23:00:00,1.34353,1.34471,1.34259,1.34411,12327.0
2026-01-08 18:00:00,2026-01-08 16:00:00,2026-01-09 00:00:00,1.34412,1.34445,1.34286,1.34297,11183.0
2026-01-08 19:00:00,2026-01-08 17:00:00,2026-01-09 01:00:00,1.34291,1.34373,1.34255,1.34362,8743.0
2026-01-08 20:00:00,2026-01-08 18:00:00,2026-01-09 02:00:00,1.34355,1.3438,1.34222,1.3423,9146.0
2026-01-08 21:00:00,2026-01-08 19:00:00,2026-01-09 03:00:00,1.34229,1.3431,1.34194,1.34307,6796.0
2026-01-08 22:00:00,2026-01-08 20:00:00,2026-01-09 04:00:00,1.34308,1.34381,1.34294,1.34363,5785.0
2026-01-08 23:00:00,2026-01-08 21:00:00,2026-01-09 05:00:00,1.34364,1.3445,1.3435,1.34397,4597.0
2026-01-09 00:00:00,2026-01-08 22:00:00,2026-01-09 06:00:00,1.34272,1.34398,1.3427,1.34318,2096.0
2026-01-09 01:00:00,2026-01-08 23:00:00,2026-01-09 07:00:00,1.34319,1.34408,1.34319,1.34359,3204.0
2026-01-09 02:00:00,2026-01-09 00:00:00,2026-01-09 08:00:00,1.34358,1.34372,1.34315,1.34324,4926.0
2026-01-09 03:00:00,2026-01-09 01:00:00,2026-01-09 09:00:00,1.34324,1.34363,1.34264,1.34284,8819.0
2026-01-09 04:00:00,2026-01-09 02:00:00,2026-01-09 10:00:00,1.34281,1.34337,1.34242,1.34323,7266.0
2026-01-09 05:00:00,2026-01-09 03:00:00,2026-01-09 11:00:00,1.34325,1.3438,1.34309,1.3437,6028.0
2026-01-09 06:00:00,2026-01-09 04:00:00,2026-01-09 12:00:00,1.34365,1.34382,1.34314,1.34355,4730.0
2026-01-09 07:00:00,2026-01-09 05:00:00,2026-01-09 13:00:00,1.34355,1.34381,1.34275,1.34301,5588.0
2026-01-09 08:00:00,2026-01-09 06:00:00,2026-01-09 14:00:00,1.343,1.34325,1.34243,1.34273,7391.0
2026-01-09 09:00:00,2026-01-09 07:00:00,2026-01-09 15:00:00,1.34272,1.34292,1.34143,1.34289,9057.0
2026-01-09 10:00:00,2026-01-09 08:00:00,2026-01-09 16:00:00,1.34291,1.34342,1.34117,1.34152,10969.0
2026-01-09 11:00:00,2026-01-09 09:00:00,2026-01-09 17:00:00,1.34155,1.34207,1.34049,1.34102,9380.0
2026-01-09 12:00:00,2026-01-09 10:00:00,2026-01-09 18:00:00,1.34105,1.34128,1.34037,1.34084,8849.0
2026-01-09 13:00:00,2026-01-09 11:00:00,2026-01-09 19:00:00,1.34086,1.3414,1.3405,1.34133,9271.0
2026-01-09 14:00:00,2026-01-09 12:00:00,2026-01-09 20:00:00,1.34134,1.34197,1.34097,1.34197,9545.0
2026-01-09 15:00:00,2026-01-09 13:00:00,2026-01-09 21:00:00,1.34198,1.3451,1.33989,1.34352,16600.0
2026-01-09 16:00:00,2026-01-09 14:00:00,2026-01-09 22:00:00,1.34348,1.34434,1.34062,1.34123,17859.0
2026-01-09 17:00:00,2026-01-09 15:00:00,2026-01-09 23:00:00,1.34126,1.3419,1.33922,1.34181,16310.0
2026-01-09 18:00:00,2026-01-09 16:00:00,2026-01-10 00:00:00,1.34175,1.34225,1.34043,1.34106,12871.0
2026-01-09 19:00:00,2026-01-09 17:00:00,2026-01-10 01:00:00,1.34107,1.34113,1.33977,1.34032,9758.0
2026-01-09 20:00:00,2026-01-09 18:00:00,2026-01-10 02:00:00,1.34033,1.34144,1.33995,1.3406,8199.0
2026-01-09 21:00:00,2026-01-09 19:00:00,2026-01-10 03:00:00,1.34062,1.34114,1.34035,1.34064,7070.0
2026-01-09 22:00:00,2026-01-09 20:00:00,2026-01-10 04:00:00,1.34065,1.34097,1.3405,1.34068,5773.0
2026-01-09 23:00:00,2026-01-09 21:00:00,2026-01-10 05:00:00,1.34068,1.34093,1.33973,1.33979,3224.0
2026-01-12 00:00:00,2026-01-11 22:00:00,2026-01-12 06:00:00,1.33936,1.33979,1.33916,1.33922,1532.0
2026-01-12 01:00:00,2026-01-11 23:00:00,2026-01-12 07:00:00,1.33932,1.33996,1.33919,1.33938,4147.0
2026-01-12 02:00:00,2026-01-12 00:00:00,2026-01-12 08:00:00,1.33939,1.34352,1.33906,1.34345,9633.0
2026-01-12 03:00:00,2026-01-12 01:00:00,2026-01-12 09:00:00,1.34352,1.34412,1.34263,1.34276,12083.0
2026-01-12 04:00:00,2026-01-12 02:00:00,2026-01-12 10:00:00,1.34273,1.34339,1.3421,1.34224,7774.0
2026-01-12 05:00:00,2026-01-12 03:00:00,2026-01-12 11:00:00,1.34225,1.34282,1.34201,1.34203,5656.0
2026-01-12 06:00:00,2026-01-12 04:00:00,2026-01-12 12:00:00,1.34203,1.34241,1.34165,1.34223,4622.0
2026-01-12 07:00:00,2026-01-12 05:00:00,2026-01-12 13:00:00,1.34226,1.34361,1.34218,1.34336,5787.0
2026-01-12 08:00:00,2026-01-12 06:00:00,2026-01-12 14:00:00,1.34334,1.34415,1.34292,1.34389,5812.0
2026-01-12 09:00:00,2026-01-12 07:00:00,2026-01-12 15:00:00,1.34388,1.3447,1.34338,1.34446,10044.0
2026-01-12 10:00:00,2026-01-12 08:00:00,2026-01-12 16:00:00,1.34445,1.34614,1.34429,1.34568,10838.0
2026-01-12 11:00:00,2026-01-12 09:00:00,2026-01-12 17:00:00,1.34569,1.3469,1.34505,1.34537,10354.0
2026-01-12 12:00:00,2026-01-12 10:00:00,2026-01-12 18:00:00,1.34538,1.34712,1.34482,1.34708,9794.0
2026-01-12 13:00:00,2026-01-12 11:00:00,2026-01-12 19:00:00,1.34707,1.34745,1.34546,1.34598,9263.0
2026-01-12 14:00:00,2026-01-12 12:00:00,2026-01-12 20:00:00,1.34593,1.34736,1.34573,1.34657,10199.0
2026-01-12 15:00:00,2026-01-12 13:00:00,2026-01-12 21:00:00,1.34657,1.34855,1.3461,1.34813,10537.0
2026-01-12 16:00:00,2026-01-12 14:00:00,2026-01-12 22:00:00,1.34811,1.34835,1.34635,1.34735,12785.0
2026-01-12 17:00:00,2026-01-12 15:00:00,2026-01-12 23:00:00,1.34737,1.34801,1.34678,1.34754,10744.0
2026-01-12 18:00:00,2026-01-12 16:00:00,2026-01-13 00:00:00,1.34754,1.34773,1.34633,1.34638,10312.0
2026-01-12 19:00:00,2026-01-12 17:00:00,2026-01-13 01:00:00,1.34633,1.34721,1.34554,1.34643,9215.0
2026-01-12 20:00:00,2026-01-12 18:00:00,2026-01-13 02:00:00,1.34641,1.34641,1.34571,1.3459,6050.0
2026-01-12 21:00:00,2026-01-12 19:00:00,2026-01-13 03:00:00,1.34589,1.34666,1.3457,1.34657,5924.0
2026-01-12 22:00:00,2026-01-12 20:00:00,2026-01-13 04:00:00,1.34658,1.3469,1.34618,1.34631,7865.0
2026-01-12 23:00:00,2026-01-12 21:00:00,2026-01-13 05:00:00,1.34633,1.34701,1.34615,1.34642,3957.0
2026-01-13 00:00:00,2026-01-12 22:00:00,2026-01-13 06:00:00,1.34574,1.34654,1.34566,1.34602,2468.0
2026-01-13 01:00:00,2026-01-12 23:00:00,2026-01-13 07:00:00,1.34608,1.3469,1.34608,1.34657,3744.0
2026-01-13 02:00:00,2026-01-13 00:00:00,2026-01-13 08:00:00,1.34661,1.34765,1.34623,1.34758,6206.0
2026-01-13 03:00:00,2026-01-13 01:00:00,2026-01-13 09:00:00,1.34758,1.34774,1.34666,1.34704,7681.0
2026-01-13 04:00:00,2026-01-13 02:00:00,2026-01-13 10:00:00,1.34702,1.34764,1.34693,1.34729,7919.0
2026-01-13 05:00:00,2026-01-13 03:00:00,2026-01-13 11:00:00,1.34728,1.34788,1.3469,1.34704,6250.0
2026-01-13 06:00:00,2026-01-13 04:00:00,2026-01-13 12:00:00,1.34705,1.34768,1.34696,1.34735,5467.0
2026-01-13 07:00:00,2026-01-13 05:00:00,2026-01-13 13:00:00,1.34734,1.34771,1.34707,1.34724,6113.0
2026-01-13 08:00:00,2026-01-13 06:00:00,2026-01-13 14:00:00,1.34726,1.34727,1.34624,1.34724,7594.0
2026-01-13 09:00:00,2026-01-13 07:00:00,2026-01-13 15:00:00,1.34722,1.34737,1.34622,1.34672,7630.0
2026-01-13 10:00:00,2026-01-13 08:00:00,2026-01-13 16:00:00,1.34671,1.3478,1.34632,1.34766,9565.0
2026-01-13 11:00:00,2026-01-13 09:00:00,2026-01-13 17:00:00,1.34767,1.34853,1.34735,1.34809,8768.0
2026-01-13 12:00:00,2026-01-13 10:00:00,2026-01-13 18:00:00,1.34811,1.34831,1.34693,1.34712,8503.0
2026-01-13 13:00:00,2026-01-13 11:00:00,2026-01-13 19:00:00,1.3471,1.3474,1.34671,1.34728,7476.0
2026-01-13 14:00:00,2026-01-13 12:00:00,2026-01-13 20:00:00,1.34726,1.34736,1.3458,1.34607,7611.0
2026-01-13 15:00:00,2026-01-13 13:00:00,2026-01-13 21:00:00,1.34608,1.34949,1.34545,1.34752,15374.0
2026-01-13 16:00:00,2026-01-13 14:00:00,2026-01-13 22:00:00,1.34748,1.34774,1.34512,1.34588,15754.0
2026-01-13 17:00:00,2026-01-13 15:00:00,2026-01-13 23:00:00,1.34587,1.34602,1.34349,1.34423,14600.0
2026-01-13 18:00:00,2026-01-13 16:00:00,2026-01-14 00:00:00,1.34421,1.34451,1.34247,1.34343,11558.0
2026-01-13 19:00:00,2026-01-13 17:00:00,2026-01-14 01:00:00,1.34343,1.3438,1.3427,1.34335,10627.0
2026-01-13 20:00:00,2026-01-13 18:00:00,2026-01-14 02:00:00,1.3434,1.34408,1.34244,1.34399,7989.0
2026-01-13 21:00:00,2026-01-13 19:00:00,2026-01-14 03:00:00,1.34401,1.34401,1.34277,1.34349,8596.0
2026-01-13 22:00:00,2026-01-13 20:00:00,2026-01-14 04:00:00,1.34347,1.34364,1.34289,1.34303,8429.0
2026-01-13 23:00:00,2026-01-13 21:00:00,2026-01-14 05:00:00,1.343,1.34317,1.34215,1.34218,4033.0
2026-01-14 00:00:00,2026-01-13 22:00:00,2026-01-14 06:00:00,1.34169,1.3425,1.34169,1.3421,1749.0
2026-01-14 01:00:00,2026-01-13 23:00:00,2026-01-14 07:00:00,1.34213,1.34286,1.34213,1.34256,3353.0
2026-01-14 02:00:00,2026-01-14 00:00:00,2026-01-14 08:00:00,1.34259,1.34273,1.3421,1.34268,5335.0
2026-01-14 03:00:00,2026-01-14 01:00:00,2026-01-14 09:00:00,1.34269,1.34269,1.34194,1.34226,7036.0
2026-01-14 04:00:00,2026-01-14 02:00:00,2026-01-14 10:00:00,1.34227,1.34368,1.34209,1.34357,7353.0
2026-01-14 05:00:00,2026-01-14 03:00:00,2026-01-14 11:00:00,1.34356,1.34474,1.34356,1.34445,6704.0
2026-01-14 06:00:00,2026-01-14 04:00:00,2026-01-14 12:00:00,1.34445,1.34464,1.3439,1.34396,5080.0
2026-01-14 07:00:00,2026-01-14 05:00:00,2026-01-14 13:00:00,1.34397,1.34419,1.34348,1.34357,6340.0
2026-01-14 08:00:00,2026-01-14 06:00:00,2026-01-14 14:00:00,1.34357,1.34482,1.34337,1.34472,7011.0
2026-01-14 09:00:00,2026-01-14 07:00:00,2026-01-14 15:00:00,1.34473,1.34498,1.34375,1.34395,8388.0
2026-01-14 10:00:00,2026-01-14 08:00:00,2026-01-14 16:00:00,1.34395,1.34498,1.34367,1.34496,11438.0
2026-01-14 11:00:00,2026-01-14 09:00:00,2026-01-14 17:00:00,1.34496,1.34589,1.34463,1.34572,10493.0
2026-01-14 12:00:00,2026-01-14 10:00:00,2026-01-14 18:00:00,1.34567,1.34588,1.34503,1.34535,9220.0
2026-01-14 13:00:00,2026-01-14 11:00:00,2026-01-14 19:00:00,1.34537,1.3454,1.34454,1.34488,7983.0
2026-01-14 14:00:00,2026-01-14 12:00:00,2026-01-14 20:00:00,1.34489,1.3458,1.34424,1.34524,9547.0
2026-01-14 15:00:00,2026-01-14 13:00:00,2026-01-14 21:00:00,1.34522,1.34528,1.34389,1.34445,10615.0
2026-01-14 16:00:00,2026-01-14 14:00:00,2026-01-14 22:00:00,1.34444,1.3464,1.34433,1.34562,12945.0
2026-01-14 17:00:00,2026-01-14 15:00:00,2026-01-14 23:00:00,1.34561,1.34614,1.34437,1.34563,14460.0
2026-01-14 18:00:00,2026-01-14 16:00:00,2026-01-15 00:00:00,1.34561,1.34583,1.34403,1.34439,10886.0
2026-01-14 19:00:00,2026-01-14 17:00:00,2026-01-15 01:00:00,1.34438,1.3445,1.343,1.34321,8843.0
2026-01-14 20:00:00,2026-01-14 18:00:00,2026-01-15 02:00:00,1.3432,1.3433,1.34263,1.34268,8201.0
2026-01-14 21:00:00,2026-01-14 19:00:00,2026-01-15 03:00:00,1.34266,1.34329,1.34244,1.34311,7188.0
2026-01-14 22:00:00,2026-01-14 20:00:00,2026-01-15 04:00:00,1.34311,1.34408,1.34296,1.34331,8533.0
2026-01-14 23:00:00,2026-01-14 21:00:00,2026-01-15 05:00:00,1.3433,1.34471,1.34323,1.3447,5459.0
2026-01-15 00:00:00,2026-01-14 22:00:00,2026-01-15 06:00:00,1.34305,1.34443,1.34305,1.34349,3164.0
2026-01-15 01:00:00,2026-01-14 23:00:00,2026-01-15 07:00:00,1.34348,1.34444,1.34348,1.34401,3430.0
2026-01-15 02:00:00,2026-01-15 00:00:00,2026-01-15 08:00:00,1.34397,1.34397,1.34305,1.34372,5347.0
2026-01-15 03:00:00,2026-01-15 01:00:00,2026-01-15 09:00:00,1.34373,1.34389,1.34271,1.34352,10202.0
2026-01-15 04:00:00,2026-01-15 02:00:00,2026-01-15 10:00:00,1.34351,1.34351,1.34296,1.34331,9214.0
2026-01-15 05:00:00,2026-01-15 03:00:00,2026-01-15 11:00:00,1.34331,1.34337,1.34255,1.34274,7062.0
2026-01-15 06:00:00,2026-01-15 04:00:00,2026-01-15 12:00:00,1.34276,1.34291,1.34229,1.34241,5002.0
2026-01-15 07:00:00,2026-01-15 05:00:00,2026-01-15 13:00:00,1.34239,1.34317,1.34228,1.34273,7450.0
2026-01-15 08:00:00,2026-01-15 06:00:00,2026-01-15 14:00:00,1.34271,1.34327,1.34231,1.34275,8356.0
2026-01-15 09:00:00,2026-01-15 07:00:00,2026-01-15 15:00:00,1.34278,1.34429,1.34235,1.34348,8900.0
2026-01-15 10:00:00,2026-01-15 08:00:00,2026-01-15 16:00:00,1.3434,1.34437,1.34265,1.34388,9423.0
2026-01-15 11:00:00,2026-01-15 09:00:00,2026-01-15 17:00:00,1.34389,1.34453,1.34355,1.34366,9698.0
2026-01-15 12:00:00,2026-01-15 10:00:00,2026-01-15 18:00:00,1.34368,1.34387,1.34157,1.34201,9289.0
2026-01-15 13:00:00,2026-01-15 11:00:00,2026-01-15 19:00:00,1.34202,1.34281,1.34171,1.34184,8289.0
2026-01-15 14:00:00,2026-01-15 12:00:00,2026-01-15 20:00:00,1.34183,1.3421,1.34013,1.34041,8637.0
2026-01-15 15:00:00,2026-01-15 13:00:00,2026-01-15 21:00:00,1.34037,1.34044,1.33685,1.33731,12717.0
2026-01-15 16:00:00,2026-01-15 14:00:00,2026-01-15 22:00:00,1.33733,1.33873,1.33625,1.33713,12844.0
2026-01-15 17:00:00,2026-01-15 15:00:00,2026-01-15 23:00:00,1.33714,1.33885,1.33689,1.3386,12496.0
2026-01-15 18:00:00,2026-01-15 16:00:00,2026-01-16 00:00:00,1.33859,1.33942,1.33794,1.33849,10595.0
2026-01-15 19:00:00,2026-01-15 17:00:00,2026-01-16 01:00:00,1.33849,1.33938,1.33807,1.33877,7949.0
2026-01-15 20:00:00,2026-01-15 18:00:00,2026-01-16 02:00:00,1.33878,1.3394,1.33876,1.33919,6843.0
2026-01-15 21:00:00,2026-01-15 19:00:00,2026-01-16 03:00:00,1.33912,1.33921,1.33834,1.33855,8445.0
2026-01-15 22:00:00,2026-01-15 20:00:00,2026-01-16 04:00:00,1.33856,1.33857,1.33745,1.33755,6592.0
2026-01-15 23:00:00,2026-01-15 21:00:00,2026-01-16 05:00:00,1.33757,1.33842,1.3375,1.3382,3658.0
2026-01-16 00:00:00,2026-01-15 22:00:00,2026-01-16 06:00:00,1.33707,1.33811,1.33707,1.3375,2520.0
2026-01-16 01:00:00,2026-01-15 23:00:00,2026-01-16 07:00:00,1.33752,1.33829,1.33752,1.33808,4505.0
2026-01-16 02:00:00,2026-01-16 00:00:00,2026-01-16 08:00:00,1.33809,1.33825,1.33703,1.33771,6111.0
2026-01-16 03:00:00,2026-01-16 01:00:00,2026-01-16 09:00:00,1.3377,1.33842,1.3375,1.33798,10095.0
2026-01-16 04:00:00,2026-01-16 02:00:00,2026-01-16 10:00:00,1.33799,1.33883,1.33785,1.33844,9868.0
2026-01-16 05:00:00,2026-01-16 03:00:00,2026-01-16 11:00:00,1.33841,1.33908,1.33827,1.33905,7009.0
2026-01-16 06:00:00,2026-01-16 04:00:00,2026-01-16 12:00:00,1.33906,1.33914,1.33878,1.33887,5370.0
2026-01-16 07:00:00,2026-01-16 05:00:00,2026-01-16 13:00:00,1.33887,1.33897,1.33814,1.33827,5780.0
2026-01-16 08:00:00,2026-01-16 06:00:00,2026-01-16 14:00:00,1.33829,1.3384,1.33767,1.33805,6330.0
2026-01-16 09:00:00,2026-01-16 07:00:00,2026-01-16 15:00:00,1.33804,1.33921,1.3377,1.33904,8753.0
2026-01-16 10:00:00,2026-01-16 08:00:00,2026-01-16 16:00:00,1.33905,1.33983,1.33893,1.33929,9900.0
2026-01-16 11:00:00,2026-01-16 09:00:00,2026-01-16 17:00:00,1.33928,1.34051,1.33906,1.33966,8560.0
2026-01-16 12:00:00,2026-01-16 10:00:00,2026-01-16 18:00:00,1.33965,1.34128,1.33964,1.34055,8540.0
2026-01-16 13:00:00,2026-01-16 11:00:00,2026-01-16 19:00:00,1.34055,1.34122,1.34049,1.34077,7074.0
2026-01-16 14:00:00,2026-01-16 12:00:00,2026-01-16 20:00:00,1.34076,1.34099,1.3393,1.33999,9007.0
2026-01-16 15:00:00,2026-01-16 13:00:00,2026-01-16 21:00:00,1.33999,1.34082,1.33883,1.34036,10919.0
2026-01-16 16:00:00,2026-01-16 14:00:00,2026-01-16 22:00:00,1.34037,1.34051,1.3395,1.33982,9873.0
2026-01-16 17:00:00,2026-01-16 15:00:00,2026-01-16 23:00:00,1.3398,1.34041,1.33659,1.33777,15229.0
2026-01-16 18:00:00,2026-01-16 16:00:00,2026-01-17 00:00:00,1.33778,1.33898,1.33772,1.33816,12312.0
2026-01-16 19:00:00,2026-01-16 17:00:00,2026-01-17 01:00:00,1.33816,1.33866,1.33761,1.3379,9686.0
2026-01-16 20:00:00,2026-01-16 18:00:00,2026-01-17 02:00:00,1.33789,1.33869,1.33734,1.33797,8977.0
2026-01-16 21:00:00,2026-01-16 19:00:00,2026-01-17 03:00:00,1.33797,1.3385,1.33758,1.33816,7153.0
2026-01-16 22:00:00,2026-01-16 20:00:00,2026-01-17 04:00:00,1.33818,1.33864,1.33787,1.33804,5259.0
2026-01-16 23:00:00,2026-01-16 21:00:00,2026-01-17 05:00:00,1.33804,1.33827,1.33745,1.33753,3913.0
2026-01-19 00:00:00,2026-01-18 22:00:00,2026-01-19 06:00:00,1.33451,1.33546,1.33394,1.33508,1871.0
2026-01-19 01:00:00,2026-01-18 23:00:00,2026-01-19 07:00:00,1.33511,1.34067,1.33511,1.34019,8045.0
2026-01-19 02:00:00,2026-01-19 00:00:00,2026-01-19 08:00:00,1.3402,1.34088,1.33824,1.34005,11065.0
2026-01-19 03:00:00,2026-01-19 01:00:00,2026-01-19 09:00:00,1.34006,1.34029,1.33906,1.33917,11740.0
2026-01-19 04:00:00,2026-01-19 02:00:00,2026-01-19 10:00:00,1.33916,1.33932,1.33809,1.33863,10214.0
2026-01-19 05:00:00,2026-01-19 03:00:00,2026-01-19 11:00:00,1.33862,1.33894,1.33855,1.33886,3108.0
2026-01-19 06:00:00,2026-01-19 04:00:00,2026-01-19 12:00:00,1.33886,1.33961,1.3388,1.33947,9578.0
2026-01-19 07:00:00,2026-01-19 05:00:00,2026-01-19 13:00:00,1.33948,1.34059,1.33928,1.33947,9714.0
2026-01-19 08:00:00,2026-01-19 06:00:00,2026-01-19 14:00:00,1.33946,1.34008,1.3394,1.33988,7033.0
2026-01-19 09:00:00,2026-01-19 07:00:00,2026-01-19 15:00:00,1.33988,1.34101,1.3384,1.33889,10812.0
2026-01-19 10:00:00,2026-01-19 08:00:00,2026-01-19 16:00:00,1.3389,1.34093,1.33868,1.34089,9731.0
2026-01-19 11:00:00,2026-01-19 09:00:00,2026-01-19 17:00:00,1.34087,1.34158,1.33907,1.34057,9984.0
2026-01-19 12:00:00,2026-01-19 10:00:00,2026-01-19 18:00:00,1.34055,1.34128,1.3405,1.341,7696.0
2026-01-19 13:00:00,2026-01-19 11:00:00,2026-01-19 19:00:00,1.34099,1.34108,1.34019,1.34083,7272.0
2026-01-19 14:00:00,2026-01-19 12:00:00,2026-01-19 20:00:00,1.34082,1.34146,1.34045,1.34056,6910.0
2026-01-19 15:00:00,2026-01-19 13:00:00,2026-01-19 21:00:00,1.34055,1.3417,1.34052,1.34135,8091.0
2026-01-19 16:00:00,2026-01-19 14:00:00,2026-01-19 22:00:00,1.34135,1.34241,1.34103,1.34202,8670.0
2026-01-19 17:00:00,2026-01-19 15:00:00,2026-01-19 23:00:00,1.34198,1.34288,1.34185,1.34219,10062.0
2026-01-19 18:00:00,2026-01-19 16:00:00,2026-01-20 00:00:00,1.3422,1.34344,1.34207,1.3428,7532.0
2026-01-19 19:00:00,2026-01-19 17:00:00,2026-01-20 01:00:00,1.34284,1.34335,1.34262,1.3431,7319.0
2026-01-19 20:00:00,2026-01-19 18:00:00,2026-01-20 02:00:00,1.34308,1.34339,1.34259,1.34265,4753.0
2026-01-19 21:00:00,2026-01-19 19:00:00,2026-01-20 03:00:00,1.34262,1.343,1.34251,1.3426,3299.0
2026-01-19 22:00:00,2026-01-19 20:00:00,2026-01-20 04:00:00,1.34259,1.34283,1.34248,1.34278,2761.0
2026-01-19 23:00:00,2026-01-19 21:00:00,2026-01-20 05:00:00,1.34277,1.34284,1.34228,1.34254,2468.0
2026-01-20 00:00:00,2026-01-19 22:00:00,2026-01-20 06:00:00,1.34098,1.34265,1.34098,1.34188,2287.0
2026-01-20 01:00:00,2026-01-19 23:00:00,2026-01-20 07:00:00,1.34203,1.34261,1.34165,1.34192,2429.0
2026-01-20 02:00:00,2026-01-20 00:00:00,2026-01-20 08:00:00,1.34193,1.34203,1.34103,1.34182,5783.0
2026-01-20 03:00:00,2026-01-20 01:00:00,2026-01-20 09:00:00,1.34181,1.34244,1.34158,1.3424,7934.0
2026-01-20 04:00:00,2026-01-20 02:00:00,2026-01-20 10:00:00,1.34239,1.34284,1.34196,1.34238,6133.0
2026-01-20 05:00:00,2026-01-20 03:00:00,2026-01-20 11:00:00,1.34237,1.34398,1.34231,1.34355,7376.0
2026-01-20 06:00:00,2026-01-20 04:00:00,2026-01-20 12:00:00,1.34352,1.34428,1.34347,1.34408,7033.0
2026-01-20 07:00:00,2026-01-20 05:00:00,2026-01-20 13:00:00,1.3441,1.34501,1.34401,1.34412,6323.0
2026-01-20 08:00:00,2026-01-20 06:00:00,2026-01-20 14:00:00,1.34414,1.34439,1.34313,1.34347,8012.0
2026-01-20 09:00:00,2026-01-20 07:00:00,2026-01-20 15:00:00,1.34342,1.34825,1.34256,1.34744,12407.0
2026-01-20 10:00:00,2026-01-20 08:00:00,2026-01-20 16:00:00,1.34747,1.34912,1.34741,1.34783,14569.0
2026-01-20 11:00:00,2026-01-20 09:00:00,2026-01-20 17:00:00,1.34783,1.34893,1.34703,1.34751,13257.0
2026-01-20 12:00:00,2026-01-20 10:00:00,2026-01-20 18:00:00,1.34748,1.34854,1.34647,1.34802,12046.0
2026-01-20 13:00:00,2026-01-20 11:00:00,2026-01-20 19:00:00,1.34801,1.34829,1.34593,1.34632,10527.0
2026-01-20 14:00:00,2026-01-20 12:00:00,2026-01-20 20:00:00,1.3463,1.34661,1.34393,1.3446,12416.0
2026-01-20 15:00:00,2026-01-20 13:00:00,2026-01-20 21:00:00,1.34461,1.34781,1.34407,1.34523,15297.0
2026-01-20 16:00:00,2026-01-20 14:00:00,2026-01-20 22:00:00,1.34527,1.34628,1.34408,1.34578,16016.0
2026-01-20 17:00:00,2026-01-20 15:00:00,2026-01-20 23:00:00,1.34579,1.34769,1.34525,1.34569,13758.0
2026-01-20 18:00:00,2026-01-20 16:00:00,2026-01-21 00:00:00,1.34565,1.34707,1.3453,1.34697,12839.0
2026-01-20 19:00:00,2026-01-20 17:00:00,2026-01-21 01:00:00,1.34696,1.34753,1.34558,1.34562,10842.0
2026-01-20 20:00:00,2026-01-20 18:00:00,2026-01-21 02:00:00,1.3456,1.34577,1.34424,1.34429,7945.0
2026-01-20 21:00:00,2026-01-20 19:00:00,2026-01-21 03:00:00,1.34431,1.34451,1.34264,1.34278,7789.0
2026-01-20 22:00:00,2026-01-20 20:00:00,2026-01-21 04:00:00,1.34279,1.34358,1.34252,1.34334,8294.0
2026-01-20 23:00:00,2026-01-20 21:00:00,2026-01-21 05:00:00,1.34333,1.34428,1.34322,1.34416,4581.0
2026-01-21 00:00:00,2026-01-20 22:00:00,2026-01-21 06:00:00,1.34341,1.34437,1.34316,1.34374,3193.0
2026-01-21 01:00:00,2026-01-20 23:00:00,2026-01-21 07:00:00,1.34376,1.34428,1.34376,1.34408,3196.0
2026-01-21 02:00:00,2026-01-21 00:00:00,2026-01-21 08:00:00,1.34407,1.34429,1.3433,1.34428,5526.0
2026-01-21 03:00:00,2026-01-21 01:00:00,2026-01-21 09:00:00,1.34426,1.34569,1.34396,1.3452,10333.0
2026-01-21 04:00:00,2026-01-21 02:00:00,2026-01-21 10:00:00,1.3452,1.34548,1.34432,1.34442,6642.0
2026-01-21 05:00:00,2026-01-21 03:00:00,2026-01-21 11:00:00,1.34441,1.34465,1.34331,1.344,8076.0
2026-01-21 06:00:00,2026-01-21 04:00:00,2026-01-21 12:00:00,1.34399,1.344,1.34328,1.34379,6114.0
2026-01-21 07:00:00,2026-01-21 05:00:00,2026-01-21 13:00:00,1.34379,1.344,1.34349,1.34377,7101.0
2026-01-21 08:00:00,2026-01-21 06:00:00,2026-01-21 14:00:00,1.34374,1.34428,1.34352,1.34361,6711.0
2026-01-21 09:00:00,2026-01-21 07:00:00,2026-01-21 15:00:00,1.34355,1.34492,1.34298,1.34425,10765.0
2026-01-21 10:00:00,2026-01-21 08:00:00,2026-01-21 16:00:00,1.34422,1.3448,1.34326,1.34383,10979.0
2026-01-21 11:00:00,2026-01-21 09:00:00,2026-01-21 17:00:00,1.34384,1.34388,1.34087,1.341,9639.0
2026-01-21 12:00:00,2026-01-21 10:00:00,2026-01-21 18:00:00,1.34105,1.34149,1.3403,1.34076,10976.0
2026-01-21 13:00:00,2026-01-21 11:00:00,2026-01-21 19:00:00,1.34074,1.34214,1.34015,1.341,10777.0
2026-01-21 14:00:00,2026-01-21 12:00:00,2026-01-21 20:00:00,1.34103,1.3426,1.34017,1.3425,11203.0
2026-01-21 15:00:00,2026-01-21 13:00:00,2026-01-21 21:00:00,1.34251,1.3444,1.3412,1.34416,11321.0
2026-01-21 16:00:00,2026-01-21 14:00:00,2026-01-21 22:00:00,1.34415,1.34567,1.34224,1.34511,15962.0
2026-01-21 17:00:00,2026-01-21 15:00:00,2026-01-21 23:00:00,1.34512,1.34594,1.34248,1.34274,13514.0
2026-01-21 18:00:00,2026-01-21 16:00:00,2026-01-22 00:00:00,1.34274,1.34411,1.34232,1.34281,14211.0
2026-01-21 19:00:00,2026-01-21 17:00:00,2026-01-22 01:00:00,1.34282,1.34385,1.3416,1.34282,13124.0
2026-01-21 20:00:00,2026-01-21 18:00:00,2026-01-22 02:00:00,1.3428,1.34281,1.34185,1.34217,9311.0
2026-01-21 21:00:00,2026-01-21 19:00:00,2026-01-22 03:00:00,1.34218,1.34307,1.34095,1.34253,12192.0
2026-01-21 22:00:00,2026-01-21 20:00:00,2026-01-22 04:00:00,1.34251,1.34264,1.34125,1.34245,10329.0
2026-01-21 23:00:00,2026-01-21 21:00:00,2026-01-22 05:00:00,1.34245,1.3433,1.34232,1.34307,5157.0
2026-01-22 00:00:00,2026-01-21 22:00:00,2026-01-22 06:00:00,1.34198,1.34308,1.34192,1.34267,5023.0
2026-01-22 01:00:00,2026-01-21 23:00:00,2026-01-22 07:00:00,1.34268,1.34308,1.34171,1.34176,3478.0
2026-01-22 02:00:00,2026-01-22 00:00:00,2026-01-22 08:00:00,1.34177,1.3431,1.3417,1.3429,9187.0
2026-01-22 03:00:00,2026-01-22 01:00:00,2026-01-22 09:00:00,1.34289,1.34319,1.34243,1.34305,8313.0
2026-01-22 04:00:00,2026-01-22 02:00:00,2026-01-22 10:00:00,1.34305,1.3435,1.34223,1.34255,6809.0
2026-01-22 05:00:00,2026-01-22 03:00:00,2026-01-22 11:00:00,1.34256,1.34339,1.34252,1.34326,5970.0
2026-01-22 06:00:00,2026-01-22 04:00:00,2026-01-22 12:00:00,1.34326,1.34393,1.34299,1.34316,5774.0
2026-01-22 07:00:00,2026-01-22 05:00:00,2026-01-22 13:00:00,1.34313,1.34315,1.34236,1.34292,5645.0
2026-01-22 08:00:00,2026-01-22 06:00:00,2026-01-22 14:00:00,1.34291,1.34299,1.34204,1.34256,6378.0
2026-01-22 09:00:00,2026-01-22 07:00:00,2026-01-22 15:00:00,1.34275,1.34377,1.3423,1.34311,8996.0
2026-01-22 10:00:00,2026-01-22 08:00:00,2026-01-22 16:00:00,1.34311,1.34326,1.34092,1.34178,9551.0
2026-01-22 11:00:00,2026-01-22 09:00:00,2026-01-22 17:00:00,1.34184,1.34466,1.34176,1.34438,9287.0
2026-01-22 12:00:00,2026-01-22 10:00:00,2026-01-22 18:00:00,1.34442,1.34508,1.3436,1.34475,8629.0
2026-01-22 13:00:00,2026-01-22 11:00:00,2026-01-22 19:00:00,1.34472,1.3453,1.34018,1.34209,13054.0
2026-01-22 14:00:00,2026-01-22 12:00:00,2026-01-22 20:00:00,1.34209,1.34422,1.34156,1.34252,12353.0
2026-01-22 15:00:00,2026-01-22 13:00:00,2026-01-22 21:00:00,1.34249,1.34387,1.34068,1.3423,12834.0
2026-01-22 16:00:00,2026-01-22 14:00:00,2026-01-22 22:00:00,1.34226,1.34522,1.34219,1.34467,12466.0
2026-01-22 17:00:00,2026-01-22 15:00:00,2026-01-22 23:00:00,1.34467,1.3485,1.3445,1.34771,12840.0
2026-01-22 18:00:00,2026-01-22 16:00:00,2026-01-23 00:00:00,1.34774,1.3499,1.34773,1.34893,12024.0
2026-01-22 19:00:00,2026-01-22 17:00:00,2026-01-23 01:00:00,1.34894,1.34956,1.34745,1.34921,9906.0
2026-01-22 20:00:00,2026-01-22 18:00:00,2026-01-23 02:00:00,1.34917,1.35021,1.34905,1.34986,8396.0
2026-01-22 21:00:00,2026-01-22 19:00:00,2026-01-23 03:00:00,1.34986,1.34992,1.34861,1.34907,7590.0
2026-01-22 22:00:00,2026-01-22 20:00:00,2026-01-23 04:00:00,1.34907,1.35037,1.34878,1.34968,6635.0
2026-01-22 23:00:00,2026-01-22 21:00:00,2026-01-23 05:00:00,1.34964,1.35069,1.34952,1.35021,4804.0
2026-01-23 00:00:00,2026-01-22 22:00:00,2026-01-23 06:00:00,1.34831,1.35018,1.34828,1.35007,3022.0
2026-01-23 01:00:00,2026-01-22 23:00:00,2026-01-23 07:00:00,1.35018,1.35087,1.3499,1.34993,3458.0
2026-01-23 02:00:00,2026-01-23 00:00:00,2026-01-23 08:00:00,1.34994,1.35009,1.34946,1.34959,6268.0
2026-01-23 03:00:00,2026-01-23 01:00:00,2026-01-23 09:00:00,1.3496,1.35049,1.34953,1.3498,8054.0
2026-01-23 04:00:00,2026-01-23 02:00:00,2026-01-23 10:00:00,1.34981,1.34985,1.34916,1.34927,6865.0
2026-01-23 05:00:00,2026-01-23 03:00:00,2026-01-23 11:00:00,1.34928,1.34951,1.34887,1.34901,6540.0
2026-01-23 06:00:00,2026-01-23 04:00:00,2026-01-23 12:00:00,1.349,1.34979,1.34895,1.34967,5960.0
2026-01-23 07:00:00,2026-01-23 05:00:00,2026-01-23 13:00:00,1.3497,1.35005,1.34954,1.34987,7061.0
2026-01-23 08:00:00,2026-01-23 06:00:00,2026-01-23 14:00:00,1.34985,1.34997,1.34831,1.3484,9032.0
2026-01-23 09:00:00,2026-01-23 07:00:00,2026-01-23 15:00:00,1.34832,1.35122,1.34832,1.34921,11437.0
2026-01-23 10:00:00,2026-01-23 08:00:00,2026-01-23 16:00:00,1.34922,1.35023,1.34821,1.3501,11910.0
2026-01-23 11:00:00,2026-01-23 09:00:00,2026-01-23 17:00:00,1.35012,1.35345,1.34982,1.353,12176.0
2026-01-23 12:00:00,2026-01-23 10:00:00,2026-01-23 18:00:00,1.35301,1.35363,1.35224,1.35269,9372.0
2026-01-23 13:00:00,2026-01-23 11:00:00,2026-01-23 19:00:00,1.35269,1.35326,1.35146,1.35178,11131.0
2026-01-23 14:00:00,2026-01-23 12:00:00,2026-01-23 20:00:00,1.35177,1.35323,1.35177,1.35281,9326.0
2026-01-23 15:00:00,2026-01-23 13:00:00,2026-01-23 21:00:00,1.35281,1.35349,1.35241,1.35248,10009.0
2026-01-23 16:00:00,2026-01-23 14:00:00,2026-01-23 22:00:00,1.35248,1.35383,1.35203,1.35362,10353.0
2026-01-23 17:00:00,2026-01-23 15:00:00,2026-01-23 23:00:00,1.35363,1.35672,1.35347,1.35645,11689.0
2026-01-23 18:00:00,2026-01-23 16:00:00,2026-01-24 00:00:00,1.35647,1.35976,1.35604,1.35885,14172.0
2026-01-23 19:00:00,2026-01-23 17:00:00,2026-01-24 01:00:00,1.35882,1.36225,1.3586,1.36081,16002.0
2026-01-23 20:00:00,2026-01-23 18:00:00,2026-01-24 02:00:00,1.36082,1.36095,1.35923,1.36054,13270.0
2026-01-23 21:00:00,2026-01-23 19:00:00,2026-01-24 03:00:00,1.36055,1.36294,1.36049,1.36237,11504.0
2026-01-23 22:00:00,2026-01-23 20:00:00,2026-01-24 04:00:00,1.36238,1.36384,1.36218,1.36366,9233.0
2026-01-23 23:00:00,2026-01-23 21:00:00,2026-01-24 05:00:00,1.36362,1.36452,1.36324,1.36434,6178.0
2026-01-26 00:00:00,2026-01-25 22:00:00,2026-01-26 06:00:00,1.36634,1.36807,1.36587,1.3677,2118.0
2026-01-26 01:00:00,2026-01-25 23:00:00,2026-01-26 07:00:00,1.36769,1.36802,1.36551,1.36648,8991.0
2026-01-26 02:00:00,2026-01-26 00:00:00,2026-01-26 08:00:00,1.36647,1.36676,1.36432,1.36669,11941.0
2026-01-26 03:00:00,2026-01-26 01:00:00,2026-01-26 09:00:00,1.3667,1.36739,1.36584,1.36612,11946.0
2026-01-26 04:00:00,2026-01-26 02:00:00,2026-01-26 10:00:00,1.36611,1.36797,1.36592,1.36691,10366.0
2026-01-26 05:00:00,2026-01-26 03:00:00,2026-01-26 11:00:00,1.36692,1.36692,1.36547,1.36599,7485.0
2026-01-26 06:00:00,2026-01-26 04:00:00,2026-01-26 12:00:00,1.366,1.36678,1.36533,1.36596,7353.0
2026-01-26 07:00:00,2026-01-26 05:00:00,2026-01-26 13:00:00,1.36597,1.36693,1.36579,1.36665,7128.0
2026-01-26 08:00:00,2026-01-26 06:00:00,2026-01-26 14:00:00,1.36664,1.36682,1.36561,1.36564,9008.0
2026-01-26 09:00:00,2026-01-26 07:00:00,2026-01-26 15:00:00,1.36565,1.36763,1.36446,1.36461,11075.0
2026-01-26 10:00:00,2026-01-26 08:00:00,2026-01-26 16:00:00,1.36465,1.36682,1.36427,1.36621,13023.0
2026-01-26 11:00:00,2026-01-26 09:00:00,2026-01-26 17:00:00,1.3663,1.36768,1.36581,1.36721,11680.0
2026-01-26 12:00:00,2026-01-26 10:00:00,2026-01-26 18:00:00,1.36724,1.36755,1.36669,1.36706,10533.0
2026-01-26 13:00:00,2026-01-26 11:00:00,2026-01-26 19:00:00,1.36707,1.36738,1.36649,1.36664,10368.0
2026-01-26 14:00:00,2026-01-26 12:00:00,2026-01-26 20:00:00,1.36665,1.36725,1.36481,1.36532,9762.0
2026-01-26 15:00:00,2026-01-26 13:00:00,2026-01-26 21:00:00,1.36533,1.3662,1.36434,1.36619,12005.0
2026-01-26 16:00:00,2026-01-26 14:00:00,2026-01-26 22:00:00,1.36618,1.36916,1.36579,1.3691,12414.0
2026-01-26 17:00:00,2026-01-26 15:00:00,2026-01-26 23:00:00,1.36911,1.37126,1.36882,1.3708,13755.0
2026-01-26 18:00:00,2026-01-26 16:00:00,2026-01-27 00:00:00,1.37076,1.37133,1.36929,1.36965,13431.0
2026-01-26 19:00:00,2026-01-26 17:00:00,2026-01-27 01:00:00,1.36965,1.3704,1.36854,1.36883,11275.0
2026-01-26 20:00:00,2026-01-26 18:00:00,2026-01-27 02:00:00,1.36889,1.37013,1.36849,1.36888,9938.0
2026-01-26 21:00:00,2026-01-26 19:00:00,2026-01-27 03:00:00,1.36887,1.36888,1.36752,1.36817,10158.0
2026-01-26 22:00:00,2026-01-26 20:00:00,2026-01-27 04:00:00,1.36821,1.36862,1.36789,1.36807,8859.0
2026-01-26 23:00:00,2026-01-26 21:00:00,2026-01-27 05:00:00,1.36806,1.36868,1.36746,1.36781,5319.0
2026-01-27 00:00:00,2026-01-26 22:00:00,2026-01-27 06:00:00,1.36698,1.36782,1.36693,1.36751,2980.0
2026-01-27 01:00:00,2026-01-26 23:00:00,2026-01-27 07:00:00,1.36768,1.36796,1.36743,1.36746,4242.0
2026-01-27 02:00:00,2026-01-27 00:00:00,2026-01-27 08:00:00,1.36747,1.36818,1.36725,1.36734,7520.0
2026-01-27 03:00:00,2026-01-27 01:00:00,2026-01-27 09:00:00,1.36735,1.36824,1.36704,1.36799,8766.0
2026-01-27 04:00:00,2026-01-27 02:00:00,2026-01-27 10:00:00,1.368,1.37009,1.36772,1.36962,9866.0
2026-01-27 05:00:00,2026-01-27 03:00:00,2026-01-27 11:00:00,1.36958,1.36958,1.36827,1.36832,8420.0
2026-01-27 06:00:00,2026-01-27 04:00:00,2026-01-27 12:00:00,1.3683,1.36885,1.36719,1.36748,6912.0
2026-01-27 07:00:00,2026-01-27 05:00:00,2026-01-27 13:00:00,1.36747,1.36819,1.36716,1.36786,8616.0
2026-01-27 08:00:00,2026-01-27 06:00:00,2026-01-27 14:00:00,1.36786,1.36903,1.36775,1.36819,7956.0
2026-01-27 09:00:00,2026-01-27 07:00:00,2026-01-27 15:00:00,1.36817,1.36902,1.36702,1.36742,10949.0
2026-01-27 10:00:00,2026-01-27 08:00:00,2026-01-27 16:00:00,1.36745,1.36771,1.36636,1.3675,10962.0
2026-01-27 11:00:00,2026-01-27 09:00:00,2026-01-27 17:00:00,1.36748,1.36994,1.3668,1.36988,11619.0
2026-01-27 12:00:00,2026-01-27 10:00:00,2026-01-27 18:00:00,1.36975,1.37035,1.36827,1.37031,11987.0
2026-01-27 13:00:00,2026-01-27 11:00:00,2026-01-27 19:00:00,1.37035,1.37122,1.37005,1.37105,10003.0
2026-01-27 14:00:00,2026-01-27 12:00:00,2026-01-27 20:00:00,1.37105,1.37412,1.37077,1.37409,15256.0
2026-01-27 15:00:00,2026-01-27 13:00:00,2026-01-27 21:00:00,1.37405,1.37484,1.37256,1.37348,15083.0
2026-01-27 16:00:00,2026-01-27 14:00:00,2026-01-27 22:00:00,1.3735,1.37763,1.37313,1.37697,15492.0
2026-01-27 17:00:00,2026-01-27 15:00:00,2026-01-27 23:00:00,1.37699,1.37906,1.37478,1.37519,16298.0
2026-01-27 18:00:00,2026-01-27 16:00:00,2026-01-28 00:00:00,1.37515,1.37908,1.37508,1.37802,15687.0
2026-01-27 19:00:00,2026-01-27 17:00:00,2026-01-28 01:00:00,1.37804,1.37881,1.37607,1.37872,13759.0
2026-01-27 20:00:00,2026-01-27 18:00:00,2026-01-28 02:00:00,1.37868,1.37913,1.37761,1.37773,11650.0
2026-01-27 21:00:00,2026-01-27 19:00:00,2026-01-28 03:00:00,1.37774,1.37845,1.37742,1.37833,9778.0
2026-01-27 22:00:00,2026-01-27 20:00:00,2026-01-28 04:00:00,1.37829,1.38689,1.37758,1.38363,13168.0
2026-01-27 23:00:00,2026-01-27 21:00:00,2026-01-28 05:00:00,1.38361,1.38563,1.38289,1.38473,11466.0
2026-01-28 00:00:00,2026-01-27 22:00:00,2026-01-28 06:00:00,1.38401,1.38487,1.38227,1.38426,2322.0
2026-01-28 01:00:00,2026-01-27 23:00:00,2026-01-28 07:00:00,1.38424,1.38462,1.3822,1.38269,5240.0
2026-01-28 02:00:00,2026-01-28 00:00:00,2026-01-28 08:00:00,1.3827,1.3831,1.3814,1.38175,9987.0
2026-01-28 03:00:00,2026-01-28 01:00:00,2026-01-28 09:00:00,1.38174,1.38191,1.37989,1.38004,10380.0
2026-01-28 04:00:00,2026-01-28 02:00:00,2026-01-28 10:00:00,1.38004,1.38074,1.37919,1.38037,9109.0
2026-01-28 05:00:00,2026-01-28 03:00:00,2026-01-28 11:00:00,1.38036,1.38106,1.37972,1.37995,7478.0
2026-01-28 06:00:00,2026-01-28 04:00:00,2026-01-28 12:00:00,1.37995,1.3803,1.37937,1.38021,7149.0
2026-01-28 07:00:00,2026-01-28 05:00:00,2026-01-28 13:00:00,1.3802,1.38057,1.37888,1.38049,9512.0
2026-01-28 08:00:00,2026-01-28 06:00:00,2026-01-28 14:00:00,1.38053,1.38159,1.38034,1.38058,9421.0
2026-01-28 09:00:00,2026-01-28 07:00:00,2026-01-28 15:00:00,1.38059,1.38313,1.37921,1.38013,12389.0
2026-01-28 10:00:00,2026-01-28 08:00:00,2026-01-28 16:00:00,1.38016,1.38115,1.37753,1.37869,14004.0
2026-01-28 11:00:00,2026-01-28 09:00:00,2026-01-28 17:00:00,1.37868,1.37927,1.37757,1.3787,11808.0
2026-01-28 12:00:00,2026-01-28 10:00:00,2026-01-28 18:00:00,1.37868,1.37995,1.3776,1.37927,11131.0
2026-01-28 13:00:00,2026-01-28 11:00:00,2026-01-28 19:00:00,1.37925,1.37926,1.37676,1.37695,13091.0
2026-01-28 14:00:00,2026-01-28 12:00:00,2026-01-28 20:00:00,1.37694,1.37943,1.37683,1.37937,11811.0
2026-01-28 15:00:00,2026-01-28 13:00:00,2026-01-28 21:00:00,1.37937,1.37937,1.37648,1.37703,12738.0
2026-01-28 16:00:00,2026-01-28 14:00:00,2026-01-28 22:00:00,1.37705,1.38011,1.37682,1.37867,13760.0
2026-01-28 17:00:00,2026-01-28 15:00:00,2026-01-28 23:00:00,1.37868,1.37996,1.37498,1.37893,20455.0
2026-01-28 18:00:00,2026-01-28 16:00:00,2026-01-29 00:00:00,1.37892,1.37939,1.3764,1.37847,15900.0
2026-01-28 19:00:00,2026-01-28 17:00:00,2026-01-29 01:00:00,1.37847,1.37908,1.37718,1.3789,11062.0
2026-01-28 20:00:00,2026-01-28 18:00:00,2026-01-29 02:00:00,1.37892,1.37922,1.37633,1.37731,10829.0
2026-01-28 21:00:00,2026-01-28 19:00:00,2026-01-29 03:00:00,1.37742,1.37962,1.37528,1.37929,16899.0
2026-01-28 22:00:00,2026-01-28 20:00:00,2026-01-29 04:00:00,1.3793,1.38026,1.37861,1.37988,12352.0
2026-01-28 23:00:00,2026-01-28 21:00:00,2026-01-29 05:00:00,1.37986,1.38113,1.37967,1.38078,7669.0
2026-01-29 00:00:00,2026-01-28 22:00:00,2026-01-29 06:00:00,1.37991,1.3804,1.37914,1.37979,8156.0
2026-01-29 01:00:00,2026-01-28 23:00:00,2026-01-29 07:00:00,1.37999,1.38302,1.37991,1.38274,6595.0
2026-01-29 02:00:00,2026-01-29 00:00:00,2026-01-29 08:00:00,1.38273,1.38352,1.38137,1.38202,10476.0
2026-01-29 03:00:00,2026-01-29 01:00:00,2026-01-29 09:00:00,1.38203,1.38203,1.37998,1.38031,10879.0
2026-01-29 04:00:00,2026-01-29 02:00:00,2026-01-29 10:00:00,1.38031,1.38157,1.37932,1.3812,9100.0
2026-01-29 05:00:00,2026-01-29 03:00:00,2026-01-29 11:00:00,1.38119,1.38337,1.38113,1.38328,8940.0
2026-01-29 06:00:00,2026-01-29 04:00:00,2026-01-29 12:00:00,1.38329,1.38404,1.3824,1.38393,9672.0
2026-01-29 07:00:00,2026-01-29 05:00:00,2026-01-29 13:00:00,1.38393,1.38441,1.38354,1.38375,9169.0
2026-01-29 08:00:00,2026-01-29 06:00:00,2026-01-29 14:00:00,1.38376,1.38401,1.38281,1.38376,10754.0
2026-01-29 09:00:00,2026-01-29 07:00:00,2026-01-29 15:00:00,1.38373,1.3848,1.3824,1.38316,12277.0
2026-01-29 10:00:00,2026-01-29 08:00:00,2026-01-29 16:00:00,1.38312,1.38461,1.38139,1.3821,13469.0
2026-01-29 11:00:00,2026-01-29 09:00:00,2026-01-29 17:00:00,1.3821,1.38245,1.38002,1.38031,12399.0
2026-01-29 12:00:00,2026-01-29 10:00:00,2026-01-29 18:00:00,1.38033,1.38069,1.37807,1.37824,11938.0
2026-01-29 13:00:00,2026-01-29 11:00:00,2026-01-29 19:00:00,1.37829,1.37984,1.37807,1.37945,10198.0
2026-01-29 14:00:00,2026-01-29 12:00:00,2026-01-29 20:00:00,1.37944,1.38145,1.37888,1.38133,10902.0
2026-01-29 15:00:00,2026-01-29 13:00:00,2026-01-29 21:00:00,1.38132,1.3818,1.3797,1.38058,14690.0
2026-01-29 16:00:00,2026-01-29 14:00:00,2026-01-29 22:00:00,1.38064,1.38341,1.38042,1.38265,16396.0
2026-01-29 17:00:00,2026-01-29 15:00:00,2026-01-29 23:00:00,1.38266,1.38269,1.37424,1.3764,21167.0
2026-01-29 18:00:00,2026-01-29 16:00:00,2026-01-30 00:00:00,1.37639,1.3799,1.37601,1.37927,17690.0
2026-01-29 19:00:00,2026-01-29 17:00:00,2026-01-30 01:00:00,1.37929,1.38076,1.37924,1.37985,14741.0
2026-01-29 20:00:00,2026-01-29 18:00:00,2026-01-30 02:00:00,1.37979,1.38049,1.37879,1.3798,13483.0
2026-01-29 21:00:00,2026-01-29 19:00:00,2026-01-30 03:00:00,1.37982,1.38006,1.37917,1.3793,10747.0
2026-01-29 22:00:00,2026-01-29 20:00:00,2026-01-30 04:00:00,1.37929,1.38082,1.37885,1.38045,11167.0
2026-01-29 23:00:00,2026-01-29 21:00:00,2026-01-30 05:00:00,1.38044,1.38138,1.3799,1.38099,6323.0
2026-01-30 00:00:00,2026-01-29 22:00:00,2026-01-30 06:00:00,1.38006,1.38095,1.37957,1.38074,3347.0
2026-01-30 01:00:00,2026-01-29 23:00:00,2026-01-30 07:00:00,1.38073,1.38147,1.38046,1.38082,4625.0
2026-01-30 02:00:00,2026-01-30 00:00:00,2026-01-30 08:00:00,1.38083,1.3814,1.37737,1.37775,10257.0
2026-01-30 03:00:00,2026-01-30 01:00:00,2026-01-30 09:00:00,1.37778,1.37801,1.37583,1.37612,13265.0
2026-01-30 04:00:00,2026-01-30 02:00:00,2026-01-30 10:00:00,1.37613,1.37656,1.37317,1.37618,16181.0
2026-01-30 05:00:00,2026-01-30 03:00:00,2026-01-30 11:00:00,1.37618,1.37662,1.37478,1.37531,10172.0
2026-01-30 06:00:00,2026-01-30 04:00:00,2026-01-30 12:00:00,1.3753,1.37676,1.37484,1.37529,7201.0
2026-01-30 07:00:00,2026-01-30 05:00:00,2026-01-30 13:00:00,1.37528,1.37629,1.37464,1.37555,9304.0
2026-01-30 08:00:00,2026-01-30 06:00:00,2026-01-30 14:00:00,1.37558,1.3764,1.37404,1.37505,11811.0
2026-01-30 09:00:00,2026-01-30 07:00:00,2026-01-30 15:00:00,1.375,1.3783,1.37463,1.37694,12691.0
2026-01-30 10:00:00,2026-01-30 08:00:00,2026-01-30 16:00:00,1.37698,1.37803,1.37586,1.37648,13971.0
2026-01-30 11:00:00,2026-01-30 09:00:00,2026-01-30 17:00:00,1.37641,1.37676,1.37253,1.37339,13919.0
2026-01-30 12:00:00,2026-01-30 10:00:00,2026-01-30 18:00:00,1.37336,1.37504,1.37321,1.37483,12036.0
2026-01-30 13:00:00,2026-01-30 11:00:00,2026-01-30 19:00:00,1.37487,1.37801,1.37445,1.37793,12244.0
2026-01-30 14:00:00,2026-01-30 12:00:00,2026-01-30 20:00:00,1.37789,1.37878,1.37571,1.37618,13313.0
2026-01-30 15:00:00,2026-01-30 13:00:00,2026-01-30 21:00:00,1.37617,1.37676,1.37355,1.37444,14807.0
2026-01-30 16:00:00,2026-01-30 14:00:00,2026-01-30 22:00:00,1.37447,1.37576,1.37356,1.37395,15297.0
2026-01-30 17:00:00,2026-01-30 15:00:00,2026-01-30 23:00:00,1.37394,1.37438,1.371,1.372,17934.0
2026-01-30 18:00:00,2026-01-30 16:00:00,2026-01-31 00:00:00,1.37199,1.37294,1.37129,1.3727,16254.0
2026-01-30 19:00:00,2026-01-30 17:00:00,2026-01-31 01:00:00,1.37268,1.37279,1.36999,1.3709,15824.0
2026-01-30 20:00:00,2026-01-30 18:00:00,2026-01-31 02:00:00,1.37088,1.37161,1.36802,1.3711,17078.0
2026-01-30 21:00:00,2026-01-30 19:00:00,2026-01-31 03:00:00,1.3711,1.37183,1.36895,1.36979,13883.0
2026-01-30 22:00:00,2026-01-30 20:00:00,2026-01-31 04:00:00,1.36975,1.36978,1.36829,1.3683,12007.0
2026-01-30 23:00:00,2026-01-30 21:00:00,2026-01-31 05:00:00,1.3683,1.36911,1.36795,1.36834,7519.0
2026-02-02 00:00:00,2026-02-01 22:00:00,2026-02-02 06:00:00,1.3686,1.36886,1.36726,1.36802,3717.0
2026-02-02 01:00:00,2026-02-01 23:00:00,2026-02-02 07:00:00,1.36825,1.3691,1.36622,1.36758,11479.0
2026-02-02 02:00:00,2026-02-02 00:00:00,2026-02-02 08:00:00,1.36761,1.37056,1.36761,1.37001,13223.0
2026-02-02 03:00:00,2026-02-02 01:00:00,2026-02-02 09:00:00,1.37001,1.37002,1.36768,1.36938,15123.0
2026-02-02 04:00:00,2026-02-02 02:00:00,2026-02-02 10:00:00,1.36932,1.37001,1.36813,1.3682,12510.0
2026-02-02 05:00:00,2026-02-02 03:00:00,2026-02-02 11:00:00,1.36821,1.36927,1.36787,1.3684,10861.0
2026-02-02 06:00:00,2026-02-02 04:00:00,2026-02-02 12:00:00,1.3684,1.36879,1.36772,1.36825,10000.0
2026-02-02 07:00:00,2026-02-02 05:00:00,2026-02-02 13:00:00,1.36825,1.36832,1.36599,1.36723,11124.0
2026-02-02 08:00:00,2026-02-02 06:00:00,2026-02-02 14:00:00,1.36726,1.36762,1.36618,1.36757,13811.0
2026-02-02 09:00:00,2026-02-02 07:00:00,2026-02-02 15:00:00,1.36758,1.36883,1.36732,1.36792,14840.0
2026-02-02 10:00:00,2026-02-02 08:00:00,2026-02-02 16:00:00,1.36794,1.3701,1.36779,1.36918,13331.0
2026-02-02 11:00:00,2026-02-02 09:00:00,2026-02-02 17:00:00,1.36919,1.37109,1.36822,1.37092,12580.0
2026-02-02 12:00:00,2026-02-02 10:00:00,2026-02-02 18:00:00,1.37086,1.37154,1.36962,1.37021,11881.0
2026-02-02 13:00:00,2026-02-02 11:00:00,2026-02-02 19:00:00,1.37022,1.37119,1.3695,1.37,10631.0
2026-02-02 14:00:00,2026-02-02 12:00:00,2026-02-02 20:00:00,1.36999,1.37069,1.36856,1.36881,11779.0
2026-02-02 15:00:00,2026-02-02 13:00:00,2026-02-02 21:00:00,1.36881,1.36883,1.36495,1.36517,13998.0
2026-02-02 16:00:00,2026-02-02 14:00:00,2026-02-02 22:00:00,1.36517,1.36766,1.36313,1.36676,13861.0
2026-02-02 17:00:00,2026-02-02 15:00:00,2026-02-02 23:00:00,1.36675,1.36675,1.36266,1.36279,17480.0
2026-02-02 18:00:00,2026-02-02 16:00:00,2026-02-03 00:00:00,1.36278,1.36565,1.36229,1.36528,14494.0
2026-02-02 19:00:00,2026-02-02 17:00:00,2026-02-03 01:00:00,1.36533,1.36627,1.36498,1.36597,12437.0
2026-02-02 20:00:00,2026-02-02 18:00:00,2026-02-03 02:00:00,1.36598,1.36614,1.36478,1.36501,10978.0
2026-02-02 21:00:00,2026-02-02 19:00:00,2026-02-03 03:00:00,1.36502,1.36617,1.36437,1.36589,9768.0
2026-02-02 22:00:00,2026-02-02 20:00:00,2026-02-03 04:00:00,1.36589,1.3668,1.36536,1.36661,9077.0
2026-02-02 23:00:00,2026-02-02 21:00:00,2026-02-03 05:00:00,1.36659,1.36684,1.36638,1.36683,5700.0
2026-02-03 00:00:00,2026-02-02 22:00:00,2026-02-03 06:00:00,1.36608,1.3665,1.36599,1.36633,2417.0
2026-02-03 01:00:00,2026-02-02 23:00:00,2026-02-03 07:00:00,1.36635,1.36731,1.36599,1.36727,4027.0
2026-02-03 02:00:00,2026-02-03 00:00:00,2026-02-03 08:00:00,1.36727,1.36808,1.36708,1.36805,6991.0
2026-02-03 03:00:00,2026-02-03 01:00:00,2026-02-03 09:00:00,1.36804,1.36864,1.36741,1.36859,9930.0
2026-02-03 04:00:00,2026-02-03 02:00:00,2026-02-03 10:00:00,1.36857,1.36866,1.3671,1.36727,7950.0
2026-02-03 05:00:00,2026-02-03 03:00:00,2026-02-03 11:00:00,1.36726,1.36885,1.36714,1.3685,10017.0
2026-02-03 06:00:00,2026-02-03 04:00:00,2026-02-03 12:00:00,1.36849,1.36943,1.36845,1.36877,6714.0
2026-02-03 07:00:00,2026-02-03 05:00:00,2026-02-03 13:00:00,1.36877,1.36922,1.36834,1.36897,7458.0
2026-02-03 08:00:00,2026-02-03 06:00:00,2026-02-03 14:00:00,1.36898,1.37012,1.36886,1.36932,8613.0
2026-02-03 09:00:00,2026-02-03 07:00:00,2026-02-03 15:00:00,1.36932,1.37066,1.36831,1.36968,11271.0
2026-02-03 10:00:00,2026-02-03 08:00:00,2026-02-03 16:00:00,1.36967,1.36998,1.36764,1.3686,12018.0
2026-02-03 11:00:00,2026-02-03 09:00:00,2026-02-03 17:00:00,1.36862,1.36913,1.36662,1.3667,12266.0
2026-02-03 12:00:00,2026-02-03 10:00:00,2026-02-03 18:00:00,1.36671,1.36734,1.36553,1.36555,9831.0
2026-02-03 13:00:00,2026-02-03 11:00:00,2026-02-03 19:00:00,1.36554,1.3662,1.36505,1.36508,10315.0
2026-02-03 14:00:00,2026-02-03 12:00:00,2026-02-03 20:00:00,1.36513,1.36829,1.36513,1.36815,10710.0
2026-02-03 15:00:00,2026-02-03 13:00:00,2026-02-03 21:00:00,1.36819,1.36896,1.36696,1.36704,12961.0
2026-02-03 16:00:00,2026-02-03 14:00:00,2026-02-03 22:00:00,1.36703,1.36848,1.36561,1.36686,13518.0
2026-02-03 17:00:00,2026-02-03 15:00:00,2026-02-03 23:00:00,1.36684,1.37042,1.36634,1.37029,14901.0
2026-02-03 18:00:00,2026-02-03 16:00:00,2026-02-04 00:00:00,1.37029,1.37071,1.36923,1.36992,13630.0
2026-02-03 19:00:00,2026-02-03 17:00:00,2026-02-04 01:00:00,1.36992,1.37069,1.36923,1.36957,13383.0
2026-02-03 20:00:00,2026-02-03 18:00:00,2026-02-04 02:00:00,1.36956,1.37019,1.3677,1.36778,10822.0
2026-02-03 21:00:00,2026-02-03 19:00:00,2026-02-04 03:00:00,1.36777,1.36916,1.36733,1.3688,12512.0
2026-02-03 22:00:00,2026-02-03 20:00:00,2026-02-04 04:00:00,1.36882,1.36999,1.36838,1.36961,9007.0
2026-02-03 23:00:00,2026-02-03 21:00:00,2026-02-04 05:00:00,1.3696,1.37023,1.3695,1.36973,4632.0
2026-02-04 00:00:00,2026-02-03 22:00:00,2026-02-04 06:00:00,1.36859,1.37011,1.36859,1.36923,2763.0
2026-02-04 01:00:00,2026-02-03 23:00:00,2026-02-04 07:00:00,1.36921,1.37013,1.36915,1.36969,3464.0
2026-02-04 02:00:00,2026-02-04 00:00:00,2026-02-04 08:00:00,1.36968,1.3698,1.36913,1.36937,7038.0
2026-02-04 03:00:00,2026-02-04 01:00:00,2026-02-04 09:00:00,1.36935,1.37102,1.36912,1.37064,9128.0
2026-02-04 04:00:00,2026-02-04 02:00:00,2026-02-04 10:00:00,1.37065,1.37123,1.36976,1.37005,7382.0
2026-02-04 05:00:00,2026-02-04 03:00:00,2026-02-04 11:00:00,1.37004,1.37051,1.36964,1.37043,6924.0
2026-02-04 06:00:00,2026-02-04 04:00:00,2026-02-04 12:00:00,1.3704,1.3717,1.37028,1.37157,5985.0
2026-02-04 07:00:00,2026-02-04 05:00:00,2026-02-04 13:00:00,1.37158,1.37198,1.37119,1.37152,6010.0
2026-02-04 08:00:00,2026-02-04 06:00:00,2026-02-04 14:00:00,1.37151,1.37218,1.37124,1.37132,7785.0
2026-02-04 09:00:00,2026-02-04 07:00:00,2026-02-04 15:00:00,1.37132,1.37187,1.37059,1.37157,8318.0
2026-02-04 10:00:00,2026-02-04 08:00:00,2026-02-04 16:00:00,1.37155,1.37328,1.3712,1.37295,10725.0
2026-02-04 11:00:00,2026-02-04 09:00:00,2026-02-04 17:00:00,1.37298,1.37334,1.37007,1.3709,9664.0
2026-02-04 12:00:00,2026-02-04 10:00:00,2026-02-04 18:00:00,1.37088,1.37158,1.36945,1.37156,8060.0
2026-02-04 13:00:00,2026-02-04 11:00:00,2026-02-04 19:00:00,1.37157,1.37164,1.37008,1.37088,8803.0
2026-02-04 14:00:00,2026-02-04 12:00:00,2026-02-04 20:00:00,1.37087,1.37246,1.37061,1.37198,9321.0
2026-02-04 15:00:00,2026-02-04 13:00:00,2026-02-04 21:00:00,1.37195,1.37292,1.37021,1.37131,13059.0
2026-02-04 16:00:00,2026-02-04 14:00:00,2026-02-04 22:00:00,1.3713,1.37179,1.36863,1.36872,13873.0
2026-02-04 17:00:00,2026-02-04 15:00:00,2026-02-04 23:00:00,1.36867,1.36953,1.36607,1.36641,15713.0
2026-02-04 18:00:00,2026-02-04 16:00:00,2026-02-05 00:00:00,1.3664,1.36645,1.36434,1.36597,14686.0
2026-02-04 19:00:00,2026-02-04 17:00:00,2026-02-05 01:00:00,1.36595,1.36723,1.36446,1.36458,14381.0
2026-02-04 20:00:00,2026-02-04 18:00:00,2026-02-05 02:00:00,1.36461,1.36553,1.36421,1.36502,13315.0
2026-02-04 21:00:00,2026-02-04 19:00:00,2026-02-05 03:00:00,1.36501,1.36631,1.36439,1.36629,10432.0
2026-02-04 22:00:00,2026-02-04 20:00:00,2026-02-05 04:00:00,1.36626,1.36637,1.36479,1.36504,9526.0
2026-02-04 23:00:00,2026-02-04 21:00:00,2026-02-05 05:00:00,1.36505,1.36567,1.3649,1.36523,4975.0
2026-02-05 00:00:00,2026-02-04 22:00:00,2026-02-05 06:00:00,1.36497,1.36589,1.36425,1.36481,3486.0
2026-02-05 01:00:00,2026-02-04 23:00:00,2026-02-05 07:00:00,1.36489,1.36511,1.36427,1.3646,5149.0
2026-02-05 02:00:00,2026-02-05 00:00:00,2026-02-05 08:00:00,1.36461,1.36523,1.36443,1.36522,5111.0
2026-02-05 03:00:00,2026-02-05 01:00:00,2026-02-05 09:00:00,1.36521,1.3654,1.36443,1.36481,7744.0
2026-02-05 04:00:00,2026-02-05 02:00:00,2026-02-05 10:00:00,1.36482,1.36485,1.36195,1.36211,10511.0
2026-02-05 05:00:00,2026-02-05 03:00:00,2026-02-05 11:00:00,1.36213,1.36305,1.36187,1.36249,8266.0
2026-02-05 06:00:00,2026-02-05 04:00:00,2026-02-05 12:00:00,1.3625,1.36289,1.36223,1.36252,5542.0
2026-02-05 07:00:00,2026-02-05 05:00:00,2026-02-05 13:00:00,1.36253,1.36263,1.36159,1.36197,6249.0
2026-02-05 08:00:00,2026-02-05 06:00:00,2026-02-05 14:00:00,1.36197,1.36201,1.36062,1.36186,7162.0
2026-02-05 09:00:00,2026-02-05 07:00:00,2026-02-05 15:00:00,1.36181,1.36294,1.36161,1.36202,9802.0
2026-02-05 10:00:00,2026-02-05 08:00:00,2026-02-05 16:00:00,1.36199,1.36328,1.35993,1.36032,10614.0
2026-02-05 11:00:00,2026-02-05 09:00:00,2026-02-05 17:00:00,1.36034,1.36041,1.35565,1.35658,10636.0
2026-02-05 12:00:00,2026-02-05 10:00:00,2026-02-05 18:00:00,1.35658,1.35973,1.35616,1.35874,10001.0
2026-02-05 13:00:00,2026-02-05 11:00:00,2026-02-05 19:00:00,1.35873,1.36154,1.35813,1.36116,8829.0
2026-02-05 14:00:00,2026-02-05 12:00:00,2026-02-05 20:00:00,1.36116,1.36116,1.35404,1.35818,16813.0
2026-02-05 15:00:00,2026-02-05 13:00:00,2026-02-05 21:00:00,1.35814,1.35951,1.35671,1.35856,15605.0
2026-02-05 16:00:00,2026-02-05 14:00:00,2026-02-05 22:00:00,1.35849,1.35875,1.35338,1.35377,16344.0
2026-02-05 17:00:00,2026-02-05 15:00:00,2026-02-05 23:00:00,1.35374,1.35572,1.35214,1.35284,17907.0
2026-02-05 18:00:00,2026-02-05 16:00:00,2026-02-06 00:00:00,1.35284,1.35562,1.35174,1.35494,14490.0
2026-02-05 19:00:00,2026-02-05 17:00:00,2026-02-06 01:00:00,1.35495,1.35571,1.35393,1.35513,11138.0
2026-02-05 20:00:00,2026-02-05 18:00:00,2026-02-06 02:00:00,1.35517,1.35569,1.35377,1.35428,11911.0
2026-02-05 21:00:00,2026-02-05 19:00:00,2026-02-06 03:00:00,1.35428,1.35519,1.35418,1.35487,8589.0
2026-02-05 22:00:00,2026-02-05 20:00:00,2026-02-06 04:00:00,1.35486,1.35519,1.35372,1.35382,9161.0
2026-02-05 23:00:00,2026-02-05 21:00:00,2026-02-06 05:00:00,1.35382,1.35402,1.35249,1.35318,5577.0
2026-02-06 00:00:00,2026-02-05 22:00:00,2026-02-06 06:00:00,1.35276,1.35345,1.35219,1.35273,2655.0
2026-02-06 01:00:00,2026-02-05 23:00:00,2026-02-06 07:00:00,1.35297,1.35327,1.35206,1.3521,4843.0
2026-02-06 02:00:00,2026-02-06 00:00:00,2026-02-06 08:00:00,1.35209,1.35306,1.35087,1.35301,9040.0
2026-02-06 03:00:00,2026-02-06 01:00:00,2026-02-06 09:00:00,1.35302,1.35425,1.35246,1.35397,9792.0
2026-02-06 04:00:00,2026-02-06 02:00:00,2026-02-06 10:00:00,1.35399,1.35503,1.35397,1.35458,7991.0
2026-02-06 05:00:00,2026-02-06 03:00:00,2026-02-06 11:00:00,1.35458,1.35491,1.35439,1.35463,5522.0
2026-02-06 06:00:00,2026-02-06 04:00:00,2026-02-06 12:00:00,1.35464,1.35599,1.35455,1.35594,5872.0
2026-02-06 07:00:00,2026-02-06 05:00:00,2026-02-06 13:00:00,1.35595,1.35696,1.35581,1.35692,7034.0
2026-02-06 08:00:00,2026-02-06 06:00:00,2026-02-06 14:00:00,1.35688,1.35782,1.35674,1.35715,7875.0
2026-02-06 09:00:00,2026-02-06 07:00:00,2026-02-06 15:00:00,1.35718,1.35787,1.35636,1.35664,8333.0
2026-02-06 10:00:00,2026-02-06 08:00:00,2026-02-06 16:00:00,1.35663,1.35725,1.35583,1.35681,11355.0
2026-02-06 11:00:00,2026-02-06 09:00:00,2026-02-06 17:00:00,1.35682,1.35818,1.35655,1.35766,11354.0
2026-02-06 12:00:00,2026-02-06 10:00:00,2026-02-06 18:00:00,1.35765,1.35836,1.35714,1.35764,7819.0
2026-02-06 13:00:00,2026-02-06 11:00:00,2026-02-06 19:00:00,1.35763,1.35918,1.35756,1.35845,8654.0
2026-02-06 14:00:00,2026-02-06 12:00:00,2026-02-06 20:00:00,1.35841,1.35949,1.35831,1.35887,8539.0
2026-02-06 15:00:00,2026-02-06 13:00:00,2026-02-06 21:00:00,1.35889,1.35966,1.35816,1.3589,10100.0
2026-02-06 16:00:00,2026-02-06 14:00:00,2026-02-06 22:00:00,1.3588,1.36095,1.35872,1.36087,11730.0
2026-02-06 17:00:00,2026-02-06 15:00:00,2026-02-06 23:00:00,1.36088,1.36156,1.35934,1.36145,11821.0
2026-02-06 18:00:00,2026-02-06 16:00:00,2026-02-07 00:00:00,1.36139,1.36164,1.36014,1.3604,11062.0
2026-02-06 19:00:00,2026-02-06 17:00:00,2026-02-07 01:00:00,1.36039,1.36234,1.36014,1.36181,8942.0
2026-02-06 20:00:00,2026-02-06 18:00:00,2026-02-07 02:00:00,1.3618,1.36227,1.3613,1.3614,7674.0
2026-02-06 21:00:00,2026-02-06 19:00:00,2026-02-07 03:00:00,1.36142,1.36206,1.36119,1.36163,6479.0
2026-02-06 22:00:00,2026-02-06 20:00:00,2026-02-07 04:00:00,1.36163,1.362,1.36126,1.36185,5502.0
2026-02-06 23:00:00,2026-02-06 21:00:00,2026-02-07 05:00:00,1.36187,1.36219,1.36083,1.36097,4232.0
2026-02-09 00:00:00,2026-02-08 22:00:00,2026-02-09 06:00:00,1.35906,1.36028,1.35875,1.35999,1436.0
2026-02-09 01:00:00,2026-02-08 23:00:00,2026-02-09 07:00:00,1.35996,1.3611,1.35875,1.36095,8631.0
2026-02-09 02:00:00,2026-02-09 00:00:00,2026-02-09 08:00:00,1.36096,1.36205,1.36053,1.36111,9408.0
2026-02-09 03:00:00,2026-02-09 01:00:00,2026-02-09 09:00:00,1.36113,1.36129,1.35981,1.3601,8464.0
2026-02-09 04:00:00,2026-02-09 02:00:00,2026-02-09 10:00:00,1.36011,1.36093,1.35908,1.36041,6403.0
2026-02-09 05:00:00,2026-02-09 03:00:00,2026-02-09 11:00:00,1.36043,1.3608,1.35989,1.35993,4437.0
2026-02-09 06:00:00,2026-02-09 04:00:00,2026-02-09 12:00:00,1.35992,1.36056,1.35991,1.36042,3679.0
2026-02-09 07:00:00,2026-02-09 05:00:00,2026-02-09 13:00:00,1.36048,1.36168,1.36031,1.36137,3920.0
2026-02-09 08:00:00,2026-02-09 06:00:00,2026-02-09 14:00:00,1.36136,1.36287,1.36051,1.36155,9794.0
2026-02-09 09:00:00,2026-02-09 07:00:00,2026-02-09 15:00:00,1.36154,1.36155,1.35879,1.36044,10326.0
2026-02-09 10:00:00,2026-02-09 08:00:00,2026-02-09 16:00:00,1.36042,1.36111,1.35867,1.36013,11421.0
2026-02-09 11:00:00,2026-02-09 09:00:00,2026-02-09 17:00:00,1.36013,1.3612,1.35962,1.36009,9414.0
2026-02-09 12:00:00,2026-02-09 10:00:00,2026-02-09 18:00:00,1.36008,1.36143,1.35935,1.36088,9664.0
2026-02-09 13:00:00,2026-02-09 11:00:00,2026-02-09 19:00:00,1.36087,1.36454,1.35929,1.3637,10670.0
2026-02-09 14:00:00,2026-02-09 12:00:00,2026-02-09 20:00:00,1.36372,1.36624,1.36372,1.36603,9740.0
2026-02-09 15:00:00,2026-02-09 13:00:00,2026-02-09 21:00:00,1.36597,1.36702,1.36427,1.3651,13045.0
2026-02-09 16:00:00,2026-02-09 14:00:00,2026-02-09 22:00:00,1.36511,1.36529,1.36216,1.36444,14392.0
2026-02-09 17:00:00,2026-02-09 15:00:00,2026-02-09 23:00:00,1.36441,1.36872,1.3644,1.36774,12815.0
2026-02-09 18:00:00,2026-02-09 16:00:00,2026-02-10 00:00:00,1.36776,1.36908,1.36622,1.36656,10574.0
2026-02-09 19:00:00,2026-02-09 17:00:00,2026-02-10 01:00:00,1.36657,1.3676,1.36632,1.36719,8946.0
2026-02-09 20:00:00,2026-02-09 18:00:00,2026-02-10 02:00:00,1.36717,1.36916,1.36642,1.36893,8709.0
2026-02-09 21:00:00,2026-02-09 19:00:00,2026-02-10 03:00:00,1.36895,1.37005,1.36841,1.36969,7907.0
2026-02-09 22:00:00,2026-02-09 20:00:00,2026-02-10 04:00:00,1.36968,1.3699,1.36918,1.36952,7841.0
2026-02-09 23:00:00,2026-02-09 21:00:00,2026-02-10 05:00:00,1.36952,1.36999,1.36907,1.3695,5118.0
2026-02-10 00:00:00,2026-02-09 22:00:00,2026-02-10 06:00:00,1.36821,1.36944,1.36818,1.36918,2296.0
2026-02-10 01:00:00,2026-02-09 23:00:00,2026-02-10 07:00:00,1.36936,1.36967,1.36817,1.36824,3334.0
2026-02-10 02:00:00,2026-02-10 00:00:00,2026-02-10 08:00:00,1.36824,1.36837,1.36718,1.368,5088.0
2026-02-10 03:00:00,2026-02-10 01:00:00,2026-02-10 09:00:00,1.36803,1.36896,1.3674,1.36846,8402.0
2026-02-10 04:00:00,2026-02-10 02:00:00,2026-02-10 10:00:00,1.36846,1.36936,1.36838,1.36933,7402.0
2026-02-10 05:00:00,2026-02-10 03:00:00,2026-02-10 11:00:00,1.36935,1.36963,1.3684,1.36853,6665.0
2026-02-10 06:00:00,2026-02-10 04:00:00,2026-02-10 12:00:00,1.3685,1.36867,1.36797,1.36816,4454.0
2026-02-10 07:00:00,2026-02-10 05:00:00,2026-02-10 13:00:00,1.36825,1.36841,1.36743,1.36783,4728.0
2026-02-10 08:00:00,2026-02-10 06:00:00,2026-02-10 14:00:00,1.36779,1.36818,1.36678,1.3672,6505.0
2026-02-10 09:00:00,2026-02-10 07:00:00,2026-02-10 15:00:00,1.36724,1.36793,1.36672,1.36725,8544.0
2026-02-10 10:00:00,2026-02-10 08:00:00,2026-02-10 16:00:00,1.36721,1.36797,1.36636,1.36703,9433.0
2026-02-10 11:00:00,2026-02-10 09:00:00,2026-02-10 17:00:00,1.36702,1.3684,1.36657,1.36682,7012.0
2026-02-10 12:00:00,2026-02-10 10:00:00,2026-02-10 18:00:00,1.36683,1.36739,1.36578,1.36647,9297.0
2026-02-10 13:00:00,2026-02-10 11:00:00,2026-02-10 19:00:00,1.3665,1.36655,1.36584,1.3663,6533.0
2026-02-10 14:00:00,2026-02-10 12:00:00,2026-02-10 20:00:00,1.36631,1.3693,1.3662,1.36858,10435.0
2026-02-10 15:00:00,2026-02-10 13:00:00,2026-02-10 21:00:00,1.36857,1.36915,1.36658,1.36814,12648.0
2026-02-10 16:00:00,2026-02-10 14:00:00,2026-02-10 22:00:00,1.36824,1.36963,1.36706,1.36769,12967.0
2026-02-10 17:00:00,2026-02-10 15:00:00,2026-02-10 23:00:00,1.36773,1.3681,1.36538,1.36739,12768.0
2026-02-10 18:00:00,2026-02-10 16:00:00,2026-02-11 00:00:00,1.36735,1.36743,1.36594,1.3664,11521.0
2026-02-10 19:00:00,2026-02-10 17:00:00,2026-02-11 01:00:00,1.36638,1.3666,1.36434,1.36538,9304.0
2026-02-10 20:00:00,2026-02-10 18:00:00,2026-02-11 02:00:00,1.36537,1.36552,1.36424,1.36444,7874.0
2026-02-10 21:00:00,2026-02-10 19:00:00,2026-02-11 03:00:00,1.36444,1.36567,1.36394,1.36566,8478.0
2026-02-10 22:00:00,2026-02-10 20:00:00,2026-02-11 04:00:00,1.36566,1.36575,1.36429,1.36432,7122.0
2026-02-10 23:00:00,2026-02-10 21:00:00,2026-02-11 05:00:00,1.36432,1.3645,1.36384,1.36422,4424.0
2026-02-11 00:00:00,2026-02-10 22:00:00,2026-02-11 06:00:00,1.36451,1.36451,1.36352,1.36376,3492.0
2026-02-11 01:00:00,2026-02-10 23:00:00,2026-02-11 07:00:00,1.36376,1.36384,1.3631,1.3633,2721.0
2026-02-11 02:00:00,2026-02-11 00:00:00,2026-02-11 08:00:00,1.3633,1.3643,1.36311,1.36393,5953.0
2026-02-11 03:00:00,2026-02-11 01:00:00,2026-02-11 09:00:00,1.36397,1.3649,1.3639,1.36439,8291.0
2026-02-11 04:00:00,2026-02-11 02:00:00,2026-02-11 10:00:00,1.36439,1.36611,1.36439,1.36577,6465.0
2026-02-11 05:00:00,2026-02-11 03:00:00,2026-02-11 11:00:00,1.36578,1.36682,1.36547,1.3665,5344.0
2026-02-11 06:00:00,2026-02-11 04:00:00,2026-02-11 12:00:00,1.36648,1.36701,1.36586,1.36593,4588.0
2026-02-11 07:00:00,2026-02-11 05:00:00,2026-02-11 13:00:00,1.36592,1.36702,1.36579,1.36698,5295.0
2026-02-11 08:00:00,2026-02-11 06:00:00,2026-02-11 14:00:00,1.36698,1.3678,1.36666,1.36704,6569.0
2026-02-11 09:00:00,2026-02-11 07:00:00,2026-02-11 15:00:00,1.367,1.36746,1.3664,1.36744,7737.0
2026-02-11 10:00:00,2026-02-11 08:00:00,2026-02-11 16:00:00,1.36746,1.36931,1.36691,1.36919,9207.0
2026-02-11 11:00:00,2026-02-11 09:00:00,2026-02-11 17:00:00,1.36926,1.3699,1.36837,1.36957,8381.0
2026-02-11 12:00:00,2026-02-11 10:00:00,2026-02-11 18:00:00,1.36956,1.37122,1.36861,1.37061,7881.0
2026-02-11 13:00:00,2026-02-11 11:00:00,2026-02-11 19:00:00,1.37062,1.37064,1.36904,1.3691,7076.0
2026-02-11 14:00:00,2026-02-11 12:00:00,2026-02-11 20:00:00,1.36909,1.36921,1.36755,1.36799,9743.0
2026-02-11 15:00:00,2026-02-11 13:00:00,2026-02-11 21:00:00,1.36801,1.36905,1.36095,1.36414,15729.0
2026-02-11 16:00:00,2026-02-11 14:00:00,2026-02-11 22:00:00,1.36414,1.36703,1.36376,1.36553,17248.0
2026-02-11 17:00:00,2026-02-11 15:00:00,2026-02-11 23:00:00,1.36552,1.36673,1.36267,1.36337,16301.0
2026-02-11 18:00:00,2026-02-11 16:00:00,2026-02-12 00:00:00,1.36339,1.36566,1.36286,1.3652,13686.0
2026-02-11 19:00:00,2026-02-11 17:00:00,2026-02-12 01:00:00,1.36518,1.36676,1.36445,1.36578,11928.0
2026-02-11 20:00:00,2026-02-11 18:00:00,2026-02-12 02:00:00,1.36579,1.36592,1.36393,1.36393,10278.0
2026-02-11 21:00:00,2026-02-11 19:00:00,2026-02-12 03:00:00,1.36387,1.36415,1.36325,1.36328,7662.0
2026-02-11 22:00:00,2026-02-11 20:00:00,2026-02-12 04:00:00,1.36327,1.36349,1.3621,1.36218,8920.0
2026-02-11 23:00:00,2026-02-11 21:00:00,2026-02-12 05:00:00,1.36216,1.36291,1.36185,1.3628,5027.0
2026-02-12 00:00:00,2026-02-11 22:00:00,2026-02-12 06:00:00,1.36169,1.3629,1.3616,1.36256,1816.0
2026-02-12 01:00:00,2026-02-11 23:00:00,2026-02-12 07:00:00,1.36256,1.36285,1.36192,1.36227,3800.0
2026-02-12 02:00:00,2026-02-12 00:00:00,2026-02-12 08:00:00,1.36226,1.36321,1.36155,1.3632,6029.0
2026-02-12 03:00:00,2026-02-12 01:00:00,2026-02-12 09:00:00,1.36319,1.36397,1.36263,1.36395,8377.0
2026-02-12 04:00:00,2026-02-12 02:00:00,2026-02-12 10:00:00,1.36396,1.36422,1.36301,1.36352,6318.0
2026-02-12 05:00:00,2026-02-12 03:00:00,2026-02-12 11:00:00,1.36351,1.36373,1.36259,1.36319,6925.0
2026-02-12 06:00:00,2026-02-12 04:00:00,2026-02-12 12:00:00,1.36318,1.36355,1.36201,1.36247,6132.0
2026-02-12 07:00:00,2026-02-12 05:00:00,2026-02-12 13:00:00,1.36251,1.36262,1.36174,1.36216,6225.0
2026-02-12 08:00:00,2026-02-12 06:00:00,2026-02-12 14:00:00,1.36216,1.36258,1.36044,1.36165,8589.0
2026-02-12 09:00:00,2026-02-12 07:00:00,2026-02-12 15:00:00,1.36164,1.36348,1.36119,1.36324,8573.0
2026-02-12 10:00:00,2026-02-12 08:00:00,2026-02-12 16:00:00,1.36325,1.36469,1.36265,1.3637,9158.0
2026-02-12 11:00:00,2026-02-12 09:00:00,2026-02-12 17:00:00,1.36371,1.36537,1.36365,1.36493,8991.0
2026-02-12 12:00:00,2026-02-12 10:00:00,2026-02-12 18:00:00,1.36495,1.365,1.36365,1.36383,7702.0
2026-02-12 13:00:00,2026-02-12 11:00:00,2026-02-12 19:00:00,1.36381,1.36513,1.3635,1.3649,6882.0
2026-02-12 14:00:00,2026-02-12 12:00:00,2026-02-12 20:00:00,1.36491,1.36501,1.3622,1.36289,8379.0
2026-02-12 15:00:00,2026-02-12 13:00:00,2026-02-12 21:00:00,1.36289,1.3652,1.36284,1.36497,9445.0
2026-02-12 16:00:00,2026-02-12 14:00:00,2026-02-12 22:00:00,1.36504,1.36693,1.3642,1.36641,12906.0
2026-02-12 17:00:00,2026-02-12 15:00:00,2026-02-12 23:00:00,1.36643,1.36715,1.36495,1.36535,12074.0
2026-02-12 18:00:00,2026-02-12 16:00:00,2026-02-13 00:00:00,1.36536,1.36583,1.3616,1.36323,17418.0
2026-02-12 19:00:00,2026-02-12 17:00:00,2026-02-13 01:00:00,1.3632,1.36331,1.36173,1.36192,13864.0
2026-02-12 20:00:00,2026-02-12 18:00:00,2026-02-13 02:00:00,1.36192,1.36238,1.36045,1.36165,11919.0
2026-02-12 21:00:00,2026-02-12 19:00:00,2026-02-13 03:00:00,1.36167,1.36263,1.3615,1.36242,9585.0
2026-02-12 22:00:00,2026-02-12 20:00:00,2026-02-13 04:00:00,1.36239,1.36248,1.36146,1.36211,8890.0
2026-02-12 23:00:00,2026-02-12 21:00:00,2026-02-13 05:00:00,1.3621,1.3624,1.36172,1.36223,4946.0
2026-02-13 00:00:00,2026-02-12 22:00:00,2026-02-13 06:00:00,1.36098,1.36248,1.36066,1.36144,1891.0
2026-02-13 01:00:00,2026-02-12 23:00:00,2026-02-13 07:00:00,1.36164,1.36225,1.36151,1.36183,3837.0
2026-02-13 02:00:00,2026-02-13 00:00:00,2026-02-13 08:00:00,1.36179,1.36219,1.36144,1.36212,6145.0
2026-02-13 03:00:00,2026-02-13 01:00:00,2026-02-13 09:00:00,1.36209,1.36225,1.36118,1.36166,7687.0
2026-02-13 04:00:00,2026-02-13 02:00:00,2026-02-13 10:00:00,1.36166,1.36242,1.36123,1.36202,5414.0
2026-02-13 05:00:00,2026-02-13 03:00:00,2026-02-13 11:00:00,1.36203,1.36224,1.36142,1.36151,4444.0
2026-02-13 06:00:00,2026-02-13 04:00:00,2026-02-13 12:00:00,1.36152,1.36173,1.36091,1.3612,5372.0
2026-02-13 07:00:00,2026-02-13 05:00:00,2026-02-13 13:00:00,1.36121,1.36145,1.35992,1.3604,6409.0
2026-02-13 08:00:00,2026-02-13 06:00:00,2026-02-13 14:00:00,1.36032,1.36067,1.35946,1.36021,7327.0
2026-02-13 09:00:00,2026-02-13 07:00:00,2026-02-13 15:00:00,1.36013,1.3617,1.35901,1.36148,8480.0
2026-02-13 10:00:00,2026-02-13 08:00:00,2026-02-13 16:00:00,1.36147,1.36285,1.36114,1.36228,9113.0
2026-02-13 11:00:00,2026-02-13 09:00:00,2026-02-13 17:00:00,1.36228,1.36298,1.3621,1.36225,7735.0
2026-02-13 12:00:00,2026-02-13 10:00:00,2026-02-13 18:00:00,1.36225,1.36274,1.36145,1.36185,7261.0
2026-02-13 13:00:00,2026-02-13 11:00:00,2026-02-13 19:00:00,1.36185,1.36194,1.36006,1.36033,8204.0
2026-02-13 14:00:00,2026-02-13 12:00:00,2026-02-13 20:00:00,1.36031,1.36094,1.35986,1.36075,8560.0
2026-02-13 15:00:00,2026-02-13 13:00:00,2026-02-13 21:00:00,1.36077,1.36453,1.3605,1.3633,12971.0
2026-02-13 16:00:00,2026-02-13 14:00:00,2026-02-13 22:00:00,1.36324,1.36394,1.36156,1.36258,14303.0
2026-02-13 17:00:00,2026-02-13 15:00:00,2026-02-13 23:00:00,1.3626,1.36473,1.36105,1.36132,15492.0
2026-02-13 18:00:00,2026-02-13 16:00:00,2026-02-14 00:00:00,1.36133,1.36435,1.36067,1.3642,12485.0
2026-02-13 19:00:00,2026-02-13 17:00:00,2026-02-14 01:00:00,1.36423,1.36595,1.36379,1.36482,9761.0
2026-02-13 20:00:00,2026-02-13 18:00:00,2026-02-14 02:00:00,1.36483,1.36542,1.36458,1.36518,9275.0
2026-02-13 21:00:00,2026-02-13 19:00:00,2026-02-14 03:00:00,1.3652,1.3655,1.36426,1.36426,9256.0
2026-02-13 22:00:00,2026-02-13 20:00:00,2026-02-14 04:00:00,1.36427,1.36562,1.36409,1.36562,7470.0
2026-02-13 23:00:00,2026-02-13 21:00:00,2026-02-14 05:00:00,1.36564,1.36583,1.36482,1.36513,4553.0
2026-02-16 00:00:00,2026-02-15 22:00:00,2026-02-16 06:00:00,1.3639,1.36443,1.36355,1.36407,6303.0
2026-02-16 01:00:00,2026-02-15 23:00:00,2026-02-16 07:00:00,1.36408,1.36492,1.36404,1.36473,5554.0
2026-02-16 02:00:00,2026-02-16 00:00:00,2026-02-16 08:00:00,1.36472,1.36485,1.36408,1.36411,6382.0
2026-02-16 03:00:00,2026-02-16 01:00:00,2026-02-16 09:00:00,1.36411,1.36439,1.36372,1.36431,6396.0
2026-02-16 04:00:00,2026-02-16 02:00:00,2026-02-16 10:00:00,1.36431,1.36457,1.36386,1.3642,6065.0
2026-02-16 05:00:00,2026-02-16 03:00:00,2026-02-16 11:00:00,1.3642,1.36451,1.36372,1.36418,4151.0
2026-02-16 06:00:00,2026-02-16 04:00:00,2026-02-16 12:00:00,1.36417,1.36436,1.36355,1.36398,4289.0
2026-02-16 07:00:00,2026-02-16 05:00:00,2026-02-16 13:00:00,1.36397,1.36409,1.36352,1.36388,3770.0
2026-02-16 08:00:00,2026-02-16 06:00:00,2026-02-16 14:00:00,1.36388,1.36485,1.36382,1.36431,5534.0
2026-02-16 09:00:00,2026-02-16 07:00:00,2026-02-16 15:00:00,1.36428,1.36512,1.36353,1.3644,5479.0
2026-02-16 10:00:00,2026-02-16 08:00:00,2026-02-16 16:00:00,1.3644,1.36599,1.36398,1.36521,8166.0
2026-02-16 11:00:00,2026-02-16 09:00:00,2026-02-16 17:00:00,1.3652,1.36622,1.36411,1.36449,7301.0
2026-02-16 12:00:00,2026-02-16 10:00:00,2026-02-16 18:00:00,1.36446,1.3652,1.36412,1.36507,6685.0
2026-02-16 13:00:00,2026-02-16 11:00:00,2026-02-16 19:00:00,1.36506,1.36506,1.36427,1.36439,5328.0
2026-02-16 14:00:00,2026-02-16 12:00:00,2026-02-16 20:00:00,1.3644,1.36515,1.36393,1.36426,5002.0
2026-02-16 15:00:00,2026-02-16 13:00:00,2026-02-16 21:00:00,1.36425,1.36473,1.36285,1.36329,6177.0
2026-02-16 16:00:00,2026-02-16 14:00:00,2026-02-16 22:00:00,1.36328,1.36403,1.36294,1.36357,7154.0
2026-02-16 17:00:00,2026-02-16 15:00:00,2026-02-16 23:00:00,1.36358,1.36384,1.36278,1.36323,6159.0
2026-02-16 18:00:00,2026-02-16 16:00:00,2026-02-17 00:00:00,1.36331,1.36348,1.36258,1.36289,5758.0
2026-02-16 19:00:00,2026-02-16 17:00:00,2026-02-17 01:00:00,1.36288,1.36305,1.36262,1.36273,3703.0
2026-02-16 20:00:00,2026-02-16 18:00:00,2026-02-17 02:00:00,1.36274,1.36316,1.36261,1.36288,2671.0
2026-02-16 21:00:00,2026-02-16 19:00:00,2026-02-17 03:00:00,1.36289,1.36333,1.36286,1.36325,2538.0
2026-02-16 22:00:00,2026-02-16 20:00:00,2026-02-17 04:00:00,1.36322,1.36325,1.36294,1.36304,2648.0
2026-02-16 23:00:00,2026-02-16 21:00:00,2026-02-17 05:00:00,1.36304,1.36305,1.36247,1.36305,3115.0
2026-02-17 00:00:00,2026-02-16 22:00:00,2026-02-17 06:00:00,1.36202,1.36276,1.36202,1.36252,2058.0
2026-02-17 01:00:00,2026-02-16 23:00:00,2026-02-17 07:00:00,1.3627,1.36278,1.36227,1.36271,3006.0
2026-02-17 02:00:00,2026-02-17 00:00:00,2026-02-17 08:00:00,1.36271,1.36292,1.36185,1.36196,5878.0
2026-02-17 03:00:00,2026-02-17 01:00:00,2026-02-17 09:00:00,1.36195,1.36214,1.36137,1.36168,6854.0
2026-02-17 04:00:00,2026-02-17 02:00:00,2026-02-17 10:00:00,1.36168,1.36204,1.36115,1.36139,5527.0
2026-02-17 05:00:00,2026-02-17 03:00:00,2026-02-17 11:00:00,1.3614,1.36141,1.36057,1.36125,6213.0
2026-02-17 06:00:00,2026-02-17 04:00:00,2026-02-17 12:00:00,1.36127,1.36135,1.36065,1.36112,5174.0
2026-02-17 07:00:00,2026-02-17 05:00:00,2026-02-17 13:00:00,1.36114,1.3612,1.36029,1.3607,6714.0
2026-02-17 08:00:00,2026-02-17 06:00:00,2026-02-17 14:00:00,1.36071,1.36149,1.36071,1.36112,5230.0
2026-02-17 09:00:00,2026-02-17 07:00:00,2026-02-17 15:00:00,1.3611,1.36122,1.35523,1.3563,9618.0
2026-02-17 10:00:00,2026-02-17 08:00:00,2026-02-17 16:00:00,1.35631,1.35907,1.3561,1.35855,10060.0
2026-02-17 11:00:00,2026-02-17 09:00:00,2026-02-17 17:00:00,1.35855,1.35977,1.35835,1.35914,7836.0
2026-02-17 12:00:00,2026-02-17 10:00:00,2026-02-17 18:00:00,1.35911,1.36059,1.35895,1.35948,7434.0
2026-02-17 13:00:00,2026-02-17 11:00:00,2026-02-17 19:00:00,1.3595,1.35982,1.35597,1.35645,7806.0
2026-02-17 14:00:00,2026-02-17 12:00:00,2026-02-17 20:00:00,1.35646,1.35717,1.35466,1.35484,8811.0
2026-02-17 15:00:00,2026-02-17 13:00:00,2026-02-17 21:00:00,1.35482,1.35503,1.35243,1.35248,11421.0
2026-02-17 16:00:00,2026-02-17 14:00:00,2026-02-17 22:00:00,1.35249,1.35322,1.3518,1.35209,15314.0
2026-02-17 17:00:00,2026-02-17 15:00:00,2026-02-17 23:00:00,1.35208,1.3525,1.34954,1.35034,13862.0
2026-02-17 18:00:00,2026-02-17 16:00:00,2026-02-18 00:00:00,1.35033,1.35413,1.35029,1.35378,12336.0
2026-02-17 19:00:00,2026-02-17 17:00:00,2026-02-18 01:00:00,1.35378,1.35497,1.35347,1.35464,10783.0
2026-02-17 20:00:00,2026-02-17 18:00:00,2026-02-18 02:00:00,1.35465,1.35609,1.35408,1.35587,9368.0
2026-02-17 21:00:00,2026-02-17 19:00:00,2026-02-18 03:00:00,1.35588,1.35632,1.35558,1.35612,7352.0
2026-02-17 22:00:00,2026-02-17 20:00:00,2026-02-18 04:00:00,1.35613,1.35642,1.35575,1.35618,6029.0
2026-02-17 23:00:00,2026-02-17 21:00:00,2026-02-18 05:00:00,1.3562,1.35686,1.35598,1.35673,3385.0
2026-02-18 00:00:00,2026-02-17 22:00:00,2026-02-18 06:00:00,1.35575,1.35662,1.3552,1.35593,3178.0
2026-02-18 01:00:00,2026-02-17 23:00:00,2026-02-18 07:00:00,1.35643,1.35726,1.35622,1.35625,3297.0
2026-02-18 02:00:00,2026-02-18 00:00:00,2026-02-18 08:00:00,1.35626,1.35664,1.35606,1.3562,5812.0
2026-02-18 03:00:00,2026-02-18 01:00:00,2026-02-18 09:00:00,1.35621,1.35621,1.35538,1.35583,5655.0
2026-02-18 04:00:00,2026-02-18 02:00:00,2026-02-18 10:00:00,1.35583,1.35584,1.35515,1.35545,4526.0
2026-02-18 05:00:00,2026-02-18 03:00:00,2026-02-18 11:00:00,1.35548,1.35582,1.35523,1.3553,4818.0
2026-02-18 06:00:00,2026-02-18 04:00:00,2026-02-18 12:00:00,1.3553,1.3556,1.35496,1.35537,4572.0
2026-02-18 07:00:00,2026-02-18 05:00:00,2026-02-18 13:00:00,1.35538,1.35593,1.35533,1.35591,4155.0
2026-02-18 08:00:00,2026-02-18 06:00:00,2026-02-18 14:00:00,1.35594,1.35665,1.35531,1.3564,5144.0
2026-02-18 09:00:00,2026-02-18 07:00:00,2026-02-18 15:00:00,1.35625,1.35775,1.35538,1.35616,7802.0
2026-02-18 10:00:00,2026-02-18 08:00:00,2026-02-18 16:00:00,1.35615,1.35683,1.35569,1.35657,8346.0
2026-02-18 11:00:00,2026-02-18 09:00:00,2026-02-18 17:00:00,1.35655,1.35793,1.35651,1.35747,7348.0
2026-02-18 12:00:00,2026-02-18 10:00:00,2026-02-18 18:00:00,1.35742,1.35824,1.35654,1.35658,6612.0
2026-02-18 13:00:00,2026-02-18 11:00:00,2026-02-18 19:00:00,1.35657,1.35748,1.35654,1.35734,5441.0
2026-02-18 14:00:00,2026-02-18 12:00:00,2026-02-18 20:00:00,1.35738,1.35801,1.35693,1.35734,8055.0
2026-02-18 15:00:00,2026-02-18 13:00:00,2026-02-18 21:00:00,1.35735,1.35816,1.35521,1.35525,7863.0
2026-02-18 16:00:00,2026-02-18 14:00:00,2026-02-18 22:00:00,1.35524,1.35585,1.35327,1.35368,12819.0
2026-02-18 17:00:00,2026-02-18 15:00:00,2026-02-18 23:00:00,1.35367,1.35538,1.35352,1.35456,11080.0
2026-02-18 18:00:00,2026-02-18 16:00:00,2026-02-19 00:00:00,1.35456,1.35577,1.35337,1.35339,9984.0
2026-02-18 19:00:00,2026-02-18 17:00:00,2026-02-19 01:00:00,1.35341,1.35368,1.35123,1.35222,8343.0
2026-02-18 20:00:00,2026-02-18 18:00:00,2026-02-19 02:00:00,1.35223,1.35257,1.35062,1.35134,8788.0
2026-02-18 21:00:00,2026-02-18 19:00:00,2026-02-19 03:00:00,1.3514,1.35146,1.34969,1.35002,9500.0
2026-02-18 22:00:00,2026-02-18 20:00:00,2026-02-19 04:00:00,1.35003,1.35051,1.34946,1.34998,7138.0
2026-02-18 23:00:00,2026-02-18 21:00:00,2026-02-19 05:00:00,1.34998,1.35021,1.34916,1.34919,3924.0
2026-02-19 00:00:00,2026-02-18 22:00:00,2026-02-19 06:00:00,1.34914,1.34999,1.34877,1.34961,3070.0
2026-02-19 01:00:00,2026-02-18 23:00:00,2026-02-19 07:00:00,1.34979,1.34982,1.3494,1.34947,2909.0
2026-02-19 02:00:00,2026-02-19 00:00:00,2026-02-19 08:00:00,1.34948,1.34979,1.34884,1.34897,4996.0
2026-02-19 03:00:00,2026-02-19 01:00:00,2026-02-19 09:00:00,1.34898,1.34987,1.34898,1.34963,6129.0
2026-02-19 04:00:00,2026-02-19 02:00:00,2026-02-19 10:00:00,1.34962,1.34972,1.34919,1.34948,5130.0
2026-02-19 05:00:00,2026-02-19 03:00:00,2026-02-19 11:00:00,1.34949,1.34975,1.34878,1.34911,4233.0
2026-02-19 06:00:00,2026-02-19 04:00:00,2026-02-19 12:00:00,1.34907,1.34928,1.34813,1.34835,4386.0
2026-02-19 07:00:00,2026-02-19 05:00:00,2026-02-19 13:00:00,1.34838,1.34876,1.34805,1.34874,4702.0
2026-02-19 08:00:00,2026-02-19 06:00:00,2026-02-19 14:00:00,1.34875,1.35027,1.3485,1.34996,5550.0
2026-02-19 09:00:00,2026-02-19 07:00:00,2026-02-19 15:00:00,1.34995,1.35121,1.34945,1.351,6384.0
2026-02-19 10:00:00,2026-02-19 08:00:00,2026-02-19 16:00:00,1.35099,1.35159,1.35014,1.35055,8327.0
2026-02-19 11:00:00,2026-02-19 09:00:00,2026-02-19 17:00:00,1.35056,1.35169,1.34943,1.35042,8620.0
2026-02-19 12:00:00,2026-02-19 10:00:00,2026-02-19 18:00:00,1.35048,1.35075,1.34846,1.34887,8000.0
2026-02-19 13:00:00,2026-02-19 11:00:00,2026-02-19 19:00:00,1.34887,1.34918,1.34651,1.34664,7652.0
2026-02-19 14:00:00,2026-02-19 12:00:00,2026-02-19 20:00:00,1.3466,1.34741,1.34574,1.3463,7880.0
2026-02-19 15:00:00,2026-02-19 13:00:00,2026-02-19 21:00:00,1.34629,1.34695,1.34484,1.34669,11362.0
2026-02-19 16:00:00,2026-02-19 14:00:00,2026-02-19 22:00:00,1.34668,1.34678,1.34333,1.34451,12956.0
2026-02-19 17:00:00,2026-02-19 15:00:00,2026-02-19 23:00:00,1.34449,1.3474,1.34416,1.34542,13772.0
2026-02-19 18:00:00,2026-02-19 16:00:00,2026-02-20 00:00:00,1.34544,1.34578,1.34392,1.34448,11957.0
2026-02-19 19:00:00,2026-02-19 17:00:00,2026-02-20 01:00:00,1.34449,1.3456,1.34386,1.3452,10927.0
2026-02-19 20:00:00,2026-02-19 18:00:00,2026-02-20 02:00:00,1.34521,1.34663,1.34505,1.34599,7471.0
2026-02-19 21:00:00,2026-02-19 19:00:00,2026-02-20 03:00:00,1.346,1.34661,1.34473,1.34516,9213.0
2026-02-19 22:00:00,2026-02-19 20:00:00,2026-02-20 04:00:00,1.34514,1.34602,1.34514,1.34591,5257.0
2026-02-19 23:00:00,2026-02-19 21:00:00,2026-02-20 05:00:00,1.34587,1.34734,1.34577,1.34634,5390.0
2026-02-20 00:00:00,2026-02-19 22:00:00,2026-02-20 06:00:00,1.34607,1.34683,1.34574,1.3465,3728.0
2026-02-20 01:00:00,2026-02-19 23:00:00,2026-02-20 07:00:00,1.3468,1.34708,1.34593,1.34598,4167.0
2026-02-20 02:00:00,2026-02-20 00:00:00,2026-02-20 08:00:00,1.34598,1.3464,1.34555,1.34617,5497.0
2026-02-20 03:00:00,2026-02-20 01:00:00,2026-02-20 09:00:00,1.34615,1.3463,1.34416,1.34468,7781.0
2026-02-20 04:00:00,2026-02-20 02:00:00,2026-02-20 10:00:00,1.34467,1.34479,1.34346,1.34404,6673.0
2026-02-20 05:00:00,2026-02-20 03:00:00,2026-02-20 11:00:00,1.34404,1.34465,1.34385,1.34421,4522.0
2026-02-20 06:00:00,2026-02-20 04:00:00,2026-02-20 12:00:00,1.3442,1.34471,1.34383,1.34389,4801.0
2026-02-20 07:00:00,2026-02-20 05:00:00,2026-02-20 13:00:00,1.34389,1.34489,1.34373,1.34455,5298.0
2026-02-20 08:00:00,2026-02-20 06:00:00,2026-02-20 14:00:00,1.34455,1.34489,1.34415,1.34468,5049.0
2026-02-20 09:00:00,2026-02-20 07:00:00,2026-02-20 15:00:00,1.34465,1.34672,1.34449,1.34455,8979.0
2026-02-20 10:00:00,2026-02-20 08:00:00,2026-02-20 16:00:00,1.34455,1.34555,1.34363,1.34523,9493.0
2026-02-20 11:00:00,2026-02-20 09:00:00,2026-02-20 17:00:00,1.34521,1.3479,1.34504,1.3467,8983.0
2026-02-20 12:00:00,2026-02-20 10:00:00,2026-02-20 18:00:00,1.34673,1.34826,1.34614,1.34753,7788.0
2026-02-20 13:00:00,2026-02-20 11:00:00,2026-02-20 19:00:00,1.34752,1.34779,1.34663,1.34703,7200.0
2026-02-20 14:00:00,2026-02-20 12:00:00,2026-02-20 20:00:00,1.34706,1.3483,1.34684,1.34729,9647.0
2026-02-20 15:00:00,2026-02-20 13:00:00,2026-02-20 21:00:00,1.34731,1.34976,1.34664,1.34861,11746.0
2026-02-20 16:00:00,2026-02-20 14:00:00,2026-02-20 22:00:00,1.34854,1.34882,1.34675,1.34767,12965.0
2026-02-20 17:00:00,2026-02-20 15:00:00,2026-02-20 23:00:00,1.34753,1.35147,1.34605,1.3501,20728.0
2026-02-20 18:00:00,2026-02-20 16:00:00,2026-02-21 00:00:00,1.3501,1.35145,1.34863,1.34983,14666.0
2026-02-20 19:00:00,2026-02-20 17:00:00,2026-02-21 01:00:00,1.34982,1.35007,1.34747,1.34894,12644.0
2026-02-20 20:00:00,2026-02-20 18:00:00,2026-02-21 02:00:00,1.34897,1.35064,1.34849,1.34946,13159.0
2026-02-20 21:00:00,2026-02-20 19:00:00,2026-02-21 03:00:00,1.34948,1.34994,1.34834,1.34857,9179.0
2026-02-20 22:00:00,2026-02-20 20:00:00,2026-02-21 04:00:00,1.34858,1.34911,1.34815,1.34894,6430.0
2026-02-20 23:00:00,2026-02-20 21:00:00,2026-02-21 05:00:00,1.34893,1.34971,1.34849,1.3485,4414.0
2026-02-23 00:00:00,2026-02-22 22:00:00,2026-02-23 06:00:00,1.3485,1.34967,1.34711,1.34907,2854.0
2026-02-23 01:00:00,2026-02-22 23:00:00,2026-02-23 07:00:00,1.34897,1.35331,1.34853,1.3532,9387.0
2026-02-23 02:00:00,2026-02-23 00:00:00,2026-02-23 08:00:00,1.3532,1.35323,1.35198,1.35269,8502.0
2026-02-23 03:00:00,2026-02-23 01:00:00,2026-02-23 09:00:00,1.35272,1.35274,1.35155,1.35189,9351.0
2026-02-23 04:00:00,2026-02-23 02:00:00,2026-02-23 10:00:00,1.35193,1.35288,1.35168,1.35229,8003.0
2026-02-23 05:00:00,2026-02-23 03:00:00,2026-02-23 11:00:00,1.3523,1.35239,1.35104,1.35177,5588.0
2026-02-23 06:00:00,2026-02-23 04:00:00,2026-02-23 12:00:00,1.35179,1.35211,1.35122,1.352,5035.0
2026-02-23 07:00:00,2026-02-23 05:00:00,2026-02-23 13:00:00,1.35201,1.35212,1.35122,1.35199,5171.0
2026-02-23 08:00:00,2026-02-23 06:00:00,2026-02-23 14:00:00,1.352,1.35352,1.35174,1.35299,6756.0
2026-02-23 09:00:00,2026-02-23 07:00:00,2026-02-23 15:00:00,1.35298,1.35329,1.35211,1.35258,8925.0
2026-02-23 10:00:00,2026-02-23 08:00:00,2026-02-23 16:00:00,1.35257,1.35287,1.35102,1.35158,11625.0
2026-02-23 11:00:00,2026-02-23 09:00:00,2026-02-23 17:00:00,1.35158,1.3519,1.35054,1.35084,8822.0
2026-02-23 12:00:00,2026-02-23 10:00:00,2026-02-23 18:00:00,1.35083,1.3513,1.35019,1.35079,7538.0
2026-02-23 13:00:00,2026-02-23 11:00:00,2026-02-23 19:00:00,1.35078,1.35102,1.34862,1.3491,8189.0
2026-02-23 14:00:00,2026-02-23 12:00:00,2026-02-23 20:00:00,1.34907,1.34909,1.34755,1.34868,9381.0
2026-02-23 15:00:00,2026-02-23 13:00:00,2026-02-23 21:00:00,1.34869,1.35086,1.3483,1.35062,10039.0
2026-02-23 16:00:00,2026-02-23 14:00:00,2026-02-23 22:00:00,1.35058,1.35238,1.35018,1.35203,11764.0
2026-02-23 17:00:00,2026-02-23 15:00:00,2026-02-23 23:00:00,1.35202,1.35246,1.34915,1.34949,13227.0
2026-02-23 18:00:00,2026-02-23 16:00:00,2026-02-24 00:00:00,1.3495,1.35146,1.34873,1.35072,13056.0
2026-02-23 19:00:00,2026-02-23 17:00:00,2026-02-24 01:00:00,1.35071,1.35084,1.34841,1.34955,10518.0
2026-02-23 20:00:00,2026-02-23 18:00:00,2026-02-24 02:00:00,1.34955,1.35017,1.34936,1.34976,8490.0
2026-02-23 21:00:00,2026-02-23 19:00:00,2026-02-24 03:00:00,1.34975,1.34989,1.34853,1.34893,7286.0
2026-02-23 22:00:00,2026-02-23 20:00:00,2026-02-24 04:00:00,1.34889,1.34942,1.34879,1.34917,6102.0
2026-02-23 23:00:00,2026-02-23 21:00:00,2026-02-24 05:00:00,1.34917,1.34998,1.34895,1.34902,3686.0
2026-02-24 00:00:00,2026-02-23 22:00:00,2026-02-24 06:00:00,1.34831,1.34929,1.34821,1.3486,9919.0
2026-02-24 01:00:00,2026-02-23 23:00:00,2026-02-24 07:00:00,1.34876,1.34998,1.34866,1.34958,3432.0
2026-02-24 02:00:00,2026-02-24 00:00:00,2026-02-24 08:00:00,1.34957,1.34989,1.34923,1.34946,5936.0
2026-02-24 03:00:00,2026-02-24 01:00:00,2026-02-24 09:00:00,1.34944,1.34945,1.34776,1.34903,9057.0
2026-02-24 04:00:00,2026-02-24 02:00:00,2026-02-24 10:00:00,1.34904,1.3499,1.34872,1.34987,6050.0
2026-02-24 05:00:00,2026-02-24 03:00:00,2026-02-24 11:00:00,1.34987,1.35012,1.34875,1.34881,5053.0
2026-02-24 06:00:00,2026-02-24 04:00:00,2026-02-24 12:00:00,1.34878,1.34899,1.34788,1.34823,5129.0
2026-02-24 07:00:00,2026-02-24 05:00:00,2026-02-24 13:00:00,1.34824,1.34888,1.34796,1.34884,5219.0
2026-02-24 08:00:00,2026-02-24 06:00:00,2026-02-24 14:00:00,1.34883,1.34916,1.34846,1.34878,6170.0
2026-02-24 09:00:00,2026-02-24 07:00:00,2026-02-24 15:00:00,1.34871,1.34878,1.34729,1.34784,11060.0
2026-02-24 10:00:00,2026-02-24 08:00:00,2026-02-24 16:00:00,1.34784,1.34905,1.34695,1.34848,10334.0
2026-02-24 11:00:00,2026-02-24 09:00:00,2026-02-24 17:00:00,1.34845,1.35027,1.34844,1.34999,7841.0
2026-02-24 12:00:00,2026-02-24 10:00:00,2026-02-24 18:00:00,1.34999,1.35061,1.34917,1.34938,7260.0
2026-02-24 13:00:00,2026-02-24 11:00:00,2026-02-24 19:00:00,1.34934,1.34942,1.34839,1.34864,7105.0
2026-02-24 14:00:00,2026-02-24 12:00:00,2026-02-24 20:00:00,1.34859,1.34906,1.34778,1.34884,8445.0
2026-02-24 15:00:00,2026-02-24 13:00:00,2026-02-24 21:00:00,1.34883,1.34922,1.34761,1.34862,9760.0
2026-02-24 16:00:00,2026-02-24 14:00:00,2026-02-24 22:00:00,1.34861,1.34994,1.34793,1.34986,11738.0
2026-02-24 17:00:00,2026-02-24 15:00:00,2026-02-24 23:00:00,1.34984,1.35247,1.3491,1.35144,12869.0
2026-02-24 18:00:00,2026-02-24 16:00:00,2026-02-25 00:00:00,1.35145,1.35362,1.3513,1.35299,10161.0
2026-02-24 19:00:00,2026-02-24 17:00:00,2026-02-25 01:00:00,1.35297,1.35302,1.35141,1.35179,6933.0
2026-02-24 20:00:00,2026-02-24 18:00:00,2026-02-25 02:00:00,1.35181,1.35202,1.35064,1.35077,6829.0
2026-02-24 21:00:00,2026-02-24 19:00:00,2026-02-25 03:00:00,1.35072,1.35125,1.35005,1.35019,6234.0
2026-02-24 22:00:00,2026-02-24 20:00:00,2026-02-25 04:00:00,1.35017,1.35089,1.34963,1.34977,6055.0
2026-02-24 23:00:00,2026-02-24 21:00:00,2026-02-25 05:00:00,1.34978,1.34998,1.34878,1.34884,4520.0
2026-02-25 00:00:00,2026-02-24 22:00:00,2026-02-25 06:00:00,1.34798,1.34957,1.34798,1.34906,3270.0
2026-02-25 01:00:00,2026-02-24 23:00:00,2026-02-25 07:00:00,1.3493,1.34978,1.34904,1.34956,2918.0
2026-02-25 02:00:00,2026-02-25 00:00:00,2026-02-25 08:00:00,1.34957,1.35051,1.34912,1.35037,5517.0
2026-02-25 03:00:00,2026-02-25 01:00:00,2026-02-25 09:00:00,1.35037,1.35067,1.35003,1.35025,7566.0
2026-02-25 04:00:00,2026-02-25 02:00:00,2026-02-25 10:00:00,1.35025,1.35215,1.35023,1.35183,9463.0
2026-02-25 05:00:00,2026-02-25 03:00:00,2026-02-25 11:00:00,1.35183,1.35212,1.35079,1.35124,9410.0
2026-02-25 06:00:00,2026-02-25 04:00:00,2026-02-25 12:00:00,1.35124,1.35192,1.35105,1.35165,5902.0
2026-02-25 07:00:00,2026-02-25 05:00:00,2026-02-25 13:00:00,1.35165,1.35252,1.35154,1.35214,6174.0
2026-02-25 08:00:00,2026-02-25 06:00:00,2026-02-25 14:00:00,1.35213,1.35269,1.35177,1.35257,7758.0
2026-02-25 09:00:00,2026-02-25 07:00:00,2026-02-25 15:00:00,1.35255,1.35295,1.35152,1.35267,8313.0
2026-02-25 10:00:00,2026-02-25 08:00:00,2026-02-25 16:00:00,1.35267,1.3534,1.35094,1.35169,9848.0
2026-02-25 11:00:00,2026-02-25 09:00:00,2026-02-25 17:00:00,1.35165,1.35218,1.35104,1.35174,10339.0
2026-02-25 12:00:00,2026-02-25 10:00:00,2026-02-25 18:00:00,1.35174,1.35215,1.35067,1.35113,6999.0
2026-02-25 13:00:00,2026-02-25 11:00:00,2026-02-25 19:00:00,1.35114,1.35127,1.34909,1.35053,7568.0
2026-02-25 14:00:00,2026-02-25 12:00:00,2026-02-25 20:00:00,1.35053,1.35242,1.3503,1.35227,7583.0
2026-02-25 15:00:00,2026-02-25 13:00:00,2026-02-25 21:00:00,1.35223,1.35351,1.35076,1.35083,8945.0
2026-02-25 16:00:00,2026-02-25 14:00:00,2026-02-25 22:00:00,1.3508,1.35239,1.35063,1.35209,10959.0
2026-02-25 17:00:00,2026-02-25 15:00:00,2026-02-25 23:00:00,1.3521,1.35373,1.35175,1.35339,12419.0
2026-02-25 18:00:00,2026-02-25 16:00:00,2026-02-26 00:00:00,1.35335,1.35517,1.35316,1.35505,9870.0
2026-02-25 19:00:00,2026-02-25 17:00:00,2026-02-26 01:00:00,1.35506,1.35656,1.35482,1.35555,8253.0
2026-02-25 20:00:00,2026-02-25 18:00:00,2026-02-26 02:00:00,1.35556,1.35602,1.35501,1.35527,5675.0
2026-02-25 21:00:00,2026-02-25 19:00:00,2026-02-26 03:00:00,1.35526,1.3556,1.35481,1.35505,5920.0
2026-02-25 22:00:00,2026-02-25 20:00:00,2026-02-26 04:00:00,1.35505,1.35561,1.35491,1.35538,5989.0
2026-02-25 23:00:00,2026-02-25 21:00:00,2026-02-26 05:00:00,1.35537,1.35604,1.35515,1.35592,4012.0
2026-02-26 00:00:00,2026-02-25 22:00:00,2026-02-26 06:00:00,1.35506,1.35586,1.35465,1.35517,3721.0
2026-02-26 01:00:00,2026-02-25 23:00:00,2026-02-26 07:00:00,1.35541,1.35598,1.3554,1.35578,5474.0
2026-02-26 02:00:00,2026-02-26 00:00:00,2026-02-26 08:00:00,1.35577,1.35638,1.35532,1.35638,6602.0
2026-02-26 03:00:00,2026-02-26 01:00:00,2026-02-26 09:00:00,1.35639,1.35738,1.35619,1.35735,7712.0
2026-02-26 04:00:00,2026-02-26 02:00:00,2026-02-26 10:00:00,1.35732,1.35753,1.35553,1.35637,6776.0
2026-02-26 05:00:00,2026-02-26 03:00:00,2026-02-26 11:00:00,1.3564,1.35658,1.35553,1.35559,5326.0
2026-02-26 06:00:00,2026-02-26 04:00:00,2026-02-26 12:00:00,1.35555,1.35588,1.35495,1.35579,5642.0
2026-02-26 07:00:00,2026-02-26 05:00:00,2026-02-26 13:00:00,1.35577,1.35624,1.35531,1.35604,6506.0
2026-02-26 08:00:00,2026-02-26 06:00:00,2026-02-26 14:00:00,1.35601,1.35623,1.35522,1.35557,6500.0
2026-02-26 09:00:00,2026-02-26 07:00:00,2026-02-26 15:00:00,1.35558,1.35564,1.35444,1.35465,8016.0
2026-02-26 10:00:00,2026-02-26 08:00:00,2026-02-26 16:00:00,1.35468,1.35475,1.352,1.3524,10628.0
2026-02-26 11:00:00,2026-02-26 09:00:00,2026-02-26 17:00:00,1.35237,1.35335,1.35187,1.35277,8519.0
2026-02-26 12:00:00,2026-02-26 10:00:00,2026-02-26 18:00:00,1.35276,1.3536,1.35239,1.35356,6944.0
2026-02-26 13:00:00,2026-02-26 11:00:00,2026-02-26 19:00:00,1.35355,1.35448,1.35285,1.3529,6530.0
2026-02-26 14:00:00,2026-02-26 12:00:00,2026-02-26 20:00:00,1.35296,1.35501,1.35278,1.35486,6954.0
2026-02-26 15:00:00,2026-02-26 13:00:00,2026-02-26 21:00:00,1.35482,1.35564,1.35348,1.35363,9805.0
2026-02-26 16:00:00,2026-02-26 14:00:00,2026-02-26 22:00:00,1.35359,1.35538,1.35328,1.35458,12548.0
2026-02-26 17:00:00,2026-02-26 15:00:00,2026-02-26 23:00:00,1.35457,1.35477,1.34972,1.35146,15070.0
2026-02-26 18:00:00,2026-02-26 16:00:00,2026-02-27 00:00:00,1.35146,1.35156,1.34962,1.35028,11412.0
2026-02-26 19:00:00,2026-02-26 17:00:00,2026-02-27 01:00:00,1.35029,1.3504,1.34487,1.34507,11137.0
2026-02-26 20:00:00,2026-02-26 18:00:00,2026-02-27 02:00:00,1.34508,1.34692,1.34454,1.34646,9973.0
2026-02-26 21:00:00,2026-02-26 19:00:00,2026-02-27 03:00:00,1.34653,1.34895,1.34624,1.34871,7224.0
2026-02-26 22:00:00,2026-02-26 20:00:00,2026-02-27 04:00:00,1.34872,1.34929,1.34853,1.34915,6717.0
2026-02-26 23:00:00,2026-02-26 21:00:00,2026-02-27 05:00:00,1.34914,1.34932,1.34804,1.34824,3913.0
2026-02-27 00:00:00,2026-02-26 22:00:00,2026-02-27 06:00:00,1.34756,1.34833,1.34756,1.34795,2474.0
2026-02-27 01:00:00,2026-02-26 23:00:00,2026-02-27 07:00:00,1.34789,1.34913,1.34787,1.34911,3314.0
2026-02-27 02:00:00,2026-02-27 00:00:00,2026-02-27 08:00:00,1.3491,1.34942,1.34821,1.34859,7960.0
2026-02-27 03:00:00,2026-02-27 01:00:00,2026-02-27 09:00:00,1.34859,1.3493,1.34764,1.34768,9399.0
2026-02-27 04:00:00,2026-02-27 02:00:00,2026-02-27 10:00:00,1.34769,1.34884,1.34769,1.34872,6037.0
2026-02-27 05:00:00,2026-02-27 03:00:00,2026-02-27 11:00:00,1.34872,1.34959,1.34872,1.34918,5937.0
2026-02-27 06:00:00,2026-02-27 04:00:00,2026-02-27 12:00:00,1.34917,1.3501,1.349,1.34957,5062.0
2026-02-27 07:00:00,2026-02-27 05:00:00,2026-02-27 13:00:00,1.34954,1.34965,1.34878,1.34893,5307.0
2026-02-27 08:00:00,2026-02-27 06:00:00,2026-02-27 14:00:00,1.34892,1.34917,1.3467,1.34693,6771.0
2026-02-27 09:00:00,2026-02-27 07:00:00,2026-02-27 15:00:00,1.34685,1.34963,1.34613,1.34876,8904.0
2026-02-27 10:00:00,2026-02-27 08:00:00,2026-02-27 16:00:00,1.34877,1.35078,1.34874,1.34962,9501.0
2026-02-27 11:00:00,2026-02-27 09:00:00,2026-02-27 17:00:00,1.34946,1.3498,1.34823,1.34843,7654.0
2026-02-27 12:00:00,2026-02-27 10:00:00,2026-02-27 18:00:00,1.3484,1.34863,1.34729,1.34755,7450.0
2026-02-27 13:00:00,2026-02-27 11:00:00,2026-02-27 19:00:00,1.34756,1.34816,1.34652,1.34664,7479.0
2026-02-27 14:00:00,2026-02-27 12:00:00,2026-02-27 20:00:00,1.34662,1.3479,1.34662,1.34709,8729.0
2026-02-27 15:00:00,2026-02-27 13:00:00,2026-02-27 21:00:00,1.34709,1.34738,1.34395,1.34442,12276.0
2026-02-27 16:00:00,2026-02-27 14:00:00,2026-02-27 22:00:00,1.34441,1.34765,1.34416,1.34501,13184.0
2026-02-27 17:00:00,2026-02-27 15:00:00,2026-02-27 23:00:00,1.34503,1.34727,1.34434,1.34439,14465.0
2026-02-27 18:00:00,2026-02-27 16:00:00,2026-02-28 00:00:00,1.3444,1.34683,1.34413,1.34548,11922.0
2026-02-27 19:00:00,2026-02-27 17:00:00,2026-02-28 01:00:00,1.34548,1.3469,1.34492,1.34598,10608.0
2026-02-27 20:00:00,2026-02-27 18:00:00,2026-02-28 02:00:00,1.34601,1.3474,1.34599,1.34721,9314.0
2026-02-27 21:00:00,2026-02-27 19:00:00,2026-02-28 03:00:00,1.34723,1.3483,1.34705,1.3481,7884.0
2026-02-27 22:00:00,2026-02-27 20:00:00,2026-02-28 04:00:00,1.34807,1.34906,1.34756,1.34774,6924.0
2026-02-27 23:00:00,2026-02-27 21:00:00,2026-02-28 05:00:00,1.34776,1.34848,1.34705,1.34784,4975.0
2026-03-02 00:00:00,2026-03-01 22:00:00,2026-03-02 06:00:00,1.3407,1.34157,1.34042,1.34138,2017.0
2026-03-02 01:00:00,2026-03-01 23:00:00,2026-03-02 07:00:00,1.34148,1.3436,1.34022,1.34056,10993.0
2026-03-02 02:00:00,2026-03-02 00:00:00,2026-03-02 08:00:00,1.34048,1.34335,1.34008,1.34321,10962.0
2026-03-02 03:00:00,2026-03-02 01:00:00,2026-03-02 09:00:00,1.3432,1.34535,1.34288,1.34503,13159.0
2026-03-02 04:00:00,2026-03-02 02:00:00,2026-03-02 10:00:00,1.34501,1.34509,1.34379,1.34444,8511.0
2026-03-02 05:00:00,2026-03-02 03:00:00,2026-03-02 11:00:00,1.34449,1.3456,1.34441,1.34473,7193.0
2026-03-02 06:00:00,2026-03-02 04:00:00,2026-03-02 12:00:00,1.34473,1.3451,1.34352,1.34385,6337.0
2026-03-02 07:00:00,2026-03-02 05:00:00,2026-03-02 13:00:00,1.34387,1.34387,1.34143,1.34151,6702.0
2026-03-02 08:00:00,2026-03-02 06:00:00,2026-03-02 14:00:00,1.3415,1.34157,1.3376,1.33817,11876.0
2026-03-02 09:00:00,2026-03-02 07:00:00,2026-03-02 15:00:00,1.33813,1.33858,1.33446,1.33623,13798.0
2026-03-02 10:00:00,2026-03-02 08:00:00,2026-03-02 16:00:00,1.33622,1.33713,1.3314,1.33499,14221.0
2026-03-02 11:00:00,2026-03-02 09:00:00,2026-03-02 17:00:00,1.33503,1.33801,1.33458,1.33727,11910.0
2026-03-02 12:00:00,2026-03-02 10:00:00,2026-03-02 18:00:00,1.33726,1.34092,1.3372,1.3406,11077.0
2026-03-02 13:00:00,2026-03-02 11:00:00,2026-03-02 19:00:00,1.34058,1.34261,1.33978,1.34119,10357.0
2026-03-02 14:00:00,2026-03-02 12:00:00,2026-03-02 20:00:00,1.34116,1.34185,1.33914,1.33958,12687.0
2026-03-02 15:00:00,2026-03-02 13:00:00,2026-03-02 21:00:00,1.33958,1.34055,1.3379,1.33829,13574.0
2026-03-02 16:00:00,2026-03-02 14:00:00,2026-03-02 22:00:00,1.33819,1.34253,1.33752,1.34129,16835.0
2026-03-02 17:00:00,2026-03-02 15:00:00,2026-03-02 23:00:00,1.34059,1.34128,1.33651,1.33716,16644.0
2026-03-02 18:00:00,2026-03-02 16:00:00,2026-03-03 00:00:00,1.33714,1.3395,1.33598,1.33904,14875.0
2026-03-02 19:00:00,2026-03-02 17:00:00,2026-03-03 01:00:00,1.33905,1.34183,1.33876,1.34152,11369.0
2026-03-02 20:00:00,2026-03-02 18:00:00,2026-03-03 02:00:00,1.34152,1.3416,1.33951,1.3406,8424.0
2026-03-02 21:00:00,2026-03-02 19:00:00,2026-03-03 03:00:00,1.34053,1.34319,1.34044,1.34282,8979.0
2026-03-02 22:00:00,2026-03-02 20:00:00,2026-03-03 04:00:00,1.34287,1.343,1.33865,1.34015,13502.0
2026-03-02 23:00:00,2026-03-02 21:00:00,2026-03-03 05:00:00,1.34016,1.34109,1.34009,1.34045,5324.0
2026-03-03 00:00:00,2026-03-02 22:00:00,2026-03-03 06:00:00,1.33975,1.34055,1.33936,1.34012,2175.0
2026-03-03 01:00:00,2026-03-02 23:00:00,2026-03-03 07:00:00,1.34017,1.34115,1.34007,1.34079,3952.0
2026-03-03 02:00:00,2026-03-03 00:00:00,2026-03-03 08:00:00,1.34079,1.34127,1.33978,1.3412,7168.0
2026-03-03 03:00:00,2026-03-03 01:00:00,2026-03-03 09:00:00,1.3412,1.34252,1.34054,1.34097,11173.0
2026-03-03 04:00:00,2026-03-03 02:00:00,2026-03-03 10:00:00,1.34096,1.34126,1.33915,1.34045,10415.0
2026-03-03 05:00:00,2026-03-03 03:00:00,2026-03-03 11:00:00,1.34047,1.34108,1.33948,1.3399,8212.0
2026-03-03 06:00:00,2026-03-03 04:00:00,2026-03-03 12:00:00,1.3399,1.34031,1.33818,1.33835,7618.0
2026-03-03 07:00:00,2026-03-03 05:00:00,2026-03-03 13:00:00,1.33838,1.33891,1.33612,1.33629,10056.0
2026-03-03 08:00:00,2026-03-03 06:00:00,2026-03-03 14:00:00,1.3363,1.33664,1.33531,1.33612,10669.0
2026-03-03 09:00:00,2026-03-03 07:00:00,2026-03-03 15:00:00,1.33612,1.33613,1.33332,1.33356,12264.0
2026-03-03 10:00:00,2026-03-03 08:00:00,2026-03-03 16:00:00,1.33355,1.33376,1.33002,1.33042,15380.0
2026-03-03 11:00:00,2026-03-03 09:00:00,2026-03-03 17:00:00,1.33048,1.33163,1.32807,1.3298,14600.0
2026-03-03 12:00:00,2026-03-03 10:00:00,2026-03-03 18:00:00,1.32978,1.33098,1.32831,1.32855,14598.0
2026-03-03 13:00:00,2026-03-03 11:00:00,2026-03-03 19:00:00,1.32854,1.33001,1.32623,1.32931,15600.0
2026-03-03 14:00:00,2026-03-03 12:00:00,2026-03-03 20:00:00,1.32931,1.33272,1.32859,1.33218,15395.0
2026-03-03 15:00:00,2026-03-03 13:00:00,2026-03-03 21:00:00,1.33217,1.3326,1.3297,1.33012,15884.0
2026-03-03 16:00:00,2026-03-03 14:00:00,2026-03-03 22:00:00,1.33011,1.33136,1.32821,1.3284,17725.0
2026-03-03 17:00:00,2026-03-03 15:00:00,2026-03-03 23:00:00,1.32841,1.33066,1.32529,1.33019,21089.0
2026-03-03 18:00:00,2026-03-03 16:00:00,2026-03-04 00:00:00,1.3302,1.33308,1.32967,1.33276,19097.0
2026-03-03 19:00:00,2026-03-03 17:00:00,2026-03-04 01:00:00,1.33273,1.33377,1.3308,1.3323,16573.0
2026-03-03 20:00:00,2026-03-03 18:00:00,2026-03-04 02:00:00,1.33231,1.33636,1.33228,1.33538,13395.0
2026-03-03 21:00:00,2026-03-03 19:00:00,2026-03-04 03:00:00,1.33533,1.3368,1.33337,1.33558,15768.0
2026-03-03 22:00:00,2026-03-03 20:00:00,2026-03-04 04:00:00,1.33559,1.337,1.33552,1.33618,12616.0
2026-03-03 23:00:00,2026-03-03 21:00:00,2026-03-04 05:00:00,1.33614,1.33655,1.33555,1.33562,5588.0
2026-03-04 00:00:00,2026-03-03 22:00:00,2026-03-04 06:00:00,1.33487,1.33551,1.33404,1.33488,4281.0
2026-03-04 01:00:00,2026-03-03 23:00:00,2026-03-04 07:00:00,1.33506,1.33637,1.33458,1.33514,5039.0
2026-03-04 02:00:00,2026-03-04 00:00:00,2026-03-04 08:00:00,1.33514,1.33522,1.3327,1.33298,10317.0
2026-03-04 03:00:00,2026-03-04 01:00:00,2026-03-04 09:00:00,1.33297,1.33353,1.33031,1.33257,13541.0
2026-03-04 04:00:00,2026-03-04 02:00:00,2026-03-04 10:00:00,1.33249,1.33394,1.33223,1.33296,12186.0
2026-03-04 05:00:00,2026-03-04 03:00:00,2026-03-04 11:00:00,1.33295,1.33395,1.33225,1.33391,9999.0
2026-03-04 06:00:00,2026-03-04 04:00:00,2026-03-04 12:00:00,1.33391,1.33416,1.33106,1.33122,9566.0
2026-03-04 07:00:00,2026-03-04 05:00:00,2026-03-04 13:00:00,1.33121,1.33241,1.33109,1.33173,10325.0
2026-03-04 08:00:00,2026-03-04 06:00:00,2026-03-04 14:00:00,1.33173,1.3341,1.33053,1.33328,10295.0
2026-03-04 09:00:00,2026-03-04 07:00:00,2026-03-04 15:00:00,1.3333,1.33761,1.33324,1.33591,12572.0
2026-03-04 10:00:00,2026-03-04 08:00:00,2026-03-04 16:00:00,1.33593,1.33625,1.33332,1.33392,14453.0
2026-03-04 11:00:00,2026-03-04 09:00:00,2026-03-04 17:00:00,1.3339,1.33727,1.33328,1.33608,13018.0
2026-03-04 12:00:00,2026-03-04 10:00:00,2026-03-04 18:00:00,1.33603,1.3399,1.33603,1.33788,15687.0
2026-03-04 13:00:00,2026-03-04 11:00:00,2026-03-04 19:00:00,1.33787,1.3403,1.33721,1.33777,13162.0
2026-03-04 14:00:00,2026-03-04 12:00:00,2026-03-04 20:00:00,1.33778,1.3389,1.33486,1.33516,12578.0
2026-03-04 15:00:00,2026-03-04 13:00:00,2026-03-04 21:00:00,1.33514,1.33852,1.33514,1.33624,14530.0
2026-03-04 16:00:00,2026-03-04 14:00:00,2026-03-04 22:00:00,1.33613,1.33849,1.33571,1.33624,16706.0
2026-03-04 17:00:00,2026-03-04 15:00:00,2026-03-04 23:00:00,1.33623,1.33817,1.33541,1.33648,16671.0
2026-03-04 18:00:00,2026-03-04 16:00:00,2026-03-05 00:00:00,1.33647,1.33766,1.33553,1.33671,12556.0
2026-03-04 19:00:00,2026-03-04 17:00:00,2026-03-05 01:00:00,1.33671,1.33707,1.3346,1.3361,10393.0
2026-03-04 20:00:00,2026-03-04 18:00:00,2026-03-05 02:00:00,1.3361,1.33619,1.33466,1.33507,8170.0
2026-03-04 21:00:00,2026-03-04 19:00:00,2026-03-05 03:00:00,1.33506,1.33768,1.33506,1.33747,7995.0
2026-03-04 22:00:00,2026-03-04 20:00:00,2026-03-05 04:00:00,1.33746,1.33807,1.33704,1.3376,8253.0
2026-03-04 23:00:00,2026-03-04 21:00:00,2026-03-05 05:00:00,1.33761,1.33785,1.33695,1.33714,5356.0
2026-03-05 00:00:00,2026-03-04 22:00:00,2026-03-05 06:00:00,1.33621,1.33735,1.33619,1.33687,4905.0
2026-03-05 01:00:00,2026-03-04 23:00:00,2026-03-05 07:00:00,1.33684,1.33719,1.33658,1.33688,3953.0
2026-03-05 02:00:00,2026-03-05 00:00:00,2026-03-05 08:00:00,1.33687,1.33851,1.33644,1.33841,7216.0
2026-03-05 03:00:00,2026-03-05 01:00:00,2026-03-05 09:00:00,1.33835,1.3387,1.33651,1.33668,12206.0
2026-03-05 04:00:00,2026-03-05 02:00:00,2026-03-05 10:00:00,1.33662,1.33717,1.33588,1.33641,9224.0
2026-03-05 05:00:00,2026-03-05 03:00:00,2026-03-05 11:00:00,1.33641,1.33658,1.33375,1.33411,9598.0
2026-03-05 06:00:00,2026-03-05 04:00:00,2026-03-05 12:00:00,1.33406,1.33437,1.33285,1.33358,8179.0
2026-03-05 07:00:00,2026-03-05 05:00:00,2026-03-05 13:00:00,1.33359,1.33391,1.33137,1.33143,8885.0
2026-03-05 08:00:00,2026-03-05 06:00:00,2026-03-05 14:00:00,1.33142,1.33335,1.33061,1.33323,12176.0
2026-03-05 09:00:00,2026-03-05 07:00:00,2026-03-05 15:00:00,1.33322,1.33576,1.33304,1.33416,11631.0
2026-03-05 10:00:00,2026-03-05 08:00:00,2026-03-05 16:00:00,1.33415,1.33416,1.33153,1.33262,14807.0
2026-03-05 11:00:00,2026-03-05 09:00:00,2026-03-05 17:00:00,1.33262,1.33769,1.3322,1.33549,17831.0
2026-03-05 12:00:00,2026-03-05 10:00:00,2026-03-05 18:00:00,1.33549,1.33608,1.33325,1.33504,11901.0
2026-03-05 13:00:00,2026-03-05 11:00:00,2026-03-05 19:00:00,1.33507,1.33651,1.33455,1.33585,10051.0
2026-03-05 14:00:00,2026-03-05 12:00:00,2026-03-05 20:00:00,1.33585,1.33736,1.33532,1.33669,11405.0
2026-03-05 15:00:00,2026-03-05 13:00:00,2026-03-05 21:00:00,1.33665,1.33703,1.33376,1.33453,13371.0
2026-03-05 16:00:00,2026-03-05 14:00:00,2026-03-05 22:00:00,1.33452,1.33603,1.33325,1.33444,16645.0
2026-03-05 17:00:00,2026-03-05 15:00:00,2026-03-05 23:00:00,1.33449,1.33537,1.33092,1.33231,15901.0
2026-03-05 18:00:00,2026-03-05 16:00:00,2026-03-06 00:00:00,1.3323,1.33233,1.32976,1.33188,15505.0
2026-03-05 19:00:00,2026-03-05 17:00:00,2026-03-06 01:00:00,1.33187,1.33345,1.33137,1.33297,14938.0
2026-03-05 20:00:00,2026-03-05 18:00:00,2026-03-06 02:00:00,1.33297,1.334,1.33181,1.33315,14918.0
2026-03-05 21:00:00,2026-03-05 19:00:00,2026-03-06 03:00:00,1.33314,1.33341,1.33178,1.33201,12096.0
2026-03-05 22:00:00,2026-03-05 20:00:00,2026-03-06 04:00:00,1.332,1.33633,1.33182,1.33567,15019.0
2026-03-05 23:00:00,2026-03-05 21:00:00,2026-03-06 05:00:00,1.33561,1.33656,1.33536,1.33579,5766.0
2026-03-06 00:00:00,2026-03-05 22:00:00,2026-03-06 06:00:00,1.33498,1.33546,1.33276,1.33517,4644.0
2026-03-06 01:00:00,2026-03-05 23:00:00,2026-03-06 07:00:00,1.33539,1.336,1.33484,1.33555,5193.0
2026-03-06 02:00:00,2026-03-06 00:00:00,2026-03-06 08:00:00,1.33554,1.33646,1.33547,1.33593,8497.0
2026-03-06 03:00:00,2026-03-06 01:00:00,2026-03-06 09:00:00,1.33591,1.3371,1.33542,1.33648,11020.0
2026-03-06 04:00:00,2026-03-06 02:00:00,2026-03-06 10:00:00,1.33647,1.33714,1.33638,1.33658,7404.0
2026-03-06 05:00:00,2026-03-06 03:00:00,2026-03-06 11:00:00,1.33658,1.33732,1.3364,1.33719,6516.0
2026-03-06 06:00:00,2026-03-06 04:00:00,2026-03-06 12:00:00,1.33717,1.33725,1.33622,1.33624,5564.0
2026-03-06 07:00:00,2026-03-06 05:00:00,2026-03-06 13:00:00,1.33623,1.33668,1.3355,1.33564,7718.0
2026-03-06 08:00:00,2026-03-06 06:00:00,2026-03-06 14:00:00,1.33564,1.33697,1.33521,1.33685,7838.0
2026-03-06 09:00:00,2026-03-06 07:00:00,2026-03-06 15:00:00,1.33685,1.33724,1.33601,1.3369,9664.0
2026-03-06 10:00:00,2026-03-06 08:00:00,2026-03-06 16:00:00,1.3369,1.33795,1.33614,1.33643,11447.0
2026-03-06 11:00:00,2026-03-06 09:00:00,2026-03-06 17:00:00,1.33643,1.33649,1.33181,1.3324,13450.0
2026-03-06 12:00:00,2026-03-06 10:00:00,2026-03-06 18:00:00,1.33241,1.3343,1.33198,1.33405,11074.0
2026-03-06 13:00:00,2026-03-06 11:00:00,2026-03-06 19:00:00,1.33404,1.33455,1.33179,1.33181,12991.0
2026-03-06 14:00:00,2026-03-06 12:00:00,2026-03-06 20:00:00,1.3319,1.33426,1.33111,1.33265,12707.0
2026-03-06 15:00:00,2026-03-06 13:00:00,2026-03-06 21:00:00,1.33262,1.33886,1.33256,1.33383,18382.0
2026-03-06 16:00:00,2026-03-06 14:00:00,2026-03-06 22:00:00,1.33381,1.33514,1.33255,1.33406,19606.0
2026-03-06 17:00:00,2026-03-06 15:00:00,2026-03-06 23:00:00,1.33402,1.33807,1.334,1.33589,19559.0
2026-03-06 18:00:00,2026-03-06 16:00:00,2026-03-07 00:00:00,1.33589,1.34093,1.33584,1.33974,16696.0
2026-03-06 19:00:00,2026-03-06 17:00:00,2026-03-07 01:00:00,1.33972,1.34081,1.33845,1.33871,15885.0
2026-03-06 20:00:00,2026-03-06 18:00:00,2026-03-07 02:00:00,1.33871,1.34062,1.33782,1.33866,15011.0
2026-03-06 21:00:00,2026-03-06 19:00:00,2026-03-07 03:00:00,1.33867,1.33967,1.33818,1.33865,13097.0
2026-03-06 22:00:00,2026-03-06 20:00:00,2026-03-07 04:00:00,1.33864,1.33944,1.33787,1.33911,12435.0
2026-03-06 23:00:00,2026-03-06 21:00:00,2026-03-07 05:00:00,1.33908,1.34027,1.33901,1.33996,7242.0
2026-03-09 00:00:00,2026-03-08 21:00:00,2026-03-09 05:00:00,1.3335,1.33522,1.33319,1.33368,2665.0
2026-03-09 01:00:00,2026-03-08 22:00:00,2026-03-09 06:00:00,1.33368,1.33445,1.3317,1.3318,11486.0
2026-03-09 02:00:00,2026-03-08 23:00:00,2026-03-09 07:00:00,1.33182,1.33225,1.33001,1.33054,11142.0
2026-03-09 03:00:00,2026-03-09 00:00:00,2026-03-09 08:00:00,1.33052,1.33177,1.32962,1.33004,12373.0
2026-03-09 04:00:00,2026-03-09 01:00:00,2026-03-09 09:00:00,1.33002,1.3301,1.32826,1.32856,13700.0
2026-03-09 05:00:00,2026-03-09 02:00:00,2026-03-09 10:00:00,1.3286,1.33073,1.32843,1.33046,12990.0
2026-03-09 06:00:00,2026-03-09 03:00:00,2026-03-09 11:00:00,1.33041,1.331,1.32903,1.3295,10584.0
2026-03-09 07:00:00,2026-03-09 04:00:00,2026-03-09 12:00:00,1.32952,1.3308,1.32931,1.32979,8499.0
2026-03-09 08:00:00,2026-03-09 05:00:00,2026-03-09 13:00:00,1.32978,1.33377,1.3296,1.33337,15146.0
2026-03-09 09:00:00,2026-03-09 06:00:00,2026-03-09 14:00:00,1.33338,1.33407,1.33115,1.33118,13747.0
2026-03-09 10:00:00,2026-03-09 07:00:00,2026-03-09 15:00:00,1.33123,1.33474,1.33062,1.33441,14308.0
2026-03-09 11:00:00,2026-03-09 08:00:00,2026-03-09 16:00:00,1.33447,1.33513,1.33026,1.33186,16627.0
2026-03-09 12:00:00,2026-03-09 09:00:00,2026-03-09 17:00:00,1.33185,1.33636,1.33139,1.3339,16806.0
2026-03-09 13:00:00,2026-03-09 10:00:00,2026-03-09 18:00:00,1.3339,1.33504,1.3326,1.33443,15716.0
2026-03-09 14:00:00,2026-03-09 11:00:00,2026-03-09 19:00:00,1.33444,1.33571,1.33392,1.33476,13999.0
2026-03-09 15:00:00,2026-03-09 12:00:00,2026-03-09 20:00:00,1.33477,1.33608,1.33455,1.33523,14044.0
2026-03-09 16:00:00,2026-03-09 13:00:00,2026-03-09 21:00:00,1.33523,1.33824,1.33506,1.33731,16720.0
2026-03-09 17:00:00,2026-03-09 14:00:00,2026-03-09 22:00:00,1.33733,1.33813,1.33462,1.33776,19387.0
2026-03-09 18:00:00,2026-03-09 15:00:00,2026-03-09 23:00:00,1.33775,1.34004,1.33764,1.33924,14466.0
2026-03-09 19:00:00,2026-03-09 16:00:00,2026-03-10 00:00:00,1.33931,1.34088,1.33865,1.33906,13134.0
2026-03-09 20:00:00,2026-03-09 17:00:00,2026-03-10 01:00:00,1.33904,1.33923,1.33822,1.33851,12654.0
2026-03-09 21:00:00,2026-03-09 18:00:00,2026-03-10 02:00:00,1.33851,1.33962,1.33836,1.33845,11598.0
2026-03-09 22:00:00,2026-03-09 19:00:00,2026-03-10 03:00:00,1.33844,1.34459,1.33833,1.34289,18013.0
2026-03-09 23:00:00,2026-03-09 20:00:00,2026-03-10 04:00:00,1.3429,1.34471,1.34242,1.34433,9037.0
2026-03-10 00:00:00,2026-03-09 21:00:00,2026-03-10 05:00:00,1.34296,1.34419,1.34276,1.34348,3128.0
2026-03-10 01:00:00,2026-03-09 22:00:00,2026-03-10 06:00:00,1.34362,1.34483,1.34268,1.34323,7414.0
2026-03-10 02:00:00,2026-03-09 23:00:00,2026-03-10 07:00:00,1.34322,1.34381,1.34206,1.34237,6462.0
2026-03-10 03:00:00,2026-03-10 00:00:00,2026-03-10 08:00:00,1.34236,1.34444,1.34179,1.34345,11681.0
2026-03-10 04:00:00,2026-03-10 01:00:00,2026-03-10 09:00:00,1.34343,1.34386,1.34215,1.34312,12853.0
2026-03-10 05:00:00,2026-03-10 02:00:00,2026-03-10 10:00:00,1.34313,1.34373,1.34194,1.34212,9928.0
2026-03-10 06:00:00,2026-03-10 03:00:00,2026-03-10 11:00:00,1.34216,1.34258,1.3413,1.34165,8920.0
2026-03-10 07:00:00,2026-03-10 04:00:00,2026-03-10 12:00:00,1.34168,1.34281,1.3414,1.34244,6992.0
2026-03-10 08:00:00,2026-03-10 05:00:00,2026-03-10 13:00:00,1.34242,1.34362,1.34242,1.34356,8381.0
2026-03-10 09:00:00,2026-03-10 06:00:00,2026-03-10 14:00:00,1.34356,1.34578,1.34356,1.34502,8714.0
2026-03-10 10:00:00,2026-03-10 07:00:00,2026-03-10 15:00:00,1.34501,1.348,1.34469,1.34768,12790.0
2026-03-10 11:00:00,2026-03-10 08:00:00,2026-03-10 16:00:00,1.34764,1.34831,1.34523,1.34594,13626.0
2026-03-10 12:00:00,2026-03-10 09:00:00,2026-03-10 17:00:00,1.34599,1.34688,1.34561,1.34573,11179.0
2026-03-10 13:00:00,2026-03-10 10:00:00,2026-03-10 18:00:00,1.34574,1.34578,1.34381,1.34508,12051.0
2026-03-10 14:00:00,2026-03-10 11:00:00,2026-03-10 19:00:00,1.34511,1.34679,1.34432,1.34442,13676.0
2026-03-10 15:00:00,2026-03-10 12:00:00,2026-03-10 20:00:00,1.34441,1.34482,1.343,1.34416,14604.0
2026-03-10 16:00:00,2026-03-10 13:00:00,2026-03-10 21:00:00,1.34417,1.34676,1.34407,1.34483,15941.0
2026-03-10 17:00:00,2026-03-10 14:00:00,2026-03-10 22:00:00,1.34484,1.34686,1.34378,1.34668,15074.0
2026-03-10 18:00:00,2026-03-10 15:00:00,2026-03-10 23:00:00,1.34669,1.34731,1.34528,1.34576,13901.0
2026-03-10 19:00:00,2026-03-10 16:00:00,2026-03-11 00:00:00,1.34577,1.34667,1.34465,1.34625,12321.0
2026-03-10 20:00:00,2026-03-10 17:00:00,2026-03-11 01:00:00,1.34626,1.34812,1.34554,1.34622,14481.0
2026-03-10 21:00:00,2026-03-10 18:00:00,2026-03-11 02:00:00,1.34625,1.3463,1.34265,1.34287,17820.0
2026-03-10 22:00:00,2026-03-10 19:00:00,2026-03-11 03:00:00,1.34287,1.34353,1.34118,1.34181,14247.0
2026-03-10 23:00:00,2026-03-10 20:00:00,2026-03-11 04:00:00,1.34183,1.34228,1.34129,1.34166,5733.0
2026-03-11 00:00:00,2026-03-10 21:00:00,2026-03-11 05:00:00,1.34143,1.34209,1.34111,1.34114,5266.0
2026-03-11 01:00:00,2026-03-10 22:00:00,2026-03-11 06:00:00,1.34123,1.34188,1.341,1.34131,3696.0
2026-03-11 02:00:00,2026-03-10 23:00:00,2026-03-11 07:00:00,1.34132,1.34208,1.34127,1.34191,4057.0
2026-03-11 03:00:00,2026-03-11 00:00:00,2026-03-11 08:00:00,1.34193,1.34376,1.34143,1.34305,9366.0
2026-03-11 04:00:00,2026-03-11 01:00:00,2026-03-11 09:00:00,1.34304,1.34488,1.34258,1.34455,8707.0
2026-03-11 05:00:00,2026-03-11 02:00:00,2026-03-11 10:00:00,1.34458,1.34496,1.34363,1.34464,6150.0
2026-03-11 06:00:00,2026-03-11 03:00:00,2026-03-11 11:00:00,1.34459,1.34532,1.34427,1.34518,5896.0
2026-03-11 07:00:00,2026-03-11 04:00:00,2026-03-11 12:00:00,1.34517,1.34576,1.34479,1.34544,5379.0
2026-03-11 08:00:00,2026-03-11 05:00:00,2026-03-11 13:00:00,1.34541,1.34567,1.34459,1.34483,6370.0
2026-03-11 09:00:00,2026-03-11 06:00:00,2026-03-11 14:00:00,1.34482,1.34558,1.34428,1.34486,9226.0
2026-03-11 10:00:00,2026-03-11 07:00:00,2026-03-11 15:00:00,1.34479,1.34517,1.34293,1.34351,12510.0
2026-03-11 11:00:00,2026-03-11 08:00:00,2026-03-11 16:00:00,1.34353,1.34365,1.34097,1.34269,13014.0
2026-03-11 12:00:00,2026-03-11 09:00:00,2026-03-11 17:00:00,1.34269,1.34294,1.34023,1.34158,12979.0
2026-03-11 13:00:00,2026-03-11 10:00:00,2026-03-11 18:00:00,1.34158,1.34468,1.34123,1.34463,10479.0
2026-03-11 14:00:00,2026-03-11 11:00:00,2026-03-11 19:00:00,1.34459,1.34493,1.34235,1.34277,12159.0
2026-03-11 15:00:00,2026-03-11 12:00:00,2026-03-11 20:00:00,1.34275,1.34337,1.33948,1.33994,15449.0
2026-03-11 16:00:00,2026-03-11 13:00:00,2026-03-11 21:00:00,1.33992,1.34223,1.33978,1.34186,15977.0
2026-03-11 17:00:00,2026-03-11 14:00:00,2026-03-11 22:00:00,1.34181,1.34433,1.34154,1.34231,18907.0
2026-03-11 18:00:00,2026-03-11 15:00:00,2026-03-11 23:00:00,1.34232,1.34274,1.33936,1.33979,13773.0
2026-03-11 19:00:00,2026-03-11 16:00:00,2026-03-12 00:00:00,1.33978,1.34138,1.33942,1.34103,12098.0
2026-03-11 20:00:00,2026-03-11 17:00:00,2026-03-12 01:00:00,1.34104,1.34179,1.33987,1.341,12376.0
2026-03-11 21:00:00,2026-03-11 18:00:00,2026-03-12 02:00:00,1.34099,1.34187,1.34014,1.34156,9586.0
2026-03-11 22:00:00,2026-03-11 19:00:00,2026-03-12 03:00:00,1.34156,1.34222,1.34103,1.34182,6832.0
2026-03-11 23:00:00,2026-03-11 20:00:00,2026-03-12 04:00:00,1.34182,1.34186,1.34098,1.34122,4213.0
2026-03-12 00:00:00,2026-03-11 21:00:00,2026-03-12 05:00:00,1.34079,1.34126,1.34062,1.34062,1826.0
2026-03-12 01:00:00,2026-03-11 22:00:00,2026-03-12 06:00:00,1.34059,1.3413,1.33884,1.33897,5844.0
2026-03-12 02:00:00,2026-03-11 23:00:00,2026-03-12 07:00:00,1.33896,1.33937,1.33758,1.3382,5986.0
2026-03-12 03:00:00,2026-03-12 00:00:00,2026-03-12 08:00:00,1.33821,1.3393,1.33693,1.33827,7468.0
2026-03-12 04:00:00,2026-03-12 01:00:00,2026-03-12 09:00:00,1.33826,1.33972,1.33811,1.33886,7600.0
2026-03-12 05:00:00,2026-03-12 02:00:00,2026-03-12 10:00:00,1.33887,1.33936,1.33654,1.33703,7803.0
2026-03-12 06:00:00,2026-03-12 03:00:00,2026-03-12 11:00:00,1.33704,1.33737,1.3366,1.33719,7064.0
2026-03-12 07:00:00,2026-03-12 04:00:00,2026-03-12 12:00:00,1.33718,1.33727,1.33609,1.33628,5477.0
2026-03-12 08:00:00,2026-03-12 05:00:00,2026-03-12 13:00:00,1.33627,1.33765,1.33618,1.33681,8424.0
2026-03-12 09:00:00,2026-03-12 06:00:00,2026-03-12 14:00:00,1.33682,1.33822,1.33641,1.33812,8496.0
2026-03-12 10:00:00,2026-03-12 07:00:00,2026-03-12 15:00:00,1.3381,1.33926,1.3377,1.3392,9234.0
2026-03-12 11:00:00,2026-03-12 08:00:00,2026-03-12 16:00:00,1.33924,1.33979,1.33704,1.33788,10882.0
2026-03-12 12:00:00,2026-03-12 09:00:00,2026-03-12 17:00:00,1.33787,1.33959,1.33731,1.33933,10950.0
2026-03-12 13:00:00,2026-03-12 10:00:00,2026-03-12 18:00:00,1.3393,1.33963,1.33822,1.33924,9371.0
2026-03-12 14:00:00,2026-03-12 11:00:00,2026-03-12 19:00:00,1.33923,1.34098,1.33899,1.33973,10007.0
2026-03-12 15:00:00,2026-03-12 12:00:00,2026-03-12 20:00:00,1.33974,1.33984,1.33679,1.33778,12748.0
2026-03-12 16:00:00,2026-03-12 13:00:00,2026-03-12 21:00:00,1.33787,1.33913,1.33618,1.33685,16885.0
2026-03-12 17:00:00,2026-03-12 14:00:00,2026-03-12 22:00:00,1.33686,1.33747,1.33501,1.33568,17279.0
2026-03-12 18:00:00,2026-03-12 15:00:00,2026-03-12 23:00:00,1.33564,1.33608,1.33393,1.33484,16889.0
2026-03-12 19:00:00,2026-03-12 16:00:00,2026-03-13 00:00:00,1.33484,1.33654,1.33376,1.33478,16599.0
2026-03-12 20:00:00,2026-03-12 17:00:00,2026-03-13 01:00:00,1.33477,1.3361,1.33475,1.33562,13985.0
2026-03-12 21:00:00,2026-03-12 18:00:00,2026-03-13 02:00:00,1.33562,1.33597,1.33411,1.33422,11741.0
2026-03-12 22:00:00,2026-03-12 19:00:00,2026-03-13 03:00:00,1.33423,1.33497,1.33397,1.3348,10735.0
2026-03-12 23:00:00,2026-03-12 20:00:00,2026-03-13 04:00:00,1.3348,1.33514,1.3341,1.33433,6598.0
2026-03-13 00:00:00,2026-03-12 21:00:00,2026-03-13 05:00:00,1.3333,1.33454,1.3333,1.33377,4166.0
2026-03-13 01:00:00,2026-03-12 22:00:00,2026-03-13 06:00:00,1.3338,1.33516,1.3338,1.33496,3815.0
2026-03-13 02:00:00,2026-03-12 23:00:00,2026-03-13 07:00:00,1.33495,1.33544,1.33459,1.33513,4665.0
2026-03-13 03:00:00,2026-03-13 00:00:00,2026-03-13 08:00:00,1.33514,1.3365,1.33501,1.3363,7516.0
2026-03-13 04:00:00,2026-03-13 01:00:00,2026-03-13 09:00:00,1.33631,1.33698,1.33546,1.33563,6878.0
2026-03-13 05:00:00,2026-03-13 02:00:00,2026-03-13 10:00:00,1.33564,1.3362,1.33467,1.33522,6293.0
2026-03-13 06:00:00,2026-03-13 03:00:00,2026-03-13 11:00:00,1.33517,1.33533,1.33395,1.33467,5853.0
2026-03-13 07:00:00,2026-03-13 04:00:00,2026-03-13 12:00:00,1.33461,1.33462,1.33292,1.33312,5479.0
2026-03-13 08:00:00,2026-03-13 05:00:00,2026-03-13 13:00:00,1.33313,1.33378,1.33282,1.33325,6509.0
2026-03-13 09:00:00,2026-03-13 06:00:00,2026-03-13 14:00:00,1.33326,1.33342,1.33147,1.33155,8222.0
2026-03-13 10:00:00,2026-03-13 07:00:00,2026-03-13 15:00:00,1.33156,1.33158,1.32741,1.32797,12364.0
2026-03-13 11:00:00,2026-03-13 08:00:00,2026-03-13 16:00:00,1.32799,1.32807,1.32552,1.32608,13158.0
2026-03-13 12:00:00,2026-03-13 09:00:00,2026-03-13 17:00:00,1.32609,1.32802,1.32582,1.32624,11811.0
2026-03-13 13:00:00,2026-03-13 10:00:00,2026-03-13 18:00:00,1.32623,1.32754,1.32518,1.32602,11189.0
2026-03-13 14:00:00,2026-03-13 11:00:00,2026-03-13 19:00:00,1.326,1.32673,1.32452,1.32551,13286.0
2026-03-13 15:00:00,2026-03-13 12:00:00,2026-03-13 20:00:00,1.3255,1.32854,1.32506,1.32715,14728.0
2026-03-13 16:00:00,2026-03-13 13:00:00,2026-03-13 21:00:00,1.32717,1.32896,1.32638,1.32809,15316.0
2026-03-13 17:00:00,2026-03-13 14:00:00,2026-03-13 22:00:00,1.32799,1.32845,1.32542,1.32554,16517.0
2026-03-13 18:00:00,2026-03-13 15:00:00,2026-03-13 23:00:00,1.32551,1.32614,1.32301,1.32387,15838.0
2026-03-13 19:00:00,2026-03-13 16:00:00,2026-03-14 00:00:00,1.32387,1.32478,1.32322,1.32441,16278.0
2026-03-13 20:00:00,2026-03-13 17:00:00,2026-03-14 01:00:00,1.32446,1.32531,1.32379,1.32463,12867.0
2026-03-13 21:00:00,2026-03-13 18:00:00,2026-03-14 02:00:00,1.32463,1.325,1.32351,1.32434,11581.0
2026-03-13 22:00:00,2026-03-13 19:00:00,2026-03-14 03:00:00,1.32434,1.32445,1.32246,1.32272,9317.0
2026-03-13 23:00:00,2026-03-13 20:00:00,2026-03-14 04:00:00,1.32271,1.32288,1.32183,1.32213,5193.0
2026-03-16 00:00:00,2026-03-15 21:00:00,2026-03-16 05:00:00,1.32355,1.32384,1.32198,1.32305,1673.0
2026-03-16 01:00:00,2026-03-15 22:00:00,2026-03-16 06:00:00,1.32305,1.32408,1.32248,1.32392,7740.0
2026-03-16 02:00:00,2026-03-15 23:00:00,2026-03-16 07:00:00,1.32387,1.32478,1.32347,1.32466,7599.0
2026-03-16 03:00:00,2026-03-16 00:00:00,2026-03-16 08:00:00,1.32466,1.32641,1.32463,1.32631,9373.0
2026-03-16 04:00:00,2026-03-16 01:00:00,2026-03-16 09:00:00,1.32631,1.32658,1.32471,1.32594,9241.0
2026-03-16 05:00:00,2026-03-16 02:00:00,2026-03-16 10:00:00,1.32595,1.32606,1.32523,1.32538,7885.0
2026-03-16 06:00:00,2026-03-16 03:00:00,2026-03-16 11:00:00,1.32539,1.32652,1.32516,1.32615,5687.0
2026-03-16 07:00:00,2026-03-16 04:00:00,2026-03-16 12:00:00,1.32614,1.32626,1.32507,1.32513,4508.0
2026-03-16 08:00:00,2026-03-16 05:00:00,2026-03-16 13:00:00,1.32514,1.32555,1.32489,1.32502,6144.0
2026-03-16 09:00:00,2026-03-16 06:00:00,2026-03-16 14:00:00,1.32503,1.32567,1.3241,1.32499,7312.0
2026-03-16 10:00:00,2026-03-16 07:00:00,2026-03-16 15:00:00,1.325,1.32538,1.32303,1.32438,9739.0
2026-03-16 11:00:00,2026-03-16 08:00:00,2026-03-16 16:00:00,1.32444,1.32547,1.32342,1.32523,12312.0
2026-03-16 12:00:00,2026-03-16 09:00:00,2026-03-16 17:00:00,1.32522,1.32566,1.3241,1.32473,12269.0
2026-03-16 13:00:00,2026-03-16 10:00:00,2026-03-16 18:00:00,1.32474,1.32735,1.32463,1.32726,11342.0
2026-03-16 14:00:00,2026-03-16 11:00:00,2026-03-16 19:00:00,1.32725,1.32838,1.32662,1.32799,10553.0
2026-03-16 15:00:00,2026-03-16 12:00:00,2026-03-16 20:00:00,1.32793,1.32899,1.32768,1.32776,11137.0
2026-03-16 16:00:00,2026-03-16 13:00:00,2026-03-16 21:00:00,1.32782,1.33096,1.32782,1.33078,12374.0
2026-03-16 17:00:00,2026-03-16 14:00:00,2026-03-16 22:00:00,1.33077,1.33134,1.32926,1.32977,13188.0
2026-03-16 18:00:00,2026-03-16 15:00:00,2026-03-16 23:00:00,1.32975,1.33176,1.3295,1.3302,12271.0
2026-03-16 19:00:00,2026-03-16 16:00:00,2026-03-17 00:00:00,1.33018,1.33092,1.32888,1.33036,13896.0
2026-03-16 20:00:00,2026-03-16 17:00:00,2026-03-17 01:00:00,1.33038,1.33178,1.32999,1.3302,12892.0
2026-03-16 21:00:00,2026-03-16 18:00:00,2026-03-17 02:00:00,1.33019,1.33372,1.33019,1.3332,11405.0
2026-03-16 22:00:00,2026-03-16 19:00:00,2026-03-17 03:00:00,1.33321,1.334,1.33239,1.3326,11266.0
2026-03-16 23:00:00,2026-03-16 20:00:00,2026-03-17 04:00:00,1.33262,1.33285,1.33186,1.33194,5912.0
2026-03-17 00:00:00,2026-03-16 21:00:00,2026-03-17 05:00:00,1.33141,1.33188,1.33141,1.33164,1931.0
2026-03-17 01:00:00,2026-03-16 22:00:00,2026-03-17 06:00:00,1.33177,1.33202,1.33124,1.33133,4175.0
2026-03-17 02:00:00,2026-03-16 23:00:00,2026-03-17 07:00:00,1.33134,1.33151,1.33079,1.33123,4139.0
2026-03-17 03:00:00,2026-03-17 00:00:00,2026-03-17 08:00:00,1.33124,1.33128,1.32995,1.33024,7813.0
2026-03-17 04:00:00,2026-03-17 01:00:00,2026-03-17 09:00:00,1.33025,1.33084,1.32951,1.33064,8465.0
2026-03-17 05:00:00,2026-03-17 02:00:00,2026-03-17 10:00:00,1.33066,1.33098,1.33043,1.33057,6815.0
2026-03-17 06:00:00,2026-03-17 03:00:00,2026-03-17 11:00:00,1.33049,1.33146,1.33014,1.33019,7046.0
2026-03-17 07:00:00,2026-03-17 04:00:00,2026-03-17 12:00:00,1.3302,1.33158,1.32999,1.33112,5618.0
2026-03-17 08:00:00,2026-03-17 05:00:00,2026-03-17 13:00:00,1.33112,1.33149,1.32863,1.32873,6732.0
2026-03-17 09:00:00,2026-03-17 06:00:00,2026-03-17 14:00:00,1.32879,1.32908,1.32733,1.32907,8912.0
2026-03-17 10:00:00,2026-03-17 07:00:00,2026-03-17 15:00:00,1.32908,1.33152,1.32875,1.3305,10141.0
2026-03-17 11:00:00,2026-03-17 08:00:00,2026-03-17 16:00:00,1.33056,1.33312,1.32991,1.3329,13241.0
2026-03-17 12:00:00,2026-03-17 09:00:00,2026-03-17 17:00:00,1.3329,1.33382,1.3324,1.3335,10132.0
2026-03-17 13:00:00,2026-03-17 10:00:00,2026-03-17 18:00:00,1.33334,1.33378,1.33222,1.33238,10284.0
2026-03-17 14:00:00,2026-03-17 11:00:00,2026-03-17 19:00:00,1.33239,1.33399,1.33155,1.33172,10239.0
2026-03-17 15:00:00,2026-03-17 12:00:00,2026-03-17 20:00:00,1.33169,1.33353,1.33112,1.3332,11214.0
2026-03-17 16:00:00,2026-03-17 13:00:00,2026-03-17 21:00:00,1.33321,1.33598,1.33321,1.33469,14764.0
2026-03-17 17:00:00,2026-03-17 14:00:00,2026-03-17 22:00:00,1.3347,1.33572,1.33391,1.33481,14039.0
2026-03-17 18:00:00,2026-03-17 15:00:00,2026-03-17 23:00:00,1.33479,1.33571,1.33357,1.33429,14785.0
2026-03-17 19:00:00,2026-03-17 16:00:00,2026-03-18 00:00:00,1.3343,1.33491,1.33335,1.33476,13371.0
2026-03-17 20:00:00,2026-03-17 17:00:00,2026-03-18 01:00:00,1.33471,1.33592,1.3344,1.33589,10081.0
2026-03-17 21:00:00,2026-03-17 18:00:00,2026-03-18 02:00:00,1.3359,1.33649,1.33557,1.33561,8522.0
2026-03-17 22:00:00,2026-03-17 19:00:00,2026-03-18 03:00:00,1.33563,1.33641,1.33515,1.33536,7484.0
2026-03-17 23:00:00,2026-03-17 20:00:00,2026-03-18 04:00:00,1.33537,1.33584,1.33514,1.33554,5140.0
2026-03-18 00:00:00,2026-03-17 21:00:00,2026-03-18 05:00:00,1.33506,1.33589,1.33459,1.33555,2394.0
2026-03-18 01:00:00,2026-03-17 22:00:00,2026-03-18 06:00:00,1.33551,1.33621,1.33549,1.33592,6255.0
2026-03-18 02:00:00,2026-03-17 23:00:00,2026-03-18 07:00:00,1.33591,1.33603,1.33563,1.33579,7394.0
2026-03-18 03:00:00,2026-03-18 00:00:00,2026-03-18 08:00:00,1.33575,1.33632,1.33506,1.33519,10492.0
2026-03-18 04:00:00,2026-03-18 01:00:00,2026-03-18 09:00:00,1.33517,1.33622,1.33502,1.33532,7713.0
2026-03-18 05:00:00,2026-03-18 02:00:00,2026-03-18 10:00:00,1.33533,1.33574,1.33501,1.3353,6899.0
2026-03-18 06:00:00,2026-03-18 03:00:00,2026-03-18 11:00:00,1.3353,1.3359,1.33507,1.33585,5386.0
2026-03-18 07:00:00,2026-03-18 04:00:00,2026-03-18 12:00:00,1.3359,1.33654,1.33582,1.33635,5293.0
2026-03-18 08:00:00,2026-03-18 05:00:00,2026-03-18 13:00:00,1.33634,1.33724,1.33633,1.33722,6242.0
2026-03-18 09:00:00,2026-03-18 06:00:00,2026-03-18 14:00:00,1.33717,1.33746,1.33625,1.33649,7422.0
2026-03-18 10:00:00,2026-03-18 07:00:00,2026-03-18 15:00:00,1.33647,1.3369,1.33475,1.33551,7774.0
2026-03-18 11:00:00,2026-03-18 08:00:00,2026-03-18 16:00:00,1.33551,1.33615,1.33415,1.33503,10177.0
2026-03-18 12:00:00,2026-03-18 09:00:00,2026-03-18 17:00:00,1.33499,1.33605,1.33426,1.33603,9077.0
2026-03-18 13:00:00,2026-03-18 10:00:00,2026-03-18 18:00:00,1.33604,1.33633,1.33486,1.33554,7729.0
2026-03-18 14:00:00,2026-03-18 11:00:00,2026-03-18 19:00:00,1.33555,1.33715,1.33458,1.33596,11632.0
2026-03-18 15:00:00,2026-03-18 12:00:00,2026-03-18 20:00:00,1.33596,1.33628,1.33121,1.33144,16327.0
2026-03-18 16:00:00,2026-03-18 13:00:00,2026-03-18 21:00:00,1.33145,1.33266,1.33037,1.33259,16295.0
2026-03-18 17:00:00,2026-03-18 14:00:00,2026-03-18 22:00:00,1.33259,1.33363,1.33025,1.33263,14532.0
2026-03-18 18:00:00,2026-03-18 15:00:00,2026-03-18 23:00:00,1.33265,1.33371,1.3318,1.33226,13862.0
2026-03-18 19:00:00,2026-03-18 16:00:00,2026-03-19 00:00:00,1.33226,1.33367,1.33203,1.33357,11442.0
2026-03-18 20:00:00,2026-03-18 17:00:00,2026-03-19 01:00:00,1.33355,1.33444,1.33227,1.33408,11186.0
2026-03-18 21:00:00,2026-03-18 18:00:00,2026-03-19 02:00:00,1.33405,1.33502,1.32895,1.32896,15789.0
2026-03-18 22:00:00,2026-03-18 19:00:00,2026-03-19 03:00:00,1.32899,1.32952,1.32739,1.32771,12816.0
2026-03-18 23:00:00,2026-03-18 20:00:00,2026-03-19 04:00:00,1.3277,1.32793,1.32524,1.32567,7838.0
2026-03-19 00:00:00,2026-03-18 21:00:00,2026-03-19 05:00:00,1.32517,1.32682,1.32517,1.32655,2536.0
2026-03-19 01:00:00,2026-03-18 22:00:00,2026-03-19 06:00:00,1.32654,1.32675,1.32511,1.32593,4789.0
2026-03-19 02:00:00,2026-03-18 23:00:00,2026-03-19 07:00:00,1.32592,1.32676,1.32564,1.3264,5472.0
2026-03-19 03:00:00,2026-03-19 00:00:00,2026-03-19 08:00:00,1.32641,1.32852,1.32631,1.32852,8615.0
2026-03-19 04:00:00,2026-03-19 01:00:00,2026-03-19 09:00:00,1.32849,1.32924,1.3282,1.32837,7808.0
2026-03-19 05:00:00,2026-03-19 02:00:00,2026-03-19 10:00:00,1.32838,1.32979,1.32778,1.32872,8817.0
2026-03-19 06:00:00,2026-03-19 03:00:00,2026-03-19 11:00:00,1.32873,1.32915,1.32816,1.32818,5235.0
2026-03-19 07:00:00,2026-03-19 04:00:00,2026-03-19 12:00:00,1.32817,1.32817,1.3268,1.32727,4938.0
2026-03-19 08:00:00,2026-03-19 05:00:00,2026-03-19 13:00:00,1.32728,1.32739,1.32627,1.32638,6427.0
2026-03-19 09:00:00,2026-03-19 06:00:00,2026-03-19 14:00:00,1.32639,1.32773,1.32613,1.32668,9285.0
2026-03-19 10:00:00,2026-03-19 07:00:00,2026-03-19 15:00:00,1.32661,1.32739,1.32513,1.32636,13342.0
2026-03-19 11:00:00,2026-03-19 08:00:00,2026-03-19 16:00:00,1.32636,1.32695,1.3246,1.3253,13973.0
2026-03-19 12:00:00,2026-03-19 09:00:00,2026-03-19 17:00:00,1.32534,1.32913,1.32534,1.32849,16755.0
2026-03-19 13:00:00,2026-03-19 10:00:00,2026-03-19 18:00:00,1.32839,1.3289,1.32713,1.32794,12390.0
2026-03-19 14:00:00,2026-03-19 11:00:00,2026-03-19 19:00:00,1.32793,1.32936,1.32712,1.32922,12115.0
2026-03-19 15:00:00,2026-03-19 12:00:00,2026-03-19 20:00:00,1.32908,1.33102,1.32791,1.32994,17560.0
2026-03-19 16:00:00,2026-03-19 13:00:00,2026-03-19 21:00:00,1.32994,1.33586,1.3281,1.33501,19679.0
2026-03-19 17:00:00,2026-03-19 14:00:00,2026-03-19 22:00:00,1.33495,1.33747,1.33379,1.33642,19173.0
2026-03-19 18:00:00,2026-03-19 15:00:00,2026-03-19 23:00:00,1.33635,1.33899,1.33448,1.33591,16284.0
2026-03-19 19:00:00,2026-03-19 16:00:00,2026-03-20 00:00:00,1.33591,1.33761,1.33538,1.3369,16211.0
2026-03-19 20:00:00,2026-03-19 17:00:00,2026-03-20 01:00:00,1.3369,1.341,1.33685,1.34034,13416.0
2026-03-19 21:00:00,2026-03-19 18:00:00,2026-03-20 02:00:00,1.34026,1.34196,1.3394,1.34185,12100.0
2026-03-19 22:00:00,2026-03-19 19:00:00,2026-03-20 03:00:00,1.34192,1.34675,1.34189,1.34302,19010.0
2026-03-19 23:00:00,2026-03-19 20:00:00,2026-03-20 04:00:00,1.34304,1.34361,1.34259,1.34299,5933.0
2026-03-20 00:00:00,2026-03-19 21:00:00,2026-03-20 05:00:00,1.3426,1.34347,1.3417,1.34231,3186.0
2026-03-20 01:00:00,2026-03-19 22:00:00,2026-03-20 06:00:00,1.3423,1.34426,1.3423,1.34261,3783.0
2026-03-20 02:00:00,2026-03-19 23:00:00,2026-03-20 07:00:00,1.34257,1.34309,1.34205,1.34243,5124.0
2026-03-20 03:00:00,2026-03-20 00:00:00,2026-03-20 08:00:00,1.34244,1.34282,1.34179,1.34238,6844.0
2026-03-20 04:00:00,2026-03-20 01:00:00,2026-03-20 09:00:00,1.34238,1.34294,1.3413,1.34161,7766.0
2026-03-20 05:00:00,2026-03-20 02:00:00,2026-03-20 10:00:00,1.34162,1.34181,1.34098,1.34118,5373.0
2026-03-20 06:00:00,2026-03-20 03:00:00,2026-03-20 11:00:00,1.34119,1.3412,1.34033,1.34039,4235.0
2026-03-20 07:00:00,2026-03-20 04:00:00,2026-03-20 12:00:00,1.34039,1.3407,1.34016,1.34025,3946.0
2026-03-20 08:00:00,2026-03-20 05:00:00,2026-03-20 13:00:00,1.34028,1.34094,1.3399,1.33999,6312.0
2026-03-20 09:00:00,2026-03-20 06:00:00,2026-03-20 14:00:00,1.33998,1.34123,1.33998,1.34031,6468.0
2026-03-20 10:00:00,2026-03-20 07:00:00,2026-03-20 15:00:00,1.34032,1.34311,1.33978,1.34264,10746.0
2026-03-20 11:00:00,2026-03-20 08:00:00,2026-03-20 16:00:00,1.34267,1.34371,1.34168,1.3417,11474.0
2026-03-20 12:00:00,2026-03-20 09:00:00,2026-03-20 17:00:00,1.34169,1.34183,1.33811,1.33819,11994.0
2026-03-20 13:00:00,2026-03-20 10:00:00,2026-03-20 18:00:00,1.3382,1.3384,1.33632,1.33789,12448.0
2026-03-20 14:00:00,2026-03-20 11:00:00,2026-03-20 19:00:00,1.33789,1.33999,1.33758,1.33944,10253.0
2026-03-20 15:00:00,2026-03-20 12:00:00,2026-03-20 20:00:00,1.33945,1.34095,1.33767,1.33809,13962.0
2026-03-20 16:00:00,2026-03-20 13:00:00,2026-03-20 21:00:00,1.33812,1.33827,1.3348,1.33513,15381.0
2026-03-20 17:00:00,2026-03-20 14:00:00,2026-03-20 22:00:00,1.33514,1.3352,1.33051,1.33082,17308.0
2026-03-20 18:00:00,2026-03-20 15:00:00,2026-03-20 23:00:00,1.33082,1.33501,1.32988,1.33019,16699.0
2026-03-20 19:00:00,2026-03-20 16:00:00,2026-03-21 00:00:00,1.33018,1.33323,1.33012,1.33232,13629.0
2026-03-20 20:00:00,2026-03-20 17:00:00,2026-03-21 01:00:00,1.33233,1.33434,1.33157,1.3337,14175.0
2026-03-20 21:00:00,2026-03-20 18:00:00,2026-03-21 02:00:00,1.33371,1.33531,1.33245,1.33258,13620.0
2026-03-20 22:00:00,2026-03-20 19:00:00,2026-03-21 03:00:00,1.3326,1.3345,1.33192,1.33333,11843.0
2026-03-20 23:00:00,2026-03-20 20:00:00,2026-03-21 04:00:00,1.33333,1.33435,1.33319,1.33434,6488.0
2026-03-23 00:00:00,2026-03-22 21:00:00,2026-03-23 05:00:00,1.33051,1.33162,1.3299,1.3301,1901.0
2026-03-23 01:00:00,2026-03-22 22:00:00,2026-03-23 06:00:00,1.33008,1.33274,1.33008,1.33242,6464.0
2026-03-23 02:00:00,2026-03-22 23:00:00,2026-03-23 07:00:00,1.33236,1.33354,1.33213,1.33346,8322.0
2026-03-23 03:00:00,2026-03-23 00:00:00,2026-03-23 08:00:00,1.33347,1.33391,1.3309,1.33203,12414.0
2026-03-23 04:00:00,2026-03-23 01:00:00,2026-03-23 09:00:00,1.332,1.33434,1.33194,1.33325,14189.0
2026-03-23 05:00:00,2026-03-23 02:00:00,2026-03-23 10:00:00,1.33329,1.33401,1.33128,1.33193,10568.0
2026-03-23 06:00:00,2026-03-23 03:00:00,2026-03-23 11:00:00,1.33194,1.3324,1.33133,1.33143,9097.0
2026-03-23 07:00:00,2026-03-23 04:00:00,2026-03-23 12:00:00,1.33147,1.3325,1.33147,1.3324,6943.0
2026-03-23 08:00:00,2026-03-23 05:00:00,2026-03-23 13:00:00,1.3324,1.3327,1.33014,1.33014,9097.0
2026-03-23 09:00:00,2026-03-23 06:00:00,2026-03-23 14:00:00,1.33015,1.3302,1.32809,1.32896,11928.0
2026-03-23 10:00:00,2026-03-23 07:00:00,2026-03-23 15:00:00,1.32895,1.3307,1.32812,1.3289,15157.0
2026-03-23 11:00:00,2026-03-23 08:00:00,2026-03-23 16:00:00,1.32892,1.33313,1.32889,1.3309,16208.0
2026-03-23 12:00:00,2026-03-23 09:00:00,2026-03-23 17:00:00,1.33091,1.33128,1.32639,1.32697,14120.0
2026-03-23 13:00:00,2026-03-23 10:00:00,2026-03-23 18:00:00,1.32695,1.32803,1.32566,1.32624,15040.0
2026-03-23 14:00:00,2026-03-23 11:00:00,2026-03-23 19:00:00,1.32625,1.34332,1.32607,1.33565,22977.0
2026-03-23 15:00:00,2026-03-23 12:00:00,2026-03-23 20:00:00,1.33555,1.34314,1.33429,1.3429,22207.0
2026-03-23 16:00:00,2026-03-23 13:00:00,2026-03-23 21:00:00,1.34298,1.34339,1.33885,1.34154,20834.0
2026-03-23 17:00:00,2026-03-23 14:00:00,2026-03-23 22:00:00,1.34151,1.34793,1.34087,1.3443,20944.0
2026-03-23 18:00:00,2026-03-23 15:00:00,2026-03-23 23:00:00,1.34426,1.34605,1.33837,1.33847,19407.0
2026-03-23 19:00:00,2026-03-23 16:00:00,2026-03-24 00:00:00,1.33847,1.3415,1.33773,1.34006,18460.0
2026-03-23 20:00:00,2026-03-23 17:00:00,2026-03-24 01:00:00,1.34005,1.34304,1.33939,1.34241,16139.0
2026-03-23 21:00:00,2026-03-23 18:00:00,2026-03-24 02:00:00,1.34241,1.34582,1.34099,1.34546,15278.0
2026-03-23 22:00:00,2026-03-23 19:00:00,2026-03-24 03:00:00,1.34545,1.34551,1.34316,1.34316,12349.0
2026-03-23 23:00:00,2026-03-23 20:00:00,2026-03-24 04:00:00,1.34316,1.34337,1.34237,1.34238,5608.0
2026-03-24 00:00:00,2026-03-23 21:00:00,2026-03-24 05:00:00,1.34332,1.34392,1.3419,1.34269,2809.0
2026-03-24 01:00:00,2026-03-23 22:00:00,2026-03-24 06:00:00,1.34249,1.34367,1.34249,1.34329,4914.0
2026-03-24 02:00:00,2026-03-23 23:00:00,2026-03-24 07:00:00,1.34325,1.34351,1.34228,1.34256,6087.0
2026-03-24 03:00:00,2026-03-24 00:00:00,2026-03-24 08:00:00,1.34256,1.3427,1.33934,1.34008,13113.0
2026-03-24 04:00:00,2026-03-24 01:00:00,2026-03-24 09:00:00,1.34007,1.34035,1.33867,1.33945,13394.0
2026-03-24 05:00:00,2026-03-24 02:00:00,2026-03-24 10:00:00,1.33946,1.34089,1.33899,1.34012,11862.0
2026-03-24 06:00:00,2026-03-24 03:00:00,2026-03-24 11:00:00,1.34013,1.34073,1.33959,1.33984,9040.0
2026-03-24 07:00:00,2026-03-24 04:00:00,2026-03-24 12:00:00,1.33985,1.3399,1.3386,1.33938,7680.0
2026-03-24 08:00:00,2026-03-24 05:00:00,2026-03-24 13:00:00,1.33943,1.34017,1.33856,1.33984,11287.0
2026-03-24 09:00:00,2026-03-24 06:00:00,2026-03-24 14:00:00,1.33989,1.34151,1.33966,1.34127,7925.0
2026-03-24 10:00:00,2026-03-24 07:00:00,2026-03-24 15:00:00,1.34124,1.34447,1.34091,1.34309,8599.0
2026-03-24 11:00:00,2026-03-24 08:00:00,2026-03-24 16:00:00,1.34311,1.34311,1.33893,1.33915,6520.0
2026-03-24 12:00:00,2026-03-24 09:00:00,2026-03-24 17:00:00,1.33918,1.34047,1.33796,1.34021,12065.0
2026-03-24 13:00:00,2026-03-24 10:00:00,2026-03-24 18:00:00,1.34022,1.34079,1.33928,1.34056,7285.0
2026-03-24 14:00:00,2026-03-24 11:00:00,2026-03-24 19:00:00,1.34047,1.34147,1.33855,1.33966,7087.0
2026-03-24 15:00:00,2026-03-24 12:00:00,2026-03-24 20:00:00,1.33972,1.34046,1.3389,1.33926,11950.0
2026-03-24 16:00:00,2026-03-24 13:00:00,2026-03-24 21:00:00,1.33925,1.33942,1.33652,1.33772,17397.0
2026-03-24 17:00:00,2026-03-24 14:00:00,2026-03-24 22:00:00,1.33773,1.34247,1.33765,1.33989,17464.0
2026-03-24 18:00:00,2026-03-24 15:00:00,2026-03-24 23:00:00,1.3399,1.34068,1.33772,1.33812,16685.0
2026-03-24 19:00:00,2026-03-24 16:00:00,2026-03-25 00:00:00,1.3381,1.33945,1.33738,1.33833,13962.0
2026-03-24 20:00:00,2026-03-24 17:00:00,2026-03-25 01:00:00,1.33832,1.33843,1.33523,1.33778,17519.0
2026-03-24 21:00:00,2026-03-24 18:00:00,2026-03-25 02:00:00,1.3378,1.33951,1.33644,1.33835,14545.0
2026-03-24 22:00:00,2026-03-24 19:00:00,2026-03-25 03:00:00,1.33835,1.33923,1.33793,1.33828,10709.0
2026-03-24 23:00:00,2026-03-24 20:00:00,2026-03-25 04:00:00,1.33826,1.34318,1.33798,1.34115,11979.0
2026-03-25 00:00:00,2026-03-24 21:00:00,2026-03-25 05:00:00,1.34072,1.34136,1.34003,1.34111,5210.0
2026-03-25 01:00:00,2026-03-24 22:00:00,2026-03-25 06:00:00,1.34112,1.34189,1.34039,1.34176,5957.0
2026-03-25 02:00:00,2026-03-24 23:00:00,2026-03-25 07:00:00,1.34179,1.34227,1.34121,1.34153,5155.0
2026-03-25 03:00:00,2026-03-25 00:00:00,2026-03-25 08:00:00,1.34154,1.34358,1.34126,1.3429,10640.0
2026-03-25 04:00:00,2026-03-25 01:00:00,2026-03-25 09:00:00,1.34284,1.3433,1.34141,1.34148,10620.0
2026-03-25 05:00:00,2026-03-25 02:00:00,2026-03-25 10:00:00,1.34149,1.34178,1.33993,1.3403,7930.0
2026-03-25 06:00:00,2026-03-25 03:00:00,2026-03-25 11:00:00,1.34026,1.34071,1.33976,1.33989,7073.0
2026-03-25 07:00:00,2026-03-25 04:00:00,2026-03-25 12:00:00,1.3399,1.34,1.33913,1.33919,5214.0
2026-03-25 08:00:00,2026-03-25 05:00:00,2026-03-25 13:00:00,1.3392,1.33922,1.33723,1.33752,7077.0
2026-03-25 09:00:00,2026-03-25 06:00:00,2026-03-25 14:00:00,1.33758,1.33881,1.33733,1.33826,8604.0
2026-03-25 10:00:00,2026-03-25 07:00:00,2026-03-25 15:00:00,1.3382,1.33959,1.33697,1.33905,11243.0
2026-03-25 11:00:00,2026-03-25 08:00:00,2026-03-25 16:00:00,1.33909,1.34243,1.33872,1.34077,13616.0
2026-03-25 12:00:00,2026-03-25 09:00:00,2026-03-25 17:00:00,1.34078,1.34121,1.33891,1.33965,10220.0
2026-03-25 13:00:00,2026-03-25 10:00:00,2026-03-25 18:00:00,1.33963,1.3411,1.33963,1.34102,8672.0
2026-03-25 14:00:00,2026-03-25 11:00:00,2026-03-25 19:00:00,1.34103,1.34214,1.34049,1.34154,10063.0
2026-03-25 15:00:00,2026-03-25 12:00:00,2026-03-25 20:00:00,1.34159,1.34274,1.33897,1.33938,14634.0
2026-03-25 16:00:00,2026-03-25 13:00:00,2026-03-25 21:00:00,1.33948,1.34012,1.33692,1.33716,14334.0
2026-03-25 17:00:00,2026-03-25 14:00:00,2026-03-25 22:00:00,1.33718,1.33893,1.33589,1.3385,15505.0
2026-03-25 18:00:00,2026-03-25 15:00:00,2026-03-25 23:00:00,1.33851,1.33918,1.33612,1.3371,15063.0
2026-03-25 19:00:00,2026-03-25 16:00:00,2026-03-26 00:00:00,1.33711,1.33836,1.33618,1.33789,13686.0
2026-03-25 20:00:00,2026-03-25 17:00:00,2026-03-26 01:00:00,1.33789,1.33924,1.33727,1.33845,10601.0
2026-03-25 21:00:00,2026-03-25 18:00:00,2026-03-26 02:00:00,1.33846,1.33862,1.33596,1.3366,9092.0
2026-03-25 22:00:00,2026-03-25 19:00:00,2026-03-26 03:00:00,1.33664,1.33668,1.33589,1.33661,9335.0
2026-03-25 23:00:00,2026-03-25 20:00:00,2026-03-26 04:00:00,1.33656,1.33667,1.3358,1.33643,3904.0
2026-03-26 00:00:00,2026-03-25 21:00:00,2026-03-26 05:00:00,1.33615,1.33671,1.33606,1.33608,2814.0
2026-03-26 01:00:00,2026-03-25 22:00:00,2026-03-26 06:00:00,1.33616,1.33655,1.33594,1.33619,2871.0
2026-03-26 02:00:00,2026-03-25 23:00:00,2026-03-26 07:00:00,1.33624,1.33636,1.33596,1.33632,3001.0
2026-03-26 03:00:00,2026-03-26 00:00:00,2026-03-26 08:00:00,1.33628,1.33664,1.33538,1.33586,5535.0
2026-03-26 04:00:00,2026-03-26 01:00:00,2026-03-26 09:00:00,1.33588,1.33671,1.33558,1.33622,6877.0
2026-03-26 05:00:00,2026-03-26 02:00:00,2026-03-26 10:00:00,1.33623,1.33635,1.33481,1.33511,5821.0
2026-03-26 06:00:00,2026-03-26 03:00:00,2026-03-26 11:00:00,1.33508,1.33666,1.33503,1.33647,4905.0
2026-03-26 07:00:00,2026-03-26 04:00:00,2026-03-26 12:00:00,1.33646,1.33679,1.33631,1.33657,3830.0
2026-03-26 08:00:00,2026-03-26 05:00:00,2026-03-26 13:00:00,1.33657,1.33664,1.33544,1.33548,6118.0
2026-03-26 09:00:00,2026-03-26 06:00:00,2026-03-26 14:00:00,1.33545,1.3367,1.33519,1.33646,8238.0
2026-03-26 10:00:00,2026-03-26 07:00:00,2026-03-26 15:00:00,1.33647,1.33661,1.33461,1.33501,9033.0
2026-03-26 11:00:00,2026-03-26 08:00:00,2026-03-26 16:00:00,1.33504,1.33545,1.33363,1.33531,10605.0
2026-03-26 12:00:00,2026-03-26 09:00:00,2026-03-26 17:00:00,1.3353,1.33595,1.33431,1.33542,9326.0
2026-03-26 13:00:00,2026-03-26 10:00:00,2026-03-26 18:00:00,1.33543,1.33617,1.33497,1.33537,8952.0
2026-03-26 14:00:00,2026-03-26 11:00:00,2026-03-26 19:00:00,1.33537,1.33566,1.33259,1.33265,7971.0
2026-03-26 15:00:00,2026-03-26 12:00:00,2026-03-26 20:00:00,1.33268,1.33373,1.33214,1.33303,10297.0
2026-03-26 16:00:00,2026-03-26 13:00:00,2026-03-26 21:00:00,1.33302,1.33651,1.33299,1.33552,13631.0
2026-03-26 17:00:00,2026-03-26 14:00:00,2026-03-26 22:00:00,1.33551,1.33785,1.33495,1.33615,15979.0
2026-03-26 18:00:00,2026-03-26 15:00:00,2026-03-26 23:00:00,1.33615,1.33678,1.33377,1.33509,14056.0
2026-03-26 19:00:00,2026-03-26 16:00:00,2026-03-27 00:00:00,1.33509,1.33526,1.33342,1.3337,11962.0
2026-03-26 20:00:00,2026-03-26 17:00:00,2026-03-27 01:00:00,1.3337,1.33461,1.33183,1.33187,10956.0
2026-03-26 21:00:00,2026-03-26 18:00:00,2026-03-27 02:00:00,1.33183,1.33287,1.33171,1.33285,8633.0
2026-03-26 22:00:00,2026-03-26 19:00:00,2026-03-27 03:00:00,1.33286,1.33296,1.33125,1.33132,8304.0
2026-03-26 23:00:00,2026-03-26 20:00:00,2026-03-27 04:00:00,1.33129,1.33678,1.33099,1.33294,9574.0
2026-03-27 00:00:00,2026-03-26 21:00:00,2026-03-27 05:00:00,1.3326,1.33355,1.33251,1.33303,3235.0
2026-03-27 01:00:00,2026-03-26 22:00:00,2026-03-27 06:00:00,1.33326,1.33401,1.3331,1.33377,3227.0
2026-03-27 02:00:00,2026-03-26 23:00:00,2026-03-27 07:00:00,1.33378,1.33399,1.33334,1.33349,3190.0
2026-03-27 03:00:00,2026-03-27 00:00:00,2026-03-27 08:00:00,1.33345,1.33395,1.33221,1.33335,9113.0
2026-03-27 04:00:00,2026-03-27 01:00:00,2026-03-27 09:00:00,1.33335,1.33438,1.33316,1.33424,7946.0
2026-03-27 05:00:00,2026-03-27 02:00:00,2026-03-27 10:00:00,1.33433,1.33468,1.33377,1.33415,6547.0
2026-03-27 06:00:00,2026-03-27 03:00:00,2026-03-27 11:00:00,1.33414,1.3344,1.33342,1.33407,6079.0
2026-03-27 07:00:00,2026-03-27 04:00:00,2026-03-27 12:00:00,1.33407,1.33447,1.33388,1.33427,5703.0
2026-03-27 08:00:00,2026-03-27 05:00:00,2026-03-27 13:00:00,1.33427,1.33475,1.33364,1.33395,7179.0
2026-03-27 09:00:00,2026-03-27 06:00:00,2026-03-27 14:00:00,1.33394,1.33457,1.33328,1.33352,6523.0
2026-03-27 10:00:00,2026-03-27 07:00:00,2026-03-27 15:00:00,1.33349,1.33355,1.33118,1.33136,8612.0
2026-03-27 11:00:00,2026-03-27 08:00:00,2026-03-27 16:00:00,1.33132,1.33206,1.3309,1.33138,11261.0
2026-03-27 12:00:00,2026-03-27 09:00:00,2026-03-27 17:00:00,1.33134,1.33171,1.33023,1.33064,10410.0
2026-03-27 13:00:00,2026-03-27 10:00:00,2026-03-27 18:00:00,1.33063,1.33178,1.33003,1.33021,10264.0
2026-03-27 14:00:00,2026-03-27 11:00:00,2026-03-27 19:00:00,1.33022,1.33052,1.32821,1.32832,8867.0
2026-03-27 15:00:00,2026-03-27 12:00:00,2026-03-27 20:00:00,1.32828,1.32862,1.32716,1.32821,10998.0
2026-03-27 16:00:00,2026-03-27 13:00:00,2026-03-27 21:00:00,1.32824,1.33066,1.32759,1.32974,13785.0
2026-03-27 17:00:00,2026-03-27 14:00:00,2026-03-27 22:00:00,1.32972,1.33185,1.3296,1.33111,14250.0
2026-03-27 18:00:00,2026-03-27 15:00:00,2026-03-27 23:00:00,1.33112,1.33325,1.3287,1.32914,15051.0
2026-03-27 19:00:00,2026-03-27 16:00:00,2026-03-28 00:00:00,1.32914,1.32979,1.32736,1.32768,12256.0
2026-03-27 20:00:00,2026-03-27 17:00:00,2026-03-28 01:00:00,1.32764,1.32883,1.32597,1.32674,10738.0
2026-03-27 21:00:00,2026-03-27 18:00:00,2026-03-28 02:00:00,1.32674,1.32764,1.32634,1.32706,10067.0
2026-03-27 22:00:00,2026-03-27 19:00:00,2026-03-28 03:00:00,1.32703,1.32735,1.32636,1.32715,10200.0
2026-03-27 23:00:00,2026-03-27 20:00:00,2026-03-28 04:00:00,1.32714,1.3276,1.3263,1.32691,6498.0
2026-03-30 00:00:00,2026-03-29 21:00:00,2026-03-30 05:00:00,1.32571,1.32647,1.32547,1.32586,599.0
2026-03-30 01:00:00,2026-03-29 22:00:00,2026-03-30 06:00:00,1.32624,1.32624,1.3236,1.32381,6319.0
2026-03-30 02:00:00,2026-03-29 23:00:00,2026-03-30 07:00:00,1.3238,1.32455,1.32336,1.32381,6138.0
2026-03-30 03:00:00,2026-03-30 00:00:00,2026-03-30 08:00:00,1.32391,1.32598,1.32322,1.32524,10779.0
2026-03-30 04:00:00,2026-03-30 01:00:00,2026-03-30 09:00:00,1.32524,1.32569,1.32473,1.32501,9827.0
2026-03-30 05:00:00,2026-03-30 02:00:00,2026-03-30 10:00:00,1.32503,1.32626,1.3245,1.32577,9371.0
2026-03-30 06:00:00,2026-03-30 03:00:00,2026-03-30 11:00:00,1.32579,1.32727,1.3257,1.32712,6705.0
2026-03-30 07:00:00,2026-03-30 04:00:00,2026-03-30 12:00:00,1.32713,1.3277,1.32677,1.32677,5687.0
2026-03-30 08:00:00,2026-03-30 05:00:00,2026-03-30 13:00:00,1.32677,1.32768,1.3267,1.32725,6897.0
2026-03-30 09:00:00,2026-03-30 06:00:00,2026-03-30 14:00:00,1.32726,1.32828,1.32654,1.3266,7864.0
2026-03-30 10:00:00,2026-03-30 07:00:00,2026-03-30 15:00:00,1.32659,1.32667,1.32416,1.32454,9136.0
2026-03-30 11:00:00,2026-03-30 08:00:00,2026-03-30 16:00:00,1.32452,1.32465,1.32325,1.32349,8373.0
2026-03-30 12:00:00,2026-03-30 09:00:00,2026-03-30 17:00:00,1.32352,1.32409,1.32239,1.32354,8690.0
2026-03-30 13:00:00,2026-03-30 10:00:00,2026-03-30 18:00:00,1.32356,1.32441,1.32279,1.3229,7197.0
2026-03-30 14:00:00,2026-03-30 11:00:00,2026-03-30 19:00:00,1.32293,1.32526,1.3228,1.32308,9773.0
2026-03-30 15:00:00,2026-03-30 12:00:00,2026-03-30 20:00:00,1.32309,1.32371,1.32201,1.32282,10332.0
2026-03-30 16:00:00,2026-03-30 13:00:00,2026-03-30 21:00:00,1.32285,1.3234,1.31809,1.31836,13784.0
2026-03-30 17:00:00,2026-03-30 14:00:00,2026-03-30 22:00:00,1.31837,1.32038,1.31753,1.31982,13940.0
2026-03-30 18:00:00,2026-03-30 15:00:00,2026-03-30 23:00:00,1.31983,1.31992,1.31735,1.31895,12775.0
2026-03-30 19:00:00,2026-03-30 16:00:00,2026-03-31 00:00:00,1.3189,1.31924,1.31814,1.31902,9845.0
2026-03-30 20:00:00,2026-03-30 17:00:00,2026-03-31 01:00:00,1.31902,1.31968,1.31817,1.31858,9520.0
2026-03-30 21:00:00,2026-03-30 18:00:00,2026-03-31 02:00:00,1.31857,1.3194,1.31839,1.31854,8343.0
2026-03-30 22:00:00,2026-03-30 19:00:00,2026-03-31 03:00:00,1.31853,1.31867,1.31739,1.31849,8727.0
2026-03-30 23:00:00,2026-03-30 20:00:00,2026-03-31 04:00:00,1.31847,1.31865,1.31777,1.31826,4786.0
2026-03-31 00:00:00,2026-03-30 21:00:00,2026-03-31 05:00:00,1.31776,1.31852,1.31709,1.31806,3804.0
2026-03-31 01:00:00,2026-03-30 22:00:00,2026-03-31 06:00:00,1.31803,1.31857,1.31791,1.31794,2100.0
2026-03-31 02:00:00,2026-03-30 23:00:00,2026-03-31 07:00:00,1.31796,1.31796,1.31691,1.31724,3850.0
2026-03-31 03:00:00,2026-03-31 00:00:00,2026-03-31 08:00:00,1.31722,1.32027,1.31595,1.32002,10360.0
2026-03-31 04:00:00,2026-03-31 01:00:00,2026-03-31 09:00:00,1.32,1.32239,1.31957,1.32097,10524.0
2026-03-31 05:00:00,2026-03-31 02:00:00,2026-03-31 10:00:00,1.321,1.32131,1.32052,1.3209,7620.0
2026-03-31 06:00:00,2026-03-31 03:00:00,2026-03-31 11:00:00,1.32087,1.32129,1.31983,1.32002,6118.0
2026-03-31 07:00:00,2026-03-31 04:00:00,2026-03-31 12:00:00,1.32001,1.32043,1.31966,1.31967,4402.0
2026-03-31 08:00:00,2026-03-31 05:00:00,2026-03-31 13:00:00,1.31967,1.32124,1.31921,1.32015,6709.0
2026-03-31 09:00:00,2026-03-31 06:00:00,2026-03-31 14:00:00,1.32015,1.32092,1.31935,1.32052,8734.0
2026-03-31 10:00:00,2026-03-31 07:00:00,2026-03-31 15:00:00,1.32051,1.32095,1.31906,1.32047,9470.0
2026-03-31 11:00:00,2026-03-31 08:00:00,2026-03-31 16:00:00,1.32047,1.32196,1.31985,1.32121,8318.0
2026-03-31 12:00:00,2026-03-31 09:00:00,2026-03-31 17:00:00,1.32123,1.322,1.32065,1.3214,8012.0
2026-03-31 13:00:00,2026-03-31 10:00:00,2026-03-31 18:00:00,1.32144,1.32173,1.31977,1.31992,7723.0
2026-03-31 14:00:00,2026-03-31 11:00:00,2026-03-31 19:00:00,1.31995,1.32351,1.31914,1.32349,12673.0
2026-03-31 15:00:00,2026-03-31 12:00:00,2026-03-31 20:00:00,1.32348,1.32485,1.32288,1.32366,12524.0
2026-03-31 16:00:00,2026-03-31 13:00:00,2026-03-31 21:00:00,1.32371,1.32629,1.32295,1.32615,11663.0
2026-03-31 17:00:00,2026-03-31 14:00:00,2026-03-31 22:00:00,1.32613,1.32643,1.31721,1.31878,16390.0
2026-03-31 18:00:00,2026-03-31 15:00:00,2026-03-31 23:00:00,1.31878,1.32179,1.31789,1.31847,17068.0
2026-03-31 19:00:00,2026-03-31 16:00:00,2026-04-01 00:00:00,1.31844,1.32343,1.31757,1.32155,17250.0
2026-03-31 20:00:00,2026-03-31 17:00:00,2026-04-01 01:00:00,1.32156,1.32482,1.32151,1.32306,17399.0
2026-03-31 21:00:00,2026-03-31 18:00:00,2026-04-01 02:00:00,1.32304,1.32474,1.32271,1.32278,11287.0
2026-03-31 22:00:00,2026-03-31 19:00:00,2026-04-01 03:00:00,1.32277,1.32387,1.32211,1.32353,10865.0
2026-03-31 23:00:00,2026-03-31 20:00:00,2026-04-01 04:00:00,1.32352,1.32409,1.32246,1.32261,6669.0
2026-04-01 00:00:00,2026-03-31 21:00:00,2026-04-01 05:00:00,1.32207,1.32279,1.32178,1.32206,1346.0
2026-04-01 01:00:00,2026-03-31 22:00:00,2026-04-01 06:00:00,1.32209,1.32318,1.32206,1.32309,4937.0
2026-04-01 02:00:00,2026-03-31 23:00:00,2026-04-01 07:00:00,1.32309,1.32441,1.32292,1.3243,5923.0
2026-04-01 03:00:00,2026-04-01 00:00:00,2026-04-01 08:00:00,1.32426,1.32547,1.32388,1.32466,7291.0
2026-04-01 04:00:00,2026-04-01 01:00:00,2026-04-01 09:00:00,1.3247,1.32472,1.32197,1.32313,8988.0
2026-04-01 05:00:00,2026-04-01 02:00:00,2026-04-01 10:00:00,1.32317,1.32432,1.32297,1.32399,6248.0
2026-04-01 06:00:00,2026-04-01 03:00:00,2026-04-01 11:00:00,1.32389,1.32401,1.32314,1.32335,5520.0
2026-04-01 07:00:00,2026-04-01 04:00:00,2026-04-01 12:00:00,1.32336,1.32435,1.32321,1.32427,4977.0
2026-04-01 08:00:00,2026-04-01 05:00:00,2026-04-01 13:00:00,1.32426,1.32652,1.32411,1.32563,9309.0
2026-04-01 09:00:00,2026-04-01 06:00:00,2026-04-01 14:00:00,1.32568,1.32926,1.32552,1.32887,11778.0
2026-04-01 10:00:00,2026-04-01 07:00:00,2026-04-01 15:00:00,1.32886,1.32915,1.32632,1.32654,13125.0
2026-04-01 11:00:00,2026-04-01 08:00:00,2026-04-01 16:00:00,1.32652,1.33005,1.32616,1.32891,11846.0
2026-04-01 12:00:00,2026-04-01 09:00:00,2026-04-01 17:00:00,1.32889,1.32962,1.32775,1.32932,11013.0
2026-04-01 13:00:00,2026-04-01 10:00:00,2026-04-01 18:00:00,1.32939,1.33189,1.32931,1.33017,10610.0
2026-04-01 14:00:00,2026-04-01 11:00:00,2026-04-01 19:00:00,1.33018,1.33249,1.3299,1.33213,8141.0
2026-04-01 15:00:00,2026-04-01 12:00:00,2026-04-01 20:00:00,1.33207,1.33265,1.32946,1.33054,12784.0
2026-04-01 16:00:00,2026-04-01 13:00:00,2026-04-01 21:00:00,1.33055,1.33249,1.32929,1.33148,16119.0
2026-04-01 17:00:00,2026-04-01 14:00:00,2026-04-01 22:00:00,1.3309,1.3336,1.33029,1.33337,16649.0
2026-04-01 18:00:00,2026-04-01 15:00:00,2026-04-01 23:00:00,1.33339,1.33376,1.33175,1.33292,11624.0
2026-04-01 19:00:00,2026-04-01 16:00:00,2026-04-02 00:00:00,1.33291,1.33392,1.33142,1.33386,9870.0
2026-04-01 20:00:00,2026-04-01 17:00:00,2026-04-02 01:00:00,1.33385,1.33465,1.33149,1.33178,8720.0
2026-04-01 21:00:00,2026-04-01 18:00:00,2026-04-02 02:00:00,1.33177,1.3318,1.32947,1.33001,10763.0
2026-04-01 22:00:00,2026-04-01 19:00:00,2026-04-02 03:00:00,1.33002,1.33066,1.32924,1.32999,8338.0
2026-04-01 23:00:00,2026-04-01 20:00:00,2026-04-02 04:00:00,1.32999,1.33075,1.32994,1.33063,5454.0
2026-04-02 00:00:00,2026-04-01 21:00:00,2026-04-02 05:00:00,1.33015,1.33062,1.32897,1.33007,2501.0
2026-04-02 01:00:00,2026-04-01 22:00:00,2026-04-02 06:00:00,1.33021,1.33102,1.33021,1.33059,3534.0
2026-04-02 02:00:00,2026-04-01 23:00:00,2026-04-02 07:00:00,1.33064,1.33105,1.33006,1.33024,3703.0
2026-04-02 03:00:00,2026-04-02 00:00:00,2026-04-02 08:00:00,1.33019,1.33146,1.32973,1.3312,8728.0
2026-04-02 04:00:00,2026-04-02 01:00:00,2026-04-02 09:00:00,1.33112,1.33202,1.32478,1.32553,19356.0
2026-04-02 05:00:00,2026-04-02 02:00:00,2026-04-02 10:00:00,1.32551,1.32636,1.32425,1.3246,10942.0
2026-04-02 06:00:00,2026-04-02 03:00:00,2026-04-02 11:00:00,1.32458,1.32486,1.32312,1.32355,7786.0
2026-04-02 07:00:00,2026-04-02 04:00:00,2026-04-02 12:00:00,1.32357,1.32394,1.32293,1.3236,7804.0
2026-04-02 08:00:00,2026-04-02 05:00:00,2026-04-02 13:00:00,1.32361,1.32381,1.32146,1.3215,7589.0
2026-04-02 09:00:00,2026-04-02 06:00:00,2026-04-02 14:00:00,1.32149,1.32244,1.32011,1.32239,9364.0
2026-04-02 10:00:00,2026-04-02 07:00:00,2026-04-02 15:00:00,1.3224,1.3226,1.32015,1.32167,10587.0
2026-04-02 11:00:00,2026-04-02 08:00:00,2026-04-02 16:00:00,1.32175,1.32192,1.31958,1.32015,8332.0
2026-04-02 12:00:00,2026-04-02 09:00:00,2026-04-02 17:00:00,1.32016,1.32088,1.31941,1.3202,7840.0
2026-04-02 13:00:00,2026-04-02 10:00:00,2026-04-02 18:00:00,1.32025,1.32026,1.31855,1.3186,8009.0
2026-04-02 14:00:00,2026-04-02 11:00:00,2026-04-02 19:00:00,1.3186,1.3203,1.31818,1.32014,9010.0
2026-04-02 15:00:00,2026-04-02 12:00:00,2026-04-02 20:00:00,1.32015,1.32189,1.32001,1.32146,11344.0
2026-04-02 16:00:00,2026-04-02 13:00:00,2026-04-02 21:00:00,1.32154,1.32206,1.32019,1.32198,14891.0
2026-04-02 17:00:00,2026-04-02 14:00:00,2026-04-02 22:00:00,1.32199,1.32479,1.3209,1.32429,17493.0
2026-04-02 18:00:00,2026-04-02 15:00:00,2026-04-02 23:00:00,1.32432,1.32514,1.32261,1.32383,14767.0
2026-04-02 19:00:00,2026-04-02 16:00:00,2026-04-03 00:00:00,1.32384,1.32423,1.32264,1.32315,11533.0
2026-04-02 20:00:00,2026-04-02 17:00:00,2026-04-03 01:00:00,1.32313,1.32426,1.32219,1.32249,9777.0
2026-04-02 21:00:00,2026-04-02 18:00:00,2026-04-03 02:00:00,1.32247,1.32293,1.32211,1.32237,7832.0
2026-04-02 22:00:00,2026-04-02 19:00:00,2026-04-03 03:00:00,1.3224,1.32317,1.3222,1.32229,9073.0
2026-04-02 23:00:00,2026-04-02 20:00:00,2026-04-03 04:00:00,1.32231,1.32281,1.32205,1.3226,3752.0
2026-04-03 00:00:00,2026-04-02 21:00:00,2026-04-03 05:00:00,1.3215,1.3222,1.32121,1.32193,1979.0
2026-04-03 01:00:00,2026-04-02 22:00:00,2026-04-03 06:00:00,1.32215,1.32271,1.32211,1.3226,2083.0
2026-04-03 02:00:00,2026-04-02 23:00:00,2026-04-03 07:00:00,1.32259,1.32313,1.32252,1.32296,2051.0
2026-04-03 03:00:00,2026-04-03 00:00:00,2026-04-03 08:00:00,1.323,1.32381,1.32291,1.32345,3318.0
2026-04-03 04:00:00,2026-04-03 01:00:00,2026-04-03 09:00:00,1.32343,1.32349,1.3226,1.32273,2575.0
2026-04-03 05:00:00,2026-04-03 02:00:00,2026-04-03 10:00:00,1.32274,1.32321,1.32217,1.3227,2207.0
2026-04-03 06:00:00,2026-04-03 03:00:00,2026-04-03 11:00:00,1.32271,1.32311,1.32255,1.32291,2029.0
2026-04-03 07:00:00,2026-04-03 04:00:00,2026-04-03 12:00:00,1.32292,1.32299,1.32258,1.32265,2322.0
2026-04-03 08:00:00,2026-04-03 05:00:00,2026-04-03 13:00:00,1.32265,1.32342,1.32219,1.32335,2669.0
2026-04-03 09:00:00,2026-04-03 06:00:00,2026-04-03 14:00:00,1.32335,1.32363,1.32291,1.32339,2557.0
2026-04-03 10:00:00,2026-04-03 07:00:00,2026-04-03 15:00:00,1.32341,1.32429,1.32331,1.32385,2666.0
2026-04-03 11:00:00,2026-04-03 08:00:00,2026-04-03 16:00:00,1.32376,1.32404,1.32323,1.32379,2967.0
2026-04-03 12:00:00,2026-04-03 09:00:00,2026-04-03 17:00:00,1.32379,1.32391,1.32329,1.32347,2865.0
2026-04-03 13:00:00,2026-04-03 10:00:00,2026-04-03 18:00:00,1.32347,1.32377,1.32297,1.32333,1850.0
2026-04-03 14:00:00,2026-04-03 11:00:00,2026-04-03 19:00:00,1.32331,1.32386,1.32327,1.3236,2511.0
2026-04-03 15:00:00,2026-04-03 12:00:00,2026-04-03 20:00:00,1.32365,1.32379,1.32039,1.32124,6064.0
2026-04-03 16:00:00,2026-04-03 13:00:00,2026-04-03 21:00:00,1.32125,1.322,1.3208,1.3217,3709.0
2026-04-03 17:00:00,2026-04-03 14:00:00,2026-04-03 22:00:00,1.3217,1.32175,1.32026,1.32027,3623.0
2026-04-03 18:00:00,2026-04-03 15:00:00,2026-04-03 23:00:00,1.32026,1.32143,1.31964,1.32009,7048.0
2026-04-03 19:00:00,2026-04-03 16:00:00,2026-04-04 00:00:00,1.32008,1.32017,1.31947,1.31975,3536.0
2026-04-03 20:00:00,2026-04-03 17:00:00,2026-04-04 01:00:00,1.31977,1.32005,1.31944,1.31957,3454.0
2026-04-03 21:00:00,2026-04-03 18:00:00,2026-04-04 02:00:00,1.31957,1.31968,1.31891,1.31916,3076.0
2026-04-03 22:00:00,2026-04-03 19:00:00,2026-04-04 03:00:00,1.31915,1.31941,1.31903,1.31922,1662.0
2026-04-03 23:00:00,2026-04-03 20:00:00,2026-04-04 04:00:00,1.31923,1.32056,1.31839,1.31881,5686.0
2026-04-06 00:00:00,2026-04-05 21:00:00,2026-04-06 05:00:00,1.31891,1.31906,1.31866,1.31889,292.0
2026-04-06 01:00:00,2026-04-05 22:00:00,2026-04-06 06:00:00,1.3191,1.31936,1.31781,1.31912,5975.0
2026-04-06 02:00:00,2026-04-05 23:00:00,2026-04-06 07:00:00,1.31913,1.31942,1.31854,1.3186,4714.0
2026-04-06 03:00:00,2026-04-06 00:00:00,2026-04-06 08:00:00,1.31862,1.31983,1.31857,1.31968,11147.0
2026-04-06 04:00:00,2026-04-06 01:00:00,2026-04-06 09:00:00,1.31968,1.32002,1.31909,1.31931,6868.0
2026-04-06 05:00:00,2026-04-06 02:00:00,2026-04-06 10:00:00,1.31932,1.32183,1.31923,1.32109,8472.0
2026-04-06 06:00:00,2026-04-06 03:00:00,2026-04-06 11:00:00,1.3211,1.32138,1.32044,1.32069,6527.0
2026-04-06 07:00:00,2026-04-06 04:00:00,2026-04-06 12:00:00,1.32071,1.32143,1.32067,1.32128,5073.0
2026-04-06 08:00:00,2026-04-06 05:00:00,2026-04-06 13:00:00,1.32127,1.32213,1.32116,1.3216,5535.0
2026-04-06 09:00:00,2026-04-06 06:00:00,2026-04-06 14:00:00,1.32162,1.32262,1.32111,1.32189,6377.0
2026-04-06 10:00:00,2026-04-06 07:00:00,2026-04-06 15:00:00,1.32198,1.32588,1.32091,1.32529,8841.0
2026-04-06 11:00:00,2026-04-06 08:00:00,2026-04-06 16:00:00,1.3253,1.32588,1.3246,1.32487,8244.0
2026-04-06 12:00:00,2026-04-06 09:00:00,2026-04-06 17:00:00,1.32492,1.32559,1.32424,1.32454,7245.0
2026-04-06 13:00:00,2026-04-06 10:00:00,2026-04-06 18:00:00,1.32455,1.32532,1.32346,1.32441,7123.0
2026-04-06 14:00:00,2026-04-06 11:00:00,2026-04-06 19:00:00,1.32441,1.32459,1.32324,1.32366,6283.0
2026-04-06 15:00:00,2026-04-06 12:00:00,2026-04-06 20:00:00,1.32365,1.32488,1.32338,1.32453,7037.0
2026-04-06 16:00:00,2026-04-06 13:00:00,2026-04-06 21:00:00,1.32456,1.32604,1.32421,1.32575,8975.0
2026-04-06 17:00:00,2026-04-06 14:00:00,2026-04-06 22:00:00,1.32599,1.32686,1.32375,1.32379,14237.0
2026-04-06 18:00:00,2026-04-06 15:00:00,2026-04-06 23:00:00,1.32374,1.32382,1.3224,1.32339,11700.0
2026-04-06 19:00:00,2026-04-06 16:00:00,2026-04-07 00:00:00,1.32339,1.32394,1.32311,1.32349,7199.0
2026-04-06 20:00:00,2026-04-06 17:00:00,2026-04-07 01:00:00,1.32349,1.32355,1.32181,1.32262,8700.0
2026-04-06 21:00:00,2026-04-06 18:00:00,2026-04-07 02:00:00,1.32263,1.32442,1.32243,1.32378,8149.0
2026-04-06 22:00:00,2026-04-06 19:00:00,2026-04-07 03:00:00,1.32378,1.32404,1.32332,1.32346,5819.0
2026-04-06 23:00:00,2026-04-06 20:00:00,2026-04-07 04:00:00,1.32346,1.32374,1.32324,1.3237,3411.0
2026-04-07 00:00:00,2026-04-06 21:00:00,2026-04-07 05:00:00,1.32324,1.32375,1.32293,1.32334,1821.0
2026-04-07 01:00:00,2026-04-06 22:00:00,2026-04-07 06:00:00,1.32343,1.32424,1.32323,1.32338,3032.0
2026-04-07 02:00:00,2026-04-06 23:00:00,2026-04-07 07:00:00,1.32338,1.32351,1.323,1.32337,2802.0
2026-04-07 03:00:00,2026-04-07 00:00:00,2026-04-07 08:00:00,1.32331,1.32389,1.32297,1.32313,7238.0
2026-04-07 04:00:00,2026-04-07 01:00:00,2026-04-07 09:00:00,1.32311,1.32355,1.32153,1.32197,8355.0
2026-04-07 05:00:00,2026-04-07 02:00:00,2026-04-07 10:00:00,1.32196,1.32208,1.32115,1.32174,6884.0
2026-04-07 06:00:00,2026-04-07 03:00:00,2026-04-07 11:00:00,1.32175,1.32261,1.32164,1.3225,4596.0
2026-04-07 07:00:00,2026-04-07 04:00:00,2026-04-07 12:00:00,1.32251,1.32346,1.32235,1.32329,5228.0
2026-04-07 08:00:00,2026-04-07 05:00:00,2026-04-07 13:00:00,1.32328,1.32339,1.32189,1.32304,6717.0
2026-04-07 09:00:00,2026-04-07 06:00:00,2026-04-07 14:00:00,1.32314,1.32485,1.32265,1.32462,8175.0
2026-04-07 10:00:00,2026-04-07 07:00:00,2026-04-07 15:00:00,1.32467,1.32475,1.32266,1.32338,8793.0
2026-04-07 11:00:00,2026-04-07 08:00:00,2026-04-07 16:00:00,1.32337,1.32853,1.3233,1.3283,13938.0
2026-04-07 12:00:00,2026-04-07 09:00:00,2026-04-07 17:00:00,1.3283,1.32844,1.3265,1.32659,9649.0
2026-04-07 13:00:00,2026-04-07 10:00:00,2026-04-07 18:00:00,1.3266,1.32687,1.32362,1.32427,13843.0
2026-04-07 14:00:00,2026-04-07 11:00:00,2026-04-07 19:00:00,1.32428,1.32489,1.32363,1.32463,9501.0
2026-04-07 15:00:00,2026-04-07 12:00:00,2026-04-07 20:00:00,1.3247,1.32647,1.32389,1.32508,11149.0
2026-04-07 16:00:00,2026-04-07 13:00:00,2026-04-07 21:00:00,1.32513,1.32576,1.32371,1.32413,13748.0
2026-04-07 17:00:00,2026-04-07 14:00:00,2026-04-07 22:00:00,1.32414,1.32664,1.32355,1.32467,14197.0
2026-04-07 18:00:00,2026-04-07 15:00:00,2026-04-07 23:00:00,1.32464,1.32547,1.32388,1.32392,13181.0
2026-04-07 19:00:00,2026-04-07 16:00:00,2026-04-08 00:00:00,1.32393,1.3259,1.32393,1.32502,12098.0
2026-04-07 20:00:00,2026-04-07 17:00:00,2026-04-08 01:00:00,1.32499,1.3267,1.32471,1.3263,10754.0
2026-04-07 21:00:00,2026-04-07 18:00:00,2026-04-08 02:00:00,1.32629,1.32704,1.32543,1.32589,8875.0
2026-04-07 22:00:00,2026-04-07 19:00:00,2026-04-08 03:00:00,1.3259,1.32936,1.32559,1.32872,13644.0
2026-04-07 23:00:00,2026-04-07 20:00:00,2026-04-08 04:00:00,1.32872,1.33002,1.32853,1.32921,8224.0
2026-04-08 00:00:00,2026-04-07 21:00:00,2026-04-08 05:00:00,1.32814,1.32993,1.32795,1.32968,1801.0
2026-04-08 01:00:00,2026-04-07 22:00:00,2026-04-08 06:00:00,1.32985,1.3375,1.32881,1.33728,11984.0
2026-04-08 02:00:00,2026-04-07 23:00:00,2026-04-08 07:00:00,1.33731,1.3409,1.33669,1.34011,14836.0
2026-04-08 03:00:00,2026-04-08 00:00:00,2026-04-08 08:00:00,1.34012,1.34102,1.33796,1.33882,15666.0
2026-04-08 04:00:00,2026-04-08 01:00:00,2026-04-08 09:00:00,1.33881,1.34158,1.3386,1.34041,13795.0
2026-04-08 05:00:00,2026-04-08 02:00:00,2026-04-08 10:00:00,1.34037,1.34132,1.33937,1.34006,9869.0
2026-04-08 06:00:00,2026-04-08 03:00:00,2026-04-08 11:00:00,1.34007,1.34045,1.33916,1.33987,9630.0
2026-04-08 07:00:00,2026-04-08 04:00:00,2026-04-08 12:00:00,1.3399,1.34173,1.33989,1.34158,9338.0
2026-04-08 08:00:00,2026-04-08 05:00:00,2026-04-08 13:00:00,1.34164,1.3446,1.34089,1.34332,10896.0
2026-04-08 09:00:00,2026-04-08 06:00:00,2026-04-08 14:00:00,1.34329,1.34441,1.34196,1.34296,13189.0
2026-04-08 10:00:00,2026-04-08 07:00:00,2026-04-08 15:00:00,1.34304,1.34343,1.34105,1.34245,13452.0
2026-04-08 11:00:00,2026-04-08 08:00:00,2026-04-08 16:00:00,1.34243,1.34328,1.34062,1.3428,12625.0
2026-04-08 12:00:00,2026-04-08 09:00:00,2026-04-08 17:00:00,1.34281,1.34408,1.34203,1.34248,10311.0
2026-04-08 13:00:00,2026-04-08 10:00:00,2026-04-08 18:00:00,1.34247,1.34451,1.34234,1.34411,9214.0
2026-04-08 14:00:00,2026-04-08 11:00:00,2026-04-08 19:00:00,1.34407,1.34703,1.3437,1.3466,11249.0
2026-04-08 15:00:00,2026-04-08 12:00:00,2026-04-08 20:00:00,1.34662,1.34845,1.34522,1.34731,12654.0
2026-04-08 16:00:00,2026-04-08 13:00:00,2026-04-08 21:00:00,1.34728,1.34824,1.34403,1.34478,15643.0
2026-04-08 17:00:00,2026-04-08 14:00:00,2026-04-08 22:00:00,1.34476,1.34598,1.34353,1.34489,17159.0
2026-04-08 18:00:00,2026-04-08 15:00:00,2026-04-08 23:00:00,1.34488,1.34488,1.34287,1.34385,13753.0
2026-04-08 19:00:00,2026-04-08 16:00:00,2026-04-09 00:00:00,1.34385,1.34389,1.342,1.34248,10555.0
2026-04-08 20:00:00,2026-04-08 17:00:00,2026-04-09 01:00:00,1.34246,1.34281,1.34097,1.34195,10356.0
2026-04-08 21:00:00,2026-04-08 18:00:00,2026-04-09 02:00:00,1.34195,1.34253,1.33852,1.3386,11662.0
2026-04-08 22:00:00,2026-04-08 19:00:00,2026-04-09 03:00:00,1.33852,1.34082,1.33808,1.34068,11113.0
2026-04-08 23:00:00,2026-04-08 20:00:00,2026-04-09 04:00:00,1.34069,1.34088,1.33928,1.33947,5390.0
2026-04-09 00:00:00,2026-04-08 21:00:00,2026-04-09 05:00:00,1.33905,1.34009,1.33901,1.33972,2542.0
2026-04-09 01:00:00,2026-04-08 22:00:00,2026-04-09 06:00:00,1.33954,1.34034,1.33942,1.3398,2804.0
2026-04-09 02:00:00,2026-04-08 23:00:00,2026-04-09 07:00:00,1.33979,1.33992,1.33913,1.33928,3464.0
2026-04-09 03:00:00,2026-04-09 00:00:00,2026-04-09 08:00:00,1.3393,1.33958,1.3385,1.33912,7744.0
2026-04-09 04:00:00,2026-04-09 01:00:00,2026-04-09 09:00:00,1.33911,1.33934,1.3381,1.33915,8373.0
2026-04-09 05:00:00,2026-04-09 02:00:00,2026-04-09 10:00:00,1.33917,1.3402,1.33875,1.3396,6125.0
2026-04-09 06:00:00,2026-04-09 03:00:00,2026-04-09 11:00:00,1.3396,1.33987,1.339,1.33948,5984.0
2026-04-09 07:00:00,2026-04-09 04:00:00,2026-04-09 12:00:00,1.3395,1.34066,1.33947,1.33994,5497.0
2026-04-09 08:00:00,2026-04-09 05:00:00,2026-04-09 13:00:00,1.33995,1.34008,1.33893,1.33907,6330.0
2026-04-09 09:00:00,2026-04-09 06:00:00,2026-04-09 14:00:00,1.33909,1.33964,1.33824,1.33951,7898.0
2026-04-09 10:00:00,2026-04-09 07:00:00,2026-04-09 15:00:00,1.33953,1.34014,1.33806,1.3393,9875.0
2026-04-09 11:00:00,2026-04-09 08:00:00,2026-04-09 16:00:00,1.33929,1.34075,1.33841,1.34038,8234.0
2026-04-09 12:00:00,2026-04-09 09:00:00,2026-04-09 17:00:00,1.34036,1.3414,1.33996,1.34036,7249.0
2026-04-09 13:00:00,2026-04-09 10:00:00,2026-04-09 18:00:00,1.34034,1.341,1.33971,1.33976,7338.0
2026-04-09 14:00:00,2026-04-09 11:00:00,2026-04-09 19:00:00,1.33974,1.34305,1.33955,1.34291,8545.0
2026-04-09 15:00:00,2026-04-09 12:00:00,2026-04-09 20:00:00,1.34292,1.34301,1.34075,1.3416,8955.0
2026-04-09 16:00:00,2026-04-09 13:00:00,2026-04-09 21:00:00,1.3416,1.343,1.34131,1.34206,11385.0
2026-04-09 17:00:00,2026-04-09 14:00:00,2026-04-09 22:00:00,1.34206,1.3428,1.34041,1.34152,12846.0
2026-04-09 18:00:00,2026-04-09 15:00:00,2026-04-09 23:00:00,1.34153,1.34447,1.34035,1.34423,14229.0
2026-04-09 19:00:00,2026-04-09 16:00:00,2026-04-10 00:00:00,1.34421,1.3456,1.34379,1.34448,10663.0
2026-04-09 20:00:00,2026-04-09 17:00:00,2026-04-10 01:00:00,1.34449,1.34587,1.34449,1.34514,8975.0
2026-04-09 21:00:00,2026-04-09 18:00:00,2026-04-10 02:00:00,1.34517,1.34523,1.34297,1.34325,11070.0
2026-04-09 22:00:00,2026-04-09 19:00:00,2026-04-10 03:00:00,1.34325,1.34453,1.34304,1.34356,8483.0
2026-04-09 23:00:00,2026-04-09 20:00:00,2026-04-10 04:00:00,1.34358,1.34373,1.34304,1.34357,3492.0
2026-04-10 00:00:00,2026-04-09 21:00:00,2026-04-10 05:00:00,1.34284,1.34332,1.34248,1.3426,2645.0
2026-04-10 01:00:00,2026-04-09 22:00:00,2026-04-10 06:00:00,1.34292,1.34366,1.34244,1.3427,3124.0
2026-04-10 02:00:00,2026-04-09 23:00:00,2026-04-10 07:00:00,1.34271,1.34345,1.34265,1.34295,3130.0
2026-04-10 03:00:00,2026-04-10 00:00:00,2026-04-10 08:00:00,1.34293,1.34293,1.34207,1.34253,5766.0
2026-04-10 04:00:00,2026-04-10 01:00:00,2026-04-10 09:00:00,1.34253,1.34322,1.34207,1.34289,5076.0
2026-04-10 05:00:00,2026-04-10 02:00:00,2026-04-10 10:00:00,1.3429,1.34299,1.342,1.34241,6436.0
2026-04-10 06:00:00,2026-04-10 03:00:00,2026-04-10 11:00:00,1.34241,1.34269,1.34224,1.34244,4804.0
2026-04-10 07:00:00,2026-04-10 04:00:00,2026-04-10 12:00:00,1.34245,1.34271,1.34206,1.34212,3649.0
2026-04-10 08:00:00,2026-04-10 05:00:00,2026-04-10 13:00:00,1.3421,1.34228,1.34148,1.3419,4214.0
2026-04-10 09:00:00,2026-04-10 06:00:00,2026-04-10 14:00:00,1.34196,1.34244,1.3413,1.34171,5978.0
2026-04-10 10:00:00,2026-04-10 07:00:00,2026-04-10 15:00:00,1.34172,1.34283,1.34106,1.34125,6966.0
2026-04-10 11:00:00,2026-04-10 08:00:00,2026-04-10 16:00:00,1.34123,1.34265,1.34115,1.34209,6576.0
2026-04-10 12:00:00,2026-04-10 09:00:00,2026-04-10 17:00:00,1.34218,1.34398,1.34173,1.34378,8879.0
2026-04-10 13:00:00,2026-04-10 10:00:00,2026-04-10 18:00:00,1.34378,1.34445,1.3435,1.34372,6774.0
2026-04-10 14:00:00,2026-04-10 11:00:00,2026-04-10 19:00:00,1.34371,1.34456,1.34353,1.34444,5660.0
2026-04-10 15:00:00,2026-04-10 12:00:00,2026-04-10 20:00:00,1.34446,1.34677,1.34434,1.34582,10402.0
2026-04-10 16:00:00,2026-04-10 13:00:00,2026-04-10 21:00:00,1.34581,1.34765,1.34558,1.34619,11379.0
2026-04-10 17:00:00,2026-04-10 14:00:00,2026-04-10 22:00:00,1.34613,1.34792,1.34518,1.34608,13228.0
2026-04-10 18:00:00,2026-04-10 15:00:00,2026-04-10 23:00:00,1.34608,1.34777,1.34572,1.34573,10923.0
2026-04-10 19:00:00,2026-04-10 16:00:00,2026-04-11 00:00:00,1.34574,1.34617,1.34481,1.34565,9616.0
2026-04-10 20:00:00,2026-04-10 17:00:00,2026-04-11 01:00:00,1.34562,1.34645,1.3454,1.34577,8119.0
2026-04-10 21:00:00,2026-04-10 18:00:00,2026-04-11 02:00:00,1.3458,1.34721,1.34534,1.34693,8468.0
2026-04-10 22:00:00,2026-04-10 19:00:00,2026-04-11 03:00:00,1.34694,1.34714,1.34663,1.34684,5594.0
2026-04-10 23:00:00,2026-04-10 20:00:00,2026-04-11 04:00:00,1.34684,1.34698,1.34653,1.3468,3508.0
2026-04-13 00:00:00,2026-04-12 21:00:00,2026-04-13 05:00:00,1.33901,1.34074,1.33837,1.34002,1254.0
2026-04-13 01:00:00,2026-04-12 22:00:00,2026-04-13 06:00:00,1.34035,1.34035,1.33869,1.33951,7258.0
2026-04-13 02:00:00,2026-04-12 23:00:00,2026-04-13 07:00:00,1.3395,1.33965,1.33807,1.33941,4917.0
2026-04-13 03:00:00,2026-04-13 00:00:00,2026-04-13 08:00:00,1.3395,1.34022,1.33863,1.34022,8800.0
2026-04-13 04:00:00,2026-04-13 01:00:00,2026-04-13 09:00:00,1.34025,1.34095,1.33981,1.34031,7513.0
2026-04-13 05:00:00,2026-04-13 02:00:00,2026-04-13 10:00:00,1.34031,1.34064,1.33998,1.34044,6670.0
2026-04-13 06:00:00,2026-04-13 03:00:00,2026-04-13 11:00:00,1.34045,1.34056,1.33993,1.34038,4895.0
2026-04-13 07:00:00,2026-04-13 04:00:00,2026-04-13 12:00:00,1.34038,1.34075,1.34023,1.34048,4364.0
2026-04-13 08:00:00,2026-04-13 05:00:00,2026-04-13 13:00:00,1.34048,1.34073,1.34019,1.34061,5421.0
2026-04-13 09:00:00,2026-04-13 06:00:00,2026-04-13 14:00:00,1.34063,1.34151,1.34019,1.34121,7836.0
2026-04-13 10:00:00,2026-04-13 07:00:00,2026-04-13 15:00:00,1.34121,1.34337,1.34115,1.34316,8222.0
2026-04-13 11:00:00,2026-04-13 08:00:00,2026-04-13 16:00:00,1.34315,1.34343,1.34228,1.34282,8513.0
2026-04-13 12:00:00,2026-04-13 09:00:00,2026-04-13 17:00:00,1.34281,1.34343,1.34242,1.3429,6874.0
2026-04-13 13:00:00,2026-04-13 10:00:00,2026-04-13 18:00:00,1.34291,1.34356,1.34229,1.34345,5231.0
2026-04-13 14:00:00,2026-04-13 11:00:00,2026-04-13 19:00:00,1.34345,1.34431,1.34182,1.34189,7960.0
2026-04-13 15:00:00,2026-04-13 12:00:00,2026-04-13 20:00:00,1.3419,1.3439,1.34157,1.34357,9277.0
2026-04-13 16:00:00,2026-04-13 13:00:00,2026-04-13 21:00:00,1.34357,1.34655,1.34343,1.34527,12061.0
2026-04-13 17:00:00,2026-04-13 14:00:00,2026-04-13 22:00:00,1.34528,1.34651,1.34449,1.34607,14004.0
2026-04-13 18:00:00,2026-04-13 15:00:00,2026-04-13 23:00:00,1.34606,1.3462,1.34488,1.34582,11019.0
2026-04-13 19:00:00,2026-04-13 16:00:00,2026-04-14 00:00:00,1.34582,1.34828,1.34525,1.34742,13467.0
2026-04-13 20:00:00,2026-04-13 17:00:00,2026-04-14 01:00:00,1.34743,1.34915,1.34734,1.34885,8364.0
2026-04-13 21:00:00,2026-04-13 18:00:00,2026-04-14 02:00:00,1.34886,1.35082,1.34848,1.35074,8071.0
2026-04-13 22:00:00,2026-04-13 19:00:00,2026-04-14 03:00:00,1.35071,1.35081,1.34999,1.35049,7356.0
2026-04-13 23:00:00,2026-04-13 20:00:00,2026-04-14 04:00:00,1.35051,1.35084,1.35036,1.35057,4141.0
2026-04-14 00:00:00,2026-04-13 21:00:00,2026-04-14 05:00:00,1.34957,1.35026,1.34922,1.34975,1206.0
2026-04-14 01:00:00,2026-04-13 22:00:00,2026-04-14 06:00:00,1.35018,1.3512,1.35018,1.35107,2261.0
2026-04-14 02:00:00,2026-04-13 23:00:00,2026-04-14 07:00:00,1.35107,1.35161,1.35097,1.35153,2818.0
2026-04-14 03:00:00,2026-04-14 00:00:00,2026-04-14 08:00:00,1.35154,1.35167,1.35081,1.35145,5854.0
2026-04-14 04:00:00,2026-04-14 01:00:00,2026-04-14 09:00:00,1.35144,1.35155,1.35047,1.35056,6614.0
2026-04-14 05:00:00,2026-04-14 02:00:00,2026-04-14 10:00:00,1.35055,1.35091,1.35034,1.35088,4816.0
2026-04-14 06:00:00,2026-04-14 03:00:00,2026-04-14 11:00:00,1.35087,1.35174,1.35058,1.35166,4220.0
2026-04-14 07:00:00,2026-04-14 04:00:00,2026-04-14 12:00:00,1.35165,1.35221,1.35146,1.3519,3451.0
2026-04-14 08:00:00,2026-04-14 05:00:00,2026-04-14 13:00:00,1.35189,1.35219,1.35104,1.35166,4967.0
2026-04-14 09:00:00,2026-04-14 06:00:00,2026-04-14 14:00:00,1.35165,1.35276,1.35107,1.35225,9870.0
2026-04-14 10:00:00,2026-04-14 07:00:00,2026-04-14 15:00:00,1.35222,1.35391,1.35212,1.35318,11364.0
2026-04-14 11:00:00,2026-04-14 08:00:00,2026-04-14 16:00:00,1.35314,1.3539,1.35264,1.35374,9963.0
2026-04-14 12:00:00,2026-04-14 09:00:00,2026-04-14 17:00:00,1.35377,1.35498,1.3534,1.35426,7891.0
2026-04-14 13:00:00,2026-04-14 10:00:00,2026-04-14 18:00:00,1.35424,1.35622,1.35401,1.35593,7920.0
2026-04-14 14:00:00,2026-04-14 11:00:00,2026-04-14 19:00:00,1.3559,1.35788,1.35578,1.3572,7679.0
2026-04-14 15:00:00,2026-04-14 12:00:00,2026-04-14 20:00:00,1.35722,1.35892,1.35669,1.35871,9964.0
2026-04-14 16:00:00,2026-04-14 13:00:00,2026-04-14 21:00:00,1.35871,1.35878,1.35689,1.3583,11854.0
2026-04-14 17:00:00,2026-04-14 14:00:00,2026-04-14 22:00:00,1.35829,1.35889,1.35741,1.35874,12125.0
2026-04-14 18:00:00,2026-04-14 15:00:00,2026-04-14 23:00:00,1.35871,1.35871,1.35613,1.35613,10996.0
2026-04-14 19:00:00,2026-04-14 16:00:00,2026-04-15 00:00:00,1.35615,1.35684,1.3558,1.35678,7590.0
2026-04-14 20:00:00,2026-04-14 17:00:00,2026-04-15 01:00:00,1.35677,1.3573,1.3564,1.35702,7525.0
2026-04-14 21:00:00,2026-04-14 18:00:00,2026-04-15 02:00:00,1.35701,1.35724,1.35602,1.35635,7463.0
2026-04-14 22:00:00,2026-04-14 19:00:00,2026-04-15 03:00:00,1.35636,1.35669,1.35612,1.35626,6517.0
2026-04-14 23:00:00,2026-04-14 20:00:00,2026-04-15 04:00:00,1.35629,1.3569,1.35624,1.35653,3289.0
2026-04-15 00:00:00,2026-04-14 21:00:00,2026-04-15 05:00:00,1.35595,1.35656,1.35578,1.35625,1948.0
2026-04-15 01:00:00,2026-04-14 22:00:00,2026-04-15 06:00:00,1.35646,1.35713,1.35639,1.35683,3314.0
2026-04-15 02:00:00,2026-04-14 23:00:00,2026-04-15 07:00:00,1.35682,1.35795,1.35663,1.35748,4509.0
2026-04-15 03:00:00,2026-04-15 00:00:00,2026-04-15 08:00:00,1.35747,1.35752,1.35652,1.35732,7042.0
2026-04-15 04:00:00,2026-04-15 01:00:00,2026-04-15 09:00:00,1.35731,1.35775,1.35672,1.35697,7041.0
2026-04-15 05:00:00,2026-04-15 02:00:00,2026-04-15 10:00:00,1.35697,1.357,1.35566,1.35595,5537.0
2026-04-15 06:00:00,2026-04-15 03:00:00,2026-04-15 11:00:00,1.35594,1.35674,1.35567,1.35654,4222.0
2026-04-15 07:00:00,2026-04-15 04:00:00,2026-04-15 12:00:00,1.35654,1.35679,1.35644,1.35673,3978.0
2026-04-15 08:00:00,2026-04-15 05:00:00,2026-04-15 13:00:00,1.35672,1.35788,1.35638,1.35655,6714.0
2026-04-15 09:00:00,2026-04-15 06:00:00,2026-04-15 14:00:00,1.35654,1.35738,1.35566,1.35598,6615.0
2026-04-15 10:00:00,2026-04-15 07:00:00,2026-04-15 15:00:00,1.35588,1.35697,1.35553,1.35603,8489.0
2026-04-15 11:00:00,2026-04-15 08:00:00,2026-04-15 16:00:00,1.35603,1.35679,1.35567,1.3564,7111.0
2026-04-15 12:00:00,2026-04-15 09:00:00,2026-04-15 17:00:00,1.35641,1.357,1.35487,1.35572,8819.0
2026-04-15 13:00:00,2026-04-15 10:00:00,2026-04-15 18:00:00,1.3557,1.3561,1.35436,1.35478,9816.0
2026-04-15 14:00:00,2026-04-15 11:00:00,2026-04-15 19:00:00,1.35478,1.35558,1.35434,1.35542,9277.0
2026-04-15 15:00:00,2026-04-15 12:00:00,2026-04-15 20:00:00,1.35534,1.3558,1.3545,1.35553,10119.0
2026-04-15 16:00:00,2026-04-15 13:00:00,2026-04-15 21:00:00,1.35552,1.35667,1.35526,1.35576,12185.0
2026-04-15 17:00:00,2026-04-15 14:00:00,2026-04-15 22:00:00,1.35576,1.3577,1.35527,1.35688,12119.0
2026-04-15 18:00:00,2026-04-15 15:00:00,2026-04-15 23:00:00,1.35687,1.35791,1.3565,1.35669,11436.0
2026-04-15 19:00:00,2026-04-15 16:00:00,2026-04-16 00:00:00,1.3567,1.35748,1.35659,1.35732,9788.0
2026-04-15 20:00:00,2026-04-15 17:00:00,2026-04-16 01:00:00,1.35729,1.35745,1.35644,1.35702,6842.0
2026-04-15 21:00:00,2026-04-15 18:00:00,2026-04-16 02:00:00,1.357,1.35764,1.35676,1.3574,9212.0
2026-04-15 22:00:00,2026-04-15 19:00:00,2026-04-16 03:00:00,1.3574,1.35768,1.35683,1.35706,6489.0
2026-04-15 23:00:00,2026-04-15 20:00:00,2026-04-16 04:00:00,1.35704,1.35704,1.35591,1.35607,4459.0
2026-04-16 00:00:00,2026-04-15 21:00:00,2026-04-16 05:00:00,1.35541,1.35614,1.35537,1.35558,3401.0
2026-04-16 01:00:00,2026-04-15 22:00:00,2026-04-16 06:00:00,1.35571,1.35687,1.35569,1.3568,2321.0
2026-04-16 02:00:00,2026-04-15 23:00:00,2026-04-16 07:00:00,1.3568,1.35739,1.35679,1.35729,2195.0
2026-04-16 03:00:00,2026-04-16 00:00:00,2026-04-16 08:00:00,1.3573,1.35751,1.35681,1.35738,4823.0
2026-04-16 04:00:00,2026-04-16 01:00:00,2026-04-16 09:00:00,1.35737,1.35758,1.35612,1.35686,6761.0
2026-04-16 05:00:00,2026-04-16 02:00:00,2026-04-16 10:00:00,1.35686,1.35861,1.35683,1.35859,6892.0
2026-04-16 06:00:00,2026-04-16 03:00:00,2026-04-16 11:00:00,1.35864,1.35949,1.35805,1.35814,5636.0
2026-04-16 07:00:00,2026-04-16 04:00:00,2026-04-16 12:00:00,1.35815,1.35823,1.35754,1.35766,3831.0
2026-04-16 08:00:00,2026-04-16 05:00:00,2026-04-16 13:00:00,1.35764,1.35772,1.35656,1.35709,6220.0
2026-04-16 09:00:00,2026-04-16 06:00:00,2026-04-16 14:00:00,1.3571,1.35816,1.35634,1.35761,9984.0
2026-04-16 10:00:00,2026-04-16 07:00:00,2026-04-16 15:00:00,1.35762,1.35805,1.3557,1.3559,9225.0
2026-04-16 11:00:00,2026-04-16 08:00:00,2026-04-16 16:00:00,1.35589,1.35617,1.35471,1.35507,8856.0
2026-04-16 12:00:00,2026-04-16 09:00:00,2026-04-16 17:00:00,1.35506,1.35528,1.35364,1.35384,7079.0
2026-04-16 13:00:00,2026-04-16 10:00:00,2026-04-16 18:00:00,1.35389,1.3545,1.35311,1.35435,6470.0
2026-04-16 14:00:00,2026-04-16 11:00:00,2026-04-16 19:00:00,1.35439,1.35534,1.35429,1.35467,7185.0
2026-04-16 15:00:00,2026-04-16 12:00:00,2026-04-16 20:00:00,1.35468,1.35498,1.35372,1.35469,9127.0
2026-04-16 16:00:00,2026-04-16 13:00:00,2026-04-16 21:00:00,1.3547,1.35551,1.35354,1.35415,10295.0
2026-04-16 17:00:00,2026-04-16 14:00:00,2026-04-16 22:00:00,1.35414,1.35489,1.35164,1.35222,13714.0
2026-04-16 18:00:00,2026-04-16 15:00:00,2026-04-16 23:00:00,1.35222,1.35382,1.35179,1.35378,11057.0
2026-04-16 19:00:00,2026-04-16 16:00:00,2026-04-17 00:00:00,1.35379,1.35443,1.35211,1.35285,10739.0
2026-04-16 20:00:00,2026-04-16 17:00:00,2026-04-17 01:00:00,1.35287,1.35302,1.35213,1.35247,8669.0
2026-04-16 21:00:00,2026-04-16 18:00:00,2026-04-17 02:00:00,1.35247,1.35333,1.35238,1.35313,9580.0
2026-04-16 22:00:00,2026-04-16 19:00:00,2026-04-17 03:00:00,1.35312,1.35352,1.3527,1.35294,7185.0
2026-04-16 23:00:00,2026-04-16 20:00:00,2026-04-17 04:00:00,1.35294,1.35318,1.35236,1.35261,3060.0
2026-04-17 00:00:00,2026-04-16 21:00:00,2026-04-17 05:00:00,1.35172,1.35334,1.3516,1.35224,1957.0
2026-04-17 01:00:00,2026-04-16 22:00:00,2026-04-17 06:00:00,1.3524,1.35368,1.35234,1.35319,2238.0
2026-04-17 02:00:00,2026-04-16 23:00:00,2026-04-17 07:00:00,1.35315,1.35333,1.35249,1.35258,2717.0
2026-04-17 03:00:00,2026-04-17 00:00:00,2026-04-17 08:00:00,1.35252,1.35268,1.3519,1.35209,6318.0
2026-04-17 04:00:00,2026-04-17 01:00:00,2026-04-17 09:00:00,1.3521,1.35224,1.35145,1.35161,6251.0
2026-04-17 05:00:00,2026-04-17 02:00:00,2026-04-17 10:00:00,1.3516,1.35201,1.35136,1.35192,4075.0
2026-04-17 06:00:00,2026-04-17 03:00:00,2026-04-17 11:00:00,1.35191,1.35271,1.35153,1.35251,4368.0
2026-04-17 07:00:00,2026-04-17 04:00:00,2026-04-17 12:00:00,1.3525,1.35263,1.3521,1.35226,4139.0
2026-04-17 08:00:00,2026-04-17 05:00:00,2026-04-17 13:00:00,1.35222,1.35228,1.35166,1.35189,5152.0
2026-04-17 09:00:00,2026-04-17 06:00:00,2026-04-17 14:00:00,1.35188,1.3519,1.35047,1.35055,6687.0
2026-04-17 10:00:00,2026-04-17 07:00:00,2026-04-17 15:00:00,1.35057,1.35262,1.35057,1.35252,7702.0
2026-04-17 11:00:00,2026-04-17 08:00:00,2026-04-17 16:00:00,1.35253,1.35343,1.35165,1.35308,7123.0
2026-04-17 12:00:00,2026-04-17 09:00:00,2026-04-17 17:00:00,1.35307,1.354,1.35268,1.35312,7029.0
2026-04-17 13:00:00,2026-04-17 10:00:00,2026-04-17 18:00:00,1.35313,1.35365,1.35201,1.3523,6219.0
2026-04-17 14:00:00,2026-04-17 11:00:00,2026-04-17 19:00:00,1.35233,1.35359,1.35192,1.35295,6646.0
2026-04-17 15:00:00,2026-04-17 12:00:00,2026-04-17 20:00:00,1.35295,1.35851,1.35284,1.35831,13728.0
2026-04-17 16:00:00,2026-04-17 13:00:00,2026-04-17 21:00:00,1.35837,1.35995,1.35603,1.35737,19424.0
2026-04-17 17:00:00,2026-04-17 14:00:00,2026-04-17 22:00:00,1.35742,1.3589,1.35686,1.35697,16691.0
2026-04-17 18:00:00,2026-04-17 15:00:00,2026-04-17 23:00:00,1.35696,1.35696,1.35494,1.35544,14567.0
2026-04-17 19:00:00,2026-04-17 16:00:00,2026-04-18 00:00:00,1.35541,1.35597,1.35441,1.35537,9539.0
2026-04-17 20:00:00,2026-04-17 17:00:00,2026-04-18 01:00:00,1.35538,1.35538,1.35397,1.35515,11008.0
2026-04-17 21:00:00,2026-04-17 18:00:00,2026-04-18 02:00:00,1.3552,1.35549,1.35317,1.35348,9899.0
2026-04-17 22:00:00,2026-04-17 19:00:00,2026-04-18 03:00:00,1.35348,1.35394,1.35168,1.35191,8081.0
2026-04-17 23:00:00,2026-04-17 20:00:00,2026-04-18 04:00:00,1.3519,1.35227,1.35127,1.35154,4494.0
2026-04-20 00:00:00,2026-04-19 21:00:00,2026-04-20 05:00:00,1.34825,1.34874,1.348,1.34805,618.0
2026-04-20 01:00:00,2026-04-19 22:00:00,2026-04-20 06:00:00,1.34811,1.34891,1.34744,1.34873,7859.0
2026-04-20 02:00:00,2026-04-19 23:00:00,2026-04-20 07:00:00,1.34872,1.34919,1.34779,1.34825,8508.0
2026-04-20 03:00:00,2026-04-20 00:00:00,2026-04-20 08:00:00,1.34827,1.3496,1.34785,1.34955,11769.0
2026-04-20 04:00:00,2026-04-20 01:00:00,2026-04-20 09:00:00,1.34951,1.35007,1.3489,1.34979,10594.0
2026-04-20 05:00:00,2026-04-20 02:00:00,2026-04-20 10:00:00,1.34978,1.3506,1.34967,1.35021,8555.0
2026-04-20 06:00:00,2026-04-20 03:00:00,2026-04-20 11:00:00,1.35023,1.35086,1.35002,1.35061,7431.0
2026-04-20 07:00:00,2026-04-20 04:00:00,2026-04-20 12:00:00,1.35061,1.35075,1.35005,1.35051,8068.0
2026-04-20 08:00:00,2026-04-20 05:00:00,2026-04-20 13:00:00,1.35051,1.35055,1.34857,1.34914,9931.0
2026-04-20 09:00:00,2026-04-20 06:00:00,2026-04-20 14:00:00,1.34915,1.35061,1.34816,1.35057,12639.0
2026-04-20 10:00:00,2026-04-20 07:00:00,2026-04-20 15:00:00,1.35058,1.35185,1.34958,1.35028,13292.0
2026-04-20 11:00:00,2026-04-20 08:00:00,2026-04-20 16:00:00,1.35029,1.35058,1.34928,1.34978,11475.0
2026-04-20 12:00:00,2026-04-20 09:00:00,2026-04-20 17:00:00,1.34977,1.35184,1.3497,1.35181,10420.0
2026-04-20 13:00:00,2026-04-20 10:00:00,2026-04-20 18:00:00,1.35182,1.35198,1.3511,1.3517,8958.0
2026-04-20 14:00:00,2026-04-20 11:00:00,2026-04-20 19:00:00,1.35175,1.35278,1.35146,1.3519,10564.0
2026-04-20 15:00:00,2026-04-20 12:00:00,2026-04-20 20:00:00,1.35192,1.35195,1.35058,1.35159,12377.0
2026-04-20 16:00:00,2026-04-20 13:00:00,2026-04-20 21:00:00,1.35164,1.35366,1.3512,1.35329,15046.0
2026-04-20 17:00:00,2026-04-20 14:00:00,2026-04-20 22:00:00,1.35328,1.35328,1.35067,1.35237,15374.0
2026-04-20 18:00:00,2026-04-20 15:00:00,2026-04-20 23:00:00,1.35233,1.35442,1.35178,1.35396,15026.0
2026-04-20 19:00:00,2026-04-20 16:00:00,2026-04-21 00:00:00,1.354,1.35441,1.3535,1.35383,11048.0
2026-04-20 20:00:00,2026-04-20 17:00:00,2026-04-21 01:00:00,1.35384,1.35437,1.35314,1.35351,8931.0
2026-04-20 21:00:00,2026-04-20 18:00:00,2026-04-21 02:00:00,1.35354,1.35427,1.35314,1.35325,10332.0
2026-04-20 22:00:00,2026-04-20 19:00:00,2026-04-21 03:00:00,1.35324,1.35415,1.35319,1.35323,7477.0
2026-04-20 23:00:00,2026-04-20 20:00:00,2026-04-21 04:00:00,1.35322,1.35387,1.35302,1.35324,4652.0
2026-04-21 00:00:00,2026-04-20 21:00:00,2026-04-21 05:00:00,1.3527,1.35348,1.35229,1.35296,2201.0
2026-04-21 01:00:00,2026-04-20 22:00:00,2026-04-21 06:00:00,1.35301,1.3539,1.35301,1.3539,3823.0
2026-04-21 02:00:00,2026-04-20 23:00:00,2026-04-21 07:00:00,1.35389,1.35391,1.353,1.35306,4276.0
2026-04-21 03:00:00,2026-04-21 00:00:00,2026-04-21 08:00:00,1.3531,1.3532,1.35222,1.35246,8628.0
2026-04-21 04:00:00,2026-04-21 01:00:00,2026-04-21 09:00:00,1.35246,1.35293,1.35224,1.35246,8380.0
2026-04-21 05:00:00,2026-04-21 02:00:00,2026-04-21 10:00:00,1.35247,1.35267,1.35199,1.35217,6422.0
2026-04-21 06:00:00,2026-04-21 03:00:00,2026-04-21 11:00:00,1.35218,1.35224,1.35151,1.35174,6019.0
2026-04-21 07:00:00,2026-04-21 04:00:00,2026-04-21 12:00:00,1.35173,1.35191,1.35145,1.35153,4424.0
2026-04-21 08:00:00,2026-04-21 05:00:00,2026-04-21 13:00:00,1.35154,1.3526,1.35148,1.35169,7842.0
2026-04-21 09:00:00,2026-04-21 06:00:00,2026-04-21 14:00:00,1.35173,1.35307,1.35164,1.35199,8969.0
2026-04-21 10:00:00,2026-04-21 07:00:00,2026-04-21 15:00:00,1.35199,1.35228,1.35064,1.35072,11676.0
2026-04-21 11:00:00,2026-04-21 08:00:00,2026-04-21 16:00:00,1.35073,1.35101,1.34824,1.35033,13565.0
2026-04-21 12:00:00,2026-04-21 09:00:00,2026-04-21 17:00:00,1.35034,1.35087,1.34954,1.35027,8315.0
2026-04-21 13:00:00,2026-04-21 10:00:00,2026-04-21 18:00:00,1.35026,1.35119,1.34996,1.35103,8339.0
2026-04-21 14:00:00,2026-04-21 11:00:00,2026-04-21 19:00:00,1.35111,1.35234,1.35059,1.35189,9946.0
2026-04-21 15:00:00,2026-04-21 12:00:00,2026-04-21 20:00:00,1.35188,1.35225,1.35065,1.35149,11776.0
2026-04-21 16:00:00,2026-04-21 13:00:00,2026-04-21 21:00:00,1.3515,1.35292,1.35137,1.35251,12685.0
2026-04-21 17:00:00,2026-04-21 14:00:00,2026-04-21 22:00:00,1.35249,1.35399,1.35079,1.3509,14096.0
2026-04-21 18:00:00,2026-04-21 15:00:00,2026-04-21 23:00:00,1.35089,1.35207,1.34992,1.35107,15046.0
2026-04-21 19:00:00,2026-04-21 16:00:00,2026-04-22 00:00:00,1.35111,1.35146,1.34968,1.3498,12689.0
2026-04-21 20:00:00,2026-04-21 17:00:00,2026-04-22 01:00:00,1.34979,1.3525,1.34756,1.35053,15252.0
2026-04-21 21:00:00,2026-04-21 18:00:00,2026-04-22 02:00:00,1.35052,1.35086,1.34838,1.35034,11995.0
2026-04-21 22:00:00,2026-04-21 19:00:00,2026-04-22 03:00:00,1.35035,1.35147,1.34754,1.3482,14420.0
2026-04-21 23:00:00,2026-04-21 20:00:00,2026-04-22 04:00:00,1.34822,1.35138,1.3477,1.35086,9620.0
2026-04-22 00:00:00,2026-04-21 21:00:00,2026-04-22 05:00:00,1.34968,1.35024,1.34906,1.34947,2393.0
2026-04-22 01:00:00,2026-04-21 22:00:00,2026-04-22 06:00:00,1.34985,1.35057,1.34985,1.35024,3595.0
2026-04-22 02:00:00,2026-04-21 23:00:00,2026-04-22 07:00:00,1.35024,1.35103,1.35016,1.35091,3960.0
2026-04-22 03:00:00,2026-04-22 00:00:00,2026-04-22 08:00:00,1.3509,1.35205,1.35088,1.35099,9954.0
2026-04-22 04:00:00,2026-04-22 01:00:00,2026-04-22 09:00:00,1.35099,1.35152,1.35029,1.35112,9258.0
2026-04-22 05:00:00,2026-04-22 02:00:00,2026-04-22 10:00:00,1.35112,1.35148,1.35052,1.35062,7070.0
2026-04-22 06:00:00,2026-04-22 03:00:00,2026-04-22 11:00:00,1.35063,1.35123,1.35032,1.35071,5771.0
2026-04-22 07:00:00,2026-04-22 04:00:00,2026-04-22 12:00:00,1.35069,1.3511,1.3506,1.35075,7949.0
2026-04-22 08:00:00,2026-04-22 05:00:00,2026-04-22 13:00:00,1.35074,1.35339,1.35069,1.35239,9458.0
2026-04-22 09:00:00,2026-04-22 06:00:00,2026-04-22 14:00:00,1.35241,1.35262,1.35146,1.35172,9355.0
2026-04-22 10:00:00,2026-04-22 07:00:00,2026-04-22 15:00:00,1.35171,1.35274,1.35098,1.35263,10609.0
2026-04-22 11:00:00,2026-04-22 08:00:00,2026-04-22 16:00:00,1.35263,1.35319,1.35208,1.35285,10210.0
2026-04-22 12:00:00,2026-04-22 09:00:00,2026-04-22 17:00:00,1.35284,1.35356,1.35186,1.352,9606.0
2026-04-22 13:00:00,2026-04-22 10:00:00,2026-04-22 18:00:00,1.35202,1.3524,1.35134,1.35218,9027.0
2026-04-22 14:00:00,2026-04-22 11:00:00,2026-04-22 19:00:00,1.35219,1.35219,1.34993,1.3503,9988.0
2026-04-22 15:00:00,2026-04-22 12:00:00,2026-04-22 20:00:00,1.35028,1.3508,1.34922,1.3494,11243.0
2026-04-22 16:00:00,2026-04-22 13:00:00,2026-04-22 21:00:00,1.34941,1.35238,1.34917,1.35185,14380.0
2026-04-22 17:00:00,2026-04-22 14:00:00,2026-04-22 22:00:00,1.35184,1.35247,1.34989,1.34991,14741.0
2026-04-22 18:00:00,2026-04-22 15:00:00,2026-04-22 23:00:00,1.3499,1.35097,1.34946,1.35037,12726.0
2026-04-22 19:00:00,2026-04-22 16:00:00,2026-04-23 00:00:00,1.35046,1.3507,1.34952,1.35044,9883.0
2026-04-22 20:00:00,2026-04-22 17:00:00,2026-04-23 01:00:00,1.35043,1.35169,1.35031,1.35108,9611.0
2026-04-22 21:00:00,2026-04-22 18:00:00,2026-04-23 02:00:00,1.35105,1.35125,1.35042,1.35052,7527.0
2026-04-22 22:00:00,2026-04-22 19:00:00,2026-04-23 03:00:00,1.35053,1.351,1.3501,1.35038,8635.0
2026-04-22 23:00:00,2026-04-22 20:00:00,2026-04-23 04:00:00,1.35038,1.35048,1.34985,1.35028,4946.0
2026-04-23 00:00:00,2026-04-22 21:00:00,2026-04-23 05:00:00,1.34996,1.35059,1.34967,1.34991,1565.0
2026-04-23 01:00:00,2026-04-22 22:00:00,2026-04-23 06:00:00,1.34994,1.35048,1.34994,1.35016,2984.0
2026-04-23 02:00:00,2026-04-22 23:00:00,2026-04-23 07:00:00,1.35017,1.35024,1.34991,1.34995,4027.0
2026-04-23 03:00:00,2026-04-23 00:00:00,2026-04-23 08:00:00,1.34998,1.35105,1.34792,1.35084,13402.0
2026-04-23 04:00:00,2026-04-23 01:00:00,2026-04-23 09:00:00,1.35085,1.35105,1.34984,1.34997,10151.0
2026-04-23 05:00:00,2026-04-23 02:00:00,2026-04-23 10:00:00,1.34996,1.35007,1.3485,1.3487,11374.0
2026-04-23 06:00:00,2026-04-23 03:00:00,2026-04-23 11:00:00,1.34866,1.3491,1.34822,1.34855,9274.0
2026-04-23 07:00:00,2026-04-23 04:00:00,2026-04-23 12:00:00,1.34854,1.3491,1.34829,1.34906,8244.0
2026-04-23 08:00:00,2026-04-23 05:00:00,2026-04-23 13:00:00,1.34907,1.34937,1.34871,1.34937,6828.0
2026-04-23 09:00:00,2026-04-23 06:00:00,2026-04-23 14:00:00,1.34937,1.34972,1.34871,1.34917,7866.0
2026-04-23 10:00:00,2026-04-23 07:00:00,2026-04-23 15:00:00,1.34922,1.34997,1.34812,1.34889,10627.0
2026-04-23 11:00:00,2026-04-23 08:00:00,2026-04-23 16:00:00,1.34886,1.35074,1.34853,1.35048,10188.0
2026-04-23 12:00:00,2026-04-23 09:00:00,2026-04-23 17:00:00,1.35045,1.35076,1.34918,1.35004,11739.0
2026-04-23 13:00:00,2026-04-23 10:00:00,2026-04-23 18:00:00,1.35004,1.35039,1.34842,1.34846,11626.0
2026-04-23 14:00:00,2026-04-23 11:00:00,2026-04-23 19:00:00,1.34845,1.35127,1.34832,1.35059,11728.0
2026-04-23 15:00:00,2026-04-23 12:00:00,2026-04-23 20:00:00,1.35055,1.35107,1.34852,1.34874,13570.0
2026-04-23 16:00:00,2026-04-23 13:00:00,2026-04-23 21:00:00,1.34875,1.35028,1.34779,1.34977,13249.0
2026-04-23 17:00:00,2026-04-23 14:00:00,2026-04-23 22:00:00,1.34978,1.35182,1.34917,1.35097,14730.0
2026-04-23 18:00:00,2026-04-23 15:00:00,2026-04-23 23:00:00,1.35097,1.35121,1.34903,1.34936,13873.0
2026-04-23 19:00:00,2026-04-23 16:00:00,2026-04-24 00:00:00,1.34934,1.34936,1.34867,1.3492,11295.0
2026-04-23 20:00:00,2026-04-23 17:00:00,2026-04-24 01:00:00,1.34921,1.34938,1.34474,1.34775,18370.0
2026-04-23 21:00:00,2026-04-23 18:00:00,2026-04-24 02:00:00,1.34778,1.34855,1.34711,1.34739,14335.0
2026-04-23 22:00:00,2026-04-23 19:00:00,2026-04-24 03:00:00,1.34737,1.34748,1.34617,1.34677,11613.0
2026-04-23 23:00:00,2026-04-23 20:00:00,2026-04-24 04:00:00,1.34676,1.34678,1.34614,1.3466,6776.0
2026-04-24 00:00:00,2026-04-23 21:00:00,2026-04-24 05:00:00,1.34648,1.34685,1.34572,1.34631,2274.0
2026-04-24 01:00:00,2026-04-23 22:00:00,2026-04-24 06:00:00,1.3464,1.34685,1.34635,1.34678,2150.0
2026-04-24 02:00:00,2026-04-23 23:00:00,2026-04-24 07:00:00,1.34679,1.34679,1.34635,1.34659,3045.0
2026-04-24 03:00:00,2026-04-24 00:00:00,2026-04-24 08:00:00,1.3466,1.34715,1.34633,1.34682,9544.0
2026-04-24 04:00:00,2026-04-24 01:00:00,2026-04-24 09:00:00,1.34681,1.34726,1.34641,1.34723,8502.0
2026-04-24 05:00:00,2026-04-24 02:00:00,2026-04-24 10:00:00,1.34723,1.34728,1.34587,1.34606,7740.0
2026-04-24 06:00:00,2026-04-24 03:00:00,2026-04-24 11:00:00,1.34607,1.34618,1.34536,1.34597,6769.0
2026-04-24 07:00:00,2026-04-24 04:00:00,2026-04-24 12:00:00,1.34597,1.34642,1.34572,1.34627,5823.0
2026-04-24 08:00:00,2026-04-24 05:00:00,2026-04-24 13:00:00,1.34628,1.34676,1.34598,1.3466,6566.0
2026-04-24 09:00:00,2026-04-24 06:00:00,2026-04-24 14:00:00,1.34662,1.34694,1.346,1.34641,8929.0
2026-04-24 10:00:00,2026-04-24 07:00:00,2026-04-24 15:00:00,1.34641,1.34794,1.34604,1.34763,8675.0
2026-04-24 11:00:00,2026-04-24 08:00:00,2026-04-24 16:00:00,1.34764,1.34843,1.34707,1.34768,10536.0
2026-04-24 12:00:00,2026-04-24 09:00:00,2026-04-24 17:00:00,1.34768,1.34847,1.3474,1.34825,9419.0
2026-04-24 13:00:00,2026-04-24 10:00:00,2026-04-24 18:00:00,1.34825,1.34929,1.34784,1.34924,9040.0
2026-04-24 14:00:00,2026-04-24 11:00:00,2026-04-24 19:00:00,1.34924,1.35043,1.34865,1.34951,15149.0
2026-04-24 15:00:00,2026-04-24 12:00:00,2026-04-24 20:00:00,1.34952,1.35027,1.34844,1.35012,12654.0
2026-04-24 16:00:00,2026-04-24 13:00:00,2026-04-24 21:00:00,1.35017,1.35031,1.34863,1.34967,14164.0
2026-04-24 17:00:00,2026-04-24 14:00:00,2026-04-24 22:00:00,1.34965,1.35143,1.34904,1.35008,15779.0
2026-04-24 18:00:00,2026-04-24 15:00:00,2026-04-24 23:00:00,1.35007,1.35198,1.34918,1.35152,14047.0
2026-04-24 19:00:00,2026-04-24 16:00:00,2026-04-25 00:00:00,1.35151,1.35217,1.35085,1.35208,12107.0
2026-04-24 20:00:00,2026-04-24 17:00:00,2026-04-25 01:00:00,1.35207,1.35264,1.35169,1.35196,10163.0
2026-04-24 21:00:00,2026-04-24 18:00:00,2026-04-25 02:00:00,1.35194,1.3529,1.35176,1.35285,7447.0
2026-04-24 22:00:00,2026-04-24 19:00:00,2026-04-25 03:00:00,1.35287,1.3534,1.35268,1.35324,8001.0
2026-04-24 23:00:00,2026-04-24 20:00:00,2026-04-25 04:00:00,1.35323,1.35373,1.35292,1.35368,4249.0
2026-04-27 00:00:00,2026-04-26 21:00:00,2026-04-27 05:00:00,1.34997,1.35109,1.34996,1.3504,1158.0
2026-04-27 01:00:00,2026-04-26 22:00:00,2026-04-27 06:00:00,1.35043,1.35222,1.35043,1.35151,3651.0
2026-04-27 02:00:00,2026-04-26 23:00:00,2026-04-27 07:00:00,1.35152,1.35181,1.35134,1.35135,4299.0
2026-04-27 03:00:00,2026-04-27 00:00:00,2026-04-27 08:00:00,1.35139,1.35231,1.35117,1.35213,7727.0
2026-04-27 04:00:00,2026-04-27 01:00:00,2026-04-27 09:00:00,1.35217,1.35373,1.35217,1.3534,11174.0
2026-04-27 05:00:00,2026-04-27 02:00:00,2026-04-27 10:00:00,1.35341,1.35405,1.35297,1.35386,7732.0
2026-04-27 06:00:00,2026-04-27 03:00:00,2026-04-27 11:00:00,1.35385,1.35483,1.3538,1.35442,7857.0
2026-04-27 07:00:00,2026-04-27 04:00:00,2026-04-27 12:00:00,1.35442,1.35465,1.35388,1.35406,6931.0
2026-04-27 08:00:00,2026-04-27 05:00:00,2026-04-27 13:00:00,1.35405,1.35409,1.35329,1.35329,8925.0
2026-04-27 09:00:00,2026-04-27 06:00:00,2026-04-27 14:00:00,1.35328,1.35391,1.35242,1.35361,10397.0
2026-04-27 10:00:00,2026-04-27 07:00:00,2026-04-27 15:00:00,1.35358,1.35471,1.35338,1.35451,11327.0
2026-04-27 11:00:00,2026-04-27 08:00:00,2026-04-27 16:00:00,1.35453,1.35578,1.35417,1.35538,11924.0
2026-04-27 12:00:00,2026-04-27 09:00:00,2026-04-27 17:00:00,1.35539,1.35564,1.35479,1.35503,9650.0
2026-04-27 13:00:00,2026-04-27 10:00:00,2026-04-27 18:00:00,1.35498,1.35635,1.3548,1.35598,9799.0
2026-04-27 14:00:00,2026-04-27 11:00:00,2026-04-27 19:00:00,1.35599,1.35623,1.35538,1.35581,10317.0
2026-04-27 15:00:00,2026-04-27 12:00:00,2026-04-27 20:00:00,1.3558,1.35759,1.35485,1.35485,12451.0
2026-04-27 16:00:00,2026-04-27 13:00:00,2026-04-27 21:00:00,1.35482,1.35593,1.35371,1.35446,14132.0
2026-04-27 17:00:00,2026-04-27 14:00:00,2026-04-27 22:00:00,1.35448,1.35639,1.35416,1.35555,14190.0
2026-04-27 18:00:00,2026-04-27 15:00:00,2026-04-27 23:00:00,1.35556,1.35559,1.3546,1.35518,13394.0
2026-04-27 19:00:00,2026-04-27 16:00:00,2026-04-28 00:00:00,1.35519,1.35559,1.35415,1.35436,11178.0
2026-04-27 20:00:00,2026-04-27 17:00:00,2026-04-28 01:00:00,1.35436,1.3545,1.35311,1.35386,11487.0
2026-04-27 21:00:00,2026-04-27 18:00:00,2026-04-28 02:00:00,1.35387,1.35397,1.35302,1.35323,9604.0
2026-04-27 22:00:00,2026-04-27 19:00:00,2026-04-28 03:00:00,1.35322,1.35377,1.35311,1.35315,9853.0
2026-04-27 23:00:00,2026-04-27 20:00:00,2026-04-28 04:00:00,1.35315,1.35348,1.35311,1.35323,4633.0
2026-04-28 00:00:00,2026-04-27 21:00:00,2026-04-28 05:00:00,1.35313,1.35366,1.35295,1.35319,2166.0
2026-04-28 01:00:00,2026-04-27 22:00:00,2026-04-28 06:00:00,1.35307,1.35373,1.35307,1.35365,3386.0
2026-04-28 02:00:00,2026-04-27 23:00:00,2026-04-28 07:00:00,1.35364,1.35379,1.35349,1.35374,5660.0
2026-04-28 03:00:00,2026-04-28 00:00:00,2026-04-28 08:00:00,1.35374,1.35411,1.35311,1.35326,8888.0
2026-04-28 04:00:00,2026-04-28 01:00:00,2026-04-28 09:00:00,1.35325,1.35325,1.35223,1.35235,9549.0
2026-04-28 05:00:00,2026-04-28 02:00:00,2026-04-28 10:00:00,1.35234,1.35253,1.35206,1.35218,8842.0
2026-04-28 06:00:00,2026-04-28 03:00:00,2026-04-28 11:00:00,1.35219,1.3536,1.35211,1.35315,8270.0
2026-04-28 07:00:00,2026-04-28 04:00:00,2026-04-28 12:00:00,1.35316,1.35346,1.35283,1.35304,7292.0
2026-04-28 08:00:00,2026-04-28 05:00:00,2026-04-28 13:00:00,1.35305,1.35314,1.35169,1.35173,8671.0
2026-04-28 09:00:00,2026-04-28 06:00:00,2026-04-28 14:00:00,1.35172,1.35206,1.3503,1.35047,12275.0
2026-04-28 10:00:00,2026-04-28 07:00:00,2026-04-28 15:00:00,1.35043,1.35138,1.35021,1.35091,11992.0
2026-04-28 11:00:00,2026-04-28 08:00:00,2026-04-28 16:00:00,1.3509,1.35149,1.35023,1.35055,12125.0
2026-04-28 12:00:00,2026-04-28 09:00:00,2026-04-28 17:00:00,1.35054,1.35057,1.34868,1.34908,11213.0
2026-04-28 13:00:00,2026-04-28 10:00:00,2026-04-28 18:00:00,1.34911,1.34953,1.34827,1.34844,10274.0
2026-04-28 14:00:00,2026-04-28 11:00:00,2026-04-28 19:00:00,1.34843,1.34915,1.34627,1.34688,14890.0
2026-04-28 15:00:00,2026-04-28 12:00:00,2026-04-28 20:00:00,1.3469,1.34954,1.34632,1.34923,13901.0
2026-04-28 16:00:00,2026-04-28 13:00:00,2026-04-28 21:00:00,1.34924,1.35011,1.34813,1.34958,14652.0
2026-04-28 17:00:00,2026-04-28 14:00:00,2026-04-28 22:00:00,1.34956,1.35065,1.34855,1.34975,16581.0
2026-04-28 18:00:00,2026-04-28 15:00:00,2026-04-28 23:00:00,1.34973,1.35126,1.34958,1.35116,14640.0
2026-04-28 19:00:00,2026-04-28 16:00:00,2026-04-29 00:00:00,1.35119,1.35167,1.35065,1.35144,12435.0
2026-04-28 20:00:00,2026-04-28 17:00:00,2026-04-29 01:00:00,1.35144,1.35209,1.35078,1.35177,10954.0
2026-04-28 21:00:00,2026-04-28 18:00:00,2026-04-29 02:00:00,1.3518,1.35205,1.3514,1.35173,9739.0
2026-04-28 22:00:00,2026-04-28 19:00:00,2026-04-29 03:00:00,1.35173,1.35207,1.35123,1.35167,9588.0
2026-04-28 23:00:00,2026-04-28 20:00:00,2026-04-29 04:00:00,1.35165,1.35226,1.35159,1.35177,5138.0
2026-04-29 00:00:00,2026-04-28 21:00:00,2026-04-29 05:00:00,1.35102,1.35175,1.35057,1.35099,2138.0
2026-04-29 01:00:00,2026-04-28 22:00:00,2026-04-29 06:00:00,1.35105,1.35235,1.35105,1.35216,1839.0
2026-04-29 02:00:00,2026-04-28 23:00:00,2026-04-29 07:00:00,1.35215,1.35245,1.3521,1.3524,2473.0
2026-04-29 03:00:00,2026-04-29 00:00:00,2026-04-29 08:00:00,1.35242,1.3528,1.35215,1.35245,7436.0
2026-04-29 04:00:00,2026-04-29 01:00:00,2026-04-29 09:00:00,1.35244,1.35255,1.35124,1.35175,10564.0
2026-04-29 05:00:00,2026-04-29 02:00:00,2026-04-29 10:00:00,1.35174,1.35236,1.35104,1.35123,9304.0
2026-04-29 06:00:00,2026-04-29 03:00:00,2026-04-29 11:00:00,1.35124,1.35169,1.35105,1.35114,6916.0
2026-04-29 07:00:00,2026-04-29 04:00:00,2026-04-29 12:00:00,1.35115,1.35154,1.35105,1.35128,4912.0
2026-04-29 08:00:00,2026-04-29 05:00:00,2026-04-29 13:00:00,1.35127,1.35136,1.3503,1.35046,7090.0
2026-04-29 09:00:00,2026-04-29 06:00:00,2026-04-29 14:00:00,1.3504,1.35077,1.34944,1.35005,9708.0
2026-04-29 10:00:00,2026-04-29 07:00:00,2026-04-29 15:00:00,1.35002,1.35085,1.3499,1.35054,11042.0
2026-04-29 11:00:00,2026-04-29 08:00:00,2026-04-29 16:00:00,1.35035,1.35062,1.34945,1.34992,11363.0
2026-04-29 12:00:00,2026-04-29 09:00:00,2026-04-29 17:00:00,1.34993,1.35064,1.34958,1.35037,9651.0
2026-04-29 13:00:00,2026-04-29 10:00:00,2026-04-29 18:00:00,1.35036,1.35123,1.35005,1.35122,9950.0
2026-04-29 14:00:00,2026-04-29 11:00:00,2026-04-29 19:00:00,1.3512,1.35127,1.35025,1.3505,11016.0
2026-04-29 15:00:00,2026-04-29 12:00:00,2026-04-29 20:00:00,1.3505,1.35136,1.34985,1.35001,12226.0
2026-04-29 16:00:00,2026-04-29 13:00:00,2026-04-29 21:00:00,1.35002,1.35074,1.34736,1.34783,14728.0
2026-04-29 17:00:00,2026-04-29 14:00:00,2026-04-29 22:00:00,1.34784,1.35032,1.34715,1.35021,15105.0
2026-04-29 18:00:00,2026-04-29 15:00:00,2026-04-29 23:00:00,1.3502,1.35026,1.34815,1.34894,14561.0
2026-04-29 19:00:00,2026-04-29 16:00:00,2026-04-30 00:00:00,1.34896,1.34992,1.34796,1.34812,13112.0
2026-04-29 20:00:00,2026-04-29 17:00:00,2026-04-30 01:00:00,1.34814,1.34913,1.34748,1.34875,11608.0
2026-04-29 21:00:00,2026-04-29 18:00:00,2026-04-30 02:00:00,1.34871,1.34927,1.34578,1.34724,15764.0
2026-04-29 22:00:00,2026-04-29 19:00:00,2026-04-30 03:00:00,1.34734,1.34834,1.34671,1.34762,13046.0
2026-04-29 23:00:00,2026-04-29 20:00:00,2026-04-30 04:00:00,1.34761,1.34792,1.34701,1.34756,8079.0
2026-04-30 00:00:00,2026-04-29 21:00:00,2026-04-30 05:00:00,1.34684,1.34786,1.34656,1.34705,4195.0
2026-04-30 01:00:00,2026-04-29 22:00:00,2026-04-30 06:00:00,1.34715,1.34831,1.34715,1.34801,4439.0
2026-04-30 02:00:00,2026-04-29 23:00:00,2026-04-30 07:00:00,1.34802,1.34893,1.34773,1.34882,4963.0
2026-04-30 03:00:00,2026-04-30 00:00:00,2026-04-30 08:00:00,1.34883,1.34958,1.34843,1.34844,11567.0
2026-04-30 04:00:00,2026-04-30 01:00:00,2026-04-30 09:00:00,1.34844,1.34867,1.3478,1.34815,10602.0
2026-04-30 05:00:00,2026-04-30 02:00:00,2026-04-30 10:00:00,1.34814,1.34844,1.34681,1.3475,11074.0
2026-04-30 06:00:00,2026-04-30 03:00:00,2026-04-30 11:00:00,1.34751,1.34793,1.34731,1.34755,11273.0
2026-04-30 07:00:00,2026-04-30 04:00:00,2026-04-30 12:00:00,1.34754,1.34759,1.34548,1.3461,11710.0
2026-04-30 08:00:00,2026-04-30 05:00:00,2026-04-30 13:00:00,1.34609,1.34687,1.34588,1.34596,10824.0
2026-04-30 09:00:00,2026-04-30 06:00:00,2026-04-30 14:00:00,1.34595,1.3478,1.34541,1.34735,13534.0
2026-04-30 10:00:00,2026-04-30 07:00:00,2026-04-30 15:00:00,1.34733,1.34923,1.34728,1.34866,14071.0
2026-04-30 11:00:00,2026-04-30 08:00:00,2026-04-30 16:00:00,1.34865,1.35006,1.34815,1.3485,15151.0
2026-04-30 12:00:00,2026-04-30 09:00:00,2026-04-30 17:00:00,1.34849,1.35051,1.34793,1.35025,14947.0
2026-04-30 13:00:00,2026-04-30 10:00:00,2026-04-30 18:00:00,1.35024,1.35285,1.34926,1.35284,17236.0
2026-04-30 14:00:00,2026-04-30 11:00:00,2026-04-30 19:00:00,1.35278,1.35354,1.35139,1.35173,18660.0
2026-04-30 15:00:00,2026-04-30 12:00:00,2026-04-30 20:00:00,1.35173,1.35196,1.34987,1.3513,17202.0
2026-04-30 16:00:00,2026-04-30 13:00:00,2026-04-30 21:00:00,1.35127,1.35209,1.35049,1.35164,17066.0
2026-04-30 17:00:00,2026-04-30 14:00:00,2026-04-30 22:00:00,1.35159,1.35915,1.35129,1.35825,19368.0
2026-04-30 18:00:00,2026-04-30 15:00:00,2026-04-30 23:00:00,1.35826,1.35934,1.3571,1.35781,16609.0
2026-04-30 19:00:00,2026-04-30 16:00:00,2026-05-01 00:00:00,1.35786,1.35883,1.35731,1.35776,13064.0
2026-04-30 20:00:00,2026-04-30 17:00:00,2026-05-01 01:00:00,1.35778,1.35871,1.35759,1.35811,13483.0
2026-04-30 21:00:00,2026-04-30 18:00:00,2026-05-01 02:00:00,1.3581,1.36068,1.35808,1.36018,11766.0
2026-04-30 22:00:00,2026-04-30 19:00:00,2026-05-01 03:00:00,1.36019,1.36122,1.36004,1.36035,12291.0
2026-04-30 23:00:00,2026-04-30 20:00:00,2026-05-01 04:00:00,1.36037,1.36091,1.36002,1.36023,7378.0
2026-05-01 00:00:00,2026-04-30 21:00:00,2026-05-01 05:00:00,1.36027,1.36054,1.35984,1.3604,1936.0
2026-05-01 01:00:00,2026-04-30 22:00:00,2026-05-01 06:00:00,1.36045,1.36088,1.36023,1.36036,2279.0
2026-05-01 02:00:00,2026-04-30 23:00:00,2026-05-01 07:00:00,1.36037,1.3607,1.36017,1.36022,4648.0
2026-05-01 03:00:00,2026-05-01 00:00:00,2026-05-01 08:00:00,1.3603,1.36066,1.35992,1.36039,10308.0
2026-05-01 04:00:00,2026-05-01 01:00:00,2026-05-01 09:00:00,1.3604,1.36073,1.35992,1.36066,9538.0
2026-05-01 05:00:00,2026-05-01 02:00:00,2026-05-01 10:00:00,1.36067,1.36094,1.36005,1.36061,8885.0
2026-05-01 06:00:00,2026-05-01 03:00:00,2026-05-01 11:00:00,1.36062,1.36123,1.36007,1.36027,7409.0
2026-05-01 07:00:00,2026-05-01 04:00:00,2026-05-01 12:00:00,1.36026,1.36048,1.35956,1.3597,6184.0
2026-05-01 08:00:00,2026-05-01 05:00:00,2026-05-01 13:00:00,1.35969,1.35982,1.35884,1.35889,6930.0
2026-05-01 09:00:00,2026-05-01 06:00:00,2026-05-01 14:00:00,1.35891,1.36226,1.35867,1.36112,11480.0
2026-05-01 10:00:00,2026-05-01 07:00:00,2026-05-01 15:00:00,1.3611,1.36144,1.35989,1.36046,14157.0
2026-05-01 11:00:00,2026-05-01 08:00:00,2026-05-01 16:00:00,1.3605,1.36122,1.36005,1.36081,9747.0
2026-05-01 12:00:00,2026-05-01 09:00:00,2026-05-01 17:00:00,1.36082,1.36096,1.35917,1.35932,8436.0
2026-05-01 13:00:00,2026-05-01 10:00:00,2026-05-01 18:00:00,1.35932,1.36099,1.35919,1.36062,8313.0
2026-05-01 14:00:00,2026-05-01 11:00:00,2026-05-01 19:00:00,1.36065,1.36229,1.36061,1.36205,9646.0
2026-05-01 15:00:00,2026-05-01 12:00:00,2026-05-01 20:00:00,1.3621,1.36433,1.36159,1.36295,12511.0
2026-05-01 16:00:00,2026-05-01 13:00:00,2026-05-01 21:00:00,1.36292,1.36392,1.36162,1.36365,14697.0
2026-05-01 17:00:00,2026-05-01 14:00:00,2026-05-01 22:00:00,1.36363,1.36581,1.36173,1.36234,15510.0
2026-05-01 18:00:00,2026-05-01 15:00:00,2026-05-01 23:00:00,1.36235,1.363,1.36138,1.36192,13964.0
2026-05-01 19:00:00,2026-05-01 16:00:00,2026-05-02 00:00:00,1.36186,1.36234,1.35986,1.3599,12509.0
2026-05-01 20:00:00,2026-05-01 17:00:00,2026-05-02 01:00:00,1.35989,1.36016,1.35885,1.35932,10299.0
2026-05-01 21:00:00,2026-05-01 18:00:00,2026-05-02 02:00:00,1.35933,1.35949,1.35752,1.35828,10412.0
2026-05-01 22:00:00,2026-05-01 19:00:00,2026-05-02 03:00:00,1.35827,1.35835,1.35728,1.35736,8912.0
2026-05-01 23:00:00,2026-05-01 20:00:00,2026-05-02 04:00:00,1.35736,1.35752,1.35686,1.35728,5773.0
2026-05-04 00:00:00,2026-05-03 21:00:00,2026-05-04 05:00:00,1.35922,1.36017,1.35918,1.36007,721.0
2026-05-04 01:00:00,2026-05-03 22:00:00,2026-05-04 06:00:00,1.36019,1.36035,1.35845,1.35893,4140.0
2026-05-04 02:00:00,2026-05-03 23:00:00,2026-05-04 07:00:00,1.35894,1.35903,1.35795,1.35813,4078.0
2026-05-04 03:00:00,2026-05-04 00:00:00,2026-05-04 08:00:00,1.3581,1.35872,1.35751,1.35869,9628.0
2026-05-04 04:00:00,2026-05-04 01:00:00,2026-05-04 09:00:00,1.35868,1.35875,1.35763,1.35845,8842.0
2026-05-04 05:00:00,2026-05-04 02:00:00,2026-05-04 10:00:00,1.35846,1.35898,1.35799,1.3585,7542.0
2026-05-04 06:00:00,2026-05-04 03:00:00,2026-05-04 11:00:00,1.35846,1.36014,1.35822,1.35975,9362.0
2026-05-04 07:00:00,2026-05-04 04:00:00,2026-05-04 12:00:00,1.35975,1.35987,1.35857,1.35877,7333.0
2026-05-04 08:00:00,2026-05-04 05:00:00,2026-05-04 13:00:00,1.35877,1.35935,1.35849,1.35926,8464.0
2026-05-04 09:00:00,2026-05-04 06:00:00,2026-05-04 14:00:00,1.35925,1.35983,1.35754,1.35809,10889.0
2026-05-04 10:00:00,2026-05-04 07:00:00,2026-05-04 15:00:00,1.35809,1.35812,1.35631,1.35661,10081.0
2026-05-04 11:00:00,2026-05-04 08:00:00,2026-05-04 16:00:00,1.3566,1.35674,1.35593,1.3561,9428.0
2026-05-04 12:00:00,2026-05-04 09:00:00,2026-05-04 17:00:00,1.35611,1.35666,1.35562,1.35588,9129.0
2026-05-04 13:00:00,2026-05-04 10:00:00,2026-05-04 18:00:00,1.35586,1.35598,1.35235,1.35457,15324.0
2026-05-04 14:00:00,2026-05-04 11:00:00,2026-05-04 19:00:00,1.35463,1.35507,1.35335,1.35408,11854.0
2026-05-04 15:00:00,2026-05-04 12:00:00,2026-05-04 20:00:00,1.3541,1.35637,1.35392,1.35569,12363.0
2026-05-04 16:00:00,2026-05-04 13:00:00,2026-05-04 21:00:00,1.35566,1.35667,1.35483,1.35597,14277.0
2026-05-04 17:00:00,2026-05-04 14:00:00,2026-05-04 22:00:00,1.35598,1.35695,1.35501,1.35529,13295.0
2026-05-04 18:00:00,2026-05-04 15:00:00,2026-05-04 23:00:00,1.35533,1.35593,1.35248,1.3533,16561.0
2026-05-04 19:00:00,2026-05-04 16:00:00,2026-05-05 00:00:00,1.3533,1.35367,1.35121,1.35186,15130.0
2026-05-04 20:00:00,2026-05-04 17:00:00,2026-05-05 01:00:00,1.35187,1.35401,1.35184,1.35326,12758.0
2026-05-04 21:00:00,2026-05-04 18:00:00,2026-05-05 02:00:00,1.35325,1.35373,1.35258,1.35367,9708.0
2026-05-04 22:00:00,2026-05-04 19:00:00,2026-05-05 03:00:00,1.35366,1.3542,1.35319,1.35369,11229.0
2026-05-04 23:00:00,2026-05-04 20:00:00,2026-05-05 04:00:00,1.35367,1.35368,1.35267,1.3531,5982.0
2026-05-05 00:00:00,2026-05-04 21:00:00,2026-05-05 05:00:00,1.35261,1.35316,1.35193,1.35293,3178.0
2026-05-05 01:00:00,2026-05-04 22:00:00,2026-05-05 06:00:00,1.35312,1.35331,1.35264,1.35279,2722.0
2026-05-05 02:00:00,2026-05-04 23:00:00,2026-05-05 07:00:00,1.35279,1.35323,1.35277,1.35309,2390.0
2026-05-05 03:00:00,2026-05-05 00:00:00,2026-05-05 08:00:00,1.35304,1.35349,1.35232,1.35249,6603.0
2026-05-05 04:00:00,2026-05-05 01:00:00,2026-05-05 09:00:00,1.3525,1.3527,1.35177,1.35257,8248.0
2026-05-05 05:00:00,2026-05-05 02:00:00,2026-05-05 10:00:00,1.35258,1.35323,1.3525,1.35256,7847.0
2026-05-05 06:00:00,2026-05-05 03:00:00,2026-05-05 11:00:00,1.35256,1.35274,1.35207,1.35215,4795.0
2026-05-05 07:00:00,2026-05-05 04:00:00,2026-05-05 12:00:00,1.35214,1.35276,1.35145,1.35158,5368.0
2026-05-05 08:00:00,2026-05-05 05:00:00,2026-05-05 13:00:00,1.35157,1.35251,1.35135,1.35188,7513.0
2026-05-05 09:00:00,2026-05-05 06:00:00,2026-05-05 14:00:00,1.35185,1.35362,1.35146,1.3531,10942.0
2026-05-05 10:00:00,2026-05-05 07:00:00,2026-05-05 15:00:00,1.35316,1.35479,1.35311,1.35376,11507.0
2026-05-05 11:00:00,2026-05-05 08:00:00,2026-05-05 16:00:00,1.35377,1.35504,1.35372,1.35423,10721.0
2026-05-05 12:00:00,2026-05-05 09:00:00,2026-05-05 17:00:00,1.35422,1.35471,1.35319,1.35419,10876.0
2026-05-05 13:00:00,2026-05-05 10:00:00,2026-05-05 18:00:00,1.35418,1.35511,1.3538,1.35456,8637.0
2026-05-05 14:00:00,2026-05-05 11:00:00,2026-05-05 19:00:00,1.35456,1.35473,1.35307,1.35407,11386.0
2026-05-05 15:00:00,2026-05-05 12:00:00,2026-05-05 20:00:00,1.35406,1.35499,1.35318,1.3544,12281.0
2026-05-05 16:00:00,2026-05-05 13:00:00,2026-05-05 21:00:00,1.35441,1.35594,1.35436,1.35531,12528.0
2026-05-05 17:00:00,2026-05-05 14:00:00,2026-05-05 22:00:00,1.3554,1.35677,1.35491,1.35641,15450.0
2026-05-05 18:00:00,2026-05-05 15:00:00,2026-05-05 23:00:00,1.35642,1.35786,1.35612,1.35741,12076.0
2026-05-05 19:00:00,2026-05-05 16:00:00,2026-05-06 00:00:00,1.35736,1.35761,1.3555,1.35562,9682.0
2026-05-05 20:00:00,2026-05-05 17:00:00,2026-05-06 01:00:00,1.35563,1.35593,1.35475,1.35509,8603.0
2026-05-05 21:00:00,2026-05-05 18:00:00,2026-05-06 02:00:00,1.35505,1.3553,1.35458,1.35488,7672.0
2026-05-05 22:00:00,2026-05-05 19:00:00,2026-05-06 03:00:00,1.35496,1.35511,1.35405,1.35431,8254.0
2026-05-05 23:00:00,2026-05-05 20:00:00,2026-05-06 04:00:00,1.3543,1.35447,1.35377,1.35383,4132.0
2026-05-06 00:00:00,2026-05-05 21:00:00,2026-05-06 05:00:00,1.35315,1.35432,1.35315,1.3539,2402.0
2026-05-06 01:00:00,2026-05-05 22:00:00,2026-05-06 06:00:00,1.35397,1.35609,1.35384,1.35569,4088.0
2026-05-06 02:00:00,2026-05-05 23:00:00,2026-05-06 07:00:00,1.3557,1.35801,1.35563,1.35677,8498.0
2026-05-06 03:00:00,2026-05-06 00:00:00,2026-05-06 08:00:00,1.35677,1.35777,1.35646,1.35745,11057.0
2026-05-06 04:00:00,2026-05-06 01:00:00,2026-05-06 09:00:00,1.35747,1.35803,1.35722,1.35741,10754.0
2026-05-06 05:00:00,2026-05-06 02:00:00,2026-05-06 10:00:00,1.35742,1.35783,1.35659,1.35683,7237.0
2026-05-06 06:00:00,2026-05-06 03:00:00,2026-05-06 11:00:00,1.35688,1.35721,1.35634,1.35647,8321.0
2026-05-06 07:00:00,2026-05-06 04:00:00,2026-05-06 12:00:00,1.35646,1.35957,1.3563,1.3589,13161.0
2026-05-06 08:00:00,2026-05-06 05:00:00,2026-05-06 13:00:00,1.35896,1.35915,1.35824,1.35864,10207.0
2026-05-06 09:00:00,2026-05-06 06:00:00,2026-05-06 14:00:00,1.35866,1.35903,1.35808,1.35887,11055.0
2026-05-06 10:00:00,2026-05-06 07:00:00,2026-05-06 15:00:00,1.35886,1.35994,1.35837,1.35989,12216.0
2026-05-06 11:00:00,2026-05-06 08:00:00,2026-05-06 16:00:00,1.35988,1.36343,1.35918,1.36256,13464.0
2026-05-06 12:00:00,2026-05-06 09:00:00,2026-05-06 17:00:00,1.36255,1.36293,1.36139,1.36255,15545.0
2026-05-06 13:00:00,2026-05-06 10:00:00,2026-05-06 18:00:00,1.36257,1.36431,1.36137,1.36367,13692.0
2026-05-06 14:00:00,2026-05-06 11:00:00,2026-05-06 19:00:00,1.36368,1.36422,1.36204,1.3623,14724.0
2026-05-06 15:00:00,2026-05-06 12:00:00,2026-05-06 20:00:00,1.36232,1.36239,1.36075,1.36114,15034.0
2026-05-06 16:00:00,2026-05-06 13:00:00,2026-05-06 21:00:00,1.36113,1.36173,1.3601,1.36073,15760.0
2026-05-06 17:00:00,2026-05-06 14:00:00,2026-05-06 22:00:00,1.36073,1.36196,1.3599,1.36041,16387.0
2026-05-06 18:00:00,2026-05-06 15:00:00,2026-05-06 23:00:00,1.36042,1.36043,1.35937,1.35953,14105.0
2026-05-06 19:00:00,2026-05-06 16:00:00,2026-05-07 00:00:00,1.3595,1.35959,1.35784,1.35836,11443.0
2026-05-06 20:00:00,2026-05-06 17:00:00,2026-05-07 01:00:00,1.35836,1.35996,1.35812,1.35921,9781.0
2026-05-06 21:00:00,2026-05-06 18:00:00,2026-05-07 02:00:00,1.35921,1.35975,1.35891,1.35937,8784.0
2026-05-06 22:00:00,2026-05-06 19:00:00,2026-05-07 03:00:00,1.35941,1.35992,1.35919,1.35934,10210.0
2026-05-06 23:00:00,2026-05-06 20:00:00,2026-05-07 04:00:00,1.35935,1.35957,1.35897,1.35929,4877.0
2026-05-07 00:00:00,2026-05-06 21:00:00,2026-05-07 05:00:00,1.35862,1.35931,1.35842,1.35917,2068.0
2026-05-07 01:00:00,2026-05-06 22:00:00,2026-05-07 06:00:00,1.35912,1.35949,1.35912,1.35941,2836.0
2026-05-07 02:00:00,2026-05-06 23:00:00,2026-05-07 07:00:00,1.35941,1.35965,1.35906,1.3591,3261.0
2026-05-07 03:00:00,2026-05-07 00:00:00,2026-05-07 08:00:00,1.35911,1.35995,1.35896,1.35924,10579.0
2026-05-07 04:00:00,2026-05-07 01:00:00,2026-05-07 09:00:00,1.35923,1.36085,1.35906,1.36051,10182.0
2026-05-07 05:00:00,2026-05-07 02:00:00,2026-05-07 10:00:00,1.36051,1.36085,1.36005,1.3603,8148.0
2026-05-07 06:00:00,2026-05-07 03:00:00,2026-05-07 11:00:00,1.36029,1.36031,1.35926,1.35932,6448.0
2026-05-07 07:00:00,2026-05-07 04:00:00,2026-05-07 12:00:00,1.35926,1.36015,1.35906,1.35978,5664.0
2026-05-07 08:00:00,2026-05-07 05:00:00,2026-05-07 13:00:00,1.35977,1.35999,1.35938,1.35948,7659.0
2026-05-07 09:00:00,2026-05-07 06:00:00,2026-05-07 14:00:00,1.35946,1.36089,1.35908,1.36005,13102.0
2026-05-07 10:00:00,2026-05-07 07:00:00,2026-05-07 15:00:00,1.36004,1.36242,1.36001,1.36206,13809.0
2026-05-07 11:00:00,2026-05-07 08:00:00,2026-05-07 16:00:00,1.36207,1.36246,1.36143,1.3622,12021.0
2026-05-07 12:00:00,2026-05-07 09:00:00,2026-05-07 17:00:00,1.36219,1.36242,1.36171,1.36192,10577.0
2026-05-07 13:00:00,2026-05-07 10:00:00,2026-05-07 18:00:00,1.36191,1.36305,1.36166,1.36201,10662.0
2026-05-07 14:00:00,2026-05-07 11:00:00,2026-05-07 19:00:00,1.36206,1.36245,1.36094,1.36176,10530.0
2026-05-07 15:00:00,2026-05-07 12:00:00,2026-05-07 20:00:00,1.36179,1.36291,1.36167,1.36233,12383.0
2026-05-07 16:00:00,2026-05-07 13:00:00,2026-05-07 21:00:00,1.36232,1.36292,1.36153,1.36187,14409.0
2026-05-07 17:00:00,2026-05-07 14:00:00,2026-05-07 22:00:00,1.36188,1.36312,1.36135,1.36304,14484.0
2026-05-07 18:00:00,2026-05-07 15:00:00,2026-05-07 23:00:00,1.36305,1.36325,1.36066,1.3608,14526.0
2026-05-07 19:00:00,2026-05-07 16:00:00,2026-05-08 00:00:00,1.3608,1.36102,1.35907,1.35941,13896.0
2026-05-07 20:00:00,2026-05-07 17:00:00,2026-05-08 01:00:00,1.35943,1.35954,1.35692,1.35835,14097.0
2026-05-07 21:00:00,2026-05-07 18:00:00,2026-05-08 02:00:00,1.35832,1.35849,1.35704,1.35801,12255.0
2026-05-07 22:00:00,2026-05-07 19:00:00,2026-05-08 03:00:00,1.35805,1.35845,1.35619,1.35625,12009.0
2026-05-07 23:00:00,2026-05-07 20:00:00,2026-05-08 04:00:00,1.35624,1.35753,1.35481,1.35499,7814.0
2026-05-08 00:00:00,2026-05-07 21:00:00,2026-05-08 05:00:00,1.35451,1.35536,1.35444,1.35493,1786.0
2026-05-08 01:00:00,2026-05-07 22:00:00,2026-05-08 06:00:00,1.35515,1.35543,1.3547,1.35475,5424.0
2026-05-08 02:00:00,2026-05-07 23:00:00,2026-05-08 07:00:00,1.35474,1.35563,1.35469,1.35555,3550.0
2026-05-08 03:00:00,2026-05-08 00:00:00,2026-05-08 08:00:00,1.35562,1.3561,1.35486,1.35512,9030.0
2026-05-08 04:00:00,2026-05-08 01:00:00,2026-05-08 09:00:00,1.35511,1.35596,1.35509,1.35587,9218.0
2026-05-08 05:00:00,2026-05-08 02:00:00,2026-05-08 10:00:00,1.35588,1.35609,1.35499,1.35562,8756.0
2026-05-08 06:00:00,2026-05-08 03:00:00,2026-05-08 11:00:00,1.35558,1.35604,1.35528,1.35547,6784.0
2026-05-08 07:00:00,2026-05-08 04:00:00,2026-05-08 12:00:00,1.35548,1.35686,1.35494,1.35652,7706.0
2026-05-08 08:00:00,2026-05-08 05:00:00,2026-05-08 13:00:00,1.35653,1.35766,1.35646,1.35744,8238.0
2026-05-08 09:00:00,2026-05-08 06:00:00,2026-05-08 14:00:00,1.35746,1.35903,1.35725,1.35856,10999.0
2026-05-08 10:00:00,2026-05-08 07:00:00,2026-05-08 15:00:00,1.35857,1.35889,1.3577,1.35816,10395.0
2026-05-08 11:00:00,2026-05-08 08:00:00,2026-05-08 16:00:00,1.3581,1.3615,1.35784,1.36132,11060.0
2026-05-08 12:00:00,2026-05-08 09:00:00,2026-05-08 17:00:00,1.36132,1.3623,1.3612,1.36146,8982.0
2026-05-08 13:00:00,2026-05-08 10:00:00,2026-05-08 18:00:00,1.36147,1.36191,1.36021,1.36029,9263.0
2026-05-08 14:00:00,2026-05-08 11:00:00,2026-05-08 19:00:00,1.36034,1.36135,1.36,1.36131,9772.0
2026-05-08 15:00:00,2026-05-08 12:00:00,2026-05-08 20:00:00,1.36132,1.36239,1.36008,1.3614,13457.0
2026-05-08 16:00:00,2026-05-08 13:00:00,2026-05-08 21:00:00,1.36139,1.3631,1.3606,1.36257,14035.0
2026-05-08 17:00:00,2026-05-08 14:00:00,2026-05-08 22:00:00,1.36259,1.36273,1.361,1.36251,14493.0
2026-05-08 18:00:00,2026-05-08 15:00:00,2026-05-08 23:00:00,1.36249,1.36297,1.36168,1.36235,12467.0
2026-05-08 19:00:00,2026-05-08 16:00:00,2026-05-09 00:00:00,1.36233,1.36305,1.3616,1.36169,9106.0
2026-05-08 20:00:00,2026-05-08 17:00:00,2026-05-09 01:00:00,1.36169,1.36234,1.36164,1.36194,8097.0
2026-05-08 21:00:00,2026-05-08 18:00:00,2026-05-09 02:00:00,1.36197,1.36307,1.36178,1.36216,9324.0
2026-05-08 22:00:00,2026-05-08 19:00:00,2026-05-09 03:00:00,1.3622,1.36291,1.36219,1.36279,8032.0
2026-05-08 23:00:00,2026-05-08 20:00:00,2026-05-09 04:00:00,1.36279,1.36368,1.3627,1.36353,5034.0
2026-05-11 00:00:00,2026-05-10 21:00:00,2026-05-11 05:00:00,1.35553,1.35841,1.35521,1.35645,2754.0
2026-05-11 01:00:00,2026-05-10 22:00:00,2026-05-11 06:00:00,1.35657,1.35896,1.35641,1.35894,6895.0
2026-05-11 02:00:00,2026-05-10 23:00:00,2026-05-11 07:00:00,1.35894,1.35971,1.35891,1.35939,4668.0
2026-05-11 03:00:00,2026-05-11 00:00:00,2026-05-11 08:00:00,1.35938,1.36012,1.35902,1.35987,9735.0
2026-05-11 04:00:00,2026-05-11 01:00:00,2026-05-11 09:00:00,1.35988,1.36004,1.35903,1.35934,9897.0
2026-05-11 05:00:00,2026-05-11 02:00:00,2026-05-11 10:00:00,1.35933,1.35984,1.35903,1.35906,6997.0
2026-05-11 06:00:00,2026-05-11 03:00:00,2026-05-11 11:00:00,1.35904,1.35937,1.35882,1.3589,7452.0
2026-05-11 07:00:00,2026-05-11 04:00:00,2026-05-11 12:00:00,1.35892,1.35904,1.35788,1.35808,5648.0
2026-05-11 08:00:00,2026-05-11 05:00:00,2026-05-11 13:00:00,1.35805,1.35888,1.35799,1.35842,7257.0
2026-05-11 09:00:00,2026-05-11 06:00:00,2026-05-11 14:00:00,1.35845,1.35987,1.35801,1.35987,11947.0
2026-05-11 10:00:00,2026-05-11 07:00:00,2026-05-11 15:00:00,1.35997,1.36038,1.35959,1.36,9069.0
2026-05-11 11:00:00,2026-05-11 08:00:00,2026-05-11 16:00:00,1.35996,1.36143,1.35982,1.36079,9523.0
2026-05-11 12:00:00,2026-05-11 09:00:00,2026-05-11 17:00:00,1.36076,1.36125,1.3599,1.35993,7860.0
2026-05-11 13:00:00,2026-05-11 10:00:00,2026-05-11 18:00:00,1.35992,1.36043,1.35853,1.35886,11295.0
2026-05-11 14:00:00,2026-05-11 11:00:00,2026-05-11 19:00:00,1.35887,1.36143,1.35886,1.36069,10663.0
2026-05-11 15:00:00,2026-05-11 12:00:00,2026-05-11 20:00:00,1.36074,1.36156,1.35995,1.36108,12093.0
2026-05-11 16:00:00,2026-05-11 13:00:00,2026-05-11 21:00:00,1.36113,1.36293,1.36108,1.36234,12289.0
2026-05-11 17:00:00,2026-05-11 14:00:00,2026-05-11 22:00:00,1.36235,1.36393,1.36172,1.3639,13860.0
2026-05-11 18:00:00,2026-05-11 15:00:00,2026-05-11 23:00:00,1.36387,1.36532,1.36372,1.36494,12198.0
2026-05-11 19:00:00,2026-05-11 16:00:00,2026-05-12 00:00:00,1.36494,1.36498,1.36375,1.36412,10243.0
2026-05-11 20:00:00,2026-05-11 17:00:00,2026-05-12 01:00:00,1.36414,1.36454,1.3636,1.36424,10410.0
2026-05-11 21:00:00,2026-05-11 18:00:00,2026-05-12 02:00:00,1.36422,1.36442,1.36269,1.36285,9601.0
2026-05-11 22:00:00,2026-05-11 19:00:00,2026-05-12 03:00:00,1.36287,1.36296,1.36165,1.36181,9405.0
2026-05-11 23:00:00,2026-05-11 20:00:00,2026-05-12 04:00:00,1.36181,1.36202,1.36075,1.36096,4749.0
2026-05-12 00:00:00,2026-05-11 21:00:00,2026-05-12 05:00:00,1.36046,1.3611,1.36037,1.36056,1696.0
2026-05-12 01:00:00,2026-05-11 22:00:00,2026-05-12 06:00:00,1.36064,1.36099,1.36057,1.36073,2947.0
2026-05-12 02:00:00,2026-05-11 23:00:00,2026-05-12 07:00:00,1.3608,1.36101,1.36027,1.36043,3000.0
2026-05-12 03:00:00,2026-05-12 00:00:00,2026-05-12 08:00:00,1.36043,1.36049,1.35926,1.35942,7907.0
2026-05-12 04:00:00,2026-05-12 01:00:00,2026-05-12 09:00:00,1.35941,1.35959,1.35797,1.35875,11901.0
2026-05-12 05:00:00,2026-05-12 02:00:00,2026-05-12 10:00:00,1.35873,1.35924,1.35855,1.35911,8565.0
2026-05-12 06:00:00,2026-05-12 03:00:00,2026-05-12 11:00:00,1.3591,1.35918,1.35817,1.35832,7095.0
2026-05-12 07:00:00,2026-05-12 04:00:00,2026-05-12 12:00:00,1.35831,1.35869,1.35798,1.35848,7368.0
2026-05-12 08:00:00,2026-05-12 05:00:00,2026-05-12 13:00:00,1.35848,1.35861,1.35685,1.3574,8927.0
2026-05-12 09:00:00,2026-05-12 06:00:00,2026-05-12 14:00:00,1.35742,1.35795,1.35441,1.35455,11855.0
2026-05-12 10:00:00,2026-05-12 07:00:00,2026-05-12 15:00:00,1.3546,1.35504,1.35143,1.35184,13524.0
2026-05-12 11:00:00,2026-05-12 08:00:00,2026-05-12 16:00:00,1.35185,1.35362,1.35019,1.35297,14783.0
2026-05-12 12:00:00,2026-05-12 09:00:00,2026-05-12 17:00:00,1.353,1.35487,1.35223,1.3539,12530.0
2026-05-12 13:00:00,2026-05-12 10:00:00,2026-05-12 18:00:00,1.35392,1.35531,1.35326,1.35333,9677.0
2026-05-12 14:00:00,2026-05-12 11:00:00,2026-05-12 19:00:00,1.35335,1.3545,1.35226,1.35326,12218.0
2026-05-12 15:00:00,2026-05-12 12:00:00,2026-05-12 20:00:00,1.35326,1.35434,1.35134,1.35375,14784.0
2026-05-12 16:00:00,2026-05-12 13:00:00,2026-05-12 21:00:00,1.35374,1.3543,1.35074,1.35108,15984.0
2026-05-12 17:00:00,2026-05-12 14:00:00,2026-05-12 22:00:00,1.35109,1.35369,1.35107,1.35245,16399.0
2026-05-12 18:00:00,2026-05-12 15:00:00,2026-05-12 23:00:00,1.35246,1.3529,1.35004,1.35263,15149.0
2026-05-12 19:00:00,2026-05-12 16:00:00,2026-05-13 00:00:00,1.35263,1.35306,1.35148,1.35179,12667.0
2026-05-12 20:00:00,2026-05-12 17:00:00,2026-05-13 01:00:00,1.35177,1.35282,1.35171,1.35234,10589.0
2026-05-12 21:00:00,2026-05-12 18:00:00,2026-05-13 02:00:00,1.35232,1.35335,1.3516,1.3532,10665.0
2026-05-12 22:00:00,2026-05-12 19:00:00,2026-05-13 03:00:00,1.35321,1.3544,1.35317,1.35399,10550.0
2026-05-12 23:00:00,2026-05-12 20:00:00,2026-05-13 04:00:00,1.35398,1.35413,1.35356,1.3541,5257.0
2026-05-13 00:00:00,2026-05-12 21:00:00,2026-05-13 05:00:00,1.35264,1.35401,1.35255,1.35346,2006.0
2026-05-13 01:00:00,2026-05-12 22:00:00,2026-05-13 06:00:00,1.3536,1.35424,1.3536,1.35403,2102.0
2026-05-13 02:00:00,2026-05-12 23:00:00,2026-05-13 07:00:00,1.35398,1.35421,1.35347,1.3535,3176.0
2026-05-13 03:00:00,2026-05-13 00:00:00,2026-05-13 08:00:00,1.35349,1.35389,1.35301,1.35364,9645.0
2026-05-13 04:00:00,2026-05-13 01:00:00,2026-05-13 09:00:00,1.35364,1.35456,1.35283,1.35415,10065.0
2026-05-13 05:00:00,2026-05-13 02:00:00,2026-05-13 10:00:00,1.35414,1.3546,1.35364,1.35376,7543.0
2026-05-13 06:00:00,2026-05-13 03:00:00,2026-05-13 11:00:00,1.35377,1.35402,1.35305,1.35379,7732.0
2026-05-13 07:00:00,2026-05-13 04:00:00,2026-05-13 12:00:00,1.35375,1.35384,1.35317,1.35342,6047.0
2026-05-13 08:00:00,2026-05-13 05:00:00,2026-05-13 13:00:00,1.35344,1.35496,1.35335,1.35487,8301.0
2026-05-13 09:00:00,2026-05-13 06:00:00,2026-05-13 14:00:00,1.35489,1.35515,1.35237,1.35278,10313.0
2026-05-13 10:00:00,2026-05-13 07:00:00,2026-05-13 15:00:00,1.35279,1.35374,1.35198,1.35209,11363.0
2026-05-13 11:00:00,2026-05-13 08:00:00,2026-05-13 16:00:00,1.35205,1.35335,1.35186,1.35244,10087.0
2026-05-13 12:00:00,2026-05-13 09:00:00,2026-05-13 17:00:00,1.35245,1.35247,1.35065,1.35182,10308.0
2026-05-13 13:00:00,2026-05-13 10:00:00,2026-05-13 18:00:00,1.35183,1.35219,1.34946,1.35074,13724.0
2026-05-13 14:00:00,2026-05-13 11:00:00,2026-05-13 19:00:00,1.35075,1.35104,1.34995,1.35039,9509.0
2026-05-13 15:00:00,2026-05-13 12:00:00,2026-05-13 20:00:00,1.35036,1.35104,1.34849,1.34903,12951.0
2026-05-13 16:00:00,2026-05-13 13:00:00,2026-05-13 21:00:00,1.34914,1.35174,1.34909,1.35139,14137.0
2026-05-13 17:00:00,2026-05-13 14:00:00,2026-05-13 22:00:00,1.35139,1.35202,1.35049,1.35132,14249.0
2026-05-13 18:00:00,2026-05-13 15:00:00,2026-05-13 23:00:00,1.35131,1.3529,1.35122,1.35193,12093.0
2026-05-13 19:00:00,2026-05-13 16:00:00,2026-05-14 00:00:00,1.35193,1.35275,1.35123,1.35154,11983.0
2026-05-13 20:00:00,2026-05-13 17:00:00,2026-05-14 01:00:00,1.35153,1.35194,1.35106,1.35121,8294.0
2026-05-13 21:00:00,2026-05-13 18:00:00,2026-05-14 02:00:00,1.3512,1.35205,1.35113,1.35185,10073.0
2026-05-13 22:00:00,2026-05-13 19:00:00,2026-05-14 03:00:00,1.35186,1.3524,1.3518,1.35229,8914.0
2026-05-13 23:00:00,2026-05-13 20:00:00,2026-05-14 04:00:00,1.35228,1.35268,1.35201,1.35236,5431.0
2026-05-14 00:00:00,2026-05-13 21:00:00,2026-05-14 05:00:00,1.35177,1.3524,1.35166,1.35183,2186.0
2026-05-14 01:00:00,2026-05-13 22:00:00,2026-05-14 06:00:00,1.352,1.3532,1.352,1.35275,3138.0
2026-05-14 02:00:00,2026-05-13 23:00:00,2026-05-14 07:00:00,1.35277,1.35296,1.35256,1.35269,3786.0
2026-05-14 03:00:00,2026-05-14 00:00:00,2026-05-14 08:00:00,1.35268,1.35325,1.35246,1.35294,7932.0
2026-05-14 04:00:00,2026-05-14 01:00:00,2026-05-14 09:00:00,1.35293,1.35313,1.35208,1.35224,9474.0
2026-05-14 05:00:00,2026-05-14 02:00:00,2026-05-14 10:00:00,1.35224,1.35266,1.35216,1.35236,8285.0
2026-05-14 06:00:00,2026-05-14 03:00:00,2026-05-14 11:00:00,1.35237,1.35298,1.35224,1.35269,6801.0
2026-05-14 07:00:00,2026-05-14 04:00:00,2026-05-14 12:00:00,1.35269,1.35326,1.35248,1.35282,6813.0
2026-05-14 08:00:00,2026-05-14 05:00:00,2026-05-14 13:00:00,1.35284,1.35294,1.3515,1.35152,8984.0
2026-05-14 09:00:00,2026-05-14 06:00:00,2026-05-14 14:00:00,1.35149,1.35322,1.35149,1.35275,10073.0
2026-05-14 10:00:00,2026-05-14 07:00:00,2026-05-14 15:00:00,1.35274,1.35276,1.35048,1.35061,11095.0
2026-05-14 11:00:00,2026-05-14 08:00:00,2026-05-14 16:00:00,1.3506,1.35204,1.3503,1.35196,9388.0
2026-05-14 12:00:00,2026-05-14 09:00:00,2026-05-14 17:00:00,1.35195,1.35208,1.35097,1.3511,9226.0
2026-05-14 13:00:00,2026-05-14 10:00:00,2026-05-14 18:00:00,1.35112,1.35203,1.35088,1.3512,9681.0
2026-05-14 14:00:00,2026-05-14 11:00:00,2026-05-14 19:00:00,1.35121,1.35172,1.34958,1.35003,9484.0
2026-05-14 15:00:00,2026-05-14 12:00:00,2026-05-14 20:00:00,1.35004,1.35183,1.34965,1.35079,11859.0
2026-05-14 16:00:00,2026-05-14 13:00:00,2026-05-14 21:00:00,1.3508,1.35105,1.34893,1.34999,14143.0
2026-05-14 17:00:00,2026-05-14 14:00:00,2026-05-14 22:00:00,1.34998,1.35131,1.34834,1.3484,13900.0
2026-05-14 18:00:00,2026-05-14 15:00:00,2026-05-14 23:00:00,1.34837,1.34875,1.34728,1.34781,11912.0
2026-05-14 19:00:00,2026-05-14 16:00:00,2026-05-15 00:00:00,1.34781,1.34786,1.34322,1.34427,13801.0
2026-05-14 20:00:00,2026-05-14 17:00:00,2026-05-15 01:00:00,1.34428,1.3446,1.34097,1.34107,10982.0
2026-05-14 21:00:00,2026-05-14 18:00:00,2026-05-15 02:00:00,1.34106,1.34106,1.33946,1.34058,10122.0
2026-05-14 22:00:00,2026-05-14 19:00:00,2026-05-15 03:00:00,1.34065,1.34087,1.33955,1.34002,9423.0
2026-05-14 23:00:00,2026-05-14 20:00:00,2026-05-15 04:00:00,1.34001,1.34029,1.33948,1.34003,4329.0
2026-05-15 00:00:00,2026-05-14 21:00:00,2026-05-15 05:00:00,1.33993,1.34038,1.33947,1.34015,2558.0
2026-05-15 01:00:00,2026-05-14 22:00:00,2026-05-15 06:00:00,1.3403,1.34035,1.33975,1.33991,3411.0
2026-05-15 02:00:00,2026-05-14 23:00:00,2026-05-15 07:00:00,1.33991,1.33995,1.33849,1.33906,5551.0
2026-05-15 03:00:00,2026-05-15 00:00:00,2026-05-15 08:00:00,1.33905,1.33925,1.33742,1.33806,10552.0
2026-05-15 04:00:00,2026-05-15 01:00:00,2026-05-15 09:00:00,1.33806,1.33822,1.33638,1.3367,11534.0
2026-05-15 05:00:00,2026-05-15 02:00:00,2026-05-15 10:00:00,1.33669,1.33808,1.33634,1.33755,10166.0
2026-05-15 06:00:00,2026-05-15 03:00:00,2026-05-15 11:00:00,1.3375,1.33776,1.33727,1.33758,8600.0
2026-05-15 07:00:00,2026-05-15 04:00:00,2026-05-15 12:00:00,1.33755,1.33759,1.33628,1.33634,8014.0
2026-05-15 08:00:00,2026-05-15 05:00:00,2026-05-15 13:00:00,1.33637,1.33637,1.33406,1.33421,10648.0
2026-05-15 09:00:00,2026-05-15 06:00:00,2026-05-15 14:00:00,1.3342,1.33595,1.33349,1.33505,13755.0
2026-05-15 10:00:00,2026-05-15 07:00:00,2026-05-15 15:00:00,1.33504,1.33753,1.33453,1.33644,14512.0
2026-05-15 11:00:00,2026-05-15 08:00:00,2026-05-15 16:00:00,1.33654,1.33667,1.33419,1.33459,14272.0
2026-05-15 12:00:00,2026-05-15 09:00:00,2026-05-15 17:00:00,1.33458,1.33514,1.33282,1.33481,14807.0
2026-05-15 13:00:00,2026-05-15 10:00:00,2026-05-15 18:00:00,1.33489,1.33937,1.33478,1.33827,13600.0
2026-05-15 14:00:00,2026-05-15 11:00:00,2026-05-15 19:00:00,1.33826,1.33845,1.33586,1.33599,12074.0
2026-05-15 15:00:00,2026-05-15 12:00:00,2026-05-15 20:00:00,1.33596,1.33627,1.33403,1.33531,13706.0
2026-05-15 16:00:00,2026-05-15 13:00:00,2026-05-15 21:00:00,1.33534,1.33634,1.33376,1.33412,16845.0
2026-05-15 17:00:00,2026-05-15 14:00:00,2026-05-15 22:00:00,1.33411,1.33621,1.33356,1.33445,17035.0
2026-05-15 18:00:00,2026-05-15 15:00:00,2026-05-15 23:00:00,1.33443,1.33463,1.33157,1.33302,14826.0
2026-05-15 19:00:00,2026-05-15 16:00:00,2026-05-16 00:00:00,1.33305,1.33354,1.33205,1.33304,12747.0
2026-05-15 20:00:00,2026-05-15 17:00:00,2026-05-16 01:00:00,1.33302,1.33386,1.33249,1.3328,11445.0
2026-05-15 21:00:00,2026-05-15 18:00:00,2026-05-16 02:00:00,1.3328,1.33298,1.33178,1.3322,12379.0
2026-05-15 22:00:00,2026-05-15 19:00:00,2026-05-16 03:00:00,1.33219,1.33249,1.33161,1.33188,8768.0
2026-05-15 23:00:00,2026-05-15 20:00:00,2026-05-16 04:00:00,1.33188,1.33197,1.3315,1.33164,4760.0
2026-05-18 00:00:00,2026-05-17 21:00:00,2026-05-18 05:00:00,1.33201,1.3322,1.33184,1.33203,800.0
2026-05-18 01:00:00,2026-05-17 22:00:00,2026-05-18 06:00:00,1.33212,1.33228,1.33108,1.33166,4955.0
2026-05-18 02:00:00,2026-05-17 23:00:00,2026-05-18 07:00:00,1.33165,1.33217,1.33078,1.33093,7186.0
2026-05-18 03:00:00,2026-05-18 00:00:00,2026-05-18 08:00:00,1.33098,1.33184,1.33049,1.33091,12455.0
2026-05-18 04:00:00,2026-05-18 01:00:00,2026-05-18 09:00:00,1.3309,1.33139,1.33025,1.33117,12824.0
2026-05-18 05:00:00,2026-05-18 02:00:00,2026-05-18 10:00:00,1.33117,1.33165,1.3305,1.33087,9805.0
2026-05-18 06:00:00,2026-05-18 03:00:00,2026-05-18 11:00:00,1.33086,1.33154,1.33068,1.33133,10241.0
2026-05-18 07:00:00,2026-05-18 04:00:00,2026-05-18 12:00:00,1.33132,1.33197,1.33118,1.33153,8864.0
2026-05-18 08:00:00,2026-05-18 05:00:00,2026-05-18 13:00:00,1.33154,1.33256,1.33132,1.33235,10145.0
2026-05-18 09:00:00,2026-05-18 06:00:00,2026-05-18 14:00:00,1.3323,1.33582,1.33214,1.33555,12625.0
2026-05-18 10:00:00,2026-05-18 07:00:00,2026-05-18 15:00:00,1.33556,1.33586,1.33429,1.33523,13293.0
2026-05-18 11:00:00,2026-05-18 08:00:00,2026-05-18 16:00:00,1.33522,1.33844,1.33499,1.33769,12006.0
2026-05-18 12:00:00,2026-05-18 09:00:00,2026-05-18 17:00:00,1.33767,1.33783,1.33606,1.33619,9727.0
2026-05-18 13:00:00,2026-05-18 10:00:00,2026-05-18 18:00:00,1.33619,1.33676,1.33466,1.33474,11245.0
2026-05-18 14:00:00,2026-05-18 11:00:00,2026-05-18 19:00:00,1.33472,1.33814,1.33472,1.33761,13855.0
2026-05-18 15:00:00,2026-05-18 12:00:00,2026-05-18 20:00:00,1.33762,1.34029,1.3375,1.33955,15126.0
2026-05-18 16:00:00,2026-05-18 13:00:00,2026-05-18 21:00:00,1.33954,1.34015,1.33802,1.33908,15878.0
2026-05-18 17:00:00,2026-05-18 14:00:00,2026-05-18 22:00:00,1.33909,1.34004,1.3381,1.33941,15591.0
2026-05-18 18:00:00,2026-05-18 15:00:00,2026-05-18 23:00:00,1.33939,1.34273,1.33821,1.3418,15648.0
2026-05-18 19:00:00,2026-05-18 16:00:00,2026-05-19 00:00:00,1.34179,1.34495,1.3415,1.34296,14220.0
2026-05-18 20:00:00,2026-05-18 17:00:00,2026-05-19 01:00:00,1.34297,1.34348,1.34218,1.34219,10959.0
2026-05-18 21:00:00,2026-05-18 18:00:00,2026-05-19 02:00:00,1.34219,1.34229,1.34016,1.34018,11351.0
2026-05-18 22:00:00,2026-05-18 19:00:00,2026-05-19 03:00:00,1.34019,1.34349,1.34001,1.34298,14990.0
2026-05-18 23:00:00,2026-05-18 20:00:00,2026-05-19 04:00:00,1.34298,1.34392,1.34293,1.3433,6568.0
2026-05-19 00:00:00,2026-05-18 21:00:00,2026-05-19 05:00:00,1.34277,1.3433,1.34207,1.34268,1729.0
2026-05-19 01:00:00,2026-05-18 22:00:00,2026-05-19 06:00:00,1.3427,1.34373,1.34268,1.3434,3600.0
2026-05-19 02:00:00,2026-05-18 23:00:00,2026-05-19 07:00:00,1.34342,1.34368,1.3431,1.34315,3799.0
2026-05-19 03:00:00,2026-05-19 00:00:00,2026-05-19 08:00:00,1.34315,1.34344,1.34185,1.34191,10280.0
2026-05-19 04:00:00,2026-05-19 01:00:00,2026-05-19 09:00:00,1.34186,1.34249,1.34129,1.34174,11499.0
2026-05-19 05:00:00,2026-05-19 02:00:00,2026-05-19 10:00:00,1.34174,1.34186,1.34088,1.34158,10417.0
2026-05-19 06:00:00,2026-05-19 03:00:00,2026-05-19 11:00:00,1.34157,1.34197,1.34124,1.34131,8283.0
2026-05-19 07:00:00,2026-05-19 04:00:00,2026-05-19 12:00:00,1.34132,1.34157,1.34055,1.34058,8206.0
2026-05-19 08:00:00,2026-05-19 05:00:00,2026-05-19 13:00:00,1.3406,1.34177,1.33997,1.34167,10537.0
2026-05-19 09:00:00,2026-05-19 06:00:00,2026-05-19 14:00:00,1.34166,1.34172,1.33968,1.34,11835.0
2026-05-19 10:00:00,2026-05-19 07:00:00,2026-05-19 15:00:00,1.33999,1.34066,1.33903,1.34019,12863.0
2026-05-19 11:00:00,2026-05-19 08:00:00,2026-05-19 16:00:00,1.34017,1.34027,1.33887,1.33929,12316.0
2026-05-19 12:00:00,2026-05-19 09:00:00,2026-05-19 17:00:00,1.33928,1.34084,1.33868,1.34075,11781.0
2026-05-19 13:00:00,2026-05-19 10:00:00,2026-05-19 18:00:00,1.34075,1.3416,1.33935,1.34075,12482.0
2026-05-19 14:00:00,2026-05-19 11:00:00,2026-05-19 19:00:00,1.34073,1.34097,1.34025,1.34035,12731.0
2026-05-19 15:00:00,2026-05-19 12:00:00,2026-05-19 20:00:00,1.34034,1.34192,1.34021,1.34073,13759.0
2026-05-19 16:00:00,2026-05-19 13:00:00,2026-05-19 21:00:00,1.34068,1.34078,1.33862,1.34016,17762.0
2026-05-19 17:00:00,2026-05-19 14:00:00,2026-05-19 22:00:00,1.34017,1.34027,1.33786,1.33925,18080.0
2026-05-19 18:00:00,2026-05-19 15:00:00,2026-05-19 23:00:00,1.33924,1.34014,1.33888,1.33987,14696.0
2026-05-19 19:00:00,2026-05-19 16:00:00,2026-05-20 00:00:00,1.33986,1.34027,1.33879,1.33991,14157.0
2026-05-19 20:00:00,2026-05-19 17:00:00,2026-05-20 01:00:00,1.33989,1.34119,1.33989,1.34087,9749.0
2026-05-19 21:00:00,2026-05-19 18:00:00,2026-05-20 02:00:00,1.34085,1.34119,1.33965,1.33976,10846.0
2026-05-19 22:00:00,2026-05-19 19:00:00,2026-05-20 03:00:00,1.3397,1.34041,1.33967,1.34,10611.0
2026-05-19 23:00:00,2026-05-19 20:00:00,2026-05-20 04:00:00,1.33999,1.34028,1.33939,1.33946,4715.0
2026-05-20 00:00:00,2026-05-19 21:00:00,2026-05-20 05:00:00,1.33912,1.33986,1.33894,1.33964,3801.0
2026-05-20 01:00:00,2026-05-19 22:00:00,2026-05-20 06:00:00,1.33979,1.33995,1.33947,1.3397,3258.0
2026-05-20 02:00:00,2026-05-19 23:00:00,2026-05-20 07:00:00,1.33972,1.34038,1.33951,1.33953,4581.0
2026-05-20 03:00:00,2026-05-20 00:00:00,2026-05-20 08:00:00,1.33952,1.34019,1.33874,1.33891,12924.0
2026-05-20 04:00:00,2026-05-20 01:00:00,2026-05-20 09:00:00,1.3389,1.33916,1.3378,1.33866,13505.0
2026-05-20 05:00:00,2026-05-20 02:00:00,2026-05-20 10:00:00,1.33866,1.3396,1.33831,1.33905,12541.0
2026-05-20 06:00:00,2026-05-20 03:00:00,2026-05-20 11:00:00,1.33905,1.34033,1.33876,1.33997,11287.0
2026-05-20 07:00:00,2026-05-20 04:00:00,2026-05-20 12:00:00,1.33998,1.34063,1.33896,1.33909,10060.0
2026-05-20 08:00:00,2026-05-20 05:00:00,2026-05-20 13:00:00,1.33908,1.33978,1.33873,1.33918,10522.0
2026-05-20 09:00:00,2026-05-20 06:00:00,2026-05-20 14:00:00,1.33916,1.34068,1.33745,1.33868,13035.0
2026-05-20 10:00:00,2026-05-20 07:00:00,2026-05-20 15:00:00,1.33867,1.33979,1.33821,1.33856,12606.0
2026-05-20 11:00:00,2026-05-20 08:00:00,2026-05-20 16:00:00,1.33855,1.3393,1.33749,1.33819,12750.0
2026-05-20 12:00:00,2026-05-20 09:00:00,2026-05-20 17:00:00,1.33818,1.33928,1.33808,1.33827,10804.0
2026-05-20 13:00:00,2026-05-20 10:00:00,2026-05-20 18:00:00,1.33823,1.3399,1.3381,1.33968,11831.0
2026-05-20 14:00:00,2026-05-20 11:00:00,2026-05-20 19:00:00,1.33969,1.34082,1.33943,1.34,10342.0
2026-05-20 15:00:00,2026-05-20 12:00:00,2026-05-20 20:00:00,1.33999,1.34064,1.33958,1.33974,11527.0
2026-05-20 16:00:00,2026-05-20 13:00:00,2026-05-20 21:00:00,1.33972,1.34063,1.33908,1.33927,14429.0
2026-05-20 17:00:00,2026-05-20 14:00:00,2026-05-20 22:00:00,1.33928,1.344,1.33827,1.34325,18953.0
2026-05-20 18:00:00,2026-05-20 15:00:00,2026-05-20 23:00:00,1.34326,1.34628,1.34211,1.34407,18234.0
2026-05-20 19:00:00,2026-05-20 16:00:00,2026-05-21 00:00:00,1.34403,1.34539,1.34349,1.34419,15162.0
2026-05-20 20:00:00,2026-05-20 17:00:00,2026-05-21 01:00:00,1.3442,1.34464,1.34348,1.3435,13893.0
2026-05-20 21:00:00,2026-05-20 18:00:00,2026-05-21 02:00:00,1.34353,1.34493,1.34326,1.34422,12094.0
2026-05-20 22:00:00,2026-05-20 19:00:00,2026-05-21 03:00:00,1.34417,1.34509,1.34369,1.34375,10282.0
2026-05-20 23:00:00,2026-05-20 20:00:00,2026-05-21 04:00:00,1.34373,1.34408,1.34333,1.34341,6632.0
2026-05-21 00:00:00,2026-05-20 21:00:00,2026-05-21 05:00:00,1.34307,1.34368,1.34306,1.34343,1237.0
2026-05-21 01:00:00,2026-05-20 22:00:00,2026-05-21 06:00:00,1.34352,1.34387,1.34336,1.34364,4476.0
2026-05-21 02:00:00,2026-05-20 23:00:00,2026-05-21 07:00:00,1.34365,1.34382,1.34319,1.34342,4018.0
2026-05-21 03:00:00,2026-05-21 00:00:00,2026-05-21 08:00:00,1.34342,1.34393,1.34282,1.34373,9052.0
2026-05-21 04:00:00,2026-05-21 01:00:00,2026-05-21 09:00:00,1.34373,1.34454,1.34312,1.3434,10854.0
2026-05-21 05:00:00,2026-05-21 02:00:00,2026-05-21 10:00:00,1.34341,1.34376,1.34189,1.34257,10019.0
2026-05-21 06:00:00,2026-05-21 03:00:00,2026-05-21 11:00:00,1.34252,1.34312,1.34249,1.34266,6886.0
2026-05-21 07:00:00,2026-05-21 04:00:00,2026-05-21 12:00:00,1.34266,1.34332,1.34257,1.34313,6633.0
2026-05-21 08:00:00,2026-05-21 05:00:00,2026-05-21 13:00:00,1.34312,1.34339,1.34261,1.34331,9253.0
2026-05-21 09:00:00,2026-05-21 06:00:00,2026-05-21 14:00:00,1.3433,1.34395,1.34274,1.3434,11905.0
2026-05-21 10:00:00,2026-05-21 07:00:00,2026-05-21 15:00:00,1.34341,1.34397,1.34154,1.34293,16171.0
2026-05-21 11:00:00,2026-05-21 08:00:00,2026-05-21 16:00:00,1.34289,1.34548,1.34272,1.34356,15016.0
2026-05-21 12:00:00,2026-05-21 09:00:00,2026-05-21 17:00:00,1.34352,1.34467,1.34322,1.34419,13754.0
2026-05-21 13:00:00,2026-05-21 10:00:00,2026-05-21 18:00:00,1.34422,1.34458,1.34148,1.34245,14693.0
2026-05-21 14:00:00,2026-05-21 11:00:00,2026-05-21 19:00:00,1.34246,1.34395,1.34189,1.3422,12858.0
2026-05-21 15:00:00,2026-05-21 12:00:00,2026-05-21 20:00:00,1.34219,1.343,1.34119,1.34138,15240.0
2026-05-21 16:00:00,2026-05-21 13:00:00,2026-05-21 21:00:00,1.34135,1.34207,1.33912,1.34061,15251.0
2026-05-21 17:00:00,2026-05-21 14:00:00,2026-05-21 22:00:00,1.34062,1.34131,1.33965,1.34115,16101.0
2026-05-21 18:00:00,2026-05-21 15:00:00,2026-05-21 23:00:00,1.34115,1.34124,1.33958,1.34051,14918.0
2026-05-21 19:00:00,2026-05-21 16:00:00,2026-05-22 00:00:00,1.34052,1.34107,1.34007,1.34084,13441.0
2026-05-21 20:00:00,2026-05-21 17:00:00,2026-05-22 01:00:00,1.34085,1.3449,1.34051,1.34427,17631.0
2026-05-21 21:00:00,2026-05-21 18:00:00,2026-05-22 02:00:00,1.34427,1.34485,1.34208,1.34261,15487.0
2026-05-21 22:00:00,2026-05-21 19:00:00,2026-05-22 03:00:00,1.34258,1.34413,1.34252,1.34356,12595.0
2026-05-21 23:00:00,2026-05-21 20:00:00,2026-05-22 04:00:00,1.34358,1.34405,1.34278,1.34286,5437.0
2026-05-22 00:00:00,2026-05-21 21:00:00,2026-05-22 05:00:00,1.34216,1.34319,1.34189,1.34258,4357.0
2026-05-22 01:00:00,2026-05-21 22:00:00,2026-05-22 06:00:00,1.34263,1.34342,1.34263,1.34325,3173.0
2026-05-22 02:00:00,2026-05-21 23:00:00,2026-05-22 07:00:00,1.34324,1.34339,1.34304,1.3432,3868.0
2026-05-22 03:00:00,2026-05-22 00:00:00,2026-05-22 08:00:00,1.34322,1.34328,1.34245,1.34257,10271.0
2026-05-22 04:00:00,2026-05-22 01:00:00,2026-05-22 09:00:00,1.34258,1.34309,1.34236,1.34254,9918.0
2026-05-22 05:00:00,2026-05-22 02:00:00,2026-05-22 10:00:00,1.34254,1.34304,1.34245,1.34268,8111.0
2026-05-22 06:00:00,2026-05-22 03:00:00,2026-05-22 11:00:00,1.34269,1.34282,1.34231,1.34264,7119.0
2026-05-22 07:00:00,2026-05-22 04:00:00,2026-05-22 12:00:00,1.34264,1.34321,1.34251,1.343,6506.0
2026-05-22 08:00:00,2026-05-22 05:00:00,2026-05-22 13:00:00,1.34301,1.34326,1.34198,1.34225,7637.0
2026-05-22 09:00:00,2026-05-22 06:00:00,2026-05-22 14:00:00,1.34226,1.34285,1.34168,1.34244,10135.0
2026-05-22 10:00:00,2026-05-22 07:00:00,2026-05-22 15:00:00,1.34242,1.34258,1.34128,1.34248,9153.0
2026-05-22 11:00:00,2026-05-22 08:00:00,2026-05-22 16:00:00,1.34248,1.34384,1.34229,1.3426,12529.0
2026-05-22 12:00:00,2026-05-22 09:00:00,2026-05-22 17:00:00,1.34259,1.34283,1.34165,1.34274,11031.0
2026-05-22 13:00:00,2026-05-22 10:00:00,2026-05-22 18:00:00,1.34275,1.34326,1.34202,1.34234,10966.0
2026-05-22 14:00:00,2026-05-22 11:00:00,2026-05-22 19:00:00,1.34235,1.34253,1.34186,1.34213,9985.0
2026-05-22 15:00:00,2026-05-22 12:00:00,2026-05-22 20:00:00,1.34212,1.34367,1.34166,1.34363,14018.0
2026-05-22 16:00:00,2026-05-22 13:00:00,2026-05-22 21:00:00,1.34362,1.34633,1.34327,1.34378,15278.0
2026-05-22 17:00:00,2026-05-22 14:00:00,2026-05-22 22:00:00,1.34375,1.34378,1.34183,1.34343,16922.0
2026-05-22 18:00:00,2026-05-22 15:00:00,2026-05-22 23:00:00,1.34341,1.34434,1.34289,1.34371,13916.0
2026-05-22 19:00:00,2026-05-22 16:00:00,2026-05-23 00:00:00,1.34372,1.34467,1.34337,1.34446,12063.0
2026-05-22 20:00:00,2026-05-22 17:00:00,2026-05-23 01:00:00,1.34445,1.34534,1.34422,1.34489,11966.0
2026-05-22 21:00:00,2026-05-22 18:00:00,2026-05-23 02:00:00,1.3449,1.34509,1.34437,1.34478,9836.0
2026-05-22 22:00:00,2026-05-22 19:00:00,2026-05-23 03:00:00,1.34479,1.34483,1.3438,1.34403,9221.0
2026-05-22 23:00:00,2026-05-22 20:00:00,2026-05-23 04:00:00,1.34402,1.34423,1.34326,1.34352,5090.0
2026-05-25 00:00:00,2026-05-24 21:00:00,2026-05-25 05:00:00,1.34513,1.34571,1.34492,1.34506,947.0
2026-05-25 01:00:00,2026-05-24 22:00:00,2026-05-25 06:00:00,1.34538,1.34858,1.34538,1.34836,5802.0
2026-05-25 02:00:00,2026-05-24 23:00:00,2026-05-25 07:00:00,1.34836,1.34884,1.34804,1.34809,5700.0
2026-05-25 03:00:00,2026-05-25 00:00:00,2026-05-25 08:00:00,1.34808,1.34883,1.34769,1.34791,8931.0
2026-05-25 04:00:00,2026-05-25 01:00:00,2026-05-25 09:00:00,1.34792,1.34903,1.34774,1.34798,9096.0
2026-05-25 05:00:00,2026-05-25 02:00:00,2026-05-25 10:00:00,1.34799,1.34839,1.34756,1.3477,6583.0
2026-05-25 06:00:00,2026-05-25 03:00:00,2026-05-25 11:00:00,1.34771,1.34791,1.34742,1.34751,6826.0
2026-05-25 07:00:00,2026-05-25 04:00:00,2026-05-25 12:00:00,1.34752,1.34853,1.34742,1.34829,5724.0
2026-05-25 08:00:00,2026-05-25 05:00:00,2026-05-25 13:00:00,1.34828,1.34887,1.34808,1.34824,6366.0
2026-05-25 09:00:00,2026-05-25 06:00:00,2026-05-25 14:00:00,1.34819,1.34876,1.34786,1.34861,9273.0
2026-05-25 10:00:00,2026-05-25 07:00:00,2026-05-25 15:00:00,1.34862,1.34862,1.34708,1.34847,10111.0
2026-05-25 11:00:00,2026-05-25 08:00:00,2026-05-25 16:00:00,1.34849,1.34939,1.34781,1.34932,7799.0
2026-05-25 12:00:00,2026-05-25 09:00:00,2026-05-25 17:00:00,1.34933,1.34961,1.34913,1.34926,5743.0
2026-05-25 13:00:00,2026-05-25 10:00:00,2026-05-25 18:00:00,1.34925,1.34947,1.34894,1.3491,5249.0
2026-05-25 14:00:00,2026-05-25 11:00:00,2026-05-25 19:00:00,1.34911,1.3506,1.34871,1.34981,6731.0
2026-05-25 15:00:00,2026-05-25 12:00:00,2026-05-25 20:00:00,1.34983,1.35069,1.34962,1.35006,8688.0
2026-05-25 16:00:00,2026-05-25 13:00:00,2026-05-25 21:00:00,1.35005,1.35042,1.34936,1.34942,7595.0
2026-05-25 17:00:00,2026-05-25 14:00:00,2026-05-25 22:00:00,1.34941,1.35022,1.34923,1.3501,8442.0
2026-05-25 18:00:00,2026-05-25 15:00:00,2026-05-25 23:00:00,1.35008,1.35054,1.34955,1.35021,8284.0
2026-05-25 19:00:00,2026-05-25 16:00:00,2026-05-26 00:00:00,1.35022,1.35049,1.3499,1.35038,6023.0
2026-05-25 20:00:00,2026-05-25 17:00:00,2026-05-26 01:00:00,1.35038,1.35076,1.35031,1.35054,3774.0
2026-05-25 21:00:00,2026-05-25 18:00:00,2026-05-26 02:00:00,1.35053,1.35075,1.35045,1.35066,4029.0
2026-05-25 22:00:00,2026-05-25 19:00:00,2026-05-26 03:00:00,1.35067,1.35092,1.35054,1.35078,3960.0
2026-05-25 23:00:00,2026-05-25 20:00:00,2026-05-26 04:00:00,1.35077,1.35085,1.35057,1.35061,2857.0
2026-05-26 00:00:00,2026-05-25 21:00:00,2026-05-26 05:00:00,1.3495,1.35047,1.34908,1.34988,2813.0
2026-05-26 01:00:00,2026-05-25 22:00:00,2026-05-26 06:00:00,1.35008,1.35053,1.34992,1.35028,3726.0
2026-05-26 02:00:00,2026-05-25 23:00:00,2026-05-26 07:00:00,1.35028,1.35053,1.34955,1.3496,4796.0
2026-05-26 03:00:00,2026-05-26 00:00:00,2026-05-26 08:00:00,1.34961,1.34971,1.34882,1.34943,9990.0
2026-05-26 04:00:00,2026-05-26 01:00:00,2026-05-26 09:00:00,1.3494,1.34951,1.34823,1.34868,10908.0
2026-05-26 05:00:00,2026-05-26 02:00:00,2026-05-26 10:00:00,1.34868,1.34899,1.34833,1.34868,8071.0
2026-05-26 06:00:00,2026-05-26 03:00:00,2026-05-26 11:00:00,1.34867,1.3492,1.34865,1.34887,5518.0
2026-05-26 07:00:00,2026-05-26 04:00:00,2026-05-26 12:00:00,1.34888,1.34888,1.34807,1.3481,5665.0
2026-05-26 08:00:00,2026-05-26 05:00:00,2026-05-26 13:00:00,1.3481,1.34819,1.34744,1.34749,7166.0
2026-05-26 09:00:00,2026-05-26 06:00:00,2026-05-26 14:00:00,1.34751,1.34849,1.34738,1.34774,10010.0
2026-05-26 10:00:00,2026-05-26 07:00:00,2026-05-26 15:00:00,1.34775,1.34784,1.34648,1.34751,13414.0
2026-05-26 11:00:00,2026-05-26 08:00:00,2026-05-26 16:00:00,1.3475,1.34811,1.34715,1.34753,10451.0
2026-05-26 12:00:00,2026-05-26 09:00:00,2026-05-26 17:00:00,1.34754,1.34848,1.34722,1.34837,10234.0
2026-05-26 13:00:00,2026-05-26 10:00:00,2026-05-26 18:00:00,1.34836,1.34894,1.34776,1.34846,10385.0
2026-05-26 14:00:00,2026-05-26 11:00:00,2026-05-26 19:00:00,1.34847,1.34896,1.34678,1.34695,10912.0
2026-05-26 15:00:00,2026-05-26 12:00:00,2026-05-26 20:00:00,1.34695,1.34749,1.34659,1.34667,11942.0
2026-05-26 16:00:00,2026-05-26 13:00:00,2026-05-26 21:00:00,1.34667,1.34703,1.34569,1.34633,14624.0
2026-05-26 17:00:00,2026-05-26 14:00:00,2026-05-26 22:00:00,1.34631,1.34687,1.34498,1.34499,14804.0
2026-05-26 18:00:00,2026-05-26 15:00:00,2026-05-26 23:00:00,1.34498,1.34504,1.34345,1.34361,13353.0
2026-05-26 19:00:00,2026-05-26 16:00:00,2026-05-27 00:00:00,1.34359,1.3449,1.34348,1.34414,10919.0
2026-05-26 20:00:00,2026-05-26 17:00:00,2026-05-27 01:00:00,1.34415,1.34484,1.34382,1.34412,8626.0
2026-05-26 21:00:00,2026-05-26 18:00:00,2026-05-27 02:00:00,1.34411,1.34463,1.34386,1.34448,8587.0
2026-05-26 22:00:00,2026-05-26 19:00:00,2026-05-27 03:00:00,1.34446,1.34502,1.34423,1.34484,8002.0
2026-05-26 23:00:00,2026-05-26 20:00:00,2026-05-27 04:00:00,1.34482,1.34535,1.34447,1.34463,4102.0
2026-05-27 00:00:00,2026-05-26 21:00:00,2026-05-27 05:00:00,1.34373,1.34485,1.34373,1.34465,2335.0
2026-05-27 01:00:00,2026-05-26 22:00:00,2026-05-27 06:00:00,1.34466,1.34514,1.34466,1.34507,5407.0
2026-05-27 02:00:00,2026-05-26 23:00:00,2026-05-27 07:00:00,1.34506,1.34588,1.34495,1.34546,4037.0
2026-05-27 03:00:00,2026-05-27 00:00:00,2026-05-27 08:00:00,1.34545,1.34581,1.34538,1.34557,7906.0
2026-05-27 04:00:00,2026-05-27 01:00:00,2026-05-27 09:00:00,1.34556,1.3456,1.34459,1.34474,9245.0
2026-05-27 05:00:00,2026-05-27 02:00:00,2026-05-27 10:00:00,1.34475,1.34541,1.34473,1.34524,8922.0
2026-05-27 06:00:00,2026-05-27 03:00:00,2026-05-27 11:00:00,1.34523,1.34588,1.34523,1.3455,6331.0
2026-05-27 07:00:00,2026-05-27 04:00:00,2026-05-27 12:00:00,1.34549,1.34567,1.34521,1.34542,5916.0
2026-05-27 08:00:00,2026-05-27 05:00:00,2026-05-27 13:00:00,1.34543,1.34569,1.3449,1.34497,7264.0
2026-05-27 09:00:00,2026-05-27 06:00:00,2026-05-27 14:00:00,1.34497,1.34562,1.34441,1.34522,10064.0
2026-05-27 10:00:00,2026-05-27 07:00:00,2026-05-27 15:00:00,1.34527,1.34566,1.34414,1.34431,10347.0
2026-05-27 11:00:00,2026-05-27 08:00:00,2026-05-27 16:00:00,1.34432,1.34522,1.34414,1.34466,10252.0
2026-05-27 12:00:00,2026-05-27 09:00:00,2026-05-27 17:00:00,1.34466,1.34522,1.34447,1.3445,8938.0
2026-05-27 13:00:00,2026-05-27 10:00:00,2026-05-27 18:00:00,1.34448,1.34464,1.34359,1.34411,9309.0
2026-05-27 14:00:00,2026-05-27 11:00:00,2026-05-27 19:00:00,1.3441,1.34426,1.343,1.3435,10309.0
2026-05-27 15:00:00,2026-05-27 12:00:00,2026-05-27 20:00:00,1.34349,1.34563,1.3431,1.34401,16068.0
2026-05-27 16:00:00,2026-05-27 13:00:00,2026-05-27 21:00:00,1.34395,1.34491,1.34395,1.3447,15286.0
2026-05-27 17:00:00,2026-05-27 14:00:00,2026-05-27 22:00:00,1.34477,1.34581,1.34171,1.34191,17244.0
2026-05-27 18:00:00,2026-05-27 15:00:00,2026-05-27 23:00:00,1.34191,1.34315,1.34165,1.3429,14922.0
2026-05-27 19:00:00,2026-05-27 16:00:00,2026-05-28 00:00:00,1.34291,1.3432,1.34204,1.3431,11477.0
2026-05-27 20:00:00,2026-05-27 17:00:00,2026-05-28 01:00:00,1.34312,1.34321,1.34169,1.34263,11142.0
2026-05-27 21:00:00,2026-05-27 18:00:00,2026-05-28 02:00:00,1.34264,1.34313,1.34218,1.34299,10057.0
2026-05-27 22:00:00,2026-05-27 19:00:00,2026-05-28 03:00:00,1.343,1.34332,1.34283,1.34306,8935.0
2026-05-27 23:00:00,2026-05-27 20:00:00,2026-05-28 04:00:00,1.34307,1.34326,1.34259,1.34273,4004.0
2026-05-28 00:00:00,2026-05-27 21:00:00,2026-05-28 05:00:00,1.34147,1.34285,1.34114,1.34249,1874.0
2026-05-28 01:00:00,2026-05-27 22:00:00,2026-05-28 06:00:00,1.34254,1.3431,1.34246,1.34279,3577.0
2026-05-28 02:00:00,2026-05-27 23:00:00,2026-05-28 07:00:00,1.3428,1.34292,1.34144,1.34158,5533.0
2026-05-28 03:00:00,2026-05-28 00:00:00,2026-05-28 08:00:00,1.34149,1.34203,1.34094,1.34132,9211.0
2026-05-28 04:00:00,2026-05-28 01:00:00,2026-05-28 09:00:00,1.34131,1.34143,1.33976,1.33987,9247.0
2026-05-28 05:00:00,2026-05-28 02:00:00,2026-05-28 10:00:00,1.33988,1.34068,1.33988,1.3402,8804.0
2026-05-28 06:00:00,2026-05-28 03:00:00,2026-05-28 11:00:00,1.34021,1.34039,1.33683,1.33688,11423.0
2026-05-28 07:00:00,2026-05-28 04:00:00,2026-05-28 12:00:00,1.33687,1.33784,1.33669,1.33774,10133.0
2026-05-28 08:00:00,2026-05-28 05:00:00,2026-05-28 13:00:00,1.33774,1.33959,1.33751,1.33918,9902.0
2026-05-28 09:00:00,2026-05-28 06:00:00,2026-05-28 14:00:00,1.3392,1.3408,1.33903,1.34037,10850.0
2026-05-28 10:00:00,2026-05-28 07:00:00,2026-05-28 15:00:00,1.34038,1.34115,1.33993,1.34028,13330.0
2026-05-28 11:00:00,2026-05-28 08:00:00,2026-05-28 16:00:00,1.34027,1.34071,1.33948,1.34018,11862.0
2026-05-28 12:00:00,2026-05-28 09:00:00,2026-05-28 17:00:00,1.34019,1.34095,1.33946,1.33961,11391.0
2026-05-28 13:00:00,2026-05-28 10:00:00,2026-05-28 18:00:00,1.3396,1.33985,1.33861,1.33892,12543.0
2026-05-28 14:00:00,2026-05-28 11:00:00,2026-05-28 19:00:00,1.3389,1.34105,1.33888,1.34065,10443.0
2026-05-28 15:00:00,2026-05-28 12:00:00,2026-05-28 20:00:00,1.3406,1.34249,1.34031,1.34205,14251.0
2026-05-28 16:00:00,2026-05-28 13:00:00,2026-05-28 21:00:00,1.34206,1.34277,1.34124,1.34127,15980.0
2026-05-28 17:00:00,2026-05-28 14:00:00,2026-05-28 22:00:00,1.34128,1.34505,1.34071,1.34325,18566.0
2026-05-28 18:00:00,2026-05-28 15:00:00,2026-05-28 23:00:00,1.34327,1.34421,1.34319,1.34355,15392.0
2026-05-28 19:00:00,2026-05-28 16:00:00,2026-05-29 00:00:00,1.34356,1.3448,1.34321,1.34461,13199.0
2026-05-28 20:00:00,2026-05-28 17:00:00,2026-05-29 01:00:00,1.34465,1.34482,1.34402,1.34455,10524.0
2026-05-28 21:00:00,2026-05-28 18:00:00,2026-05-29 02:00:00,1.34454,1.34481,1.34364,1.34404,11522.0
2026-05-28 22:00:00,2026-05-28 19:00:00,2026-05-29 03:00:00,1.34401,1.34439,1.34372,1.34396,9868.0
2026-05-28 23:00:00,2026-05-28 20:00:00,2026-05-29 04:00:00,1.34393,1.34435,1.34382,1.34427,5064.0
2026-05-29 00:00:00,2026-05-28 21:00:00,2026-05-29 05:00:00,1.34387,1.34448,1.34366,1.34381,1300.0
2026-05-29 01:00:00,2026-05-28 22:00:00,2026-05-29 06:00:00,1.34379,1.3446,1.34379,1.34418,3091.0
2026-05-29 02:00:00,2026-05-28 23:00:00,2026-05-29 07:00:00,1.34419,1.34457,1.34414,1.34442,4013.0
2026-05-29 03:00:00,2026-05-29 00:00:00,2026-05-29 08:00:00,1.34442,1.34491,1.34395,1.34411,8197.0
2026-05-29 04:00:00,2026-05-29 01:00:00,2026-05-29 09:00:00,1.34407,1.34502,1.3438,1.34396,9309.0
2026-05-29 05:00:00,2026-05-29 02:00:00,2026-05-29 10:00:00,1.34397,1.34441,1.3438,1.34385,7278.0
2026-05-29 06:00:00,2026-05-29 03:00:00,2026-05-29 11:00:00,1.34387,1.3439,1.34304,1.34325,6772.0
2026-05-29 07:00:00,2026-05-29 04:00:00,2026-05-29 12:00:00,1.34326,1.34382,1.34323,1.3438,6681.0
2026-05-29 08:00:00,2026-05-29 05:00:00,2026-05-29 13:00:00,1.3438,1.34422,1.34358,1.34387,6696.0
2026-05-29 09:00:00,2026-05-29 06:00:00,2026-05-29 14:00:00,1.34386,1.34446,1.34356,1.34422,10620.0
2026-05-29 10:00:00,2026-05-29 07:00:00,2026-05-29 15:00:00,1.34416,1.34416,1.34175,1.34258,12301.0
2026-05-29 11:00:00,2026-05-29 08:00:00,2026-05-29 16:00:00,1.3425,1.34261,1.34083,1.34118,12699.0
2026-05-29 12:00:00,2026-05-29 09:00:00,2026-05-29 17:00:00,1.34118,1.3419,1.34091,1.34177,13569.0
2026-05-29 13:00:00,2026-05-29 10:00:00,2026-05-29 18:00:00,1.34177,1.34186,1.34097,1.34177,10256.0
2026-05-29 14:00:00,2026-05-29 11:00:00,2026-05-29 19:00:00,1.34176,1.34296,1.34156,1.34288,10575.0
2026-05-29 15:00:00,2026-05-29 12:00:00,2026-05-29 20:00:00,1.34293,1.34346,1.34208,1.34338,12146.0
2026-05-29 16:00:00,2026-05-29 13:00:00,2026-05-29 21:00:00,1.34339,1.3447,1.34307,1.34387,12730.0
2026-05-29 17:00:00,2026-05-29 14:00:00,2026-05-29 22:00:00,1.34389,1.34801,1.34292,1.34774,16492.0
2026-05-29 18:00:00,2026-05-29 15:00:00,2026-05-29 23:00:00,1.34775,1.34855,1.34697,1.34744,17258.0
2026-05-29 19:00:00,2026-05-29 16:00:00,2026-05-30 00:00:00,1.34743,1.34758,1.34641,1.34673,12622.0
2026-05-29 20:00:00,2026-05-29 17:00:00,2026-05-30 01:00:00,1.34675,1.34702,1.34555,1.34555,11263.0
2026-05-29 21:00:00,2026-05-29 18:00:00,2026-05-30 02:00:00,1.34554,1.3465,1.34551,1.34607,12608.0
2026-05-29 22:00:00,2026-05-29 19:00:00,2026-05-30 03:00:00,1.34608,1.34708,1.34603,1.34675,9991.0
2026-05-29 23:00:00,2026-05-29 20:00:00,2026-05-30 04:00:00,1.34674,1.34679,1.34552,1.34561,6154.0
2026-06-01 00:00:00,2026-05-31 21:00:00,2026-06-01 05:00:00,1.34498,1.34594,1.34492,1.34507,3050.0
2026-06-01 01:00:00,2026-05-31 22:00:00,2026-06-01 06:00:00,1.34515,1.34553,1.34457,1.34492,7442.0
2026-06-01 02:00:00,2026-05-31 23:00:00,2026-06-01 07:00:00,1.3449,1.34584,1.34475,1.34509,7813.0
2026-06-01 03:00:00,2026-06-01 00:00:00,2026-06-01 08:00:00,1.34509,1.34547,1.34451,1.34513,9956.0
2026-06-01 04:00:00,2026-06-01 01:00:00,2026-06-01 09:00:00,1.34512,1.34539,1.34482,1.3453,10794.0
2026-06-01 05:00:00,2026-06-01 02:00:00,2026-06-01 10:00:00,1.34532,1.34564,1.34526,1.34556,7610.0
2026-06-01 06:00:00,2026-06-01 03:00:00,2026-06-01 11:00:00,1.34557,1.34595,1.34493,1.345,7448.0
2026-06-01 07:00:00,2026-06-01 04:00:00,2026-06-01 12:00:00,1.34501,1.3458,1.34493,1.34569,5387.0
2026-06-01 08:00:00,2026-06-01 05:00:00,2026-06-01 13:00:00,1.34569,1.34659,1.3456,1.34628,9163.0
2026-06-01 09:00:00,2026-06-01 06:00:00,2026-06-01 14:00:00,1.34628,1.34761,1.34575,1.34724,12499.0
2026-06-01 10:00:00,2026-06-01 07:00:00,2026-06-01 15:00:00,1.34721,1.34724,1.34554,1.346,13955.0
2026-06-01 11:00:00,2026-06-01 08:00:00,2026-06-01 16:00:00,1.34603,1.34735,1.346,1.34705,13733.0
2026-06-01 12:00:00,2026-06-01 09:00:00,2026-06-01 17:00:00,1.34706,1.34752,1.34571,1.34598,13432.0
2026-06-01 13:00:00,2026-06-01 10:00:00,2026-06-01 18:00:00,1.34596,1.34653,1.34553,1.34628,10868.0
2026-06-01 14:00:00,2026-06-01 11:00:00,2026-06-01 19:00:00,1.34629,1.34662,1.34598,1.34658,10974.0
2026-06-01 15:00:00,2026-06-01 12:00:00,2026-06-01 20:00:00,1.34657,1.34689,1.34622,1.34641,12710.0
2026-06-01 16:00:00,2026-06-01 13:00:00,2026-06-01 21:00:00,1.3463,1.3463,1.34102,1.34134,17679.0
2026-06-01 17:00:00,2026-06-01 14:00:00,2026-06-01 22:00:00,1.34126,1.34372,1.34065,1.34369,15949.0
2026-06-01 18:00:00,2026-06-01 15:00:00,2026-06-01 23:00:00,1.34369,1.34554,1.34329,1.34494,14759.0
2026-06-01 19:00:00,2026-06-01 16:00:00,2026-06-02 00:00:00,1.34494,1.34631,1.34403,1.34604,12733.0
2026-06-01 20:00:00,2026-06-01 17:00:00,2026-06-02 01:00:00,1.34609,1.34697,1.34533,1.34645,13344.0
2026-06-01 21:00:00,2026-06-01 18:00:00,2026-06-02 02:00:00,1.34644,1.34656,1.34574,1.34575,9613.0
2026-06-01 22:00:00,2026-06-01 19:00:00,2026-06-02 03:00:00,1.34573,1.34614,1.34532,1.34593,9853.0
2026-06-01 23:00:00,2026-06-01 20:00:00,2026-06-02 04:00:00,1.34591,1.34608,1.34545,1.34548,5443.0
2026-06-02 00:00:00,2026-06-01 21:00:00,2026-06-02 05:00:00,1.34557,1.34596,1.34487,1.34526,4886.0
2026-06-02 01:00:00,2026-06-01 22:00:00,2026-06-02 06:00:00,1.34525,1.34592,1.34525,1.34575,3803.0
2026-06-02 02:00:00,2026-06-01 23:00:00,2026-06-02 07:00:00,1.34575,1.34605,1.34565,1.34597,4996.0
2026-06-02 03:00:00,2026-06-02 00:00:00,2026-06-02 08:00:00,1.34596,1.34622,1.34525,1.3454,8553.0
2026-06-02 04:00:00,2026-06-02 01:00:00,2026-06-02 09:00:00,1.3454,1.34613,1.34504,1.34521,10866.0
2026-06-02 05:00:00,2026-06-02 02:00:00,2026-06-02 10:00:00,1.34516,1.3457,1.34507,1.34535,8295.0
2026-06-02 06:00:00,2026-06-02 03:00:00,2026-06-02 11:00:00,1.34534,1.34591,1.34531,1.34584,8258.0
2026-06-02 07:00:00,2026-06-02 04:00:00,2026-06-02 12:00:00,1.34583,1.3465,1.34568,1.34637,7119.0
2026-06-02 08:00:00,2026-06-02 05:00:00,2026-06-02 13:00:00,1.34637,1.34671,1.34606,1.34612,7593.0
2026-06-02 09:00:00,2026-06-02 06:00:00,2026-06-02 14:00:00,1.34619,1.34818,1.34618,1.34784,11970.0
2026-06-02 10:00:00,2026-06-02 07:00:00,2026-06-02 15:00:00,1.34784,1.3479,1.34679,1.34721,13460.0
2026-06-02 11:00:00,2026-06-02 08:00:00,2026-06-02 16:00:00,1.34721,1.34758,1.34609,1.34635,11798.0
2026-06-02 12:00:00,2026-06-02 09:00:00,2026-06-02 17:00:00,1.34636,1.34709,1.34604,1.34704,10410.0
2026-06-02 13:00:00,2026-06-02 10:00:00,2026-06-02 18:00:00,1.34705,1.34745,1.34663,1.34681,9484.0
2026-06-02 14:00:00,2026-06-02 11:00:00,2026-06-02 19:00:00,1.34681,1.34772,1.34654,1.34741,11400.0
2026-06-02 15:00:00,2026-06-02 12:00:00,2026-06-02 20:00:00,1.34742,1.34776,1.34708,1.34718,11535.0
2026-06-02 16:00:00,2026-06-02 13:00:00,2026-06-02 21:00:00,1.34719,1.34775,1.34668,1.347,14430.0
2026-06-02 17:00:00,2026-06-02 14:00:00,2026-06-02 22:00:00,1.34701,1.34808,1.34622,1.34724,13632.0
2026-06-02 18:00:00,2026-06-02 15:00:00,2026-06-02 23:00:00,1.34725,1.34803,1.34712,1.3479,12658.0
2026-06-02 19:00:00,2026-06-02 16:00:00,2026-06-03 00:00:00,1.34791,1.348,1.34644,1.34664,10922.0
2026-06-02 20:00:00,2026-06-02 17:00:00,2026-06-03 01:00:00,1.34666,1.34681,1.34575,1.34593,9679.0
2026-06-02 21:00:00,2026-06-02 18:00:00,2026-06-03 02:00:00,1.34595,1.34703,1.34536,1.34687,10887.0
2026-06-02 22:00:00,2026-06-02 19:00:00,2026-06-03 03:00:00,1.34689,1.34725,1.34673,1.34684,9102.0
2026-06-02 23:00:00,2026-06-02 20:00:00,2026-06-03 04:00:00,1.34684,1.34718,1.34637,1.34641,4565.0
2026-06-03 00:00:00,2026-06-02 21:00:00,2026-06-03 05:00:00,1.34607,1.34664,1.34584,1.34626,2308.0
2026-06-03 01:00:00,2026-06-02 22:00:00,2026-06-03 06:00:00,1.34628,1.34676,1.34616,1.3462,3407.0
2026-06-03 02:00:00,2026-06-02 23:00:00,2026-06-03 07:00:00,1.34616,1.34627,1.34503,1.34525,6738.0
2026-06-03 03:00:00,2026-06-03 00:00:00,2026-06-03 08:00:00,1.34525,1.34673,1.34513,1.34657,9023.0
2026-06-03 04:00:00,2026-06-03 01:00:00,2026-06-03 09:00:00,1.34657,1.34717,1.34617,1.34672,9548.0
2026-06-03 05:00:00,2026-06-03 02:00:00,2026-06-03 10:00:00,1.34672,1.3471,1.34607,1.34633,7653.0
2026-06-03 06:00:00,2026-06-03 03:00:00,2026-06-03 11:00:00,1.34633,1.34651,1.34611,1.34631,7075.0
2026-06-03 07:00:00,2026-06-03 04:00:00,2026-06-03 12:00:00,1.34632,1.34641,1.3458,1.34599,6004.0
2026-06-03 08:00:00,2026-06-03 05:00:00,2026-06-03 13:00:00,1.34598,1.34637,1.34493,1.345,7708.0
2026-06-03 09:00:00,2026-06-03 06:00:00,2026-06-03 14:00:00,1.34495,1.34537,1.34365,1.34504,11555.0
2026-06-03 10:00:00,2026-06-03 07:00:00,2026-06-03 15:00:00,1.34505,1.34623,1.34424,1.34565,12859.0
2026-06-03 11:00:00,2026-06-03 08:00:00,2026-06-03 16:00:00,1.34564,1.34579,1.34403,1.34429,11816.0
2026-06-03 12:00:00,2026-06-03 09:00:00,2026-06-03 17:00:00,1.3443,1.34513,1.3442,1.34482,11292.0
2026-06-03 13:00:00,2026-06-03 10:00:00,2026-06-03 18:00:00,1.34483,1.34601,1.34457,1.34497,12424.0
2026-06-03 14:00:00,2026-06-03 11:00:00,2026-06-03 19:00:00,1.34496,1.34562,1.34484,1.34504,10275.0
2026-06-03 15:00:00,2026-06-03 12:00:00,2026-06-03 20:00:00,1.34503,1.34513,1.34273,1.34323,13048.0
2026-06-03 16:00:00,2026-06-03 13:00:00,2026-06-03 21:00:00,1.34322,1.34362,1.34214,1.34252,15476.0
2026-06-03 17:00:00,2026-06-03 14:00:00,2026-06-03 22:00:00,1.34249,1.34369,1.3421,1.34369,15774.0
2026-06-03 18:00:00,2026-06-03 15:00:00,2026-06-03 23:00:00,1.34373,1.34396,1.34259,1.34344,14545.0
2026-06-03 19:00:00,2026-06-03 16:00:00,2026-06-04 00:00:00,1.34346,1.3435,1.34156,1.34226,14233.0
2026-06-03 20:00:00,2026-06-03 17:00:00,2026-06-04 01:00:00,1.34231,1.3429,1.3415,1.34162,10228.0
2026-06-03 21:00:00,2026-06-03 18:00:00,2026-06-04 02:00:00,1.34163,1.34184,1.34124,1.34164,8890.0
2026-06-03 22:00:00,2026-06-03 19:00:00,2026-06-04 03:00:00,1.34165,1.34209,1.34154,1.34192,9219.0
2026-06-03 23:00:00,2026-06-03 20:00:00,2026-06-04 04:00:00,1.34193,1.34212,1.34159,1.34169,5290.0
2026-06-04 00:00:00,2026-06-03 21:00:00,2026-06-04 05:00:00,1.34138,1.34176,1.34111,1.34122,3664.0
2026-06-04 01:00:00,2026-06-03 22:00:00,2026-06-04 06:00:00,1.3412,1.34282,1.34118,1.34224,4062.0
2026-06-04 02:00:00,2026-06-03 23:00:00,2026-06-04 07:00:00,1.34225,1.34285,1.34174,1.34264,6021.0
2026-06-04 03:00:00,2026-06-04 00:00:00,2026-06-04 08:00:00,1.34263,1.34319,1.34224,1.34257,11197.0
2026-06-04 04:00:00,2026-06-04 01:00:00,2026-06-04 09:00:00,1.34257,1.34277,1.34227,1.34273,11376.0
2026-06-04 05:00:00,2026-06-04 02:00:00,2026-06-04 10:00:00,1.34274,1.34278,1.34215,1.34263,9421.0
2026-06-04 06:00:00,2026-06-04 03:00:00,2026-06-04 11:00:00,1.34262,1.34263,1.34168,1.34228,7008.0
2026-06-04 07:00:00,2026-06-04 04:00:00,2026-06-04 12:00:00,1.34228,1.3431,1.34225,1.34307,6929.0
2026-06-04 08:00:00,2026-06-04 05:00:00,2026-06-04 13:00:00,1.34308,1.34323,1.34206,1.34279,7711.0
2026-06-04 09:00:00,2026-06-04 06:00:00,2026-06-04 14:00:00,1.34278,1.3435,1.34245,1.34282,10736.0
2026-06-04 10:00:00,2026-06-04 07:00:00,2026-06-04 15:00:00,1.34283,1.34293,1.34115,1.34215,11985.0
2026-06-04 11:00:00,2026-06-04 08:00:00,2026-06-04 16:00:00,1.34216,1.34356,1.34213,1.34302,11117.0
2026-06-04 12:00:00,2026-06-04 09:00:00,2026-06-04 17:00:00,1.34301,1.34424,1.343,1.34367,13421.0
2026-06-04 13:00:00,2026-06-04 10:00:00,2026-06-04 18:00:00,1.34363,1.34436,1.34342,1.34428,11595.0
2026-06-04 14:00:00,2026-06-04 11:00:00,2026-06-04 19:00:00,1.34429,1.34622,1.34425,1.34592,13667.0
2026-06-04 15:00:00,2026-06-04 12:00:00,2026-06-04 20:00:00,1.34589,1.34621,1.34523,1.34558,12402.0
2026-06-04 16:00:00,2026-06-04 13:00:00,2026-06-04 21:00:00,1.34557,1.34573,1.34485,1.34513,15059.0
2026-06-04 17:00:00,2026-06-04 14:00:00,2026-06-04 22:00:00,1.34513,1.34542,1.34348,1.34439,13829.0
2026-06-04 18:00:00,2026-06-04 15:00:00,2026-06-04 23:00:00,1.3444,1.34441,1.34297,1.34391,13749.0
2026-06-04 19:00:00,2026-06-04 16:00:00,2026-06-05 00:00:00,1.34393,1.34423,1.34342,1.34353,10742.0
2026-06-04 20:00:00,2026-06-04 17:00:00,2026-06-05 01:00:00,1.34354,1.34365,1.34259,1.34273,8465.0
2026-06-04 21:00:00,2026-06-04 18:00:00,2026-06-05 02:00:00,1.34272,1.34292,1.34237,1.34249,8216.0
2026-06-04 22:00:00,2026-06-04 19:00:00,2026-06-05 03:00:00,1.34248,1.34262,1.34215,1.3424,8611.0
2026-06-04 23:00:00,2026-06-04 20:00:00,2026-06-05 04:00:00,1.3424,1.34247,1.34204,1.34235,3518.0
2026-06-05 00:00:00,2026-06-04 21:00:00,2026-06-05 05:00:00,1.34176,1.34288,1.34157,1.34189,5009.0
2026-06-05 01:00:00,2026-06-04 22:00:00,2026-06-05 06:00:00,1.34189,1.34259,1.34189,1.34234,2200.0
2026-06-05 02:00:00,2026-06-04 23:00:00,2026-06-05 07:00:00,1.34233,1.3425,1.34213,1.34226,3332.0
2026-06-05 03:00:00,2026-06-05 00:00:00,2026-06-05 08:00:00,1.34225,1.3424,1.34183,1.34231,8969.0
2026-06-05 04:00:00,2026-06-05 01:00:00,2026-06-05 09:00:00,1.34232,1.3425,1.34161,1.34241,10530.0
2026-06-05 05:00:00,2026-06-05 02:00:00,2026-06-05 10:00:00,1.3424,1.34287,1.34222,1.34238,7509.0
2026-06-05 06:00:00,2026-06-05 03:00:00,2026-06-05 11:00:00,1.34239,1.34278,1.34229,1.34264,7496.0
2026-06-05 07:00:00,2026-06-05 04:00:00,2026-06-05 12:00:00,1.34266,1.34313,1.34258,1.34291,7184.0
2026-06-05 08:00:00,2026-06-05 05:00:00,2026-06-05 13:00:00,1.34292,1.34319,1.34246,1.34256,7799.0
2026-06-05 09:00:00,2026-06-05 06:00:00,2026-06-05 14:00:00,1.34255,1.3436,1.34236,1.34355,10971.0
2026-06-05 10:00:00,2026-06-05 07:00:00,2026-06-05 15:00:00,1.34351,1.34483,1.34337,1.34452,10014.0
2026-06-05 11:00:00,2026-06-05 08:00:00,2026-06-05 16:00:00,1.34452,1.34582,1.34444,1.34552,9912.0
2026-06-05 12:00:00,2026-06-05 09:00:00,2026-06-05 17:00:00,1.3455,1.34694,1.34528,1.34647,10557.0
2026-06-05 13:00:00,2026-06-05 10:00:00,2026-06-05 18:00:00,1.34648,1.34833,1.34634,1.34742,9209.0
2026-06-05 14:00:00,2026-06-05 11:00:00,2026-06-05 19:00:00,1.34739,1.34755,1.3466,1.34681,9517.0
2026-06-05 15:00:00,2026-06-05 12:00:00,2026-06-05 20:00:00,1.3468,1.34693,1.34038,1.34042,15340.0
2026-06-05 16:00:00,2026-06-05 13:00:00,2026-06-05 21:00:00,1.34043,1.34218,1.33939,1.33979,19217.0
2026-06-05 17:00:00,2026-06-05 14:00:00,2026-06-05 22:00:00,1.33981,1.34087,1.33797,1.33864,16898.0
2026-06-05 18:00:00,2026-06-05 15:00:00,2026-06-05 23:00:00,1.33865,1.33883,1.33569,1.33582,14542.0
2026-06-05 19:00:00,2026-06-05 16:00:00,2026-06-06 00:00:00,1.33581,1.33594,1.33405,1.33557,13972.0
2026-06-05 20:00:00,2026-06-05 17:00:00,2026-06-06 01:00:00,1.33556,1.33569,1.33372,1.33413,12782.0
2026-06-05 21:00:00,2026-06-05 18:00:00,2026-06-06 02:00:00,1.33413,1.33439,1.33336,1.33368,12432.0
2026-06-05 22:00:00,2026-06-05 19:00:00,2026-06-06 03:00:00,1.33367,1.33408,1.33296,1.3338,11449.0
2026-06-05 23:00:00,2026-06-05 20:00:00,2026-06-06 04:00:00,1.3338,1.33397,1.33303,1.33359,6716.0
2026-06-08 00:00:00,2026-06-07 21:00:00,2026-06-08 05:00:00,1.33165,1.33244,1.33127,1.33138,794.0
2026-06-08 01:00:00,2026-06-07 22:00:00,2026-06-08 06:00:00,1.33184,1.33299,1.33165,1.33238,5783.0
2026-06-08 02:00:00,2026-06-07 23:00:00,2026-06-08 07:00:00,1.33238,1.33365,1.33235,1.33348,6312.0
2026-06-08 03:00:00,2026-06-08 00:00:00,2026-06-08 08:00:00,1.33345,1.33493,1.3334,1.33488,9808.0
2026-06-08 04:00:00,2026-06-08 01:00:00,2026-06-08 09:00:00,1.33487,1.33502,1.33182,1.33365,14780.0
2026-06-08 05:00:00,2026-06-08 02:00:00,2026-06-08 10:00:00,1.33364,1.33431,1.33272,1.33397,11438.0
2026-06-08 06:00:00,2026-06-08 03:00:00,2026-06-08 11:00:00,1.33396,1.33422,1.33343,1.33409,7188.0
2026-06-08 07:00:00,2026-06-08 04:00:00,2026-06-08 12:00:00,1.33409,1.33457,1.3338,1.33398,7584.0
2026-06-08 08:00:00,2026-06-08 05:00:00,2026-06-08 13:00:00,1.334,1.33487,1.33252,1.33279,11821.0
2026-06-08 09:00:00,2026-06-08 06:00:00,2026-06-08 14:00:00,1.33277,1.33313,1.33194,1.33225,13221.0
2026-06-08 10:00:00,2026-06-08 07:00:00,2026-06-08 15:00:00,1.33224,1.3347,1.33207,1.33275,13663.0
2026-06-08 11:00:00,2026-06-08 08:00:00,2026-06-08 16:00:00,1.33274,1.33361,1.33194,1.33211,14675.0
2026-06-08 12:00:00,2026-06-08 09:00:00,2026-06-08 17:00:00,1.33212,1.33277,1.33058,1.33265,13856.0
2026-06-08 13:00:00,2026-06-08 10:00:00,2026-06-08 18:00:00,1.33266,1.33483,1.33236,1.33415,11977.0
2026-06-08 14:00:00,2026-06-08 11:00:00,2026-06-08 19:00:00,1.33414,1.33695,1.33406,1.33595,14535.0
2026-06-08 15:00:00,2026-06-08 12:00:00,2026-06-08 20:00:00,1.33596,1.33674,1.33453,1.33506,14063.0
2026-06-08 16:00:00,2026-06-08 13:00:00,2026-06-08 21:00:00,1.33508,1.33653,1.33482,1.33517,17570.0
2026-06-08 17:00:00,2026-06-08 14:00:00,2026-06-08 22:00:00,1.33517,1.33582,1.33369,1.3343,17440.0
2026-06-08 18:00:00,2026-06-08 15:00:00,2026-06-08 23:00:00,1.33432,1.33513,1.33349,1.33464,14803.0
2026-06-08 19:00:00,2026-06-08 16:00:00,2026-06-09 00:00:00,1.33463,1.33482,1.33422,1.33431,11881.0
2026-06-08 20:00:00,2026-06-08 17:00:00,2026-06-09 01:00:00,1.33435,1.33472,1.33396,1.33451,12267.0
2026-06-08 21:00:00,2026-06-08 18:00:00,2026-06-09 02:00:00,1.33452,1.33526,1.33376,1.33388,10386.0
2026-06-08 22:00:00,2026-06-08 19:00:00,2026-06-09 03:00:00,1.33386,1.3344,1.33379,1.33409,11804.0
2026-06-08 23:00:00,2026-06-08 20:00:00,2026-06-09 04:00:00,1.33406,1.33431,1.33373,1.33379,5315.0
2026-06-09 00:00:00,2026-06-08 21:00:00,2026-06-09 05:00:00,1.33356,1.33433,1.33339,1.33379,4100.0
2026-06-09 01:00:00,2026-06-08 22:00:00,2026-06-09 06:00:00,1.33382,1.33411,1.33365,1.33409,3157.0
2026-06-09 02:00:00,2026-06-08 23:00:00,2026-06-09 07:00:00,1.33413,1.33415,1.33337,1.33337,0.0
2026-06-09 03:00:00,2026-06-09 00:00:00,2026-06-09 08:00:00,1.33337,1.33369,1.33323,1.33369,0.0
2026-06-09 04:00:00,2026-06-09 01:00:00,2026-06-09 09:00:00,1.33367,1.33506,1.33367,1.33506,0.0
2026-06-09 05:00:00,2026-06-09 02:00:00,2026-06-09 10:00:00,1.33515,1.33535,1.33486,1.33495,0.0
2026-06-09 06:00:00,2026-06-09 03:00:00,2026-06-09 11:00:00,1.3349,1.33522,1.33463,1.33494,0.0
2026-06-09 07:00:00,2026-06-09 04:00:00,2026-06-09 12:00:00,1.33501,1.33634,1.33481,1.33599,0.0
2026-06-09 08:00:00,2026-06-09 05:00:00,2026-06-09 13:00:00,1.33606,1.33651,1.33565,1.33617,0.0
2026-06-09 09:00:00,2026-06-09 06:00:00,2026-06-09 14:00:00,1.33615,1.33749,1.33593,1.33624,0.0
2026-06-09 10:00:00,2026-06-09 07:00:00,2026-06-09 15:00:00,1.33633,1.33733,1.33595,1.33684,0.0
2026-06-09 11:00:00,2026-06-09 08:00:00,2026-06-09 16:00:00,1.33683,1.3382,1.33661,1.33801,0.0
2026-06-09 12:00:00,2026-06-09 09:00:00,2026-06-09 17:00:00,1.33804,1.33919,1.33803,1.3388,0.0
2026-06-09 13:00:00,2026-06-09 10:00:00,2026-06-09 18:00:00,1.33885,1.33973,1.33862,1.33955,0.0
2026-06-09 14:00:00,2026-06-09 11:00:00,2026-06-09 19:00:00,1.33958,1.34064,1.33955,1.34032,0.0
2026-06-09 15:00:00,2026-06-09 12:00:00,2026-06-09 20:00:00,1.34037,1.34068,1.34,1.34039,0.0
2026-06-09 16:00:00,2026-06-09 13:00:00,2026-06-09 21:00:00,1.34068,1.34102,1.33958,1.33998,0.0
2026-06-09 17:00:00,2026-06-09 14:00:00,2026-06-09 22:00:00,1.33989,1.34064,1.33901,1.33964,0.0
2026-06-09 18:00:00,2026-06-09 15:00:00,2026-06-09 23:00:00,1.33971,1.34039,1.33743,1.33885,0.0
2026-06-09 19:00:00,2026-06-09 16:00:00,2026-06-10 00:00:00,1.33883,1.3389,1.33595,1.33704,0.0
2026-06-09 20:00:00,2026-06-09 17:00:00,2026-06-10 01:00:00,1.33722,1.33889,1.33722,1.33838,0.0
2026-06-09 21:00:00,2026-06-09 18:00:00,2026-06-10 02:00:00,1.33837,1.33912,1.3382,1.33892,0.0
2026-06-09 22:00:00,2026-06-09 19:00:00,2026-06-10 03:00:00,1.33885,1.33885,1.33799,1.33804,0.0
2026-06-09 23:00:00,2026-06-09 20:00:00,2026-06-10 04:00:00,1.33797,1.33831,1.33779,1.33797,0.0
2026-06-10 00:00:00,2026-06-09 21:00:00,2026-06-10 05:00:00,1.33803,1.33817,1.33681,1.33697,0.0
2026-06-10 01:00:00,2026-06-09 22:00:00,2026-06-10 06:00:00,1.3374,1.33772,1.33715,1.33729,0.0
2026-06-10 02:00:00,2026-06-09 23:00:00,2026-06-10 07:00:00,1.33722,1.33752,1.33683,1.33708,0.0
2026-06-10 03:00:00,2026-06-10 00:00:00,2026-06-10 08:00:00,1.3371,1.33797,1.3369,1.33797,0.0
2026-06-10 04:00:00,2026-06-10 01:00:00,2026-06-10 09:00:00,1.33785,1.33801,1.33735,1.33747,0.0
2026-06-10 05:00:00,2026-06-10 02:00:00,2026-06-10 10:00:00,1.33745,1.33837,1.33735,1.33799,0.0
2026-06-10 06:00:00,2026-06-10 03:00:00,2026-06-10 11:00:00,1.33795,1.33899,1.33795,1.33894,0.0
2026-06-10 07:00:00,2026-06-10 04:00:00,2026-06-10 12:00:00,1.33892,1.33894,1.33803,1.33819,0.0
2026-06-10 08:00:00,2026-06-10 05:00:00,2026-06-10 13:00:00,1.33822,1.33935,1.33806,1.33915,0.0
2026-06-10 09:00:00,2026-06-10 06:00:00,2026-06-10 14:00:00,1.33928,1.33975,1.33862,1.33862,0.0
2026-06-10 10:00:00,2026-06-10 07:00:00,2026-06-10 15:00:00,1.33829,1.33933,1.33819,1.33912,0.0
2026-06-10 11:00:00,2026-06-10 08:00:00,2026-06-10 16:00:00,1.33903,1.33919,1.33844,1.33854,0.0
2026-06-10 12:00:00,2026-06-10 09:00:00,2026-06-10 17:00:00,1.33867,1.33993,1.33817,1.3398,0.0
2026-06-10 13:00:00,2026-06-10 10:00:00,2026-06-10 18:00:00,1.33962,1.33993,1.33919,1.33932,0.0
2026-06-10 14:00:00,2026-06-10 11:00:00,2026-06-10 19:00:00,1.33912,1.33939,1.33777,1.33792,0.0
2026-06-10 15:00:00,2026-06-10 12:00:00,2026-06-10 20:00:00,1.33792,1.3407,1.33781,1.3391,0.0
2026-06-10 16:00:00,2026-06-10 13:00:00,2026-06-10 21:00:00,1.3391,1.34228,1.3391,1.34106,0.0
2026-06-10 17:00:00,2026-06-10 14:00:00,2026-06-10 22:00:00,1.34088,1.34163,1.33973,1.34011,0.0
2026-06-10 18:00:00,2026-06-10 15:00:00,2026-06-10 23:00:00,1.34014,1.34052,1.33811,1.3389,0.0
2026-06-10 19:00:00,2026-06-10 16:00:00,2026-06-11 00:00:00,1.33903,1.33967,1.33881,1.33896,0.0
2026-06-10 20:00:00,2026-06-10 17:00:00,2026-06-11 01:00:00,1.33903,1.33942,1.33806,1.33924,0.0
2026-06-10 21:00:00,2026-06-10 18:00:00,2026-06-11 02:00:00,1.33924,1.33966,1.3381,1.33811,0.0
2026-06-10 22:00:00,2026-06-10 19:00:00,2026-06-11 03:00:00,1.33803,1.33803,1.33722,1.33727,0.0
2026-06-10 23:00:00,2026-06-10 20:00:00,2026-06-11 04:00:00,1.33727,1.33727,1.33676,1.33677,0.0
2026-06-11 00:00:00,2026-06-10 21:00:00,2026-06-11 05:00:00,1.33713,1.33745,1.33688,1.3374,0.0
2026-06-11 01:00:00,2026-06-10 22:00:00,2026-06-11 06:00:00,1.33677,1.33677,1.33559,1.33584,0.0
2026-06-11 02:00:00,2026-06-10 23:00:00,2026-06-11 07:00:00,1.33554,1.33652,1.3351,1.33626,0.0
2026-06-11 03:00:00,2026-06-11 00:00:00,2026-06-11 08:00:00,1.33636,1.33711,1.33631,1.33711,0.0
2026-06-11 04:00:00,2026-06-11 01:00:00,2026-06-11 09:00:00,1.33726,1.33921,1.3371,1.33862,0.0
2026-06-11 05:00:00,2026-06-11 02:00:00,2026-06-11 10:00:00,1.3386,1.33867,1.33779,1.33795,0.0
2026-06-11 06:00:00,2026-06-11 03:00:00,2026-06-11 11:00:00,1.33801,1.3381,1.3376,1.33788,0.0
2026-06-11 07:00:00,2026-06-11 04:00:00,2026-06-11 12:00:00,1.33795,1.33867,1.3377,1.33842,0.0
2026-06-11 08:00:00,2026-06-11 05:00:00,2026-06-11 13:00:00,1.3384,1.33874,1.33806,1.33824,0.0
2026-06-11 09:00:00,2026-06-11 06:00:00,2026-06-11 14:00:00,1.33835,1.33835,1.3376,1.33786,0.0
2026-06-11 10:00:00,2026-06-11 07:00:00,2026-06-11 15:00:00,1.33786,1.33917,1.33774,1.33833,0.0
2026-06-11 11:00:00,2026-06-11 08:00:00,2026-06-11 16:00:00,1.33833,1.33837,1.33622,1.33651,0.0
2026-06-11 12:00:00,2026-06-11 09:00:00,2026-06-11 17:00:00,1.3364,1.33692,1.33593,1.33661,0.0
2026-06-11 13:00:00,2026-06-11 10:00:00,2026-06-11 18:00:00,1.33652,1.33652,1.33526,1.33602,0.0
2026-06-11 14:00:00,2026-06-11 11:00:00,2026-06-11 19:00:00,1.33611,1.33661,1.33611,1.33661,0.0
2026-06-11 15:00:00,2026-06-11 12:00:00,2026-06-11 20:00:00,1.33661,1.3367,1.33421,1.33599,0.0
2026-06-11 16:00:00,2026-06-11 13:00:00,2026-06-11 21:00:00,1.33608,1.33611,1.33406,1.33543,0.0
2026-06-11 17:00:00,2026-06-11 14:00:00,2026-06-11 22:00:00,1.33536,1.33545,1.33269,1.33269,0.0
2026-06-11 18:00:00,2026-06-11 15:00:00,2026-06-11 23:00:00,1.3328,1.33444,1.3326,1.33353,0.0
2026-06-11 19:00:00,2026-06-11 16:00:00,2026-06-12 00:00:00,1.33362,1.33371,1.33294,1.3334,0.0
2026-06-11 20:00:00,2026-06-11 17:00:00,2026-06-12 01:00:00,1.33335,1.34027,1.33269,1.33901,0.0
2026-06-11 21:00:00,2026-06-11 18:00:00,2026-06-12 02:00:00,1.33906,1.34061,1.33803,1.3402,0.0
2026-06-11 22:00:00,2026-06-11 19:00:00,2026-06-12 03:00:00,1.34016,1.34282,1.34016,1.34162,0.0
2026-06-11 23:00:00,2026-06-11 20:00:00,2026-06-12 04:00:00,1.34165,1.34225,1.3414,1.34162,0.0
2026-06-12 00:00:00,2026-06-11 21:00:00,2026-06-12 05:00:00,1.34178,1.34243,1.34124,1.34162,0.0
2026-06-12 01:00:00,2026-06-11 22:00:00,2026-06-12 06:00:00,1.34201,1.34259,1.34151,1.34248,0.0
2026-06-12 02:00:00,2026-06-11 23:00:00,2026-06-12 07:00:00,1.34244,1.34257,1.34145,1.34145,0.0
2026-06-12 03:00:00,2026-06-12 00:00:00,2026-06-12 08:00:00,1.3416,1.3416,1.3407,1.34075,0.0
2026-06-12 04:00:00,2026-06-12 01:00:00,2026-06-12 09:00:00,1.34086,1.34086,1.34009,1.34034,0.0
2026-06-12 05:00:00,2026-06-12 02:00:00,2026-06-12 10:00:00,1.34043,1.34124,1.34032,1.34072,0.0
2026-06-12 06:00:00,2026-06-12 03:00:00,2026-06-12 11:00:00,1.34072,1.34174,1.3405,1.34145,0.0
2026-06-12 07:00:00,2026-06-12 04:00:00,2026-06-12 12:00:00,1.34147,1.34181,1.34109,1.34109,0.0
2026-06-12 08:00:00,2026-06-12 05:00:00,2026-06-12 13:00:00,1.34135,1.34138,1.3396,1.3396,0.0
2026-06-12 09:00:00,2026-06-12 06:00:00,2026-06-12 14:00:00,1.3398,1.34106,1.3398,1.34064,0.0
2026-06-12 10:00:00,2026-06-12 07:00:00,2026-06-12 15:00:00,1.34066,1.34066,1.33851,1.33962,0.0
2026-06-12 11:00:00,2026-06-12 08:00:00,2026-06-12 16:00:00,1.33969,1.34183,1.33962,1.34138,0.0
2026-06-12 12:00:00,2026-06-12 09:00:00,2026-06-12 17:00:00,1.34151,1.34253,1.34095,1.34225,0.0
2026-06-12 13:00:00,2026-06-12 10:00:00,2026-06-12 18:00:00,1.34205,1.3423,1.34084,1.34111,0.0
2026-06-12 14:00:00,2026-06-12 11:00:00,2026-06-12 19:00:00,1.34117,1.3418,1.34097,1.34099,0.0
2026-06-12 15:00:00,2026-06-12 12:00:00,2026-06-12 20:00:00,1.34095,1.34099,1.33908,1.33949,0.0
2026-06-12 16:00:00,2026-06-12 13:00:00,2026-06-12 21:00:00,1.33942,1.34129,1.33921,1.33989,0.0
2026-06-12 17:00:00,2026-06-12 14:00:00,2026-06-12 22:00:00,1.33994,1.34145,1.3396,1.34145,0.0
2026-06-12 18:00:00,2026-06-12 15:00:00,2026-06-12 23:00:00,1.34133,1.34243,1.34097,1.34133,0.0
2026-06-12 19:00:00,2026-06-12 16:00:00,2026-06-13 00:00:00,1.34135,1.34169,1.3409,1.34154,0.0
2026-06-12 20:00:00,2026-06-12 17:00:00,2026-06-13 01:00:00,1.34172,1.34214,1.34156,1.34172,0.0
2026-06-12 21:00:00,2026-06-12 18:00:00,2026-06-13 02:00:00,1.34176,1.34212,1.34129,1.34178,0.0
2026-06-12 22:00:00,2026-06-12 19:00:00,2026-06-13 03:00:00,1.34147,1.34201,1.34093,1.34109,0.0
2026-06-12 23:00:00,2026-06-12 20:00:00,2026-06-13 04:00:00,1.34113,1.34113,1.34027,1.34066,0.0
2026-06-13 00:00:00,2026-06-12 21:00:00,2026-06-13 05:00:00,1.34073,1.34073,1.34073,1.34073,0.0
2026-06-15 00:00:00,2026-06-14 21:00:00,2026-06-15 05:00:00,1.34007,1.34303,1.34001,1.34222,2071.0
2026-06-15 01:00:00,2026-06-14 22:00:00,2026-06-15 06:00:00,1.34216,1.34543,1.34216,1.3452,9425.0
2026-06-15 02:00:00,2026-06-14 23:00:00,2026-06-15 07:00:00,1.34524,1.34535,1.34461,1.34503,0.0
2026-06-15 03:00:00,2026-06-15 00:00:00,2026-06-15 08:00:00,1.34523,1.34609,1.34445,1.34445,0.0
2026-06-15 04:00:00,2026-06-15 01:00:00,2026-06-15 09:00:00,1.3443,1.34441,1.34378,1.34378,0.0
2026-06-15 05:00:00,2026-06-15 02:00:00,2026-06-15 10:00:00,1.34376,1.34403,1.34336,1.34394,0.0
2026-06-15 06:00:00,2026-06-15 03:00:00,2026-06-15 11:00:00,1.344,1.34463,1.34389,1.34434,0.0
2026-06-15 07:00:00,2026-06-15 04:00:00,2026-06-15 12:00:00,1.34443,1.34513,1.34414,1.34512,0.0
2026-06-15 08:00:00,2026-06-15 05:00:00,2026-06-15 13:00:00,1.3453,1.34595,1.34519,1.34555,0.0
2026-06-15 09:00:00,2026-06-15 06:00:00,2026-06-15 14:00:00,1.34561,1.34561,1.34365,1.34418,0.0
2026-06-15 10:00:00,2026-06-15 07:00:00,2026-06-15 15:00:00,1.34425,1.34425,1.34298,1.3434,0.0
2026-06-15 11:00:00,2026-06-15 08:00:00,2026-06-15 16:00:00,1.34315,1.3436,1.34198,1.34235,0.0
2026-06-15 12:00:00,2026-06-15 09:00:00,2026-06-15 17:00:00,1.34248,1.34338,1.34237,1.34266,0.0
2026-06-15 13:00:00,2026-06-15 10:00:00,2026-06-15 18:00:00,1.34264,1.34347,1.34237,1.34244,0.0
2026-06-15 14:00:00,2026-06-15 11:00:00,2026-06-15 19:00:00,1.34264,1.34311,1.34207,1.34234,0.0
2026-06-15 15:00:00,2026-06-15 12:00:00,2026-06-15 20:00:00,1.34244,1.34304,1.34181,1.343,0.0
2026-06-15 16:00:00,2026-06-15 13:00:00,2026-06-15 21:00:00,1.34291,1.34398,1.34286,1.34351,0.0
2026-06-15 17:00:00,2026-06-15 14:00:00,2026-06-15 22:00:00,1.34349,1.34443,1.34286,1.34414,0.0
2026-06-15 18:00:00,2026-06-15 15:00:00,2026-06-15 23:00:00,1.34385,1.34387,1.34244,1.34257,0.0
2026-06-15 19:00:00,2026-06-15 16:00:00,2026-06-16 00:00:00,1.34255,1.34333,1.34253,1.34298,0.0
2026-06-15 20:00:00,2026-06-15 17:00:00,2026-06-16 01:00:00,1.34304,1.34304,1.34262,1.34288,0.0
2026-06-15 21:00:00,2026-06-15 18:00:00,2026-06-16 02:00:00,1.34286,1.34308,1.34194,1.34194,0.0
2026-06-15 22:00:00,2026-06-15 19:00:00,2026-06-16 03:00:00,1.34208,1.34208,1.34088,1.34088,0.0
2026-06-15 23:00:00,2026-06-15 20:00:00,2026-06-16 04:00:00,1.34086,1.34138,1.34068,1.34129,0.0
2026-06-16 00:00:00,2026-06-15 21:00:00,2026-06-16 05:00:00,1.34226,1.34226,1.34072,1.34088,0.0
2026-06-16 01:00:00,2026-06-15 22:00:00,2026-06-16 06:00:00,1.3412,1.34153,1.34086,1.34117,0.0
2026-06-16 02:00:00,2026-06-15 23:00:00,2026-06-16 07:00:00,1.34126,1.34169,1.34124,1.34158,0.0
2026-06-16 03:00:00,2026-06-16 00:00:00,2026-06-16 08:00:00,1.34158,1.34158,1.34102,1.34147,0.0
2026-06-16 04:00:00,2026-06-16 01:00:00,2026-06-16 09:00:00,1.3414,1.34183,1.34055,1.34072,0.0
2026-06-16 05:00:00,2026-06-16 02:00:00,2026-06-16 10:00:00,1.34061,1.34064,1.3398,1.34055,0.0
2026-06-16 06:00:00,2026-06-16 03:00:00,2026-06-16 11:00:00,1.34048,1.34061,1.3402,1.34036,0.0
2026-06-16 07:00:00,2026-06-16 04:00:00,2026-06-16 12:00:00,1.34041,1.34048,1.33923,1.33976,0.0
2026-06-16 08:00:00,2026-06-16 05:00:00,2026-06-16 13:00:00,1.33976,1.34012,1.3393,1.33932,0.0
2026-06-16 09:00:00,2026-06-16 06:00:00,2026-06-16 14:00:00,1.33926,1.34072,1.33912,1.34059,0.0
2026-06-16 10:00:00,2026-06-16 07:00:00,2026-06-16 15:00:00,1.34043,1.34174,1.34043,1.34174,0.0
2026-06-16 11:00:00,2026-06-16 08:00:00,2026-06-16 16:00:00,1.34171,1.34243,1.34136,1.34243,0.0
2026-06-16 12:00:00,2026-06-16 09:00:00,2026-06-16 17:00:00,1.3425,1.34275,1.34156,1.34169,0.0
2026-06-16 13:00:00,2026-06-16 10:00:00,2026-06-16 18:00:00,1.34158,1.34309,1.34154,1.34309,0.0
2026-06-16 14:00:00,2026-06-16 11:00:00,2026-06-16 19:00:00,1.34271,1.3428,1.34122,1.34156,0.0
2026-06-16 15:00:00,2026-06-16 12:00:00,2026-06-16 20:00:00,1.34151,1.34176,1.34081,1.34169,0.0
2026-06-16 16:00:00,2026-06-16 13:00:00,2026-06-16 21:00:00,1.34165,1.34194,1.34075,1.34113,0.0
2026-06-16 17:00:00,2026-06-16 14:00:00,2026-06-16 22:00:00,1.34147,1.34284,1.34041,1.3428,0.0
2026-06-16 18:00:00,2026-06-16 15:00:00,2026-06-16 23:00:00,1.34282,1.34419,1.34194,1.34374,0.0
2026-06-16 19:00:00,2026-06-16 16:00:00,2026-06-17 00:00:00,1.34365,1.34394,1.34295,1.34298,0.0
2026-06-16 20:00:00,2026-06-16 17:00:00,2026-06-17 01:00:00,1.34282,1.34291,1.34255,1.34288,0.0
2026-06-16 21:00:00,2026-06-16 18:00:00,2026-06-17 02:00:00,1.343,1.34324,1.34244,1.34286,0.0
2026-06-16 22:00:00,2026-06-16 19:00:00,2026-06-17 03:00:00,1.34304,1.34326,1.3423,1.34239,0.0
2026-06-16 23:00:00,2026-06-16 20:00:00,2026-06-17 04:00:00,1.34239,1.34271,1.34226,1.34261,0.0
2026-06-17 00:00:00,2026-06-16 21:00:00,2026-06-17 05:00:00,1.34324,1.34342,1.34217,1.34302,0.0
2026-06-17 01:00:00,2026-06-16 22:00:00,2026-06-17 06:00:00,1.34244,1.34291,1.34244,1.34282,0.0
2026-06-17 02:00:00,2026-06-16 23:00:00,2026-06-17 07:00:00,1.34277,1.34313,1.34255,1.34257,0.0
2026-06-17 03:00:00,2026-06-17 00:00:00,2026-06-17 08:00:00,1.34252,1.34324,1.34252,1.34309,0.0
2026-06-17 04:00:00,2026-06-17 01:00:00,2026-06-17 09:00:00,1.34302,1.34335,1.34273,1.34273,0.0
2026-06-17 05:00:00,2026-06-17 02:00:00,2026-06-17 10:00:00,1.34262,1.34313,1.34261,1.34261,0.0
2026-06-17 06:00:00,2026-06-17 03:00:00,2026-06-17 11:00:00,1.34264,1.34288,1.34259,1.34277,0.0
2026-06-17 07:00:00,2026-06-17 04:00:00,2026-06-17 12:00:00,1.34275,1.34331,1.34275,1.34317,0.0
2026-06-17 08:00:00,2026-06-17 05:00:00,2026-06-17 13:00:00,1.34313,1.34344,1.34284,1.34284,0.0
2026-06-17 09:00:00,2026-06-17 06:00:00,2026-06-17 14:00:00,1.34216,1.3425,1.34099,1.34147,0.0
2026-06-17 10:00:00,2026-06-17 07:00:00,2026-06-17 15:00:00,1.34156,1.34212,1.34122,1.34212,0.0
2026-06-17 11:00:00,2026-06-17 08:00:00,2026-06-17 16:00:00,1.34181,1.34196,1.34093,1.34171,0.0
2026-06-17 12:00:00,2026-06-17 09:00:00,2026-06-17 17:00:00,1.34163,1.34196,1.34136,1.34178,0.0
2026-06-17 13:00:00,2026-06-17 10:00:00,2026-06-17 18:00:00,1.3418,1.34181,1.34104,1.3412,0.0
2026-06-17 14:00:00,2026-06-17 11:00:00,2026-06-17 19:00:00,1.34124,1.34133,1.34009,1.34048,0.0
2026-06-17 15:00:00,2026-06-17 12:00:00,2026-06-17 20:00:00,1.34055,1.34167,1.34055,1.3416,0.0
2026-06-17 16:00:00,2026-06-17 13:00:00,2026-06-17 21:00:00,1.34154,1.34183,1.34064,1.34072,0.0
2026-06-17 17:00:00,2026-06-17 14:00:00,2026-06-17 22:00:00,1.3407,1.34073,1.33899,1.33942,0.0
2026-06-17 18:00:00,2026-06-17 15:00:00,2026-06-17 23:00:00,1.33942,1.33984,1.33887,1.33966,0.0
2026-06-17 19:00:00,2026-06-17 16:00:00,2026-06-18 00:00:00,1.33964,1.33976,1.33901,1.33966,0.0
2026-06-17 20:00:00,2026-06-17 17:00:00,2026-06-18 01:00:00,1.3396,1.34032,1.33955,1.34025,0.0
2026-06-17 21:00:00,2026-06-17 18:00:00,2026-06-18 02:00:00,1.33592,1.33665,1.33371,1.33371,0.0
2026-06-17 22:00:00,2026-06-17 19:00:00,2026-06-18 03:00:00,1.33392,1.33392,1.32644,1.32846,0.0
2026-06-17 23:00:00,2026-06-17 20:00:00,2026-06-18 04:00:00,1.32876,1.32995,1.32779,1.32942,0.0
2026-06-18 00:00:00,2026-06-17 21:00:00,2026-06-18 05:00:00,1.32857,1.32995,1.32834,1.32899,0.0
2026-06-18 01:00:00,2026-06-17 22:00:00,2026-06-18 06:00:00,1.32945,1.32975,1.32906,1.32963,0.0
2026-06-18 02:00:00,2026-06-17 23:00:00,2026-06-18 07:00:00,1.32972,1.33021,1.32972,1.33011,0.0
2026-06-18 03:00:00,2026-06-18 00:00:00,2026-06-18 08:00:00,1.33035,1.33181,1.33035,1.33073,0.0
2026-06-18 04:00:00,2026-06-18 01:00:00,2026-06-18 09:00:00,1.33087,1.33188,1.33087,1.33104,0.0
2026-06-18 05:00:00,2026-06-18 02:00:00,2026-06-18 10:00:00,1.33126,1.33161,1.33065,1.33127,0.0
2026-06-18 06:00:00,2026-06-18 03:00:00,2026-06-18 11:00:00,1.33124,1.33181,1.33124,1.33177,0.0
2026-06-18 07:00:00,2026-06-18 04:00:00,2026-06-18 12:00:00,1.33179,1.332,1.33129,1.33145,0.0
2026-06-18 08:00:00,2026-06-18 05:00:00,2026-06-18 13:00:00,1.33133,1.33156,1.32998,1.32998,0.0
2026-06-18 09:00:00,2026-06-18 06:00:00,2026-06-18 14:00:00,1.33039,1.33253,1.33039,1.33131,0.0
2026-06-18 10:00:00,2026-06-18 07:00:00,2026-06-18 15:00:00,1.3312,1.3312,1.32897,1.32972,0.0
2026-06-18 11:00:00,2026-06-18 08:00:00,2026-06-18 16:00:00,1.32954,1.32959,1.32429,1.32463,0.0
2026-06-18 12:00:00,2026-06-18 09:00:00,2026-06-18 17:00:00,1.32429,1.32496,1.32343,1.32417,0.0
2026-06-18 13:00:00,2026-06-18 10:00:00,2026-06-18 18:00:00,1.32396,1.32396,1.32259,1.32284,0.0
2026-06-18 14:00:00,2026-06-18 11:00:00,2026-06-18 19:00:00,1.32266,1.32266,1.32062,1.32111,0.0
2026-06-18 15:00:00,2026-06-18 12:00:00,2026-06-18 20:00:00,1.32123,1.32471,1.32123,1.32352,0.0
2026-06-18 16:00:00,2026-06-18 13:00:00,2026-06-18 21:00:00,1.32343,1.32494,1.32258,1.32384,0.0
2026-06-18 17:00:00,2026-06-18 14:00:00,2026-06-18 22:00:00,1.32382,1.32529,1.32321,1.32529,0.0
2026-06-18 18:00:00,2026-06-18 15:00:00,2026-06-18 23:00:00,1.32538,1.32538,1.32279,1.32279,0.0
2026-06-18 19:00:00,2026-06-18 16:00:00,2026-06-19 00:00:00,1.32284,1.32284,1.32123,1.32223,0.0
2026-06-18 20:00:00,2026-06-18 17:00:00,2026-06-19 01:00:00,1.32193,1.32301,1.32099,1.32099,0.0
2026-06-18 21:00:00,2026-06-18 18:00:00,2026-06-19 02:00:00,1.32085,1.32118,1.32053,1.32053,0.0
2026-06-18 22:00:00,2026-06-18 19:00:00,2026-06-19 03:00:00,1.32032,1.32083,1.31938,1.32003,0.0
2026-06-18 23:00:00,2026-06-18 20:00:00,2026-06-19 04:00:00,1.31989,1.32078,1.31989,1.3206,0.0
2026-06-19 00:00:00,2026-06-18 21:00:00,2026-06-19 05:00:00,1.32191,1.32238,1.32022,1.32106,0.0
2026-06-19 01:00:00,2026-06-18 22:00:00,2026-06-19 06:00:00,1.32064,1.32076,1.32031,1.32059,0.0
2026-06-19 02:00:00,2026-06-18 23:00:00,2026-06-19 07:00:00,1.32055,1.32062,1.32015,1.32018,0.0
2026-06-19 03:00:00,2026-06-19 00:00:00,2026-06-19 08:00:00,1.3205,1.32116,1.3205,1.32104,0.0
2026-06-19 04:00:00,2026-06-19 01:00:00,2026-06-19 09:00:00,1.32107,1.32107,1.31952,1.31957,0.0
2026-06-19 05:00:00,2026-06-19 02:00:00,2026-06-19 10:00:00,1.31961,1.3206,1.31944,1.32018,0.0
2026-06-19 06:00:00,2026-06-19 03:00:00,2026-06-19 11:00:00,1.3202,1.3202,1.31869,1.31872,0.0
2026-06-19 07:00:00,2026-06-19 04:00:00,2026-06-19 12:00:00,1.31879,1.31883,1.31688,1.317,0.0
2026-06-19 08:00:00,2026-06-19 05:00:00,2026-06-19 13:00:00,1.31693,1.31992,1.31638,1.3194,0.0
2026-06-19 09:00:00,2026-06-19 06:00:00,2026-06-19 14:00:00,1.31891,1.31998,1.31863,1.31985,0.0
2026-06-19 10:00:00,2026-06-19 07:00:00,2026-06-19 15:00:00,1.32022,1.32076,1.31923,1.31968,0.0
2026-06-19 11:00:00,2026-06-19 08:00:00,2026-06-19 16:00:00,1.31978,1.32333,1.31978,1.32324,0.0
2026-06-19 12:00:00,2026-06-19 09:00:00,2026-06-19 17:00:00,1.32333,1.32399,1.32289,1.32356,0.0
2026-06-19 13:00:00,2026-06-19 10:00:00,2026-06-19 18:00:00,1.32361,1.32361,1.32245,1.32317,0.0
2026-06-19 14:00:00,2026-06-19 11:00:00,2026-06-19 19:00:00,1.32368,1.32399,1.32279,1.32293,0.0
2026-06-19 15:00:00,2026-06-19 12:00:00,2026-06-19 20:00:00,1.323,1.32396,1.32259,1.32357,0.0
2026-06-19 16:00:00,2026-06-19 13:00:00,2026-06-19 21:00:00,1.32357,1.32357,1.32175,1.32221,0.0
2026-06-19 17:00:00,2026-06-19 14:00:00,2026-06-19 22:00:00,1.322,1.32357,1.32148,1.32294,0.0
2026-06-19 18:00:00,2026-06-19 15:00:00,2026-06-19 23:00:00,1.32328,1.32333,1.32186,1.32202,0.0
2026-06-19 19:00:00,2026-06-19 16:00:00,2026-06-20 00:00:00,1.32198,1.32291,1.32191,1.32291,0.0
2026-06-19 20:00:00,2026-06-19 17:00:00,2026-06-20 01:00:00,1.32331,1.32391,1.32294,1.32314,0.0
2026-06-19 21:00:00,2026-06-19 18:00:00,2026-06-20 02:00:00,1.32305,1.3238,1.32305,1.32331,0.0
2026-06-19 22:00:00,2026-06-19 19:00:00,2026-06-20 03:00:00,1.32338,1.32366,1.32305,1.32336,0.0
2026-06-19 23:00:00,2026-06-19 20:00:00,2026-06-20 04:00:00,1.32336,1.32371,1.32261,1.32371,0.0
2026-06-20 00:00:00,2026-06-19 21:00:00,2026-06-20 05:00:00,1.32371,1.32371,1.32371,1.32371,0.0
2026-06-22 00:00:00,2026-06-21 21:00:00,2026-06-22 05:00:00,1.31842,1.32005,1.31842,1.31914,1175.0
2026-06-22 01:00:00,2026-06-21 22:00:00,2026-06-22 06:00:00,1.31923,1.3212,1.31923,1.32079,5484.0
2026-06-22 02:00:00,2026-06-21 23:00:00,2026-06-22 07:00:00,1.3209,1.32107,1.32025,1.32072,0.0
2026-06-22 03:00:00,2026-06-22 00:00:00,2026-06-22 08:00:00,1.32093,1.32226,1.32093,1.32226,0.0
2026-06-22 04:00:00,2026-06-22 01:00:00,2026-06-22 09:00:00,1.32258,1.32338,1.32209,1.32209,0.0
2026-06-22 05:00:00,2026-06-22 02:00:00,2026-06-22 10:00:00,1.32191,1.3228,1.32181,1.32259,0.0
2026-06-22 06:00:00,2026-06-22 03:00:00,2026-06-22 11:00:00,1.32252,1.32272,1.32118,1.32128,0.0
2026-06-22 07:00:00,2026-06-22 04:00:00,2026-06-22 12:00:00,1.32132,1.32132,1.32046,1.32076,0.0
2026-06-22 08:00:00,2026-06-22 05:00:00,2026-06-22 13:00:00,1.32086,1.3221,1.32086,1.32109,0.0
2026-06-22 09:00:00,2026-06-22 06:00:00,2026-06-22 14:00:00,1.32071,1.32158,1.32024,1.32095,0.0
2026-06-22 10:00:00,2026-06-22 07:00:00,2026-06-22 15:00:00,1.32121,1.32174,1.31917,1.31954,0.0
2026-06-22 11:00:00,2026-06-22 08:00:00,2026-06-22 16:00:00,1.31971,1.32095,1.31844,1.3205,0.0
2026-06-22 12:00:00,2026-06-22 09:00:00,2026-06-22 17:00:00,1.32059,1.32352,1.32059,1.32291,0.0
2026-06-22 13:00:00,2026-06-22 10:00:00,2026-06-22 18:00:00,1.32291,1.32477,1.32287,1.32371,0.0
2026-06-22 14:00:00,2026-06-22 11:00:00,2026-06-22 19:00:00,1.32363,1.32442,1.32336,1.32364,0.0
2026-06-22 15:00:00,2026-06-22 12:00:00,2026-06-22 20:00:00,1.32366,1.32732,1.32361,1.32617,0.0
2026-06-22 16:00:00,2026-06-22 13:00:00,2026-06-22 21:00:00,1.3258,1.32652,1.32394,1.32394,0.0
2026-06-22 17:00:00,2026-06-22 14:00:00,2026-06-22 22:00:00,1.32399,1.3264,1.32394,1.32614,0.0
2026-06-22 18:00:00,2026-06-22 15:00:00,2026-06-22 23:00:00,1.32628,1.32675,1.32477,1.32477,0.0
2026-06-22 19:00:00,2026-06-22 16:00:00,2026-06-23 00:00:00,1.32487,1.32487,1.32406,1.32459,0.0
2026-06-22 20:00:00,2026-06-22 17:00:00,2026-06-23 01:00:00,1.32459,1.32464,1.3241,1.32447,0.0
2026-06-22 21:00:00,2026-06-22 18:00:00,2026-06-23 02:00:00,1.32445,1.32468,1.32415,1.32419,0.0
2026-06-22 22:00:00,2026-06-22 19:00:00,2026-06-23 03:00:00,1.3244,1.32496,1.32422,1.32478,0.0
2026-06-22 23:00:00,2026-06-22 20:00:00,2026-06-23 04:00:00,1.3248,1.32531,1.32478,1.32531,0.0
2026-06-23 00:00:00,2026-06-22 21:00:00,2026-06-23 05:00:00,1.32647,1.32647,1.32491,1.32538,0.0
2026-06-23 01:00:00,2026-06-22 22:00:00,2026-06-23 06:00:00,1.32524,1.32538,1.3247,1.32489,0.0
2026-06-23 02:00:00,2026-06-22 23:00:00,2026-06-23 07:00:00,1.32498,1.32499,1.32466,1.32471,0.0
2026-06-23 03:00:00,2026-06-23 00:00:00,2026-06-23 08:00:00,1.32456,1.32471,1.32405,1.32454,0.0
2026-06-23 04:00:00,2026-06-23 01:00:00,2026-06-23 09:00:00,1.32466,1.32466,1.32392,1.32443,0.0
2026-06-23 05:00:00,2026-06-23 02:00:00,2026-06-23 10:00:00,1.3244,1.32494,1.32424,1.32426,0.0
2026-06-23 06:00:00,2026-06-23 03:00:00,2026-06-23 11:00:00,1.32431,1.32494,1.32354,1.32494,0.0
2026-06-23 07:00:00,2026-06-23 04:00:00,2026-06-23 12:00:00,1.32494,1.32494,1.32361,1.32364,0.0
2026-06-23 08:00:00,2026-06-23 05:00:00,2026-06-23 13:00:00,1.32354,1.32429,1.3234,1.32429,0.0
2026-06-23 09:00:00,2026-06-23 06:00:00,2026-06-23 14:00:00,1.3241,1.32464,1.32294,1.32363,0.0
2026-06-23 10:00:00,2026-06-23 07:00:00,2026-06-23 15:00:00,1.32317,1.32492,1.32217,1.32265,0.0
2026-06-23 11:00:00,2026-06-23 08:00:00,2026-06-23 16:00:00,1.32273,1.32352,1.32134,1.32188,0.0
2026-06-23 12:00:00,2026-06-23 09:00:00,2026-06-23 17:00:00,1.32203,1.32307,1.32165,1.32307,0.0
2026-06-23 13:00:00,2026-06-23 10:00:00,2026-06-23 18:00:00,1.32314,1.32314,1.32113,1.3221,0.0
2026-06-23 14:00:00,2026-06-23 11:00:00,2026-06-23 19:00:00,1.32216,1.32242,1.32078,1.32085,0.0
2026-06-23 15:00:00,2026-06-23 12:00:00,2026-06-23 20:00:00,1.32081,1.32193,1.32081,1.32114,0.0
2026-06-23 16:00:00,2026-06-23 13:00:00,2026-06-23 21:00:00,1.32118,1.32216,1.32055,1.32132,0.0
2026-06-23 17:00:00,2026-06-23 14:00:00,2026-06-23 22:00:00,1.32146,1.32146,1.31957,1.32008,0.0
2026-06-23 18:00:00,2026-06-23 15:00:00,2026-06-23 23:00:00,1.32017,1.32025,1.31855,1.31893,0.0
2026-06-23 19:00:00,2026-06-23 16:00:00,2026-06-24 00:00:00,1.31907,1.31968,1.31865,1.31881,0.0
2026-06-23 20:00:00,2026-06-23 17:00:00,2026-06-24 01:00:00,1.31863,1.31921,1.31843,1.31888,0.0
2026-06-23 21:00:00,2026-06-23 18:00:00,2026-06-24 02:00:00,1.31886,1.31888,1.31837,1.31881,0.0
2026-06-23 22:00:00,2026-06-23 19:00:00,2026-06-24 03:00:00,1.31888,1.3201,1.31888,1.3197,0.0
2026-06-23 23:00:00,2026-06-23 20:00:00,2026-06-24 04:00:00,1.31952,1.32046,1.31952,1.32046,0.0
2026-06-24 00:00:00,2026-06-23 21:00:00,2026-06-24 05:00:00,1.32065,1.32065,1.32003,1.32025,0.0
2026-06-24 01:00:00,2026-06-23 22:00:00,2026-06-24 06:00:00,1.32008,1.3202,1.31992,1.32013,0.0
2026-06-24 02:00:00,2026-06-23 23:00:00,2026-06-24 07:00:00,1.3201,1.32039,1.31978,1.31999,0.0
2026-06-24 03:00:00,2026-06-24 00:00:00,2026-06-24 08:00:00,1.31999,1.32029,1.31945,1.31996,0.0
2026-06-24 04:00:00,2026-06-24 01:00:00,2026-06-24 09:00:00,1.31978,1.32022,1.31924,1.32017,0.0
2026-06-24 05:00:00,2026-06-24 02:00:00,2026-06-24 10:00:00,1.32015,1.32038,1.31926,1.31926,0.0
2026-06-24 06:00:00,2026-06-24 03:00:00,2026-06-24 11:00:00,1.31914,1.32013,1.31886,1.31994,0.0
2026-06-24 07:00:00,2026-06-24 04:00:00,2026-06-24 12:00:00,1.31989,1.31989,1.31921,1.31935,0.0
2026-06-24 08:00:00,2026-06-24 05:00:00,2026-06-24 13:00:00,1.31931,1.31982,1.31931,1.31956,0.0
2026-06-24 09:00:00,2026-06-24 06:00:00,2026-06-24 14:00:00,1.31944,1.32088,1.31863,1.31863,0.0
2026-06-24 10:00:00,2026-06-24 07:00:00,2026-06-24 15:00:00,1.31869,1.31978,1.31811,1.31883,0.0
2026-06-24 11:00:00,2026-06-24 08:00:00,2026-06-24 16:00:00,1.31877,1.31964,1.31721,1.31931,0.0
2026-06-24 12:00:00,2026-06-24 09:00:00,2026-06-24 17:00:00,1.31928,1.31956,1.31766,1.31766,0.0
2026-06-24 13:00:00,2026-06-24 10:00:00,2026-06-24 18:00:00,1.31759,1.31759,1.31562,1.31582,0.0
2026-06-24 14:00:00,2026-06-24 11:00:00,2026-06-24 19:00:00,1.31586,1.31735,1.31518,1.3161,0.0
2026-06-24 15:00:00,2026-06-24 12:00:00,2026-06-24 20:00:00,1.31641,1.31678,1.31441,1.31501,0.0
2026-06-24 16:00:00,2026-06-24 13:00:00,2026-06-24 21:00:00,1.3152,1.31655,1.31451,1.31619,0.0
2026-06-24 17:00:00,2026-06-24 14:00:00,2026-06-24 22:00:00,1.31617,1.31666,1.31404,1.31473,0.0
2026-06-24 18:00:00,2026-06-24 15:00:00,2026-06-24 23:00:00,1.31472,1.31704,1.31472,1.31591,0.0
2026-06-24 19:00:00,2026-06-24 16:00:00,2026-06-25 00:00:00,1.31591,1.31794,1.3157,1.31705,0.0
2026-06-24 20:00:00,2026-06-24 17:00:00,2026-06-25 01:00:00,1.31726,1.31726,1.31548,1.3157,0.0
2026-06-24 21:00:00,2026-06-24 18:00:00,2026-06-25 02:00:00,1.31575,1.31702,1.31569,1.31614,0.0
2026-06-24 22:00:00,2026-06-24 19:00:00,2026-06-25 03:00:00,1.31622,1.31653,1.31572,1.3161,0.0
2026-06-24 23:00:00,2026-06-24 20:00:00,2026-06-25 04:00:00,1.31605,1.31702,1.31605,1.31688,0.0
2026-06-25 00:00:00,2026-06-24 21:00:00,2026-06-25 05:00:00,1.31803,1.31803,1.31627,1.31685,0.0
2026-06-25 01:00:00,2026-06-24 22:00:00,2026-06-25 06:00:00,1.31664,1.31678,1.31641,1.31657,0.0
2026-06-25 02:00:00,2026-06-24 23:00:00,2026-06-25 07:00:00,1.31659,1.31681,1.3164,1.31647,0.0
2026-06-25 03:00:00,2026-06-25 00:00:00,2026-06-25 08:00:00,1.31621,1.31655,1.31591,1.31633,0.0
2026-06-25 04:00:00,2026-06-25 01:00:00,2026-06-25 09:00:00,1.31631,1.31827,1.31631,1.31707,0.0
2026-06-25 05:00:00,2026-06-25 02:00:00,2026-06-25 10:00:00,1.31695,1.31804,1.31695,1.31777,0.0
2026-06-25 06:00:00,2026-06-25 03:00:00,2026-06-25 11:00:00,1.31784,1.31839,1.31784,1.31822,0.0
2026-06-25 07:00:00,2026-06-25 04:00:00,2026-06-25 12:00:00,1.31824,1.31857,1.31806,1.31827,0.0
2026-06-25 08:00:00,2026-06-25 05:00:00,2026-06-25 13:00:00,1.31839,1.31853,1.3177,1.31777,0.0
2026-06-25 09:00:00,2026-06-25 06:00:00,2026-06-25 14:00:00,1.31782,1.31791,1.31688,1.31733,0.0
2026-06-25 10:00:00,2026-06-25 07:00:00,2026-06-25 15:00:00,1.31747,1.31851,1.31714,1.31851,0.0
2026-06-25 11:00:00,2026-06-25 08:00:00,2026-06-25 16:00:00,1.3186,1.31968,1.31844,1.31905,0.0
2026-06-25 12:00:00,2026-06-25 09:00:00,2026-06-25 17:00:00,1.31909,1.31964,1.31843,1.31869,0.0
2026-06-25 13:00:00,2026-06-25 10:00:00,2026-06-25 18:00:00,1.31855,1.31855,1.31652,1.31683,0.0
2026-06-25 14:00:00,2026-06-25 11:00:00,2026-06-25 19:00:00,1.31685,1.31685,1.31517,1.31541,0.0
2026-06-25 15:00:00,2026-06-25 12:00:00,2026-06-25 20:00:00,1.31558,1.31863,1.31548,1.31768,0.0
2026-06-25 16:00:00,2026-06-25 13:00:00,2026-06-25 21:00:00,1.3178,1.31973,1.31744,1.31884,0.0
2026-06-25 17:00:00,2026-06-25 14:00:00,2026-06-25 22:00:00,1.31907,1.32151,1.31907,1.32025,0.0
2026-06-25 18:00:00,2026-06-25 15:00:00,2026-06-25 23:00:00,1.32032,1.32162,1.31991,1.32158,0.0
2026-06-25 19:00:00,2026-06-25 16:00:00,2026-06-26 00:00:00,1.32134,1.32195,1.32052,1.32059,0.0
2026-06-25 20:00:00,2026-06-25 17:00:00,2026-06-26 01:00:00,1.32059,1.32062,1.31996,1.32025,0.0
2026-06-25 21:00:00,2026-06-25 18:00:00,2026-06-26 02:00:00,1.32015,1.32053,1.31956,1.31998,0.0
2026-06-25 22:00:00,2026-06-25 19:00:00,2026-06-26 03:00:00,1.32003,1.32053,1.31956,1.32001,0.0
2026-06-25 23:00:00,2026-06-25 20:00:00,2026-06-26 04:00:00,1.32018,1.32018,1.31909,1.31916,0.0
2026-06-26 00:00:00,2026-06-25 21:00:00,2026-06-26 05:00:00,1.31982,1.32093,1.3193,1.31971,0.0
2026-06-26 01:00:00,2026-06-25 22:00:00,2026-06-26 06:00:00,1.31959,1.31959,1.31909,1.31926,0.0
2026-06-26 02:00:00,2026-06-25 23:00:00,2026-06-26 07:00:00,1.31938,1.31938,1.31843,1.31876,0.0
2026-06-26 03:00:00,2026-06-26 00:00:00,2026-06-26 08:00:00,1.31886,1.31942,1.31881,1.3194,0.0
2026-06-26 04:00:00,2026-06-26 01:00:00,2026-06-26 09:00:00,1.31945,1.32001,1.31877,1.31902,0.0
2026-06-26 05:00:00,2026-06-26 02:00:00,2026-06-26 10:00:00,1.31912,1.3193,1.31811,1.31836,0.0
2026-06-26 06:00:00,2026-06-26 03:00:00,2026-06-26 11:00:00,1.31837,1.31982,1.31837,1.31982,0.0
2026-06-26 07:00:00,2026-06-26 04:00:00,2026-06-26 12:00:00,1.3198,1.32017,1.31961,1.32015,0.0
2026-06-26 08:00:00,2026-06-26 05:00:00,2026-06-26 13:00:00,1.32018,1.32079,1.31998,1.32064,0.0
2026-06-26 09:00:00,2026-06-26 06:00:00,2026-06-26 14:00:00,1.3206,1.32062,1.31947,1.31984,0.0
2026-06-26 10:00:00,2026-06-26 07:00:00,2026-06-26 15:00:00,1.31975,1.32107,1.31919,1.32057,0.0
2026-06-26 11:00:00,2026-06-26 08:00:00,2026-06-26 16:00:00,1.3206,1.32214,1.32004,1.32175,0.0
2026-06-26 12:00:00,2026-06-26 09:00:00,2026-06-26 17:00:00,1.32155,1.32287,1.32093,1.3221,0.0
2026-06-26 13:00:00,2026-06-26 10:00:00,2026-06-26 18:00:00,1.32207,1.32237,1.32168,1.32231,0.0
2026-06-26 14:00:00,2026-06-26 11:00:00,2026-06-26 19:00:00,1.32231,1.32245,1.32125,1.32165,0.0
2026-06-26 15:00:00,2026-06-26 12:00:00,2026-06-26 20:00:00,1.32168,1.32221,1.32034,1.32142,0.0
2026-06-26 16:00:00,2026-06-26 13:00:00,2026-06-26 21:00:00,1.32109,1.32254,1.32045,1.32254,0.0
2026-06-26 17:00:00,2026-06-26 14:00:00,2026-06-26 22:00:00,1.32263,1.32301,1.31989,1.31989,0.0
2026-06-26 18:00:00,2026-06-26 15:00:00,2026-06-26 23:00:00,1.32001,1.32226,1.31992,1.32209,0.0
2026-06-26 19:00:00,2026-06-26 16:00:00,2026-06-27 00:00:00,1.32214,1.32214,1.32053,1.32062,0.0
2026-06-26 20:00:00,2026-06-26 17:00:00,2026-06-27 01:00:00,1.32053,1.32097,1.31996,1.32011,0.0
2026-06-26 21:00:00,2026-06-26 18:00:00,2026-06-27 02:00:00,1.3201,1.32065,1.32004,1.3201,0.0
2026-06-26 22:00:00,2026-06-26 19:00:00,2026-06-27 03:00:00,1.32001,1.32032,1.31959,1.31996,0.0
2026-06-26 23:00:00,2026-06-26 20:00:00,2026-06-27 04:00:00,1.31994,1.32043,1.31938,1.3197,0.0
2026-06-27 00:00:00,2026-06-26 21:00:00,2026-06-27 05:00:00,1.3198,1.3198,1.3198,1.3198,0.0
2026-06-29 00:00:00,2026-06-28 21:00:00,2026-06-29 05:00:00,1.31986,1.31996,1.3189,1.31955,910.0
2026-06-29 01:00:00,2026-06-28 22:00:00,2026-06-29 06:00:00,1.3196,1.31995,1.3191,1.31949,4833.0
2026-06-29 02:00:00,2026-06-28 23:00:00,2026-06-29 07:00:00,1.3195,1.31978,1.31926,1.31978,0.0
2026-06-29 03:00:00,2026-06-29 00:00:00,2026-06-29 08:00:00,1.31971,1.32013,1.31945,1.32006,0.0
2026-06-29 04:00:00,2026-06-29 01:00:00,2026-06-29 09:00:00,1.32001,1.32048,1.31975,1.31991,0.0
2026-06-29 05:00:00,2026-06-29 02:00:00,2026-06-29 10:00:00,1.31987,1.32104,1.31987,1.32034,0.0
2026-06-29 06:00:00,2026-06-29 03:00:00,2026-06-29 11:00:00,1.32034,1.32064,1.31994,1.31994,0.0
2026-06-29 07:00:00,2026-06-29 04:00:00,2026-06-29 12:00:00,1.31984,1.32008,1.3197,1.31992,0.0
2026-06-29 08:00:00,2026-06-29 05:00:00,2026-06-29 13:00:00,1.31999,1.32125,1.31999,1.321,0.0
2026-06-29 09:00:00,2026-06-29 06:00:00,2026-06-29 14:00:00,1.32104,1.32277,1.32099,1.32275,0.0
2026-06-29 10:00:00,2026-06-29 07:00:00,2026-06-29 15:00:00,1.32258,1.3228,1.32141,1.32141,0.0
2026-06-29 11:00:00,2026-06-29 08:00:00,2026-06-29 16:00:00,1.32151,1.32167,1.32039,1.32072,0.0
2026-06-29 12:00:00,2026-06-29 09:00:00,2026-06-29 17:00:00,1.32071,1.32174,1.32071,1.32156,0.0
2026-06-29 13:00:00,2026-06-29 10:00:00,2026-06-29 18:00:00,1.32179,1.32254,1.32102,1.3223,0.0
2026-06-29 14:00:00,2026-06-29 11:00:00,2026-06-29 19:00:00,1.32237,1.32349,1.32237,1.32329,0.0
2026-06-29 15:00:00,2026-06-29 12:00:00,2026-06-29 20:00:00,1.32317,1.32394,1.32289,1.32328,0.0
2026-06-29 16:00:00,2026-06-29 13:00:00,2026-06-29 21:00:00,1.32363,1.32461,1.32352,1.32419,0.0
2026-06-29 17:00:00,2026-06-29 14:00:00,2026-06-29 22:00:00,1.32377,1.32475,1.32308,1.32463,0.0
2026-06-29 18:00:00,2026-06-29 15:00:00,2026-06-29 23:00:00,1.32454,1.32528,1.32433,1.32528,0.0
2026-06-29 19:00:00,2026-06-29 16:00:00,2026-06-30 00:00:00,1.3254,1.32586,1.32519,1.3255,0.0
2026-06-29 20:00:00,2026-06-29 17:00:00,2026-06-30 01:00:00,1.3255,1.32582,1.32515,1.32573,0.0
2026-06-29 21:00:00,2026-06-29 18:00:00,2026-06-30 02:00:00,1.32579,1.32608,1.3257,1.32579,0.0
2026-06-29 22:00:00,2026-06-29 19:00:00,2026-06-30 03:00:00,1.32582,1.3263,1.32554,1.3261,0.0
2026-06-29 23:00:00,2026-06-29 20:00:00,2026-06-30 04:00:00,1.3261,1.32626,1.32582,1.32598,0.0
2026-06-30 00:00:00,2026-06-29 21:00:00,2026-06-30 05:00:00,1.32571,1.32607,1.32435,1.32563,0.0
2026-06-30 01:00:00,2026-06-29 22:00:00,2026-06-30 06:00:00,1.32603,1.32621,1.3258,1.32621,0.0
2026-06-30 02:00:00,2026-06-29 23:00:00,2026-06-30 07:00:00,1.3261,1.32615,1.3254,1.32543,0.0
2026-06-30 03:00:00,2026-06-30 00:00:00,2026-06-30 08:00:00,1.32526,1.32549,1.32399,1.32445,0.0
2026-06-30 04:00:00,2026-06-30 01:00:00,2026-06-30 09:00:00,1.32468,1.32478,1.32357,1.32357,0.0
2026-06-30 05:00:00,2026-06-30 02:00:00,2026-06-30 10:00:00,1.32363,1.32401,1.32349,1.32366,0.0
2026-06-30 06:00:00,2026-06-30 03:00:00,2026-06-30 11:00:00,1.32375,1.32391,1.32321,1.32336,0.0
2026-06-30 07:00:00,2026-06-30 04:00:00,2026-06-30 12:00:00,1.32333,1.32366,1.32303,1.32303,0.0
2026-06-30 08:00:00,2026-06-30 05:00:00,2026-06-30 13:00:00,1.32293,1.32331,1.32261,1.32268,0.0
2026-06-30 09:00:00,2026-06-30 06:00:00,2026-06-30 14:00:00,1.32272,1.32452,1.32233,1.32414,0.0
2026-06-30 10:00:00,2026-06-30 07:00:00,2026-06-30 15:00:00,1.32422,1.32468,1.32343,1.32359,0.0
2026-06-30 11:00:00,2026-06-30 08:00:00,2026-06-30 16:00:00,1.32342,1.32352,1.32224,1.32312,0.0
2026-06-30 12:00:00,2026-06-30 09:00:00,2026-06-30 17:00:00,1.323,1.32387,1.323,1.32371,0.0
2026-06-30 13:00:00,2026-06-30 10:00:00,2026-06-30 18:00:00,1.32363,1.32398,1.32322,1.3237,0.0
2026-06-30 14:00:00,2026-06-30 11:00:00,2026-06-30 19:00:00,1.32363,1.32363,1.32163,1.3227,0.0
2026-06-30 15:00:00,2026-06-30 12:00:00,2026-06-30 20:00:00,1.32272,1.32272,1.32141,1.32174,0.0
2026-06-30 16:00:00,2026-06-30 13:00:00,2026-06-30 21:00:00,1.32163,1.32312,1.32151,1.32219,0.0
2026-06-30 17:00:00,2026-06-30 14:00:00,2026-06-30 22:00:00,1.32203,1.32735,1.32168,1.32732,0.0
2026-06-30 18:00:00,2026-06-30 15:00:00,2026-06-30 23:00:00,1.32725,1.32758,1.32566,1.3257,0.0
2026-06-30 19:00:00,2026-06-30 16:00:00,2026-07-01 00:00:00,1.32575,1.32582,1.32492,1.3251,0.0
2026-06-30 20:00:00,2026-06-30 17:00:00,2026-07-01 01:00:00,1.32519,1.32582,1.32508,1.32561,0.0
2026-06-30 21:00:00,2026-06-30 18:00:00,2026-07-01 02:00:00,1.32563,1.32637,1.32557,1.32563,0.0
2026-06-30 22:00:00,2026-06-30 19:00:00,2026-07-01 03:00:00,1.3255,1.32656,1.32529,1.32656,0.0
2026-06-30 23:00:00,2026-06-30 20:00:00,2026-07-01 04:00:00,1.32651,1.32661,1.32596,1.32619,0.0
2026-07-01 00:00:00,2026-06-30 21:00:00,2026-07-01 05:00:00,1.32621,1.32631,1.32517,1.32615,0.0
2026-07-01 01:00:00,2026-06-30 22:00:00,2026-07-01 06:00:00,1.32603,1.32607,1.32573,1.32579,0.0
2026-07-01 02:00:00,2026-06-30 23:00:00,2026-07-01 07:00:00,1.32582,1.32584,1.32498,1.32505,0.0
2026-07-01 03:00:00,2026-07-01 00:00:00,2026-07-01 08:00:00,1.32507,1.32521,1.32449,1.32464,0.0
2026-07-01 04:00:00,2026-07-01 01:00:00,2026-07-01 09:00:00,1.32463,1.32463,1.32361,1.3238,0.0
2026-07-01 05:00:00,2026-07-01 02:00:00,2026-07-01 10:00:00,1.32385,1.3241,1.3235,1.32377,0.0
2026-07-01 06:00:00,2026-07-01 03:00:00,2026-07-01 11:00:00,1.32368,1.32394,1.32321,1.32352,0.0
2026-07-01 07:00:00,2026-07-01 04:00:00,2026-07-01 12:00:00,1.32361,1.32443,1.32333,1.32424,0.0
2026-07-01 08:00:00,2026-07-01 05:00:00,2026-07-01 13:00:00,1.32419,1.32454,1.32408,1.32424,0.0
2026-07-01 09:00:00,2026-07-01 06:00:00,2026-07-01 14:00:00,1.32415,1.32447,1.32359,1.32443,0.0
2026-07-01 10:00:00,2026-07-01 07:00:00,2026-07-01 15:00:00,1.3244,1.32459,1.323,1.32445,0.0
2026-07-01 11:00:00,2026-07-01 08:00:00,2026-07-01 16:00:00,1.3245,1.32524,1.32399,1.32449,0.0
2026-07-01 12:00:00,2026-07-01 09:00:00,2026-07-01 17:00:00,1.32459,1.32564,1.32443,1.32484,0.0
2026-07-01 13:00:00,2026-07-01 10:00:00,2026-07-01 18:00:00,1.32473,1.32564,1.32459,1.32552,0.0
2026-07-01 14:00:00,2026-07-01 11:00:00,2026-07-01 19:00:00,1.32529,1.32529,1.32426,1.32433,0.0
2026-07-01 15:00:00,2026-07-01 12:00:00,2026-07-01 20:00:00,1.32438,1.32491,1.32354,1.32387,0.0
2026-07-01 16:00:00,2026-07-01 13:00:00,2026-07-01 21:00:00,1.3237,1.32776,1.3221,1.3264,0.0
2026-07-01 17:00:00,2026-07-01 14:00:00,2026-07-01 22:00:00,1.3267,1.32917,1.32649,1.3277,0.0
2026-07-01 18:00:00,2026-07-01 15:00:00,2026-07-01 23:00:00,1.32784,1.32813,1.32672,1.32786,0.0
2026-07-01 19:00:00,2026-07-01 16:00:00,2026-07-02 00:00:00,1.32784,1.32917,1.32784,1.3283,0.0
2026-07-01 20:00:00,2026-07-01 17:00:00,2026-07-02 01:00:00,1.32827,1.32852,1.32781,1.32793,0.0
2026-07-01 21:00:00,2026-07-01 18:00:00,2026-07-02 02:00:00,1.32783,1.32795,1.32719,1.32788,0.0
2026-07-01 22:00:00,2026-07-01 19:00:00,2026-07-02 03:00:00,1.32784,1.32827,1.32783,1.32786,0.0
2026-07-01 23:00:00,2026-07-01 20:00:00,2026-07-02 04:00:00,1.3279,1.32809,1.32707,1.32767,0.0
2026-07-02 00:00:00,2026-07-01 21:00:00,2026-07-02 05:00:00,1.3276,1.32832,1.32735,1.32774,0.0
2026-07-02 01:00:00,2026-07-01 22:00:00,2026-07-02 06:00:00,1.32777,1.32804,1.32755,1.328,0.0
2026-07-02 02:00:00,2026-07-01 23:00:00,2026-07-02 07:00:00,1.32799,1.32806,1.32786,1.3279,0.0
2026-07-02 03:00:00,2026-07-02 00:00:00,2026-07-02 08:00:00,1.32788,1.32836,1.32751,1.32784,0.0
2026-07-02 04:00:00,2026-07-02 01:00:00,2026-07-02 09:00:00,1.3279,1.32908,1.32784,1.32846,0.0
2026-07-02 05:00:00,2026-07-02 02:00:00,2026-07-02 10:00:00,1.32844,1.3295,1.32844,1.32864,0.0
2026-07-02 06:00:00,2026-07-02 03:00:00,2026-07-02 11:00:00,1.32859,1.32871,1.32807,1.32864,0.0
2026-07-02 07:00:00,2026-07-02 04:00:00,2026-07-02 12:00:00,1.32878,1.3292,1.32859,1.32899,0.0
2026-07-02 08:00:00,2026-07-02 05:00:00,2026-07-02 13:00:00,1.32899,1.32929,1.32876,1.32917,0.0
2026-07-02 09:00:00,2026-07-02 06:00:00,2026-07-02 14:00:00,1.32922,1.33209,1.32922,1.33073,0.0
2026-07-02 10:00:00,2026-07-02 07:00:00,2026-07-02 15:00:00,1.33048,1.33378,1.32996,1.33365,0.0
2026-07-02 11:00:00,2026-07-02 08:00:00,2026-07-02 16:00:00,1.33378,1.33627,1.33378,1.33567,0.0
2026-07-02 12:00:00,2026-07-02 09:00:00,2026-07-02 17:00:00,1.33558,1.33574,1.33397,1.33429,0.0
2026-07-02 13:00:00,2026-07-02 10:00:00,2026-07-02 18:00:00,1.33408,1.33449,1.33268,1.33333,0.0
2026-07-02 14:00:00,2026-07-02 11:00:00,2026-07-02 19:00:00,1.33332,1.33332,1.33104,1.33126,0.0
2026-07-02 15:00:00,2026-07-02 12:00:00,2026-07-02 20:00:00,1.33099,1.33817,1.32979,1.33624,0.0
2026-07-02 16:00:00,2026-07-02 13:00:00,2026-07-02 21:00:00,1.33667,1.33799,1.33559,1.3374,0.0
2026-07-02 17:00:00,2026-07-02 14:00:00,2026-07-02 22:00:00,1.33747,1.33854,1.33581,1.33752,0.0
2026-07-02 18:00:00,2026-07-02 15:00:00,2026-07-02 23:00:00,1.33758,1.33774,1.3362,1.33622,0.0
2026-07-02 19:00:00,2026-07-02 16:00:00,2026-07-03 00:00:00,1.33624,1.33624,1.33506,1.33545,0.0
2026-07-02 20:00:00,2026-07-02 17:00:00,2026-07-03 01:00:00,1.33533,1.33533,1.33385,1.33401,0.0
2026-07-02 21:00:00,2026-07-02 18:00:00,2026-07-03 02:00:00,1.33415,1.33517,1.33415,1.33481,0.0
2026-07-02 22:00:00,2026-07-02 19:00:00,2026-07-03 03:00:00,1.33481,1.33485,1.33426,1.33458,0.0
2026-07-02 23:00:00,2026-07-02 20:00:00,2026-07-03 04:00:00,1.33451,1.33517,1.33451,1.33483,0.0
2026-07-03 00:00:00,2026-07-02 21:00:00,2026-07-03 05:00:00,1.33558,1.33558,1.33421,1.33492,0.0
2026-07-03 01:00:00,2026-07-02 22:00:00,2026-07-03 06:00:00,1.33506,1.33506,1.33426,1.33437,0.0
2026-07-03 02:00:00,2026-07-02 23:00:00,2026-07-03 07:00:00,1.33449,1.33477,1.33387,1.33387,0.0
2026-07-03 03:00:00,2026-07-03 00:00:00,2026-07-03 08:00:00,1.33403,1.33481,1.33355,1.33481,0.0
2026-07-03 04:00:00,2026-07-03 01:00:00,2026-07-03 09:00:00,1.33483,1.3364,1.33481,1.33568,0.0
2026-07-03 05:00:00,2026-07-03 02:00:00,2026-07-03 10:00:00,1.33561,1.33665,1.33556,1.33613,0.0
2026-07-03 06:00:00,2026-07-03 03:00:00,2026-07-03 11:00:00,1.33618,1.33627,1.33577,1.33622,0.0
2026-07-03 07:00:00,2026-07-03 04:00:00,2026-07-03 12:00:00,1.33615,1.33661,1.33583,1.33654,0.0
2026-07-03 08:00:00,2026-07-03 05:00:00,2026-07-03 13:00:00,1.33659,1.33774,1.33652,1.33652,0.0
2026-07-03 09:00:00,2026-07-03 06:00:00,2026-07-03 14:00:00,1.33663,1.33803,1.33654,1.33702,0.0
2026-07-03 10:00:00,2026-07-03 07:00:00,2026-07-03 15:00:00,1.33679,1.33758,1.3364,1.33718,0.0
2026-07-03 11:00:00,2026-07-03 08:00:00,2026-07-03 16:00:00,1.33735,1.33735,1.33581,1.33613,0.0
2026-07-03 12:00:00,2026-07-03 09:00:00,2026-07-03 17:00:00,1.33604,1.33618,1.3352,1.3352,0.0
2026-07-03 13:00:00,2026-07-03 10:00:00,2026-07-03 18:00:00,1.33511,1.33609,1.3351,1.33576,0.0
2026-07-03 14:00:00,2026-07-03 11:00:00,2026-07-03 19:00:00,1.33561,1.33643,1.3354,1.33583,0.0
2026-07-03 15:00:00,2026-07-03 12:00:00,2026-07-03 20:00:00,1.33583,1.33606,1.33556,1.33567,0.0
2026-07-03 16:00:00,2026-07-03 13:00:00,2026-07-03 21:00:00,1.33554,1.33554,1.33477,1.33477,0.0
2026-07-03 17:00:00,2026-07-03 14:00:00,2026-07-03 22:00:00,1.33495,1.33584,1.33472,1.33572,0.0
2026-07-03 18:00:00,2026-07-03 15:00:00,2026-07-03 23:00:00,1.33568,1.33574,1.33513,1.33563,0.0
2026-07-03 19:00:00,2026-07-03 16:00:00,2026-07-04 00:00:00,1.33554,1.33561,1.33517,1.33552,0.0
2026-07-03 20:00:00,2026-07-03 17:00:00,2026-07-04 01:00:00,1.33556,1.33581,1.33549,1.3357,0.0
2026-07-03 21:00:00,2026-07-03 18:00:00,2026-07-04 02:00:00,1.33565,1.33579,1.33558,1.33577,0.0
2026-07-03 22:00:00,2026-07-03 19:00:00,2026-07-04 03:00:00,1.33563,1.33583,1.33536,1.33538,0.0
2026-07-03 23:00:00,2026-07-03 20:00:00,2026-07-04 04:00:00,1.33535,1.33545,1.33472,1.33501,0.0
2026-07-04 00:00:00,2026-07-03 21:00:00,2026-07-04 05:00:00,1.33499,1.33499,1.33499,1.33499,0.0
2026-07-06 00:00:00,2026-07-05 21:00:00,2026-07-06 05:00:00,1.33423,1.3349,1.33396,1.33463,2280.0
2026-07-06 01:00:00,2026-07-05 22:00:00,2026-07-06 06:00:00,1.33474,1.33546,1.3346,1.33484,4287.0
2026-07-06 02:00:00,2026-07-05 23:00:00,2026-07-06 07:00:00,1.33494,1.33536,1.33463,1.33527,0.0
2026-07-06 03:00:00,2026-07-06 00:00:00,2026-07-06 08:00:00,1.3352,1.33568,1.33483,1.33535,0.0
2026-07-06 04:00:00,2026-07-06 01:00:00,2026-07-06 09:00:00,1.33531,1.33542,1.33399,1.33403,0.0
2026-07-06 05:00:00,2026-07-06 02:00:00,2026-07-06 10:00:00,1.33406,1.33476,1.33399,1.33476,0.0
2026-07-06 06:00:00,2026-07-06 03:00:00,2026-07-06 11:00:00,1.3347,1.33479,1.33403,1.33424,0.0
2026-07-06 07:00:00,2026-07-06 04:00:00,2026-07-06 12:00:00,1.33426,1.33456,1.33422,1.33431,0.0
2026-07-06 08:00:00,2026-07-06 05:00:00,2026-07-06 13:00:00,1.33422,1.33442,1.33364,1.33367,0.0
2026-07-06 09:00:00,2026-07-06 06:00:00,2026-07-06 14:00:00,1.33383,1.3341,1.33317,1.3334,0.0
2026-07-06 10:00:00,2026-07-06 07:00:00,2026-07-06 15:00:00,1.33319,1.33492,1.333,1.33492,0.0
2026-07-06 11:00:00,2026-07-06 08:00:00,2026-07-06 16:00:00,1.33499,1.33499,1.33316,1.33381,0.0
2026-07-06 12:00:00,2026-07-06 09:00:00,2026-07-06 17:00:00,1.33349,1.33413,1.33316,1.33349,0.0
2026-07-06 13:00:00,2026-07-06 10:00:00,2026-07-06 18:00:00,1.33344,1.33467,1.3333,1.33413,0.0
2026-07-06 14:00:00,2026-07-06 11:00:00,2026-07-06 19:00:00,1.3341,1.33454,1.33367,1.33451,0.0
2026-07-06 15:00:00,2026-07-06 12:00:00,2026-07-06 20:00:00,1.33483,1.33515,1.33383,1.33421,0.0
2026-07-06 16:00:00,2026-07-06 13:00:00,2026-07-06 21:00:00,1.33415,1.33561,1.33415,1.33465,0.0
2026-07-06 17:00:00,2026-07-06 14:00:00,2026-07-06 22:00:00,1.33461,1.33586,1.33447,1.33559,0.0
2026-07-06 18:00:00,2026-07-06 15:00:00,2026-07-06 23:00:00,1.33572,1.33679,1.33531,1.33679,0.0
2026-07-06 19:00:00,2026-07-06 16:00:00,2026-07-07 00:00:00,1.33674,1.33769,1.33656,1.33758,0.0
2026-07-06 20:00:00,2026-07-06 17:00:00,2026-07-07 01:00:00,1.3377,1.33838,1.33751,1.33824,0.0
2026-07-06 21:00:00,2026-07-06 18:00:00,2026-07-07 02:00:00,1.33822,1.33969,1.33815,1.33946,0.0
2026-07-06 22:00:00,2026-07-06 19:00:00,2026-07-07 03:00:00,1.33948,1.33967,1.33905,1.33917,0.0
2026-07-06 23:00:00,2026-07-06 20:00:00,2026-07-07 04:00:00,1.33926,1.33932,1.33887,1.33903,0.0
2026-07-07 00:00:00,2026-07-06 21:00:00,2026-07-07 05:00:00,1.33871,1.33944,1.33849,1.33915,0.0
2026-07-07 01:00:00,2026-07-06 22:00:00,2026-07-07 06:00:00,1.33932,1.33967,1.33905,1.3396,0.0
2026-07-07 02:00:00,2026-07-06 23:00:00,2026-07-07 07:00:00,1.3398,1.34012,1.33944,1.33944,0.0
2026-07-07 03:00:00,2026-07-07 00:00:00,2026-07-07 08:00:00,1.33946,1.33958,1.33894,1.33894,0.0
2026-07-07 04:00:00,2026-07-07 01:00:00,2026-07-07 09:00:00,1.33899,1.34014,1.33889,1.33966,0.0
2026-07-07 05:00:00,2026-07-07 02:00:00,2026-07-07 10:00:00,1.33987,1.34002,1.33915,1.33924,0.0
2026-07-07 06:00:00,2026-07-07 03:00:00,2026-07-07 11:00:00,1.33923,1.33975,1.33897,1.33906,0.0
2026-07-07 07:00:00,2026-07-07 04:00:00,2026-07-07 12:00:00,1.33906,1.33937,1.33897,1.33897,0.0
2026-07-07 08:00:00,2026-07-07 05:00:00,2026-07-07 13:00:00,1.33892,1.33906,1.33803,1.33842,0.0
2026-07-07 09:00:00,2026-07-07 06:00:00,2026-07-07 14:00:00,1.33863,1.33871,1.33761,1.33792,0.0
2026-07-07 10:00:00,2026-07-07 07:00:00,2026-07-07 15:00:00,1.33797,1.33849,1.33756,1.33794,0.0
2026-07-07 11:00:00,2026-07-07 08:00:00,2026-07-07 16:00:00,1.33797,1.33939,1.33794,1.33924,0.0
2026-07-07 12:00:00,2026-07-07 09:00:00,2026-07-07 17:00:00,1.33906,1.33919,1.33815,1.33817,0.0
2026-07-07 13:00:00,2026-07-07 10:00:00,2026-07-07 18:00:00,1.33795,1.33867,1.33711,1.33854,0.0
2026-07-07 14:00:00,2026-07-07 11:00:00,2026-07-07 19:00:00,1.33851,1.33941,1.33838,1.33897,0.0
2026-07-07 15:00:00,2026-07-07 12:00:00,2026-07-07 20:00:00,1.33881,1.3393,1.3382,1.3384,0.0
2026-07-07 16:00:00,2026-07-07 13:00:00,2026-07-07 21:00:00,1.33854,1.3386,1.33701,1.33701,0.0
2026-07-07 17:00:00,2026-07-07 14:00:00,2026-07-07 22:00:00,1.33733,1.33853,1.3362,1.33804,0.0
2026-07-07 18:00:00,2026-07-07 15:00:00,2026-07-07 23:00:00,1.33785,1.3381,1.33708,1.33708,0.0
2026-07-07 19:00:00,2026-07-07 16:00:00,2026-07-08 00:00:00,1.33729,1.33751,1.33661,1.33717,0.0
2026-07-07 20:00:00,2026-07-07 17:00:00,2026-07-08 01:00:00,1.33711,1.33756,1.3369,1.33751,0.0
2026-07-07 21:00:00,2026-07-07 18:00:00,2026-07-08 02:00:00,1.33742,1.33763,1.33618,1.3364,0.0
2026-07-07 22:00:00,2026-07-07 19:00:00,2026-07-08 03:00:00,1.33617,1.33626,1.33504,1.33613,0.0
2026-07-07 23:00:00,2026-07-07 20:00:00,2026-07-08 04:00:00,1.33604,1.33629,1.33568,1.33593,0.0
2026-07-08 00:00:00,2026-07-07 21:00:00,2026-07-08 05:00:00,1.33494,1.33617,1.33494,1.33588,0.0
2026-07-08 01:00:00,2026-07-07 22:00:00,2026-07-08 06:00:00,1.33535,1.33551,1.33495,1.3354,0.0
2026-07-08 02:00:00,2026-07-07 23:00:00,2026-07-08 07:00:00,1.3354,1.33545,1.33461,1.33477,0.0
2026-07-08 03:00:00,2026-07-08 00:00:00,2026-07-08 08:00:00,1.33467,1.33552,1.33426,1.33535,0.0
2026-07-08 04:00:00,2026-07-08 01:00:00,2026-07-08 09:00:00,1.33527,1.33551,1.33431,1.33502,0.0
2026-07-08 05:00:00,2026-07-08 02:00:00,2026-07-08 10:00:00,1.33502,1.33549,1.33488,1.33522,0.0
2026-07-08 06:00:00,2026-07-08 03:00:00,2026-07-08 11:00:00,1.33545,1.33592,1.33545,1.33545,0.0
2026-07-08 07:00:00,2026-07-08 04:00:00,2026-07-08 12:00:00,1.33538,1.33551,1.33515,1.33538,0.0
2026-07-08 08:00:00,2026-07-08 05:00:00,2026-07-08 13:00:00,1.33545,1.33592,1.33524,1.33567,0.0
2026-07-08 09:00:00,2026-07-08 06:00:00,2026-07-08 14:00:00,1.33602,1.33659,1.33556,1.3364,0.0
2026-07-08 10:00:00,2026-07-08 07:00:00,2026-07-08 15:00:00,1.33649,1.33701,1.33567,1.33659,0.0
2026-07-08 11:00:00,2026-07-08 08:00:00,2026-07-08 16:00:00,1.33651,1.33699,1.33381,1.33408,0.0
2026-07-08 12:00:00,2026-07-08 09:00:00,2026-07-08 17:00:00,1.33397,1.33488,1.33245,1.33429,0.0
2026-07-08 13:00:00,2026-07-08 10:00:00,2026-07-08 18:00:00,1.33429,1.33572,1.33422,1.33479,0.0
2026-07-08 14:00:00,2026-07-08 11:00:00,2026-07-08 19:00:00,1.33453,1.3347,1.33312,1.33348,0.0
2026-07-08 15:00:00,2026-07-08 12:00:00,2026-07-08 20:00:00,1.33367,1.33568,1.3336,1.33419,0.0
2026-07-08 16:00:00,2026-07-08 13:00:00,2026-07-08 21:00:00,1.33433,1.33774,1.33433,1.33686,0.0
2026-07-08 17:00:00,2026-07-08 14:00:00,2026-07-08 22:00:00,1.33715,1.33756,1.33649,1.33722,0.0
2026-07-08 18:00:00,2026-07-08 15:00:00,2026-07-08 23:00:00,1.33708,1.33745,1.33579,1.33613,0.0
2026-07-08 19:00:00,2026-07-08 16:00:00,2026-07-09 00:00:00,1.33613,1.33856,1.33613,1.33856,0.0
2026-07-08 20:00:00,2026-07-08 17:00:00,2026-07-09 01:00:00,1.33867,1.34081,1.33867,1.33967,0.0
2026-07-08 21:00:00,2026-07-08 18:00:00,2026-07-09 02:00:00,1.33953,1.34054,1.33953,1.34003,0.0
2026-07-08 22:00:00,2026-07-08 19:00:00,2026-07-09 03:00:00,1.34025,1.34079,1.33985,1.34034,0.0
2026-07-08 23:00:00,2026-07-08 20:00:00,2026-07-09 04:00:00,1.3402,1.34041,1.33862,1.33889,0.0
2026-07-09 00:00:00,2026-07-08 21:00:00,2026-07-09 05:00:00,1.33921,1.33967,1.33849,1.33928,0.0
2026-07-09 01:00:00,2026-07-08 22:00:00,2026-07-09 06:00:00,1.33908,1.33932,1.3389,1.3391,0.0
2026-07-09 02:00:00,2026-07-08 23:00:00,2026-07-09 07:00:00,1.33921,1.33949,1.33897,1.33942,0.0
2026-07-09 03:00:00,2026-07-09 00:00:00,2026-07-09 08:00:00,1.33941,1.34037,1.33941,1.33982,0.0
2026-07-09 04:00:00,2026-07-09 01:00:00,2026-07-09 09:00:00,1.33984,1.33993,1.33878,1.33966,0.0
2026-07-09 05:00:00,2026-07-09 02:00:00,2026-07-09 10:00:00,1.33975,1.34003,1.33951,1.33951,0.0
2026-07-09 06:00:00,2026-07-09 03:00:00,2026-07-09 11:00:00,1.33948,1.34011,1.3391,1.33966,0.0
2026-07-09 07:00:00,2026-07-09 04:00:00,2026-07-09 12:00:00,1.33958,1.34,1.33948,1.33993,0.0
2026-07-09 08:00:00,2026-07-09 05:00:00,2026-07-09 13:00:00,1.33994,1.34077,1.33994,1.34046,0.0
2026-07-09 09:00:00,2026-07-09 06:00:00,2026-07-09 14:00:00,1.34084,1.34293,1.34082,1.34235,0.0
2026-07-09 10:00:00,2026-07-09 07:00:00,2026-07-09 15:00:00,1.34262,1.34273,1.34124,1.34149,0.0
2026-07-09 11:00:00,2026-07-09 08:00:00,2026-07-09 16:00:00,1.34158,1.34214,1.3412,1.34135,0.0
2026-07-09 12:00:00,2026-07-09 09:00:00,2026-07-09 17:00:00,1.34142,1.34158,1.34073,1.34122,0.0
2026-07-09 13:00:00,2026-07-09 10:00:00,2026-07-09 18:00:00,1.34124,1.34124,1.33951,1.33962,0.0
2026-07-09 14:00:00,2026-07-09 11:00:00,2026-07-09 19:00:00,1.33955,1.33955,1.33865,1.3389,0.0
2026-07-09 15:00:00,2026-07-09 12:00:00,2026-07-09 20:00:00,1.33908,1.33984,1.33815,1.33847,0.0
2026-07-09 16:00:00,2026-07-09 13:00:00,2026-07-09 21:00:00,1.33871,1.34025,1.33862,1.34018,0.0
2026-07-09 17:00:00,2026-07-09 14:00:00,2026-07-09 22:00:00,1.3403,1.34106,1.33889,1.33923,0.0
2026-07-09 18:00:00,2026-07-09 15:00:00,2026-07-09 23:00:00,1.33915,1.34079,1.33881,1.34079,0.0
2026-07-09 19:00:00,2026-07-09 16:00:00,2026-07-10 00:00:00,1.34082,1.34126,1.34034,1.34113,0.0
2026-07-09 20:00:00,2026-07-09 17:00:00,2026-07-10 01:00:00,1.34118,1.34165,1.3409,1.34158,0.0
2026-07-09 21:00:00,2026-07-09 18:00:00,2026-07-10 02:00:00,1.34172,1.34198,1.34113,1.34162,0.0
2026-07-09 22:00:00,2026-07-09 19:00:00,2026-07-10 03:00:00,1.34171,1.34171,1.34055,1.34084,0.0
2026-07-09 23:00:00,2026-07-09 20:00:00,2026-07-10 04:00:00,1.3409,1.34115,1.34082,1.34097,0.0
2026-07-10 00:00:00,2026-07-09 21:00:00,2026-07-10 05:00:00,1.34064,1.34131,1.34018,1.34055,0.0
2026-07-10 01:00:00,2026-07-09 22:00:00,2026-07-10 06:00:00,1.34075,1.34133,1.34075,1.34131,0.0
2026-07-10 02:00:00,2026-07-09 23:00:00,2026-07-10 07:00:00,1.34129,1.34136,1.34111,1.34135,0.0
2026-07-10 03:00:00,2026-07-10 00:00:00,2026-07-10 08:00:00,1.3414,1.34248,1.34091,1.34234,0.0
2026-07-10 04:00:00,2026-07-10 01:00:00,2026-07-10 09:00:00,1.34226,1.34382,1.3421,1.34371,0.0
2026-07-10 05:00:00,2026-07-10 02:00:00,2026-07-10 10:00:00,1.34351,1.34515,1.34351,1.3449,0.0
2026-07-10 06:00:00,2026-07-10 03:00:00,2026-07-10 11:00:00,1.34495,1.34508,1.34392,1.34396,0.0
2026-07-10 07:00:00,2026-07-10 04:00:00,2026-07-10 12:00:00,1.34389,1.34389,1.34282,1.34304,0.0
2026-07-10 08:00:00,2026-07-10 05:00:00,2026-07-10 13:00:00,1.34304,1.3434,1.34223,1.3428,0.0
2026-07-10 09:00:00,2026-07-10 06:00:00,2026-07-10 14:00:00,1.34295,1.34358,1.34253,1.3427,0.0
2026-07-10 10:00:00,2026-07-10 07:00:00,2026-07-10 15:00:00,1.34266,1.34308,1.34216,1.34216,0.0
2026-07-10 11:00:00,2026-07-10 08:00:00,2026-07-10 16:00:00,1.34212,1.34266,1.34106,1.34106,0.0
2026-07-10 12:00:00,2026-07-10 09:00:00,2026-07-10 17:00:00,1.34117,1.34165,1.34095,1.34102,0.0
2026-07-10 13:00:00,2026-07-10 10:00:00,2026-07-10 18:00:00,1.34111,1.34349,1.34111,1.34349,0.0
2026-07-10 14:00:00,2026-07-10 11:00:00,2026-07-10 19:00:00,1.34358,1.34371,1.34181,1.34266,0.0
2026-07-10 15:00:00,2026-07-10 12:00:00,2026-07-10 20:00:00,1.34275,1.34309,1.34163,1.34207,0.0
2026-07-10 16:00:00,2026-07-10 13:00:00,2026-07-10 21:00:00,1.34205,1.34205,1.34063,1.34063,0.0
2026-07-10 17:00:00,2026-07-10 14:00:00,2026-07-10 22:00:00,1.34034,1.3414,1.33991,1.34108,0.0
2026-07-10 18:00:00,2026-07-10 15:00:00,2026-07-10 23:00:00,1.34097,1.34223,1.34091,1.34214,0.0
2026-07-10 19:00:00,2026-07-10 16:00:00,2026-07-11 00:00:00,1.34212,1.3423,1.34111,1.34111,0.0
2026-07-10 20:00:00,2026-07-10 17:00:00,2026-07-11 01:00:00,1.34118,1.34131,1.34,1.34,0.0
2026-07-10 21:00:00,2026-07-10 18:00:00,2026-07-11 02:00:00,1.34011,1.34011,1.33933,1.33978,0.0
2026-07-10 22:00:00,2026-07-10 19:00:00,2026-07-11 03:00:00,1.33989,1.34,1.33953,1.34,0.0
2026-07-10 23:00:00,2026-07-10 20:00:00,2026-07-11 04:00:00,1.34,1.34018,1.33941,1.34018,0.0
2026-07-11 00:00:00,2026-07-10 21:00:00,2026-07-11 05:00:00,1.33982,1.33982,1.33982,1.33982,0.0
2026-07-13 00:00:00,2026-07-12 21:00:00,2026-07-13 05:00:00,1.33792,1.33864,1.33782,1.33837,761.0
2026-07-13 01:00:00,2026-07-12 22:00:00,2026-07-13 06:00:00,1.33865,1.33869,1.33692,1.33753,6564.0
2026-07-13 02:00:00,2026-07-12 23:00:00,2026-07-13 07:00:00,1.33754,1.33863,1.33731,1.33863,0.0
2026-07-13 03:00:00,2026-07-13 00:00:00,2026-07-13 08:00:00,1.33869,1.33869,1.33763,1.33763,0.0
2026-07-13 04:00:00,2026-07-13 01:00:00,2026-07-13 09:00:00,1.33756,1.33837,1.33697,1.33829,0.0
2026-07-13 05:00:00,2026-07-13 02:00:00,2026-07-13 10:00:00,1.33844,1.33844,1.33779,1.33788,0.0
2026-07-13 06:00:00,2026-07-13 03:00:00,2026-07-13 11:00:00,1.33774,1.33797,1.33724,1.33783,0.0
2026-07-13 07:00:00,2026-07-13 04:00:00,2026-07-13 12:00:00,1.33788,1.33849,1.33761,1.33847,0.0
2026-07-13 08:00:00,2026-07-13 05:00:00,2026-07-13 13:00:00,1.33844,1.33876,1.33788,1.33795,0.0
2026-07-13 09:00:00,2026-07-13 06:00:00,2026-07-13 14:00:00,1.33804,1.33924,1.33752,1.33779,0.0
2026-07-13 10:00:00,2026-07-13 07:00:00,2026-07-13 15:00:00,1.33801,1.33958,1.3379,1.33935,0.0
2026-07-13 11:00:00,2026-07-13 08:00:00,2026-07-13 16:00:00,1.33937,1.3412,1.33937,1.33955,0.0
2026-07-13 12:00:00,2026-07-13 09:00:00,2026-07-13 17:00:00,1.33949,1.3396,1.3386,1.33906,0.0
2026-07-13 13:00:00,2026-07-13 10:00:00,2026-07-13 18:00:00,1.33914,1.33969,1.33829,1.33969,0.0
2026-07-13 14:00:00,2026-07-13 11:00:00,2026-07-13 19:00:00,1.34,1.34027,1.33872,1.33942,0.0
2026-07-13 15:00:00,2026-07-13 12:00:00,2026-07-13 20:00:00,1.33946,1.33978,1.33849,1.33978,0.0
2026-07-13 16:00:00,2026-07-13 13:00:00,2026-07-13 21:00:00,1.34002,1.34002,1.33854,1.33865,0.0
2026-07-13 17:00:00,2026-07-13 14:00:00,2026-07-13 22:00:00,1.33856,1.33862,1.33681,1.33751,0.0
2026-07-13 18:00:00,2026-07-13 15:00:00,2026-07-13 23:00:00,1.33792,1.3382,1.33708,1.33817,0.0
2026-07-13 19:00:00,2026-07-13 16:00:00,2026-07-14 00:00:00,1.3381,1.3384,1.3359,1.33622,0.0
2026-07-13 20:00:00,2026-07-13 17:00:00,2026-07-14 01:00:00,1.33629,1.33659,1.33579,1.33601,0.0
2026-07-13 21:00:00,2026-07-13 18:00:00,2026-07-14 02:00:00,1.3359,1.33613,1.33554,1.33601,0.0
2026-07-13 22:00:00,2026-07-13 19:00:00,2026-07-14 03:00:00,1.33606,1.33609,1.33524,1.33536,0.0
2026-07-13 23:00:00,2026-07-13 20:00:00,2026-07-14 04:00:00,1.33535,1.33554,1.33438,1.33472,0.0
2026-07-14 00:00:00,2026-07-13 21:00:00,2026-07-14 05:00:00,1.33429,1.33584,1.33429,1.33502,0.0
2026-07-14 01:00:00,2026-07-13 22:00:00,2026-07-14 06:00:00,1.33474,1.33535,1.33474,1.33488,0.0
2026-07-14 02:00:00,2026-07-13 23:00:00,2026-07-14 07:00:00,1.33486,1.33513,1.33474,1.33499,0.0
2026-07-14 03:00:00,2026-07-14 00:00:00,2026-07-14 08:00:00,1.33508,1.3357,1.33431,1.33543,0.0
2026-07-14 04:00:00,2026-07-14 01:00:00,2026-07-14 09:00:00,1.3352,1.33576,1.3352,1.33554,0.0
2026-07-14 05:00:00,2026-07-14 02:00:00,2026-07-14 10:00:00,1.33556,1.33602,1.33556,1.33577,0.0
2026-07-14 06:00:00,2026-07-14 03:00:00,2026-07-14 11:00:00,1.33572,1.33636,1.33552,1.33609,0.0
2026-07-14 07:00:00,2026-07-14 04:00:00,2026-07-14 12:00:00,1.33609,1.33629,1.33572,1.33601,0.0
2026-07-14 08:00:00,2026-07-14 05:00:00,2026-07-14 13:00:00,1.33604,1.33697,1.33597,1.33634,0.0
2026-07-14 09:00:00,2026-07-14 06:00:00,2026-07-14 14:00:00,1.33631,1.33647,1.33542,1.33572,0.0
2026-07-14 10:00:00,2026-07-14 07:00:00,2026-07-14 15:00:00,1.33559,1.33643,1.33529,1.33574,0.0
2026-07-14 11:00:00,2026-07-14 08:00:00,2026-07-14 16:00:00,1.33576,1.33761,1.33559,1.33749,0.0
2026-07-14 12:00:00,2026-07-14 09:00:00,2026-07-14 17:00:00,1.33751,1.33837,1.33745,1.33803,0.0
2026-07-14 13:00:00,2026-07-14 10:00:00,2026-07-14 18:00:00,1.33797,1.3382,1.3371,1.33724,0.0
2026-07-14 14:00:00,2026-07-14 11:00:00,2026-07-14 19:00:00,1.33731,1.33871,1.33643,1.33844,0.0
2026-07-14 15:00:00,2026-07-14 12:00:00,2026-07-14 20:00:00,1.33847,1.34383,1.3381,1.34054,0.0
2026-07-14 16:00:00,2026-07-14 13:00:00,2026-07-14 21:00:00,1.34086,1.34192,1.3402,1.3418,0.0
2026-07-14 17:00:00,2026-07-14 14:00:00,2026-07-14 22:00:00,1.34154,1.34223,1.33987,1.3407,0.0
2026-07-14 18:00:00,2026-07-14 15:00:00,2026-07-14 23:00:00,1.34057,1.3409,1.33815,1.33817,0.0
2026-07-14 19:00:00,2026-07-14 16:00:00,2026-07-15 00:00:00,1.33829,1.33924,1.33758,1.33901,0.0
2026-07-14 20:00:00,2026-07-14 17:00:00,2026-07-15 01:00:00,1.33896,1.33901,1.33697,1.33774,0.0
2026-07-14 21:00:00,2026-07-14 18:00:00,2026-07-15 02:00:00,1.33776,1.33838,1.33731,1.33824,0.0
2026-07-14 22:00:00,2026-07-14 19:00:00,2026-07-15 03:00:00,1.33835,1.33915,1.33819,1.33897,0.0
2026-07-14 23:00:00,2026-07-14 20:00:00,2026-07-15 04:00:00,1.33881,1.33921,1.33867,1.33921,0.0
2026-07-15 00:00:00,2026-07-14 21:00:00,2026-07-15 05:00:00,1.33874,1.33908,1.33786,1.33871,0.0
2026-07-15 01:00:00,2026-07-14 22:00:00,2026-07-15 06:00:00,1.33896,1.33951,1.33876,1.33901,0.0
2026-07-15 02:00:00,2026-07-14 23:00:00,2026-07-15 07:00:00,1.33914,1.33973,1.3391,1.33962,0.0
2026-07-15 03:00:00,2026-07-15 00:00:00,2026-07-15 08:00:00,1.33962,1.34043,1.33953,1.34043,0.0
2026-07-15 04:00:00,2026-07-15 01:00:00,2026-07-15 09:00:00,1.3405,1.34057,1.33998,1.34025,0.0
2026-07-15 05:00:00,2026-07-15 02:00:00,2026-07-15 10:00:00,1.34027,1.34091,1.34007,1.34073,0.0
2026-07-15 06:00:00,2026-07-15 03:00:00,2026-07-15 11:00:00,1.34066,1.3409,1.33993,1.34045,0.0
2026-07-15 07:00:00,2026-07-15 04:00:00,2026-07-15 12:00:00,1.34046,1.34057,1.34028,1.34028,0.0
2026-07-15 08:00:00,2026-07-15 05:00:00,2026-07-15 13:00:00,1.34027,1.34147,1.34012,1.34115,0.0
2026-07-15 09:00:00,2026-07-15 06:00:00,2026-07-15 14:00:00,1.34118,1.34208,1.34118,1.34174,0.0
2026-07-15 10:00:00,2026-07-15 07:00:00,2026-07-15 15:00:00,1.34151,1.34187,1.34025,1.34027,0.0
2026-07-15 11:00:00,2026-07-15 08:00:00,2026-07-15 16:00:00,1.34027,1.34073,1.3393,1.33962,0.0
2026-07-15 12:00:00,2026-07-15 09:00:00,2026-07-15 17:00:00,1.33973,1.33987,1.33896,1.33917,0.0
2026-07-15 13:00:00,2026-07-15 10:00:00,2026-07-15 18:00:00,1.33914,1.34002,1.3381,1.33967,0.0
2026-07-15 14:00:00,2026-07-15 11:00:00,2026-07-15 19:00:00,1.34,1.34151,1.33967,1.34151,0.0
2026-07-15 15:00:00,2026-07-15 12:00:00,2026-07-15 20:00:00,1.34111,1.34297,1.34054,1.34297,0.0
2026-07-15 16:00:00,2026-07-15 13:00:00,2026-07-15 21:00:00,1.34288,1.34483,1.34234,1.34461,0.0
2026-07-15 17:00:00,2026-07-15 14:00:00,2026-07-15 22:00:00,1.34425,1.34814,1.34396,1.34811,0.0
2026-07-15 18:00:00,2026-07-15 15:00:00,2026-07-15 23:00:00,1.34795,1.34978,1.34725,1.34964,0.0
2026-07-15 19:00:00,2026-07-15 16:00:00,2026-07-16 00:00:00,1.3496,1.35272,1.34953,1.3527,0.0
2026-07-15 20:00:00,2026-07-15 17:00:00,2026-07-16 01:00:00,1.35261,1.3549,1.35261,1.35488,0.0
2026-07-15 21:00:00,2026-07-15 18:00:00,2026-07-16 02:00:00,1.35487,1.35584,1.35382,1.35382,0.0
2026-07-15 22:00:00,2026-07-15 19:00:00,2026-07-16 03:00:00,1.35367,1.35444,1.35289,1.35353,0.0
2026-07-15 23:00:00,2026-07-15 20:00:00,2026-07-16 04:00:00,1.35355,1.35395,1.35344,1.35395,0.0
2026-07-16 00:00:00,2026-07-15 21:00:00,2026-07-16 05:00:00,1.35406,1.35413,1.35309,1.35356,0.0
2026-07-16 01:00:00,2026-07-15 22:00:00,2026-07-16 06:00:00,1.35402,1.35424,1.35384,1.35384,0.0
2026-07-16 02:00:00,2026-07-15 23:00:00,2026-07-16 07:00:00,1.35391,1.35437,1.35375,1.354,0.0
2026-07-16 03:00:00,2026-07-16 00:00:00,2026-07-16 08:00:00,1.35395,1.35444,1.35305,1.35342,0.0
2026-07-16 04:00:00,2026-07-16 01:00:00,2026-07-16 09:00:00,1.35347,1.35355,1.35265,1.35265,0.0
2026-07-16 05:00:00,2026-07-16 02:00:00,2026-07-16 10:00:00,1.3527,1.35272,1.35205,1.35272,0.0
2026-07-16 06:00:00,2026-07-16 03:00:00,2026-07-16 11:00:00,1.35274,1.35384,1.35263,1.35322,0.0
2026-07-16 07:00:00,2026-07-16 04:00:00,2026-07-16 12:00:00,1.35325,1.35351,1.35314,1.35331,0.0
2026-07-16 08:00:00,2026-07-16 05:00:00,2026-07-16 13:00:00,1.35338,1.35415,1.35289,1.35289,0.0
2026-07-16 09:00:00,2026-07-16 06:00:00,2026-07-16 14:00:00,1.35316,1.35422,1.35303,1.354,0.0
2026-07-16 10:00:00,2026-07-16 07:00:00,2026-07-16 15:00:00,1.35404,1.35424,1.35323,1.35342,0.0
2026-07-16 11:00:00,2026-07-16 08:00:00,2026-07-16 16:00:00,1.35323,1.35338,1.35205,1.35216,0.0
2026-07-16 12:00:00,2026-07-16 09:00:00,2026-07-16 17:00:00,1.35216,1.35216,1.35064,1.35089,0.0
2026-07-16 13:00:00,2026-07-16 10:00:00,2026-07-16 18:00:00,1.3508,1.35099,1.35037,1.3504,0.0
2026-07-16 14:00:00,2026-07-16 11:00:00,2026-07-16 19:00:00,1.35037,1.35064,1.34956,1.35064,0.0
2026-07-16 15:00:00,2026-07-16 12:00:00,2026-07-16 20:00:00,1.35071,1.35133,1.34986,1.34989,0.0
2026-07-16 16:00:00,2026-07-16 13:00:00,2026-07-16 21:00:00,1.34986,1.35157,1.34975,1.35089,0.0
2026-07-16 17:00:00,2026-07-16 14:00:00,2026-07-16 22:00:00,1.351,1.35128,1.34893,1.34893,0.0
2026-07-16 18:00:00,2026-07-16 15:00:00,2026-07-16 23:00:00,1.34882,1.34909,1.34809,1.34838,0.0
2026-07-16 19:00:00,2026-07-16 16:00:00,2026-07-17 00:00:00,1.34838,1.34838,1.34666,1.34666,0.0
2026-07-16 20:00:00,2026-07-16 17:00:00,2026-07-17 01:00:00,1.34667,1.3472,1.34608,1.34702,0.0
2026-07-16 21:00:00,2026-07-16 18:00:00,2026-07-17 02:00:00,1.347,1.34715,1.34658,1.34715,0.0
2026-07-16 22:00:00,2026-07-16 19:00:00,2026-07-17 03:00:00,1.34709,1.3476,1.34677,1.34753,0.0
2026-07-16 23:00:00,2026-07-16 20:00:00,2026-07-17 04:00:00,1.34747,1.34807,1.34745,1.34778,0.0
2026-07-17 00:00:00,2026-07-16 21:00:00,2026-07-17 05:00:00,1.34787,1.34834,1.34745,1.34775,0.0
2026-07-17 01:00:00,2026-07-16 22:00:00,2026-07-17 06:00:00,1.34778,1.34778,1.34722,1.34747,0.0
2026-07-17 02:00:00,2026-07-16 23:00:00,2026-07-17 07:00:00,1.34747,1.34791,1.34742,1.34765,0.0
2026-07-17 03:00:00,2026-07-17 00:00:00,2026-07-17 08:00:00,1.34785,1.34785,1.34704,1.34776,0.0
2026-07-17 04:00:00,2026-07-17 01:00:00,2026-07-17 09:00:00,1.34773,1.34798,1.34647,1.34657,0.0
2026-07-17 05:00:00,2026-07-17 02:00:00,2026-07-17 10:00:00,1.3466,1.34693,1.34637,1.34638,0.0
2026-07-17 06:00:00,2026-07-17 03:00:00,2026-07-17 11:00:00,1.34642,1.34693,1.34635,1.34662,0.0
2026-07-17 07:00:00,2026-07-17 04:00:00,2026-07-17 12:00:00,1.3466,1.3466,1.34579,1.34595,0.0
2026-07-17 08:00:00,2026-07-17 05:00:00,2026-07-17 13:00:00,1.34595,1.34666,1.34584,1.34633,0.0
2026-07-17 09:00:00,2026-07-17 06:00:00,2026-07-17 14:00:00,1.34635,1.34747,1.34618,1.34742,0.0
2026-07-17 10:00:00,2026-07-17 07:00:00,2026-07-17 15:00:00,1.34738,1.34798,1.3459,1.3459,0.0
2026-07-17 11:00:00,2026-07-17 08:00:00,2026-07-17 16:00:00,1.3458,1.34615,1.3443,1.34441,0.0
2026-07-17 12:00:00,2026-07-17 09:00:00,2026-07-17 17:00:00,1.34434,1.34447,1.34365,1.34419,0.0
2026-07-17 13:00:00,2026-07-17 10:00:00,2026-07-17 18:00:00,1.34432,1.34432,1.34271,1.34311,0.0
2026-07-17 14:00:00,2026-07-17 11:00:00,2026-07-17 19:00:00,1.34327,1.3447,1.34286,1.34382,0.0
2026-07-17 15:00:00,2026-07-17 12:00:00,2026-07-17 20:00:00,1.34392,1.34405,1.34288,1.34318,0.0
2026-07-17 16:00:00,2026-07-17 13:00:00,2026-07-17 21:00:00,1.34324,1.34515,1.34298,1.34504,0.0
2026-07-17 17:00:00,2026-07-17 14:00:00,2026-07-17 22:00:00,1.34515,1.34548,1.34436,1.34436,0.0
2026-07-17 18:00:00,2026-07-17 15:00:00,2026-07-17 23:00:00,1.34465,1.34546,1.34438,1.34452,0.0
2026-07-17 19:00:00,2026-07-17 16:00:00,2026-07-18 00:00:00,1.34457,1.34561,1.34391,1.34561,0.0
2026-07-17 20:00:00,2026-07-17 17:00:00,2026-07-18 01:00:00,1.3457,1.34588,1.34521,1.34541,0.0
2026-07-17 21:00:00,2026-07-17 18:00:00,2026-07-18 02:00:00,1.34535,1.34561,1.34521,1.34548,0.0
2026-07-17 22:00:00,2026-07-17 19:00:00,2026-07-18 03:00:00,1.34546,1.34595,1.34524,1.34595,0.0
2026-07-17 23:00:00,2026-07-17 20:00:00,2026-07-18 04:00:00,1.34591,1.346,1.34523,1.34541,0.0
2026-07-18 00:00:00,2026-07-17 21:00:00,2026-07-18 05:00:00,1.34524,1.34524,1.34524,1.34524,0.0
2026-07-20 00:00:00,2026-07-19 21:00:00,2026-07-20 05:00:00,1.34374,1.34447,1.34337,1.34385,3013.0
2026-07-20 01:00:00,2026-07-19 22:00:00,2026-07-20 06:00:00,1.34386,1.34471,1.34386,1.34441,5710.0
2026-07-20 02:00:00,2026-07-19 23:00:00,2026-07-20 07:00:00,1.34445,1.34459,1.34423,1.34452,0.0
2026-07-20 03:00:00,2026-07-20 00:00:00,2026-07-20 08:00:00,1.3445,1.34519,1.34447,1.34508,0.0
2026-07-20 04:00:00,2026-07-20 01:00:00,2026-07-20 09:00:00,1.34523,1.34542,1.34494,1.34542,0.0
2026-07-20 05:00:00,2026-07-20 02:00:00,2026-07-20 10:00:00,1.34544,1.34633,1.34544,1.34604,0.0
2026-07-20 06:00:00,2026-07-20 03:00:00,2026-07-20 11:00:00,1.34597,1.34622,1.34582,1.34618,0.0
2026-07-20 07:00:00,2026-07-20 04:00:00,2026-07-20 12:00:00,1.34618,1.3468,1.34615,1.34669,0.0
2026-07-20 08:00:00,2026-07-20 05:00:00,2026-07-20 13:00:00,1.34667,1.34678,1.34646,1.34671,0.0
2026-07-20 09:00:00,2026-07-20 06:00:00,2026-07-20 14:00:00,1.34669,1.34687,1.34584,1.34584,0.0
2026-07-20 10:00:00,2026-07-20 07:00:00,2026-07-20 15:00:00,1.34588,1.348,1.34588,1.34762,0.0
2026-07-20 11:00:00,2026-07-20 08:00:00,2026-07-20 16:00:00,1.34771,1.34771,1.34669,1.347,0.0
2026-07-20 12:00:00,2026-07-20 09:00:00,2026-07-20 17:00:00,1.34689,1.34689,1.34584,1.34635,0.0
2026-07-20 13:00:00,2026-07-20 10:00:00,2026-07-20 18:00:00,1.34626,1.34738,1.34599,1.34707,0.0
2026-07-20 14:00:00,2026-07-20 11:00:00,2026-07-20 19:00:00,1.34691,1.34771,1.34624,1.34624,0.0
2026-07-20 15:00:00,2026-07-20 12:00:00,2026-07-20 20:00:00,1.34615,1.34638,1.34503,1.34542,0.0
2026-07-20 16:00:00,2026-07-20 13:00:00,2026-07-20 21:00:00,1.34557,1.34584,1.34461,1.34535,0.0
2026-07-20 17:00:00,2026-07-20 14:00:00,2026-07-20 22:00:00,1.34544,1.34561,1.34367,1.34398,0.0
2026-07-20 18:00:00,2026-07-20 15:00:00,2026-07-20 23:00:00,1.34317,1.34338,1.34149,1.34196,0.0
2026-07-20 19:00:00,2026-07-20 16:00:00,2026-07-21 00:00:00,1.34187,1.34228,1.34156,1.34198,0.0
2026-07-20 20:00:00,2026-07-20 17:00:00,2026-07-21 01:00:00,1.34217,1.34329,1.34207,1.34318,0.0
2026-07-20 21:00:00,2026-07-20 18:00:00,2026-07-21 02:00:00,1.34322,1.34391,1.34322,1.34345,0.0
2026-07-20 22:00:00,2026-07-20 19:00:00,2026-07-21 03:00:00,1.3436,1.34396,1.34327,1.34362,0.0
2026-07-20 23:00:00,2026-07-20 20:00:00,2026-07-21 04:00:00,1.34369,1.34372,1.34297,1.34311,0.0
2026-07-21 00:00:00,2026-07-20 21:00:00,2026-07-21 05:00:00,1.34288,1.34358,1.34234,1.34244,0.0
2026-07-21 01:00:00,2026-07-20 22:00:00,2026-07-21 06:00:00,1.34273,1.34273,1.34235,1.34266,0.0
2026-07-21 02:00:00,2026-07-20 23:00:00,2026-07-21 07:00:00,1.34268,1.34318,1.34264,1.34313,0.0
2026-07-21 03:00:00,2026-07-21 00:00:00,2026-07-21 08:00:00,1.34329,1.34353,1.34277,1.34322,0.0
2026-07-21 04:00:00,2026-07-21 01:00:00,2026-07-21 09:00:00,1.34322,1.34369,1.34313,1.34354,0.0
2026-07-21 05:00:00,2026-07-21 02:00:00,2026-07-21 10:00:00,1.3436,1.34387,1.34317,1.3432,0.0
2026-07-21 06:00:00,2026-07-21 03:00:00,2026-07-21 11:00:00,1.34331,1.34398,1.34308,1.34374,0.0
2026-07-21 07:00:00,2026-07-21 04:00:00,2026-07-21 12:00:00,1.34371,1.34412,1.34369,1.34405,0.0
2026-07-21 08:00:00,2026-07-21 05:00:00,2026-07-21 13:00:00,1.3441,1.34466,1.34394,1.34436,0.0
2026-07-21 09:00:00,2026-07-21 06:00:00,2026-07-21 14:00:00,1.34448,1.3453,1.34448,1.34485,0.0
2026-07-21 10:00:00,2026-07-21 07:00:00,2026-07-21 15:00:00,1.34485,1.34562,1.34374,1.34414,0.0
2026-07-21 11:00:00,2026-07-21 08:00:00,2026-07-21 16:00:00,1.34421,1.34475,1.34293,1.34306,0.0
2026-07-21 12:00:00,2026-07-21 09:00:00,2026-07-21 17:00:00,1.34297,1.34331,1.34255,1.34273,0.0
2026-07-21 13:00:00,2026-07-21 10:00:00,2026-07-21 18:00:00,1.34253,1.34338,1.34153,1.34183,0.0
2026-07-21 14:00:00,2026-07-21 11:00:00,2026-07-21 19:00:00,1.34185,1.34208,1.34023,1.34046,0.0
2026-07-21 15:00:00,2026-07-21 12:00:00,2026-07-21 20:00:00,1.34064,1.34064,1.33828,1.33897,0.0
2026-07-21 16:00:00,2026-07-21 13:00:00,2026-07-21 21:00:00,1.33887,1.33955,1.33609,1.33806,0.0
2026-07-21 17:00:00,2026-07-21 14:00:00,2026-07-21 22:00:00,1.33844,1.33975,1.33681,1.33713,0.0
2026-07-21 18:00:00,2026-07-21 15:00:00,2026-07-21 23:00:00,1.33711,1.33803,1.33692,1.33722,0.0
2026-07-21 19:00:00,2026-07-21 16:00:00,2026-07-22 00:00:00,1.33735,1.33842,1.33706,1.33837,0.0
2026-07-21 20:00:00,2026-07-21 17:00:00,2026-07-22 01:00:00,1.3384,1.33878,1.33811,1.33853,0.0
2026-07-21 21:00:00,2026-07-21 18:00:00,2026-07-22 02:00:00,1.33847,1.33847,1.33756,1.33815,0.0
2026-07-21 22:00:00,2026-07-21 19:00:00,2026-07-22 03:00:00,1.33826,1.33851,1.33799,1.33806,0.0
2026-07-21 23:00:00,2026-07-21 20:00:00,2026-07-22 04:00:00,1.33795,1.3381,1.3374,1.33756,0.0
2026-07-22 00:00:00,2026-07-21 21:00:00,2026-07-22 05:00:00,1.33767,1.33811,1.33711,1.33776,0.0
2026-07-22 01:00:00,2026-07-21 22:00:00,2026-07-22 06:00:00,1.33767,1.33781,1.33749,1.33754,0.0
2026-07-22 02:00:00,2026-07-21 23:00:00,2026-07-22 07:00:00,1.33745,1.3379,1.33736,1.3379,0.0
2026-07-22 03:00:00,2026-07-22 00:00:00,2026-07-22 08:00:00,1.33786,1.33878,1.33786,1.3386,0.0
2026-07-22 04:00:00,2026-07-22 01:00:00,2026-07-22 09:00:00,1.33865,1.33878,1.33804,1.33842,0.0
2026-07-22 05:00:00,2026-07-22 02:00:00,2026-07-22 10:00:00,1.33833,1.33892,1.33817,1.33856,0.0
2026-07-22 06:00:00,2026-07-22 03:00:00,2026-07-22 11:00:00,1.33853,1.33874,1.33824,1.33833,0.0
2026-07-22 07:00:00,2026-07-22 04:00:00,2026-07-22 12:00:00,1.33833,1.33854,1.33815,1.3384,0.0
2026-07-22 08:00:00,2026-07-22 05:00:00,2026-07-22 13:00:00,1.33842,1.33863,1.33804,1.33813,0.0
2026-07-22 09:00:00,2026-07-22 06:00:00,2026-07-22 14:00:00,1.33817,1.33903,1.33701,1.33795,0.0
2026-07-22 10:00:00,2026-07-22 07:00:00,2026-07-22 15:00:00,1.33781,1.33935,1.33772,1.33838,0.0
2026-07-22 11:00:00,2026-07-22 08:00:00,2026-07-22 16:00:00,1.33831,1.33838,1.33724,1.33733,0.0
2026-07-22 12:00:00,2026-07-22 09:00:00,2026-07-22 17:00:00,1.33735,1.33752,1.33681,1.33692,0.0
2026-07-22 13:00:00,2026-07-22 10:00:00,2026-07-22 18:00:00,1.33702,1.33735,1.3367,1.3372,0.0
2026-07-22 14:00:00,2026-07-22 11:00:00,2026-07-22 19:00:00,1.33711,1.33731,1.33652,1.33677,0.0
2026-07-22 15:00:00,2026-07-22 12:00:00,2026-07-22 20:00:00,1.33681,1.3372,1.33581,1.33609,0.0
2026-07-22 16:00:00,2026-07-22 13:00:00,2026-07-22 21:00:00,1.33609,1.3389,1.33609,1.3386,0.0
2026-07-22 17:00:00,2026-07-22 14:00:00,2026-07-22 22:00:00,1.33881,1.33908,1.33738,1.33769,0.0
2026-07-22 18:00:00,2026-07-22 15:00:00,2026-07-22 23:00:00,1.33747,1.33804,1.33729,1.3376,0.0
2026-07-22 19:00:00,2026-07-22 16:00:00,2026-07-23 00:00:00,1.33761,1.33761,1.33665,1.33742,0.0
2026-07-22 20:00:00,2026-07-22 17:00:00,2026-07-23 01:00:00,1.33733,1.33743,1.3369,1.33718,0.0
2026-07-22 21:00:00,2026-07-22 18:00:00,2026-07-23 02:00:00,1.33713,1.3376,1.33699,1.3374,0.0
2026-07-22 22:00:00,2026-07-22 19:00:00,2026-07-23 03:00:00,1.33743,1.33749,1.33715,1.3374,0.0
2026-07-22 23:00:00,2026-07-22 20:00:00,2026-07-23 04:00:00,1.3374,1.33785,1.3374,1.33785,0.0
2026-07-23 00:00:00,2026-07-22 21:00:00,2026-07-23 05:00:00,1.33829,1.33829,1.33717,1.33774,0.0
2026-07-23 01:00:00,2026-07-22 22:00:00,2026-07-23 06:00:00,1.33724,1.33724,1.33683,1.33702,0.0
2026-07-23 02:00:00,2026-07-22 23:00:00,2026-07-23 07:00:00,1.33717,1.3376,1.33711,1.33754,0.0
2026-07-23 03:00:00,2026-07-23 00:00:00,2026-07-23 08:00:00,1.33752,1.33813,1.33738,1.33813,0.0
2026-07-23 04:00:00,2026-07-23 01:00:00,2026-07-23 09:00:00,1.33822,1.3386,1.33808,1.3382,0.0
2026-07-23 05:00:00,2026-07-23 02:00:00,2026-07-23 10:00:00,1.33829,1.33906,1.33829,1.33906,0.0
2026-07-23 06:00:00,2026-07-23 03:00:00,2026-07-23 11:00:00,1.33915,1.33915,1.33838,1.3389,0.0
2026-07-23 07:00:00,2026-07-23 04:00:00,2026-07-23 12:00:00,1.33883,1.33935,1.33856,1.33872,0.0
2026-07-23 08:00:00,2026-07-23 05:00:00,2026-07-23 13:00:00,1.33876,1.33881,1.33826,1.33869,0.0
2026-07-23 09:00:00,2026-07-23 06:00:00,2026-07-23 14:00:00,1.33869,1.33912,1.33769,1.33776,0.0
2026-07-23 10:00:00,2026-07-23 07:00:00,2026-07-23 15:00:00,1.33763,1.33799,1.3369,1.33735,0.0
2026-07-23 11:00:00,2026-07-23 08:00:00,2026-07-23 16:00:00,1.33745,1.33769,1.33626,1.33692,0.0
2026-07-23 12:00:00,2026-07-23 09:00:00,2026-07-23 17:00:00,1.33681,1.33779,1.33679,1.33715,0.0
2026-07-23 13:00:00,2026-07-23 10:00:00,2026-07-23 18:00:00,1.33736,1.33736,1.33624,1.33674,0.0
2026-07-23 14:00:00,2026-07-23 11:00:00,2026-07-23 19:00:00,1.33681,1.33686,1.33435,1.33567,0.0
2026-07-23 15:00:00,2026-07-23 12:00:00,2026-07-23 20:00:00,1.33547,1.33547,1.33367,1.33421,0.0
2026-07-23 16:00:00,2026-07-23 13:00:00,2026-07-23 21:00:00,1.33429,1.33445,1.33289,1.33303,0.0
2026-07-23 17:00:00,2026-07-23 14:00:00,2026-07-23 22:00:00,1.33301,1.33301,1.33133,1.33198,0.0
2026-07-23 18:00:00,2026-07-23 15:00:00,2026-07-23 23:00:00,1.33197,1.33234,1.33016,1.33101,0.0
2026-07-23 19:00:00,2026-07-23 16:00:00,2026-07-24 00:00:00,1.33108,1.3326,1.33108,1.33245,0.0
2026-07-23 20:00:00,2026-07-23 17:00:00,2026-07-24 01:00:00,1.33239,1.33246,1.33143,1.33143,0.0
2026-07-23 21:00:00,2026-07-23 18:00:00,2026-07-24 02:00:00,1.33145,1.33188,1.3314,1.33152,0.0
2026-07-23 22:00:00,2026-07-23 19:00:00,2026-07-24 03:00:00,1.33189,1.33189,1.33127,1.33181,0.0
2026-07-23 23:00:00,2026-07-23 20:00:00,2026-07-24 04:00:00,1.33186,1.33197,1.33149,1.3315,0.0
2026-07-24 00:00:00,2026-07-23 21:00:00,2026-07-24 05:00:00,1.33163,1.33193,1.33103,1.33161,0.0
2026-07-24 01:00:00,2026-07-23 22:00:00,2026-07-24 06:00:00,1.33175,1.33175,1.33136,1.33168,0.0
2026-07-24 02:00:00,2026-07-23 23:00:00,2026-07-24 07:00:00,1.33168,1.33168,1.33117,1.33135,0.0
2026-07-24 03:00:00,2026-07-24 00:00:00,2026-07-24 08:00:00,1.33127,1.33225,1.33127,1.33225,0.0
2026-07-24 04:00:00,2026-07-24 01:00:00,2026-07-24 09:00:00,1.33257,1.33271,1.33205,1.33209,0.0
2026-07-24 05:00:00,2026-07-24 02:00:00,2026-07-24 10:00:00,1.33218,1.33223,1.33145,1.33145,0.0
2026-07-24 06:00:00,2026-07-24 03:00:00,2026-07-24 11:00:00,1.33147,1.3315,1.33111,1.33149,0.0
2026-07-24 07:00:00,2026-07-24 04:00:00,2026-07-24 12:00:00,1.33142,1.3315,1.33074,1.33103,0.0
2026-07-24 08:00:00,2026-07-24 05:00:00,2026-07-24 13:00:00,1.33113,1.3317,1.33103,1.33103,0.0
2026-07-24 09:00:00,2026-07-24 06:00:00,2026-07-24 14:00:00,1.3311,1.33246,1.33096,1.33246,0.0
2026-07-24 10:00:00,2026-07-24 07:00:00,2026-07-24 15:00:00,1.33262,1.33449,1.33236,1.33358,0.0
2026-07-24 11:00:00,2026-07-24 08:00:00,2026-07-24 16:00:00,1.33367,1.33367,1.33213,1.33213,0.0
2026-07-24 12:00:00,2026-07-24 09:00:00,2026-07-24 17:00:00,1.33209,1.33225,1.33145,1.33177,0.0
2026-07-24 13:00:00,2026-07-24 10:00:00,2026-07-24 18:00:00,1.33191,1.33292,1.33143,1.33237,0.0
2026-07-24 14:00:00,2026-07-24 11:00:00,2026-07-24 19:00:00,1.33218,1.33282,1.33147,1.3323,0.0
2026-07-24 15:00:00,2026-07-24 12:00:00,2026-07-24 20:00:00,1.33253,1.33257,1.33065,1.33106,0.0
2026-07-24 16:00:00,2026-07-24 13:00:00,2026-07-24 21:00:00,1.33126,1.33268,1.33069,1.33268,0.0
2026-07-24 17:00:00,2026-07-24 14:00:00,2026-07-24 22:00:00,1.33271,1.33337,1.33214,1.33284,0.0
2026-07-24 18:00:00,2026-07-24 15:00:00,2026-07-24 23:00:00,1.33255,1.33479,1.33255,1.33412,0.0
2026-07-24 19:00:00,2026-07-24 16:00:00,2026-07-25 00:00:00,1.33422,1.33454,1.33324,1.33342,0.0
2026-07-24 20:00:00,2026-07-24 17:00:00,2026-07-25 01:00:00,1.33332,1.33332,1.33223,1.33255,0.0
2026-07-24 21:00:00,2026-07-24 18:00:00,2026-07-25 02:00:00,1.33255,1.33298,1.33245,1.33257,0.0
2026-07-24 22:00:00,2026-07-24 19:00:00,2026-07-25 03:00:00,1.33278,1.33278,1.33223,1.33225,0.0
2026-07-24 23:00:00,2026-07-24 20:00:00,2026-07-25 04:00:00,1.33221,1.33239,1.33174,1.33239,0.0
2026-07-25 00:00:00,2026-07-24 21:00:00,2026-07-25 05:00:00,1.33186,1.33186,1.33186,1.33186,0.0
2026-07-27 00:00:00,2026-07-26 21:00:00,2026-07-27 05:00:00,1.33312,1.33393,1.33276,1.33304,519.0
2026-07-27 01:00:00,2026-07-26 22:00:00,2026-07-27 06:00:00,1.33317,1.33571,1.33317,1.33431,9014.0
2026-07-27 02:00:00,2026-07-26 23:00:00,2026-07-27 07:00:00,1.33444,1.33518,1.33426,1.33518,0.0
2026-07-27 03:00:00,2026-07-27 00:00:00,2026-07-27 08:00:00,1.33536,1.33631,1.33508,1.33508,0.0
2026-07-27 04:00:00,2026-07-27 01:00:00,2026-07-27 09:00:00,1.33533,1.33634,1.33529,1.33634,0.0
2026-07-27 05:00:00,2026-07-27 02:00:00,2026-07-27 10:00:00,1.33638,1.33638,1.33556,1.33563,0.0
2026-07-27 06:00:00,2026-07-27 03:00:00,2026-07-27 11:00:00,1.33568,1.33568,1.33511,1.33518,0.0
2026-07-27 07:00:00,2026-07-27 04:00:00,2026-07-27 12:00:00,1.33531,1.33554,1.3351,1.33529,0.0
2026-07-27 08:00:00,2026-07-27 05:00:00,2026-07-27 13:00:00,1.33506,1.33563,1.33506,1.33538,0.0
2026-07-27 09:00:00,2026-07-27 06:00:00,2026-07-27 14:00:00,1.33542,1.33611,1.33494,1.33506,0.0
2026-07-27 10:00:00,2026-07-27 07:00:00,2026-07-27 15:00:00,1.33508,1.33527,1.33387,1.33387,0.0
2026-07-27 11:00:00,2026-07-27 08:00:00,2026-07-27 16:00:00,1.33374,1.33403,1.33308,1.33397,0.0
2026-07-27 12:00:00,2026-07-27 09:00:00,2026-07-27 17:00:00,1.33376,1.33413,1.33307,1.33328,0.0
2026-07-27 13:00:00,2026-07-27 10:00:00,2026-07-27 18:00:00,1.33307,1.33365,1.33177,1.33177,0.0
2026-07-27 14:00:00,2026-07-27 11:00:00,2026-07-27 19:00:00,1.33186,1.33214,1.33113,1.3314,0.0
2026-07-27 15:00:00,2026-07-27 12:00:00,2026-07-27 20:00:00,1.33152,1.33182,1.33051,1.33174,0.0
2026-07-27 16:00:00,2026-07-27 13:00:00,2026-07-27 21:00:00,1.33135,1.33204,1.33096,1.33097,0.0
2026-07-27 17:00:00,2026-07-27 14:00:00,2026-07-27 22:00:00,1.33064,1.33174,1.33012,1.33025,0.0
2026-07-27 18:00:00,2026-07-27 15:00:00,2026-07-27 23:00:00,1.33034,1.33071,1.33012,1.33037,0.0
2026-07-27 19:00:00,2026-07-27 16:00:00,2026-07-28 00:00:00,1.33034,1.33136,1.33005,1.33042,0.0
2026-07-27 20:00:00,2026-07-27 17:00:00,2026-07-28 01:00:00,1.33032,1.33035,1.3285,1.32919,0.0
2026-07-27 21:00:00,2026-07-27 18:00:00,2026-07-28 02:00:00,1.32912,1.32927,1.32873,1.32873,0.0
2026-07-27 22:00:00,2026-07-27 19:00:00,2026-07-28 03:00:00,1.32919,1.32972,1.3289,1.32924,0.0
2026-07-27 23:00:00,2026-07-27 20:00:00,2026-07-28 04:00:00,1.32922,1.32929,1.32862,1.32894,0.0
2026-07-28 00:00:00,2026-07-27 21:00:00,2026-07-28 05:00:00,1.33021,1.33021,1.32901,1.32915,0.0
2026-07-28 01:00:00,2026-07-27 22:00:00,2026-07-28 06:00:00,1.32915,1.3292,1.32883,1.3289,0.0
2026-07-28 02:00:00,2026-07-27 23:00:00,2026-07-28 07:00:00,1.32889,1.32913,1.32874,1.32903,0.0
2026-07-28 03:00:00,2026-07-28 00:00:00,2026-07-28 08:00:00,1.32896,1.32936,1.32866,1.32933,0.0
2026-07-28 04:00:00,2026-07-28 01:00:00,2026-07-28 09:00:00,1.32935,1.32982,1.32906,1.32924,0.0
2026-07-28 05:00:00,2026-07-28 02:00:00,2026-07-28 10:00:00,1.32927,1.33003,1.32913,1.32993,0.0
2026-07-28 06:00:00,2026-07-28 03:00:00,2026-07-28 11:00:00,1.32993,1.33046,1.32963,1.32986,0.0
2026-07-28 07:00:00,2026-07-28 04:00:00,2026-07-28 12:00:00,1.32975,1.32975,1.32929,1.32947,0.0
2026-07-28 08:00:00,2026-07-28 05:00:00,2026-07-28 13:00:00,1.32956,1.32956,1.32867,1.3289,0.0
2026-07-28 09:00:00,2026-07-28 06:00:00,2026-07-28 14:00:00,1.32894,1.33014,1.32871,1.32998,0.0
2026-07-28 10:00:00,2026-07-28 07:00:00,2026-07-28 15:00:00,1.32965,1.33051,1.32926,1.32931,0.0
2026-07-28 11:00:00,2026-07-28 08:00:00,2026-07-28 16:00:00,1.3294,1.33049,1.32936,1.33025,0.0
2026-07-28 12:00:00,2026-07-28 09:00:00,2026-07-28 17:00:00,1.33034,1.33035,1.32809,1.32814,0.0
2026-07-28 13:00:00,2026-07-28 10:00:00,2026-07-28 18:00:00,1.32792,1.32818,1.32742,1.32795,0.0
2026-07-28 14:00:00,2026-07-28 11:00:00,2026-07-28 19:00:00,1.32813,1.32832,1.32753,1.32811,0.0
2026-07-28 15:00:00,2026-07-28 12:00:00,2026-07-28 20:00:00,1.32809,1.32995,1.32797,1.32995,0.0
2026-07-28 16:00:00,2026-07-28 13:00:00,2026-07-28 21:00:00,1.32984,1.33035,1.32956,1.33005,0.0
2026-07-28 17:00:00,2026-07-28 14:00:00,2026-07-28 22:00:00,1.33016,1.33018,1.32878,1.3292,0.0
2026-07-28 18:00:00,2026-07-28 15:00:00,2026-07-28 23:00:00,1.32936,1.33113,1.32896,1.33087,0.0
2026-07-28 19:00:00,2026-07-28 16:00:00,2026-07-29 00:00:00,1.33092,1.33108,1.33016,1.33016,0.0
2026-07-28 20:00:00,2026-07-28 17:00:00,2026-07-29 01:00:00,1.33018,1.33049,1.32922,1.32922,0.0
2026-07-28 21:00:00,2026-07-28 18:00:00,2026-07-29 02:00:00,1.32924,1.32929,1.32874,1.32894,0.0
2026-07-28 22:00:00,2026-07-28 19:00:00,2026-07-29 03:00:00,1.32892,1.32956,1.32887,1.32887,0.0
2026-07-28 23:00:00,2026-07-28 20:00:00,2026-07-29 04:00:00,1.32882,1.32915,1.32873,1.3289,0.0
2026-07-29 00:00:00,2026-07-28 21:00:00,2026-07-29 05:00:00,1.32991,1.33016,1.3288,1.32892,0.0
2026-07-29 01:00:00,2026-07-28 22:00:00,2026-07-29 06:00:00,1.32894,1.32917,1.32841,1.32855,0.0
2026-07-29 02:00:00,2026-07-28 23:00:00,2026-07-29 07:00:00,1.32837,1.32873,1.32809,1.32862,0.0
2026-07-29 03:00:00,2026-07-29 00:00:00,2026-07-29 08:00:00,1.32857,1.32935,1.32844,1.32935,0.0
2026-07-29 04:00:00,2026-07-29 01:00:00,2026-07-29 09:00:00,1.32929,1.32947,1.32827,1.32892,0.0
2026-07-29 05:00:00,2026-07-29 02:00:00,2026-07-29 10:00:00,1.32897,1.3298,1.32887,1.32949,0.0
2026-07-29 06:00:00,2026-07-29 03:00:00,2026-07-29 11:00:00,1.32943,1.32998,1.32943,1.3295,0.0
2026-07-29 07:00:00,2026-07-29 04:00:00,2026-07-29 12:00:00,1.32958,1.33018,1.32958,1.32986,0.0
2026-07-29 08:00:00,2026-07-29 05:00:00,2026-07-29 13:00:00,1.32988,1.33021,1.32975,1.32996,0.0
2026-07-29 09:00:00,2026-07-29 06:00:00,2026-07-29 14:00:00,1.33009,1.33035,1.32952,1.32975,0.0
2026-07-29 10:00:00,2026-07-29 07:00:00,2026-07-29 15:00:00,1.32973,1.33071,1.32966,1.33026,0.0
2026-07-29 11:00:00,2026-07-29 08:00:00,2026-07-29 16:00:00,1.33026,1.33094,1.32979,1.33058,0.0
2026-07-29 12:00:00,2026-07-29 09:00:00,2026-07-29 17:00:00,1.33046,1.33057,1.32963,1.32982,0.0
2026-07-29 13:00:00,2026-07-29 10:00:00,2026-07-29 18:00:00,1.32961,1.32965,1.32892,1.32912,0.0
2026-07-29 14:00:00,2026-07-29 11:00:00,2026-07-29 19:00:00,1.32915,1.3298,1.32915,1.32919,0.0
2026-07-29 15:00:00,2026-07-29 12:00:00,2026-07-29 20:00:00,1.32938,1.32938,1.32806,1.32836,0.0
2026-07-29 16:00:00,2026-07-29 13:00:00,2026-07-29 21:00:00,1.32855,1.32936,1.32823,1.32931,0.0
2026-07-29 17:00:00,2026-07-29 14:00:00,2026-07-29 22:00:00,1.32954,1.33042,1.32844,1.3288,0.0
2026-07-29 18:00:00,2026-07-29 15:00:00,2026-07-29 23:00:00,1.32885,1.32931,1.32843,1.32876,0.0
2026-07-29 19:00:00,2026-07-29 16:00:00,2026-07-30 00:00:00,1.32869,1.32885,1.32809,1.32885,0.0
2026-07-29 20:00:00,2026-07-29 17:00:00,2026-07-30 01:00:00,1.32896,1.33069,1.32887,1.33023,0.0
2026-07-29 21:00:00,2026-07-29 18:00:00,2026-07-30 02:00:00,1.33248,1.33656,1.33175,1.33642,0.0
2026-07-29 22:00:00,2026-07-29 19:00:00,2026-07-30 03:00:00,1.3367,1.33858,1.33479,1.33479,0.0
2026-07-29 23:00:00,2026-07-29 20:00:00,2026-07-30 04:00:00,1.33458,1.33692,1.3344,1.33683,0.0
2026-07-30 00:00:00,2026-07-29 21:00:00,2026-07-30 05:00:00,1.33677,1.33727,1.33453,1.33631,0.0
2026-07-30 01:00:00,2026-07-29 22:00:00,2026-07-30 06:00:00,1.33652,1.33699,1.33651,1.33697,0.0
2026-07-30 02:00:00,2026-07-29 23:00:00,2026-07-30 07:00:00,1.3371,1.33756,1.33651,1.33674,0.0
2026-07-30 03:00:00,2026-07-30 00:00:00,2026-07-30 08:00:00,1.33677,1.33679,1.3354,1.33554,0.0
2026-07-30 04:00:00,2026-07-30 01:00:00,2026-07-30 09:00:00,1.33554,1.33597,1.33526,1.33529,0.0
2026-07-30 05:00:00,2026-07-30 02:00:00,2026-07-30 10:00:00,1.33543,1.33563,1.33494,1.33499,0.0
2026-07-30 06:00:00,2026-07-30 03:00:00,2026-07-30 11:00:00,1.33499,1.33501,1.33429,1.33463,0.0
2026-07-30 07:00:00,2026-07-30 04:00:00,2026-07-30 12:00:00,1.33447,1.33497,1.33438,1.33447,0.0
2026-07-30 08:00:00,2026-07-30 05:00:00,2026-07-30 13:00:00,1.33449,1.33563,1.33449,1.3349,0.0
2026-07-30 09:00:00,2026-07-30 06:00:00,2026-07-30 14:00:00,1.33518,1.33518,1.3334,1.33421,0.0
2026-07-30 10:00:00,2026-07-30 07:00:00,2026-07-30 15:00:00,1.33453,1.3351,1.33376,1.33394,0.0
2026-07-30 11:00:00,2026-07-30 08:00:00,2026-07-30 16:00:00,1.33417,1.33618,1.33396,1.33554,0.0
2026-07-30 12:00:00,2026-07-30 09:00:00,2026-07-30 17:00:00,1.33567,1.33844,1.33567,1.33804,0.0
2026-07-30 13:00:00,2026-07-30 10:00:00,2026-07-30 18:00:00,1.33799,1.34055,1.33779,1.33915,0.0
2026-07-30 14:00:00,2026-07-30 11:00:00,2026-07-30 19:00:00,1.33971,1.33971,1.33742,1.33871,0.0
2026-07-30 15:00:00,2026-07-30 12:00:00,2026-07-30 20:00:00,1.33892,1.33957,1.33702,1.33735,0.0
2026-07-30 16:00:00,2026-07-30 13:00:00,2026-07-30 21:00:00,1.33726,1.34264,1.33693,1.34264,0.0
2026-07-30 17:00:00,2026-07-30 14:00:00,2026-07-30 22:00:00,1.34282,1.34459,1.34264,1.34282,0.0
2026-07-30 18:00:00,2026-07-30 15:00:00,2026-07-30 23:00:00,1.34244,1.34629,1.3423,1.34595,0.0
2026-07-30 19:00:00,2026-07-30 16:00:00,2026-07-31 00:00:00,1.34633,1.34704,1.3458,1.34633,0.0
2026-07-30 20:00:00,2026-07-30 17:00:00,2026-07-31 01:00:00,1.34657,1.34718,1.34573,1.34715,0.0
2026-07-30 21:00:00,2026-07-30 18:00:00,2026-07-31 02:00:00,1.34744,1.34756,1.34667,1.34756,0.0
2026-07-30 22:00:00,2026-07-30 19:00:00,2026-07-31 03:00:00,1.34764,1.34765,1.34689,1.34716,0.0
2026-07-30 23:00:00,2026-07-30 20:00:00,2026-07-31 04:00:00,1.34695,1.34725,1.34649,1.3466,0.0
2026-07-31 00:00:00,2026-07-30 21:00:00,2026-07-31 05:00:00,1.34631,1.34666,1.34613,1.34624,0.0
2026-07-31 01:00:00,2026-07-30 22:00:00,2026-07-31 06:00:00,1.34649,1.34704,1.34649,1.34669,0.0
2026-07-31 02:00:00,2026-07-30 23:00:00,2026-07-31 07:00:00,1.34691,1.34696,1.34604,1.34611,0.0
2026-07-31 03:00:00,2026-07-31 00:00:00,2026-07-31 08:00:00,1.34611,1.34653,1.34542,1.3459,0.0
2026-07-31 04:00:00,2026-07-31 01:00:00,2026-07-31 09:00:00,1.34604,1.34626,1.34494,1.34513,0.0
2026-07-31 05:00:00,2026-07-31 02:00:00,2026-07-31 10:00:00,1.34515,1.34597,1.34504,1.34506,0.0
2026-07-31 06:00:00,2026-07-31 03:00:00,2026-07-31 11:00:00,1.34506,1.34517,1.34459,1.34517,0.0
2026-07-31 07:00:00,2026-07-31 04:00:00,2026-07-31 12:00:00,1.34517,1.34526,1.34436,1.34461,0.0
2026-07-31 08:00:00,2026-07-31 05:00:00,2026-07-31 13:00:00,1.34457,1.34495,1.34412,1.34441,0.0
2026-07-31 09:00:00,2026-07-31 06:00:00,2026-07-31 14:00:00,1.34441,1.34613,1.34441,1.3453,0.0
2026-07-31 10:00:00,2026-07-31 07:00:00,2026-07-31 15:00:00,1.34521,1.34617,1.34461,1.34528,0.0
2026-07-31 11:00:00,2026-07-31 08:00:00,2026-07-31 16:00:00,1.34524,1.34626,1.34362,1.34626,0.0
2026-07-31 12:00:00,2026-07-31 09:00:00,2026-07-31 17:00:00,1.34624,1.34682,1.3447,1.34495,0.0
2026-07-31 13:00:00,2026-07-31 10:00:00,2026-07-31 18:00:00,1.34492,1.34512,1.34441,1.34457,0.0
2026-07-31 14:00:00,2026-07-31 11:00:00,2026-07-31 19:00:00,1.34428,1.34445,1.34192,1.34196,0.0
2026-07-31 15:00:00,2026-07-31 12:00:00,2026-07-31 20:00:00,1.34171,1.34284,1.34167,1.34223,0.0
2026-07-31 16:00:00,2026-07-31 13:00:00,2026-07-31 21:00:00,1.34219,1.3432,1.34032,1.34088,0.0
2026-07-31 17:00:00,2026-07-31 14:00:00,2026-07-31 22:00:00,1.34079,1.34595,1.34055,1.34575,0.0
2026-07-31 18:00:00,2026-07-31 15:00:00,2026-07-31 23:00:00,1.34597,1.3472,1.34559,1.34687,0.0
2026-07-31 19:00:00,2026-07-31 16:00:00,2026-08-01 00:00:00,1.34684,1.34693,1.34628,1.34664,0.0
2026-07-31 20:00:00,2026-07-31 17:00:00,2026-08-01 01:00:00,1.34658,1.3488,1.34655,1.34851,0.0
2026-07-31 21:00:00,2026-07-31 18:00:00,2026-08-01 02:00:00,1.34838,1.34871,1.34758,1.34824,0.0
2026-07-31 22:00:00,2026-07-31 19:00:00,2026-08-01 03:00:00,1.34853,1.34862,1.34775,1.34775,0.0
2026-07-31 23:00:00,2026-07-31 20:00:00,2026-08-01 04:00:00,1.34762,1.3494,1.34735,1.34834,0.0
2026-08-01 00:00:00,2026-07-31 21:00:00,2026-08-01 05:00:00,1.34867,1.34867,1.34867,1.34867,0.0
2026-08-03 00:00:00,2026-08-02 21:00:00,2026-08-03 05:00:00,1.34913,1.34921,1.34772,1.34825,1571.0
2026-08-03 01:00:00,2026-08-02 22:00:00,2026-08-03 06:00:00,1.34833,1.35065,1.3482,1.34956,8704.0
2026-08-03 02:00:00,2026-08-02 23:00:00,2026-08-03 07:00:00,1.34955,1.3496,1.34893,1.34915,0.0
2026-08-03 03:00:00,2026-08-03 00:00:00,2026-08-03 08:00:00,1.34896,1.35029,1.34842,1.3488,0.0
2026-08-03 04:00:00,2026-08-03 01:00:00,2026-08-03 09:00:00,1.34864,1.34885,1.34713,1.34744,0.0
2026-08-03 05:00:00,2026-08-03 02:00:00,2026-08-03 10:00:00,1.34744,1.34765,1.34696,1.34707,0.0
2026-08-03 06:00:00,2026-08-03 03:00:00,2026-08-03 11:00:00,1.34702,1.34702,1.34655,1.34684,0.0
2026-08-03 07:00:00,2026-08-03 04:00:00,2026-08-03 12:00:00,1.34687,1.34735,1.34675,1.34727,0.0
2026-08-03 08:00:00,2026-08-03 05:00:00,2026-08-03 13:00:00,1.34733,1.34773,1.34704,1.34771,0.0
2026-08-03 09:00:00,2026-08-03 06:00:00,2026-08-03 14:00:00,1.34771,1.34782,1.34588,1.34615,0.0
2026-08-03 10:00:00,2026-08-03 07:00:00,2026-08-03 15:00:00,1.34635,1.34702,1.3455,1.34618,0.0
2026-08-03 11:00:00,2026-08-03 08:00:00,2026-08-03 16:00:00,1.34595,1.34626,1.34553,1.34553,0.0
2026-08-03 12:00:00,2026-08-03 09:00:00,2026-08-03 17:00:00,1.34564,1.34586,1.34503,1.34506,0.0
2026-08-03 13:00:00,2026-08-03 10:00:00,2026-08-03 18:00:00,1.34488,1.34628,1.34488,1.346,0.0
2026-08-03 14:00:00,2026-08-03 11:00:00,2026-08-03 19:00:00,1.34618,1.34682,1.34564,1.34682,0.0
2026-08-03 15:00:00,2026-08-03 12:00:00,2026-08-03 20:00:00,1.34686,1.34718,1.34593,1.34644,0.0
2026-08-03 16:00:00,2026-08-03 13:00:00,2026-08-03 21:00:00,1.34647,1.34666,1.34485,1.34524,0.0
2026-08-03 17:00:00,2026-08-03 14:00:00,2026-08-03 22:00:00,1.34486,1.34564,1.34382,1.34382,0.0
2026-08-03 18:00:00,2026-08-03 15:00:00,2026-08-03 23:00:00,1.34362,1.34362,1.34244,1.34344,0.0
2026-08-03 19:00:00,2026-08-03 16:00:00,2026-08-04 00:00:00,1.34336,1.34365,1.34255,1.34255,0.0
2026-08-03 20:00:00,2026-08-03 17:00:00,2026-08-04 01:00:00,1.34248,1.34271,1.34194,1.34194,0.0
2026-08-03 21:00:00,2026-08-03 18:00:00,2026-08-04 02:00:00,1.34196,1.34327,1.34187,1.34313,0.0
2026-08-03 22:00:00,2026-08-03 19:00:00,2026-08-04 03:00:00,1.34326,1.34347,1.34311,1.34311,0.0
2026-08-03 23:00:00,2026-08-03 20:00:00,2026-08-04 04:00:00,1.34313,1.3434,1.34286,1.34336,0.0
2026-08-04 00:00:00,2026-08-03 21:00:00,2026-08-04 05:00:00,1.34304,1.34344,1.34252,1.34298,0.0
2026-08-04 01:00:00,2026-08-03 22:00:00,2026-08-04 06:00:00,1.34318,1.34318,1.34282,1.34309,0.0
2026-08-04 02:00:00,2026-08-03 23:00:00,2026-08-04 07:00:00,1.34313,1.34317,1.34259,1.34275,0.0
2026-08-04 03:00:00,2026-08-04 00:00:00,2026-08-04 08:00:00,1.34277,1.34331,1.34244,1.34244,0.0
2026-08-04 04:00:00,2026-08-04 01:00:00,2026-08-04 09:00:00,1.34232,1.34317,1.34199,1.34284,0.0
2026-08-04 05:00:00,2026-08-04 02:00:00,2026-08-04 10:00:00,1.34295,1.34331,1.34264,1.3428,0.0
2026-08-04 06:00:00,2026-08-04 03:00:00,2026-08-04 11:00:00,1.34317,1.34322,1.34259,1.34273,0.0
2026-08-04 07:00:00,2026-08-04 04:00:00,2026-08-04 12:00:00,1.3427,1.34271,1.34244,1.34268,0.0
2026-08-04 08:00:00,2026-08-04 05:00:00,2026-08-04 13:00:00,1.34264,1.34266,1.34203,1.34252,0.0
2026-08-04 09:00:00,2026-08-04 06:00:00,2026-08-04 14:00:00,1.34259,1.34324,1.34235,1.34291,0.0
2026-08-04 10:00:00,2026-08-04 07:00:00,2026-08-04 15:00:00,1.34311,1.34391,1.34298,1.34367,0.0
2026-08-04 11:00:00,2026-08-04 08:00:00,2026-08-04 16:00:00,1.34371,1.34427,1.34336,1.34427,0.0
2026-08-04 12:00:00,2026-08-04 09:00:00,2026-08-04 17:00:00,1.34423,1.3443,1.34374,1.34419,0.0
2026-08-04 13:00:00,2026-08-04 10:00:00,2026-08-04 18:00:00,1.34419,1.3449,1.34385,1.3443,0.0
2026-08-04 14:00:00,2026-08-04 11:00:00,2026-08-04 19:00:00,1.34418,1.34542,1.34416,1.34472,0.0
2026-08-04 15:00:00,2026-08-04 12:00:00,2026-08-04 20:00:00,1.34479,1.34548,1.34434,1.34439,0.0
2026-08-04 16:00:00,2026-08-04 13:00:00,2026-08-04 21:00:00,1.34436,1.34515,1.34391,1.34475,0.0
2026-08-04 17:00:00,2026-08-04 14:00:00,2026-08-04 22:00:00,1.34481,1.34555,1.34447,1.34475,0.0
2026-08-04 18:00:00,2026-08-04 15:00:00,2026-08-04 23:00:00,1.34472,1.34557,1.34427,1.34544,0.0
2026-08-04 19:00:00,2026-08-04 16:00:00,2026-08-05 00:00:00,1.34546,1.34562,1.34463,1.34468,0.0
2026-08-04 20:00:00,2026-08-04 17:00:00,2026-08-05 01:00:00,1.34486,1.34488,1.34416,1.34443,0.0
2026-08-04 21:00:00,2026-08-04 18:00:00,2026-08-05 02:00:00,1.34445,1.3453,1.34403,1.3453,0.0
2026-08-04 22:00:00,2026-08-04 19:00:00,2026-08-05 03:00:00,1.34526,1.34539,1.34495,1.34508,0.0
2026-08-04 23:00:00,2026-08-04 20:00:00,2026-08-05 04:00:00,1.34519,1.34546,1.34504,1.34528,0.0
2026-08-05 00:00:00,2026-08-04 21:00:00,2026-08-05 05:00:00,1.34503,1.34546,1.34459,1.34503,0.0
2026-08-05 01:00:00,2026-08-04 22:00:00,2026-08-05 06:00:00,1.34524,1.34532,1.34488,1.34515,0.0
2026-08-05 02:00:00,2026-08-04 23:00:00,2026-08-05 07:00:00,1.34515,1.34523,1.34483,1.34513,0.0
2026-08-05 03:00:00,2026-08-05 00:00:00,2026-08-05 08:00:00,1.34504,1.34559,1.34499,1.3451,0.0
2026-08-05 04:00:00,2026-08-05 01:00:00,2026-08-05 09:00:00,1.34499,1.34513,1.3445,1.34461,0.0
2026-08-05 05:00:00,2026-08-05 02:00:00,2026-08-05 10:00:00,1.34466,1.34582,1.34466,1.34537,0.0
2026-08-05 06:00:00,2026-08-05 03:00:00,2026-08-05 11:00:00,1.34553,1.346,1.34553,1.34562,0.0
2026-08-05 07:00:00,2026-08-05 04:00:00,2026-08-05 12:00:00,1.34566,1.346,1.34544,1.34553,0.0
2026-08-05 08:00:00,2026-08-05 05:00:00,2026-08-05 13:00:00,1.34553,1.34586,1.34521,1.34564,0.0
2026-08-05 09:00:00,2026-08-05 06:00:00,2026-08-05 14:00:00,1.34559,1.34678,1.34517,1.34678,0.0
2026-08-05 10:00:00,2026-08-05 07:00:00,2026-08-05 15:00:00,1.34678,1.3468,1.34582,1.3468,0.0
2026-08-05 11:00:00,2026-08-05 08:00:00,2026-08-05 16:00:00,1.34696,1.34698,1.34544,1.34571,0.0
2026-08-05 12:00:00,2026-08-05 09:00:00,2026-08-05 17:00:00,1.34595,1.34675,1.34562,1.34673,0.0
2026-08-05 13:00:00,2026-08-05 10:00:00,2026-08-05 18:00:00,1.34698,1.34698,1.34638,1.34675,0.0
2026-08-05 14:00:00,2026-08-05 11:00:00,2026-08-05 19:00:00,1.34682,1.34816,1.34682,1.34795,0.0
2026-08-05 15:00:00,2026-08-05 12:00:00,2026-08-05 20:00:00,1.34809,1.34834,1.34677,1.34702,0.0
2026-08-05 16:00:00,2026-08-05 13:00:00,2026-08-05 21:00:00,1.34687,1.34756,1.34617,1.34657,0.0
2026-08-05 17:00:00,2026-08-05 14:00:00,2026-08-05 22:00:00,1.34693,1.34864,1.34689,1.34791,0.0
2026-08-05 18:00:00,2026-08-05 15:00:00,2026-08-05 23:00:00,1.34805,1.34836,1.34579,1.3462,0.0
2026-08-05 19:00:00,2026-08-05 16:00:00,2026-08-06 00:00:00,1.34638,1.34675,1.34599,1.34599,0.0
2026-08-05 20:00:00,2026-08-05 17:00:00,2026-08-06 01:00:00,1.34608,1.34713,1.34566,1.34706,0.0
2026-08-05 21:00:00,2026-08-05 18:00:00,2026-08-06 02:00:00,1.34695,1.34735,1.34675,1.34687,0.0
2026-08-05 22:00:00,2026-08-05 19:00:00,2026-08-06 03:00:00,1.34709,1.34709,1.3464,1.34646,0.0
2026-08-05 23:00:00,2026-08-05 20:00:00,2026-08-06 04:00:00,1.34657,1.34689,1.34626,1.34682,0.0
2026-08-06 00:00:00,2026-08-05 21:00:00,2026-08-06 05:00:00,1.34695,1.34718,1.34638,1.34664,0.0
2026-08-06 01:00:00,2026-08-05 22:00:00,2026-08-06 06:00:00,1.34687,1.34687,1.34651,1.34671,0.0
2026-08-06 02:00:00,2026-08-05 23:00:00,2026-08-06 07:00:00,1.34678,1.34713,1.34671,1.34695,0.0
2026-08-06 03:00:00,2026-08-06 00:00:00,2026-08-06 08:00:00,1.34678,1.34713,1.34664,1.34673,0.0
2026-08-06 04:00:00,2026-08-06 01:00:00,2026-08-06 09:00:00,1.34677,1.34709,1.3464,1.34691,0.0
2026-08-06 05:00:00,2026-08-06 02:00:00,2026-08-06 10:00:00,1.34706,1.34722,1.34678,1.3468,0.0
2026-08-06 06:00:00,2026-08-06 03:00:00,2026-08-06 11:00:00,1.34673,1.34673,1.3458,1.34602,0.0
2026-08-06 07:00:00,2026-08-06 04:00:00,2026-08-06 12:00:00,1.34613,1.3462,1.34593,1.34608,0.0
2026-08-06 08:00:00,2026-08-06 05:00:00,2026-08-06 13:00:00,1.34606,1.34637,1.34562,1.34633,0.0
2026-08-06 09:00:00,2026-08-06 06:00:00,2026-08-06 14:00:00,1.34653,1.34653,1.34555,1.34602,0.0
2026-08-06 10:00:00,2026-08-06 07:00:00,2026-08-06 15:00:00,1.346,1.34628,1.34561,1.346,0.0
2026-08-06 11:00:00,2026-08-06 08:00:00,2026-08-06 16:00:00,1.34608,1.34657,1.34586,1.34644,0.0
2026-08-06 12:00:00,2026-08-06 09:00:00,2026-08-06 17:00:00,1.34647,1.34662,1.34537,1.34566,0.0
2026-08-06 13:00:00,2026-08-06 10:00:00,2026-08-06 18:00:00,1.34562,1.34624,1.34551,1.34617,0.0
2026-08-06 14:00:00,2026-08-06 11:00:00,2026-08-06 19:00:00,1.34638,1.34687,1.34588,1.34687,0.0
2026-08-06 15:00:00,2026-08-06 12:00:00,2026-08-06 20:00:00,1.3468,1.34715,1.34637,1.34702,0.0
2026-08-06 16:00:00,2026-08-06 13:00:00,2026-08-06 21:00:00,1.34715,1.34798,1.34655,1.34787,0.0
2026-08-06 17:00:00,2026-08-06 14:00:00,2026-08-06 22:00:00,1.34778,1.34784,1.34644,1.34664,0.0
2026-08-06 18:00:00,2026-08-06 15:00:00,2026-08-06 23:00:00,1.34647,1.34651,1.34508,1.34541,0.0
2026-08-06 19:00:00,2026-08-06 16:00:00,2026-08-07 00:00:00,1.34528,1.34584,1.34513,1.34561,0.0
2026-08-06 20:00:00,2026-08-06 17:00:00,2026-08-07 01:00:00,1.34564,1.34599,1.34523,1.34564,0.0
2026-08-06 21:00:00,2026-08-06 18:00:00,2026-08-07 02:00:00,1.34564,1.34593,1.3453,1.34575,0.0
2026-08-06 22:00:00,2026-08-06 19:00:00,2026-08-07 03:00:00,1.34571,1.34593,1.34497,1.34553,0.0
2026-08-06 23:00:00,2026-08-06 20:00:00,2026-08-07 04:00:00,1.34555,1.34562,1.3449,1.34542,0.0
2026-08-07 00:00:00,2026-08-06 21:00:00,2026-08-07 05:00:00,1.34557,1.3457,1.34465,1.3455,0.0
2026-08-07 01:00:00,2026-08-06 22:00:00,2026-08-07 06:00:00,1.34517,1.34526,1.3451,1.34524,0.0
2026-08-07 02:00:00,2026-08-06 23:00:00,2026-08-07 07:00:00,1.34523,1.34555,1.34521,1.34546,0.0
2026-08-07 03:00:00,2026-08-07 00:00:00,2026-08-07 08:00:00,1.34542,1.34555,1.34485,1.34501,0.0
2026-08-07 04:00:00,2026-08-07 01:00:00,2026-08-07 09:00:00,1.34506,1.34559,1.34494,1.34535,0.0
2026-08-07 05:00:00,2026-08-07 02:00:00,2026-08-07 10:00:00,1.34542,1.34546,1.34515,1.34523,0.0
2026-08-07 06:00:00,2026-08-07 03:00:00,2026-08-07 11:00:00,1.34519,1.34537,1.34512,1.34537,0.0
2026-08-07 07:00:00,2026-08-07 04:00:00,2026-08-07 12:00:00,1.34535,1.34559,1.34526,1.34546,0.0
2026-08-07 08:00:00,2026-08-07 05:00:00,2026-08-07 13:00:00,1.34541,1.34564,1.34521,1.34533,0.0
2026-08-07 09:00:00,2026-08-07 06:00:00,2026-08-07 14:00:00,1.34559,1.34586,1.34524,1.34541,0.0
2026-08-07 10:00:00,2026-08-07 07:00:00,2026-08-07 15:00:00,1.34532,1.34537,1.34465,1.34483,0.0
2026-08-07 11:00:00,2026-08-07 08:00:00,2026-08-07 16:00:00,1.34504,1.34504,1.34438,1.34438,0.0
2026-08-07 12:00:00,2026-08-07 09:00:00,2026-08-07 17:00:00,1.34447,1.34465,1.34398,1.34421,0.0
2026-08-07 13:00:00,2026-08-07 10:00:00,2026-08-07 18:00:00,1.34432,1.34432,1.34351,1.3438,0.0
2026-08-07 14:00:00,2026-08-07 11:00:00,2026-08-07 19:00:00,1.34383,1.34501,1.34383,1.34501,0.0
2026-08-07 15:00:00,2026-08-07 12:00:00,2026-08-07 20:00:00,1.3451,1.35068,1.3447,1.35004,0.0
2026-08-07 16:00:00,2026-08-07 13:00:00,2026-08-07 21:00:00,1.35017,1.35075,1.34884,1.34884,0.0
2026-08-07 17:00:00,2026-08-07 14:00:00,2026-08-07 22:00:00,1.34896,1.35015,1.34851,1.34885,0.0
2026-08-07 18:00:00,2026-08-07 15:00:00,2026-08-07 23:00:00,1.34907,1.35004,1.34844,1.34966,0.0
2026-08-07 19:00:00,2026-08-07 16:00:00,2026-08-08 00:00:00,1.3496,1.35044,1.34956,1.34967,0.0
2026-08-07 20:00:00,2026-08-07 17:00:00,2026-08-08 01:00:00,1.34956,1.34987,1.34949,1.3496,0.0
2026-08-07 21:00:00,2026-08-07 18:00:00,2026-08-08 02:00:00,1.34944,1.35007,1.34924,1.34989,0.0
2026-08-07 22:00:00,2026-08-07 19:00:00,2026-08-08 03:00:00,1.34998,1.35033,1.34973,1.34978,0.0
2026-08-07 23:00:00,2026-08-07 20:00:00,2026-08-08 04:00:00,1.34986,1.34987,1.349,1.34924,0.0
2026-08-08 00:00:00,2026-08-07 21:00:00,2026-08-08 05:00:00,1.34927,1.34927,1.34927,1.34927,0.0
2026-08-10 00:00:00,2026-08-09 21:00:00,2026-08-10 05:00:00,1.34895,1.34954,1.34785,1.34881,5001.0
2026-08-10 01:00:00,2026-08-09 22:00:00,2026-08-10 06:00:00,1.3488,1.34938,1.34876,1.34891,3848.0
2026-08-10 02:00:00,2026-08-09 23:00:00,2026-08-10 07:00:00,1.34896,1.34929,1.34889,1.34898,0.0
2026-08-10 03:00:00,2026-08-10 00:00:00,2026-08-10 08:00:00,1.34916,1.3494,1.34889,1.34907,0.0
2026-08-10 04:00:00,2026-08-10 01:00:00,2026-08-10 09:00:00,1.34913,1.34913,1.34851,1.34885,0.0
2026-08-10 05:00:00,2026-08-10 02:00:00,2026-08-10 10:00:00,1.34895,1.34898,1.34864,1.34864,0.0
2026-08-10 06:00:00,2026-08-10 03:00:00,2026-08-10 11:00:00,1.34873,1.34873,1.34842,1.34858,0.0
2026-08-10 07:00:00,2026-08-10 04:00:00,2026-08-10 12:00:00,1.3486,1.34904,1.34844,1.34895,0.0
2026-08-10 08:00:00,2026-08-10 05:00:00,2026-08-10 13:00:00,1.34891,1.34936,1.3488,1.34936,0.0
2026-08-10 09:00:00,2026-08-10 06:00:00,2026-08-10 14:00:00,1.34955,1.34971,1.34931,1.34947,0.0
2026-08-10 10:00:00,2026-08-10 07:00:00,2026-08-10 15:00:00,1.34945,1.35011,1.34924,1.3496,0.0
2026-08-10 11:00:00,2026-08-10 08:00:00,2026-08-10 16:00:00,1.34962,1.35055,1.3496,1.35038,0.0
2026-08-10 12:00:00,2026-08-10 09:00:00,2026-08-10 17:00:00,1.35035,1.35069,1.3496,1.34964,0.0
2026-08-10 13:00:00,2026-08-10 10:00:00,2026-08-10 18:00:00,1.34942,1.35017,1.34933,1.35007,0.0
2026-08-10 14:00:00,2026-08-10 11:00:00,2026-08-10 19:00:00,1.35013,1.35029,1.34967,1.35009,0.0
2026-08-10 15:00:00,2026-08-10 12:00:00,2026-08-10 20:00:00,1.35006,1.35031,1.34913,1.34956,0.0
2026-08-10 16:00:00,2026-08-10 13:00:00,2026-08-10 21:00:00,1.34971,1.35077,1.34955,1.35048,0.0
2026-08-10 17:00:00,2026-08-10 14:00:00,2026-08-10 22:00:00,1.35053,1.353,1.35053,1.35199,0.0
2026-08-10 18:00:00,2026-08-10 15:00:00,2026-08-10 23:00:00,1.35203,1.35276,1.35173,1.35259,0.0
2026-08-10 19:00:00,2026-08-10 16:00:00,2026-08-11 00:00:00,1.35263,1.35269,1.35146,1.3515,0.0
2026-08-10 20:00:00,2026-08-10 17:00:00,2026-08-11 01:00:00,1.35142,1.35152,1.3506,1.3506,0.0
2026-08-10 21:00:00,2026-08-10 18:00:00,2026-08-11 02:00:00,1.35077,1.35121,1.35064,1.35104,0.0
2026-08-10 22:00:00,2026-08-10 19:00:00,2026-08-11 03:00:00,1.35084,1.35095,1.35064,1.3508,0.0
2026-08-10 23:00:00,2026-08-10 20:00:00,2026-08-11 04:00:00,1.35093,1.35102,1.35066,1.3508,0.0
2026-08-11 00:00:00,2026-08-10 21:00:00,2026-08-11 05:00:00,1.35117,1.35117,1.35057,1.35091,0.0
2026-08-11 01:00:00,2026-08-10 22:00:00,2026-08-11 06:00:00,1.35088,1.35097,1.35071,1.35091,0.0
2026-08-11 02:00:00,2026-08-10 23:00:00,2026-08-11 07:00:00,1.35099,1.35117,1.35073,1.35117,0.0
2026-08-11 03:00:00,2026-08-11 00:00:00,2026-08-11 08:00:00,1.35117,1.35153,1.35113,1.35121,0.0
2026-08-11 04:00:00,2026-08-11 01:00:00,2026-08-11 09:00:00,1.35099,1.35159,1.35069,1.35115,0.0
2026-08-11 05:00:00,2026-08-11 02:00:00,2026-08-11 10:00:00,1.3511,1.35117,1.35033,1.35048,0.0
2026-08-11 06:00:00,2026-08-11 03:00:00,2026-08-11 11:00:00,1.35057,1.35133,1.35057,1.35102,0.0
2026-08-11 07:00:00,2026-08-11 04:00:00,2026-08-11 12:00:00,1.35113,1.35131,1.35079,1.35113,0.0
2026-08-11 08:00:00,2026-08-11 05:00:00,2026-08-11 13:00:00,1.35111,1.35144,1.3508,1.35126,0.0
2026-08-11 09:00:00,2026-08-11 06:00:00,2026-08-11 14:00:00,1.35142,1.35157,1.35033,1.35046,0.0
2026-08-11 10:00:00,2026-08-11 07:00:00,2026-08-11 15:00:00,1.35071,1.35086,1.34955,1.34966,0.0
2026-08-11 11:00:00,2026-08-11 08:00:00,2026-08-11 16:00:00,1.34975,1.35088,1.34967,1.3504,0.0
2026-08-11 12:00:00,2026-08-11 09:00:00,2026-08-11 17:00:00,1.35046,1.35055,1.34996,1.35044,0.0
2026-08-11 13:00:00,2026-08-11 10:00:00,2026-08-11 18:00:00,1.35042,1.35051,1.34975,1.34982,0.0
2026-08-11 14:00:00,2026-08-11 11:00:00,2026-08-11 19:00:00,1.34976,1.35044,1.34942,1.34945,0.0
2026-08-11 15:00:00,2026-08-11 12:00:00,2026-08-11 20:00:00,1.34949,1.35011,1.34936,1.35004,0.0
2026-08-11 16:00:00,2026-08-11 13:00:00,2026-08-11 21:00:00,1.35022,1.35068,1.34978,1.35027,0.0
2026-08-11 17:00:00,2026-08-11 14:00:00,2026-08-11 22:00:00,1.35004,1.35095,1.34993,1.35089,0.0
2026-08-11 18:00:00,2026-08-11 15:00:00,2026-08-11 23:00:00,1.35097,1.35126,1.35031,1.35126,0.0
2026-08-11 19:00:00,2026-08-11 16:00:00,2026-08-12 00:00:00,1.35133,1.35135,1.35048,1.35064,0.0
2026-08-11 20:00:00,2026-08-11 17:00:00,2026-08-12 01:00:00,1.35064,1.35064,1.3498,1.35026,0.0
2026-08-11 21:00:00,2026-08-11 18:00:00,2026-08-12 02:00:00,1.35018,1.3504,1.34971,1.35033,0.0
2026-08-11 22:00:00,2026-08-11 19:00:00,2026-08-12 03:00:00,1.35044,1.35086,1.35033,1.35086,0.0
2026-08-11 23:00:00,2026-08-11 20:00:00,2026-08-12 04:00:00,1.35086,1.35097,1.35048,1.35084,0.0
2026-08-12 00:00:00,2026-08-11 21:00:00,2026-08-12 05:00:00,1.35079,1.3508,1.35029,1.35073,0.0
2026-08-12 01:00:00,2026-08-11 22:00:00,2026-08-12 06:00:00,1.35079,1.35113,1.35077,1.35113,0.0
2026-08-12 02:00:00,2026-08-11 23:00:00,2026-08-12 07:00:00,1.351,1.35111,1.3508,1.35097,0.0
2026-08-12 03:00:00,2026-08-12 00:00:00,2026-08-12 08:00:00,1.35086,1.35117,1.35071,1.35079,0.0
2026-08-12 04:00:00,2026-08-12 01:00:00,2026-08-12 09:00:00,1.35079,1.35097,1.35026,1.35064,0.0
2026-08-12 05:00:00,2026-08-12 02:00:00,2026-08-12 10:00:00,1.35066,1.35079,1.35024,1.35069,0.0
2026-08-12 06:00:00,2026-08-12 03:00:00,2026-08-12 11:00:00,1.35077,1.35082,1.35057,1.3506,0.0
2026-08-12 07:00:00,2026-08-12 04:00:00,2026-08-12 12:00:00,1.35057,1.35079,1.35033,1.35075,0.0
2026-08-12 08:00:00,2026-08-12 05:00:00,2026-08-12 13:00:00,1.35071,1.35073,1.35033,1.35064,0.0
2026-08-12 09:00:00,2026-08-12 06:00:00,2026-08-12 14:00:00,1.35071,1.35086,1.35037,1.35086,0.0
2026-08-12 10:00:00,2026-08-12 07:00:00,2026-08-12 15:00:00,1.35099,1.35119,1.3508,1.3508,0.0
2026-08-12 11:00:00,2026-08-12 08:00:00,2026-08-12 16:00:00,1.35088,1.35128,1.35075,1.35106,0.0
2026-08-12 12:00:00,2026-08-12 09:00:00,2026-08-12 17:00:00,1.35122,1.35285,1.35113,1.35135,0.0
2026-08-12 13:00:00,2026-08-12 10:00:00,2026-08-12 18:00:00,1.35137,1.35225,1.35137,1.35168,0.0
2026-08-12 14:00:00,2026-08-12 11:00:00,2026-08-12 19:00:00,1.35141,1.35285,1.35141,1.35274,0.0
2026-08-12 15:00:00,2026-08-12 12:00:00,2026-08-12 20:00:00,1.35272,1.35406,1.351,1.35344,0.0
2026-08-12 16:00:00,2026-08-12 13:00:00,2026-08-12 21:00:00,1.35389,1.35406,1.35181,1.35263,0.0
2026-08-12 17:00:00,2026-08-12 14:00:00,2026-08-12 22:00:00,1.35269,1.35294,1.35053,1.35095,0.0
2026-08-12 18:00:00,2026-08-12 15:00:00,2026-08-12 23:00:00,1.3508,1.35117,1.35024,1.351,0.0
2026-08-12 19:00:00,2026-08-12 16:00:00,2026-08-13 00:00:00,1.35097,1.35108,1.3496,1.34976,0.0
2026-08-12 20:00:00,2026-08-12 17:00:00,2026-08-13 01:00:00,1.34982,1.35017,1.34925,1.34936,0.0
2026-08-12 21:00:00,2026-08-12 18:00:00,2026-08-13 02:00:00,1.34927,1.34976,1.34884,1.34884,0.0
2026-08-12 22:00:00,2026-08-12 19:00:00,2026-08-13 03:00:00,1.34887,1.3494,1.34885,1.3492,0.0
2026-08-12 23:00:00,2026-08-12 20:00:00,2026-08-13 04:00:00,1.3492,1.34966,1.34905,1.34964,0.0
2026-08-13 00:00:00,2026-08-12 21:00:00,2026-08-13 05:00:00,1.34945,1.35013,1.34911,1.3496,0.0
2026-08-13 01:00:00,2026-08-12 22:00:00,2026-08-13 06:00:00,1.34931,1.34976,1.3492,1.34962,0.0
2026-08-13 02:00:00,2026-08-12 23:00:00,2026-08-13 07:00:00,1.34966,1.34995,1.34955,1.34978,0.0
2026-08-13 03:00:00,2026-08-13 00:00:00,2026-08-13 08:00:00,1.34976,1.35011,1.34953,1.34976,0.0
2026-08-13 04:00:00,2026-08-13 01:00:00,2026-08-13 09:00:00,1.34982,1.34998,1.34918,1.34927,0.0
2026-08-13 05:00:00,2026-08-13 02:00:00,2026-08-13 10:00:00,1.34929,1.34931,1.34873,1.34889,0.0
2026-08-13 06:00:00,2026-08-13 03:00:00,2026-08-13 11:00:00,1.34889,1.34916,1.34871,1.34907,0.0
2026-08-13 07:00:00,2026-08-13 04:00:00,2026-08-13 12:00:00,1.34905,1.34971,1.34876,1.34971,0.0
2026-08-13 08:00:00,2026-08-13 05:00:00,2026-08-13 13:00:00,1.3496,1.34976,1.34925,1.34955,0.0
2026-08-13 09:00:00,2026-08-13 06:00:00,2026-08-13 14:00:00,1.34964,1.34969,1.34756,1.34829,0.0
2026-08-13 10:00:00,2026-08-13 07:00:00,2026-08-13 15:00:00,1.34822,1.34874,1.34762,1.34836,0.0
2026-08-13 11:00:00,2026-08-13 08:00:00,2026-08-13 16:00:00,1.34831,1.34833,1.34785,1.34793,0.0
2026-08-13 12:00:00,2026-08-13 09:00:00,2026-08-13 17:00:00,1.34782,1.34913,1.3476,1.34913,0.0
2026-08-13 13:00:00,2026-08-13 10:00:00,2026-08-13 18:00:00,1.34922,1.35013,1.34895,1.34909,0.0
2026-08-13 14:00:00,2026-08-13 11:00:00,2026-08-13 19:00:00,1.34905,1.34966,1.34884,1.34924,0.0
2026-08-13 15:00:00,2026-08-13 12:00:00,2026-08-13 20:00:00,1.34924,1.35093,1.34851,1.35093,0.0
2026-08-13 16:00:00,2026-08-13 13:00:00,2026-08-13 21:00:00,1.35086,1.35106,1.3498,1.34996,0.0
2026-08-13 17:00:00,2026-08-13 14:00:00,2026-08-13 22:00:00,1.35015,1.35122,1.34991,1.35077,0.0
2026-08-13 18:00:00,2026-08-13 15:00:00,2026-08-13 23:00:00,1.35075,1.35093,1.34955,1.34956,0.0
2026-08-13 19:00:00,2026-08-13 16:00:00,2026-08-14 00:00:00,1.34964,1.34964,1.34834,1.34858,0.0
2026-08-13 20:00:00,2026-08-13 17:00:00,2026-08-14 01:00:00,1.34869,1.34895,1.34802,1.34827,0.0
2026-08-13 21:00:00,2026-08-13 18:00:00,2026-08-14 02:00:00,1.34827,1.34878,1.34807,1.34844,0.0
2026-08-13 22:00:00,2026-08-13 19:00:00,2026-08-14 03:00:00,1.34851,1.34884,1.34836,1.34873,0.0
2026-08-13 23:00:00,2026-08-13 20:00:00,2026-08-14 04:00:00,1.34874,1.34884,1.34842,1.34869,0.0
2026-08-14 00:00:00,2026-08-13 21:00:00,2026-08-14 05:00:00,1.34918,1.34918,1.34842,1.3486,0.0
2026-08-14 01:00:00,2026-08-13 22:00:00,2026-08-14 06:00:00,1.34869,1.34891,1.34858,1.34887,0.0
2026-08-14 02:00:00,2026-08-13 23:00:00,2026-08-14 07:00:00,1.34893,1.34913,1.34884,1.34907,0.0
2026-08-14 03:00:00,2026-08-14 00:00:00,2026-08-14 08:00:00,1.34904,1.34987,1.34904,1.34987,0.0
2026-08-14 04:00:00,2026-08-14 01:00:00,2026-08-14 09:00:00,1.3498,1.3498,1.349,1.349,0.0
2026-08-14 05:00:00,2026-08-14 02:00:00,2026-08-14 10:00:00,1.34913,1.34945,1.34896,1.34898,0.0
2026-08-14 06:00:00,2026-08-14 03:00:00,2026-08-14 11:00:00,1.349,1.34978,1.34891,1.34956,0.0
2026-08-14 07:00:00,2026-08-14 04:00:00,2026-08-14 12:00:00,1.34951,1.34995,1.34951,1.3498,0.0
2026-08-14 08:00:00,2026-08-14 05:00:00,2026-08-14 13:00:00,1.34976,1.35009,1.34975,1.35,0.0
2026-08-14 09:00:00,2026-08-14 06:00:00,2026-08-14 14:00:00,1.35024,1.35046,1.34991,1.35044,0.0
2026-08-14 10:00:00,2026-08-14 07:00:00,2026-08-14 15:00:00,1.35044,1.35137,1.35031,1.35131,0.0
2026-08-14 11:00:00,2026-08-14 08:00:00,2026-08-14 16:00:00,1.35159,1.35267,1.35155,1.35237,0.0
2026-08-14 12:00:00,2026-08-14 09:00:00,2026-08-14 17:00:00,1.35234,1.35254,1.35205,1.35247,0.0
2026-08-14 13:00:00,2026-08-14 10:00:00,2026-08-14 18:00:00,1.35241,1.35298,1.35241,1.35281,0.0
2026-08-14 14:00:00,2026-08-14 11:00:00,2026-08-14 19:00:00,1.35291,1.35424,1.3528,1.35358,0.0
2026-08-14 15:00:00,2026-08-14 12:00:00,2026-08-14 20:00:00,1.35353,1.35498,1.35353,1.35406,0.0
2026-08-14 16:00:00,2026-08-14 13:00:00,2026-08-14 21:00:00,1.3538,1.35604,1.35356,1.35536,0.0
2026-08-14 17:00:00,2026-08-14 14:00:00,2026-08-14 22:00:00,1.35573,1.35615,1.35466,1.35483,0.0
2026-08-14 18:00:00,2026-08-14 15:00:00,2026-08-14 23:00:00,1.3549,1.35573,1.35415,1.35545,0.0
2026-08-14 19:00:00,2026-08-14 16:00:00,2026-08-15 00:00:00,1.35556,1.35569,1.35388,1.35393,0.0
2026-08-14 20:00:00,2026-08-14 17:00:00,2026-08-15 01:00:00,1.35397,1.35397,1.3528,1.35323,0.0
2026-08-14 21:00:00,2026-08-14 18:00:00,2026-08-15 02:00:00,1.35323,1.35362,1.35305,1.35333,0.0
2026-08-14 22:00:00,2026-08-14 19:00:00,2026-08-15 03:00:00,1.35336,1.35377,1.35333,1.35336,0.0
2026-08-14 23:00:00,2026-08-14 20:00:00,2026-08-15 04:00:00,1.35342,1.35367,1.35334,1.35355,0.0
2026-08-15 00:00:00,2026-08-14 21:00:00,2026-08-15 05:00:00,1.35358,1.35358,1.35358,1.35358,0.0
2026-08-17 00:00:00,2026-08-16 21:00:00,2026-08-17 05:00:00,1.35344,1.35372,1.35283,1.35298,1241.0
2026-08-17 01:00:00,2026-08-16 22:00:00,2026-08-17 06:00:00,1.35299,1.35434,1.35297,1.35429,4155.0
2026-08-17 02:00:00,2026-08-16 23:00:00,2026-08-17 07:00:00,1.35435,1.35477,1.35433,1.35468,0.0
2026-08-17 03:00:00,2026-08-17 00:00:00,2026-08-17 08:00:00,1.35488,1.35564,1.35488,1.35564,0.0
2026-08-17 04:00:00,2026-08-17 01:00:00,2026-08-17 09:00:00,1.35556,1.35566,1.35514,1.35558,0.0
2026-08-17 05:00:00,2026-08-17 02:00:00,2026-08-17 10:00:00,1.35555,1.35562,1.35505,1.35505,0.0
2026-08-17 06:00:00,2026-08-17 03:00:00,2026-08-17 11:00:00,1.35503,1.35523,1.35472,1.35523,0.0
2026-08-17 07:00:00,2026-08-17 04:00:00,2026-08-17 12:00:00,1.35514,1.35566,1.35514,1.35516,0.0
2026-08-17 08:00:00,2026-08-17 05:00:00,2026-08-17 13:00:00,1.35523,1.35588,1.35503,1.35542,0.0
2026-08-17 09:00:00,2026-08-17 06:00:00,2026-08-17 14:00:00,1.35555,1.35599,1.35512,1.35588,0.0
2026-08-17 10:00:00,2026-08-17 07:00:00,2026-08-17 15:00:00,1.35579,1.35715,1.35562,1.3563,0.0
2026-08-17 11:00:00,2026-08-17 08:00:00,2026-08-17 16:00:00,1.35624,1.35711,1.35503,1.35544,0.0
2026-08-17 12:00:00,2026-08-17 09:00:00,2026-08-17 17:00:00,1.35542,1.35621,1.35525,1.35591,0.0
2026-08-17 13:00:00,2026-08-17 10:00:00,2026-08-17 18:00:00,1.35577,1.35637,1.35558,1.35567,0.0
2026-08-17 14:00:00,2026-08-17 11:00:00,2026-08-17 19:00:00,1.35571,1.35608,1.35531,1.35569,0.0
2026-08-17 15:00:00,2026-08-17 12:00:00,2026-08-17 20:00:00,1.35567,1.35621,1.35533,1.35613,0.0
2026-08-17 16:00:00,2026-08-17 13:00:00,2026-08-17 21:00:00,1.35623,1.35659,1.35523,1.35604,0.0
2026-08-17 17:00:00,2026-08-17 14:00:00,2026-08-17 22:00:00,1.35606,1.35691,1.35522,1.35527,0.0
2026-08-17 18:00:00,2026-08-17 15:00:00,2026-08-17 23:00:00,1.35534,1.35624,1.35512,1.35624,0.0
2026-08-17 19:00:00,2026-08-17 16:00:00,2026-08-18 00:00:00,1.35624,1.35645,1.35584,1.35593,0.0
2026-08-17 20:00:00,2026-08-17 17:00:00,2026-08-18 01:00:00,1.35597,1.35602,1.35452,1.35452,0.0
2026-08-17 21:00:00,2026-08-17 18:00:00,2026-08-18 02:00:00,1.35446,1.35454,1.35373,1.35382,0.0
2026-08-17 22:00:00,2026-08-17 19:00:00,2026-08-18 03:00:00,1.35382,1.35452,1.35373,1.35439,0.0
2026-08-17 23:00:00,2026-08-17 20:00:00,2026-08-18 04:00:00,1.35452,1.35452,1.3541,1.35439,0.0
2026-08-18 00:00:00,2026-08-17 21:00:00,2026-08-18 05:00:00,1.35494,1.35525,1.35419,1.35419,0.0
2026-08-18 01:00:00,2026-08-17 22:00:00,2026-08-18 06:00:00,1.3545,1.35455,1.35432,1.35441,0.0
2026-08-18 02:00:00,2026-08-17 23:00:00,2026-08-18 07:00:00,1.35443,1.35522,1.35443,1.35507,0.0
2026-08-18 03:00:00,2026-08-18 00:00:00,2026-08-18 08:00:00,1.35511,1.35544,1.35457,1.35509,0.0
2026-08-18 04:00:00,2026-08-18 01:00:00,2026-08-18 09:00:00,1.355,1.35534,1.35465,1.35466,0.0
2026-08-18 05:00:00,2026-08-18 02:00:00,2026-08-18 10:00:00,1.35465,1.35468,1.35404,1.35466,0.0
2026-08-18 06:00:00,2026-08-18 03:00:00,2026-08-18 11:00:00,1.35457,1.35457,1.35347,1.35356,0.0
2026-08-18 07:00:00,2026-08-18 04:00:00,2026-08-18 12:00:00,1.35366,1.35386,1.35314,1.35356,0.0
2026-08-18 08:00:00,2026-08-18 05:00:00,2026-08-18 13:00:00,1.35353,1.35393,1.3534,1.35366,0.0
2026-08-18 09:00:00,2026-08-18 06:00:00,2026-08-18 14:00:00,1.35369,1.35369,1.3523,1.3527,0.0
2026-08-18 10:00:00,2026-08-18 07:00:00,2026-08-18 15:00:00,1.3528,1.35305,1.35208,1.35294,0.0
2026-08-18 11:00:00,2026-08-18 08:00:00,2026-08-18 16:00:00,1.35276,1.35342,1.35243,1.35329,0.0
2026-08-18 12:00:00,2026-08-18 09:00:00,2026-08-18 17:00:00,1.35316,1.35338,1.35276,1.35323,0.0
2026-08-18 13:00:00,2026-08-18 10:00:00,2026-08-18 18:00:00,1.3532,1.3532,1.35248,1.35274,0.0
2026-08-18 14:00:00,2026-08-18 11:00:00,2026-08-18 19:00:00,1.35263,1.35278,1.3521,1.35278,0.0
2026-08-18 15:00:00,2026-08-18 12:00:00,2026-08-18 20:00:00,1.35272,1.3534,1.35248,1.35322,0.0
2026-08-18 16:00:00,2026-08-18 13:00:00,2026-08-18 21:00:00,1.35336,1.35437,1.35323,1.35413,0.0
2026-08-18 17:00:00,2026-08-18 14:00:00,2026-08-18 22:00:00,1.35424,1.35509,1.35406,1.35433,0.0
2026-08-18 18:00:00,2026-08-18 15:00:00,2026-08-18 23:00:00,1.3543,1.35481,1.35369,1.35432,0.0
2026-08-18 19:00:00,2026-08-18 16:00:00,2026-08-19 00:00:00,1.35446,1.3547,1.35411,1.35411,0.0
2026-08-18 20:00:00,2026-08-18 17:00:00,2026-08-19 01:00:00,1.35411,1.35411,1.35323,1.35353,0.0
2026-08-18 21:00:00,2026-08-18 18:00:00,2026-08-19 02:00:00,1.35344,1.35384,1.35329,1.35345,0.0
2026-08-18 22:00:00,2026-08-18 19:00:00,2026-08-19 03:00:00,1.35344,1.35399,1.35323,1.35329,0.0
2026-08-18 23:00:00,2026-08-18 20:00:00,2026-08-19 04:00:00,1.35322,1.35329,1.35292,1.35329,0.0
2026-08-19 00:00:00,2026-08-18 21:00:00,2026-08-19 05:00:00,1.3538,1.35384,1.35303,1.35356,0.0
2026-08-19 01:00:00,2026-08-18 22:00:00,2026-08-19 06:00:00,1.35318,1.35347,1.35307,1.35344,0.0
2026-08-19 02:00:00,2026-08-18 23:00:00,2026-08-19 07:00:00,1.35347,1.35366,1.35323,1.35364,0.0
2026-08-19 03:00:00,2026-08-19 00:00:00,2026-08-19 08:00:00,1.35364,1.35417,1.35294,1.35302,0.0
2026-08-19 04:00:00,2026-08-19 01:00:00,2026-08-19 09:00:00,1.35296,1.35311,1.35239,1.35305,0.0
2026-08-19 05:00:00,2026-08-19 02:00:00,2026-08-19 10:00:00,1.35313,1.35432,1.35309,1.35402,0.0
2026-08-19 06:00:00,2026-08-19 03:00:00,2026-08-19 11:00:00,1.35402,1.35415,1.35377,1.35377,0.0
2026-08-19 07:00:00,2026-08-19 04:00:00,2026-08-19 12:00:00,1.35384,1.35424,1.35371,1.35421,0.0
2026-08-19 08:00:00,2026-08-19 05:00:00,2026-08-19 13:00:00,1.3543,1.35452,1.354,1.35443,0.0
2026-08-19 09:00:00,2026-08-19 06:00:00,2026-08-19 14:00:00,1.35435,1.35569,1.35435,1.35514,0.0
2026-08-19 10:00:00,2026-08-19 07:00:00,2026-08-19 15:00:00,1.35522,1.35566,1.35461,1.35566,0.0
2026-08-19 11:00:00,2026-08-19 08:00:00,2026-08-19 16:00:00,1.35556,1.35656,1.35534,1.35536,0.0
2026-08-19 12:00:00,2026-08-19 09:00:00,2026-08-19 17:00:00,1.35518,1.35593,1.35507,1.35586,0.0
2026-08-19 13:00:00,2026-08-19 10:00:00,2026-08-19 18:00:00,1.3558,1.35648,1.35562,1.35567,0.0
2026-08-19 14:00:00,2026-08-19 11:00:00,2026-08-19 19:00:00,1.35586,1.35604,1.35487,1.35536,0.0
2026-08-19 15:00:00,2026-08-19 12:00:00,2026-08-19 20:00:00,1.35545,1.36021,1.35534,1.35962,0.0
2026-08-19 16:00:00,2026-08-19 13:00:00,2026-08-19 21:00:00,1.36006,1.36234,1.35999,1.36182,0.0
2026-08-19 17:00:00,2026-08-19 14:00:00,2026-08-19 22:00:00,1.36184,1.36294,1.36082,1.36088,0.0
2026-08-19 18:00:00,2026-08-19 15:00:00,2026-08-19 23:00:00,1.36103,1.36136,1.36029,1.36067,0.0
2026-08-19 19:00:00,2026-08-19 16:00:00,2026-08-20 00:00:00,1.36077,1.36153,1.36054,1.36106,0.0
2026-08-19 20:00:00,2026-08-19 17:00:00,2026-08-20 01:00:00,1.36127,1.36164,1.3591,1.35916,0.0
2026-08-19 21:00:00,2026-08-19 18:00:00,2026-08-20 02:00:00,1.35934,1.36095,1.35908,1.36077,0.0
2026-08-19 22:00:00,2026-08-19 19:00:00,2026-08-20 03:00:00,1.36093,1.36119,1.36041,1.36082,0.0
2026-08-19 23:00:00,2026-08-19 20:00:00,2026-08-20 04:00:00,1.36073,1.36101,1.36029,1.36058,0.0
2026-08-20 00:00:00,2026-08-19 21:00:00,2026-08-20 05:00:00,1.36078,1.3611,1.36036,1.3608,0.0
2026-08-20 01:00:00,2026-08-19 22:00:00,2026-08-20 06:00:00,1.36082,1.36103,1.36047,1.36053,0.0
2026-08-20 02:00:00,2026-08-19 23:00:00,2026-08-20 07:00:00,1.36027,1.36071,1.35992,1.36008,0.0
2026-08-20 03:00:00,2026-08-20 00:00:00,2026-08-20 08:00:00,1.36029,1.36073,1.35984,1.36003,0.0
2026-08-20 04:00:00,2026-08-20 01:00:00,2026-08-20 09:00:00,1.36001,1.36082,1.35949,1.36082,0.0
2026-08-20 05:00:00,2026-08-20 02:00:00,2026-08-20 10:00:00,1.36075,1.36143,1.36034,1.36054,0.0
2026-08-20 06:00:00,2026-08-20 03:00:00,2026-08-20 11:00:00,1.36066,1.36147,1.3606,1.36143,0.0
2026-08-20 07:00:00,2026-08-20 04:00:00,2026-08-20 12:00:00,1.36136,1.36164,1.36075,1.36077,0.0
2026-08-20 08:00:00,2026-08-20 05:00:00,2026-08-20 13:00:00,1.36084,1.36101,1.36006,1.36053,0.0
2026-08-20 09:00:00,2026-08-20 06:00:00,2026-08-20 14:00:00,1.36054,1.36179,1.36038,1.36179,0.0
2026-08-20 10:00:00,2026-08-20 07:00:00,2026-08-20 15:00:00,1.36143,1.3631,1.36095,1.36253,0.0
2026-08-20 11:00:00,2026-08-20 08:00:00,2026-08-20 16:00:00,1.36245,1.36375,1.36245,1.36361,0.0
2026-08-20 12:00:00,2026-08-20 09:00:00,2026-08-20 17:00:00,1.36364,1.36482,1.36329,1.36482,0.0
2026-08-20 13:00:00,2026-08-20 10:00:00,2026-08-20 18:00:00,1.36442,1.36591,1.36413,1.3645,0.0
2026-08-20 14:00:00,2026-08-20 11:00:00,2026-08-20 19:00:00,1.36439,1.36439,1.36307,1.36323,0.0
2026-08-20 15:00:00,2026-08-20 12:00:00,2026-08-20 20:00:00,1.36325,1.36454,1.36231,1.36428,0.0
2026-08-20 16:00:00,2026-08-20 13:00:00,2026-08-20 21:00:00,1.36472,1.36521,1.36342,1.36344,0.0
2026-08-20 17:00:00,2026-08-20 14:00:00,2026-08-20 22:00:00,1.36368,1.3639,1.3629,1.36323,0.0
2026-08-20 18:00:00,2026-08-20 15:00:00,2026-08-20 23:00:00,1.36333,1.36474,1.36294,1.36374,0.0
2026-08-20 19:00:00,2026-08-20 16:00:00,2026-08-21 00:00:00,1.36361,1.36366,1.36251,1.36308,0.0
2026-08-20 20:00:00,2026-08-20 17:00:00,2026-08-21 01:00:00,1.36312,1.36314,1.36242,1.36281,0.0
2026-08-20 21:00:00,2026-08-20 18:00:00,2026-08-21 02:00:00,1.36282,1.36282,1.36212,1.36281,0.0
2026-08-20 22:00:00,2026-08-20 19:00:00,2026-08-21 03:00:00,1.36273,1.3631,1.36266,1.36286,0.0
2026-08-20 23:00:00,2026-08-20 20:00:00,2026-08-21 04:00:00,1.36301,1.36333,1.36282,1.36308,0.0
2026-08-21 00:00:00,2026-08-20 21:00:00,2026-08-21 05:00:00,1.3631,1.36336,1.36268,1.3631,0.0
2026-08-21 01:00:00,2026-08-20 22:00:00,2026-08-21 06:00:00,1.36323,1.36374,1.36323,1.36361,0.0
2026-08-21 02:00:00,2026-08-20 23:00:00,2026-08-21 07:00:00,1.36372,1.36439,1.36372,1.36433,0.0
2026-08-21 03:00:00,2026-08-21 00:00:00,2026-08-21 08:00:00,1.36437,1.36472,1.36383,1.36383,0.0
2026-08-21 04:00:00,2026-08-21 01:00:00,2026-08-21 09:00:00,1.36392,1.365,1.36374,1.36452,0.0
2026-08-21 05:00:00,2026-08-21 02:00:00,2026-08-21 10:00:00,1.36457,1.36554,1.36414,1.36491,0.0
2026-08-21 06:00:00,2026-08-21 03:00:00,2026-08-21 11:00:00,1.36487,1.36515,1.36439,1.36459,0.0
2026-08-21 07:00:00,2026-08-21 04:00:00,2026-08-21 12:00:00,1.36452,1.36465,1.36398,1.36439,0.0
2026-08-21 08:00:00,2026-08-21 05:00:00,2026-08-21 13:00:00,1.36424,1.3653,1.36414,1.36526,0.0
2026-08-21 09:00:00,2026-08-21 06:00:00,2026-08-21 14:00:00,1.36504,1.36506,1.36422,1.365,0.0
2026-08-21 10:00:00,2026-08-21 07:00:00,2026-08-21 15:00:00,1.36508,1.36532,1.36392,1.36416,0.0
2026-08-21 11:00:00,2026-08-21 08:00:00,2026-08-21 16:00:00,1.36428,1.36655,1.36359,1.36655,0.0
2026-08-21 12:00:00,2026-08-21 09:00:00,2026-08-21 17:00:00,1.36638,1.36754,1.36554,1.36554,0.0
2026-08-21 13:00:00,2026-08-21 10:00:00,2026-08-21 18:00:00,1.36539,1.36661,1.3647,1.36498,0.0
2026-08-21 14:00:00,2026-08-21 11:00:00,2026-08-21 19:00:00,1.36493,1.36633,1.3648,1.36577,0.0
2026-08-21 15:00:00,2026-08-21 12:00:00,2026-08-21 20:00:00,1.36584,1.36601,1.36364,1.36439,0.0
2026-08-21 16:00:00,2026-08-21 13:00:00,2026-08-21 21:00:00,1.36461,1.36463,1.36351,1.3645,0.0
2026-08-21 17:00:00,2026-08-21 14:00:00,2026-08-21 22:00:00,1.36414,1.36441,1.36192,1.36245,0.0
2026-08-21 18:00:00,2026-08-21 15:00:00,2026-08-21 23:00:00,1.36253,1.36424,1.36236,1.36424,0.0
2026-08-21 19:00:00,2026-08-21 16:00:00,2026-08-22 00:00:00,1.36431,1.36446,1.36372,1.36428,0.0
2026-08-21 20:00:00,2026-08-21 17:00:00,2026-08-22 01:00:00,1.36418,1.36495,1.36403,1.36489,0.0
2026-08-21 21:00:00,2026-08-21 18:00:00,2026-08-22 02:00:00,1.36498,1.36545,1.36495,1.36521,0.0
2026-08-21 22:00:00,2026-08-21 19:00:00,2026-08-22 03:00:00,1.36526,1.36526,1.36465,1.36476,0.0
2026-08-21 23:00:00,2026-08-21 20:00:00,2026-08-22 04:00:00,1.36467,1.36491,1.3642,1.36463,0.0
2026-08-22 00:00:00,2026-08-21 21:00:00,2026-08-22 05:00:00,1.3648,1.3648,1.3648,1.3648,0.0
2026-08-24 00:00:00,2026-08-23 21:00:00,2026-08-24 05:00:00,1.36255,1.3644,1.36248,1.36332,1385.0
2026-08-24 01:00:00,2026-08-23 22:00:00,2026-08-24 06:00:00,1.36331,1.36465,1.36331,1.36425,4217.0
2026-08-24 02:00:00,2026-08-23 23:00:00,2026-08-24 07:00:00,1.36435,1.36545,1.36435,1.36545,0.0
2026-08-24 03:00:00,2026-08-24 00:00:00,2026-08-24 08:00:00,1.36547,1.36564,1.365,1.36554,0.0
2026-08-24 04:00:00,2026-08-24 01:00:00,2026-08-24 09:00:00,1.36558,1.36558,1.36426,1.36487,0.0
2026-08-24 05:00:00,2026-08-24 02:00:00,2026-08-24 10:00:00,1.36483,1.36522,1.36467,1.365,0.0
2026-08-24 06:00:00,2026-08-24 03:00:00,2026-08-24 11:00:00,1.36506,1.36506,1.36442,1.36459,0.0
2026-08-24 07:00:00,2026-08-24 04:00:00,2026-08-24 12:00:00,1.36457,1.36474,1.36426,1.36474,0.0
2026-08-24 08:00:00,2026-08-24 05:00:00,2026-08-24 13:00:00,1.36474,1.36474,1.36401,1.36444,0.0
2026-08-24 09:00:00,2026-08-24 06:00:00,2026-08-24 14:00:00,1.36452,1.36467,1.36392,1.36441,0.0
2026-08-24 10:00:00,2026-08-24 07:00:00,2026-08-24 15:00:00,1.36476,1.36493,1.36335,1.36349,0.0
2026-08-24 11:00:00,2026-08-24 08:00:00,2026-08-24 16:00:00,1.36336,1.36377,1.36242,1.36242,0.0
2026-08-24 12:00:00,2026-08-24 09:00:00,2026-08-24 17:00:00,1.36238,1.36344,1.36238,1.36336,0.0
2026-08-24 13:00:00,2026-08-24 10:00:00,2026-08-24 18:00:00,1.36346,1.36359,1.36262,1.36262,0.0
2026-08-24 14:00:00,2026-08-24 11:00:00,2026-08-24 19:00:00,1.36269,1.36411,1.36249,1.36388,0.0
2026-08-24 15:00:00,2026-08-24 12:00:00,2026-08-24 20:00:00,1.36385,1.36457,1.36333,1.36426,0.0
2026-08-24 16:00:00,2026-08-24 13:00:00,2026-08-24 21:00:00,1.36448,1.36498,1.3639,1.36405,0.0
2026-08-24 17:00:00,2026-08-24 14:00:00,2026-08-24 22:00:00,1.36403,1.36431,1.36346,1.36353,0.0
2026-08-24 18:00:00,2026-08-24 15:00:00,2026-08-24 23:00:00,1.36348,1.36441,1.36297,1.36299,0.0
2026-08-24 19:00:00,2026-08-24 16:00:00,2026-08-25 00:00:00,1.36301,1.36375,1.36301,1.36349,0.0
2026-08-24 20:00:00,2026-08-24 17:00:00,2026-08-25 01:00:00,1.36353,1.36357,1.36256,1.36292,0.0
2026-08-24 21:00:00,2026-08-24 18:00:00,2026-08-25 02:00:00,1.36284,1.36351,1.36256,1.3632,0.0
2026-08-24 22:00:00,2026-08-24 19:00:00,2026-08-25 03:00:00,1.36308,1.36312,1.36258,1.36281,0.0
2026-08-24 23:00:00,2026-08-24 20:00:00,2026-08-25 04:00:00,1.36282,1.36316,1.36282,1.36314,0.0
2026-08-25 00:00:00,2026-08-24 21:00:00,2026-08-25 05:00:00,1.36394,1.36396,1.36301,1.36344,0.0
2026-08-25 01:00:00,2026-08-24 22:00:00,2026-08-25 06:00:00,1.36333,1.36349,1.36327,1.36342,0.0
2026-08-25 02:00:00,2026-08-24 23:00:00,2026-08-25 07:00:00,1.36357,1.36387,1.36338,1.36379,0.0
2026-08-25 03:00:00,2026-08-25 00:00:00,2026-08-25 08:00:00,1.3639,1.36407,1.3637,1.36398,0.0
2026-08-25 04:00:00,2026-08-25 01:00:00,2026-08-25 09:00:00,1.36383,1.36396,1.36321,1.36327,0.0
2026-08-25 05:00:00,2026-08-25 02:00:00,2026-08-25 10:00:00,1.36321,1.36364,1.3631,1.36312,0.0
2026-08-25 06:00:00,2026-08-25 03:00:00,2026-08-25 11:00:00,1.36323,1.36335,1.36286,1.36294,0.0
2026-08-25 07:00:00,2026-08-25 04:00:00,2026-08-25 12:00:00,1.36292,1.36292,1.36245,1.36271,0.0
2026-08-25 08:00:00,2026-08-25 05:00:00,2026-08-25 13:00:00,1.36262,1.36294,1.36229,1.36232,0.0
2026-08-25 09:00:00,2026-08-25 06:00:00,2026-08-25 14:00:00,1.36238,1.36284,1.36231,1.36282,0.0
2026-08-25 10:00:00,2026-08-25 07:00:00,2026-08-25 15:00:00,1.36294,1.36446,1.36294,1.36388,0.0
2026-08-25 11:00:00,2026-08-25 08:00:00,2026-08-25 16:00:00,1.36387,1.36424,1.36301,1.36416,0.0
2026-08-25 12:00:00,2026-08-25 09:00:00,2026-08-25 17:00:00,1.36435,1.36495,1.36418,1.36441,0.0
2026-08-25 13:00:00,2026-08-25 10:00:00,2026-08-25 18:00:00,1.36431,1.36431,1.36321,1.36342,0.0
2026-08-25 14:00:00,2026-08-25 11:00:00,2026-08-25 19:00:00,1.36336,1.36372,1.36288,1.36325,0.0
2026-08-25 15:00:00,2026-08-25 12:00:00,2026-08-25 20:00:00,1.36331,1.36368,1.36273,1.36364,0.0
2026-08-25 16:00:00,2026-08-25 13:00:00,2026-08-25 21:00:00,1.36361,1.36517,1.36353,1.36424,0.0
2026-08-25 17:00:00,2026-08-25 14:00:00,2026-08-25 22:00:00,1.3642,1.36433,1.36301,1.36344,0.0
2026-08-25 18:00:00,2026-08-25 15:00:00,2026-08-25 23:00:00,1.36344,1.36394,1.36312,1.36392,0.0
2026-08-25 19:00:00,2026-08-25 16:00:00,2026-08-26 00:00:00,1.36407,1.36411,1.36329,1.36342,0.0
2026-08-25 20:00:00,2026-08-25 17:00:00,2026-08-26 01:00:00,1.36344,1.36448,1.36344,1.36442,0.0
2026-08-25 21:00:00,2026-08-25 18:00:00,2026-08-26 02:00:00,1.36446,1.3647,1.36429,1.36454,0.0
2026-08-25 22:00:00,2026-08-25 19:00:00,2026-08-26 03:00:00,1.36465,1.36539,1.36444,1.36532,0.0
2026-08-25 23:00:00,2026-08-25 20:00:00,2026-08-26 04:00:00,1.36534,1.36552,1.3648,1.3648,0.0
2026-08-26 00:00:00,2026-08-25 21:00:00,2026-08-26 05:00:00,1.36394,1.36522,1.36349,1.36468,0.0
2026-08-26 01:00:00,2026-08-25 22:00:00,2026-08-26 06:00:00,1.36463,1.36506,1.36463,1.365,0.0
2026-08-26 02:00:00,2026-08-25 23:00:00,2026-08-26 07:00:00,1.36502,1.36502,1.36452,1.3647,0.0
2026-08-26 03:00:00,2026-08-26 00:00:00,2026-08-26 08:00:00,1.36465,1.36491,1.3645,1.36463,0.0
2026-08-26 04:00:00,2026-08-26 01:00:00,2026-08-26 09:00:00,1.36467,1.3648,1.36446,1.3645,0.0
2026-08-26 05:00:00,2026-08-26 02:00:00,2026-08-26 10:00:00,1.36448,1.3647,1.36401,1.36411,0.0
2026-08-26 06:00:00,2026-08-26 03:00:00,2026-08-26 11:00:00,1.36401,1.36414,1.36366,1.36374,0.0
2026-08-26 07:00:00,2026-08-26 04:00:00,2026-08-26 12:00:00,1.36377,1.36377,1.36323,1.36336,0.0
2026-08-26 08:00:00,2026-08-26 05:00:00,2026-08-26 13:00:00,1.36335,1.36372,1.36314,1.36355,0.0
2026-08-26 09:00:00,2026-08-26 06:00:00,2026-08-26 14:00:00,1.36353,1.36353,1.36256,1.36335,0.0
2026-08-26 10:00:00,2026-08-26 07:00:00,2026-08-26 15:00:00,1.36335,1.36409,1.3631,1.36318,0.0
2026-08-26 11:00:00,2026-08-26 08:00:00,2026-08-26 16:00:00,1.36308,1.36372,1.36269,1.36282,0.0
2026-08-26 12:00:00,2026-08-26 09:00:00,2026-08-26 17:00:00,1.36294,1.36301,1.3624,1.36281,0.0
2026-08-26 13:00:00,2026-08-26 10:00:00,2026-08-26 18:00:00,1.36268,1.36268,1.36182,1.36205,0.0
2026-08-26 14:00:00,2026-08-26 11:00:00,2026-08-26 19:00:00,1.36212,1.36305,1.36212,1.36301,0.0
2026-08-26 15:00:00,2026-08-26 12:00:00,2026-08-26 20:00:00,1.36299,1.36359,1.36095,1.36104,0.0
2026-08-26 16:00:00,2026-08-26 13:00:00,2026-08-26 21:00:00,1.36069,1.36088,1.36027,1.36032,0.0
2026-08-26 17:00:00,2026-08-26 14:00:00,2026-08-26 22:00:00,1.36027,1.36027,1.35857,1.35897,0.0
2026-08-26 18:00:00,2026-08-26 15:00:00,2026-08-26 23:00:00,1.35882,1.35984,1.35875,1.35943,0.0
2026-08-26 19:00:00,2026-08-26 16:00:00,2026-08-27 00:00:00,1.35945,1.35967,1.35892,1.35918,0.0
2026-08-26 20:00:00,2026-08-26 17:00:00,2026-08-27 01:00:00,1.35912,1.35962,1.35899,1.35942,0.0
2026-08-26 21:00:00,2026-08-26 18:00:00,2026-08-27 02:00:00,1.35945,1.35964,1.35908,1.35921,0.0
2026-08-26 22:00:00,2026-08-26 19:00:00,2026-08-27 03:00:00,1.35923,1.35945,1.35906,1.35934,0.0
2026-08-26 23:00:00,2026-08-26 20:00:00,2026-08-27 04:00:00,1.35945,1.3598,1.35932,1.3598,0.0
2026-08-27 00:00:00,2026-08-26 21:00:00,2026-08-27 05:00:00,1.35962,1.35966,1.35903,1.35953,0.0
2026-08-27 01:00:00,2026-08-26 22:00:00,2026-08-27 06:00:00,1.35942,1.35969,1.35936,1.35953,0.0
2026-08-27 02:00:00,2026-08-26 23:00:00,2026-08-27 07:00:00,1.35951,1.3598,1.35951,1.35962,0.0
2026-08-27 03:00:00,2026-08-27 00:00:00,2026-08-27 08:00:00,1.35966,1.35966,1.35903,1.35921,0.0
2026-08-27 04:00:00,2026-08-27 01:00:00,2026-08-27 09:00:00,1.35927,1.35945,1.35897,1.35927,0.0
2026-08-27 05:00:00,2026-08-27 02:00:00,2026-08-27 10:00:00,1.35932,1.35949,1.35892,1.35914,0.0
2026-08-27 06:00:00,2026-08-27 03:00:00,2026-08-27 11:00:00,1.35914,1.35927,1.35875,1.35875,0.0
2026-08-27 07:00:00,2026-08-27 04:00:00,2026-08-27 12:00:00,1.35877,1.3591,1.3587,1.35875,0.0
2026-08-27 08:00:00,2026-08-27 05:00:00,2026-08-27 13:00:00,1.35877,1.35914,1.3586,1.35884,0.0
2026-08-27 09:00:00,2026-08-27 06:00:00,2026-08-27 14:00:00,1.3589,1.35916,1.35866,1.35894,0.0
2026-08-27 10:00:00,2026-08-27 07:00:00,2026-08-27 15:00:00,1.35908,1.35964,1.35868,1.35875,0.0
2026-08-27 11:00:00,2026-08-27 08:00:00,2026-08-27 16:00:00,1.35875,1.35942,1.35807,1.35814,0.0
2026-08-27 12:00:00,2026-08-27 09:00:00,2026-08-27 17:00:00,1.35799,1.35814,1.35724,1.35763,0.0
2026-08-27 13:00:00,2026-08-27 10:00:00,2026-08-27 18:00:00,1.35753,1.35816,1.35713,1.35766,0.0
2026-08-27 14:00:00,2026-08-27 11:00:00,2026-08-27 19:00:00,1.35752,1.35823,1.35711,1.35787,0.0
2026-08-27 15:00:00,2026-08-27 12:00:00,2026-08-27 20:00:00,1.35783,1.35829,1.35744,1.35744,0.0
2026-08-27 16:00:00,2026-08-27 13:00:00,2026-08-27 21:00:00,1.35739,1.36017,1.35739,1.35934,0.0
2026-08-27 17:00:00,2026-08-27 14:00:00,2026-08-27 22:00:00,1.35934,1.35958,1.35805,1.35818,0.0
2026-08-27 18:00:00,2026-08-27 15:00:00,2026-08-27 23:00:00,1.35825,1.35988,1.35822,1.35982,0.0
2026-08-27 19:00:00,2026-08-27 16:00:00,2026-08-28 00:00:00,1.35982,1.36012,1.35921,1.35929,0.0
2026-08-27 20:00:00,2026-08-27 17:00:00,2026-08-28 01:00:00,1.3594,1.35964,1.35882,1.35888,0.0
2026-08-27 21:00:00,2026-08-27 18:00:00,2026-08-28 02:00:00,1.35888,1.35895,1.35833,1.35892,0.0
2026-08-27 22:00:00,2026-08-27 19:00:00,2026-08-28 03:00:00,1.35892,1.35899,1.35851,1.3589,0.0
2026-08-27 23:00:00,2026-08-27 20:00:00,2026-08-28 04:00:00,1.35881,1.35934,1.35881,1.35929,0.0
2026-08-28 00:00:00,2026-08-27 21:00:00,2026-08-28 05:00:00,1.35925,1.35997,1.35894,1.35931,0.0
2026-08-28 01:00:00,2026-08-27 22:00:00,2026-08-28 06:00:00,1.35938,1.35962,1.35919,1.35962,0.0
2026-08-28 02:00:00,2026-08-27 23:00:00,2026-08-28 07:00:00,1.35962,1.3598,1.35955,1.35967,0.0
2026-08-28 03:00:00,2026-08-28 00:00:00,2026-08-28 08:00:00,1.35966,1.35977,1.35938,1.35962,0.0
2026-08-28 04:00:00,2026-08-28 01:00:00,2026-08-28 09:00:00,1.35962,1.35975,1.35906,1.35908,0.0
2026-08-28 05:00:00,2026-08-28 02:00:00,2026-08-28 10:00:00,1.35903,1.35934,1.35881,1.35934,0.0
2026-08-28 06:00:00,2026-08-28 03:00:00,2026-08-28 11:00:00,1.3594,1.35945,1.35892,1.35894,0.0
2026-08-28 07:00:00,2026-08-28 04:00:00,2026-08-28 12:00:00,1.35897,1.35897,1.35877,1.35884,0.0
2026-08-28 08:00:00,2026-08-28 05:00:00,2026-08-28 13:00:00,1.35886,1.35908,1.35873,1.35901,0.0
2026-08-28 09:00:00,2026-08-28 06:00:00,2026-08-28 14:00:00,1.35886,1.35938,1.35886,1.35934,0.0
2026-08-28 10:00:00,2026-08-28 07:00:00,2026-08-28 15:00:00,1.35929,1.35929,1.35811,1.3589,0.0
2026-08-28 11:00:00,2026-08-28 08:00:00,2026-08-28 16:00:00,1.35868,1.3591,1.35838,1.35864,0.0
2026-08-28 12:00:00,2026-08-28 09:00:00,2026-08-28 17:00:00,1.35875,1.35875,1.35812,1.35818,0.0
2026-08-28 13:00:00,2026-08-28 10:00:00,2026-08-28 18:00:00,1.35811,1.35918,1.35807,1.35914,0.0
2026-08-28 14:00:00,2026-08-28 11:00:00,2026-08-28 19:00:00,1.35916,1.35916,1.35847,1.35849,0.0
2026-08-28 15:00:00,2026-08-28 12:00:00,2026-08-28 20:00:00,1.35855,1.35857,1.3574,1.35842,0.0
2026-08-28 16:00:00,2026-08-28 13:00:00,2026-08-28 21:00:00,1.35846,1.35855,1.3574,1.35853,0.0
2026-08-28 17:00:00,2026-08-28 14:00:00,2026-08-28 22:00:00,1.35735,1.35831,1.35316,1.3574,0.0
2026-08-28 18:00:00,2026-08-28 15:00:00,2026-08-28 23:00:00,1.35724,1.35739,1.35529,1.35529,0.0
2026-08-28 19:00:00,2026-08-28 16:00:00,2026-08-29 00:00:00,1.35527,1.35527,1.35347,1.35371,0.0
2026-08-28 20:00:00,2026-08-28 17:00:00,2026-08-29 01:00:00,1.3536,1.35369,1.35274,1.35298,0.0
2026-08-28 21:00:00,2026-08-28 18:00:00,2026-08-29 02:00:00,1.35302,1.35311,1.3527,1.35298,0.0
2026-08-28 22:00:00,2026-08-28 19:00:00,2026-08-29 03:00:00,1.35307,1.35406,1.35305,1.35386,0.0
2026-08-28 23:00:00,2026-08-28 20:00:00,2026-08-29 04:00:00,1.35377,1.35389,1.35305,1.35342,0.0
2026-08-29 00:00:00,2026-08-28 21:00:00,2026-08-29 05:00:00,1.35375,1.35375,1.35375,1.35375,0.0
2026-08-31 02:00:00,2026-08-30 23:00:00,2026-08-31 07:00:00,1.35371,1.35411,1.35366,1.35406,0.0
2026-08-31 03:00:00,2026-08-31 00:00:00,2026-08-31 08:00:00,1.35413,1.35435,1.35351,1.35426,0.0
