timestamp_mt5,timestamp_utc,timestamp_tpe,open,high,low,close,volume
2026-06-11 05:15:00,2026-06-11 02:15:00,2026-06-11 10:15:00,1.99153,1.99181,1.99124,1.99159,3009.0
2026-06-11 05:30:00,2026-06-11 02:30:00,2026-06-11 10:30:00,1.99158,1.99188,1.9913,1.99144,3420.0
2026-06-11 05:45:00,2026-06-11 02:45:00,2026-06-11 10:45:00,1.99144,1.99156,1.99067,1.99098,2907.0
2026-06-11 06:00:00,2026-06-11 03:00:00,2026-06-11 11:00:00,1.99096,1.99209,1.99079,1.99191,2688.0
2026-06-11 06:15:00,2026-06-11 03:15:00,2026-06-11 11:15:00,1.9919,1.99213,1.99157,1.9919,2837.0
2026-06-11 06:30:00,2026-06-11 03:30:00,2026-06-11 11:30:00,1.99191,1.99201,1.99114,1.99165,2930.0
2026-06-11 06:45:00,2026-06-11 03:45:00,2026-06-11 11:45:00,1.99164,1.99204,1.99153,1.99171,2247.0
2026-06-11 07:00:00,2026-06-11 04:00:00,2026-06-11 12:00:00,1.99171,1.99254,1.99157,1.9919,2023.0
2026-06-11 07:15:00,2026-06-11 04:15:00,2026-06-11 12:15:00,1.99188,1.99245,1.9918,1.99228,2427.0
2026-06-11 07:30:00,2026-06-11 04:30:00,2026-06-11 12:30:00,1.99228,1.99235,1.99151,1.99163,2237.0
2026-06-11 07:45:00,2026-06-11 04:45:00,2026-06-11 12:45:00,1.9916,1.99182,1.9913,1.99151,2083.0
2026-06-11 08:00:00,2026-06-11 05:00:00,2026-06-11 13:00:00,1.99152,1.99209,1.99147,1.99172,2276.0
2026-06-11 08:15:00,2026-06-11 05:15:00,2026-06-11 13:15:00,1.99172,1.9929,1.99138,1.99251,2420.0
2026-06-11 08:30:00,2026-06-11 05:30:00,2026-06-11 13:30:00,1.99251,1.99284,1.99228,1.99268,2711.0
2026-06-11 08:45:00,2026-06-11 05:45:00,2026-06-11 13:45:00,1.99268,1.99284,1.99217,1.99249,2478.0
2026-06-11 09:00:00,2026-06-11 06:00:00,2026-06-11 14:00:00,1.99248,1.99319,1.99237,1.99269,3250.0
2026-06-11 09:15:00,2026-06-11 06:15:00,2026-06-11 14:15:00,1.99268,1.99318,1.99251,1.99295,2873.0
2026-06-11 09:30:00,2026-06-11 06:30:00,2026-06-11 14:30:00,1.99297,1.99333,1.99236,1.99278,2667.0
2026-06-11 09:45:00,2026-06-11 06:45:00,2026-06-11 14:45:00,1.99276,1.99334,1.99262,1.99314,2468.0
2026-06-11 10:00:00,2026-06-11 07:00:00,2026-06-11 15:00:00,1.99319,1.99445,1.99311,1.99392,3009.0
2026-06-11 10:15:00,2026-06-11 07:15:00,2026-06-11 15:15:00,1.99392,1.99426,1.99318,1.99321,2979.0
2026-06-11 10:30:00,2026-06-11 07:30:00,2026-06-11 15:30:00,1.99318,1.99365,1.9928,1.99342,2905.0
2026-06-11 10:45:00,2026-06-11 07:45:00,2026-06-11 15:45:00,1.99342,1.99452,1.99342,1.99385,2615.0
2026-06-11 11:00:00,2026-06-11 08:00:00,2026-06-11 16:00:00,1.99386,1.99407,1.99323,1.99355,2964.0
2026-06-11 11:15:00,2026-06-11 08:15:00,2026-06-11 16:15:00,1.99355,1.99441,1.99354,1.99438,3232.0
2026-06-11 11:30:00,2026-06-11 08:30:00,2026-06-11 16:30:00,1.99439,1.99479,1.99403,1.99443,2628.0
2026-06-11 11:45:00,2026-06-11 08:45:00,2026-06-11 16:45:00,1.99445,1.99503,1.99424,1.99453,2724.0
2026-06-11 12:00:00,2026-06-11 09:00:00,2026-06-11 17:00:00,1.99453,1.99469,1.99391,1.99429,2644.0
2026-06-11 12:15:00,2026-06-11 09:15:00,2026-06-11 17:15:00,1.99429,1.99512,1.9942,1.99434,2327.0
2026-06-11 12:30:00,2026-06-11 09:30:00,2026-06-11 17:30:00,1.99434,1.99446,1.99396,1.99405,2409.0
2026-06-11 12:45:00,2026-06-11 09:45:00,2026-06-11 17:45:00,1.99406,1.99429,1.99346,1.99418,2269.0
2026-06-11 13:00:00,2026-06-11 10:00:00,2026-06-11 18:00:00,1.99421,1.99422,1.99361,1.9938,2478.0
2026-06-11 13:15:00,2026-06-11 10:15:00,2026-06-11 18:15:00,1.99381,1.99434,1.9936,1.99434,2354.0
2026-06-11 13:30:00,2026-06-11 10:30:00,2026-06-11 18:30:00,1.99433,1.99437,1.99356,1.99385,2257.0
2026-06-11 13:45:00,2026-06-11 10:45:00,2026-06-11 18:45:00,1.99382,1.99422,1.9936,1.99398,2186.0
2026-06-11 14:00:00,2026-06-11 11:00:00,2026-06-11 19:00:00,1.99398,1.99537,1.99392,1.99486,2933.0
2026-06-11 14:15:00,2026-06-11 11:15:00,2026-06-11 19:15:00,1.99486,1.99538,1.99465,1.99486,2349.0
2026-06-11 14:30:00,2026-06-11 11:30:00,2026-06-11 19:30:00,1.99485,1.99486,1.99372,1.99391,3034.0
2026-06-11 14:45:00,2026-06-11 11:45:00,2026-06-11 19:45:00,1.99391,1.99441,1.99379,1.99429,2323.0
2026-06-11 15:00:00,2026-06-11 12:00:00,2026-06-11 20:00:00,1.99429,1.99439,1.99364,1.99381,2496.0
2026-06-11 15:15:00,2026-06-11 12:15:00,2026-06-11 20:15:00,1.99377,1.99561,1.99368,1.99536,4736.0
2026-06-11 15:30:00,2026-06-11 12:30:00,2026-06-11 20:30:00,1.99534,1.99693,1.99435,1.99634,4786.0
2026-06-11 15:45:00,2026-06-11 12:45:00,2026-06-11 20:45:00,1.99632,1.99667,1.99539,1.99619,4901.0
2026-06-11 16:00:00,2026-06-11 13:00:00,2026-06-11 21:00:00,1.99619,1.99703,1.99534,1.99594,4094.0
2026-06-11 16:15:00,2026-06-11 13:15:00,2026-06-11 21:15:00,1.99593,1.99606,1.99521,1.99586,3664.0
2026-06-11 16:30:00,2026-06-11 13:30:00,2026-06-11 21:30:00,1.9958,1.99594,1.99491,1.99525,4792.0
2026-06-11 16:45:00,2026-06-11 13:45:00,2026-06-11 21:45:00,1.99524,1.99529,1.99327,1.9937,4886.0
2026-06-11 17:00:00,2026-06-11 14:00:00,2026-06-11 22:00:00,1.99367,1.99551,1.99358,1.99539,4692.0
2026-06-11 17:15:00,2026-06-11 14:15:00,2026-06-11 22:15:00,1.99539,1.99651,1.99491,1.99504,4705.0
2026-06-11 17:30:00,2026-06-11 14:30:00,2026-06-11 22:30:00,1.99502,1.99506,1.99354,1.99421,4392.0
2026-06-11 17:45:00,2026-06-11 14:45:00,2026-06-11 22:45:00,1.9942,1.99478,1.99389,1.99463,4297.0
2026-06-11 18:00:00,2026-06-11 15:00:00,2026-06-11 23:00:00,1.99466,1.99506,1.99218,1.99289,4720.0
2026-06-11 18:15:00,2026-06-11 15:15:00,2026-06-11 23:15:00,1.99292,1.99313,1.99242,1.99295,4069.0
2026-06-11 18:30:00,2026-06-11 15:30:00,2026-06-11 23:30:00,1.99295,1.99315,1.99177,1.99267,4106.0
2026-06-11 18:45:00,2026-06-11 15:45:00,2026-06-11 23:45:00,1.99267,1.99304,1.99237,1.99271,3679.0
2026-06-11 19:00:00,2026-06-11 16:00:00,2026-06-12 00:00:00,1.99271,1.99278,1.99115,1.99164,3636.0
2026-06-11 19:15:00,2026-06-11 16:15:00,2026-06-12 00:15:00,1.99162,1.99254,1.99145,1.99252,3608.0
2026-06-11 19:30:00,2026-06-11 16:30:00,2026-06-12 00:30:00,1.99253,1.9926,1.99164,1.99228,3460.0
2026-06-11 19:45:00,2026-06-11 16:45:00,2026-06-12 00:45:00,1.99227,1.99291,1.992,1.99286,3055.0
2026-06-11 20:00:00,2026-06-11 17:00:00,2026-06-12 01:00:00,1.99281,1.99305,1.99186,1.99221,3299.0
2026-06-11 20:15:00,2026-06-11 17:15:00,2026-06-12 01:15:00,1.9922,1.9926,1.99021,1.99025,3385.0
2026-06-11 20:30:00,2026-06-11 17:30:00,2026-06-12 01:30:00,1.99026,1.99026,1.98676,1.9868,6490.0
2026-06-11 20:45:00,2026-06-11 17:45:00,2026-06-12 01:45:00,1.9868,1.98726,1.98574,1.98613,5625.0
2026-06-11 21:00:00,2026-06-11 18:00:00,2026-06-12 02:00:00,1.98608,1.98811,1.98602,1.9873,5701.0
2026-06-11 21:15:00,2026-06-11 18:15:00,2026-06-12 02:15:00,1.98725,1.98732,1.98528,1.98629,5244.0
2026-06-11 21:30:00,2026-06-11 18:30:00,2026-06-12 02:30:00,1.98631,1.98703,1.98577,1.98578,4244.0
2026-06-11 21:45:00,2026-06-11 18:45:00,2026-06-12 02:45:00,1.98578,1.98655,1.98557,1.98654,3747.0
2026-06-11 22:00:00,2026-06-11 19:00:00,2026-06-12 03:00:00,1.98654,1.98673,1.98428,1.98458,4477.0
2026-06-11 22:15:00,2026-06-11 19:15:00,2026-06-12 03:15:00,1.98458,1.98481,1.98394,1.98434,4049.0
2026-06-11 22:30:00,2026-06-11 19:30:00,2026-06-12 03:30:00,1.98436,1.98436,1.9825,1.98293,4343.0
2026-06-11 22:45:00,2026-06-11 19:45:00,2026-06-12 03:45:00,1.98293,1.98359,1.9828,1.98302,3531.0
2026-06-11 23:00:00,2026-06-11 20:00:00,2026-06-12 04:00:00,1.98304,1.98335,1.98216,1.98222,2469.0
2026-06-11 23:15:00,2026-06-11 20:15:00,2026-06-12 04:15:00,1.98219,1.98237,1.98168,1.98221,1962.0
2026-06-11 23:30:00,2026-06-11 20:30:00,2026-06-12 04:30:00,1.98222,1.9837,1.98217,1.98367,1611.0
2026-06-11 23:45:00,2026-06-11 20:45:00,2026-06-12 04:45:00,1.98368,1.9841,1.9836,1.98381,1233.0
2026-06-12 00:45:00,2026-06-11 21:45:00,2026-06-12 05:45:00,1.9838,1.9838,1.98282,1.98282,62.0
2026-06-12 01:00:00,2026-06-11 22:00:00,2026-06-12 06:00:00,1.98301,1.98416,1.98297,1.98378,1375.0
2026-06-12 01:15:00,2026-06-11 22:15:00,2026-06-12 06:15:00,1.98379,1.98388,1.98345,1.98369,1330.0
2026-06-12 01:30:00,2026-06-11 22:30:00,2026-06-12 06:30:00,1.98372,1.98472,1.98367,1.98421,1243.0
2026-06-12 01:45:00,2026-06-11 22:45:00,2026-06-12 06:45:00,1.9842,1.98469,1.98399,1.98454,1337.0
2026-06-12 02:00:00,2026-06-11 23:00:00,2026-06-12 07:00:00,1.98454,1.98454,1.98358,1.9843,1419.0
2026-06-12 02:15:00,2026-06-11 23:15:00,2026-06-12 07:15:00,1.98433,1.98588,1.98418,1.98552,1416.0
2026-06-12 02:30:00,2026-06-11 23:30:00,2026-06-12 07:30:00,1.98554,1.98605,1.98547,1.98599,1391.0
2026-06-12 02:45:00,2026-06-11 23:45:00,2026-06-12 07:45:00,1.98601,1.98617,1.98458,1.98478,1665.0
2026-06-12 03:00:00,2026-06-12 00:00:00,2026-06-12 08:00:00,1.98477,1.98611,1.98456,1.98585,3333.0
2026-06-12 03:15:00,2026-06-12 00:15:00,2026-06-12 08:15:00,1.98589,1.9864,1.98469,1.9851,2819.0
2026-06-12 03:30:00,2026-06-12 00:30:00,2026-06-12 08:30:00,1.98508,1.98574,1.9844,1.98573,2654.0
2026-06-12 03:45:00,2026-06-12 00:45:00,2026-06-12 08:45:00,1.98571,1.98672,1.98562,1.98628,2988.0
2026-06-12 04:00:00,2026-06-12 01:00:00,2026-06-12 09:00:00,1.9863,1.9876,1.98616,1.98726,3373.0
2026-06-12 04:15:00,2026-06-12 01:15:00,2026-06-12 09:15:00,1.98726,1.98818,1.98685,1.9877,3142.0
2026-06-12 04:30:00,2026-06-12 01:30:00,2026-06-12 09:30:00,1.98773,1.98864,1.98716,1.98825,3160.0
2026-06-12 04:45:00,2026-06-12 01:45:00,2026-06-12 09:45:00,1.98823,1.98863,1.9877,1.98822,2743.0
2026-06-12 05:00:00,2026-06-12 02:00:00,2026-06-12 10:00:00,1.9882,1.98851,1.98771,1.98798,2845.0
2026-06-12 05:15:00,2026-06-12 02:15:00,2026-06-12 10:15:00,1.98798,1.98888,1.98778,1.98873,2302.0
2026-06-12 05:30:00,2026-06-12 02:30:00,2026-06-12 10:30:00,1.98875,1.98954,1.98855,1.98885,2264.0
2026-06-12 05:45:00,2026-06-12 02:45:00,2026-06-12 10:45:00,1.98885,1.989,1.98829,1.98834,1920.0
2026-06-12 06:00:00,2026-06-12 03:00:00,2026-06-12 11:00:00,1.98832,1.98914,1.98819,1.98897,1884.0
2026-06-12 06:15:00,2026-06-12 03:15:00,2026-06-12 11:15:00,1.98897,1.98902,1.98803,1.98814,2346.0
2026-06-12 06:30:00,2026-06-12 03:30:00,2026-06-12 11:30:00,1.98816,1.98831,1.98667,1.987,2671.0
2026-06-12 06:45:00,2026-06-12 03:45:00,2026-06-12 11:45:00,1.987,1.98766,1.98679,1.98693,2238.0
2026-06-12 07:00:00,2026-06-12 04:00:00,2026-06-12 12:00:00,1.98693,1.98736,1.98659,1.98671,2219.0
2026-06-12 07:15:00,2026-06-12 04:15:00,2026-06-12 12:15:00,1.9867,1.98708,1.98647,1.98682,1471.0
2026-06-12 07:30:00,2026-06-12 04:30:00,2026-06-12 12:30:00,1.98682,1.98703,1.98614,1.98628,1621.0
2026-06-12 07:45:00,2026-06-12 04:45:00,2026-06-12 12:45:00,1.98625,1.98669,1.98615,1.98664,1677.0
2026-06-12 08:00:00,2026-06-12 05:00:00,2026-06-12 13:00:00,1.98667,1.98817,1.98649,1.98747,2306.0
2026-06-12 08:15:00,2026-06-12 05:15:00,2026-06-12 13:15:00,1.98745,1.98812,1.98732,1.98805,2308.0
2026-06-12 08:30:00,2026-06-12 05:30:00,2026-06-12 13:30:00,1.98807,1.98843,1.98767,1.98803,3316.0
2026-06-12 08:45:00,2026-06-12 05:45:00,2026-06-12 13:45:00,1.98805,1.98913,1.98798,1.98854,2861.0
2026-06-12 09:00:00,2026-06-12 06:00:00,2026-06-12 14:00:00,1.98852,1.9886,1.98669,1.98695,3204.0
2026-06-12 09:15:00,2026-06-12 06:15:00,2026-06-12 14:15:00,1.98697,1.98846,1.98694,1.988,2890.0
2026-06-12 09:30:00,2026-06-12 06:30:00,2026-06-12 14:30:00,1.98801,1.98918,1.98728,1.98918,3108.0
2026-06-12 09:45:00,2026-06-12 06:45:00,2026-06-12 14:45:00,1.98919,1.98956,1.9885,1.98865,2884.0
2026-06-12 10:00:00,2026-06-12 07:00:00,2026-06-12 15:00:00,1.98864,1.98908,1.98819,1.98877,3306.0
2026-06-12 10:15:00,2026-06-12 07:15:00,2026-06-12 15:15:00,1.98875,1.98894,1.98798,1.98822,3208.0
2026-06-12 10:30:00,2026-06-12 07:30:00,2026-06-12 15:30:00,1.98821,1.98885,1.98758,1.9877,3323.0
2026-06-12 10:45:00,2026-06-12 07:45:00,2026-06-12 15:45:00,1.9877,1.98845,1.98699,1.9873,3338.0
2026-06-12 11:00:00,2026-06-12 08:00:00,2026-06-12 16:00:00,1.9873,1.98792,1.98654,1.98739,4130.0
2026-06-12 11:15:00,2026-06-12 08:15:00,2026-06-12 16:15:00,1.98738,1.98777,1.98551,1.98688,4836.0
2026-06-12 11:30:00,2026-06-12 08:30:00,2026-06-12 16:30:00,1.9869,1.98735,1.98651,1.98697,3781.0
2026-06-12 11:45:00,2026-06-12 08:45:00,2026-06-12 16:45:00,1.98693,1.98719,1.98584,1.98673,3134.0
2026-06-12 12:00:00,2026-06-12 09:00:00,2026-06-12 17:00:00,1.98674,1.98678,1.98604,1.98622,3051.0
2026-06-12 12:15:00,2026-06-12 09:15:00,2026-06-12 17:15:00,1.98625,1.9863,1.9845,1.98478,3690.0
2026-06-12 12:30:00,2026-06-12 09:30:00,2026-06-12 17:30:00,1.98478,1.98546,1.98446,1.98531,3098.0
2026-06-12 12:45:00,2026-06-12 09:45:00,2026-06-12 17:45:00,1.98531,1.98599,1.98501,1.98563,3100.0
2026-06-12 13:00:00,2026-06-12 10:00:00,2026-06-12 18:00:00,1.98565,1.98582,1.98423,1.98481,3006.0
2026-06-12 13:15:00,2026-06-12 10:15:00,2026-06-12 18:15:00,1.98483,1.98584,1.98443,1.98538,3606.0
2026-06-12 13:30:00,2026-06-12 10:30:00,2026-06-12 18:30:00,1.98536,1.98551,1.98462,1.98485,3126.0
2026-06-12 13:45:00,2026-06-12 10:45:00,2026-06-12 18:45:00,1.98489,1.98516,1.98445,1.98456,2798.0
2026-06-12 14:00:00,2026-06-12 11:00:00,2026-06-12 19:00:00,1.98456,1.98586,1.98429,1.98558,2817.0
2026-06-12 14:15:00,2026-06-12 11:15:00,2026-06-12 19:15:00,1.98561,1.98561,1.9848,1.98522,2770.0
2026-06-12 14:30:00,2026-06-12 11:30:00,2026-06-12 19:30:00,1.98523,1.98587,1.98503,1.98529,3147.0
2026-06-12 14:45:00,2026-06-12 11:45:00,2026-06-12 19:45:00,1.98528,1.98559,1.9846,1.98542,2887.0
2026-06-12 15:00:00,2026-06-12 12:00:00,2026-06-12 20:00:00,1.98543,1.98617,1.98543,1.98602,3463.0
2026-06-12 15:15:00,2026-06-12 12:15:00,2026-06-12 20:15:00,1.98594,1.98668,1.98587,1.98665,2992.0
2026-06-12 15:30:00,2026-06-12 12:30:00,2026-06-12 20:30:00,1.98665,1.987,1.98608,1.98646,3322.0
2026-06-12 15:45:00,2026-06-12 12:45:00,2026-06-12 20:45:00,1.98647,1.98687,1.9861,1.98646,3371.0
2026-06-12 16:00:00,2026-06-12 13:00:00,2026-06-12 21:00:00,1.98644,1.98675,1.98539,1.98545,3576.0
2026-06-12 16:15:00,2026-06-12 13:15:00,2026-06-12 21:15:00,1.98545,1.98561,1.98507,1.98533,3221.0
2026-06-12 16:30:00,2026-06-12 13:30:00,2026-06-12 21:30:00,1.9853,1.98716,1.985,1.98713,5515.0
2026-06-12 16:45:00,2026-06-12 13:45:00,2026-06-12 21:45:00,1.98713,1.98769,1.98669,1.9869,4735.0
2026-06-12 17:00:00,2026-06-12 14:00:00,2026-06-12 22:00:00,1.98674,1.98684,1.98528,1.98574,4532.0
2026-06-12 17:15:00,2026-06-12 14:15:00,2026-06-12 22:15:00,1.98575,1.98675,1.98542,1.98645,4248.0
2026-06-12 17:30:00,2026-06-12 14:30:00,2026-06-12 22:30:00,1.98642,1.98672,1.98582,1.98649,4233.0
2026-06-12 17:45:00,2026-06-12 14:45:00,2026-06-12 22:45:00,1.98649,1.98786,1.98472,1.98493,4959.0
2026-06-12 18:00:00,2026-06-12 15:00:00,2026-06-12 23:00:00,1.98493,1.98577,1.98461,1.98514,4512.0
2026-06-12 18:15:00,2026-06-12 15:15:00,2026-06-12 23:15:00,1.98514,1.98537,1.98396,1.98442,3969.0
2026-06-12 18:30:00,2026-06-12 15:30:00,2026-06-12 23:30:00,1.98444,1.98531,1.98395,1.98531,4475.0
2026-06-12 18:45:00,2026-06-12 15:45:00,2026-06-12 23:45:00,1.9853,1.98594,1.98498,1.98575,4072.0
2026-06-12 19:00:00,2026-06-12 16:00:00,2026-06-13 00:00:00,1.98579,1.98616,1.98428,1.98492,4230.0
2026-06-12 19:15:00,2026-06-12 16:15:00,2026-06-13 00:15:00,1.9849,1.98492,1.98403,1.9843,4005.0
2026-06-12 19:30:00,2026-06-12 16:30:00,2026-06-13 00:30:00,1.9843,1.98459,1.98385,1.98426,3447.0
2026-06-12 19:45:00,2026-06-12 16:45:00,2026-06-13 00:45:00,1.98427,1.98427,1.98356,1.9841,3257.0
2026-06-12 20:00:00,2026-06-12 17:00:00,2026-06-13 01:00:00,1.98407,1.98425,1.98346,1.98391,2817.0
2026-06-12 20:15:00,2026-06-12 17:15:00,2026-06-13 01:15:00,1.98388,1.98424,1.98342,1.98398,2457.0
2026-06-12 20:30:00,2026-06-12 17:30:00,2026-06-13 01:30:00,1.984,1.98461,1.98389,1.98448,2506.0
2026-06-12 20:45:00,2026-06-12 17:45:00,2026-06-13 01:45:00,1.98448,1.98458,1.98399,1.98424,2274.0
2026-06-12 21:00:00,2026-06-12 18:00:00,2026-06-13 02:00:00,1.98424,1.98477,1.98409,1.98453,2535.0
2026-06-12 21:15:00,2026-06-12 18:15:00,2026-06-13 02:15:00,1.98449,1.98456,1.98416,1.98422,2534.0
2026-06-12 21:30:00,2026-06-12 18:30:00,2026-06-13 02:30:00,1.98422,1.98423,1.98382,1.98393,2005.0
2026-06-12 21:45:00,2026-06-12 18:45:00,2026-06-13 02:45:00,1.98392,1.98435,1.9839,1.9843,1727.0
2026-06-12 22:00:00,2026-06-12 19:00:00,2026-06-13 03:00:00,1.98427,1.98439,1.98374,1.98388,1828.0
2026-06-12 22:15:00,2026-06-12 19:15:00,2026-06-13 03:15:00,1.98386,1.98414,1.98376,1.984,1927.0
2026-06-12 22:30:00,2026-06-12 19:30:00,2026-06-13 03:30:00,1.984,1.98434,1.98383,1.98421,2367.0
2026-06-12 22:45:00,2026-06-12 19:45:00,2026-06-13 03:45:00,1.98421,1.98442,1.98367,1.98381,2387.0
2026-06-12 23:00:00,2026-06-12 20:00:00,2026-06-13 04:00:00,1.98384,1.98406,1.98364,1.98382,1789.0
2026-06-12 23:15:00,2026-06-12 20:15:00,2026-06-13 04:15:00,1.98382,1.98397,1.98357,1.98394,1269.0
2026-06-12 23:30:00,2026-06-12 20:30:00,2026-06-13 04:30:00,1.98394,1.98431,1.98385,1.9841,1270.0
2026-06-12 23:45:00,2026-06-12 20:45:00,2026-06-13 04:45:00,1.98412,1.98414,1.98358,1.98365,1000.0
2026-06-15 00:15:00,2026-06-14 21:15:00,2026-06-15 05:15:00,1.98517,1.98517,1.98517,1.98517,2.0
2026-06-15 00:30:00,2026-06-14 21:30:00,2026-06-15 05:30:00,1.98151,1.98364,1.98027,1.98122,59.0
2026-06-15 00:45:00,2026-06-14 21:45:00,2026-06-15 05:45:00,1.97939,1.98072,1.97939,1.98072,14.0
2026-06-15 01:00:00,2026-06-14 22:00:00,2026-06-15 06:00:00,1.97989,1.98204,1.97983,1.98065,3172.0
2026-06-15 01:15:00,2026-06-14 22:15:00,2026-06-15 06:15:00,1.98067,1.98165,1.98049,1.98116,2783.0
2026-06-15 01:30:00,2026-06-14 22:30:00,2026-06-15 06:30:00,1.98113,1.98234,1.98099,1.98195,2584.0
2026-06-15 01:45:00,2026-06-14 22:45:00,2026-06-15 06:45:00,1.98195,1.98215,1.98118,1.98194,2124.0
2026-06-15 02:00:00,2026-06-14 23:00:00,2026-06-15 07:00:00,1.98197,1.98294,1.98185,1.98248,2529.0
2026-06-15 02:15:00,2026-06-14 23:15:00,2026-06-15 07:15:00,1.9825,1.98355,1.98235,1.9827,1660.0
2026-06-15 02:30:00,2026-06-14 23:30:00,2026-06-15 07:30:00,1.98268,1.98302,1.98184,1.98186,1288.0
2026-06-15 02:45:00,2026-06-14 23:45:00,2026-06-15 07:45:00,1.98188,1.98238,1.98066,1.98184,2368.0
2026-06-15 03:00:00,2026-06-15 00:00:00,2026-06-15 08:00:00,1.98184,1.9831,1.98162,1.98243,3242.0
2026-06-15 03:15:00,2026-06-15 00:15:00,2026-06-15 08:15:00,1.98243,1.98315,1.98223,1.98267,2872.0
2026-06-15 03:30:00,2026-06-15 00:30:00,2026-06-15 08:30:00,1.98266,1.98299,1.98193,1.9826,2230.0
2026-06-15 03:45:00,2026-06-15 00:45:00,2026-06-15 08:45:00,1.9826,1.98434,1.9826,1.98434,2590.0
2026-06-15 04:00:00,2026-06-15 01:00:00,2026-06-15 09:00:00,1.98434,1.98489,1.9831,1.98342,2971.0
2026-06-15 04:15:00,2026-06-15 01:15:00,2026-06-15 09:15:00,1.98345,1.98369,1.98271,1.98307,2205.0
2026-06-15 04:30:00,2026-06-15 01:30:00,2026-06-15 09:30:00,1.98305,1.98369,1.98266,1.98351,2069.0
2026-06-15 04:45:00,2026-06-15 01:45:00,2026-06-15 09:45:00,1.98352,1.98356,1.98234,1.98282,2068.0
2026-06-15 05:00:00,2026-06-15 02:00:00,2026-06-15 10:00:00,1.98282,1.98326,1.98266,1.98296,2181.0
2026-06-15 05:15:00,2026-06-15 02:15:00,2026-06-15 10:15:00,1.98296,1.98376,1.98269,1.98271,2117.0
2026-06-15 05:30:00,2026-06-15 02:30:00,2026-06-15 10:30:00,1.98269,1.98329,1.98234,1.98313,1762.0
2026-06-15 05:45:00,2026-06-15 02:45:00,2026-06-15 10:45:00,1.98315,1.98319,1.98273,1.98302,1560.0
2026-06-15 06:00:00,2026-06-15 03:00:00,2026-06-15 11:00:00,1.98305,1.9831,1.98252,1.98256,1621.0
2026-06-15 06:15:00,2026-06-15 03:15:00,2026-06-15 11:15:00,1.98256,1.98369,1.98222,1.98358,1473.0
2026-06-15 06:30:00,2026-06-15 03:30:00,2026-06-15 11:30:00,1.98356,1.98412,1.9822,1.98269,1578.0
2026-06-15 06:45:00,2026-06-15 03:45:00,2026-06-15 11:45:00,1.9827,1.98304,1.98241,1.98297,1424.0
2026-06-15 07:00:00,2026-06-15 04:00:00,2026-06-15 12:00:00,1.98296,1.98355,1.98296,1.98336,1166.0
2026-06-15 07:15:00,2026-06-15 04:15:00,2026-06-15 12:15:00,1.98336,1.98345,1.98274,1.98291,1128.0
2026-06-15 07:30:00,2026-06-15 04:30:00,2026-06-15 12:30:00,1.98291,1.98328,1.9829,1.98306,1188.0
2026-06-15 07:45:00,2026-06-15 04:45:00,2026-06-15 12:45:00,1.98308,1.9832,1.98283,1.98297,1276.0
2026-06-15 08:00:00,2026-06-15 05:00:00,2026-06-15 13:00:00,1.98297,1.983,1.98194,1.98196,1749.0
2026-06-15 08:15:00,2026-06-15 05:15:00,2026-06-15 13:15:00,1.98194,1.98233,1.98165,1.98191,1715.0
2026-06-15 08:30:00,2026-06-15 05:30:00,2026-06-15 13:30:00,1.98191,1.9827,1.98187,1.98262,1867.0
2026-06-15 08:45:00,2026-06-15 05:45:00,2026-06-15 13:45:00,1.98263,1.98355,1.98227,1.98347,1926.0
2026-06-15 09:00:00,2026-06-15 06:00:00,2026-06-15 14:00:00,1.98343,1.9837,1.98291,1.98332,2544.0
2026-06-15 09:15:00,2026-06-15 06:15:00,2026-06-15 14:15:00,1.98332,1.98414,1.98314,1.98403,2372.0
2026-06-15 09:30:00,2026-06-15 06:30:00,2026-06-15 14:30:00,1.98405,1.98438,1.98371,1.98374,2746.0
2026-06-15 09:45:00,2026-06-15 06:45:00,2026-06-15 14:45:00,1.98372,1.98439,1.98354,1.98397,2095.0
2026-06-15 10:00:00,2026-06-15 07:00:00,2026-06-15 15:00:00,1.98397,1.98483,1.9838,1.98471,3295.0
2026-06-15 10:15:00,2026-06-15 07:15:00,2026-06-15 15:15:00,1.98468,1.98513,1.9843,1.98489,2697.0
2026-06-15 10:30:00,2026-06-15 07:30:00,2026-06-15 15:30:00,1.98489,1.98688,1.98488,1.9857,2721.0
2026-06-15 10:45:00,2026-06-15 07:45:00,2026-06-15 15:45:00,1.98568,1.98622,1.98525,1.98525,2380.0
2026-06-15 11:00:00,2026-06-15 08:00:00,2026-06-15 16:00:00,1.98523,1.98564,1.98488,1.98516,2998.0
2026-06-15 11:15:00,2026-06-15 08:15:00,2026-06-15 16:15:00,1.98515,1.98537,1.98466,1.98528,2577.0
2026-06-15 11:30:00,2026-06-15 08:30:00,2026-06-15 16:30:00,1.98528,1.98558,1.98446,1.98453,2568.0
2026-06-15 11:45:00,2026-06-15 08:45:00,2026-06-15 16:45:00,1.98453,1.98543,1.98437,1.98488,2558.0
2026-06-15 12:00:00,2026-06-15 09:00:00,2026-06-15 17:00:00,1.98492,1.98493,1.98432,1.98464,2495.0
2026-06-15 12:15:00,2026-06-15 09:15:00,2026-06-15 17:15:00,1.98467,1.98579,1.98459,1.98568,2303.0
2026-06-15 12:30:00,2026-06-15 09:30:00,2026-06-15 17:30:00,1.98569,1.98631,1.98552,1.98631,2252.0
2026-06-15 12:45:00,2026-06-15 09:45:00,2026-06-15 17:45:00,1.98631,1.98649,1.98579,1.98649,2219.0
2026-06-15 13:00:00,2026-06-15 10:00:00,2026-06-15 18:00:00,1.98647,1.98701,1.98634,1.98662,2175.0
2026-06-15 13:15:00,2026-06-15 10:15:00,2026-06-15 18:15:00,1.98659,1.98706,1.98655,1.98661,2209.0
2026-06-15 13:30:00,2026-06-15 10:30:00,2026-06-15 18:30:00,1.98661,1.98715,1.98642,1.98691,1917.0
2026-06-15 13:45:00,2026-06-15 10:45:00,2026-06-15 18:45:00,1.98691,1.98694,1.98636,1.98694,1977.0
2026-06-15 14:00:00,2026-06-15 11:00:00,2026-06-15 19:00:00,1.98694,1.98745,1.98677,1.98741,2049.0
2026-06-15 14:15:00,2026-06-15 11:15:00,2026-06-15 19:15:00,1.9874,1.98773,1.98731,1.98741,2392.0
2026-06-15 14:30:00,2026-06-15 11:30:00,2026-06-15 19:30:00,1.98743,1.98787,1.98715,1.9877,2287.0
2026-06-15 14:45:00,2026-06-15 11:45:00,2026-06-15 19:45:00,1.9877,1.98797,1.9875,1.98758,2643.0
2026-06-15 15:00:00,2026-06-15 12:00:00,2026-06-15 20:00:00,1.98755,1.98837,1.98755,1.98795,2665.0
2026-06-15 15:15:00,2026-06-15 12:15:00,2026-06-15 20:15:00,1.98795,1.9885,1.98787,1.98795,2438.0
2026-06-15 15:30:00,2026-06-15 12:30:00,2026-06-15 20:30:00,1.9879,1.98803,1.9875,1.98793,2545.0
2026-06-15 15:45:00,2026-06-15 12:45:00,2026-06-15 20:45:00,1.98793,1.98847,1.98768,1.98782,2960.0
2026-06-15 16:00:00,2026-06-15 13:00:00,2026-06-15 21:00:00,1.98777,1.98824,1.98774,1.98802,2503.0
2026-06-15 16:15:00,2026-06-15 13:15:00,2026-06-15 21:15:00,1.98803,1.9882,1.98733,1.98747,2412.0
2026-06-15 16:30:00,2026-06-15 13:30:00,2026-06-15 21:30:00,1.98747,1.98802,1.98684,1.98771,3842.0
2026-06-15 16:45:00,2026-06-15 13:45:00,2026-06-15 21:45:00,1.98776,1.98931,1.98745,1.9884,3361.0
2026-06-15 17:00:00,2026-06-15 14:00:00,2026-06-15 22:00:00,1.98839,1.98857,1.98791,1.98832,3390.0
2026-06-15 17:15:00,2026-06-15 14:15:00,2026-06-15 22:15:00,1.98832,1.98847,1.98762,1.98798,3644.0
2026-06-15 17:30:00,2026-06-15 14:30:00,2026-06-15 22:30:00,1.98794,1.98891,1.98771,1.98865,3394.0
2026-06-15 17:45:00,2026-06-15 14:45:00,2026-06-15 22:45:00,1.98864,1.98864,1.98657,1.98689,4212.0
2026-06-15 18:00:00,2026-06-15 15:00:00,2026-06-15 23:00:00,1.98687,1.98712,1.98632,1.98681,3337.0
2026-06-15 18:15:00,2026-06-15 15:15:00,2026-06-15 23:15:00,1.98681,1.98733,1.98661,1.98724,2299.0
2026-06-15 18:30:00,2026-06-15 15:30:00,2026-06-15 23:30:00,1.98725,1.98803,1.98717,1.98784,2668.0
2026-06-15 18:45:00,2026-06-15 15:45:00,2026-06-15 23:45:00,1.98777,1.988,1.98761,1.98798,2349.0
2026-06-15 19:00:00,2026-06-15 16:00:00,2026-06-16 00:00:00,1.98798,1.98859,1.98782,1.98842,2251.0
2026-06-15 19:15:00,2026-06-15 16:15:00,2026-06-16 00:15:00,1.98841,1.98874,1.98808,1.98856,2125.0
2026-06-15 19:30:00,2026-06-15 16:30:00,2026-06-16 00:30:00,1.98855,1.98946,1.98848,1.98941,2170.0
2026-06-15 19:45:00,2026-06-15 16:45:00,2026-06-16 00:45:00,1.98938,1.98985,1.98903,1.98956,2311.0
2026-06-15 20:00:00,2026-06-15 17:00:00,2026-06-16 01:00:00,1.98955,1.98993,1.98931,1.98979,1971.0
2026-06-15 20:15:00,2026-06-15 17:15:00,2026-06-16 01:15:00,1.98982,1.99006,1.98952,1.98966,1577.0
2026-06-15 20:30:00,2026-06-15 17:30:00,2026-06-16 01:30:00,1.98967,1.99045,1.98962,1.99029,1746.0
2026-06-15 20:45:00,2026-06-15 17:45:00,2026-06-16 01:45:00,1.99029,1.99032,1.98977,1.98979,1596.0
2026-06-15 21:00:00,2026-06-15 18:00:00,2026-06-16 02:00:00,1.98978,1.99059,1.98974,1.99022,2024.0
2026-06-15 21:15:00,2026-06-15 18:15:00,2026-06-16 02:15:00,1.99021,1.99054,1.99002,1.99042,1655.0
2026-06-15 21:30:00,2026-06-15 18:30:00,2026-06-16 02:30:00,1.9904,1.99061,1.98999,1.99016,2118.0
2026-06-15 21:45:00,2026-06-15 18:45:00,2026-06-16 02:45:00,1.99018,1.9904,1.99003,1.99025,1863.0
2026-06-15 22:00:00,2026-06-15 19:00:00,2026-06-16 03:00:00,1.99035,1.99073,1.99028,1.99047,1834.0
2026-06-15 22:15:00,2026-06-15 19:15:00,2026-06-16 03:15:00,1.99046,1.99075,1.99032,1.99061,1593.0
2026-06-15 22:30:00,2026-06-15 19:30:00,2026-06-16 03:30:00,1.99063,1.99069,1.9903,1.99038,1887.0
2026-06-15 22:45:00,2026-06-15 19:45:00,2026-06-16 03:45:00,1.99036,1.99043,1.98987,1.98987,2039.0
2026-06-15 23:00:00,2026-06-15 20:00:00,2026-06-16 04:00:00,1.98987,1.99075,1.98977,1.99064,1640.0
2026-06-15 23:15:00,2026-06-15 20:15:00,2026-06-16 04:15:00,1.99064,1.99078,1.99047,1.99063,977.0
2026-06-15 23:30:00,2026-06-15 20:30:00,2026-06-16 04:30:00,1.99063,1.99105,1.99063,1.99098,952.0
2026-06-15 23:45:00,2026-06-15 20:45:00,2026-06-16 04:45:00,1.99097,1.99098,1.99039,1.9904,477.0
2026-06-16 01:00:00,2026-06-15 22:00:00,2026-06-16 06:00:00,1.98898,1.99081,1.98898,1.99033,1086.0
2026-06-16 01:15:00,2026-06-15 22:15:00,2026-06-16 06:15:00,1.99033,1.99063,1.99021,1.99058,622.0
2026-06-16 01:30:00,2026-06-15 22:30:00,2026-06-16 06:30:00,1.99058,1.99066,1.99012,1.99035,640.0
2026-06-16 01:45:00,2026-06-15 22:45:00,2026-06-16 06:45:00,1.99035,1.99036,1.98953,1.98961,727.0
2026-06-16 02:00:00,2026-06-15 23:00:00,2026-06-16 07:00:00,1.98957,1.98966,1.98884,1.98894,655.0
2026-06-16 02:15:00,2026-06-15 23:15:00,2026-06-16 07:15:00,1.98894,1.98911,1.98874,1.98891,640.0
2026-06-16 02:30:00,2026-06-15 23:30:00,2026-06-16 07:30:00,1.98889,1.98915,1.98864,1.98864,681.0
2026-06-16 02:45:00,2026-06-15 23:45:00,2026-06-16 07:45:00,1.98862,1.98939,1.98856,1.98932,843.0
2026-06-16 03:00:00,2026-06-16 00:00:00,2026-06-16 08:00:00,1.98934,1.98981,1.98912,1.98978,1882.0
2026-06-16 03:15:00,2026-06-16 00:15:00,2026-06-16 08:15:00,1.98976,1.99056,1.98957,1.99046,1846.0
2026-06-16 03:30:00,2026-06-16 00:30:00,2026-06-16 08:30:00,1.99046,1.99073,1.99,1.99068,1865.0
2026-06-16 03:45:00,2026-06-16 00:45:00,2026-06-16 08:45:00,1.99068,1.99135,1.99062,1.99117,1842.0
2026-06-16 04:00:00,2026-06-16 01:00:00,2026-06-16 09:00:00,1.99116,1.99291,1.99103,1.99279,2707.0
2026-06-16 04:15:00,2026-06-16 01:15:00,2026-06-16 09:15:00,1.99279,1.99305,1.99246,1.99247,2140.0
2026-06-16 04:30:00,2026-06-16 01:30:00,2026-06-16 09:30:00,1.99253,1.99286,1.99197,1.99236,2151.0
2026-06-16 04:45:00,2026-06-16 01:45:00,2026-06-16 09:45:00,1.99236,1.99248,1.9917,1.99214,1969.0
2026-06-16 05:00:00,2026-06-16 02:00:00,2026-06-16 10:00:00,1.99214,1.99305,1.99195,1.99293,1929.0
2026-06-16 05:15:00,2026-06-16 02:15:00,2026-06-16 10:15:00,1.99296,1.99364,1.99292,1.9935,1922.0
2026-06-16 05:30:00,2026-06-16 02:30:00,2026-06-16 10:30:00,1.99347,1.9937,1.99317,1.9937,1380.0
2026-06-16 05:45:00,2026-06-16 02:45:00,2026-06-16 10:45:00,1.99367,1.99387,1.99348,1.99373,1503.0
2026-06-16 06:00:00,2026-06-16 03:00:00,2026-06-16 11:00:00,1.99371,1.99429,1.99364,1.99413,1534.0
2026-06-16 06:15:00,2026-06-16 03:15:00,2026-06-16 11:15:00,1.99413,1.99466,1.99366,1.99375,1802.0
2026-06-16 06:30:00,2026-06-16 03:30:00,2026-06-16 11:30:00,1.99375,1.99409,1.99346,1.99404,1404.0
2026-06-16 06:45:00,2026-06-16 03:45:00,2026-06-16 11:45:00,1.99409,1.99409,1.99347,1.99375,1330.0
2026-06-16 07:00:00,2026-06-16 04:00:00,2026-06-16 12:00:00,1.99371,1.9957,1.99363,1.99561,1538.0
2026-06-16 07:15:00,2026-06-16 04:15:00,2026-06-16 12:15:00,1.9956,1.99743,1.99559,1.99668,2076.0
2026-06-16 07:30:00,2026-06-16 04:30:00,2026-06-16 12:30:00,1.99667,1.99701,1.99496,1.99512,1769.0
2026-06-16 07:45:00,2026-06-16 04:45:00,2026-06-16 12:45:00,1.99512,1.99512,1.99356,1.99359,1680.0
2026-06-16 08:00:00,2026-06-16 05:00:00,2026-06-16 13:00:00,1.99359,1.99361,1.99282,1.99313,1545.0
2026-06-16 08:15:00,2026-06-16 05:15:00,2026-06-16 13:15:00,1.99313,1.99397,1.99292,1.99367,1579.0
2026-06-16 08:30:00,2026-06-16 05:30:00,2026-06-16 13:30:00,1.99368,1.99442,1.99358,1.99383,1790.0
2026-06-16 08:45:00,2026-06-16 05:45:00,2026-06-16 13:45:00,1.99385,1.99405,1.99234,1.9925,2050.0
2026-06-16 09:00:00,2026-06-16 06:00:00,2026-06-16 14:00:00,1.99245,1.99394,1.9922,1.99331,2137.0
2026-06-16 09:15:00,2026-06-16 06:15:00,2026-06-16 14:15:00,1.99332,1.99366,1.99312,1.99354,1946.0
2026-06-16 09:30:00,2026-06-16 06:30:00,2026-06-16 14:30:00,1.99354,1.99376,1.99287,1.99316,2581.0
2026-06-16 09:45:00,2026-06-16 06:45:00,2026-06-16 14:45:00,1.99317,1.9935,1.99282,1.99334,2353.0
2026-06-16 10:00:00,2026-06-16 07:00:00,2026-06-16 15:00:00,1.99334,1.99379,1.993,1.99348,2743.0
2026-06-16 10:15:00,2026-06-16 07:15:00,2026-06-16 15:15:00,1.99346,1.99373,1.99311,1.99313,2305.0
2026-06-16 10:30:00,2026-06-16 07:30:00,2026-06-16 15:30:00,1.99312,1.99361,1.99231,1.99288,2177.0
2026-06-16 10:45:00,2026-06-16 07:45:00,2026-06-16 15:45:00,1.99289,1.99301,1.99226,1.99249,2106.0
2026-06-16 11:00:00,2026-06-16 08:00:00,2026-06-16 16:00:00,1.99242,1.99266,1.99128,1.99175,2801.0
2026-06-16 11:15:00,2026-06-16 08:15:00,2026-06-16 16:15:00,1.99174,1.99241,1.9915,1.99163,2470.0
2026-06-16 11:30:00,2026-06-16 08:30:00,2026-06-16 16:30:00,1.99165,1.99228,1.99165,1.99208,2307.0
2026-06-16 11:45:00,2026-06-16 08:45:00,2026-06-16 16:45:00,1.99209,1.99213,1.99138,1.99204,2081.0
2026-06-16 12:00:00,2026-06-16 09:00:00,2026-06-16 17:00:00,1.99205,1.99264,1.992,1.99251,2103.0
2026-06-16 12:15:00,2026-06-16 09:15:00,2026-06-16 17:15:00,1.99248,1.99282,1.9915,1.99168,2126.0
2026-06-16 12:30:00,2026-06-16 09:30:00,2026-06-16 17:30:00,1.99169,1.99172,1.99073,1.99088,2047.0
2026-06-16 12:45:00,2026-06-16 09:45:00,2026-06-16 17:45:00,1.99088,1.99102,1.99046,1.99052,1866.0
2026-06-16 13:00:00,2026-06-16 10:00:00,2026-06-16 18:00:00,1.99052,1.99064,1.99011,1.99044,1982.0
2026-06-16 13:15:00,2026-06-16 10:15:00,2026-06-16 18:15:00,1.99042,1.99053,1.98998,1.99019,2108.0
2026-06-16 13:30:00,2026-06-16 10:30:00,2026-06-16 18:30:00,1.99021,1.99022,1.98925,1.98925,1958.0
2026-06-16 13:45:00,2026-06-16 10:45:00,2026-06-16 18:45:00,1.98925,1.98999,1.98923,1.98981,2052.0
2026-06-16 14:00:00,2026-06-16 11:00:00,2026-06-16 19:00:00,1.98985,1.99056,1.98951,1.99055,2202.0
2026-06-16 14:15:00,2026-06-16 11:15:00,2026-06-16 19:15:00,1.99055,1.99078,1.99037,1.99039,1955.0
2026-06-16 14:30:00,2026-06-16 11:30:00,2026-06-16 19:30:00,1.99039,1.99088,1.99022,1.99065,2322.0
2026-06-16 14:45:00,2026-06-16 11:45:00,2026-06-16 19:45:00,1.99065,1.99096,1.99011,1.99015,2229.0
2026-06-16 15:00:00,2026-06-16 12:00:00,2026-06-16 20:00:00,1.99015,1.99055,1.99,1.99047,2548.0
2026-06-16 15:15:00,2026-06-16 12:15:00,2026-06-16 20:15:00,1.99047,1.99078,1.99026,1.9903,2545.0
2026-06-16 15:30:00,2026-06-16 12:30:00,2026-06-16 20:30:00,1.99028,1.99059,1.99,1.99001,2272.0
2026-06-16 15:45:00,2026-06-16 12:45:00,2026-06-16 20:45:00,1.99001,1.99003,1.98897,1.98899,2867.0
2026-06-16 16:00:00,2026-06-16 13:00:00,2026-06-16 21:00:00,1.98899,1.98978,1.9889,1.98921,2674.0
2026-06-16 16:15:00,2026-06-16 13:15:00,2026-06-16 21:15:00,1.98921,1.99074,1.98919,1.99033,2855.0
2026-06-16 16:30:00,2026-06-16 13:30:00,2026-06-16 21:30:00,1.99037,1.99037,1.98834,1.98861,3559.0
2026-06-16 16:45:00,2026-06-16 13:45:00,2026-06-16 21:45:00,1.98858,1.98881,1.98793,1.98814,3333.0
2026-06-16 17:00:00,2026-06-16 14:00:00,2026-06-16 22:00:00,1.98814,1.98815,1.98726,1.98727,3419.0
2026-06-16 17:15:00,2026-06-16 14:15:00,2026-06-16 22:15:00,1.98724,1.98821,1.98717,1.98821,3390.0
2026-06-16 17:30:00,2026-06-16 14:30:00,2026-06-16 22:30:00,1.98819,1.9886,1.98782,1.9884,3633.0
2026-06-16 17:45:00,2026-06-16 14:45:00,2026-06-16 22:45:00,1.98838,1.98897,1.98792,1.98865,3600.0
2026-06-16 18:00:00,2026-06-16 15:00:00,2026-06-16 23:00:00,1.98867,1.98937,1.98849,1.98882,3380.0
2026-06-16 18:15:00,2026-06-16 15:15:00,2026-06-16 23:15:00,1.98882,1.9893,1.98848,1.98899,2768.0
2026-06-16 18:30:00,2026-06-16 15:30:00,2026-06-16 23:30:00,1.98899,1.98956,1.98878,1.98954,2917.0
2026-06-16 18:45:00,2026-06-16 15:45:00,2026-06-16 23:45:00,1.98954,1.9903,1.98846,1.98885,3885.0
2026-06-16 19:00:00,2026-06-16 16:00:00,2026-06-17 00:00:00,1.98888,1.98888,1.98832,1.9885,3426.0
2026-06-16 19:15:00,2026-06-16 16:15:00,2026-06-17 00:15:00,1.98844,1.98875,1.98833,1.98861,2209.0
2026-06-16 19:30:00,2026-06-16 16:30:00,2026-06-17 00:30:00,1.98864,1.989,1.98851,1.98868,2118.0
2026-06-16 19:45:00,2026-06-16 16:45:00,2026-06-17 00:45:00,1.98866,1.98888,1.9884,1.98869,2623.0
2026-06-16 20:00:00,2026-06-16 17:00:00,2026-06-17 01:00:00,1.98864,1.98888,1.98829,1.98847,1932.0
2026-06-16 20:15:00,2026-06-16 17:15:00,2026-06-17 01:15:00,1.98849,1.98936,1.98842,1.98917,2008.0
2026-06-16 20:30:00,2026-06-16 17:30:00,2026-06-17 01:30:00,1.98918,1.98966,1.989,1.98912,1833.0
2026-06-16 20:45:00,2026-06-16 17:45:00,2026-06-17 01:45:00,1.9891,1.98929,1.98893,1.9891,1728.0
2026-06-16 21:00:00,2026-06-16 18:00:00,2026-06-17 02:00:00,1.98908,1.98922,1.9889,1.98903,1855.0
2026-06-16 21:15:00,2026-06-16 18:15:00,2026-06-17 02:15:00,1.98903,1.98922,1.98871,1.98875,1735.0
2026-06-16 21:30:00,2026-06-16 18:30:00,2026-06-17 02:30:00,1.98879,1.98905,1.98861,1.98874,1711.0
2026-06-16 21:45:00,2026-06-16 18:45:00,2026-06-17 02:45:00,1.98876,1.98937,1.98873,1.98934,1458.0
2026-06-16 22:00:00,2026-06-16 19:00:00,2026-06-17 03:00:00,1.98934,1.98986,1.98884,1.9892,1956.0
2026-06-16 22:15:00,2026-06-16 19:15:00,2026-06-17 03:15:00,1.98916,1.9895,1.98913,1.98932,1910.0
2026-06-16 22:30:00,2026-06-16 19:30:00,2026-06-17 03:30:00,1.98928,1.9902,1.98927,1.9901,1728.0
2026-06-16 22:45:00,2026-06-16 19:45:00,2026-06-17 03:45:00,1.99006,1.99056,1.98996,1.99048,2158.0
2026-06-16 23:00:00,2026-06-16 20:00:00,2026-06-17 04:00:00,1.99051,1.99102,1.99044,1.9908,1352.0
2026-06-16 23:15:00,2026-06-16 20:15:00,2026-06-17 04:15:00,1.99078,1.99099,1.99041,1.99057,981.0
2026-06-16 23:30:00,2026-06-16 20:30:00,2026-06-17 04:30:00,1.99057,1.99087,1.99049,1.99068,697.0
2026-06-16 23:45:00,2026-06-16 20:45:00,2026-06-17 04:45:00,1.99068,1.99103,1.99052,1.9906,439.0
2026-06-17 00:30:00,2026-06-16 21:30:00,2026-06-17 05:30:00,1.99019,1.99019,1.99019,1.99019,2.0
2026-06-17 01:00:00,2026-06-16 22:00:00,2026-06-17 06:00:00,1.9898,1.99175,1.9898,1.99162,4402.0
2026-06-17 01:15:00,2026-06-16 22:15:00,2026-06-17 06:15:00,1.99153,1.99203,1.99089,1.99175,2300.0
2026-06-17 01:30:00,2026-06-16 22:30:00,2026-06-17 06:30:00,1.99175,1.99175,1.99073,1.99125,692.0
2026-06-17 01:45:00,2026-06-16 22:45:00,2026-06-17 06:45:00,1.99122,1.99141,1.99101,1.99116,596.0
2026-06-17 02:00:00,2026-06-16 23:00:00,2026-06-17 07:00:00,1.99111,1.99133,1.99094,1.99108,1003.0
2026-06-17 02:15:00,2026-06-16 23:15:00,2026-06-17 07:15:00,1.99108,1.99111,1.99067,1.9907,562.0
2026-06-17 02:30:00,2026-06-16 23:30:00,2026-06-17 07:30:00,1.9907,1.99115,1.99048,1.99061,670.0
2026-06-17 02:45:00,2026-06-16 23:45:00,2026-06-17 07:45:00,1.99057,1.99137,1.99043,1.99123,1210.0
2026-06-17 03:00:00,2026-06-17 00:00:00,2026-06-17 08:00:00,1.99123,1.99159,1.99086,1.99106,2324.0
2026-06-17 03:15:00,2026-06-17 00:15:00,2026-06-17 08:15:00,1.99106,1.99122,1.99078,1.99106,1847.0
2026-06-17 03:30:00,2026-06-17 00:30:00,2026-06-17 08:30:00,1.99106,1.99163,1.99098,1.99155,1494.0
2026-06-17 03:45:00,2026-06-17 00:45:00,2026-06-17 08:45:00,1.99156,1.99238,1.99149,1.99188,1567.0
2026-06-17 04:00:00,2026-06-17 01:00:00,2026-06-17 09:00:00,1.99192,1.992,1.99062,1.99108,1972.0
2026-06-17 04:15:00,2026-06-17 01:15:00,2026-06-17 09:15:00,1.99107,1.99133,1.99016,1.99096,1547.0
2026-06-17 04:30:00,2026-06-17 01:30:00,2026-06-17 09:30:00,1.99097,1.99183,1.99097,1.99172,1469.0
2026-06-17 04:45:00,2026-06-17 01:45:00,2026-06-17 09:45:00,1.99173,1.99202,1.99144,1.99159,1296.0
2026-06-17 05:00:00,2026-06-17 02:00:00,2026-06-17 10:00:00,1.99159,1.99256,1.9915,1.99203,1142.0
2026-06-17 05:15:00,2026-06-17 02:15:00,2026-06-17 10:15:00,1.99203,1.99203,1.99084,1.99108,1028.0
2026-06-17 05:30:00,2026-06-17 02:30:00,2026-06-17 10:30:00,1.99111,1.99139,1.9908,1.99104,1114.0
2026-06-17 05:45:00,2026-06-17 02:45:00,2026-06-17 10:45:00,1.99104,1.99179,1.99096,1.99179,1073.0
2026-06-17 06:00:00,2026-06-17 03:00:00,2026-06-17 11:00:00,1.99176,1.99257,1.99152,1.99257,1153.0
2026-06-17 06:15:00,2026-06-17 03:15:00,2026-06-17 11:15:00,1.99257,1.99281,1.99218,1.99225,1165.0
2026-06-17 06:30:00,2026-06-17 03:30:00,2026-06-17 11:30:00,1.99222,1.99258,1.99205,1.99242,1073.0
2026-06-17 06:45:00,2026-06-17 03:45:00,2026-06-17 11:45:00,1.99243,1.99302,1.9924,1.99297,980.0
2026-06-17 07:00:00,2026-06-17 04:00:00,2026-06-17 12:00:00,1.99299,1.99301,1.99249,1.99298,1106.0
2026-06-17 07:15:00,2026-06-17 04:15:00,2026-06-17 12:15:00,1.99299,1.9935,1.99294,1.99341,1080.0
2026-06-17 07:30:00,2026-06-17 04:30:00,2026-06-17 12:30:00,1.9934,1.99349,1.99318,1.99333,891.0
2026-06-17 07:45:00,2026-06-17 04:45:00,2026-06-17 12:45:00,1.99335,1.99361,1.99317,1.9934,971.0
2026-06-17 08:00:00,2026-06-17 05:00:00,2026-06-17 13:00:00,1.9934,1.99419,1.99316,1.99411,1183.0
2026-06-17 08:15:00,2026-06-17 05:15:00,2026-06-17 13:15:00,1.99409,1.99429,1.99365,1.99383,1207.0
2026-06-17 08:30:00,2026-06-17 05:30:00,2026-06-17 13:30:00,1.99383,1.99443,1.99356,1.99416,1262.0
2026-06-17 08:45:00,2026-06-17 05:45:00,2026-06-17 13:45:00,1.99419,1.99482,1.99416,1.99459,1361.0
2026-06-17 09:00:00,2026-06-17 06:00:00,2026-06-17 14:00:00,1.99464,1.99554,1.99448,1.99515,2155.0
2026-06-17 09:15:00,2026-06-17 06:15:00,2026-06-17 14:15:00,1.99515,1.99554,1.99465,1.9954,1965.0
2026-06-17 09:30:00,2026-06-17 06:30:00,2026-06-17 14:30:00,1.99542,1.99551,1.99422,1.99422,2059.0
2026-06-17 09:45:00,2026-06-17 06:45:00,2026-06-17 14:45:00,1.99422,1.99506,1.99417,1.99477,1939.0
2026-06-17 10:00:00,2026-06-17 07:00:00,2026-06-17 15:00:00,1.99477,1.9956,1.99461,1.99528,2462.0
2026-06-17 10:15:00,2026-06-17 07:15:00,2026-06-17 15:15:00,1.99529,1.99558,1.99473,1.99476,2193.0
2026-06-17 10:30:00,2026-06-17 07:30:00,2026-06-17 15:30:00,1.99478,1.99489,1.99393,1.99414,2274.0
2026-06-17 10:45:00,2026-06-17 07:45:00,2026-06-17 15:45:00,1.99416,1.99434,1.99358,1.99374,2071.0
2026-06-17 11:00:00,2026-06-17 08:00:00,2026-06-17 16:00:00,1.99372,1.99444,1.99346,1.9942,2344.0
2026-06-17 11:15:00,2026-06-17 08:15:00,2026-06-17 16:15:00,1.99419,1.99548,1.99416,1.99522,2558.0
2026-06-17 11:30:00,2026-06-17 08:30:00,2026-06-17 16:30:00,1.99522,1.99535,1.99458,1.99492,2132.0
2026-06-17 11:45:00,2026-06-17 08:45:00,2026-06-17 16:45:00,1.99492,1.99494,1.994,1.99405,1898.0
2026-06-17 12:00:00,2026-06-17 09:00:00,2026-06-17 17:00:00,1.99403,1.99446,1.99357,1.99437,1787.0
2026-06-17 12:15:00,2026-06-17 09:15:00,2026-06-17 17:15:00,1.99436,1.99461,1.99419,1.99441,2091.0
2026-06-17 12:30:00,2026-06-17 09:30:00,2026-06-17 17:30:00,1.99441,1.99479,1.99429,1.9947,1650.0
2026-06-17 12:45:00,2026-06-17 09:45:00,2026-06-17 17:45:00,1.9947,1.99525,1.99456,1.99513,1783.0
2026-06-17 13:00:00,2026-06-17 10:00:00,2026-06-17 18:00:00,1.99515,1.99601,1.99493,1.99575,2041.0
2026-06-17 13:15:00,2026-06-17 10:15:00,2026-06-17 18:15:00,1.99575,1.99595,1.99505,1.99511,1884.0
2026-06-17 13:30:00,2026-06-17 10:30:00,2026-06-17 18:30:00,1.99511,1.99545,1.99502,1.99533,1649.0
2026-06-17 13:45:00,2026-06-17 10:45:00,2026-06-17 18:45:00,1.99534,1.99562,1.99506,1.99518,1925.0
2026-06-17 14:00:00,2026-06-17 11:00:00,2026-06-17 19:00:00,1.99514,1.99521,1.99443,1.99492,1887.0
2026-06-17 14:15:00,2026-06-17 11:15:00,2026-06-17 19:15:00,1.99489,1.99514,1.99463,1.99463,1723.0
2026-06-17 14:30:00,2026-06-17 11:30:00,2026-06-17 19:30:00,1.99465,1.99497,1.99436,1.99454,2072.0
2026-06-17 14:45:00,2026-06-17 11:45:00,2026-06-17 19:45:00,1.99454,1.9953,1.99446,1.99523,2097.0
2026-06-17 15:00:00,2026-06-17 12:00:00,2026-06-17 20:00:00,1.99522,1.99546,1.99505,1.99516,2341.0
2026-06-17 15:15:00,2026-06-17 12:15:00,2026-06-17 20:15:00,1.99516,1.9954,1.99448,1.99448,2248.0
2026-06-17 15:30:00,2026-06-17 12:30:00,2026-06-17 20:30:00,1.99444,1.99525,1.99417,1.99488,2579.0
2026-06-17 15:45:00,2026-06-17 12:45:00,2026-06-17 20:45:00,1.99488,1.99502,1.99444,1.9947,2162.0
2026-06-17 16:00:00,2026-06-17 13:00:00,2026-06-17 21:00:00,1.99468,1.99506,1.99449,1.99465,2563.0
2026-06-17 16:15:00,2026-06-17 13:15:00,2026-06-17 21:15:00,1.99463,1.99484,1.99398,1.99406,2277.0
2026-06-17 16:30:00,2026-06-17 13:30:00,2026-06-17 21:30:00,1.99406,1.99423,1.99327,1.99358,3428.0
2026-06-17 16:45:00,2026-06-17 13:45:00,2026-06-17 21:45:00,1.99358,1.99399,1.99309,1.99337,3187.0
2026-06-17 17:00:00,2026-06-17 14:00:00,2026-06-17 22:00:00,1.99337,1.9936,1.99152,1.99159,3326.0
2026-06-17 17:15:00,2026-06-17 14:15:00,2026-06-17 22:15:00,1.99161,1.9918,1.99097,1.99114,3250.0
2026-06-17 17:30:00,2026-06-17 14:30:00,2026-06-17 22:30:00,1.99116,1.99235,1.99103,1.9917,3176.0
2026-06-17 17:45:00,2026-06-17 14:45:00,2026-06-17 22:45:00,1.99169,1.99321,1.99132,1.99301,4322.0
2026-06-17 18:00:00,2026-06-17 15:00:00,2026-06-17 23:00:00,1.99303,1.99375,1.99291,1.99329,3592.0
2026-06-17 18:15:00,2026-06-17 15:15:00,2026-06-17 23:15:00,1.99327,1.99355,1.99313,1.99317,3242.0
2026-06-17 18:30:00,2026-06-17 15:30:00,2026-06-17 23:30:00,1.99317,1.99339,1.99268,1.99303,2385.0
2026-06-17 18:45:00,2026-06-17 15:45:00,2026-06-17 23:45:00,1.99302,1.99356,1.99296,1.99318,2455.0
2026-06-17 19:00:00,2026-06-17 16:00:00,2026-06-18 00:00:00,1.9932,1.99368,1.99298,1.99334,2429.0
2026-06-17 19:15:00,2026-06-17 16:15:00,2026-06-18 00:15:00,1.99332,1.99353,1.99278,1.9929,1893.0
2026-06-17 19:30:00,2026-06-17 16:30:00,2026-06-18 00:30:00,1.9929,1.99322,1.99274,1.99303,2009.0
2026-06-17 19:45:00,2026-06-17 16:45:00,2026-06-18 00:45:00,1.99303,1.99315,1.99272,1.99282,1960.0
2026-06-17 20:00:00,2026-06-17 17:00:00,2026-06-18 01:00:00,1.99281,1.9931,1.99242,1.99253,2076.0
2026-06-17 20:15:00,2026-06-17 17:15:00,2026-06-18 01:15:00,1.99251,1.99294,1.99251,1.99276,2015.0
2026-06-17 20:30:00,2026-06-17 17:30:00,2026-06-18 01:30:00,1.99276,1.99294,1.99245,1.99267,2017.0
2026-06-17 20:45:00,2026-06-17 17:45:00,2026-06-18 01:45:00,1.99267,1.99285,1.99201,1.99201,2026.0
2026-06-17 21:00:00,2026-06-17 18:00:00,2026-06-18 02:00:00,1.99196,1.99459,1.99185,1.99431,5695.0
2026-06-17 21:15:00,2026-06-17 18:15:00,2026-06-18 02:15:00,1.99436,1.99484,1.99343,1.99437,5341.0
2026-06-17 21:30:00,2026-06-17 18:30:00,2026-06-18 02:30:00,1.99436,1.99561,1.99267,1.99292,4728.0
2026-06-17 21:45:00,2026-06-17 18:45:00,2026-06-18 02:45:00,1.99263,1.99465,1.99174,1.99427,5422.0
2026-06-17 22:00:00,2026-06-17 19:00:00,2026-06-18 03:00:00,1.99424,1.99472,1.9927,1.99293,6195.0
2026-06-17 22:15:00,2026-06-17 19:15:00,2026-06-18 03:15:00,1.99297,1.99593,1.99282,1.99564,5636.0
2026-06-17 22:30:00,2026-06-17 19:30:00,2026-06-18 03:30:00,1.99564,1.99588,1.99447,1.99499,5701.0
2026-06-17 22:45:00,2026-06-17 19:45:00,2026-06-18 03:45:00,1.99498,1.99557,1.99451,1.99476,5049.0
2026-06-17 23:00:00,2026-06-17 20:00:00,2026-06-18 04:00:00,1.99477,1.99477,1.9932,1.99403,3295.0
2026-06-17 23:15:00,2026-06-17 20:15:00,2026-06-18 04:15:00,1.99404,1.99475,1.99332,1.99386,2714.0
2026-06-17 23:30:00,2026-06-17 20:30:00,2026-06-18 04:30:00,1.99384,1.99409,1.99325,1.99403,2126.0
2026-06-17 23:45:00,2026-06-17 20:45:00,2026-06-18 04:45:00,1.99398,1.99418,1.99332,1.99387,1234.0
2026-06-18 00:30:00,2026-06-17 21:30:00,2026-06-18 05:30:00,1.99291,1.99406,1.99291,1.99335,143.0
2026-06-18 00:45:00,2026-06-17 21:45:00,2026-06-18 05:45:00,1.99315,1.99397,1.99315,1.99336,141.0
2026-06-18 01:00:00,2026-06-17 22:00:00,2026-06-18 06:00:00,1.9923,1.99403,1.9923,1.99302,1794.0
2026-06-18 01:15:00,2026-06-17 22:15:00,2026-06-18 06:15:00,1.993,1.99312,1.99254,1.9927,983.0
2026-06-18 01:30:00,2026-06-17 22:30:00,2026-06-18 06:30:00,1.99271,1.99304,1.99235,1.99242,1239.0
2026-06-18 01:45:00,2026-06-17 22:45:00,2026-06-18 06:45:00,1.99242,1.99245,1.99066,1.99175,1040.0
2026-06-18 02:00:00,2026-06-17 23:00:00,2026-06-18 07:00:00,1.99172,1.99255,1.99168,1.99218,634.0
2026-06-18 02:15:00,2026-06-17 23:15:00,2026-06-18 07:15:00,1.9922,1.99229,1.99168,1.99188,850.0
2026-06-18 02:30:00,2026-06-17 23:30:00,2026-06-18 07:30:00,1.99188,1.9926,1.99163,1.99231,1215.0
2026-06-18 02:45:00,2026-06-17 23:45:00,2026-06-18 07:45:00,1.99236,1.993,1.99201,1.99282,1414.0
2026-06-18 03:00:00,2026-06-18 00:00:00,2026-06-18 08:00:00,1.99279,1.99281,1.99102,1.99145,3658.0
2026-06-18 03:15:00,2026-06-18 00:15:00,2026-06-18 08:15:00,1.99146,1.99274,1.99133,1.99257,2664.0
2026-06-18 03:30:00,2026-06-18 00:30:00,2026-06-18 08:30:00,1.99255,1.99262,1.991,1.99126,2339.0
2026-06-18 03:45:00,2026-06-18 00:45:00,2026-06-18 08:45:00,1.99126,1.9929,1.9909,1.99284,2897.0
2026-06-18 04:00:00,2026-06-18 01:00:00,2026-06-18 09:00:00,1.99286,1.99289,1.99118,1.99139,2700.0
2026-06-18 04:15:00,2026-06-18 01:15:00,2026-06-18 09:15:00,1.99128,1.99147,1.98943,1.98978,2246.0
2026-06-18 04:30:00,2026-06-18 01:30:00,2026-06-18 09:30:00,1.98979,1.98989,1.98925,1.98964,2050.0
2026-06-18 04:45:00,2026-06-18 01:45:00,2026-06-18 09:45:00,1.98965,1.99047,1.98908,1.9892,2366.0
2026-06-18 05:00:00,2026-06-18 02:00:00,2026-06-18 10:00:00,1.9892,1.98976,1.9888,1.98903,2167.0
2026-06-18 05:15:00,2026-06-18 02:15:00,2026-06-18 10:15:00,1.98906,1.98954,1.98858,1.98861,1718.0
2026-06-18 05:30:00,2026-06-18 02:30:00,2026-06-18 10:30:00,1.98861,1.98887,1.98762,1.98791,1710.0
2026-06-18 05:45:00,2026-06-18 02:45:00,2026-06-18 10:45:00,1.98791,1.98858,1.98754,1.98841,1821.0
2026-06-18 06:00:00,2026-06-18 03:00:00,2026-06-18 11:00:00,1.98841,1.98856,1.98761,1.98771,1574.0
2026-06-18 06:15:00,2026-06-18 03:15:00,2026-06-18 11:15:00,1.98771,1.98808,1.98752,1.98783,1733.0
2026-06-18 06:30:00,2026-06-18 03:30:00,2026-06-18 11:30:00,1.98788,1.98817,1.98765,1.98808,1525.0
2026-06-18 06:45:00,2026-06-18 03:45:00,2026-06-18 11:45:00,1.98809,1.9881,1.98717,1.98754,1279.0
2026-06-18 07:00:00,2026-06-18 04:00:00,2026-06-18 12:00:00,1.98756,1.98809,1.98736,1.98783,1511.0
2026-06-18 07:15:00,2026-06-18 04:15:00,2026-06-18 12:15:00,1.98783,1.98805,1.98761,1.9878,1652.0
2026-06-18 07:30:00,2026-06-18 04:30:00,2026-06-18 12:30:00,1.98778,1.98855,1.98778,1.98825,1802.0
2026-06-18 07:45:00,2026-06-18 04:45:00,2026-06-18 12:45:00,1.98824,1.98852,1.98783,1.98833,1582.0
2026-06-18 08:00:00,2026-06-18 05:00:00,2026-06-18 13:00:00,1.98836,1.98876,1.98774,1.98778,1786.0
2026-06-18 08:15:00,2026-06-18 05:15:00,2026-06-18 13:15:00,1.98778,1.988,1.98723,1.98793,1652.0
2026-06-18 08:30:00,2026-06-18 05:30:00,2026-06-18 13:30:00,1.98791,1.98807,1.98738,1.98778,1830.0
2026-06-18 08:45:00,2026-06-18 05:45:00,2026-06-18 13:45:00,1.98776,1.98853,1.98767,1.98812,2060.0
2026-06-18 09:00:00,2026-06-18 06:00:00,2026-06-18 14:00:00,1.9881,1.98928,1.98794,1.9891,2844.0
2026-06-18 09:15:00,2026-06-18 06:15:00,2026-06-18 14:15:00,1.98909,1.98937,1.98847,1.98866,2860.0
2026-06-18 09:30:00,2026-06-18 06:30:00,2026-06-18 14:30:00,1.98862,1.98974,1.98849,1.98931,2865.0
2026-06-18 09:45:00,2026-06-18 06:45:00,2026-06-18 14:45:00,1.98923,1.98959,1.98888,1.98936,2848.0
2026-06-18 10:00:00,2026-06-18 07:00:00,2026-06-18 15:00:00,1.98943,1.99,1.98916,1.98964,3058.0
2026-06-18 10:15:00,2026-06-18 07:15:00,2026-06-18 15:15:00,1.98966,1.99009,1.98924,1.98962,2626.0
2026-06-18 10:30:00,2026-06-18 07:30:00,2026-06-18 15:30:00,1.98958,1.99108,1.98958,1.99018,2920.0
2026-06-18 10:45:00,2026-06-18 07:45:00,2026-06-18 15:45:00,1.99019,1.99099,1.99005,1.99019,3124.0
2026-06-18 11:00:00,2026-06-18 08:00:00,2026-06-18 16:00:00,1.9902,1.99059,1.98978,1.99012,3458.0
2026-06-18 11:15:00,2026-06-18 08:15:00,2026-06-18 16:15:00,1.99015,1.9906,1.98979,1.99031,2901.0
2026-06-18 11:30:00,2026-06-18 08:30:00,2026-06-18 16:30:00,1.99031,1.99062,1.98985,1.99042,3230.0
2026-06-18 11:45:00,2026-06-18 08:45:00,2026-06-18 16:45:00,1.99045,1.99115,1.99037,1.99063,3325.0
2026-06-18 12:00:00,2026-06-18 09:00:00,2026-06-18 17:00:00,1.99063,1.99098,1.98993,1.99044,3994.0
2026-06-18 12:15:00,2026-06-18 09:15:00,2026-06-18 17:15:00,1.99044,1.99066,1.98979,1.99048,3077.0
2026-06-18 12:30:00,2026-06-18 09:30:00,2026-06-18 17:30:00,1.99048,1.99076,1.98979,1.98987,2902.0
2026-06-18 12:45:00,2026-06-18 09:45:00,2026-06-18 17:45:00,1.98987,1.99037,1.98957,1.9902,2781.0
2026-06-18 13:00:00,2026-06-18 10:00:00,2026-06-18 18:00:00,1.99017,1.99107,1.99017,1.99038,3832.0
2026-06-18 13:15:00,2026-06-18 10:15:00,2026-06-18 18:15:00,1.99037,1.99037,1.9894,1.98966,2949.0
2026-06-18 13:30:00,2026-06-18 10:30:00,2026-06-18 18:30:00,1.98969,1.99001,1.98934,1.99001,2852.0
2026-06-18 13:45:00,2026-06-18 10:45:00,2026-06-18 18:45:00,1.99,1.99038,1.98957,1.98994,2820.0
2026-06-18 14:00:00,2026-06-18 11:00:00,2026-06-18 19:00:00,1.98996,1.99056,1.98953,1.98962,3273.0
2026-06-18 14:15:00,2026-06-18 11:15:00,2026-06-18 19:15:00,1.9896,1.9904,1.98929,1.98978,3390.0
2026-06-18 14:30:00,2026-06-18 11:30:00,2026-06-18 19:30:00,1.98978,1.99017,1.98915,1.98946,3129.0
2026-06-18 14:45:00,2026-06-18 11:45:00,2026-06-18 19:45:00,1.98946,1.98947,1.98898,1.98921,3000.0
2026-06-18 15:00:00,2026-06-18 12:00:00,2026-06-18 20:00:00,1.9892,1.9893,1.98811,1.98834,3517.0
2026-06-18 15:15:00,2026-06-18 12:15:00,2026-06-18 20:15:00,1.9883,1.98835,1.98754,1.9877,3739.0
2026-06-18 15:30:00,2026-06-18 12:30:00,2026-06-18 20:30:00,1.98752,1.98824,1.98702,1.98788,3456.0
2026-06-18 15:45:00,2026-06-18 12:45:00,2026-06-18 20:45:00,1.98788,1.98789,1.98712,1.98728,3473.0
2026-06-18 16:00:00,2026-06-18 13:00:00,2026-06-18 21:00:00,1.98727,1.98799,1.98707,1.98744,4129.0
2026-06-18 16:15:00,2026-06-18 13:15:00,2026-06-18 21:15:00,1.98743,1.98807,1.98682,1.98702,3880.0
2026-06-18 16:30:00,2026-06-18 13:30:00,2026-06-18 21:30:00,1.98699,1.98715,1.9863,1.9868,4752.0
2026-06-18 16:45:00,2026-06-18 13:45:00,2026-06-18 21:45:00,1.9868,1.98735,1.98659,1.98676,4154.0
2026-06-18 17:00:00,2026-06-18 14:00:00,2026-06-18 22:00:00,1.98673,1.98859,1.98673,1.9883,4365.0
2026-06-18 17:15:00,2026-06-18 14:15:00,2026-06-18 22:15:00,1.98833,1.98853,1.98692,1.98801,3872.0
2026-06-18 17:30:00,2026-06-18 14:30:00,2026-06-18 22:30:00,1.988,1.98835,1.98726,1.98754,3792.0
2026-06-18 17:45:00,2026-06-18 14:45:00,2026-06-18 22:45:00,1.98755,1.9888,1.98735,1.98879,3845.0
2026-06-18 18:00:00,2026-06-18 15:00:00,2026-06-18 23:00:00,1.98884,1.9898,1.98872,1.98975,3979.0
2026-06-18 18:15:00,2026-06-18 15:15:00,2026-06-18 23:15:00,1.98975,1.99049,1.98966,1.99001,3592.0
2026-06-18 18:30:00,2026-06-18 15:30:00,2026-06-18 23:30:00,1.99003,1.99162,1.98962,1.9916,3998.0
2026-06-18 18:45:00,2026-06-18 15:45:00,2026-06-18 23:45:00,1.99159,1.99213,1.99142,1.99213,3453.0
2026-06-18 19:00:00,2026-06-18 16:00:00,2026-06-19 00:00:00,1.99214,1.99231,1.99165,1.99184,3781.0
2026-06-18 19:15:00,2026-06-18 16:15:00,2026-06-19 00:15:00,1.99184,1.99209,1.99171,1.9919,3140.0
2026-06-18 19:30:00,2026-06-18 16:30:00,2026-06-19 00:30:00,1.99189,1.99203,1.99131,1.99156,2887.0
2026-06-18 19:45:00,2026-06-18 16:45:00,2026-06-19 00:45:00,1.99156,1.99191,1.99126,1.99126,2857.0
2026-06-18 20:00:00,2026-06-18 17:00:00,2026-06-19 01:00:00,1.99126,1.99185,1.99126,1.99152,2653.0
2026-06-18 20:15:00,2026-06-18 17:15:00,2026-06-19 01:15:00,1.99153,1.99178,1.99127,1.99163,2187.0
2026-06-18 20:30:00,2026-06-18 17:30:00,2026-06-19 01:30:00,1.99161,1.99171,1.99124,1.99146,2052.0
2026-06-18 20:45:00,2026-06-18 17:45:00,2026-06-19 01:45:00,1.99146,1.99177,1.99139,1.99163,2168.0
2026-06-18 21:00:00,2026-06-18 18:00:00,2026-06-19 02:00:00,1.99166,1.99209,1.99138,1.99146,2391.0
2026-06-18 21:15:00,2026-06-18 18:15:00,2026-06-19 02:15:00,1.99148,1.99171,1.99128,1.99151,2286.0
2026-06-18 21:30:00,2026-06-18 18:30:00,2026-06-19 02:30:00,1.99149,1.99178,1.99115,1.99124,2095.0
2026-06-18 21:45:00,2026-06-18 18:45:00,2026-06-19 02:45:00,1.99127,1.99172,1.99116,1.99157,2345.0
2026-06-18 22:00:00,2026-06-18 19:00:00,2026-06-19 03:00:00,1.99157,1.99249,1.99157,1.99197,2957.0
2026-06-18 22:15:00,2026-06-18 19:15:00,2026-06-19 03:15:00,1.99196,1.99202,1.99145,1.99168,2463.0
2026-06-18 22:30:00,2026-06-18 19:30:00,2026-06-19 03:30:00,1.99166,1.99172,1.99112,1.99119,3063.0
2026-06-18 22:45:00,2026-06-18 19:45:00,2026-06-19 03:45:00,1.99117,1.99123,1.99085,1.99109,2849.0
2026-06-18 23:00:00,2026-06-18 20:00:00,2026-06-19 04:00:00,1.99116,1.99142,1.99022,1.99032,1708.0
2026-06-18 23:15:00,2026-06-18 20:15:00,2026-06-19 04:15:00,1.99031,1.99046,1.99012,1.99028,1186.0
2026-06-18 23:30:00,2026-06-18 20:30:00,2026-06-19 04:30:00,1.9903,1.991,1.99016,1.991,1070.0
2026-06-18 23:45:00,2026-06-18 20:45:00,2026-06-19 04:45:00,1.9909,1.99138,1.99075,1.99108,492.0
2026-06-19 01:00:00,2026-06-18 22:00:00,2026-06-19 06:00:00,1.99102,1.99224,1.99075,1.99159,2263.0
2026-06-19 01:15:00,2026-06-18 22:15:00,2026-06-19 06:15:00,1.99158,1.99164,1.99068,1.99073,925.0
2026-06-19 01:30:00,2026-06-18 22:30:00,2026-06-19 06:30:00,1.99073,1.9908,1.99028,1.99054,666.0
2026-06-19 01:45:00,2026-06-18 22:45:00,2026-06-19 06:45:00,1.99052,1.99065,1.99014,1.99053,769.0
2026-06-19 02:00:00,2026-06-18 23:00:00,2026-06-19 07:00:00,1.99051,1.99054,1.98953,1.98994,917.0
2026-06-19 02:15:00,2026-06-18 23:15:00,2026-06-19 07:15:00,1.98991,1.9902,1.98975,1.99011,810.0
2026-06-19 02:30:00,2026-06-18 23:30:00,2026-06-19 07:30:00,1.9901,1.99069,1.99003,1.99053,768.0
2026-06-19 02:45:00,2026-06-18 23:45:00,2026-06-19 07:45:00,1.99055,1.99108,1.98999,1.99108,979.0
2026-06-19 03:00:00,2026-06-19 00:00:00,2026-06-19 08:00:00,1.99113,1.99141,1.9906,1.9909,2282.0
2026-06-19 03:15:00,2026-06-19 00:15:00,2026-06-19 08:15:00,1.9909,1.99103,1.99027,1.99051,1908.0
2026-06-19 03:30:00,2026-06-19 00:30:00,2026-06-19 08:30:00,1.9905,1.99053,1.99005,1.99015,1974.0
2026-06-19 03:45:00,2026-06-19 00:45:00,2026-06-19 08:45:00,1.99015,1.99015,1.98931,1.98984,2002.0
2026-06-19 04:00:00,2026-06-19 01:00:00,2026-06-19 09:00:00,1.98984,1.99093,1.98978,1.99091,2290.0
2026-06-19 04:15:00,2026-06-19 01:15:00,2026-06-19 09:15:00,1.9909,1.99259,1.9908,1.99191,1700.0
2026-06-19 04:30:00,2026-06-19 01:30:00,2026-06-19 09:30:00,1.99184,1.99308,1.99183,1.99294,1934.0
2026-06-19 04:45:00,2026-06-19 01:45:00,2026-06-19 09:45:00,1.99295,1.99349,1.99283,1.99301,1796.0
2026-06-19 05:00:00,2026-06-19 02:00:00,2026-06-19 10:00:00,1.99297,1.99309,1.99212,1.99212,1941.0
2026-06-19 05:15:00,2026-06-19 02:15:00,2026-06-19 10:15:00,1.99211,1.99243,1.99154,1.99154,1822.0
2026-06-19 05:30:00,2026-06-19 02:30:00,2026-06-19 10:30:00,1.99154,1.99182,1.99103,1.99161,1383.0
2026-06-19 05:45:00,2026-06-19 02:45:00,2026-06-19 10:45:00,1.99161,1.99223,1.99161,1.9921,1326.0
2026-06-19 06:00:00,2026-06-19 03:00:00,2026-06-19 11:00:00,1.99209,1.99238,1.99174,1.99237,1550.0
2026-06-19 06:15:00,2026-06-19 03:15:00,2026-06-19 11:15:00,1.99239,1.99315,1.99194,1.99299,2325.0
2026-06-19 06:30:00,2026-06-19 03:30:00,2026-06-19 11:30:00,1.993,1.99446,1.99296,1.99407,2329.0
2026-06-19 06:45:00,2026-06-19 03:45:00,2026-06-19 11:45:00,1.99405,1.99491,1.99402,1.99476,2072.0
2026-06-19 07:00:00,2026-06-19 04:00:00,2026-06-19 12:00:00,1.99476,1.99567,1.99473,1.99518,2562.0
2026-06-19 07:15:00,2026-06-19 04:15:00,2026-06-19 12:15:00,1.99517,1.99543,1.99445,1.99447,2082.0
2026-06-19 07:30:00,2026-06-19 04:30:00,2026-06-19 12:30:00,1.99447,1.99527,1.99435,1.99486,2234.0
2026-06-19 07:45:00,2026-06-19 04:45:00,2026-06-19 12:45:00,1.99486,1.9952,1.99446,1.99455,2438.0
2026-06-19 08:00:00,2026-06-19 05:00:00,2026-06-19 13:00:00,1.99453,1.99563,1.99432,1.99522,2831.0
2026-06-19 08:15:00,2026-06-19 05:15:00,2026-06-19 13:15:00,1.99523,1.99556,1.99448,1.99511,2614.0
2026-06-19 08:30:00,2026-06-19 05:30:00,2026-06-19 13:30:00,1.9951,1.99521,1.99415,1.99454,2480.0
2026-06-19 08:45:00,2026-06-19 05:45:00,2026-06-19 13:45:00,1.99454,1.99504,1.99345,1.99503,2754.0
2026-06-19 09:00:00,2026-06-19 06:00:00,2026-06-19 14:00:00,1.99501,1.99506,1.99373,1.99385,2837.0
2026-06-19 09:15:00,2026-06-19 06:15:00,2026-06-19 14:15:00,1.99379,1.99403,1.99273,1.99289,2622.0
2026-06-19 09:30:00,2026-06-19 06:30:00,2026-06-19 14:30:00,1.99288,1.994,1.99258,1.99299,2690.0
2026-06-19 09:45:00,2026-06-19 06:45:00,2026-06-19 14:45:00,1.99301,1.99347,1.99268,1.99313,2237.0
2026-06-19 10:00:00,2026-06-19 07:00:00,2026-06-19 15:00:00,1.99313,1.99353,1.993,1.99334,2790.0
2026-06-19 10:15:00,2026-06-19 07:15:00,2026-06-19 15:15:00,1.99334,1.99533,1.99328,1.99522,2789.0
2026-06-19 10:30:00,2026-06-19 07:30:00,2026-06-19 15:30:00,1.99524,1.99553,1.99491,1.99522,2331.0
2026-06-19 10:45:00,2026-06-19 07:45:00,2026-06-19 15:45:00,1.99522,1.99652,1.99507,1.99612,2419.0
2026-06-19 11:00:00,2026-06-19 08:00:00,2026-06-19 16:00:00,1.99614,1.99653,1.99576,1.99583,2884.0
2026-06-19 11:15:00,2026-06-19 08:15:00,2026-06-19 16:15:00,1.99582,1.99618,1.99524,1.99609,2720.0
2026-06-19 11:30:00,2026-06-19 08:30:00,2026-06-19 16:30:00,1.99612,1.9973,1.99597,1.99703,2537.0
2026-06-19 11:45:00,2026-06-19 08:45:00,2026-06-19 16:45:00,1.99703,1.99734,1.99617,1.9962,2023.0
2026-06-19 12:00:00,2026-06-19 09:00:00,2026-06-19 17:00:00,1.9962,1.99663,1.99603,1.99625,2561.0
2026-06-19 12:15:00,2026-06-19 09:15:00,2026-06-19 17:15:00,1.99626,1.99637,1.99568,1.99608,2267.0
2026-06-19 12:30:00,2026-06-19 09:30:00,2026-06-19 17:30:00,1.9961,1.99615,1.9953,1.9958,2083.0
2026-06-19 12:45:00,2026-06-19 09:45:00,2026-06-19 17:45:00,1.99579,1.99579,1.99503,1.99513,2115.0
2026-06-19 13:00:00,2026-06-19 10:00:00,2026-06-19 18:00:00,1.99514,1.99555,1.99504,1.99533,2102.0
2026-06-19 13:15:00,2026-06-19 10:15:00,2026-06-19 18:15:00,1.99528,1.99563,1.99475,1.99529,2242.0
2026-06-19 13:30:00,2026-06-19 10:30:00,2026-06-19 18:30:00,1.9953,1.99661,1.995,1.99658,1982.0
2026-06-19 13:45:00,2026-06-19 10:45:00,2026-06-19 18:45:00,1.99659,1.99688,1.99623,1.99639,2210.0
2026-06-19 14:00:00,2026-06-19 11:00:00,2026-06-19 19:00:00,1.99639,1.99707,1.99639,1.99679,2511.0
2026-06-19 14:15:00,2026-06-19 11:15:00,2026-06-19 19:15:00,1.9968,1.99694,1.99636,1.99688,1742.0
2026-06-19 14:30:00,2026-06-19 11:30:00,2026-06-19 19:30:00,1.99687,1.99709,1.99645,1.99672,1806.0
2026-06-19 14:45:00,2026-06-19 11:45:00,2026-06-19 19:45:00,1.99671,1.99679,1.99611,1.99642,2038.0
2026-06-19 15:00:00,2026-06-19 12:00:00,2026-06-19 20:00:00,1.99638,1.99683,1.99608,1.99636,2438.0
2026-06-19 15:15:00,2026-06-19 12:15:00,2026-06-19 20:15:00,1.99634,1.9966,1.99614,1.99653,1879.0
2026-06-19 15:30:00,2026-06-19 12:30:00,2026-06-19 20:30:00,1.99652,1.99722,1.99649,1.99691,2197.0
2026-06-19 15:45:00,2026-06-19 12:45:00,2026-06-19 20:45:00,1.9969,1.99745,1.99547,1.99597,3398.0
2026-06-19 16:00:00,2026-06-19 13:00:00,2026-06-19 21:00:00,1.9959,1.99703,1.99588,1.99696,3062.0
2026-06-19 16:15:00,2026-06-19 13:15:00,2026-06-19 21:15:00,1.99696,1.99757,1.99661,1.99734,2457.0
2026-06-19 16:30:00,2026-06-19 13:30:00,2026-06-19 21:30:00,1.99733,1.9981,1.99709,1.99805,2743.0
2026-06-19 16:45:00,2026-06-19 13:45:00,2026-06-19 21:45:00,1.99808,1.99886,1.9979,1.99877,2556.0
2026-06-19 17:00:00,2026-06-19 14:00:00,2026-06-19 22:00:00,1.99881,1.99912,1.99848,1.99851,2781.0
2026-06-19 17:15:00,2026-06-19 14:15:00,2026-06-19 22:15:00,1.99851,1.99984,1.99836,1.99975,2135.0
2026-06-19 17:30:00,2026-06-19 14:30:00,2026-06-19 22:30:00,1.99975,2.00016,1.99954,1.99998,2092.0
2026-06-19 17:45:00,2026-06-19 14:45:00,2026-06-19 22:45:00,1.99998,2.0001,1.99801,1.99839,3081.0
2026-06-19 18:00:00,2026-06-19 15:00:00,2026-06-19 23:00:00,1.99837,1.99937,1.99837,1.99911,2590.0
2026-06-19 18:15:00,2026-06-19 15:15:00,2026-06-19 23:15:00,1.99909,1.99923,1.99841,1.99846,1487.0
2026-06-19 18:30:00,2026-06-19 15:30:00,2026-06-19 23:30:00,1.99846,1.99872,1.99822,1.99844,1629.0
2026-06-19 18:45:00,2026-06-19 15:45:00,2026-06-19 23:45:00,1.99843,1.99858,1.99808,1.99849,1482.0
2026-06-19 19:00:00,2026-06-19 16:00:00,2026-06-20 00:00:00,1.99848,1.99869,1.99822,1.99839,1432.0
2026-06-19 19:15:00,2026-06-19 16:15:00,2026-06-20 00:15:00,1.99838,1.99848,1.99803,1.99838,1475.0
2026-06-19 19:30:00,2026-06-19 16:30:00,2026-06-20 00:30:00,1.99839,1.99857,1.99827,1.99841,1197.0
2026-06-19 19:45:00,2026-06-19 16:45:00,2026-06-20 00:45:00,1.99843,1.99902,1.99832,1.99902,1131.0
2026-06-19 20:00:00,2026-06-19 17:00:00,2026-06-20 01:00:00,1.99905,1.99952,1.99877,1.99888,2054.0
2026-06-19 20:15:00,2026-06-19 17:15:00,2026-06-20 01:15:00,1.99888,1.99914,1.99848,1.99855,1870.0
2026-06-19 20:30:00,2026-06-19 17:30:00,2026-06-20 01:30:00,1.99856,1.99951,1.99851,1.99938,1577.0
2026-06-19 20:45:00,2026-06-19 17:45:00,2026-06-20 01:45:00,1.99936,1.99947,1.99828,1.99903,1784.0
2026-06-19 21:00:00,2026-06-19 18:00:00,2026-06-20 02:00:00,1.99896,1.99921,1.99887,1.99906,1385.0
2026-06-19 21:15:00,2026-06-19 18:15:00,2026-06-20 02:15:00,1.99906,1.99956,1.99893,1.99923,1375.0
2026-06-19 21:30:00,2026-06-19 18:30:00,2026-06-20 02:30:00,1.99923,1.99955,1.99892,1.99937,1620.0
2026-06-19 21:45:00,2026-06-19 18:45:00,2026-06-20 02:45:00,1.99933,1.99944,1.99852,1.99898,1653.0
2026-06-19 22:00:00,2026-06-19 19:00:00,2026-06-20 03:00:00,1.99905,1.99907,1.99804,1.99821,4418.0
2026-06-19 22:15:00,2026-06-19 19:15:00,2026-06-20 03:15:00,1.99825,1.99932,1.99819,1.99894,4029.0
2026-06-19 22:30:00,2026-06-19 19:30:00,2026-06-20 03:30:00,1.99887,1.99908,1.99826,1.99862,3591.0
2026-06-19 22:45:00,2026-06-19 19:45:00,2026-06-20 03:45:00,1.99864,1.99942,1.99847,1.9992,2522.0
2026-06-19 23:00:00,2026-06-19 20:00:00,2026-06-20 04:00:00,1.99924,1.99933,1.99854,1.99882,4939.0
2026-06-19 23:15:00,2026-06-19 20:15:00,2026-06-20 04:15:00,1.99883,1.99936,1.99821,1.9993,3484.0
2026-06-19 23:30:00,2026-06-19 20:30:00,2026-06-20 04:30:00,1.99929,1.99948,1.99856,1.99881,1505.0
2026-06-19 23:45:00,2026-06-19 20:45:00,2026-06-20 04:45:00,1.99881,1.9996,1.99856,1.99884,705.0
2026-06-22 00:00:00,2026-06-21 21:00:00,2026-06-22 05:00:00,1.99702,1.99743,1.99644,1.99644,60.0
2026-06-22 00:15:00,2026-06-21 21:15:00,2026-06-22 05:15:00,1.99703,1.99754,1.99699,1.99744,21.0
2026-06-22 00:30:00,2026-06-21 21:30:00,2026-06-22 05:30:00,1.99756,1.99783,1.99579,1.99746,152.0
2026-06-22 00:45:00,2026-06-21 21:45:00,2026-06-22 05:45:00,1.99753,1.99792,1.99648,1.99708,459.0
2026-06-22 01:00:00,2026-06-21 22:00:00,2026-06-22 06:00:00,1.99742,2.0001,1.99708,1.99993,2160.0
2026-06-22 01:15:00,2026-06-21 22:15:00,2026-06-22 06:15:00,1.99997,2.00034,1.99966,1.99972,2215.0
2026-06-22 01:30:00,2026-06-21 22:30:00,2026-06-22 06:30:00,1.99974,2.00003,1.99923,1.99966,1260.0
2026-06-22 01:45:00,2026-06-21 22:45:00,2026-06-22 06:45:00,1.99959,1.9997,1.99898,1.99921,1487.0
2026-06-22 02:00:00,2026-06-21 23:00:00,2026-06-22 07:00:00,1.99921,1.99964,1.99858,1.99936,1829.0
2026-06-22 02:15:00,2026-06-21 23:15:00,2026-06-22 07:15:00,1.99936,1.9994,1.99865,1.99888,1407.0
2026-06-22 02:30:00,2026-06-21 23:30:00,2026-06-22 07:30:00,1.99887,1.99952,1.99885,1.99926,1231.0
2026-06-22 02:45:00,2026-06-21 23:45:00,2026-06-22 07:45:00,1.99926,1.9998,1.99904,1.99905,1535.0
2026-06-22 03:00:00,2026-06-22 00:00:00,2026-06-22 08:00:00,1.99902,1.99933,1.99856,1.99929,2784.0
2026-06-22 03:15:00,2026-06-22 00:15:00,2026-06-22 08:15:00,1.99931,1.99937,1.99878,1.99886,2195.0
2026-06-22 03:30:00,2026-06-22 00:30:00,2026-06-22 08:30:00,1.99887,1.99943,1.99864,1.99912,1962.0
2026-06-22 03:45:00,2026-06-22 00:45:00,2026-06-22 08:45:00,1.99914,1.99938,1.99862,1.99891,2471.0
2026-06-22 04:00:00,2026-06-22 01:00:00,2026-06-22 09:00:00,1.99888,1.99911,1.99845,1.99866,3472.0
2026-06-22 04:15:00,2026-06-22 01:15:00,2026-06-22 09:15:00,1.99869,1.99919,1.99851,1.99879,2750.0
2026-06-22 04:30:00,2026-06-22 01:30:00,2026-06-22 09:30:00,1.99883,1.99973,1.99876,1.99953,2411.0
2026-06-22 04:45:00,2026-06-22 01:45:00,2026-06-22 09:45:00,1.99953,2.0003,1.99943,2.00015,2193.0
2026-06-22 05:00:00,2026-06-22 02:00:00,2026-06-22 10:00:00,2.00015,2.00034,1.9994,2.00028,2143.0
2026-06-22 05:15:00,2026-06-22 02:15:00,2026-06-22 10:15:00,2.00024,2.00094,1.99997,2.00042,1846.0
2026-06-22 05:30:00,2026-06-22 02:30:00,2026-06-22 10:30:00,2.00043,2.00089,1.99987,2.00063,1899.0
2026-06-22 05:45:00,2026-06-22 02:45:00,2026-06-22 10:45:00,2.00062,2.00096,2.00009,2.00081,1882.0
2026-06-22 06:00:00,2026-06-22 03:00:00,2026-06-22 11:00:00,2.00083,2.00101,2.0,2.00051,2153.0
2026-06-22 06:15:00,2026-06-22 03:15:00,2026-06-22 11:15:00,2.00052,2.00054,1.9998,1.99993,1875.0
2026-06-22 06:30:00,2026-06-22 03:30:00,2026-06-22 11:30:00,1.99994,2.0006,1.99987,2.0001,1557.0
2026-06-22 06:45:00,2026-06-22 03:45:00,2026-06-22 11:45:00,2.00012,2.00085,1.99991,2.0005,1730.0
2026-06-22 07:00:00,2026-06-22 04:00:00,2026-06-22 12:00:00,2.00048,2.00111,2.00008,2.00025,2023.0
2026-06-22 07:15:00,2026-06-22 04:15:00,2026-06-22 12:15:00,2.00025,2.00066,2.00001,2.0005,1669.0
2026-06-22 07:30:00,2026-06-22 04:30:00,2026-06-22 12:30:00,2.00049,2.00083,2.00011,2.00075,1677.0
2026-06-22 07:45:00,2026-06-22 04:45:00,2026-06-22 12:45:00,2.00074,2.00075,2.00039,2.0007,1660.0
2026-06-22 08:00:00,2026-06-22 05:00:00,2026-06-22 13:00:00,2.00071,2.00071,1.99986,2.00034,1757.0
2026-06-22 08:15:00,2026-06-22 05:15:00,2026-06-22 13:15:00,2.0003,2.00033,1.99951,1.99986,1677.0
2026-06-22 08:30:00,2026-06-22 05:30:00,2026-06-22 13:30:00,1.99984,2.00036,1.99946,2.00034,2058.0
2026-06-22 08:45:00,2026-06-22 05:45:00,2026-06-22 13:45:00,2.00031,2.00066,2.00001,2.00022,2144.0
2026-06-22 09:00:00,2026-06-22 06:00:00,2026-06-22 14:00:00,2.00025,2.00031,1.9987,1.99879,2871.0
2026-06-22 09:15:00,2026-06-22 06:15:00,2026-06-22 14:15:00,1.99883,1.9998,1.99875,1.99973,2589.0
2026-06-22 09:30:00,2026-06-22 06:30:00,2026-06-22 14:30:00,1.99974,2.00026,1.99955,2.00014,2506.0
2026-06-22 09:45:00,2026-06-22 06:45:00,2026-06-22 14:45:00,2.00013,2.00042,1.99962,2.00024,2453.0
2026-06-22 10:00:00,2026-06-22 07:00:00,2026-06-22 15:00:00,2.00024,2.00078,1.99995,1.99998,2846.0
2026-06-22 10:15:00,2026-06-22 07:15:00,2026-06-22 15:15:00,1.99994,2.00055,1.99988,2.00047,2291.0
2026-06-22 10:30:00,2026-06-22 07:30:00,2026-06-22 15:30:00,2.00049,2.00093,1.99992,1.99998,2549.0
2026-06-22 10:45:00,2026-06-22 07:45:00,2026-06-22 15:45:00,1.99999,2.00076,1.99982,2.00021,2561.0
2026-06-22 11:00:00,2026-06-22 08:00:00,2026-06-22 16:00:00,2.00019,2.00077,1.99988,2.00053,2910.0
2026-06-22 11:15:00,2026-06-22 08:15:00,2026-06-22 16:15:00,2.0005,2.00104,2.0003,2.00103,3145.0
2026-06-22 11:30:00,2026-06-22 08:30:00,2026-06-22 16:30:00,2.00098,2.00133,2.00026,2.00036,2774.0
2026-06-22 11:45:00,2026-06-22 08:45:00,2026-06-22 16:45:00,2.00035,2.00132,2.00021,2.00131,2720.0
2026-06-22 12:00:00,2026-06-22 09:00:00,2026-06-22 17:00:00,2.00136,2.00136,1.9997,1.99991,3093.0
2026-06-22 12:15:00,2026-06-22 09:15:00,2026-06-22 17:15:00,1.9999,2.00022,1.99964,2.00003,2297.0
2026-06-22 12:30:00,2026-06-22 09:30:00,2026-06-22 17:30:00,2.00003,2.00029,1.99979,1.99993,2442.0
2026-06-22 12:45:00,2026-06-22 09:45:00,2026-06-22 17:45:00,1.99993,2.00055,1.99978,2.0005,2168.0
2026-06-22 13:00:00,2026-06-22 10:00:00,2026-06-22 18:00:00,2.0005,2.00058,1.99948,2.00001,2522.0
2026-06-22 13:15:00,2026-06-22 10:15:00,2026-06-22 18:15:00,2.00003,2.00028,1.99948,1.99984,2042.0
2026-06-22 13:30:00,2026-06-22 10:30:00,2026-06-22 18:30:00,1.99985,2.00031,1.9995,2.00029,2075.0
2026-06-22 13:45:00,2026-06-22 10:45:00,2026-06-22 18:45:00,2.00029,2.00053,1.99989,2.00042,1985.0
2026-06-22 14:00:00,2026-06-22 11:00:00,2026-06-22 19:00:00,2.0004,2.00043,1.99877,1.99963,3266.0
2026-06-22 14:15:00,2026-06-22 11:15:00,2026-06-22 19:15:00,1.9996,2.00004,1.99933,1.99992,2015.0
2026-06-22 14:30:00,2026-06-22 11:30:00,2026-06-22 19:30:00,1.99991,2.00013,1.9996,1.99997,2024.0
2026-06-22 14:45:00,2026-06-22 11:45:00,2026-06-22 19:45:00,1.99998,2.00022,1.99958,1.99967,2412.0
2026-06-22 15:00:00,2026-06-22 12:00:00,2026-06-22 20:00:00,1.99967,1.99992,1.99878,1.99911,3179.0
2026-06-22 15:15:00,2026-06-22 12:15:00,2026-06-22 20:15:00,1.99905,1.99912,1.99836,1.99841,2565.0
2026-06-22 15:30:00,2026-06-22 12:30:00,2026-06-22 20:30:00,1.99845,1.9989,1.9982,1.99851,2981.0
2026-06-22 15:45:00,2026-06-22 12:45:00,2026-06-22 20:45:00,1.99852,1.99923,1.99842,1.99911,2826.0
2026-06-22 16:00:00,2026-06-22 13:00:00,2026-06-22 21:00:00,1.99907,1.99914,1.99612,1.99656,4494.0
2026-06-22 16:15:00,2026-06-22 13:15:00,2026-06-22 21:15:00,1.99655,1.9972,1.99641,1.99717,3229.0
2026-06-22 16:30:00,2026-06-22 13:30:00,2026-06-22 21:30:00,1.99718,1.99774,1.99692,1.99717,3965.0
2026-06-22 16:45:00,2026-06-22 13:45:00,2026-06-22 21:45:00,1.99721,1.99797,1.99675,1.997,3782.0
2026-06-22 17:00:00,2026-06-22 14:00:00,2026-06-22 22:00:00,1.99699,1.99726,1.99598,1.9961,4155.0
2026-06-22 17:15:00,2026-06-22 14:15:00,2026-06-22 22:15:00,1.9961,1.99661,1.99551,1.99642,3856.0
2026-06-22 17:30:00,2026-06-22 14:30:00,2026-06-22 22:30:00,1.99642,1.99687,1.99619,1.99662,4043.0
2026-06-22 17:45:00,2026-06-22 14:45:00,2026-06-22 22:45:00,1.99664,1.99791,1.99627,1.99652,4742.0
2026-06-22 18:00:00,2026-06-22 15:00:00,2026-06-22 23:00:00,1.99653,1.99677,1.99599,1.99645,3911.0
2026-06-22 18:15:00,2026-06-22 15:15:00,2026-06-22 23:15:00,1.99645,1.99689,1.99625,1.99672,3514.0
2026-06-22 18:30:00,2026-06-22 15:30:00,2026-06-22 23:30:00,1.99672,1.99815,1.99666,1.99797,3231.0
2026-06-22 18:45:00,2026-06-22 15:45:00,2026-06-22 23:45:00,1.99795,1.99866,1.99787,1.99858,3241.0
2026-06-22 19:00:00,2026-06-22 16:00:00,2026-06-23 00:00:00,1.99858,1.99945,1.99838,1.99858,3336.0
2026-06-22 19:15:00,2026-06-22 16:15:00,2026-06-23 00:15:00,1.9986,1.99874,1.99839,1.99853,2832.0
2026-06-22 19:30:00,2026-06-22 16:30:00,2026-06-23 00:30:00,1.99851,1.99881,1.99827,1.99851,2868.0
2026-06-22 19:45:00,2026-06-22 16:45:00,2026-06-23 00:45:00,1.99856,1.99863,1.9982,1.99842,2276.0
2026-06-22 20:00:00,2026-06-22 17:00:00,2026-06-23 01:00:00,1.99843,1.9994,1.99832,1.99928,1955.0
2026-06-22 20:15:00,2026-06-22 17:15:00,2026-06-23 01:15:00,1.99927,1.99962,1.99903,1.99944,1727.0
2026-06-22 20:30:00,2026-06-22 17:30:00,2026-06-23 01:30:00,1.99944,2.00045,1.99925,2.00016,2034.0
2026-06-22 20:45:00,2026-06-22 17:45:00,2026-06-23 01:45:00,2.00016,2.00048,2.00001,2.00017,1733.0
2026-06-22 21:00:00,2026-06-22 18:00:00,2026-06-23 02:00:00,2.00017,2.00063,2.00007,2.00043,1569.0
2026-06-22 21:15:00,2026-06-22 18:15:00,2026-06-23 02:15:00,2.00044,2.00049,2.00006,2.00012,1691.0
2026-06-22 21:30:00,2026-06-22 18:30:00,2026-06-23 02:30:00,2.00013,2.00029,1.9999,2.00013,1738.0
2026-06-22 21:45:00,2026-06-22 18:45:00,2026-06-23 02:45:00,2.00013,2.00023,1.99978,1.99988,1681.0
2026-06-22 22:00:00,2026-06-22 19:00:00,2026-06-23 03:00:00,1.99995,2.00045,1.9998,2.00012,1892.0
2026-06-22 22:15:00,2026-06-22 19:15:00,2026-06-23 03:15:00,2.00013,2.00041,1.99998,2.00027,1564.0
2026-06-22 22:30:00,2026-06-22 19:30:00,2026-06-23 03:30:00,2.00029,2.00031,1.99982,1.99989,1531.0
2026-06-22 22:45:00,2026-06-22 19:45:00,2026-06-23 03:45:00,1.99989,1.99997,1.99901,1.99941,1797.0
2026-06-22 23:00:00,2026-06-22 20:00:00,2026-06-23 04:00:00,1.99938,1.99982,1.99926,1.99966,1368.0
2026-06-22 23:15:00,2026-06-22 20:15:00,2026-06-23 04:15:00,1.99969,2.00033,1.99964,2.00031,947.0
2026-06-22 23:30:00,2026-06-22 20:30:00,2026-06-23 04:30:00,2.00029,2.00047,2.00011,2.00028,782.0
2026-06-22 23:45:00,2026-06-22 20:45:00,2026-06-23 04:45:00,2.00028,2.00049,2.00001,2.00008,584.0
2026-06-23 01:00:00,2026-06-22 22:00:00,2026-06-23 06:00:00,1.99853,2.00036,1.99853,1.99966,1356.0
2026-06-23 01:15:00,2026-06-22 22:15:00,2026-06-23 06:15:00,1.99968,2.00006,1.99958,1.99995,819.0
2026-06-23 01:30:00,2026-06-22 22:30:00,2026-06-23 06:30:00,1.99995,2.00053,1.99985,2.00024,719.0
2026-06-23 01:45:00,2026-06-22 22:45:00,2026-06-23 06:45:00,2.00024,2.00038,1.99984,2.0001,701.0
2026-06-23 02:00:00,2026-06-22 23:00:00,2026-06-23 07:00:00,2.00007,2.0004,1.99979,2.00039,927.0
2026-06-23 02:15:00,2026-06-22 23:15:00,2026-06-23 07:15:00,2.0004,2.00052,2.0001,2.00019,691.0
2026-06-23 02:30:00,2026-06-22 23:30:00,2026-06-23 07:30:00,2.0002,2.00075,2.00018,2.00075,554.0
2026-06-23 02:45:00,2026-06-22 23:45:00,2026-06-23 07:45:00,2.00075,2.00117,2.00066,2.00084,986.0
2026-06-23 03:00:00,2026-06-23 00:00:00,2026-06-23 08:00:00,2.00084,2.00244,2.0008,2.00234,2378.0
2026-06-23 03:15:00,2026-06-23 00:15:00,2026-06-23 08:15:00,2.00231,2.00377,2.0022,2.00358,2099.0
2026-06-23 03:30:00,2026-06-23 00:30:00,2026-06-23 08:30:00,2.00354,2.00392,2.00283,2.00285,2338.0
2026-06-23 03:45:00,2026-06-23 00:45:00,2026-06-23 08:45:00,2.00288,2.00384,2.00256,2.0037,2611.0
2026-06-23 04:00:00,2026-06-23 01:00:00,2026-06-23 09:00:00,2.00369,2.00389,2.00294,2.00294,2193.0
2026-06-23 04:15:00,2026-06-23 01:15:00,2026-06-23 09:15:00,2.00294,2.00338,2.00264,2.00285,2595.0
2026-06-23 04:30:00,2026-06-23 01:30:00,2026-06-23 09:30:00,2.00284,2.00305,2.00224,2.00273,2439.0
2026-06-23 04:45:00,2026-06-23 01:45:00,2026-06-23 09:45:00,2.00275,2.00303,2.00227,2.00298,2715.0
2026-06-23 05:00:00,2026-06-23 02:00:00,2026-06-23 10:00:00,2.00298,2.00424,2.00279,2.00386,2577.0
2026-06-23 05:15:00,2026-06-23 02:15:00,2026-06-23 10:15:00,2.00386,2.00389,2.00248,2.00294,2213.0
2026-06-23 05:30:00,2026-06-23 02:30:00,2026-06-23 10:30:00,2.00294,2.00336,2.00218,2.00262,1845.0
2026-06-23 05:45:00,2026-06-23 02:45:00,2026-06-23 10:45:00,2.00263,2.00447,2.00258,2.00438,2325.0
2026-06-23 06:00:00,2026-06-23 03:00:00,2026-06-23 11:00:00,2.00437,2.00602,2.00373,2.00565,2463.0
2026-06-23 06:15:00,2026-06-23 03:15:00,2026-06-23 11:15:00,2.00565,2.00584,2.00484,2.00486,2483.0
2026-06-23 06:30:00,2026-06-23 03:30:00,2026-06-23 11:30:00,2.00487,2.00539,2.00429,2.0051,1860.0
2026-06-23 06:45:00,2026-06-23 03:45:00,2026-06-23 11:45:00,2.00509,2.00593,2.00405,2.0041,1730.0
2026-06-23 07:00:00,2026-06-23 04:00:00,2026-06-23 12:00:00,2.00407,2.00475,2.00393,2.0047,1868.0
2026-06-23 07:15:00,2026-06-23 04:15:00,2026-06-23 12:15:00,2.00466,2.00508,2.00451,2.00505,1728.0
2026-06-23 07:30:00,2026-06-23 04:30:00,2026-06-23 12:30:00,2.00511,2.00566,2.0051,2.00558,1590.0
2026-06-23 07:45:00,2026-06-23 04:45:00,2026-06-23 12:45:00,2.00555,2.00611,2.00534,2.0059,1489.0
2026-06-23 08:00:00,2026-06-23 05:00:00,2026-06-23 13:00:00,2.0059,2.00678,2.00584,2.0065,2275.0
2026-06-23 08:15:00,2026-06-23 05:15:00,2026-06-23 13:15:00,2.00651,2.0069,2.00612,2.00644,2025.0
2026-06-23 08:30:00,2026-06-23 05:30:00,2026-06-23 13:30:00,2.00643,2.0069,2.00591,2.00598,2487.0
2026-06-23 08:45:00,2026-06-23 05:45:00,2026-06-23 13:45:00,2.00598,2.00685,2.00588,2.00621,2362.0
2026-06-23 09:00:00,2026-06-23 06:00:00,2026-06-23 14:00:00,2.00621,2.00752,2.00616,2.00706,3102.0
2026-06-23 09:15:00,2026-06-23 06:15:00,2026-06-23 14:15:00,2.00704,2.00836,2.00657,2.00811,3072.0
2026-06-23 09:30:00,2026-06-23 06:30:00,2026-06-23 14:30:00,2.00813,2.00937,2.00797,2.00915,2955.0
2026-06-23 09:45:00,2026-06-23 06:45:00,2026-06-23 14:45:00,2.00914,2.0092,2.00839,2.00853,2753.0
2026-06-23 10:00:00,2026-06-23 07:00:00,2026-06-23 15:00:00,2.00852,2.00944,2.00846,2.00926,3874.0
2026-06-23 10:15:00,2026-06-23 07:15:00,2026-06-23 15:15:00,2.00926,2.0096,2.00877,2.0089,3255.0
2026-06-23 10:30:00,2026-06-23 07:30:00,2026-06-23 15:30:00,2.00886,2.00886,2.00698,2.00751,3820.0
2026-06-23 10:45:00,2026-06-23 07:45:00,2026-06-23 15:45:00,2.0075,2.00792,2.00705,2.00745,3441.0
2026-06-23 11:00:00,2026-06-23 08:00:00,2026-06-23 16:00:00,2.00749,2.00777,2.00639,2.00666,3781.0
2026-06-23 11:15:00,2026-06-23 08:15:00,2026-06-23 16:15:00,2.00664,2.00682,2.00631,2.00682,3244.0
2026-06-23 11:30:00,2026-06-23 08:30:00,2026-06-23 16:30:00,2.00681,2.0069,2.00614,2.00675,2925.0
2026-06-23 11:45:00,2026-06-23 08:45:00,2026-06-23 16:45:00,2.00675,2.00738,2.0062,2.00645,2715.0
2026-06-23 12:00:00,2026-06-23 09:00:00,2026-06-23 17:00:00,2.00644,2.0065,2.00506,2.00507,2945.0
2026-06-23 12:15:00,2026-06-23 09:15:00,2026-06-23 17:15:00,2.00511,2.00562,2.00481,2.00544,2501.0
2026-06-23 12:30:00,2026-06-23 09:30:00,2026-06-23 17:30:00,2.00544,2.00597,2.0048,2.00502,2388.0
2026-06-23 12:45:00,2026-06-23 09:45:00,2026-06-23 17:45:00,2.00502,2.00513,2.00438,2.00439,2160.0
2026-06-23 13:00:00,2026-06-23 10:00:00,2026-06-23 18:00:00,2.00439,2.00454,2.00367,2.00387,2220.0
2026-06-23 13:15:00,2026-06-23 10:15:00,2026-06-23 18:15:00,2.0039,2.00451,2.00369,2.00421,2434.0
2026-06-23 13:30:00,2026-06-23 10:30:00,2026-06-23 18:30:00,2.0042,2.0049,2.0042,2.00479,2396.0
2026-06-23 13:45:00,2026-06-23 10:45:00,2026-06-23 18:45:00,2.00482,2.00561,2.00478,2.00541,3058.0
2026-06-23 14:00:00,2026-06-23 11:00:00,2026-06-23 19:00:00,2.0054,2.00565,2.00472,2.00558,2710.0
2026-06-23 14:15:00,2026-06-23 11:15:00,2026-06-23 19:15:00,2.00557,2.00576,2.00485,2.00522,2631.0
2026-06-23 14:30:00,2026-06-23 11:30:00,2026-06-23 19:30:00,2.00522,2.00535,2.00486,2.00511,2539.0
2026-06-23 14:45:00,2026-06-23 11:45:00,2026-06-23 19:45:00,2.00511,2.00669,2.00501,2.00665,2701.0
2026-06-23 15:00:00,2026-06-23 12:00:00,2026-06-23 20:00:00,2.00663,2.00701,2.00567,2.00594,3199.0
2026-06-23 15:15:00,2026-06-23 12:15:00,2026-06-23 20:15:00,2.00595,2.00672,2.00551,2.00645,3072.0
2026-06-23 15:30:00,2026-06-23 12:30:00,2026-06-23 20:30:00,2.00643,2.0077,2.00611,2.0077,3137.0
2026-06-23 15:45:00,2026-06-23 12:45:00,2026-06-23 20:45:00,2.00772,2.00806,2.00731,2.00765,3080.0
2026-06-23 16:00:00,2026-06-23 13:00:00,2026-06-23 21:00:00,2.00767,2.00823,2.00691,2.00744,3262.0
2026-06-23 16:15:00,2026-06-23 13:15:00,2026-06-23 21:15:00,2.00742,2.00802,2.00698,2.00703,3309.0
2026-06-23 16:30:00,2026-06-23 13:30:00,2026-06-23 21:30:00,2.00701,2.00784,2.00672,2.00702,4561.0
2026-06-23 16:45:00,2026-06-23 13:45:00,2026-06-23 21:45:00,2.00701,2.00734,2.006,2.00618,4111.0
2026-06-23 17:00:00,2026-06-23 14:00:00,2026-06-23 22:00:00,2.00618,2.00647,2.00507,2.00514,4204.0
2026-06-23 17:15:00,2026-06-23 14:15:00,2026-06-23 22:15:00,2.00516,2.00578,2.00446,2.00503,3829.0
2026-06-23 17:30:00,2026-06-23 14:30:00,2026-06-23 22:30:00,2.00503,2.00523,2.0044,2.00473,3826.0
2026-06-23 17:45:00,2026-06-23 14:45:00,2026-06-23 22:45:00,2.00473,2.00483,2.00354,2.00406,4083.0
2026-06-23 18:00:00,2026-06-23 15:00:00,2026-06-23 23:00:00,2.00409,2.00447,2.00361,2.00405,3675.0
2026-06-23 18:15:00,2026-06-23 15:15:00,2026-06-23 23:15:00,2.00407,2.00521,2.00384,2.00505,3277.0
2026-06-23 18:30:00,2026-06-23 15:30:00,2026-06-23 23:30:00,2.00503,2.00686,2.00496,2.00666,3454.0
2026-06-23 18:45:00,2026-06-23 15:45:00,2026-06-23 23:45:00,2.00667,2.00753,2.00661,2.00718,2813.0
2026-06-23 19:00:00,2026-06-23 16:00:00,2026-06-24 00:00:00,2.00719,2.00723,2.00638,2.00649,2973.0
2026-06-23 19:15:00,2026-06-23 16:15:00,2026-06-24 00:15:00,2.00649,2.0068,2.00632,2.00661,2220.0
2026-06-23 19:30:00,2026-06-23 16:30:00,2026-06-24 00:30:00,2.00661,2.0075,2.00661,2.00722,2206.0
2026-06-23 19:45:00,2026-06-23 16:45:00,2026-06-24 00:45:00,2.00724,2.00772,2.00719,2.0076,2292.0
2026-06-23 20:00:00,2026-06-23 17:00:00,2026-06-24 01:00:00,2.00759,2.00776,2.00727,2.00738,2265.0
2026-06-23 20:15:00,2026-06-23 17:15:00,2026-06-24 01:15:00,2.00743,2.00748,2.00672,2.00726,1824.0
2026-06-23 20:30:00,2026-06-23 17:30:00,2026-06-24 01:30:00,2.00726,2.00792,2.007,2.0077,1549.0
2026-06-23 20:45:00,2026-06-23 17:45:00,2026-06-24 01:45:00,2.00774,2.00803,2.00752,2.00795,1530.0
2026-06-23 21:00:00,2026-06-23 18:00:00,2026-06-24 02:00:00,2.00794,2.00831,2.00781,2.00808,1712.0
2026-06-23 21:15:00,2026-06-23 18:15:00,2026-06-24 02:15:00,2.00808,2.00829,2.0075,2.00824,1553.0
2026-06-23 21:30:00,2026-06-23 18:30:00,2026-06-24 02:30:00,2.00826,2.00893,2.00817,2.00858,1687.0
2026-06-23 21:45:00,2026-06-23 18:45:00,2026-06-24 02:45:00,2.00856,2.00881,2.00822,2.00825,1774.0
2026-06-23 22:00:00,2026-06-23 19:00:00,2026-06-24 03:00:00,2.00825,2.00846,2.00752,2.00782,2399.0
2026-06-23 22:15:00,2026-06-23 19:15:00,2026-06-24 03:15:00,2.00783,2.00829,2.00772,2.00788,1994.0
2026-06-23 22:30:00,2026-06-23 19:30:00,2026-06-24 03:30:00,2.00788,2.00807,2.00769,2.00775,2165.0
2026-06-23 22:45:00,2026-06-23 19:45:00,2026-06-24 03:45:00,2.00773,2.00827,2.00764,2.00817,2260.0
2026-06-23 23:00:00,2026-06-23 20:00:00,2026-06-24 04:00:00,2.00821,2.00844,2.00791,2.00803,1365.0
2026-06-23 23:15:00,2026-06-23 20:15:00,2026-06-24 04:15:00,2.00803,2.00841,2.00793,2.00811,956.0
2026-06-23 23:30:00,2026-06-23 20:30:00,2026-06-24 04:30:00,2.00811,2.0083,2.00786,2.00799,769.0
2026-06-23 23:45:00,2026-06-23 20:45:00,2026-06-24 04:45:00,2.00799,2.00849,2.00791,2.00807,373.0
2026-06-24 00:00:00,2026-06-23 21:00:00,2026-06-24 05:00:00,2.00788,2.00788,2.00788,2.00788,2.0
2026-06-24 00:30:00,2026-06-23 21:30:00,2026-06-24 05:30:00,2.00702,2.00751,2.00702,2.00728,108.0
2026-06-24 00:45:00,2026-06-23 21:45:00,2026-06-24 05:45:00,2.00728,2.0073,2.00434,2.00643,390.0
2026-06-24 01:00:00,2026-06-23 22:00:00,2026-06-24 06:00:00,2.006,2.00819,2.006,2.00759,1320.0
2026-06-24 01:15:00,2026-06-23 22:15:00,2026-06-24 06:15:00,2.00758,2.00774,2.00738,2.0076,909.0
2026-06-24 01:30:00,2026-06-23 22:30:00,2026-06-24 06:30:00,2.00753,2.00792,2.00732,2.00774,893.0
2026-06-24 01:45:00,2026-06-23 22:45:00,2026-06-24 06:45:00,2.00777,2.00791,2.00754,2.00791,516.0
2026-06-24 02:00:00,2026-06-23 23:00:00,2026-06-24 07:00:00,2.00791,2.00898,2.00772,2.00871,802.0
2026-06-24 02:15:00,2026-06-23 23:15:00,2026-06-24 07:15:00,2.00875,2.00914,2.00864,2.00911,600.0
2026-06-24 02:30:00,2026-06-23 23:30:00,2026-06-24 07:30:00,2.00914,2.00989,2.00901,2.00969,951.0
2026-06-24 02:45:00,2026-06-23 23:45:00,2026-06-24 07:45:00,2.00969,2.00974,2.0087,2.00897,1576.0
2026-06-24 03:00:00,2026-06-24 00:00:00,2026-06-24 08:00:00,2.00899,2.00902,2.00741,2.00797,3507.0
2026-06-24 03:15:00,2026-06-24 00:15:00,2026-06-24 08:15:00,2.00801,2.00807,2.00725,2.00732,2969.0
2026-06-24 03:30:00,2026-06-24 00:30:00,2026-06-24 08:30:00,2.00732,2.00753,2.00701,2.00731,2547.0
2026-06-24 03:45:00,2026-06-24 00:45:00,2026-06-24 08:45:00,2.00732,2.00812,2.0069,2.00785,2664.0
2026-06-24 04:00:00,2026-06-24 01:00:00,2026-06-24 09:00:00,2.00785,2.00838,2.00735,2.00804,3184.0
2026-06-24 04:15:00,2026-06-24 01:15:00,2026-06-24 09:15:00,2.00805,2.00875,2.00757,2.00769,2763.0
2026-06-24 04:30:00,2026-06-24 01:30:00,2026-06-24 09:30:00,2.0076,2.00891,2.00736,2.00881,3017.0
2026-06-24 04:45:00,2026-06-24 01:45:00,2026-06-24 09:45:00,2.00877,2.00947,2.00847,2.00891,2492.0
2026-06-24 05:00:00,2026-06-24 02:00:00,2026-06-24 10:00:00,2.00891,2.0093,2.00876,2.00909,2150.0
2026-06-24 05:15:00,2026-06-24 02:15:00,2026-06-24 10:15:00,2.00911,2.00937,2.0088,2.00884,2026.0
2026-06-24 05:30:00,2026-06-24 02:30:00,2026-06-24 10:30:00,2.00887,2.01013,2.00862,2.01003,2128.0
2026-06-24 05:45:00,2026-06-24 02:45:00,2026-06-24 10:45:00,2.01004,2.01128,2.01002,2.01102,2585.0
2026-06-24 06:00:00,2026-06-24 03:00:00,2026-06-24 11:00:00,2.01099,2.01121,2.00974,2.01005,3053.0
2026-06-24 06:15:00,2026-06-24 03:15:00,2026-06-24 11:15:00,2.01003,2.01035,2.00941,2.00945,2697.0
2026-06-24 06:30:00,2026-06-24 03:30:00,2026-06-24 11:30:00,2.00944,2.00999,2.0093,2.00986,2584.0
2026-06-24 06:45:00,2026-06-24 03:45:00,2026-06-24 11:45:00,2.00986,2.01049,2.00979,2.01047,1921.0
2026-06-24 07:00:00,2026-06-24 04:00:00,2026-06-24 12:00:00,2.01045,2.01094,2.01035,2.01068,1812.0
2026-06-24 07:15:00,2026-06-24 04:15:00,2026-06-24 12:15:00,2.01068,2.01094,2.01028,2.01033,1607.0
2026-06-24 07:30:00,2026-06-24 04:30:00,2026-06-24 12:30:00,2.01033,2.01036,2.00944,2.00946,1824.0
2026-06-24 07:45:00,2026-06-24 04:45:00,2026-06-24 12:45:00,2.00949,2.00987,2.00925,2.00973,1374.0
2026-06-24 08:00:00,2026-06-24 05:00:00,2026-06-24 13:00:00,2.00972,2.0098,2.0089,2.00937,2007.0
2026-06-24 08:15:00,2026-06-24 05:15:00,2026-06-24 13:15:00,2.00939,2.00959,2.00892,2.00954,2227.0
2026-06-24 08:30:00,2026-06-24 05:30:00,2026-06-24 13:30:00,2.00954,2.00972,2.00896,2.00967,2136.0
2026-06-24 08:45:00,2026-06-24 05:45:00,2026-06-24 13:45:00,2.00967,2.01004,2.00938,2.00994,1854.0
2026-06-24 09:00:00,2026-06-24 06:00:00,2026-06-24 14:00:00,2.00996,2.00999,2.00882,2.00927,2557.0
2026-06-24 09:15:00,2026-06-24 06:15:00,2026-06-24 14:15:00,2.00926,2.00949,2.00887,2.00906,2578.0
2026-06-24 09:30:00,2026-06-24 06:30:00,2026-06-24 14:30:00,2.00908,2.01015,2.00871,2.01008,2587.0
2026-06-24 09:45:00,2026-06-24 06:45:00,2026-06-24 14:45:00,2.01009,2.01024,2.00967,2.00977,2724.0
2026-06-24 10:00:00,2026-06-24 07:00:00,2026-06-24 15:00:00,2.00975,2.01019,2.00864,2.009,3230.0
2026-06-24 10:15:00,2026-06-24 07:15:00,2026-06-24 15:15:00,2.009,2.00934,2.0088,2.00905,2685.0
2026-06-24 10:30:00,2026-06-24 07:30:00,2026-06-24 15:30:00,2.00904,2.00927,2.00858,2.00904,3055.0
2026-06-24 10:45:00,2026-06-24 07:45:00,2026-06-24 15:45:00,2.00907,2.01016,2.00895,2.01002,2761.0
2026-06-24 11:00:00,2026-06-24 08:00:00,2026-06-24 16:00:00,2.01002,2.01084,2.00971,2.01004,3433.0
2026-06-24 11:15:00,2026-06-24 08:15:00,2026-06-24 16:15:00,2.01003,2.01091,2.00951,2.0108,3550.0
2026-06-24 11:30:00,2026-06-24 08:30:00,2026-06-24 16:30:00,2.01079,2.01079,2.00977,2.00992,3122.0
2026-06-24 11:45:00,2026-06-24 08:45:00,2026-06-24 16:45:00,2.00994,2.01073,2.0099,2.01041,2519.0
2026-06-24 12:00:00,2026-06-24 09:00:00,2026-06-24 17:00:00,2.01038,2.01097,2.01015,2.01068,2987.0
2026-06-24 12:15:00,2026-06-24 09:15:00,2026-06-24 17:15:00,2.01066,2.01227,2.01063,2.01177,2552.0
2026-06-24 12:30:00,2026-06-24 09:30:00,2026-06-24 17:30:00,2.01175,2.01178,2.01067,2.01154,2909.0
2026-06-24 12:45:00,2026-06-24 09:45:00,2026-06-24 17:45:00,2.01155,2.0123,2.01144,2.01182,2472.0
2026-06-24 13:00:00,2026-06-24 10:00:00,2026-06-24 18:00:00,2.01182,2.01298,2.01171,2.01283,2785.0
2026-06-24 13:15:00,2026-06-24 10:15:00,2026-06-24 18:15:00,2.01283,2.01327,2.01252,2.01327,2461.0
2026-06-24 13:30:00,2026-06-24 10:30:00,2026-06-24 18:30:00,2.01326,2.01362,2.01272,2.0133,2594.0
2026-06-24 13:45:00,2026-06-24 10:45:00,2026-06-24 18:45:00,2.01332,2.01333,2.01235,2.01244,2370.0
2026-06-24 14:00:00,2026-06-24 11:00:00,2026-06-24 19:00:00,2.0124,2.01272,2.01182,2.01255,2500.0
2026-06-24 14:15:00,2026-06-24 11:15:00,2026-06-24 19:15:00,2.01253,2.01304,2.01231,2.01247,2267.0
2026-06-24 14:30:00,2026-06-24 11:30:00,2026-06-24 19:30:00,2.0125,2.0125,2.01093,2.01124,2985.0
2026-06-24 14:45:00,2026-06-24 11:45:00,2026-06-24 19:45:00,2.01121,2.01129,2.00977,2.01009,3538.0
2026-06-24 15:00:00,2026-06-24 12:00:00,2026-06-24 20:00:00,2.01008,2.01038,2.00926,2.00967,3517.0
2026-06-24 15:15:00,2026-06-24 12:15:00,2026-06-24 20:15:00,2.00967,2.01151,2.00959,2.0114,3092.0
2026-06-24 15:30:00,2026-06-24 12:30:00,2026-06-24 20:30:00,2.01139,2.01213,2.01068,2.01117,3664.0
2026-06-24 15:45:00,2026-06-24 12:45:00,2026-06-24 20:45:00,2.01117,2.01161,2.0105,2.01088,3338.0
2026-06-24 16:00:00,2026-06-24 13:00:00,2026-06-24 21:00:00,2.01089,2.01106,2.00995,2.01018,3759.0
2026-06-24 16:15:00,2026-06-24 13:15:00,2026-06-24 21:15:00,2.01021,2.01036,2.00957,2.00971,3646.0
2026-06-24 16:30:00,2026-06-24 13:30:00,2026-06-24 21:30:00,2.00975,2.01021,2.00929,2.00972,4472.0
2026-06-24 16:45:00,2026-06-24 13:45:00,2026-06-24 21:45:00,2.00976,2.01011,2.00885,2.00917,4608.0
2026-06-24 17:00:00,2026-06-24 14:00:00,2026-06-24 22:00:00,2.00918,2.01014,2.00899,2.00965,4329.0
2026-06-24 17:15:00,2026-06-24 14:15:00,2026-06-24 22:15:00,2.00967,2.01074,2.00917,2.01049,3988.0
2026-06-24 17:30:00,2026-06-24 14:30:00,2026-06-24 22:30:00,2.01046,2.01143,2.01012,2.01133,3646.0
2026-06-24 17:45:00,2026-06-24 14:45:00,2026-06-24 22:45:00,2.01133,2.01147,2.00973,2.01037,3936.0
2026-06-24 18:00:00,2026-06-24 15:00:00,2026-06-24 23:00:00,2.01035,2.01116,2.00999,2.01066,3871.0
2026-06-24 18:15:00,2026-06-24 15:15:00,2026-06-24 23:15:00,2.0107,2.01117,2.01016,2.01041,3657.0
2026-06-24 18:30:00,2026-06-24 15:30:00,2026-06-24 23:30:00,2.01039,2.01146,2.01032,2.01113,3292.0
2026-06-24 18:45:00,2026-06-24 15:45:00,2026-06-24 23:45:00,2.01114,2.01133,2.01038,2.01041,3041.0
2026-06-24 19:00:00,2026-06-24 16:00:00,2026-06-25 00:00:00,2.0104,2.01116,2.01034,2.01093,2892.0
2026-06-24 19:15:00,2026-06-24 16:15:00,2026-06-25 00:15:00,2.01093,2.01122,2.01055,2.01115,2871.0
2026-06-24 19:30:00,2026-06-24 16:30:00,2026-06-25 00:30:00,2.01115,2.0112,2.0101,2.01028,3342.0
2026-06-24 19:45:00,2026-06-24 16:45:00,2026-06-25 00:45:00,2.01028,2.01035,2.00939,2.01001,2795.0
2026-06-24 20:00:00,2026-06-24 17:00:00,2026-06-25 01:00:00,2.00998,2.011,2.0098,2.01094,2775.0
2026-06-24 20:15:00,2026-06-24 17:15:00,2026-06-25 01:15:00,2.01096,2.01176,2.0108,2.01175,3059.0
2026-06-24 20:30:00,2026-06-24 17:30:00,2026-06-25 01:30:00,2.01175,2.01231,2.01135,2.01219,3230.0
2026-06-24 20:45:00,2026-06-24 17:45:00,2026-06-25 01:45:00,2.01219,2.01309,2.01203,2.0128,3018.0
2026-06-24 21:00:00,2026-06-24 18:00:00,2026-06-25 02:00:00,2.01282,2.01353,2.01262,2.01269,3130.0
2026-06-24 21:15:00,2026-06-24 18:15:00,2026-06-25 02:15:00,2.01269,2.01294,2.01244,2.01258,2763.0
2026-06-24 21:30:00,2026-06-24 18:30:00,2026-06-25 02:30:00,2.01258,2.01322,2.01245,2.01292,2556.0
2026-06-24 21:45:00,2026-06-24 18:45:00,2026-06-25 02:45:00,2.01297,2.01364,2.01293,2.01353,2456.0
2026-06-24 22:00:00,2026-06-24 19:00:00,2026-06-25 03:00:00,2.01353,2.01393,2.01309,2.01342,2573.0
2026-06-24 22:15:00,2026-06-24 19:15:00,2026-06-25 03:15:00,2.01342,2.01355,2.01303,2.01308,2313.0
2026-06-24 22:30:00,2026-06-24 19:30:00,2026-06-25 03:30:00,2.0131,2.01319,2.01267,2.01283,2369.0
2026-06-24 22:45:00,2026-06-24 19:45:00,2026-06-25 03:45:00,2.01281,2.01281,2.01171,2.01189,2413.0
2026-06-24 23:00:00,2026-06-24 20:00:00,2026-06-25 04:00:00,2.01191,2.01207,2.01066,2.01103,3009.0
2026-06-24 23:15:00,2026-06-24 20:15:00,2026-06-25 04:15:00,2.01103,2.01118,2.01032,2.01045,1695.0
2026-06-24 23:30:00,2026-06-24 20:30:00,2026-06-25 04:30:00,2.01044,2.01052,2.0101,2.01026,1350.0
2026-06-24 23:45:00,2026-06-24 20:45:00,2026-06-25 04:45:00,2.01028,2.01067,2.01007,2.0102,757.0
2026-06-25 00:45:00,2026-06-24 21:45:00,2026-06-25 05:45:00,2.00848,2.00916,2.00848,2.00897,6.0
2026-06-25 01:00:00,2026-06-24 22:00:00,2026-06-25 06:00:00,2.01067,2.01125,2.00963,2.00993,1476.0
2026-06-25 01:15:00,2026-06-24 22:15:00,2026-06-25 06:15:00,2.00995,2.01091,2.00995,2.01089,544.0
2026-06-25 01:30:00,2026-06-24 22:30:00,2026-06-25 06:30:00,2.01087,2.01117,2.01056,2.01081,887.0
2026-06-25 01:45:00,2026-06-24 22:45:00,2026-06-25 06:45:00,2.01086,2.01124,2.01076,2.0111,639.0
2026-06-25 02:00:00,2026-06-24 23:00:00,2026-06-25 07:00:00,2.01109,2.01142,2.01085,2.01106,718.0
2026-06-25 02:15:00,2026-06-24 23:15:00,2026-06-25 07:15:00,2.01105,2.01119,2.01085,2.01105,641.0
2026-06-25 02:30:00,2026-06-24 23:30:00,2026-06-25 07:30:00,2.01108,2.01153,2.01096,2.01122,727.0
2026-06-25 02:45:00,2026-06-24 23:45:00,2026-06-25 07:45:00,2.01122,2.01185,2.0112,2.01174,979.0
2026-06-25 03:00:00,2026-06-25 00:00:00,2026-06-25 08:00:00,2.01174,2.01261,2.01158,2.01226,2656.0
2026-06-25 03:15:00,2026-06-25 00:15:00,2026-06-25 08:15:00,2.01226,2.01241,2.01151,2.01182,2286.0
2026-06-25 03:30:00,2026-06-25 00:30:00,2026-06-25 08:30:00,2.01182,2.0125,2.01168,2.01181,1855.0
2026-06-25 03:45:00,2026-06-25 00:45:00,2026-06-25 08:45:00,2.01178,2.01198,2.01102,2.01143,2348.0
2026-06-25 04:00:00,2026-06-25 01:00:00,2026-06-25 09:00:00,2.01143,2.01188,2.0108,2.01161,2974.0
2026-06-25 04:15:00,2026-06-25 01:15:00,2026-06-25 09:15:00,2.01161,2.01193,2.01078,2.01153,3125.0
2026-06-25 04:30:00,2026-06-25 01:30:00,2026-06-25 09:30:00,2.01156,2.01354,2.01122,2.01349,3335.0
2026-06-25 04:45:00,2026-06-25 01:45:00,2026-06-25 09:45:00,2.01352,2.01437,2.01322,2.01425,2532.0
2026-06-25 05:00:00,2026-06-25 02:00:00,2026-06-25 10:00:00,2.0142,2.0148,2.01346,2.01478,2393.0
2026-06-25 05:15:00,2026-06-25 02:15:00,2026-06-25 10:15:00,2.0148,2.01509,2.01419,2.01509,2253.0
2026-06-25 05:30:00,2026-06-25 02:30:00,2026-06-25 10:30:00,2.01506,2.01679,2.01505,2.01668,2163.0
2026-06-25 05:45:00,2026-06-25 02:45:00,2026-06-25 10:45:00,2.01669,2.0167,2.01518,2.01539,1806.0
2026-06-25 06:00:00,2026-06-25 03:00:00,2026-06-25 11:00:00,2.01536,2.01596,2.01524,2.01574,2088.0
2026-06-25 06:15:00,2026-06-25 03:15:00,2026-06-25 11:15:00,2.01578,2.01578,2.01503,2.01541,1973.0
2026-06-25 06:30:00,2026-06-25 03:30:00,2026-06-25 11:30:00,2.01544,2.01571,2.01499,2.01538,1616.0
2026-06-25 06:45:00,2026-06-25 03:45:00,2026-06-25 11:45:00,2.01538,2.0155,2.01447,2.01463,1641.0
2026-06-25 07:00:00,2026-06-25 04:00:00,2026-06-25 12:00:00,2.01458,2.01489,2.01429,2.01472,1665.0
2026-06-25 07:15:00,2026-06-25 04:15:00,2026-06-25 12:15:00,2.01471,2.01472,2.01366,2.01383,1568.0
2026-06-25 07:30:00,2026-06-25 04:30:00,2026-06-25 12:30:00,2.01383,2.01416,2.01348,2.01363,1154.0
2026-06-25 07:45:00,2026-06-25 04:45:00,2026-06-25 12:45:00,2.01364,2.01366,2.01253,2.01278,1070.0
2026-06-25 08:00:00,2026-06-25 05:00:00,2026-06-25 13:00:00,2.01275,2.01293,2.01199,2.01288,1709.0
2026-06-25 08:15:00,2026-06-25 05:15:00,2026-06-25 13:15:00,2.01288,2.01319,2.01275,2.01286,2108.0
2026-06-25 08:30:00,2026-06-25 05:30:00,2026-06-25 13:30:00,2.01286,2.01302,2.01208,2.01286,2007.0
2026-06-25 08:45:00,2026-06-25 05:45:00,2026-06-25 13:45:00,2.01286,2.01321,2.01273,2.01311,1843.0
2026-06-25 09:00:00,2026-06-25 06:00:00,2026-06-25 14:00:00,2.0131,2.01373,2.01257,2.01371,2191.0
2026-06-25 09:15:00,2026-06-25 06:15:00,2026-06-25 14:15:00,2.01372,2.01435,2.01365,2.01392,2353.0
2026-06-25 09:30:00,2026-06-25 06:30:00,2026-06-25 14:30:00,2.01391,2.01446,2.01297,2.01385,2798.0
2026-06-25 09:45:00,2026-06-25 06:45:00,2026-06-25 14:45:00,2.01384,2.01396,2.0134,2.01344,2565.0
2026-06-25 10:00:00,2026-06-25 07:00:00,2026-06-25 15:00:00,2.01339,2.01453,2.01324,2.01327,2812.0
2026-06-25 10:15:00,2026-06-25 07:15:00,2026-06-25 15:15:00,2.01328,2.01395,2.01284,2.01355,2927.0
2026-06-25 10:30:00,2026-06-25 07:30:00,2026-06-25 15:30:00,2.01356,2.01356,2.01267,2.01349,2352.0
2026-06-25 10:45:00,2026-06-25 07:45:00,2026-06-25 15:45:00,2.01349,2.01363,2.0126,2.01267,2367.0
2026-06-25 11:00:00,2026-06-25 08:00:00,2026-06-25 16:00:00,2.01268,2.01268,2.01174,2.01207,2920.0
2026-06-25 11:15:00,2026-06-25 08:15:00,2026-06-25 16:15:00,2.01207,2.01226,2.01161,2.01202,2569.0
2026-06-25 11:30:00,2026-06-25 08:30:00,2026-06-25 16:30:00,2.01203,2.01285,2.01188,2.0126,2478.0
2026-06-25 11:45:00,2026-06-25 08:45:00,2026-06-25 16:45:00,2.0126,2.01307,2.01228,2.01293,2470.0
2026-06-25 12:00:00,2026-06-25 09:00:00,2026-06-25 17:00:00,2.01294,2.01298,2.01223,2.01254,2323.0
2026-06-25 12:15:00,2026-06-25 09:15:00,2026-06-25 17:15:00,2.01255,2.01274,2.0121,2.01214,2144.0
2026-06-25 12:30:00,2026-06-25 09:30:00,2026-06-25 17:30:00,2.01213,2.01285,2.01209,2.0125,2314.0
2026-06-25 12:45:00,2026-06-25 09:45:00,2026-06-25 17:45:00,2.0125,2.01257,2.01162,2.01181,2106.0
2026-06-25 13:00:00,2026-06-25 10:00:00,2026-06-25 18:00:00,2.01179,2.01212,2.01151,2.01207,2172.0
2026-06-25 13:15:00,2026-06-25 10:15:00,2026-06-25 18:15:00,2.01206,2.01225,2.01181,2.01189,1810.0
2026-06-25 13:30:00,2026-06-25 10:30:00,2026-06-25 18:30:00,2.01187,2.01221,2.01152,2.01184,2113.0
2026-06-25 13:45:00,2026-06-25 10:45:00,2026-06-25 18:45:00,2.01182,2.01209,2.01147,2.01165,2084.0
2026-06-25 14:00:00,2026-06-25 11:00:00,2026-06-25 19:00:00,2.01163,2.01191,2.01123,2.01172,1849.0
2026-06-25 14:15:00,2026-06-25 11:15:00,2026-06-25 19:15:00,2.01172,2.01188,2.01076,2.01116,2077.0
2026-06-25 14:30:00,2026-06-25 11:30:00,2026-06-25 19:30:00,2.01115,2.01155,2.0108,2.0112,2279.0
2026-06-25 14:45:00,2026-06-25 11:45:00,2026-06-25 19:45:00,2.01115,2.01162,2.01097,2.01155,2403.0
2026-06-25 15:00:00,2026-06-25 12:00:00,2026-06-25 20:00:00,2.01157,2.01218,2.01125,2.0121,2333.0
2026-06-25 15:15:00,2026-06-25 12:15:00,2026-06-25 20:15:00,2.0121,2.01267,2.01193,2.01204,2358.0
2026-06-25 15:30:00,2026-06-25 12:30:00,2026-06-25 20:30:00,2.01204,2.01248,2.01091,2.01109,4868.0
2026-06-25 15:45:00,2026-06-25 12:45:00,2026-06-25 20:45:00,2.01108,2.01164,2.01017,2.0112,4087.0
2026-06-25 16:00:00,2026-06-25 13:00:00,2026-06-25 21:00:00,2.01121,2.01212,2.01056,2.01186,3442.0
2026-06-25 16:15:00,2026-06-25 13:15:00,2026-06-25 21:15:00,2.01189,2.01239,2.01158,2.01188,3347.0
2026-06-25 16:30:00,2026-06-25 13:30:00,2026-06-25 21:30:00,2.01191,2.01293,2.01172,2.01279,4288.0
2026-06-25 16:45:00,2026-06-25 13:45:00,2026-06-25 21:45:00,2.01276,2.0138,2.01241,2.01368,4921.0
2026-06-25 17:00:00,2026-06-25 14:00:00,2026-06-25 22:00:00,2.0137,2.01373,2.01193,2.01334,5069.0
2026-06-25 17:15:00,2026-06-25 14:15:00,2026-06-25 22:15:00,2.01333,2.01512,2.01304,2.01463,4549.0
2026-06-25 17:30:00,2026-06-25 14:30:00,2026-06-25 22:30:00,2.01463,2.01592,2.01437,2.01571,4283.0
2026-06-25 17:45:00,2026-06-25 14:45:00,2026-06-25 22:45:00,2.01564,2.01599,2.01313,2.0133,4257.0
2026-06-25 18:00:00,2026-06-25 15:00:00,2026-06-25 23:00:00,2.0133,2.01351,2.01257,2.01345,4285.0
2026-06-25 18:15:00,2026-06-25 15:15:00,2026-06-25 23:15:00,2.01343,2.014,2.01228,2.01321,4411.0
2026-06-25 18:30:00,2026-06-25 15:30:00,2026-06-25 23:30:00,2.01319,2.01349,2.01279,2.0131,3678.0
2026-06-25 18:45:00,2026-06-25 15:45:00,2026-06-25 23:45:00,2.01309,2.01328,2.01189,2.01214,3584.0
2026-06-25 19:00:00,2026-06-25 16:00:00,2026-06-26 00:00:00,2.01207,2.01224,2.01129,2.01158,3187.0
2026-06-25 19:15:00,2026-06-25 16:15:00,2026-06-26 00:15:00,2.01158,2.01162,2.01094,2.01151,2821.0
2026-06-25 19:30:00,2026-06-25 16:30:00,2026-06-26 00:30:00,2.01151,2.01255,2.01149,2.0124,2924.0
2026-06-25 19:45:00,2026-06-25 16:45:00,2026-06-26 00:45:00,2.0124,2.01266,2.01212,2.01226,2833.0
2026-06-25 20:00:00,2026-06-25 17:00:00,2026-06-26 01:00:00,2.01227,2.01274,2.01206,2.01243,2706.0
2026-06-25 20:15:00,2026-06-25 17:15:00,2026-06-26 01:15:00,2.01242,2.01252,2.01192,2.01239,2314.0
2026-06-25 20:30:00,2026-06-25 17:30:00,2026-06-26 01:30:00,2.0124,2.01295,2.01229,2.01293,2024.0
2026-06-25 20:45:00,2026-06-25 17:45:00,2026-06-26 01:45:00,2.01293,2.01329,2.01244,2.01274,2085.0
2026-06-25 21:00:00,2026-06-25 18:00:00,2026-06-26 02:00:00,2.0127,2.01406,2.01264,2.01328,3025.0
2026-06-25 21:15:00,2026-06-25 18:15:00,2026-06-26 02:15:00,2.01327,2.01337,2.01267,2.01284,2380.0
2026-06-25 21:30:00,2026-06-25 18:30:00,2026-06-26 02:30:00,2.01282,2.01365,2.01277,2.01348,2576.0
2026-06-25 21:45:00,2026-06-25 18:45:00,2026-06-26 02:45:00,2.01348,2.01381,2.01297,2.01306,2070.0
2026-06-25 22:00:00,2026-06-25 19:00:00,2026-06-26 03:00:00,2.01307,2.01359,2.01304,2.01333,2008.0
2026-06-25 22:15:00,2026-06-25 19:15:00,2026-06-26 03:15:00,2.01333,2.01356,2.01314,2.01333,2279.0
2026-06-25 22:30:00,2026-06-25 19:30:00,2026-06-26 03:30:00,2.01331,2.01368,2.01312,2.01344,2411.0
2026-06-25 22:45:00,2026-06-25 19:45:00,2026-06-26 03:45:00,2.01347,2.0139,2.01328,2.01329,2836.0
2026-06-25 23:00:00,2026-06-25 20:00:00,2026-06-26 04:00:00,2.0133,2.01357,2.01292,2.01336,1979.0
2026-06-25 23:15:00,2026-06-25 20:15:00,2026-06-26 04:15:00,2.0134,2.01362,2.0128,2.01357,1085.0
2026-06-25 23:30:00,2026-06-25 20:30:00,2026-06-26 04:30:00,2.01359,2.01382,2.01348,2.01352,863.0
2026-06-25 23:45:00,2026-06-25 20:45:00,2026-06-26 04:45:00,2.0135,2.01362,2.01318,2.01318,333.0
2026-06-26 01:00:00,2026-06-25 22:00:00,2026-06-26 06:00:00,2.01188,2.01396,2.01177,2.01368,1357.0
2026-06-26 01:15:00,2026-06-25 22:15:00,2026-06-26 06:15:00,2.01372,2.01372,2.01297,2.01299,1195.0
2026-06-26 01:30:00,2026-06-25 22:30:00,2026-06-26 06:30:00,2.01301,2.01341,2.013,2.01341,1070.0
2026-06-26 01:45:00,2026-06-25 22:45:00,2026-06-26 06:45:00,2.01337,2.01349,2.01256,2.01313,1271.0
2026-06-26 02:00:00,2026-06-25 23:00:00,2026-06-26 07:00:00,2.01311,2.0134,2.01292,2.01314,1552.0
2026-06-26 02:15:00,2026-06-25 23:15:00,2026-06-26 07:15:00,2.01312,2.01338,2.01284,2.01335,1216.0
2026-06-26 02:30:00,2026-06-25 23:30:00,2026-06-26 07:30:00,2.01334,2.01373,2.01315,2.01353,1230.0
2026-06-26 02:45:00,2026-06-25 23:45:00,2026-06-26 07:45:00,2.01353,2.01368,2.01319,2.01348,1343.0
2026-06-26 03:00:00,2026-06-26 00:00:00,2026-06-26 08:00:00,2.01351,2.01372,2.01298,2.0133,2879.0
2026-06-26 03:15:00,2026-06-26 00:15:00,2026-06-26 08:15:00,2.01331,2.01381,2.01291,2.01351,2606.0
2026-06-26 03:30:00,2026-06-26 00:30:00,2026-06-26 08:30:00,2.01353,2.01373,2.01312,2.01364,2684.0
2026-06-26 03:45:00,2026-06-26 00:45:00,2026-06-26 08:45:00,2.01357,2.01437,2.01333,2.01424,2399.0
2026-06-26 04:00:00,2026-06-26 01:00:00,2026-06-26 09:00:00,2.01423,2.01452,2.01346,2.01412,2753.0
2026-06-26 04:15:00,2026-06-26 01:15:00,2026-06-26 09:15:00,2.01412,2.01416,2.01317,2.0133,2292.0
2026-06-26 04:30:00,2026-06-26 01:30:00,2026-06-26 09:30:00,2.0133,2.01451,2.01308,2.01435,3070.0
2026-06-26 04:45:00,2026-06-26 01:45:00,2026-06-26 09:45:00,2.01434,2.01485,2.01407,2.01416,2515.0
2026-06-26 05:00:00,2026-06-26 02:00:00,2026-06-26 10:00:00,2.01413,2.01586,2.01404,2.0157,2502.0
2026-06-26 05:15:00,2026-06-26 02:15:00,2026-06-26 10:15:00,2.01568,2.01798,2.01568,2.01784,2491.0
2026-06-26 05:30:00,2026-06-26 02:30:00,2026-06-26 10:30:00,2.01781,2.01787,2.0164,2.01667,2461.0
2026-06-26 05:45:00,2026-06-26 02:45:00,2026-06-26 10:45:00,2.01664,2.01729,2.01625,2.01651,2626.0
2026-06-26 06:00:00,2026-06-26 03:00:00,2026-06-26 11:00:00,2.01652,2.017,2.01627,2.01632,2586.0
2026-06-26 06:15:00,2026-06-26 03:15:00,2026-06-26 11:15:00,2.01633,2.01686,2.01607,2.01657,1719.0
2026-06-26 06:30:00,2026-06-26 03:30:00,2026-06-26 11:30:00,2.01657,2.01698,2.01624,2.01628,2249.0
2026-06-26 06:45:00,2026-06-26 03:45:00,2026-06-26 11:45:00,2.01629,2.01668,2.0159,2.01603,2752.0
2026-06-26 07:00:00,2026-06-26 04:00:00,2026-06-26 12:00:00,2.01605,2.0161,2.01531,2.01568,2583.0
2026-06-26 07:15:00,2026-06-26 04:15:00,2026-06-26 12:15:00,2.01568,2.01612,2.01517,2.01597,2004.0
2026-06-26 07:30:00,2026-06-26 04:30:00,2026-06-26 12:30:00,2.01597,2.01648,2.01586,2.01622,2007.0
2026-06-26 07:45:00,2026-06-26 04:45:00,2026-06-26 12:45:00,2.01622,2.01696,2.01607,2.01677,1904.0
2026-06-26 08:00:00,2026-06-26 05:00:00,2026-06-26 13:00:00,2.01673,2.01686,2.01564,2.0157,2146.0
2026-06-26 08:15:00,2026-06-26 05:15:00,2026-06-26 13:15:00,2.01568,2.01593,2.01492,2.01496,2049.0
2026-06-26 08:30:00,2026-06-26 05:30:00,2026-06-26 13:30:00,2.01496,2.01569,2.01472,2.01554,2506.0
2026-06-26 08:45:00,2026-06-26 05:45:00,2026-06-26 13:45:00,2.01553,2.01595,2.0147,2.01474,2363.0
2026-06-26 09:00:00,2026-06-26 06:00:00,2026-06-26 14:00:00,2.01481,2.01589,2.01477,2.01523,2793.0
2026-06-26 09:15:00,2026-06-26 06:15:00,2026-06-26 14:15:00,2.01524,2.01544,2.01482,2.01526,2701.0
2026-06-26 09:30:00,2026-06-26 06:30:00,2026-06-26 14:30:00,2.01526,2.0155,2.01448,2.01454,2823.0
2026-06-26 09:45:00,2026-06-26 06:45:00,2026-06-26 14:45:00,2.01453,2.01463,2.01342,2.01413,2743.0
2026-06-26 10:00:00,2026-06-26 07:00:00,2026-06-26 15:00:00,2.01415,2.01484,2.01402,2.01445,2908.0
2026-06-26 10:15:00,2026-06-26 07:15:00,2026-06-26 15:15:00,2.01446,2.01521,2.01432,2.01491,2754.0
2026-06-26 10:30:00,2026-06-26 07:30:00,2026-06-26 15:30:00,2.01493,2.01583,2.01487,2.01571,2576.0
2026-06-26 10:45:00,2026-06-26 07:45:00,2026-06-26 15:45:00,2.01571,2.01702,2.01567,2.0167,2394.0
2026-06-26 11:00:00,2026-06-26 08:00:00,2026-06-26 16:00:00,2.01668,2.01729,2.01643,2.01711,3471.0
2026-06-26 11:15:00,2026-06-26 08:15:00,2026-06-26 16:15:00,2.01711,2.01734,2.0163,2.01677,3087.0
2026-06-26 11:30:00,2026-06-26 08:30:00,2026-06-26 16:30:00,2.01675,2.01828,2.0166,2.01816,2884.0
2026-06-26 11:45:00,2026-06-26 08:45:00,2026-06-26 16:45:00,2.01816,2.01833,2.01744,2.0178,3182.0
2026-06-26 12:00:00,2026-06-26 09:00:00,2026-06-26 17:00:00,2.01778,2.01816,2.01711,2.01741,2910.0
2026-06-26 12:15:00,2026-06-26 09:15:00,2026-06-26 17:15:00,2.01741,2.01754,2.01659,2.01719,2905.0
2026-06-26 12:30:00,2026-06-26 09:30:00,2026-06-26 17:30:00,2.01719,2.01769,2.0166,2.01705,2433.0
2026-06-26 12:45:00,2026-06-26 09:45:00,2026-06-26 17:45:00,2.01707,2.01776,2.01686,2.01763,2746.0
2026-06-26 13:00:00,2026-06-26 10:00:00,2026-06-26 18:00:00,2.01767,2.01801,2.01692,2.01695,2759.0
2026-06-26 13:15:00,2026-06-26 10:15:00,2026-06-26 18:15:00,2.01695,2.01755,2.01695,2.01723,2265.0
2026-06-26 13:30:00,2026-06-26 10:30:00,2026-06-26 18:30:00,2.01723,2.01749,2.01674,2.01703,2518.0
2026-06-26 13:45:00,2026-06-26 10:45:00,2026-06-26 18:45:00,2.01703,2.01723,2.01671,2.0168,2312.0
2026-06-26 14:00:00,2026-06-26 11:00:00,2026-06-26 19:00:00,2.01676,2.0173,2.01666,2.01725,2640.0
2026-06-26 14:15:00,2026-06-26 11:15:00,2026-06-26 19:15:00,2.01725,2.01785,2.01695,2.01777,2497.0
2026-06-26 14:30:00,2026-06-26 11:30:00,2026-06-26 19:30:00,2.01775,2.01778,2.01694,2.01748,2625.0
2026-06-26 14:45:00,2026-06-26 11:45:00,2026-06-26 19:45:00,2.01745,2.01816,2.01718,2.01806,2600.0
2026-06-26 15:00:00,2026-06-26 12:00:00,2026-06-26 20:00:00,2.01811,2.01835,2.0178,2.01802,2716.0
2026-06-26 15:15:00,2026-06-26 12:15:00,2026-06-26 20:15:00,2.01801,2.01903,2.01767,2.0188,2810.0
2026-06-26 15:30:00,2026-06-26 12:30:00,2026-06-26 20:30:00,2.01877,2.02042,2.01871,2.02013,2981.0
2026-06-26 15:45:00,2026-06-26 12:45:00,2026-06-26 20:45:00,2.02013,2.02251,2.01988,2.02202,3746.0
2026-06-26 16:00:00,2026-06-26 13:00:00,2026-06-26 21:00:00,2.02206,2.02206,2.01939,2.01959,3977.0
2026-06-26 16:15:00,2026-06-26 13:15:00,2026-06-26 21:15:00,2.01959,2.02124,2.01946,2.02089,3922.0
2026-06-26 16:30:00,2026-06-26 13:30:00,2026-06-26 21:30:00,2.02091,2.02193,2.02021,2.02035,4335.0
2026-06-26 16:45:00,2026-06-26 13:45:00,2026-06-26 21:45:00,2.02035,2.02091,2.01989,2.0204,4003.0
2026-06-26 17:00:00,2026-06-26 14:00:00,2026-06-26 22:00:00,2.02022,2.02038,2.01917,2.01955,3977.0
2026-06-26 17:15:00,2026-06-26 14:15:00,2026-06-26 22:15:00,2.01954,2.02003,2.01863,2.01879,3550.0
2026-06-26 17:30:00,2026-06-26 14:30:00,2026-06-26 22:30:00,2.01879,2.02007,2.01878,2.01997,3396.0
2026-06-26 17:45:00,2026-06-26 14:45:00,2026-06-26 22:45:00,2.01997,2.01999,2.01778,2.01786,4409.0
2026-06-26 18:00:00,2026-06-26 15:00:00,2026-06-26 23:00:00,2.0179,2.01929,2.01756,2.01913,3905.0
2026-06-26 18:15:00,2026-06-26 15:15:00,2026-06-26 23:15:00,2.01912,2.01929,2.0184,2.01855,3167.0
2026-06-26 18:30:00,2026-06-26 15:30:00,2026-06-26 23:30:00,2.01855,2.01859,2.01773,2.01787,3075.0
2026-06-26 18:45:00,2026-06-26 15:45:00,2026-06-26 23:45:00,2.01787,2.0187,2.01754,2.01834,3503.0
2026-06-26 19:00:00,2026-06-26 16:00:00,2026-06-27 00:00:00,2.01833,2.01887,2.0179,2.01843,2617.0
2026-06-26 19:15:00,2026-06-26 16:15:00,2026-06-27 00:15:00,2.01843,2.01865,2.01794,2.01818,2869.0
2026-06-26 19:30:00,2026-06-26 16:30:00,2026-06-27 00:30:00,2.01819,2.01855,2.01786,2.01855,2799.0
2026-06-26 19:45:00,2026-06-26 16:45:00,2026-06-27 00:45:00,2.01855,2.01905,2.01841,2.01889,2059.0
2026-06-26 20:00:00,2026-06-26 17:00:00,2026-06-27 01:00:00,2.01891,2.01903,2.01853,2.01882,1744.0
2026-06-26 20:15:00,2026-06-26 17:15:00,2026-06-27 01:15:00,2.01883,2.01929,2.01877,2.01887,1792.0
2026-06-26 20:30:00,2026-06-26 17:30:00,2026-06-27 01:30:00,2.01887,2.01934,2.01864,2.01904,2228.0
2026-06-26 20:45:00,2026-06-26 17:45:00,2026-06-27 01:45:00,2.01904,2.01912,2.01874,2.01889,1500.0
2026-06-26 21:00:00,2026-06-26 18:00:00,2026-06-27 02:00:00,2.0189,2.01934,2.01869,2.01929,1836.0
2026-06-26 21:15:00,2026-06-26 18:15:00,2026-06-27 02:15:00,2.01929,2.01955,2.01905,2.01948,1555.0
2026-06-26 21:30:00,2026-06-26 18:30:00,2026-06-27 02:30:00,2.01947,2.01959,2.01921,2.01952,1229.0
2026-06-26 21:45:00,2026-06-26 18:45:00,2026-06-27 02:45:00,2.01952,2.02009,2.01947,2.01968,1552.0
2026-06-26 22:00:00,2026-06-26 19:00:00,2026-06-27 03:00:00,2.01972,2.01986,2.0193,2.01931,1440.0
2026-06-26 22:15:00,2026-06-26 19:15:00,2026-06-27 03:15:00,2.01927,2.01937,2.01893,2.01909,1614.0
2026-06-26 22:30:00,2026-06-26 19:30:00,2026-06-27 03:30:00,2.01905,2.01919,2.01863,2.01878,1498.0
2026-06-26 22:45:00,2026-06-26 19:45:00,2026-06-27 03:45:00,2.01874,2.01905,2.01848,2.0189,1950.0
2026-06-26 23:00:00,2026-06-26 20:00:00,2026-06-27 04:00:00,2.0188,2.0192,2.01867,2.01891,1755.0
2026-06-26 23:15:00,2026-06-26 20:15:00,2026-06-27 04:15:00,2.01891,2.01921,2.01875,2.01907,1315.0
2026-06-26 23:30:00,2026-06-26 20:30:00,2026-06-27 04:30:00,2.01907,2.02007,2.01902,2.01935,2565.0
2026-06-26 23:45:00,2026-06-26 20:45:00,2026-06-27 04:45:00,2.01934,2.01976,2.01903,2.01926,1178.0
2026-06-29 00:15:00,2026-06-28 21:15:00,2026-06-29 05:15:00,2.01622,2.01622,2.01622,2.01622,2.0
2026-06-29 01:00:00,2026-06-28 22:00:00,2026-06-29 06:00:00,2.01597,2.01896,2.01597,2.01816,961.0
2026-06-29 01:15:00,2026-06-28 22:15:00,2026-06-29 06:15:00,2.01815,2.01859,2.01809,2.01845,974.0
2026-06-29 01:30:00,2026-06-28 22:30:00,2026-06-29 06:30:00,2.01836,2.01858,2.01809,2.0182,618.0
2026-06-29 01:45:00,2026-06-28 22:45:00,2026-06-29 06:45:00,2.01818,2.01896,2.01813,2.01893,583.0
2026-06-29 02:00:00,2026-06-28 23:00:00,2026-06-29 07:00:00,2.01893,2.01917,2.01825,2.01858,1090.0
2026-06-29 02:15:00,2026-06-28 23:15:00,2026-06-29 07:15:00,2.01858,2.0187,2.01829,2.01831,755.0
2026-06-29 02:30:00,2026-06-28 23:30:00,2026-06-29 07:30:00,2.01832,2.01847,2.01788,2.01801,796.0
2026-06-29 02:45:00,2026-06-28 23:45:00,2026-06-29 07:45:00,2.01802,2.01866,2.01802,2.01863,1168.0
2026-06-29 03:00:00,2026-06-29 00:00:00,2026-06-29 08:00:00,2.01867,2.01999,2.01859,2.01992,3478.0
2026-06-29 03:15:00,2026-06-29 00:15:00,2026-06-29 08:15:00,2.01992,2.02119,2.01961,2.02119,2907.0
2026-06-29 03:30:00,2026-06-29 00:30:00,2026-06-29 08:30:00,2.02117,2.02121,2.02041,2.02064,2848.0
2026-06-29 03:45:00,2026-06-29 00:45:00,2026-06-29 08:45:00,2.02067,2.02154,2.02053,2.02063,2833.0
2026-06-29 04:00:00,2026-06-29 01:00:00,2026-06-29 09:00:00,2.02061,2.02114,2.01965,2.02013,2774.0
2026-06-29 04:15:00,2026-06-29 01:15:00,2026-06-29 09:15:00,2.02013,2.02019,2.01911,2.01974,2803.0
2026-06-29 04:30:00,2026-06-29 01:30:00,2026-06-29 09:30:00,2.01974,2.02017,2.01839,2.01872,3174.0
2026-06-29 04:45:00,2026-06-29 01:45:00,2026-06-29 09:45:00,2.0187,2.01914,2.01831,2.0187,2688.0
2026-06-29 05:00:00,2026-06-29 02:00:00,2026-06-29 10:00:00,2.01867,2.01891,2.01824,2.01878,2676.0
2026-06-29 05:15:00,2026-06-29 02:15:00,2026-06-29 10:15:00,2.01877,2.01895,2.01758,2.01772,2804.0
2026-06-29 05:30:00,2026-06-29 02:30:00,2026-06-29 10:30:00,2.01774,2.01807,2.0173,2.01744,2342.0
2026-06-29 05:45:00,2026-06-29 02:45:00,2026-06-29 10:45:00,2.01743,2.01836,2.01726,2.0182,1747.0
2026-06-29 06:00:00,2026-06-29 03:00:00,2026-06-29 11:00:00,2.01817,2.01817,2.0173,2.01741,1562.0
2026-06-29 06:15:00,2026-06-29 03:15:00,2026-06-29 11:15:00,2.01739,2.01768,2.01689,2.01694,1474.0
2026-06-29 06:30:00,2026-06-29 03:30:00,2026-06-29 11:30:00,2.01691,2.01757,2.01668,2.01714,1950.0
2026-06-29 06:45:00,2026-06-29 03:45:00,2026-06-29 11:45:00,2.01714,2.01746,2.01682,2.01709,1637.0
2026-06-29 07:00:00,2026-06-29 04:00:00,2026-06-29 12:00:00,2.01707,2.01733,2.01653,2.01658,1656.0
2026-06-29 07:15:00,2026-06-29 04:15:00,2026-06-29 12:15:00,2.01659,2.01695,2.01642,2.01656,1370.0
2026-06-29 07:30:00,2026-06-29 04:30:00,2026-06-29 12:30:00,2.01655,2.01688,2.01631,2.01656,1374.0
2026-06-29 07:45:00,2026-06-29 04:45:00,2026-06-29 12:45:00,2.01656,2.01694,2.0163,2.01686,1651.0
2026-06-29 08:00:00,2026-06-29 05:00:00,2026-06-29 13:00:00,2.01688,2.01706,2.01633,2.01653,2144.0
2026-06-29 08:15:00,2026-06-29 05:15:00,2026-06-29 13:15:00,2.01653,2.01686,2.01621,2.01667,1740.0
2026-06-29 08:30:00,2026-06-29 05:30:00,2026-06-29 13:30:00,2.01665,2.01691,2.01634,2.01636,2188.0
2026-06-29 08:45:00,2026-06-29 05:45:00,2026-06-29 13:45:00,2.01635,2.01701,2.01574,2.01594,2149.0
2026-06-29 09:00:00,2026-06-29 06:00:00,2026-06-29 14:00:00,2.01592,2.01642,2.0158,2.01593,2464.0
2026-06-29 09:15:00,2026-06-29 06:15:00,2026-06-29 14:15:00,2.01591,2.0161,2.01522,2.01536,2210.0
2026-06-29 09:30:00,2026-06-29 06:30:00,2026-06-29 14:30:00,2.01538,2.01642,2.01519,2.01575,2448.0
2026-06-29 09:45:00,2026-06-29 06:45:00,2026-06-29 14:45:00,2.01575,2.01737,2.01564,2.01706,2887.0
2026-06-29 10:00:00,2026-06-29 07:00:00,2026-06-29 15:00:00,2.01701,2.01744,2.01684,2.01701,3094.0
2026-06-29 10:15:00,2026-06-29 07:15:00,2026-06-29 15:15:00,2.01703,2.01738,2.01656,2.01688,2649.0
2026-06-29 10:30:00,2026-06-29 07:30:00,2026-06-29 15:30:00,2.01687,2.01724,2.01642,2.01653,2332.0
2026-06-29 10:45:00,2026-06-29 07:45:00,2026-06-29 15:45:00,2.01654,2.01685,2.01628,2.01683,2704.0
2026-06-29 11:00:00,2026-06-29 08:00:00,2026-06-29 16:00:00,2.01682,2.01763,2.01675,2.01756,2850.0
2026-06-29 11:15:00,2026-06-29 08:15:00,2026-06-29 16:15:00,2.01755,2.01812,2.01745,2.0181,2669.0
2026-06-29 11:30:00,2026-06-29 08:30:00,2026-06-29 16:30:00,2.01809,2.01812,2.01707,2.01733,2494.0
2026-06-29 11:45:00,2026-06-29 08:45:00,2026-06-29 16:45:00,2.01731,2.01763,2.01692,2.01733,2477.0
2026-06-29 12:00:00,2026-06-29 09:00:00,2026-06-29 17:00:00,2.01733,2.01773,2.0167,2.01743,2447.0
2026-06-29 12:15:00,2026-06-29 09:15:00,2026-06-29 17:15:00,2.01742,2.01817,2.01723,2.01762,2398.0
2026-06-29 12:30:00,2026-06-29 09:30:00,2026-06-29 17:30:00,2.01759,2.01808,2.01756,2.01785,2464.0
2026-06-29 12:45:00,2026-06-29 09:45:00,2026-06-29 17:45:00,2.01785,2.01817,2.01772,2.01793,2536.0
2026-06-29 13:00:00,2026-06-29 10:00:00,2026-06-29 18:00:00,2.01792,2.0181,2.01766,2.01786,2325.0
2026-06-29 13:15:00,2026-06-29 10:15:00,2026-06-29 18:15:00,2.01787,2.01799,2.01737,2.01752,1863.0
2026-06-29 13:30:00,2026-06-29 10:30:00,2026-06-29 18:30:00,2.01752,2.01786,2.01719,2.01727,1909.0
2026-06-29 13:45:00,2026-06-29 10:45:00,2026-06-29 18:45:00,2.01725,2.01743,2.01688,2.01714,2305.0
2026-06-29 14:00:00,2026-06-29 11:00:00,2026-06-29 19:00:00,2.01713,2.01774,2.01676,2.0177,2513.0
2026-06-29 14:15:00,2026-06-29 11:15:00,2026-06-29 19:15:00,2.01769,2.01773,2.01712,2.01728,2097.0
2026-06-29 14:30:00,2026-06-29 11:30:00,2026-06-29 19:30:00,2.01726,2.01762,2.01673,2.017,2348.0
2026-06-29 14:45:00,2026-06-29 11:45:00,2026-06-29 19:45:00,2.017,2.01766,2.01661,2.01739,2574.0
2026-06-29 15:00:00,2026-06-29 12:00:00,2026-06-29 20:00:00,2.01744,2.01774,2.01706,2.0173,2480.0
2026-06-29 15:15:00,2026-06-29 12:15:00,2026-06-29 20:15:00,2.01729,2.01815,2.01677,2.01814,2717.0
2026-06-29 15:30:00,2026-06-29 12:30:00,2026-06-29 20:30:00,2.01812,2.01887,2.01763,2.01874,2688.0
2026-06-29 15:45:00,2026-06-29 12:45:00,2026-06-29 20:45:00,2.01875,2.01878,2.01793,2.01799,2348.0
2026-06-29 16:00:00,2026-06-29 13:00:00,2026-06-29 21:00:00,2.01793,2.01847,2.01781,2.01837,2484.0
2026-06-29 16:15:00,2026-06-29 13:15:00,2026-06-29 21:15:00,2.01835,2.01864,2.01787,2.01819,2608.0
2026-06-29 16:30:00,2026-06-29 13:30:00,2026-06-29 21:30:00,2.01819,2.01889,2.01805,2.01828,3570.0
2026-06-29 16:45:00,2026-06-29 13:45:00,2026-06-29 21:45:00,2.01826,2.02011,2.01824,2.01989,3686.0
2026-06-29 17:00:00,2026-06-29 14:00:00,2026-06-29 22:00:00,2.0199,2.02209,2.0197,2.02208,4047.0
2026-06-29 17:15:00,2026-06-29 14:15:00,2026-06-29 22:15:00,2.0221,2.02316,2.02182,2.02241,4522.0
2026-06-29 17:30:00,2026-06-29 14:30:00,2026-06-29 22:30:00,2.02239,2.02371,2.02224,2.02284,3863.0
2026-06-29 17:45:00,2026-06-29 14:45:00,2026-06-29 22:45:00,2.02283,2.02367,2.0224,2.02347,4084.0
2026-06-29 18:00:00,2026-06-29 15:00:00,2026-06-29 23:00:00,2.02349,2.02363,2.02257,2.02265,3368.0
2026-06-29 18:15:00,2026-06-29 15:15:00,2026-06-29 23:15:00,2.02267,2.0229,2.02206,2.02272,3170.0
2026-06-29 18:30:00,2026-06-29 15:30:00,2026-06-29 23:30:00,2.02272,2.02363,2.02255,2.02276,2965.0
2026-06-29 18:45:00,2026-06-29 15:45:00,2026-06-29 23:45:00,2.02272,2.02308,2.02233,2.02243,2739.0
2026-06-29 19:00:00,2026-06-29 16:00:00,2026-06-30 00:00:00,2.02241,2.0225,2.02185,2.02191,2685.0
2026-06-29 19:15:00,2026-06-29 16:15:00,2026-06-30 00:15:00,2.02193,2.02206,2.02173,2.02189,1929.0
2026-06-29 19:30:00,2026-06-29 16:30:00,2026-06-30 00:30:00,2.02189,2.02209,2.02124,2.02137,2003.0
2026-06-29 19:45:00,2026-06-29 16:45:00,2026-06-30 00:45:00,2.02139,2.02206,2.02123,2.02185,2103.0
2026-06-29 20:00:00,2026-06-29 17:00:00,2026-06-30 01:00:00,2.02183,2.02196,2.0216,2.02163,1635.0
2026-06-29 20:15:00,2026-06-29 17:15:00,2026-06-30 01:15:00,2.02162,2.02189,2.02144,2.02155,1749.0
2026-06-29 20:30:00,2026-06-29 17:30:00,2026-06-30 01:30:00,2.02154,2.02184,2.02147,2.02176,1607.0
2026-06-29 20:45:00,2026-06-29 17:45:00,2026-06-30 01:45:00,2.02176,2.02198,2.02164,2.02175,1562.0
2026-06-29 21:00:00,2026-06-29 18:00:00,2026-06-30 02:00:00,2.02171,2.02174,2.02131,2.02165,1689.0
2026-06-29 21:15:00,2026-06-29 18:15:00,2026-06-30 02:15:00,2.02165,2.02181,2.02142,2.02168,1457.0
2026-06-29 21:30:00,2026-06-29 18:30:00,2026-06-30 02:30:00,2.02167,2.02174,2.02115,2.02119,1421.0
2026-06-29 21:45:00,2026-06-29 18:45:00,2026-06-30 02:45:00,2.02119,2.02126,2.02083,2.021,1259.0
2026-06-29 22:00:00,2026-06-29 19:00:00,2026-06-30 03:00:00,2.021,2.0212,2.02093,2.02109,1476.0
2026-06-29 22:15:00,2026-06-29 19:15:00,2026-06-30 03:15:00,2.0211,2.02111,2.02075,2.02096,1303.0
2026-06-29 22:30:00,2026-06-29 19:30:00,2026-06-30 03:30:00,2.02094,2.02098,2.02062,2.02073,1537.0
2026-06-29 22:45:00,2026-06-29 19:45:00,2026-06-30 03:45:00,2.02073,2.02116,2.02059,2.02078,1502.0
2026-06-29 23:00:00,2026-06-29 20:00:00,2026-06-30 04:00:00,2.02077,2.0214,2.02076,2.02109,1095.0
2026-06-29 23:15:00,2026-06-29 20:15:00,2026-06-30 04:15:00,2.02111,2.02132,2.02102,2.02124,836.0
2026-06-29 23:30:00,2026-06-29 20:30:00,2026-06-30 04:30:00,2.02125,2.0213,2.02103,2.02126,689.0
2026-06-29 23:45:00,2026-06-29 20:45:00,2026-06-30 04:45:00,2.02121,2.02168,2.0212,2.02161,265.0
2026-06-30 00:00:00,2026-06-29 21:00:00,2026-06-30 05:00:00,2.01974,2.01977,2.01963,2.01977,21.0
2026-06-30 00:15:00,2026-06-29 21:15:00,2026-06-30 05:15:00,2.0206,2.02126,2.02056,2.02079,229.0
2026-06-30 01:00:00,2026-06-29 22:00:00,2026-06-30 06:00:00,2.01928,2.02178,2.01928,2.02119,1321.0
2026-06-30 01:15:00,2026-06-29 22:15:00,2026-06-30 06:15:00,2.02119,2.02142,2.02111,2.0213,296.0
2026-06-30 01:30:00,2026-06-29 22:30:00,2026-06-30 06:30:00,2.02128,2.02131,2.02104,2.02115,357.0
2026-06-30 01:45:00,2026-06-29 22:45:00,2026-06-30 06:45:00,2.02115,2.02129,2.02108,2.02115,445.0
2026-06-30 02:00:00,2026-06-29 23:00:00,2026-06-30 07:00:00,2.02117,2.02133,2.02076,2.02094,541.0
2026-06-30 02:15:00,2026-06-29 23:15:00,2026-06-30 07:15:00,2.02094,2.02096,2.02028,2.02035,510.0
2026-06-30 02:30:00,2026-06-29 23:30:00,2026-06-30 07:30:00,2.02034,2.02055,2.02019,2.02043,601.0
2026-06-30 02:45:00,2026-06-29 23:45:00,2026-06-30 07:45:00,2.02043,2.02113,2.02043,2.02083,702.0
2026-06-30 03:00:00,2026-06-30 00:00:00,2026-06-30 08:00:00,2.02084,2.02216,2.02084,2.02153,2784.0
2026-06-30 03:15:00,2026-06-30 00:15:00,2026-06-30 08:15:00,2.02147,2.02197,2.02118,2.02193,1761.0
2026-06-30 03:30:00,2026-06-30 00:30:00,2026-06-30 08:30:00,2.02191,2.02206,2.02133,2.02166,1909.0
2026-06-30 03:45:00,2026-06-30 00:45:00,2026-06-30 08:45:00,2.02166,2.02273,2.02166,2.0221,2883.0
2026-06-30 04:00:00,2026-06-30 01:00:00,2026-06-30 09:00:00,2.02206,2.02283,2.02147,2.02153,3158.0
2026-06-30 04:15:00,2026-06-30 01:15:00,2026-06-30 09:15:00,2.02149,2.02154,2.01887,2.0189,2832.0
2026-06-30 04:30:00,2026-06-30 01:30:00,2026-06-30 09:30:00,2.01886,2.01984,2.01881,2.01942,2932.0
2026-06-30 04:45:00,2026-06-30 01:45:00,2026-06-30 09:45:00,2.01943,2.0203,2.0191,2.0198,2753.0
2026-06-30 05:00:00,2026-06-30 02:00:00,2026-06-30 10:00:00,2.01981,2.02083,2.01965,2.0205,2157.0
2026-06-30 05:15:00,2026-06-30 02:15:00,2026-06-30 10:15:00,2.0205,2.02066,2.02011,2.02061,1785.0
2026-06-30 05:30:00,2026-06-30 02:30:00,2026-06-30 10:30:00,2.02059,2.02087,2.02025,2.02051,1819.0
2026-06-30 05:45:00,2026-06-30 02:45:00,2026-06-30 10:45:00,2.02048,2.02056,2.01969,2.01985,1935.0
2026-06-30 06:00:00,2026-06-30 03:00:00,2026-06-30 11:00:00,2.01985,2.01985,2.01902,2.01939,1641.0
2026-06-30 06:15:00,2026-06-30 03:15:00,2026-06-30 11:15:00,2.01939,2.01941,2.01843,2.01868,1909.0
2026-06-30 06:30:00,2026-06-30 03:30:00,2026-06-30 11:30:00,2.01864,2.01901,2.01836,2.01847,1738.0
2026-06-30 06:45:00,2026-06-30 03:45:00,2026-06-30 11:45:00,2.01845,2.01852,2.018,2.01841,1351.0
2026-06-30 07:00:00,2026-06-30 04:00:00,2026-06-30 12:00:00,2.01843,2.01843,2.0175,2.01756,1331.0
2026-06-30 07:15:00,2026-06-30 04:15:00,2026-06-30 12:15:00,2.01756,2.01766,2.01693,2.01693,1197.0
2026-06-30 07:30:00,2026-06-30 04:30:00,2026-06-30 12:30:00,2.01693,2.01718,2.01677,2.01716,1223.0
2026-06-30 07:45:00,2026-06-30 04:45:00,2026-06-30 12:45:00,2.01715,2.01729,2.0167,2.01685,1937.0
2026-06-30 08:00:00,2026-06-30 05:00:00,2026-06-30 13:00:00,2.01687,2.01689,2.01577,2.01598,2422.0
2026-06-30 08:15:00,2026-06-30 05:15:00,2026-06-30 13:15:00,2.01594,2.01697,2.01575,2.01664,1690.0
2026-06-30 08:30:00,2026-06-30 05:30:00,2026-06-30 13:30:00,2.01664,2.01747,2.01664,2.01728,1749.0
2026-06-30 08:45:00,2026-06-30 05:45:00,2026-06-30 13:45:00,2.01728,2.01731,2.01609,2.01649,2117.0
2026-06-30 09:00:00,2026-06-30 06:00:00,2026-06-30 14:00:00,2.01647,2.01679,2.01614,2.01658,2888.0
2026-06-30 09:15:00,2026-06-30 06:15:00,2026-06-30 14:15:00,2.01659,2.01662,2.01593,2.01604,2833.0
2026-06-30 09:30:00,2026-06-30 06:30:00,2026-06-30 14:30:00,2.01604,2.01684,2.01527,2.01612,2952.0
2026-06-30 09:45:00,2026-06-30 06:45:00,2026-06-30 14:45:00,2.01606,2.01675,2.0157,2.01653,2891.0
2026-06-30 10:00:00,2026-06-30 07:00:00,2026-06-30 15:00:00,2.01648,2.01703,2.01627,2.01638,2854.0
2026-06-30 10:15:00,2026-06-30 07:15:00,2026-06-30 15:15:00,2.0164,2.01675,2.01571,2.01585,2503.0
2026-06-30 10:30:00,2026-06-30 07:30:00,2026-06-30 15:30:00,2.0158,2.01613,2.01544,2.01555,2405.0
2026-06-30 10:45:00,2026-06-30 07:45:00,2026-06-30 15:45:00,2.01555,2.01613,2.01518,2.01613,2494.0
2026-06-30 11:00:00,2026-06-30 08:00:00,2026-06-30 16:00:00,2.01611,2.01621,2.01481,2.016,3787.0
2026-06-30 11:15:00,2026-06-30 08:15:00,2026-06-30 16:15:00,2.016,2.01623,2.01574,2.01581,2823.0
2026-06-30 11:30:00,2026-06-30 08:30:00,2026-06-30 16:30:00,2.01581,2.0162,2.01545,2.01597,2941.0
2026-06-30 11:45:00,2026-06-30 08:45:00,2026-06-30 16:45:00,2.01597,2.01618,2.01556,2.0159,2940.0
2026-06-30 12:00:00,2026-06-30 09:00:00,2026-06-30 17:00:00,2.01589,2.01605,2.0139,2.01422,2716.0
2026-06-30 12:15:00,2026-06-30 09:15:00,2026-06-30 17:15:00,2.01421,2.01472,2.01386,2.01452,2379.0
2026-06-30 12:30:00,2026-06-30 09:30:00,2026-06-30 17:30:00,2.01453,2.01509,2.01452,2.01471,2616.0
2026-06-30 12:45:00,2026-06-30 09:45:00,2026-06-30 17:45:00,2.0147,2.01549,2.01462,2.01534,2333.0
2026-06-30 13:00:00,2026-06-30 10:00:00,2026-06-30 18:00:00,2.01535,2.01542,2.0146,2.01471,2229.0
2026-06-30 13:15:00,2026-06-30 10:15:00,2026-06-30 18:15:00,2.01472,2.01483,2.01401,2.01433,2023.0
2026-06-30 13:30:00,2026-06-30 10:30:00,2026-06-30 18:30:00,2.01432,2.01525,2.01425,2.01475,2106.0
2026-06-30 13:45:00,2026-06-30 10:45:00,2026-06-30 18:45:00,2.01473,2.01491,2.01331,2.01352,2063.0
2026-06-30 14:00:00,2026-06-30 11:00:00,2026-06-30 19:00:00,2.0135,2.01407,2.01292,2.0132,2364.0
2026-06-30 14:15:00,2026-06-30 11:15:00,2026-06-30 19:15:00,2.01319,2.01428,2.01289,2.01379,2716.0
2026-06-30 14:30:00,2026-06-30 11:30:00,2026-06-30 19:30:00,2.01376,2.01384,2.01291,2.01379,2868.0
2026-06-30 14:45:00,2026-06-30 11:45:00,2026-06-30 19:45:00,2.01378,2.01381,2.01294,2.01312,2461.0
2026-06-30 15:00:00,2026-06-30 12:00:00,2026-06-30 20:00:00,2.01312,2.01364,2.01286,2.01354,2671.0
2026-06-30 15:15:00,2026-06-30 12:15:00,2026-06-30 20:15:00,2.01353,2.01383,2.01315,2.01375,2696.0
2026-06-30 15:30:00,2026-06-30 12:30:00,2026-06-30 20:30:00,2.01375,2.01382,2.01268,2.01295,3192.0
2026-06-30 15:45:00,2026-06-30 12:45:00,2026-06-30 20:45:00,2.01294,2.01384,2.01289,2.01345,3029.0
2026-06-30 16:00:00,2026-06-30 13:00:00,2026-06-30 21:00:00,2.01345,2.01351,2.01265,2.01272,2966.0
2026-06-30 16:15:00,2026-06-30 13:15:00,2026-06-30 21:15:00,2.01274,2.01299,2.01243,2.01255,3005.0
2026-06-30 16:30:00,2026-06-30 13:30:00,2026-06-30 21:30:00,2.01252,2.01282,2.01207,2.01229,3168.0
2026-06-30 16:45:00,2026-06-30 13:45:00,2026-06-30 21:45:00,2.01228,2.01308,2.01189,2.01236,3549.0
2026-06-30 17:00:00,2026-06-30 14:00:00,2026-06-30 22:00:00,2.01209,2.01326,2.01122,2.01161,4357.0
2026-06-30 17:15:00,2026-06-30 14:15:00,2026-06-30 22:15:00,2.01163,2.01172,2.0103,2.01041,4031.0
2026-06-30 17:30:00,2026-06-30 14:30:00,2026-06-30 22:30:00,2.01042,2.01069,2.00942,2.00987,3914.0
2026-06-30 17:45:00,2026-06-30 14:45:00,2026-06-30 22:45:00,2.0099,2.01094,2.00922,2.01044,5268.0
2026-06-30 18:00:00,2026-06-30 15:00:00,2026-06-30 23:00:00,2.0104,2.01077,2.00957,2.01062,4494.0
2026-06-30 18:15:00,2026-06-30 15:15:00,2026-06-30 23:15:00,2.01061,2.01193,2.01061,2.01173,3544.0
2026-06-30 18:30:00,2026-06-30 15:30:00,2026-06-30 23:30:00,2.01172,2.01214,2.0112,2.01139,3027.0
2026-06-30 18:45:00,2026-06-30 15:45:00,2026-06-30 23:45:00,2.01139,2.01198,2.01123,2.01196,2735.0
2026-06-30 19:00:00,2026-06-30 16:00:00,2026-07-01 00:00:00,2.01197,2.0123,2.01165,2.01196,2530.0
2026-06-30 19:15:00,2026-06-30 16:15:00,2026-07-01 00:15:00,2.01196,2.01253,2.01189,2.01234,2203.0
2026-06-30 19:30:00,2026-06-30 16:30:00,2026-07-01 00:30:00,2.01234,2.0124,2.01188,2.01202,1950.0
2026-06-30 19:45:00,2026-06-30 16:45:00,2026-07-01 00:45:00,2.01201,2.0121,2.01166,2.01189,1679.0
2026-06-30 20:00:00,2026-06-30 17:00:00,2026-07-01 01:00:00,2.01189,2.01202,2.01136,2.01172,1556.0
2026-06-30 20:15:00,2026-06-30 17:15:00,2026-07-01 01:15:00,2.01173,2.01198,2.01171,2.01183,1784.0
2026-06-30 20:30:00,2026-06-30 17:30:00,2026-07-01 01:30:00,2.01184,2.01189,2.0114,2.01141,1793.0
2026-06-30 20:45:00,2026-06-30 17:45:00,2026-07-01 01:45:00,2.01139,2.01198,2.01137,2.01196,1457.0
2026-06-30 21:00:00,2026-06-30 18:00:00,2026-07-01 02:00:00,2.01196,2.01221,2.01165,2.01191,1637.0
2026-06-30 21:15:00,2026-06-30 18:15:00,2026-07-01 02:15:00,2.01189,2.01195,2.01161,2.01186,1500.0
2026-06-30 21:30:00,2026-06-30 18:30:00,2026-07-01 02:30:00,2.01185,2.01201,2.01128,2.01132,1529.0
2026-06-30 21:45:00,2026-06-30 18:45:00,2026-07-01 02:45:00,2.0113,2.01134,2.01044,2.01063,1461.0
2026-06-30 22:00:00,2026-06-30 19:00:00,2026-07-01 03:00:00,2.01063,2.01112,2.01041,2.0111,1837.0
2026-06-30 22:15:00,2026-06-30 19:15:00,2026-07-01 03:15:00,2.0111,2.01124,2.01078,2.01087,1529.0
2026-06-30 22:30:00,2026-06-30 19:30:00,2026-07-01 03:30:00,2.01086,2.01121,2.01078,2.01103,1807.0
2026-06-30 22:45:00,2026-06-30 19:45:00,2026-07-01 03:45:00,2.01102,2.01193,2.01098,2.01185,2121.0
2026-06-30 23:00:00,2026-06-30 20:00:00,2026-07-01 04:00:00,2.01178,2.01212,2.01174,2.01196,1716.0
2026-06-30 23:15:00,2026-06-30 20:15:00,2026-07-01 04:15:00,2.01196,2.01205,2.0117,2.01172,1122.0
2026-06-30 23:30:00,2026-06-30 20:30:00,2026-07-01 04:30:00,2.01172,2.01204,2.01154,2.01157,783.0
2026-06-30 23:45:00,2026-06-30 20:45:00,2026-07-01 04:45:00,2.01154,2.01228,2.01148,2.01178,510.0
2026-07-01 00:00:00,2026-06-30 21:00:00,2026-07-01 05:00:00,2.01138,2.01138,2.01138,2.01138,2.0
2026-07-01 00:15:00,2026-06-30 21:15:00,2026-07-01 05:15:00,2.01138,2.01152,2.01124,2.01125,77.0
2026-07-01 01:00:00,2026-06-30 22:00:00,2026-07-01 06:00:00,2.01032,2.0119,2.01029,2.01174,623.0
2026-07-01 01:15:00,2026-06-30 22:15:00,2026-07-01 06:15:00,2.01178,2.01195,2.01158,2.01169,573.0
2026-07-01 01:30:00,2026-06-30 22:30:00,2026-07-01 06:30:00,2.01168,2.01178,2.01158,2.01172,379.0
2026-07-01 01:45:00,2026-06-30 22:45:00,2026-07-01 06:45:00,2.01172,2.01183,2.01158,2.01165,474.0
2026-07-01 02:00:00,2026-06-30 23:00:00,2026-07-01 07:00:00,2.01164,2.01183,2.01116,2.01141,666.0
2026-07-01 02:15:00,2026-06-30 23:15:00,2026-07-01 07:15:00,2.01143,2.0115,2.01116,2.01146,602.0
2026-07-01 02:30:00,2026-06-30 23:30:00,2026-07-01 07:30:00,2.01146,2.01154,2.01125,2.01145,843.0
2026-07-01 02:45:00,2026-06-30 23:45:00,2026-07-01 07:45:00,2.01148,2.01155,2.01097,2.01124,978.0
2026-07-01 03:00:00,2026-07-01 00:00:00,2026-07-01 08:00:00,2.01118,2.01124,2.01017,2.01019,1756.0
2026-07-01 03:15:00,2026-07-01 00:15:00,2026-07-01 08:15:00,2.01021,2.01136,2.0101,2.01125,2128.0
2026-07-01 03:30:00,2026-07-01 00:30:00,2026-07-01 08:30:00,2.01123,2.01212,2.01099,2.01209,1791.0
2026-07-01 03:45:00,2026-07-01 00:45:00,2026-07-01 08:45:00,2.01202,2.01264,2.01195,2.01248,2396.0
2026-07-01 04:00:00,2026-07-01 01:00:00,2026-07-01 09:00:00,2.01249,2.01293,2.01231,2.01277,2617.0
2026-07-01 04:15:00,2026-07-01 01:15:00,2026-07-01 09:15:00,2.01277,2.01302,2.01224,2.01226,2368.0
2026-07-01 04:30:00,2026-07-01 01:30:00,2026-07-01 09:30:00,2.01226,2.01256,2.01183,2.0125,2246.0
2026-07-01 04:45:00,2026-07-01 01:45:00,2026-07-01 09:45:00,2.01252,2.01345,2.01245,2.01286,2337.0
2026-07-01 05:00:00,2026-07-01 02:00:00,2026-07-01 10:00:00,2.0129,2.01439,2.0129,2.01392,2296.0
2026-07-01 05:15:00,2026-07-01 02:15:00,2026-07-01 10:15:00,2.0139,2.01421,2.01332,2.01336,2168.0
2026-07-01 05:30:00,2026-07-01 02:30:00,2026-07-01 10:30:00,2.01333,2.0134,2.01277,2.01283,1891.0
2026-07-01 05:45:00,2026-07-01 02:45:00,2026-07-01 10:45:00,2.01285,2.01346,2.01258,2.01338,1741.0
2026-07-01 06:00:00,2026-07-01 03:00:00,2026-07-01 11:00:00,2.01339,2.01339,2.01259,2.01279,1671.0
2026-07-01 06:15:00,2026-07-01 03:15:00,2026-07-01 11:15:00,2.01276,2.01291,2.01225,2.01261,1875.0
2026-07-01 06:30:00,2026-07-01 03:30:00,2026-07-01 11:30:00,2.01261,2.01263,2.01219,2.01246,1748.0
2026-07-01 06:45:00,2026-07-01 03:45:00,2026-07-01 11:45:00,2.01245,2.01251,2.01158,2.01166,1596.0
2026-07-01 07:00:00,2026-07-01 04:00:00,2026-07-01 12:00:00,2.01165,2.01202,2.01132,2.01199,1396.0
2026-07-01 07:15:00,2026-07-01 04:15:00,2026-07-01 12:15:00,2.012,2.0122,2.01147,2.01147,1292.0
2026-07-01 07:30:00,2026-07-01 04:30:00,2026-07-01 12:30:00,2.01147,2.01158,2.01059,2.01071,1742.0
2026-07-01 07:45:00,2026-07-01 04:45:00,2026-07-01 12:45:00,2.01075,2.0108,2.01023,2.01057,1504.0
2026-07-01 08:00:00,2026-07-01 05:00:00,2026-07-01 13:00:00,2.01057,2.01068,2.00999,2.0105,1562.0
2026-07-01 08:15:00,2026-07-01 05:15:00,2026-07-01 13:15:00,2.01049,2.01059,2.01002,2.01013,1523.0
2026-07-01 08:30:00,2026-07-01 05:30:00,2026-07-01 13:30:00,2.01014,2.01025,2.00941,2.00966,1932.0
2026-07-01 08:45:00,2026-07-01 05:45:00,2026-07-01 13:45:00,2.00968,2.00988,2.00925,2.00965,2265.0
2026-07-01 09:00:00,2026-07-01 06:00:00,2026-07-01 14:00:00,2.00963,2.01088,2.00956,2.01058,2549.0
2026-07-01 09:15:00,2026-07-01 06:15:00,2026-07-01 14:15:00,2.01058,2.0108,2.01026,2.01054,2038.0
2026-07-01 09:30:00,2026-07-01 06:30:00,2026-07-01 14:30:00,2.01048,2.01091,2.0099,2.0099,2114.0
2026-07-01 09:45:00,2026-07-01 06:45:00,2026-07-01 14:45:00,2.00988,2.01011,2.00942,2.00944,2070.0
2026-07-01 10:00:00,2026-07-01 07:00:00,2026-07-01 15:00:00,2.00944,2.00947,2.00869,2.00926,3089.0
2026-07-01 10:15:00,2026-07-01 07:15:00,2026-07-01 15:15:00,2.00927,2.00946,2.00847,2.00876,2411.0
2026-07-01 10:30:00,2026-07-01 07:30:00,2026-07-01 15:30:00,2.00874,2.00917,2.00801,2.009,2331.0
2026-07-01 10:45:00,2026-07-01 07:45:00,2026-07-01 15:45:00,2.00899,2.00903,2.00823,2.00834,2486.0
2026-07-01 11:00:00,2026-07-01 08:00:00,2026-07-01 16:00:00,2.00833,2.00893,2.00822,2.0087,2359.0
2026-07-01 11:15:00,2026-07-01 08:15:00,2026-07-01 16:15:00,2.0087,2.00912,2.00739,2.00743,2417.0
2026-07-01 11:30:00,2026-07-01 08:30:00,2026-07-01 16:30:00,2.00743,2.00789,2.0073,2.00746,2338.0
2026-07-01 11:45:00,2026-07-01 08:45:00,2026-07-01 16:45:00,2.00747,2.00828,2.00739,2.00778,2020.0
2026-07-01 12:00:00,2026-07-01 09:00:00,2026-07-01 17:00:00,2.00778,2.00809,2.0075,2.00764,2498.0
2026-07-01 12:15:00,2026-07-01 09:15:00,2026-07-01 17:15:00,2.00764,2.00784,2.00716,2.00722,2178.0
2026-07-01 12:30:00,2026-07-01 09:30:00,2026-07-01 17:30:00,2.00718,2.00745,2.00671,2.00728,2158.0
2026-07-01 12:45:00,2026-07-01 09:45:00,2026-07-01 17:45:00,2.00728,2.00757,2.00676,2.00745,2061.0
2026-07-01 13:00:00,2026-07-01 10:00:00,2026-07-01 18:00:00,2.00743,2.00784,2.00733,2.00768,1970.0
2026-07-01 13:15:00,2026-07-01 10:15:00,2026-07-01 18:15:00,2.00768,2.00782,2.00704,2.00708,1795.0
2026-07-01 13:30:00,2026-07-01 10:30:00,2026-07-01 18:30:00,2.00709,2.0072,2.00645,2.0067,1855.0
2026-07-01 13:45:00,2026-07-01 10:45:00,2026-07-01 18:45:00,2.0067,2.0068,2.00598,2.00612,1701.0
2026-07-01 14:00:00,2026-07-01 11:00:00,2026-07-01 19:00:00,2.00612,2.00655,2.006,2.00635,2171.0
2026-07-01 14:15:00,2026-07-01 11:15:00,2026-07-01 19:15:00,2.00635,2.00698,2.00615,2.00693,2299.0
2026-07-01 14:30:00,2026-07-01 11:30:00,2026-07-01 19:30:00,2.00695,2.0075,2.00666,2.0068,2077.0
2026-07-01 14:45:00,2026-07-01 11:45:00,2026-07-01 19:45:00,2.0068,2.0073,2.00623,2.00639,2623.0
2026-07-01 15:00:00,2026-07-01 12:00:00,2026-07-01 20:00:00,2.00639,2.00728,2.00607,2.00612,2766.0
2026-07-01 15:15:00,2026-07-01 12:15:00,2026-07-01 20:15:00,2.00613,2.0069,2.00567,2.00688,2680.0
2026-07-01 15:30:00,2026-07-01 12:30:00,2026-07-01 20:30:00,2.00694,2.00746,2.00664,2.00704,3490.0
2026-07-01 15:45:00,2026-07-01 12:45:00,2026-07-01 20:45:00,2.00705,2.00773,2.00688,2.0075,3192.0
2026-07-01 16:00:00,2026-07-01 13:00:00,2026-07-01 21:00:00,2.00748,2.00865,2.00737,2.00801,3626.0
2026-07-01 16:15:00,2026-07-01 13:15:00,2026-07-01 21:15:00,2.00802,2.00818,2.00613,2.00616,4644.0
2026-07-01 16:30:00,2026-07-01 13:30:00,2026-07-01 21:30:00,2.00618,2.0068,2.0054,2.00559,5243.0
2026-07-01 16:45:00,2026-07-01 13:45:00,2026-07-01 21:45:00,2.00563,2.00674,2.00536,2.00638,4480.0
2026-07-01 17:00:00,2026-07-01 14:00:00,2026-07-01 22:00:00,2.00639,2.00663,2.00507,2.00531,4381.0
2026-07-01 17:15:00,2026-07-01 14:15:00,2026-07-01 22:15:00,2.00531,2.00548,2.00419,2.00544,4243.0
2026-07-01 17:30:00,2026-07-01 14:30:00,2026-07-01 22:30:00,2.00547,2.00608,2.00533,2.00569,4029.0
2026-07-01 17:45:00,2026-07-01 14:45:00,2026-07-01 22:45:00,2.0057,2.00769,2.0057,2.00715,4415.0
2026-07-01 18:00:00,2026-07-01 15:00:00,2026-07-01 23:00:00,2.00717,2.00742,2.00657,2.00659,4205.0
2026-07-01 18:15:00,2026-07-01 15:15:00,2026-07-01 23:15:00,2.00655,2.00659,2.00565,2.00622,3432.0
2026-07-01 18:30:00,2026-07-01 15:30:00,2026-07-01 23:30:00,2.00625,2.00662,2.0052,2.00535,3474.0
2026-07-01 18:45:00,2026-07-01 15:45:00,2026-07-01 23:45:00,2.00535,2.00573,2.0052,2.00528,3273.0
2026-07-01 19:00:00,2026-07-01 16:00:00,2026-07-02 00:00:00,2.0053,2.00537,2.0049,2.00511,3119.0
2026-07-01 19:15:00,2026-07-01 16:15:00,2026-07-02 00:15:00,2.00511,2.00528,2.00422,2.00431,3177.0
2026-07-01 19:30:00,2026-07-01 16:30:00,2026-07-02 00:30:00,2.00431,2.00461,2.00412,2.0044,2563.0
2026-07-01 19:45:00,2026-07-01 16:45:00,2026-07-02 00:45:00,2.00439,2.00491,2.00423,2.00488,2608.0
2026-07-01 20:00:00,2026-07-01 17:00:00,2026-07-02 01:00:00,2.00486,2.00528,2.00458,2.00472,2371.0
2026-07-01 20:15:00,2026-07-01 17:15:00,2026-07-02 01:15:00,2.00474,2.00528,2.00457,2.00524,2257.0
2026-07-01 20:30:00,2026-07-01 17:30:00,2026-07-02 01:30:00,2.00521,2.00527,2.00489,2.00519,2156.0
2026-07-01 20:45:00,2026-07-01 17:45:00,2026-07-02 01:45:00,2.00521,2.00555,2.00495,2.00555,1772.0
2026-07-01 21:00:00,2026-07-01 18:00:00,2026-07-02 02:00:00,2.00552,2.00611,2.00533,2.00574,1800.0
2026-07-01 21:15:00,2026-07-01 18:15:00,2026-07-02 02:15:00,2.00578,2.0061,2.00571,2.00601,1794.0
2026-07-01 21:30:00,2026-07-01 18:30:00,2026-07-02 02:30:00,2.00601,2.0062,2.00575,2.00588,1972.0
2026-07-01 21:45:00,2026-07-01 18:45:00,2026-07-02 02:45:00,2.0059,2.00638,2.00586,2.00632,1658.0
2026-07-01 22:00:00,2026-07-01 19:00:00,2026-07-02 03:00:00,2.00647,2.00666,2.00539,2.0057,1474.0
2026-07-01 22:15:00,2026-07-01 19:15:00,2026-07-02 03:15:00,2.0057,2.00605,2.00564,2.00585,1786.0
2026-07-01 22:30:00,2026-07-01 19:30:00,2026-07-02 03:30:00,2.00585,2.00616,2.00568,2.00603,1556.0
2026-07-01 22:45:00,2026-07-01 19:45:00,2026-07-02 03:45:00,2.00603,2.00653,2.00594,2.00636,2178.0
2026-07-01 23:00:00,2026-07-01 20:00:00,2026-07-02 04:00:00,2.00641,2.00659,2.00632,2.00641,1594.0
2026-07-01 23:15:00,2026-07-01 20:15:00,2026-07-02 04:15:00,2.00641,2.00653,2.00605,2.00627,1338.0
2026-07-01 23:30:00,2026-07-01 20:30:00,2026-07-02 04:30:00,2.00627,2.00646,2.0061,2.00612,1020.0
2026-07-01 23:45:00,2026-07-01 20:45:00,2026-07-02 04:45:00,2.00612,2.00616,2.00571,2.00588,393.0
2026-07-02 00:00:00,2026-07-01 21:00:00,2026-07-02 05:00:00,2.00484,2.00507,2.00476,2.00499,138.0
2026-07-02 00:15:00,2026-07-01 21:15:00,2026-07-02 05:15:00,2.00503,2.00549,2.00495,2.00495,98.0
2026-07-02 00:30:00,2026-07-01 21:30:00,2026-07-02 05:30:00,2.00518,2.00572,2.00491,2.00491,94.0
2026-07-02 00:45:00,2026-07-01 21:45:00,2026-07-02 05:45:00,2.00491,2.00528,2.00484,2.00528,227.0
2026-07-02 01:00:00,2026-07-01 22:00:00,2026-07-02 06:00:00,2.00474,2.00606,2.00474,2.00551,801.0
2026-07-02 01:15:00,2026-07-01 22:15:00,2026-07-02 06:15:00,2.0055,2.00556,2.00521,2.00535,487.0
2026-07-02 01:30:00,2026-07-01 22:30:00,2026-07-02 06:30:00,2.00545,2.00546,2.00483,2.00509,456.0
2026-07-02 01:45:00,2026-07-01 22:45:00,2026-07-02 06:45:00,2.00507,2.0051,2.00475,2.00484,329.0
2026-07-02 02:00:00,2026-07-01 23:00:00,2026-07-02 07:00:00,2.00484,2.00487,2.00459,2.00484,412.0
2026-07-02 02:15:00,2026-07-01 23:15:00,2026-07-02 07:15:00,2.00481,2.00495,2.0047,2.00488,464.0
2026-07-02 02:30:00,2026-07-01 23:30:00,2026-07-02 07:30:00,2.00488,2.00497,2.00473,2.00475,529.0
2026-07-02 02:45:00,2026-07-01 23:45:00,2026-07-02 07:45:00,2.00474,2.0051,2.00473,2.00502,839.0
2026-07-02 03:00:00,2026-07-02 00:00:00,2026-07-02 08:00:00,2.00502,2.0061,2.00473,2.00587,2970.0
2026-07-02 03:15:00,2026-07-02 00:15:00,2026-07-02 08:15:00,2.00588,2.0061,2.00549,2.00585,2051.0
2026-07-02 03:30:00,2026-07-02 00:30:00,2026-07-02 08:30:00,2.00582,2.00623,2.00541,2.00602,1973.0
2026-07-02 03:45:00,2026-07-02 00:45:00,2026-07-02 08:45:00,2.00602,2.00614,2.00523,2.00547,2424.0
2026-07-02 04:00:00,2026-07-02 01:00:00,2026-07-02 09:00:00,2.00543,2.00569,2.00439,2.00441,2148.0
2026-07-02 04:15:00,2026-07-02 01:15:00,2026-07-02 09:15:00,2.00444,2.006,2.00442,2.00528,2252.0
2026-07-02 04:30:00,2026-07-02 01:30:00,2026-07-02 09:30:00,2.00525,2.00537,2.00473,2.00518,2223.0
2026-07-02 04:45:00,2026-07-02 01:45:00,2026-07-02 09:45:00,2.00519,2.00535,2.0038,2.00412,2472.0
2026-07-02 05:00:00,2026-07-02 02:00:00,2026-07-02 10:00:00,2.00411,2.00419,2.00303,2.00316,2207.0
2026-07-02 05:15:00,2026-07-02 02:15:00,2026-07-02 10:15:00,2.00316,2.00388,2.00304,2.00381,2070.0
2026-07-02 05:30:00,2026-07-02 02:30:00,2026-07-02 10:30:00,2.00381,2.00413,2.00364,2.00413,1721.0
2026-07-02 05:45:00,2026-07-02 02:45:00,2026-07-02 10:45:00,2.00413,2.00509,2.00407,2.00504,1744.0
2026-07-02 06:00:00,2026-07-02 03:00:00,2026-07-02 11:00:00,2.00506,2.00661,2.00452,2.00649,1830.0
2026-07-02 06:15:00,2026-07-02 03:15:00,2026-07-02 11:15:00,2.00648,2.00747,2.00615,2.00649,1645.0
2026-07-02 06:30:00,2026-07-02 03:30:00,2026-07-02 11:30:00,2.00649,2.00655,2.00584,2.00609,1931.0
2026-07-02 06:45:00,2026-07-02 03:45:00,2026-07-02 11:45:00,2.00608,2.00645,2.00557,2.00572,1602.0
2026-07-02 07:00:00,2026-07-02 04:00:00,2026-07-02 12:00:00,2.00573,2.00589,2.0051,2.0058,2153.0
2026-07-02 07:15:00,2026-07-02 04:15:00,2026-07-02 12:15:00,2.00581,2.00622,2.00553,2.00576,1535.0
2026-07-02 07:30:00,2026-07-02 04:30:00,2026-07-02 12:30:00,2.00575,2.0063,2.00564,2.00591,1560.0
2026-07-02 07:45:00,2026-07-02 04:45:00,2026-07-02 12:45:00,2.00591,2.00593,2.00521,2.00528,1435.0
2026-07-02 08:00:00,2026-07-02 05:00:00,2026-07-02 13:00:00,2.00528,2.0056,2.00507,2.00531,1625.0
2026-07-02 08:15:00,2026-07-02 05:15:00,2026-07-02 13:15:00,2.0053,2.00578,2.00512,2.00572,1355.0
2026-07-02 08:30:00,2026-07-02 05:30:00,2026-07-02 13:30:00,2.00572,2.00619,2.00539,2.00557,1787.0
2026-07-02 08:45:00,2026-07-02 05:45:00,2026-07-02 13:45:00,2.00559,2.00599,2.00529,2.00563,1829.0
2026-07-02 09:00:00,2026-07-02 06:00:00,2026-07-02 14:00:00,2.00564,2.00637,2.00528,2.00626,2909.0
2026-07-02 09:15:00,2026-07-02 06:15:00,2026-07-02 14:15:00,2.00629,2.007,2.00618,2.00698,2214.0
2026-07-02 09:30:00,2026-07-02 06:30:00,2026-07-02 14:30:00,2.00691,2.00703,2.00624,2.0069,2014.0
2026-07-02 09:45:00,2026-07-02 06:45:00,2026-07-02 14:45:00,2.0069,2.00696,2.00546,2.0063,3925.0
2026-07-02 10:00:00,2026-07-02 07:00:00,2026-07-02 15:00:00,2.00631,2.00703,2.00625,2.00672,3499.0
2026-07-02 10:15:00,2026-07-02 07:15:00,2026-07-02 15:15:00,2.00673,2.00759,2.00649,2.00717,3029.0
2026-07-02 10:30:00,2026-07-02 07:30:00,2026-07-02 15:30:00,2.0072,2.00746,2.00681,2.00739,3022.0
2026-07-02 10:45:00,2026-07-02 07:45:00,2026-07-02 15:45:00,2.0074,2.00889,2.00719,2.0088,3000.0
2026-07-02 11:00:00,2026-07-02 08:00:00,2026-07-02 16:00:00,2.00882,2.00888,2.0078,2.0078,3922.0
2026-07-02 11:15:00,2026-07-02 08:15:00,2026-07-02 16:15:00,2.00785,2.00812,2.00641,2.00667,3443.0
2026-07-02 11:30:00,2026-07-02 08:30:00,2026-07-02 16:30:00,2.00669,2.00685,2.00553,2.00584,3380.0
2026-07-02 11:45:00,2026-07-02 08:45:00,2026-07-02 16:45:00,2.00584,2.00593,2.0053,2.00555,3305.0
2026-07-02 12:00:00,2026-07-02 09:00:00,2026-07-02 17:00:00,2.00556,2.00649,2.00546,2.0063,3080.0
2026-07-02 12:15:00,2026-07-02 09:15:00,2026-07-02 17:15:00,2.0063,2.00744,2.00627,2.00713,2627.0
2026-07-02 12:30:00,2026-07-02 09:30:00,2026-07-02 17:30:00,2.00712,2.00723,2.00646,2.00673,2456.0
2026-07-02 12:45:00,2026-07-02 09:45:00,2026-07-02 17:45:00,2.00676,2.00698,2.00624,2.00633,2572.0
2026-07-02 13:00:00,2026-07-02 10:00:00,2026-07-02 18:00:00,2.00634,2.00693,2.00627,2.00664,2449.0
2026-07-02 13:15:00,2026-07-02 10:15:00,2026-07-02 18:15:00,2.00664,2.00767,2.00652,2.00756,2211.0
2026-07-02 13:30:00,2026-07-02 10:30:00,2026-07-02 18:30:00,2.00756,2.00818,2.0075,2.00818,2137.0
2026-07-02 13:45:00,2026-07-02 10:45:00,2026-07-02 18:45:00,2.00818,2.00873,2.008,2.00837,1914.0
2026-07-02 14:00:00,2026-07-02 11:00:00,2026-07-02 19:00:00,2.0084,2.00913,2.00822,2.0091,2056.0
2026-07-02 14:15:00,2026-07-02 11:15:00,2026-07-02 19:15:00,2.0091,2.0097,2.00908,2.00955,2144.0
2026-07-02 14:30:00,2026-07-02 11:30:00,2026-07-02 19:30:00,2.00953,2.01006,2.00953,2.01002,2158.0
2026-07-02 14:45:00,2026-07-02 11:45:00,2026-07-02 19:45:00,2.01003,2.01082,2.00988,2.01078,2337.0
2026-07-02 15:00:00,2026-07-02 12:00:00,2026-07-02 20:00:00,2.01076,2.01108,2.0099,2.01062,2977.0
2026-07-02 15:15:00,2026-07-02 12:15:00,2026-07-02 20:15:00,2.01061,2.01082,2.0091,2.00935,3003.0
2026-07-02 15:30:00,2026-07-02 12:30:00,2026-07-02 20:30:00,2.00909,2.00931,2.00544,2.00705,5769.0
2026-07-02 15:45:00,2026-07-02 12:45:00,2026-07-02 20:45:00,2.00706,2.00885,2.00696,2.00878,5577.0
2026-07-02 16:00:00,2026-07-02 13:00:00,2026-07-02 21:00:00,2.00878,2.00951,2.00739,2.00812,5234.0
2026-07-02 16:15:00,2026-07-02 13:15:00,2026-07-02 21:15:00,2.00811,2.00875,2.00772,2.00784,4504.0
2026-07-02 16:30:00,2026-07-02 13:30:00,2026-07-02 21:30:00,2.0078,2.00809,2.00528,2.00551,4949.0
2026-07-02 16:45:00,2026-07-02 13:45:00,2026-07-02 21:45:00,2.00553,2.00601,2.00444,2.00561,4275.0
2026-07-02 17:00:00,2026-07-02 14:00:00,2026-07-02 22:00:00,2.00563,2.00713,2.00543,2.00593,4299.0
2026-07-02 17:15:00,2026-07-02 14:15:00,2026-07-02 22:15:00,2.00592,2.00692,2.00528,2.00676,4440.0
2026-07-02 17:30:00,2026-07-02 14:30:00,2026-07-02 22:30:00,2.00676,2.00719,2.00606,2.00649,4430.0
2026-07-02 17:45:00,2026-07-02 14:45:00,2026-07-02 22:45:00,2.00645,2.00703,2.00617,2.00636,4512.0
2026-07-02 18:00:00,2026-07-02 15:00:00,2026-07-02 23:00:00,2.00636,2.00706,2.00576,2.00581,4436.0
2026-07-02 18:15:00,2026-07-02 15:15:00,2026-07-02 23:15:00,2.00581,2.00639,2.00534,2.0056,3913.0
2026-07-02 18:30:00,2026-07-02 15:30:00,2026-07-02 23:30:00,2.00565,2.00576,2.00455,2.00529,3529.0
2026-07-02 18:45:00,2026-07-02 15:45:00,2026-07-02 23:45:00,2.0053,2.00636,2.00524,2.00629,3450.0
2026-07-02 19:00:00,2026-07-02 16:00:00,2026-07-03 00:00:00,2.00636,2.00671,2.00566,2.0058,3419.0
2026-07-02 19:15:00,2026-07-02 16:15:00,2026-07-03 00:15:00,2.0058,2.0067,2.00575,2.00659,3315.0
2026-07-02 19:30:00,2026-07-02 16:30:00,2026-07-03 00:30:00,2.00659,2.00715,2.00656,2.00666,3511.0
2026-07-02 19:45:00,2026-07-02 16:45:00,2026-07-03 00:45:00,2.00668,2.00685,2.00626,2.00668,3377.0
2026-07-02 20:00:00,2026-07-02 17:00:00,2026-07-03 01:00:00,2.00663,2.00707,2.0063,2.00677,3087.0
2026-07-02 20:15:00,2026-07-02 17:15:00,2026-07-03 01:15:00,2.00675,2.00689,2.00638,2.00673,2747.0
2026-07-02 20:30:00,2026-07-02 17:30:00,2026-07-03 01:30:00,2.00674,2.00759,2.00649,2.00712,2535.0
2026-07-02 20:45:00,2026-07-02 17:45:00,2026-07-03 01:45:00,2.00712,2.00759,2.00705,2.00756,2566.0
2026-07-02 21:00:00,2026-07-02 18:00:00,2026-07-03 02:00:00,2.00758,2.00769,2.00673,2.00693,2901.0
2026-07-02 21:15:00,2026-07-02 18:15:00,2026-07-03 02:15:00,2.00687,2.00723,2.00686,2.00701,2773.0
2026-07-02 21:30:00,2026-07-02 18:30:00,2026-07-03 02:30:00,2.00702,2.00709,2.00637,2.00649,2232.0
2026-07-02 21:45:00,2026-07-02 18:45:00,2026-07-03 02:45:00,2.00649,2.00695,2.0064,2.00661,2118.0
2026-07-02 22:00:00,2026-07-02 19:00:00,2026-07-03 03:00:00,2.00661,2.00733,2.00657,2.00713,2159.0
2026-07-02 22:15:00,2026-07-02 19:15:00,2026-07-03 03:15:00,2.00713,2.00752,2.00703,2.00738,1831.0
2026-07-02 22:30:00,2026-07-02 19:30:00,2026-07-03 03:30:00,2.00738,2.00745,2.00704,2.00705,1613.0
2026-07-02 22:45:00,2026-07-02 19:45:00,2026-07-03 03:45:00,2.00705,2.00719,2.00644,2.00671,1860.0
2026-07-02 23:00:00,2026-07-02 20:00:00,2026-07-03 04:00:00,2.00669,2.00706,2.00663,2.00687,1413.0
2026-07-02 23:15:00,2026-07-02 20:15:00,2026-07-03 04:15:00,2.00687,2.00701,2.0066,2.0066,952.0
2026-07-02 23:30:00,2026-07-02 20:30:00,2026-07-03 04:30:00,2.00658,2.00679,2.00643,2.00673,566.0
2026-07-02 23:45:00,2026-07-02 20:45:00,2026-07-03 04:45:00,2.00669,2.00679,2.00619,2.00639,291.0
2026-07-03 01:00:00,2026-07-02 22:00:00,2026-07-03 06:00:00,2.00403,2.00669,2.00403,2.00605,748.0
2026-07-03 01:15:00,2026-07-02 22:15:00,2026-07-03 06:15:00,2.00606,2.00631,2.00601,2.0062,539.0
2026-07-03 01:30:00,2026-07-02 22:30:00,2026-07-03 06:30:00,2.00619,2.00678,2.00619,2.00655,803.0
2026-07-03 01:45:00,2026-07-02 22:45:00,2026-07-03 06:45:00,2.00655,2.00684,2.00639,2.0067,773.0
2026-07-03 02:00:00,2026-07-02 23:00:00,2026-07-03 07:00:00,2.0067,2.00683,2.00646,2.00654,762.0
2026-07-03 02:15:00,2026-07-02 23:15:00,2026-07-03 07:15:00,2.00654,2.00709,2.00647,2.00681,859.0
2026-07-03 02:30:00,2026-07-02 23:30:00,2026-07-03 07:30:00,2.00681,2.00681,2.00643,2.00644,929.0
2026-07-03 02:45:00,2026-07-02 23:45:00,2026-07-03 07:45:00,2.00644,2.00697,2.00625,2.00665,1340.0
2026-07-03 03:00:00,2026-07-03 00:00:00,2026-07-03 08:00:00,2.00666,2.00703,2.00646,2.0066,2869.0
2026-07-03 03:15:00,2026-07-03 00:15:00,2026-07-03 08:15:00,2.00662,2.00671,2.00618,2.00666,2343.0
2026-07-03 03:30:00,2026-07-03 00:30:00,2026-07-03 08:30:00,2.00665,2.00725,2.00662,2.00711,2308.0
2026-07-03 03:45:00,2026-07-03 00:45:00,2026-07-03 08:45:00,2.00711,2.00722,2.00657,2.00679,2517.0
2026-07-03 04:00:00,2026-07-03 01:00:00,2026-07-03 09:00:00,2.00672,2.00698,2.0059,2.00594,3212.0
2026-07-03 04:15:00,2026-07-03 01:15:00,2026-07-03 09:15:00,2.00594,2.00622,2.00473,2.00518,3212.0
2026-07-03 04:30:00,2026-07-03 01:30:00,2026-07-03 09:30:00,2.00519,2.00527,2.00449,2.00465,2825.0
2026-07-03 04:45:00,2026-07-03 01:45:00,2026-07-03 09:45:00,2.00464,2.00518,2.00423,2.00423,2536.0
2026-07-03 05:00:00,2026-07-03 02:00:00,2026-07-03 10:00:00,2.00423,2.00448,2.00278,2.00358,2085.0
2026-07-03 05:15:00,2026-07-03 02:15:00,2026-07-03 10:15:00,2.00358,2.00402,2.00353,2.00378,1813.0
2026-07-03 05:30:00,2026-07-03 02:30:00,2026-07-03 10:30:00,2.00378,2.0042,2.00352,2.00352,1728.0
2026-07-03 05:45:00,2026-07-03 02:45:00,2026-07-03 10:45:00,2.00352,2.00373,2.00319,2.00372,1549.0
2026-07-03 06:00:00,2026-07-03 03:00:00,2026-07-03 11:00:00,2.00372,2.00386,2.00331,2.00338,1636.0
2026-07-03 06:15:00,2026-07-03 03:15:00,2026-07-03 11:15:00,2.00338,2.00367,2.00331,2.00353,1419.0
2026-07-03 06:30:00,2026-07-03 03:30:00,2026-07-03 11:30:00,2.00355,2.00438,2.00324,2.00435,1632.0
2026-07-03 06:45:00,2026-07-03 03:45:00,2026-07-03 11:45:00,2.00436,2.0045,2.00384,2.00386,1390.0
2026-07-03 07:00:00,2026-07-03 04:00:00,2026-07-03 12:00:00,2.00386,2.00434,2.00371,2.00401,1054.0
2026-07-03 07:15:00,2026-07-03 04:15:00,2026-07-03 12:15:00,2.004,2.00414,2.00311,2.00346,1174.0
2026-07-03 07:30:00,2026-07-03 04:30:00,2026-07-03 12:30:00,2.00343,2.00358,2.0031,2.00321,1270.0
2026-07-03 07:45:00,2026-07-03 04:45:00,2026-07-03 12:45:00,2.00322,2.00344,2.00308,2.00342,1171.0
2026-07-03 08:00:00,2026-07-03 05:00:00,2026-07-03 13:00:00,2.00344,2.00399,2.00312,2.00337,1990.0
2026-07-03 08:15:00,2026-07-03 05:15:00,2026-07-03 13:15:00,2.00337,2.00347,2.00293,2.003,1538.0
2026-07-03 08:30:00,2026-07-03 05:30:00,2026-07-03 13:30:00,2.003,2.00341,2.00265,2.00339,1702.0
2026-07-03 08:45:00,2026-07-03 05:45:00,2026-07-03 13:45:00,2.00335,2.00353,2.00279,2.00304,1751.0
2026-07-03 09:00:00,2026-07-03 06:00:00,2026-07-03 14:00:00,2.00304,2.00304,2.00162,2.00169,2150.0
2026-07-03 09:15:00,2026-07-03 06:15:00,2026-07-03 14:15:00,2.00167,2.00229,2.00143,2.00148,2204.0
2026-07-03 09:30:00,2026-07-03 06:30:00,2026-07-03 14:30:00,2.00148,2.00202,2.00094,2.00111,2950.0
2026-07-03 09:45:00,2026-07-03 06:45:00,2026-07-03 14:45:00,2.00111,2.0022,2.00092,2.00211,2557.0
2026-07-03 10:00:00,2026-07-03 07:00:00,2026-07-03 15:00:00,2.00212,2.0023,2.00139,2.00153,2488.0
2026-07-03 10:15:00,2026-07-03 07:15:00,2026-07-03 15:15:00,2.00153,2.00165,2.00082,2.00082,2333.0
2026-07-03 10:30:00,2026-07-03 07:30:00,2026-07-03 15:30:00,2.00079,2.00174,2.00077,2.0017,2259.0
2026-07-03 10:45:00,2026-07-03 07:45:00,2026-07-03 15:45:00,2.00171,2.00201,2.00145,2.00197,2504.0
2026-07-03 11:00:00,2026-07-03 08:00:00,2026-07-03 16:00:00,2.00198,2.00227,2.00152,2.00211,2313.0
2026-07-03 11:15:00,2026-07-03 08:15:00,2026-07-03 16:15:00,2.00211,2.00255,2.00185,2.00234,2086.0
2026-07-03 11:30:00,2026-07-03 08:30:00,2026-07-03 16:30:00,2.00236,2.00283,2.00213,2.00227,2071.0
2026-07-03 11:45:00,2026-07-03 08:45:00,2026-07-03 16:45:00,2.00227,2.00323,2.00215,2.00323,2396.0
2026-07-03 12:00:00,2026-07-03 09:00:00,2026-07-03 17:00:00,2.00325,2.00354,2.00223,2.0023,2046.0
2026-07-03 12:15:00,2026-07-03 09:15:00,2026-07-03 17:15:00,2.0023,2.00292,2.00225,2.00286,1995.0
2026-07-03 12:30:00,2026-07-03 09:30:00,2026-07-03 17:30:00,2.00287,2.00304,2.00243,2.00255,1849.0
2026-07-03 12:45:00,2026-07-03 09:45:00,2026-07-03 17:45:00,2.00255,2.00292,2.00232,2.00267,1931.0
2026-07-03 13:00:00,2026-07-03 10:00:00,2026-07-03 18:00:00,2.00267,2.00314,2.00236,2.00304,1940.0
2026-07-03 13:15:00,2026-07-03 10:15:00,2026-07-03 18:15:00,2.00306,2.00358,2.00299,2.00348,1666.0
2026-07-03 13:30:00,2026-07-03 10:30:00,2026-07-03 18:30:00,2.00349,2.00392,2.00337,2.00389,1387.0
2026-07-03 13:45:00,2026-07-03 10:45:00,2026-07-03 18:45:00,2.00388,2.00417,2.00371,2.00411,1321.0
2026-07-03 14:00:00,2026-07-03 11:00:00,2026-07-03 19:00:00,2.0041,2.00446,2.00374,2.00389,1785.0
2026-07-03 14:15:00,2026-07-03 11:15:00,2026-07-03 19:15:00,2.00388,2.00469,2.00382,2.00458,1849.0
2026-07-03 14:30:00,2026-07-03 11:30:00,2026-07-03 19:30:00,2.00456,2.00474,2.00411,2.00425,1572.0
2026-07-03 14:45:00,2026-07-03 11:45:00,2026-07-03 19:45:00,2.00425,2.00463,2.00414,2.00459,1823.0
2026-07-03 15:00:00,2026-07-03 12:00:00,2026-07-03 20:00:00,2.0046,2.00519,2.0046,2.00516,2048.0
2026-07-03 15:15:00,2026-07-03 12:15:00,2026-07-03 20:15:00,2.00516,2.00521,2.00451,2.00465,2227.0
2026-07-03 15:30:00,2026-07-03 12:30:00,2026-07-03 20:30:00,2.00463,2.00493,2.00444,2.00453,1920.0
2026-07-03 15:45:00,2026-07-03 12:45:00,2026-07-03 20:45:00,2.00446,2.00486,2.00444,2.00477,2003.0
2026-07-03 16:00:00,2026-07-03 13:00:00,2026-07-03 21:00:00,2.00479,2.00502,2.00428,2.00457,2117.0
2026-07-03 16:15:00,2026-07-03 13:15:00,2026-07-03 21:15:00,2.00457,2.00465,2.00381,2.0039,1742.0
2026-07-03 16:30:00,2026-07-03 13:30:00,2026-07-03 21:30:00,2.0039,2.00413,2.00369,2.00378,1798.0
2026-07-03 16:45:00,2026-07-03 13:45:00,2026-07-03 21:45:00,2.00378,2.0042,2.00353,2.00376,1917.0
2026-07-03 17:00:00,2026-07-03 14:00:00,2026-07-03 22:00:00,2.00378,2.00402,2.00351,2.00387,2005.0
2026-07-03 17:15:00,2026-07-03 14:15:00,2026-07-03 22:15:00,2.00386,2.00469,2.00375,2.00451,1857.0
2026-07-03 17:30:00,2026-07-03 14:30:00,2026-07-03 22:30:00,2.00448,2.00465,2.00402,2.0046,1769.0
2026-07-03 17:45:00,2026-07-03 14:45:00,2026-07-03 22:45:00,2.0046,2.00487,2.00406,2.00464,1924.0
2026-07-03 18:00:00,2026-07-03 15:00:00,2026-07-03 23:00:00,2.00466,2.00472,2.00374,2.00385,1895.0
2026-07-03 18:15:00,2026-07-03 15:15:00,2026-07-03 23:15:00,2.00385,2.00445,2.00376,2.00427,1550.0
2026-07-03 18:30:00,2026-07-03 15:30:00,2026-07-03 23:30:00,2.00428,2.00436,2.00397,2.00399,1305.0
2026-07-03 18:45:00,2026-07-03 15:45:00,2026-07-03 23:45:00,2.00399,2.00408,2.00336,2.0035,1433.0
2026-07-03 19:00:00,2026-07-03 16:00:00,2026-07-04 00:00:00,2.0035,2.00406,2.00332,2.00399,973.0
2026-07-03 19:15:00,2026-07-03 16:15:00,2026-07-04 00:15:00,2.00399,2.00399,2.00352,2.0036,796.0
2026-07-03 19:30:00,2026-07-03 16:30:00,2026-07-04 00:30:00,2.00359,2.00367,2.00344,2.00348,748.0
2026-07-03 19:45:00,2026-07-03 16:45:00,2026-07-04 00:45:00,2.0035,2.00355,2.00301,2.00315,810.0
2026-07-03 20:00:00,2026-07-03 17:00:00,2026-07-04 01:00:00,2.00318,2.00399,2.00313,2.00374,1904.0
2026-07-03 20:15:00,2026-07-03 17:15:00,2026-07-04 01:15:00,2.00374,2.00386,2.00362,2.00365,1454.0
2026-07-03 20:30:00,2026-07-03 17:30:00,2026-07-04 01:30:00,2.00365,2.00409,2.00355,2.00388,3067.0
2026-07-03 20:45:00,2026-07-03 17:45:00,2026-07-04 01:45:00,2.00388,2.00414,2.00372,2.00404,2817.0
2026-07-03 21:00:00,2026-07-03 18:00:00,2026-07-04 02:00:00,2.00399,2.00418,2.00329,2.00342,3082.0
2026-07-03 21:15:00,2026-07-03 18:15:00,2026-07-04 02:15:00,2.00339,2.00376,2.00339,2.00357,2716.0
2026-07-03 21:30:00,2026-07-03 18:30:00,2026-07-04 02:30:00,2.00357,2.00367,2.00348,2.00362,3132.0
2026-07-03 21:45:00,2026-07-03 18:45:00,2026-07-04 02:45:00,2.00364,2.00371,2.0033,2.00359,1898.0
2026-07-03 22:00:00,2026-07-03 19:00:00,2026-07-04 03:00:00,2.0036,2.00406,2.00353,2.0037,1317.0
2026-07-03 22:15:00,2026-07-03 19:15:00,2026-07-04 03:15:00,2.0037,2.00402,2.0035,2.00369,2725.0
2026-07-03 22:30:00,2026-07-03 19:30:00,2026-07-04 03:30:00,2.00369,2.00405,2.00358,2.00393,1236.0
2026-07-03 22:45:00,2026-07-03 19:45:00,2026-07-04 03:45:00,2.00393,2.00446,2.00371,2.00371,1047.0
2026-07-03 23:00:00,2026-07-03 20:00:00,2026-07-04 04:00:00,2.00366,2.00456,2.00351,2.00423,1076.0
2026-07-03 23:15:00,2026-07-03 20:15:00,2026-07-04 04:15:00,2.00422,2.0043,2.00395,2.00419,1009.0
2026-07-03 23:30:00,2026-07-03 20:30:00,2026-07-04 04:30:00,2.00421,2.00426,2.00379,2.00383,452.0
2026-07-03 23:45:00,2026-07-03 20:45:00,2026-07-04 04:45:00,2.00386,2.00386,2.00247,2.00293,800.0
2026-07-06 01:00:00,2026-07-05 22:00:00,2026-07-06 06:00:00,2.00229,2.00384,2.00111,2.00363,1572.0
2026-07-06 01:15:00,2026-07-05 22:15:00,2026-07-06 06:15:00,2.00361,2.00488,2.00349,2.0046,791.0
2026-07-06 01:30:00,2026-07-05 22:30:00,2026-07-06 06:30:00,2.00458,2.00483,2.0042,2.00474,737.0
2026-07-06 01:45:00,2026-07-05 22:45:00,2026-07-06 06:45:00,2.00474,2.00529,2.00464,2.00518,576.0
2026-07-06 02:00:00,2026-07-05 23:00:00,2026-07-06 07:00:00,2.00518,2.00584,2.00509,2.00573,813.0
2026-07-06 02:15:00,2026-07-05 23:15:00,2026-07-06 07:15:00,2.00574,2.00575,2.0051,2.00529,704.0
2026-07-06 02:30:00,2026-07-05 23:30:00,2026-07-06 07:30:00,2.00529,2.00592,2.00513,2.00574,910.0
2026-07-06 02:45:00,2026-07-05 23:45:00,2026-07-06 07:45:00,2.00571,2.00612,2.00528,2.00589,1544.0
2026-07-06 03:00:00,2026-07-06 00:00:00,2026-07-06 08:00:00,2.0059,2.00717,2.00577,2.00629,2700.0
2026-07-06 03:15:00,2026-07-06 00:15:00,2026-07-06 08:15:00,2.00628,2.00668,2.00574,2.00657,2545.0
2026-07-06 03:30:00,2026-07-06 00:30:00,2026-07-06 08:30:00,2.00658,2.00692,2.00585,2.00604,2607.0
2026-07-06 03:45:00,2026-07-06 00:45:00,2026-07-06 08:45:00,2.00602,2.00654,2.00574,2.0064,2374.0
2026-07-06 04:00:00,2026-07-06 01:00:00,2026-07-06 09:00:00,2.00638,2.00765,2.00638,2.00744,2672.0
2026-07-06 04:15:00,2026-07-06 01:15:00,2026-07-06 09:15:00,2.00746,2.00904,2.00746,2.00889,2651.0
2026-07-06 04:30:00,2026-07-06 01:30:00,2026-07-06 09:30:00,2.00888,2.0097,2.00857,2.00872,2599.0
2026-07-06 04:45:00,2026-07-06 01:45:00,2026-07-06 09:45:00,2.0087,2.0097,2.00843,2.00958,2333.0
2026-07-06 05:00:00,2026-07-06 02:00:00,2026-07-06 10:00:00,2.00961,2.00962,2.00887,2.00936,2528.0
2026-07-06 05:15:00,2026-07-06 02:15:00,2026-07-06 10:15:00,2.00935,2.01,2.00914,2.00949,1886.0
2026-07-06 05:30:00,2026-07-06 02:30:00,2026-07-06 10:30:00,2.0095,2.01017,2.0095,2.01008,2024.0
2026-07-06 05:45:00,2026-07-06 02:45:00,2026-07-06 10:45:00,2.01009,2.01014,2.00913,2.00933,1756.0
2026-07-06 06:00:00,2026-07-06 03:00:00,2026-07-06 11:00:00,2.00934,2.00998,2.00906,2.00996,1677.0
2026-07-06 06:15:00,2026-07-06 03:15:00,2026-07-06 11:15:00,2.00995,2.0108,2.0097,2.0105,1652.0
2026-07-06 06:30:00,2026-07-06 03:30:00,2026-07-06 11:30:00,2.01054,2.01101,2.0104,2.01053,1841.0
2026-07-06 06:45:00,2026-07-06 03:45:00,2026-07-06 11:45:00,2.01051,2.01078,2.00984,2.00987,1694.0
2026-07-06 07:00:00,2026-07-06 04:00:00,2026-07-06 12:00:00,2.00987,2.00997,2.00912,2.00922,1141.0
2026-07-06 07:15:00,2026-07-06 04:15:00,2026-07-06 12:15:00,2.00921,2.00963,2.0087,2.00962,1074.0
2026-07-06 07:30:00,2026-07-06 04:30:00,2026-07-06 12:30:00,2.00962,2.00972,2.0091,2.00955,1239.0
2026-07-06 07:45:00,2026-07-06 04:45:00,2026-07-06 12:45:00,2.00956,2.00965,2.00912,2.00915,1287.0
2026-07-06 08:00:00,2026-07-06 05:00:00,2026-07-06 13:00:00,2.00915,2.00965,2.00896,2.00943,1607.0
2026-07-06 08:15:00,2026-07-06 05:15:00,2026-07-06 13:15:00,2.00941,2.01014,2.00932,2.00995,1436.0
2026-07-06 08:30:00,2026-07-06 05:30:00,2026-07-06 13:30:00,2.00994,2.01057,2.00946,2.00948,1609.0
2026-07-06 08:45:00,2026-07-06 05:45:00,2026-07-06 13:45:00,2.00949,2.01007,2.00938,2.00997,1792.0
2026-07-06 09:00:00,2026-07-06 06:00:00,2026-07-06 14:00:00,2.00997,2.01003,2.00941,2.0095,2369.0
2026-07-06 09:15:00,2026-07-06 06:15:00,2026-07-06 14:15:00,2.00953,2.0102,2.00953,2.00993,2294.0
2026-07-06 09:30:00,2026-07-06 06:30:00,2026-07-06 14:30:00,2.00997,2.00999,2.00908,2.00912,2331.0
2026-07-06 09:45:00,2026-07-06 06:45:00,2026-07-06 14:45:00,2.00912,2.00946,2.00873,2.00913,2104.0
2026-07-06 10:00:00,2026-07-06 07:00:00,2026-07-06 15:00:00,2.00913,2.00921,2.00806,2.00852,2685.0
2026-07-06 10:15:00,2026-07-06 07:15:00,2026-07-06 15:15:00,2.00856,2.00868,2.00766,2.00863,2692.0
2026-07-06 10:30:00,2026-07-06 07:30:00,2026-07-06 15:30:00,2.00865,2.00883,2.00774,2.00776,2549.0
2026-07-06 10:45:00,2026-07-06 07:45:00,2026-07-06 15:45:00,2.00776,2.00842,2.00768,2.00819,2278.0
2026-07-06 11:00:00,2026-07-06 08:00:00,2026-07-06 16:00:00,2.00817,2.0086,2.0079,2.0084,2648.0
2026-07-06 11:15:00,2026-07-06 08:15:00,2026-07-06 16:15:00,2.0084,2.0086,2.00782,2.00851,2407.0
2026-07-06 11:30:00,2026-07-06 08:30:00,2026-07-06 16:30:00,2.0085,2.00933,2.00848,2.00886,2067.0
2026-07-06 11:45:00,2026-07-06 08:45:00,2026-07-06 16:45:00,2.00885,2.00955,2.00885,2.00953,1763.0
2026-07-06 12:00:00,2026-07-06 09:00:00,2026-07-06 17:00:00,2.0095,2.01011,2.00948,2.0096,2374.0
2026-07-06 12:15:00,2026-07-06 09:15:00,2026-07-06 17:15:00,2.00958,2.00987,2.00909,2.00911,2240.0
2026-07-06 12:30:00,2026-07-06 09:30:00,2026-07-06 17:30:00,2.00911,2.00949,2.00901,2.00927,1909.0
2026-07-06 12:45:00,2026-07-06 09:45:00,2026-07-06 17:45:00,2.00926,2.00939,2.00861,2.00891,2065.0
2026-07-06 13:00:00,2026-07-06 10:00:00,2026-07-06 18:00:00,2.00891,2.00914,2.00839,2.00842,2235.0
2026-07-06 13:15:00,2026-07-06 10:15:00,2026-07-06 18:15:00,2.00842,2.00881,2.00813,2.00818,1913.0
2026-07-06 13:30:00,2026-07-06 10:30:00,2026-07-06 18:30:00,2.00818,2.00906,2.00812,2.00904,1689.0
2026-07-06 13:45:00,2026-07-06 10:45:00,2026-07-06 18:45:00,2.00901,2.00918,2.00877,2.00881,1808.0
2026-07-06 14:00:00,2026-07-06 11:00:00,2026-07-06 19:00:00,2.00883,2.00923,2.0084,2.00858,2021.0
2026-07-06 14:15:00,2026-07-06 11:15:00,2026-07-06 19:15:00,2.00854,2.00862,2.00811,2.00828,1947.0
2026-07-06 14:30:00,2026-07-06 11:30:00,2026-07-06 19:30:00,2.0083,2.00839,2.0077,2.00782,1765.0
2026-07-06 14:45:00,2026-07-06 11:45:00,2026-07-06 19:45:00,2.00781,2.00843,2.00768,2.00819,2236.0
2026-07-06 15:00:00,2026-07-06 12:00:00,2026-07-06 20:00:00,2.0082,2.00853,2.00759,2.00759,2248.0
2026-07-06 15:15:00,2026-07-06 12:15:00,2026-07-06 20:15:00,2.00759,2.00849,2.00736,2.00814,2274.0
2026-07-06 15:30:00,2026-07-06 12:30:00,2026-07-06 20:30:00,2.00813,2.01034,2.00795,2.01027,2063.0
2026-07-06 15:45:00,2026-07-06 12:45:00,2026-07-06 20:45:00,2.01026,2.01058,2.00967,2.00979,2284.0
2026-07-06 16:00:00,2026-07-06 13:00:00,2026-07-06 21:00:00,2.00974,2.01015,2.00954,2.01012,2721.0
2026-07-06 16:15:00,2026-07-06 13:15:00,2026-07-06 21:15:00,2.0101,2.01019,2.00962,2.00994,2695.0
2026-07-06 16:30:00,2026-07-06 13:30:00,2026-07-06 21:30:00,2.00989,2.00999,2.00857,2.00857,3297.0
2026-07-06 16:45:00,2026-07-06 13:45:00,2026-07-06 21:45:00,2.00858,2.00915,2.00797,2.00867,3138.0
2026-07-06 17:00:00,2026-07-06 14:00:00,2026-07-06 22:00:00,2.00873,2.00937,2.00775,2.00779,3299.0
2026-07-06 17:15:00,2026-07-06 14:15:00,2026-07-06 22:15:00,2.0078,2.00872,2.00775,2.00805,2975.0
2026-07-06 17:30:00,2026-07-06 14:30:00,2026-07-06 22:30:00,2.00804,2.00893,2.00795,2.00871,2705.0
2026-07-06 17:45:00,2026-07-06 14:45:00,2026-07-06 22:45:00,2.00873,2.00876,2.00797,2.00851,2628.0
2026-07-06 18:00:00,2026-07-06 15:00:00,2026-07-06 23:00:00,2.00844,2.00858,2.00787,2.00822,2834.0
2026-07-06 18:15:00,2026-07-06 15:15:00,2026-07-06 23:15:00,2.0082,2.00853,2.00777,2.00786,2611.0
2026-07-06 18:30:00,2026-07-06 15:30:00,2026-07-06 23:30:00,2.00784,2.008,2.00755,2.0077,2336.0
2026-07-06 18:45:00,2026-07-06 15:45:00,2026-07-06 23:45:00,2.00768,2.00805,2.00752,2.00791,2556.0
2026-07-06 19:00:00,2026-07-06 16:00:00,2026-07-07 00:00:00,2.00791,2.00819,2.00764,2.00778,2121.0
2026-07-06 19:15:00,2026-07-06 16:15:00,2026-07-07 00:15:00,2.00778,2.0078,2.00738,2.00765,1849.0
2026-07-06 19:30:00,2026-07-06 16:30:00,2026-07-07 00:30:00,2.00767,2.00768,2.00715,2.00725,1675.0
2026-07-06 19:45:00,2026-07-06 16:45:00,2026-07-07 00:45:00,2.00726,2.00758,2.00708,2.0073,1996.0
2026-07-06 20:00:00,2026-07-06 17:00:00,2026-07-07 01:00:00,2.00728,2.00749,2.00692,2.00697,2285.0
2026-07-06 20:15:00,2026-07-06 17:15:00,2026-07-07 01:15:00,2.00696,2.00726,2.00661,2.00684,1764.0
2026-07-06 20:30:00,2026-07-06 17:30:00,2026-07-07 01:30:00,2.00686,2.00702,2.00641,2.00657,1596.0
2026-07-06 20:45:00,2026-07-06 17:45:00,2026-07-07 01:45:00,2.00658,2.00689,2.00646,2.00687,1605.0
2026-07-06 21:00:00,2026-07-06 18:00:00,2026-07-07 02:00:00,2.00687,2.00687,2.00638,2.00657,1605.0
2026-07-06 21:15:00,2026-07-06 18:15:00,2026-07-07 02:15:00,2.00654,2.00656,2.0061,2.00628,1291.0
2026-07-06 21:30:00,2026-07-06 18:30:00,2026-07-07 02:30:00,2.00629,2.00636,2.00583,2.00607,1413.0
2026-07-06 21:45:00,2026-07-06 18:45:00,2026-07-07 02:45:00,2.00608,2.00618,2.00589,2.00608,1347.0
2026-07-06 22:00:00,2026-07-06 19:00:00,2026-07-07 03:00:00,2.00608,2.00644,2.006,2.00632,1267.0
2026-07-06 22:15:00,2026-07-06 19:15:00,2026-07-07 03:15:00,2.00632,2.00652,2.00611,2.00623,1427.0
2026-07-06 22:30:00,2026-07-06 19:30:00,2026-07-07 03:30:00,2.00623,2.00644,2.00618,2.0062,1323.0
2026-07-06 22:45:00,2026-07-06 19:45:00,2026-07-07 03:45:00,2.0062,2.00652,2.00604,2.00632,1505.0
2026-07-06 23:00:00,2026-07-06 20:00:00,2026-07-07 04:00:00,2.00631,2.00667,2.00625,2.00644,1327.0
2026-07-06 23:15:00,2026-07-06 20:15:00,2026-07-07 04:15:00,2.00644,2.00674,2.00644,2.00664,909.0
2026-07-06 23:30:00,2026-07-06 20:30:00,2026-07-07 04:30:00,2.00664,2.00674,2.00658,2.00668,558.0
2026-07-06 23:45:00,2026-07-06 20:45:00,2026-07-07 04:45:00,2.00668,2.00683,2.0064,2.00648,380.0
2026-07-07 00:00:00,2026-07-06 21:00:00,2026-07-07 05:00:00,2.00571,2.00571,2.00508,2.00553,138.0
2026-07-07 00:15:00,2026-07-06 21:15:00,2026-07-07 05:15:00,2.00553,2.00679,2.00543,2.00675,127.0
2026-07-07 01:00:00,2026-07-06 22:00:00,2026-07-07 06:00:00,2.00666,2.00788,2.0063,2.00671,1188.0
2026-07-07 01:15:00,2026-07-06 22:15:00,2026-07-07 06:15:00,2.00674,2.00674,2.00661,2.00666,593.0
2026-07-07 01:30:00,2026-07-06 22:30:00,2026-07-07 06:30:00,2.00664,2.00683,2.00637,2.00674,395.0
2026-07-07 01:45:00,2026-07-06 22:45:00,2026-07-07 06:45:00,2.00674,2.00697,2.0066,2.00692,476.0
2026-07-07 02:00:00,2026-07-06 23:00:00,2026-07-07 07:00:00,2.00686,2.00692,2.00636,2.0066,598.0
2026-07-07 02:15:00,2026-07-06 23:15:00,2026-07-07 07:15:00,2.0066,2.00666,2.00629,2.00632,568.0
2026-07-07 02:30:00,2026-07-06 23:30:00,2026-07-07 07:30:00,2.00632,2.0065,2.00625,2.00646,526.0
2026-07-07 02:45:00,2026-07-06 23:45:00,2026-07-07 07:45:00,2.00646,2.00717,2.00641,2.00694,1011.0
2026-07-07 03:00:00,2026-07-07 00:00:00,2026-07-07 08:00:00,2.00697,2.00713,2.00631,2.00668,2420.0
2026-07-07 03:15:00,2026-07-07 00:15:00,2026-07-07 08:15:00,2.00667,2.00696,2.00626,2.00673,2210.0
2026-07-07 03:30:00,2026-07-07 00:30:00,2026-07-07 08:30:00,2.00673,2.00684,2.0064,2.00648,2058.0
2026-07-07 03:45:00,2026-07-07 00:45:00,2026-07-07 08:45:00,2.00648,2.00716,2.00624,2.00707,2303.0
2026-07-07 04:00:00,2026-07-07 01:00:00,2026-07-07 09:00:00,2.00706,2.0074,2.00692,2.00729,2685.0
2026-07-07 04:15:00,2026-07-07 01:15:00,2026-07-07 09:15:00,2.00729,2.00768,2.00696,2.00701,2377.0
2026-07-07 04:30:00,2026-07-07 01:30:00,2026-07-07 09:30:00,2.00702,2.00719,2.00629,2.00659,2980.0
2026-07-07 04:45:00,2026-07-07 01:45:00,2026-07-07 09:45:00,2.0066,2.00661,2.00583,2.00638,2703.0
2026-07-07 05:00:00,2026-07-07 02:00:00,2026-07-07 10:00:00,2.00638,2.00653,2.00597,2.00631,2264.0
2026-07-07 05:15:00,2026-07-07 02:15:00,2026-07-07 10:15:00,2.00631,2.00713,2.00628,2.00705,1794.0
2026-07-07 05:30:00,2026-07-07 02:30:00,2026-07-07 10:30:00,2.00705,2.00724,2.00664,2.00715,1759.0
2026-07-07 05:45:00,2026-07-07 02:45:00,2026-07-07 10:45:00,2.00714,2.00751,2.0071,2.00744,1778.0
2026-07-07 06:00:00,2026-07-07 03:00:00,2026-07-07 11:00:00,2.00743,2.00761,2.00619,2.00636,1675.0
2026-07-07 06:15:00,2026-07-07 03:15:00,2026-07-07 11:15:00,2.00635,2.00664,2.00604,2.00649,1644.0
2026-07-07 06:30:00,2026-07-07 03:30:00,2026-07-07 11:30:00,2.00651,2.00698,2.00601,2.00645,1554.0
2026-07-07 06:45:00,2026-07-07 03:45:00,2026-07-07 11:45:00,2.00646,2.00698,2.00646,2.00663,1693.0
2026-07-07 07:00:00,2026-07-07 04:00:00,2026-07-07 12:00:00,2.00661,2.00694,2.00632,2.00637,1495.0
2026-07-07 07:15:00,2026-07-07 04:15:00,2026-07-07 12:15:00,2.00637,2.00696,2.00613,2.00695,1150.0
2026-07-07 07:30:00,2026-07-07 04:30:00,2026-07-07 12:30:00,2.00696,2.00776,2.00693,2.00767,1334.0
2026-07-07 07:45:00,2026-07-07 04:45:00,2026-07-07 12:45:00,2.00766,2.00797,2.00728,2.00797,1307.0
2026-07-07 08:00:00,2026-07-07 05:00:00,2026-07-07 13:00:00,2.00793,2.00911,2.00788,2.00892,1786.0
2026-07-07 08:15:00,2026-07-07 05:15:00,2026-07-07 13:15:00,2.00891,2.00977,2.0088,2.00948,2168.0
2026-07-07 08:30:00,2026-07-07 05:30:00,2026-07-07 13:30:00,2.00947,2.00952,2.00875,2.00879,2551.0
2026-07-07 08:45:00,2026-07-07 05:45:00,2026-07-07 13:45:00,2.00881,2.00891,2.00822,2.00844,2199.0
2026-07-07 09:00:00,2026-07-07 06:00:00,2026-07-07 14:00:00,2.00843,2.00933,2.00832,2.00929,2308.0
2026-07-07 09:15:00,2026-07-07 06:15:00,2026-07-07 14:15:00,2.0093,2.0093,2.00865,2.00884,2453.0
2026-07-07 09:30:00,2026-07-07 06:30:00,2026-07-07 14:30:00,2.00883,2.00894,2.00796,2.00805,1989.0
2026-07-07 09:45:00,2026-07-07 06:45:00,2026-07-07 14:45:00,2.00804,2.00811,2.00762,2.00774,1765.0
2026-07-07 10:00:00,2026-07-07 07:00:00,2026-07-07 15:00:00,2.00771,2.0081,2.00755,2.00794,2183.0
2026-07-07 10:15:00,2026-07-07 07:15:00,2026-07-07 15:15:00,2.00795,2.00837,2.00781,2.00817,2450.0
2026-07-07 10:30:00,2026-07-07 07:30:00,2026-07-07 15:30:00,2.00815,2.00826,2.00782,2.00807,1946.0
2026-07-07 10:45:00,2026-07-07 07:45:00,2026-07-07 15:45:00,2.00807,2.00909,2.00785,2.00889,2310.0
2026-07-07 11:00:00,2026-07-07 08:00:00,2026-07-07 16:00:00,2.00887,2.00899,2.00839,2.00858,2430.0
2026-07-07 11:15:00,2026-07-07 08:15:00,2026-07-07 16:15:00,2.00856,2.00858,2.00768,2.00797,2597.0
2026-07-07 11:30:00,2026-07-07 08:30:00,2026-07-07 16:30:00,2.00794,2.00841,2.00792,2.00803,2501.0
2026-07-07 11:45:00,2026-07-07 08:45:00,2026-07-07 16:45:00,2.00801,2.00834,2.00768,2.00798,2653.0
2026-07-07 12:00:00,2026-07-07 09:00:00,2026-07-07 17:00:00,2.00801,2.00842,2.00768,2.00815,2427.0
2026-07-07 12:15:00,2026-07-07 09:15:00,2026-07-07 17:15:00,2.00817,2.00823,2.00771,2.00815,2335.0
2026-07-07 12:30:00,2026-07-07 09:30:00,2026-07-07 17:30:00,2.00814,2.00847,2.00796,2.00817,2124.0
2026-07-07 12:45:00,2026-07-07 09:45:00,2026-07-07 17:45:00,2.00816,2.00845,2.0078,2.00791,1900.0
2026-07-07 13:00:00,2026-07-07 10:00:00,2026-07-07 18:00:00,2.0079,2.00857,2.00775,2.00853,2009.0
2026-07-07 13:15:00,2026-07-07 10:15:00,2026-07-07 18:15:00,2.00853,2.00891,2.00842,2.00889,1749.0
2026-07-07 13:30:00,2026-07-07 10:30:00,2026-07-07 18:30:00,2.00891,2.00906,2.00862,2.00906,1643.0
2026-07-07 13:45:00,2026-07-07 10:45:00,2026-07-07 18:45:00,2.00904,2.01018,2.00904,2.00991,1856.0
2026-07-07 14:00:00,2026-07-07 11:00:00,2026-07-07 19:00:00,2.0099,2.0102,2.00908,2.00908,1856.0
2026-07-07 14:15:00,2026-07-07 11:15:00,2026-07-07 19:15:00,2.00908,2.00914,2.00764,2.00846,2421.0
2026-07-07 14:30:00,2026-07-07 11:30:00,2026-07-07 19:30:00,2.00848,2.00897,2.0083,2.00882,2126.0
2026-07-07 14:45:00,2026-07-07 11:45:00,2026-07-07 19:45:00,2.00881,2.00924,2.00859,2.00872,2556.0
2026-07-07 15:00:00,2026-07-07 12:00:00,2026-07-07 20:00:00,2.00872,2.00896,2.00854,2.00875,2552.0
2026-07-07 15:15:00,2026-07-07 12:15:00,2026-07-07 20:15:00,2.00874,2.00891,2.00829,2.00837,2623.0
2026-07-07 15:30:00,2026-07-07 12:30:00,2026-07-07 20:30:00,2.00837,2.00854,2.00772,2.00848,2336.0
2026-07-07 15:45:00,2026-07-07 12:45:00,2026-07-07 20:45:00,2.00848,2.00926,2.00836,2.00837,2272.0
2026-07-07 16:00:00,2026-07-07 13:00:00,2026-07-07 21:00:00,2.00835,2.00897,2.00824,2.00897,2607.0
2026-07-07 16:15:00,2026-07-07 13:15:00,2026-07-07 21:15:00,2.00896,2.00959,2.00895,2.00947,2495.0
2026-07-07 16:30:00,2026-07-07 13:30:00,2026-07-07 21:30:00,2.00945,2.00992,2.00907,2.00976,3469.0
2026-07-07 16:45:00,2026-07-07 13:45:00,2026-07-07 21:45:00,2.00977,2.01123,2.00975,2.01111,3297.0
2026-07-07 17:00:00,2026-07-07 14:00:00,2026-07-07 22:00:00,2.01109,2.01123,2.00971,2.00979,3755.0
2026-07-07 17:15:00,2026-07-07 14:15:00,2026-07-07 22:15:00,2.0098,2.00985,2.00889,2.00901,3549.0
2026-07-07 17:30:00,2026-07-07 14:30:00,2026-07-07 22:30:00,2.009,2.01009,2.00898,2.00962,3475.0
2026-07-07 17:45:00,2026-07-07 14:45:00,2026-07-07 22:45:00,2.00958,2.0096,2.00905,2.00947,3478.0
2026-07-07 18:00:00,2026-07-07 15:00:00,2026-07-07 23:00:00,2.00949,2.01011,2.0093,2.00958,3102.0
2026-07-07 18:15:00,2026-07-07 15:15:00,2026-07-07 23:15:00,2.00959,2.00993,2.00926,2.00932,3227.0
2026-07-07 18:30:00,2026-07-07 15:30:00,2026-07-07 23:30:00,2.00928,2.00969,2.00905,2.00905,2717.0
2026-07-07 18:45:00,2026-07-07 15:45:00,2026-07-07 23:45:00,2.00905,2.00964,2.0089,2.0093,2659.0
2026-07-07 19:00:00,2026-07-07 16:00:00,2026-07-08 00:00:00,2.0093,2.00948,2.00886,2.009,2082.0
2026-07-07 19:15:00,2026-07-07 16:15:00,2026-07-08 00:15:00,2.00899,2.00909,2.0086,2.00884,2128.0
2026-07-07 19:30:00,2026-07-07 16:30:00,2026-07-08 00:30:00,2.00884,2.00923,2.00879,2.00895,1856.0
2026-07-07 19:45:00,2026-07-07 16:45:00,2026-07-08 00:45:00,2.00894,2.00917,2.00865,2.00893,1704.0
2026-07-07 20:00:00,2026-07-07 17:00:00,2026-07-08 01:00:00,2.00893,2.00916,2.00829,2.00872,1582.0
2026-07-07 20:15:00,2026-07-07 17:15:00,2026-07-08 01:15:00,2.00865,2.00875,2.00836,2.00845,1815.0
2026-07-07 20:30:00,2026-07-07 17:30:00,2026-07-08 01:30:00,2.00846,2.00847,2.00807,2.00824,1586.0
2026-07-07 20:45:00,2026-07-07 17:45:00,2026-07-08 01:45:00,2.00823,2.00843,2.00801,2.00813,1536.0
2026-07-07 21:00:00,2026-07-07 18:00:00,2026-07-08 02:00:00,2.00812,2.00828,2.008,2.00816,1549.0
2026-07-07 21:15:00,2026-07-07 18:15:00,2026-07-08 02:15:00,2.00818,2.00848,2.00813,2.00829,1562.0
2026-07-07 21:30:00,2026-07-07 18:30:00,2026-07-08 02:30:00,2.00829,2.0087,2.00827,2.00863,2063.0
2026-07-07 21:45:00,2026-07-07 18:45:00,2026-07-08 02:45:00,2.00863,2.00946,2.00845,2.00925,3191.0
2026-07-07 22:00:00,2026-07-07 19:00:00,2026-07-08 03:00:00,2.00925,2.01076,2.00918,2.01074,2977.0
2026-07-07 22:15:00,2026-07-07 19:15:00,2026-07-08 03:15:00,2.01078,2.01147,2.01,2.01013,3129.0
2026-07-07 22:30:00,2026-07-07 19:30:00,2026-07-08 03:30:00,2.01011,2.01016,2.0094,2.00975,2584.0
2026-07-07 22:45:00,2026-07-07 19:45:00,2026-07-08 03:45:00,2.00975,2.00988,2.00936,2.00936,2344.0
2026-07-07 23:00:00,2026-07-07 20:00:00,2026-07-08 04:00:00,2.0094,2.01014,2.0093,2.01011,1521.0
2026-07-07 23:15:00,2026-07-07 20:15:00,2026-07-08 04:15:00,2.01011,2.01113,2.01009,2.01094,1202.0
2026-07-07 23:30:00,2026-07-07 20:30:00,2026-07-08 04:30:00,2.01094,2.01117,2.01046,2.01058,787.0
2026-07-07 23:45:00,2026-07-07 20:45:00,2026-07-08 04:45:00,2.01058,2.01058,2.00968,2.00988,338.0
2026-07-08 00:15:00,2026-07-07 21:15:00,2026-07-08 05:15:00,2.00846,2.00878,2.00829,2.00878,101.0
2026-07-08 00:30:00,2026-07-07 21:30:00,2026-07-08 05:30:00,2.009,2.009,2.009,2.009,2.0
2026-07-08 01:00:00,2026-07-07 22:00:00,2026-07-08 06:00:00,2.00813,2.01045,2.00806,2.0098,1055.0
2026-07-08 01:15:00,2026-07-07 22:15:00,2026-07-08 06:15:00,2.00982,2.00996,2.00943,2.0098,806.0
2026-07-08 01:30:00,2026-07-07 22:30:00,2026-07-08 06:30:00,2.0098,2.00981,2.00927,2.00957,627.0
2026-07-08 01:45:00,2026-07-07 22:45:00,2026-07-08 06:45:00,2.00957,2.01005,2.00923,2.00925,434.0
2026-07-08 02:00:00,2026-07-07 23:00:00,2026-07-08 07:00:00,2.00923,2.00925,2.00835,2.00839,704.0
2026-07-08 02:15:00,2026-07-07 23:15:00,2026-07-08 07:15:00,2.00839,2.0084,2.00725,2.00747,597.0
2026-07-08 02:30:00,2026-07-07 23:30:00,2026-07-08 07:30:00,2.00747,2.00793,2.00743,2.00775,545.0
2026-07-08 02:45:00,2026-07-07 23:45:00,2026-07-08 07:45:00,2.00775,2.00917,2.00771,2.00901,1111.0
2026-07-08 03:00:00,2026-07-08 00:00:00,2026-07-08 08:00:00,2.00903,2.00972,2.00807,2.00859,2982.0
2026-07-08 03:15:00,2026-07-08 00:15:00,2026-07-08 08:15:00,2.00858,2.00908,2.00782,2.00855,2773.0
2026-07-08 03:30:00,2026-07-08 00:30:00,2026-07-08 08:30:00,2.00854,2.00911,2.00801,2.00815,2461.0
2026-07-08 03:45:00,2026-07-08 00:45:00,2026-07-08 08:45:00,2.00815,2.00817,2.00653,2.00657,2625.0
2026-07-08 04:00:00,2026-07-08 01:00:00,2026-07-08 09:00:00,2.00658,2.00685,2.00519,2.00551,2594.0
2026-07-08 04:15:00,2026-07-08 01:15:00,2026-07-08 09:15:00,2.00551,2.00618,2.00544,2.00574,2018.0
2026-07-08 04:30:00,2026-07-08 01:30:00,2026-07-08 09:30:00,2.0057,2.00631,2.00514,2.00613,2554.0
2026-07-08 04:45:00,2026-07-08 01:45:00,2026-07-08 09:45:00,2.00613,2.00615,2.00516,2.00553,2928.0
2026-07-08 05:00:00,2026-07-08 02:00:00,2026-07-08 10:00:00,2.00548,2.00568,1.99941,2.00259,2958.0
2026-07-08 05:15:00,2026-07-08 02:15:00,2026-07-08 10:15:00,2.00262,2.00266,2.00069,2.00206,2688.0
2026-07-08 05:30:00,2026-07-08 02:30:00,2026-07-08 10:30:00,2.00206,2.0031,2.00193,2.00208,1940.0
2026-07-08 05:45:00,2026-07-08 02:45:00,2026-07-08 10:45:00,2.00208,2.00272,2.00158,2.00214,1755.0
2026-07-08 06:00:00,2026-07-08 03:00:00,2026-07-08 11:00:00,2.00216,2.00351,2.00083,2.00085,2258.0
2026-07-08 06:15:00,2026-07-08 03:15:00,2026-07-08 11:15:00,2.00085,2.00177,2.00064,2.00099,1956.0
2026-07-08 06:30:00,2026-07-08 03:30:00,2026-07-08 11:30:00,2.001,2.00102,2.00023,2.00066,2021.0
2026-07-08 06:45:00,2026-07-08 03:45:00,2026-07-08 11:45:00,2.00066,2.00127,2.00016,2.0012,1627.0
2026-07-08 07:00:00,2026-07-08 04:00:00,2026-07-08 12:00:00,2.0012,2.00234,2.0012,2.00137,1740.0
2026-07-08 07:15:00,2026-07-08 04:15:00,2026-07-08 12:15:00,2.00137,2.00148,1.99943,1.99951,1535.0
2026-07-08 07:30:00,2026-07-08 04:30:00,2026-07-08 12:30:00,1.99948,1.99973,1.99864,1.99915,1775.0
2026-07-08 07:45:00,2026-07-08 04:45:00,2026-07-08 12:45:00,1.99913,1.9994,1.9984,1.99843,1788.0
2026-07-08 08:00:00,2026-07-08 05:00:00,2026-07-08 13:00:00,1.99846,1.99894,1.9975,1.99881,2570.0
2026-07-08 08:15:00,2026-07-08 05:15:00,2026-07-08 13:15:00,1.99887,1.99888,1.99806,1.99822,2003.0
2026-07-08 08:30:00,2026-07-08 05:30:00,2026-07-08 13:30:00,1.99822,1.99848,1.99688,1.99733,2403.0
2026-07-08 08:45:00,2026-07-08 05:45:00,2026-07-08 13:45:00,1.99733,1.99796,1.99683,1.9977,2314.0
2026-07-08 09:00:00,2026-07-08 06:00:00,2026-07-08 14:00:00,1.9977,1.99849,1.99758,1.99836,2725.0
2026-07-08 09:15:00,2026-07-08 06:15:00,2026-07-08 14:15:00,1.99836,1.99878,1.9975,1.9981,2603.0
2026-07-08 09:30:00,2026-07-08 06:30:00,2026-07-08 14:30:00,1.9981,1.99968,1.9981,1.9995,2966.0
2026-07-08 09:45:00,2026-07-08 06:45:00,2026-07-08 14:45:00,1.9995,2.00016,1.99925,1.99935,2718.0
2026-07-08 10:00:00,2026-07-08 07:00:00,2026-07-08 15:00:00,1.99938,2.00161,1.99927,2.00069,3153.0
2026-07-08 10:15:00,2026-07-08 07:15:00,2026-07-08 15:15:00,2.00069,2.00103,1.99999,2.00075,3076.0
2026-07-08 10:30:00,2026-07-08 07:30:00,2026-07-08 15:30:00,2.00076,2.00078,1.99903,1.99904,2674.0
2026-07-08 10:45:00,2026-07-08 07:45:00,2026-07-08 15:45:00,1.99904,1.99906,1.99821,1.99857,2531.0
2026-07-08 11:00:00,2026-07-08 08:00:00,2026-07-08 16:00:00,1.99854,1.99922,1.99848,1.99892,2921.0
2026-07-08 11:15:00,2026-07-08 08:15:00,2026-07-08 16:15:00,1.99892,2.00283,1.99885,2.00037,5279.0
2026-07-08 11:30:00,2026-07-08 08:30:00,2026-07-08 16:30:00,2.00038,2.00238,2.00014,2.00216,4836.0
2026-07-08 11:45:00,2026-07-08 08:45:00,2026-07-08 16:45:00,2.00217,2.00399,2.00167,2.00355,4537.0
2026-07-08 12:00:00,2026-07-08 09:00:00,2026-07-08 17:00:00,2.00355,2.00399,2.00313,2.00347,4412.0
2026-07-08 12:15:00,2026-07-08 09:15:00,2026-07-08 17:15:00,2.00349,2.00424,2.00315,2.0036,4304.0
2026-07-08 12:30:00,2026-07-08 09:30:00,2026-07-08 17:30:00,2.00361,2.00412,2.00289,2.00294,3572.0
2026-07-08 12:45:00,2026-07-08 09:45:00,2026-07-08 17:45:00,2.00294,2.00304,2.00222,2.00269,3456.0
2026-07-08 13:00:00,2026-07-08 10:00:00,2026-07-08 18:00:00,2.00269,2.00317,2.00229,2.00277,3282.0
2026-07-08 13:15:00,2026-07-08 10:15:00,2026-07-08 18:15:00,2.00276,2.0029,2.002,2.00243,3041.0
2026-07-08 13:30:00,2026-07-08 10:30:00,2026-07-08 18:30:00,2.00243,2.00269,2.00128,2.00128,2861.0
2026-07-08 13:45:00,2026-07-08 10:45:00,2026-07-08 18:45:00,2.00128,2.00182,2.00113,2.00177,2493.0
2026-07-08 14:00:00,2026-07-08 11:00:00,2026-07-08 19:00:00,2.00177,2.00301,2.00177,2.00276,2751.0
2026-07-08 14:15:00,2026-07-08 11:15:00,2026-07-08 19:15:00,2.00277,2.00358,2.00255,2.00329,2387.0
2026-07-08 14:30:00,2026-07-08 11:30:00,2026-07-08 19:30:00,2.00329,2.00495,2.00294,2.00351,3238.0
2026-07-08 14:45:00,2026-07-08 11:45:00,2026-07-08 19:45:00,2.00353,2.00364,2.00283,2.00321,3527.0
2026-07-08 15:00:00,2026-07-08 12:00:00,2026-07-08 20:00:00,2.00319,2.00386,2.00157,2.00167,3832.0
2026-07-08 15:15:00,2026-07-08 12:15:00,2026-07-08 20:15:00,2.00167,2.00169,2.00061,2.00067,3734.0
2026-07-08 15:30:00,2026-07-08 12:30:00,2026-07-08 20:30:00,2.00067,2.0014,2.00046,2.00067,3227.0
2026-07-08 15:45:00,2026-07-08 12:45:00,2026-07-08 20:45:00,2.00067,2.00182,2.0002,2.0017,3705.0
2026-07-08 16:00:00,2026-07-08 13:00:00,2026-07-08 21:00:00,2.00171,2.00176,2.00095,2.00137,3992.0
2026-07-08 16:15:00,2026-07-08 13:15:00,2026-07-08 21:15:00,2.00137,2.00245,2.00121,2.00239,3623.0
2026-07-08 16:30:00,2026-07-08 13:30:00,2026-07-08 21:30:00,2.00236,2.00278,2.00169,2.00257,4278.0
2026-07-08 16:45:00,2026-07-08 13:45:00,2026-07-08 21:45:00,2.00257,2.00438,2.00198,2.0038,4322.0
2026-07-08 17:00:00,2026-07-08 14:00:00,2026-07-08 22:00:00,2.00383,2.0043,2.00353,2.00383,4106.0
2026-07-08 17:15:00,2026-07-08 14:15:00,2026-07-08 22:15:00,2.00387,2.00401,2.00237,2.00313,4043.0
2026-07-08 17:30:00,2026-07-08 14:30:00,2026-07-08 22:30:00,2.00316,2.00348,2.00262,2.00306,4179.0
2026-07-08 17:45:00,2026-07-08 14:45:00,2026-07-08 22:45:00,2.00304,2.00507,2.00299,2.00428,3652.0
2026-07-08 18:00:00,2026-07-08 15:00:00,2026-07-08 23:00:00,2.00428,2.00482,2.00366,2.00478,3577.0
2026-07-08 18:15:00,2026-07-08 15:15:00,2026-07-08 23:15:00,2.00477,2.00505,2.00415,2.00479,3949.0
2026-07-08 18:30:00,2026-07-08 15:30:00,2026-07-08 23:30:00,2.0048,2.00547,2.00438,2.00495,3924.0
2026-07-08 18:45:00,2026-07-08 15:45:00,2026-07-08 23:45:00,2.00497,2.00545,2.00438,2.00533,3581.0
2026-07-08 19:00:00,2026-07-08 16:00:00,2026-07-09 00:00:00,2.00532,2.0054,2.00476,2.0048,3272.0
2026-07-08 19:15:00,2026-07-08 16:15:00,2026-07-09 00:15:00,2.00482,2.00498,2.00452,2.0046,2927.0
2026-07-08 19:30:00,2026-07-08 16:30:00,2026-07-09 00:30:00,2.00462,2.00485,2.00371,2.00386,3666.0
2026-07-08 19:45:00,2026-07-08 16:45:00,2026-07-09 00:45:00,2.00386,2.00409,2.00351,2.00387,3278.0
2026-07-08 20:00:00,2026-07-08 17:00:00,2026-07-09 01:00:00,2.00387,2.00409,2.00281,2.0033,3175.0
2026-07-08 20:15:00,2026-07-08 17:15:00,2026-07-09 01:15:00,2.0033,2.0034,2.00267,2.00302,3045.0
2026-07-08 20:30:00,2026-07-08 17:30:00,2026-07-09 01:30:00,2.00302,2.00326,2.00286,2.00318,2573.0
2026-07-08 20:45:00,2026-07-08 17:45:00,2026-07-09 01:45:00,2.00318,2.00369,2.00317,2.00346,1999.0
2026-07-08 21:00:00,2026-07-08 18:00:00,2026-07-09 02:00:00,2.00341,2.00372,2.00272,2.00279,2371.0
2026-07-08 21:15:00,2026-07-08 18:15:00,2026-07-09 02:15:00,2.00275,2.00321,2.00245,2.00247,2420.0
2026-07-08 21:30:00,2026-07-08 18:30:00,2026-07-09 02:30:00,2.00251,2.00276,2.00188,2.00188,2315.0
2026-07-08 21:45:00,2026-07-08 18:45:00,2026-07-09 02:45:00,2.00188,2.00233,2.00139,2.00218,2186.0
2026-07-08 22:00:00,2026-07-08 19:00:00,2026-07-09 03:00:00,2.00218,2.00241,2.00184,2.0021,2218.0
2026-07-08 22:15:00,2026-07-08 19:15:00,2026-07-09 03:15:00,2.00208,2.00236,2.00194,2.00199,1634.0
2026-07-08 22:30:00,2026-07-08 19:30:00,2026-07-09 03:30:00,2.00201,2.00224,2.00187,2.00208,1754.0
2026-07-08 22:45:00,2026-07-08 19:45:00,2026-07-09 03:45:00,2.00208,2.00278,2.00196,2.00269,2724.0
2026-07-08 23:00:00,2026-07-08 20:00:00,2026-07-09 04:00:00,2.00269,2.00301,2.00231,2.00299,1687.0
2026-07-08 23:15:00,2026-07-08 20:15:00,2026-07-09 04:15:00,2.00299,2.00333,2.00296,2.00317,1253.0
2026-07-08 23:30:00,2026-07-08 20:30:00,2026-07-09 04:30:00,2.00319,2.00374,2.00298,2.00303,1351.0
2026-07-08 23:45:00,2026-07-08 20:45:00,2026-07-09 04:45:00,2.00298,2.00309,2.00285,2.00289,602.0
2026-07-09 00:15:00,2026-07-08 21:15:00,2026-07-09 05:15:00,2.00218,2.00233,2.00067,2.00233,12.0
2026-07-09 01:00:00,2026-07-08 22:00:00,2026-07-09 06:00:00,2.00008,2.00277,2.00008,2.00242,856.0
2026-07-09 01:15:00,2026-07-08 22:15:00,2026-07-09 06:15:00,2.00242,2.00294,2.00224,2.00284,717.0
2026-07-09 01:30:00,2026-07-08 22:30:00,2026-07-09 06:30:00,2.00287,2.00311,2.0021,2.00245,597.0
2026-07-09 01:45:00,2026-07-08 22:45:00,2026-07-09 06:45:00,2.00245,2.00247,2.00186,2.00202,557.0
2026-07-09 02:00:00,2026-07-08 23:00:00,2026-07-09 07:00:00,2.002,2.00205,2.00044,2.00051,496.0
2026-07-09 02:15:00,2026-07-08 23:15:00,2026-07-09 07:15:00,2.00051,2.00069,1.99984,2.00032,536.0
2026-07-09 02:30:00,2026-07-08 23:30:00,2026-07-09 07:30:00,2.00032,2.00046,1.99918,1.99925,864.0
2026-07-09 02:45:00,2026-07-08 23:45:00,2026-07-09 07:45:00,1.99925,1.99953,1.99848,1.99852,937.0
2026-07-09 03:00:00,2026-07-09 00:00:00,2026-07-09 08:00:00,1.99851,1.99858,1.9975,1.99757,2397.0
2026-07-09 03:15:00,2026-07-09 00:15:00,2026-07-09 08:15:00,1.99754,1.99763,1.9955,1.99564,2161.0
2026-07-09 03:30:00,2026-07-09 00:30:00,2026-07-09 08:30:00,1.99565,1.99665,1.99504,1.99663,2260.0
2026-07-09 03:45:00,2026-07-09 00:45:00,2026-07-09 08:45:00,1.9966,1.99679,1.99606,1.99618,2230.0
2026-07-09 04:00:00,2026-07-09 01:00:00,2026-07-09 09:00:00,1.99618,1.99684,1.99529,1.99678,2454.0
2026-07-09 04:15:00,2026-07-09 01:15:00,2026-07-09 09:15:00,1.9968,1.99764,1.99638,1.99745,2096.0
2026-07-09 04:30:00,2026-07-09 01:30:00,2026-07-09 09:30:00,1.99745,1.99797,1.99691,1.99739,2335.0
2026-07-09 04:45:00,2026-07-09 01:45:00,2026-07-09 09:45:00,1.99739,1.99764,1.99654,1.99675,2010.0
2026-07-09 05:00:00,2026-07-09 02:00:00,2026-07-09 10:00:00,1.99678,1.99755,1.99659,1.99714,2178.0
2026-07-09 05:15:00,2026-07-09 02:15:00,2026-07-09 10:15:00,1.99713,1.99735,1.99613,1.99644,1592.0
2026-07-09 05:30:00,2026-07-09 02:30:00,2026-07-09 10:30:00,1.99644,1.99763,1.99618,1.9974,1991.0
2026-07-09 05:45:00,2026-07-09 02:45:00,2026-07-09 10:45:00,1.99742,1.99763,1.99708,1.99743,1938.0
2026-07-09 06:00:00,2026-07-09 03:00:00,2026-07-09 11:00:00,1.99743,1.99785,1.99688,1.99693,1828.0
2026-07-09 06:15:00,2026-07-09 03:15:00,2026-07-09 11:15:00,1.99698,1.99761,1.99684,1.99691,1607.0
2026-07-09 06:30:00,2026-07-09 03:30:00,2026-07-09 11:30:00,1.99684,1.99714,1.99628,1.99661,1963.0
2026-07-09 06:45:00,2026-07-09 03:45:00,2026-07-09 11:45:00,1.99661,1.99686,1.99626,1.99663,1597.0
2026-07-09 07:00:00,2026-07-09 04:00:00,2026-07-09 12:00:00,1.99663,1.99679,1.99618,1.9963,1773.0
2026-07-09 07:15:00,2026-07-09 04:15:00,2026-07-09 12:15:00,1.9963,1.99715,1.99605,1.99701,1416.0
2026-07-09 07:30:00,2026-07-09 04:30:00,2026-07-09 12:30:00,1.99701,1.99714,1.99644,1.99652,1273.0
2026-07-09 07:45:00,2026-07-09 04:45:00,2026-07-09 12:45:00,1.99654,1.99661,1.99565,1.99574,1142.0
2026-07-09 08:00:00,2026-07-09 05:00:00,2026-07-09 13:00:00,1.99574,1.9966,1.99556,1.99614,2050.0
2026-07-09 08:15:00,2026-07-09 05:15:00,2026-07-09 13:15:00,1.99614,1.99714,1.99607,1.99663,1986.0
2026-07-09 08:30:00,2026-07-09 05:30:00,2026-07-09 13:30:00,1.99663,1.997,1.99602,1.99695,2144.0
2026-07-09 08:45:00,2026-07-09 05:45:00,2026-07-09 13:45:00,1.99695,1.99696,1.99609,1.99637,1904.0
2026-07-09 09:00:00,2026-07-09 06:00:00,2026-07-09 14:00:00,1.99634,1.99679,1.99557,1.99639,2590.0
2026-07-09 09:15:00,2026-07-09 06:15:00,2026-07-09 14:15:00,1.99639,1.99664,1.99596,1.99639,2796.0
2026-07-09 09:30:00,2026-07-09 06:30:00,2026-07-09 14:30:00,1.9964,1.99712,1.99574,1.99696,2851.0
2026-07-09 09:45:00,2026-07-09 06:45:00,2026-07-09 14:45:00,1.99695,1.99712,1.9966,1.99676,2364.0
2026-07-09 10:00:00,2026-07-09 07:00:00,2026-07-09 15:00:00,1.99679,1.99734,1.99659,1.99702,2850.0
2026-07-09 10:15:00,2026-07-09 07:15:00,2026-07-09 15:15:00,1.99703,1.99705,1.99585,1.99615,2300.0
2026-07-09 10:30:00,2026-07-09 07:30:00,2026-07-09 15:30:00,1.99615,1.99649,1.99592,1.99613,2145.0
2026-07-09 10:45:00,2026-07-09 07:45:00,2026-07-09 15:45:00,1.99612,1.99615,1.99435,1.99447,2177.0
2026-07-09 11:00:00,2026-07-09 08:00:00,2026-07-09 16:00:00,1.99447,1.99471,1.99372,1.99453,2515.0
2026-07-09 11:15:00,2026-07-09 08:15:00,2026-07-09 16:15:00,1.99453,1.99455,1.99312,1.99328,2300.0
2026-07-09 11:30:00,2026-07-09 08:30:00,2026-07-09 16:30:00,1.99329,1.99345,1.99257,1.99284,2254.0
2026-07-09 11:45:00,2026-07-09 08:45:00,2026-07-09 16:45:00,1.99284,1.9931,1.99204,1.99227,2164.0
2026-07-09 12:00:00,2026-07-09 09:00:00,2026-07-09 17:00:00,1.9923,1.99334,1.99223,1.99308,2337.0
2026-07-09 12:15:00,2026-07-09 09:15:00,2026-07-09 17:15:00,1.99308,1.99411,1.99306,1.99318,2067.0
2026-07-09 12:30:00,2026-07-09 09:30:00,2026-07-09 17:30:00,1.99318,1.99371,1.99285,1.99342,2227.0
2026-07-09 12:45:00,2026-07-09 09:45:00,2026-07-09 17:45:00,1.99342,1.99357,1.99275,1.99281,1915.0
2026-07-09 13:00:00,2026-07-09 10:00:00,2026-07-09 18:00:00,1.99281,1.99287,1.99159,1.99201,2049.0
2026-07-09 13:15:00,2026-07-09 10:15:00,2026-07-09 18:15:00,1.99201,1.99215,1.9916,1.99176,1792.0
2026-07-09 13:30:00,2026-07-09 10:30:00,2026-07-09 18:30:00,1.99176,1.99208,1.99164,1.99205,1794.0
2026-07-09 13:45:00,2026-07-09 10:45:00,2026-07-09 18:45:00,1.99205,1.99318,1.992,1.99254,2949.0
2026-07-09 14:00:00,2026-07-09 11:00:00,2026-07-09 19:00:00,1.99254,1.99289,1.9922,1.99272,2809.0
2026-07-09 14:15:00,2026-07-09 11:15:00,2026-07-09 19:15:00,1.99277,1.99355,1.99277,1.9934,2109.0
2026-07-09 14:30:00,2026-07-09 11:30:00,2026-07-09 19:30:00,1.99345,1.99374,1.99282,1.99316,2044.0
2026-07-09 14:45:00,2026-07-09 11:45:00,2026-07-09 19:45:00,1.99316,1.99318,1.99237,1.9928,2196.0
2026-07-09 15:00:00,2026-07-09 12:00:00,2026-07-09 20:00:00,1.99282,1.99291,1.99117,1.99144,2787.0
2026-07-09 15:15:00,2026-07-09 12:15:00,2026-07-09 20:15:00,1.99144,1.99173,1.99082,1.99082,2385.0
2026-07-09 15:30:00,2026-07-09 12:30:00,2026-07-09 20:30:00,1.99074,1.9911,1.98921,1.98984,2679.0
2026-07-09 15:45:00,2026-07-09 12:45:00,2026-07-09 20:45:00,1.98982,1.99009,1.98932,1.98942,2788.0
2026-07-09 16:00:00,2026-07-09 13:00:00,2026-07-09 21:00:00,1.98944,1.99019,1.98891,1.98997,2762.0
2026-07-09 16:15:00,2026-07-09 13:15:00,2026-07-09 21:15:00,1.98998,1.9901,1.98913,1.98926,2843.0
2026-07-09 16:30:00,2026-07-09 13:30:00,2026-07-09 21:30:00,1.98927,1.98944,1.98859,1.98935,3405.0
2026-07-09 16:45:00,2026-07-09 13:45:00,2026-07-09 21:45:00,1.98933,1.99017,1.98933,1.98975,3151.0
2026-07-09 17:00:00,2026-07-09 14:00:00,2026-07-09 22:00:00,1.9897,1.99024,1.98954,1.98995,3359.0
2026-07-09 17:15:00,2026-07-09 14:15:00,2026-07-09 22:15:00,1.98995,1.99028,1.98892,1.98927,3393.0
2026-07-09 17:30:00,2026-07-09 14:30:00,2026-07-09 22:30:00,1.98926,1.99033,1.98921,1.98969,3071.0
2026-07-09 17:45:00,2026-07-09 14:45:00,2026-07-09 22:45:00,1.98968,1.98991,1.98845,1.98872,3609.0
2026-07-09 18:00:00,2026-07-09 15:00:00,2026-07-09 23:00:00,1.98873,1.98885,1.98723,1.98766,3201.0
2026-07-09 18:15:00,2026-07-09 15:15:00,2026-07-09 23:15:00,1.98765,1.9879,1.98672,1.98689,2888.0
2026-07-09 18:30:00,2026-07-09 15:30:00,2026-07-09 23:30:00,1.98689,1.98716,1.98633,1.9869,2457.0
2026-07-09 18:45:00,2026-07-09 15:45:00,2026-07-09 23:45:00,1.9869,1.9869,1.9857,1.98597,2518.0
2026-07-09 19:00:00,2026-07-09 16:00:00,2026-07-10 00:00:00,1.98599,1.98601,1.98554,1.98569,2159.0
2026-07-09 19:15:00,2026-07-09 16:15:00,2026-07-10 00:15:00,1.98568,1.98621,1.98545,1.98582,2021.0
2026-07-09 19:30:00,2026-07-09 16:30:00,2026-07-10 00:30:00,1.9858,1.98637,1.98564,1.98589,1901.0
2026-07-09 19:45:00,2026-07-09 16:45:00,2026-07-10 00:45:00,1.98589,1.98631,1.98554,1.98621,1565.0
2026-07-09 20:00:00,2026-07-09 17:00:00,2026-07-10 01:00:00,1.98623,1.98642,1.98594,1.98611,1854.0
2026-07-09 20:15:00,2026-07-09 17:15:00,2026-07-10 01:15:00,1.98611,1.98625,1.98538,1.98542,1775.0
2026-07-09 20:30:00,2026-07-09 17:30:00,2026-07-10 01:30:00,1.9854,1.98549,1.98489,1.98501,1660.0
2026-07-09 20:45:00,2026-07-09 17:45:00,2026-07-10 01:45:00,1.98503,1.98513,1.98463,1.98505,1466.0
2026-07-09 21:00:00,2026-07-09 18:00:00,2026-07-10 02:00:00,1.98506,1.98519,1.98483,1.98495,1474.0
2026-07-09 21:15:00,2026-07-09 18:15:00,2026-07-10 02:15:00,1.98495,1.98568,1.98494,1.98561,1738.0
2026-07-09 21:30:00,2026-07-09 18:30:00,2026-07-10 02:30:00,1.98563,1.98572,1.9852,1.98545,1516.0
2026-07-09 21:45:00,2026-07-09 18:45:00,2026-07-10 02:45:00,1.98546,1.98564,1.98534,1.98546,1309.0
2026-07-09 22:00:00,2026-07-09 19:00:00,2026-07-10 03:00:00,1.98543,1.9856,1.98517,1.98526,1234.0
2026-07-09 22:15:00,2026-07-09 19:15:00,2026-07-10 03:15:00,1.98526,1.98544,1.98507,1.98534,1226.0
2026-07-09 22:30:00,2026-07-09 19:30:00,2026-07-10 03:30:00,1.98534,1.98558,1.98529,1.98544,1378.0
2026-07-09 22:45:00,2026-07-09 19:45:00,2026-07-10 03:45:00,1.98544,1.98568,1.98522,1.98544,1395.0
2026-07-09 23:00:00,2026-07-09 20:00:00,2026-07-10 04:00:00,1.98543,1.9855,1.98503,1.9854,1014.0
2026-07-09 23:15:00,2026-07-09 20:15:00,2026-07-10 04:15:00,1.98538,1.98541,1.98458,1.98458,790.0
2026-07-09 23:30:00,2026-07-09 20:30:00,2026-07-10 04:30:00,1.98459,1.98512,1.98459,1.98508,524.0
2026-07-09 23:45:00,2026-07-09 20:45:00,2026-07-10 04:45:00,1.98508,1.98623,1.98503,1.98583,549.0
2026-07-10 01:00:00,2026-07-09 22:00:00,2026-07-10 06:00:00,1.98366,1.98663,1.98366,1.98643,922.0
2026-07-10 01:15:00,2026-07-09 22:15:00,2026-07-10 06:15:00,1.98641,1.98648,1.98572,1.98585,545.0
2026-07-10 01:30:00,2026-07-09 22:30:00,2026-07-10 06:30:00,1.98588,1.98603,1.98542,1.9856,304.0
2026-07-10 01:45:00,2026-07-09 22:45:00,2026-07-10 06:45:00,1.9856,1.9856,1.98539,1.98549,338.0
2026-07-10 02:00:00,2026-07-09 23:00:00,2026-07-10 07:00:00,1.98551,1.98562,1.98498,1.98522,382.0
2026-07-10 02:15:00,2026-07-09 23:15:00,2026-07-10 07:15:00,1.98523,1.9853,1.98492,1.98508,398.0
2026-07-10 02:30:00,2026-07-09 23:30:00,2026-07-10 07:30:00,1.98508,1.98515,1.98479,1.98489,443.0
2026-07-10 02:45:00,2026-07-09 23:45:00,2026-07-10 07:45:00,1.98489,1.98501,1.9843,1.98431,574.0
2026-07-10 03:00:00,2026-07-10 00:00:00,2026-07-10 08:00:00,1.98431,1.98511,1.98411,1.98496,2025.0
2026-07-10 03:15:00,2026-07-10 00:15:00,2026-07-10 08:15:00,1.98496,1.98499,1.98429,1.9847,1537.0
2026-07-10 03:30:00,2026-07-10 00:30:00,2026-07-10 08:30:00,1.9847,1.98511,1.98357,1.98362,1783.0
2026-07-10 03:45:00,2026-07-10 00:45:00,2026-07-10 08:45:00,1.98362,1.98365,1.98155,1.98163,2821.0
2026-07-10 04:00:00,2026-07-10 01:00:00,2026-07-10 09:00:00,1.98161,1.98206,1.98053,1.98124,3080.0
2026-07-10 04:15:00,2026-07-10 01:15:00,2026-07-10 09:15:00,1.98124,1.98126,1.98015,1.98086,2643.0
2026-07-10 04:30:00,2026-07-10 01:30:00,2026-07-10 09:30:00,1.98086,1.98139,1.98056,1.98063,2437.0
2026-07-10 04:45:00,2026-07-10 01:45:00,2026-07-10 09:45:00,1.98066,1.9808,1.97858,1.979,2798.0
2026-07-10 05:00:00,2026-07-10 02:00:00,2026-07-10 10:00:00,1.97902,1.97965,1.97879,1.97929,3021.0
2026-07-10 05:15:00,2026-07-10 02:15:00,2026-07-10 10:15:00,1.97931,1.97971,1.97841,1.97897,2790.0
2026-07-10 05:30:00,2026-07-10 02:30:00,2026-07-10 10:30:00,1.97892,1.97964,1.97873,1.97888,2618.0
2026-07-10 05:45:00,2026-07-10 02:45:00,2026-07-10 10:45:00,1.97887,1.97938,1.97813,1.97923,2566.0
2026-07-10 06:00:00,2026-07-10 03:00:00,2026-07-10 11:00:00,1.97923,1.9795,1.97893,1.97935,1887.0
2026-07-10 06:15:00,2026-07-10 03:15:00,2026-07-10 11:15:00,1.97932,1.97948,1.97904,1.97909,1611.0
2026-07-10 06:30:00,2026-07-10 03:30:00,2026-07-10 11:30:00,1.97909,1.97919,1.97871,1.97892,1594.0
2026-07-10 06:45:00,2026-07-10 03:45:00,2026-07-10 11:45:00,1.9789,1.9798,1.97885,1.97972,1612.0
2026-07-10 07:00:00,2026-07-10 04:00:00,2026-07-10 12:00:00,1.97972,1.98032,1.97959,1.98019,1388.0
2026-07-10 07:15:00,2026-07-10 04:15:00,2026-07-10 12:15:00,1.98021,1.98052,1.98021,1.98044,1395.0
2026-07-10 07:30:00,2026-07-10 04:30:00,2026-07-10 12:30:00,1.98042,1.98087,1.98035,1.98084,1071.0
2026-07-10 07:45:00,2026-07-10 04:45:00,2026-07-10 12:45:00,1.98084,1.98132,1.98075,1.98125,1573.0
2026-07-10 08:00:00,2026-07-10 05:00:00,2026-07-10 13:00:00,1.98126,1.98155,1.9808,1.98108,1849.0
2026-07-10 08:15:00,2026-07-10 05:15:00,2026-07-10 13:15:00,1.98109,1.98229,1.98098,1.98202,1643.0
2026-07-10 08:30:00,2026-07-10 05:30:00,2026-07-10 13:30:00,1.98201,1.98288,1.98197,1.9824,1838.0
2026-07-10 08:45:00,2026-07-10 05:45:00,2026-07-10 13:45:00,1.98238,1.98283,1.98215,1.98282,1879.0
2026-07-10 09:00:00,2026-07-10 06:00:00,2026-07-10 14:00:00,1.98276,1.98276,1.98116,1.98131,2291.0
2026-07-10 09:15:00,2026-07-10 06:15:00,2026-07-10 14:15:00,1.98131,1.98246,1.98071,1.98181,2582.0
2026-07-10 09:30:00,2026-07-10 06:30:00,2026-07-10 14:30:00,1.98182,1.98231,1.98131,1.98209,2626.0
2026-07-10 09:45:00,2026-07-10 06:45:00,2026-07-10 14:45:00,1.98208,1.98246,1.98181,1.98195,2350.0
2026-07-10 10:00:00,2026-07-10 07:00:00,2026-07-10 15:00:00,1.98195,1.98227,1.9817,1.98192,2606.0
2026-07-10 10:15:00,2026-07-10 07:15:00,2026-07-10 15:15:00,1.98192,1.98275,1.98185,1.98236,2491.0
2026-07-10 10:30:00,2026-07-10 07:30:00,2026-07-10 15:30:00,1.98236,1.98263,1.98203,1.98248,2471.0
2026-07-10 10:45:00,2026-07-10 07:45:00,2026-07-10 15:45:00,1.98251,1.98312,1.98218,1.98225,2155.0
2026-07-10 11:00:00,2026-07-10 08:00:00,2026-07-10 16:00:00,1.98225,1.98258,1.98162,1.98168,2956.0
2026-07-10 11:15:00,2026-07-10 08:15:00,2026-07-10 16:15:00,1.98168,1.98257,1.98138,1.98246,2522.0
2026-07-10 11:30:00,2026-07-10 08:30:00,2026-07-10 16:30:00,1.9825,1.98282,1.98218,1.98235,2691.0
2026-07-10 11:45:00,2026-07-10 08:45:00,2026-07-10 16:45:00,1.98235,1.98242,1.98188,1.98203,2508.0
2026-07-10 12:00:00,2026-07-10 09:00:00,2026-07-10 17:00:00,1.98203,1.9826,1.98179,1.98197,2189.0
2026-07-10 12:15:00,2026-07-10 09:15:00,2026-07-10 17:15:00,1.98196,1.98202,1.98152,1.98167,2069.0
2026-07-10 12:30:00,2026-07-10 09:30:00,2026-07-10 17:30:00,1.98167,1.98188,1.98108,1.9811,1827.0
2026-07-10 12:45:00,2026-07-10 09:45:00,2026-07-10 17:45:00,1.9811,1.98114,1.9801,1.98031,1826.0
2026-07-10 13:00:00,2026-07-10 10:00:00,2026-07-10 18:00:00,1.98031,1.98057,1.97985,1.9805,1803.0
2026-07-10 13:15:00,2026-07-10 10:15:00,2026-07-10 18:15:00,1.9805,1.98063,1.98016,1.98058,1793.0
2026-07-10 13:30:00,2026-07-10 10:30:00,2026-07-10 18:30:00,1.98058,1.981,1.98041,1.98088,1793.0
2026-07-10 13:45:00,2026-07-10 10:45:00,2026-07-10 18:45:00,1.98088,1.98169,1.98088,1.98137,2097.0
2026-07-10 14:00:00,2026-07-10 11:00:00,2026-07-10 19:00:00,1.98139,1.98165,1.98119,1.98133,2215.0
2026-07-10 14:15:00,2026-07-10 11:15:00,2026-07-10 19:15:00,1.98132,1.9824,1.98122,1.98238,2247.0
2026-07-10 14:30:00,2026-07-10 11:30:00,2026-07-10 19:30:00,1.98242,1.9827,1.98138,1.98143,2275.0
2026-07-10 14:45:00,2026-07-10 11:45:00,2026-07-10 19:45:00,1.98143,1.98143,1.98076,1.981,2382.0
2026-07-10 15:00:00,2026-07-10 12:00:00,2026-07-10 20:00:00,1.98101,1.98118,1.97992,1.98008,3012.0
2026-07-10 15:15:00,2026-07-10 12:15:00,2026-07-10 20:15:00,1.9801,1.98047,1.97979,1.98036,2377.0
2026-07-10 15:30:00,2026-07-10 12:30:00,2026-07-10 20:30:00,1.98036,1.98113,1.98009,1.98103,3044.0
2026-07-10 15:45:00,2026-07-10 12:45:00,2026-07-10 20:45:00,1.98104,1.98111,1.9807,1.98088,2866.0
2026-07-10 16:00:00,2026-07-10 13:00:00,2026-07-10 21:00:00,1.98089,1.98101,1.97988,1.9799,2725.0
2026-07-10 16:15:00,2026-07-10 13:15:00,2026-07-10 21:15:00,1.9799,1.98061,1.97954,1.98054,2476.0
2026-07-10 16:30:00,2026-07-10 13:30:00,2026-07-10 21:30:00,1.98055,1.98057,1.97918,1.97953,3324.0
2026-07-10 16:45:00,2026-07-10 13:45:00,2026-07-10 21:45:00,1.97952,1.9809,1.97921,1.98071,3271.0
2026-07-10 17:00:00,2026-07-10 14:00:00,2026-07-10 22:00:00,1.98071,1.98145,1.98043,1.98128,3100.0
2026-07-10 17:15:00,2026-07-10 14:15:00,2026-07-10 22:15:00,1.9813,1.98135,1.98061,1.98121,3066.0
2026-07-10 17:30:00,2026-07-10 14:30:00,2026-07-10 22:30:00,1.98121,1.98351,1.98089,1.98254,4393.0
2026-07-10 17:45:00,2026-07-10 14:45:00,2026-07-10 22:45:00,1.98252,1.98297,1.98196,1.98252,3586.0
2026-07-10 18:00:00,2026-07-10 15:00:00,2026-07-10 23:00:00,1.98248,1.98287,1.98222,1.98235,3587.0
2026-07-10 18:15:00,2026-07-10 15:15:00,2026-07-10 23:15:00,1.98232,1.98235,1.98083,1.98107,3633.0
2026-07-10 18:30:00,2026-07-10 15:30:00,2026-07-10 23:30:00,1.98109,1.98145,1.98095,1.98127,3053.0
2026-07-10 18:45:00,2026-07-10 15:45:00,2026-07-10 23:45:00,1.98129,1.98157,1.98113,1.98123,2828.0
2026-07-10 19:00:00,2026-07-10 16:00:00,2026-07-11 00:00:00,1.98123,1.98171,1.98074,1.98077,3035.0
2026-07-10 19:15:00,2026-07-10 16:15:00,2026-07-11 00:15:00,1.98076,1.98098,1.98034,1.98052,2849.0
2026-07-10 19:30:00,2026-07-10 16:30:00,2026-07-11 00:30:00,1.9805,1.98053,1.97999,1.98008,2238.0
2026-07-10 19:45:00,2026-07-10 16:45:00,2026-07-11 00:45:00,1.98008,1.98021,1.97982,1.98019,2331.0
2026-07-10 20:00:00,2026-07-10 17:00:00,2026-07-11 01:00:00,1.98017,1.98043,1.98002,1.98026,1866.0
2026-07-10 20:15:00,2026-07-10 17:15:00,2026-07-11 01:15:00,1.98026,1.98029,1.97978,1.9801,1850.0
2026-07-10 20:30:00,2026-07-10 17:30:00,2026-07-11 01:30:00,1.9801,1.98031,1.97992,1.98013,1790.0
2026-07-10 20:45:00,2026-07-10 17:45:00,2026-07-11 01:45:00,1.98013,1.98074,1.98002,1.9807,1821.0
2026-07-10 21:00:00,2026-07-10 18:00:00,2026-07-11 02:00:00,1.98067,1.98077,1.98046,1.98055,1784.0
2026-07-10 21:15:00,2026-07-10 18:15:00,2026-07-11 02:15:00,1.98056,1.98089,1.98048,1.98055,1609.0
2026-07-10 21:30:00,2026-07-10 18:30:00,2026-07-11 02:30:00,1.98055,1.98064,1.98025,1.98028,1723.0
2026-07-10 21:45:00,2026-07-10 18:45:00,2026-07-11 02:45:00,1.9803,1.98049,1.98004,1.98036,1453.0
2026-07-10 22:00:00,2026-07-10 19:00:00,2026-07-11 03:00:00,1.98032,1.9807,1.98018,1.98065,1314.0
2026-07-10 22:15:00,2026-07-10 19:15:00,2026-07-11 03:15:00,1.98068,1.98082,1.98058,1.98067,1117.0
2026-07-10 22:30:00,2026-07-10 19:30:00,2026-07-11 03:30:00,1.98066,1.98089,1.98044,1.98089,1015.0
2026-07-10 22:45:00,2026-07-10 19:45:00,2026-07-11 03:45:00,1.98089,1.98099,1.9806,1.98064,1332.0
2026-07-10 23:00:00,2026-07-10 20:00:00,2026-07-11 04:00:00,1.98065,1.98089,1.98038,1.98079,983.0
2026-07-10 23:15:00,2026-07-10 20:15:00,2026-07-11 04:15:00,1.98082,1.98104,1.98011,1.98017,879.0
2026-07-10 23:30:00,2026-07-10 20:30:00,2026-07-11 04:30:00,1.98015,1.98031,1.98001,1.9801,681.0
2026-07-10 23:45:00,2026-07-10 20:45:00,2026-07-11 04:45:00,1.98011,1.98023,1.97988,1.98008,427.0
2026-07-13 00:00:00,2026-07-12 21:00:00,2026-07-13 05:00:00,1.97735,1.97824,1.97712,1.97823,128.0
2026-07-13 00:15:00,2026-07-12 21:15:00,2026-07-13 05:15:00,1.97823,1.97843,1.97753,1.97838,109.0
2026-07-13 00:30:00,2026-07-12 21:30:00,2026-07-13 05:30:00,1.97837,1.97838,1.9772,1.97729,126.0
2026-07-13 00:45:00,2026-07-12 21:45:00,2026-07-13 05:45:00,1.97728,1.97787,1.97721,1.97787,167.0
2026-07-13 01:00:00,2026-07-12 22:00:00,2026-07-13 06:00:00,1.97858,1.98134,1.97858,1.98088,2729.0
2026-07-13 01:15:00,2026-07-12 22:15:00,2026-07-13 06:15:00,1.9809,1.98149,1.98058,1.98061,1910.0
2026-07-13 01:30:00,2026-07-12 22:30:00,2026-07-13 06:30:00,1.98061,1.98137,1.98008,1.98125,1525.0
2026-07-13 01:45:00,2026-07-12 22:45:00,2026-07-13 06:45:00,1.98127,1.98159,1.98113,1.98154,874.0
2026-07-13 02:00:00,2026-07-12 23:00:00,2026-07-13 07:00:00,1.98155,1.98228,1.98106,1.98111,1208.0
2026-07-13 02:15:00,2026-07-12 23:15:00,2026-07-13 07:15:00,1.98113,1.98151,1.98105,1.98117,915.0
2026-07-13 02:30:00,2026-07-12 23:30:00,2026-07-13 07:30:00,1.98118,1.98137,1.98102,1.98115,912.0
2026-07-13 02:45:00,2026-07-12 23:45:00,2026-07-13 07:45:00,1.98115,1.98136,1.98055,1.98057,1717.0
2026-07-13 03:00:00,2026-07-13 00:00:00,2026-07-13 08:00:00,1.98058,1.98071,1.98,1.98009,3241.0
2026-07-13 03:15:00,2026-07-13 00:15:00,2026-07-13 08:15:00,1.9801,1.98116,1.97986,1.98115,2946.0
2026-07-13 03:30:00,2026-07-13 00:30:00,2026-07-13 08:30:00,1.98114,1.98204,1.98106,1.98153,2681.0
2026-07-13 03:45:00,2026-07-13 00:45:00,2026-07-13 08:45:00,1.98154,1.98228,1.98136,1.98162,2598.0
2026-07-13 04:00:00,2026-07-13 01:00:00,2026-07-13 09:00:00,1.98161,1.98187,1.98054,1.98059,2962.0
2026-07-13 04:15:00,2026-07-13 01:15:00,2026-07-13 09:15:00,1.98059,1.98061,1.97866,1.97873,3150.0
2026-07-13 04:30:00,2026-07-13 01:30:00,2026-07-13 09:30:00,1.97872,1.97912,1.97729,1.9773,3268.0
2026-07-13 04:45:00,2026-07-13 01:45:00,2026-07-13 09:45:00,1.9773,1.9773,1.97492,1.97555,3132.0
2026-07-13 05:00:00,2026-07-13 02:00:00,2026-07-13 10:00:00,1.97557,1.97685,1.97549,1.97683,2814.0
2026-07-13 05:15:00,2026-07-13 02:15:00,2026-07-13 10:15:00,1.97684,1.97701,1.97612,1.97625,2048.0
2026-07-13 05:30:00,2026-07-13 02:30:00,2026-07-13 10:30:00,1.97624,1.97697,1.97592,1.97674,2037.0
2026-07-13 05:45:00,2026-07-13 02:45:00,2026-07-13 10:45:00,1.97674,1.97725,1.97651,1.97719,1893.0
2026-07-13 06:00:00,2026-07-13 03:00:00,2026-07-13 11:00:00,1.9772,1.97889,1.97713,1.97861,2051.0
2026-07-13 06:15:00,2026-07-13 03:15:00,2026-07-13 11:15:00,1.97861,1.97885,1.97822,1.97827,1741.0
2026-07-13 06:30:00,2026-07-13 03:30:00,2026-07-13 11:30:00,1.97825,1.97906,1.97811,1.97896,1889.0
2026-07-13 06:45:00,2026-07-13 03:45:00,2026-07-13 11:45:00,1.97895,1.97983,1.97876,1.97942,1586.0
2026-07-13 07:00:00,2026-07-13 04:00:00,2026-07-13 12:00:00,1.97941,1.98086,1.97937,1.98033,1521.0
2026-07-13 07:15:00,2026-07-13 04:15:00,2026-07-13 12:15:00,1.98031,1.98129,1.98029,1.98085,1639.0
2026-07-13 07:30:00,2026-07-13 04:30:00,2026-07-13 12:30:00,1.98077,1.98118,1.98042,1.98095,1342.0
2026-07-13 07:45:00,2026-07-13 04:45:00,2026-07-13 12:45:00,1.98094,1.98114,1.98029,1.98046,1442.0
2026-07-13 08:00:00,2026-07-13 05:00:00,2026-07-13 13:00:00,1.98044,1.9806,1.97968,1.97987,2306.0
2026-07-13 08:15:00,2026-07-13 05:15:00,2026-07-13 13:15:00,1.97987,1.98124,1.97964,1.9812,2250.0
2026-07-13 08:30:00,2026-07-13 05:30:00,2026-07-13 13:30:00,1.98121,1.98147,1.98024,1.98048,2959.0
2026-07-13 08:45:00,2026-07-13 05:45:00,2026-07-13 13:45:00,1.98052,1.98161,1.98013,1.98064,3134.0
2026-07-13 09:00:00,2026-07-13 06:00:00,2026-07-13 14:00:00,1.98069,1.98146,1.9801,1.98137,3045.0
2026-07-13 09:15:00,2026-07-13 06:15:00,2026-07-13 14:15:00,1.98136,1.98137,1.98038,1.98044,2461.0
2026-07-13 09:30:00,2026-07-13 06:30:00,2026-07-13 14:30:00,1.98044,1.98078,1.97974,1.98001,2570.0
2026-07-13 09:45:00,2026-07-13 06:45:00,2026-07-13 14:45:00,1.98003,1.98023,1.97918,1.97918,2498.0
2026-07-13 10:00:00,2026-07-13 07:00:00,2026-07-13 15:00:00,1.97913,1.97946,1.97779,1.97825,3179.0
2026-07-13 10:15:00,2026-07-13 07:15:00,2026-07-13 15:15:00,1.97826,1.97912,1.97815,1.97899,2526.0
2026-07-13 10:30:00,2026-07-13 07:30:00,2026-07-13 15:30:00,1.97897,1.98035,1.97897,1.98027,3090.0
2026-07-13 10:45:00,2026-07-13 07:45:00,2026-07-13 15:45:00,1.98027,1.98033,1.97886,1.97886,3144.0
2026-07-13 11:00:00,2026-07-13 08:00:00,2026-07-13 16:00:00,1.97885,1.97906,1.97824,1.97883,3694.0
2026-07-13 11:15:00,2026-07-13 08:15:00,2026-07-13 16:15:00,1.97884,1.97908,1.97829,1.97868,3224.0
2026-07-13 11:30:00,2026-07-13 08:30:00,2026-07-13 16:30:00,1.9787,1.97898,1.97742,1.97755,2657.0
2026-07-13 11:45:00,2026-07-13 08:45:00,2026-07-13 16:45:00,1.97752,1.97776,1.97673,1.97721,2799.0
2026-07-13 12:00:00,2026-07-13 09:00:00,2026-07-13 17:00:00,1.97719,1.97789,1.97719,1.97759,2154.0
2026-07-13 12:15:00,2026-07-13 09:15:00,2026-07-13 17:15:00,1.97759,1.97792,1.97724,1.97768,2238.0
2026-07-13 12:30:00,2026-07-13 09:30:00,2026-07-13 17:30:00,1.97765,1.97785,1.97723,1.9773,2454.0
2026-07-13 12:45:00,2026-07-13 09:45:00,2026-07-13 17:45:00,1.97731,1.9776,1.9768,1.97736,2139.0
2026-07-13 13:00:00,2026-07-13 10:00:00,2026-07-13 18:00:00,1.97732,1.97845,1.97723,1.97827,2128.0
2026-07-13 13:15:00,2026-07-13 10:15:00,2026-07-13 18:15:00,1.97824,1.9793,1.97824,1.97882,2020.0
2026-07-13 13:30:00,2026-07-13 10:30:00,2026-07-13 18:30:00,1.97882,1.97882,1.97817,1.97822,2176.0
2026-07-13 13:45:00,2026-07-13 10:45:00,2026-07-13 18:45:00,1.97822,1.97831,1.97774,1.97774,2215.0
2026-07-13 14:00:00,2026-07-13 11:00:00,2026-07-13 19:00:00,1.97775,1.97777,1.97657,1.97663,2591.0
2026-07-13 14:15:00,2026-07-13 11:15:00,2026-07-13 19:15:00,1.9766,1.97672,1.97584,1.976,2308.0
2026-07-13 14:30:00,2026-07-13 11:30:00,2026-07-13 19:30:00,1.976,1.97619,1.97542,1.97554,2435.0
2026-07-13 14:45:00,2026-07-13 11:45:00,2026-07-13 19:45:00,1.97554,1.97666,1.97552,1.97662,2296.0
2026-07-13 15:00:00,2026-07-13 12:00:00,2026-07-13 20:00:00,1.97659,1.97788,1.97649,1.9778,2739.0
2026-07-13 15:15:00,2026-07-13 12:15:00,2026-07-13 20:15:00,1.97781,1.97783,1.97679,1.9771,2632.0
2026-07-13 15:30:00,2026-07-13 12:30:00,2026-07-13 20:30:00,1.9771,1.97717,1.97664,1.97667,2646.0
2026-07-13 15:45:00,2026-07-13 12:45:00,2026-07-13 20:45:00,1.97666,1.97667,1.97538,1.97547,2458.0
2026-07-13 16:00:00,2026-07-13 13:00:00,2026-07-13 21:00:00,1.97547,1.97552,1.97455,1.97519,2809.0
2026-07-13 16:15:00,2026-07-13 13:15:00,2026-07-13 21:15:00,1.97519,1.97551,1.97457,1.97472,2739.0
2026-07-13 16:30:00,2026-07-13 13:30:00,2026-07-13 21:30:00,1.97471,1.97654,1.97459,1.97634,3729.0
2026-07-13 16:45:00,2026-07-13 13:45:00,2026-07-13 21:45:00,1.97632,1.97659,1.97475,1.97491,3432.0
2026-07-13 17:00:00,2026-07-13 14:00:00,2026-07-13 22:00:00,1.97491,1.97585,1.97455,1.97559,3311.0
2026-07-13 17:15:00,2026-07-13 14:15:00,2026-07-13 22:15:00,1.97559,1.97692,1.97523,1.97561,4250.0
2026-07-13 17:30:00,2026-07-13 14:30:00,2026-07-13 22:30:00,1.97557,1.97598,1.97523,1.97548,3778.0
2026-07-13 17:45:00,2026-07-13 14:45:00,2026-07-13 22:45:00,1.97549,1.97643,1.97544,1.97598,4089.0
2026-07-13 18:00:00,2026-07-13 15:00:00,2026-07-13 23:00:00,1.97596,1.97607,1.97491,1.97518,3323.0
2026-07-13 18:15:00,2026-07-13 15:15:00,2026-07-13 23:15:00,1.97518,1.97596,1.97516,1.97545,2973.0
2026-07-13 18:30:00,2026-07-13 15:30:00,2026-07-13 23:30:00,1.97544,1.97587,1.97532,1.97568,2667.0
2026-07-13 18:45:00,2026-07-13 15:45:00,2026-07-13 23:45:00,1.97569,1.97618,1.97559,1.97604,2494.0
2026-07-13 19:00:00,2026-07-13 16:00:00,2026-07-14 00:00:00,1.97604,1.97609,1.97525,1.97555,2073.0
2026-07-13 19:15:00,2026-07-13 16:15:00,2026-07-14 00:15:00,1.97555,1.97676,1.97545,1.97659,2536.0
2026-07-13 19:30:00,2026-07-13 16:30:00,2026-07-14 00:30:00,1.97657,1.97898,1.97651,1.97813,4255.0
2026-07-13 19:45:00,2026-07-13 16:45:00,2026-07-14 00:45:00,1.9781,1.97893,1.97791,1.97833,3428.0
2026-07-13 20:00:00,2026-07-13 17:00:00,2026-07-14 01:00:00,1.97833,1.97857,1.97788,1.97792,2586.0
2026-07-13 20:15:00,2026-07-13 17:15:00,2026-07-14 01:15:00,1.97792,1.97802,1.97756,1.97788,2162.0
2026-07-13 20:30:00,2026-07-13 17:30:00,2026-07-14 01:30:00,1.97783,1.97831,1.97778,1.97818,2036.0
2026-07-13 20:45:00,2026-07-13 17:45:00,2026-07-14 01:45:00,1.97821,1.97907,1.97785,1.97881,1982.0
2026-07-13 21:00:00,2026-07-13 18:00:00,2026-07-14 02:00:00,1.97884,1.97925,1.97868,1.97888,2181.0
2026-07-13 21:15:00,2026-07-13 18:15:00,2026-07-14 02:15:00,1.97891,1.97979,1.97887,1.97922,2367.0
2026-07-13 21:30:00,2026-07-13 18:30:00,2026-07-14 02:30:00,1.97921,1.97934,1.97882,1.97895,1898.0
2026-07-13 21:45:00,2026-07-13 18:45:00,2026-07-14 02:45:00,1.97895,1.97907,1.97879,1.97891,1585.0
2026-07-13 22:00:00,2026-07-13 19:00:00,2026-07-14 03:00:00,1.97891,1.97909,1.97859,1.97903,1674.0
2026-07-13 22:15:00,2026-07-13 19:15:00,2026-07-14 03:15:00,1.97903,1.98022,1.979,1.98012,1777.0
2026-07-13 22:30:00,2026-07-13 19:30:00,2026-07-14 03:30:00,1.9801,1.98027,1.97984,1.97991,1512.0
2026-07-13 22:45:00,2026-07-13 19:45:00,2026-07-14 03:45:00,1.9799,1.98005,1.97929,1.97943,1380.0
2026-07-13 23:00:00,2026-07-13 20:00:00,2026-07-14 04:00:00,1.97945,1.98036,1.97939,1.98018,1428.0
2026-07-13 23:15:00,2026-07-13 20:15:00,2026-07-14 04:15:00,1.98018,1.98085,1.97986,1.97987,1000.0
2026-07-13 23:30:00,2026-07-13 20:30:00,2026-07-14 04:30:00,1.97987,1.98005,1.97965,1.97967,742.0
2026-07-13 23:45:00,2026-07-13 20:45:00,2026-07-14 04:45:00,1.97965,1.97975,1.97902,1.97908,471.0
2026-07-14 01:00:00,2026-07-13 22:00:00,2026-07-14 06:00:00,1.97888,1.97908,1.97778,1.97796,1263.0
2026-07-14 01:15:00,2026-07-13 22:15:00,2026-07-14 06:15:00,1.97796,1.97818,1.97761,1.97806,877.0
2026-07-14 01:30:00,2026-07-13 22:30:00,2026-07-14 06:30:00,1.97806,1.97806,1.97727,1.97754,660.0
2026-07-14 01:45:00,2026-07-13 22:45:00,2026-07-14 06:45:00,1.97752,1.97777,1.97718,1.9777,761.0
2026-07-14 02:00:00,2026-07-13 23:00:00,2026-07-14 07:00:00,1.97766,1.97776,1.97672,1.97675,846.0
2026-07-14 02:15:00,2026-07-13 23:15:00,2026-07-14 07:15:00,1.97679,1.97699,1.9766,1.9767,841.0
2026-07-14 02:30:00,2026-07-13 23:30:00,2026-07-14 07:30:00,1.9767,1.97685,1.97456,1.97489,1059.0
2026-07-14 02:45:00,2026-07-13 23:45:00,2026-07-14 07:45:00,1.97494,1.97578,1.97476,1.97496,1815.0
2026-07-14 03:00:00,2026-07-14 00:00:00,2026-07-14 08:00:00,1.97496,1.97639,1.97471,1.97551,3548.0
2026-07-14 03:15:00,2026-07-14 00:15:00,2026-07-14 08:15:00,1.97551,1.97619,1.97414,1.97418,3528.0
2026-07-14 03:30:00,2026-07-14 00:30:00,2026-07-14 08:30:00,1.97416,1.97437,1.97169,1.97177,3255.0
2026-07-14 03:45:00,2026-07-14 00:45:00,2026-07-14 08:45:00,1.97177,1.97218,1.97028,1.97065,3439.0
2026-07-14 04:00:00,2026-07-14 01:00:00,2026-07-14 09:00:00,1.97064,1.97101,1.97007,1.97073,2946.0
2026-07-14 04:15:00,2026-07-14 01:15:00,2026-07-14 09:15:00,1.97072,1.97156,1.9697,1.97101,2952.0
2026-07-14 04:30:00,2026-07-14 01:30:00,2026-07-14 09:30:00,1.97101,1.97153,1.97072,1.97083,2712.0
2026-07-14 04:45:00,2026-07-14 01:45:00,2026-07-14 09:45:00,1.9708,1.97155,1.9703,1.97083,2492.0
2026-07-14 05:00:00,2026-07-14 02:00:00,2026-07-14 10:00:00,1.97083,1.97095,1.96946,1.96958,2391.0
2026-07-14 05:15:00,2026-07-14 02:15:00,2026-07-14 10:15:00,1.96958,1.96961,1.96853,1.9686,1992.0
2026-07-14 05:30:00,2026-07-14 02:30:00,2026-07-14 10:30:00,1.96858,1.96906,1.96784,1.9681,2095.0
2026-07-14 05:45:00,2026-07-14 02:45:00,2026-07-14 10:45:00,1.96808,1.96851,1.96797,1.96823,2181.0
2026-07-14 06:00:00,2026-07-14 03:00:00,2026-07-14 11:00:00,1.96825,1.96829,1.9677,1.96784,2144.0
2026-07-14 06:15:00,2026-07-14 03:15:00,2026-07-14 11:15:00,1.96781,1.96795,1.96682,1.96698,2077.0
2026-07-14 06:30:00,2026-07-14 03:30:00,2026-07-14 11:30:00,1.96698,1.96718,1.96599,1.96697,2650.0
2026-07-14 06:45:00,2026-07-14 03:45:00,2026-07-14 11:45:00,1.96697,1.96729,1.96653,1.96727,1900.0
2026-07-14 07:00:00,2026-07-14 04:00:00,2026-07-14 12:00:00,1.96732,1.96827,1.96723,1.96812,1884.0
2026-07-14 07:15:00,2026-07-14 04:15:00,2026-07-14 12:15:00,1.96812,1.96886,1.96784,1.96849,1716.0
2026-07-14 07:30:00,2026-07-14 04:30:00,2026-07-14 12:30:00,1.9685,1.96921,1.96799,1.9685,2024.0
2026-07-14 07:45:00,2026-07-14 04:45:00,2026-07-14 12:45:00,1.96849,1.96861,1.96741,1.96749,1765.0
2026-07-14 08:00:00,2026-07-14 05:00:00,2026-07-14 13:00:00,1.96747,1.96778,1.96658,1.96671,1748.0
2026-07-14 08:15:00,2026-07-14 05:15:00,2026-07-14 13:15:00,1.96671,1.96685,1.96638,1.96651,1822.0
2026-07-14 08:30:00,2026-07-14 05:30:00,2026-07-14 13:30:00,1.96654,1.96654,1.96518,1.96571,2180.0
2026-07-14 08:45:00,2026-07-14 05:45:00,2026-07-14 13:45:00,1.96573,1.96622,1.96548,1.96578,2121.0
2026-07-14 09:00:00,2026-07-14 06:00:00,2026-07-14 14:00:00,1.96585,1.96641,1.96574,1.9662,2456.0
2026-07-14 09:15:00,2026-07-14 06:15:00,2026-07-14 14:15:00,1.96619,1.9673,1.96619,1.96729,2276.0
2026-07-14 09:30:00,2026-07-14 06:30:00,2026-07-14 14:30:00,1.96729,1.96836,1.96691,1.96807,2470.0
2026-07-14 09:45:00,2026-07-14 06:45:00,2026-07-14 14:45:00,1.96809,1.96877,1.96783,1.96832,2172.0
2026-07-14 10:00:00,2026-07-14 07:00:00,2026-07-14 15:00:00,1.96834,1.96837,1.96658,1.96669,2820.0
2026-07-14 10:15:00,2026-07-14 07:15:00,2026-07-14 15:15:00,1.96669,1.96673,1.96549,1.96588,2562.0
2026-07-14 10:30:00,2026-07-14 07:30:00,2026-07-14 15:30:00,1.9659,1.96663,1.96586,1.96632,3097.0
2026-07-14 10:45:00,2026-07-14 07:45:00,2026-07-14 15:45:00,1.9663,1.96666,1.96575,1.96638,2904.0
2026-07-14 11:00:00,2026-07-14 08:00:00,2026-07-14 16:00:00,1.9664,1.96752,1.96638,1.96727,2868.0
2026-07-14 11:15:00,2026-07-14 08:15:00,2026-07-14 16:15:00,1.96725,1.96778,1.96716,1.96774,2732.0
2026-07-14 11:30:00,2026-07-14 08:30:00,2026-07-14 16:30:00,1.96773,1.96799,1.96586,1.9662,2549.0
2026-07-14 11:45:00,2026-07-14 08:45:00,2026-07-14 16:45:00,1.9662,1.96655,1.96567,1.96636,2695.0
2026-07-14 12:00:00,2026-07-14 09:00:00,2026-07-14 17:00:00,1.96636,1.96653,1.96463,1.96464,2820.0
2026-07-14 12:15:00,2026-07-14 09:15:00,2026-07-14 17:15:00,1.96462,1.9648,1.96421,1.96468,2524.0
2026-07-14 12:30:00,2026-07-14 09:30:00,2026-07-14 17:30:00,1.96468,1.96468,1.96373,1.96405,2315.0
2026-07-14 12:45:00,2026-07-14 09:45:00,2026-07-14 17:45:00,1.96407,1.96409,1.96333,1.96382,2456.0
2026-07-14 13:00:00,2026-07-14 10:00:00,2026-07-14 18:00:00,1.96382,1.96417,1.96332,1.96413,2191.0
2026-07-14 13:15:00,2026-07-14 10:15:00,2026-07-14 18:15:00,1.96413,1.96416,1.96341,1.96375,2273.0
2026-07-14 13:30:00,2026-07-14 10:30:00,2026-07-14 18:30:00,1.96374,1.96544,1.96369,1.96511,2645.0
2026-07-14 13:45:00,2026-07-14 10:45:00,2026-07-14 18:45:00,1.96511,1.96521,1.96463,1.96498,2355.0
2026-07-14 14:00:00,2026-07-14 11:00:00,2026-07-14 19:00:00,1.96498,1.96542,1.96479,1.96491,2848.0
2026-07-14 14:15:00,2026-07-14 11:15:00,2026-07-14 19:15:00,1.96493,1.9654,1.96434,1.9645,2539.0
2026-07-14 14:30:00,2026-07-14 11:30:00,2026-07-14 19:30:00,1.96448,1.96492,1.96388,1.96477,2508.0
2026-07-14 14:45:00,2026-07-14 11:45:00,2026-07-14 19:45:00,1.96475,1.96588,1.96475,1.96586,2814.0
2026-07-14 15:00:00,2026-07-14 12:00:00,2026-07-14 20:00:00,1.96586,1.9669,1.96543,1.96681,3006.0
2026-07-14 15:15:00,2026-07-14 12:15:00,2026-07-14 20:15:00,1.9668,1.96697,1.96571,1.96593,3148.0
2026-07-14 15:30:00,2026-07-14 12:30:00,2026-07-14 20:30:00,1.96579,1.96579,1.95766,1.96428,5010.0
2026-07-14 15:45:00,2026-07-14 12:45:00,2026-07-14 20:45:00,1.96428,1.96669,1.96422,1.96646,5471.0
2026-07-14 16:00:00,2026-07-14 13:00:00,2026-07-14 21:00:00,1.96646,1.96664,1.96503,1.96524,5294.0
2026-07-14 16:15:00,2026-07-14 13:15:00,2026-07-14 21:15:00,1.96526,1.96639,1.96498,1.96576,4474.0
2026-07-14 16:30:00,2026-07-14 13:30:00,2026-07-14 21:30:00,1.96577,1.96636,1.965,1.96612,4683.0
2026-07-14 16:45:00,2026-07-14 13:45:00,2026-07-14 21:45:00,1.96614,1.96731,1.96611,1.96688,4058.0
2026-07-14 17:00:00,2026-07-14 14:00:00,2026-07-14 22:00:00,1.96683,1.9676,1.96641,1.96748,3914.0
2026-07-14 17:15:00,2026-07-14 14:15:00,2026-07-14 22:15:00,1.96748,1.96853,1.96602,1.96679,4466.0
2026-07-14 17:30:00,2026-07-14 14:30:00,2026-07-14 22:30:00,1.96682,1.96687,1.96544,1.96584,4147.0
2026-07-14 17:45:00,2026-07-14 14:45:00,2026-07-14 22:45:00,1.96584,1.96749,1.96562,1.96747,4044.0
2026-07-14 18:00:00,2026-07-14 15:00:00,2026-07-14 23:00:00,1.96746,1.96773,1.96591,1.96591,4201.0
2026-07-14 18:15:00,2026-07-14 15:15:00,2026-07-14 23:15:00,1.96594,1.96669,1.96588,1.96621,3448.0
2026-07-14 18:30:00,2026-07-14 15:30:00,2026-07-14 23:30:00,1.96622,1.96829,1.966,1.96781,3760.0
2026-07-14 18:45:00,2026-07-14 15:45:00,2026-07-14 23:45:00,1.96784,1.9682,1.96744,1.96781,3868.0
2026-07-14 19:00:00,2026-07-14 16:00:00,2026-07-15 00:00:00,1.96781,1.96883,1.96773,1.96795,3245.0
2026-07-14 19:15:00,2026-07-14 16:15:00,2026-07-15 00:15:00,1.96795,1.9682,1.96765,1.96768,2595.0
2026-07-14 19:30:00,2026-07-14 16:30:00,2026-07-15 00:30:00,1.96768,1.96768,1.96686,1.96711,2296.0
2026-07-14 19:45:00,2026-07-14 16:45:00,2026-07-15 00:45:00,1.96709,1.96745,1.96669,1.96669,1968.0
2026-07-14 20:00:00,2026-07-14 17:00:00,2026-07-15 01:00:00,1.96672,1.96731,1.96653,1.96721,2620.0
2026-07-14 20:15:00,2026-07-14 17:15:00,2026-07-15 01:15:00,1.96723,1.96735,1.96654,1.96684,2517.0
2026-07-14 20:30:00,2026-07-14 17:30:00,2026-07-15 01:30:00,1.96684,1.96684,1.9661,1.96615,1986.0
2026-07-14 20:45:00,2026-07-14 17:45:00,2026-07-15 01:45:00,1.96615,1.96647,1.96602,1.96617,1993.0
2026-07-14 21:00:00,2026-07-14 18:00:00,2026-07-15 02:00:00,1.96617,1.96636,1.96585,1.96592,1712.0
2026-07-14 21:15:00,2026-07-14 18:15:00,2026-07-15 02:15:00,1.96592,1.96619,1.96579,1.96603,1785.0
2026-07-14 21:30:00,2026-07-14 18:30:00,2026-07-15 02:30:00,1.96606,1.96669,1.96593,1.96643,2355.0
2026-07-14 21:45:00,2026-07-14 18:45:00,2026-07-15 02:45:00,1.96642,1.96645,1.96587,1.966,1831.0
2026-07-14 22:00:00,2026-07-14 19:00:00,2026-07-15 03:00:00,1.966,1.96654,1.966,1.96641,1624.0
2026-07-14 22:15:00,2026-07-14 19:15:00,2026-07-15 03:15:00,1.96639,1.96656,1.96618,1.96635,1769.0
2026-07-14 22:30:00,2026-07-14 19:30:00,2026-07-15 03:30:00,1.96632,1.96671,1.96628,1.96633,1905.0
2026-07-14 22:45:00,2026-07-14 19:45:00,2026-07-15 03:45:00,1.96633,1.9664,1.96604,1.96632,1745.0
2026-07-14 23:00:00,2026-07-14 20:00:00,2026-07-15 04:00:00,1.96632,1.96653,1.9659,1.96639,1228.0
2026-07-14 23:15:00,2026-07-14 20:15:00,2026-07-15 04:15:00,1.96636,1.96644,1.96584,1.96604,834.0
2026-07-14 23:30:00,2026-07-14 20:30:00,2026-07-15 04:30:00,1.96604,1.96628,1.96597,1.96611,643.0
2026-07-14 23:45:00,2026-07-14 20:45:00,2026-07-15 04:45:00,1.96611,1.96619,1.96533,1.96533,470.0
2026-07-15 01:00:00,2026-07-14 22:00:00,2026-07-15 06:00:00,1.96275,1.96543,1.96271,1.96538,1292.0
2026-07-15 01:15:00,2026-07-14 22:15:00,2026-07-15 06:15:00,1.96539,1.96553,1.96492,1.96496,976.0
2026-07-15 01:30:00,2026-07-14 22:30:00,2026-07-15 06:30:00,1.965,1.9655,1.96494,1.96536,884.0
2026-07-15 01:45:00,2026-07-14 22:45:00,2026-07-15 06:45:00,1.96536,1.96583,1.96533,1.96572,727.0
2026-07-15 02:00:00,2026-07-14 23:00:00,2026-07-15 07:00:00,1.96572,1.96633,1.96555,1.96627,909.0
2026-07-15 02:15:00,2026-07-14 23:15:00,2026-07-15 07:15:00,1.96627,1.96676,1.96611,1.96641,732.0
2026-07-15 02:30:00,2026-07-14 23:30:00,2026-07-15 07:30:00,1.96641,1.96654,1.96552,1.9656,1093.0
2026-07-15 02:45:00,2026-07-14 23:45:00,2026-07-15 07:45:00,1.9656,1.96584,1.96537,1.96538,1088.0
2026-07-15 03:00:00,2026-07-15 00:00:00,2026-07-15 08:00:00,1.96536,1.96632,1.96513,1.96586,2417.0
2026-07-15 03:15:00,2026-07-15 00:15:00,2026-07-15 08:15:00,1.96584,1.96586,1.96345,1.96364,2160.0
2026-07-15 03:30:00,2026-07-15 00:30:00,2026-07-15 08:30:00,1.96364,1.96535,1.96355,1.96503,2069.0
2026-07-15 03:45:00,2026-07-15 00:45:00,2026-07-15 08:45:00,1.96505,1.9651,1.96364,1.96382,2496.0
2026-07-15 04:00:00,2026-07-15 01:00:00,2026-07-15 09:00:00,1.9638,1.96459,1.96329,1.96344,2956.0
2026-07-15 04:15:00,2026-07-15 01:15:00,2026-07-15 09:15:00,1.96344,1.96443,1.96296,1.96438,2709.0
2026-07-15 04:30:00,2026-07-15 01:30:00,2026-07-15 09:30:00,1.96438,1.96526,1.963,1.96362,2735.0
2026-07-15 04:45:00,2026-07-15 01:45:00,2026-07-15 09:45:00,1.96362,1.96433,1.96322,1.96342,2647.0
2026-07-15 05:00:00,2026-07-15 02:00:00,2026-07-15 10:00:00,1.9634,1.96467,1.96325,1.96462,2247.0
2026-07-15 05:15:00,2026-07-15 02:15:00,2026-07-15 10:15:00,1.96462,1.96546,1.96462,1.96501,1709.0
2026-07-15 05:30:00,2026-07-15 02:30:00,2026-07-15 10:30:00,1.96497,1.96519,1.96474,1.96501,1934.0
2026-07-15 05:45:00,2026-07-15 02:45:00,2026-07-15 10:45:00,1.96504,1.96661,1.96499,1.96649,1964.0
2026-07-15 06:00:00,2026-07-15 03:00:00,2026-07-15 11:00:00,1.96652,1.96764,1.96651,1.96733,1938.0
2026-07-15 06:15:00,2026-07-15 03:15:00,2026-07-15 11:15:00,1.96735,1.9681,1.9673,1.96769,2013.0
2026-07-15 06:30:00,2026-07-15 03:30:00,2026-07-15 11:30:00,1.96769,1.96812,1.96755,1.96791,1779.0
2026-07-15 06:45:00,2026-07-15 03:45:00,2026-07-15 11:45:00,1.96793,1.96797,1.96647,1.96674,1811.0
2026-07-15 07:00:00,2026-07-15 04:00:00,2026-07-15 12:00:00,1.96674,1.96763,1.9665,1.9675,1576.0
2026-07-15 07:15:00,2026-07-15 04:15:00,2026-07-15 12:15:00,1.9675,1.96751,1.96699,1.96722,1490.0
2026-07-15 07:30:00,2026-07-15 04:30:00,2026-07-15 12:30:00,1.9672,1.96764,1.96704,1.96706,1423.0
2026-07-15 07:45:00,2026-07-15 04:45:00,2026-07-15 12:45:00,1.96704,1.96706,1.96642,1.96679,1364.0
2026-07-15 08:00:00,2026-07-15 05:00:00,2026-07-15 13:00:00,1.96679,1.9668,1.9662,1.96648,2254.0
2026-07-15 08:15:00,2026-07-15 05:15:00,2026-07-15 13:15:00,1.96651,1.96714,1.96621,1.96674,1940.0
2026-07-15 08:30:00,2026-07-15 05:30:00,2026-07-15 13:30:00,1.96674,1.96677,1.96606,1.96649,2080.0
2026-07-15 08:45:00,2026-07-15 05:45:00,2026-07-15 13:45:00,1.96653,1.96658,1.9657,1.96641,2077.0
2026-07-15 09:00:00,2026-07-15 06:00:00,2026-07-15 14:00:00,1.96641,1.96665,1.96541,1.96553,2134.0
2026-07-15 09:15:00,2026-07-15 06:15:00,2026-07-15 14:15:00,1.96551,1.9656,1.96469,1.96543,1915.0
2026-07-15 09:30:00,2026-07-15 06:30:00,2026-07-15 14:30:00,1.96545,1.96656,1.96535,1.96615,2018.0
2026-07-15 09:45:00,2026-07-15 06:45:00,2026-07-15 14:45:00,1.96615,1.96625,1.9651,1.96524,3067.0
2026-07-15 10:00:00,2026-07-15 07:00:00,2026-07-15 15:00:00,1.96532,1.96558,1.96382,1.96384,3100.0
2026-07-15 10:15:00,2026-07-15 07:15:00,2026-07-15 15:15:00,1.96385,1.96484,1.96368,1.96422,2957.0
2026-07-15 10:30:00,2026-07-15 07:30:00,2026-07-15 15:30:00,1.96424,1.96442,1.96323,1.96333,2557.0
2026-07-15 10:45:00,2026-07-15 07:45:00,2026-07-15 15:45:00,1.96333,1.96352,1.96276,1.96301,2183.0
2026-07-15 11:00:00,2026-07-15 08:00:00,2026-07-15 16:00:00,1.96302,1.9634,1.96249,1.96328,2682.0
2026-07-15 11:15:00,2026-07-15 08:15:00,2026-07-15 16:15:00,1.9633,1.96345,1.96227,1.96252,2563.0
2026-07-15 11:30:00,2026-07-15 08:30:00,2026-07-15 16:30:00,1.96255,1.96332,1.96225,1.9632,2066.0
2026-07-15 11:45:00,2026-07-15 08:45:00,2026-07-15 16:45:00,1.9632,1.96379,1.96281,1.96285,2042.0
2026-07-15 12:00:00,2026-07-15 09:00:00,2026-07-15 17:00:00,1.96285,1.96291,1.96231,1.96254,2444.0
2026-07-15 12:15:00,2026-07-15 09:15:00,2026-07-15 17:15:00,1.96253,1.96305,1.96171,1.96199,2241.0
2026-07-15 12:30:00,2026-07-15 09:30:00,2026-07-15 17:30:00,1.96199,1.96252,1.96182,1.96186,2138.0
2026-07-15 12:45:00,2026-07-15 09:45:00,2026-07-15 17:45:00,1.96189,1.9627,1.96187,1.96215,2518.0
2026-07-15 13:00:00,2026-07-15 10:00:00,2026-07-15 18:00:00,1.96217,1.96289,1.96137,1.96147,2520.0
2026-07-15 13:15:00,2026-07-15 10:15:00,2026-07-15 18:15:00,1.96145,1.9632,1.96134,1.96295,2550.0
2026-07-15 13:30:00,2026-07-15 10:30:00,2026-07-15 18:30:00,1.96294,1.96298,1.96172,1.96187,2433.0
2026-07-15 13:45:00,2026-07-15 10:45:00,2026-07-15 18:45:00,1.96189,1.96212,1.96161,1.96177,1896.0
2026-07-15 14:00:00,2026-07-15 11:00:00,2026-07-15 19:00:00,1.96179,1.9619,1.96116,1.96139,2271.0
2026-07-15 14:15:00,2026-07-15 11:15:00,2026-07-15 19:15:00,1.96139,1.96203,1.96124,1.96171,2211.0
2026-07-15 14:30:00,2026-07-15 11:30:00,2026-07-15 19:30:00,1.96171,1.96231,1.96171,1.96189,1917.0
2026-07-15 14:45:00,2026-07-15 11:45:00,2026-07-15 19:45:00,1.96193,1.96196,1.9602,1.9606,3087.0
2026-07-15 15:00:00,2026-07-15 12:00:00,2026-07-15 20:00:00,1.96064,1.9614,1.96058,1.96074,2617.0
2026-07-15 15:15:00,2026-07-15 12:15:00,2026-07-15 20:15:00,1.96074,1.96153,1.96071,1.96086,2451.0
2026-07-15 15:30:00,2026-07-15 12:30:00,2026-07-15 20:30:00,1.96088,1.96113,1.95987,1.95997,4000.0
2026-07-15 15:45:00,2026-07-15 12:45:00,2026-07-15 20:45:00,1.95997,1.96026,1.95948,1.9597,3350.0
2026-07-15 16:00:00,2026-07-15 13:00:00,2026-07-15 21:00:00,1.95953,1.96058,1.95909,1.9605,3435.0
2026-07-15 16:15:00,2026-07-15 13:15:00,2026-07-15 21:15:00,1.96055,1.96072,1.95976,1.96051,2976.0
2026-07-15 16:30:00,2026-07-15 13:30:00,2026-07-15 21:30:00,1.96052,1.96102,1.96011,1.96045,3117.0
2026-07-15 16:45:00,2026-07-15 13:45:00,2026-07-15 21:45:00,1.96045,1.9614,1.96003,1.9607,3546.0
2026-07-15 17:00:00,2026-07-15 14:00:00,2026-07-15 22:00:00,1.96071,1.96085,1.95988,1.9605,3025.0
2026-07-15 17:15:00,2026-07-15 14:15:00,2026-07-15 22:15:00,1.96048,1.96052,1.9594,1.95971,3669.0
2026-07-15 17:30:00,2026-07-15 14:30:00,2026-07-15 22:30:00,1.95969,1.9604,1.95948,1.96012,3740.0
2026-07-15 17:45:00,2026-07-15 14:45:00,2026-07-15 22:45:00,1.96012,1.96037,1.95904,1.95954,4276.0
2026-07-15 18:00:00,2026-07-15 15:00:00,2026-07-15 23:00:00,1.9596,1.96025,1.95944,1.96013,3302.0
2026-07-15 18:15:00,2026-07-15 15:15:00,2026-07-15 23:15:00,1.96011,1.96025,1.95807,1.95829,3297.0
2026-07-15 18:30:00,2026-07-15 15:30:00,2026-07-15 23:30:00,1.95826,1.95852,1.95794,1.95807,3227.0
2026-07-15 18:45:00,2026-07-15 15:45:00,2026-07-15 23:45:00,1.95807,1.95879,1.95778,1.95875,3068.0
2026-07-15 19:00:00,2026-07-15 16:00:00,2026-07-16 00:00:00,1.95877,1.95911,1.95828,1.95881,2535.0
2026-07-15 19:15:00,2026-07-15 16:15:00,2026-07-16 00:15:00,1.95881,1.95927,1.95857,1.95896,2702.0
2026-07-15 19:30:00,2026-07-15 16:30:00,2026-07-16 00:30:00,1.95898,1.96002,1.95885,1.95995,2568.0
2026-07-15 19:45:00,2026-07-15 16:45:00,2026-07-16 00:45:00,1.95996,1.9606,1.95955,1.96002,3195.0
2026-07-15 20:00:00,2026-07-15 17:00:00,2026-07-16 01:00:00,1.96,1.9604,1.95958,1.96025,2939.0
2026-07-15 20:15:00,2026-07-15 17:15:00,2026-07-16 01:15:00,1.96026,1.96034,1.95965,1.95965,2514.0
2026-07-15 20:30:00,2026-07-15 17:30:00,2026-07-16 01:30:00,1.95965,1.95972,1.95852,1.95869,3223.0
2026-07-15 20:45:00,2026-07-15 17:45:00,2026-07-16 01:45:00,1.95863,1.95899,1.95841,1.95865,2986.0
2026-07-15 21:00:00,2026-07-15 18:00:00,2026-07-16 02:00:00,1.95867,1.95872,1.958,1.9583,2375.0
2026-07-15 21:15:00,2026-07-15 18:15:00,2026-07-16 02:15:00,1.95829,1.95838,1.95783,1.9582,2176.0
2026-07-15 21:30:00,2026-07-15 18:30:00,2026-07-16 02:30:00,1.95822,1.95898,1.95795,1.95898,2044.0
2026-07-15 21:45:00,2026-07-15 18:45:00,2026-07-16 02:45:00,1.95898,1.95965,1.95893,1.95948,2302.0
2026-07-15 22:00:00,2026-07-15 19:00:00,2026-07-16 03:00:00,1.95966,1.95977,1.95863,1.95943,2502.0
2026-07-15 22:15:00,2026-07-15 19:15:00,2026-07-16 03:15:00,1.95943,1.96045,1.95943,1.96031,2241.0
2026-07-15 22:30:00,2026-07-15 19:30:00,2026-07-16 03:30:00,1.9603,1.96093,1.96004,1.96028,2688.0
2026-07-15 22:45:00,2026-07-15 19:45:00,2026-07-16 03:45:00,1.96033,1.96048,1.95981,1.95985,2200.0
2026-07-15 23:00:00,2026-07-15 20:00:00,2026-07-16 04:00:00,1.95986,1.96017,1.95966,1.95998,1542.0
2026-07-15 23:15:00,2026-07-15 20:15:00,2026-07-16 04:15:00,1.95999,1.96011,1.95939,1.95939,886.0
2026-07-15 23:30:00,2026-07-15 20:30:00,2026-07-16 04:30:00,1.95939,1.95964,1.95929,1.95948,739.0
2026-07-15 23:45:00,2026-07-15 20:45:00,2026-07-16 04:45:00,1.95948,1.95968,1.95938,1.95942,298.0
2026-07-16 01:00:00,2026-07-15 22:00:00,2026-07-16 06:00:00,1.95848,1.95976,1.95788,1.95969,785.0
2026-07-16 01:15:00,2026-07-15 22:15:00,2026-07-16 06:15:00,1.9597,1.95975,1.95944,1.95948,892.0
2026-07-16 01:30:00,2026-07-15 22:30:00,2026-07-16 06:30:00,1.95951,1.96004,1.95946,1.95997,638.0
2026-07-16 01:45:00,2026-07-15 22:45:00,2026-07-16 06:45:00,1.95994,1.96044,1.95992,1.96019,732.0
2026-07-16 02:00:00,2026-07-15 23:00:00,2026-07-16 07:00:00,1.96019,1.96097,1.96004,1.96067,900.0
2026-07-16 02:15:00,2026-07-15 23:15:00,2026-07-16 07:15:00,1.96067,1.96113,1.9606,1.96109,908.0
2026-07-16 02:30:00,2026-07-15 23:30:00,2026-07-16 07:30:00,1.96107,1.96169,1.96107,1.96136,877.0
2026-07-16 02:45:00,2026-07-15 23:45:00,2026-07-16 07:45:00,1.96134,1.96174,1.96106,1.96156,1147.0
2026-07-16 03:00:00,2026-07-16 00:00:00,2026-07-16 08:00:00,1.96156,1.96187,1.96105,1.9616,2261.0
2026-07-16 03:15:00,2026-07-16 00:15:00,2026-07-16 08:15:00,1.96157,1.96186,1.96123,1.96186,1872.0
2026-07-16 03:30:00,2026-07-16 00:30:00,2026-07-16 08:30:00,1.96186,1.96281,1.96167,1.96225,1829.0
2026-07-16 03:45:00,2026-07-16 00:45:00,2026-07-16 08:45:00,1.96224,1.9639,1.96209,1.9633,2966.0
2026-07-16 04:00:00,2026-07-16 01:00:00,2026-07-16 09:00:00,1.96328,1.96411,1.96277,1.96388,2525.0
2026-07-16 04:15:00,2026-07-16 01:15:00,2026-07-16 09:15:00,1.96388,1.96445,1.96373,1.96423,2521.0
2026-07-16 04:30:00,2026-07-16 01:30:00,2026-07-16 09:30:00,1.96425,1.96456,1.96383,1.96422,2507.0
2026-07-16 04:45:00,2026-07-16 01:45:00,2026-07-16 09:45:00,1.96424,1.96424,1.96362,1.96397,1979.0
2026-07-16 05:00:00,2026-07-16 02:00:00,2026-07-16 10:00:00,1.96395,1.96457,1.96377,1.96433,1802.0
2026-07-16 05:15:00,2026-07-16 02:15:00,2026-07-16 10:15:00,1.96431,1.96438,1.9627,1.96272,1768.0
2026-07-16 05:30:00,2026-07-16 02:30:00,2026-07-16 10:30:00,1.96271,1.96346,1.9627,1.963,2042.0
2026-07-16 05:45:00,2026-07-16 02:45:00,2026-07-16 10:45:00,1.96302,1.96305,1.96208,1.9622,1619.0
2026-07-16 06:00:00,2026-07-16 03:00:00,2026-07-16 11:00:00,1.96217,1.96223,1.9607,1.9617,1718.0
2026-07-16 06:15:00,2026-07-16 03:15:00,2026-07-16 11:15:00,1.96166,1.96178,1.9606,1.9608,1510.0
2026-07-16 06:30:00,2026-07-16 03:30:00,2026-07-16 11:30:00,1.9608,1.9608,1.95978,1.95998,1399.0
2026-07-16 06:45:00,2026-07-16 03:45:00,2026-07-16 11:45:00,1.96,1.96009,1.95934,1.95941,1469.0
2026-07-16 07:00:00,2026-07-16 04:00:00,2026-07-16 12:00:00,1.95939,1.95957,1.95867,1.9588,1503.0
2026-07-16 07:15:00,2026-07-16 04:15:00,2026-07-16 12:15:00,1.95883,1.96035,1.9588,1.96027,1415.0
2026-07-16 07:30:00,2026-07-16 04:30:00,2026-07-16 12:30:00,1.9603,1.96034,1.95993,1.96006,1359.0
2026-07-16 07:45:00,2026-07-16 04:45:00,2026-07-16 12:45:00,1.96006,1.96061,1.96003,1.96051,1446.0
2026-07-16 08:00:00,2026-07-16 05:00:00,2026-07-16 13:00:00,1.96051,1.96087,1.9602,1.9602,1487.0
2026-07-16 08:15:00,2026-07-16 05:15:00,2026-07-16 13:15:00,1.9602,1.9604,1.95955,1.95961,1625.0
2026-07-16 08:30:00,2026-07-16 05:30:00,2026-07-16 13:30:00,1.9596,1.95964,1.959,1.95908,2390.0
2026-07-16 08:45:00,2026-07-16 05:45:00,2026-07-16 13:45:00,1.95908,1.95969,1.95891,1.95912,2188.0
2026-07-16 09:00:00,2026-07-16 06:00:00,2026-07-16 14:00:00,1.95913,1.95966,1.95806,1.95923,2596.0
2026-07-16 09:15:00,2026-07-16 06:15:00,2026-07-16 14:15:00,1.95922,1.95934,1.95862,1.95888,2299.0
2026-07-16 09:30:00,2026-07-16 06:30:00,2026-07-16 14:30:00,1.95888,1.96003,1.9588,1.95954,2191.0
2026-07-16 09:45:00,2026-07-16 06:45:00,2026-07-16 14:45:00,1.95956,1.95986,1.95772,1.95818,1901.0
2026-07-16 10:00:00,2026-07-16 07:00:00,2026-07-16 15:00:00,1.9582,1.95926,1.95807,1.95905,2383.0
2026-07-16 10:15:00,2026-07-16 07:15:00,2026-07-16 15:15:00,1.95905,1.95924,1.95831,1.95916,2566.0
2026-07-16 10:30:00,2026-07-16 07:30:00,2026-07-16 15:30:00,1.9592,1.96009,1.95875,1.95946,2312.0
2026-07-16 10:45:00,2026-07-16 07:45:00,2026-07-16 15:45:00,1.95945,1.95958,1.95849,1.95897,2372.0
2026-07-16 11:00:00,2026-07-16 08:00:00,2026-07-16 16:00:00,1.95895,1.9592,1.95761,1.95917,2594.0
2026-07-16 11:15:00,2026-07-16 08:15:00,2026-07-16 16:15:00,1.95915,1.95927,1.95824,1.95906,2615.0
2026-07-16 11:30:00,2026-07-16 08:30:00,2026-07-16 16:30:00,1.95907,1.95997,1.95874,1.95985,2252.0
2026-07-16 11:45:00,2026-07-16 08:45:00,2026-07-16 16:45:00,1.95986,1.96013,1.95959,1.95962,2205.0
2026-07-16 12:00:00,2026-07-16 09:00:00,2026-07-16 17:00:00,1.95962,1.95976,1.95869,1.95871,2222.0
2026-07-16 12:15:00,2026-07-16 09:15:00,2026-07-16 17:15:00,1.95869,1.95912,1.95828,1.95912,2049.0
2026-07-16 12:30:00,2026-07-16 09:30:00,2026-07-16 17:30:00,1.95913,1.95998,1.95884,1.95997,2043.0
2026-07-16 12:45:00,2026-07-16 09:45:00,2026-07-16 17:45:00,1.95998,1.96027,1.95949,1.95961,1936.0
2026-07-16 13:00:00,2026-07-16 10:00:00,2026-07-16 18:00:00,1.95956,1.95964,1.95884,1.95926,1818.0
2026-07-16 13:15:00,2026-07-16 10:15:00,2026-07-16 18:15:00,1.95929,1.95954,1.95894,1.95894,1685.0
2026-07-16 13:30:00,2026-07-16 10:30:00,2026-07-16 18:30:00,1.95897,1.95897,1.9583,1.95854,2063.0
2026-07-16 13:45:00,2026-07-16 10:45:00,2026-07-16 18:45:00,1.95854,1.95877,1.95765,1.95785,1914.0
2026-07-16 14:00:00,2026-07-16 11:00:00,2026-07-16 19:00:00,1.95785,1.95827,1.95771,1.95783,1872.0
2026-07-16 14:15:00,2026-07-16 11:15:00,2026-07-16 19:15:00,1.95783,1.95913,1.95766,1.95912,2021.0
2026-07-16 14:30:00,2026-07-16 11:30:00,2026-07-16 19:30:00,1.95912,1.95958,1.9589,1.95928,2063.0
2026-07-16 14:45:00,2026-07-16 11:45:00,2026-07-16 19:45:00,1.95929,1.95959,1.95823,1.95873,3053.0
2026-07-16 15:00:00,2026-07-16 12:00:00,2026-07-16 20:00:00,1.95873,1.95898,1.95815,1.9589,2989.0
2026-07-16 15:15:00,2026-07-16 12:15:00,2026-07-16 20:15:00,1.95888,1.95925,1.95781,1.95836,3055.0
2026-07-16 15:30:00,2026-07-16 12:30:00,2026-07-16 20:30:00,1.95835,1.95899,1.95791,1.95877,3247.0
2026-07-16 15:45:00,2026-07-16 12:45:00,2026-07-16 20:45:00,1.95879,1.95888,1.95786,1.95815,3524.0
2026-07-16 16:00:00,2026-07-16 13:00:00,2026-07-16 21:00:00,1.95815,1.95823,1.95671,1.95706,3256.0
2026-07-16 16:15:00,2026-07-16 13:15:00,2026-07-16 21:15:00,1.95703,1.95734,1.95672,1.95718,3005.0
2026-07-16 16:30:00,2026-07-16 13:30:00,2026-07-16 21:30:00,1.95717,1.95765,1.95682,1.95742,3709.0
2026-07-16 16:45:00,2026-07-16 13:45:00,2026-07-16 21:45:00,1.95742,1.95811,1.95715,1.9577,3501.0
2026-07-16 17:00:00,2026-07-16 14:00:00,2026-07-16 22:00:00,1.95776,1.95812,1.95703,1.95727,3610.0
2026-07-16 17:15:00,2026-07-16 14:15:00,2026-07-16 22:15:00,1.95728,1.95748,1.95586,1.95613,3465.0
2026-07-16 17:30:00,2026-07-16 14:30:00,2026-07-16 22:30:00,1.95614,1.95636,1.95509,1.95533,3067.0
2026-07-16 17:45:00,2026-07-16 14:45:00,2026-07-16 22:45:00,1.95529,1.95654,1.9552,1.95621,3342.0
2026-07-16 18:00:00,2026-07-16 15:00:00,2026-07-16 23:00:00,1.9562,1.95709,1.95616,1.95699,3288.0
2026-07-16 18:15:00,2026-07-16 15:15:00,2026-07-16 23:15:00,1.957,1.95754,1.9566,1.95702,3464.0
2026-07-16 18:30:00,2026-07-16 15:30:00,2026-07-16 23:30:00,1.95705,1.9582,1.95688,1.95818,2771.0
2026-07-16 18:45:00,2026-07-16 15:45:00,2026-07-16 23:45:00,1.95817,1.95894,1.95778,1.95876,2476.0
2026-07-16 19:00:00,2026-07-16 16:00:00,2026-07-17 00:00:00,1.95879,1.95919,1.95825,1.95915,2537.0
2026-07-16 19:15:00,2026-07-16 16:15:00,2026-07-17 00:15:00,1.95919,1.95967,1.95884,1.95952,2998.0
2026-07-16 19:30:00,2026-07-16 16:30:00,2026-07-17 00:30:00,1.95952,1.95954,1.95926,1.95933,2559.0
2026-07-16 19:45:00,2026-07-16 16:45:00,2026-07-17 00:45:00,1.95933,1.95956,1.95876,1.95884,2129.0
2026-07-16 20:00:00,2026-07-16 17:00:00,2026-07-17 01:00:00,1.95882,1.95956,1.95857,1.95946,2096.0
2026-07-16 20:15:00,2026-07-16 17:15:00,2026-07-17 01:15:00,1.95944,1.95946,1.95902,1.95914,2062.0
2026-07-16 20:30:00,2026-07-16 17:30:00,2026-07-17 01:30:00,1.95912,1.95918,1.95872,1.95896,1773.0
2026-07-16 20:45:00,2026-07-16 17:45:00,2026-07-17 01:45:00,1.95898,1.95912,1.95846,1.95876,1997.0
2026-07-16 21:00:00,2026-07-16 18:00:00,2026-07-17 02:00:00,1.95872,1.9589,1.95807,1.95825,1974.0
2026-07-16 21:15:00,2026-07-16 18:15:00,2026-07-17 02:15:00,1.95825,1.95834,1.95787,1.95813,1956.0
2026-07-16 21:30:00,2026-07-16 18:30:00,2026-07-17 02:30:00,1.95812,1.95854,1.95787,1.95792,1855.0
2026-07-16 21:45:00,2026-07-16 18:45:00,2026-07-17 02:45:00,1.95792,1.95804,1.95764,1.95778,1525.0
2026-07-16 22:00:00,2026-07-16 19:00:00,2026-07-17 03:00:00,1.95786,1.95863,1.95773,1.95847,1716.0
2026-07-16 22:15:00,2026-07-16 19:15:00,2026-07-17 03:15:00,1.95846,1.95864,1.95811,1.9582,1598.0
2026-07-16 22:30:00,2026-07-16 19:30:00,2026-07-17 03:30:00,1.95821,1.95858,1.95812,1.95833,1544.0
2026-07-16 22:45:00,2026-07-16 19:45:00,2026-07-17 03:45:00,1.95834,1.95865,1.95815,1.95833,1936.0
2026-07-16 23:00:00,2026-07-16 20:00:00,2026-07-17 04:00:00,1.95831,1.95859,1.95826,1.95846,1589.0
2026-07-16 23:15:00,2026-07-16 20:15:00,2026-07-17 04:15:00,1.95846,1.95851,1.9582,1.9583,863.0
2026-07-16 23:30:00,2026-07-16 20:30:00,2026-07-17 04:30:00,1.95829,1.95865,1.95825,1.95854,660.0
2026-07-16 23:45:00,2026-07-16 20:45:00,2026-07-17 04:45:00,1.95854,1.95863,1.95831,1.95831,272.0
2026-07-17 00:15:00,2026-07-16 21:15:00,2026-07-17 05:15:00,1.95722,1.95722,1.95715,1.9572,15.0
2026-07-17 00:30:00,2026-07-16 21:30:00,2026-07-17 05:30:00,1.9579,1.9579,1.9579,1.9579,2.0
2026-07-17 00:45:00,2026-07-16 21:45:00,2026-07-17 05:45:00,1.95848,1.95848,1.95848,1.95848,2.0
2026-07-17 01:00:00,2026-07-16 22:00:00,2026-07-17 06:00:00,1.95887,1.95932,1.95799,1.95898,698.0
2026-07-17 01:15:00,2026-07-16 22:15:00,2026-07-17 06:15:00,1.95896,1.95899,1.95874,1.95894,481.0
2026-07-17 01:30:00,2026-07-16 22:30:00,2026-07-17 06:30:00,1.95894,1.95919,1.9589,1.95917,515.0
2026-07-17 01:45:00,2026-07-16 22:45:00,2026-07-17 06:45:00,1.95914,1.95997,1.95914,1.95918,761.0
2026-07-17 02:00:00,2026-07-16 23:00:00,2026-07-17 07:00:00,1.95917,1.95946,1.95886,1.95922,876.0
2026-07-17 02:15:00,2026-07-16 23:15:00,2026-07-17 07:15:00,1.95924,1.9594,1.95901,1.95915,672.0
2026-07-17 02:30:00,2026-07-16 23:30:00,2026-07-17 07:30:00,1.95917,1.95928,1.95877,1.95909,857.0
2026-07-17 02:45:00,2026-07-16 23:45:00,2026-07-17 07:45:00,1.95907,1.95936,1.959,1.95907,1090.0
2026-07-17 03:00:00,2026-07-17 00:00:00,2026-07-17 08:00:00,1.95907,1.95935,1.95878,1.95884,2208.0
2026-07-17 03:15:00,2026-07-17 00:15:00,2026-07-17 08:15:00,1.95883,1.95888,1.95791,1.95855,2009.0
2026-07-17 03:30:00,2026-07-17 00:30:00,2026-07-17 08:30:00,1.95853,1.95875,1.9579,1.95872,1889.0
2026-07-17 03:45:00,2026-07-17 00:45:00,2026-07-17 08:45:00,1.95872,1.95873,1.95783,1.95792,2296.0
2026-07-17 04:00:00,2026-07-17 01:00:00,2026-07-17 09:00:00,1.9579,1.95799,1.95712,1.95777,2634.0
2026-07-17 04:15:00,2026-07-17 01:15:00,2026-07-17 09:15:00,1.95774,1.9581,1.9571,1.95714,2244.0
2026-07-17 04:30:00,2026-07-17 01:30:00,2026-07-17 09:30:00,1.95717,1.95805,1.95704,1.95805,2243.0
2026-07-17 04:45:00,2026-07-17 01:45:00,2026-07-17 09:45:00,1.95805,1.95995,1.958,1.95948,2565.0
2026-07-17 05:00:00,2026-07-17 02:00:00,2026-07-17 10:00:00,1.9595,1.96054,1.95938,1.95969,2198.0
2026-07-17 05:15:00,2026-07-17 02:15:00,2026-07-17 10:15:00,1.95967,1.96014,1.95924,1.95993,1618.0
2026-07-17 05:30:00,2026-07-17 02:30:00,2026-07-17 10:30:00,1.95993,1.9603,1.95964,1.95969,1960.0
2026-07-17 05:45:00,2026-07-17 02:45:00,2026-07-17 10:45:00,1.95969,1.95988,1.95944,1.95979,1854.0
2026-07-17 06:00:00,2026-07-17 03:00:00,2026-07-17 11:00:00,1.95981,1.95996,1.95898,1.95941,1788.0
2026-07-17 06:15:00,2026-07-17 03:15:00,2026-07-17 11:15:00,1.95944,1.95944,1.95786,1.95796,1552.0
2026-07-17 06:30:00,2026-07-17 03:30:00,2026-07-17 11:30:00,1.95794,1.95856,1.95781,1.95838,1339.0
2026-07-17 06:45:00,2026-07-17 03:45:00,2026-07-17 11:45:00,1.95837,1.95874,1.95835,1.95873,1672.0
2026-07-17 07:00:00,2026-07-17 04:00:00,2026-07-17 12:00:00,1.95869,1.95909,1.95866,1.95879,1722.0
2026-07-17 07:15:00,2026-07-17 04:15:00,2026-07-17 12:15:00,1.95877,1.9603,1.95865,1.96009,1718.0
2026-07-17 07:30:00,2026-07-17 04:30:00,2026-07-17 12:30:00,1.96012,1.96059,1.95976,1.9603,1743.0
2026-07-17 07:45:00,2026-07-17 04:45:00,2026-07-17 12:45:00,1.9603,1.9603,1.9598,1.96002,1362.0
2026-07-17 08:00:00,2026-07-17 05:00:00,2026-07-17 13:00:00,1.96004,1.96043,1.95979,1.95989,1626.0
2026-07-17 08:15:00,2026-07-17 05:15:00,2026-07-17 13:15:00,1.95989,1.96076,1.95986,1.96003,1755.0
2026-07-17 08:30:00,2026-07-17 05:30:00,2026-07-17 13:30:00,1.96003,1.96022,1.95966,1.96018,2823.0
2026-07-17 08:45:00,2026-07-17 05:45:00,2026-07-17 13:45:00,1.96016,1.96049,1.95989,1.96036,2275.0
2026-07-17 09:00:00,2026-07-17 06:00:00,2026-07-17 14:00:00,1.96036,1.96073,1.95963,1.96043,2648.0
2026-07-17 09:15:00,2026-07-17 06:15:00,2026-07-17 14:15:00,1.96045,1.96053,1.95941,1.95948,2278.0
2026-07-17 09:30:00,2026-07-17 06:30:00,2026-07-17 14:30:00,1.95951,1.96016,1.95915,1.96009,2042.0
2026-07-17 09:45:00,2026-07-17 06:45:00,2026-07-17 14:45:00,1.96007,1.96063,1.95989,1.96022,2446.0
2026-07-17 10:00:00,2026-07-17 07:00:00,2026-07-17 15:00:00,1.96022,1.96045,1.95887,1.95913,2640.0
2026-07-17 10:15:00,2026-07-17 07:15:00,2026-07-17 15:15:00,1.95908,1.95969,1.95908,1.9592,2436.0
2026-07-17 10:30:00,2026-07-17 07:30:00,2026-07-17 15:30:00,1.95922,1.95943,1.95887,1.9591,2091.0
2026-07-17 10:45:00,2026-07-17 07:45:00,2026-07-17 15:45:00,1.95909,1.95945,1.95883,1.95917,2166.0
2026-07-17 11:00:00,2026-07-17 08:00:00,2026-07-17 16:00:00,1.95916,1.95977,1.95853,1.95961,2772.0
2026-07-17 11:15:00,2026-07-17 08:15:00,2026-07-17 16:15:00,1.95962,1.96071,1.95904,1.96066,3244.0
2026-07-17 11:30:00,2026-07-17 08:30:00,2026-07-17 16:30:00,1.96063,1.96198,1.96054,1.96153,2762.0
2026-07-17 11:45:00,2026-07-17 08:45:00,2026-07-17 16:45:00,1.96153,1.96252,1.96136,1.96251,2590.0
2026-07-17 12:00:00,2026-07-17 09:00:00,2026-07-17 17:00:00,1.96246,1.96365,1.96237,1.96247,2774.0
2026-07-17 12:15:00,2026-07-17 09:15:00,2026-07-17 17:15:00,1.96247,1.96249,1.96088,1.96095,2513.0
2026-07-17 12:30:00,2026-07-17 09:30:00,2026-07-17 17:30:00,1.96094,1.96232,1.96081,1.96222,2250.0
2026-07-17 12:45:00,2026-07-17 09:45:00,2026-07-17 17:45:00,1.9622,1.96254,1.96165,1.96172,2448.0
2026-07-17 13:00:00,2026-07-17 10:00:00,2026-07-17 18:00:00,1.96172,1.96194,1.96087,1.96098,2438.0
2026-07-17 13:15:00,2026-07-17 10:15:00,2026-07-17 18:15:00,1.96094,1.96119,1.95976,1.95981,2323.0
2026-07-17 13:30:00,2026-07-17 10:30:00,2026-07-17 18:30:00,1.95981,1.95986,1.95921,1.95969,2210.0
2026-07-17 13:45:00,2026-07-17 10:45:00,2026-07-17 18:45:00,1.95969,1.95971,1.9589,1.95903,2482.0
2026-07-17 14:00:00,2026-07-17 11:00:00,2026-07-17 19:00:00,1.95904,1.96031,1.95904,1.96019,2570.0
2026-07-17 14:15:00,2026-07-17 11:15:00,2026-07-17 19:15:00,1.96016,1.96101,1.96012,1.96048,2082.0
2026-07-17 14:30:00,2026-07-17 11:30:00,2026-07-17 19:30:00,1.96048,1.96058,1.95975,1.96024,2108.0
2026-07-17 14:45:00,2026-07-17 11:45:00,2026-07-17 19:45:00,1.96022,1.9603,1.95941,1.96002,2140.0
2026-07-17 15:00:00,2026-07-17 12:00:00,2026-07-17 20:00:00,1.96002,1.961,1.95986,1.96097,2427.0
2026-07-17 15:15:00,2026-07-17 12:15:00,2026-07-17 20:15:00,1.96097,1.96146,1.9605,1.9605,2057.0
2026-07-17 15:30:00,2026-07-17 12:30:00,2026-07-17 20:30:00,1.9605,1.96094,1.96048,1.96065,2271.0
2026-07-17 15:45:00,2026-07-17 12:45:00,2026-07-17 20:45:00,1.96065,1.9615,1.96065,1.96133,2736.0
2026-07-17 16:00:00,2026-07-17 13:00:00,2026-07-17 21:00:00,1.96132,1.96156,1.96055,1.96055,2839.0
2026-07-17 16:15:00,2026-07-17 13:15:00,2026-07-17 21:15:00,1.96055,1.9606,1.9592,1.95927,2856.0
2026-07-17 16:30:00,2026-07-17 13:30:00,2026-07-17 21:30:00,1.95924,1.96039,1.95908,1.9603,3726.0
2026-07-17 16:45:00,2026-07-17 13:45:00,2026-07-17 21:45:00,1.9603,1.96038,1.95894,1.95929,3637.0
2026-07-17 17:00:00,2026-07-17 14:00:00,2026-07-17 22:00:00,1.95931,1.96022,1.95891,1.9602,3445.0
2026-07-17 17:15:00,2026-07-17 14:15:00,2026-07-17 22:15:00,1.96023,1.9604,1.95959,1.95969,3462.0
2026-07-17 17:30:00,2026-07-17 14:30:00,2026-07-17 22:30:00,1.95968,1.95991,1.95901,1.95904,3003.0
2026-07-17 17:45:00,2026-07-17 14:45:00,2026-07-17 22:45:00,1.95905,1.95919,1.95714,1.95786,3015.0
2026-07-17 18:00:00,2026-07-17 15:00:00,2026-07-17 23:00:00,1.95784,1.95868,1.95773,1.95811,3284.0
2026-07-17 18:15:00,2026-07-17 15:15:00,2026-07-17 23:15:00,1.95811,1.95829,1.95704,1.95704,2926.0
2026-07-17 18:30:00,2026-07-17 15:30:00,2026-07-17 23:30:00,1.95701,1.9576,1.95634,1.95715,2926.0
2026-07-17 18:45:00,2026-07-17 15:45:00,2026-07-17 23:45:00,1.95711,1.95789,1.95648,1.95655,2652.0
2026-07-17 19:00:00,2026-07-17 16:00:00,2026-07-18 00:00:00,1.95652,1.95753,1.95622,1.95624,3261.0
2026-07-17 19:15:00,2026-07-17 16:15:00,2026-07-18 00:15:00,1.95627,1.95697,1.95587,1.95684,2486.0
2026-07-17 19:30:00,2026-07-17 16:30:00,2026-07-18 00:30:00,1.95681,1.95757,1.95679,1.95704,2323.0
2026-07-17 19:45:00,2026-07-17 16:45:00,2026-07-18 00:45:00,1.95703,1.9573,1.9567,1.95682,2186.0
2026-07-17 20:00:00,2026-07-17 17:00:00,2026-07-18 01:00:00,1.95681,1.9569,1.95608,1.95645,1749.0
2026-07-17 20:15:00,2026-07-17 17:15:00,2026-07-18 01:15:00,1.95643,1.9565,1.956,1.95608,1970.0
2026-07-17 20:30:00,2026-07-17 17:30:00,2026-07-18 01:30:00,1.95607,1.95663,1.95606,1.95646,1877.0
2026-07-17 20:45:00,2026-07-17 17:45:00,2026-07-18 01:45:00,1.95646,1.9568,1.95615,1.9567,1641.0
2026-07-17 21:00:00,2026-07-17 18:00:00,2026-07-18 02:00:00,1.9567,1.95691,1.95614,1.95668,1624.0
2026-07-17 21:15:00,2026-07-17 18:15:00,2026-07-18 02:15:00,1.95671,1.95702,1.95656,1.95658,2219.0
2026-07-17 21:30:00,2026-07-17 18:30:00,2026-07-18 02:30:00,1.95657,1.95758,1.95648,1.95754,1697.0
2026-07-17 21:45:00,2026-07-17 18:45:00,2026-07-18 02:45:00,1.95758,1.95764,1.95695,1.9572,1422.0
2026-07-17 22:00:00,2026-07-17 19:00:00,2026-07-18 03:00:00,1.9572,1.95774,1.95708,1.95766,1109.0
2026-07-17 22:15:00,2026-07-17 19:15:00,2026-07-18 03:15:00,1.95766,1.95771,1.95719,1.95724,1351.0
2026-07-17 22:30:00,2026-07-17 19:30:00,2026-07-18 03:30:00,1.95724,1.95759,1.95702,1.95725,1293.0
2026-07-17 22:45:00,2026-07-17 19:45:00,2026-07-18 03:45:00,1.95728,1.95778,1.95698,1.95778,1616.0
2026-07-17 23:00:00,2026-07-17 20:00:00,2026-07-18 04:00:00,1.95778,1.9584,1.95774,1.95817,1083.0
2026-07-17 23:15:00,2026-07-17 20:15:00,2026-07-18 04:15:00,1.95814,1.9583,1.95776,1.95781,803.0
2026-07-17 23:30:00,2026-07-17 20:30:00,2026-07-18 04:30:00,1.95778,1.95813,1.95767,1.95767,748.0
2026-07-17 23:45:00,2026-07-17 20:45:00,2026-07-18 04:45:00,1.95765,1.95779,1.95716,1.95737,208.0
2026-07-20 00:00:00,2026-07-19 21:00:00,2026-07-20 05:00:00,1.95855,1.96014,1.95855,1.95882,275.0
2026-07-20 00:30:00,2026-07-19 21:30:00,2026-07-20 05:30:00,1.95811,1.95811,1.95811,1.95811,2.0
2026-07-20 00:45:00,2026-07-19 21:45:00,2026-07-20 05:45:00,1.95874,1.95935,1.95854,1.95867,159.0
2026-07-20 01:00:00,2026-07-19 22:00:00,2026-07-20 06:00:00,1.95868,1.95956,1.95841,1.95867,1967.0
2026-07-20 01:15:00,2026-07-19 22:15:00,2026-07-20 06:15:00,1.95866,1.95939,1.95803,1.95832,1946.0
2026-07-20 01:30:00,2026-07-19 22:30:00,2026-07-20 06:30:00,1.95835,1.95937,1.95819,1.95858,1634.0
2026-07-20 01:45:00,2026-07-19 22:45:00,2026-07-20 06:45:00,1.95858,1.95925,1.9585,1.95901,892.0
2026-07-20 02:00:00,2026-07-19 23:00:00,2026-07-20 07:00:00,1.95902,1.95902,1.95739,1.95757,1038.0
2026-07-20 02:15:00,2026-07-19 23:15:00,2026-07-20 07:15:00,1.95755,1.95757,1.95658,1.95668,984.0
2026-07-20 02:30:00,2026-07-19 23:30:00,2026-07-20 07:30:00,1.95668,1.95759,1.95658,1.95687,996.0
2026-07-20 02:45:00,2026-07-19 23:45:00,2026-07-20 07:45:00,1.95687,1.95762,1.95665,1.95697,1821.0
2026-07-20 03:00:00,2026-07-20 00:00:00,2026-07-20 08:00:00,1.95699,1.95796,1.95651,1.9567,2710.0
2026-07-20 03:15:00,2026-07-20 00:15:00,2026-07-20 08:15:00,1.95669,1.95672,1.95605,1.95636,2626.0
2026-07-20 03:30:00,2026-07-20 00:30:00,2026-07-20 08:30:00,1.95632,1.9569,1.95612,1.95652,2333.0
2026-07-20 03:45:00,2026-07-20 00:45:00,2026-07-20 08:45:00,1.9565,1.95753,1.95642,1.95733,2183.0
2026-07-20 04:00:00,2026-07-20 01:00:00,2026-07-20 09:00:00,1.95733,1.95796,1.95647,1.95756,2673.0
2026-07-20 04:15:00,2026-07-20 01:15:00,2026-07-20 09:15:00,1.95756,1.95776,1.95709,1.95735,2943.0
2026-07-20 04:30:00,2026-07-20 01:30:00,2026-07-20 09:30:00,1.95737,1.95774,1.95708,1.95735,2609.0
2026-07-20 04:45:00,2026-07-20 01:45:00,2026-07-20 09:45:00,1.95731,1.9577,1.95657,1.9569,2475.0
2026-07-20 05:00:00,2026-07-20 02:00:00,2026-07-20 10:00:00,1.95689,1.957,1.95493,1.95508,2167.0
2026-07-20 05:15:00,2026-07-20 02:15:00,2026-07-20 10:15:00,1.95508,1.95535,1.95427,1.95454,2100.0
2026-07-20 05:30:00,2026-07-20 02:30:00,2026-07-20 10:30:00,1.95454,1.95486,1.95367,1.95397,2298.0
2026-07-20 05:45:00,2026-07-20 02:45:00,2026-07-20 10:45:00,1.95395,1.95455,1.95361,1.95447,2100.0
2026-07-20 06:00:00,2026-07-20 03:00:00,2026-07-20 11:00:00,1.95447,1.95451,1.9541,1.95412,1899.0
2026-07-20 06:15:00,2026-07-20 03:15:00,2026-07-20 11:15:00,1.95412,1.95443,1.9537,1.95382,1563.0
2026-07-20 06:30:00,2026-07-20 03:30:00,2026-07-20 11:30:00,1.95383,1.9539,1.95317,1.95322,1314.0
2026-07-20 06:45:00,2026-07-20 03:45:00,2026-07-20 11:45:00,1.95315,1.95335,1.95277,1.95315,1275.0
2026-07-20 07:00:00,2026-07-20 04:00:00,2026-07-20 12:00:00,1.95317,1.95332,1.95295,1.95315,1113.0
2026-07-20 07:15:00,2026-07-20 04:15:00,2026-07-20 12:15:00,1.95307,1.95332,1.95265,1.95291,1400.0
2026-07-20 07:30:00,2026-07-20 04:30:00,2026-07-20 12:30:00,1.95291,1.95304,1.9526,1.95283,1385.0
2026-07-20 07:45:00,2026-07-20 04:45:00,2026-07-20 12:45:00,1.95284,1.95345,1.95267,1.95342,1529.0
2026-07-20 08:00:00,2026-07-20 05:00:00,2026-07-20 13:00:00,1.95344,1.95449,1.95331,1.95401,1854.0
2026-07-20 08:15:00,2026-07-20 05:15:00,2026-07-20 13:15:00,1.95402,1.95496,1.95395,1.95483,1734.0
2026-07-20 08:30:00,2026-07-20 05:30:00,2026-07-20 13:30:00,1.95486,1.95557,1.9544,1.95502,1735.0
2026-07-20 08:45:00,2026-07-20 05:45:00,2026-07-20 13:45:00,1.95502,1.95522,1.95469,1.95488,1867.0
2026-07-20 09:00:00,2026-07-20 06:00:00,2026-07-20 14:00:00,1.95488,1.95534,1.95449,1.95497,2282.0
2026-07-20 09:15:00,2026-07-20 06:15:00,2026-07-20 14:15:00,1.95497,1.9556,1.95464,1.95558,2172.0
2026-07-20 09:30:00,2026-07-20 06:30:00,2026-07-20 14:30:00,1.95558,1.95558,1.95483,1.9553,2272.0
2026-07-20 09:45:00,2026-07-20 06:45:00,2026-07-20 14:45:00,1.95532,1.95567,1.9546,1.95543,2151.0
2026-07-20 10:00:00,2026-07-20 07:00:00,2026-07-20 15:00:00,1.95543,1.95543,1.95436,1.95466,2381.0
2026-07-20 10:15:00,2026-07-20 07:15:00,2026-07-20 15:15:00,1.95468,1.95548,1.95352,1.95372,2544.0
2026-07-20 10:30:00,2026-07-20 07:30:00,2026-07-20 15:30:00,1.95372,1.95372,1.95245,1.95288,3154.0
2026-07-20 10:45:00,2026-07-20 07:45:00,2026-07-20 15:45:00,1.95288,1.95371,1.95281,1.95366,2959.0
2026-07-20 11:00:00,2026-07-20 08:00:00,2026-07-20 16:00:00,1.95367,1.95382,1.95318,1.95335,2481.0
2026-07-20 11:15:00,2026-07-20 08:15:00,2026-07-20 16:15:00,1.95336,1.95376,1.95292,1.95355,2309.0
2026-07-20 11:30:00,2026-07-20 08:30:00,2026-07-20 16:30:00,1.95355,1.95392,1.95337,1.95385,2124.0
2026-07-20 11:45:00,2026-07-20 08:45:00,2026-07-20 16:45:00,1.95386,1.95415,1.95362,1.95388,2118.0
2026-07-20 12:00:00,2026-07-20 09:00:00,2026-07-20 17:00:00,1.95382,1.95439,1.95374,1.95384,2293.0
2026-07-20 12:15:00,2026-07-20 09:15:00,2026-07-20 17:15:00,1.95384,1.95384,1.95325,1.95354,1905.0
2026-07-20 12:30:00,2026-07-20 09:30:00,2026-07-20 17:30:00,1.95354,1.95363,1.95299,1.95314,1602.0
2026-07-20 12:45:00,2026-07-20 09:45:00,2026-07-20 17:45:00,1.95311,1.95415,1.95302,1.95401,1824.0
2026-07-20 13:00:00,2026-07-20 10:00:00,2026-07-20 18:00:00,1.95402,1.95469,1.95365,1.95365,2006.0
2026-07-20 13:15:00,2026-07-20 10:15:00,2026-07-20 18:15:00,1.95368,1.95371,1.95258,1.95286,1586.0
2026-07-20 13:30:00,2026-07-20 10:30:00,2026-07-20 18:30:00,1.95285,1.95344,1.95276,1.95314,1524.0
2026-07-20 13:45:00,2026-07-20 10:45:00,2026-07-20 18:45:00,1.95314,1.95324,1.95291,1.95303,1539.0
2026-07-20 14:00:00,2026-07-20 11:00:00,2026-07-20 19:00:00,1.95303,1.95307,1.95237,1.95294,1939.0
2026-07-20 14:15:00,2026-07-20 11:15:00,2026-07-20 19:15:00,1.95296,1.95299,1.95203,1.9522,1821.0
2026-07-20 14:30:00,2026-07-20 11:30:00,2026-07-20 19:30:00,1.9522,1.95223,1.95101,1.95119,3546.0
2026-07-20 14:45:00,2026-07-20 11:45:00,2026-07-20 19:45:00,1.95118,1.95197,1.95111,1.95158,2846.0
2026-07-20 15:00:00,2026-07-20 12:00:00,2026-07-20 20:00:00,1.95158,1.9524,1.95149,1.95171,3129.0
2026-07-20 15:15:00,2026-07-20 12:15:00,2026-07-20 20:15:00,1.95171,1.95193,1.95102,1.95131,2905.0
2026-07-20 15:30:00,2026-07-20 12:30:00,2026-07-20 20:30:00,1.95129,1.95181,1.95116,1.95156,2639.0
2026-07-20 15:45:00,2026-07-20 12:45:00,2026-07-20 20:45:00,1.95156,1.95215,1.95124,1.95163,2626.0
2026-07-20 16:00:00,2026-07-20 13:00:00,2026-07-20 21:00:00,1.95162,1.95171,1.95128,1.95166,2508.0
2026-07-20 16:15:00,2026-07-20 13:15:00,2026-07-20 21:15:00,1.95166,1.95176,1.95099,1.95129,2390.0
2026-07-20 16:30:00,2026-07-20 13:30:00,2026-07-20 21:30:00,1.95128,1.95146,1.95022,1.95116,2576.0
2026-07-20 16:45:00,2026-07-20 13:45:00,2026-07-20 21:45:00,1.95113,1.95172,1.95113,1.95139,2665.0
2026-07-20 17:00:00,2026-07-20 14:00:00,2026-07-20 22:00:00,1.95141,1.95218,1.95098,1.95109,2568.0
2026-07-20 17:15:00,2026-07-20 14:15:00,2026-07-20 22:15:00,1.95109,1.95152,1.95059,1.95066,2763.0
2026-07-20 17:30:00,2026-07-20 14:30:00,2026-07-20 22:30:00,1.95065,1.95143,1.95063,1.95124,2831.0
2026-07-20 17:45:00,2026-07-20 14:45:00,2026-07-20 22:45:00,1.95124,1.95221,1.95108,1.95166,3108.0
2026-07-20 18:00:00,2026-07-20 15:00:00,2026-07-20 23:00:00,1.95166,1.95285,1.95166,1.95268,3218.0
2026-07-20 18:15:00,2026-07-20 15:15:00,2026-07-20 23:15:00,1.95268,1.95273,1.95141,1.95142,2748.0
2026-07-20 18:30:00,2026-07-20 15:30:00,2026-07-20 23:30:00,1.95147,1.95234,1.95142,1.95206,2461.0
2026-07-20 18:45:00,2026-07-20 15:45:00,2026-07-20 23:45:00,1.95206,1.95265,1.95184,1.95204,2330.0
2026-07-20 19:00:00,2026-07-20 16:00:00,2026-07-21 00:00:00,1.95201,1.95207,1.95143,1.9517,2064.0
2026-07-20 19:15:00,2026-07-20 16:15:00,2026-07-21 00:15:00,1.9517,1.95236,1.95163,1.95214,1921.0
2026-07-20 19:30:00,2026-07-20 16:30:00,2026-07-21 00:30:00,1.95212,1.95267,1.95197,1.95219,2384.0
2026-07-20 19:45:00,2026-07-20 16:45:00,2026-07-21 00:45:00,1.95219,1.95246,1.95209,1.95228,2277.0
2026-07-20 20:00:00,2026-07-20 17:00:00,2026-07-21 01:00:00,1.95225,1.95288,1.95203,1.95283,2079.0
2026-07-20 20:15:00,2026-07-20 17:15:00,2026-07-21 01:15:00,1.95283,1.95302,1.95252,1.95269,1662.0
2026-07-20 20:30:00,2026-07-20 17:30:00,2026-07-21 01:30:00,1.95269,1.953,1.95249,1.95296,1460.0
2026-07-20 20:45:00,2026-07-20 17:45:00,2026-07-21 01:45:00,1.95295,1.95296,1.95239,1.95269,1270.0
2026-07-20 21:00:00,2026-07-20 18:00:00,2026-07-21 02:00:00,1.95269,1.95276,1.95248,1.95267,1493.0
2026-07-20 21:15:00,2026-07-20 18:15:00,2026-07-21 02:15:00,1.95267,1.95307,1.95244,1.95299,1835.0
2026-07-20 21:30:00,2026-07-20 18:30:00,2026-07-21 02:30:00,1.953,1.95393,1.95297,1.95389,1700.0
2026-07-20 21:45:00,2026-07-20 18:45:00,2026-07-21 02:45:00,1.95391,1.95416,1.95361,1.95361,1504.0
2026-07-20 22:00:00,2026-07-20 19:00:00,2026-07-21 03:00:00,1.95368,1.9545,1.95366,1.9545,1566.0
2026-07-20 22:15:00,2026-07-20 19:15:00,2026-07-21 03:15:00,1.95449,1.95461,1.9539,1.95398,1747.0
2026-07-20 22:30:00,2026-07-20 19:30:00,2026-07-21 03:30:00,1.95395,1.95436,1.95388,1.95429,1609.0
2026-07-20 22:45:00,2026-07-20 19:45:00,2026-07-21 03:45:00,1.95431,1.95459,1.95411,1.95436,1556.0
2026-07-20 23:00:00,2026-07-20 20:00:00,2026-07-21 04:00:00,1.95436,1.95446,1.95386,1.95439,1369.0
2026-07-20 23:15:00,2026-07-20 20:15:00,2026-07-21 04:15:00,1.95442,1.95473,1.95434,1.95471,925.0
2026-07-20 23:30:00,2026-07-20 20:30:00,2026-07-21 04:30:00,1.95465,1.95504,1.95459,1.95469,655.0
2026-07-20 23:45:00,2026-07-20 20:45:00,2026-07-21 04:45:00,1.9547,1.95485,1.95458,1.95473,434.0
2026-07-21 01:00:00,2026-07-20 22:00:00,2026-07-21 06:00:00,1.9544,1.95544,1.95406,1.95514,1938.0
2026-07-21 01:15:00,2026-07-20 22:15:00,2026-07-21 06:15:00,1.95515,1.95537,1.955,1.95537,1027.0
2026-07-21 01:30:00,2026-07-20 22:30:00,2026-07-21 06:30:00,1.95527,1.95569,1.95492,1.95512,682.0
2026-07-21 01:45:00,2026-07-20 22:45:00,2026-07-21 06:45:00,1.95512,1.95525,1.9515,1.95265,1121.0
2026-07-21 02:00:00,2026-07-20 23:00:00,2026-07-21 07:00:00,1.95255,1.95292,1.94986,1.95096,0.0
2026-07-21 02:15:00,2026-07-20 23:15:00,2026-07-21 07:15:00,1.95094,1.9518,1.94995,1.9518,0.0
2026-07-21 02:30:00,2026-07-20 23:30:00,2026-07-21 07:30:00,1.95182,1.95198,1.9503,1.95108,0.0
2026-07-21 02:45:00,2026-07-20 23:45:00,2026-07-21 07:45:00,1.9511,1.95143,1.94981,1.95061,0.0
2026-07-21 03:00:00,2026-07-21 00:00:00,2026-07-21 08:00:00,1.95061,1.95126,1.94921,1.9499,0.0
2026-07-21 03:15:00,2026-07-21 00:15:00,2026-07-21 08:15:00,1.95001,1.95015,1.94787,1.94836,0.0
2026-07-21 03:30:00,2026-07-21 00:30:00,2026-07-21 08:30:00,1.94848,1.94909,1.94714,1.948,0.0
2026-07-21 03:45:00,2026-07-21 00:45:00,2026-07-21 08:45:00,1.94801,1.94801,1.9461,1.94743,0.0
2026-07-21 04:00:00,2026-07-21 01:00:00,2026-07-21 09:00:00,1.94698,1.94787,1.94594,1.94718,0.0
2026-07-21 04:15:00,2026-07-21 01:15:00,2026-07-21 09:15:00,1.94721,1.9474,1.94577,1.94644,0.0
2026-07-21 04:30:00,2026-07-21 01:30:00,2026-07-21 09:30:00,1.94646,1.94653,1.94489,1.94602,0.0
2026-07-21 04:45:00,2026-07-21 01:45:00,2026-07-21 09:45:00,1.94598,1.94617,1.94477,1.9458,0.0
2026-07-21 05:00:00,2026-07-21 02:00:00,2026-07-21 10:00:00,1.94576,1.9458,1.94331,1.94391,0.0
2026-07-21 05:15:00,2026-07-21 02:15:00,2026-07-21 10:15:00,1.94386,1.9468,1.94339,1.94637,0.0
2026-07-21 05:30:00,2026-07-21 02:30:00,2026-07-21 10:30:00,1.94686,1.94686,1.94456,1.94531,0.0
2026-07-21 05:45:00,2026-07-21 02:45:00,2026-07-21 10:45:00,1.94528,1.94586,1.94476,1.94582,0.0
2026-07-21 06:00:00,2026-07-21 03:00:00,2026-07-21 11:00:00,1.94582,1.94732,1.94519,1.9467,0.0
2026-07-21 06:15:00,2026-07-21 03:15:00,2026-07-21 11:15:00,1.94666,1.94681,1.9455,1.94604,0.0
2026-07-21 06:30:00,2026-07-21 03:30:00,2026-07-21 11:30:00,1.94604,1.94624,1.94491,1.94584,0.0
2026-07-21 06:45:00,2026-07-21 03:45:00,2026-07-21 11:45:00,1.94585,1.94601,1.94482,1.94597,0.0
2026-07-21 07:00:00,2026-07-21 04:00:00,2026-07-21 12:00:00,1.946,1.94658,1.94514,1.94652,0.0
2026-07-21 07:15:00,2026-07-21 04:15:00,2026-07-21 12:15:00,1.94648,1.94693,1.94594,1.94679,0.0
2026-07-21 07:30:00,2026-07-21 04:30:00,2026-07-21 12:30:00,1.94678,1.94726,1.94618,1.94706,0.0
2026-07-21 07:45:00,2026-07-21 04:45:00,2026-07-21 12:45:00,1.94708,1.94736,1.94616,1.94698,0.0
2026-07-21 08:00:00,2026-07-21 05:00:00,2026-07-21 13:00:00,1.94695,1.94695,1.94594,1.94686,0.0
2026-07-21 08:15:00,2026-07-21 05:15:00,2026-07-21 13:15:00,1.94685,1.94765,1.94636,1.9476,0.0
2026-07-21 08:30:00,2026-07-21 05:30:00,2026-07-21 13:30:00,1.94758,1.94774,1.94624,1.94682,0.0
2026-07-21 08:45:00,2026-07-21 05:45:00,2026-07-21 13:45:00,1.9468,1.94753,1.94643,1.94742,0.0
2026-07-21 09:00:00,2026-07-21 06:00:00,2026-07-21 14:00:00,1.94692,1.94796,1.94648,1.94796,0.0
2026-07-21 09:15:00,2026-07-21 06:15:00,2026-07-21 14:15:00,1.94794,1.9489,1.94753,1.94814,0.0
2026-07-21 09:30:00,2026-07-21 06:30:00,2026-07-21 14:30:00,1.94847,1.95041,1.94784,1.9494,0.0
2026-07-21 09:45:00,2026-07-21 06:45:00,2026-07-21 14:45:00,1.94941,1.94946,1.94751,1.9482,0.0
2026-07-21 10:00:00,2026-07-21 07:00:00,2026-07-21 15:00:00,1.94786,1.94895,1.94765,1.94868,0.0
2026-07-21 10:15:00,2026-07-21 07:15:00,2026-07-21 15:15:00,1.94868,1.95009,1.94841,1.94956,0.0
2026-07-21 10:30:00,2026-07-21 07:30:00,2026-07-21 15:30:00,1.94953,1.95005,1.94874,1.94972,0.0
2026-07-21 10:45:00,2026-07-21 07:45:00,2026-07-21 15:45:00,1.94974,1.94989,1.94895,1.94933,0.0
2026-07-21 11:00:00,2026-07-21 08:00:00,2026-07-21 16:00:00,1.94899,1.94982,1.94856,1.94892,0.0
2026-07-21 11:15:00,2026-07-21 08:15:00,2026-07-21 16:15:00,1.94889,1.9494,1.94842,1.94938,0.0
2026-07-21 11:30:00,2026-07-21 08:30:00,2026-07-21 16:30:00,1.94938,1.95031,1.94907,1.94976,0.0
2026-07-21 11:45:00,2026-07-21 08:45:00,2026-07-21 16:45:00,1.94976,1.94997,1.94784,1.94912,0.0
2026-07-21 12:00:00,2026-07-21 09:00:00,2026-07-21 17:00:00,1.9491,1.9498,1.94794,1.94943,0.0
2026-07-21 12:15:00,2026-07-21 09:15:00,2026-07-21 17:15:00,1.9494,1.94945,1.94827,1.94925,0.0
2026-07-21 12:30:00,2026-07-21 09:30:00,2026-07-21 17:30:00,1.94892,1.94948,1.94832,1.94882,0.0
2026-07-21 12:45:00,2026-07-21 09:45:00,2026-07-21 17:45:00,1.94884,1.94942,1.94827,1.94872,0.0
2026-07-21 13:00:00,2026-07-21 10:00:00,2026-07-21 18:00:00,1.94866,1.94936,1.94816,1.94888,0.0
2026-07-21 13:15:00,2026-07-21 10:15:00,2026-07-21 18:15:00,1.94851,1.94956,1.94828,1.94956,0.0
2026-07-21 13:30:00,2026-07-21 10:30:00,2026-07-21 18:30:00,1.94927,1.95008,1.94903,1.95,0.0
2026-07-21 13:45:00,2026-07-21 10:45:00,2026-07-21 18:45:00,1.94973,1.95075,1.94968,1.95058,0.0
2026-07-21 14:00:00,2026-07-21 11:00:00,2026-07-21 19:00:00,1.95054,1.95202,1.95016,1.95178,0.0
2026-07-21 14:15:00,2026-07-21 11:15:00,2026-07-21 19:15:00,1.9518,1.95235,1.95111,1.95235,0.0
2026-07-21 14:30:00,2026-07-21 11:30:00,2026-07-21 19:30:00,1.9523,1.95275,1.95188,1.95236,0.0
2026-07-21 14:45:00,2026-07-21 11:45:00,2026-07-21 19:45:00,1.95204,1.95289,1.95188,1.95198,0.0
2026-07-21 15:00:00,2026-07-21 12:00:00,2026-07-21 20:00:00,1.95225,1.95349,1.95186,1.95334,0.0
2026-07-21 15:15:00,2026-07-21 12:15:00,2026-07-21 20:15:00,1.95304,1.95501,1.95279,1.95493,0.0
2026-07-21 15:30:00,2026-07-21 12:30:00,2026-07-21 20:30:00,1.95488,1.95532,1.95351,1.95499,0.0
2026-07-21 15:45:00,2026-07-21 12:45:00,2026-07-21 20:45:00,1.95496,1.9551,1.95391,1.95494,0.0
2026-07-21 16:00:00,2026-07-21 13:00:00,2026-07-21 21:00:00,1.95463,1.95579,1.95459,1.95504,0.0
2026-07-21 16:15:00,2026-07-21 13:15:00,2026-07-21 21:15:00,1.95505,1.95747,1.95473,1.9573,0.0
2026-07-21 16:30:00,2026-07-21 13:30:00,2026-07-21 21:30:00,1.957,1.95888,1.95693,1.95805,0.0
2026-07-21 16:45:00,2026-07-21 13:45:00,2026-07-21 21:45:00,1.95808,1.95874,1.95744,1.95835,0.0
2026-07-21 17:00:00,2026-07-21 14:00:00,2026-07-21 22:00:00,1.95835,1.9586,1.95707,1.95718,0.0
2026-07-21 17:15:00,2026-07-21 14:15:00,2026-07-21 22:15:00,1.95745,1.95808,1.95676,1.95709,0.0
2026-07-21 17:30:00,2026-07-21 14:30:00,2026-07-21 22:30:00,1.95706,1.95752,1.95651,1.957,0.0
2026-07-21 17:45:00,2026-07-21 14:45:00,2026-07-21 22:45:00,1.95696,1.95786,1.95638,1.95744,0.0
2026-07-21 18:00:00,2026-07-21 15:00:00,2026-07-21 23:00:00,1.95716,1.95762,1.95602,1.95638,0.0
2026-07-21 18:15:00,2026-07-21 15:15:00,2026-07-21 23:15:00,1.95636,1.95644,1.95558,1.95594,0.0
2026-07-21 18:30:00,2026-07-21 15:30:00,2026-07-21 23:30:00,1.95571,1.95643,1.95519,1.95576,0.0
2026-07-21 18:45:00,2026-07-21 15:45:00,2026-07-21 23:45:00,1.95549,1.95647,1.95549,1.95627,0.0
2026-07-21 19:00:00,2026-07-21 16:00:00,2026-07-22 00:00:00,1.95626,1.95662,1.95587,1.95634,0.0
2026-07-21 19:15:00,2026-07-21 16:15:00,2026-07-22 00:15:00,1.95635,1.95665,1.95599,1.95658,0.0
2026-07-21 19:30:00,2026-07-21 16:30:00,2026-07-22 00:30:00,1.95633,1.95668,1.95578,1.95615,0.0
2026-07-21 19:45:00,2026-07-21 16:45:00,2026-07-22 00:45:00,1.95615,1.95615,1.95518,1.95554,0.0
2026-07-21 20:00:00,2026-07-21 17:00:00,2026-07-22 01:00:00,1.95554,1.95568,1.95501,1.95566,0.0
2026-07-21 20:15:00,2026-07-21 17:15:00,2026-07-22 01:15:00,1.95566,1.956,1.95519,1.95546,0.0
2026-07-21 20:30:00,2026-07-21 17:30:00,2026-07-22 01:30:00,1.9557,1.95609,1.95532,1.95541,0.0
2026-07-21 20:45:00,2026-07-21 17:45:00,2026-07-22 01:45:00,1.95562,1.95585,1.95518,1.95559,0.0
2026-07-21 21:00:00,2026-07-21 18:00:00,2026-07-22 02:00:00,1.9556,1.95587,1.95509,1.95568,0.0
2026-07-21 21:15:00,2026-07-21 18:15:00,2026-07-22 02:15:00,1.95553,1.95581,1.95506,1.95554,0.0
2026-07-21 21:30:00,2026-07-21 18:30:00,2026-07-22 02:30:00,1.95552,1.95556,1.95482,1.9551,0.0
2026-07-21 21:45:00,2026-07-21 18:45:00,2026-07-22 02:45:00,1.95484,1.95561,1.95421,1.95546,0.0
2026-07-21 22:00:00,2026-07-21 19:00:00,2026-07-22 03:00:00,1.95421,1.95592,1.95411,1.95562,0.0
2026-07-21 22:15:00,2026-07-21 19:15:00,2026-07-22 03:15:00,1.9556,1.95591,1.95509,1.9559,0.0
2026-07-21 22:30:00,2026-07-21 19:30:00,2026-07-22 03:30:00,1.95588,1.95635,1.95548,1.95621,0.0
2026-07-21 22:45:00,2026-07-21 19:45:00,2026-07-22 03:45:00,1.95616,1.95631,1.95545,1.9558,0.0
2026-07-21 23:00:00,2026-07-21 20:00:00,2026-07-22 04:00:00,1.95549,1.95632,1.95526,1.95628,0.0
2026-07-21 23:15:00,2026-07-21 20:15:00,2026-07-22 04:15:00,1.95626,1.95675,1.95595,1.95646,0.0
2026-07-21 23:30:00,2026-07-21 20:30:00,2026-07-22 04:30:00,1.95614,1.95691,1.95603,1.95643,0.0
2026-07-21 23:45:00,2026-07-21 20:45:00,2026-07-22 04:45:00,1.95611,1.95647,1.95429,1.95565,0.0
2026-07-22 00:00:00,2026-07-21 21:00:00,2026-07-22 05:00:00,1.95531,1.9565,1.95333,1.95541,0.0
2026-07-22 00:15:00,2026-07-21 21:15:00,2026-07-22 05:15:00,1.9559,1.957,1.95358,1.95379,0.0
2026-07-22 00:30:00,2026-07-21 21:30:00,2026-07-22 05:30:00,1.95382,1.95636,1.95382,1.95605,0.0
2026-07-22 00:45:00,2026-07-21 21:45:00,2026-07-22 05:45:00,1.9561,1.9564,1.9558,1.95605,0.0
2026-07-22 01:00:00,2026-07-21 22:00:00,2026-07-22 06:00:00,1.95599,1.95663,1.95522,1.95632,0.0
2026-07-22 01:15:00,2026-07-21 22:15:00,2026-07-22 06:15:00,1.95633,1.95655,1.95542,1.95638,0.0
2026-07-22 01:30:00,2026-07-21 22:30:00,2026-07-22 06:30:00,1.95636,1.95655,1.95559,1.9564,0.0
2026-07-22 01:45:00,2026-07-21 22:45:00,2026-07-22 06:45:00,1.9557,1.95711,1.9557,1.957,0.0
2026-07-22 02:00:00,2026-07-21 23:00:00,2026-07-22 07:00:00,1.95706,1.95714,1.95581,1.95678,0.0
2026-07-22 02:15:00,2026-07-21 23:15:00,2026-07-22 07:15:00,1.95611,1.95725,1.95578,1.95725,0.0
2026-07-22 02:30:00,2026-07-21 23:30:00,2026-07-22 07:30:00,1.95722,1.95738,1.95655,1.95736,0.0
2026-07-22 02:45:00,2026-07-21 23:45:00,2026-07-22 07:45:00,1.95736,1.95739,1.95649,1.95722,0.0
2026-07-22 03:00:00,2026-07-22 00:00:00,2026-07-22 08:00:00,1.95722,1.9582,1.95666,1.95741,0.0
2026-07-22 03:15:00,2026-07-22 00:15:00,2026-07-22 08:15:00,1.95738,1.95743,1.9557,1.95622,0.0
2026-07-22 03:30:00,2026-07-22 00:30:00,2026-07-22 08:30:00,1.95618,1.9571,1.95562,1.95705,0.0
2026-07-22 03:45:00,2026-07-22 00:45:00,2026-07-22 08:45:00,1.95705,1.95723,1.95479,1.95526,0.0
2026-07-22 04:00:00,2026-07-22 01:00:00,2026-07-22 09:00:00,1.95481,1.95634,1.95444,1.9562,0.0
2026-07-22 04:15:00,2026-07-22 01:15:00,2026-07-22 09:15:00,1.95623,1.9569,1.95536,1.95659,0.0
2026-07-22 04:30:00,2026-07-22 01:30:00,2026-07-22 09:30:00,1.9562,1.95706,1.9558,1.95635,0.0
2026-07-22 04:45:00,2026-07-22 01:45:00,2026-07-22 09:45:00,1.95678,1.95684,1.95497,1.95568,0.0
2026-07-22 05:00:00,2026-07-22 02:00:00,2026-07-22 10:00:00,1.95566,1.95665,1.95512,1.95629,0.0
2026-07-22 05:15:00,2026-07-22 02:15:00,2026-07-22 10:15:00,1.9562,1.95661,1.95555,1.9563,0.0
2026-07-22 05:30:00,2026-07-22 02:30:00,2026-07-22 10:30:00,1.9563,1.95736,1.95566,1.95709,0.0
2026-07-22 05:45:00,2026-07-22 02:45:00,2026-07-22 10:45:00,1.95706,1.95736,1.95622,1.95705,0.0
2026-07-22 06:00:00,2026-07-22 03:00:00,2026-07-22 11:00:00,1.95658,1.95807,1.95658,1.95778,0.0
2026-07-22 06:15:00,2026-07-22 03:15:00,2026-07-22 11:15:00,1.9578,1.95782,1.95619,1.95673,0.0
2026-07-22 06:30:00,2026-07-22 03:30:00,2026-07-22 11:30:00,1.95672,1.95766,1.9562,1.95712,0.0
2026-07-22 06:45:00,2026-07-22 03:45:00,2026-07-22 11:45:00,1.9576,1.95765,1.95675,1.95736,0.0
2026-07-22 07:00:00,2026-07-22 04:00:00,2026-07-22 12:00:00,1.95736,1.95832,1.95666,1.9583,0.0
2026-07-22 07:15:00,2026-07-22 04:15:00,2026-07-22 12:15:00,1.95828,1.95842,1.9573,1.95793,0.0
2026-07-22 07:30:00,2026-07-22 04:30:00,2026-07-22 12:30:00,1.9579,1.95825,1.95724,1.95774,0.0
2026-07-22 07:45:00,2026-07-22 04:45:00,2026-07-22 12:45:00,1.95729,1.95817,1.95729,1.95794,0.0
2026-07-22 08:00:00,2026-07-22 05:00:00,2026-07-22 13:00:00,1.95743,1.95825,1.95716,1.95795,0.0
2026-07-22 08:15:00,2026-07-22 05:15:00,2026-07-22 13:15:00,1.958,1.95859,1.9574,1.95857,0.0
2026-07-22 08:30:00,2026-07-22 05:30:00,2026-07-22 13:30:00,1.95856,1.95946,1.9579,1.95942,0.0
2026-07-22 08:45:00,2026-07-22 05:45:00,2026-07-22 13:45:00,1.95937,1.95958,1.95835,1.95902,0.0
2026-07-22 09:00:00,2026-07-22 06:00:00,2026-07-22 14:00:00,1.95906,1.9596,1.95814,1.9594,0.0
2026-07-22 09:15:00,2026-07-22 06:15:00,2026-07-22 14:15:00,1.95942,1.96135,1.95878,1.9612,0.0
2026-07-22 09:30:00,2026-07-22 06:30:00,2026-07-22 14:30:00,1.96123,1.96161,1.95977,1.9609,0.0
2026-07-22 09:45:00,2026-07-22 06:45:00,2026-07-22 14:45:00,1.9609,1.96144,1.96052,1.9609,0.0
2026-07-22 10:00:00,2026-07-22 07:00:00,2026-07-22 15:00:00,1.96056,1.96089,1.95963,1.95996,0.0
2026-07-22 10:15:00,2026-07-22 07:15:00,2026-07-22 15:15:00,1.95999,1.96001,1.95857,1.95945,0.0
2026-07-22 10:30:00,2026-07-22 07:30:00,2026-07-22 15:30:00,1.95913,1.96103,1.9582,1.96034,0.0
2026-07-22 10:45:00,2026-07-22 07:45:00,2026-07-22 15:45:00,1.96037,1.9609,1.95956,1.96079,0.0
2026-07-22 11:00:00,2026-07-22 08:00:00,2026-07-22 16:00:00,1.96078,1.9617,1.96038,1.96156,0.0
2026-07-22 11:15:00,2026-07-22 08:15:00,2026-07-22 16:15:00,1.9615,1.96206,1.96033,1.96067,0.0
2026-07-22 11:30:00,2026-07-22 08:30:00,2026-07-22 16:30:00,1.96062,1.96112,1.95996,1.96092,0.0
2026-07-22 11:45:00,2026-07-22 08:45:00,2026-07-22 16:45:00,1.96096,1.9612,1.96013,1.96109,0.0
2026-07-22 12:00:00,2026-07-22 09:00:00,2026-07-22 17:00:00,1.96074,1.96126,1.96013,1.96075,0.0
2026-07-22 12:15:00,2026-07-22 09:15:00,2026-07-22 17:15:00,1.96072,1.96122,1.96006,1.96108,0.0
2026-07-22 12:30:00,2026-07-22 09:30:00,2026-07-22 17:30:00,1.96072,1.96184,1.96057,1.96134,0.0
2026-07-22 12:45:00,2026-07-22 09:45:00,2026-07-22 17:45:00,1.96136,1.96169,1.9604,1.96073,0.0
2026-07-22 13:00:00,2026-07-22 10:00:00,2026-07-22 18:00:00,1.96076,1.96103,1.96005,1.96067,0.0
2026-07-22 13:15:00,2026-07-22 10:15:00,2026-07-22 18:15:00,1.96069,1.9607,1.95959,1.96026,0.0
2026-07-22 13:30:00,2026-07-22 10:30:00,2026-07-22 18:30:00,1.96029,1.96064,1.95942,1.95992,0.0
2026-07-22 13:45:00,2026-07-22 10:45:00,2026-07-22 18:45:00,1.95987,1.96023,1.95929,1.96009,0.0
2026-07-22 14:00:00,2026-07-22 11:00:00,2026-07-22 19:00:00,1.95961,1.96104,1.95961,1.96056,0.0
2026-07-22 14:15:00,2026-07-22 11:15:00,2026-07-22 19:15:00,1.96058,1.96112,1.96024,1.96065,0.0
2026-07-22 14:30:00,2026-07-22 11:30:00,2026-07-22 19:30:00,1.96098,1.962,1.96049,1.96164,0.0
2026-07-22 14:45:00,2026-07-22 11:45:00,2026-07-22 19:45:00,1.96131,1.96185,1.96016,1.96071,0.0
2026-07-22 15:00:00,2026-07-22 12:00:00,2026-07-22 20:00:00,1.9607,1.96084,1.96007,1.96079,0.0
2026-07-22 15:15:00,2026-07-22 12:15:00,2026-07-22 20:15:00,1.96079,1.96128,1.96033,1.96084,0.0
2026-07-22 15:30:00,2026-07-22 12:30:00,2026-07-22 20:30:00,1.96083,1.96152,1.96032,1.9613,0.0
2026-07-22 15:45:00,2026-07-22 12:45:00,2026-07-22 20:45:00,1.9613,1.96259,1.96094,1.96232,0.0
2026-07-22 16:00:00,2026-07-22 13:00:00,2026-07-22 21:00:00,1.96233,1.96233,1.96095,1.9613,0.0
2026-07-22 16:15:00,2026-07-22 13:15:00,2026-07-22 21:15:00,1.96133,1.96183,1.9604,1.96149,0.0
2026-07-22 16:30:00,2026-07-22 13:30:00,2026-07-22 21:30:00,1.96181,1.96183,1.96064,1.96116,0.0
2026-07-22 16:45:00,2026-07-22 13:45:00,2026-07-22 21:45:00,1.96084,1.96192,1.96068,1.96105,0.0
2026-07-22 17:00:00,2026-07-22 14:00:00,2026-07-22 22:00:00,1.96129,1.96167,1.96059,1.96118,0.0
2026-07-22 17:15:00,2026-07-22 14:15:00,2026-07-22 22:15:00,1.96095,1.96247,1.96092,1.96197,0.0
2026-07-22 17:30:00,2026-07-22 14:30:00,2026-07-22 22:30:00,1.96197,1.96229,1.961,1.96153,0.0
2026-07-22 17:45:00,2026-07-22 14:45:00,2026-07-22 22:45:00,1.96127,1.96183,1.96075,1.96134,0.0
2026-07-22 18:00:00,2026-07-22 15:00:00,2026-07-22 23:00:00,1.96141,1.96157,1.9607,1.96118,0.0
2026-07-22 18:15:00,2026-07-22 15:15:00,2026-07-22 23:15:00,1.96118,1.96178,1.96092,1.96134,0.0
2026-07-22 18:30:00,2026-07-22 15:30:00,2026-07-22 23:30:00,1.96104,1.96136,1.96026,1.96046,0.0
2026-07-22 18:45:00,2026-07-22 15:45:00,2026-07-22 23:45:00,1.9607,1.9609,1.96,1.96062,0.0
2026-07-22 19:00:00,2026-07-22 16:00:00,2026-07-23 00:00:00,1.96058,1.96098,1.96025,1.9608,0.0
2026-07-22 19:15:00,2026-07-22 16:15:00,2026-07-23 00:15:00,1.96081,1.96173,1.96055,1.96153,0.0
2026-07-22 19:30:00,2026-07-22 16:30:00,2026-07-23 00:30:00,1.9615,1.96164,1.96095,1.96138,0.0
2026-07-22 19:45:00,2026-07-22 16:45:00,2026-07-23 00:45:00,1.9614,1.9615,1.96048,1.96105,0.0
2026-07-22 20:00:00,2026-07-22 17:00:00,2026-07-23 01:00:00,1.96077,1.96158,1.96058,1.96152,0.0
2026-07-22 20:15:00,2026-07-22 17:15:00,2026-07-23 01:15:00,1.96153,1.9616,1.96089,1.96142,0.0
2026-07-22 20:30:00,2026-07-22 17:30:00,2026-07-23 01:30:00,1.96144,1.96191,1.96098,1.96172,0.0
2026-07-22 20:45:00,2026-07-22 17:45:00,2026-07-23 01:45:00,1.96173,1.96205,1.96106,1.96178,0.0
2026-07-22 21:00:00,2026-07-22 18:00:00,2026-07-23 02:00:00,1.96178,1.96233,1.96143,1.96225,0.0
2026-07-22 21:15:00,2026-07-22 18:15:00,2026-07-23 02:15:00,1.9623,1.96233,1.96155,1.96173,0.0
2026-07-22 21:30:00,2026-07-22 18:30:00,2026-07-23 02:30:00,1.96192,1.96217,1.96163,1.96202,0.0
2026-07-22 21:45:00,2026-07-22 18:45:00,2026-07-23 02:45:00,1.96205,1.96243,1.96101,1.96239,0.0
2026-07-22 22:00:00,2026-07-22 19:00:00,2026-07-23 03:00:00,1.96124,1.96274,1.96124,1.9625,0.0
2026-07-22 22:15:00,2026-07-22 19:15:00,2026-07-23 03:15:00,1.96255,1.96257,1.96157,1.96216,0.0
2026-07-22 22:30:00,2026-07-22 19:30:00,2026-07-23 03:30:00,1.96216,1.96227,1.9614,1.96213,0.0
2026-07-22 22:45:00,2026-07-22 19:45:00,2026-07-23 03:45:00,1.96212,1.96275,1.96163,1.96248,0.0
2026-07-22 23:00:00,2026-07-22 20:00:00,2026-07-23 04:00:00,1.96214,1.96248,1.96086,1.96146,0.0
2026-07-22 23:15:00,2026-07-22 20:15:00,2026-07-23 04:15:00,1.96145,1.96202,1.96085,1.96186,0.0
2026-07-22 23:30:00,2026-07-22 20:30:00,2026-07-23 04:30:00,1.96183,1.96209,1.96114,1.96192,0.0
2026-07-22 23:45:00,2026-07-22 20:45:00,2026-07-23 04:45:00,1.962,1.9623,1.96055,1.96055,0.0
2026-07-23 00:00:00,2026-07-22 21:00:00,2026-07-23 05:00:00,1.96028,1.96277,1.95874,1.96196,0.0
2026-07-23 00:15:00,2026-07-22 21:15:00,2026-07-23 05:15:00,1.96188,1.96196,1.9593,1.95998,0.0
2026-07-23 00:30:00,2026-07-22 21:30:00,2026-07-23 05:30:00,1.96021,1.96073,1.9595,1.9597,0.0
2026-07-23 00:45:00,2026-07-22 21:45:00,2026-07-23 05:45:00,1.95972,1.96114,1.9596,1.96067,0.0
2026-07-23 01:00:00,2026-07-22 22:00:00,2026-07-23 06:00:00,1.96062,1.96329,1.9602,1.96318,0.0
2026-07-23 01:15:00,2026-07-22 22:15:00,2026-07-23 06:15:00,1.96321,1.96338,1.96194,1.96311,0.0
2026-07-23 01:30:00,2026-07-22 22:30:00,2026-07-23 06:30:00,1.96315,1.96366,1.9622,1.96326,0.0
2026-07-23 01:45:00,2026-07-22 22:45:00,2026-07-23 06:45:00,1.96326,1.9633,1.96179,1.96278,0.0
2026-07-23 02:00:00,2026-07-22 23:00:00,2026-07-23 07:00:00,1.96267,1.963,1.96195,1.96272,0.0
2026-07-23 02:15:00,2026-07-22 23:15:00,2026-07-23 07:15:00,1.96272,1.96291,1.96207,1.96283,0.0
2026-07-23 02:30:00,2026-07-22 23:30:00,2026-07-23 07:30:00,1.96285,1.9629,1.96205,1.96274,0.0
2026-07-23 02:45:00,2026-07-22 23:45:00,2026-07-23 07:45:00,1.96275,1.96305,1.96218,1.96284,0.0
2026-07-23 03:00:00,2026-07-23 00:00:00,2026-07-23 08:00:00,1.96286,1.96336,1.96208,1.96336,0.0
2026-07-23 03:15:00,2026-07-23 00:15:00,2026-07-23 08:15:00,1.96336,1.96346,1.96236,1.96319,0.0
2026-07-23 03:30:00,2026-07-23 00:30:00,2026-07-23 08:30:00,1.96316,1.96321,1.9619,1.96198,0.0
2026-07-23 03:45:00,2026-07-23 00:45:00,2026-07-23 08:45:00,1.96198,1.96279,1.9616,1.96248,0.0
2026-07-23 04:00:00,2026-07-23 01:00:00,2026-07-23 09:00:00,1.96249,1.96282,1.96156,1.9624,0.0
2026-07-23 04:15:00,2026-07-23 01:15:00,2026-07-23 09:15:00,1.9624,1.96263,1.96144,1.96247,0.0
2026-07-23 04:30:00,2026-07-23 01:30:00,2026-07-23 09:30:00,1.96249,1.96312,1.96057,1.96198,0.0
2026-07-23 04:45:00,2026-07-23 01:45:00,2026-07-23 09:45:00,1.96196,1.96227,1.96085,1.96192,0.0
2026-07-23 05:00:00,2026-07-23 02:00:00,2026-07-23 10:00:00,1.9619,1.96217,1.96088,1.96205,0.0
2026-07-23 05:15:00,2026-07-23 02:15:00,2026-07-23 10:15:00,1.96208,1.9634,1.96157,1.96285,0.0
2026-07-23 05:30:00,2026-07-23 02:30:00,2026-07-23 10:30:00,1.96335,1.96426,1.96258,1.96374,0.0
2026-07-23 05:45:00,2026-07-23 02:45:00,2026-07-23 10:45:00,1.96376,1.96471,1.96311,1.96422,0.0
2026-07-23 06:00:00,2026-07-23 03:00:00,2026-07-23 11:00:00,1.96374,1.96549,1.96374,1.96516,0.0
2026-07-23 06:15:00,2026-07-23 03:15:00,2026-07-23 11:15:00,1.96512,1.96526,1.96375,1.96457,0.0
2026-07-23 06:30:00,2026-07-23 03:30:00,2026-07-23 11:30:00,1.96456,1.96484,1.96376,1.96422,0.0
2026-07-23 06:45:00,2026-07-23 03:45:00,2026-07-23 11:45:00,1.96422,1.96435,1.96345,1.96415,0.0
2026-07-23 07:00:00,2026-07-23 04:00:00,2026-07-23 12:00:00,1.96367,1.96472,1.96348,1.96432,0.0
2026-07-23 07:15:00,2026-07-23 04:15:00,2026-07-23 12:15:00,1.96436,1.96479,1.96368,1.96464,0.0
2026-07-23 07:30:00,2026-07-23 04:30:00,2026-07-23 12:30:00,1.96464,1.96486,1.96371,1.96455,0.0
2026-07-23 07:45:00,2026-07-23 04:45:00,2026-07-23 12:45:00,1.96454,1.96512,1.96387,1.96498,0.0
2026-07-23 08:00:00,2026-07-23 05:00:00,2026-07-23 13:00:00,1.96496,1.9654,1.96448,1.96525,0.0
2026-07-23 08:15:00,2026-07-23 05:15:00,2026-07-23 13:15:00,1.96526,1.96563,1.96404,1.96409,0.0
2026-07-23 08:30:00,2026-07-23 05:30:00,2026-07-23 13:30:00,1.96465,1.96468,1.96317,1.96403,0.0
2026-07-23 08:45:00,2026-07-23 05:45:00,2026-07-23 13:45:00,1.964,1.96429,1.96311,1.96372,0.0
2026-07-23 09:00:00,2026-07-23 06:00:00,2026-07-23 14:00:00,1.96376,1.96394,1.96297,1.9638,0.0
2026-07-23 09:15:00,2026-07-23 06:15:00,2026-07-23 14:15:00,1.9638,1.96382,1.96242,1.96279,0.0
2026-07-23 09:30:00,2026-07-23 06:30:00,2026-07-23 14:30:00,1.96285,1.96361,1.96219,1.96332,0.0
2026-07-23 09:45:00,2026-07-23 06:45:00,2026-07-23 14:45:00,1.96298,1.96496,1.9629,1.96461,0.0
2026-07-23 10:00:00,2026-07-23 07:00:00,2026-07-23 15:00:00,1.96494,1.96617,1.96443,1.9653,0.0
2026-07-23 10:15:00,2026-07-23 07:15:00,2026-07-23 15:15:00,1.96566,1.96702,1.96523,1.96702,0.0
2026-07-23 10:30:00,2026-07-23 07:30:00,2026-07-23 15:30:00,1.96703,1.96973,1.96673,1.96929,0.0
2026-07-23 10:45:00,2026-07-23 07:45:00,2026-07-23 15:45:00,1.96928,1.96978,1.96793,1.96834,0.0
2026-07-23 11:00:00,2026-07-23 08:00:00,2026-07-23 16:00:00,1.96832,1.96931,1.96786,1.96866,0.0
2026-07-23 11:15:00,2026-07-23 08:15:00,2026-07-23 16:15:00,1.96869,1.96933,1.96792,1.9692,0.0
2026-07-23 11:30:00,2026-07-23 08:30:00,2026-07-23 16:30:00,1.96926,1.96935,1.96788,1.96902,0.0
2026-07-23 11:45:00,2026-07-23 08:45:00,2026-07-23 16:45:00,1.96896,1.9692,1.96747,1.9685,0.0
2026-07-23 12:00:00,2026-07-23 09:00:00,2026-07-23 17:00:00,1.96856,1.96925,1.96728,1.96886,0.0
2026-07-23 12:15:00,2026-07-23 09:15:00,2026-07-23 17:15:00,1.96925,1.96932,1.96846,1.96912,0.0
2026-07-23 12:30:00,2026-07-23 09:30:00,2026-07-23 17:30:00,1.96874,1.96924,1.96794,1.96838,0.0
2026-07-23 12:45:00,2026-07-23 09:45:00,2026-07-23 17:45:00,1.96839,1.96878,1.96771,1.96862,0.0
2026-07-23 13:00:00,2026-07-23 10:00:00,2026-07-23 18:00:00,1.96863,1.96942,1.96776,1.96923,0.0
2026-07-23 13:15:00,2026-07-23 10:15:00,2026-07-23 18:15:00,1.96921,1.96942,1.96852,1.96888,0.0
2026-07-23 13:30:00,2026-07-23 10:30:00,2026-07-23 18:30:00,1.96888,1.96893,1.96799,1.96843,0.0
2026-07-23 13:45:00,2026-07-23 10:45:00,2026-07-23 18:45:00,1.9684,1.96863,1.96726,1.96786,0.0
2026-07-23 14:00:00,2026-07-23 11:00:00,2026-07-23 19:00:00,1.96755,1.96839,1.96743,1.96834,0.0
2026-07-23 14:15:00,2026-07-23 11:15:00,2026-07-23 19:15:00,1.96829,1.96867,1.96792,1.96825,0.0
2026-07-23 14:30:00,2026-07-23 11:30:00,2026-07-23 19:30:00,1.96825,1.96911,1.9674,1.96884,0.0
2026-07-23 14:45:00,2026-07-23 11:45:00,2026-07-23 19:45:00,1.96861,1.96912,1.96789,1.96888,0.0
2026-07-23 15:00:00,2026-07-23 12:00:00,2026-07-23 20:00:00,1.96888,1.96936,1.96809,1.96924,0.0
2026-07-23 15:15:00,2026-07-23 12:15:00,2026-07-23 20:15:00,1.96914,1.96936,1.96743,1.96911,0.0
2026-07-23 15:30:00,2026-07-23 12:30:00,2026-07-23 20:30:00,1.96908,1.97122,1.96781,1.97033,0.0
2026-07-23 15:45:00,2026-07-23 12:45:00,2026-07-23 20:45:00,1.97025,1.9707,1.96935,1.96988,0.0
2026-07-23 16:00:00,2026-07-23 13:00:00,2026-07-23 21:00:00,1.97022,1.97107,1.96978,1.97018,0.0
2026-07-23 16:15:00,2026-07-23 13:15:00,2026-07-23 21:15:00,1.96989,1.97106,1.96946,1.97082,0.0
2026-07-23 16:30:00,2026-07-23 13:30:00,2026-07-23 21:30:00,1.97054,1.97082,1.9686,1.96925,0.0
2026-07-23 16:45:00,2026-07-23 13:45:00,2026-07-23 21:45:00,1.969,1.96984,1.96882,1.96936,0.0
2026-07-23 17:00:00,2026-07-23 14:00:00,2026-07-23 22:00:00,1.96903,1.96972,1.96846,1.96887,0.0
2026-07-23 17:15:00,2026-07-23 14:15:00,2026-07-23 22:15:00,1.96887,1.96947,1.96832,1.969,0.0
2026-07-23 17:30:00,2026-07-23 14:30:00,2026-07-23 22:30:00,1.969,1.97016,1.96859,1.96991,0.0
2026-07-23 17:45:00,2026-07-23 14:45:00,2026-07-23 22:45:00,1.97014,1.97073,1.96935,1.96994,0.0
2026-07-23 18:00:00,2026-07-23 15:00:00,2026-07-23 23:00:00,1.9697,1.97067,1.96949,1.97052,0.0
2026-07-23 18:15:00,2026-07-23 15:15:00,2026-07-23 23:15:00,1.97056,1.97178,1.96998,1.97149,0.0
2026-07-23 18:30:00,2026-07-23 15:30:00,2026-07-23 23:30:00,1.97149,1.97261,1.97012,1.97091,0.0
2026-07-23 18:45:00,2026-07-23 15:45:00,2026-07-23 23:45:00,1.9709,1.97095,1.96926,1.96948,0.0
2026-07-23 19:00:00,2026-07-23 16:00:00,2026-07-24 00:00:00,1.9693,1.97007,1.96892,1.9697,0.0
2026-07-23 19:15:00,2026-07-23 16:15:00,2026-07-24 00:15:00,1.96966,1.97001,1.96906,1.96942,0.0
2026-07-23 19:30:00,2026-07-23 16:30:00,2026-07-24 00:30:00,1.96919,1.96983,1.96905,1.9697,0.0
2026-07-23 19:45:00,2026-07-23 16:45:00,2026-07-24 00:45:00,1.9695,1.96988,1.96928,1.96984,0.0
2026-07-23 20:00:00,2026-07-23 17:00:00,2026-07-24 01:00:00,1.96961,1.9701,1.96941,1.96994,0.0
2026-07-23 20:15:00,2026-07-23 17:15:00,2026-07-24 01:15:00,1.96995,1.97021,1.96933,1.9701,0.0
2026-07-23 20:30:00,2026-07-23 17:30:00,2026-07-24 01:30:00,1.97006,1.97093,1.9697,1.97083,0.0
2026-07-23 20:45:00,2026-07-23 17:45:00,2026-07-24 01:45:00,1.97088,1.97096,1.9701,1.9707,0.0
2026-07-23 21:00:00,2026-07-23 18:00:00,2026-07-24 02:00:00,1.97068,1.97123,1.97024,1.97106,0.0
2026-07-23 21:15:00,2026-07-23 18:15:00,2026-07-24 02:15:00,1.97101,1.97139,1.97057,1.9711,0.0
2026-07-23 21:30:00,2026-07-23 18:30:00,2026-07-24 02:30:00,1.97092,1.97151,1.97064,1.97121,0.0
2026-07-23 21:45:00,2026-07-23 18:45:00,2026-07-24 02:45:00,1.97116,1.97194,1.9701,1.9701,0.0
2026-07-23 22:00:00,2026-07-23 19:00:00,2026-07-24 03:00:00,1.97144,1.97216,1.96986,1.9719,0.0
2026-07-23 22:15:00,2026-07-23 19:15:00,2026-07-24 03:15:00,1.97189,1.97203,1.97115,1.9715,0.0
2026-07-23 22:30:00,2026-07-23 19:30:00,2026-07-24 03:30:00,1.97149,1.97154,1.97084,1.97108,0.0
2026-07-23 22:45:00,2026-07-23 19:45:00,2026-07-24 03:45:00,1.97116,1.97156,1.97057,1.971,0.0
2026-07-23 23:00:00,2026-07-23 20:00:00,2026-07-24 04:00:00,1.97069,1.9712,1.97027,1.97101,0.0
2026-07-23 23:15:00,2026-07-23 20:15:00,2026-07-24 04:15:00,1.97099,1.97113,1.97033,1.97107,0.0
2026-07-23 23:30:00,2026-07-23 20:30:00,2026-07-24 04:30:00,1.97057,1.97128,1.97032,1.97118,0.0
2026-07-23 23:45:00,2026-07-23 20:45:00,2026-07-24 04:45:00,1.97073,1.9713,1.96975,1.97017,0.0
2026-07-24 00:00:00,2026-07-23 21:00:00,2026-07-24 05:00:00,1.96999,1.97146,1.9675,1.96819,0.0
2026-07-24 00:15:00,2026-07-23 21:15:00,2026-07-24 05:15:00,1.96853,1.97055,1.96815,1.97012,0.0
2026-07-24 00:30:00,2026-07-23 21:30:00,2026-07-24 05:30:00,1.96984,1.97239,1.96971,1.97181,0.0
2026-07-24 00:45:00,2026-07-23 21:45:00,2026-07-24 05:45:00,1.97187,1.97264,1.9697,1.97035,0.0
2026-07-24 01:00:00,2026-07-23 22:00:00,2026-07-24 06:00:00,1.97029,1.9716,1.97026,1.9713,0.0
2026-07-24 01:15:00,2026-07-23 22:15:00,2026-07-24 06:15:00,1.97126,1.97165,1.97029,1.97153,0.0
2026-07-24 01:30:00,2026-07-23 22:30:00,2026-07-24 06:30:00,1.97152,1.97184,1.97087,1.97176,0.0
2026-07-24 01:45:00,2026-07-23 22:45:00,2026-07-24 06:45:00,1.97182,1.97191,1.97077,1.97142,0.0
2026-07-24 02:00:00,2026-07-23 23:00:00,2026-07-24 07:00:00,1.97091,1.97167,1.97088,1.97092,0.0
2026-07-24 02:15:00,2026-07-23 23:15:00,2026-07-24 07:15:00,1.97145,1.9715,1.96972,1.97032,0.0
2026-07-24 02:30:00,2026-07-23 23:30:00,2026-07-24 07:30:00,1.97033,1.97082,1.96972,1.97065,0.0
2026-07-24 02:45:00,2026-07-23 23:45:00,2026-07-24 07:45:00,1.97064,1.97082,1.96972,1.96985,0.0
2026-07-24 03:00:00,2026-07-24 00:00:00,2026-07-24 08:00:00,1.97038,1.97051,1.96894,1.96988,0.0
2026-07-24 03:15:00,2026-07-24 00:15:00,2026-07-24 08:15:00,1.96986,1.97016,1.9688,1.96949,0.0
2026-07-24 03:30:00,2026-07-24 00:30:00,2026-07-24 08:30:00,1.96948,1.9697,1.96811,1.96896,0.0
2026-07-24 03:45:00,2026-07-24 00:45:00,2026-07-24 08:45:00,1.9689,1.96911,1.96775,1.96821,0.0
2026-07-24 04:00:00,2026-07-24 01:00:00,2026-07-24 09:00:00,1.96775,1.96895,1.96765,1.96834,0.0
2026-07-24 04:15:00,2026-07-24 01:15:00,2026-07-24 09:15:00,1.96765,1.96877,1.96712,1.96802,0.0
2026-07-24 04:30:00,2026-07-24 01:30:00,2026-07-24 09:30:00,1.96803,1.96836,1.96713,1.96811,0.0
2026-07-24 04:45:00,2026-07-24 01:45:00,2026-07-24 09:45:00,1.96751,1.9691,1.96726,1.96888,0.0
2026-07-24 05:00:00,2026-07-24 02:00:00,2026-07-24 10:00:00,1.96888,1.97026,1.9685,1.96922,0.0
2026-07-24 05:15:00,2026-07-24 02:15:00,2026-07-24 10:15:00,1.96918,1.97006,1.96856,1.96956,0.0
2026-07-24 05:30:00,2026-07-24 02:30:00,2026-07-24 10:30:00,1.96952,1.97015,1.96866,1.96944,0.0
2026-07-24 05:45:00,2026-07-24 02:45:00,2026-07-24 10:45:00,1.96944,1.96999,1.96877,1.96979,0.0
2026-07-24 06:00:00,2026-07-24 03:00:00,2026-07-24 11:00:00,1.96987,1.96994,1.96863,1.96923,0.0
2026-07-24 06:15:00,2026-07-24 03:15:00,2026-07-24 11:15:00,1.96922,1.9698,1.96874,1.96978,0.0
2026-07-24 06:30:00,2026-07-24 03:30:00,2026-07-24 11:30:00,1.96974,1.97026,1.96903,1.97005,0.0
2026-07-24 06:45:00,2026-07-24 03:45:00,2026-07-24 11:45:00,1.97008,1.9702,1.96915,1.96985,0.0
2026-07-24 07:00:00,2026-07-24 04:00:00,2026-07-24 12:00:00,1.96987,1.96991,1.96856,1.96962,0.0
2026-07-24 07:15:00,2026-07-24 04:15:00,2026-07-24 12:15:00,1.96965,1.96978,1.96876,1.96954,0.0
2026-07-24 07:30:00,2026-07-24 04:30:00,2026-07-24 12:30:00,1.96956,1.97031,1.96921,1.97027,0.0
2026-07-24 07:45:00,2026-07-24 04:45:00,2026-07-24 12:45:00,1.97026,1.97083,1.96958,1.97052,0.0
2026-07-24 08:00:00,2026-07-24 05:00:00,2026-07-24 13:00:00,1.97053,1.97053,1.96935,1.96981,0.0
2026-07-24 08:15:00,2026-07-24 05:15:00,2026-07-24 13:15:00,1.9698,1.96998,1.96896,1.96958,0.0
2026-07-24 08:30:00,2026-07-24 05:30:00,2026-07-24 13:30:00,1.9696,1.96999,1.96857,1.96958,0.0
2026-07-24 08:45:00,2026-07-24 05:45:00,2026-07-24 13:45:00,1.96958,1.97003,1.9684,1.97003,0.0
2026-07-24 09:00:00,2026-07-24 06:00:00,2026-07-24 14:00:00,1.97002,1.97051,1.96869,1.97019,0.0
2026-07-24 09:15:00,2026-07-24 06:15:00,2026-07-24 14:15:00,1.97017,1.97038,1.96877,1.96916,0.0
2026-07-24 09:30:00,2026-07-24 06:30:00,2026-07-24 14:30:00,1.96919,1.96947,1.96855,1.96906,0.0
2026-07-24 09:45:00,2026-07-24 06:45:00,2026-07-24 14:45:00,1.96906,1.96943,1.96825,1.96862,0.0
2026-07-24 10:00:00,2026-07-24 07:00:00,2026-07-24 15:00:00,1.96831,1.96891,1.96778,1.9687,0.0
2026-07-24 10:15:00,2026-07-24 07:15:00,2026-07-24 15:15:00,1.96815,1.96898,1.96742,1.96864,0.0
2026-07-24 10:30:00,2026-07-24 07:30:00,2026-07-24 15:30:00,1.96742,1.96901,1.96742,1.96856,0.0
2026-07-24 10:45:00,2026-07-24 07:45:00,2026-07-24 15:45:00,1.96826,1.96879,1.96623,1.96757,0.0
2026-07-24 11:00:00,2026-07-24 08:00:00,2026-07-24 16:00:00,1.96636,1.96799,1.96627,1.96746,0.0
2026-07-24 11:15:00,2026-07-24 08:15:00,2026-07-24 16:15:00,1.96718,1.96809,1.967,1.96745,0.0
2026-07-24 11:30:00,2026-07-24 08:30:00,2026-07-24 16:30:00,1.96746,1.96779,1.96686,1.9672,0.0
2026-07-24 11:45:00,2026-07-24 08:45:00,2026-07-24 16:45:00,1.96722,1.96766,1.96655,1.96706,0.0
2026-07-24 12:00:00,2026-07-24 09:00:00,2026-07-24 17:00:00,1.96732,1.96896,1.96687,1.9686,0.0
2026-07-24 12:15:00,2026-07-24 09:15:00,2026-07-24 17:15:00,1.96888,1.969,1.96797,1.96803,0.0
2026-07-24 12:30:00,2026-07-24 09:30:00,2026-07-24 17:30:00,1.96837,1.96899,1.96801,1.96873,0.0
2026-07-24 12:45:00,2026-07-24 09:45:00,2026-07-24 17:45:00,1.96873,1.96897,1.96762,1.96792,0.0
2026-07-24 13:00:00,2026-07-24 10:00:00,2026-07-24 18:00:00,1.96756,1.96853,1.96735,1.9677,0.0
2026-07-24 13:15:00,2026-07-24 10:15:00,2026-07-24 18:15:00,1.96774,1.96831,1.96722,1.96752,0.0
2026-07-24 13:30:00,2026-07-24 10:30:00,2026-07-24 18:30:00,1.96754,1.96766,1.96671,1.96754,0.0
2026-07-24 13:45:00,2026-07-24 10:45:00,2026-07-24 18:45:00,1.96754,1.96774,1.9666,1.96704,0.0
2026-07-24 14:00:00,2026-07-24 11:00:00,2026-07-24 19:00:00,1.96702,1.9671,1.96612,1.96663,0.0
2026-07-24 14:15:00,2026-07-24 11:15:00,2026-07-24 19:15:00,1.9666,1.96679,1.96601,1.96646,0.0
2026-07-24 14:30:00,2026-07-24 11:30:00,2026-07-24 19:30:00,1.96614,1.96646,1.96557,1.96609,0.0
2026-07-24 14:45:00,2026-07-24 11:45:00,2026-07-24 19:45:00,1.96591,1.96619,1.96464,1.96519,0.0
2026-07-24 15:00:00,2026-07-24 12:00:00,2026-07-24 20:00:00,1.96499,1.9658,1.96476,1.96546,0.0
2026-07-24 15:15:00,2026-07-24 12:15:00,2026-07-24 20:15:00,1.9655,1.96673,1.96519,1.96673,0.0
2026-07-24 15:30:00,2026-07-24 12:30:00,2026-07-24 20:30:00,1.9667,1.9673,1.96631,1.96674,0.0
2026-07-24 15:45:00,2026-07-24 12:45:00,2026-07-24 20:45:00,1.96678,1.96731,1.96645,1.9671,0.0
2026-07-24 16:00:00,2026-07-24 13:00:00,2026-07-24 21:00:00,1.96712,1.9674,1.96654,1.9671,0.0
2026-07-24 16:15:00,2026-07-24 13:15:00,2026-07-24 21:15:00,1.96711,1.96753,1.96621,1.96685,0.0
2026-07-24 16:30:00,2026-07-24 13:30:00,2026-07-24 21:30:00,1.96666,1.968,1.96602,1.96755,0.0
2026-07-24 16:45:00,2026-07-24 13:45:00,2026-07-24 21:45:00,1.96748,1.9678,1.96585,1.96585,0.0
2026-07-24 17:00:00,2026-07-24 14:00:00,2026-07-24 22:00:00,1.96712,1.96726,1.96539,1.96574,0.0
2026-07-24 17:15:00,2026-07-24 14:15:00,2026-07-24 22:15:00,1.9657,1.96628,1.96495,1.96606,0.0
2026-07-24 17:30:00,2026-07-24 14:30:00,2026-07-24 22:30:00,1.96586,1.96626,1.96488,1.96528,0.0
2026-07-24 17:45:00,2026-07-24 14:45:00,2026-07-24 22:45:00,1.96523,1.96558,1.96382,1.96435,0.0
2026-07-24 18:00:00,2026-07-24 15:00:00,2026-07-24 23:00:00,1.96403,1.96438,1.96237,1.96342,0.0
2026-07-24 18:15:00,2026-07-24 15:15:00,2026-07-24 23:15:00,1.96317,1.96378,1.96233,1.96323,0.0
2026-07-24 18:30:00,2026-07-24 15:30:00,2026-07-24 23:30:00,1.96323,1.96414,1.96288,1.96391,0.0
2026-07-24 18:45:00,2026-07-24 15:45:00,2026-07-24 23:45:00,1.96391,1.96401,1.96232,1.96266,0.0
2026-07-24 19:00:00,2026-07-24 16:00:00,2026-07-25 00:00:00,1.96243,1.9626,1.96193,1.96245,0.0
2026-07-24 19:15:00,2026-07-24 16:15:00,2026-07-25 00:15:00,1.96222,1.96261,1.9617,1.96212,0.0
2026-07-24 19:30:00,2026-07-24 16:30:00,2026-07-25 00:30:00,1.9619,1.96299,1.96188,1.96295,0.0
2026-07-24 19:45:00,2026-07-24 16:45:00,2026-07-25 00:45:00,1.96292,1.96308,1.9622,1.96258,0.0
2026-07-24 20:00:00,2026-07-24 17:00:00,2026-07-25 01:00:00,1.96237,1.96382,1.96227,1.96316,0.0
2026-07-24 20:15:00,2026-07-24 17:15:00,2026-07-25 01:15:00,1.96318,1.96341,1.96269,1.96327,0.0
2026-07-24 20:30:00,2026-07-24 17:30:00,2026-07-25 01:30:00,1.96322,1.96341,1.96261,1.96326,0.0
2026-07-24 20:45:00,2026-07-24 17:45:00,2026-07-25 01:45:00,1.96326,1.96347,1.96274,1.96315,0.0
2026-07-24 21:00:00,2026-07-24 18:00:00,2026-07-25 02:00:00,1.96311,1.96346,1.96281,1.96334,0.0
2026-07-24 21:15:00,2026-07-24 18:15:00,2026-07-25 02:15:00,1.96334,1.96362,1.96286,1.96338,0.0
2026-07-24 21:30:00,2026-07-24 18:30:00,2026-07-25 02:30:00,1.96339,1.96377,1.963,1.96339,0.0
2026-07-24 21:45:00,2026-07-24 18:45:00,2026-07-25 02:45:00,1.9636,1.9639,1.96226,1.96362,0.0
2026-07-24 22:00:00,2026-07-24 19:00:00,2026-07-25 03:00:00,1.96363,1.96393,1.96226,1.96393,0.0
2026-07-24 22:15:00,2026-07-24 19:15:00,2026-07-25 03:15:00,1.96388,1.96418,1.96347,1.96412,0.0
2026-07-24 22:30:00,2026-07-24 19:30:00,2026-07-25 03:30:00,1.96387,1.96419,1.96332,1.96394,0.0
2026-07-24 22:45:00,2026-07-24 19:45:00,2026-07-25 03:45:00,1.96389,1.96443,1.96356,1.96402,0.0
2026-07-24 23:00:00,2026-07-24 20:00:00,2026-07-25 04:00:00,1.96373,1.96447,1.96364,1.96382,0.0
2026-07-24 23:15:00,2026-07-24 20:15:00,2026-07-25 04:15:00,1.96416,1.96438,1.96356,1.96427,0.0
2026-07-24 23:30:00,2026-07-24 20:30:00,2026-07-25 04:30:00,1.96427,1.96479,1.96384,1.96454,0.0
2026-07-24 23:45:00,2026-07-24 20:45:00,2026-07-25 04:45:00,1.96454,1.96479,1.96285,1.96352,0.0
2026-07-25 00:00:00,2026-07-24 21:00:00,2026-07-25 05:00:00,1.96373,1.96373,1.9634,1.96373,0.0
2026-07-25 00:15:00,2026-07-24 21:15:00,2026-07-25 05:15:00,1.96373,1.96373,1.96373,1.96373,0.0
2026-07-27 00:00:00,2026-07-26 21:00:00,2026-07-27 05:00:00,1.96158,1.9623,1.96121,1.9623,327.0
2026-07-27 00:15:00,2026-07-26 21:15:00,2026-07-27 05:15:00,1.96229,1.96275,1.96067,1.96079,360.0
2026-07-27 00:30:00,2026-07-26 21:30:00,2026-07-27 05:30:00,1.96079,1.96171,1.96069,1.96124,210.0
2026-07-27 00:45:00,2026-07-26 21:45:00,2026-07-27 05:45:00,1.96124,1.96169,1.96039,1.96046,143.0
2026-07-27 01:00:00,2026-07-26 22:00:00,2026-07-27 06:00:00,1.96028,1.96349,1.96028,1.9632,2305.0
2026-07-27 01:15:00,2026-07-26 22:15:00,2026-07-27 06:15:00,1.9632,1.96355,1.96287,1.96291,1537.0
2026-07-27 01:30:00,2026-07-26 22:30:00,2026-07-27 06:30:00,1.96294,1.96521,1.96293,1.96496,1320.0
2026-07-27 01:45:00,2026-07-26 22:45:00,2026-07-27 06:45:00,1.96496,1.96528,1.9648,1.96508,1037.0
2026-07-27 02:00:00,2026-07-26 23:00:00,2026-07-27 07:00:00,1.96434,1.96554,1.96431,1.96478,0.0
2026-07-27 02:15:00,2026-07-26 23:15:00,2026-07-27 07:15:00,1.96432,1.96553,1.96422,1.96538,0.0
2026-07-27 02:30:00,2026-07-26 23:30:00,2026-07-27 07:30:00,1.9654,1.96573,1.96418,1.96498,0.0
2026-07-27 02:45:00,2026-07-26 23:45:00,2026-07-27 07:45:00,1.96496,1.9654,1.96387,1.96525,0.0
2026-07-27 03:00:00,2026-07-27 00:00:00,2026-07-27 08:00:00,1.96391,1.96525,1.96307,1.96368,0.0
2026-07-27 03:15:00,2026-07-27 00:15:00,2026-07-27 08:15:00,1.9637,1.96488,1.96289,1.9644,0.0
2026-07-27 03:30:00,2026-07-27 00:30:00,2026-07-27 08:30:00,1.96486,1.96516,1.96366,1.96513,0.0
2026-07-27 03:45:00,2026-07-27 00:45:00,2026-07-27 08:45:00,1.96512,1.96542,1.96422,1.965,0.0
2026-07-27 04:00:00,2026-07-27 01:00:00,2026-07-27 09:00:00,1.96502,1.96546,1.96404,1.96532,0.0
2026-07-27 04:15:00,2026-07-27 01:15:00,2026-07-27 09:15:00,1.9653,1.96613,1.96451,1.96596,0.0
2026-07-27 04:30:00,2026-07-27 01:30:00,2026-07-27 09:30:00,1.96547,1.96666,1.96513,1.96649,0.0
2026-07-27 04:45:00,2026-07-27 01:45:00,2026-07-27 09:45:00,1.96651,1.9666,1.96538,1.96596,0.0
2026-07-27 05:00:00,2026-07-27 02:00:00,2026-07-27 10:00:00,1.96543,1.96773,1.96543,1.96752,0.0
2026-07-27 05:15:00,2026-07-27 02:15:00,2026-07-27 10:15:00,1.96752,1.96831,1.96694,1.96764,0.0
2026-07-27 05:30:00,2026-07-27 02:30:00,2026-07-27 10:30:00,1.96808,1.96844,1.967,1.96806,0.0
2026-07-27 05:45:00,2026-07-27 02:45:00,2026-07-27 10:45:00,1.96811,1.96847,1.96752,1.96816,0.0
2026-07-27 06:00:00,2026-07-27 03:00:00,2026-07-27 11:00:00,1.96821,1.96856,1.96741,1.96846,0.0
2026-07-27 06:15:00,2026-07-27 03:15:00,2026-07-27 11:15:00,1.96845,1.96891,1.96773,1.96887,0.0
2026-07-27 06:30:00,2026-07-27 03:30:00,2026-07-27 11:30:00,1.96886,1.96984,1.96829,1.96908,0.0
2026-07-27 06:45:00,2026-07-27 03:45:00,2026-07-27 11:45:00,1.96908,1.9692,1.96752,1.96796,0.0
2026-07-27 07:00:00,2026-07-27 04:00:00,2026-07-27 12:00:00,1.96792,1.96815,1.96695,1.96742,0.0
2026-07-27 07:15:00,2026-07-27 04:15:00,2026-07-27 12:15:00,1.96746,1.96773,1.96641,1.96748,0.0
2026-07-27 07:30:00,2026-07-27 04:30:00,2026-07-27 12:30:00,1.96746,1.96751,1.96625,1.9669,0.0
2026-07-27 07:45:00,2026-07-27 04:45:00,2026-07-27 12:45:00,1.96685,1.96711,1.96624,1.96704,0.0
2026-07-27 08:00:00,2026-07-27 05:00:00,2026-07-27 13:00:00,1.96654,1.96698,1.9658,1.96598,0.0
2026-07-27 08:15:00,2026-07-27 05:15:00,2026-07-27 13:15:00,1.96634,1.96661,1.96579,1.96631,0.0
2026-07-27 08:30:00,2026-07-27 05:30:00,2026-07-27 13:30:00,1.96628,1.96649,1.96566,1.96618,0.0
2026-07-27 08:45:00,2026-07-27 05:45:00,2026-07-27 13:45:00,1.96619,1.96621,1.9649,1.9662,0.0
2026-07-27 09:00:00,2026-07-27 06:00:00,2026-07-27 14:00:00,1.96621,1.96693,1.96553,1.96669,0.0
2026-07-27 09:15:00,2026-07-27 06:15:00,2026-07-27 14:15:00,1.96666,1.967,1.96563,1.966,0.0
2026-07-27 09:30:00,2026-07-27 06:30:00,2026-07-27 14:30:00,1.96601,1.96619,1.96485,1.96591,0.0
2026-07-27 09:45:00,2026-07-27 06:45:00,2026-07-27 14:45:00,1.9659,1.96612,1.96502,1.96519,0.0
2026-07-27 10:00:00,2026-07-27 07:00:00,2026-07-27 15:00:00,1.96558,1.96633,1.9649,1.9652,0.0
2026-07-27 10:15:00,2026-07-27 07:15:00,2026-07-27 15:15:00,1.9652,1.9655,1.96397,1.965,0.0
2026-07-27 10:30:00,2026-07-27 07:30:00,2026-07-27 15:30:00,1.96492,1.96578,1.96455,1.96545,0.0
2026-07-27 10:45:00,2026-07-27 07:45:00,2026-07-27 15:45:00,1.96545,1.96553,1.96425,1.96486,0.0
2026-07-27 11:00:00,2026-07-27 08:00:00,2026-07-27 16:00:00,1.9646,1.96579,1.96407,1.96568,0.0
2026-07-27 11:15:00,2026-07-27 08:15:00,2026-07-27 16:15:00,1.96565,1.96591,1.9647,1.9651,0.0
2026-07-27 11:30:00,2026-07-27 08:30:00,2026-07-27 16:30:00,1.96512,1.96584,1.96469,1.9658,0.0
2026-07-27 11:45:00,2026-07-27 08:45:00,2026-07-27 16:45:00,1.96576,1.96619,1.96506,1.96552,0.0
2026-07-27 12:00:00,2026-07-27 09:00:00,2026-07-27 17:00:00,1.96586,1.9664,1.96558,1.96623,0.0
2026-07-27 12:15:00,2026-07-27 09:15:00,2026-07-27 17:15:00,1.9662,1.96651,1.9651,1.96519,0.0
2026-07-27 12:30:00,2026-07-27 09:30:00,2026-07-27 17:30:00,1.9655,1.96626,1.96519,1.96598,0.0
2026-07-27 12:45:00,2026-07-27 09:45:00,2026-07-27 17:45:00,1.966,1.96618,1.96515,1.96546,0.0
2026-07-27 13:00:00,2026-07-27 10:00:00,2026-07-27 18:00:00,1.96586,1.96642,1.96535,1.96614,0.0
2026-07-27 13:15:00,2026-07-27 10:15:00,2026-07-27 18:15:00,1.96617,1.96633,1.96561,1.96591,0.0
2026-07-27 13:30:00,2026-07-27 10:30:00,2026-07-27 18:30:00,1.96585,1.96651,1.96534,1.96589,0.0
2026-07-27 13:45:00,2026-07-27 10:45:00,2026-07-27 18:45:00,1.96586,1.96618,1.96539,1.96612,0.0
2026-07-27 14:00:00,2026-07-27 11:00:00,2026-07-27 19:00:00,1.96612,1.96701,1.96587,1.96646,0.0
2026-07-27 14:15:00,2026-07-27 11:15:00,2026-07-27 19:15:00,1.96646,1.96671,1.96574,1.96613,0.0
2026-07-27 14:30:00,2026-07-27 11:30:00,2026-07-27 19:30:00,1.96638,1.967,1.9657,1.96665,0.0
2026-07-27 14:45:00,2026-07-27 11:45:00,2026-07-27 19:45:00,1.96666,1.96674,1.96601,1.96654,0.0
2026-07-27 15:00:00,2026-07-27 12:00:00,2026-07-27 20:00:00,1.96652,1.96746,1.96587,1.96733,0.0
2026-07-27 15:15:00,2026-07-27 12:15:00,2026-07-27 20:15:00,1.96728,1.96766,1.96564,1.96702,0.0
2026-07-27 15:30:00,2026-07-27 12:30:00,2026-07-27 20:30:00,1.96564,1.96714,1.96545,1.96609,0.0
2026-07-27 15:45:00,2026-07-27 12:45:00,2026-07-27 20:45:00,1.96609,1.9665,1.96571,1.96629,0.0
2026-07-27 16:00:00,2026-07-27 13:00:00,2026-07-27 21:00:00,1.96632,1.9666,1.96551,1.96594,0.0
2026-07-27 16:15:00,2026-07-27 13:15:00,2026-07-27 21:15:00,1.96603,1.96621,1.96494,1.96554,0.0
2026-07-27 16:30:00,2026-07-27 13:30:00,2026-07-27 21:30:00,1.96523,1.96568,1.96463,1.9652,0.0
2026-07-27 16:45:00,2026-07-27 13:45:00,2026-07-27 21:45:00,1.9652,1.96554,1.96428,1.96466,0.0
2026-07-27 17:00:00,2026-07-27 14:00:00,2026-07-27 22:00:00,1.96486,1.96536,1.96425,1.96488,0.0
2026-07-27 17:15:00,2026-07-27 14:15:00,2026-07-27 22:15:00,1.96464,1.96699,1.9643,1.96671,0.0
2026-07-27 17:30:00,2026-07-27 14:30:00,2026-07-27 22:30:00,1.96671,1.96772,1.96652,1.96743,0.0
2026-07-27 17:45:00,2026-07-27 14:45:00,2026-07-27 22:45:00,1.96716,1.96739,1.96627,1.96669,0.0
2026-07-27 18:00:00,2026-07-27 15:00:00,2026-07-27 23:00:00,1.96653,1.96703,1.9662,1.96652,0.0
2026-07-27 18:15:00,2026-07-27 15:15:00,2026-07-27 23:15:00,1.96657,1.96744,1.96629,1.96709,0.0
2026-07-27 18:30:00,2026-07-27 15:30:00,2026-07-27 23:30:00,1.96709,1.96865,1.96704,1.96832,0.0
2026-07-27 18:45:00,2026-07-27 15:45:00,2026-07-27 23:45:00,1.96834,1.96862,1.96778,1.96826,0.0
2026-07-27 19:00:00,2026-07-27 16:00:00,2026-07-28 00:00:00,1.96802,1.96873,1.96779,1.96858,0.0
2026-07-27 19:15:00,2026-07-27 16:15:00,2026-07-28 00:15:00,1.96855,1.96891,1.96748,1.96789,0.0
2026-07-27 19:30:00,2026-07-27 16:30:00,2026-07-28 00:30:00,1.96765,1.96809,1.96742,1.96798,0.0
2026-07-27 19:45:00,2026-07-27 16:45:00,2026-07-28 00:45:00,1.96798,1.96852,1.96763,1.96808,0.0
2026-07-27 20:00:00,2026-07-27 17:00:00,2026-07-28 01:00:00,1.96808,1.96901,1.96784,1.96858,0.0
2026-07-27 20:15:00,2026-07-27 17:15:00,2026-07-28 01:15:00,1.96837,1.96903,1.96817,1.96892,0.0
2026-07-27 20:30:00,2026-07-27 17:30:00,2026-07-28 01:30:00,1.9689,1.96931,1.96852,1.96918,0.0
2026-07-27 20:45:00,2026-07-27 17:45:00,2026-07-28 01:45:00,1.9692,1.96926,1.96866,1.96894,0.0
2026-07-27 21:00:00,2026-07-27 18:00:00,2026-07-28 02:00:00,1.96894,1.969,1.9684,1.96866,0.0
2026-07-27 21:15:00,2026-07-27 18:15:00,2026-07-28 02:15:00,1.96871,1.9691,1.96845,1.96869,0.0
2026-07-27 21:30:00,2026-07-27 18:30:00,2026-07-28 02:30:00,1.96874,1.9692,1.96849,1.969,0.0
2026-07-27 21:45:00,2026-07-27 18:45:00,2026-07-28 02:45:00,1.96873,1.9691,1.96724,1.96724,0.0
2026-07-27 22:00:00,2026-07-27 19:00:00,2026-07-28 03:00:00,1.96721,1.9687,1.96721,1.9685,0.0
2026-07-27 22:15:00,2026-07-27 19:15:00,2026-07-28 03:15:00,1.96819,1.9685,1.96786,1.9684,0.0
2026-07-27 22:30:00,2026-07-27 19:30:00,2026-07-28 03:30:00,1.96813,1.9684,1.96748,1.968,0.0
2026-07-27 22:45:00,2026-07-27 19:45:00,2026-07-28 03:45:00,1.968,1.9683,1.96748,1.96766,0.0
2026-07-27 23:00:00,2026-07-27 20:00:00,2026-07-28 04:00:00,1.9676,1.9688,1.96757,1.9686,0.0
2026-07-27 23:15:00,2026-07-27 20:15:00,2026-07-28 04:15:00,1.9686,1.9688,1.96813,1.9688,0.0
2026-07-27 23:30:00,2026-07-27 20:30:00,2026-07-28 04:30:00,1.96848,1.969,1.96805,1.9685,0.0
2026-07-27 23:45:00,2026-07-27 20:45:00,2026-07-28 04:45:00,1.96805,1.9688,1.96713,1.9686,0.0
2026-07-28 00:00:00,2026-07-27 21:00:00,2026-07-28 05:00:00,1.96953,1.96953,1.96657,1.96682,0.0
2026-07-28 00:15:00,2026-07-27 21:15:00,2026-07-28 05:15:00,1.96676,1.97,1.96676,1.96819,0.0
2026-07-28 00:30:00,2026-07-27 21:30:00,2026-07-28 05:30:00,1.9682,1.9688,1.9668,1.96796,0.0
2026-07-28 00:45:00,2026-07-27 21:45:00,2026-07-28 05:45:00,1.96745,1.96906,1.96674,1.96894,0.0
2026-07-28 01:00:00,2026-07-27 22:00:00,2026-07-28 06:00:00,1.96879,1.96959,1.96763,1.96903,0.0
2026-07-28 01:15:00,2026-07-27 22:15:00,2026-07-28 06:15:00,1.96902,1.96903,1.96763,1.96874,0.0
2026-07-28 01:30:00,2026-07-27 22:30:00,2026-07-28 06:30:00,1.96874,1.96945,1.96804,1.9692,0.0
2026-07-28 01:45:00,2026-07-27 22:45:00,2026-07-28 06:45:00,1.96934,1.96958,1.96854,1.96938,0.0
2026-07-28 02:00:00,2026-07-27 23:00:00,2026-07-28 07:00:00,1.96955,1.97003,1.96899,1.9695,0.0
2026-07-28 02:15:00,2026-07-27 23:15:00,2026-07-28 07:15:00,1.96948,1.97006,1.96897,1.96978,0.0
2026-07-28 02:30:00,2026-07-27 23:30:00,2026-07-28 07:30:00,1.96978,1.97037,1.96931,1.97037,0.0
2026-07-28 02:45:00,2026-07-27 23:45:00,2026-07-28 07:45:00,1.97038,1.97077,1.96911,1.97042,0.0
2026-07-28 03:00:00,2026-07-28 00:00:00,2026-07-28 08:00:00,1.97049,1.97117,1.96883,1.97101,0.0
2026-07-28 03:15:00,2026-07-28 00:15:00,2026-07-28 08:15:00,1.97102,1.97123,1.96989,1.97041,0.0
2026-07-28 03:30:00,2026-07-28 00:30:00,2026-07-28 08:30:00,1.9704,1.9707,1.96947,1.97018,0.0
2026-07-28 03:45:00,2026-07-28 00:45:00,2026-07-28 08:45:00,1.97019,1.97063,1.96944,1.96996,0.0
2026-07-28 04:00:00,2026-07-28 01:00:00,2026-07-28 09:00:00,1.96996,1.97104,1.96911,1.97091,0.0
2026-07-28 04:15:00,2026-07-28 01:15:00,2026-07-28 09:15:00,1.97091,1.97112,1.96996,1.97049,0.0
2026-07-28 04:30:00,2026-07-28 01:30:00,2026-07-28 09:30:00,1.9705,1.97127,1.9697,1.97111,0.0
2026-07-28 04:45:00,2026-07-28 01:45:00,2026-07-28 09:45:00,1.97113,1.97203,1.9706,1.97158,0.0
2026-07-28 05:00:00,2026-07-28 02:00:00,2026-07-28 10:00:00,1.97126,1.97194,1.97042,1.97082,0.0
2026-07-28 05:15:00,2026-07-28 02:15:00,2026-07-28 10:15:00,1.97082,1.97121,1.96986,1.97096,0.0
2026-07-28 05:30:00,2026-07-28 02:30:00,2026-07-28 10:30:00,1.971,1.97134,1.97031,1.9713,0.0
2026-07-28 05:45:00,2026-07-28 02:45:00,2026-07-28 10:45:00,1.9713,1.97141,1.96981,1.97085,0.0
2026-07-28 06:00:00,2026-07-28 03:00:00,2026-07-28 11:00:00,1.97085,1.97154,1.9693,1.96979,0.0
2026-07-28 06:15:00,2026-07-28 03:15:00,2026-07-28 11:15:00,1.96983,1.97046,1.96865,1.97034,0.0
2026-07-28 06:30:00,2026-07-28 03:30:00,2026-07-28 11:30:00,1.96988,1.97052,1.96879,1.97021,0.0
2026-07-28 06:45:00,2026-07-28 03:45:00,2026-07-28 11:45:00,1.97021,1.97082,1.96938,1.97074,0.0
2026-07-28 07:00:00,2026-07-28 04:00:00,2026-07-28 12:00:00,1.97072,1.97152,1.97008,1.97126,0.0
2026-07-28 07:15:00,2026-07-28 04:15:00,2026-07-28 12:15:00,1.97126,1.97134,1.97027,1.97092,0.0
2026-07-28 07:30:00,2026-07-28 04:30:00,2026-07-28 12:30:00,1.97097,1.97179,1.97032,1.97142,0.0
2026-07-28 07:45:00,2026-07-28 04:45:00,2026-07-28 12:45:00,1.97141,1.97157,1.97058,1.9714,0.0
2026-07-28 08:00:00,2026-07-28 05:00:00,2026-07-28 13:00:00,1.9714,1.97151,1.97046,1.97146,0.0
2026-07-28 08:15:00,2026-07-28 05:15:00,2026-07-28 13:15:00,1.97148,1.97188,1.97035,1.97095,0.0
2026-07-28 08:30:00,2026-07-28 05:30:00,2026-07-28 13:30:00,1.97092,1.97117,1.96999,1.96999,0.0
2026-07-28 08:45:00,2026-07-28 05:45:00,2026-07-28 13:45:00,1.97049,1.97131,1.96998,1.97116,0.0
2026-07-28 09:00:00,2026-07-28 06:00:00,2026-07-28 14:00:00,1.97053,1.97188,1.97048,1.9709,0.0
2026-07-28 09:15:00,2026-07-28 06:15:00,2026-07-28 14:15:00,1.97095,1.97113,1.96949,1.97,0.0
2026-07-28 09:30:00,2026-07-28 06:30:00,2026-07-28 14:30:00,1.96995,1.97019,1.96891,1.96976,0.0
2026-07-28 09:45:00,2026-07-28 06:45:00,2026-07-28 14:45:00,1.96976,1.97007,1.96876,1.97,0.0
2026-07-28 10:00:00,2026-07-28 07:00:00,2026-07-28 15:00:00,1.96966,1.97079,1.96949,1.96989,0.0
2026-07-28 10:15:00,2026-07-28 07:15:00,2026-07-28 15:15:00,1.96986,1.96999,1.96804,1.96885,0.0
2026-07-28 10:30:00,2026-07-28 07:30:00,2026-07-28 15:30:00,1.96882,1.9694,1.96829,1.96906,0.0
2026-07-28 10:45:00,2026-07-28 07:45:00,2026-07-28 15:45:00,1.96868,1.96958,1.96854,1.96916,0.0
2026-07-28 11:00:00,2026-07-28 08:00:00,2026-07-28 16:00:00,1.9691,1.97009,1.96821,1.96985,0.0
2026-07-28 11:15:00,2026-07-28 08:15:00,2026-07-28 16:15:00,1.96947,1.96989,1.96859,1.96943,0.0
2026-07-28 11:30:00,2026-07-28 08:30:00,2026-07-28 16:30:00,1.96903,1.97003,1.96903,1.96929,0.0
2026-07-28 11:45:00,2026-07-28 08:45:00,2026-07-28 16:45:00,1.96961,1.97009,1.96903,1.96986,0.0
2026-07-28 12:00:00,2026-07-28 09:00:00,2026-07-28 17:00:00,1.96986,1.96999,1.96931,1.9697,0.0
2026-07-28 12:15:00,2026-07-28 09:15:00,2026-07-28 17:15:00,1.9697,1.96981,1.96866,1.96918,0.0
2026-07-28 12:30:00,2026-07-28 09:30:00,2026-07-28 17:30:00,1.96921,1.9695,1.96864,1.96938,0.0
2026-07-28 12:45:00,2026-07-28 09:45:00,2026-07-28 17:45:00,1.96907,1.96963,1.96874,1.9692,0.0
2026-07-28 13:00:00,2026-07-28 10:00:00,2026-07-28 18:00:00,1.9692,1.96981,1.96902,1.96939,0.0
2026-07-28 13:15:00,2026-07-28 10:15:00,2026-07-28 18:15:00,1.96939,1.96988,1.96885,1.96914,0.0
2026-07-28 13:30:00,2026-07-28 10:30:00,2026-07-28 18:30:00,1.96914,1.97011,1.96866,1.96992,0.0
2026-07-28 13:45:00,2026-07-28 10:45:00,2026-07-28 18:45:00,1.9699,1.97024,1.96938,1.9698,0.0
2026-07-28 14:00:00,2026-07-28 11:00:00,2026-07-28 19:00:00,1.96979,1.97008,1.96891,1.97001,0.0
2026-07-28 14:15:00,2026-07-28 11:15:00,2026-07-28 19:15:00,1.97003,1.97048,1.96892,1.97042,0.0
2026-07-28 14:30:00,2026-07-28 11:30:00,2026-07-28 19:30:00,1.97046,1.97072,1.96925,1.96956,0.0
2026-07-28 14:45:00,2026-07-28 11:45:00,2026-07-28 19:45:00,1.96936,1.96994,1.9689,1.96968,0.0
2026-07-28 15:00:00,2026-07-28 12:00:00,2026-07-28 20:00:00,1.96966,1.96972,1.96876,1.96895,0.0
2026-07-28 15:15:00,2026-07-28 12:15:00,2026-07-28 20:15:00,1.96895,1.96962,1.96843,1.96857,0.0
2026-07-28 15:30:00,2026-07-28 12:30:00,2026-07-28 20:30:00,1.96887,1.96953,1.96851,1.96908,0.0
2026-07-28 15:45:00,2026-07-28 12:45:00,2026-07-28 20:45:00,1.96905,1.96906,1.96794,1.96868,0.0
2026-07-28 16:00:00,2026-07-28 13:00:00,2026-07-28 21:00:00,1.96888,1.96923,1.96846,1.96917,0.0
2026-07-28 16:15:00,2026-07-28 13:15:00,2026-07-28 21:15:00,1.96919,1.96946,1.96851,1.96938,0.0
2026-07-28 16:30:00,2026-07-28 13:30:00,2026-07-28 21:30:00,1.96909,1.96987,1.96886,1.96936,0.0
2026-07-28 16:45:00,2026-07-28 13:45:00,2026-07-28 21:45:00,1.96936,1.96972,1.96846,1.96859,0.0
2026-07-28 17:00:00,2026-07-28 14:00:00,2026-07-28 22:00:00,1.96886,1.96892,1.96758,1.9688,0.0
2026-07-28 17:15:00,2026-07-28 14:15:00,2026-07-28 22:15:00,1.9688,1.9699,1.96826,1.96885,0.0
2026-07-28 17:30:00,2026-07-28 14:30:00,2026-07-28 22:30:00,1.96866,1.96911,1.96825,1.96873,0.0
2026-07-28 17:45:00,2026-07-28 14:45:00,2026-07-28 22:45:00,1.96872,1.97057,1.9682,1.97052,0.0
2026-07-28 18:00:00,2026-07-28 15:00:00,2026-07-28 23:00:00,1.97034,1.97061,1.96843,1.96872,0.0
2026-07-28 18:15:00,2026-07-28 15:15:00,2026-07-28 23:15:00,1.96855,1.96888,1.96666,1.96735,0.0
2026-07-28 18:30:00,2026-07-28 15:30:00,2026-07-28 23:30:00,1.96701,1.96752,1.96646,1.96727,0.0
2026-07-28 18:45:00,2026-07-28 15:45:00,2026-07-28 23:45:00,1.96706,1.96753,1.96638,1.96646,0.0
2026-07-28 19:00:00,2026-07-28 16:00:00,2026-07-29 00:00:00,1.96652,1.96716,1.96624,1.9668,0.0
2026-07-28 19:15:00,2026-07-28 16:15:00,2026-07-29 00:15:00,1.9668,1.9674,1.96618,1.96726,0.0
2026-07-28 19:30:00,2026-07-28 16:30:00,2026-07-29 00:30:00,1.96704,1.96762,1.96641,1.9674,0.0
2026-07-28 19:45:00,2026-07-28 16:45:00,2026-07-29 00:45:00,1.9674,1.96768,1.96648,1.96695,0.0
2026-07-28 20:00:00,2026-07-28 17:00:00,2026-07-29 01:00:00,1.96693,1.96739,1.9664,1.96734,0.0
2026-07-28 20:15:00,2026-07-28 17:15:00,2026-07-29 01:15:00,1.96736,1.96774,1.96679,1.96746,0.0
2026-07-28 20:30:00,2026-07-28 17:30:00,2026-07-29 01:30:00,1.96746,1.96835,1.967,1.96833,0.0
2026-07-28 20:45:00,2026-07-28 17:45:00,2026-07-29 01:45:00,1.96805,1.96838,1.96747,1.96782,0.0
2026-07-28 21:00:00,2026-07-28 18:00:00,2026-07-29 02:00:00,1.96778,1.96789,1.96707,1.96726,0.0
2026-07-28 21:15:00,2026-07-28 18:15:00,2026-07-29 02:15:00,1.96748,1.96756,1.96692,1.96742,0.0
2026-07-28 21:30:00,2026-07-28 18:30:00,2026-07-29 02:30:00,1.9674,1.96746,1.96687,1.96718,0.0
2026-07-28 21:45:00,2026-07-28 18:45:00,2026-07-29 02:45:00,1.96717,1.96723,1.96563,1.96563,0.0
2026-07-28 22:00:00,2026-07-28 19:00:00,2026-07-29 03:00:00,1.96703,1.96754,1.96564,1.96754,0.0
2026-07-28 22:15:00,2026-07-28 19:15:00,2026-07-29 03:15:00,1.96755,1.9676,1.96685,1.96748,0.0
2026-07-28 22:30:00,2026-07-28 19:30:00,2026-07-29 03:30:00,1.96745,1.96823,1.96706,1.96814,0.0
2026-07-28 22:45:00,2026-07-28 19:45:00,2026-07-29 03:45:00,1.96812,1.96829,1.96748,1.96772,0.0
2026-07-28 23:00:00,2026-07-28 20:00:00,2026-07-29 04:00:00,1.96801,1.96801,1.96684,1.96734,0.0
2026-07-28 23:15:00,2026-07-28 20:15:00,2026-07-29 04:15:00,1.96737,1.96783,1.96678,1.96728,0.0
2026-07-28 23:30:00,2026-07-28 20:30:00,2026-07-29 04:30:00,1.96676,1.96768,1.96676,1.96746,0.0
2026-07-28 23:45:00,2026-07-28 20:45:00,2026-07-29 04:45:00,1.96696,1.96838,1.96618,1.96793,0.0
2026-07-29 00:00:00,2026-07-28 21:00:00,2026-07-29 05:00:00,1.96764,1.97032,1.96697,1.96829,0.0
2026-07-29 00:15:00,2026-07-28 21:15:00,2026-07-29 05:15:00,1.96832,1.96954,1.96529,1.96737,0.0
2026-07-29 00:30:00,2026-07-28 21:30:00,2026-07-29 05:30:00,1.96739,1.96925,1.9667,1.96736,0.0
2026-07-29 00:45:00,2026-07-28 21:45:00,2026-07-29 05:45:00,1.96766,1.96883,1.9669,1.96862,0.0
2026-07-29 01:00:00,2026-07-28 22:00:00,2026-07-29 06:00:00,1.96825,1.96866,1.96718,1.96837,0.0
2026-07-29 01:15:00,2026-07-28 22:15:00,2026-07-29 06:15:00,1.96834,1.96917,1.96774,1.96882,0.0
2026-07-29 01:30:00,2026-07-28 22:30:00,2026-07-29 06:30:00,1.96884,1.96923,1.96804,1.9691,0.0
2026-07-29 01:45:00,2026-07-28 22:45:00,2026-07-29 06:45:00,1.9691,1.96928,1.96816,1.9691,0.0
2026-07-29 02:00:00,2026-07-28 23:00:00,2026-07-29 07:00:00,1.96922,1.96977,1.9686,1.96911,0.0
2026-07-29 02:15:00,2026-07-28 23:15:00,2026-07-29 07:15:00,1.96913,1.96924,1.96829,1.9688,0.0
2026-07-29 02:30:00,2026-07-28 23:30:00,2026-07-29 07:30:00,1.9688,1.96961,1.96818,1.96876,0.0
2026-07-29 02:45:00,2026-07-28 23:45:00,2026-07-29 07:45:00,1.96834,1.96975,1.96834,1.96931,0.0
2026-07-29 03:00:00,2026-07-29 00:00:00,2026-07-29 08:00:00,1.96928,1.96966,1.96839,1.96961,0.0
2026-07-29 03:15:00,2026-07-29 00:15:00,2026-07-29 08:15:00,1.96958,1.96974,1.96796,1.96918,0.0
2026-07-29 03:30:00,2026-07-29 00:30:00,2026-07-29 08:30:00,1.96869,1.96933,1.968,1.9684,0.0
2026-07-29 03:45:00,2026-07-29 00:45:00,2026-07-29 08:45:00,1.9684,1.97008,1.96755,1.97,0.0
2026-07-29 04:00:00,2026-07-29 01:00:00,2026-07-29 09:00:00,1.96996,1.97006,1.96859,1.96972,0.0
2026-07-29 04:15:00,2026-07-29 01:15:00,2026-07-29 09:15:00,1.96914,1.96986,1.96853,1.96949,0.0
2026-07-29 04:30:00,2026-07-29 01:30:00,2026-07-29 09:30:00,1.96868,1.97174,1.96779,1.97082,0.0
2026-07-29 04:45:00,2026-07-29 01:45:00,2026-07-29 09:45:00,1.97132,1.97182,1.97013,1.97174,0.0
2026-07-29 05:00:00,2026-07-29 02:00:00,2026-07-29 10:00:00,1.97174,1.97237,1.97049,1.9714,0.0
2026-07-29 05:15:00,2026-07-29 02:15:00,2026-07-29 10:15:00,1.97144,1.97152,1.96988,1.9703,0.0
2026-07-29 05:30:00,2026-07-29 02:30:00,2026-07-29 10:30:00,1.9703,1.97117,1.96956,1.97009,0.0
2026-07-29 05:45:00,2026-07-29 02:45:00,2026-07-29 10:45:00,1.97008,1.97169,1.96931,1.97134,0.0
2026-07-29 06:00:00,2026-07-29 03:00:00,2026-07-29 11:00:00,1.97128,1.97216,1.9706,1.97146,0.0
2026-07-29 06:15:00,2026-07-29 03:15:00,2026-07-29 11:15:00,1.97146,1.9719,1.97055,1.9719,0.0
2026-07-29 06:30:00,2026-07-29 03:30:00,2026-07-29 11:30:00,1.97189,1.97201,1.97032,1.97125,0.0
2026-07-29 06:45:00,2026-07-29 03:45:00,2026-07-29 11:45:00,1.97079,1.97126,1.96966,1.97032,0.0
2026-07-29 07:00:00,2026-07-29 04:00:00,2026-07-29 12:00:00,1.96973,1.97106,1.96937,1.9709,0.0
2026-07-29 07:15:00,2026-07-29 04:15:00,2026-07-29 12:15:00,1.97031,1.97163,1.97018,1.9713,0.0
2026-07-29 07:30:00,2026-07-29 04:30:00,2026-07-29 12:30:00,1.97136,1.97142,1.96969,1.96995,0.0
2026-07-29 07:45:00,2026-07-29 04:45:00,2026-07-29 12:45:00,1.9705,1.97063,1.96879,1.96988,0.0
2026-07-29 08:00:00,2026-07-29 05:00:00,2026-07-29 13:00:00,1.96982,1.97007,1.96837,1.96896,0.0
2026-07-29 08:15:00,2026-07-29 05:15:00,2026-07-29 13:15:00,1.96898,1.96898,1.96756,1.96864,0.0
2026-07-29 08:30:00,2026-07-29 05:30:00,2026-07-29 13:30:00,1.96862,1.96894,1.96733,1.9682,0.0
2026-07-29 08:45:00,2026-07-29 05:45:00,2026-07-29 13:45:00,1.96826,1.96864,1.96733,1.96799,0.0
2026-07-29 09:00:00,2026-07-29 06:00:00,2026-07-29 14:00:00,1.96733,1.96811,1.9669,1.96728,0.0
2026-07-29 09:15:00,2026-07-29 06:15:00,2026-07-29 14:15:00,1.96726,1.96838,1.96675,1.96825,0.0
2026-07-29 09:30:00,2026-07-29 06:30:00,2026-07-29 14:30:00,1.96796,1.96853,1.96742,1.96759,0.0
2026-07-29 09:45:00,2026-07-29 06:45:00,2026-07-29 14:45:00,1.96759,1.96843,1.96739,1.96816,0.0
2026-07-29 10:00:00,2026-07-29 07:00:00,2026-07-29 15:00:00,1.96781,1.96812,1.96682,1.96782,0.0
2026-07-29 10:15:00,2026-07-29 07:15:00,2026-07-29 15:15:00,1.9678,1.96819,1.96717,1.96811,0.0
2026-07-29 10:30:00,2026-07-29 07:30:00,2026-07-29 15:30:00,1.96802,1.96903,1.96764,1.9689,0.0
2026-07-29 10:45:00,2026-07-29 07:45:00,2026-07-29 15:45:00,1.96858,1.97002,1.96858,1.96976,0.0
2026-07-29 11:00:00,2026-07-29 08:00:00,2026-07-29 16:00:00,1.96942,1.97073,1.9693,1.97054,0.0
2026-07-29 11:15:00,2026-07-29 08:15:00,2026-07-29 16:15:00,1.97059,1.97102,1.96965,1.97088,0.0
2026-07-29 11:30:00,2026-07-29 08:30:00,2026-07-29 16:30:00,1.97086,1.9711,1.97026,1.9709,0.0
2026-07-29 11:45:00,2026-07-29 08:45:00,2026-07-29 16:45:00,1.9709,1.97114,1.96982,1.97022,0.0
2026-07-29 12:00:00,2026-07-29 09:00:00,2026-07-29 17:00:00,1.9702,1.97051,1.96946,1.96976,0.0
2026-07-29 12:15:00,2026-07-29 09:15:00,2026-07-29 17:15:00,1.96984,1.97029,1.96932,1.97009,0.0
2026-07-29 12:30:00,2026-07-29 09:30:00,2026-07-29 17:30:00,1.97004,1.97058,1.96966,1.97019,0.0
2026-07-29 12:45:00,2026-07-29 09:45:00,2026-07-29 17:45:00,1.97019,1.97059,1.96965,1.97042,0.0
2026-07-29 13:00:00,2026-07-29 10:00:00,2026-07-29 18:00:00,1.97038,1.97148,1.97001,1.97078,0.0
2026-07-29 13:15:00,2026-07-29 10:15:00,2026-07-29 18:15:00,1.97049,1.971,1.97014,1.97088,0.0
2026-07-29 13:30:00,2026-07-29 10:30:00,2026-07-29 18:30:00,1.97083,1.97146,1.97047,1.97076,0.0
2026-07-29 13:45:00,2026-07-29 10:45:00,2026-07-29 18:45:00,1.97076,1.97101,1.96979,1.97026,0.0
2026-07-29 14:00:00,2026-07-29 11:00:00,2026-07-29 19:00:00,1.96995,1.97031,1.96917,1.96949,0.0
2026-07-29 14:15:00,2026-07-29 11:15:00,2026-07-29 19:15:00,1.96952,1.96968,1.9686,1.96916,0.0
2026-07-29 14:30:00,2026-07-29 11:30:00,2026-07-29 19:30:00,1.96916,1.97013,1.96885,1.96962,0.0
2026-07-29 14:45:00,2026-07-29 11:45:00,2026-07-29 19:45:00,1.96965,1.97018,1.96932,1.96972,0.0
2026-07-29 15:00:00,2026-07-29 12:00:00,2026-07-29 20:00:00,1.96941,1.97074,1.96923,1.9706,0.0
2026-07-29 15:15:00,2026-07-29 12:15:00,2026-07-29 20:15:00,1.97063,1.97151,1.97026,1.97072,0.0
2026-07-29 15:30:00,2026-07-29 12:30:00,2026-07-29 20:30:00,1.97047,1.97101,1.96983,1.97017,0.0
2026-07-29 15:45:00,2026-07-29 12:45:00,2026-07-29 20:45:00,1.97021,1.97079,1.96951,1.96982,0.0
2026-07-29 16:00:00,2026-07-29 13:00:00,2026-07-29 21:00:00,1.96987,1.96993,1.96887,1.96934,0.0
2026-07-29 16:15:00,2026-07-29 13:15:00,2026-07-29 21:15:00,1.96934,1.96966,1.96868,1.96933,0.0
2026-07-29 16:30:00,2026-07-29 13:30:00,2026-07-29 21:30:00,1.96936,1.97017,1.96873,1.97004,0.0
2026-07-29 16:45:00,2026-07-29 13:45:00,2026-07-29 21:45:00,1.97004,1.97036,1.96874,1.96908,0.0
2026-07-29 17:00:00,2026-07-29 14:00:00,2026-07-29 22:00:00,1.96884,1.9705,1.96828,1.97013,0.0
2026-07-29 17:15:00,2026-07-29 14:15:00,2026-07-29 22:15:00,1.97036,1.97073,1.96959,1.97055,0.0
2026-07-29 17:30:00,2026-07-29 14:30:00,2026-07-29 22:30:00,1.97029,1.97233,1.97029,1.97222,0.0
2026-07-29 17:45:00,2026-07-29 14:45:00,2026-07-29 22:45:00,1.97222,1.97307,1.97146,1.97174,0.0
2026-07-29 18:00:00,2026-07-29 15:00:00,2026-07-29 23:00:00,1.97146,1.97267,1.97136,1.97226,0.0
2026-07-29 18:15:00,2026-07-29 15:15:00,2026-07-29 23:15:00,1.97226,1.97273,1.97179,1.97233,0.0
2026-07-29 18:30:00,2026-07-29 15:30:00,2026-07-29 23:30:00,1.97233,1.97283,1.97139,1.97232,0.0
2026-07-29 18:45:00,2026-07-29 15:45:00,2026-07-29 23:45:00,1.97209,1.97348,1.97174,1.97328,0.0
2026-07-29 19:00:00,2026-07-29 16:00:00,2026-07-30 00:00:00,1.97304,1.97428,1.97292,1.97404,0.0
2026-07-29 19:15:00,2026-07-29 16:15:00,2026-07-30 00:15:00,1.974,1.97441,1.97318,1.9738,0.0
2026-07-29 19:30:00,2026-07-29 16:30:00,2026-07-30 00:30:00,1.97354,1.97443,1.97343,1.97433,0.0
2026-07-29 19:45:00,2026-07-29 16:45:00,2026-07-30 00:45:00,1.97433,1.97461,1.97364,1.9743,0.0
2026-07-29 20:00:00,2026-07-29 17:00:00,2026-07-30 01:00:00,1.9743,1.97452,1.97308,1.97312,0.0
2026-07-29 20:15:00,2026-07-29 17:15:00,2026-07-30 01:15:00,1.97342,1.97354,1.97253,1.9727,0.0
2026-07-29 20:30:00,2026-07-29 17:30:00,2026-07-30 01:30:00,1.97278,1.97351,1.97243,1.97298,0.0
2026-07-29 20:45:00,2026-07-29 17:45:00,2026-07-30 01:45:00,1.97301,1.97314,1.97115,1.97248,0.0
2026-07-29 21:00:00,2026-07-29 18:00:00,2026-07-30 02:00:00,1.97261,1.97272,1.96721,1.9705,0.0
2026-07-29 21:15:00,2026-07-29 18:15:00,2026-07-30 02:15:00,1.97051,1.97152,1.96958,1.9709,0.0
2026-07-29 21:30:00,2026-07-29 18:30:00,2026-07-30 02:30:00,1.97057,1.97238,1.96834,1.9688,0.0
2026-07-29 21:45:00,2026-07-29 18:45:00,2026-07-30 02:45:00,1.96844,1.96896,1.96675,1.96754,0.0
2026-07-29 22:00:00,2026-07-29 19:00:00,2026-07-30 03:00:00,1.96635,1.96893,1.96594,1.96772,0.0
2026-07-29 22:15:00,2026-07-29 19:15:00,2026-07-30 03:15:00,1.96774,1.97139,1.96685,1.97085,0.0
2026-07-29 22:30:00,2026-07-29 19:30:00,2026-07-30 03:30:00,1.9711,1.97503,1.97039,1.97485,0.0
2026-07-29 22:45:00,2026-07-29 19:45:00,2026-07-30 03:45:00,1.9748,1.97742,1.97407,1.9765,0.0
2026-07-29 23:00:00,2026-07-29 20:00:00,2026-07-30 04:00:00,1.97659,1.97824,1.97556,1.97739,0.0
2026-07-29 23:15:00,2026-07-29 20:15:00,2026-07-30 04:15:00,1.97775,1.97886,1.97729,1.97875,0.0
2026-07-29 23:30:00,2026-07-29 20:30:00,2026-07-30 04:30:00,1.9788,1.97953,1.97769,1.9784,0.0
2026-07-29 23:45:00,2026-07-29 20:45:00,2026-07-30 04:45:00,1.97788,1.97899,1.97717,1.97805,0.0
2026-07-30 00:00:00,2026-07-29 21:00:00,2026-07-30 05:00:00,1.97822,1.97902,1.9744,1.97506,0.0
2026-07-30 00:15:00,2026-07-29 21:15:00,2026-07-30 05:15:00,1.97504,1.97917,1.97279,1.97911,0.0
2026-07-30 00:30:00,2026-07-29 21:30:00,2026-07-30 05:30:00,1.9789,1.97983,1.97594,1.97675,0.0
2026-07-30 00:45:00,2026-07-29 21:45:00,2026-07-30 05:45:00,1.9767,1.97934,1.97593,1.97726,0.0
2026-07-30 01:00:00,2026-07-29 22:00:00,2026-07-30 06:00:00,1.97714,1.97842,1.97601,1.9778,0.0
2026-07-30 01:15:00,2026-07-29 22:15:00,2026-07-30 06:15:00,1.97772,1.97787,1.97598,1.97666,0.0
2026-07-30 01:30:00,2026-07-29 22:30:00,2026-07-30 06:30:00,1.97598,1.97672,1.97486,1.97666,0.0
2026-07-30 01:45:00,2026-07-29 22:45:00,2026-07-30 06:45:00,1.97665,1.97706,1.97594,1.97676,0.0
2026-07-30 02:00:00,2026-07-29 23:00:00,2026-07-30 07:00:00,1.9767,1.97672,1.97497,1.9764,0.0
2026-07-30 02:15:00,2026-07-29 23:15:00,2026-07-30 07:15:00,1.97645,1.97657,1.97567,1.97623,0.0
2026-07-30 02:30:00,2026-07-29 23:30:00,2026-07-30 07:30:00,1.97623,1.97644,1.97537,1.9759,0.0
2026-07-30 02:45:00,2026-07-29 23:45:00,2026-07-30 07:45:00,1.97592,1.97637,1.97513,1.97635,0.0
2026-07-30 03:00:00,2026-07-30 00:00:00,2026-07-30 08:00:00,1.97636,1.97689,1.97501,1.97589,0.0
2026-07-30 03:15:00,2026-07-30 00:15:00,2026-07-30 08:15:00,1.97591,1.97698,1.97542,1.97658,0.0
2026-07-30 03:30:00,2026-07-30 00:30:00,2026-07-30 08:30:00,1.97661,1.97711,1.97586,1.97656,0.0
2026-07-30 03:45:00,2026-07-30 00:45:00,2026-07-30 08:45:00,1.97656,1.97656,1.97495,1.97573,0.0
2026-07-30 04:00:00,2026-07-30 01:00:00,2026-07-30 09:00:00,1.97517,1.97569,1.97362,1.97448,0.0
2026-07-30 04:15:00,2026-07-30 01:15:00,2026-07-30 09:15:00,1.97443,1.97454,1.97257,1.97328,0.0
2026-07-30 04:30:00,2026-07-30 01:30:00,2026-07-30 09:30:00,1.97267,1.97362,1.97233,1.9734,0.0
2026-07-30 04:45:00,2026-07-30 01:45:00,2026-07-30 09:45:00,1.97336,1.97358,1.97257,1.97312,0.0
2026-07-30 05:00:00,2026-07-30 02:00:00,2026-07-30 10:00:00,1.97305,1.97311,1.972,1.97258,0.0
2026-07-30 05:15:00,2026-07-30 02:15:00,2026-07-30 10:15:00,1.97258,1.97267,1.97085,1.97188,0.0
2026-07-30 05:30:00,2026-07-30 02:30:00,2026-07-30 10:30:00,1.97188,1.97233,1.97097,1.97199,0.0
2026-07-30 05:45:00,2026-07-30 02:45:00,2026-07-30 10:45:00,1.97194,1.97195,1.96994,1.97148,0.0
2026-07-30 06:00:00,2026-07-30 03:00:00,2026-07-30 11:00:00,1.97105,1.97236,1.97044,1.97172,0.0
2026-07-30 06:15:00,2026-07-30 03:15:00,2026-07-30 11:15:00,1.97224,1.9727,1.97083,1.97146,0.0
2026-07-30 06:30:00,2026-07-30 03:30:00,2026-07-30 11:30:00,1.97149,1.97185,1.97028,1.97118,0.0
2026-07-30 06:45:00,2026-07-30 03:45:00,2026-07-30 11:45:00,1.97118,1.9718,1.97051,1.9714,0.0
2026-07-30 07:00:00,2026-07-30 04:00:00,2026-07-30 12:00:00,1.97108,1.9719,1.97088,1.9719,0.0
2026-07-30 07:15:00,2026-07-30 04:15:00,2026-07-30 12:15:00,1.9719,1.9719,1.97072,1.97072,0.0
2026-07-30 07:30:00,2026-07-30 04:30:00,2026-07-30 12:30:00,1.9708,1.9718,1.97063,1.97143,0.0
2026-07-30 07:45:00,2026-07-30 04:45:00,2026-07-30 12:45:00,1.9718,1.9723,1.97118,1.97175,0.0
2026-07-30 08:00:00,2026-07-30 05:00:00,2026-07-30 13:00:00,1.97175,1.9723,1.97133,1.97161,0.0
2026-07-30 08:15:00,2026-07-30 05:15:00,2026-07-30 13:15:00,1.97161,1.97289,1.97148,1.97148,0.0
2026-07-30 08:30:00,2026-07-30 05:30:00,2026-07-30 13:30:00,1.97217,1.97219,1.97106,1.97158,0.0
2026-07-30 08:45:00,2026-07-30 05:45:00,2026-07-30 13:45:00,1.97156,1.97254,1.97085,1.97232,0.0
2026-07-30 09:00:00,2026-07-30 06:00:00,2026-07-30 14:00:00,1.97186,1.97289,1.97093,1.97274,0.0
2026-07-30 09:15:00,2026-07-30 06:15:00,2026-07-30 14:15:00,1.9727,1.97357,1.97211,1.9727,0.0
2026-07-30 09:30:00,2026-07-30 06:30:00,2026-07-30 14:30:00,1.97244,1.97275,1.97048,1.97165,0.0
2026-07-30 09:45:00,2026-07-30 06:45:00,2026-07-30 14:45:00,1.9713,1.97172,1.96985,1.97084,0.0
2026-07-30 10:00:00,2026-07-30 07:00:00,2026-07-30 15:00:00,1.97079,1.971,1.96769,1.96812,0.0
2026-07-30 10:15:00,2026-07-30 07:15:00,2026-07-30 15:15:00,1.96812,1.96903,1.96776,1.96868,0.0
2026-07-30 10:30:00,2026-07-30 07:30:00,2026-07-30 15:30:00,1.96866,1.96973,1.96827,1.9689,0.0
2026-07-30 10:45:00,2026-07-30 07:45:00,2026-07-30 15:45:00,1.96892,1.97046,1.96833,1.97029,0.0
2026-07-30 11:00:00,2026-07-30 08:00:00,2026-07-30 16:00:00,1.97032,1.97053,1.96828,1.96884,0.0
2026-07-30 11:15:00,2026-07-30 08:15:00,2026-07-30 16:15:00,1.9688,1.96902,1.96746,1.96801,0.0
2026-07-30 11:30:00,2026-07-30 08:30:00,2026-07-30 16:30:00,1.968,1.96846,1.96735,1.96796,0.0
2026-07-30 11:45:00,2026-07-30 08:45:00,2026-07-30 16:45:00,1.96796,1.96817,1.96661,1.96712,0.0
2026-07-30 12:00:00,2026-07-30 09:00:00,2026-07-30 17:00:00,1.96706,1.96766,1.96627,1.96688,0.0
2026-07-30 12:15:00,2026-07-30 09:15:00,2026-07-30 17:15:00,1.96689,1.96755,1.96573,1.96656,0.0
2026-07-30 12:30:00,2026-07-30 09:30:00,2026-07-30 17:30:00,1.9666,1.96711,1.96537,1.96593,0.0
2026-07-30 12:45:00,2026-07-30 09:45:00,2026-07-30 17:45:00,1.9659,1.96611,1.96411,1.9649,0.0
2026-07-30 13:00:00,2026-07-30 10:00:00,2026-07-30 18:00:00,1.96465,1.96508,1.96328,1.96364,0.0
2026-07-30 13:15:00,2026-07-30 10:15:00,2026-07-30 18:15:00,1.96366,1.96524,1.96327,1.965,0.0
2026-07-30 13:30:00,2026-07-30 10:30:00,2026-07-30 18:30:00,1.96503,1.96529,1.96414,1.96484,0.0
2026-07-30 13:45:00,2026-07-30 10:45:00,2026-07-30 18:45:00,1.96512,1.96546,1.96407,1.96444,0.0
2026-07-30 14:00:00,2026-07-30 11:00:00,2026-07-30 19:00:00,1.96415,1.96504,1.96356,1.96462,0.0
2026-07-30 14:15:00,2026-07-30 11:15:00,2026-07-30 19:15:00,1.96468,1.96469,1.96353,1.96421,0.0
2026-07-30 14:30:00,2026-07-30 11:30:00,2026-07-30 19:30:00,1.96389,1.96423,1.96319,1.9642,0.0
2026-07-30 14:45:00,2026-07-30 11:45:00,2026-07-30 19:45:00,1.96391,1.96441,1.96328,1.96378,0.0
2026-07-30 15:00:00,2026-07-30 12:00:00,2026-07-30 20:00:00,1.96379,1.96449,1.96326,1.9642,0.0
2026-07-30 15:15:00,2026-07-30 12:15:00,2026-07-30 20:15:00,1.96421,1.96519,1.96392,1.96507,0.0
2026-07-30 15:30:00,2026-07-30 12:30:00,2026-07-30 20:30:00,1.96502,1.96649,1.96352,1.96579,0.0
2026-07-30 15:45:00,2026-07-30 12:45:00,2026-07-30 20:45:00,1.96579,1.96624,1.96516,1.96603,0.0
2026-07-30 16:00:00,2026-07-30 13:00:00,2026-07-30 21:00:00,1.96607,1.96609,1.96457,1.96496,0.0
2026-07-30 16:15:00,2026-07-30 13:15:00,2026-07-30 21:15:00,1.96518,1.96562,1.96462,1.9649,0.0
2026-07-30 16:30:00,2026-07-30 13:30:00,2026-07-30 21:30:00,1.96469,1.96511,1.96081,1.96157,0.0
2026-07-30 16:45:00,2026-07-30 13:45:00,2026-07-30 21:45:00,1.96125,1.96273,1.96076,1.96162,0.0
2026-07-30 17:00:00,2026-07-30 14:00:00,2026-07-30 22:00:00,1.96161,1.96338,1.96102,1.96216,0.0
2026-07-30 17:15:00,2026-07-30 14:15:00,2026-07-30 22:15:00,1.96213,1.96397,1.96184,1.9635,0.0
2026-07-30 17:30:00,2026-07-30 14:30:00,2026-07-30 22:30:00,1.96386,1.96441,1.96114,1.96161,0.0
2026-07-30 17:45:00,2026-07-30 14:45:00,2026-07-30 22:45:00,1.96126,1.96411,1.96117,1.96258,0.0
2026-07-30 18:00:00,2026-07-30 15:00:00,2026-07-30 23:00:00,1.96231,1.96297,1.96106,1.96295,0.0
2026-07-30 18:15:00,2026-07-30 15:15:00,2026-07-30 23:15:00,1.96262,1.96335,1.96218,1.96269,0.0
2026-07-30 18:30:00,2026-07-30 15:30:00,2026-07-30 23:30:00,1.96302,1.96314,1.96057,1.96101,0.0
2026-07-30 18:45:00,2026-07-30 15:45:00,2026-07-30 23:45:00,1.96068,1.96101,1.95975,1.96076,0.0
2026-07-30 19:00:00,2026-07-30 16:00:00,2026-07-31 00:00:00,1.96048,1.96146,1.96007,1.96084,0.0
2026-07-30 19:15:00,2026-07-30 16:15:00,2026-07-31 00:15:00,1.96082,1.96103,1.96018,1.96097,0.0
2026-07-30 19:30:00,2026-07-30 16:30:00,2026-07-31 00:30:00,1.96094,1.96137,1.96023,1.96135,0.0
2026-07-30 19:45:00,2026-07-30 16:45:00,2026-07-31 00:45:00,1.96134,1.96148,1.96052,1.96116,0.0
2026-07-30 20:00:00,2026-07-30 17:00:00,2026-07-31 01:00:00,1.96142,1.96152,1.96048,1.96089,0.0
2026-07-30 20:15:00,2026-07-30 17:15:00,2026-07-31 01:15:00,1.96086,1.9609,1.95975,1.9608,0.0
2026-07-30 20:30:00,2026-07-30 17:30:00,2026-07-31 01:30:00,1.96081,1.96091,1.9597,1.96026,0.0
2026-07-30 20:45:00,2026-07-30 17:45:00,2026-07-31 01:45:00,1.96032,1.96099,1.95978,1.96038,0.0
2026-07-30 21:00:00,2026-07-30 18:00:00,2026-07-31 02:00:00,1.96042,1.9609,1.96002,1.96061,0.0
2026-07-30 21:15:00,2026-07-30 18:15:00,2026-07-31 02:15:00,1.96062,1.96077,1.95999,1.96046,0.0
2026-07-30 21:30:00,2026-07-30 18:30:00,2026-07-31 02:30:00,1.9602,1.96089,1.95997,1.96078,0.0
2026-07-30 21:45:00,2026-07-30 18:45:00,2026-07-31 02:45:00,1.96075,1.96134,1.95975,1.96113,0.0
2026-07-30 22:00:00,2026-07-30 19:00:00,2026-07-31 03:00:00,1.96078,1.96127,1.96025,1.96112,0.0
2026-07-30 22:15:00,2026-07-30 19:15:00,2026-07-31 03:15:00,1.9611,1.96126,1.96054,1.96118,0.0
2026-07-30 22:30:00,2026-07-30 19:30:00,2026-07-31 03:30:00,1.96124,1.96153,1.9606,1.96135,0.0
2026-07-30 22:45:00,2026-07-30 19:45:00,2026-07-31 03:45:00,1.96136,1.96175,1.96046,1.96072,0.0
2026-07-30 23:00:00,2026-07-30 20:00:00,2026-07-31 04:00:00,1.96065,1.96118,1.96014,1.96084,0.0
2026-07-30 23:15:00,2026-07-30 20:15:00,2026-07-31 04:15:00,1.96088,1.96127,1.96035,1.96118,0.0
2026-07-30 23:30:00,2026-07-30 20:30:00,2026-07-31 04:30:00,1.96122,1.96133,1.96019,1.9609,0.0
2026-07-30 23:45:00,2026-07-30 20:45:00,2026-07-31 04:45:00,1.95999,1.96093,1.95891,1.96041,0.0
2026-07-31 00:00:00,2026-07-30 21:00:00,2026-07-31 05:00:00,1.9604,1.96513,1.95913,1.9612,0.0
2026-07-31 00:15:00,2026-07-30 21:15:00,2026-07-31 05:15:00,1.96141,1.96168,1.96011,1.96048,0.0
2026-07-31 00:30:00,2026-07-30 21:30:00,2026-07-31 05:30:00,1.96047,1.96135,1.96004,1.96044,0.0
2026-07-31 00:45:00,2026-07-30 21:45:00,2026-07-31 05:45:00,1.96017,1.9615,1.96013,1.96095,0.0
2026-07-31 01:00:00,2026-07-30 22:00:00,2026-07-31 06:00:00,1.96131,1.96131,1.95909,1.96057,0.0
2026-07-31 01:15:00,2026-07-30 22:15:00,2026-07-31 06:15:00,1.96054,1.96119,1.9592,1.96072,0.0
2026-07-31 01:30:00,2026-07-30 22:30:00,2026-07-31 06:30:00,1.96069,1.96069,1.95934,1.95989,0.0
2026-07-31 01:45:00,2026-07-30 22:45:00,2026-07-31 06:45:00,1.95991,1.96043,1.95929,1.96028,0.0
2026-07-31 02:00:00,2026-07-30 23:00:00,2026-07-31 07:00:00,1.96016,1.9611,1.95928,1.96106,0.0
2026-07-31 02:15:00,2026-07-30 23:15:00,2026-07-31 07:15:00,1.96055,1.96152,1.96,1.96015,0.0
2026-07-31 02:30:00,2026-07-30 23:30:00,2026-07-31 07:30:00,1.96003,1.96112,1.95997,1.96112,0.0
2026-07-31 02:45:00,2026-07-30 23:45:00,2026-07-31 07:45:00,1.96109,1.9614,1.96004,1.96134,0.0
2026-07-31 03:00:00,2026-07-31 00:00:00,2026-07-31 08:00:00,1.9614,1.96219,1.96052,1.9615,0.0
2026-07-31 03:15:00,2026-07-31 00:15:00,2026-07-31 08:15:00,1.9615,1.96162,1.96017,1.9609,0.0
2026-07-31 03:30:00,2026-07-31 00:30:00,2026-07-31 08:30:00,1.96088,1.96145,1.96013,1.96108,0.0
2026-07-31 03:45:00,2026-07-31 00:45:00,2026-07-31 08:45:00,1.96108,1.96229,1.96048,1.96163,0.0
2026-07-31 04:00:00,2026-07-31 01:00:00,2026-07-31 09:00:00,1.96158,1.96268,1.9607,1.96266,0.0
2026-07-31 04:15:00,2026-07-31 01:15:00,2026-07-31 09:15:00,1.96265,1.96356,1.96136,1.9634,0.0
2026-07-31 04:30:00,2026-07-31 01:30:00,2026-07-31 09:30:00,1.96268,1.96385,1.96243,1.96298,0.0
2026-07-31 04:45:00,2026-07-31 01:45:00,2026-07-31 09:45:00,1.96298,1.9633,1.96158,1.96227,0.0
2026-07-31 05:00:00,2026-07-31 02:00:00,2026-07-31 10:00:00,1.96224,1.9623,1.96087,1.96159,0.0
2026-07-31 05:15:00,2026-07-31 02:15:00,2026-07-31 10:15:00,1.96158,1.96186,1.96069,1.9611,0.0
2026-07-31 05:30:00,2026-07-31 02:30:00,2026-07-31 10:30:00,1.96062,1.9612,1.96015,1.96068,0.0
2026-07-31 05:45:00,2026-07-31 02:45:00,2026-07-31 10:45:00,1.96065,1.96117,1.9598,1.96086,0.0
2026-07-31 06:00:00,2026-07-31 03:00:00,2026-07-31 11:00:00,1.96028,1.96139,1.96016,1.96132,0.0
2026-07-31 06:15:00,2026-07-31 03:15:00,2026-07-31 11:15:00,1.96132,1.96142,1.96009,1.96092,0.0
2026-07-31 06:30:00,2026-07-31 03:30:00,2026-07-31 11:30:00,1.96088,1.96104,1.95908,1.96052,0.0
2026-07-31 06:45:00,2026-07-31 03:45:00,2026-07-31 11:45:00,1.96058,1.96125,1.96013,1.96102,0.0
2026-07-31 07:00:00,2026-07-31 04:00:00,2026-07-31 12:00:00,1.96102,1.96165,1.96044,1.96165,0.0
2026-07-31 07:15:00,2026-07-31 04:15:00,2026-07-31 12:15:00,1.9616,1.96166,1.96028,1.96099,0.0
2026-07-31 07:30:00,2026-07-31 04:30:00,2026-07-31 12:30:00,1.96095,1.96121,1.95986,1.96034,0.0
2026-07-31 07:45:00,2026-07-31 04:45:00,2026-07-31 12:45:00,1.96033,1.96128,1.95951,1.9612,0.0
2026-07-31 08:00:00,2026-07-31 05:00:00,2026-07-31 13:00:00,1.96121,1.96126,1.96002,1.96084,0.0
2026-07-31 08:15:00,2026-07-31 05:15:00,2026-07-31 13:15:00,1.96084,1.96162,1.96003,1.9613,0.0
2026-07-31 08:30:00,2026-07-31 05:30:00,2026-07-31 13:30:00,1.96133,1.96146,1.95998,1.96044,0.0
2026-07-31 08:45:00,2026-07-31 05:45:00,2026-07-31 13:45:00,1.96044,1.96154,1.96033,1.96084,0.0
2026-07-31 09:00:00,2026-07-31 06:00:00,2026-07-31 14:00:00,1.96086,1.96164,1.96024,1.96084,0.0
2026-07-31 09:15:00,2026-07-31 06:15:00,2026-07-31 14:15:00,1.96086,1.96098,1.95919,1.9597,0.0
2026-07-31 09:30:00,2026-07-31 06:30:00,2026-07-31 14:30:00,1.95974,1.9612,1.95938,1.96118,0.0
2026-07-31 09:45:00,2026-07-31 06:45:00,2026-07-31 14:45:00,1.96112,1.9615,1.95991,1.96118,0.0
2026-07-31 10:00:00,2026-07-31 07:00:00,2026-07-31 15:00:00,1.96119,1.96217,1.96047,1.96095,0.0
2026-07-31 10:15:00,2026-07-31 07:15:00,2026-07-31 15:15:00,1.96095,1.96144,1.96032,1.96135,0.0
2026-07-31 10:30:00,2026-07-31 07:30:00,2026-07-31 15:30:00,1.96097,1.96206,1.96046,1.96095,0.0
2026-07-31 10:45:00,2026-07-31 07:45:00,2026-07-31 15:45:00,1.96093,1.96096,1.95959,1.96044,0.0
2026-07-31 11:00:00,2026-07-31 08:00:00,2026-07-31 16:00:00,1.96011,1.9611,1.95957,1.96084,0.0
2026-07-31 11:15:00,2026-07-31 08:15:00,2026-07-31 16:15:00,1.96084,1.96093,1.95864,1.95909,0.0
2026-07-31 11:30:00,2026-07-31 08:30:00,2026-07-31 16:30:00,1.95944,1.96015,1.95822,1.95878,0.0
2026-07-31 11:45:00,2026-07-31 08:45:00,2026-07-31 16:45:00,1.95874,1.95899,1.95662,1.95768,0.0
2026-07-31 12:00:00,2026-07-31 09:00:00,2026-07-31 17:00:00,1.95667,1.95819,1.95653,1.95805,0.0
2026-07-31 12:15:00,2026-07-31 09:15:00,2026-07-31 17:15:00,1.95805,1.95892,1.95752,1.95788,0.0
2026-07-31 12:30:00,2026-07-31 09:30:00,2026-07-31 17:30:00,1.95828,1.95947,1.95769,1.95906,0.0
2026-07-31 12:45:00,2026-07-31 09:45:00,2026-07-31 17:45:00,1.95908,1.9591,1.95752,1.95762,0.0
2026-07-31 13:00:00,2026-07-31 10:00:00,2026-07-31 18:00:00,1.95762,1.95892,1.95734,1.95856,0.0
2026-07-31 13:15:00,2026-07-31 10:15:00,2026-07-31 18:15:00,1.95854,1.95863,1.95722,1.95758,0.0
2026-07-31 13:30:00,2026-07-31 10:30:00,2026-07-31 18:30:00,1.9576,1.95791,1.95704,1.95732,0.0
2026-07-31 13:45:00,2026-07-31 10:45:00,2026-07-31 18:45:00,1.9573,1.95843,1.95686,1.95838,0.0
2026-07-31 14:00:00,2026-07-31 11:00:00,2026-07-31 19:00:00,1.9584,1.95846,1.95742,1.95808,0.0
2026-07-31 14:15:00,2026-07-31 11:15:00,2026-07-31 19:15:00,1.95809,1.95919,1.95768,1.95906,0.0
2026-07-31 14:30:00,2026-07-31 11:30:00,2026-07-31 19:30:00,1.95905,1.95985,1.95864,1.95901,0.0
2026-07-31 14:45:00,2026-07-31 11:45:00,2026-07-31 19:45:00,1.9592,1.95962,1.95868,1.95922,0.0
2026-07-31 15:00:00,2026-07-31 12:00:00,2026-07-31 20:00:00,1.9592,1.95939,1.95816,1.95917,0.0
2026-07-31 15:15:00,2026-07-31 12:15:00,2026-07-31 20:15:00,1.95916,1.96,1.95879,1.95921,0.0
2026-07-31 15:30:00,2026-07-31 12:30:00,2026-07-31 20:30:00,1.95954,1.96139,1.95892,1.96096,0.0
2026-07-31 15:45:00,2026-07-31 12:45:00,2026-07-31 20:45:00,1.96098,1.96103,1.95982,1.96087,0.0
2026-07-31 16:00:00,2026-07-31 13:00:00,2026-07-31 21:00:00,1.96086,1.96131,1.9601,1.96055,0.0
2026-07-31 16:15:00,2026-07-31 13:15:00,2026-07-31 21:15:00,1.96031,1.96059,1.95823,1.95829,0.0
2026-07-31 16:30:00,2026-07-31 13:30:00,2026-07-31 21:30:00,1.95829,1.95921,1.95444,1.9567,0.0
2026-07-31 16:45:00,2026-07-31 13:45:00,2026-07-31 21:45:00,1.95625,1.95868,1.95606,1.9573,0.0
2026-07-31 17:00:00,2026-07-31 14:00:00,2026-07-31 22:00:00,1.9573,1.96023,1.95724,1.95986,0.0
2026-07-31 17:15:00,2026-07-31 14:15:00,2026-07-31 22:15:00,1.95989,1.96006,1.95806,1.95842,0.0
2026-07-31 17:30:00,2026-07-31 14:30:00,2026-07-31 22:30:00,1.9584,1.95864,1.95658,1.95716,0.0
2026-07-31 17:45:00,2026-07-31 14:45:00,2026-07-31 22:45:00,1.95718,1.95811,1.95634,1.95769,0.0
2026-07-31 18:00:00,2026-07-31 15:00:00,2026-07-31 23:00:00,1.95773,1.95861,1.9572,1.95778,0.0
2026-07-31 18:15:00,2026-07-31 15:15:00,2026-07-31 23:15:00,1.95778,1.95895,1.95701,1.95893,0.0
2026-07-31 18:30:00,2026-07-31 15:30:00,2026-07-31 23:30:00,1.95856,1.95926,1.95773,1.95796,0.0
2026-07-31 18:45:00,2026-07-31 15:45:00,2026-07-31 23:45:00,1.9579,1.95986,1.9579,1.95978,0.0
2026-07-31 19:00:00,2026-07-31 16:00:00,2026-08-01 00:00:00,1.95922,1.95977,1.9585,1.95912,0.0
2026-07-31 19:15:00,2026-07-31 16:15:00,2026-08-01 00:15:00,1.95911,1.9596,1.95844,1.95879,0.0
2026-07-31 19:30:00,2026-07-31 16:30:00,2026-08-01 00:30:00,1.95887,1.95896,1.95819,1.95876,0.0
2026-07-31 19:45:00,2026-07-31 16:45:00,2026-08-01 00:45:00,1.95877,1.95911,1.95831,1.95908,0.0
2026-07-31 20:00:00,2026-07-31 17:00:00,2026-08-01 01:00:00,1.9587,1.95916,1.95803,1.95873,0.0
2026-07-31 20:15:00,2026-07-31 17:15:00,2026-08-01 01:15:00,1.9587,1.95883,1.95769,1.95815,0.0
2026-07-31 20:30:00,2026-07-31 17:30:00,2026-08-01 01:30:00,1.95816,1.95862,1.95758,1.95818,0.0
2026-07-31 20:45:00,2026-07-31 17:45:00,2026-08-01 01:45:00,1.9582,1.95904,1.95769,1.95892,0.0
2026-07-31 21:00:00,2026-07-31 18:00:00,2026-08-01 02:00:00,1.95896,1.95901,1.9581,1.95854,0.0
2026-07-31 21:15:00,2026-07-31 18:15:00,2026-08-01 02:15:00,1.95852,1.95852,1.9575,1.95776,0.0
2026-07-31 21:30:00,2026-07-31 18:30:00,2026-08-01 02:30:00,1.95806,1.95825,1.9573,1.95772,0.0
2026-07-31 21:45:00,2026-07-31 18:45:00,2026-08-01 02:45:00,1.95772,1.95792,1.95698,1.95734,0.0
2026-07-31 22:00:00,2026-07-31 19:00:00,2026-08-01 03:00:00,1.95772,1.95807,1.95706,1.95753,0.0
2026-07-31 22:15:00,2026-07-31 19:15:00,2026-08-01 03:15:00,1.95756,1.9577,1.95689,1.95734,0.0
2026-07-31 22:30:00,2026-07-31 19:30:00,2026-08-01 03:30:00,1.95698,1.95766,1.95679,1.95722,0.0
2026-07-31 22:45:00,2026-07-31 19:45:00,2026-08-01 03:45:00,1.95728,1.95777,1.95675,1.95707,0.0
2026-07-31 23:00:00,2026-07-31 20:00:00,2026-08-01 04:00:00,1.95707,1.95763,1.95595,1.95645,0.0
2026-07-31 23:15:00,2026-07-31 20:15:00,2026-08-01 04:15:00,1.95728,1.95831,1.9563,1.95744,0.0
2026-07-31 23:30:00,2026-07-31 20:30:00,2026-08-01 04:30:00,1.95796,1.95817,1.95672,1.95802,0.0
2026-07-31 23:45:00,2026-07-31 20:45:00,2026-08-01 04:45:00,1.95723,1.95969,1.95643,1.95939,0.0
2026-08-01 00:00:00,2026-07-31 21:00:00,2026-08-01 05:00:00,1.96155,1.96155,1.96155,1.96155,0.0
2026-08-01 00:15:00,2026-07-31 21:15:00,2026-08-01 05:15:00,1.96155,1.96155,1.96155,1.96155,0.0
2026-08-03 00:00:00,2026-08-02 21:00:00,2026-08-03 05:00:00,1.95508,1.95571,1.95396,1.95414,503.0
2026-08-03 00:15:00,2026-08-02 21:15:00,2026-08-03 05:15:00,1.9542,1.95691,1.95413,1.95684,584.0
2026-08-03 00:30:00,2026-08-02 21:30:00,2026-08-03 05:30:00,1.95684,1.95739,1.95647,1.95739,345.0
2026-08-03 00:45:00,2026-08-02 21:45:00,2026-08-03 05:45:00,1.95733,1.95814,1.95694,1.95784,1129.0
2026-08-03 01:00:00,2026-08-02 22:00:00,2026-08-03 06:00:00,1.95838,1.95891,1.95656,1.95775,2052.0
2026-08-03 01:15:00,2026-08-02 22:15:00,2026-08-03 06:15:00,1.95772,1.95849,1.95675,1.95704,2143.0
2026-08-03 01:30:00,2026-08-02 22:30:00,2026-08-03 06:30:00,1.95701,1.9579,1.95663,1.95781,1823.0
2026-08-03 01:45:00,2026-08-02 22:45:00,2026-08-03 06:45:00,1.95779,1.95788,1.95725,1.95785,1436.0
2026-08-03 02:00:00,2026-08-02 23:00:00,2026-08-03 07:00:00,1.957,1.95828,1.95696,1.95759,0.0
2026-08-03 02:15:00,2026-08-02 23:15:00,2026-08-03 07:15:00,1.95758,1.95804,1.95677,1.95733,0.0
2026-08-03 02:30:00,2026-08-02 23:30:00,2026-08-03 07:30:00,1.9573,1.95756,1.95655,1.9572,0.0
2026-08-03 02:45:00,2026-08-02 23:45:00,2026-08-03 07:45:00,1.95718,1.9574,1.95602,1.95728,0.0
2026-08-03 03:00:00,2026-08-03 00:00:00,2026-08-03 08:00:00,1.95731,1.95731,1.95553,1.95584,0.0
2026-08-03 03:15:00,2026-08-03 00:15:00,2026-08-03 08:15:00,1.95584,1.9569,1.95519,1.9562,0.0
2026-08-03 03:30:00,2026-08-03 00:30:00,2026-08-03 08:30:00,1.95631,1.95647,1.95475,1.95566,0.0
2026-08-03 03:45:00,2026-08-03 00:45:00,2026-08-03 08:45:00,1.95558,1.9572,1.95508,1.95687,0.0
2026-08-03 04:00:00,2026-08-03 01:00:00,2026-08-03 09:00:00,1.95613,1.95756,1.95597,1.95756,0.0
2026-08-03 04:15:00,2026-08-03 01:15:00,2026-08-03 09:15:00,1.95756,1.95806,1.95636,1.95708,0.0
2026-08-03 04:30:00,2026-08-03 01:30:00,2026-08-03 09:30:00,1.9571,1.95809,1.95644,1.95728,0.0
2026-08-03 04:45:00,2026-08-03 01:45:00,2026-08-03 09:45:00,1.9573,1.95744,1.95629,1.9565,0.0
2026-08-03 05:00:00,2026-08-03 02:00:00,2026-08-03 10:00:00,1.95714,1.9581,1.95635,1.95806,0.0
2026-08-03 05:15:00,2026-08-03 02:15:00,2026-08-03 10:15:00,1.95808,1.95842,1.95718,1.95832,0.0
2026-08-03 05:30:00,2026-08-03 02:30:00,2026-08-03 10:30:00,1.95831,1.95843,1.957,1.95743,0.0
2026-08-03 05:45:00,2026-08-03 02:45:00,2026-08-03 10:45:00,1.95785,1.95828,1.95733,1.95806,0.0
2026-08-03 06:00:00,2026-08-03 03:00:00,2026-08-03 11:00:00,1.95809,1.95851,1.95751,1.95816,0.0
2026-08-03 06:15:00,2026-08-03 03:15:00,2026-08-03 11:15:00,1.95819,1.95917,1.9577,1.95904,0.0
2026-08-03 06:30:00,2026-08-03 03:30:00,2026-08-03 11:30:00,1.95902,1.96067,1.95841,1.96056,0.0
2026-08-03 06:45:00,2026-08-03 03:45:00,2026-08-03 11:45:00,1.96055,1.96107,1.9597,1.96055,0.0
2026-08-03 07:00:00,2026-08-03 04:00:00,2026-08-03 12:00:00,1.96046,1.9614,1.96037,1.96098,0.0
2026-08-03 07:15:00,2026-08-03 04:15:00,2026-08-03 12:15:00,1.96096,1.96136,1.96049,1.9612,0.0
2026-08-03 07:30:00,2026-08-03 04:30:00,2026-08-03 12:30:00,1.96122,1.96156,1.96046,1.96046,0.0
2026-08-03 07:45:00,2026-08-03 04:45:00,2026-08-03 12:45:00,1.96089,1.96153,1.96024,1.9613,0.0
2026-08-03 08:00:00,2026-08-03 05:00:00,2026-08-03 13:00:00,1.96131,1.96145,1.96046,1.96068,0.0
2026-08-03 08:15:00,2026-08-03 05:15:00,2026-08-03 13:15:00,1.9611,1.96162,1.96033,1.96095,0.0
2026-08-03 08:30:00,2026-08-03 05:30:00,2026-08-03 13:30:00,1.96095,1.96103,1.95996,1.96088,0.0
2026-08-03 08:45:00,2026-08-03 05:45:00,2026-08-03 13:45:00,1.96087,1.96101,1.95959,1.96039,0.0
2026-08-03 09:00:00,2026-08-03 06:00:00,2026-08-03 14:00:00,1.9596,1.96034,1.95927,1.96004,0.0
2026-08-03 09:15:00,2026-08-03 06:15:00,2026-08-03 14:15:00,1.96002,1.96089,1.95964,1.96033,0.0
2026-08-03 09:30:00,2026-08-03 06:30:00,2026-08-03 14:30:00,1.96074,1.96078,1.95966,1.96066,0.0
2026-08-03 09:45:00,2026-08-03 06:45:00,2026-08-03 14:45:00,1.96066,1.9617,1.96036,1.9612,0.0
2026-08-03 10:00:00,2026-08-03 07:00:00,2026-08-03 15:00:00,1.96089,1.96148,1.96015,1.96135,0.0
2026-08-03 10:15:00,2026-08-03 07:15:00,2026-08-03 15:15:00,1.96134,1.96198,1.9607,1.96131,0.0
2026-08-03 10:30:00,2026-08-03 07:30:00,2026-08-03 15:30:00,1.96134,1.96206,1.96068,1.96183,0.0
2026-08-03 10:45:00,2026-08-03 07:45:00,2026-08-03 15:45:00,1.96144,1.96245,1.961,1.96208,0.0
2026-08-03 11:00:00,2026-08-03 08:00:00,2026-08-03 16:00:00,1.96213,1.96247,1.96142,1.96198,0.0
2026-08-03 11:15:00,2026-08-03 08:15:00,2026-08-03 16:15:00,1.96199,1.96257,1.96137,1.96252,0.0
2026-08-03 11:30:00,2026-08-03 08:30:00,2026-08-03 16:30:00,1.96256,1.96321,1.96199,1.96286,0.0
2026-08-03 11:45:00,2026-08-03 08:45:00,2026-08-03 16:45:00,1.9629,1.96313,1.96225,1.96292,0.0
2026-08-03 12:00:00,2026-08-03 09:00:00,2026-08-03 17:00:00,1.96288,1.96373,1.96234,1.96363,0.0
2026-08-03 12:15:00,2026-08-03 09:15:00,2026-08-03 17:15:00,1.96362,1.96419,1.96308,1.96383,0.0
2026-08-03 12:30:00,2026-08-03 09:30:00,2026-08-03 17:30:00,1.96418,1.96444,1.96356,1.96429,0.0
2026-08-03 12:45:00,2026-08-03 09:45:00,2026-08-03 17:45:00,1.96396,1.96448,1.96337,1.96412,0.0
2026-08-03 13:00:00,2026-08-03 10:00:00,2026-08-03 18:00:00,1.96415,1.96461,1.96364,1.96444,0.0
2026-08-03 13:15:00,2026-08-03 10:15:00,2026-08-03 18:15:00,1.96445,1.96541,1.96365,1.96532,0.0
2026-08-03 13:30:00,2026-08-03 10:30:00,2026-08-03 18:30:00,1.96501,1.96547,1.96438,1.96512,0.0
2026-08-03 13:45:00,2026-08-03 10:45:00,2026-08-03 18:45:00,1.9651,1.96531,1.9644,1.96464,0.0
2026-08-03 14:00:00,2026-08-03 11:00:00,2026-08-03 19:00:00,1.9647,1.96566,1.96463,1.96505,0.0
2026-08-03 14:15:00,2026-08-03 11:15:00,2026-08-03 19:15:00,1.96507,1.96534,1.96339,1.96392,0.0
2026-08-03 14:30:00,2026-08-03 11:30:00,2026-08-03 19:30:00,1.96434,1.96483,1.96285,1.96325,0.0
2026-08-03 14:45:00,2026-08-03 11:45:00,2026-08-03 19:45:00,1.96326,1.96375,1.96262,1.9634,0.0
2026-08-03 15:00:00,2026-08-03 12:00:00,2026-08-03 20:00:00,1.96338,1.96379,1.96246,1.96327,0.0
2026-08-03 15:15:00,2026-08-03 12:15:00,2026-08-03 20:15:00,1.96358,1.9638,1.96271,1.96304,0.0
2026-08-03 15:30:00,2026-08-03 12:30:00,2026-08-03 20:30:00,1.96334,1.96379,1.96266,1.96354,0.0
2026-08-03 15:45:00,2026-08-03 12:45:00,2026-08-03 20:45:00,1.96356,1.96372,1.96295,1.96365,0.0
2026-08-03 16:00:00,2026-08-03 13:00:00,2026-08-03 21:00:00,1.96334,1.96496,1.96299,1.9649,0.0
2026-08-03 16:15:00,2026-08-03 13:15:00,2026-08-03 21:15:00,1.96488,1.96509,1.96415,1.96455,0.0
2026-08-03 16:30:00,2026-08-03 13:30:00,2026-08-03 21:30:00,1.96419,1.96552,1.96405,1.9653,0.0
2026-08-03 16:45:00,2026-08-03 13:45:00,2026-08-03 21:45:00,1.96536,1.96629,1.96397,1.9649,0.0
2026-08-03 17:00:00,2026-08-03 14:00:00,2026-08-03 22:00:00,1.9648,1.96492,1.96352,1.96379,0.0
2026-08-03 17:15:00,2026-08-03 14:15:00,2026-08-03 22:15:00,1.96379,1.9641,1.96277,1.96317,0.0
2026-08-03 17:30:00,2026-08-03 14:30:00,2026-08-03 22:30:00,1.96307,1.96313,1.96215,1.96248,0.0
2026-08-03 17:45:00,2026-08-03 14:45:00,2026-08-03 22:45:00,1.96248,1.96279,1.9609,1.96135,0.0
2026-08-03 18:00:00,2026-08-03 15:00:00,2026-08-03 23:00:00,1.96115,1.96197,1.96073,1.96143,0.0
2026-08-03 18:15:00,2026-08-03 15:15:00,2026-08-03 23:15:00,1.96165,1.96248,1.96101,1.96238,0.0
2026-08-03 18:30:00,2026-08-03 15:30:00,2026-08-03 23:30:00,1.96216,1.96246,1.96116,1.96164,0.0
2026-08-03 18:45:00,2026-08-03 15:45:00,2026-08-03 23:45:00,1.96138,1.96171,1.961,1.96135,0.0
2026-08-03 19:00:00,2026-08-03 16:00:00,2026-08-04 00:00:00,1.96135,1.96177,1.9608,1.96106,0.0
2026-08-03 19:15:00,2026-08-03 16:15:00,2026-08-04 00:15:00,1.96106,1.9612,1.9604,1.96089,0.0
2026-08-03 19:30:00,2026-08-03 16:30:00,2026-08-04 00:30:00,1.96089,1.96131,1.96053,1.96098,0.0
2026-08-03 19:45:00,2026-08-03 16:45:00,2026-08-04 00:45:00,1.961,1.96151,1.9606,1.96146,0.0
2026-08-03 20:00:00,2026-08-03 17:00:00,2026-08-04 01:00:00,1.96124,1.96231,1.96103,1.96185,0.0
2026-08-03 20:15:00,2026-08-03 17:15:00,2026-08-04 01:15:00,1.96206,1.96223,1.96161,1.96211,0.0
2026-08-03 20:30:00,2026-08-03 17:30:00,2026-08-04 01:30:00,1.9621,1.96237,1.96173,1.96205,0.0
2026-08-03 20:45:00,2026-08-03 17:45:00,2026-08-04 01:45:00,1.96233,1.96257,1.96178,1.96215,0.0
2026-08-03 21:00:00,2026-08-03 18:00:00,2026-08-04 02:00:00,1.96215,1.96259,1.96169,1.962,0.0
2026-08-03 21:15:00,2026-08-03 18:15:00,2026-08-04 02:15:00,1.96195,1.96265,1.9618,1.96259,0.0
2026-08-03 21:30:00,2026-08-03 18:30:00,2026-08-04 02:30:00,1.96254,1.96254,1.96159,1.96185,0.0
2026-08-03 21:45:00,2026-08-03 18:45:00,2026-08-04 02:45:00,1.96188,1.96188,1.95979,1.96126,0.0
2026-08-03 22:00:00,2026-08-03 19:00:00,2026-08-04 03:00:00,1.95952,1.96138,1.95952,1.96134,0.0
2026-08-03 22:15:00,2026-08-03 19:15:00,2026-08-04 03:15:00,1.96134,1.96136,1.96028,1.96097,0.0
2026-08-03 22:30:00,2026-08-03 19:30:00,2026-08-04 03:30:00,1.96065,1.96129,1.96037,1.96082,0.0
2026-08-03 22:45:00,2026-08-03 19:45:00,2026-08-04 03:45:00,1.9608,1.96094,1.96004,1.96058,0.0
2026-08-03 23:00:00,2026-08-03 20:00:00,2026-08-04 04:00:00,1.96012,1.96071,1.9598,1.96047,0.0
2026-08-03 23:15:00,2026-08-03 20:15:00,2026-08-04 04:15:00,1.96048,1.96054,1.95979,1.96023,0.0
2026-08-03 23:30:00,2026-08-03 20:30:00,2026-08-04 04:30:00,1.96027,1.96031,1.95936,1.95986,0.0
2026-08-03 23:45:00,2026-08-03 20:45:00,2026-08-04 04:45:00,1.95943,1.96041,1.95878,1.9593,0.0
2026-08-04 00:00:00,2026-08-03 21:00:00,2026-08-04 05:00:00,1.95945,1.96246,1.95945,1.9603,0.0
2026-08-04 00:15:00,2026-08-03 21:15:00,2026-08-04 05:15:00,1.96115,1.96204,1.95995,1.96204,0.0
2026-08-04 00:30:00,2026-08-03 21:30:00,2026-08-04 05:30:00,1.96174,1.96251,1.95802,1.9597,0.0
2026-08-04 00:45:00,2026-08-03 21:45:00,2026-08-04 05:45:00,1.95972,1.96051,1.95833,1.95986,0.0
2026-08-04 01:00:00,2026-08-03 22:00:00,2026-08-04 06:00:00,1.95995,1.96087,1.9595,1.96047,0.0
2026-08-04 01:15:00,2026-08-03 22:15:00,2026-08-04 06:15:00,1.96046,1.96056,1.95944,1.96007,0.0
2026-08-04 01:30:00,2026-08-03 22:30:00,2026-08-04 06:30:00,1.96048,1.96073,1.95974,1.96045,0.0
2026-08-04 01:45:00,2026-08-03 22:45:00,2026-08-04 06:45:00,1.96046,1.9606,1.95975,1.96051,0.0
2026-08-04 02:00:00,2026-08-03 23:00:00,2026-08-04 07:00:00,1.96058,1.96083,1.95979,1.96082,0.0
2026-08-04 02:15:00,2026-08-03 23:15:00,2026-08-04 07:15:00,1.96078,1.9612,1.96016,1.96089,0.0
2026-08-04 02:30:00,2026-08-03 23:30:00,2026-08-04 07:30:00,1.96116,1.9615,1.96054,1.96112,0.0
2026-08-04 02:45:00,2026-08-03 23:45:00,2026-08-04 07:45:00,1.96113,1.96152,1.96034,1.9615,0.0
2026-08-04 03:00:00,2026-08-04 00:00:00,2026-08-04 08:00:00,1.9615,1.96223,1.96082,1.96196,0.0
2026-08-04 03:15:00,2026-08-04 00:15:00,2026-08-04 08:15:00,1.96196,1.96199,1.96067,1.9613,0.0
2026-08-04 03:30:00,2026-08-04 00:30:00,2026-08-04 08:30:00,1.96132,1.96138,1.96031,1.96078,0.0
2026-08-04 03:45:00,2026-08-04 00:45:00,2026-08-04 08:45:00,1.9607,1.96161,1.96027,1.96055,0.0
2026-08-04 04:00:00,2026-08-04 01:00:00,2026-08-04 09:00:00,1.96105,1.96136,1.96007,1.96076,0.0
2026-08-04 04:15:00,2026-08-04 01:15:00,2026-08-04 09:15:00,1.96082,1.96118,1.96008,1.96102,0.0
2026-08-04 04:30:00,2026-08-04 01:30:00,2026-08-04 09:30:00,1.96108,1.96198,1.96004,1.96191,0.0
2026-08-04 04:45:00,2026-08-04 01:45:00,2026-08-04 09:45:00,1.96192,1.96265,1.96137,1.96199,0.0
2026-08-04 05:00:00,2026-08-04 02:00:00,2026-08-04 10:00:00,1.962,1.96228,1.96089,1.96148,0.0
2026-08-04 05:15:00,2026-08-04 02:15:00,2026-08-04 10:15:00,1.96145,1.96189,1.96085,1.9616,0.0
2026-08-04 05:30:00,2026-08-04 02:30:00,2026-08-04 10:30:00,1.96159,1.9616,1.9604,1.96044,0.0
2026-08-04 05:45:00,2026-08-04 02:45:00,2026-08-04 10:45:00,1.96044,1.96181,1.96024,1.96178,0.0
2026-08-04 06:00:00,2026-08-04 03:00:00,2026-08-04 11:00:00,1.96119,1.96228,1.96106,1.96209,0.0
2026-08-04 06:15:00,2026-08-04 03:15:00,2026-08-04 11:15:00,1.96208,1.96237,1.96092,1.9611,0.0
2026-08-04 06:30:00,2026-08-04 03:30:00,2026-08-04 11:30:00,1.9611,1.96237,1.96041,1.96182,0.0
2026-08-04 06:45:00,2026-08-04 03:45:00,2026-08-04 11:45:00,1.96182,1.96201,1.96046,1.96134,0.0
2026-08-04 07:00:00,2026-08-04 04:00:00,2026-08-04 12:00:00,1.96135,1.96136,1.96034,1.96096,0.0
2026-08-04 07:15:00,2026-08-04 04:15:00,2026-08-04 12:15:00,1.96097,1.96146,1.9604,1.9614,0.0
2026-08-04 07:30:00,2026-08-04 04:30:00,2026-08-04 12:30:00,1.96142,1.96155,1.96052,1.96138,0.0
2026-08-04 07:45:00,2026-08-04 04:45:00,2026-08-04 12:45:00,1.96121,1.96148,1.96082,1.96123,0.0
2026-08-04 08:00:00,2026-08-04 05:00:00,2026-08-04 13:00:00,1.96122,1.96223,1.96096,1.96214,0.0
2026-08-04 08:15:00,2026-08-04 05:15:00,2026-08-04 13:15:00,1.96219,1.96234,1.96149,1.96197,0.0
2026-08-04 08:30:00,2026-08-04 05:30:00,2026-08-04 13:30:00,1.96178,1.96249,1.96149,1.96203,0.0
2026-08-04 08:45:00,2026-08-04 05:45:00,2026-08-04 13:45:00,1.96216,1.96244,1.96135,1.96175,0.0
2026-08-04 09:00:00,2026-08-04 06:00:00,2026-08-04 14:00:00,1.96175,1.96216,1.96097,1.96172,0.0
2026-08-04 09:15:00,2026-08-04 06:15:00,2026-08-04 14:15:00,1.96152,1.96186,1.9609,1.96113,0.0
2026-08-04 09:30:00,2026-08-04 06:30:00,2026-08-04 14:30:00,1.96114,1.96178,1.96081,1.96143,0.0
2026-08-04 09:45:00,2026-08-04 06:45:00,2026-08-04 14:45:00,1.96126,1.96181,1.96092,1.96156,0.0
2026-08-04 10:00:00,2026-08-04 07:00:00,2026-08-04 15:00:00,1.96134,1.96154,1.96021,1.96054,0.0
2026-08-04 10:15:00,2026-08-04 07:15:00,2026-08-04 15:15:00,1.96072,1.96129,1.9603,1.96093,0.0
2026-08-04 10:30:00,2026-08-04 07:30:00,2026-08-04 15:30:00,1.96114,1.96193,1.96084,1.9612,0.0
2026-08-04 10:45:00,2026-08-04 07:45:00,2026-08-04 15:45:00,1.9613,1.96143,1.96034,1.96061,0.0
2026-08-04 11:00:00,2026-08-04 08:00:00,2026-08-04 16:00:00,1.96063,1.96087,1.9599,1.96012,0.0
2026-08-04 11:15:00,2026-08-04 08:15:00,2026-08-04 16:15:00,1.96026,1.96051,1.95955,1.96018,0.0
2026-08-04 11:30:00,2026-08-04 08:30:00,2026-08-04 16:30:00,1.96032,1.96063,1.95957,1.96005,0.0
2026-08-04 11:45:00,2026-08-04 08:45:00,2026-08-04 16:45:00,1.95986,1.96055,1.9596,1.96015,0.0
2026-08-04 12:00:00,2026-08-04 09:00:00,2026-08-04 17:00:00,1.9601,1.96066,1.95968,1.96015,0.0
2026-08-04 12:15:00,2026-08-04 09:15:00,2026-08-04 17:15:00,1.96015,1.96075,1.95919,1.95942,0.0
2026-08-04 12:30:00,2026-08-04 09:30:00,2026-08-04 17:30:00,1.95942,1.96005,1.95912,1.95943,0.0
2026-08-04 12:45:00,2026-08-04 09:45:00,2026-08-04 17:45:00,1.95943,1.95987,1.95878,1.95928,0.0
2026-08-04 13:00:00,2026-08-04 10:00:00,2026-08-04 18:00:00,1.95928,1.95967,1.95874,1.95939,0.0
2026-08-04 13:15:00,2026-08-04 10:15:00,2026-08-04 18:15:00,1.9592,1.9599,1.95858,1.95901,0.0
2026-08-04 13:30:00,2026-08-04 10:30:00,2026-08-04 18:30:00,1.95901,1.95961,1.95856,1.95856,0.0
2026-08-04 13:45:00,2026-08-04 10:45:00,2026-08-04 18:45:00,1.95895,1.95897,1.95764,1.95806,0.0
2026-08-04 14:00:00,2026-08-04 11:00:00,2026-08-04 19:00:00,1.95825,1.95862,1.95762,1.95799,0.0
2026-08-04 14:15:00,2026-08-04 11:15:00,2026-08-04 19:15:00,1.95798,1.95825,1.95751,1.95785,0.0
2026-08-04 14:30:00,2026-08-04 11:30:00,2026-08-04 19:30:00,1.95804,1.95813,1.95706,1.9573,0.0
2026-08-04 14:45:00,2026-08-04 11:45:00,2026-08-04 19:45:00,1.95715,1.95767,1.9566,1.95703,0.0
2026-08-04 15:00:00,2026-08-04 12:00:00,2026-08-04 20:00:00,1.95702,1.95743,1.95567,1.95712,0.0
2026-08-04 15:15:00,2026-08-04 12:15:00,2026-08-04 20:15:00,1.95693,1.95771,1.9566,1.95758,0.0
2026-08-04 15:30:00,2026-08-04 12:30:00,2026-08-04 20:30:00,1.95735,1.95782,1.95627,1.95667,0.0
2026-08-04 15:45:00,2026-08-04 12:45:00,2026-08-04 20:45:00,1.95666,1.95691,1.95521,1.9561,0.0
2026-08-04 16:00:00,2026-08-04 13:00:00,2026-08-04 21:00:00,1.95609,1.95712,1.95605,1.95635,0.0
2026-08-04 16:15:00,2026-08-04 13:15:00,2026-08-04 21:15:00,1.95624,1.95685,1.95512,1.95571,0.0
2026-08-04 16:30:00,2026-08-04 13:30:00,2026-08-04 21:30:00,1.95571,1.9572,1.95553,1.957,0.0
2026-08-04 16:45:00,2026-08-04 13:45:00,2026-08-04 21:45:00,1.95681,1.957,1.95573,1.95573,0.0
2026-08-04 17:00:00,2026-08-04 14:00:00,2026-08-04 22:00:00,1.95618,1.95667,1.95519,1.95635,0.0
2026-08-04 17:15:00,2026-08-04 14:15:00,2026-08-04 22:15:00,1.95635,1.95686,1.95555,1.95593,0.0
2026-08-04 17:30:00,2026-08-04 14:30:00,2026-08-04 22:30:00,1.9559,1.95716,1.9559,1.95657,0.0
2026-08-04 17:45:00,2026-08-04 14:45:00,2026-08-04 22:45:00,1.95656,1.95783,1.95632,1.95762,0.0
2026-08-04 18:00:00,2026-08-04 15:00:00,2026-08-04 23:00:00,1.95778,1.95835,1.95746,1.95786,0.0
2026-08-04 18:15:00,2026-08-04 15:15:00,2026-08-04 23:15:00,1.95806,1.95827,1.95749,1.95798,0.0
2026-08-04 18:30:00,2026-08-04 15:30:00,2026-08-04 23:30:00,1.95783,1.95831,1.95743,1.95776,0.0
2026-08-04 18:45:00,2026-08-04 15:45:00,2026-08-04 23:45:00,1.95776,1.95805,1.95714,1.95741,0.0
2026-08-04 19:00:00,2026-08-04 16:00:00,2026-08-05 00:00:00,1.95762,1.95763,1.95674,1.9569,0.0
2026-08-04 19:15:00,2026-08-04 16:15:00,2026-08-05 00:15:00,1.95676,1.95698,1.9557,1.9561,0.0
2026-08-04 19:30:00,2026-08-04 16:30:00,2026-08-05 00:30:00,1.95593,1.95666,1.9556,1.9561,0.0
2026-08-04 19:45:00,2026-08-04 16:45:00,2026-08-05 00:45:00,1.95625,1.95657,1.95575,1.95655,0.0
2026-08-04 20:00:00,2026-08-04 17:00:00,2026-08-05 01:00:00,1.95639,1.95675,1.95591,1.95631,0.0
2026-08-04 20:15:00,2026-08-04 17:15:00,2026-08-05 01:15:00,1.9563,1.95666,1.95583,1.95628,0.0
2026-08-04 20:30:00,2026-08-04 17:30:00,2026-08-05 01:30:00,1.95613,1.9564,1.95543,1.95571,0.0
2026-08-04 20:45:00,2026-08-04 17:45:00,2026-08-05 01:45:00,1.9557,1.95669,1.95548,1.95632,0.0
2026-08-04 21:00:00,2026-08-04 18:00:00,2026-08-05 02:00:00,1.95647,1.95713,1.95606,1.95676,0.0
2026-08-04 21:15:00,2026-08-04 18:15:00,2026-08-05 02:15:00,1.95677,1.95737,1.95639,1.95714,0.0
2026-08-04 21:30:00,2026-08-04 18:30:00,2026-08-05 02:30:00,1.95694,1.95752,1.95669,1.95714,0.0
2026-08-04 21:45:00,2026-08-04 18:45:00,2026-08-05 02:45:00,1.9572,1.95726,1.95635,1.95703,0.0
2026-08-04 22:00:00,2026-08-04 19:00:00,2026-08-05 03:00:00,1.95684,1.95713,1.95634,1.95679,0.0
2026-08-04 22:15:00,2026-08-04 19:15:00,2026-08-05 03:15:00,1.95698,1.95709,1.95611,1.9567,0.0
2026-08-04 22:30:00,2026-08-04 19:30:00,2026-08-05 03:30:00,1.95654,1.9568,1.95595,1.9565,0.0
2026-08-04 22:45:00,2026-08-04 19:45:00,2026-08-05 03:45:00,1.95631,1.9568,1.95599,1.95616,0.0
2026-08-04 23:00:00,2026-08-04 20:00:00,2026-08-05 04:00:00,1.95634,1.95661,1.95539,1.9558,0.0
2026-08-04 23:15:00,2026-08-04 20:15:00,2026-08-05 04:15:00,1.9556,1.95661,1.95544,1.95653,0.0
2026-08-04 23:30:00,2026-08-04 20:30:00,2026-08-05 04:30:00,1.95635,1.9566,1.95565,1.95599,0.0
2026-08-04 23:45:00,2026-08-04 20:45:00,2026-08-05 04:45:00,1.95599,1.95636,1.95538,1.9557,0.0
2026-08-05 00:00:00,2026-08-04 21:00:00,2026-08-05 05:00:00,1.9556,1.9584,1.95547,1.95799,0.0
2026-08-05 00:15:00,2026-08-04 21:15:00,2026-08-05 05:15:00,1.95801,1.95846,1.9544,1.95566,0.0
2026-08-05 00:30:00,2026-08-04 21:30:00,2026-08-05 05:30:00,1.95595,1.95709,1.9546,1.95588,0.0
2026-08-05 00:45:00,2026-08-04 21:45:00,2026-08-05 05:45:00,1.95648,1.95771,1.95357,1.95459,0.0
2026-08-05 01:00:00,2026-08-04 22:00:00,2026-08-05 06:00:00,1.95498,1.95635,1.9546,1.95629,0.0
2026-08-05 01:15:00,2026-08-04 22:15:00,2026-08-05 06:15:00,1.95608,1.95641,1.95546,1.95557,0.0
2026-08-05 01:30:00,2026-08-04 22:30:00,2026-08-05 06:30:00,1.9558,1.95654,1.95512,1.95512,0.0
2026-08-05 01:45:00,2026-08-04 22:45:00,2026-08-05 06:45:00,1.95631,1.96118,1.9547,1.95868,0.0
2026-08-05 02:00:00,2026-08-04 23:00:00,2026-08-05 07:00:00,1.95828,1.96179,1.95828,1.9612,0.0
2026-08-05 02:15:00,2026-08-04 23:15:00,2026-08-05 07:15:00,1.96146,1.96209,1.96072,1.9616,0.0
2026-08-05 02:30:00,2026-08-04 23:30:00,2026-08-05 07:30:00,1.96137,1.96345,1.96114,1.96281,0.0
2026-08-05 02:45:00,2026-08-04 23:45:00,2026-08-05 07:45:00,1.9628,1.96365,1.96229,1.96233,0.0
2026-08-05 03:00:00,2026-08-05 00:00:00,2026-08-05 08:00:00,1.96258,1.96269,1.9609,1.96165,0.0
2026-08-05 03:15:00,2026-08-05 00:15:00,2026-08-05 08:15:00,1.96165,1.96236,1.96086,1.96188,0.0
2026-08-05 03:30:00,2026-08-05 00:30:00,2026-08-05 08:30:00,1.96169,1.96272,1.96079,1.96128,0.0
2026-08-05 03:45:00,2026-08-05 00:45:00,2026-08-05 08:45:00,1.9615,1.96271,1.96092,1.96177,0.0
2026-08-05 04:00:00,2026-08-05 01:00:00,2026-08-05 09:00:00,1.96188,1.96264,1.96131,1.9617,0.0
2026-08-05 04:15:00,2026-08-05 01:15:00,2026-08-05 09:15:00,1.96189,1.96311,1.96122,1.96219,0.0
2026-08-05 04:30:00,2026-08-05 01:30:00,2026-08-05 09:30:00,1.96219,1.96424,1.96213,1.96365,0.0
2026-08-05 04:45:00,2026-08-05 01:45:00,2026-08-05 09:45:00,1.96363,1.96431,1.96333,1.96355,0.0
2026-08-05 05:00:00,2026-08-05 02:00:00,2026-08-05 10:00:00,1.96374,1.9651,1.96346,1.96501,0.0
2026-08-05 05:15:00,2026-08-05 02:15:00,2026-08-05 10:15:00,1.96483,1.9654,1.96406,1.96459,0.0
2026-08-05 05:30:00,2026-08-05 02:30:00,2026-08-05 10:30:00,1.96437,1.96476,1.9631,1.96311,0.0
2026-08-05 05:45:00,2026-08-05 02:45:00,2026-08-05 10:45:00,1.9631,1.96343,1.9624,1.963,0.0
2026-08-05 06:00:00,2026-08-05 03:00:00,2026-08-05 11:00:00,1.96298,1.96324,1.96171,1.96214,0.0
2026-08-05 06:15:00,2026-08-05 03:15:00,2026-08-05 11:15:00,1.96193,1.96319,1.96187,1.96293,0.0
2026-08-05 06:30:00,2026-08-05 03:30:00,2026-08-05 11:30:00,1.9631,1.96358,1.96282,1.96316,0.0
2026-08-05 06:45:00,2026-08-05 03:45:00,2026-08-05 11:45:00,1.96317,1.96476,1.96286,1.96466,0.0
2026-08-05 07:00:00,2026-08-05 04:00:00,2026-08-05 12:00:00,1.96447,1.9647,1.96328,1.96339,0.0
2026-08-05 07:15:00,2026-08-05 04:15:00,2026-08-05 12:15:00,1.96356,1.96402,1.96322,1.96361,0.0
2026-08-05 07:30:00,2026-08-05 04:30:00,2026-08-05 12:30:00,1.9638,1.96452,1.9632,1.96423,0.0
2026-08-05 07:45:00,2026-08-05 04:45:00,2026-08-05 12:45:00,1.96423,1.9648,1.96373,1.96467,0.0
2026-08-05 08:00:00,2026-08-05 05:00:00,2026-08-05 13:00:00,1.96444,1.96495,1.9642,1.96439,0.0
2026-08-05 08:15:00,2026-08-05 05:15:00,2026-08-05 13:15:00,1.96436,1.96512,1.96393,1.96494,0.0
2026-08-05 08:30:00,2026-08-05 05:30:00,2026-08-05 13:30:00,1.9651,1.9651,1.964,1.96456,0.0
2026-08-05 08:45:00,2026-08-05 05:45:00,2026-08-05 13:45:00,1.9648,1.96503,1.96395,1.96421,0.0
2026-08-05 09:00:00,2026-08-05 06:00:00,2026-08-05 14:00:00,1.9642,1.96462,1.96375,1.96425,0.0
2026-08-05 09:15:00,2026-08-05 06:15:00,2026-08-05 14:15:00,1.96425,1.96613,1.96425,1.96568,0.0
2026-08-05 09:30:00,2026-08-05 06:30:00,2026-08-05 14:30:00,1.96568,1.96603,1.96489,1.96542,0.0
2026-08-05 09:45:00,2026-08-05 06:45:00,2026-08-05 14:45:00,1.96563,1.96591,1.96471,1.96495,0.0
2026-08-05 10:00:00,2026-08-05 07:00:00,2026-08-05 15:00:00,1.96495,1.96645,1.96467,1.96586,0.0
2026-08-05 10:15:00,2026-08-05 07:15:00,2026-08-05 15:15:00,1.96586,1.96688,1.96555,1.9667,0.0
2026-08-05 10:30:00,2026-08-05 07:30:00,2026-08-05 15:30:00,1.96653,1.96779,1.96634,1.96748,0.0
2026-08-05 10:45:00,2026-08-05 07:45:00,2026-08-05 15:45:00,1.96709,1.96752,1.96522,1.96528,0.0
2026-08-05 11:00:00,2026-08-05 08:00:00,2026-08-05 16:00:00,1.96528,1.96672,1.96506,1.96653,0.0
2026-08-05 11:15:00,2026-08-05 08:15:00,2026-08-05 16:15:00,1.96664,1.96765,1.96621,1.96708,0.0
2026-08-05 11:30:00,2026-08-05 08:30:00,2026-08-05 16:30:00,1.96689,1.9677,1.96672,1.96721,0.0
2026-08-05 11:45:00,2026-08-05 08:45:00,2026-08-05 16:45:00,1.96704,1.96839,1.96699,1.96795,0.0
2026-08-05 12:00:00,2026-08-05 09:00:00,2026-08-05 17:00:00,1.96826,1.96835,1.96719,1.96768,0.0
2026-08-05 12:15:00,2026-08-05 09:15:00,2026-08-05 17:15:00,1.96771,1.96843,1.96731,1.96802,0.0
2026-08-05 12:30:00,2026-08-05 09:30:00,2026-08-05 17:30:00,1.96788,1.96851,1.96751,1.9679,0.0
2026-08-05 12:45:00,2026-08-05 09:45:00,2026-08-05 17:45:00,1.96774,1.96813,1.96712,1.9678,0.0
2026-08-05 13:00:00,2026-08-05 10:00:00,2026-08-05 18:00:00,1.96774,1.96835,1.96736,1.96802,0.0
2026-08-05 13:15:00,2026-08-05 10:15:00,2026-08-05 18:15:00,1.96803,1.96833,1.96749,1.96792,0.0
2026-08-05 13:30:00,2026-08-05 10:30:00,2026-08-05 18:30:00,1.9681,1.96863,1.96762,1.96794,0.0
2026-08-05 13:45:00,2026-08-05 10:45:00,2026-08-05 18:45:00,1.96779,1.96797,1.96699,1.96721,0.0
2026-08-05 14:00:00,2026-08-05 11:00:00,2026-08-05 19:00:00,1.9674,1.96745,1.96651,1.96693,0.0
2026-08-05 14:15:00,2026-08-05 11:15:00,2026-08-05 19:15:00,1.9671,1.96807,1.96677,1.96761,0.0
2026-08-05 14:30:00,2026-08-05 11:30:00,2026-08-05 19:30:00,1.96778,1.96853,1.96682,1.96819,0.0
2026-08-05 14:45:00,2026-08-05 11:45:00,2026-08-05 19:45:00,1.96814,1.96841,1.96724,1.96808,0.0
2026-08-05 15:00:00,2026-08-05 12:00:00,2026-08-05 20:00:00,1.96828,1.96845,1.96698,1.96699,0.0
2026-08-05 15:15:00,2026-08-05 12:15:00,2026-08-05 20:15:00,1.96715,1.96804,1.96596,1.96652,0.0
2026-08-05 15:30:00,2026-08-05 12:30:00,2026-08-05 20:30:00,1.96652,1.96709,1.96585,1.96654,0.0
2026-08-05 15:45:00,2026-08-05 12:45:00,2026-08-05 20:45:00,1.96672,1.96797,1.96655,1.96735,0.0
2026-08-05 16:00:00,2026-08-05 13:00:00,2026-08-05 21:00:00,1.96736,1.96756,1.96573,1.96611,0.0
2026-08-05 16:15:00,2026-08-05 13:15:00,2026-08-05 21:15:00,1.96632,1.96746,1.96587,1.96672,0.0
2026-08-05 16:30:00,2026-08-05 13:30:00,2026-08-05 21:30:00,1.96684,1.96726,1.96475,1.96488,0.0
2026-08-05 16:45:00,2026-08-05 13:45:00,2026-08-05 21:45:00,1.96511,1.96555,1.96323,1.96342,0.0
2026-08-05 17:00:00,2026-08-05 14:00:00,2026-08-05 22:00:00,1.96314,1.96432,1.96268,1.96338,0.0
2026-08-05 17:15:00,2026-08-05 14:15:00,2026-08-05 22:15:00,1.96338,1.96396,1.96258,1.96294,0.0
2026-08-05 17:30:00,2026-08-05 14:30:00,2026-08-05 22:30:00,1.96275,1.96362,1.96242,1.96334,0.0
2026-08-05 17:45:00,2026-08-05 14:45:00,2026-08-05 22:45:00,1.9635,1.96383,1.96275,1.96343,0.0
2026-08-05 18:00:00,2026-08-05 15:00:00,2026-08-05 23:00:00,1.96366,1.96406,1.96219,1.96261,0.0
2026-08-05 18:15:00,2026-08-05 15:15:00,2026-08-05 23:15:00,1.9626,1.96294,1.96184,1.96253,0.0
2026-08-05 18:30:00,2026-08-05 15:30:00,2026-08-05 23:30:00,1.96268,1.96321,1.9621,1.96292,0.0
2026-08-05 18:45:00,2026-08-05 15:45:00,2026-08-05 23:45:00,1.96274,1.9643,1.96273,1.96408,0.0
2026-08-05 19:00:00,2026-08-05 16:00:00,2026-08-06 00:00:00,1.96429,1.96443,1.96343,1.9638,0.0
2026-08-05 19:15:00,2026-08-05 16:15:00,2026-08-06 00:15:00,1.9636,1.96399,1.96313,1.96357,0.0
2026-08-05 19:30:00,2026-08-05 16:30:00,2026-08-06 00:30:00,1.96357,1.96397,1.96297,1.96372,0.0
2026-08-05 19:45:00,2026-08-05 16:45:00,2026-08-06 00:45:00,1.96358,1.96399,1.9632,1.96384,0.0
2026-08-05 20:00:00,2026-08-05 17:00:00,2026-08-06 01:00:00,1.96369,1.96387,1.96297,1.9632,0.0
2026-08-05 20:15:00,2026-08-05 17:15:00,2026-08-06 01:15:00,1.96336,1.96348,1.96247,1.96296,0.0
2026-08-05 20:30:00,2026-08-05 17:30:00,2026-08-06 01:30:00,1.96279,1.96328,1.96241,1.96258,0.0
2026-08-05 20:45:00,2026-08-05 17:45:00,2026-08-06 01:45:00,1.9626,1.96267,1.9615,1.9621,0.0
2026-08-05 21:00:00,2026-08-05 18:00:00,2026-08-06 02:00:00,1.96218,1.96218,1.96125,1.96164,0.0
2026-08-05 21:15:00,2026-08-05 18:15:00,2026-08-06 02:15:00,1.96164,1.96207,1.96116,1.96142,0.0
2026-08-05 21:30:00,2026-08-05 18:30:00,2026-08-06 02:30:00,1.96162,1.96205,1.96128,1.96175,0.0
2026-08-05 21:45:00,2026-08-05 18:45:00,2026-08-06 02:45:00,1.96155,1.96185,1.96095,1.96149,0.0
2026-08-05 22:00:00,2026-08-05 19:00:00,2026-08-06 03:00:00,1.96153,1.96195,1.96049,1.9613,0.0
2026-08-05 22:15:00,2026-08-05 19:15:00,2026-08-06 03:15:00,1.96109,1.96205,1.96079,1.9617,0.0
2026-08-05 22:30:00,2026-08-05 19:30:00,2026-08-06 03:30:00,1.9617,1.96193,1.96098,1.96165,0.0
2026-08-05 22:45:00,2026-08-05 19:45:00,2026-08-06 03:45:00,1.96183,1.96251,1.96129,1.96244,0.0
2026-08-05 23:00:00,2026-08-05 20:00:00,2026-08-06 04:00:00,1.96224,1.96276,1.96172,1.96223,0.0
2026-08-05 23:15:00,2026-08-05 20:15:00,2026-08-06 04:15:00,1.96246,1.96293,1.96202,1.9627,0.0
2026-08-05 23:30:00,2026-08-05 20:30:00,2026-08-06 04:30:00,1.96248,1.9629,1.96193,1.96236,0.0
2026-08-05 23:45:00,2026-08-05 20:45:00,2026-08-06 04:45:00,1.96236,1.96266,1.96147,1.96191,0.0
2026-08-06 00:00:00,2026-08-05 21:00:00,2026-08-06 05:00:00,1.96161,1.96343,1.9609,1.96236,0.0
2026-08-06 00:15:00,2026-08-05 21:15:00,2026-08-06 05:15:00,1.96203,1.96308,1.96073,1.96164,0.0
2026-08-06 00:30:00,2026-08-05 21:30:00,2026-08-06 05:30:00,1.96167,1.96261,1.95941,1.96182,0.0
2026-08-06 00:45:00,2026-08-05 21:45:00,2026-08-06 05:45:00,1.96196,1.96281,1.96099,1.96189,0.0
2026-08-06 01:00:00,2026-08-05 22:00:00,2026-08-06 06:00:00,1.96199,1.9636,1.9614,1.96308,0.0
2026-08-06 01:15:00,2026-08-05 22:15:00,2026-08-06 06:15:00,1.96308,1.96336,1.96258,1.96304,0.0
2026-08-06 01:30:00,2026-08-05 22:30:00,2026-08-06 06:30:00,1.96334,1.96341,1.96232,1.96237,0.0
2026-08-06 01:45:00,2026-08-05 22:45:00,2026-08-06 06:45:00,1.96236,1.96316,1.96217,1.96308,0.0
2026-08-06 02:00:00,2026-08-05 23:00:00,2026-08-06 07:00:00,1.96278,1.9631,1.96216,1.96245,0.0
2026-08-06 02:15:00,2026-08-05 23:15:00,2026-08-06 07:15:00,1.96219,1.96316,1.96215,1.96281,0.0
2026-08-06 02:30:00,2026-08-05 23:30:00,2026-08-06 07:30:00,1.96286,1.9635,1.96272,1.96314,0.0
2026-08-06 02:45:00,2026-08-05 23:45:00,2026-08-06 07:45:00,1.9634,1.9634,1.96242,1.96308,0.0
2026-08-06 03:00:00,2026-08-06 00:00:00,2026-08-06 08:00:00,1.96281,1.96382,1.96241,1.96366,0.0
2026-08-06 03:15:00,2026-08-06 00:15:00,2026-08-06 08:15:00,1.96368,1.96482,1.963,1.9647,0.0
2026-08-06 03:30:00,2026-08-06 00:30:00,2026-08-06 08:30:00,1.96456,1.96496,1.96395,1.96452,0.0
2026-08-06 03:45:00,2026-08-06 00:45:00,2026-08-06 08:45:00,1.96452,1.9647,1.96368,1.96429,0.0
2026-08-06 04:00:00,2026-08-06 01:00:00,2026-08-06 09:00:00,1.9645,1.96495,1.96384,1.96413,0.0
2026-08-06 04:15:00,2026-08-06 01:15:00,2026-08-06 09:15:00,1.96394,1.96414,1.96226,1.96234,0.0
2026-08-06 04:30:00,2026-08-06 01:30:00,2026-08-06 09:30:00,1.96323,1.96346,1.96207,1.96219,0.0
2026-08-06 04:45:00,2026-08-06 01:45:00,2026-08-06 09:45:00,1.96241,1.96269,1.96066,1.96092,0.0
2026-08-06 05:00:00,2026-08-06 02:00:00,2026-08-06 10:00:00,1.9611,1.96118,1.95993,1.96089,0.0
2026-08-06 05:15:00,2026-08-06 02:15:00,2026-08-06 10:15:00,1.96089,1.96136,1.96055,1.96099,0.0
2026-08-06 05:30:00,2026-08-06 02:30:00,2026-08-06 10:30:00,1.96078,1.96134,1.96039,1.96093,0.0
2026-08-06 05:45:00,2026-08-06 02:45:00,2026-08-06 10:45:00,1.96074,1.96148,1.96056,1.96143,0.0
2026-08-06 06:00:00,2026-08-06 03:00:00,2026-08-06 11:00:00,1.96122,1.96189,1.96084,1.96164,0.0
2026-08-06 06:15:00,2026-08-06 03:15:00,2026-08-06 11:15:00,1.96164,1.96261,1.96155,1.96199,0.0
2026-08-06 06:30:00,2026-08-06 03:30:00,2026-08-06 11:30:00,1.96218,1.96262,1.96155,1.96238,0.0
2026-08-06 06:45:00,2026-08-06 03:45:00,2026-08-06 11:45:00,1.96238,1.96286,1.96203,1.96221,0.0
2026-08-06 07:00:00,2026-08-06 04:00:00,2026-08-06 12:00:00,1.9624,1.96271,1.96197,1.96263,0.0
2026-08-06 07:15:00,2026-08-06 04:15:00,2026-08-06 12:15:00,1.96246,1.96333,1.96236,1.96328,0.0
2026-08-06 07:30:00,2026-08-06 04:30:00,2026-08-06 12:30:00,1.96299,1.96374,1.9626,1.96362,0.0
2026-08-06 07:45:00,2026-08-06 04:45:00,2026-08-06 12:45:00,1.96343,1.96416,1.96343,1.96388,0.0
2026-08-06 08:00:00,2026-08-06 05:00:00,2026-08-06 13:00:00,1.96388,1.9646,1.96339,1.96425,0.0
2026-08-06 08:15:00,2026-08-06 05:15:00,2026-08-06 13:15:00,1.96424,1.96506,1.96419,1.96474,0.0
2026-08-06 08:30:00,2026-08-06 05:30:00,2026-08-06 13:30:00,1.96454,1.96493,1.96363,1.96374,0.0
2026-08-06 08:45:00,2026-08-06 05:45:00,2026-08-06 13:45:00,1.96376,1.96423,1.96318,1.96378,0.0
2026-08-06 09:00:00,2026-08-06 06:00:00,2026-08-06 14:00:00,1.96376,1.96458,1.9632,1.9644,0.0
2026-08-06 09:15:00,2026-08-06 06:15:00,2026-08-06 14:15:00,1.9642,1.96531,1.96408,1.96522,0.0
2026-08-06 09:30:00,2026-08-06 06:30:00,2026-08-06 14:30:00,1.96503,1.96655,1.965,1.9663,0.0
2026-08-06 09:45:00,2026-08-06 06:45:00,2026-08-06 14:45:00,1.96613,1.96665,1.96552,1.96573,0.0
2026-08-06 10:00:00,2026-08-06 07:00:00,2026-08-06 15:00:00,1.9659,1.96603,1.96471,1.96515,0.0
2026-08-06 10:15:00,2026-08-06 07:15:00,2026-08-06 15:15:00,1.96512,1.96564,1.96465,1.96512,0.0
2026-08-06 10:30:00,2026-08-06 07:30:00,2026-08-06 15:30:00,1.96513,1.96606,1.96507,1.96556,0.0
2026-08-06 10:45:00,2026-08-06 07:45:00,2026-08-06 15:45:00,1.96574,1.96606,1.96456,1.96546,0.0
2026-08-06 11:00:00,2026-08-06 08:00:00,2026-08-06 16:00:00,1.96542,1.9657,1.96413,1.96433,0.0
2026-08-06 11:15:00,2026-08-06 08:15:00,2026-08-06 16:15:00,1.96416,1.96512,1.96378,1.96412,0.0
2026-08-06 11:30:00,2026-08-06 08:30:00,2026-08-06 16:30:00,1.96397,1.96413,1.9632,1.96379,0.0
2026-08-06 11:45:00,2026-08-06 08:45:00,2026-08-06 16:45:00,1.96377,1.9639,1.96276,1.96342,0.0
2026-08-06 12:00:00,2026-08-06 09:00:00,2026-08-06 17:00:00,1.96341,1.96419,1.96309,1.96328,0.0
2026-08-06 12:15:00,2026-08-06 09:15:00,2026-08-06 17:15:00,1.96346,1.96354,1.96238,1.96272,0.0
2026-08-06 12:30:00,2026-08-06 09:30:00,2026-08-06 17:30:00,1.96271,1.96318,1.96234,1.96298,0.0
2026-08-06 12:45:00,2026-08-06 09:45:00,2026-08-06 17:45:00,1.96318,1.96319,1.96194,1.96218,0.0
2026-08-06 13:00:00,2026-08-06 10:00:00,2026-08-06 18:00:00,1.96218,1.96297,1.96163,1.96268,0.0
2026-08-06 13:15:00,2026-08-06 10:15:00,2026-08-06 18:15:00,1.96288,1.96301,1.9611,1.9615,0.0
2026-08-06 13:30:00,2026-08-06 10:30:00,2026-08-06 18:30:00,1.96134,1.96239,1.96128,1.96218,0.0
2026-08-06 13:45:00,2026-08-06 10:45:00,2026-08-06 18:45:00,1.96199,1.9622,1.96124,1.96171,0.0
2026-08-06 14:00:00,2026-08-06 11:00:00,2026-08-06 19:00:00,1.96169,1.96274,1.96153,1.96245,0.0
2026-08-06 14:15:00,2026-08-06 11:15:00,2026-08-06 19:15:00,1.96227,1.9636,1.96199,1.96301,0.0
2026-08-06 14:30:00,2026-08-06 11:30:00,2026-08-06 19:30:00,1.96301,1.96323,1.96234,1.96298,0.0
2026-08-06 14:45:00,2026-08-06 11:45:00,2026-08-06 19:45:00,1.96278,1.96309,1.96192,1.96218,0.0
2026-08-06 15:00:00,2026-08-06 12:00:00,2026-08-06 20:00:00,1.96218,1.96231,1.961,1.96144,0.0
2026-08-06 15:15:00,2026-08-06 12:15:00,2026-08-06 20:15:00,1.96145,1.9619,1.961,1.96156,0.0
2026-08-06 15:30:00,2026-08-06 12:30:00,2026-08-06 20:30:00,1.96153,1.96241,1.96073,1.9623,0.0
2026-08-06 15:45:00,2026-08-06 12:45:00,2026-08-06 20:45:00,1.96214,1.96279,1.96182,1.96238,0.0
2026-08-06 16:00:00,2026-08-06 13:00:00,2026-08-06 21:00:00,1.96258,1.96336,1.96165,1.96336,0.0
2026-08-06 16:15:00,2026-08-06 13:15:00,2026-08-06 21:15:00,1.96316,1.96336,1.96217,1.96254,0.0
2026-08-06 16:30:00,2026-08-06 13:30:00,2026-08-06 21:30:00,1.9625,1.96365,1.96238,1.96332,0.0
2026-08-06 16:45:00,2026-08-06 13:45:00,2026-08-06 21:45:00,1.96332,1.96364,1.96225,1.96245,0.0
2026-08-06 17:00:00,2026-08-06 14:00:00,2026-08-06 22:00:00,1.96245,1.96267,1.9615,1.96185,0.0
2026-08-06 17:15:00,2026-08-06 14:15:00,2026-08-06 22:15:00,1.96173,1.96261,1.96121,1.96163,0.0
2026-08-06 17:30:00,2026-08-06 14:30:00,2026-08-06 22:30:00,1.9616,1.96197,1.96094,1.96136,0.0
2026-08-06 17:45:00,2026-08-06 14:45:00,2026-08-06 22:45:00,1.9612,1.96289,1.96101,1.96224,0.0
2026-08-06 18:00:00,2026-08-06 15:00:00,2026-08-06 23:00:00,1.9621,1.9627,1.96167,1.9625,0.0
2026-08-06 18:15:00,2026-08-06 15:15:00,2026-08-06 23:15:00,1.96251,1.96285,1.96175,1.96199,0.0
2026-08-06 18:30:00,2026-08-06 15:30:00,2026-08-06 23:30:00,1.96214,1.96326,1.96197,1.96289,0.0
2026-08-06 18:45:00,2026-08-06 15:45:00,2026-08-06 23:45:00,1.96305,1.96427,1.96217,1.96406,0.0
2026-08-06 19:00:00,2026-08-06 16:00:00,2026-08-07 00:00:00,1.96389,1.9646,1.96365,1.9646,0.0
2026-08-06 19:15:00,2026-08-06 16:15:00,2026-08-07 00:15:00,1.96441,1.96482,1.96355,1.96386,0.0
2026-08-06 19:30:00,2026-08-06 16:30:00,2026-08-07 00:30:00,1.96385,1.9644,1.96358,1.96422,0.0
2026-08-06 19:45:00,2026-08-06 16:45:00,2026-08-07 00:45:00,1.96421,1.96439,1.96298,1.96326,0.0
2026-08-06 20:00:00,2026-08-06 17:00:00,2026-08-07 01:00:00,1.96322,1.96368,1.96268,1.9635,0.0
2026-08-06 20:15:00,2026-08-06 17:15:00,2026-08-07 01:15:00,1.96353,1.9637,1.9628,1.96322,0.0
2026-08-06 20:30:00,2026-08-06 17:30:00,2026-08-07 01:30:00,1.96307,1.96332,1.96275,1.96322,0.0
2026-08-06 20:45:00,2026-08-06 17:45:00,2026-08-07 01:45:00,1.96309,1.96334,1.96228,1.96289,0.0
2026-08-06 21:00:00,2026-08-06 18:00:00,2026-08-07 02:00:00,1.96275,1.96307,1.96206,1.96238,0.0
2026-08-06 21:15:00,2026-08-06 18:15:00,2026-08-07 02:15:00,1.96251,1.96267,1.96172,1.9622,0.0
2026-08-06 21:30:00,2026-08-06 18:30:00,2026-08-07 02:30:00,1.96205,1.96257,1.96186,1.96226,0.0
2026-08-06 21:45:00,2026-08-06 18:45:00,2026-08-07 02:45:00,1.96208,1.9625,1.96183,1.96225,0.0
2026-08-06 22:00:00,2026-08-06 19:00:00,2026-08-07 03:00:00,1.96221,1.96246,1.96139,1.96171,0.0
2026-08-06 22:15:00,2026-08-06 19:15:00,2026-08-07 03:15:00,1.96186,1.96241,1.96118,1.96232,0.0
2026-08-06 22:30:00,2026-08-06 19:30:00,2026-08-07 03:30:00,1.96213,1.96313,1.96182,1.9629,0.0
2026-08-06 22:45:00,2026-08-06 19:45:00,2026-08-07 03:45:00,1.9631,1.96313,1.96216,1.96271,0.0
2026-08-06 23:00:00,2026-08-06 20:00:00,2026-08-07 04:00:00,1.96253,1.96339,1.96235,1.96319,0.0
2026-08-06 23:15:00,2026-08-06 20:15:00,2026-08-07 04:15:00,1.96318,1.96337,1.96239,1.96282,0.0
2026-08-06 23:30:00,2026-08-06 20:30:00,2026-08-07 04:30:00,1.96263,1.96336,1.96262,1.9633,0.0
2026-08-06 23:45:00,2026-08-06 20:45:00,2026-08-07 04:45:00,1.96312,1.96356,1.96241,1.96251,0.0
2026-08-07 00:00:00,2026-08-06 21:00:00,2026-08-07 05:00:00,1.96251,1.96418,1.9606,1.96262,0.0
2026-08-07 00:15:00,2026-08-06 21:15:00,2026-08-07 05:15:00,1.96263,1.96273,1.96118,1.96222,0.0
2026-08-07 00:30:00,2026-08-06 21:30:00,2026-08-07 05:30:00,1.96211,1.96404,1.96154,1.96362,0.0
2026-08-07 00:45:00,2026-08-06 21:45:00,2026-08-07 05:45:00,1.96352,1.96407,1.9624,1.96308,0.0
2026-08-07 01:00:00,2026-08-06 22:00:00,2026-08-07 06:00:00,1.96347,1.96388,1.9623,1.9633,0.0
2026-08-07 01:15:00,2026-08-06 22:15:00,2026-08-07 06:15:00,1.96308,1.96366,1.96283,1.96358,0.0
2026-08-07 01:30:00,2026-08-06 22:30:00,2026-08-07 06:30:00,1.96356,1.96358,1.963,1.96318,0.0
2026-08-07 01:45:00,2026-08-06 22:45:00,2026-08-07 06:45:00,1.96345,1.96364,1.96298,1.96364,0.0
2026-08-07 02:00:00,2026-08-06 23:00:00,2026-08-07 07:00:00,1.96343,1.96398,1.9631,1.96344,0.0
2026-08-07 02:15:00,2026-08-06 23:15:00,2026-08-07 07:15:00,1.96372,1.96382,1.96316,1.96354,0.0
2026-08-07 02:30:00,2026-08-06 23:30:00,2026-08-07 07:30:00,1.96331,1.96432,1.96323,1.96376,0.0
2026-08-07 02:45:00,2026-08-06 23:45:00,2026-08-07 07:45:00,1.96377,1.96405,1.96326,1.96396,0.0
2026-08-07 03:00:00,2026-08-07 00:00:00,2026-08-07 08:00:00,1.96393,1.96419,1.96298,1.96397,0.0
2026-08-07 03:15:00,2026-08-07 00:15:00,2026-08-07 08:15:00,1.96414,1.96447,1.96356,1.96445,0.0
2026-08-07 03:30:00,2026-08-07 00:30:00,2026-08-07 08:30:00,1.96425,1.96488,1.96364,1.96445,0.0
2026-08-07 03:45:00,2026-08-07 00:45:00,2026-08-07 08:45:00,1.96447,1.96472,1.96314,1.96334,0.0
2026-08-07 04:00:00,2026-08-07 01:00:00,2026-08-07 09:00:00,1.96354,1.96357,1.96264,1.96323,0.0
2026-08-07 04:15:00,2026-08-07 01:15:00,2026-08-07 09:15:00,1.96305,1.96373,1.963,1.96324,0.0
2026-08-07 04:30:00,2026-08-07 01:30:00,2026-08-07 09:30:00,1.96324,1.96417,1.96297,1.96316,0.0
2026-08-07 04:45:00,2026-08-07 01:45:00,2026-08-07 09:45:00,1.96332,1.96401,1.96296,1.96346,0.0
2026-08-07 05:00:00,2026-08-07 02:00:00,2026-08-07 10:00:00,1.96347,1.96415,1.96316,1.96334,0.0
2026-08-07 05:15:00,2026-08-07 02:15:00,2026-08-07 10:15:00,1.96334,1.96374,1.96293,1.96366,0.0
2026-08-07 05:30:00,2026-08-07 02:30:00,2026-08-07 10:30:00,1.96346,1.96454,1.9634,1.96418,0.0
2026-08-07 05:45:00,2026-08-07 02:45:00,2026-08-07 10:45:00,1.96421,1.96481,1.96393,1.96466,0.0
2026-08-07 06:00:00,2026-08-07 03:00:00,2026-08-07 11:00:00,1.96466,1.96481,1.96403,1.96469,0.0
2026-08-07 06:15:00,2026-08-07 03:15:00,2026-08-07 11:15:00,1.96447,1.9649,1.96405,1.96471,0.0
2026-08-07 06:30:00,2026-08-07 03:30:00,2026-08-07 11:30:00,1.9647,1.96501,1.96416,1.96478,0.0
2026-08-07 06:45:00,2026-08-07 03:45:00,2026-08-07 11:45:00,1.96478,1.96491,1.96422,1.96478,0.0
2026-08-07 07:00:00,2026-08-07 04:00:00,2026-08-07 12:00:00,1.96459,1.96503,1.96437,1.96496,0.0
2026-08-07 07:15:00,2026-08-07 04:15:00,2026-08-07 12:15:00,1.96476,1.96508,1.96409,1.96428,0.0
2026-08-07 07:30:00,2026-08-07 04:30:00,2026-08-07 12:30:00,1.96424,1.9653,1.96406,1.96501,0.0
2026-08-07 07:45:00,2026-08-07 04:45:00,2026-08-07 12:45:00,1.9649,1.96513,1.96454,1.96498,0.0
2026-08-07 08:00:00,2026-08-07 05:00:00,2026-08-07 13:00:00,1.96478,1.9652,1.96445,1.96508,0.0
2026-08-07 08:15:00,2026-08-07 05:15:00,2026-08-07 13:15:00,1.96501,1.96536,1.96454,1.96486,0.0
2026-08-07 08:30:00,2026-08-07 05:30:00,2026-08-07 13:30:00,1.96471,1.96538,1.96432,1.96538,0.0
2026-08-07 08:45:00,2026-08-07 05:45:00,2026-08-07 13:45:00,1.9652,1.96541,1.96438,1.96476,0.0
2026-08-07 09:00:00,2026-08-07 06:00:00,2026-08-07 14:00:00,1.96486,1.96499,1.96406,1.96413,0.0
2026-08-07 09:15:00,2026-08-07 06:15:00,2026-08-07 14:15:00,1.96429,1.96463,1.96384,1.96421,0.0
2026-08-07 09:30:00,2026-08-07 06:30:00,2026-08-07 14:30:00,1.96403,1.96449,1.96334,1.9638,0.0
2026-08-07 09:45:00,2026-08-07 06:45:00,2026-08-07 14:45:00,1.96392,1.96462,1.96352,1.96405,0.0
2026-08-07 10:00:00,2026-08-07 07:00:00,2026-08-07 15:00:00,1.9641,1.96426,1.96275,1.96318,0.0
2026-08-07 10:15:00,2026-08-07 07:15:00,2026-08-07 15:15:00,1.96303,1.9637,1.96267,1.9634,0.0
2026-08-07 10:30:00,2026-08-07 07:30:00,2026-08-07 15:30:00,1.96354,1.96354,1.96272,1.96282,0.0
2026-08-07 10:45:00,2026-08-07 07:45:00,2026-08-07 15:45:00,1.96296,1.96326,1.96255,1.96298,0.0
2026-08-07 11:00:00,2026-08-07 08:00:00,2026-08-07 16:00:00,1.96301,1.96316,1.96209,1.9623,0.0
2026-08-07 11:15:00,2026-08-07 08:15:00,2026-08-07 16:15:00,1.96232,1.9633,1.96212,1.96309,0.0
2026-08-07 11:30:00,2026-08-07 08:30:00,2026-08-07 16:30:00,1.9632,1.96351,1.96256,1.96301,0.0
2026-08-07 11:45:00,2026-08-07 08:45:00,2026-08-07 16:45:00,1.96314,1.96319,1.96215,1.9624,0.0
2026-08-07 12:00:00,2026-08-07 09:00:00,2026-08-07 17:00:00,1.96257,1.96271,1.96188,1.96236,0.0
2026-08-07 12:15:00,2026-08-07 09:15:00,2026-08-07 17:15:00,1.96224,1.96266,1.96138,1.96169,0.0
2026-08-07 12:30:00,2026-08-07 09:30:00,2026-08-07 17:30:00,1.96185,1.96233,1.96132,1.9621,0.0
2026-08-07 12:45:00,2026-08-07 09:45:00,2026-08-07 17:45:00,1.96226,1.96272,1.96181,1.96246,0.0
2026-08-07 13:00:00,2026-08-07 10:00:00,2026-08-07 18:00:00,1.96229,1.9633,1.96212,1.9633,0.0
2026-08-07 13:15:00,2026-08-07 10:15:00,2026-08-07 18:15:00,1.96313,1.9638,1.96296,1.96362,0.0
2026-08-07 13:30:00,2026-08-07 10:30:00,2026-08-07 18:30:00,1.96378,1.96432,1.96357,1.96406,0.0
2026-08-07 13:45:00,2026-08-07 10:45:00,2026-08-07 18:45:00,1.9641,1.965,1.96402,1.96486,0.0
2026-08-07 14:00:00,2026-08-07 11:00:00,2026-08-07 19:00:00,1.96483,1.96489,1.96392,1.96437,0.0
2026-08-07 14:15:00,2026-08-07 11:15:00,2026-08-07 19:15:00,1.96436,1.96493,1.96394,1.96464,0.0
2026-08-07 14:30:00,2026-08-07 11:30:00,2026-08-07 19:30:00,1.96464,1.96495,1.96394,1.96428,0.0
2026-08-07 14:45:00,2026-08-07 11:45:00,2026-08-07 19:45:00,1.96427,1.96467,1.96389,1.96422,0.0
2026-08-07 15:00:00,2026-08-07 12:00:00,2026-08-07 20:00:00,1.96438,1.96494,1.96385,1.96442,0.0
2026-08-07 15:15:00,2026-08-07 12:15:00,2026-08-07 20:15:00,1.9643,1.96468,1.96286,1.96432,0.0
2026-08-07 15:30:00,2026-08-07 12:30:00,2026-08-07 20:30:00,1.9642,1.9642,1.96028,1.96089,0.0
2026-08-07 15:45:00,2026-08-07 12:45:00,2026-08-07 20:45:00,1.96094,1.96227,1.96002,1.96201,0.0
2026-08-07 16:00:00,2026-08-07 13:00:00,2026-08-07 21:00:00,1.96214,1.96299,1.96173,1.9626,0.0
2026-08-07 16:15:00,2026-08-07 13:15:00,2026-08-07 21:15:00,1.96244,1.96422,1.96238,1.96391,0.0
2026-08-07 16:30:00,2026-08-07 13:30:00,2026-08-07 21:30:00,1.9638,1.96446,1.96323,1.96393,0.0
2026-08-07 16:45:00,2026-08-07 13:45:00,2026-08-07 21:45:00,1.96393,1.96451,1.96343,1.96415,0.0
2026-08-07 17:00:00,2026-08-07 14:00:00,2026-08-07 22:00:00,1.96394,1.96421,1.96304,1.96403,0.0
2026-08-07 17:15:00,2026-08-07 14:15:00,2026-08-07 22:15:00,1.96421,1.96444,1.96119,1.96145,0.0
2026-08-07 17:30:00,2026-08-07 14:30:00,2026-08-07 22:30:00,1.96145,1.96273,1.9614,1.96228,0.0
2026-08-07 17:45:00,2026-08-07 14:45:00,2026-08-07 22:45:00,1.96242,1.96346,1.96158,1.9634,0.0
2026-08-07 18:00:00,2026-08-07 15:00:00,2026-08-07 23:00:00,1.96322,1.96382,1.96273,1.96284,0.0
2026-08-07 18:15:00,2026-08-07 15:15:00,2026-08-07 23:15:00,1.96284,1.96314,1.96195,1.9624,0.0
2026-08-07 18:30:00,2026-08-07 15:30:00,2026-08-07 23:30:00,1.96228,1.96298,1.96189,1.96273,0.0
2026-08-07 18:45:00,2026-08-07 15:45:00,2026-08-07 23:45:00,1.96273,1.9629,1.9618,1.96202,0.0
2026-08-07 19:00:00,2026-08-07 16:00:00,2026-08-08 00:00:00,1.96205,1.9625,1.96106,1.96144,0.0
2026-08-07 19:15:00,2026-08-07 16:15:00,2026-08-08 00:15:00,1.96144,1.96211,1.96103,1.96183,0.0
2026-08-07 19:30:00,2026-08-07 16:30:00,2026-08-08 00:30:00,1.96184,1.96228,1.96139,1.96211,0.0
2026-08-07 19:45:00,2026-08-07 16:45:00,2026-08-08 00:45:00,1.96212,1.96241,1.9614,1.96168,0.0
2026-08-07 20:00:00,2026-08-07 17:00:00,2026-08-08 01:00:00,1.96182,1.96201,1.96113,1.96173,0.0
2026-08-07 20:15:00,2026-08-07 17:15:00,2026-08-08 01:15:00,1.96188,1.96188,1.96104,1.96142,0.0
2026-08-07 20:30:00,2026-08-07 17:30:00,2026-08-08 01:30:00,1.96132,1.96168,1.96073,1.96108,0.0
2026-08-07 20:45:00,2026-08-07 17:45:00,2026-08-08 01:45:00,1.96092,1.96141,1.96062,1.96123,0.0
2026-08-07 21:00:00,2026-08-07 18:00:00,2026-08-08 02:00:00,1.96122,1.9617,1.96092,1.96151,0.0
2026-08-07 21:15:00,2026-08-07 18:15:00,2026-08-08 02:15:00,1.96166,1.96204,1.96107,1.96186,0.0
2026-08-07 21:30:00,2026-08-07 18:30:00,2026-08-08 02:30:00,1.9617,1.96198,1.96121,1.96169,0.0
2026-08-07 21:45:00,2026-08-07 18:45:00,2026-08-08 02:45:00,1.96168,1.96182,1.96085,1.96146,0.0
2026-08-07 22:00:00,2026-08-07 19:00:00,2026-08-08 03:00:00,1.96142,1.96143,1.96049,1.96118,0.0
2026-08-07 22:15:00,2026-08-07 19:15:00,2026-08-08 03:15:00,1.96118,1.96118,1.95999,1.9602,0.0
2026-08-07 22:30:00,2026-08-07 19:30:00,2026-08-08 03:30:00,1.96025,1.9608,1.95987,1.9604,0.0
2026-08-07 22:45:00,2026-08-07 19:45:00,2026-08-08 03:45:00,1.9604,1.96075,1.96005,1.96051,0.0
2026-08-07 23:00:00,2026-08-07 20:00:00,2026-08-08 04:00:00,1.96051,1.9613,1.96025,1.96091,0.0
2026-08-07 23:15:00,2026-08-07 20:15:00,2026-08-08 04:15:00,1.96091,1.96146,1.96058,1.96113,0.0
2026-08-07 23:30:00,2026-08-07 20:30:00,2026-08-08 04:30:00,1.96114,1.9619,1.9611,1.96156,0.0
2026-08-07 23:45:00,2026-08-07 20:45:00,2026-08-08 04:45:00,1.96128,1.96172,1.95924,1.96098,0.0
2026-08-08 00:00:00,2026-08-07 21:00:00,2026-08-08 05:00:00,1.96073,1.96073,1.96073,1.96073,0.0
2026-08-08 00:15:00,2026-08-07 21:15:00,2026-08-08 05:15:00,1.96073,1.96073,1.96073,1.96073,0.0
2026-08-10 00:45:00,2026-08-09 21:45:00,2026-08-10 05:45:00,1.96127,1.9613,1.95839,1.95839,128.0
2026-08-10 01:00:00,2026-08-09 22:00:00,2026-08-10 06:00:00,1.95956,1.96177,1.95946,1.96129,962.0
2026-08-10 01:15:00,2026-08-09 22:15:00,2026-08-10 06:15:00,1.96129,1.96145,1.96109,1.96131,749.0
2026-08-10 01:30:00,2026-08-09 22:30:00,2026-08-10 06:30:00,1.96131,1.96151,1.96076,1.96096,757.0
2026-08-10 01:45:00,2026-08-09 22:45:00,2026-08-10 06:45:00,1.96098,1.96169,1.96091,1.96162,681.0
2026-08-10 02:00:00,2026-08-09 23:00:00,2026-08-10 07:00:00,1.96086,1.96182,1.96086,1.96148,0.0
2026-08-10 02:15:00,2026-08-09 23:15:00,2026-08-10 07:15:00,1.96121,1.9617,1.96089,1.96169,0.0
2026-08-10 02:30:00,2026-08-09 23:30:00,2026-08-10 07:30:00,1.96147,1.96227,1.96137,1.96183,0.0
2026-08-10 02:45:00,2026-08-09 23:45:00,2026-08-10 07:45:00,1.96183,1.963,1.96181,1.96263,0.0
2026-08-10 03:00:00,2026-08-10 00:00:00,2026-08-10 08:00:00,1.96287,1.96303,1.96204,1.96262,0.0
2026-08-10 03:15:00,2026-08-10 00:15:00,2026-08-10 08:15:00,1.96248,1.96351,1.96223,1.96334,0.0
2026-08-10 03:30:00,2026-08-10 00:30:00,2026-08-10 08:30:00,1.96349,1.96397,1.96284,1.96392,0.0
2026-08-10 03:45:00,2026-08-10 00:45:00,2026-08-10 08:45:00,1.96373,1.96426,1.96347,1.96384,0.0
2026-08-10 04:00:00,2026-08-10 01:00:00,2026-08-10 09:00:00,1.96399,1.96413,1.96324,1.96351,0.0
2026-08-10 04:15:00,2026-08-10 01:15:00,2026-08-10 09:15:00,1.9633,1.96366,1.96223,1.96261,0.0
2026-08-10 04:30:00,2026-08-10 01:30:00,2026-08-10 09:30:00,1.96246,1.96377,1.96246,1.96316,0.0
2026-08-10 04:45:00,2026-08-10 01:45:00,2026-08-10 09:45:00,1.96315,1.9638,1.96272,1.96331,0.0
2026-08-10 05:00:00,2026-08-10 02:00:00,2026-08-10 10:00:00,1.96352,1.96374,1.96296,1.9635,0.0
2026-08-10 05:15:00,2026-08-10 02:15:00,2026-08-10 10:15:00,1.96334,1.96401,1.96315,1.96369,0.0
2026-08-10 05:30:00,2026-08-10 02:30:00,2026-08-10 10:30:00,1.96368,1.96417,1.9633,1.96363,0.0
2026-08-10 05:45:00,2026-08-10 02:45:00,2026-08-10 10:45:00,1.96378,1.96417,1.96338,1.96374,0.0
2026-08-10 06:00:00,2026-08-10 03:00:00,2026-08-10 11:00:00,1.96355,1.96459,1.96339,1.96404,0.0
2026-08-10 06:15:00,2026-08-10 03:15:00,2026-08-10 11:15:00,1.96419,1.96425,1.96262,1.96274,0.0
2026-08-10 06:30:00,2026-08-10 03:30:00,2026-08-10 11:30:00,1.96273,1.96311,1.96189,1.9621,0.0
2026-08-10 06:45:00,2026-08-10 03:45:00,2026-08-10 11:45:00,1.96209,1.96262,1.96133,1.96238,0.0
2026-08-10 07:00:00,2026-08-10 04:00:00,2026-08-10 12:00:00,1.96252,1.96281,1.96181,1.96264,0.0
2026-08-10 07:15:00,2026-08-10 04:15:00,2026-08-10 12:15:00,1.96245,1.96273,1.96186,1.96233,0.0
2026-08-10 07:30:00,2026-08-10 04:30:00,2026-08-10 12:30:00,1.96229,1.963,1.96195,1.96254,0.0
2026-08-10 07:45:00,2026-08-10 04:45:00,2026-08-10 12:45:00,1.96232,1.96257,1.96179,1.9622,0.0
2026-08-10 08:00:00,2026-08-10 05:00:00,2026-08-10 13:00:00,1.96222,1.96231,1.96125,1.96148,0.0
2026-08-10 08:15:00,2026-08-10 05:15:00,2026-08-10 13:15:00,1.96168,1.96217,1.96134,1.96167,0.0
2026-08-10 08:30:00,2026-08-10 05:30:00,2026-08-10 13:30:00,1.9618,1.96196,1.96106,1.96172,0.0
2026-08-10 08:45:00,2026-08-10 05:45:00,2026-08-10 13:45:00,1.96156,1.96213,1.96119,1.96128,0.0
2026-08-10 09:00:00,2026-08-10 06:00:00,2026-08-10 14:00:00,1.96147,1.96195,1.96082,1.96133,0.0
2026-08-10 09:15:00,2026-08-10 06:15:00,2026-08-10 14:15:00,1.96134,1.96229,1.96103,1.96186,0.0
2026-08-10 09:30:00,2026-08-10 06:30:00,2026-08-10 14:30:00,1.96169,1.96264,1.96166,1.9624,0.0
2026-08-10 09:45:00,2026-08-10 06:45:00,2026-08-10 14:45:00,1.96226,1.96263,1.96166,1.96212,0.0
2026-08-10 10:00:00,2026-08-10 07:00:00,2026-08-10 15:00:00,1.96195,1.96251,1.96146,1.96188,0.0
2026-08-10 10:15:00,2026-08-10 07:15:00,2026-08-10 15:15:00,1.96198,1.96211,1.96103,1.96119,0.0
2026-08-10 10:30:00,2026-08-10 07:30:00,2026-08-10 15:30:00,1.96118,1.96141,1.96042,1.96132,0.0
2026-08-10 10:45:00,2026-08-10 07:45:00,2026-08-10 15:45:00,1.96119,1.96138,1.96043,1.96095,0.0
2026-08-10 11:00:00,2026-08-10 08:00:00,2026-08-10 16:00:00,1.96078,1.9616,1.96061,1.9612,0.0
2026-08-10 11:15:00,2026-08-10 08:15:00,2026-08-10 16:15:00,1.96104,1.96155,1.96048,1.96094,0.0
2026-08-10 11:30:00,2026-08-10 08:30:00,2026-08-10 16:30:00,1.9611,1.96145,1.96058,1.96115,0.0
2026-08-10 11:45:00,2026-08-10 08:45:00,2026-08-10 16:45:00,1.96134,1.96134,1.96045,1.9608,0.0
2026-08-10 12:00:00,2026-08-10 09:00:00,2026-08-10 17:00:00,1.96075,1.961,1.96002,1.9603,0.0
2026-08-10 12:15:00,2026-08-10 09:15:00,2026-08-10 17:15:00,1.96029,1.9607,1.95933,1.95998,0.0
2026-08-10 12:30:00,2026-08-10 09:30:00,2026-08-10 17:30:00,1.95983,1.96067,1.95977,1.96056,0.0
2026-08-10 12:45:00,2026-08-10 09:45:00,2026-08-10 17:45:00,1.96053,1.96112,1.96008,1.96076,0.0
2026-08-10 13:00:00,2026-08-10 10:00:00,2026-08-10 18:00:00,1.96074,1.96126,1.95995,1.96044,0.0
2026-08-10 13:15:00,2026-08-10 10:15:00,2026-08-10 18:15:00,1.96044,1.9605,1.95979,1.95995,0.0
2026-08-10 13:30:00,2026-08-10 10:30:00,2026-08-10 18:30:00,1.96006,1.9609,1.95992,1.96058,0.0
2026-08-10 13:45:00,2026-08-10 10:45:00,2026-08-10 18:45:00,1.96078,1.96089,1.95992,1.96076,0.0
2026-08-10 14:00:00,2026-08-10 11:00:00,2026-08-10 19:00:00,1.96061,1.96109,1.95997,1.96076,0.0
2026-08-10 14:15:00,2026-08-10 11:15:00,2026-08-10 19:15:00,1.9609,1.96116,1.9603,1.96065,0.0
2026-08-10 14:30:00,2026-08-10 11:30:00,2026-08-10 19:30:00,1.96065,1.96121,1.96049,1.96116,0.0
2026-08-10 14:45:00,2026-08-10 11:45:00,2026-08-10 19:45:00,1.96098,1.96136,1.96065,1.96104,0.0
2026-08-10 15:00:00,2026-08-10 12:00:00,2026-08-10 20:00:00,1.96123,1.96186,1.96096,1.96128,0.0
2026-08-10 15:15:00,2026-08-10 12:15:00,2026-08-10 20:15:00,1.96146,1.96233,1.96109,1.96175,0.0
2026-08-10 15:30:00,2026-08-10 12:30:00,2026-08-10 20:30:00,1.96178,1.96261,1.96148,1.96228,0.0
2026-08-10 15:45:00,2026-08-10 12:45:00,2026-08-10 20:45:00,1.96244,1.96287,1.96198,1.96216,0.0
2026-08-10 16:00:00,2026-08-10 13:00:00,2026-08-10 21:00:00,1.96216,1.96232,1.96157,1.96217,0.0
2026-08-10 16:15:00,2026-08-10 13:15:00,2026-08-10 21:15:00,1.96203,1.96289,1.96185,1.96226,0.0
2026-08-10 16:30:00,2026-08-10 13:30:00,2026-08-10 21:30:00,1.96213,1.96327,1.96201,1.96302,0.0
2026-08-10 16:45:00,2026-08-10 13:45:00,2026-08-10 21:45:00,1.96289,1.96357,1.9623,1.9628,0.0
2026-08-10 17:00:00,2026-08-10 14:00:00,2026-08-10 22:00:00,1.96267,1.96302,1.96159,1.9616,0.0
2026-08-10 17:15:00,2026-08-10 14:15:00,2026-08-10 22:15:00,1.96161,1.96197,1.96054,1.96105,0.0
2026-08-10 17:30:00,2026-08-10 14:30:00,2026-08-10 22:30:00,1.96108,1.96137,1.96036,1.96077,0.0
2026-08-10 17:45:00,2026-08-10 14:45:00,2026-08-10 22:45:00,1.96093,1.96186,1.96037,1.96163,0.0
2026-08-10 18:00:00,2026-08-10 15:00:00,2026-08-10 23:00:00,1.96166,1.96197,1.96075,1.96102,0.0
2026-08-10 18:15:00,2026-08-10 15:15:00,2026-08-10 23:15:00,1.96101,1.96132,1.95989,1.96016,0.0
2026-08-10 18:30:00,2026-08-10 15:30:00,2026-08-10 23:30:00,1.9603,1.96089,1.95997,1.9604,0.0
2026-08-10 18:45:00,2026-08-10 15:45:00,2026-08-10 23:45:00,1.96025,1.96131,1.96006,1.96129,0.0
2026-08-10 19:00:00,2026-08-10 16:00:00,2026-08-11 00:00:00,1.96109,1.96176,1.96083,1.96165,0.0
2026-08-10 19:15:00,2026-08-10 16:15:00,2026-08-11 00:15:00,1.96147,1.96172,1.96092,1.96133,0.0
2026-08-10 19:30:00,2026-08-10 16:30:00,2026-08-11 00:30:00,1.96142,1.96215,1.96112,1.96184,0.0
2026-08-10 19:45:00,2026-08-10 16:45:00,2026-08-11 00:45:00,1.96185,1.96207,1.96129,1.9616,0.0
2026-08-10 20:00:00,2026-08-10 17:00:00,2026-08-11 01:00:00,1.96161,1.96217,1.96133,1.96165,0.0
2026-08-10 20:15:00,2026-08-10 17:15:00,2026-08-11 01:15:00,1.96166,1.96203,1.96122,1.96187,0.0
2026-08-10 20:30:00,2026-08-10 17:30:00,2026-08-11 01:30:00,1.96187,1.96247,1.96154,1.96214,0.0
2026-08-10 20:45:00,2026-08-10 17:45:00,2026-08-11 01:45:00,1.96228,1.96247,1.96178,1.96195,0.0
2026-08-10 21:00:00,2026-08-10 18:00:00,2026-08-11 02:00:00,1.96196,1.96235,1.9617,1.96192,0.0
2026-08-10 21:15:00,2026-08-10 18:15:00,2026-08-11 02:15:00,1.96192,1.96222,1.96156,1.96208,0.0
2026-08-10 21:30:00,2026-08-10 18:30:00,2026-08-11 02:30:00,1.962,1.96221,1.96155,1.96178,0.0
2026-08-10 21:45:00,2026-08-10 18:45:00,2026-08-11 02:45:00,1.96179,1.96222,1.96162,1.96206,0.0
2026-08-10 22:00:00,2026-08-10 19:00:00,2026-08-11 03:00:00,1.96182,1.96223,1.96149,1.96199,0.0
2026-08-10 22:15:00,2026-08-10 19:15:00,2026-08-11 03:15:00,1.96198,1.96219,1.9615,1.96198,0.0
2026-08-10 22:30:00,2026-08-10 19:30:00,2026-08-11 03:30:00,1.96217,1.96241,1.96151,1.96205,0.0
2026-08-10 22:45:00,2026-08-10 19:45:00,2026-08-11 03:45:00,1.96187,1.96225,1.96138,1.96188,0.0
2026-08-10 23:00:00,2026-08-10 20:00:00,2026-08-11 04:00:00,1.96188,1.96239,1.96168,1.96229,0.0
2026-08-10 23:15:00,2026-08-10 20:15:00,2026-08-11 04:15:00,1.96228,1.96251,1.96181,1.96205,0.0
2026-08-10 23:30:00,2026-08-10 20:30:00,2026-08-11 04:30:00,1.96223,1.96255,1.9618,1.96239,0.0
2026-08-10 23:45:00,2026-08-10 20:45:00,2026-08-11 04:45:00,1.96254,1.96254,1.96169,1.96176,0.0
2026-08-11 00:00:00,2026-08-10 21:00:00,2026-08-11 05:00:00,1.96216,1.96478,1.95931,1.9629,0.0
2026-08-11 00:15:00,2026-08-10 21:15:00,2026-08-11 05:15:00,1.96141,1.96396,1.96061,1.96118,0.0
2026-08-11 00:30:00,2026-08-10 21:30:00,2026-08-11 05:30:00,1.96133,1.96246,1.96011,1.96188,0.0
2026-08-11 00:45:00,2026-08-10 21:45:00,2026-08-11 05:45:00,1.96188,1.96234,1.9606,1.96113,0.0
2026-08-11 01:00:00,2026-08-10 22:00:00,2026-08-11 06:00:00,1.96154,1.96215,1.9606,1.96205,0.0
2026-08-11 01:15:00,2026-08-10 22:15:00,2026-08-11 06:15:00,1.96203,1.96238,1.9617,1.96233,0.0
2026-08-11 01:30:00,2026-08-10 22:30:00,2026-08-11 06:30:00,1.96233,1.96233,1.96165,1.96206,0.0
2026-08-11 01:45:00,2026-08-10 22:45:00,2026-08-11 06:45:00,1.96206,1.96215,1.9616,1.96194,0.0
2026-08-11 02:00:00,2026-08-10 23:00:00,2026-08-11 07:00:00,1.96198,1.96207,1.96145,1.96205,0.0
2026-08-11 02:15:00,2026-08-10 23:15:00,2026-08-11 07:15:00,1.96183,1.96218,1.96166,1.9621,0.0
2026-08-11 02:30:00,2026-08-10 23:30:00,2026-08-11 07:30:00,1.9621,1.9624,1.96134,1.96145,0.0
2026-08-11 02:45:00,2026-08-10 23:45:00,2026-08-11 07:45:00,1.96145,1.96211,1.96077,1.96106,0.0
2026-08-11 03:00:00,2026-08-11 00:00:00,2026-08-11 08:00:00,1.96081,1.9615,1.96035,1.96094,0.0
2026-08-11 03:15:00,2026-08-11 00:15:00,2026-08-11 08:15:00,1.96092,1.96144,1.96066,1.9613,0.0
2026-08-11 03:30:00,2026-08-11 00:30:00,2026-08-11 08:30:00,1.96126,1.96186,1.96075,1.96162,0.0
2026-08-11 03:45:00,2026-08-11 00:45:00,2026-08-11 08:45:00,1.96144,1.96218,1.96124,1.96192,0.0
2026-08-11 04:00:00,2026-08-11 01:00:00,2026-08-11 09:00:00,1.96175,1.96261,1.96158,1.96163,0.0
2026-08-11 04:15:00,2026-08-11 01:15:00,2026-08-11 09:15:00,1.96162,1.9619,1.96079,1.96125,0.0
2026-08-11 04:30:00,2026-08-11 01:30:00,2026-08-11 09:30:00,1.96104,1.96186,1.9607,1.9615,0.0
2026-08-11 04:45:00,2026-08-11 01:45:00,2026-08-11 09:45:00,1.96166,1.9617,1.96043,1.96125,0.0
2026-08-11 05:00:00,2026-08-11 02:00:00,2026-08-11 10:00:00,1.9614,1.96173,1.96053,1.9606,0.0
2026-08-11 05:15:00,2026-08-11 02:15:00,2026-08-11 10:15:00,1.96059,1.96174,1.96034,1.96118,0.0
2026-08-11 05:30:00,2026-08-11 02:30:00,2026-08-11 10:30:00,1.96134,1.96157,1.96039,1.96147,0.0
2026-08-11 05:45:00,2026-08-11 02:45:00,2026-08-11 10:45:00,1.96131,1.96189,1.96093,1.96131,0.0
2026-08-11 06:00:00,2026-08-11 03:00:00,2026-08-11 11:00:00,1.9613,1.96156,1.96068,1.96108,0.0
2026-08-11 06:15:00,2026-08-11 03:15:00,2026-08-11 11:15:00,1.96092,1.96127,1.96038,1.96092,0.0
2026-08-11 06:30:00,2026-08-11 03:30:00,2026-08-11 11:30:00,1.96075,1.96127,1.96048,1.96108,0.0
2026-08-11 06:45:00,2026-08-11 03:45:00,2026-08-11 11:45:00,1.96109,1.9614,1.96068,1.96119,0.0
2026-08-11 07:00:00,2026-08-11 04:00:00,2026-08-11 12:00:00,1.9614,1.96168,1.96096,1.96134,0.0
2026-08-11 07:15:00,2026-08-11 04:15:00,2026-08-11 12:15:00,1.96133,1.96153,1.95989,1.96099,0.0
2026-08-11 07:30:00,2026-08-11 04:30:00,2026-08-11 12:30:00,1.96092,1.96154,1.95778,1.96008,0.0
2026-08-11 07:45:00,2026-08-11 04:45:00,2026-08-11 12:45:00,1.96008,1.96009,1.95834,1.95843,0.0
2026-08-11 08:00:00,2026-08-11 05:00:00,2026-08-11 13:00:00,1.95868,1.95956,1.95833,1.95926,0.0
2026-08-11 08:15:00,2026-08-11 05:15:00,2026-08-11 13:15:00,1.95926,1.95953,1.95849,1.9588,0.0
2026-08-11 08:30:00,2026-08-11 05:30:00,2026-08-11 13:30:00,1.95868,1.95931,1.95763,1.95877,0.0
2026-08-11 08:45:00,2026-08-11 05:45:00,2026-08-11 13:45:00,1.95899,1.96143,1.95844,1.95973,0.0
2026-08-11 09:00:00,2026-08-11 06:00:00,2026-08-11 14:00:00,1.95988,1.96047,1.95944,1.96024,0.0
2026-08-11 09:15:00,2026-08-11 06:15:00,2026-08-11 14:15:00,1.9604,1.96229,1.95989,1.96178,0.0
2026-08-11 09:30:00,2026-08-11 06:30:00,2026-08-11 14:30:00,1.96161,1.96309,1.96114,1.96284,0.0
2026-08-11 09:45:00,2026-08-11 06:45:00,2026-08-11 14:45:00,1.96282,1.96427,1.96261,1.96346,0.0
2026-08-11 10:00:00,2026-08-11 07:00:00,2026-08-11 15:00:00,1.96343,1.96377,1.96268,1.96292,0.0
2026-08-11 10:15:00,2026-08-11 07:15:00,2026-08-11 15:15:00,1.9628,1.96348,1.96249,1.96342,0.0
2026-08-11 10:30:00,2026-08-11 07:30:00,2026-08-11 15:30:00,1.96325,1.96426,1.9625,1.96408,0.0
2026-08-11 10:45:00,2026-08-11 07:45:00,2026-08-11 15:45:00,1.96405,1.96506,1.96364,1.96478,0.0
2026-08-11 11:00:00,2026-08-11 08:00:00,2026-08-11 16:00:00,1.9646,1.96487,1.96381,1.96468,0.0
2026-08-11 11:15:00,2026-08-11 08:15:00,2026-08-11 16:15:00,1.96468,1.96516,1.96399,1.96446,0.0
2026-08-11 11:30:00,2026-08-11 08:30:00,2026-08-11 16:30:00,1.96426,1.96481,1.96382,1.9647,0.0
2026-08-11 11:45:00,2026-08-11 08:45:00,2026-08-11 16:45:00,1.96459,1.96497,1.96407,1.96426,0.0
2026-08-11 12:00:00,2026-08-11 09:00:00,2026-08-11 17:00:00,1.9644,1.96486,1.96378,1.96474,0.0
2026-08-11 12:15:00,2026-08-11 09:15:00,2026-08-11 17:15:00,1.96474,1.96475,1.96338,1.96423,0.0
2026-08-11 12:30:00,2026-08-11 09:30:00,2026-08-11 17:30:00,1.96413,1.96427,1.96334,1.96371,0.0
2026-08-11 12:45:00,2026-08-11 09:45:00,2026-08-11 17:45:00,1.96388,1.96395,1.96328,1.9638,0.0
2026-08-11 13:00:00,2026-08-11 10:00:00,2026-08-11 18:00:00,1.96363,1.96406,1.96256,1.9629,0.0
2026-08-11 13:15:00,2026-08-11 10:15:00,2026-08-11 18:15:00,1.96273,1.96327,1.96173,1.962,0.0
2026-08-11 13:30:00,2026-08-11 10:30:00,2026-08-11 18:30:00,1.96216,1.96286,1.96179,1.96221,0.0
2026-08-11 13:45:00,2026-08-11 10:45:00,2026-08-11 18:45:00,1.96235,1.96269,1.96178,1.96238,0.0
2026-08-11 14:00:00,2026-08-11 11:00:00,2026-08-11 19:00:00,1.96222,1.96245,1.96033,1.96136,0.0
2026-08-11 14:15:00,2026-08-11 11:15:00,2026-08-11 19:15:00,1.96154,1.96212,1.96111,1.96197,0.0
2026-08-11 14:30:00,2026-08-11 11:30:00,2026-08-11 19:30:00,1.96214,1.96261,1.9616,1.96232,0.0
2026-08-11 14:45:00,2026-08-11 11:45:00,2026-08-11 19:45:00,1.96246,1.96344,1.96216,1.96302,0.0
2026-08-11 15:00:00,2026-08-11 12:00:00,2026-08-11 20:00:00,1.96314,1.96339,1.96204,1.96266,0.0
2026-08-11 15:15:00,2026-08-11 12:15:00,2026-08-11 20:15:00,1.96265,1.96297,1.96184,1.96206,0.0
2026-08-11 15:30:00,2026-08-11 12:30:00,2026-08-11 20:30:00,1.96203,1.96251,1.96147,1.96172,0.0
2026-08-11 15:45:00,2026-08-11 12:45:00,2026-08-11 20:45:00,1.96185,1.96193,1.9612,1.96184,0.0
2026-08-11 16:00:00,2026-08-11 13:00:00,2026-08-11 21:00:00,1.96171,1.96189,1.96075,1.96108,0.0
2026-08-11 16:15:00,2026-08-11 13:15:00,2026-08-11 21:15:00,1.96124,1.96142,1.96004,1.96041,0.0
2026-08-11 16:30:00,2026-08-11 13:30:00,2026-08-11 21:30:00,1.96055,1.96172,1.9603,1.9612,0.0
2026-08-11 16:45:00,2026-08-11 13:45:00,2026-08-11 21:45:00,1.96108,1.96232,1.96077,1.9614,0.0
2026-08-11 17:00:00,2026-08-11 14:00:00,2026-08-11 22:00:00,1.96142,1.96184,1.96055,1.96162,0.0
2026-08-11 17:15:00,2026-08-11 14:15:00,2026-08-11 22:15:00,1.96147,1.96172,1.96102,1.96139,0.0
2026-08-11 17:30:00,2026-08-11 14:30:00,2026-08-11 22:30:00,1.96153,1.96199,1.96118,1.96174,0.0
2026-08-11 17:45:00,2026-08-11 14:45:00,2026-08-11 22:45:00,1.96173,1.96219,1.96117,1.96215,0.0
2026-08-11 18:00:00,2026-08-11 15:00:00,2026-08-11 23:00:00,1.96198,1.96297,1.96181,1.96285,0.0
2026-08-11 18:15:00,2026-08-11 15:15:00,2026-08-11 23:15:00,1.9627,1.96305,1.96168,1.96241,0.0
2026-08-11 18:30:00,2026-08-11 15:30:00,2026-08-11 23:30:00,1.96257,1.96308,1.962,1.96277,0.0
2026-08-11 18:45:00,2026-08-11 15:45:00,2026-08-11 23:45:00,1.96277,1.96327,1.96251,1.96266,0.0
2026-08-11 19:00:00,2026-08-11 16:00:00,2026-08-12 00:00:00,1.96266,1.96301,1.96228,1.96256,0.0
2026-08-11 19:15:00,2026-08-11 16:15:00,2026-08-12 00:15:00,1.9627,1.96281,1.96182,1.96226,0.0
2026-08-11 19:30:00,2026-08-11 16:30:00,2026-08-12 00:30:00,1.96216,1.96253,1.96166,1.96202,0.0
2026-08-11 19:45:00,2026-08-11 16:45:00,2026-08-12 00:45:00,1.96214,1.96215,1.9613,1.96138,0.0
2026-08-11 20:00:00,2026-08-11 17:00:00,2026-08-12 01:00:00,1.96138,1.96174,1.96101,1.96166,0.0
2026-08-11 20:15:00,2026-08-11 17:15:00,2026-08-12 01:15:00,1.96151,1.96203,1.96124,1.9617,0.0
2026-08-11 20:30:00,2026-08-11 17:30:00,2026-08-12 01:30:00,1.96171,1.96216,1.96141,1.9619,0.0
2026-08-11 20:45:00,2026-08-11 17:45:00,2026-08-12 01:45:00,1.96195,1.96197,1.96105,1.9618,0.0
2026-08-11 21:00:00,2026-08-11 18:00:00,2026-08-12 02:00:00,1.96165,1.96199,1.96142,1.96164,0.0
2026-08-11 21:15:00,2026-08-11 18:15:00,2026-08-12 02:15:00,1.96176,1.96293,1.96141,1.96276,0.0
2026-08-11 21:30:00,2026-08-11 18:30:00,2026-08-12 02:30:00,1.96273,1.96316,1.96231,1.96308,0.0
2026-08-11 21:45:00,2026-08-11 18:45:00,2026-08-12 02:45:00,1.96297,1.96326,1.96245,1.96269,0.0
2026-08-11 22:00:00,2026-08-11 19:00:00,2026-08-12 03:00:00,1.96267,1.9634,1.96238,1.96282,0.0
2026-08-11 22:15:00,2026-08-11 19:15:00,2026-08-12 03:15:00,1.96283,1.96319,1.96236,1.9627,0.0
2026-08-11 22:30:00,2026-08-11 19:30:00,2026-08-12 03:30:00,1.96271,1.963,1.96225,1.96258,0.0
2026-08-11 22:45:00,2026-08-11 19:45:00,2026-08-12 03:45:00,1.96258,1.96291,1.9622,1.96281,0.0
2026-08-11 23:00:00,2026-08-11 20:00:00,2026-08-12 04:00:00,1.96265,1.96293,1.96209,1.96245,0.0
2026-08-11 23:15:00,2026-08-11 20:15:00,2026-08-12 04:15:00,1.96267,1.9628,1.96209,1.96262,0.0
2026-08-11 23:30:00,2026-08-11 20:30:00,2026-08-12 04:30:00,1.96245,1.9627,1.96208,1.96252,0.0
2026-08-11 23:45:00,2026-08-11 20:45:00,2026-08-12 04:45:00,1.96237,1.96274,1.96201,1.96201,0.0
2026-08-12 00:00:00,2026-08-11 21:00:00,2026-08-12 05:00:00,1.96178,1.96305,1.9608,1.96208,0.0
2026-08-12 00:15:00,2026-08-11 21:15:00,2026-08-12 05:15:00,1.96204,1.96449,1.95992,1.96041,0.0
2026-08-12 00:30:00,2026-08-11 21:30:00,2026-08-12 05:30:00,1.96017,1.96269,1.95978,1.96229,0.0
2026-08-12 00:45:00,2026-08-11 21:45:00,2026-08-12 05:45:00,1.96231,1.96366,1.96057,1.96084,0.0
2026-08-12 01:00:00,2026-08-11 22:00:00,2026-08-12 06:00:00,1.96066,1.96307,1.96028,1.96245,0.0
2026-08-12 01:15:00,2026-08-11 22:15:00,2026-08-12 06:15:00,1.96234,1.96272,1.96183,1.96203,0.0
2026-08-12 01:30:00,2026-08-11 22:30:00,2026-08-12 06:30:00,1.96232,1.96236,1.96178,1.96229,0.0
2026-08-12 01:45:00,2026-08-11 22:45:00,2026-08-12 06:45:00,1.962,1.96231,1.96181,1.96225,0.0
2026-08-12 02:00:00,2026-08-11 23:00:00,2026-08-12 07:00:00,1.96221,1.96263,1.96193,1.96208,0.0
2026-08-12 02:15:00,2026-08-11 23:15:00,2026-08-12 07:15:00,1.96235,1.96315,1.96198,1.96308,0.0
2026-08-12 02:30:00,2026-08-11 23:30:00,2026-08-12 07:30:00,1.96283,1.96334,1.96236,1.9633,0.0
2026-08-12 02:45:00,2026-08-11 23:45:00,2026-08-12 07:45:00,1.9633,1.96345,1.96269,1.96332,0.0
2026-08-12 03:00:00,2026-08-12 00:00:00,2026-08-12 08:00:00,1.96303,1.9637,1.96282,1.96347,0.0
2026-08-12 03:15:00,2026-08-12 00:15:00,2026-08-12 08:15:00,1.96347,1.96428,1.96296,1.96397,0.0
2026-08-12 03:30:00,2026-08-12 00:30:00,2026-08-12 08:30:00,1.96386,1.96421,1.96318,1.96346,0.0
2026-08-12 03:45:00,2026-08-12 00:45:00,2026-08-12 08:45:00,1.96358,1.96437,1.96324,1.96363,0.0
2026-08-12 04:00:00,2026-08-12 01:00:00,2026-08-12 09:00:00,1.96378,1.96407,1.96319,1.96351,0.0
2026-08-12 04:15:00,2026-08-12 01:15:00,2026-08-12 09:15:00,1.96331,1.96414,1.96296,1.96384,0.0
2026-08-12 04:30:00,2026-08-12 01:30:00,2026-08-12 09:30:00,1.964,1.96483,1.96369,1.96452,0.0
2026-08-12 04:45:00,2026-08-12 01:45:00,2026-08-12 09:45:00,1.9647,1.96513,1.96431,1.96472,0.0
2026-08-12 05:00:00,2026-08-12 02:00:00,2026-08-12 10:00:00,1.96457,1.96563,1.96453,1.96513,0.0
2026-08-12 05:15:00,2026-08-12 02:15:00,2026-08-12 10:15:00,1.9653,1.96592,1.96479,1.96532,0.0
2026-08-12 05:30:00,2026-08-12 02:30:00,2026-08-12 10:30:00,1.96532,1.96608,1.96485,1.96556,0.0
2026-08-12 05:45:00,2026-08-12 02:45:00,2026-08-12 10:45:00,1.96568,1.96581,1.96495,1.9656,0.0
2026-08-12 06:00:00,2026-08-12 03:00:00,2026-08-12 11:00:00,1.96542,1.96593,1.96495,1.96544,0.0
2026-08-12 06:15:00,2026-08-12 03:15:00,2026-08-12 11:15:00,1.96543,1.96591,1.965,1.96554,0.0
2026-08-12 06:30:00,2026-08-12 03:30:00,2026-08-12 11:30:00,1.96554,1.96625,1.96523,1.96603,0.0
2026-08-12 06:45:00,2026-08-12 03:45:00,2026-08-12 11:45:00,1.96602,1.9665,1.96564,1.96596,0.0
2026-08-12 07:00:00,2026-08-12 04:00:00,2026-08-12 12:00:00,1.96576,1.96631,1.96568,1.96611,0.0
2026-08-12 07:15:00,2026-08-12 04:15:00,2026-08-12 12:15:00,1.9661,1.9662,1.96528,1.9656,0.0
2026-08-12 07:30:00,2026-08-12 04:30:00,2026-08-12 12:30:00,1.96547,1.96618,1.96524,1.9656,0.0
2026-08-12 07:45:00,2026-08-12 04:45:00,2026-08-12 12:45:00,1.96559,1.96583,1.96511,1.96558,0.0
2026-08-12 08:00:00,2026-08-12 05:00:00,2026-08-12 13:00:00,1.96558,1.96626,1.96545,1.96601,0.0
2026-08-12 08:15:00,2026-08-12 05:15:00,2026-08-12 13:15:00,1.96601,1.96621,1.96553,1.9659,0.0
2026-08-12 08:30:00,2026-08-12 05:30:00,2026-08-12 13:30:00,1.96575,1.96619,1.96543,1.96591,0.0
2026-08-12 08:45:00,2026-08-12 05:45:00,2026-08-12 13:45:00,1.96571,1.96611,1.96503,1.96513,0.0
2026-08-12 09:00:00,2026-08-12 06:00:00,2026-08-12 14:00:00,1.96538,1.96603,1.96513,1.96568,0.0
2026-08-12 09:15:00,2026-08-12 06:15:00,2026-08-12 14:15:00,1.96551,1.96684,1.96526,1.9667,0.0
2026-08-12 09:30:00,2026-08-12 06:30:00,2026-08-12 14:30:00,1.96656,1.96701,1.96568,1.96609,0.0
2026-08-12 09:45:00,2026-08-12 06:45:00,2026-08-12 14:45:00,1.96624,1.96669,1.96586,1.96645,0.0
2026-08-12 10:00:00,2026-08-12 07:00:00,2026-08-12 15:00:00,1.9666,1.96665,1.9657,1.96644,0.0
2026-08-12 10:15:00,2026-08-12 07:15:00,2026-08-12 15:15:00,1.9664,1.96677,1.96559,1.96642,0.0
2026-08-12 10:30:00,2026-08-12 07:30:00,2026-08-12 15:30:00,1.96655,1.96792,1.96629,1.96727,0.0
2026-08-12 10:45:00,2026-08-12 07:45:00,2026-08-12 15:45:00,1.96726,1.96837,1.96698,1.96798,0.0
2026-08-12 11:00:00,2026-08-12 08:00:00,2026-08-12 16:00:00,1.968,1.96835,1.96736,1.96781,0.0
2026-08-12 11:15:00,2026-08-12 08:15:00,2026-08-12 16:15:00,1.96792,1.96833,1.96714,1.96771,0.0
2026-08-12 11:30:00,2026-08-12 08:30:00,2026-08-12 16:30:00,1.96788,1.96852,1.96766,1.96822,0.0
2026-08-12 11:45:00,2026-08-12 08:45:00,2026-08-12 16:45:00,1.96822,1.9685,1.96768,1.96821,0.0
2026-08-12 12:00:00,2026-08-12 09:00:00,2026-08-12 17:00:00,1.96834,1.96834,1.96758,1.96787,0.0
2026-08-12 12:15:00,2026-08-12 09:15:00,2026-08-12 17:15:00,1.968,1.96819,1.96597,1.96707,0.0
2026-08-12 12:30:00,2026-08-12 09:30:00,2026-08-12 17:30:00,1.96707,1.96838,1.96685,1.9682,0.0
2026-08-12 12:45:00,2026-08-12 09:45:00,2026-08-12 17:45:00,1.96819,1.96989,1.96781,1.96968,0.0
2026-08-12 13:00:00,2026-08-12 10:00:00,2026-08-12 18:00:00,1.96968,1.96976,1.96867,1.96893,0.0
2026-08-12 13:15:00,2026-08-12 10:15:00,2026-08-12 18:15:00,1.96893,1.96948,1.96768,1.96822,0.0
2026-08-12 13:30:00,2026-08-12 10:30:00,2026-08-12 18:30:00,1.96822,1.96859,1.96729,1.96792,0.0
2026-08-12 13:45:00,2026-08-12 10:45:00,2026-08-12 18:45:00,1.96792,1.96862,1.96745,1.9682,0.0
2026-08-12 14:00:00,2026-08-12 11:00:00,2026-08-12 19:00:00,1.9682,1.96847,1.96716,1.96791,0.0
2026-08-12 14:15:00,2026-08-12 11:15:00,2026-08-12 19:15:00,1.9679,1.96837,1.96732,1.96768,0.0
2026-08-12 14:30:00,2026-08-12 11:30:00,2026-08-12 19:30:00,1.96782,1.96789,1.96695,1.96734,0.0
2026-08-12 14:45:00,2026-08-12 11:45:00,2026-08-12 19:45:00,1.96719,1.96793,1.96683,1.9672,0.0
2026-08-12 15:00:00,2026-08-12 12:00:00,2026-08-12 20:00:00,1.96739,1.96765,1.96703,1.96748,0.0
2026-08-12 15:15:00,2026-08-12 12:15:00,2026-08-12 20:15:00,1.96735,1.9677,1.96382,1.96602,0.0
2026-08-12 15:30:00,2026-08-12 12:30:00,2026-08-12 20:30:00,1.96609,1.96853,1.96446,1.96514,0.0
2026-08-12 15:45:00,2026-08-12 12:45:00,2026-08-12 20:45:00,1.96514,1.96652,1.96491,1.96491,0.0
2026-08-12 16:00:00,2026-08-12 13:00:00,2026-08-12 21:00:00,1.9649,1.96533,1.96388,1.96481,0.0
2026-08-12 16:15:00,2026-08-12 13:15:00,2026-08-12 21:15:00,1.9648,1.96523,1.96426,1.96463,0.0
2026-08-12 16:30:00,2026-08-12 13:30:00,2026-08-12 21:30:00,1.9646,1.96489,1.96377,1.96453,0.0
2026-08-12 16:45:00,2026-08-12 13:45:00,2026-08-12 21:45:00,1.96448,1.96585,1.96422,1.96545,0.0
2026-08-12 17:00:00,2026-08-12 14:00:00,2026-08-12 22:00:00,1.96549,1.96598,1.96483,1.96574,0.0
2026-08-12 17:15:00,2026-08-12 14:15:00,2026-08-12 22:15:00,1.9657,1.96601,1.96455,1.96547,0.0
2026-08-12 17:30:00,2026-08-12 14:30:00,2026-08-12 22:30:00,1.9653,1.96724,1.96511,1.9669,0.0
2026-08-12 17:45:00,2026-08-12 14:45:00,2026-08-12 22:45:00,1.96675,1.96754,1.96658,1.96728,0.0
2026-08-12 18:00:00,2026-08-12 15:00:00,2026-08-12 23:00:00,1.96717,1.96794,1.96595,1.96626,0.0
2026-08-12 18:15:00,2026-08-12 15:15:00,2026-08-12 23:15:00,1.96642,1.96701,1.96584,1.96676,0.0
2026-08-12 18:30:00,2026-08-12 15:30:00,2026-08-12 23:30:00,1.9669,1.96765,1.96665,1.96743,0.0
2026-08-12 18:45:00,2026-08-12 15:45:00,2026-08-12 23:45:00,1.96725,1.96783,1.96693,1.96732,0.0
2026-08-12 19:00:00,2026-08-12 16:00:00,2026-08-13 00:00:00,1.96716,1.96788,1.96673,1.96756,0.0
2026-08-12 19:15:00,2026-08-12 16:15:00,2026-08-13 00:15:00,1.96755,1.96774,1.96699,1.96755,0.0
2026-08-12 19:30:00,2026-08-12 16:30:00,2026-08-13 00:30:00,1.96772,1.96811,1.9674,1.96778,0.0
2026-08-12 19:45:00,2026-08-12 16:45:00,2026-08-13 00:45:00,1.96766,1.96838,1.96737,1.96812,0.0
2026-08-12 20:00:00,2026-08-12 17:00:00,2026-08-13 01:00:00,1.96798,1.96821,1.9673,1.96772,0.0
2026-08-12 20:15:00,2026-08-12 17:15:00,2026-08-13 01:15:00,1.96772,1.96809,1.9674,1.9678,0.0
2026-08-12 20:30:00,2026-08-12 17:30:00,2026-08-13 01:30:00,1.96782,1.9681,1.96735,1.96758,0.0
2026-08-12 20:45:00,2026-08-12 17:45:00,2026-08-13 01:45:00,1.96758,1.96787,1.96715,1.96742,0.0
2026-08-12 21:00:00,2026-08-12 18:00:00,2026-08-13 02:00:00,1.96758,1.96765,1.96676,1.96709,0.0
2026-08-12 21:15:00,2026-08-12 18:15:00,2026-08-13 02:15:00,1.96709,1.96736,1.96655,1.96707,0.0
2026-08-12 21:30:00,2026-08-12 18:30:00,2026-08-13 02:30:00,1.96724,1.96744,1.96682,1.96726,0.0
2026-08-12 21:45:00,2026-08-12 18:45:00,2026-08-13 02:45:00,1.96708,1.9673,1.96654,1.96695,0.0
2026-08-12 22:00:00,2026-08-12 19:00:00,2026-08-13 03:00:00,1.96699,1.96739,1.96583,1.96694,0.0
2026-08-12 22:15:00,2026-08-12 19:15:00,2026-08-13 03:15:00,1.96695,1.96727,1.96627,1.96671,0.0
2026-08-12 22:30:00,2026-08-12 19:30:00,2026-08-13 03:30:00,1.96688,1.96758,1.96626,1.96734,0.0
2026-08-12 22:45:00,2026-08-12 19:45:00,2026-08-13 03:45:00,1.96754,1.9676,1.96648,1.967,0.0
2026-08-12 23:00:00,2026-08-12 20:00:00,2026-08-13 04:00:00,1.96719,1.9675,1.96651,1.96727,0.0
2026-08-12 23:15:00,2026-08-12 20:15:00,2026-08-13 04:15:00,1.96728,1.96748,1.96625,1.96694,0.0
2026-08-12 23:30:00,2026-08-12 20:30:00,2026-08-13 04:30:00,1.96674,1.9672,1.96615,1.96694,0.0
2026-08-12 23:45:00,2026-08-12 20:45:00,2026-08-13 04:45:00,1.96694,1.9675,1.96638,1.96666,0.0
2026-08-13 00:00:00,2026-08-12 21:00:00,2026-08-13 05:00:00,1.96675,1.96816,1.96413,1.96671,0.0
2026-08-13 00:15:00,2026-08-12 21:15:00,2026-08-13 05:15:00,1.96649,1.96707,1.96468,1.9656,0.0
2026-08-13 00:30:00,2026-08-12 21:30:00,2026-08-13 05:30:00,1.96529,1.96581,1.964,1.96545,0.0
2026-08-13 00:45:00,2026-08-12 21:45:00,2026-08-13 05:45:00,1.96508,1.9671,1.96351,1.96702,0.0
2026-08-13 01:00:00,2026-08-12 22:00:00,2026-08-13 06:00:00,1.96722,1.96772,1.96645,1.96749,0.0
2026-08-13 01:15:00,2026-08-12 22:15:00,2026-08-13 06:15:00,1.96714,1.96795,1.96712,1.96752,0.0
2026-08-13 01:30:00,2026-08-12 22:30:00,2026-08-13 06:30:00,1.96714,1.9677,1.96696,1.96746,0.0
2026-08-13 01:45:00,2026-08-12 22:45:00,2026-08-13 06:45:00,1.96712,1.96746,1.9665,1.96664,0.0
2026-08-13 02:00:00,2026-08-12 23:00:00,2026-08-13 07:00:00,1.96671,1.96716,1.96648,1.9668,0.0
2026-08-13 02:15:00,2026-08-12 23:15:00,2026-08-13 07:15:00,1.96681,1.96714,1.96656,1.96671,0.0
2026-08-13 02:30:00,2026-08-12 23:30:00,2026-08-13 07:30:00,1.96672,1.9676,1.9666,1.96753,0.0
2026-08-13 02:45:00,2026-08-12 23:45:00,2026-08-13 07:45:00,1.96731,1.96768,1.96671,1.96699,0.0
2026-08-13 03:00:00,2026-08-13 00:00:00,2026-08-13 08:00:00,1.96673,1.96784,1.96673,1.96734,0.0
2026-08-13 03:15:00,2026-08-13 00:15:00,2026-08-13 08:15:00,1.96715,1.96739,1.96648,1.96688,0.0
2026-08-13 03:30:00,2026-08-13 00:30:00,2026-08-13 08:30:00,1.96688,1.96712,1.96623,1.96674,0.0
2026-08-13 03:45:00,2026-08-13 00:45:00,2026-08-13 08:45:00,1.96672,1.96766,1.9665,1.96716,0.0
2026-08-13 04:00:00,2026-08-13 01:00:00,2026-08-13 09:00:00,1.96732,1.96781,1.96665,1.96775,0.0
2026-08-13 04:15:00,2026-08-13 01:15:00,2026-08-13 09:15:00,1.96761,1.96827,1.96727,1.96783,0.0
2026-08-13 04:30:00,2026-08-13 01:30:00,2026-08-13 09:30:00,1.96781,1.96834,1.96703,1.96793,0.0
2026-08-13 04:45:00,2026-08-13 01:45:00,2026-08-13 09:45:00,1.96796,1.96876,1.96771,1.96814,0.0
2026-08-13 05:00:00,2026-08-13 02:00:00,2026-08-13 10:00:00,1.96801,1.96914,1.96764,1.9689,0.0
2026-08-13 05:15:00,2026-08-13 02:15:00,2026-08-13 10:15:00,1.96894,1.96919,1.9683,1.96859,0.0
2026-08-13 05:30:00,2026-08-13 02:30:00,2026-08-13 10:30:00,1.96861,1.96997,1.96846,1.96972,0.0
2026-08-13 05:45:00,2026-08-13 02:45:00,2026-08-13 10:45:00,1.96952,1.97029,1.96917,1.97011,0.0
2026-08-13 06:00:00,2026-08-13 03:00:00,2026-08-13 11:00:00,1.9699,1.97486,1.96978,1.97424,0.0
2026-08-13 06:15:00,2026-08-13 03:15:00,2026-08-13 11:15:00,1.97425,1.97563,1.97402,1.97469,0.0
2026-08-13 06:30:00,2026-08-13 03:30:00,2026-08-13 11:30:00,1.97469,1.97559,1.9742,1.97524,0.0
2026-08-13 06:45:00,2026-08-13 03:45:00,2026-08-13 11:45:00,1.97542,1.97588,1.97447,1.97582,0.0
2026-08-13 07:00:00,2026-08-13 04:00:00,2026-08-13 12:00:00,1.97564,1.97603,1.97506,1.9758,0.0
2026-08-13 07:15:00,2026-08-13 04:15:00,2026-08-13 12:15:00,1.97563,1.97692,1.97542,1.97645,0.0
2026-08-13 07:30:00,2026-08-13 04:30:00,2026-08-13 12:30:00,1.97643,1.97725,1.97607,1.97668,0.0
2026-08-13 07:45:00,2026-08-13 04:45:00,2026-08-13 12:45:00,1.97667,1.97704,1.97584,1.97632,0.0
2026-08-13 08:00:00,2026-08-13 05:00:00,2026-08-13 13:00:00,1.97618,1.97636,1.9752,1.97523,0.0
2026-08-13 08:15:00,2026-08-13 05:15:00,2026-08-13 13:15:00,1.9754,1.97604,1.97497,1.9755,0.0
2026-08-13 08:30:00,2026-08-13 05:30:00,2026-08-13 13:30:00,1.97549,1.97629,1.97516,1.97627,0.0
2026-08-13 08:45:00,2026-08-13 05:45:00,2026-08-13 13:45:00,1.97607,1.97689,1.97535,1.97551,0.0
2026-08-13 09:00:00,2026-08-13 06:00:00,2026-08-13 14:00:00,1.97558,1.97629,1.97451,1.97612,0.0
2026-08-13 09:15:00,2026-08-13 06:15:00,2026-08-13 14:15:00,1.97616,1.9765,1.97557,1.97633,0.0
2026-08-13 09:30:00,2026-08-13 06:30:00,2026-08-13 14:30:00,1.97617,1.97762,1.97563,1.97568,0.0
2026-08-13 09:45:00,2026-08-13 06:45:00,2026-08-13 14:45:00,1.9757,1.97602,1.97475,1.97526,0.0
2026-08-13 10:00:00,2026-08-13 07:00:00,2026-08-13 15:00:00,1.97479,1.97563,1.97446,1.97506,0.0
2026-08-13 10:15:00,2026-08-13 07:15:00,2026-08-13 15:15:00,1.97522,1.97614,1.97486,1.97586,0.0
2026-08-13 10:30:00,2026-08-13 07:30:00,2026-08-13 15:30:00,1.97597,1.97669,1.97511,1.97513,0.0
2026-08-13 10:45:00,2026-08-13 07:45:00,2026-08-13 15:45:00,1.97511,1.97575,1.97457,1.97514,0.0
2026-08-13 11:00:00,2026-08-13 08:00:00,2026-08-13 16:00:00,1.97531,1.97604,1.97488,1.97545,0.0
2026-08-13 11:15:00,2026-08-13 08:15:00,2026-08-13 16:15:00,1.97558,1.97607,1.97512,1.97558,0.0
2026-08-13 11:30:00,2026-08-13 08:30:00,2026-08-13 16:30:00,1.97556,1.97577,1.97436,1.97488,0.0
2026-08-13 11:45:00,2026-08-13 08:45:00,2026-08-13 16:45:00,1.97473,1.97556,1.97447,1.97518,0.0
2026-08-13 12:00:00,2026-08-13 09:00:00,2026-08-13 17:00:00,1.97535,1.97535,1.97428,1.97481,0.0
2026-08-13 12:15:00,2026-08-13 09:15:00,2026-08-13 17:15:00,1.97494,1.97506,1.97401,1.97446,0.0
2026-08-13 12:30:00,2026-08-13 09:30:00,2026-08-13 17:30:00,1.97446,1.97491,1.97348,1.97394,0.0
2026-08-13 12:45:00,2026-08-13 09:45:00,2026-08-13 17:45:00,1.9738,1.97417,1.97317,1.9737,0.0
2026-08-13 13:00:00,2026-08-13 10:00:00,2026-08-13 18:00:00,1.9737,1.97418,1.9731,1.9737,0.0
2026-08-13 13:15:00,2026-08-13 10:15:00,2026-08-13 18:15:00,1.97355,1.97397,1.97299,1.97344,0.0
2026-08-13 13:30:00,2026-08-13 10:30:00,2026-08-13 18:30:00,1.97344,1.97397,1.97319,1.97391,0.0
2026-08-13 13:45:00,2026-08-13 10:45:00,2026-08-13 18:45:00,1.97375,1.97443,1.97345,1.97375,0.0
2026-08-13 14:00:00,2026-08-13 11:00:00,2026-08-13 19:00:00,1.97378,1.97455,1.97352,1.97412,0.0
2026-08-13 14:15:00,2026-08-13 11:15:00,2026-08-13 19:15:00,1.97412,1.97449,1.97362,1.97387,0.0
2026-08-13 14:30:00,2026-08-13 11:30:00,2026-08-13 19:30:00,1.97402,1.97402,1.97299,1.97339,0.0
2026-08-13 14:45:00,2026-08-13 11:45:00,2026-08-13 19:45:00,1.9734,1.97365,1.97251,1.97323,0.0
2026-08-13 15:00:00,2026-08-13 12:00:00,2026-08-13 20:00:00,1.97326,1.97395,1.97304,1.97352,0.0
2026-08-13 15:15:00,2026-08-13 12:15:00,2026-08-13 20:15:00,1.97339,1.97389,1.97271,1.97318,0.0
2026-08-13 15:30:00,2026-08-13 12:30:00,2026-08-13 20:30:00,1.97319,1.97363,1.97059,1.97247,0.0
2026-08-13 15:45:00,2026-08-13 12:45:00,2026-08-13 20:45:00,1.97243,1.97271,1.97132,1.97162,0.0
2026-08-13 16:00:00,2026-08-13 13:00:00,2026-08-13 21:00:00,1.97147,1.97237,1.97136,1.97176,0.0
2026-08-13 16:15:00,2026-08-13 13:15:00,2026-08-13 21:15:00,1.97158,1.97251,1.97152,1.97237,0.0
2026-08-13 16:30:00,2026-08-13 13:30:00,2026-08-13 21:30:00,1.9724,1.9733,1.97172,1.97249,0.0
2026-08-13 16:45:00,2026-08-13 13:45:00,2026-08-13 21:45:00,1.97248,1.97325,1.97209,1.97308,0.0
2026-08-13 17:00:00,2026-08-13 14:00:00,2026-08-13 22:00:00,1.97305,1.97321,1.9716,1.97163,0.0
2026-08-13 17:15:00,2026-08-13 14:15:00,2026-08-13 22:15:00,1.97163,1.97211,1.97068,1.97127,0.0
2026-08-13 17:30:00,2026-08-13 14:30:00,2026-08-13 22:30:00,1.97132,1.97217,1.97105,1.97133,0.0
2026-08-13 17:45:00,2026-08-13 14:45:00,2026-08-13 22:45:00,1.97134,1.97186,1.97023,1.97133,0.0
2026-08-13 18:00:00,2026-08-13 15:00:00,2026-08-13 23:00:00,1.97133,1.97213,1.971,1.97202,0.0
2026-08-13 18:15:00,2026-08-13 15:15:00,2026-08-13 23:15:00,1.97182,1.97245,1.97128,1.97206,0.0
2026-08-13 18:30:00,2026-08-13 15:30:00,2026-08-13 23:30:00,1.9722,1.97239,1.97131,1.97174,0.0
2026-08-13 18:45:00,2026-08-13 15:45:00,2026-08-13 23:45:00,1.97172,1.97233,1.97141,1.97184,0.0
2026-08-13 19:00:00,2026-08-13 16:00:00,2026-08-14 00:00:00,1.97201,1.97228,1.9712,1.97202,0.0
2026-08-13 19:15:00,2026-08-13 16:15:00,2026-08-14 00:15:00,1.97217,1.97229,1.97144,1.97168,0.0
2026-08-13 19:30:00,2026-08-13 16:30:00,2026-08-14 00:30:00,1.97153,1.9717,1.97086,1.97113,0.0
2026-08-13 19:45:00,2026-08-13 16:45:00,2026-08-14 00:45:00,1.97114,1.9716,1.97074,1.97129,0.0
2026-08-13 20:00:00,2026-08-13 17:00:00,2026-08-14 01:00:00,1.97131,1.97146,1.9708,1.97129,0.0
2026-08-13 20:15:00,2026-08-13 17:15:00,2026-08-14 01:15:00,1.97111,1.97162,1.97066,1.97144,0.0
2026-08-13 20:30:00,2026-08-13 17:30:00,2026-08-14 01:30:00,1.97145,1.97173,1.971,1.97132,0.0
2026-08-13 20:45:00,2026-08-13 17:45:00,2026-08-14 01:45:00,1.97117,1.97175,1.97071,1.97155,0.0
2026-08-13 21:00:00,2026-08-13 18:00:00,2026-08-14 02:00:00,1.97156,1.97176,1.9707,1.97095,0.0
2026-08-13 21:15:00,2026-08-13 18:15:00,2026-08-14 02:15:00,1.9711,1.97154,1.97073,1.97106,0.0
2026-08-13 21:30:00,2026-08-13 18:30:00,2026-08-14 02:30:00,1.97107,1.97142,1.97058,1.97089,0.0
2026-08-13 21:45:00,2026-08-13 18:45:00,2026-08-14 02:45:00,1.97106,1.97112,1.9705,1.97105,0.0
2026-08-13 22:00:00,2026-08-13 19:00:00,2026-08-14 03:00:00,1.97092,1.97128,1.96962,1.97078,0.0
2026-08-13 22:15:00,2026-08-13 19:15:00,2026-08-14 03:15:00,1.97083,1.97114,1.97022,1.97053,0.0
2026-08-13 22:30:00,2026-08-13 19:30:00,2026-08-14 03:30:00,1.97073,1.97082,1.97005,1.97061,0.0
2026-08-13 22:45:00,2026-08-13 19:45:00,2026-08-14 03:45:00,1.97079,1.97096,1.96983,1.97015,0.0
2026-08-13 23:00:00,2026-08-13 20:00:00,2026-08-14 04:00:00,1.97016,1.97041,1.96968,1.9701,0.0
2026-08-13 23:15:00,2026-08-13 20:15:00,2026-08-14 04:15:00,1.9701,1.97047,1.96971,1.97027,0.0
2026-08-13 23:30:00,2026-08-13 20:30:00,2026-08-14 04:30:00,1.97027,1.97071,1.96992,1.97024,0.0
2026-08-13 23:45:00,2026-08-13 20:45:00,2026-08-14 04:45:00,1.97024,1.97053,1.96972,1.96973,0.0
2026-08-14 00:00:00,2026-08-13 21:00:00,2026-08-14 05:00:00,1.96973,1.97071,1.96894,1.97001,0.0
2026-08-14 00:15:00,2026-08-13 21:15:00,2026-08-14 05:15:00,1.97045,1.97081,1.96995,1.97067,0.0
2026-08-14 00:30:00,2026-08-13 21:30:00,2026-08-14 05:30:00,1.97067,1.9708,1.96942,1.97035,0.0
2026-08-14 00:45:00,2026-08-13 21:45:00,2026-08-14 05:45:00,1.97038,1.97161,1.96954,1.97117,0.0
2026-08-14 01:00:00,2026-08-13 22:00:00,2026-08-14 06:00:00,1.97057,1.97122,1.97022,1.97075,0.0
2026-08-14 01:15:00,2026-08-13 22:15:00,2026-08-14 06:15:00,1.97054,1.97085,1.97013,1.97054,0.0
2026-08-14 01:30:00,2026-08-13 22:30:00,2026-08-14 06:30:00,1.97054,1.97075,1.97008,1.97031,0.0
2026-08-14 01:45:00,2026-08-13 22:45:00,2026-08-14 06:45:00,1.97054,1.97061,1.97009,1.97056,0.0
2026-08-14 02:00:00,2026-08-13 23:00:00,2026-08-14 07:00:00,1.97026,1.97088,1.97011,1.97065,0.0
2026-08-14 02:15:00,2026-08-13 23:15:00,2026-08-14 07:15:00,1.97061,1.97074,1.97019,1.9704,0.0
2026-08-14 02:30:00,2026-08-13 23:30:00,2026-08-14 07:30:00,1.9704,1.97075,1.97006,1.97053,0.0
2026-08-14 02:45:00,2026-08-13 23:45:00,2026-08-14 07:45:00,1.97048,1.97058,1.96973,1.97015,0.0
2026-08-14 03:00:00,2026-08-14 00:00:00,2026-08-14 08:00:00,1.97009,1.97043,1.96888,1.96945,0.0
2026-08-14 03:15:00,2026-08-14 00:15:00,2026-08-14 08:15:00,1.96945,1.96981,1.9689,1.96945,0.0
2026-08-14 03:30:00,2026-08-14 00:30:00,2026-08-14 08:30:00,1.96929,1.97007,1.96918,1.96945,0.0
2026-08-14 03:45:00,2026-08-14 00:45:00,2026-08-14 08:45:00,1.96946,1.96974,1.96861,1.9691,0.0
2026-08-14 04:00:00,2026-08-14 01:00:00,2026-08-14 09:00:00,1.96908,1.96988,1.96882,1.96951,0.0
2026-08-14 04:15:00,2026-08-14 01:15:00,2026-08-14 09:15:00,1.96966,1.97027,1.96924,1.96957,0.0
2026-08-14 04:30:00,2026-08-14 01:30:00,2026-08-14 09:30:00,1.96957,1.97001,1.96886,1.96917,0.0
2026-08-14 04:45:00,2026-08-14 01:45:00,2026-08-14 09:45:00,1.96934,1.96967,1.96866,1.96945,0.0
2026-08-14 05:00:00,2026-08-14 02:00:00,2026-08-14 10:00:00,1.96948,1.9697,1.96839,1.96899,0.0
2026-08-14 05:15:00,2026-08-14 02:15:00,2026-08-14 10:15:00,1.96879,1.96902,1.96779,1.96828,0.0
2026-08-14 05:30:00,2026-08-14 02:30:00,2026-08-14 10:30:00,1.96843,1.96869,1.9674,1.96782,0.0
2026-08-14 05:45:00,2026-08-14 02:45:00,2026-08-14 10:45:00,1.9676,1.96849,1.96732,1.96821,0.0
2026-08-14 06:00:00,2026-08-14 03:00:00,2026-08-14 11:00:00,1.96814,1.96814,1.96705,1.96739,0.0
2026-08-14 06:15:00,2026-08-14 03:15:00,2026-08-14 11:15:00,1.96737,1.9676,1.96651,1.96666,0.0
2026-08-14 06:30:00,2026-08-14 03:30:00,2026-08-14 11:30:00,1.96686,1.96707,1.96605,1.96607,0.0
2026-08-14 06:45:00,2026-08-14 03:45:00,2026-08-14 11:45:00,1.96629,1.96672,1.96595,1.96638,0.0
2026-08-14 07:00:00,2026-08-14 04:00:00,2026-08-14 12:00:00,1.96623,1.96666,1.96583,1.96638,0.0
2026-08-14 07:15:00,2026-08-14 04:15:00,2026-08-14 12:15:00,1.96655,1.96671,1.966,1.9664,0.0
2026-08-14 07:30:00,2026-08-14 04:30:00,2026-08-14 12:30:00,1.96639,1.96691,1.96624,1.96682,0.0
2026-08-14 07:45:00,2026-08-14 04:45:00,2026-08-14 12:45:00,1.96668,1.96708,1.96649,1.96682,0.0
2026-08-14 08:00:00,2026-08-14 05:00:00,2026-08-14 13:00:00,1.9668,1.96729,1.96641,1.96695,0.0
2026-08-14 08:15:00,2026-08-14 05:15:00,2026-08-14 13:15:00,1.96696,1.96726,1.96603,1.9665,0.0
2026-08-14 08:30:00,2026-08-14 05:30:00,2026-08-14 13:30:00,1.9663,1.96704,1.9661,1.96678,0.0
2026-08-14 08:45:00,2026-08-14 05:45:00,2026-08-14 13:45:00,1.96678,1.96716,1.96622,1.96658,0.0
2026-08-14 09:00:00,2026-08-14 06:00:00,2026-08-14 14:00:00,1.96644,1.96709,1.9663,1.96686,0.0
2026-08-14 09:15:00,2026-08-14 06:15:00,2026-08-14 14:15:00,1.96667,1.9671,1.96623,1.96674,0.0
2026-08-14 09:30:00,2026-08-14 06:30:00,2026-08-14 14:30:00,1.96674,1.9675,1.96658,1.9671,0.0
2026-08-14 09:45:00,2026-08-14 06:45:00,2026-08-14 14:45:00,1.96695,1.9671,1.96619,1.96663,0.0
2026-08-14 10:00:00,2026-08-14 07:00:00,2026-08-14 15:00:00,1.96648,1.96678,1.9659,1.9663,0.0
2026-08-14 10:15:00,2026-08-14 07:15:00,2026-08-14 15:15:00,1.9663,1.96706,1.96606,1.96685,0.0
2026-08-14 10:30:00,2026-08-14 07:30:00,2026-08-14 15:30:00,1.96666,1.96714,1.96577,1.96594,0.0
2026-08-14 10:45:00,2026-08-14 07:45:00,2026-08-14 15:45:00,1.96606,1.96614,1.96545,1.96573,0.0
2026-08-14 11:00:00,2026-08-14 08:00:00,2026-08-14 16:00:00,1.96585,1.96667,1.9653,1.96634,0.0
2026-08-14 11:15:00,2026-08-14 08:15:00,2026-08-14 16:15:00,1.96652,1.96658,1.96495,1.96546,0.0
2026-08-14 11:30:00,2026-08-14 08:30:00,2026-08-14 16:30:00,1.96532,1.96624,1.96525,1.96624,0.0
2026-08-14 11:45:00,2026-08-14 08:45:00,2026-08-14 16:45:00,1.96607,1.96638,1.96552,1.96635,0.0
2026-08-14 12:00:00,2026-08-14 09:00:00,2026-08-14 17:00:00,1.96592,1.9664,1.96529,1.96546,0.0
2026-08-14 12:15:00,2026-08-14 09:15:00,2026-08-14 17:15:00,1.96547,1.96568,1.96414,1.96453,0.0
2026-08-14 12:30:00,2026-08-14 09:30:00,2026-08-14 17:30:00,1.96465,1.96501,1.96393,1.96473,0.0
2026-08-14 12:45:00,2026-08-14 09:45:00,2026-08-14 17:45:00,1.96457,1.96507,1.96422,1.96482,0.0
2026-08-14 13:00:00,2026-08-14 10:00:00,2026-08-14 18:00:00,1.96467,1.9648,1.96338,1.96393,0.0
2026-08-14 13:15:00,2026-08-14 10:15:00,2026-08-14 18:15:00,1.96411,1.96455,1.96355,1.96402,0.0
2026-08-14 13:30:00,2026-08-14 10:30:00,2026-08-14 18:30:00,1.96387,1.96473,1.96342,1.96458,0.0
2026-08-14 13:45:00,2026-08-14 10:45:00,2026-08-14 18:45:00,1.96477,1.96484,1.96395,1.96426,0.0
2026-08-14 14:00:00,2026-08-14 11:00:00,2026-08-14 19:00:00,1.96429,1.96475,1.96391,1.96439,0.0
2026-08-14 14:15:00,2026-08-14 11:15:00,2026-08-14 19:15:00,1.96425,1.96469,1.96337,1.96385,0.0
2026-08-14 14:30:00,2026-08-14 11:30:00,2026-08-14 19:30:00,1.96402,1.96461,1.96356,1.96414,0.0
2026-08-14 14:45:00,2026-08-14 11:45:00,2026-08-14 19:45:00,1.96413,1.96517,1.96381,1.96395,0.0
2026-08-14 15:00:00,2026-08-14 12:00:00,2026-08-14 20:00:00,1.96411,1.96456,1.9637,1.96436,0.0
2026-08-14 15:15:00,2026-08-14 12:15:00,2026-08-14 20:15:00,1.96418,1.96449,1.96232,1.96248,0.0
2026-08-14 15:30:00,2026-08-14 12:30:00,2026-08-14 20:30:00,1.96286,1.96405,1.96208,1.96377,0.0
2026-08-14 15:45:00,2026-08-14 12:45:00,2026-08-14 20:45:00,1.96377,1.96407,1.96302,1.96359,0.0
2026-08-14 16:00:00,2026-08-14 13:00:00,2026-08-14 21:00:00,1.96359,1.96442,1.96291,1.96422,0.0
2026-08-14 16:15:00,2026-08-14 13:15:00,2026-08-14 21:15:00,1.96418,1.96469,1.96386,1.96416,0.0
2026-08-14 16:30:00,2026-08-14 13:30:00,2026-08-14 21:30:00,1.96419,1.96486,1.96401,1.96421,0.0
2026-08-14 16:45:00,2026-08-14 13:45:00,2026-08-14 21:45:00,1.9643,1.96514,1.96369,1.96404,0.0
2026-08-14 17:00:00,2026-08-14 14:00:00,2026-08-14 22:00:00,1.96446,1.96489,1.96389,1.96455,0.0
2026-08-14 17:15:00,2026-08-14 14:15:00,2026-08-14 22:15:00,1.96427,1.96518,1.96402,1.96477,0.0
2026-08-14 17:30:00,2026-08-14 14:30:00,2026-08-14 22:30:00,1.96479,1.96597,1.96465,1.96517,0.0
2026-08-14 17:45:00,2026-08-14 14:45:00,2026-08-14 22:45:00,1.9652,1.96578,1.96461,1.96501,0.0
2026-08-14 18:00:00,2026-08-14 15:00:00,2026-08-14 23:00:00,1.96526,1.9655,1.96405,1.96434,0.0
2026-08-14 18:15:00,2026-08-14 15:15:00,2026-08-14 23:15:00,1.96464,1.96477,1.96377,1.96442,0.0
2026-08-14 18:30:00,2026-08-14 15:30:00,2026-08-14 23:30:00,1.96443,1.96474,1.96404,1.96409,0.0
2026-08-14 18:45:00,2026-08-14 15:45:00,2026-08-14 23:45:00,1.9641,1.96438,1.96342,1.96412,0.0
2026-08-14 19:00:00,2026-08-14 16:00:00,2026-08-15 00:00:00,1.96383,1.96425,1.9634,1.9638,0.0
2026-08-14 19:15:00,2026-08-14 16:15:00,2026-08-15 00:15:00,1.96396,1.96457,1.96359,1.96426,0.0
2026-08-14 19:30:00,2026-08-14 16:30:00,2026-08-15 00:30:00,1.96422,1.96457,1.96341,1.96427,0.0
2026-08-14 19:45:00,2026-08-14 16:45:00,2026-08-15 00:45:00,1.96444,1.96481,1.964,1.96442,0.0
2026-08-14 20:00:00,2026-08-14 17:00:00,2026-08-15 01:00:00,1.96459,1.96476,1.96398,1.96452,0.0
2026-08-14 20:15:00,2026-08-14 17:15:00,2026-08-15 01:15:00,1.96466,1.96499,1.96404,1.96445,0.0
2026-08-14 20:30:00,2026-08-14 17:30:00,2026-08-15 01:30:00,1.9646,1.96503,1.96431,1.96486,0.0
2026-08-14 20:45:00,2026-08-14 17:45:00,2026-08-15 01:45:00,1.965,1.965,1.9643,1.96482,0.0
2026-08-14 21:00:00,2026-08-14 18:00:00,2026-08-15 02:00:00,1.9648,1.96507,1.96437,1.96469,0.0
2026-08-14 21:15:00,2026-08-14 18:15:00,2026-08-15 02:15:00,1.96468,1.96496,1.96419,1.96447,0.0
2026-08-14 21:30:00,2026-08-14 18:30:00,2026-08-15 02:30:00,1.96447,1.9648,1.964,1.96446,0.0
2026-08-14 21:45:00,2026-08-14 18:45:00,2026-08-15 02:45:00,1.96448,1.96458,1.96369,1.96412,0.0
2026-08-14 22:00:00,2026-08-14 19:00:00,2026-08-15 03:00:00,1.96397,1.96423,1.96347,1.96385,0.0
2026-08-14 22:15:00,2026-08-14 19:15:00,2026-08-15 03:15:00,1.96408,1.96433,1.96358,1.96409,0.0
2026-08-14 22:30:00,2026-08-14 19:30:00,2026-08-15 03:30:00,1.96385,1.9646,1.96374,1.96415,0.0
2026-08-14 22:45:00,2026-08-14 19:45:00,2026-08-15 03:45:00,1.96457,1.96458,1.96365,1.96374,0.0
2026-08-14 23:00:00,2026-08-14 20:00:00,2026-08-15 04:00:00,1.96374,1.96437,1.96369,1.964,0.0
2026-08-14 23:15:00,2026-08-14 20:15:00,2026-08-15 04:15:00,1.964,1.96441,1.96367,1.96382,0.0
2026-08-14 23:30:00,2026-08-14 20:30:00,2026-08-15 04:30:00,1.96421,1.96421,1.96329,1.96384,0.0
2026-08-14 23:45:00,2026-08-14 20:45:00,2026-08-15 04:45:00,1.96382,1.96425,1.96252,1.96348,0.0
2026-08-15 00:00:00,2026-08-14 21:00:00,2026-08-15 05:00:00,1.96318,1.96318,1.96318,1.96318,0.0
2026-08-15 00:15:00,2026-08-14 21:15:00,2026-08-15 05:15:00,1.96318,1.96318,1.96318,1.96318,0.0
2026-08-17 00:15:00,2026-08-16 21:15:00,2026-08-17 05:15:00,1.96224,1.96224,1.96222,1.96222,4.0
2026-08-17 00:30:00,2026-08-16 21:30:00,2026-08-17 05:30:00,1.96152,1.96206,1.96076,1.96087,209.0
2026-08-17 00:45:00,2026-08-16 21:45:00,2026-08-17 05:45:00,1.96089,1.96192,1.96071,1.96192,568.0
2026-08-17 01:00:00,2026-08-16 22:00:00,2026-08-17 06:00:00,1.96326,1.9641,1.96323,1.96377,823.0
2026-08-17 01:15:00,2026-08-16 22:15:00,2026-08-17 06:15:00,1.96411,1.9644,1.96404,1.96416,611.0
2026-08-17 01:30:00,2026-08-16 22:30:00,2026-08-17 06:30:00,1.96419,1.9643,1.9638,1.964,692.0
2026-08-17 01:45:00,2026-08-16 22:45:00,2026-08-17 06:45:00,1.96402,1.96451,1.96398,1.96418,787.0
2026-08-17 02:00:00,2026-08-16 23:00:00,2026-08-17 07:00:00,1.96412,1.96454,1.96364,1.96422,0.0
2026-08-17 02:15:00,2026-08-16 23:15:00,2026-08-17 07:15:00,1.96426,1.96439,1.96376,1.96432,0.0
2026-08-17 02:30:00,2026-08-16 23:30:00,2026-08-17 07:30:00,1.9641,1.96466,1.96384,1.96434,0.0
2026-08-17 02:45:00,2026-08-16 23:45:00,2026-08-17 07:45:00,1.96413,1.96483,1.9639,1.9648,0.0
2026-08-17 03:00:00,2026-08-17 00:00:00,2026-08-17 08:00:00,1.96481,1.96481,1.96276,1.96305,0.0
2026-08-17 03:15:00,2026-08-17 00:15:00,2026-08-17 08:15:00,1.96287,1.96318,1.96026,1.96048,0.0
2026-08-17 03:30:00,2026-08-17 00:30:00,2026-08-17 08:30:00,1.96064,1.96067,1.95969,1.96062,0.0
2026-08-17 03:45:00,2026-08-17 00:45:00,2026-08-17 08:45:00,1.96058,1.96079,1.95916,1.9595,0.0
2026-08-17 04:00:00,2026-08-17 01:00:00,2026-08-17 09:00:00,1.95966,1.96114,1.9593,1.96086,0.0
2026-08-17 04:15:00,2026-08-17 01:15:00,2026-08-17 09:15:00,1.96083,1.96114,1.96015,1.96074,0.0
2026-08-17 04:30:00,2026-08-17 01:30:00,2026-08-17 09:30:00,1.96059,1.9613,1.96049,1.96073,0.0
2026-08-17 04:45:00,2026-08-17 01:45:00,2026-08-17 09:45:00,1.96058,1.96101,1.96001,1.96079,0.0
2026-08-17 05:00:00,2026-08-17 02:00:00,2026-08-17 10:00:00,1.96096,1.96137,1.96064,1.96112,0.0
2026-08-17 05:15:00,2026-08-17 02:15:00,2026-08-17 10:15:00,1.96112,1.96154,1.96074,1.96118,0.0
2026-08-17 05:30:00,2026-08-17 02:30:00,2026-08-17 10:30:00,1.96104,1.96154,1.96023,1.96107,0.0
2026-08-17 05:45:00,2026-08-17 02:45:00,2026-08-17 10:45:00,1.96103,1.96136,1.96043,1.96122,0.0
2026-08-17 06:00:00,2026-08-17 03:00:00,2026-08-17 11:00:00,1.96103,1.96129,1.96038,1.96085,0.0
2026-08-17 06:15:00,2026-08-17 03:15:00,2026-08-17 11:15:00,1.96067,1.96102,1.96011,1.9607,0.0
2026-08-17 06:30:00,2026-08-17 03:30:00,2026-08-17 11:30:00,1.96053,1.96184,1.96023,1.96155,0.0
2026-08-17 06:45:00,2026-08-17 03:45:00,2026-08-17 11:45:00,1.9615,1.9616,1.96067,1.96106,0.0
2026-08-17 07:00:00,2026-08-17 04:00:00,2026-08-17 12:00:00,1.96092,1.96143,1.96056,1.96087,0.0
2026-08-17 07:15:00,2026-08-17 04:15:00,2026-08-17 12:15:00,1.96089,1.96136,1.95998,1.9605,0.0
2026-08-17 07:30:00,2026-08-17 04:30:00,2026-08-17 12:30:00,1.9605,1.96103,1.95993,1.96027,0.0
2026-08-17 07:45:00,2026-08-17 04:45:00,2026-08-17 12:45:00,1.96008,1.96063,1.95978,1.9602,0.0
2026-08-17 08:00:00,2026-08-17 05:00:00,2026-08-17 13:00:00,1.96035,1.96041,1.95919,1.95983,0.0
2026-08-17 08:15:00,2026-08-17 05:15:00,2026-08-17 13:15:00,1.96,1.96004,1.95881,1.95923,0.0
2026-08-17 08:30:00,2026-08-17 05:30:00,2026-08-17 13:30:00,1.95924,1.95952,1.95868,1.95877,0.0
2026-08-17 08:45:00,2026-08-17 05:45:00,2026-08-17 13:45:00,1.95878,1.9593,1.95813,1.9587,0.0
2026-08-17 09:00:00,2026-08-17 06:00:00,2026-08-17 14:00:00,1.95888,1.9595,1.9584,1.95903,0.0
2026-08-17 09:15:00,2026-08-17 06:15:00,2026-08-17 14:15:00,1.9592,1.9597,1.95887,1.95956,0.0
2026-08-17 09:30:00,2026-08-17 06:30:00,2026-08-17 14:30:00,1.95937,1.95956,1.95807,1.95852,0.0
2026-08-17 09:45:00,2026-08-17 06:45:00,2026-08-17 14:45:00,1.95838,1.9586,1.95738,1.95798,0.0
2026-08-17 10:00:00,2026-08-17 07:00:00,2026-08-17 15:00:00,1.95779,1.95875,1.95722,1.95848,0.0
2026-08-17 10:15:00,2026-08-17 07:15:00,2026-08-17 15:15:00,1.95847,1.96013,1.95824,1.95965,0.0
2026-08-17 10:30:00,2026-08-17 07:30:00,2026-08-17 15:30:00,1.95978,1.96047,1.959,1.96025,0.0
2026-08-17 10:45:00,2026-08-17 07:45:00,2026-08-17 15:45:00,1.96041,1.96087,1.95975,1.96012,0.0
2026-08-17 11:00:00,2026-08-17 08:00:00,2026-08-17 16:00:00,1.96022,1.96082,1.95999,1.96039,0.0
2026-08-17 11:15:00,2026-08-17 08:15:00,2026-08-17 16:15:00,1.96051,1.96103,1.95988,1.9602,0.0
2026-08-17 11:30:00,2026-08-17 08:30:00,2026-08-17 16:30:00,1.96007,1.96032,1.95907,1.95948,0.0
2026-08-17 11:45:00,2026-08-17 08:45:00,2026-08-17 16:45:00,1.9595,1.95982,1.95842,1.95886,0.0
2026-08-17 12:00:00,2026-08-17 09:00:00,2026-08-17 17:00:00,1.95904,1.95934,1.95851,1.95868,0.0
2026-08-17 12:15:00,2026-08-17 09:15:00,2026-08-17 17:15:00,1.95858,1.95934,1.95836,1.95892,0.0
2026-08-17 12:30:00,2026-08-17 09:30:00,2026-08-17 17:30:00,1.9591,1.9591,1.95758,1.95778,0.0
2026-08-17 12:45:00,2026-08-17 09:45:00,2026-08-17 17:45:00,1.95778,1.95809,1.9573,1.95761,0.0
2026-08-17 13:00:00,2026-08-17 10:00:00,2026-08-17 18:00:00,1.95778,1.95778,1.95711,1.9575,0.0
2026-08-17 13:15:00,2026-08-17 10:15:00,2026-08-17 18:15:00,1.95738,1.95792,1.95667,1.95692,0.0
2026-08-17 13:30:00,2026-08-17 10:30:00,2026-08-17 18:30:00,1.95698,1.95774,1.95669,1.95706,0.0
2026-08-17 13:45:00,2026-08-17 10:45:00,2026-08-17 18:45:00,1.95722,1.95745,1.95671,1.95721,0.0
2026-08-17 14:00:00,2026-08-17 11:00:00,2026-08-17 19:00:00,1.95733,1.95745,1.95664,1.95728,0.0
2026-08-17 14:15:00,2026-08-17 11:15:00,2026-08-17 19:15:00,1.95726,1.95798,1.95711,1.95782,0.0
2026-08-17 14:30:00,2026-08-17 11:30:00,2026-08-17 19:30:00,1.95797,1.95923,1.95781,1.95904,0.0
2026-08-17 14:45:00,2026-08-17 11:45:00,2026-08-17 19:45:00,1.9589,1.95937,1.95851,1.95893,0.0
2026-08-17 15:00:00,2026-08-17 12:00:00,2026-08-17 20:00:00,1.95918,1.95961,1.9587,1.95927,0.0
2026-08-17 15:15:00,2026-08-17 12:15:00,2026-08-17 20:15:00,1.95927,1.96006,1.95884,1.95897,0.0
2026-08-17 15:30:00,2026-08-17 12:30:00,2026-08-17 20:30:00,1.95926,1.96051,1.95888,1.96016,0.0
2026-08-17 15:45:00,2026-08-17 12:45:00,2026-08-17 20:45:00,1.95997,1.96057,1.95952,1.95978,0.0
2026-08-17 16:00:00,2026-08-17 13:00:00,2026-08-17 21:00:00,1.95978,1.96003,1.95932,1.95953,0.0
2026-08-17 16:15:00,2026-08-17 13:15:00,2026-08-17 21:15:00,1.95953,1.95976,1.95895,1.95958,0.0
2026-08-17 16:30:00,2026-08-17 13:30:00,2026-08-17 21:30:00,1.95936,1.96053,1.9593,1.96038,0.0
2026-08-17 16:45:00,2026-08-17 13:45:00,2026-08-17 21:45:00,1.96041,1.96093,1.95872,1.95893,0.0
2026-08-17 17:00:00,2026-08-17 14:00:00,2026-08-17 22:00:00,1.95893,1.95986,1.95864,1.95897,0.0
2026-08-17 17:15:00,2026-08-17 14:15:00,2026-08-17 22:15:00,1.95898,1.95946,1.95825,1.95913,0.0
2026-08-17 17:30:00,2026-08-17 14:30:00,2026-08-17 22:30:00,1.9593,1.95949,1.95816,1.95948,0.0
2026-08-17 17:45:00,2026-08-17 14:45:00,2026-08-17 22:45:00,1.95933,1.96091,1.95885,1.96024,0.0
2026-08-17 18:00:00,2026-08-17 15:00:00,2026-08-17 23:00:00,1.96041,1.96066,1.95984,1.96058,0.0
2026-08-17 18:15:00,2026-08-17 15:15:00,2026-08-17 23:15:00,1.9604,1.9607,1.95984,1.96025,0.0
2026-08-17 18:30:00,2026-08-17 15:30:00,2026-08-17 23:30:00,1.96014,1.96097,1.95998,1.96092,0.0
2026-08-17 18:45:00,2026-08-17 15:45:00,2026-08-17 23:45:00,1.9608,1.9614,1.96038,1.96116,0.0
2026-08-17 19:00:00,2026-08-17 16:00:00,2026-08-18 00:00:00,1.96134,1.96148,1.96065,1.96098,0.0
2026-08-17 19:15:00,2026-08-17 16:15:00,2026-08-18 00:15:00,1.96099,1.96147,1.96067,1.96091,0.0
2026-08-17 19:30:00,2026-08-17 16:30:00,2026-08-18 00:30:00,1.96105,1.96124,1.9606,1.96107,0.0
2026-08-17 19:45:00,2026-08-17 16:45:00,2026-08-18 00:45:00,1.96108,1.96146,1.96075,1.96125,0.0
2026-08-17 20:00:00,2026-08-17 17:00:00,2026-08-18 01:00:00,1.96135,1.96166,1.96095,1.96144,0.0
2026-08-17 20:15:00,2026-08-17 17:15:00,2026-08-18 01:15:00,1.96126,1.96253,1.96098,1.96196,0.0
2026-08-17 20:30:00,2026-08-17 17:30:00,2026-08-18 01:30:00,1.96182,1.96271,1.96167,1.96202,0.0
2026-08-17 20:45:00,2026-08-17 17:45:00,2026-08-18 01:45:00,1.96206,1.96232,1.96142,1.96209,0.0
2026-08-17 21:00:00,2026-08-17 18:00:00,2026-08-18 02:00:00,1.96209,1.96235,1.96148,1.96188,0.0
2026-08-17 21:15:00,2026-08-17 18:15:00,2026-08-18 02:15:00,1.96175,1.96197,1.96101,1.9614,0.0
2026-08-17 21:30:00,2026-08-17 18:30:00,2026-08-18 02:30:00,1.96142,1.96162,1.96083,1.96117,0.0
2026-08-17 21:45:00,2026-08-17 18:45:00,2026-08-18 02:45:00,1.96132,1.96152,1.96067,1.9612,0.0
2026-08-17 22:00:00,2026-08-17 19:00:00,2026-08-18 03:00:00,1.96132,1.96201,1.95995,1.9617,0.0
2026-08-17 22:15:00,2026-08-17 19:15:00,2026-08-18 03:15:00,1.96169,1.96192,1.96075,1.96127,0.0
2026-08-17 22:30:00,2026-08-17 19:30:00,2026-08-18 03:30:00,1.96107,1.96127,1.96055,1.96078,0.0
2026-08-17 22:45:00,2026-08-17 19:45:00,2026-08-18 03:45:00,1.96078,1.96122,1.96048,1.96099,0.0
2026-08-17 23:00:00,2026-08-17 20:00:00,2026-08-18 04:00:00,1.96116,1.96134,1.96057,1.96128,0.0
2026-08-17 23:15:00,2026-08-17 20:15:00,2026-08-18 04:15:00,1.9613,1.96144,1.96068,1.96116,0.0
2026-08-17 23:30:00,2026-08-17 20:30:00,2026-08-18 04:30:00,1.96116,1.96237,1.96113,1.96178,0.0
2026-08-17 23:45:00,2026-08-17 20:45:00,2026-08-18 04:45:00,1.96151,1.96209,1.96123,1.96124,0.0
2026-08-18 00:00:00,2026-08-17 21:00:00,2026-08-18 05:00:00,1.9612,1.96256,1.96009,1.96034,0.0
2026-08-18 00:15:00,2026-08-17 21:15:00,2026-08-18 05:15:00,1.96057,1.9615,1.96012,1.96107,0.0
2026-08-18 00:30:00,2026-08-17 21:30:00,2026-08-18 05:30:00,1.96071,1.96186,1.9603,1.96143,0.0
2026-08-18 00:45:00,2026-08-17 21:45:00,2026-08-18 05:45:00,1.9606,1.96201,1.96053,1.96144,0.0
2026-08-18 01:00:00,2026-08-17 22:00:00,2026-08-18 06:00:00,1.96166,1.96282,1.9607,1.96183,0.0
2026-08-18 01:15:00,2026-08-17 22:15:00,2026-08-18 06:15:00,1.9621,1.96222,1.9613,1.9617,0.0
2026-08-18 01:30:00,2026-08-17 22:30:00,2026-08-18 06:30:00,1.96145,1.96176,1.96109,1.96128,0.0
2026-08-18 01:45:00,2026-08-17 22:45:00,2026-08-18 06:45:00,1.96154,1.96162,1.96098,1.96153,0.0
2026-08-18 02:00:00,2026-08-17 23:00:00,2026-08-18 07:00:00,1.96132,1.96166,1.9606,1.96104,0.0
2026-08-18 02:15:00,2026-08-17 23:15:00,2026-08-18 07:15:00,1.96102,1.96106,1.96038,1.96051,0.0
2026-08-18 02:30:00,2026-08-17 23:30:00,2026-08-18 07:30:00,1.96051,1.96172,1.96029,1.96169,0.0
2026-08-18 02:45:00,2026-08-17 23:45:00,2026-08-18 07:45:00,1.96144,1.96179,1.96064,1.96122,0.0
2026-08-18 03:00:00,2026-08-18 00:00:00,2026-08-18 08:00:00,1.96096,1.96145,1.96027,1.96086,0.0
2026-08-18 03:15:00,2026-08-18 00:15:00,2026-08-18 08:15:00,1.96086,1.96176,1.96053,1.96168,0.0
2026-08-18 03:30:00,2026-08-18 00:30:00,2026-08-18 08:30:00,1.96168,1.96175,1.96082,1.96102,0.0
2026-08-18 03:45:00,2026-08-18 00:45:00,2026-08-18 08:45:00,1.96102,1.96208,1.96093,1.96162,0.0
2026-08-18 04:00:00,2026-08-18 01:00:00,2026-08-18 09:00:00,1.96162,1.96182,1.96058,1.96069,0.0
2026-08-18 04:15:00,2026-08-18 01:15:00,2026-08-18 09:15:00,1.96089,1.9627,1.96055,1.96253,0.0
2026-08-18 04:30:00,2026-08-18 01:30:00,2026-08-18 09:30:00,1.96254,1.96346,1.96214,1.96342,0.0
2026-08-18 04:45:00,2026-08-18 01:45:00,2026-08-18 09:45:00,1.96325,1.96384,1.96297,1.96379,0.0
2026-08-18 05:00:00,2026-08-18 02:00:00,2026-08-18 10:00:00,1.96378,1.96386,1.96304,1.96356,0.0
2026-08-18 05:15:00,2026-08-18 02:15:00,2026-08-18 10:15:00,1.96356,1.96374,1.96298,1.96337,0.0
2026-08-18 05:30:00,2026-08-18 02:30:00,2026-08-18 10:30:00,1.96357,1.96407,1.96321,1.96378,0.0
2026-08-18 05:45:00,2026-08-18 02:45:00,2026-08-18 10:45:00,1.96363,1.96401,1.9632,1.96349,0.0
2026-08-18 06:00:00,2026-08-18 03:00:00,2026-08-18 11:00:00,1.96368,1.96434,1.96349,1.96385,0.0
2026-08-18 06:15:00,2026-08-18 03:15:00,2026-08-18 11:15:00,1.96384,1.96558,1.96384,1.96554,0.0
2026-08-18 06:30:00,2026-08-18 03:30:00,2026-08-18 11:30:00,1.96554,1.96649,1.96501,1.96625,0.0
2026-08-18 06:45:00,2026-08-18 03:45:00,2026-08-18 11:45:00,1.9664,1.96723,1.96575,1.96664,0.0
2026-08-18 07:00:00,2026-08-18 04:00:00,2026-08-18 12:00:00,1.96663,1.96725,1.96634,1.96687,0.0
2026-08-18 07:15:00,2026-08-18 04:15:00,2026-08-18 12:15:00,1.96706,1.96793,1.96674,1.96695,0.0
2026-08-18 07:30:00,2026-08-18 04:30:00,2026-08-18 12:30:00,1.96692,1.968,1.9668,1.96751,0.0
2026-08-18 07:45:00,2026-08-18 04:45:00,2026-08-18 12:45:00,1.96733,1.9677,1.96673,1.96716,0.0
2026-08-18 08:00:00,2026-08-18 05:00:00,2026-08-18 13:00:00,1.967,1.96821,1.96677,1.96818,0.0
2026-08-18 08:15:00,2026-08-18 05:15:00,2026-08-18 13:15:00,1.9682,1.96829,1.96737,1.96802,0.0
2026-08-18 08:30:00,2026-08-18 05:30:00,2026-08-18 13:30:00,1.96784,1.96837,1.96741,1.96813,0.0
2026-08-18 08:45:00,2026-08-18 05:45:00,2026-08-18 13:45:00,1.96812,1.96866,1.96771,1.96795,0.0
2026-08-18 09:00:00,2026-08-18 06:00:00,2026-08-18 14:00:00,1.96814,1.96958,1.96778,1.96908,0.0
2026-08-18 09:15:00,2026-08-18 06:15:00,2026-08-18 14:15:00,1.96908,1.96984,1.96837,1.96867,0.0
2026-08-18 09:30:00,2026-08-18 06:30:00,2026-08-18 14:30:00,1.96882,1.96893,1.96766,1.96875,0.0
2026-08-18 09:45:00,2026-08-18 06:45:00,2026-08-18 14:45:00,1.96859,1.96985,1.96819,1.96848,0.0
2026-08-18 10:00:00,2026-08-18 07:00:00,2026-08-18 15:00:00,1.96832,1.96912,1.96804,1.96847,0.0
2026-08-18 10:15:00,2026-08-18 07:15:00,2026-08-18 15:15:00,1.9685,1.96975,1.9681,1.96937,0.0
2026-08-18 10:30:00,2026-08-18 07:30:00,2026-08-18 15:30:00,1.96937,1.97016,1.96893,1.96918,0.0
2026-08-18 10:45:00,2026-08-18 07:45:00,2026-08-18 15:45:00,1.96905,1.97017,1.96896,1.97007,0.0
2026-08-18 11:00:00,2026-08-18 08:00:00,2026-08-18 16:00:00,1.96989,1.97033,1.96926,1.96956,0.0
2026-08-18 11:15:00,2026-08-18 08:15:00,2026-08-18 16:15:00,1.9694,1.97011,1.96923,1.96944,0.0
2026-08-18 11:30:00,2026-08-18 08:30:00,2026-08-18 16:30:00,1.96964,1.96981,1.96862,1.96876,0.0
2026-08-18 11:45:00,2026-08-18 08:45:00,2026-08-18 16:45:00,1.9689,1.96994,1.96858,1.96934,0.0
2026-08-18 12:00:00,2026-08-18 09:00:00,2026-08-18 17:00:00,1.96923,1.96948,1.96879,1.96916,0.0
2026-08-18 12:15:00,2026-08-18 09:15:00,2026-08-18 17:15:00,1.96899,1.96936,1.96844,1.96882,0.0
2026-08-18 12:30:00,2026-08-18 09:30:00,2026-08-18 17:30:00,1.96867,1.96899,1.96777,1.9686,0.0
2026-08-18 12:45:00,2026-08-18 09:45:00,2026-08-18 17:45:00,1.96859,1.96886,1.96795,1.96826,0.0
2026-08-18 13:00:00,2026-08-18 10:00:00,2026-08-18 18:00:00,1.96826,1.96846,1.96773,1.96797,0.0
2026-08-18 13:15:00,2026-08-18 10:15:00,2026-08-18 18:15:00,1.9681,1.96867,1.96772,1.9681,0.0
2026-08-18 13:30:00,2026-08-18 10:30:00,2026-08-18 18:30:00,1.9682,1.96847,1.9676,1.96843,0.0
2026-08-18 13:45:00,2026-08-18 10:45:00,2026-08-18 18:45:00,1.96822,1.96865,1.96795,1.96835,0.0
2026-08-18 14:00:00,2026-08-18 11:00:00,2026-08-18 19:00:00,1.96846,1.96883,1.96801,1.96842,0.0
2026-08-18 14:15:00,2026-08-18 11:15:00,2026-08-18 19:15:00,1.96827,1.9688,1.96798,1.9687,0.0
2026-08-18 14:30:00,2026-08-18 11:30:00,2026-08-18 19:30:00,1.96855,1.9688,1.96809,1.96828,0.0
2026-08-18 14:45:00,2026-08-18 11:45:00,2026-08-18 19:45:00,1.96828,1.96849,1.96721,1.9675,0.0
2026-08-18 15:00:00,2026-08-18 12:00:00,2026-08-18 20:00:00,1.9675,1.96806,1.96663,1.96688,0.0
2026-08-18 15:15:00,2026-08-18 12:15:00,2026-08-18 20:15:00,1.96677,1.96712,1.96597,1.96627,0.0
2026-08-18 15:30:00,2026-08-18 12:30:00,2026-08-18 20:30:00,1.96649,1.96693,1.96598,1.96637,0.0
2026-08-18 15:45:00,2026-08-18 12:45:00,2026-08-18 20:45:00,1.96635,1.96668,1.96542,1.96567,0.0
2026-08-18 16:00:00,2026-08-18 13:00:00,2026-08-18 21:00:00,1.9656,1.96588,1.96495,1.96558,0.0
2026-08-18 16:15:00,2026-08-18 13:15:00,2026-08-18 21:15:00,1.96554,1.96661,1.96534,1.96599,0.0
2026-08-18 16:30:00,2026-08-18 13:30:00,2026-08-18 21:30:00,1.96613,1.96673,1.96556,1.96591,0.0
2026-08-18 16:45:00,2026-08-18 13:45:00,2026-08-18 21:45:00,1.96602,1.96732,1.96545,1.96694,0.0
2026-08-18 17:00:00,2026-08-18 14:00:00,2026-08-18 22:00:00,1.96696,1.96741,1.96616,1.96675,0.0
2026-08-18 17:15:00,2026-08-18 14:15:00,2026-08-18 22:15:00,1.96691,1.9674,1.9664,1.96734,0.0
2026-08-18 17:30:00,2026-08-18 14:30:00,2026-08-18 22:30:00,1.9672,1.96811,1.96702,1.968,0.0
2026-08-18 17:45:00,2026-08-18 14:45:00,2026-08-18 22:45:00,1.96801,1.96936,1.96749,1.96899,0.0
2026-08-18 18:00:00,2026-08-18 15:00:00,2026-08-18 23:00:00,1.96896,1.96964,1.96811,1.96936,0.0
2026-08-18 18:15:00,2026-08-18 15:15:00,2026-08-18 23:15:00,1.96952,1.97025,1.9692,1.9697,0.0
2026-08-18 18:30:00,2026-08-18 15:30:00,2026-08-18 23:30:00,1.9697,1.97019,1.96929,1.97004,0.0
2026-08-18 18:45:00,2026-08-18 15:45:00,2026-08-18 23:45:00,1.96992,1.97007,1.96922,1.96951,0.0
2026-08-18 19:00:00,2026-08-18 16:00:00,2026-08-19 00:00:00,1.96951,1.97003,1.96911,1.96985,0.0
2026-08-18 19:15:00,2026-08-18 16:15:00,2026-08-19 00:15:00,1.96998,1.97042,1.9695,1.97023,0.0
2026-08-18 19:30:00,2026-08-18 16:30:00,2026-08-19 00:30:00,1.97023,1.97106,1.97008,1.97074,0.0
2026-08-18 19:45:00,2026-08-18 16:45:00,2026-08-19 00:45:00,1.97075,1.97086,1.96979,1.97033,0.0
2026-08-18 20:00:00,2026-08-18 17:00:00,2026-08-19 01:00:00,1.97035,1.97081,1.96994,1.97,0.0
2026-08-18 20:15:00,2026-08-18 17:15:00,2026-08-19 01:15:00,1.97001,1.97064,1.96961,1.97053,0.0
2026-08-18 20:30:00,2026-08-18 17:30:00,2026-08-19 01:30:00,1.97041,1.9708,1.9699,1.97023,0.0
2026-08-18 20:45:00,2026-08-18 17:45:00,2026-08-19 01:45:00,1.97041,1.97098,1.97001,1.97091,0.0
2026-08-18 21:00:00,2026-08-18 18:00:00,2026-08-19 02:00:00,1.97076,1.97112,1.97022,1.97052,0.0
2026-08-18 21:15:00,2026-08-18 18:15:00,2026-08-19 02:15:00,1.97062,1.97124,1.97016,1.97086,0.0
2026-08-18 21:30:00,2026-08-18 18:30:00,2026-08-19 02:30:00,1.97085,1.97134,1.97059,1.97104,0.0
2026-08-18 21:45:00,2026-08-18 18:45:00,2026-08-19 02:45:00,1.97091,1.97148,1.9706,1.97102,0.0
2026-08-18 22:00:00,2026-08-18 19:00:00,2026-08-19 03:00:00,1.97097,1.97144,1.97029,1.97074,0.0
2026-08-18 22:15:00,2026-08-18 19:15:00,2026-08-19 03:15:00,1.97092,1.97111,1.97028,1.97057,0.0
2026-08-18 22:30:00,2026-08-18 19:30:00,2026-08-19 03:30:00,1.97077,1.97101,1.97015,1.97064,0.0
2026-08-18 22:45:00,2026-08-18 19:45:00,2026-08-19 03:45:00,1.97082,1.97098,1.9703,1.97076,0.0
2026-08-18 23:00:00,2026-08-18 20:00:00,2026-08-19 04:00:00,1.9706,1.97092,1.96998,1.97067,0.0
2026-08-18 23:15:00,2026-08-18 20:15:00,2026-08-19 04:15:00,1.97069,1.97113,1.97039,1.9709,0.0
2026-08-18 23:30:00,2026-08-18 20:30:00,2026-08-19 04:30:00,1.97071,1.97114,1.9703,1.97095,0.0
2026-08-18 23:45:00,2026-08-18 20:45:00,2026-08-19 04:45:00,1.97076,1.97092,1.96872,1.96888,0.0
2026-08-19 00:00:00,2026-08-18 21:00:00,2026-08-19 05:00:00,1.96906,1.97029,1.96733,1.96995,0.0
2026-08-19 00:15:00,2026-08-18 21:15:00,2026-08-19 05:15:00,1.96986,1.97182,1.9692,1.97116,0.0
2026-08-19 00:30:00,2026-08-18 21:30:00,2026-08-19 05:30:00,1.97122,1.97122,1.9677,1.97006,0.0
2026-08-19 00:45:00,2026-08-18 21:45:00,2026-08-19 05:45:00,1.97014,1.97088,1.96908,1.96928,0.0
2026-08-19 01:00:00,2026-08-18 22:00:00,2026-08-19 06:00:00,1.96909,1.97058,1.96877,1.96958,0.0
2026-08-19 01:15:00,2026-08-18 22:15:00,2026-08-19 06:15:00,1.97025,1.97025,1.96922,1.96962,0.0
2026-08-19 01:30:00,2026-08-18 22:30:00,2026-08-19 06:30:00,1.9696,1.97024,1.9695,1.96961,0.0
2026-08-19 01:45:00,2026-08-18 22:45:00,2026-08-19 06:45:00,1.96961,1.97015,1.96927,1.96999,0.0
2026-08-19 02:00:00,2026-08-18 23:00:00,2026-08-19 07:00:00,1.96976,1.9702,1.96935,1.96984,0.0
2026-08-19 02:15:00,2026-08-18 23:15:00,2026-08-19 07:15:00,1.97011,1.97087,1.96985,1.97076,0.0
2026-08-19 02:30:00,2026-08-18 23:30:00,2026-08-19 07:30:00,1.97052,1.97129,1.9702,1.97091,0.0
2026-08-19 02:45:00,2026-08-18 23:45:00,2026-08-19 07:45:00,1.97091,1.97128,1.97037,1.97106,0.0
2026-08-19 03:00:00,2026-08-19 00:00:00,2026-08-19 08:00:00,1.97081,1.97207,1.97075,1.97143,0.0
2026-08-19 03:15:00,2026-08-19 00:15:00,2026-08-19 08:15:00,1.97144,1.9727,1.97131,1.9721,0.0
2026-08-19 03:30:00,2026-08-19 00:30:00,2026-08-19 08:30:00,1.9719,1.9731,1.9718,1.9728,0.0
2026-08-19 03:45:00,2026-08-19 00:45:00,2026-08-19 08:45:00,1.97299,1.97457,1.97278,1.97457,0.0
2026-08-19 04:00:00,2026-08-19 01:00:00,2026-08-19 09:00:00,1.97456,1.97474,1.97249,1.97345,0.0
2026-08-19 04:15:00,2026-08-19 01:15:00,2026-08-19 09:15:00,1.97328,1.97427,1.97272,1.97303,0.0
2026-08-19 04:30:00,2026-08-19 01:30:00,2026-08-19 09:30:00,1.9732,1.97336,1.97183,1.97218,0.0
2026-08-19 04:45:00,2026-08-19 01:45:00,2026-08-19 09:45:00,1.97217,1.97278,1.97117,1.97178,0.0
2026-08-19 05:00:00,2026-08-19 02:00:00,2026-08-19 10:00:00,1.97164,1.9726,1.97129,1.97223,0.0
2026-08-19 05:15:00,2026-08-19 02:15:00,2026-08-19 10:15:00,1.97205,1.9731,1.97138,1.97256,0.0
2026-08-19 05:30:00,2026-08-19 02:30:00,2026-08-19 10:30:00,1.97275,1.97293,1.97176,1.97196,0.0
2026-08-19 05:45:00,2026-08-19 02:45:00,2026-08-19 10:45:00,1.97198,1.97293,1.97179,1.9722,0.0
2026-08-19 06:00:00,2026-08-19 03:00:00,2026-08-19 11:00:00,1.97207,1.97334,1.97172,1.97301,0.0
2026-08-19 06:15:00,2026-08-19 03:15:00,2026-08-19 11:15:00,1.973,1.97318,1.97223,1.9727,0.0
2026-08-19 06:30:00,2026-08-19 03:30:00,2026-08-19 11:30:00,1.9727,1.973,1.97213,1.97265,0.0
2026-08-19 06:45:00,2026-08-19 03:45:00,2026-08-19 11:45:00,1.97265,1.97288,1.97192,1.97218,0.0
2026-08-19 07:00:00,2026-08-19 04:00:00,2026-08-19 12:00:00,1.97214,1.9727,1.97188,1.97233,0.0
2026-08-19 07:15:00,2026-08-19 04:15:00,2026-08-19 12:15:00,1.97215,1.97261,1.97183,1.97248,0.0
2026-08-19 07:30:00,2026-08-19 04:30:00,2026-08-19 12:30:00,1.97233,1.97328,1.97209,1.97297,0.0
2026-08-19 07:45:00,2026-08-19 04:45:00,2026-08-19 12:45:00,1.97297,1.97402,1.97267,1.97301,0.0
2026-08-19 08:00:00,2026-08-19 05:00:00,2026-08-19 13:00:00,1.973,1.97358,1.97246,1.97342,0.0
2026-08-19 08:15:00,2026-08-19 05:15:00,2026-08-19 13:15:00,1.97356,1.97407,1.97299,1.97346,0.0
2026-08-19 08:30:00,2026-08-19 05:30:00,2026-08-19 13:30:00,1.97328,1.9743,1.97286,1.974,0.0
2026-08-19 08:45:00,2026-08-19 05:45:00,2026-08-19 13:45:00,1.97381,1.9744,1.9734,1.97367,0.0
2026-08-19 09:00:00,2026-08-19 06:00:00,2026-08-19 14:00:00,1.97393,1.97423,1.97331,1.97415,0.0
2026-08-19 09:15:00,2026-08-19 06:15:00,2026-08-19 14:15:00,1.97398,1.97431,1.97249,1.9729,0.0
2026-08-19 09:30:00,2026-08-19 06:30:00,2026-08-19 14:30:00,1.97271,1.97405,1.97244,1.97375,0.0
2026-08-19 09:45:00,2026-08-19 06:45:00,2026-08-19 14:45:00,1.97376,1.9747,1.97334,1.97372,0.0
2026-08-19 10:00:00,2026-08-19 07:00:00,2026-08-19 15:00:00,1.97381,1.97418,1.97289,1.97401,0.0
2026-08-19 10:15:00,2026-08-19 07:15:00,2026-08-19 15:15:00,1.97402,1.97466,1.97387,1.97436,0.0
2026-08-19 10:30:00,2026-08-19 07:30:00,2026-08-19 15:30:00,1.9745,1.97524,1.97418,1.97521,0.0
2026-08-19 10:45:00,2026-08-19 07:45:00,2026-08-19 15:45:00,1.97508,1.97548,1.97461,1.97511,0.0
2026-08-19 11:00:00,2026-08-19 08:00:00,2026-08-19 16:00:00,1.97528,1.9756,1.97376,1.97391,0.0
2026-08-19 11:15:00,2026-08-19 08:15:00,2026-08-19 16:15:00,1.97389,1.9742,1.97286,1.97332,0.0
2026-08-19 11:30:00,2026-08-19 08:30:00,2026-08-19 16:30:00,1.97319,1.97423,1.97314,1.97385,0.0
2026-08-19 11:45:00,2026-08-19 08:45:00,2026-08-19 16:45:00,1.97368,1.97401,1.97307,1.9735,0.0
2026-08-19 12:00:00,2026-08-19 09:00:00,2026-08-19 17:00:00,1.97329,1.97371,1.97232,1.9731,0.0
2026-08-19 12:15:00,2026-08-19 09:15:00,2026-08-19 17:15:00,1.97308,1.97324,1.97198,1.9725,0.0
2026-08-19 12:30:00,2026-08-19 09:30:00,2026-08-19 17:30:00,1.97267,1.97338,1.97225,1.9731,0.0
2026-08-19 12:45:00,2026-08-19 09:45:00,2026-08-19 17:45:00,1.97325,1.97345,1.97264,1.97288,0.0
2026-08-19 13:00:00,2026-08-19 10:00:00,2026-08-19 18:00:00,1.97288,1.97374,1.97268,1.97327,0.0
2026-08-19 13:15:00,2026-08-19 10:15:00,2026-08-19 18:15:00,1.97314,1.97385,1.97265,1.97343,0.0
2026-08-19 13:30:00,2026-08-19 10:30:00,2026-08-19 18:30:00,1.97343,1.97397,1.97321,1.97353,0.0
2026-08-19 13:45:00,2026-08-19 10:45:00,2026-08-19 18:45:00,1.97337,1.97355,1.97258,1.97315,0.0
2026-08-19 14:00:00,2026-08-19 11:00:00,2026-08-19 19:00:00,1.97314,1.9737,1.97284,1.97302,0.0
2026-08-19 14:15:00,2026-08-19 11:15:00,2026-08-19 19:15:00,1.9729,1.97343,1.97269,1.97322,0.0
2026-08-19 14:30:00,2026-08-19 11:30:00,2026-08-19 19:30:00,1.97318,1.9743,1.97284,1.97393,0.0
2026-08-19 14:45:00,2026-08-19 11:45:00,2026-08-19 19:45:00,1.97393,1.97428,1.97324,1.97351,0.0
2026-08-19 15:00:00,2026-08-19 12:00:00,2026-08-19 20:00:00,1.97366,1.97408,1.97291,1.9734,0.0
2026-08-19 15:15:00,2026-08-19 12:15:00,2026-08-19 20:15:00,1.97326,1.97345,1.97163,1.97212,0.0
2026-08-19 15:30:00,2026-08-19 12:30:00,2026-08-19 20:30:00,1.972,1.97216,1.97016,1.97083,0.0
2026-08-19 15:45:00,2026-08-19 12:45:00,2026-08-19 20:45:00,1.97108,1.97214,1.9703,1.97143,0.0
2026-08-19 16:00:00,2026-08-19 13:00:00,2026-08-19 21:00:00,1.97147,1.97185,1.96766,1.96802,0.0
2026-08-19 16:15:00,2026-08-19 13:15:00,2026-08-19 21:15:00,1.96827,1.9691,1.96756,1.96791,0.0
2026-08-19 16:30:00,2026-08-19 13:30:00,2026-08-19 21:30:00,1.96813,1.96853,1.96717,1.96787,0.0
2026-08-19 16:45:00,2026-08-19 13:45:00,2026-08-19 21:45:00,1.96772,1.96871,1.96658,1.96698,0.0
2026-08-19 17:00:00,2026-08-19 14:00:00,2026-08-19 22:00:00,1.9668,1.96758,1.9658,1.96726,0.0
2026-08-19 17:15:00,2026-08-19 14:15:00,2026-08-19 22:15:00,1.96744,1.96876,1.96707,1.96786,0.0
2026-08-19 17:30:00,2026-08-19 14:30:00,2026-08-19 22:30:00,1.96793,1.9682,1.9661,1.96738,0.0
2026-08-19 17:45:00,2026-08-19 14:45:00,2026-08-19 22:45:00,1.9675,1.96807,1.9665,1.96713,0.0
2026-08-19 18:00:00,2026-08-19 15:00:00,2026-08-19 23:00:00,1.96694,1.96768,1.96631,1.96659,0.0
2026-08-19 18:15:00,2026-08-19 15:15:00,2026-08-19 23:15:00,1.96673,1.96757,1.96575,1.96661,0.0
2026-08-19 18:30:00,2026-08-19 15:30:00,2026-08-19 23:30:00,1.96653,1.96708,1.96607,1.96677,0.0
2026-08-19 18:45:00,2026-08-19 15:45:00,2026-08-19 23:45:00,1.96676,1.9678,1.96657,1.9672,0.0
2026-08-19 19:00:00,2026-08-19 16:00:00,2026-08-20 00:00:00,1.9672,1.96752,1.96628,1.96651,0.0
2026-08-19 19:15:00,2026-08-19 16:15:00,2026-08-20 00:15:00,1.96653,1.96693,1.96607,1.96675,0.0
2026-08-19 19:30:00,2026-08-19 16:30:00,2026-08-20 00:30:00,1.96672,1.96721,1.96652,1.96676,0.0
2026-08-19 19:45:00,2026-08-19 16:45:00,2026-08-20 00:45:00,1.96678,1.96717,1.96619,1.96651,0.0
2026-08-19 20:00:00,2026-08-19 17:00:00,2026-08-20 01:00:00,1.96651,1.96756,1.96567,1.96726,0.0
2026-08-19 20:15:00,2026-08-19 17:15:00,2026-08-20 01:15:00,1.96713,1.9675,1.9668,1.9672,0.0
2026-08-19 20:30:00,2026-08-19 17:30:00,2026-08-20 01:30:00,1.96703,1.9676,1.96681,1.96758,0.0
2026-08-19 20:45:00,2026-08-19 17:45:00,2026-08-20 01:45:00,1.96756,1.96795,1.96704,1.96768,0.0
2026-08-19 21:00:00,2026-08-19 18:00:00,2026-08-20 02:00:00,1.96765,1.96795,1.96638,1.96671,0.0
2026-08-19 21:15:00,2026-08-19 18:15:00,2026-08-20 02:15:00,1.96671,1.96737,1.96668,1.96714,0.0
2026-08-19 21:30:00,2026-08-19 18:30:00,2026-08-20 02:30:00,1.96702,1.96721,1.96629,1.96674,0.0
2026-08-19 21:45:00,2026-08-19 18:45:00,2026-08-20 02:45:00,1.96676,1.96697,1.96569,1.9666,0.0
2026-08-19 22:00:00,2026-08-19 19:00:00,2026-08-20 03:00:00,1.96669,1.96746,1.96552,1.96736,0.0
2026-08-19 22:15:00,2026-08-19 19:15:00,2026-08-20 03:15:00,1.96717,1.96739,1.9662,1.96712,0.0
2026-08-19 22:30:00,2026-08-19 19:30:00,2026-08-20 03:30:00,1.96695,1.9674,1.9663,1.96701,0.0
2026-08-19 22:45:00,2026-08-19 19:45:00,2026-08-20 03:45:00,1.96701,1.96815,1.9668,1.96759,0.0
2026-08-19 23:00:00,2026-08-19 20:00:00,2026-08-20 04:00:00,1.96776,1.96822,1.96697,1.96802,0.0
2026-08-19 23:15:00,2026-08-19 20:15:00,2026-08-20 04:15:00,1.96821,1.96827,1.96684,1.96734,0.0
2026-08-19 23:30:00,2026-08-19 20:30:00,2026-08-20 04:30:00,1.96734,1.9678,1.96675,1.96756,0.0
2026-08-19 23:45:00,2026-08-19 20:45:00,2026-08-20 04:45:00,1.96756,1.9678,1.96649,1.96711,0.0
2026-08-20 00:00:00,2026-08-19 21:00:00,2026-08-20 05:00:00,1.96701,1.96934,1.96642,1.96707,0.0
2026-08-20 00:15:00,2026-08-19 21:15:00,2026-08-20 05:15:00,1.96684,1.96882,1.96633,1.96882,0.0
2026-08-20 00:30:00,2026-08-19 21:30:00,2026-08-20 05:30:00,1.96721,1.96873,1.96639,1.96696,0.0
2026-08-20 00:45:00,2026-08-19 21:45:00,2026-08-20 05:45:00,1.96713,1.96914,1.9662,1.96864,0.0
2026-08-20 01:00:00,2026-08-19 22:00:00,2026-08-20 06:00:00,1.96879,1.96879,1.9668,1.96692,0.0
2026-08-20 01:15:00,2026-08-19 22:15:00,2026-08-20 06:15:00,1.96716,1.96721,1.96654,1.96699,0.0
2026-08-20 01:30:00,2026-08-19 22:30:00,2026-08-20 06:30:00,1.96698,1.96721,1.9662,1.96662,0.0
2026-08-20 01:45:00,2026-08-19 22:45:00,2026-08-20 06:45:00,1.96663,1.9668,1.96611,1.96675,0.0
2026-08-20 02:00:00,2026-08-19 23:00:00,2026-08-20 07:00:00,1.96671,1.96694,1.96614,1.96664,0.0
2026-08-20 02:15:00,2026-08-19 23:15:00,2026-08-20 07:15:00,1.9664,1.96692,1.96529,1.96539,0.0
2026-08-20 02:30:00,2026-08-19 23:30:00,2026-08-20 07:30:00,1.96566,1.96641,1.96515,1.96606,0.0
2026-08-20 02:45:00,2026-08-19 23:45:00,2026-08-20 07:45:00,1.96605,1.96704,1.96589,1.96646,0.0
2026-08-20 03:00:00,2026-08-20 00:00:00,2026-08-20 08:00:00,1.96658,1.96718,1.96605,1.96621,0.0
2026-08-20 03:15:00,2026-08-20 00:15:00,2026-08-20 08:15:00,1.96636,1.96663,1.96557,1.96582,0.0
2026-08-20 03:30:00,2026-08-20 00:30:00,2026-08-20 08:30:00,1.96597,1.96643,1.96514,1.96637,0.0
2026-08-20 03:45:00,2026-08-20 00:45:00,2026-08-20 08:45:00,1.96619,1.967,1.96576,1.96663,0.0
2026-08-20 04:00:00,2026-08-20 01:00:00,2026-08-20 09:00:00,1.96653,1.96689,1.96601,1.96637,0.0
2026-08-20 04:15:00,2026-08-20 01:15:00,2026-08-20 09:15:00,1.96621,1.96641,1.96444,1.96444,0.0
2026-08-20 04:30:00,2026-08-20 01:30:00,2026-08-20 09:30:00,1.9653,1.9682,1.96413,1.96524,0.0
2026-08-20 04:45:00,2026-08-20 01:45:00,2026-08-20 09:45:00,1.96526,1.96546,1.96285,1.96354,0.0
2026-08-20 05:00:00,2026-08-20 02:00:00,2026-08-20 10:00:00,1.96329,1.96379,1.9622,1.96256,0.0
2026-08-20 05:15:00,2026-08-20 02:15:00,2026-08-20 10:15:00,1.96279,1.9638,1.96252,1.96322,0.0
2026-08-20 05:30:00,2026-08-20 02:30:00,2026-08-20 10:30:00,1.96298,1.96332,1.96242,1.96259,0.0
2026-08-20 05:45:00,2026-08-20 02:45:00,2026-08-20 10:45:00,1.96282,1.96317,1.96197,1.96235,0.0
2026-08-20 06:00:00,2026-08-20 03:00:00,2026-08-20 11:00:00,1.96212,1.96275,1.96105,1.96147,0.0
2026-08-20 06:15:00,2026-08-20 03:15:00,2026-08-20 11:15:00,1.96147,1.96246,1.9613,1.96176,0.0
2026-08-20 06:30:00,2026-08-20 03:30:00,2026-08-20 11:30:00,1.96152,1.96246,1.96141,1.96189,0.0
2026-08-20 06:45:00,2026-08-20 03:45:00,2026-08-20 11:45:00,1.96193,1.96223,1.96115,1.96183,0.0
2026-08-20 07:00:00,2026-08-20 04:00:00,2026-08-20 12:00:00,1.96183,1.9622,1.96025,1.96052,0.0
2026-08-20 07:15:00,2026-08-20 04:15:00,2026-08-20 12:15:00,1.96068,1.96118,1.96005,1.96031,0.0
2026-08-20 07:30:00,2026-08-20 04:30:00,2026-08-20 12:30:00,1.96047,1.96116,1.95998,1.96114,0.0
2026-08-20 07:45:00,2026-08-20 04:45:00,2026-08-20 12:45:00,1.96096,1.96162,1.96074,1.9614,0.0
2026-08-20 08:00:00,2026-08-20 05:00:00,2026-08-20 13:00:00,1.96124,1.96153,1.96061,1.96132,0.0
2026-08-20 08:15:00,2026-08-20 05:15:00,2026-08-20 13:15:00,1.96119,1.96142,1.96042,1.96079,0.0
2026-08-20 08:30:00,2026-08-20 05:30:00,2026-08-20 13:30:00,1.96078,1.96151,1.96041,1.96106,0.0
2026-08-20 08:45:00,2026-08-20 05:45:00,2026-08-20 13:45:00,1.96122,1.96153,1.96044,1.96138,0.0
2026-08-20 09:00:00,2026-08-20 06:00:00,2026-08-20 14:00:00,1.96154,1.96164,1.96045,1.96082,0.0
2026-08-20 09:15:00,2026-08-20 06:15:00,2026-08-20 14:15:00,1.96085,1.96199,1.96074,1.96179,0.0
2026-08-20 09:30:00,2026-08-20 06:30:00,2026-08-20 14:30:00,1.96197,1.96312,1.96145,1.96308,0.0
2026-08-20 09:45:00,2026-08-20 06:45:00,2026-08-20 14:45:00,1.9629,1.96311,1.96216,1.96279,0.0
2026-08-20 10:00:00,2026-08-20 07:00:00,2026-08-20 15:00:00,1.96262,1.96361,1.96246,1.96308,0.0
2026-08-20 10:15:00,2026-08-20 07:15:00,2026-08-20 15:15:00,1.96307,1.96336,1.962,1.96236,0.0
2026-08-20 10:30:00,2026-08-20 07:30:00,2026-08-20 15:30:00,1.96249,1.96362,1.96236,1.96348,0.0
2026-08-20 10:45:00,2026-08-20 07:45:00,2026-08-20 15:45:00,1.96336,1.96383,1.96279,1.96311,0.0
2026-08-20 11:00:00,2026-08-20 08:00:00,2026-08-20 16:00:00,1.96324,1.96418,1.96274,1.96368,0.0
2026-08-20 11:15:00,2026-08-20 08:15:00,2026-08-20 16:15:00,1.96367,1.96406,1.96302,1.96386,0.0
2026-08-20 11:30:00,2026-08-20 08:30:00,2026-08-20 16:30:00,1.96373,1.96516,1.96363,1.96512,0.0
2026-08-20 11:45:00,2026-08-20 08:45:00,2026-08-20 16:45:00,1.96498,1.96522,1.96423,1.96454,0.0
2026-08-20 12:00:00,2026-08-20 09:00:00,2026-08-20 17:00:00,1.96454,1.96502,1.96379,1.96393,0.0
2026-08-20 12:15:00,2026-08-20 09:15:00,2026-08-20 17:15:00,1.96394,1.96412,1.96294,1.96386,0.0
2026-08-20 12:30:00,2026-08-20 09:30:00,2026-08-20 17:30:00,1.96368,1.96459,1.96358,1.96459,0.0
2026-08-20 12:45:00,2026-08-20 09:45:00,2026-08-20 17:45:00,1.96443,1.96472,1.96367,1.96419,0.0
2026-08-20 13:00:00,2026-08-20 10:00:00,2026-08-20 18:00:00,1.96419,1.96455,1.963,1.9635,0.0
2026-08-20 13:15:00,2026-08-20 10:15:00,2026-08-20 18:15:00,1.96353,1.96416,1.96307,1.96345,0.0
2026-08-20 13:30:00,2026-08-20 10:30:00,2026-08-20 18:30:00,1.9633,1.96397,1.96282,1.96334,0.0
2026-08-20 13:45:00,2026-08-20 10:45:00,2026-08-20 18:45:00,1.96346,1.96416,1.9631,1.96395,0.0
2026-08-20 14:00:00,2026-08-20 11:00:00,2026-08-20 19:00:00,1.96381,1.96484,1.96307,1.9645,0.0
2026-08-20 14:15:00,2026-08-20 11:15:00,2026-08-20 19:15:00,1.96454,1.96473,1.96384,1.96466,0.0
2026-08-20 14:30:00,2026-08-20 11:30:00,2026-08-20 19:30:00,1.96453,1.96473,1.9637,1.96436,0.0
2026-08-20 14:45:00,2026-08-20 11:45:00,2026-08-20 19:45:00,1.96436,1.96504,1.96388,1.96498,0.0
2026-08-20 15:00:00,2026-08-20 12:00:00,2026-08-20 20:00:00,1.9648,1.96586,1.96431,1.9645,0.0
2026-08-20 15:15:00,2026-08-20 12:15:00,2026-08-20 20:15:00,1.96449,1.96529,1.96376,1.96415,0.0
2026-08-20 15:30:00,2026-08-20 12:30:00,2026-08-20 20:30:00,1.96413,1.96477,1.96333,1.96358,0.0
2026-08-20 15:45:00,2026-08-20 12:45:00,2026-08-20 20:45:00,1.96358,1.96392,1.96282,1.96306,0.0
2026-08-20 16:00:00,2026-08-20 13:00:00,2026-08-20 21:00:00,1.96306,1.96319,1.96167,1.96242,0.0
2026-08-20 16:15:00,2026-08-20 13:15:00,2026-08-20 21:15:00,1.96241,1.96262,1.96127,1.96162,0.0
2026-08-20 16:30:00,2026-08-20 13:30:00,2026-08-20 21:30:00,1.96146,1.96212,1.96103,1.96135,0.0
2026-08-20 16:45:00,2026-08-20 13:45:00,2026-08-20 21:45:00,1.96137,1.96234,1.96107,1.96132,0.0
2026-08-20 17:00:00,2026-08-20 14:00:00,2026-08-20 22:00:00,1.96135,1.96265,1.96097,1.96166,0.0
2026-08-20 17:15:00,2026-08-20 14:15:00,2026-08-20 22:15:00,1.96178,1.96251,1.9616,1.96212,0.0
2026-08-20 17:30:00,2026-08-20 14:30:00,2026-08-20 22:30:00,1.96199,1.9626,1.96121,1.96176,0.0
2026-08-20 17:45:00,2026-08-20 14:45:00,2026-08-20 22:45:00,1.96199,1.9634,1.96153,1.96314,0.0
2026-08-20 18:00:00,2026-08-20 15:00:00,2026-08-20 23:00:00,1.96325,1.96334,1.96143,1.96276,0.0
2026-08-20 18:15:00,2026-08-20 15:15:00,2026-08-20 23:15:00,1.96273,1.96324,1.96205,1.96241,0.0
2026-08-20 18:30:00,2026-08-20 15:30:00,2026-08-20 23:30:00,1.96241,1.96493,1.96228,1.96451,0.0
2026-08-20 18:45:00,2026-08-20 15:45:00,2026-08-20 23:45:00,1.96474,1.96487,1.96325,1.96349,0.0
2026-08-20 19:00:00,2026-08-20 16:00:00,2026-08-21 00:00:00,1.96352,1.96437,1.96319,1.96423,0.0
2026-08-20 19:15:00,2026-08-20 16:15:00,2026-08-21 00:15:00,1.96409,1.9647,1.96359,1.96426,0.0
2026-08-20 19:30:00,2026-08-20 16:30:00,2026-08-21 00:30:00,1.96421,1.9646,1.96332,1.9638,0.0
2026-08-20 19:45:00,2026-08-20 16:45:00,2026-08-21 00:45:00,1.96367,1.96472,1.96343,1.96435,0.0
2026-08-20 20:00:00,2026-08-20 17:00:00,2026-08-21 01:00:00,1.96446,1.96498,1.96407,1.96452,0.0
2026-08-20 20:15:00,2026-08-20 17:15:00,2026-08-21 01:15:00,1.96453,1.96477,1.9641,1.96466,0.0
2026-08-20 20:30:00,2026-08-20 17:30:00,2026-08-21 01:30:00,1.96454,1.96496,1.96416,1.96455,0.0
2026-08-20 20:45:00,2026-08-20 17:45:00,2026-08-21 01:45:00,1.96456,1.96477,1.96394,1.96453,0.0
2026-08-20 21:00:00,2026-08-20 18:00:00,2026-08-21 02:00:00,1.96451,1.96558,1.96437,1.96533,0.0
2026-08-20 21:15:00,2026-08-20 18:15:00,2026-08-21 02:15:00,1.96546,1.96578,1.96495,1.96554,0.0
2026-08-20 21:30:00,2026-08-20 18:30:00,2026-08-21 02:30:00,1.96543,1.9656,1.96476,1.96556,0.0
2026-08-20 21:45:00,2026-08-20 18:45:00,2026-08-21 02:45:00,1.96541,1.9657,1.96478,1.96522,0.0
2026-08-20 22:00:00,2026-08-20 19:00:00,2026-08-21 03:00:00,1.96506,1.96533,1.9642,1.96492,0.0
2026-08-20 22:15:00,2026-08-20 19:15:00,2026-08-21 03:15:00,1.96506,1.96526,1.96446,1.96493,0.0
2026-08-20 22:30:00,2026-08-20 19:30:00,2026-08-21 03:30:00,1.96493,1.96532,1.96446,1.96483,0.0
2026-08-20 22:45:00,2026-08-20 19:45:00,2026-08-21 03:45:00,1.96502,1.96523,1.96436,1.96493,0.0
2026-08-20 23:00:00,2026-08-20 20:00:00,2026-08-21 04:00:00,1.96493,1.96521,1.96433,1.96481,0.0
2026-08-20 23:15:00,2026-08-20 20:15:00,2026-08-21 04:15:00,1.96481,1.96521,1.96445,1.96514,0.0
2026-08-20 23:30:00,2026-08-20 20:30:00,2026-08-21 04:30:00,1.96508,1.96515,1.96444,1.96477,0.0
2026-08-20 23:45:00,2026-08-20 20:45:00,2026-08-21 04:45:00,1.96477,1.96504,1.96421,1.96451,0.0
2026-08-21 00:00:00,2026-08-20 21:00:00,2026-08-21 05:00:00,1.9645,1.96596,1.9627,1.96369,0.0
2026-08-21 00:15:00,2026-08-20 21:15:00,2026-08-21 05:15:00,1.96401,1.96517,1.9631,1.96391,0.0
2026-08-21 00:30:00,2026-08-20 21:30:00,2026-08-21 05:30:00,1.96403,1.96526,1.96368,1.96523,0.0
2026-08-21 00:45:00,2026-08-20 21:45:00,2026-08-21 05:45:00,1.96513,1.96538,1.96389,1.96429,0.0
2026-08-21 01:00:00,2026-08-20 22:00:00,2026-08-21 06:00:00,1.96401,1.9652,1.96394,1.96496,0.0
2026-08-21 01:15:00,2026-08-20 22:15:00,2026-08-21 06:15:00,1.96438,1.96512,1.9642,1.96441,0.0
2026-08-21 01:30:00,2026-08-20 22:30:00,2026-08-21 06:30:00,1.96441,1.96505,1.96402,1.96424,0.0
2026-08-21 01:45:00,2026-08-20 22:45:00,2026-08-21 06:45:00,1.96424,1.96493,1.9641,1.96426,0.0
2026-08-21 02:00:00,2026-08-20 23:00:00,2026-08-21 07:00:00,1.96425,1.96473,1.964,1.96463,0.0
2026-08-21 02:15:00,2026-08-20 23:15:00,2026-08-21 07:15:00,1.96441,1.96475,1.9638,1.96393,0.0
2026-08-21 02:30:00,2026-08-20 23:30:00,2026-08-21 07:30:00,1.96393,1.96422,1.96358,1.96385,0.0
2026-08-21 02:45:00,2026-08-20 23:45:00,2026-08-21 07:45:00,1.96359,1.9639,1.96264,1.96314,0.0
2026-08-21 03:00:00,2026-08-21 00:00:00,2026-08-21 08:00:00,1.96292,1.96339,1.96165,1.96243,0.0
2026-08-21 03:15:00,2026-08-21 00:15:00,2026-08-21 08:15:00,1.96224,1.96257,1.96127,1.96174,0.0
2026-08-21 03:30:00,2026-08-21 00:30:00,2026-08-21 08:30:00,1.96175,1.96221,1.96094,1.96155,0.0
2026-08-21 03:45:00,2026-08-21 00:45:00,2026-08-21 08:45:00,1.96171,1.96171,1.9608,1.96147,0.0
2026-08-21 04:00:00,2026-08-21 01:00:00,2026-08-21 09:00:00,1.96133,1.96172,1.96061,1.96094,0.0
2026-08-21 04:15:00,2026-08-21 01:15:00,2026-08-21 09:15:00,1.9609,1.96125,1.95951,1.95994,0.0
2026-08-21 04:30:00,2026-08-21 01:30:00,2026-08-21 09:30:00,1.96011,1.96031,1.95908,1.9593,0.0
2026-08-21 04:45:00,2026-08-21 01:45:00,2026-08-21 09:45:00,1.95946,1.95951,1.95851,1.95894,0.0
2026-08-21 05:00:00,2026-08-21 02:00:00,2026-08-21 10:00:00,1.9588,1.95896,1.9579,1.95843,0.0
2026-08-21 05:15:00,2026-08-21 02:15:00,2026-08-21 10:15:00,1.95846,1.95886,1.95769,1.95814,0.0
2026-08-21 05:30:00,2026-08-21 02:30:00,2026-08-21 10:30:00,1.95816,1.95887,1.95753,1.95863,0.0
2026-08-21 05:45:00,2026-08-21 02:45:00,2026-08-21 10:45:00,1.95863,1.95926,1.95831,1.95891,0.0
2026-08-21 06:00:00,2026-08-21 03:00:00,2026-08-21 11:00:00,1.95906,1.96005,1.95879,1.95984,0.0
2026-08-21 06:15:00,2026-08-21 03:15:00,2026-08-21 11:15:00,1.96,1.96007,1.95911,1.95988,0.0
2026-08-21 06:30:00,2026-08-21 03:30:00,2026-08-21 11:30:00,1.96005,1.96005,1.95866,1.95881,0.0
2026-08-21 06:45:00,2026-08-21 03:45:00,2026-08-21 11:45:00,1.95881,1.9591,1.95847,1.95891,0.0
2026-08-21 07:00:00,2026-08-21 04:00:00,2026-08-21 12:00:00,1.95893,1.95912,1.95837,1.95891,0.0
2026-08-21 07:15:00,2026-08-21 04:15:00,2026-08-21 12:15:00,1.95891,1.95925,1.95838,1.95898,0.0
2026-08-21 07:30:00,2026-08-21 04:30:00,2026-08-21 12:30:00,1.95917,1.95948,1.95869,1.95879,0.0
2026-08-21 07:45:00,2026-08-21 04:45:00,2026-08-21 12:45:00,1.9588,1.95977,1.95837,1.95936,0.0
2026-08-21 08:00:00,2026-08-21 05:00:00,2026-08-21 13:00:00,1.95936,1.96016,1.95907,1.9601,0.0
2026-08-21 08:15:00,2026-08-21 05:15:00,2026-08-21 13:15:00,1.95994,1.96019,1.9595,1.95977,0.0
2026-08-21 08:30:00,2026-08-21 05:30:00,2026-08-21 13:30:00,1.95977,1.96,1.95919,1.95952,0.0
2026-08-21 08:45:00,2026-08-21 05:45:00,2026-08-21 13:45:00,1.95963,1.95999,1.95824,1.95892,0.0
2026-08-21 09:00:00,2026-08-21 06:00:00,2026-08-21 14:00:00,1.95881,1.95908,1.95776,1.95807,0.0
2026-08-21 09:15:00,2026-08-21 06:15:00,2026-08-21 14:15:00,1.95822,1.95886,1.95775,1.95852,0.0
2026-08-21 09:30:00,2026-08-21 06:30:00,2026-08-21 14:30:00,1.9584,1.95908,1.95771,1.95882,0.0
2026-08-21 09:45:00,2026-08-21 06:45:00,2026-08-21 14:45:00,1.95868,1.95934,1.95843,1.9592,0.0
2026-08-21 10:00:00,2026-08-21 07:00:00,2026-08-21 15:00:00,1.95933,1.96005,1.95848,1.95939,0.0
2026-08-21 10:15:00,2026-08-21 07:15:00,2026-08-21 15:15:00,1.95939,1.95994,1.95845,1.95847,0.0
2026-08-21 10:30:00,2026-08-21 07:30:00,2026-08-21 15:30:00,1.95847,1.95902,1.95751,1.95869,0.0
2026-08-21 10:45:00,2026-08-21 07:45:00,2026-08-21 15:45:00,1.95882,1.95899,1.95801,1.95896,0.0
2026-08-21 11:00:00,2026-08-21 08:00:00,2026-08-21 16:00:00,1.9587,1.96021,1.9587,1.95939,0.0
2026-08-21 11:15:00,2026-08-21 08:15:00,2026-08-21 16:15:00,1.9594,1.95957,1.9571,1.95742,0.0
2026-08-21 11:30:00,2026-08-21 08:30:00,2026-08-21 16:30:00,1.95726,1.95806,1.95679,1.95737,0.0
2026-08-21 11:45:00,2026-08-21 08:45:00,2026-08-21 16:45:00,1.95737,1.9584,1.95725,1.95751,0.0
2026-08-21 12:00:00,2026-08-21 09:00:00,2026-08-21 17:00:00,1.95752,1.95783,1.95668,1.95677,0.0
2026-08-21 12:15:00,2026-08-21 09:15:00,2026-08-21 17:15:00,1.95676,1.95871,1.9566,1.95814,0.0
2026-08-21 12:30:00,2026-08-21 09:30:00,2026-08-21 17:30:00,1.95812,1.95831,1.95714,1.95768,0.0
2026-08-21 12:45:00,2026-08-21 09:45:00,2026-08-21 17:45:00,1.95769,1.95792,1.9567,1.95715,0.0
2026-08-21 13:00:00,2026-08-21 10:00:00,2026-08-21 18:00:00,1.95713,1.95738,1.95644,1.95703,0.0
2026-08-21 13:15:00,2026-08-21 10:15:00,2026-08-21 18:15:00,1.95716,1.95746,1.95643,1.95682,0.0
2026-08-21 13:30:00,2026-08-21 10:30:00,2026-08-21 18:30:00,1.9567,1.95738,1.95621,1.95701,0.0
2026-08-21 13:45:00,2026-08-21 10:45:00,2026-08-21 18:45:00,1.957,1.95784,1.95678,1.95734,0.0
2026-08-21 14:00:00,2026-08-21 11:00:00,2026-08-21 19:00:00,1.95746,1.95805,1.95728,1.95752,0.0
2026-08-21 14:15:00,2026-08-21 11:15:00,2026-08-21 19:15:00,1.95768,1.95772,1.95603,1.95614,0.0
2026-08-21 14:30:00,2026-08-21 11:30:00,2026-08-21 19:30:00,1.95616,1.95646,1.95468,1.95546,0.0
2026-08-21 14:45:00,2026-08-21 11:45:00,2026-08-21 19:45:00,1.9556,1.95604,1.955,1.95548,0.0
2026-08-21 15:00:00,2026-08-21 12:00:00,2026-08-21 20:00:00,1.95527,1.95551,1.95361,1.954,0.0
2026-08-21 15:15:00,2026-08-21 12:15:00,2026-08-21 20:15:00,1.954,1.95428,1.95271,1.95296,0.0
2026-08-21 15:30:00,2026-08-21 12:30:00,2026-08-21 20:30:00,1.95308,1.9546,1.95294,1.95392,0.0
2026-08-21 15:45:00,2026-08-21 12:45:00,2026-08-21 20:45:00,1.95376,1.95448,1.9533,1.95396,0.0
2026-08-21 16:00:00,2026-08-21 13:00:00,2026-08-21 21:00:00,1.95382,1.95455,1.95342,1.95402,0.0
2026-08-21 16:15:00,2026-08-21 13:15:00,2026-08-21 21:15:00,1.95402,1.95479,1.95353,1.95404,0.0
2026-08-21 16:30:00,2026-08-21 13:30:00,2026-08-21 21:30:00,1.9542,1.95449,1.9532,1.95368,0.0
2026-08-21 16:45:00,2026-08-21 13:45:00,2026-08-21 21:45:00,1.95277,1.95393,1.952,1.9528,0.0
2026-08-21 17:00:00,2026-08-21 14:00:00,2026-08-21 22:00:00,1.95265,1.95352,1.95262,1.95297,0.0
2026-08-21 17:15:00,2026-08-21 14:15:00,2026-08-21 22:15:00,1.95299,1.95362,1.95246,1.95284,0.0
2026-08-21 17:30:00,2026-08-21 14:30:00,2026-08-21 22:30:00,1.95283,1.95526,1.95278,1.95502,0.0
2026-08-21 17:45:00,2026-08-21 14:45:00,2026-08-21 22:45:00,1.955,1.95556,1.95378,1.95483,0.0
2026-08-21 18:00:00,2026-08-21 15:00:00,2026-08-21 23:00:00,1.95465,1.95487,1.95352,1.95425,0.0
2026-08-21 18:15:00,2026-08-21 15:15:00,2026-08-21 23:15:00,1.9544,1.95446,1.95345,1.95375,0.0
2026-08-21 18:30:00,2026-08-21 15:30:00,2026-08-21 23:30:00,1.95375,1.95392,1.95218,1.95253,0.0
2026-08-21 18:45:00,2026-08-21 15:45:00,2026-08-21 23:45:00,1.95254,1.95324,1.95219,1.95277,0.0
2026-08-21 19:00:00,2026-08-21 16:00:00,2026-08-22 00:00:00,1.95277,1.95348,1.95229,1.95296,0.0
2026-08-21 19:15:00,2026-08-21 16:15:00,2026-08-22 00:15:00,1.95312,1.9537,1.9526,1.95318,0.0
2026-08-21 19:30:00,2026-08-21 16:30:00,2026-08-22 00:30:00,1.95332,1.95364,1.95256,1.95289,0.0
2026-08-21 19:45:00,2026-08-21 16:45:00,2026-08-22 00:45:00,1.95305,1.95332,1.95259,1.95285,0.0
2026-08-21 20:00:00,2026-08-21 17:00:00,2026-08-22 01:00:00,1.95285,1.9532,1.9521,1.95276,0.0
2026-08-21 20:15:00,2026-08-21 17:15:00,2026-08-22 01:15:00,1.95259,1.95293,1.95221,1.95281,0.0
2026-08-21 20:30:00,2026-08-21 17:30:00,2026-08-22 01:30:00,1.95271,1.953,1.95195,1.95262,0.0
2026-08-21 20:45:00,2026-08-21 17:45:00,2026-08-22 01:45:00,1.95246,1.95273,1.95203,1.95242,0.0
2026-08-21 21:00:00,2026-08-21 18:00:00,2026-08-22 02:00:00,1.9524,1.95243,1.95154,1.95203,0.0
2026-08-21 21:15:00,2026-08-21 18:15:00,2026-08-22 02:15:00,1.95216,1.95238,1.9516,1.95228,0.0
2026-08-21 21:30:00,2026-08-21 18:30:00,2026-08-22 02:30:00,1.95211,1.95244,1.95175,1.95238,0.0
2026-08-21 21:45:00,2026-08-21 18:45:00,2026-08-22 02:45:00,1.95236,1.95247,1.9518,1.95236,0.0
2026-08-21 22:00:00,2026-08-21 19:00:00,2026-08-22 03:00:00,1.95218,1.95274,1.9518,1.95258,0.0
2026-08-21 22:15:00,2026-08-21 19:15:00,2026-08-22 03:15:00,1.95235,1.95293,1.9523,1.95284,0.0
2026-08-21 22:30:00,2026-08-21 19:30:00,2026-08-22 03:30:00,1.95263,1.95316,1.95253,1.95302,0.0
2026-08-21 22:45:00,2026-08-21 19:45:00,2026-08-22 03:45:00,1.95276,1.95322,1.9524,1.95314,0.0
2026-08-21 23:00:00,2026-08-21 20:00:00,2026-08-22 04:00:00,1.95286,1.95316,1.95227,1.95298,0.0
2026-08-21 23:15:00,2026-08-21 20:15:00,2026-08-22 04:15:00,1.95299,1.95302,1.95201,1.95249,0.0
2026-08-21 23:30:00,2026-08-21 20:30:00,2026-08-22 04:30:00,1.95206,1.95308,1.95206,1.95306,0.0
2026-08-21 23:45:00,2026-08-21 20:45:00,2026-08-22 04:45:00,1.95308,1.95321,1.95127,1.95293,0.0
2026-08-22 00:00:00,2026-08-21 21:00:00,2026-08-22 05:00:00,1.95259,1.95259,1.95259,1.95259,0.0
2026-08-22 00:15:00,2026-08-21 21:15:00,2026-08-22 05:15:00,1.95259,1.95259,1.95259,1.95259,0.0
2026-08-22 01:45:00,2026-08-21 22:45:00,2026-08-22 06:45:00,1.95423,1.95423,1.95423,1.95423,0.0
2026-08-24 00:00:00,2026-08-23 21:00:00,2026-08-24 05:00:00,1.95285,1.95331,1.95285,1.95311,66.0
2026-08-24 00:15:00,2026-08-23 21:15:00,2026-08-24 05:15:00,1.95319,1.9535,1.95121,1.95212,433.0
2026-08-24 00:30:00,2026-08-23 21:30:00,2026-08-24 05:30:00,1.95227,1.95305,1.95054,1.95305,629.0
2026-08-24 00:45:00,2026-08-23 21:45:00,2026-08-24 05:45:00,1.95308,1.95411,1.95276,1.95353,596.0
2026-08-24 01:00:00,2026-08-23 22:00:00,2026-08-24 06:00:00,1.95399,1.95408,1.95277,1.95368,1370.0
2026-08-24 01:15:00,2026-08-23 22:15:00,2026-08-24 06:15:00,1.954,1.95418,1.95386,1.9541,1239.0
2026-08-24 01:30:00,2026-08-23 22:30:00,2026-08-24 06:30:00,1.95407,1.95419,1.95373,1.9539,1308.0
2026-08-24 01:45:00,2026-08-23 22:45:00,2026-08-24 06:45:00,1.95393,1.95486,1.95393,1.95477,968.0
2026-08-24 02:00:00,2026-08-23 23:00:00,2026-08-24 07:00:00,1.95419,1.95572,1.95419,1.95542,0.0
2026-08-24 02:15:00,2026-08-23 23:15:00,2026-08-24 07:15:00,1.95513,1.95603,1.95494,1.95532,0.0
2026-08-24 02:30:00,2026-08-23 23:30:00,2026-08-24 07:30:00,1.95534,1.95552,1.9546,1.95546,0.0
2026-08-24 02:45:00,2026-08-23 23:45:00,2026-08-24 07:45:00,1.95519,1.95558,1.95406,1.95425,0.0
2026-08-24 03:00:00,2026-08-24 00:00:00,2026-08-24 08:00:00,1.95451,1.95471,1.9533,1.95356,0.0
2026-08-24 03:15:00,2026-08-24 00:15:00,2026-08-24 08:15:00,1.95338,1.95478,1.95327,1.9545,0.0
2026-08-24 03:30:00,2026-08-24 00:30:00,2026-08-24 08:30:00,1.95434,1.95477,1.95339,1.95347,0.0
2026-08-24 03:45:00,2026-08-24 00:45:00,2026-08-24 08:45:00,1.95362,1.95366,1.9526,1.95326,0.0
2026-08-24 04:00:00,2026-08-24 01:00:00,2026-08-24 09:00:00,1.95307,1.95489,1.95281,1.95477,0.0
2026-08-24 04:15:00,2026-08-24 01:15:00,2026-08-24 09:15:00,1.95455,1.95552,1.95432,1.9547,0.0
2026-08-24 04:30:00,2026-08-24 01:30:00,2026-08-24 09:30:00,1.95456,1.95524,1.95371,1.95421,0.0
2026-08-24 04:45:00,2026-08-24 01:45:00,2026-08-24 09:45:00,1.9542,1.95509,1.95397,1.95472,0.0
2026-08-24 05:00:00,2026-08-24 02:00:00,2026-08-24 10:00:00,1.95455,1.95568,1.95411,1.95432,0.0
2026-08-24 05:15:00,2026-08-24 02:15:00,2026-08-24 10:15:00,1.95433,1.95471,1.95378,1.95452,0.0
2026-08-24 05:30:00,2026-08-24 02:30:00,2026-08-24 10:30:00,1.95435,1.95476,1.95398,1.95416,0.0
2026-08-24 05:45:00,2026-08-24 02:45:00,2026-08-24 10:45:00,1.95418,1.95518,1.95415,1.95484,0.0
2026-08-24 06:00:00,2026-08-24 03:00:00,2026-08-24 11:00:00,1.95481,1.95629,1.95438,1.95578,0.0
2026-08-24 06:15:00,2026-08-24 03:15:00,2026-08-24 11:15:00,1.9558,1.95624,1.95527,1.95579,0.0
2026-08-24 06:30:00,2026-08-24 03:30:00,2026-08-24 11:30:00,1.95594,1.956,1.9552,1.9555,0.0
2026-08-24 06:45:00,2026-08-24 03:45:00,2026-08-24 11:45:00,1.95565,1.95571,1.95478,1.95491,0.0
2026-08-24 07:00:00,2026-08-24 04:00:00,2026-08-24 12:00:00,1.95507,1.95519,1.95436,1.95466,0.0
2026-08-24 07:15:00,2026-08-24 04:15:00,2026-08-24 12:15:00,1.9548,1.95517,1.9543,1.95446,0.0
2026-08-24 07:30:00,2026-08-24 04:30:00,2026-08-24 12:30:00,1.9543,1.95516,1.95413,1.95504,0.0
2026-08-24 07:45:00,2026-08-24 04:45:00,2026-08-24 12:45:00,1.9549,1.95524,1.95457,1.95498,0.0
2026-08-24 08:00:00,2026-08-24 05:00:00,2026-08-24 13:00:00,1.9551,1.95524,1.95433,1.95488,0.0
2026-08-24 08:15:00,2026-08-24 05:15:00,2026-08-24 13:15:00,1.95471,1.9553,1.95467,1.95496,0.0
2026-08-24 08:30:00,2026-08-24 05:30:00,2026-08-24 13:30:00,1.95516,1.95574,1.95473,1.9551,0.0
2026-08-24 08:45:00,2026-08-24 05:45:00,2026-08-24 13:45:00,1.95508,1.95531,1.95431,1.95467,0.0
2026-08-24 09:00:00,2026-08-24 06:00:00,2026-08-24 14:00:00,1.95465,1.95505,1.95363,1.95479,0.0
2026-08-24 09:15:00,2026-08-24 06:15:00,2026-08-24 14:15:00,1.95498,1.95543,1.95444,1.95484,0.0
2026-08-24 09:30:00,2026-08-24 06:30:00,2026-08-24 14:30:00,1.95484,1.95513,1.95423,1.95506,0.0
2026-08-24 09:45:00,2026-08-24 06:45:00,2026-08-24 14:45:00,1.95508,1.95551,1.95379,1.95462,0.0
2026-08-24 10:00:00,2026-08-24 07:00:00,2026-08-24 15:00:00,1.95462,1.955,1.95382,1.95429,0.0
2026-08-24 10:15:00,2026-08-24 07:15:00,2026-08-24 15:15:00,1.95428,1.95522,1.9542,1.95499,0.0
2026-08-24 10:30:00,2026-08-24 07:30:00,2026-08-24 15:30:00,1.95498,1.95551,1.95427,1.95484,0.0
2026-08-24 10:45:00,2026-08-24 07:45:00,2026-08-24 15:45:00,1.95484,1.95518,1.95405,1.95448,0.0
2026-08-24 11:00:00,2026-08-24 08:00:00,2026-08-24 16:00:00,1.95448,1.95496,1.95409,1.95477,0.0
2026-08-24 11:15:00,2026-08-24 08:15:00,2026-08-24 16:15:00,1.95491,1.9557,1.95446,1.95536,0.0
2026-08-24 11:30:00,2026-08-24 08:30:00,2026-08-24 16:30:00,1.95548,1.95593,1.95482,1.95504,0.0
2026-08-24 11:45:00,2026-08-24 08:45:00,2026-08-24 16:45:00,1.95516,1.95534,1.95414,1.95462,0.0
2026-08-24 12:00:00,2026-08-24 09:00:00,2026-08-24 17:00:00,1.95461,1.95483,1.95379,1.95431,0.0
2026-08-24 12:15:00,2026-08-24 09:15:00,2026-08-24 17:15:00,1.95432,1.9544,1.95368,1.95426,0.0
2026-08-24 12:30:00,2026-08-24 09:30:00,2026-08-24 17:30:00,1.95411,1.95443,1.95352,1.95417,0.0
2026-08-24 12:45:00,2026-08-24 09:45:00,2026-08-24 17:45:00,1.95414,1.95427,1.95347,1.95392,0.0
2026-08-24 13:00:00,2026-08-24 10:00:00,2026-08-24 18:00:00,1.9538,1.95423,1.95352,1.95378,0.0
2026-08-24 13:15:00,2026-08-24 10:15:00,2026-08-24 18:15:00,1.95391,1.95412,1.95336,1.95403,0.0
2026-08-24 13:30:00,2026-08-24 10:30:00,2026-08-24 18:30:00,1.95388,1.95474,1.95359,1.9547,0.0
2026-08-24 13:45:00,2026-08-24 10:45:00,2026-08-24 18:45:00,1.95457,1.95626,1.95455,1.95626,0.0
2026-08-24 14:00:00,2026-08-24 11:00:00,2026-08-24 19:00:00,1.95611,1.95714,1.95597,1.95677,0.0
2026-08-24 14:15:00,2026-08-24 11:15:00,2026-08-24 19:15:00,1.95677,1.95704,1.9558,1.95692,0.0
2026-08-24 14:30:00,2026-08-24 11:30:00,2026-08-24 19:30:00,1.9568,1.95709,1.95517,1.95588,0.0
2026-08-24 14:45:00,2026-08-24 11:45:00,2026-08-24 19:45:00,1.95601,1.95656,1.95566,1.95621,0.0
2026-08-24 15:00:00,2026-08-24 12:00:00,2026-08-24 20:00:00,1.95622,1.95713,1.95616,1.95684,0.0
2026-08-24 15:15:00,2026-08-24 12:15:00,2026-08-24 20:15:00,1.9567,1.95695,1.95509,1.95533,0.0
2026-08-24 15:30:00,2026-08-24 12:30:00,2026-08-24 20:30:00,1.9557,1.95655,1.95483,1.95569,0.0
2026-08-24 15:45:00,2026-08-24 12:45:00,2026-08-24 20:45:00,1.95569,1.95633,1.95542,1.9563,0.0
2026-08-24 16:00:00,2026-08-24 13:00:00,2026-08-24 21:00:00,1.95615,1.95631,1.9553,1.95574,0.0
2026-08-24 16:15:00,2026-08-24 13:15:00,2026-08-24 21:15:00,1.95576,1.95615,1.9552,1.95563,0.0
2026-08-24 16:30:00,2026-08-24 13:30:00,2026-08-24 21:30:00,1.95563,1.95588,1.9546,1.95567,0.0
2026-08-24 16:45:00,2026-08-24 13:45:00,2026-08-24 21:45:00,1.95567,1.9558,1.9546,1.95485,0.0
2026-08-24 17:00:00,2026-08-24 14:00:00,2026-08-24 22:00:00,1.95465,1.95579,1.9545,1.9554,0.0
2026-08-24 17:15:00,2026-08-24 14:15:00,2026-08-24 22:15:00,1.9554,1.95605,1.9552,1.95596,0.0
2026-08-24 17:30:00,2026-08-24 14:30:00,2026-08-24 22:30:00,1.95583,1.95678,1.95564,1.95652,0.0
2026-08-24 17:45:00,2026-08-24 14:45:00,2026-08-24 22:45:00,1.95668,1.95779,1.95652,1.95776,0.0
2026-08-24 18:00:00,2026-08-24 15:00:00,2026-08-24 23:00:00,1.95763,1.95793,1.95666,1.95786,0.0
2026-08-24 18:15:00,2026-08-24 15:15:00,2026-08-24 23:15:00,1.95784,1.95841,1.95679,1.95709,0.0
2026-08-24 18:30:00,2026-08-24 15:30:00,2026-08-24 23:30:00,1.95709,1.95799,1.95684,1.95758,0.0
2026-08-24 18:45:00,2026-08-24 15:45:00,2026-08-24 23:45:00,1.95772,1.9587,1.95725,1.9583,0.0
2026-08-24 19:00:00,2026-08-24 16:00:00,2026-08-25 00:00:00,1.9583,1.95853,1.95716,1.95805,0.0
2026-08-24 19:15:00,2026-08-24 16:15:00,2026-08-25 00:15:00,1.95805,1.95829,1.95713,1.9577,0.0
2026-08-24 19:30:00,2026-08-24 16:30:00,2026-08-25 00:30:00,1.95786,1.95797,1.95737,1.9578,0.0
2026-08-24 19:45:00,2026-08-24 16:45:00,2026-08-25 00:45:00,1.95766,1.95797,1.95724,1.95771,0.0
2026-08-24 20:00:00,2026-08-24 17:00:00,2026-08-25 01:00:00,1.95771,1.95811,1.9569,1.95714,0.0
2026-08-24 20:15:00,2026-08-24 17:15:00,2026-08-25 01:15:00,1.9573,1.95839,1.95712,1.95828,0.0
2026-08-24 20:30:00,2026-08-24 17:30:00,2026-08-25 01:30:00,1.95813,1.95826,1.95755,1.95797,0.0
2026-08-24 20:45:00,2026-08-24 17:45:00,2026-08-25 01:45:00,1.95796,1.95847,1.95779,1.95828,0.0
2026-08-24 21:00:00,2026-08-24 18:00:00,2026-08-25 02:00:00,1.95816,1.95831,1.95729,1.95778,0.0
2026-08-24 21:15:00,2026-08-24 18:15:00,2026-08-25 02:15:00,1.95761,1.95778,1.95708,1.95739,0.0
2026-08-24 21:30:00,2026-08-24 18:30:00,2026-08-25 02:30:00,1.95742,1.95812,1.95709,1.9577,0.0
2026-08-24 21:45:00,2026-08-24 18:45:00,2026-08-25 02:45:00,1.95755,1.95805,1.95735,1.9579,0.0
2026-08-24 22:00:00,2026-08-24 19:00:00,2026-08-25 03:00:00,1.95787,1.95811,1.95741,1.95768,0.0
2026-08-24 22:15:00,2026-08-24 19:15:00,2026-08-25 03:15:00,1.95766,1.95786,1.95712,1.95765,0.0
2026-08-24 22:30:00,2026-08-24 19:30:00,2026-08-25 03:30:00,1.95763,1.95789,1.95714,1.95746,0.0
2026-08-24 22:45:00,2026-08-24 19:45:00,2026-08-25 03:45:00,1.9576,1.95767,1.9569,1.95717,0.0
2026-08-24 23:00:00,2026-08-24 20:00:00,2026-08-25 04:00:00,1.95718,1.95749,1.95668,1.957,0.0
2026-08-24 23:15:00,2026-08-24 20:15:00,2026-08-25 04:15:00,1.95702,1.95755,1.95671,1.95731,0.0
2026-08-24 23:30:00,2026-08-24 20:30:00,2026-08-25 04:30:00,1.95732,1.9577,1.95693,1.95734,0.0
2026-08-24 23:45:00,2026-08-24 20:45:00,2026-08-25 04:45:00,1.95734,1.95752,1.95671,1.95671,0.0
2026-08-25 00:00:00,2026-08-24 21:00:00,2026-08-25 05:00:00,1.95661,1.95769,1.95618,1.95703,0.0
2026-08-25 00:15:00,2026-08-24 21:15:00,2026-08-25 05:15:00,1.95695,1.95779,1.95655,1.95669,0.0
2026-08-25 00:30:00,2026-08-24 21:30:00,2026-08-25 05:30:00,1.95754,1.95808,1.95643,1.95677,0.0
2026-08-25 00:45:00,2026-08-24 21:45:00,2026-08-25 05:45:00,1.95727,1.95778,1.9559,1.95672,0.0
2026-08-25 01:00:00,2026-08-24 22:00:00,2026-08-25 06:00:00,1.95663,1.95748,1.95644,1.95706,0.0
2026-08-25 01:15:00,2026-08-24 22:15:00,2026-08-25 06:15:00,1.9569,1.95711,1.95665,1.95673,0.0
2026-08-25 01:30:00,2026-08-24 22:30:00,2026-08-25 06:30:00,1.95698,1.95708,1.9564,1.95672,0.0
2026-08-25 01:45:00,2026-08-24 22:45:00,2026-08-25 06:45:00,1.95673,1.95688,1.95624,1.95679,0.0
2026-08-25 02:00:00,2026-08-24 23:00:00,2026-08-25 07:00:00,1.95673,1.95674,1.95617,1.95656,0.0
2026-08-25 02:15:00,2026-08-24 23:15:00,2026-08-25 07:15:00,1.95632,1.95693,1.95623,1.95686,0.0
2026-08-25 02:30:00,2026-08-24 23:30:00,2026-08-25 07:30:00,1.95662,1.95687,1.95597,1.9563,0.0
2026-08-25 02:45:00,2026-08-24 23:45:00,2026-08-25 07:45:00,1.95591,1.95621,1.95519,1.9556,0.0
2026-08-25 03:00:00,2026-08-25 00:00:00,2026-08-25 08:00:00,1.9556,1.95634,1.95514,1.95588,0.0
2026-08-25 03:15:00,2026-08-25 00:15:00,2026-08-25 08:15:00,1.95588,1.95633,1.95561,1.9561,0.0
2026-08-25 03:30:00,2026-08-25 00:30:00,2026-08-25 08:30:00,1.95606,1.95641,1.95554,1.95615,0.0
2026-08-25 03:45:00,2026-08-25 00:45:00,2026-08-25 08:45:00,1.95599,1.95671,1.95592,1.95612,0.0
2026-08-25 04:00:00,2026-08-25 01:00:00,2026-08-25 09:00:00,1.9561,1.95733,1.95598,1.95651,0.0
2026-08-25 04:15:00,2026-08-25 01:15:00,2026-08-25 09:15:00,1.95652,1.95742,1.95637,1.95704,0.0
2026-08-25 04:30:00,2026-08-25 01:30:00,2026-08-25 09:30:00,1.9572,1.9575,1.95643,1.95705,0.0
2026-08-25 04:45:00,2026-08-25 01:45:00,2026-08-25 09:45:00,1.95721,1.95728,1.95661,1.95682,0.0
2026-08-25 05:00:00,2026-08-25 02:00:00,2026-08-25 10:00:00,1.95681,1.95735,1.95615,1.95667,0.0
2026-08-25 05:15:00,2026-08-25 02:15:00,2026-08-25 10:15:00,1.95665,1.95708,1.95557,1.95566,0.0
2026-08-25 05:30:00,2026-08-25 02:30:00,2026-08-25 10:30:00,1.95566,1.95625,1.95523,1.95574,0.0
2026-08-25 05:45:00,2026-08-25 02:45:00,2026-08-25 10:45:00,1.95575,1.95619,1.95524,1.95561,0.0
2026-08-25 06:00:00,2026-08-25 03:00:00,2026-08-25 11:00:00,1.95576,1.9565,1.9553,1.95544,0.0
2026-08-25 06:15:00,2026-08-25 03:15:00,2026-08-25 11:15:00,1.9556,1.95568,1.95458,1.95491,0.0
2026-08-25 06:30:00,2026-08-25 03:30:00,2026-08-25 11:30:00,1.95508,1.95573,1.9546,1.95532,0.0
2026-08-25 06:45:00,2026-08-25 03:45:00,2026-08-25 11:45:00,1.95546,1.95654,1.9553,1.95637,0.0
2026-08-25 07:00:00,2026-08-25 04:00:00,2026-08-25 12:00:00,1.95634,1.95654,1.95533,1.95576,0.0
2026-08-25 07:15:00,2026-08-25 04:15:00,2026-08-25 12:15:00,1.95559,1.95627,1.95542,1.95606,0.0
2026-08-25 07:30:00,2026-08-25 04:30:00,2026-08-25 12:30:00,1.95604,1.95651,1.95555,1.95603,0.0
2026-08-25 07:45:00,2026-08-25 04:45:00,2026-08-25 12:45:00,1.95618,1.95669,1.95587,1.95652,0.0
2026-08-25 08:00:00,2026-08-25 05:00:00,2026-08-25 13:00:00,1.95664,1.95668,1.9559,1.95623,0.0
2026-08-25 08:15:00,2026-08-25 05:15:00,2026-08-25 13:15:00,1.95622,1.95688,1.95588,1.95669,0.0
2026-08-25 08:30:00,2026-08-25 05:30:00,2026-08-25 13:30:00,1.9565,1.95716,1.95627,1.95708,0.0
2026-08-25 08:45:00,2026-08-25 05:45:00,2026-08-25 13:45:00,1.95691,1.95741,1.95646,1.95714,0.0
2026-08-25 09:00:00,2026-08-25 06:00:00,2026-08-25 14:00:00,1.95734,1.95755,1.95671,1.95705,0.0
2026-08-25 09:15:00,2026-08-25 06:15:00,2026-08-25 14:15:00,1.95722,1.9574,1.95637,1.95683,0.0
2026-08-25 09:30:00,2026-08-25 06:30:00,2026-08-25 14:30:00,1.95668,1.95753,1.95643,1.95702,0.0
2026-08-25 09:45:00,2026-08-25 06:45:00,2026-08-25 14:45:00,1.95686,1.95778,1.95675,1.95742,0.0
2026-08-25 10:00:00,2026-08-25 07:00:00,2026-08-25 15:00:00,1.95726,1.95827,1.95705,1.95808,0.0
2026-08-25 10:15:00,2026-08-25 07:15:00,2026-08-25 15:15:00,1.95824,1.95874,1.95769,1.95845,0.0
2026-08-25 10:30:00,2026-08-25 07:30:00,2026-08-25 15:30:00,1.95828,1.95951,1.9581,1.95904,0.0
2026-08-25 10:45:00,2026-08-25 07:45:00,2026-08-25 15:45:00,1.95922,1.95928,1.95857,1.95908,0.0
2026-08-25 11:00:00,2026-08-25 08:00:00,2026-08-25 16:00:00,1.95879,1.9605,1.95862,1.95997,0.0
2026-08-25 11:15:00,2026-08-25 08:15:00,2026-08-25 16:15:00,1.95977,1.95994,1.95719,1.95844,0.0
2026-08-25 11:30:00,2026-08-25 08:30:00,2026-08-25 16:30:00,1.95844,1.95946,1.95837,1.95932,0.0
2026-08-25 11:45:00,2026-08-25 08:45:00,2026-08-25 16:45:00,1.95921,1.95951,1.95872,1.95915,0.0
2026-08-25 12:00:00,2026-08-25 09:00:00,2026-08-25 17:00:00,1.95915,1.95946,1.95801,1.95827,0.0
2026-08-25 12:15:00,2026-08-25 09:15:00,2026-08-25 17:15:00,1.95845,1.95879,1.95783,1.9585,0.0
2026-08-25 12:30:00,2026-08-25 09:30:00,2026-08-25 17:30:00,1.9585,1.95894,1.95734,1.95766,0.0
2026-08-25 12:45:00,2026-08-25 09:45:00,2026-08-25 17:45:00,1.95767,1.95791,1.95653,1.95712,0.0
2026-08-25 13:00:00,2026-08-25 10:00:00,2026-08-25 18:00:00,1.957,1.95775,1.95684,1.95717,0.0
2026-08-25 13:15:00,2026-08-25 10:15:00,2026-08-25 18:15:00,1.95717,1.95734,1.95653,1.95709,0.0
2026-08-25 13:30:00,2026-08-25 10:30:00,2026-08-25 18:30:00,1.95693,1.95707,1.95581,1.95605,0.0
2026-08-25 13:45:00,2026-08-25 10:45:00,2026-08-25 18:45:00,1.95623,1.95631,1.95554,1.95569,0.0
2026-08-25 14:00:00,2026-08-25 11:00:00,2026-08-25 19:00:00,1.95569,1.95601,1.95483,1.95499,0.0
2026-08-25 14:15:00,2026-08-25 11:15:00,2026-08-25 19:15:00,1.95499,1.95522,1.95445,1.95495,0.0
2026-08-25 14:30:00,2026-08-25 11:30:00,2026-08-25 19:30:00,1.95493,1.9552,1.95385,1.95416,0.0
2026-08-25 14:45:00,2026-08-25 11:45:00,2026-08-25 19:45:00,1.95415,1.95475,1.95342,1.95429,0.0
2026-08-25 15:00:00,2026-08-25 12:00:00,2026-08-25 20:00:00,1.95448,1.95526,1.95413,1.95464,0.0
2026-08-25 15:15:00,2026-08-25 12:15:00,2026-08-25 20:15:00,1.95451,1.9557,1.9544,1.95554,0.0
2026-08-25 15:30:00,2026-08-25 12:30:00,2026-08-25 20:30:00,1.95536,1.95651,1.9552,1.95599,0.0
2026-08-25 15:45:00,2026-08-25 12:45:00,2026-08-25 20:45:00,1.95599,1.95645,1.95517,1.95564,0.0
2026-08-25 16:00:00,2026-08-25 13:00:00,2026-08-25 21:00:00,1.95553,1.95642,1.9553,1.95562,0.0
2026-08-25 16:15:00,2026-08-25 13:15:00,2026-08-25 21:15:00,1.9558,1.95651,1.95518,1.95627,0.0
2026-08-25 16:30:00,2026-08-25 13:30:00,2026-08-25 21:30:00,1.9564,1.95684,1.9553,1.95618,0.0
2026-08-25 16:45:00,2026-08-25 13:45:00,2026-08-25 21:45:00,1.95634,1.95694,1.9558,1.95588,0.0
2026-08-25 17:00:00,2026-08-25 14:00:00,2026-08-25 22:00:00,1.95599,1.95675,1.95556,1.95571,0.0
2026-08-25 17:15:00,2026-08-25 14:15:00,2026-08-25 22:15:00,1.95585,1.95585,1.95486,1.95504,0.0
2026-08-25 17:30:00,2026-08-25 14:30:00,2026-08-25 22:30:00,1.95501,1.95592,1.95441,1.95458,0.0
2026-08-25 17:45:00,2026-08-25 14:45:00,2026-08-25 22:45:00,1.95444,1.95514,1.95398,1.95478,0.0
2026-08-25 18:00:00,2026-08-25 15:00:00,2026-08-25 23:00:00,1.95496,1.95552,1.95461,1.95536,0.0
2026-08-25 18:15:00,2026-08-25 15:15:00,2026-08-25 23:15:00,1.95536,1.95568,1.95464,1.95521,0.0
2026-08-25 18:30:00,2026-08-25 15:30:00,2026-08-25 23:30:00,1.95522,1.95534,1.95373,1.95437,0.0
2026-08-25 18:45:00,2026-08-25 15:45:00,2026-08-25 23:45:00,1.95437,1.95549,1.95426,1.95472,0.0
2026-08-25 19:00:00,2026-08-25 16:00:00,2026-08-26 00:00:00,1.95487,1.95541,1.95444,1.95497,0.0
2026-08-25 19:15:00,2026-08-25 16:15:00,2026-08-26 00:15:00,1.95508,1.95526,1.95435,1.95476,0.0
2026-08-25 19:30:00,2026-08-25 16:30:00,2026-08-26 00:30:00,1.95495,1.95522,1.95453,1.95494,0.0
2026-08-25 19:45:00,2026-08-25 16:45:00,2026-08-26 00:45:00,1.95495,1.95531,1.95466,1.95498,0.0
2026-08-25 20:00:00,2026-08-25 17:00:00,2026-08-26 01:00:00,1.95512,1.95572,1.95477,1.95546,0.0
2026-08-25 20:15:00,2026-08-25 17:15:00,2026-08-26 01:15:00,1.9553,1.9555,1.95448,1.95484,0.0
2026-08-25 20:30:00,2026-08-25 17:30:00,2026-08-26 01:30:00,1.95496,1.95504,1.95431,1.95457,0.0
2026-08-25 20:45:00,2026-08-25 17:45:00,2026-08-26 01:45:00,1.95471,1.95481,1.954,1.95429,0.0
2026-08-25 21:00:00,2026-08-25 18:00:00,2026-08-26 02:00:00,1.9544,1.95454,1.95376,1.95445,0.0
2026-08-25 21:15:00,2026-08-25 18:15:00,2026-08-26 02:15:00,1.9544,1.95477,1.95411,1.95426,0.0
2026-08-25 21:30:00,2026-08-25 18:30:00,2026-08-26 02:30:00,1.95427,1.9547,1.95401,1.95453,0.0
2026-08-25 21:45:00,2026-08-25 18:45:00,2026-08-26 02:45:00,1.95437,1.95458,1.95389,1.9542,0.0
2026-08-25 22:00:00,2026-08-25 19:00:00,2026-08-26 03:00:00,1.95435,1.95453,1.95346,1.95387,0.0
2026-08-25 22:15:00,2026-08-25 19:15:00,2026-08-26 03:15:00,1.95387,1.95411,1.95334,1.95357,0.0
2026-08-25 22:30:00,2026-08-25 19:30:00,2026-08-26 03:30:00,1.95357,1.95379,1.95223,1.95262,0.0
2026-08-25 22:45:00,2026-08-25 19:45:00,2026-08-26 03:45:00,1.9528,1.95311,1.95178,1.95232,0.0
2026-08-25 23:00:00,2026-08-25 20:00:00,2026-08-26 04:00:00,1.9525,1.95271,1.95179,1.95258,0.0
2026-08-25 23:15:00,2026-08-25 20:15:00,2026-08-26 04:15:00,1.95239,1.95287,1.95215,1.95268,0.0
2026-08-25 23:30:00,2026-08-25 20:30:00,2026-08-26 04:30:00,1.95253,1.95337,1.95216,1.95316,0.0
2026-08-25 23:45:00,2026-08-25 20:45:00,2026-08-26 04:45:00,1.95316,1.9535,1.95247,1.95291,0.0
2026-08-26 00:00:00,2026-08-25 21:00:00,2026-08-26 05:00:00,1.9528,1.95616,1.95237,1.95586,0.0
2026-08-26 00:15:00,2026-08-25 21:15:00,2026-08-26 05:15:00,1.95576,1.95579,1.95053,1.95354,0.0
2026-08-26 00:30:00,2026-08-25 21:30:00,2026-08-26 05:30:00,1.95172,1.95408,1.9512,1.95374,0.0
2026-08-26 00:45:00,2026-08-25 21:45:00,2026-08-26 05:45:00,1.95367,1.95435,1.9507,1.95119,0.0
2026-08-26 01:00:00,2026-08-25 22:00:00,2026-08-26 06:00:00,1.95118,1.95374,1.95118,1.95372,0.0
2026-08-26 01:15:00,2026-08-25 22:15:00,2026-08-26 06:15:00,1.9535,1.95396,1.95308,1.95362,0.0
2026-08-26 01:30:00,2026-08-25 22:30:00,2026-08-26 06:30:00,1.9536,1.95362,1.95297,1.95314,0.0
2026-08-26 01:45:00,2026-08-25 22:45:00,2026-08-26 06:45:00,1.95338,1.95338,1.95271,1.95308,0.0
2026-08-26 02:00:00,2026-08-25 23:00:00,2026-08-26 07:00:00,1.95305,1.95321,1.95263,1.95318,0.0
2026-08-26 02:15:00,2026-08-25 23:15:00,2026-08-26 07:15:00,1.95292,1.95328,1.95264,1.95294,0.0
2026-08-26 02:30:00,2026-08-25 23:30:00,2026-08-26 07:30:00,1.95318,1.95374,1.95282,1.95352,0.0
2026-08-26 02:45:00,2026-08-25 23:45:00,2026-08-26 07:45:00,1.95352,1.95376,1.9528,1.95351,0.0
2026-08-26 03:00:00,2026-08-26 00:00:00,2026-08-26 08:00:00,1.95378,1.95415,1.95283,1.9529,0.0
2026-08-26 03:15:00,2026-08-26 00:15:00,2026-08-26 08:15:00,1.95292,1.95352,1.95273,1.95326,0.0
2026-08-26 03:30:00,2026-08-26 00:30:00,2026-08-26 08:30:00,1.9534,1.95371,1.95262,1.95304,0.0
2026-08-26 03:45:00,2026-08-26 00:45:00,2026-08-26 08:45:00,1.95285,1.95387,1.95255,1.95324,0.0
2026-08-26 04:00:00,2026-08-26 01:00:00,2026-08-26 09:00:00,1.95322,1.95387,1.9528,1.95359,0.0
2026-08-26 04:15:00,2026-08-26 01:15:00,2026-08-26 09:15:00,1.95378,1.9539,1.95289,1.9534,0.0
2026-08-26 04:30:00,2026-08-26 01:30:00,2026-08-26 09:30:00,1.9534,1.9572,1.95273,1.95587,0.0
2026-08-26 04:45:00,2026-08-26 01:45:00,2026-08-26 09:45:00,1.9561,1.95861,1.95568,1.95673,0.0
2026-08-26 05:00:00,2026-08-26 02:00:00,2026-08-26 10:00:00,1.95688,1.9576,1.95596,1.95674,0.0
2026-08-26 05:15:00,2026-08-26 02:15:00,2026-08-26 10:15:00,1.95677,1.95744,1.9559,1.95593,0.0
2026-08-26 05:30:00,2026-08-26 02:30:00,2026-08-26 10:30:00,1.95591,1.95708,1.95538,1.95587,0.0
2026-08-26 05:45:00,2026-08-26 02:45:00,2026-08-26 10:45:00,1.95604,1.95751,1.95581,1.9573,0.0
2026-08-26 06:00:00,2026-08-26 03:00:00,2026-08-26 11:00:00,1.95728,1.95831,1.95677,1.95798,0.0
2026-08-26 06:15:00,2026-08-26 03:15:00,2026-08-26 11:15:00,1.95782,1.95832,1.95719,1.95745,0.0
2026-08-26 06:30:00,2026-08-26 03:30:00,2026-08-26 11:30:00,1.95759,1.9578,1.95687,1.95761,0.0
2026-08-26 06:45:00,2026-08-26 03:45:00,2026-08-26 11:45:00,1.9576,1.95855,1.95714,1.958,0.0
2026-08-26 07:00:00,2026-08-26 04:00:00,2026-08-26 12:00:00,1.958,1.95829,1.95737,1.95805,0.0
2026-08-26 07:15:00,2026-08-26 04:15:00,2026-08-26 12:15:00,1.95821,1.9584,1.95764,1.95809,0.0
2026-08-26 07:30:00,2026-08-26 04:30:00,2026-08-26 12:30:00,1.95811,1.95853,1.95765,1.95826,0.0
2026-08-26 07:45:00,2026-08-26 04:45:00,2026-08-26 12:45:00,1.95812,1.95904,1.9578,1.95871,0.0
2026-08-26 08:00:00,2026-08-26 05:00:00,2026-08-26 13:00:00,1.95856,1.95873,1.95777,1.95837,0.0
2026-08-26 08:15:00,2026-08-26 05:15:00,2026-08-26 13:15:00,1.95838,1.95916,1.95819,1.95861,0.0
2026-08-26 08:30:00,2026-08-26 05:30:00,2026-08-26 13:30:00,1.95858,1.95879,1.95785,1.95848,0.0
2026-08-26 08:45:00,2026-08-26 05:45:00,2026-08-26 13:45:00,1.95849,1.9589,1.95801,1.95858,0.0
2026-08-26 09:00:00,2026-08-26 06:00:00,2026-08-26 14:00:00,1.95874,1.96016,1.95846,1.95993,0.0
2026-08-26 09:15:00,2026-08-26 06:15:00,2026-08-26 14:15:00,1.96011,1.96068,1.95906,1.96052,0.0
2026-08-26 09:30:00,2026-08-26 06:30:00,2026-08-26 14:30:00,1.9605,1.96142,1.96037,1.96096,0.0
2026-08-26 09:45:00,2026-08-26 06:45:00,2026-08-26 14:45:00,1.96082,1.96211,1.96082,1.96143,0.0
2026-08-26 10:00:00,2026-08-26 07:00:00,2026-08-26 15:00:00,1.96156,1.96203,1.96019,1.9605,0.0
2026-08-26 10:15:00,2026-08-26 07:15:00,2026-08-26 15:15:00,1.96034,1.96138,1.96015,1.96128,0.0
2026-08-26 10:30:00,2026-08-26 07:30:00,2026-08-26 15:30:00,1.96112,1.96158,1.96028,1.96064,0.0
2026-08-26 10:45:00,2026-08-26 07:45:00,2026-08-26 15:45:00,1.96065,1.96081,1.95936,1.95952,0.0
2026-08-26 11:00:00,2026-08-26 08:00:00,2026-08-26 16:00:00,1.95949,1.95986,1.95856,1.95876,0.0
2026-08-26 11:15:00,2026-08-26 08:15:00,2026-08-26 16:15:00,1.95882,1.95974,1.95839,1.9594,0.0
2026-08-26 11:30:00,2026-08-26 08:30:00,2026-08-26 16:30:00,1.95926,1.95986,1.95876,1.95954,0.0
2026-08-26 11:45:00,2026-08-26 08:45:00,2026-08-26 16:45:00,1.9595,1.95968,1.95869,1.95942,0.0
2026-08-26 12:00:00,2026-08-26 09:00:00,2026-08-26 17:00:00,1.95928,1.95956,1.95858,1.95881,0.0
2026-08-26 12:15:00,2026-08-26 09:15:00,2026-08-26 17:15:00,1.95897,1.95958,1.95847,1.95922,0.0
2026-08-26 12:30:00,2026-08-26 09:30:00,2026-08-26 17:30:00,1.9592,1.95961,1.95872,1.95892,0.0
2026-08-26 12:45:00,2026-08-26 09:45:00,2026-08-26 17:45:00,1.95906,1.95932,1.9584,1.95878,0.0
2026-08-26 13:00:00,2026-08-26 10:00:00,2026-08-26 18:00:00,1.9589,1.95898,1.95834,1.95862,0.0
2026-08-26 13:15:00,2026-08-26 10:15:00,2026-08-26 18:15:00,1.95876,1.95923,1.95836,1.95873,0.0
2026-08-26 13:30:00,2026-08-26 10:30:00,2026-08-26 18:30:00,1.95873,1.95914,1.95822,1.95889,0.0
2026-08-26 13:45:00,2026-08-26 10:45:00,2026-08-26 18:45:00,1.95904,1.95904,1.95842,1.95865,0.0
2026-08-26 14:00:00,2026-08-26 11:00:00,2026-08-26 19:00:00,1.95868,1.9599,1.95843,1.95948,0.0
2026-08-26 14:15:00,2026-08-26 11:15:00,2026-08-26 19:15:00,1.95933,1.95958,1.95851,1.95923,0.0
2026-08-26 14:30:00,2026-08-26 11:30:00,2026-08-26 19:30:00,1.95909,1.95936,1.95847,1.95878,0.0
2026-08-26 14:45:00,2026-08-26 11:45:00,2026-08-26 19:45:00,1.95892,1.95914,1.95834,1.95859,0.0
2026-08-26 15:00:00,2026-08-26 12:00:00,2026-08-26 20:00:00,1.95876,1.95876,1.95774,1.95846,0.0
2026-08-26 15:15:00,2026-08-26 12:15:00,2026-08-26 20:15:00,1.95832,1.95853,1.95694,1.95794,0.0
2026-08-26 15:30:00,2026-08-26 12:30:00,2026-08-26 20:30:00,1.95777,1.96027,1.9559,1.95965,0.0
2026-08-26 15:45:00,2026-08-26 12:45:00,2026-08-26 20:45:00,1.9598,1.9605,1.95936,1.96008,0.0
2026-08-26 16:00:00,2026-08-26 13:00:00,2026-08-26 21:00:00,1.96024,1.96063,1.95961,1.96053,0.0
2026-08-26 16:15:00,2026-08-26 13:15:00,2026-08-26 21:15:00,1.96042,1.961,1.95961,1.95973,0.0
2026-08-26 16:30:00,2026-08-26 13:30:00,2026-08-26 21:30:00,1.95973,1.96114,1.95933,1.95993,0.0
2026-08-26 16:45:00,2026-08-26 13:45:00,2026-08-26 21:45:00,1.95994,1.96018,1.95907,1.95967,0.0
2026-08-26 17:00:00,2026-08-26 14:00:00,2026-08-26 22:00:00,1.95982,1.96045,1.95925,1.96003,0.0
2026-08-26 17:15:00,2026-08-26 14:15:00,2026-08-26 22:15:00,1.9599,1.9613,1.95988,1.9611,0.0
2026-08-26 17:30:00,2026-08-26 14:30:00,2026-08-26 22:30:00,1.96094,1.96144,1.96064,1.9613,0.0
2026-08-26 17:45:00,2026-08-26 14:45:00,2026-08-26 22:45:00,1.9613,1.96265,1.96096,1.96247,0.0
2026-08-26 18:00:00,2026-08-26 15:00:00,2026-08-26 23:00:00,1.96247,1.96275,1.96149,1.96258,0.0
2026-08-26 18:15:00,2026-08-26 15:15:00,2026-08-26 23:15:00,1.96241,1.96294,1.96195,1.96227,0.0
2026-08-26 18:30:00,2026-08-26 15:30:00,2026-08-26 23:30:00,1.96243,1.96243,1.96128,1.9618,0.0
2026-08-26 18:45:00,2026-08-26 15:45:00,2026-08-26 23:45:00,1.96166,1.96266,1.96143,1.96203,0.0
2026-08-26 19:00:00,2026-08-26 16:00:00,2026-08-27 00:00:00,1.96203,1.96234,1.96115,1.96167,0.0
2026-08-26 19:15:00,2026-08-26 16:15:00,2026-08-27 00:15:00,1.96168,1.96194,1.96097,1.96135,0.0
2026-08-26 19:30:00,2026-08-26 16:30:00,2026-08-27 00:30:00,1.96136,1.96183,1.96104,1.96167,0.0
2026-08-26 19:45:00,2026-08-26 16:45:00,2026-08-27 00:45:00,1.96167,1.96182,1.96098,1.96141,0.0
2026-08-26 20:00:00,2026-08-26 17:00:00,2026-08-27 01:00:00,1.96125,1.96145,1.96071,1.96086,0.0
2026-08-26 20:15:00,2026-08-26 17:15:00,2026-08-27 01:15:00,1.96086,1.96103,1.9603,1.96064,0.0
2026-08-26 20:30:00,2026-08-26 17:30:00,2026-08-27 01:30:00,1.96064,1.96095,1.96037,1.96087,0.0
2026-08-26 20:45:00,2026-08-26 17:45:00,2026-08-27 01:45:00,1.96072,1.96093,1.96003,1.96044,0.0
2026-08-26 21:00:00,2026-08-26 18:00:00,2026-08-27 02:00:00,1.96044,1.96065,1.95983,1.96041,0.0
2026-08-26 21:15:00,2026-08-26 18:15:00,2026-08-27 02:15:00,1.9604,1.96086,1.96006,1.96066,0.0
2026-08-26 21:30:00,2026-08-26 18:30:00,2026-08-27 02:30:00,1.96082,1.96092,1.96022,1.96043,0.0
2026-08-26 21:45:00,2026-08-26 18:45:00,2026-08-27 02:45:00,1.96058,1.96103,1.96036,1.96086,0.0
2026-08-26 22:00:00,2026-08-26 19:00:00,2026-08-27 03:00:00,1.96094,1.96125,1.95983,1.96042,0.0
2026-08-26 22:15:00,2026-08-26 19:15:00,2026-08-27 03:15:00,1.96044,1.96069,1.95985,1.96043,0.0
2026-08-26 22:30:00,2026-08-26 19:30:00,2026-08-27 03:30:00,1.96059,1.9608,1.95996,1.96052,0.0
2026-08-26 22:45:00,2026-08-26 19:45:00,2026-08-27 03:45:00,1.96053,1.96101,1.95989,1.96066,0.0
2026-08-26 23:00:00,2026-08-26 20:00:00,2026-08-27 04:00:00,1.96082,1.96091,1.95983,1.96048,0.0
2026-08-26 23:15:00,2026-08-26 20:15:00,2026-08-27 04:15:00,1.96067,1.96099,1.96005,1.96077,0.0
2026-08-26 23:30:00,2026-08-26 20:30:00,2026-08-27 04:30:00,1.96077,1.96091,1.95984,1.96086,0.0
2026-08-26 23:45:00,2026-08-26 20:45:00,2026-08-27 04:45:00,1.96077,1.9613,1.95948,1.95954,0.0
2026-08-27 00:00:00,2026-08-26 21:00:00,2026-08-27 05:00:00,1.95891,1.96036,1.95751,1.95848,0.0
2026-08-27 00:15:00,2026-08-26 21:15:00,2026-08-27 05:15:00,1.95857,1.95992,1.95748,1.95906,0.0
2026-08-27 00:30:00,2026-08-26 21:30:00,2026-08-27 05:30:00,1.95941,1.9606,1.95906,1.96009,0.0
2026-08-27 00:45:00,2026-08-26 21:45:00,2026-08-27 05:45:00,1.95953,1.96052,1.959,1.9599,0.0
2026-08-27 01:00:00,2026-08-26 22:00:00,2026-08-27 06:00:00,1.95957,1.96069,1.9592,1.96003,0.0
2026-08-27 01:15:00,2026-08-26 22:15:00,2026-08-27 06:15:00,1.96001,1.96019,1.9595,1.95993,0.0
2026-08-27 01:30:00,2026-08-26 22:30:00,2026-08-27 06:30:00,1.9599,1.96024,1.95934,1.9596,0.0
2026-08-27 01:45:00,2026-08-26 22:45:00,2026-08-27 06:45:00,1.95934,1.9601,1.95921,1.95975,0.0
2026-08-27 02:00:00,2026-08-26 23:00:00,2026-08-27 07:00:00,1.95984,1.95997,1.95905,1.95913,0.0
2026-08-27 02:15:00,2026-08-26 23:15:00,2026-08-27 07:15:00,1.95912,1.95938,1.95846,1.95894,0.0
2026-08-27 02:30:00,2026-08-26 23:30:00,2026-08-27 07:30:00,1.95924,1.95925,1.95837,1.95875,0.0
2026-08-27 02:45:00,2026-08-26 23:45:00,2026-08-27 07:45:00,1.95875,1.95974,1.95859,1.95945,0.0
2026-08-27 03:00:00,2026-08-27 00:00:00,2026-08-27 08:00:00,1.95972,1.96111,1.9592,1.96068,0.0
2026-08-27 03:15:00,2026-08-27 00:15:00,2026-08-27 08:15:00,1.96084,1.96114,1.95997,1.96004,0.0
2026-08-27 03:30:00,2026-08-27 00:30:00,2026-08-27 08:30:00,1.96023,1.96023,1.95936,1.95983,0.0
2026-08-27 03:45:00,2026-08-27 00:45:00,2026-08-27 08:45:00,1.96,1.96061,1.95927,1.95958,0.0
2026-08-27 04:00:00,2026-08-27 01:00:00,2026-08-27 09:00:00,1.9594,1.95959,1.95846,1.95929,0.0
2026-08-27 04:15:00,2026-08-27 01:15:00,2026-08-27 09:15:00,1.95928,1.95994,1.95831,1.9596,0.0
2026-08-27 04:30:00,2026-08-27 01:30:00,2026-08-27 09:30:00,1.9596,1.96054,1.95887,1.96028,0.0
2026-08-27 04:45:00,2026-08-27 01:45:00,2026-08-27 09:45:00,1.96047,1.96064,1.95893,1.959,0.0
2026-08-27 05:00:00,2026-08-27 02:00:00,2026-08-27 10:00:00,1.959,1.95948,1.95821,1.95858,0.0
2026-08-27 05:15:00,2026-08-27 02:15:00,2026-08-27 10:15:00,1.95874,1.95891,1.95801,1.95868,0.0
2026-08-27 05:30:00,2026-08-27 02:30:00,2026-08-27 10:30:00,1.9587,1.95905,1.95779,1.95854,0.0
2026-08-27 05:45:00,2026-08-27 02:45:00,2026-08-27 10:45:00,1.95842,1.95862,1.95719,1.95769,0.0
2026-08-27 06:00:00,2026-08-27 03:00:00,2026-08-27 11:00:00,1.95785,1.95824,1.95697,1.95708,0.0
2026-08-27 06:15:00,2026-08-27 03:15:00,2026-08-27 11:15:00,1.9571,1.9575,1.95673,1.95716,0.0
2026-08-27 06:30:00,2026-08-27 03:30:00,2026-08-27 11:30:00,1.95712,1.95803,1.95693,1.9578,0.0
2026-08-27 06:45:00,2026-08-27 03:45:00,2026-08-27 11:45:00,1.95778,1.95819,1.95723,1.95785,0.0
2026-08-27 07:00:00,2026-08-27 04:00:00,2026-08-27 12:00:00,1.95787,1.95791,1.95693,1.95776,0.0
2026-08-27 07:15:00,2026-08-27 04:15:00,2026-08-27 12:15:00,1.95776,1.95821,1.95736,1.95806,0.0
2026-08-27 07:30:00,2026-08-27 04:30:00,2026-08-27 12:30:00,1.95787,1.95863,1.95767,1.95844,0.0
2026-08-27 07:45:00,2026-08-27 04:45:00,2026-08-27 12:45:00,1.95858,1.95858,1.95764,1.95808,0.0
2026-08-27 08:00:00,2026-08-27 05:00:00,2026-08-27 13:00:00,1.95824,1.95906,1.95782,1.95886,0.0
2026-08-27 08:15:00,2026-08-27 05:15:00,2026-08-27 13:15:00,1.95886,1.95938,1.95833,1.95863,0.0
2026-08-27 08:30:00,2026-08-27 05:30:00,2026-08-27 13:30:00,1.95859,1.9592,1.95837,1.95889,0.0
2026-08-27 08:45:00,2026-08-27 05:45:00,2026-08-27 13:45:00,1.9587,1.95937,1.95845,1.9592,0.0
2026-08-27 09:00:00,2026-08-27 06:00:00,2026-08-27 14:00:00,1.95904,1.95948,1.95845,1.95894,0.0
2026-08-27 09:15:00,2026-08-27 06:15:00,2026-08-27 14:15:00,1.95879,1.95922,1.95845,1.95878,0.0
2026-08-27 09:30:00,2026-08-27 06:30:00,2026-08-27 14:30:00,1.95881,1.95946,1.9586,1.95904,0.0
2026-08-27 09:45:00,2026-08-27 06:45:00,2026-08-27 14:45:00,1.95889,1.95957,1.95844,1.95868,0.0
2026-08-27 10:00:00,2026-08-27 07:00:00,2026-08-27 15:00:00,1.9588,1.9595,1.9585,1.95913,0.0
2026-08-27 10:15:00,2026-08-27 07:15:00,2026-08-27 15:15:00,1.95926,1.96114,1.95914,1.96088,0.0
2026-08-27 10:30:00,2026-08-27 07:30:00,2026-08-27 15:30:00,1.96072,1.96107,1.96009,1.96073,0.0
2026-08-27 10:45:00,2026-08-27 07:45:00,2026-08-27 15:45:00,1.96076,1.96187,1.96046,1.96186,0.0
2026-08-27 11:00:00,2026-08-27 08:00:00,2026-08-27 16:00:00,1.96185,1.96185,1.95985,1.96039,0.0
2026-08-27 11:15:00,2026-08-27 08:15:00,2026-08-27 16:15:00,1.96053,1.96069,1.95938,1.95952,0.0
2026-08-27 11:30:00,2026-08-27 08:30:00,2026-08-27 16:30:00,1.95953,1.95999,1.95916,1.95978,0.0
2026-08-27 11:45:00,2026-08-27 08:45:00,2026-08-27 16:45:00,1.95991,1.96022,1.95928,1.95994,0.0
2026-08-27 12:00:00,2026-08-27 09:00:00,2026-08-27 17:00:00,1.95994,1.96046,1.95957,1.96002,0.0
2026-08-27 12:15:00,2026-08-27 09:15:00,2026-08-27 17:15:00,1.9601,1.96052,1.9596,1.95988,0.0
2026-08-27 12:30:00,2026-08-27 09:30:00,2026-08-27 17:30:00,1.95986,1.96077,1.95974,1.96059,0.0
2026-08-27 12:45:00,2026-08-27 09:45:00,2026-08-27 17:45:00,1.96056,1.96073,1.95983,1.96026,0.0
2026-08-27 13:00:00,2026-08-27 10:00:00,2026-08-27 18:00:00,1.96009,1.96033,1.95884,1.959,0.0
2026-08-27 13:15:00,2026-08-27 10:15:00,2026-08-27 18:15:00,1.95914,1.95972,1.95874,1.9595,0.0
2026-08-27 13:30:00,2026-08-27 10:30:00,2026-08-27 18:30:00,1.95937,1.95961,1.95865,1.959,0.0
2026-08-27 13:45:00,2026-08-27 10:45:00,2026-08-27 18:45:00,1.95901,1.95914,1.95804,1.95826,0.0
2026-08-27 14:00:00,2026-08-27 11:00:00,2026-08-27 19:00:00,1.9584,1.95896,1.95805,1.9586,0.0
2026-08-27 14:15:00,2026-08-27 11:15:00,2026-08-27 19:15:00,1.95861,1.95876,1.95774,1.95832,0.0
2026-08-27 14:30:00,2026-08-27 11:30:00,2026-08-27 19:30:00,1.95823,1.9584,1.95705,1.95742,0.0
2026-08-27 14:45:00,2026-08-27 11:45:00,2026-08-27 19:45:00,1.95758,1.95765,1.95638,1.9567,0.0
2026-08-27 15:00:00,2026-08-27 12:00:00,2026-08-27 20:00:00,1.95656,1.95714,1.95601,1.95633,0.0
2026-08-27 15:15:00,2026-08-27 12:15:00,2026-08-27 20:15:00,1.95654,1.95765,1.956,1.95697,0.0
2026-08-27 15:30:00,2026-08-27 12:30:00,2026-08-27 20:30:00,1.95682,1.95828,1.95639,1.95756,0.0
2026-08-27 15:45:00,2026-08-27 12:45:00,2026-08-27 20:45:00,1.95743,1.95809,1.95669,1.95717,0.0
2026-08-27 16:00:00,2026-08-27 13:00:00,2026-08-27 21:00:00,1.95716,1.95758,1.95655,1.95716,0.0
2026-08-27 16:15:00,2026-08-27 13:15:00,2026-08-27 21:15:00,1.95701,1.95762,1.95642,1.95746,0.0
2026-08-27 16:30:00,2026-08-27 13:30:00,2026-08-27 21:30:00,1.95746,1.95807,1.9571,1.95772,0.0
2026-08-27 16:45:00,2026-08-27 13:45:00,2026-08-27 21:45:00,1.95756,1.9584,1.95685,1.95748,0.0
2026-08-27 17:00:00,2026-08-27 14:00:00,2026-08-27 22:00:00,1.95748,1.95832,1.95726,1.95764,0.0
2026-08-27 17:15:00,2026-08-27 14:15:00,2026-08-27 22:15:00,1.95765,1.95825,1.95686,1.95776,0.0
2026-08-27 17:30:00,2026-08-27 14:30:00,2026-08-27 22:30:00,1.95776,1.95851,1.95756,1.95771,0.0
2026-08-27 17:45:00,2026-08-27 14:45:00,2026-08-27 22:45:00,1.95771,1.95859,1.95711,1.95782,0.0
2026-08-27 18:00:00,2026-08-27 15:00:00,2026-08-27 23:00:00,1.95763,1.95902,1.95762,1.9581,0.0
2026-08-27 18:15:00,2026-08-27 15:15:00,2026-08-27 23:15:00,1.95822,1.95852,1.95774,1.95823,0.0
2026-08-27 18:30:00,2026-08-27 15:30:00,2026-08-27 23:30:00,1.95809,1.95833,1.95743,1.95806,0.0
2026-08-27 18:45:00,2026-08-27 15:45:00,2026-08-27 23:45:00,1.95822,1.9583,1.95725,1.9576,0.0
2026-08-27 19:00:00,2026-08-27 16:00:00,2026-08-28 00:00:00,1.95774,1.95812,1.95724,1.95754,0.0
2026-08-27 19:15:00,2026-08-27 16:15:00,2026-08-28 00:15:00,1.9577,1.958,1.95723,1.95784,0.0
2026-08-27 19:30:00,2026-08-27 16:30:00,2026-08-28 00:30:00,1.95771,1.95822,1.95754,1.95784,0.0
2026-08-27 19:45:00,2026-08-27 16:45:00,2026-08-28 00:45:00,1.95801,1.95808,1.95727,1.95768,0.0
2026-08-27 20:00:00,2026-08-27 17:00:00,2026-08-28 01:00:00,1.95752,1.9578,1.9572,1.95752,0.0
2026-08-27 20:15:00,2026-08-27 17:15:00,2026-08-28 01:15:00,1.95739,1.95776,1.95704,1.95758,0.0
2026-08-27 20:30:00,2026-08-27 17:30:00,2026-08-28 01:30:00,1.95745,1.9577,1.95689,1.95742,0.0
2026-08-27 20:45:00,2026-08-27 17:45:00,2026-08-28 01:45:00,1.95729,1.95775,1.95703,1.95773,0.0
2026-08-27 21:00:00,2026-08-27 18:00:00,2026-08-28 02:00:00,1.9577,1.95807,1.95726,1.95779,0.0
2026-08-27 21:15:00,2026-08-27 18:15:00,2026-08-28 02:15:00,1.95792,1.95849,1.95751,1.95829,0.0
2026-08-27 21:30:00,2026-08-27 18:30:00,2026-08-28 02:30:00,1.95846,1.95859,1.95766,1.95818,0.0
2026-08-27 21:45:00,2026-08-27 18:45:00,2026-08-28 02:45:00,1.95821,1.95833,1.95749,1.95784,0.0
2026-08-27 22:00:00,2026-08-27 19:00:00,2026-08-28 03:00:00,1.95798,1.95821,1.95708,1.9581,0.0
2026-08-27 22:15:00,2026-08-27 19:15:00,2026-08-28 03:15:00,1.95812,1.9582,1.95752,1.95795,0.0
2026-08-27 22:30:00,2026-08-27 19:30:00,2026-08-28 03:30:00,1.95794,1.95821,1.95751,1.958,0.0
2026-08-27 22:45:00,2026-08-27 19:45:00,2026-08-28 03:45:00,1.9578,1.95813,1.9573,1.95792,0.0
2026-08-27 23:00:00,2026-08-27 20:00:00,2026-08-28 04:00:00,1.95777,1.95829,1.95741,1.95803,0.0
2026-08-27 23:15:00,2026-08-27 20:15:00,2026-08-28 04:15:00,1.95803,1.95827,1.95755,1.95824,0.0
2026-08-27 23:30:00,2026-08-27 20:30:00,2026-08-28 04:30:00,1.95804,1.95831,1.9577,1.95829,0.0
2026-08-27 23:45:00,2026-08-27 20:45:00,2026-08-28 04:45:00,1.95811,1.95834,1.9573,1.95741,0.0
2026-08-28 00:00:00,2026-08-27 21:00:00,2026-08-28 05:00:00,1.95731,1.95809,1.95637,1.95777,0.0
2026-08-28 00:15:00,2026-08-27 21:15:00,2026-08-28 05:15:00,1.95775,1.95826,1.9562,1.95753,0.0
2026-08-28 00:30:00,2026-08-27 21:30:00,2026-08-28 05:30:00,1.95722,1.95839,1.95551,1.95707,0.0
2026-08-28 00:45:00,2026-08-27 21:45:00,2026-08-28 05:45:00,1.95712,1.95875,1.9566,1.9567,0.0
2026-08-28 01:00:00,2026-08-27 22:00:00,2026-08-28 06:00:00,1.95678,1.95841,1.9565,1.95797,0.0
2026-08-28 01:15:00,2026-08-27 22:15:00,2026-08-28 06:15:00,1.95817,1.95827,1.95759,1.9577,0.0
2026-08-28 01:30:00,2026-08-27 22:30:00,2026-08-28 06:30:00,1.95794,1.95794,1.95698,1.9571,0.0
2026-08-28 01:45:00,2026-08-27 22:45:00,2026-08-28 06:45:00,1.95734,1.95751,1.95673,1.95706,0.0
2026-08-28 02:00:00,2026-08-27 23:00:00,2026-08-28 07:00:00,1.95706,1.95716,1.95639,1.95679,0.0
2026-08-28 02:15:00,2026-08-27 23:15:00,2026-08-28 07:15:00,1.95651,1.95711,1.9564,1.95696,0.0
2026-08-28 02:30:00,2026-08-27 23:30:00,2026-08-28 07:30:00,1.95673,1.95722,1.9563,1.95656,0.0
2026-08-28 02:45:00,2026-08-27 23:45:00,2026-08-28 07:45:00,1.9568,1.95713,1.95621,1.95671,0.0
2026-08-28 03:00:00,2026-08-28 00:00:00,2026-08-28 08:00:00,1.95699,1.9571,1.95584,1.95608,0.0
2026-08-28 03:15:00,2026-08-28 00:15:00,2026-08-28 08:15:00,1.9561,1.9567,1.95589,1.95634,0.0
2026-08-28 03:30:00,2026-08-28 00:30:00,2026-08-28 08:30:00,1.95634,1.95637,1.95583,1.95598,0.0
2026-08-28 03:45:00,2026-08-28 00:45:00,2026-08-28 08:45:00,1.95613,1.95674,1.95581,1.95639,0.0
2026-08-28 04:00:00,2026-08-28 01:00:00,2026-08-28 09:00:00,1.95638,1.95679,1.95532,1.95582,0.0
2026-08-28 04:15:00,2026-08-28 01:15:00,2026-08-28 09:15:00,1.9558,1.95596,1.95502,1.95544,0.0
2026-08-28 04:30:00,2026-08-28 01:30:00,2026-08-28 09:30:00,1.95558,1.95558,1.95409,1.95528,0.0
2026-08-28 04:45:00,2026-08-28 01:45:00,2026-08-28 09:45:00,1.95512,1.9556,1.95463,1.95487,0.0
2026-08-28 05:00:00,2026-08-28 02:00:00,2026-08-28 10:00:00,1.95486,1.95526,1.95426,1.95448,0.0
2026-08-28 05:15:00,2026-08-28 02:15:00,2026-08-28 10:15:00,1.95448,1.95471,1.95326,1.95403,0.0
2026-08-28 05:30:00,2026-08-28 02:30:00,2026-08-28 10:30:00,1.95387,1.95417,1.95334,1.95397,0.0
2026-08-28 05:45:00,2026-08-28 02:45:00,2026-08-28 10:45:00,1.95399,1.95415,1.95284,1.95323,0.0
2026-08-28 06:00:00,2026-08-28 03:00:00,2026-08-28 11:00:00,1.95338,1.95345,1.95259,1.95299,0.0
2026-08-28 06:15:00,2026-08-28 03:15:00,2026-08-28 11:15:00,1.95298,1.95328,1.95249,1.95292,0.0
2026-08-28 06:30:00,2026-08-28 03:30:00,2026-08-28 11:30:00,1.95293,1.95368,1.95254,1.95344,0.0
2026-08-28 06:45:00,2026-08-28 03:45:00,2026-08-28 11:45:00,1.95343,1.9539,1.953,1.95303,0.0
2026-08-28 07:00:00,2026-08-28 04:00:00,2026-08-28 12:00:00,1.95304,1.95334,1.95256,1.9527,0.0
2026-08-28 07:15:00,2026-08-28 04:15:00,2026-08-28 12:15:00,1.95268,1.95296,1.95213,1.95266,0.0
2026-08-28 07:30:00,2026-08-28 04:30:00,2026-08-28 12:30:00,1.95276,1.95304,1.95242,1.95286,0.0
2026-08-28 07:45:00,2026-08-28 04:45:00,2026-08-28 12:45:00,1.95298,1.95455,1.95252,1.95451,0.0
2026-08-28 08:00:00,2026-08-28 05:00:00,2026-08-28 13:00:00,1.95435,1.95483,1.95351,1.9543,0.0
2026-08-28 08:15:00,2026-08-28 05:15:00,2026-08-28 13:15:00,1.9544,1.95459,1.95363,1.95412,0.0
2026-08-28 08:30:00,2026-08-28 05:30:00,2026-08-28 13:30:00,1.95399,1.95511,1.95347,1.9548,0.0
2026-08-28 08:45:00,2026-08-28 05:45:00,2026-08-28 13:45:00,1.95477,1.95525,1.95443,1.95512,0.0
2026-08-28 09:00:00,2026-08-28 06:00:00,2026-08-28 14:00:00,1.95509,1.9554,1.954,1.9542,0.0
2026-08-28 09:15:00,2026-08-28 06:15:00,2026-08-28 14:15:00,1.95406,1.95422,1.95338,1.95386,0.0
2026-08-28 09:30:00,2026-08-28 06:30:00,2026-08-28 14:30:00,1.9537,1.95473,1.95343,1.95408,0.0
2026-08-28 09:45:00,2026-08-28 06:45:00,2026-08-28 14:45:00,1.95418,1.95436,1.95338,1.95397,0.0
2026-08-28 10:00:00,2026-08-28 07:00:00,2026-08-28 15:00:00,1.95386,1.95453,1.95327,1.954,0.0
2026-08-28 10:15:00,2026-08-28 07:15:00,2026-08-28 15:15:00,1.954,1.95499,1.95395,1.95445,0.0
2026-08-28 10:30:00,2026-08-28 07:30:00,2026-08-28 15:30:00,1.95431,1.95446,1.95316,1.95426,0.0
2026-08-28 10:45:00,2026-08-28 07:45:00,2026-08-28 15:45:00,1.95438,1.95451,1.95359,1.95421,0.0
2026-08-28 11:00:00,2026-08-28 08:00:00,2026-08-28 16:00:00,1.95437,1.95523,1.95395,1.95487,0.0
2026-08-28 11:15:00,2026-08-28 08:15:00,2026-08-28 16:15:00,1.95488,1.95521,1.95431,1.95499,0.0
2026-08-28 11:30:00,2026-08-28 08:30:00,2026-08-28 16:30:00,1.95513,1.95576,1.9547,1.95551,0.0
2026-08-28 11:45:00,2026-08-28 08:45:00,2026-08-28 16:45:00,1.9555,1.95685,1.95548,1.95665,0.0
2026-08-28 12:00:00,2026-08-28 09:00:00,2026-08-28 17:00:00,1.95664,1.9574,1.95635,1.95687,0.0
2026-08-28 12:15:00,2026-08-28 09:15:00,2026-08-28 17:15:00,1.95686,1.95711,1.95636,1.9568,0.0
2026-08-28 12:30:00,2026-08-28 09:30:00,2026-08-28 17:30:00,1.9568,1.95712,1.95616,1.95621,0.0
2026-08-28 12:45:00,2026-08-28 09:45:00,2026-08-28 17:45:00,1.9562,1.9566,1.95594,1.95642,0.0
2026-08-28 13:00:00,2026-08-28 10:00:00,2026-08-28 18:00:00,1.95642,1.95663,1.95564,1.95589,0.0
2026-08-28 13:15:00,2026-08-28 10:15:00,2026-08-28 18:15:00,1.95588,1.95633,1.95562,1.95633,0.0
2026-08-28 13:30:00,2026-08-28 10:30:00,2026-08-28 18:30:00,1.95617,1.95652,1.95575,1.95625,0.0
2026-08-28 13:45:00,2026-08-28 10:45:00,2026-08-28 18:45:00,1.95626,1.9569,1.95594,1.9566,0.0
2026-08-28 14:00:00,2026-08-28 11:00:00,2026-08-28 19:00:00,1.95664,1.95725,1.95621,1.95709,0.0
2026-08-28 14:15:00,2026-08-28 11:15:00,2026-08-28 19:15:00,1.95711,1.95778,1.9567,1.95726,0.0
2026-08-28 14:30:00,2026-08-28 11:30:00,2026-08-28 19:30:00,1.95738,1.95852,1.95689,1.95848,0.0
2026-08-28 14:45:00,2026-08-28 11:45:00,2026-08-28 19:45:00,1.95845,1.95912,1.95804,1.95869,0.0
2026-08-28 15:00:00,2026-08-28 12:00:00,2026-08-28 20:00:00,1.9587,1.95902,1.95773,1.95802,0.0
2026-08-28 15:15:00,2026-08-28 12:15:00,2026-08-28 20:15:00,1.95815,1.95834,1.95738,1.95808,0.0
2026-08-28 15:30:00,2026-08-28 12:30:00,2026-08-28 20:30:00,1.95809,1.95853,1.95772,1.95789,0.0
2026-08-28 15:45:00,2026-08-28 12:45:00,2026-08-28 20:45:00,1.95802,1.95823,1.95746,1.95779,0.0
2026-08-28 16:00:00,2026-08-28 13:00:00,2026-08-28 21:00:00,1.95778,1.95806,1.95668,1.95724,0.0
2026-08-28 16:15:00,2026-08-28 13:15:00,2026-08-28 21:15:00,1.95738,1.95766,1.95645,1.95718,0.0
2026-08-28 16:30:00,2026-08-28 13:30:00,2026-08-28 21:30:00,1.95718,1.9574,1.9562,1.9566,0.0
2026-08-28 16:45:00,2026-08-28 13:45:00,2026-08-28 21:45:00,1.95638,1.9574,1.9556,1.95636,0.0
2026-08-28 17:00:00,2026-08-28 14:00:00,2026-08-28 22:00:00,1.95691,1.95996,1.95471,1.95926,0.0
2026-08-28 17:15:00,2026-08-28 14:15:00,2026-08-28 22:15:00,1.95926,1.95979,1.95774,1.9584,0.0
2026-08-28 17:30:00,2026-08-28 14:30:00,2026-08-28 22:30:00,1.9584,1.95876,1.95717,1.95782,0.0
2026-08-28 17:45:00,2026-08-28 14:45:00,2026-08-28 22:45:00,1.95761,1.95876,1.95746,1.95819,0.0
2026-08-28 18:00:00,2026-08-28 15:00:00,2026-08-28 23:00:00,1.95819,1.95977,1.95785,1.95951,0.0
2026-08-28 18:15:00,2026-08-28 15:15:00,2026-08-28 23:15:00,1.95954,1.95992,1.95876,1.95935,0.0
2026-08-28 18:30:00,2026-08-28 15:30:00,2026-08-28 23:30:00,1.9595,1.96102,1.95912,1.96072,0.0
2026-08-28 18:45:00,2026-08-28 15:45:00,2026-08-28 23:45:00,1.96068,1.96163,1.96019,1.96102,0.0
2026-08-28 19:00:00,2026-08-28 16:00:00,2026-08-29 00:00:00,1.96117,1.96154,1.96054,1.96134,0.0
2026-08-28 19:15:00,2026-08-28 16:15:00,2026-08-29 00:15:00,1.96122,1.96184,1.96047,1.96063,0.0
2026-08-28 19:30:00,2026-08-28 16:30:00,2026-08-29 00:30:00,1.96065,1.96142,1.96023,1.96102,0.0
2026-08-28 19:45:00,2026-08-28 16:45:00,2026-08-29 00:45:00,1.96102,1.96119,1.96013,1.96076,0.0
2026-08-28 20:00:00,2026-08-28 17:00:00,2026-08-29 01:00:00,1.96063,1.96098,1.95983,1.96009,0.0
2026-08-28 20:15:00,2026-08-28 17:15:00,2026-08-29 01:15:00,1.95995,1.96031,1.95956,1.96018,0.0
2026-08-28 20:30:00,2026-08-28 17:30:00,2026-08-29 01:30:00,1.96001,1.96061,1.95961,1.95986,0.0
2026-08-28 20:45:00,2026-08-28 17:45:00,2026-08-29 01:45:00,1.95987,1.95999,1.95922,1.95973,0.0
2026-08-28 21:00:00,2026-08-28 18:00:00,2026-08-29 02:00:00,1.95973,1.96017,1.95939,1.95994,0.0
2026-08-28 21:15:00,2026-08-28 18:15:00,2026-08-29 02:15:00,1.96009,1.9605,1.95952,1.95997,0.0
2026-08-28 21:30:00,2026-08-28 18:30:00,2026-08-29 02:30:00,1.95995,1.96031,1.9596,1.9598,0.0
2026-08-28 21:45:00,2026-08-28 18:45:00,2026-08-29 02:45:00,1.95982,1.96021,1.9595,1.9597,0.0
2026-08-28 22:00:00,2026-08-28 19:00:00,2026-08-29 03:00:00,1.95969,1.95993,1.9591,1.9593,0.0
2026-08-28 22:15:00,2026-08-28 19:15:00,2026-08-29 03:15:00,1.95952,1.9596,1.95883,1.95898,0.0
2026-08-28 22:30:00,2026-08-28 19:30:00,2026-08-29 03:30:00,1.95922,1.95932,1.95852,1.9588,0.0
2026-08-28 22:45:00,2026-08-28 19:45:00,2026-08-29 03:45:00,1.959,1.95943,1.95879,1.95901,0.0
2026-08-28 23:00:00,2026-08-28 20:00:00,2026-08-29 04:00:00,1.95901,1.95938,1.9588,1.95908,0.0
2026-08-28 23:15:00,2026-08-28 20:15:00,2026-08-29 04:15:00,1.95905,1.95982,1.9589,1.9597,0.0
2026-08-28 23:30:00,2026-08-28 20:30:00,2026-08-29 04:30:00,1.95936,1.9597,1.95862,1.95883,0.0
2026-08-28 23:45:00,2026-08-28 20:45:00,2026-08-29 04:45:00,1.95884,1.95914,1.9573,1.9575,0.0
2026-08-29 00:00:00,2026-08-28 21:00:00,2026-08-29 05:00:00,1.95874,1.95891,1.95874,1.95891,0.0
2026-08-29 00:15:00,2026-08-28 21:15:00,2026-08-29 05:15:00,1.95891,1.95891,1.95891,1.95891,0.0
2026-08-31 02:00:00,2026-08-30 23:00:00,2026-08-31 07:00:00,1.95794,1.95862,1.95758,1.95778,0.0
2026-08-31 02:15:00,2026-08-30 23:15:00,2026-08-31 07:15:00,1.95804,1.95826,1.95774,1.95816,0.0
2026-08-31 02:30:00,2026-08-30 23:30:00,2026-08-31 07:30:00,1.95796,1.95842,1.95753,1.9579,0.0
2026-08-31 02:45:00,2026-08-30 23:45:00,2026-08-31 07:45:00,1.95816,1.95848,1.95731,1.95743,0.0
2026-08-31 03:00:00,2026-08-31 00:00:00,2026-08-31 08:00:00,1.95766,1.95872,1.95742,1.95815,0.0
2026-08-31 03:15:00,2026-08-31 00:15:00,2026-08-31 08:15:00,1.95812,1.95957,1.95776,1.95918,0.0
2026-08-31 03:30:00,2026-08-31 00:30:00,2026-08-31 08:30:00,1.95918,1.95933,1.95821,1.95889,0.0
2026-08-31 03:45:00,2026-08-31 00:45:00,2026-08-31 08:45:00,1.95872,1.9598,1.95869,1.95966,0.0
2026-08-31 04:00:00,2026-08-31 01:00:00,2026-08-31 09:00:00,1.95951,1.96194,1.95946,1.96174,0.0
2026-08-31 04:15:00,2026-08-31 01:15:00,2026-08-31 09:15:00,1.9619,1.96362,1.96149,1.96217,0.0
2026-08-31 04:30:00,2026-08-31 01:30:00,2026-08-31 09:30:00,1.96198,1.96281,1.95976,1.95993,0.0
2026-08-31 04:45:00,2026-08-31 01:45:00,2026-08-31 09:45:00,1.96013,1.96092,1.95957,1.95986,0.0
2026-08-31 05:00:00,2026-08-31 02:00:00,2026-08-31 10:00:00,1.95987,1.96015,1.95854,1.95912,0.0
2026-08-31 05:15:00,2026-08-31 02:15:00,2026-08-31 10:15:00,1.95896,1.95977,1.95867,1.95881,0.0
2026-08-31 05:30:00,2026-08-31 02:30:00,2026-08-31 10:30:00,1.9588,1.95984,1.95845,1.95932,0.0
2026-08-31 05:45:00,2026-08-31 02:45:00,2026-08-31 10:45:00,1.95916,1.95946,1.95842,1.95858,0.0
2026-08-31 06:00:00,2026-08-31 03:00:00,2026-08-31 11:00:00,1.95858,1.95878,1.95733,1.95758,0.0
2026-08-31 06:15:00,2026-08-31 03:15:00,2026-08-31 11:15:00,1.95758,1.95797,1.95713,1.95773,0.0
2026-08-31 06:30:00,2026-08-31 03:30:00,2026-08-31 11:30:00,1.95773,1.95824,1.95749,1.95788,0.0
2026-08-31 06:45:00,2026-08-31 03:45:00,2026-08-31 11:45:00,1.9577,1.95797,1.9573,1.95754,0.0
2026-08-31 07:00:00,2026-08-31 04:00:00,2026-08-31 12:00:00,1.95768,1.95828,1.95731,1.95777,0.0
2026-08-31 07:15:00,2026-08-31 04:15:00,2026-08-31 12:15:00,1.95777,1.9584,1.95743,1.95782,0.0
2026-08-31 07:30:00,2026-08-31 04:30:00,2026-08-31 12:30:00,1.95783,1.95851,1.95774,1.95836,0.0
2026-08-31 07:45:00,2026-08-31 04:45:00,2026-08-31 12:45:00,1.9585,1.9585,1.95758,1.95774,0.0
2026-08-31 08:00:00,2026-08-31 05:00:00,2026-08-31 13:00:00,1.9579,1.95885,1.95758,1.95834,0.0
2026-08-31 08:15:00,2026-08-31 05:15:00,2026-08-31 13:15:00,1.95835,1.95889,1.95786,1.95832,0.0
2026-08-31 08:30:00,2026-08-31 05:30:00,2026-08-31 13:30:00,1.95812,1.95909,1.95804,1.95862,0.0
2026-08-31 08:45:00,2026-08-31 05:45:00,2026-08-31 13:45:00,1.95846,1.95917,1.95826,1.95839,0.0
2026-08-31 09:00:00,2026-08-31 06:00:00,2026-08-31 14:00:00,1.95856,1.95942,1.95815,1.95905,0.0
2026-08-31 09:15:00,2026-08-31 06:15:00,2026-08-31 14:15:00,1.95903,1.95922,1.95805,1.95842,0.0
2026-08-31 09:30:00,2026-08-31 06:30:00,2026-08-31 14:30:00,1.95842,1.95932,1.95834,1.95868,0.0
2026-08-31 09:45:00,2026-08-31 06:45:00,2026-08-31 14:45:00,1.95891,1.9592,1.9582,1.95876,0.0
2026-08-31 10:00:00,2026-08-31 07:00:00,2026-08-31 15:00:00,1.95876,1.95943,1.95822,1.959,0.0
2026-08-31 10:15:00,2026-08-31 07:15:00,2026-08-31 15:15:00,1.95917,1.95939,1.95845,1.95869,0.0
2026-08-31 10:30:00,2026-08-31 07:30:00,2026-08-31 15:30:00,1.95868,1.96071,1.95863,1.96055,0.0
2026-08-31 10:45:00,2026-08-31 07:45:00,2026-08-31 15:45:00,1.96052,1.9608,1.96001,1.96017,0.0
2026-08-31 11:00:00,2026-08-31 08:00:00,2026-08-31 16:00:00,1.96038,1.96046,1.95935,1.95986,0.0
2026-08-31 11:15:00,2026-08-31 08:15:00,2026-08-31 16:15:00,1.95985,1.96043,1.95963,1.96026,0.0
2026-08-31 11:30:00,2026-08-31 08:30:00,2026-08-31 16:30:00,1.96026,1.9613,1.96025,1.96088,0.0
2026-08-31 11:45:00,2026-08-31 08:45:00,2026-08-31 16:45:00,1.961,1.96112,1.95982,1.96007,0.0
2026-08-31 12:00:00,2026-08-31 09:00:00,2026-08-31 17:00:00,1.96017,1.96081,1.95969,1.96065,0.0
2026-08-31 12:15:00,2026-08-31 09:15:00,2026-08-31 17:15:00,1.96052,1.96121,1.96036,1.96098,0.0
2026-08-31 12:30:00,2026-08-31 09:30:00,2026-08-31 17:30:00,1.96112,1.96135,1.95998,1.9603,0.0
2026-08-31 12:45:00,2026-08-31 09:45:00,2026-08-31 17:45:00,1.96019,1.96108,1.9599,1.96098,0.0
2026-08-31 13:00:00,2026-08-31 10:00:00,2026-08-31 18:00:00,1.96085,1.96105,1.96006,1.96053,0.0
2026-08-31 13:15:00,2026-08-31 10:15:00,2026-08-31 18:15:00,1.96069,1.9612,1.96019,1.96099,0.0
2026-08-31 13:30:00,2026-08-31 10:30:00,2026-08-31 18:30:00,1.96099,1.96142,1.96043,1.96092,0.0
2026-08-31 13:45:00,2026-08-31 10:45:00,2026-08-31 18:45:00,1.96091,1.96156,1.96091,1.96141,0.0
2026-08-31 14:00:00,2026-08-31 11:00:00,2026-08-31 19:00:00,1.96128,1.9618,1.96118,1.96154,0.0
2026-08-31 14:15:00,2026-08-31 11:15:00,2026-08-31 19:15:00,1.96156,1.9618,1.96033,1.96049,0.0
2026-08-31 14:30:00,2026-08-31 11:30:00,2026-08-31 19:30:00,1.96047,1.96116,1.96032,1.96081,0.0
2026-08-31 14:45:00,2026-08-31 11:45:00,2026-08-31 19:45:00,1.96082,1.96121,1.9602,1.96028,0.0
2026-08-31 15:00:00,2026-08-31 12:00:00,2026-08-31 20:00:00,1.96045,1.9606,1.9595,1.9599,0.0
2026-08-31 15:15:00,2026-08-31 12:15:00,2026-08-31 20:15:00,1.96005,1.96068,1.9592,1.96021,0.0
2026-08-31 15:30:00,2026-08-31 12:30:00,2026-08-31 20:30:00,1.96021,1.96163,1.95992,1.96158,0.0
2026-08-31 15:45:00,2026-08-31 12:45:00,2026-08-31 20:45:00,1.96144,1.96174,1.96033,1.96072,0.0
2026-08-31 16:00:00,2026-08-31 13:00:00,2026-08-31 21:00:00,1.96056,1.96083,1.95985,1.96006,0.0
2026-08-31 16:15:00,2026-08-31 13:15:00,2026-08-31 21:15:00,1.96022,1.96046,1.95935,1.95958,0.0
