timestamp_mt5,timestamp_utc,timestamp_tpe,open,high,low,close,volume
2025-11-03 18:00:00,2025-11-03 16:00:00,2025-11-04 00:00:00,0.93063,0.93099,0.93047,0.93082,4134.0
2025-11-03 19:00:00,2025-11-03 17:00:00,2025-11-04 01:00:00,0.93081,0.9311,0.9307,0.93074,3281.0
2025-11-03 20:00:00,2025-11-03 18:00:00,2025-11-04 02:00:00,0.93075,0.93093,0.93039,0.93057,2447.0
2025-11-03 21:00:00,2025-11-03 19:00:00,2025-11-04 03:00:00,0.93059,0.93059,0.93032,0.93047,2479.0
2025-11-03 22:00:00,2025-11-03 20:00:00,2025-11-04 04:00:00,0.93046,0.93091,0.9304,0.9307,1994.0
2025-11-03 23:00:00,2025-11-03 21:00:00,2025-11-04 05:00:00,0.93071,0.9309,0.9306,0.93079,1195.0
2025-11-04 00:00:00,2025-11-03 22:00:00,2025-11-04 06:00:00,0.92994,0.9307,0.92994,0.93043,901.0
2025-11-04 01:00:00,2025-11-03 23:00:00,2025-11-04 07:00:00,0.93068,0.93091,0.93068,0.9309,2858.0
2025-11-04 02:00:00,2025-11-04 00:00:00,2025-11-04 08:00:00,0.9309,0.93144,0.93078,0.93136,3187.0
2025-11-04 03:00:00,2025-11-04 01:00:00,2025-11-04 09:00:00,0.93135,0.93164,0.9312,0.93161,3003.0
2025-11-04 04:00:00,2025-11-04 02:00:00,2025-11-04 10:00:00,0.93162,0.93167,0.93114,0.93118,2743.0
2025-11-04 05:00:00,2025-11-04 03:00:00,2025-11-04 11:00:00,0.93116,0.93137,0.93112,0.93133,2222.0
2025-11-04 06:00:00,2025-11-04 04:00:00,2025-11-04 12:00:00,0.93134,0.93163,0.93132,0.93159,2351.0
2025-11-04 07:00:00,2025-11-04 05:00:00,2025-11-04 13:00:00,0.9316,0.93163,0.93104,0.93107,3488.0
2025-11-04 08:00:00,2025-11-04 06:00:00,2025-11-04 14:00:00,0.93108,0.93132,0.93047,0.93058,4421.0
2025-11-04 09:00:00,2025-11-04 07:00:00,2025-11-04 15:00:00,0.93054,0.9309,0.93004,0.93074,3507.0
2025-11-04 10:00:00,2025-11-04 08:00:00,2025-11-04 16:00:00,0.93077,0.93124,0.9303,0.93036,4522.0
2025-11-04 11:00:00,2025-11-04 09:00:00,2025-11-04 17:00:00,0.93037,0.93057,0.92989,0.93005,3946.0
2025-11-04 12:00:00,2025-11-04 10:00:00,2025-11-04 18:00:00,0.93007,0.93055,0.92989,0.92993,3520.0
2025-11-04 13:00:00,2025-11-04 11:00:00,2025-11-04 19:00:00,0.9299,0.93031,0.9297,0.93011,3208.0
2025-11-04 14:00:00,2025-11-04 12:00:00,2025-11-04 20:00:00,0.93014,0.93019,0.9296,0.92968,4061.0
2025-11-04 15:00:00,2025-11-04 13:00:00,2025-11-04 21:00:00,0.92966,0.92977,0.92907,0.92911,4126.0
2025-11-04 16:00:00,2025-11-04 14:00:00,2025-11-04 22:00:00,0.9291,0.92967,0.92898,0.92961,5233.0
2025-11-04 17:00:00,2025-11-04 15:00:00,2025-11-04 23:00:00,0.92959,0.93021,0.92959,0.92987,5572.0
2025-11-04 18:00:00,2025-11-04 16:00:00,2025-11-05 00:00:00,0.92989,0.93013,0.92949,0.9296,4445.0
2025-11-04 19:00:00,2025-11-04 17:00:00,2025-11-05 01:00:00,0.92961,0.92982,0.92938,0.92965,2967.0
2025-11-04 20:00:00,2025-11-04 18:00:00,2025-11-05 02:00:00,0.92965,0.93015,0.92956,0.93012,2676.0
2025-11-04 21:00:00,2025-11-04 19:00:00,2025-11-05 03:00:00,0.93014,0.93042,0.92994,0.93032,2799.0
2025-11-04 22:00:00,2025-11-04 20:00:00,2025-11-05 04:00:00,0.93031,0.93077,0.93028,0.93065,2449.0
2025-11-04 23:00:00,2025-11-04 21:00:00,2025-11-05 05:00:00,0.93063,0.93078,0.93034,0.93064,2190.0
2025-11-05 00:00:00,2025-11-04 22:00:00,2025-11-05 06:00:00,0.92948,0.93024,0.92928,0.93013,1727.0
2025-11-05 01:00:00,2025-11-04 23:00:00,2025-11-05 07:00:00,0.9303,0.93076,0.93019,0.93066,1637.0
2025-11-05 02:00:00,2025-11-05 00:00:00,2025-11-05 08:00:00,0.93067,0.93071,0.92969,0.92975,3603.0
2025-11-05 03:00:00,2025-11-05 01:00:00,2025-11-05 09:00:00,0.92976,0.92978,0.92844,0.9291,5447.0
2025-11-05 04:00:00,2025-11-05 02:00:00,2025-11-05 10:00:00,0.92912,0.92969,0.92894,0.92949,3718.0
2025-11-05 05:00:00,2025-11-05 03:00:00,2025-11-05 11:00:00,0.92949,0.93027,0.92949,0.93027,3388.0
2025-11-05 06:00:00,2025-11-05 04:00:00,2025-11-05 12:00:00,0.93028,0.93038,0.93016,0.93021,3306.0
2025-11-05 07:00:00,2025-11-05 05:00:00,2025-11-05 13:00:00,0.93022,0.93037,0.92962,0.92971,3225.0
2025-11-05 08:00:00,2025-11-05 06:00:00,2025-11-05 14:00:00,0.9297,0.92992,0.92936,0.92948,3317.0
2025-11-05 09:00:00,2025-11-05 07:00:00,2025-11-05 15:00:00,0.92949,0.93006,0.92922,0.92986,3425.0
2025-11-05 10:00:00,2025-11-05 08:00:00,2025-11-05 16:00:00,0.92988,0.93074,0.92974,0.93055,4487.0
2025-11-05 11:00:00,2025-11-05 09:00:00,2025-11-05 17:00:00,0.93053,0.93094,0.93034,0.93085,3543.0
2025-11-05 12:00:00,2025-11-05 10:00:00,2025-11-05 18:00:00,0.93086,0.9318,0.93075,0.93094,3363.0
2025-11-05 13:00:00,2025-11-05 11:00:00,2025-11-05 19:00:00,0.93094,0.93102,0.93052,0.93057,3207.0
2025-11-05 14:00:00,2025-11-05 12:00:00,2025-11-05 20:00:00,0.93055,0.93072,0.9303,0.93048,3623.0
2025-11-05 15:00:00,2025-11-05 13:00:00,2025-11-05 21:00:00,0.93047,0.93136,0.93029,0.93048,4926.0
2025-11-05 16:00:00,2025-11-05 14:00:00,2025-11-05 22:00:00,0.93047,0.93109,0.93023,0.93101,4988.0
2025-11-05 17:00:00,2025-11-05 15:00:00,2025-11-05 23:00:00,0.93099,0.93194,0.93012,0.93111,7331.0
2025-11-05 18:00:00,2025-11-05 16:00:00,2025-11-06 00:00:00,0.93114,0.93142,0.93075,0.93106,4379.0
2025-11-05 19:00:00,2025-11-05 17:00:00,2025-11-06 01:00:00,0.93108,0.93136,0.93072,0.93105,3568.0
2025-11-05 20:00:00,2025-11-05 18:00:00,2025-11-06 02:00:00,0.93104,0.93104,0.93067,0.93095,2810.0
2025-11-05 21:00:00,2025-11-05 19:00:00,2025-11-06 03:00:00,0.93096,0.93103,0.93061,0.93078,2325.0
2025-11-05 22:00:00,2025-11-05 20:00:00,2025-11-06 04:00:00,0.93079,0.93098,0.93068,0.93079,2264.0
2025-11-05 23:00:00,2025-11-05 21:00:00,2025-11-06 05:00:00,0.93078,0.93122,0.93072,0.93121,1611.0
2025-11-06 00:00:00,2025-11-05 22:00:00,2025-11-06 06:00:00,0.93046,0.93113,0.93042,0.9311,1519.0
2025-11-06 01:00:00,2025-11-05 23:00:00,2025-11-06 07:00:00,0.93123,0.93143,0.93086,0.93096,1479.0
2025-11-06 02:00:00,2025-11-06 00:00:00,2025-11-06 08:00:00,0.93098,0.93108,0.93042,0.93046,3088.0
2025-11-06 03:00:00,2025-11-06 01:00:00,2025-11-06 09:00:00,0.93045,0.931,0.93037,0.93092,2539.0
2025-11-06 04:00:00,2025-11-06 02:00:00,2025-11-06 10:00:00,0.93091,0.93116,0.93085,0.93115,2148.0
2025-11-06 05:00:00,2025-11-06 03:00:00,2025-11-06 11:00:00,0.93116,0.93127,0.93104,0.93118,1593.0
2025-11-06 06:00:00,2025-11-06 04:00:00,2025-11-06 12:00:00,0.93119,0.93124,0.93105,0.93122,1927.0
2025-11-06 07:00:00,2025-11-06 05:00:00,2025-11-06 13:00:00,0.93123,0.93132,0.93102,0.93127,2007.0
2025-11-06 08:00:00,2025-11-06 06:00:00,2025-11-06 14:00:00,0.93126,0.93167,0.93123,0.93155,1927.0
2025-11-06 09:00:00,2025-11-06 07:00:00,2025-11-06 15:00:00,0.93154,0.93156,0.93089,0.93098,3136.0
2025-11-06 10:00:00,2025-11-06 08:00:00,2025-11-06 16:00:00,0.93099,0.93187,0.93088,0.93143,4556.0
2025-11-06 11:00:00,2025-11-06 09:00:00,2025-11-06 17:00:00,0.93142,0.93177,0.93124,0.93125,3841.0
2025-11-06 12:00:00,2025-11-06 10:00:00,2025-11-06 18:00:00,0.93124,0.93199,0.93114,0.93154,3050.0
2025-11-06 13:00:00,2025-11-06 11:00:00,2025-11-06 19:00:00,0.93153,0.93169,0.93138,0.9316,3132.0
2025-11-06 14:00:00,2025-11-06 12:00:00,2025-11-06 20:00:00,0.93163,0.93209,0.93112,0.93195,4728.0
2025-11-06 15:00:00,2025-11-06 13:00:00,2025-11-06 21:00:00,0.93196,0.93197,0.93131,0.93151,4569.0
2025-11-06 16:00:00,2025-11-06 14:00:00,2025-11-06 22:00:00,0.93152,0.93188,0.93148,0.93156,4782.0
2025-11-06 17:00:00,2025-11-06 15:00:00,2025-11-06 23:00:00,0.93155,0.93195,0.9309,0.93114,6188.0
2025-11-06 18:00:00,2025-11-06 16:00:00,2025-11-07 00:00:00,0.93113,0.93166,0.93108,0.93108,4770.0
2025-11-06 19:00:00,2025-11-06 17:00:00,2025-11-07 01:00:00,0.93107,0.93163,0.93096,0.93148,4037.0
2025-11-06 20:00:00,2025-11-06 18:00:00,2025-11-07 02:00:00,0.93148,0.93185,0.93129,0.93152,2977.0
2025-11-06 21:00:00,2025-11-06 19:00:00,2025-11-07 03:00:00,0.9315,0.93166,0.93105,0.93117,3211.0
2025-11-06 22:00:00,2025-11-06 20:00:00,2025-11-07 04:00:00,0.93118,0.93126,0.9307,0.93095,2423.0
2025-11-06 23:00:00,2025-11-06 21:00:00,2025-11-07 05:00:00,0.93093,0.931,0.93074,0.93088,1677.0
2025-11-07 00:00:00,2025-11-06 22:00:00,2025-11-07 06:00:00,0.93053,0.93127,0.92977,0.93097,2767.0
2025-11-07 01:00:00,2025-11-06 23:00:00,2025-11-07 07:00:00,0.93099,0.93121,0.93094,0.93098,1566.0
2025-11-07 02:00:00,2025-11-07 00:00:00,2025-11-07 08:00:00,0.93095,0.93138,0.93094,0.93119,3493.0
2025-11-07 03:00:00,2025-11-07 01:00:00,2025-11-07 09:00:00,0.9312,0.93136,0.931,0.93106,3429.0
2025-11-07 04:00:00,2025-11-07 02:00:00,2025-11-07 10:00:00,0.93105,0.93145,0.93096,0.9314,2307.0
2025-11-07 05:00:00,2025-11-07 03:00:00,2025-11-07 11:00:00,0.93139,0.93159,0.93126,0.93155,1825.0
2025-11-07 06:00:00,2025-11-07 04:00:00,2025-11-07 12:00:00,0.93153,0.93165,0.93137,0.93143,1895.0
2025-11-07 07:00:00,2025-11-07 05:00:00,2025-11-07 13:00:00,0.93144,0.93176,0.93144,0.93153,2417.0
2025-11-07 08:00:00,2025-11-07 06:00:00,2025-11-07 14:00:00,0.93154,0.93167,0.93132,0.93147,2260.0
2025-11-07 09:00:00,2025-11-07 07:00:00,2025-11-07 15:00:00,0.93144,0.93174,0.93124,0.93124,2341.0
2025-11-07 10:00:00,2025-11-07 08:00:00,2025-11-07 16:00:00,0.93125,0.93231,0.93122,0.93231,3180.0
2025-11-07 11:00:00,2025-11-07 09:00:00,2025-11-07 17:00:00,0.9323,0.93258,0.93209,0.93249,2534.0
2025-11-07 12:00:00,2025-11-07 10:00:00,2025-11-07 18:00:00,0.93248,0.93263,0.93194,0.93223,3587.0
2025-11-07 13:00:00,2025-11-07 11:00:00,2025-11-07 19:00:00,0.93224,0.93233,0.93098,0.9313,3587.0
2025-11-07 14:00:00,2025-11-07 12:00:00,2025-11-07 20:00:00,0.93131,0.93175,0.93101,0.93117,3440.0
2025-11-07 15:00:00,2025-11-07 13:00:00,2025-11-07 21:00:00,0.93119,0.93156,0.93064,0.93148,4752.0
2025-11-07 16:00:00,2025-11-07 14:00:00,2025-11-07 22:00:00,0.93145,0.9316,0.93049,0.93088,5328.0
2025-11-07 17:00:00,2025-11-07 15:00:00,2025-11-07 23:00:00,0.93094,0.93136,0.93074,0.9312,5661.0
2025-11-07 18:00:00,2025-11-07 16:00:00,2025-11-08 00:00:00,0.93118,0.93141,0.93073,0.9308,3521.0
2025-11-07 19:00:00,2025-11-07 17:00:00,2025-11-08 01:00:00,0.93081,0.93125,0.93076,0.93091,3120.0
2025-11-07 20:00:00,2025-11-07 18:00:00,2025-11-08 02:00:00,0.93092,0.93105,0.93073,0.93094,2291.0
2025-11-07 21:00:00,2025-11-07 19:00:00,2025-11-08 03:00:00,0.93093,0.93138,0.93088,0.93119,2903.0
2025-11-07 22:00:00,2025-11-07 20:00:00,2025-11-08 04:00:00,0.9312,0.93139,0.93085,0.93098,2513.0
2025-11-07 23:00:00,2025-11-07 21:00:00,2025-11-08 05:00:00,0.93099,0.93128,0.93099,0.93108,1595.0
2025-11-10 00:00:00,2025-11-09 22:00:00,2025-11-10 06:00:00,0.9302,0.93111,0.92991,0.93082,2532.0
2025-11-10 01:00:00,2025-11-09 23:00:00,2025-11-10 07:00:00,0.93085,0.93193,0.9308,0.93162,4333.0
2025-11-10 02:00:00,2025-11-10 00:00:00,2025-11-10 08:00:00,0.9316,0.93198,0.93148,0.93157,3917.0
2025-11-10 03:00:00,2025-11-10 01:00:00,2025-11-10 09:00:00,0.93154,0.93208,0.93143,0.93202,3232.0
2025-11-10 04:00:00,2025-11-10 02:00:00,2025-11-10 10:00:00,0.93203,0.93214,0.93168,0.93169,2606.0
2025-11-10 05:00:00,2025-11-10 03:00:00,2025-11-10 11:00:00,0.9317,0.93189,0.93161,0.93173,3069.0
2025-11-10 06:00:00,2025-11-10 04:00:00,2025-11-10 12:00:00,0.93173,0.93201,0.93172,0.9319,2634.0
2025-11-10 07:00:00,2025-11-10 05:00:00,2025-11-10 13:00:00,0.9319,0.93205,0.9318,0.93183,2943.0
2025-11-10 08:00:00,2025-11-10 06:00:00,2025-11-10 14:00:00,0.93184,0.93222,0.93163,0.93208,3696.0
2025-11-10 09:00:00,2025-11-10 07:00:00,2025-11-10 15:00:00,0.93211,0.93216,0.93148,0.93193,4497.0
2025-11-10 10:00:00,2025-11-10 08:00:00,2025-11-10 16:00:00,0.93192,0.93255,0.93183,0.93233,4924.0
2025-11-10 11:00:00,2025-11-10 09:00:00,2025-11-10 17:00:00,0.93232,0.93252,0.93168,0.9323,4392.0
2025-11-10 12:00:00,2025-11-10 10:00:00,2025-11-10 18:00:00,0.93228,0.93234,0.93164,0.93216,3286.0
2025-11-10 13:00:00,2025-11-10 11:00:00,2025-11-10 19:00:00,0.93215,0.93217,0.93159,0.93185,3026.0
2025-11-10 14:00:00,2025-11-10 12:00:00,2025-11-10 20:00:00,0.93182,0.93193,0.93167,0.93178,3644.0
2025-11-10 15:00:00,2025-11-10 13:00:00,2025-11-10 21:00:00,0.93178,0.93185,0.93091,0.93091,3872.0
2025-11-10 16:00:00,2025-11-10 14:00:00,2025-11-10 22:00:00,0.93091,0.93144,0.93075,0.93102,4406.0
2025-11-10 17:00:00,2025-11-10 15:00:00,2025-11-10 23:00:00,0.93104,0.93165,0.93093,0.93104,5547.0
2025-11-10 18:00:00,2025-11-10 16:00:00,2025-11-11 00:00:00,0.93103,0.93126,0.93068,0.9308,4483.0
2025-11-10 19:00:00,2025-11-10 17:00:00,2025-11-11 01:00:00,0.93081,0.93083,0.92998,0.93035,3732.0
2025-11-10 20:00:00,2025-11-10 18:00:00,2025-11-11 02:00:00,0.93035,0.93043,0.93013,0.93014,2309.0
2025-11-10 21:00:00,2025-11-10 19:00:00,2025-11-11 03:00:00,0.93015,0.93044,0.9301,0.93036,2488.0
2025-11-10 22:00:00,2025-11-10 20:00:00,2025-11-11 04:00:00,0.93037,0.93058,0.93036,0.93045,2333.0
2025-11-10 23:00:00,2025-11-10 21:00:00,2025-11-11 05:00:00,0.93047,0.93058,0.93027,0.93031,1868.0
2025-11-11 00:00:00,2025-11-10 22:00:00,2025-11-11 06:00:00,0.92972,0.93041,0.92936,0.93018,1484.0
2025-11-11 01:00:00,2025-11-10 23:00:00,2025-11-11 07:00:00,0.93017,0.93062,0.93014,0.93055,1670.0
2025-11-11 02:00:00,2025-11-11 00:00:00,2025-11-11 08:00:00,0.93053,0.93087,0.9305,0.93082,2260.0
2025-11-11 03:00:00,2025-11-11 01:00:00,2025-11-11 09:00:00,0.93084,0.93097,0.93036,0.93044,2553.0
2025-11-11 04:00:00,2025-11-11 02:00:00,2025-11-11 10:00:00,0.93043,0.93044,0.93001,0.93011,1690.0
2025-11-11 05:00:00,2025-11-11 03:00:00,2025-11-11 11:00:00,0.93011,0.93041,0.93008,0.93033,1484.0
2025-11-11 06:00:00,2025-11-11 04:00:00,2025-11-11 12:00:00,0.93032,0.93036,0.92997,0.92999,1451.0
2025-11-11 07:00:00,2025-11-11 05:00:00,2025-11-11 13:00:00,0.92999,0.93007,0.92959,0.9296,2102.0
2025-11-11 08:00:00,2025-11-11 06:00:00,2025-11-11 14:00:00,0.92964,0.92988,0.92953,0.9297,2502.0
2025-11-11 09:00:00,2025-11-11 07:00:00,2025-11-11 15:00:00,0.92972,0.93004,0.92878,0.92879,3699.0
2025-11-11 10:00:00,2025-11-11 08:00:00,2025-11-11 16:00:00,0.92879,0.92949,0.9287,0.92892,3798.0
2025-11-11 11:00:00,2025-11-11 09:00:00,2025-11-11 17:00:00,0.92889,0.92899,0.92832,0.9289,3290.0
2025-11-11 12:00:00,2025-11-11 10:00:00,2025-11-11 18:00:00,0.92889,0.92892,0.92819,0.92823,3008.0
2025-11-11 13:00:00,2025-11-11 11:00:00,2025-11-11 19:00:00,0.92824,0.92827,0.92767,0.92793,2910.0
2025-11-11 14:00:00,2025-11-11 12:00:00,2025-11-11 20:00:00,0.92792,0.92801,0.92754,0.9278,2642.0
2025-11-11 15:00:00,2025-11-11 13:00:00,2025-11-11 21:00:00,0.92782,0.92792,0.92688,0.92735,5460.0
2025-11-11 16:00:00,2025-11-11 14:00:00,2025-11-11 22:00:00,0.92734,0.92758,0.92659,0.92752,4234.0
2025-11-11 17:00:00,2025-11-11 15:00:00,2025-11-11 23:00:00,0.92753,0.92766,0.92716,0.92726,4129.0
2025-11-11 18:00:00,2025-11-11 16:00:00,2025-11-12 00:00:00,0.92727,0.92775,0.92695,0.92704,3803.0
2025-11-11 19:00:00,2025-11-11 17:00:00,2025-11-12 01:00:00,0.92702,0.92751,0.92702,0.92741,2401.0
2025-11-11 20:00:00,2025-11-11 18:00:00,2025-11-12 02:00:00,0.92741,0.92766,0.92719,0.92746,2102.0
2025-11-11 21:00:00,2025-11-11 19:00:00,2025-11-12 03:00:00,0.92746,0.92763,0.92719,0.92722,2799.0
2025-11-11 22:00:00,2025-11-11 20:00:00,2025-11-12 04:00:00,0.92723,0.92747,0.92666,0.92707,2512.0
2025-11-11 23:00:00,2025-11-11 21:00:00,2025-11-12 05:00:00,0.9271,0.92728,0.92681,0.92714,1822.0
2025-11-12 00:00:00,2025-11-11 22:00:00,2025-11-12 06:00:00,0.92641,0.92759,0.92629,0.92727,2338.0
2025-11-12 01:00:00,2025-11-11 23:00:00,2025-11-12 07:00:00,0.92719,0.9274,0.92714,0.92735,1039.0
2025-11-12 02:00:00,2025-11-12 00:00:00,2025-11-12 08:00:00,0.92731,0.92739,0.92712,0.92737,2318.0
2025-11-12 03:00:00,2025-11-12 01:00:00,2025-11-12 09:00:00,0.92738,0.92743,0.92703,0.92708,2432.0
2025-11-12 04:00:00,2025-11-12 02:00:00,2025-11-12 10:00:00,0.92708,0.92722,0.92703,0.92717,1437.0
2025-11-12 05:00:00,2025-11-12 03:00:00,2025-11-12 11:00:00,0.92718,0.9272,0.92684,0.92692,1315.0
2025-11-12 06:00:00,2025-11-12 04:00:00,2025-11-12 12:00:00,0.92691,0.92697,0.92665,0.92682,1698.0
2025-11-12 07:00:00,2025-11-12 05:00:00,2025-11-12 13:00:00,0.92683,0.92697,0.92658,0.92688,2171.0
2025-11-12 08:00:00,2025-11-12 06:00:00,2025-11-12 14:00:00,0.92687,0.92723,0.92685,0.92686,1509.0
2025-11-12 09:00:00,2025-11-12 07:00:00,2025-11-12 15:00:00,0.92685,0.92697,0.92637,0.92639,2721.0
2025-11-12 10:00:00,2025-11-12 08:00:00,2025-11-12 16:00:00,0.92639,0.92642,0.92518,0.92533,3821.0
2025-11-12 11:00:00,2025-11-12 09:00:00,2025-11-12 17:00:00,0.92534,0.92583,0.92456,0.92472,3855.0
2025-11-12 12:00:00,2025-11-12 10:00:00,2025-11-12 18:00:00,0.92471,0.92533,0.92446,0.92497,3272.0
2025-11-12 13:00:00,2025-11-12 11:00:00,2025-11-12 19:00:00,0.92499,0.92507,0.92451,0.92483,2826.0
2025-11-12 14:00:00,2025-11-12 12:00:00,2025-11-12 20:00:00,0.92483,0.92512,0.92475,0.92482,3362.0
2025-11-12 15:00:00,2025-11-12 13:00:00,2025-11-12 21:00:00,0.92483,0.92504,0.92395,0.92396,3482.0
2025-11-12 16:00:00,2025-11-12 14:00:00,2025-11-12 22:00:00,0.92396,0.92413,0.92358,0.92403,4660.0
2025-11-12 17:00:00,2025-11-12 15:00:00,2025-11-12 23:00:00,0.92401,0.92424,0.92327,0.92417,4580.0
2025-11-12 18:00:00,2025-11-12 16:00:00,2025-11-13 00:00:00,0.92418,0.92442,0.92392,0.92401,4121.0
2025-11-12 19:00:00,2025-11-12 17:00:00,2025-11-13 01:00:00,0.92402,0.92428,0.9239,0.92398,3063.0
2025-11-12 20:00:00,2025-11-12 18:00:00,2025-11-13 02:00:00,0.924,0.9243,0.924,0.92424,2122.0
2025-11-12 21:00:00,2025-11-12 19:00:00,2025-11-13 03:00:00,0.92423,0.92442,0.92401,0.92436,1885.0
2025-11-12 22:00:00,2025-11-12 20:00:00,2025-11-13 04:00:00,0.92435,0.92471,0.92427,0.92466,2175.0
2025-11-12 23:00:00,2025-11-12 21:00:00,2025-11-13 05:00:00,0.92467,0.92494,0.92461,0.92484,1725.0
2025-11-13 00:00:00,2025-11-12 22:00:00,2025-11-13 06:00:00,0.92401,0.92484,0.92346,0.92441,2279.0
2025-11-13 01:00:00,2025-11-12 23:00:00,2025-11-13 07:00:00,0.92447,0.92486,0.92447,0.92481,1321.0
2025-11-13 02:00:00,2025-11-13 00:00:00,2025-11-13 08:00:00,0.92482,0.9249,0.9245,0.92459,2622.0
2025-11-13 03:00:00,2025-11-13 01:00:00,2025-11-13 09:00:00,0.92459,0.92499,0.92454,0.92495,2915.0
2025-11-13 04:00:00,2025-11-13 02:00:00,2025-11-13 10:00:00,0.92496,0.92548,0.92493,0.92536,1792.0
2025-11-13 05:00:00,2025-11-13 03:00:00,2025-11-13 11:00:00,0.92535,0.92566,0.92518,0.92545,1611.0
2025-11-13 06:00:00,2025-11-13 04:00:00,2025-11-13 12:00:00,0.92545,0.92556,0.92523,0.92546,1392.0
2025-11-13 07:00:00,2025-11-13 05:00:00,2025-11-13 13:00:00,0.92545,0.92575,0.92544,0.9257,1804.0
2025-11-13 08:00:00,2025-11-13 06:00:00,2025-11-13 14:00:00,0.92569,0.92581,0.9255,0.92554,1804.0
2025-11-13 09:00:00,2025-11-13 07:00:00,2025-11-13 15:00:00,0.9255,0.92571,0.92451,0.9247,3520.0
2025-11-13 10:00:00,2025-11-13 08:00:00,2025-11-13 16:00:00,0.9247,0.92483,0.92352,0.92367,4067.0
2025-11-13 11:00:00,2025-11-13 09:00:00,2025-11-13 17:00:00,0.9237,0.92448,0.92366,0.92403,4601.0
2025-11-13 12:00:00,2025-11-13 10:00:00,2025-11-13 18:00:00,0.92402,0.92413,0.92357,0.92401,3288.0
2025-11-13 13:00:00,2025-11-13 11:00:00,2025-11-13 19:00:00,0.924,0.92427,0.92365,0.92373,3862.0
2025-11-13 14:00:00,2025-11-13 12:00:00,2025-11-13 20:00:00,0.92374,0.92421,0.92351,0.92415,3442.0
2025-11-13 15:00:00,2025-11-13 13:00:00,2025-11-13 21:00:00,0.92413,0.92471,0.92404,0.92469,3925.0
2025-11-13 16:00:00,2025-11-13 14:00:00,2025-11-13 22:00:00,0.92467,0.92471,0.92398,0.92429,4343.0
2025-11-13 17:00:00,2025-11-13 15:00:00,2025-11-13 23:00:00,0.92427,0.92438,0.92236,0.92266,5555.0
2025-11-13 18:00:00,2025-11-13 16:00:00,2025-11-14 00:00:00,0.92265,0.9228,0.92184,0.92218,5209.0
2025-11-13 19:00:00,2025-11-13 17:00:00,2025-11-14 01:00:00,0.92218,0.92237,0.92158,0.92186,4582.0
2025-11-13 20:00:00,2025-11-13 18:00:00,2025-11-14 02:00:00,0.92185,0.92197,0.92141,0.92177,3861.0
2025-11-13 21:00:00,2025-11-13 19:00:00,2025-11-14 03:00:00,0.92178,0.92235,0.92176,0.92234,3355.0
2025-11-13 22:00:00,2025-11-13 20:00:00,2025-11-14 04:00:00,0.92232,0.92254,0.9221,0.92249,2286.0
2025-11-13 23:00:00,2025-11-13 21:00:00,2025-11-14 05:00:00,0.9225,0.9227,0.92223,0.92227,1601.0
2025-11-14 00:00:00,2025-11-13 22:00:00,2025-11-14 06:00:00,0.92108,0.92247,0.92108,0.92239,2219.0
2025-11-14 01:00:00,2025-11-13 23:00:00,2025-11-14 07:00:00,0.92243,0.92261,0.9222,0.92255,2086.0
2025-11-14 02:00:00,2025-11-14 00:00:00,2025-11-14 08:00:00,0.92256,0.92278,0.92231,0.92234,2877.0
2025-11-14 03:00:00,2025-11-14 01:00:00,2025-11-14 09:00:00,0.92235,0.92275,0.92229,0.92267,2891.0
2025-11-14 04:00:00,2025-11-14 02:00:00,2025-11-14 10:00:00,0.92265,0.92292,0.92221,0.9224,2446.0
2025-11-14 05:00:00,2025-11-14 03:00:00,2025-11-14 11:00:00,0.92239,0.92241,0.9221,0.92223,1963.0
2025-11-14 06:00:00,2025-11-14 04:00:00,2025-11-14 12:00:00,0.92225,0.92227,0.92191,0.92197,1784.0
2025-11-14 07:00:00,2025-11-14 05:00:00,2025-11-14 13:00:00,0.922,0.92238,0.92191,0.92235,2233.0
2025-11-14 08:00:00,2025-11-14 06:00:00,2025-11-14 14:00:00,0.92234,0.92237,0.92167,0.92175,2387.0
2025-11-14 09:00:00,2025-11-14 07:00:00,2025-11-14 15:00:00,0.92171,0.92171,0.92064,0.92077,4003.0
2025-11-14 10:00:00,2025-11-14 08:00:00,2025-11-14 16:00:00,0.92076,0.92109,0.91859,0.92037,6083.0
2025-11-14 11:00:00,2025-11-14 09:00:00,2025-11-14 17:00:00,0.92038,0.92089,0.92034,0.92062,4149.0
2025-11-14 12:00:00,2025-11-14 10:00:00,2025-11-14 18:00:00,0.92061,0.92085,0.91992,0.92041,3686.0
2025-11-14 13:00:00,2025-11-14 11:00:00,2025-11-14 19:00:00,0.92041,0.92042,0.91942,0.91953,4015.0
2025-11-14 14:00:00,2025-11-14 12:00:00,2025-11-14 20:00:00,0.91956,0.91961,0.91814,0.91864,5956.0
2025-11-14 15:00:00,2025-11-14 13:00:00,2025-11-14 21:00:00,0.91865,0.91911,0.91793,0.91882,6357.0
2025-11-14 16:00:00,2025-11-14 14:00:00,2025-11-14 22:00:00,0.91881,0.92014,0.91837,0.92013,6798.0
2025-11-14 17:00:00,2025-11-14 15:00:00,2025-11-14 23:00:00,0.92027,0.92157,0.92017,0.92123,7265.0
2025-11-14 18:00:00,2025-11-14 16:00:00,2025-11-15 00:00:00,0.92124,0.92184,0.9209,0.92163,4598.0
2025-11-14 19:00:00,2025-11-14 17:00:00,2025-11-15 01:00:00,0.92162,0.92279,0.92155,0.92217,3958.0
2025-11-14 20:00:00,2025-11-14 18:00:00,2025-11-15 02:00:00,0.92211,0.92236,0.9219,0.92223,3886.0
2025-11-14 21:00:00,2025-11-14 19:00:00,2025-11-15 03:00:00,0.92221,0.9225,0.9221,0.92241,2686.0
2025-11-14 22:00:00,2025-11-14 20:00:00,2025-11-15 04:00:00,0.92242,0.92274,0.92232,0.92257,3442.0
2025-11-14 23:00:00,2025-11-14 21:00:00,2025-11-15 05:00:00,0.92258,0.92301,0.92257,0.92283,1634.0
2025-11-17 00:00:00,2025-11-16 22:00:00,2025-11-17 06:00:00,0.92085,0.9225,0.92085,0.92203,1484.0
2025-11-17 01:00:00,2025-11-16 23:00:00,2025-11-17 07:00:00,0.92217,0.92272,0.92217,0.92254,2314.0
2025-11-17 02:00:00,2025-11-17 00:00:00,2025-11-17 08:00:00,0.92253,0.9227,0.92196,0.92215,3060.0
2025-11-17 03:00:00,2025-11-17 01:00:00,2025-11-17 09:00:00,0.92216,0.92234,0.92191,0.92211,2749.0
2025-11-17 04:00:00,2025-11-17 02:00:00,2025-11-17 10:00:00,0.9221,0.92251,0.92192,0.9225,2161.0
2025-11-17 05:00:00,2025-11-17 03:00:00,2025-11-17 11:00:00,0.92249,0.92272,0.9224,0.92248,2295.0
2025-11-17 06:00:00,2025-11-17 04:00:00,2025-11-17 12:00:00,0.92249,0.92266,0.9222,0.92221,1418.0
2025-11-17 07:00:00,2025-11-17 05:00:00,2025-11-17 13:00:00,0.9222,0.92224,0.92192,0.92216,1977.0
2025-11-17 08:00:00,2025-11-17 06:00:00,2025-11-17 14:00:00,0.92215,0.92243,0.92198,0.92218,2562.0
2025-11-17 09:00:00,2025-11-17 07:00:00,2025-11-17 15:00:00,0.92221,0.92229,0.92124,0.92132,2854.0
2025-11-17 10:00:00,2025-11-17 08:00:00,2025-11-17 16:00:00,0.92133,0.92233,0.92115,0.92209,4082.0
2025-11-17 11:00:00,2025-11-17 09:00:00,2025-11-17 17:00:00,0.92212,0.92227,0.92125,0.92151,3935.0
2025-11-17 12:00:00,2025-11-17 10:00:00,2025-11-17 18:00:00,0.92153,0.92271,0.92153,0.92259,3521.0
2025-11-17 13:00:00,2025-11-17 11:00:00,2025-11-17 19:00:00,0.92258,0.92302,0.9224,0.92263,3698.0
2025-11-17 14:00:00,2025-11-17 12:00:00,2025-11-17 20:00:00,0.92264,0.92278,0.92233,0.92256,3862.0
2025-11-17 15:00:00,2025-11-17 13:00:00,2025-11-17 21:00:00,0.92257,0.92279,0.92224,0.92249,4576.0
2025-11-17 16:00:00,2025-11-17 14:00:00,2025-11-17 22:00:00,0.92248,0.92254,0.92158,0.9217,4061.0
2025-11-17 17:00:00,2025-11-17 15:00:00,2025-11-17 23:00:00,0.92169,0.9226,0.92157,0.92249,5369.0
2025-11-17 18:00:00,2025-11-17 16:00:00,2025-11-18 00:00:00,0.92251,0.92282,0.92204,0.92264,4491.0
2025-11-17 19:00:00,2025-11-17 17:00:00,2025-11-18 01:00:00,0.92266,0.92269,0.92232,0.92245,2792.0
2025-11-17 20:00:00,2025-11-17 18:00:00,2025-11-18 02:00:00,0.92246,0.92264,0.92235,0.92246,2195.0
2025-11-17 21:00:00,2025-11-17 19:00:00,2025-11-18 03:00:00,0.92245,0.92272,0.92242,0.92262,3215.0
2025-11-17 22:00:00,2025-11-17 20:00:00,2025-11-18 04:00:00,0.92261,0.92308,0.92257,0.92303,2642.0
2025-11-17 23:00:00,2025-11-17 21:00:00,2025-11-18 05:00:00,0.92304,0.92307,0.92266,0.92283,2548.0
2025-11-18 00:00:00,2025-11-17 22:00:00,2025-11-18 06:00:00,0.92169,0.92263,0.92159,0.92242,1617.0
2025-11-18 01:00:00,2025-11-17 23:00:00,2025-11-18 07:00:00,0.92246,0.92294,0.92246,0.92287,1753.0
2025-11-18 02:00:00,2025-11-18 00:00:00,2025-11-18 08:00:00,0.92287,0.92297,0.9224,0.92246,2490.0
2025-11-18 03:00:00,2025-11-18 01:00:00,2025-11-18 09:00:00,0.92244,0.92286,0.92242,0.9227,2590.0
2025-11-18 04:00:00,2025-11-18 02:00:00,2025-11-18 10:00:00,0.92269,0.92281,0.92259,0.92263,1931.0
2025-11-18 05:00:00,2025-11-18 03:00:00,2025-11-18 11:00:00,0.92265,0.92265,0.92201,0.92205,2039.0
2025-11-18 06:00:00,2025-11-18 04:00:00,2025-11-18 12:00:00,0.92204,0.92205,0.92109,0.92136,3341.0
2025-11-18 07:00:00,2025-11-18 05:00:00,2025-11-18 13:00:00,0.92135,0.92161,0.92113,0.92152,2485.0
2025-11-18 08:00:00,2025-11-18 06:00:00,2025-11-18 14:00:00,0.92153,0.92161,0.92078,0.92089,3389.0
2025-11-18 09:00:00,2025-11-18 07:00:00,2025-11-18 15:00:00,0.92093,0.92176,0.92071,0.92155,4196.0
2025-11-18 10:00:00,2025-11-18 08:00:00,2025-11-18 16:00:00,0.92156,0.92207,0.92147,0.92189,4956.0
2025-11-18 11:00:00,2025-11-18 09:00:00,2025-11-18 17:00:00,0.92186,0.92291,0.92176,0.92287,4010.0
2025-11-18 12:00:00,2025-11-18 10:00:00,2025-11-18 18:00:00,0.92286,0.92372,0.92269,0.92363,3418.0
2025-11-18 13:00:00,2025-11-18 11:00:00,2025-11-18 19:00:00,0.92362,0.92365,0.9231,0.92319,3902.0
2025-11-18 14:00:00,2025-11-18 12:00:00,2025-11-18 20:00:00,0.92322,0.92325,0.92282,0.92304,4883.0
2025-11-18 15:00:00,2025-11-18 13:00:00,2025-11-18 21:00:00,0.92305,0.92375,0.92283,0.92359,5532.0
2025-11-18 16:00:00,2025-11-18 14:00:00,2025-11-18 22:00:00,0.9236,0.92431,0.92335,0.92407,5588.0
2025-11-18 17:00:00,2025-11-18 15:00:00,2025-11-18 23:00:00,0.92405,0.92519,0.92405,0.92481,7003.0
2025-11-18 18:00:00,2025-11-18 16:00:00,2025-11-19 00:00:00,0.92484,0.92609,0.92481,0.92585,5968.0
2025-11-18 19:00:00,2025-11-18 17:00:00,2025-11-19 01:00:00,0.92586,0.92607,0.92519,0.92579,4819.0
2025-11-18 20:00:00,2025-11-18 18:00:00,2025-11-19 02:00:00,0.92578,0.92582,0.92523,0.92528,3637.0
2025-11-18 21:00:00,2025-11-18 19:00:00,2025-11-19 03:00:00,0.92529,0.92586,0.92519,0.92582,2570.0
2025-11-18 22:00:00,2025-11-18 20:00:00,2025-11-19 04:00:00,0.9258,0.92626,0.92577,0.92609,2490.0
2025-11-18 23:00:00,2025-11-18 21:00:00,2025-11-19 05:00:00,0.92609,0.9264,0.92581,0.92609,2063.0
2025-11-19 00:00:00,2025-11-18 22:00:00,2025-11-19 06:00:00,0.92435,0.92597,0.92435,0.92547,1595.0
2025-11-19 01:00:00,2025-11-18 23:00:00,2025-11-19 07:00:00,0.92576,0.9268,0.92573,0.92666,1491.0
2025-11-19 02:00:00,2025-11-19 00:00:00,2025-11-19 08:00:00,0.92663,0.92669,0.92601,0.92641,3090.0
2025-11-19 03:00:00,2025-11-19 01:00:00,2025-11-19 09:00:00,0.92643,0.92681,0.92637,0.92657,2967.0
2025-11-19 04:00:00,2025-11-19 02:00:00,2025-11-19 10:00:00,0.92658,0.92699,0.92658,0.92669,2589.0
2025-11-19 05:00:00,2025-11-19 03:00:00,2025-11-19 11:00:00,0.92668,0.92671,0.92643,0.92661,2392.0
2025-11-19 06:00:00,2025-11-19 04:00:00,2025-11-19 12:00:00,0.9266,0.92689,0.92648,0.92681,1945.0
2025-11-19 07:00:00,2025-11-19 05:00:00,2025-11-19 13:00:00,0.92679,0.92685,0.92552,0.92626,3527.0
2025-11-19 08:00:00,2025-11-19 06:00:00,2025-11-19 14:00:00,0.92625,0.92671,0.92625,0.92655,2687.0
2025-11-19 09:00:00,2025-11-19 07:00:00,2025-11-19 15:00:00,0.92663,0.92669,0.9257,0.92573,3635.0
2025-11-19 10:00:00,2025-11-19 08:00:00,2025-11-19 16:00:00,0.92576,0.92628,0.92547,0.92605,4089.0
2025-11-19 11:00:00,2025-11-19 09:00:00,2025-11-19 17:00:00,0.92606,0.92743,0.92593,0.92735,4194.0
2025-11-19 12:00:00,2025-11-19 10:00:00,2025-11-19 18:00:00,0.92736,0.92903,0.92735,0.92897,4627.0
2025-11-19 13:00:00,2025-11-19 11:00:00,2025-11-19 19:00:00,0.92896,0.929,0.92812,0.92884,4602.0
2025-11-19 14:00:00,2025-11-19 12:00:00,2025-11-19 20:00:00,0.92876,0.92904,0.92835,0.92856,4059.0
2025-11-19 15:00:00,2025-11-19 13:00:00,2025-11-19 21:00:00,0.92856,0.92884,0.92822,0.92871,4308.0
2025-11-19 16:00:00,2025-11-19 14:00:00,2025-11-19 22:00:00,0.9287,0.92885,0.9276,0.92859,6032.0
2025-11-19 17:00:00,2025-11-19 15:00:00,2025-11-19 23:00:00,0.92862,0.92955,0.92855,0.92894,6625.0
2025-11-19 18:00:00,2025-11-19 16:00:00,2025-11-20 00:00:00,0.92893,0.92906,0.92839,0.92845,5142.0
2025-11-19 19:00:00,2025-11-19 17:00:00,2025-11-20 01:00:00,0.92846,0.92866,0.9281,0.92813,4748.0
2025-11-19 20:00:00,2025-11-19 18:00:00,2025-11-20 02:00:00,0.92811,0.92868,0.92808,0.92861,3728.0
2025-11-19 21:00:00,2025-11-19 19:00:00,2025-11-20 03:00:00,0.92862,0.92921,0.92841,0.92906,4521.0
2025-11-19 22:00:00,2025-11-19 20:00:00,2025-11-20 04:00:00,0.92906,0.92916,0.92885,0.92909,3421.0
2025-11-19 23:00:00,2025-11-19 21:00:00,2025-11-20 05:00:00,0.92908,0.92958,0.92906,0.92944,3076.0
2025-11-20 00:00:00,2025-11-19 22:00:00,2025-11-20 06:00:00,0.92864,0.92928,0.92806,0.92908,1501.0
2025-11-20 01:00:00,2025-11-19 23:00:00,2025-11-20 07:00:00,0.9293,0.92963,0.9292,0.9294,1816.0
2025-11-20 02:00:00,2025-11-20 00:00:00,2025-11-20 08:00:00,0.92939,0.92952,0.92886,0.92894,2825.0
2025-11-20 03:00:00,2025-11-20 01:00:00,2025-11-20 09:00:00,0.92895,0.92923,0.92863,0.92901,3129.0
2025-11-20 04:00:00,2025-11-20 02:00:00,2025-11-20 10:00:00,0.92901,0.92931,0.92885,0.92918,2294.0
2025-11-20 05:00:00,2025-11-20 03:00:00,2025-11-20 11:00:00,0.92919,0.9294,0.92912,0.9292,2715.0
2025-11-20 06:00:00,2025-11-20 04:00:00,2025-11-20 12:00:00,0.92919,0.92924,0.929,0.92922,1835.0
2025-11-20 07:00:00,2025-11-20 05:00:00,2025-11-20 13:00:00,0.92921,0.92938,0.9288,0.92906,1992.0
2025-11-20 08:00:00,2025-11-20 06:00:00,2025-11-20 14:00:00,0.92906,0.9292,0.9286,0.92891,2895.0
2025-11-20 09:00:00,2025-11-20 07:00:00,2025-11-20 15:00:00,0.92888,0.92921,0.92859,0.92863,4461.0
2025-11-20 10:00:00,2025-11-20 08:00:00,2025-11-20 16:00:00,0.92865,0.92888,0.92838,0.9286,4974.0
2025-11-20 11:00:00,2025-11-20 09:00:00,2025-11-20 17:00:00,0.92861,0.92878,0.92824,0.92856,3902.0
2025-11-20 12:00:00,2025-11-20 10:00:00,2025-11-20 18:00:00,0.92858,0.92971,0.92853,0.92952,3123.0
2025-11-20 13:00:00,2025-11-20 11:00:00,2025-11-20 19:00:00,0.92951,0.92965,0.92926,0.92948,3075.0
2025-11-20 14:00:00,2025-11-20 12:00:00,2025-11-20 20:00:00,0.9295,0.9299,0.92912,0.9295,3369.0
2025-11-20 15:00:00,2025-11-20 13:00:00,2025-11-20 21:00:00,0.92951,0.92986,0.92871,0.92963,6612.0
2025-11-20 16:00:00,2025-11-20 14:00:00,2025-11-20 22:00:00,0.92967,0.93036,0.9296,0.9301,6830.0
2025-11-20 17:00:00,2025-11-20 15:00:00,2025-11-20 23:00:00,0.93015,0.93049,0.92964,0.92967,5518.0
2025-11-20 18:00:00,2025-11-20 16:00:00,2025-11-21 00:00:00,0.92963,0.92976,0.92882,0.92896,6963.0
2025-11-20 19:00:00,2025-11-20 17:00:00,2025-11-21 01:00:00,0.92894,0.92941,0.92845,0.92882,6976.0
2025-11-20 20:00:00,2025-11-20 18:00:00,2025-11-21 02:00:00,0.92882,0.92952,0.92877,0.929,4494.0
2025-11-20 21:00:00,2025-11-20 19:00:00,2025-11-21 03:00:00,0.92901,0.92928,0.92877,0.9292,3185.0
2025-11-20 22:00:00,2025-11-20 20:00:00,2025-11-21 04:00:00,0.92921,0.92933,0.92902,0.9291,3329.0
2025-11-20 23:00:00,2025-11-20 21:00:00,2025-11-21 05:00:00,0.92909,0.9294,0.9289,0.92893,2054.0
2025-11-21 00:00:00,2025-11-20 22:00:00,2025-11-21 06:00:00,0.92804,0.92898,0.92794,0.92878,2123.0
2025-11-21 01:00:00,2025-11-20 23:00:00,2025-11-21 07:00:00,0.92887,0.92913,0.92862,0.92909,2546.0
2025-11-21 02:00:00,2025-11-21 00:00:00,2025-11-21 08:00:00,0.92906,0.92937,0.92861,0.92866,3101.0
2025-11-21 03:00:00,2025-11-21 01:00:00,2025-11-21 09:00:00,0.92867,0.92911,0.92842,0.9289,3188.0
2025-11-21 04:00:00,2025-11-21 02:00:00,2025-11-21 10:00:00,0.92886,0.92894,0.92849,0.9285,2500.0
2025-11-21 05:00:00,2025-11-21 03:00:00,2025-11-21 11:00:00,0.92849,0.92856,0.92818,0.9284,2190.0
2025-11-21 06:00:00,2025-11-21 04:00:00,2025-11-21 12:00:00,0.92841,0.92841,0.928,0.92827,2759.0
2025-11-21 07:00:00,2025-11-21 05:00:00,2025-11-21 13:00:00,0.92826,0.92854,0.92808,0.92815,2645.0
2025-11-21 08:00:00,2025-11-21 06:00:00,2025-11-21 14:00:00,0.92819,0.92862,0.92812,0.92859,3443.0
2025-11-21 09:00:00,2025-11-21 07:00:00,2025-11-21 15:00:00,0.92858,0.92865,0.92779,0.92811,4464.0
2025-11-21 10:00:00,2025-11-21 08:00:00,2025-11-21 16:00:00,0.92813,0.92964,0.92757,0.9295,5885.0
2025-11-21 11:00:00,2025-11-21 09:00:00,2025-11-21 17:00:00,0.92948,0.92969,0.9282,0.92832,4624.0
2025-11-21 12:00:00,2025-11-21 10:00:00,2025-11-21 18:00:00,0.9283,0.92833,0.92767,0.92799,5164.0
2025-11-21 13:00:00,2025-11-21 11:00:00,2025-11-21 19:00:00,0.92796,0.92916,0.92794,0.92876,4185.0
2025-11-21 14:00:00,2025-11-21 12:00:00,2025-11-21 20:00:00,0.92877,0.92914,0.92788,0.92875,6218.0
2025-11-21 15:00:00,2025-11-21 13:00:00,2025-11-21 21:00:00,0.9288,0.92958,0.92873,0.92948,4951.0
2025-11-21 16:00:00,2025-11-21 14:00:00,2025-11-21 22:00:00,0.92947,0.92984,0.92897,0.92922,5697.0
2025-11-21 17:00:00,2025-11-21 15:00:00,2025-11-21 23:00:00,0.9292,0.93011,0.92886,0.93005,7055.0
2025-11-21 18:00:00,2025-11-21 16:00:00,2025-11-22 00:00:00,0.93006,0.93096,0.92992,0.93044,5972.0
2025-11-21 19:00:00,2025-11-21 17:00:00,2025-11-22 01:00:00,0.93048,0.93074,0.93012,0.93017,5438.0
2025-11-21 20:00:00,2025-11-21 18:00:00,2025-11-22 02:00:00,0.93018,0.9308,0.93011,0.93036,3824.0
2025-11-21 21:00:00,2025-11-21 19:00:00,2025-11-22 03:00:00,0.93033,0.93037,0.93002,0.93003,2764.0
2025-11-21 22:00:00,2025-11-21 20:00:00,2025-11-22 04:00:00,0.93001,0.93036,0.92994,0.93023,2889.0
2025-11-21 23:00:00,2025-11-21 21:00:00,2025-11-22 05:00:00,0.93023,0.93098,0.93017,0.9308,2136.0
2025-11-24 00:00:00,2025-11-23 22:00:00,2025-11-24 06:00:00,0.92912,0.93053,0.92912,0.93038,1394.0
2025-11-24 01:00:00,2025-11-23 23:00:00,2025-11-24 07:00:00,0.93042,0.93096,0.93042,0.93056,2359.0
2025-11-24 02:00:00,2025-11-24 00:00:00,2025-11-24 08:00:00,0.93055,0.93069,0.93007,0.93037,1840.0
2025-11-24 03:00:00,2025-11-24 01:00:00,2025-11-24 09:00:00,0.93034,0.93106,0.93033,0.93092,2676.0
2025-11-24 04:00:00,2025-11-24 02:00:00,2025-11-24 10:00:00,0.93093,0.93138,0.93089,0.93126,2525.0
2025-11-24 05:00:00,2025-11-24 03:00:00,2025-11-24 11:00:00,0.93125,0.93129,0.93099,0.93107,2396.0
2025-11-24 06:00:00,2025-11-24 04:00:00,2025-11-24 12:00:00,0.93109,0.93126,0.93102,0.93123,1480.0
2025-11-24 07:00:00,2025-11-24 05:00:00,2025-11-24 13:00:00,0.93122,0.93143,0.93113,0.93125,2158.0
2025-11-24 08:00:00,2025-11-24 06:00:00,2025-11-24 14:00:00,0.93124,0.93182,0.93123,0.93161,1719.0
2025-11-24 09:00:00,2025-11-24 07:00:00,2025-11-24 15:00:00,0.93163,0.93243,0.93134,0.93243,3566.0
2025-11-24 10:00:00,2025-11-24 08:00:00,2025-11-24 16:00:00,0.93244,0.93248,0.93124,0.93137,4631.0
2025-11-24 11:00:00,2025-11-24 09:00:00,2025-11-24 17:00:00,0.93137,0.93161,0.93037,0.93069,3858.0
2025-11-24 12:00:00,2025-11-24 10:00:00,2025-11-24 18:00:00,0.9307,0.93106,0.93014,0.93045,3811.0
2025-11-24 13:00:00,2025-11-24 11:00:00,2025-11-24 19:00:00,0.93044,0.93176,0.93028,0.93175,2868.0
2025-11-24 14:00:00,2025-11-24 12:00:00,2025-11-24 20:00:00,0.93174,0.93234,0.93115,0.93233,3703.0
2025-11-24 15:00:00,2025-11-24 13:00:00,2025-11-24 21:00:00,0.93234,0.93248,0.93168,0.93173,3993.0
2025-11-24 16:00:00,2025-11-24 14:00:00,2025-11-24 22:00:00,0.93172,0.93186,0.93074,0.9311,5234.0
2025-11-24 17:00:00,2025-11-24 15:00:00,2025-11-24 23:00:00,0.93111,0.93191,0.93098,0.93116,5403.0
2025-11-24 18:00:00,2025-11-24 16:00:00,2025-11-25 00:00:00,0.93115,0.93162,0.93082,0.93113,3808.0
2025-11-24 19:00:00,2025-11-24 17:00:00,2025-11-25 01:00:00,0.93112,0.93172,0.93109,0.93126,2797.0
2025-11-24 20:00:00,2025-11-24 18:00:00,2025-11-25 02:00:00,0.93126,0.93133,0.93079,0.93109,2477.0
2025-11-24 21:00:00,2025-11-24 19:00:00,2025-11-25 03:00:00,0.93108,0.93138,0.93097,0.93105,2414.0
2025-11-24 22:00:00,2025-11-24 20:00:00,2025-11-25 04:00:00,0.93104,0.93135,0.93102,0.93132,2200.0
2025-11-24 23:00:00,2025-11-24 21:00:00,2025-11-25 05:00:00,0.93129,0.93136,0.93105,0.93132,1565.0
2025-11-25 00:00:00,2025-11-24 22:00:00,2025-11-25 06:00:00,0.93073,0.93142,0.93071,0.93137,1630.0
2025-11-25 01:00:00,2025-11-24 23:00:00,2025-11-25 07:00:00,0.93142,0.9316,0.9313,0.93144,2196.0
2025-11-25 02:00:00,2025-11-25 00:00:00,2025-11-25 08:00:00,0.93144,0.93166,0.93122,0.93122,3313.0
2025-11-25 03:00:00,2025-11-25 01:00:00,2025-11-25 09:00:00,0.9312,0.93175,0.93116,0.93156,2822.0
2025-11-25 04:00:00,2025-11-25 02:00:00,2025-11-25 10:00:00,0.93158,0.93214,0.93156,0.93212,1663.0
2025-11-25 05:00:00,2025-11-25 03:00:00,2025-11-25 11:00:00,0.93211,0.93216,0.93152,0.93157,2325.0
2025-11-25 06:00:00,2025-11-25 04:00:00,2025-11-25 12:00:00,0.93156,0.93186,0.93153,0.93186,1918.0
2025-11-25 07:00:00,2025-11-25 05:00:00,2025-11-25 13:00:00,0.93185,0.93186,0.93144,0.93154,2555.0
2025-11-25 08:00:00,2025-11-25 06:00:00,2025-11-25 14:00:00,0.93155,0.93219,0.93152,0.93191,1968.0
2025-11-25 09:00:00,2025-11-25 07:00:00,2025-11-25 15:00:00,0.93197,0.93259,0.93193,0.93217,4372.0
2025-11-25 10:00:00,2025-11-25 08:00:00,2025-11-25 16:00:00,0.93215,0.93296,0.93197,0.93287,4053.0
2025-11-25 11:00:00,2025-11-25 09:00:00,2025-11-25 17:00:00,0.93289,0.93372,0.93255,0.93365,3651.0
2025-11-25 12:00:00,2025-11-25 10:00:00,2025-11-25 18:00:00,0.93362,0.93459,0.93356,0.93433,3885.0
2025-11-25 13:00:00,2025-11-25 11:00:00,2025-11-25 19:00:00,0.93432,0.93441,0.93358,0.93385,3377.0
2025-11-25 14:00:00,2025-11-25 12:00:00,2025-11-25 20:00:00,0.93383,0.93504,0.93343,0.93414,4251.0
2025-11-25 15:00:00,2025-11-25 13:00:00,2025-11-25 21:00:00,0.93416,0.93472,0.93401,0.93436,5957.0
2025-11-25 16:00:00,2025-11-25 14:00:00,2025-11-25 22:00:00,0.93435,0.93479,0.93379,0.93396,5862.0
2025-11-25 17:00:00,2025-11-25 15:00:00,2025-11-25 23:00:00,0.93394,0.93403,0.93333,0.93401,6574.0
2025-11-25 18:00:00,2025-11-25 16:00:00,2025-11-26 00:00:00,0.934,0.93496,0.93394,0.93472,3844.0
2025-11-25 19:00:00,2025-11-25 17:00:00,2025-11-26 01:00:00,0.93472,0.93492,0.93415,0.93416,5913.0
2025-11-25 20:00:00,2025-11-25 18:00:00,2025-11-26 02:00:00,0.93419,0.93434,0.93385,0.93406,3942.0
2025-11-25 21:00:00,2025-11-25 19:00:00,2025-11-26 03:00:00,0.93406,0.93419,0.93393,0.93415,2617.0
2025-11-25 22:00:00,2025-11-25 20:00:00,2025-11-26 04:00:00,0.93413,0.93416,0.93387,0.93392,2875.0
2025-11-25 23:00:00,2025-11-25 21:00:00,2025-11-26 05:00:00,0.93389,0.93458,0.93382,0.93441,2008.0
2025-11-26 00:00:00,2025-11-25 22:00:00,2025-11-26 06:00:00,0.93334,0.93413,0.9332,0.93391,1384.0
2025-11-26 01:00:00,2025-11-25 23:00:00,2025-11-26 07:00:00,0.93397,0.93449,0.93397,0.93435,1911.0
2025-11-26 02:00:00,2025-11-26 00:00:00,2025-11-26 08:00:00,0.93434,0.93453,0.93413,0.93418,2839.0
2025-11-26 03:00:00,2025-11-26 01:00:00,2025-11-26 09:00:00,0.93417,0.93462,0.93404,0.93429,3984.0
2025-11-26 04:00:00,2025-11-26 02:00:00,2025-11-26 10:00:00,0.93428,0.93432,0.93386,0.93398,3177.0
2025-11-26 05:00:00,2025-11-26 03:00:00,2025-11-26 11:00:00,0.93399,0.934,0.93344,0.93377,2513.0
2025-11-26 06:00:00,2025-11-26 04:00:00,2025-11-26 12:00:00,0.93376,0.93389,0.93365,0.93368,1528.0
2025-11-26 07:00:00,2025-11-26 05:00:00,2025-11-26 13:00:00,0.93367,0.93376,0.93223,0.93253,2901.0
2025-11-26 08:00:00,2025-11-26 06:00:00,2025-11-26 14:00:00,0.93255,0.9332,0.93241,0.93277,3393.0
2025-11-26 09:00:00,2025-11-26 07:00:00,2025-11-26 15:00:00,0.93274,0.93347,0.93263,0.93313,4109.0
2025-11-26 10:00:00,2025-11-26 08:00:00,2025-11-26 16:00:00,0.9331,0.93333,0.93263,0.93298,4383.0
2025-11-26 11:00:00,2025-11-26 09:00:00,2025-11-26 17:00:00,0.93299,0.93346,0.9328,0.93333,4078.0
2025-11-26 12:00:00,2025-11-26 10:00:00,2025-11-26 18:00:00,0.93332,0.93353,0.93291,0.93346,3374.0
2025-11-26 13:00:00,2025-11-26 11:00:00,2025-11-26 19:00:00,0.93345,0.93381,0.933,0.93378,3505.0
2025-11-26 14:00:00,2025-11-26 12:00:00,2025-11-26 20:00:00,0.93376,0.93411,0.93348,0.93387,5085.0
2025-11-26 15:00:00,2025-11-26 13:00:00,2025-11-26 21:00:00,0.93385,0.93432,0.93335,0.93355,6489.0
2025-11-26 16:00:00,2025-11-26 14:00:00,2025-11-26 22:00:00,0.93354,0.93462,0.93318,0.93457,4945.0
2025-11-26 17:00:00,2025-11-26 15:00:00,2025-11-26 23:00:00,0.9346,0.93468,0.93359,0.93365,5831.0
2025-11-26 18:00:00,2025-11-26 16:00:00,2025-11-27 00:00:00,0.93366,0.93393,0.9328,0.9328,4512.0
2025-11-26 19:00:00,2025-11-26 17:00:00,2025-11-27 01:00:00,0.93279,0.9329,0.93212,0.93227,3623.0
2025-11-26 20:00:00,2025-11-26 18:00:00,2025-11-27 02:00:00,0.93227,0.93255,0.93217,0.9323,3137.0
2025-11-26 21:00:00,2025-11-26 19:00:00,2025-11-27 03:00:00,0.93228,0.93261,0.93223,0.93243,2858.0
2025-11-26 22:00:00,2025-11-26 20:00:00,2025-11-27 04:00:00,0.93244,0.93262,0.93223,0.9326,2399.0
2025-11-26 23:00:00,2025-11-26 21:00:00,2025-11-27 05:00:00,0.93258,0.93274,0.9325,0.93257,2208.0
2025-11-27 00:00:00,2025-11-26 22:00:00,2025-11-27 06:00:00,0.93206,0.93245,0.93158,0.93233,729.0
2025-11-27 01:00:00,2025-11-26 23:00:00,2025-11-27 07:00:00,0.93229,0.93242,0.93212,0.93213,2122.0
2025-11-27 02:00:00,2025-11-27 00:00:00,2025-11-27 08:00:00,0.93214,0.93219,0.9318,0.93191,2241.0
2025-11-27 03:00:00,2025-11-27 01:00:00,2025-11-27 09:00:00,0.93191,0.93241,0.9319,0.93212,3026.0
2025-11-27 04:00:00,2025-11-27 02:00:00,2025-11-27 10:00:00,0.93214,0.93247,0.93186,0.93198,2169.0
2025-11-27 05:00:00,2025-11-27 03:00:00,2025-11-27 11:00:00,0.93197,0.9324,0.93196,0.93236,1821.0
2025-11-27 06:00:00,2025-11-27 04:00:00,2025-11-27 12:00:00,0.93236,0.93253,0.93222,0.93247,1529.0
2025-11-27 07:00:00,2025-11-27 05:00:00,2025-11-27 13:00:00,0.93248,0.93251,0.93223,0.93228,1889.0
2025-11-27 08:00:00,2025-11-27 06:00:00,2025-11-27 14:00:00,0.93229,0.93253,0.93217,0.93238,2341.0
2025-11-27 09:00:00,2025-11-27 07:00:00,2025-11-27 15:00:00,0.93237,0.93291,0.93213,0.93279,2564.0
2025-11-27 10:00:00,2025-11-27 08:00:00,2025-11-27 16:00:00,0.93274,0.93335,0.93273,0.93315,3351.0
2025-11-27 11:00:00,2025-11-27 09:00:00,2025-11-27 17:00:00,0.93313,0.93335,0.93248,0.93265,3609.0
2025-11-27 12:00:00,2025-11-27 10:00:00,2025-11-27 18:00:00,0.93271,0.93344,0.93271,0.93337,2469.0
2025-11-27 13:00:00,2025-11-27 11:00:00,2025-11-27 19:00:00,0.93339,0.93377,0.93335,0.93371,3016.0
2025-11-27 14:00:00,2025-11-27 12:00:00,2025-11-27 20:00:00,0.93372,0.93372,0.9334,0.93345,2693.0
2025-11-27 15:00:00,2025-11-27 13:00:00,2025-11-27 21:00:00,0.93345,0.93377,0.93335,0.93339,3023.0
2025-11-27 16:00:00,2025-11-27 14:00:00,2025-11-27 22:00:00,0.93338,0.93443,0.93329,0.93423,2443.0
2025-11-27 17:00:00,2025-11-27 15:00:00,2025-11-27 23:00:00,0.93424,0.9345,0.93355,0.93357,2898.0
2025-11-27 18:00:00,2025-11-27 16:00:00,2025-11-28 00:00:00,0.93356,0.93399,0.93339,0.93347,1688.0
2025-11-27 19:00:00,2025-11-27 17:00:00,2025-11-28 01:00:00,0.93348,0.93351,0.93325,0.93325,1372.0
2025-11-27 20:00:00,2025-11-27 18:00:00,2025-11-28 02:00:00,0.93326,0.9334,0.93316,0.93331,789.0
2025-11-27 21:00:00,2025-11-27 19:00:00,2025-11-28 03:00:00,0.93331,0.93343,0.9333,0.93337,1229.0
2025-11-27 22:00:00,2025-11-27 20:00:00,2025-11-28 04:00:00,0.93338,0.93346,0.9333,0.9334,1592.0
2025-11-27 23:00:00,2025-11-27 21:00:00,2025-11-28 05:00:00,0.93342,0.93347,0.93322,0.93323,1481.0
2025-11-28 00:00:00,2025-11-27 22:00:00,2025-11-28 06:00:00,0.93239,0.93338,0.93239,0.93328,1349.0
2025-11-28 01:00:00,2025-11-27 23:00:00,2025-11-28 07:00:00,0.93328,0.93343,0.93301,0.93327,1439.0
2025-11-28 02:00:00,2025-11-28 00:00:00,2025-11-28 08:00:00,0.93328,0.93357,0.93308,0.93321,3445.0
2025-11-28 03:00:00,2025-11-28 01:00:00,2025-11-28 09:00:00,0.9332,0.93346,0.93284,0.93299,3165.0
2025-11-28 04:00:00,2025-11-28 02:00:00,2025-11-28 10:00:00,0.93301,0.9331,0.93258,0.93271,5070.0
2025-11-28 05:00:00,2025-11-28 03:00:00,2025-11-28 11:00:00,0.9327,0.93319,0.93231,0.93277,9253.0
2025-11-28 06:00:00,2025-11-28 04:00:00,2025-11-28 12:00:00,0.93278,0.93319,0.93256,0.93287,8371.0
2025-11-28 07:00:00,2025-11-28 05:00:00,2025-11-28 13:00:00,0.93288,0.93302,0.93237,0.93237,10363.0
2025-11-28 08:00:00,2025-11-28 06:00:00,2025-11-28 14:00:00,0.93242,0.93291,0.93198,0.93238,10109.0
2025-11-28 09:00:00,2025-11-28 07:00:00,2025-11-28 15:00:00,0.93233,0.93371,0.93233,0.933,11372.0
2025-11-28 10:00:00,2025-11-28 08:00:00,2025-11-28 16:00:00,0.93302,0.93314,0.93189,0.93189,10699.0
2025-11-28 11:00:00,2025-11-28 09:00:00,2025-11-28 17:00:00,0.93193,0.93355,0.93175,0.93281,11667.0
2025-11-28 12:00:00,2025-11-28 10:00:00,2025-11-28 18:00:00,0.93294,0.93294,0.93199,0.93267,10523.0
2025-11-28 13:00:00,2025-11-28 11:00:00,2025-11-28 19:00:00,0.93274,0.93299,0.93213,0.93224,9378.0
2025-11-28 14:00:00,2025-11-28 12:00:00,2025-11-28 20:00:00,0.93221,0.9324,0.93166,0.93174,7537.0
2025-11-28 15:00:00,2025-11-28 13:00:00,2025-11-28 21:00:00,0.93175,0.93205,0.93122,0.93171,7704.0
2025-11-28 16:00:00,2025-11-28 14:00:00,2025-11-28 22:00:00,0.93174,0.93293,0.93135,0.93231,5928.0
2025-11-28 17:00:00,2025-11-28 15:00:00,2025-11-28 23:00:00,0.93228,0.93311,0.93172,0.93182,6523.0
2025-11-28 18:00:00,2025-11-28 16:00:00,2025-11-29 00:00:00,0.93183,0.93226,0.9316,0.93216,4934.0
2025-11-28 19:00:00,2025-11-28 17:00:00,2025-11-29 01:00:00,0.93215,0.93222,0.93165,0.93184,3465.0
2025-11-28 20:00:00,2025-11-28 18:00:00,2025-11-29 02:00:00,0.93187,0.93224,0.93183,0.93187,3089.0
2025-11-28 21:00:00,2025-11-28 19:00:00,2025-11-29 03:00:00,0.93185,0.93223,0.93179,0.9322,4016.0
2025-11-28 22:00:00,2025-11-28 20:00:00,2025-11-29 04:00:00,0.93219,0.93228,0.93173,0.9318,6056.0
2025-11-28 23:00:00,2025-11-28 21:00:00,2025-11-29 05:00:00,0.93181,0.93211,0.93181,0.93196,7421.0
2025-12-01 00:00:00,2025-11-30 22:00:00,2025-12-01 06:00:00,0.93136,0.93216,0.93132,0.9319,2080.0
2025-12-01 01:00:00,2025-11-30 23:00:00,2025-12-01 07:00:00,0.93198,0.93239,0.93175,0.93202,2918.0
2025-12-01 02:00:00,2025-12-01 00:00:00,2025-12-01 08:00:00,0.93203,0.93229,0.9319,0.9321,3019.0
2025-12-01 03:00:00,2025-12-01 01:00:00,2025-12-01 09:00:00,0.9321,0.93257,0.93188,0.9324,4413.0
2025-12-01 04:00:00,2025-12-01 02:00:00,2025-12-01 10:00:00,0.93238,0.93243,0.93211,0.9323,2878.0
2025-12-01 05:00:00,2025-12-01 03:00:00,2025-12-01 11:00:00,0.93231,0.93267,0.93218,0.93255,2197.0
2025-12-01 06:00:00,2025-12-01 04:00:00,2025-12-01 12:00:00,0.93256,0.93278,0.93228,0.93265,2093.0
2025-12-01 07:00:00,2025-12-01 05:00:00,2025-12-01 13:00:00,0.93269,0.93303,0.9325,0.93294,3013.0
2025-12-01 08:00:00,2025-12-01 06:00:00,2025-12-01 14:00:00,0.93292,0.93299,0.93251,0.93282,2949.0
2025-12-01 09:00:00,2025-12-01 07:00:00,2025-12-01 15:00:00,0.93277,0.93335,0.93246,0.93257,4192.0
2025-12-01 10:00:00,2025-12-01 08:00:00,2025-12-01 16:00:00,0.93259,0.93288,0.93201,0.93245,5462.0
2025-12-01 11:00:00,2025-12-01 09:00:00,2025-12-01 17:00:00,0.93244,0.93309,0.93231,0.93308,4645.0
2025-12-01 12:00:00,2025-12-01 10:00:00,2025-12-01 18:00:00,0.93307,0.93376,0.93299,0.93347,4177.0
2025-12-01 13:00:00,2025-12-01 11:00:00,2025-12-01 19:00:00,0.93348,0.93382,0.93298,0.93299,3901.0
2025-12-01 14:00:00,2025-12-01 12:00:00,2025-12-01 20:00:00,0.93295,0.93328,0.93178,0.93204,4577.0
2025-12-01 15:00:00,2025-12-01 13:00:00,2025-12-01 21:00:00,0.93203,0.93262,0.93171,0.93245,5344.0
2025-12-01 16:00:00,2025-12-01 14:00:00,2025-12-01 22:00:00,0.93244,0.93357,0.93233,0.93319,6048.0
2025-12-01 17:00:00,2025-12-01 15:00:00,2025-12-01 23:00:00,0.93314,0.93369,0.93282,0.93299,6245.0
2025-12-01 18:00:00,2025-12-01 16:00:00,2025-12-02 00:00:00,0.93301,0.93398,0.93289,0.93387,4436.0
2025-12-01 19:00:00,2025-12-01 17:00:00,2025-12-02 01:00:00,0.93385,0.93403,0.93368,0.93397,3164.0
2025-12-01 20:00:00,2025-12-01 18:00:00,2025-12-02 02:00:00,0.93394,0.9341,0.93363,0.93383,3276.0
2025-12-01 21:00:00,2025-12-01 19:00:00,2025-12-02 03:00:00,0.93382,0.93403,0.93368,0.93374,3406.0
2025-12-01 22:00:00,2025-12-01 20:00:00,2025-12-02 04:00:00,0.93375,0.93437,0.93367,0.93436,2343.0
2025-12-01 23:00:00,2025-12-01 21:00:00,2025-12-02 05:00:00,0.93434,0.93445,0.93409,0.93418,1616.0
2025-12-02 00:00:00,2025-12-01 22:00:00,2025-12-02 06:00:00,0.93256,0.93389,0.93256,0.93367,554.0
2025-12-02 01:00:00,2025-12-01 23:00:00,2025-12-02 07:00:00,0.93397,0.93421,0.93391,0.93409,1231.0
2025-12-02 02:00:00,2025-12-02 00:00:00,2025-12-02 08:00:00,0.9341,0.93421,0.93398,0.93404,1959.0
2025-12-02 03:00:00,2025-12-02 01:00:00,2025-12-02 09:00:00,0.93405,0.93424,0.93382,0.93388,2674.0
2025-12-02 04:00:00,2025-12-02 02:00:00,2025-12-02 10:00:00,0.93387,0.93415,0.93385,0.93403,1594.0
2025-12-02 05:00:00,2025-12-02 03:00:00,2025-12-02 11:00:00,0.93404,0.93404,0.9337,0.93379,1871.0
2025-12-02 06:00:00,2025-12-02 04:00:00,2025-12-02 12:00:00,0.93379,0.934,0.93379,0.93397,1474.0
2025-12-02 07:00:00,2025-12-02 05:00:00,2025-12-02 13:00:00,0.93395,0.93415,0.93394,0.93407,1673.0
2025-12-02 08:00:00,2025-12-02 06:00:00,2025-12-02 14:00:00,0.93406,0.93413,0.93371,0.93391,2558.0
2025-12-02 09:00:00,2025-12-02 07:00:00,2025-12-02 15:00:00,0.93388,0.93418,0.93362,0.93409,3057.0
2025-12-02 10:00:00,2025-12-02 08:00:00,2025-12-02 16:00:00,0.9341,0.93427,0.93385,0.93406,3178.0
2025-12-02 11:00:00,2025-12-02 09:00:00,2025-12-02 17:00:00,0.93406,0.93444,0.9336,0.93364,3373.0
2025-12-02 12:00:00,2025-12-02 10:00:00,2025-12-02 18:00:00,0.93363,0.93427,0.93353,0.93419,3743.0
2025-12-02 13:00:00,2025-12-02 11:00:00,2025-12-02 19:00:00,0.9342,0.93429,0.93387,0.93414,3107.0
2025-12-02 14:00:00,2025-12-02 12:00:00,2025-12-02 20:00:00,0.93413,0.93456,0.93408,0.9344,3354.0
2025-12-02 15:00:00,2025-12-02 13:00:00,2025-12-02 21:00:00,0.93441,0.93473,0.93435,0.93455,3574.0
2025-12-02 16:00:00,2025-12-02 14:00:00,2025-12-02 22:00:00,0.93456,0.93489,0.93416,0.93435,4859.0
2025-12-02 17:00:00,2025-12-02 15:00:00,2025-12-02 23:00:00,0.93436,0.93452,0.93269,0.93367,5727.0
2025-12-02 18:00:00,2025-12-02 16:00:00,2025-12-03 00:00:00,0.93368,0.93376,0.93276,0.93303,4610.0
2025-12-02 19:00:00,2025-12-02 17:00:00,2025-12-03 01:00:00,0.93304,0.93338,0.93294,0.93324,3583.0
2025-12-02 20:00:00,2025-12-02 18:00:00,2025-12-03 02:00:00,0.93324,0.9337,0.93321,0.93342,2674.0
2025-12-02 21:00:00,2025-12-02 19:00:00,2025-12-03 03:00:00,0.93341,0.93356,0.93334,0.93339,2932.0
2025-12-02 22:00:00,2025-12-02 20:00:00,2025-12-03 04:00:00,0.93341,0.93351,0.93311,0.93343,2513.0
2025-12-02 23:00:00,2025-12-02 21:00:00,2025-12-03 05:00:00,0.93343,0.93364,0.93324,0.93326,1977.0
2025-12-03 00:00:00,2025-12-02 22:00:00,2025-12-03 06:00:00,0.9329,0.93338,0.93283,0.93296,1743.0
2025-12-03 01:00:00,2025-12-02 23:00:00,2025-12-03 07:00:00,0.93299,0.93367,0.93296,0.93352,1195.0
2025-12-03 02:00:00,2025-12-03 00:00:00,2025-12-03 08:00:00,0.93354,0.93358,0.93298,0.93299,2507.0
2025-12-03 03:00:00,2025-12-03 01:00:00,2025-12-03 09:00:00,0.93301,0.93342,0.93301,0.9333,2808.0
2025-12-03 04:00:00,2025-12-03 02:00:00,2025-12-03 10:00:00,0.93329,0.93347,0.93324,0.93334,1964.0
2025-12-03 05:00:00,2025-12-03 03:00:00,2025-12-03 11:00:00,0.93333,0.9335,0.93328,0.9333,1909.0
2025-12-03 06:00:00,2025-12-03 04:00:00,2025-12-03 12:00:00,0.93331,0.93352,0.93329,0.93351,1402.0
2025-12-03 07:00:00,2025-12-03 05:00:00,2025-12-03 13:00:00,0.93352,0.93371,0.93349,0.93368,2030.0
2025-12-03 08:00:00,2025-12-03 06:00:00,2025-12-03 14:00:00,0.93367,0.93378,0.93333,0.93335,2689.0
2025-12-03 09:00:00,2025-12-03 07:00:00,2025-12-03 15:00:00,0.93327,0.93434,0.93307,0.93386,3895.0
2025-12-03 10:00:00,2025-12-03 08:00:00,2025-12-03 16:00:00,0.93381,0.93407,0.93292,0.93301,4209.0
2025-12-03 11:00:00,2025-12-03 09:00:00,2025-12-03 17:00:00,0.93298,0.93386,0.93293,0.93374,4026.0
2025-12-03 12:00:00,2025-12-03 10:00:00,2025-12-03 18:00:00,0.93373,0.93408,0.93337,0.9338,3902.0
2025-12-03 13:00:00,2025-12-03 11:00:00,2025-12-03 19:00:00,0.93381,0.93381,0.93312,0.93338,3076.0
2025-12-03 14:00:00,2025-12-03 12:00:00,2025-12-03 20:00:00,0.93338,0.93369,0.93336,0.93348,3169.0
2025-12-03 15:00:00,2025-12-03 13:00:00,2025-12-03 21:00:00,0.93345,0.93386,0.93332,0.93348,4853.0
2025-12-03 16:00:00,2025-12-03 14:00:00,2025-12-03 22:00:00,0.93349,0.93352,0.93282,0.93342,5418.0
2025-12-03 17:00:00,2025-12-03 15:00:00,2025-12-03 23:00:00,0.93344,0.93403,0.93315,0.93343,6091.0
2025-12-03 18:00:00,2025-12-03 16:00:00,2025-12-04 00:00:00,0.93347,0.93376,0.93323,0.93326,4438.0
2025-12-03 19:00:00,2025-12-03 17:00:00,2025-12-04 01:00:00,0.93327,0.93339,0.9328,0.9329,3128.0
2025-12-03 20:00:00,2025-12-03 18:00:00,2025-12-04 02:00:00,0.9329,0.93324,0.93285,0.93308,2976.0
2025-12-03 21:00:00,2025-12-03 19:00:00,2025-12-04 03:00:00,0.93308,0.93328,0.93306,0.93309,1966.0
2025-12-03 22:00:00,2025-12-03 20:00:00,2025-12-04 04:00:00,0.9331,0.93313,0.93289,0.93298,1853.0
2025-12-03 23:00:00,2025-12-03 21:00:00,2025-12-04 05:00:00,0.933,0.93332,0.93286,0.93316,1832.0
2025-12-04 00:00:00,2025-12-03 22:00:00,2025-12-04 06:00:00,0.93225,0.93304,0.93225,0.93284,1403.0
2025-12-04 01:00:00,2025-12-03 23:00:00,2025-12-04 07:00:00,0.9328,0.93322,0.93274,0.93305,2131.0
2025-12-04 02:00:00,2025-12-04 00:00:00,2025-12-04 08:00:00,0.93304,0.9333,0.93301,0.93318,2621.0
2025-12-04 03:00:00,2025-12-04 01:00:00,2025-12-04 09:00:00,0.93317,0.93324,0.93296,0.93313,2710.0
2025-12-04 04:00:00,2025-12-04 02:00:00,2025-12-04 10:00:00,0.93311,0.93333,0.93296,0.93331,2053.0
2025-12-04 05:00:00,2025-12-04 03:00:00,2025-12-04 11:00:00,0.93332,0.93343,0.93307,0.93342,1836.0
2025-12-04 06:00:00,2025-12-04 04:00:00,2025-12-04 12:00:00,0.93341,0.93355,0.93331,0.93351,1688.0
2025-12-04 07:00:00,2025-12-04 05:00:00,2025-12-04 13:00:00,0.93352,0.93382,0.93349,0.93374,2953.0
2025-12-04 08:00:00,2025-12-04 06:00:00,2025-12-04 14:00:00,0.93373,0.93397,0.93351,0.93367,2747.0
2025-12-04 09:00:00,2025-12-04 07:00:00,2025-12-04 15:00:00,0.93363,0.93405,0.93339,0.93401,3180.0
2025-12-04 10:00:00,2025-12-04 08:00:00,2025-12-04 16:00:00,0.93398,0.93466,0.9338,0.93439,4902.0
2025-12-04 11:00:00,2025-12-04 09:00:00,2025-12-04 17:00:00,0.9344,0.93446,0.93381,0.93382,3813.0
2025-12-04 12:00:00,2025-12-04 10:00:00,2025-12-04 18:00:00,0.93381,0.93427,0.93373,0.93403,3501.0
2025-12-04 13:00:00,2025-12-04 11:00:00,2025-12-04 19:00:00,0.93402,0.93404,0.93353,0.93397,3591.0
2025-12-04 14:00:00,2025-12-04 12:00:00,2025-12-04 20:00:00,0.93394,0.93414,0.93386,0.93399,3452.0
2025-12-04 15:00:00,2025-12-04 13:00:00,2025-12-04 21:00:00,0.934,0.93423,0.93378,0.93397,4628.0
2025-12-04 16:00:00,2025-12-04 14:00:00,2025-12-04 22:00:00,0.93396,0.93432,0.93344,0.93424,5304.0
2025-12-04 17:00:00,2025-12-04 15:00:00,2025-12-04 23:00:00,0.93425,0.93491,0.93404,0.93488,5424.0
2025-12-04 18:00:00,2025-12-04 16:00:00,2025-12-05 00:00:00,0.93489,0.93527,0.93472,0.93522,4145.0
2025-12-04 19:00:00,2025-12-04 17:00:00,2025-12-05 01:00:00,0.93521,0.93561,0.93511,0.93539,2806.0
2025-12-04 20:00:00,2025-12-04 18:00:00,2025-12-05 02:00:00,0.9354,0.93586,0.9354,0.93568,2968.0
2025-12-04 21:00:00,2025-12-04 19:00:00,2025-12-05 03:00:00,0.93571,0.93591,0.93557,0.9359,2478.0
2025-12-04 22:00:00,2025-12-04 20:00:00,2025-12-05 04:00:00,0.93589,0.936,0.93576,0.93595,2396.0
2025-12-04 23:00:00,2025-12-04 21:00:00,2025-12-05 05:00:00,0.93596,0.93597,0.93568,0.93579,1868.0
2025-12-05 00:00:00,2025-12-04 22:00:00,2025-12-05 06:00:00,0.93465,0.93563,0.93464,0.93508,1293.0
2025-12-05 01:00:00,2025-12-04 23:00:00,2025-12-05 07:00:00,0.93546,0.93583,0.93544,0.93582,1105.0
2025-12-05 02:00:00,2025-12-05 00:00:00,2025-12-05 08:00:00,0.93581,0.93599,0.93578,0.93581,2486.0
2025-12-05 03:00:00,2025-12-05 01:00:00,2025-12-05 09:00:00,0.93581,0.936,0.93579,0.93596,2204.0
2025-12-05 04:00:00,2025-12-05 02:00:00,2025-12-05 10:00:00,0.93597,0.936,0.93583,0.93589,1561.0
2025-12-05 05:00:00,2025-12-05 03:00:00,2025-12-05 11:00:00,0.9359,0.93599,0.93588,0.93594,2153.0
2025-12-05 06:00:00,2025-12-05 04:00:00,2025-12-05 12:00:00,0.93593,0.936,0.9359,0.93596,1906.0
2025-12-05 07:00:00,2025-12-05 05:00:00,2025-12-05 13:00:00,0.93591,0.93637,0.93557,0.93612,3083.0
2025-12-05 08:00:00,2025-12-05 06:00:00,2025-12-05 14:00:00,0.93611,0.93612,0.93569,0.93591,2298.0
2025-12-05 09:00:00,2025-12-05 07:00:00,2025-12-05 15:00:00,0.93596,0.93635,0.9358,0.93611,3713.0
2025-12-05 10:00:00,2025-12-05 08:00:00,2025-12-05 16:00:00,0.93611,0.9365,0.93593,0.93613,4103.0
2025-12-05 11:00:00,2025-12-05 09:00:00,2025-12-05 17:00:00,0.93612,0.93626,0.93534,0.93542,3059.0
2025-12-05 12:00:00,2025-12-05 10:00:00,2025-12-05 18:00:00,0.93543,0.93618,0.93532,0.93542,2800.0
2025-12-05 13:00:00,2025-12-05 11:00:00,2025-12-05 19:00:00,0.93539,0.93577,0.93528,0.93559,2905.0
2025-12-05 14:00:00,2025-12-05 12:00:00,2025-12-05 20:00:00,0.93558,0.93662,0.93558,0.9366,3659.0
2025-12-05 15:00:00,2025-12-05 13:00:00,2025-12-05 21:00:00,0.93662,0.93662,0.93553,0.93618,4294.0
2025-12-05 16:00:00,2025-12-05 14:00:00,2025-12-05 22:00:00,0.93619,0.93651,0.93572,0.93617,5341.0
2025-12-05 17:00:00,2025-12-05 15:00:00,2025-12-05 23:00:00,0.93614,0.93705,0.9361,0.93668,5519.0
2025-12-05 18:00:00,2025-12-05 16:00:00,2025-12-06 00:00:00,0.93669,0.93689,0.93634,0.93661,5378.0
2025-12-05 19:00:00,2025-12-05 17:00:00,2025-12-06 01:00:00,0.9366,0.93709,0.93658,0.93708,4239.0
2025-12-05 20:00:00,2025-12-05 18:00:00,2025-12-06 02:00:00,0.93708,0.93716,0.93685,0.93698,3353.0
2025-12-05 21:00:00,2025-12-05 19:00:00,2025-12-06 03:00:00,0.93697,0.93703,0.93648,0.9365,2982.0
2025-12-05 22:00:00,2025-12-05 20:00:00,2025-12-06 04:00:00,0.93649,0.93658,0.93629,0.9364,2498.0
2025-12-05 23:00:00,2025-12-05 21:00:00,2025-12-06 05:00:00,0.93641,0.93689,0.93634,0.93674,2199.0
2025-12-08 00:00:00,2025-12-07 22:00:00,2025-12-08 06:00:00,0.93517,0.93628,0.93517,0.93599,6013.0
2025-12-08 01:00:00,2025-12-07 23:00:00,2025-12-08 07:00:00,0.93582,0.93712,0.93566,0.93684,3792.0
2025-12-08 02:00:00,2025-12-08 00:00:00,2025-12-08 08:00:00,0.93685,0.93691,0.93644,0.93646,3322.0
2025-12-08 03:00:00,2025-12-08 01:00:00,2025-12-08 09:00:00,0.93645,0.93653,0.93619,0.93628,4025.0
2025-12-08 04:00:00,2025-12-08 02:00:00,2025-12-08 10:00:00,0.93627,0.93642,0.93619,0.93639,3147.0
2025-12-08 05:00:00,2025-12-08 03:00:00,2025-12-08 11:00:00,0.9364,0.93641,0.93614,0.93623,2621.0
2025-12-08 06:00:00,2025-12-08 04:00:00,2025-12-08 12:00:00,0.93625,0.93644,0.93621,0.9363,2015.0
2025-12-08 07:00:00,2025-12-08 05:00:00,2025-12-08 13:00:00,0.93629,0.93645,0.93624,0.93641,1939.0
2025-12-08 08:00:00,2025-12-08 06:00:00,2025-12-08 14:00:00,0.93642,0.93704,0.93639,0.93669,3053.0
2025-12-08 09:00:00,2025-12-08 07:00:00,2025-12-08 15:00:00,0.9367,0.93722,0.93635,0.93662,3263.0
2025-12-08 10:00:00,2025-12-08 08:00:00,2025-12-08 16:00:00,0.93663,0.93735,0.93653,0.9372,4074.0
2025-12-08 11:00:00,2025-12-08 09:00:00,2025-12-08 17:00:00,0.93719,0.93741,0.93656,0.93688,3799.0
2025-12-08 12:00:00,2025-12-08 10:00:00,2025-12-08 18:00:00,0.93689,0.93752,0.93677,0.93697,3103.0
2025-12-08 13:00:00,2025-12-08 11:00:00,2025-12-08 19:00:00,0.93696,0.93884,0.93676,0.9386,2962.0
2025-12-08 14:00:00,2025-12-08 12:00:00,2025-12-08 20:00:00,0.93859,0.9388,0.93834,0.93852,3108.0
2025-12-08 15:00:00,2025-12-08 13:00:00,2025-12-08 21:00:00,0.93851,0.93898,0.93845,0.93866,3818.0
2025-12-08 16:00:00,2025-12-08 14:00:00,2025-12-08 22:00:00,0.93868,0.93876,0.93825,0.93866,5270.0
2025-12-08 17:00:00,2025-12-08 15:00:00,2025-12-08 23:00:00,0.93867,0.93956,0.93845,0.93911,5655.0
2025-12-08 18:00:00,2025-12-08 16:00:00,2025-12-09 00:00:00,0.93912,0.93913,0.93876,0.93907,4367.0
2025-12-08 19:00:00,2025-12-08 17:00:00,2025-12-09 01:00:00,0.93908,0.93908,0.93867,0.93891,3512.0
2025-12-08 20:00:00,2025-12-08 18:00:00,2025-12-09 02:00:00,0.9389,0.93895,0.93859,0.93878,2724.0
2025-12-08 21:00:00,2025-12-08 19:00:00,2025-12-09 03:00:00,0.93877,0.93898,0.93866,0.93895,2597.0
2025-12-08 22:00:00,2025-12-08 20:00:00,2025-12-09 04:00:00,0.93893,0.93917,0.93891,0.93912,1729.0
2025-12-08 23:00:00,2025-12-08 21:00:00,2025-12-09 05:00:00,0.93912,0.9392,0.93865,0.93882,1625.0
2025-12-09 00:00:00,2025-12-08 22:00:00,2025-12-09 06:00:00,0.93802,0.93883,0.93765,0.93855,1851.0
2025-12-09 01:00:00,2025-12-08 23:00:00,2025-12-09 07:00:00,0.93859,0.93913,0.93849,0.93904,1762.0
2025-12-09 02:00:00,2025-12-09 00:00:00,2025-12-09 08:00:00,0.93903,0.93916,0.9388,0.93891,1816.0
2025-12-09 03:00:00,2025-12-09 01:00:00,2025-12-09 09:00:00,0.9389,0.93906,0.93877,0.93901,1906.0
2025-12-09 04:00:00,2025-12-09 02:00:00,2025-12-09 10:00:00,0.93902,0.93906,0.9388,0.93886,1931.0
2025-12-09 05:00:00,2025-12-09 03:00:00,2025-12-09 11:00:00,0.93885,0.93887,0.93875,0.93877,1915.0
2025-12-09 06:00:00,2025-12-09 04:00:00,2025-12-09 12:00:00,0.93878,0.93927,0.93875,0.9392,1711.0
2025-12-09 07:00:00,2025-12-09 05:00:00,2025-12-09 13:00:00,0.93921,0.93922,0.93802,0.93828,2413.0
2025-12-09 08:00:00,2025-12-09 06:00:00,2025-12-09 14:00:00,0.93827,0.93873,0.93826,0.9385,2951.0
2025-12-09 09:00:00,2025-12-09 07:00:00,2025-12-09 15:00:00,0.93849,0.93875,0.93829,0.93852,2741.0
2025-12-09 10:00:00,2025-12-09 08:00:00,2025-12-09 16:00:00,0.93854,0.93867,0.93782,0.93809,3502.0
2025-12-09 11:00:00,2025-12-09 09:00:00,2025-12-09 17:00:00,0.9381,0.93896,0.9376,0.9387,3942.0
2025-12-09 12:00:00,2025-12-09 10:00:00,2025-12-09 18:00:00,0.93869,0.9392,0.93863,0.93898,2890.0
2025-12-09 13:00:00,2025-12-09 11:00:00,2025-12-09 19:00:00,0.939,0.93925,0.93876,0.9389,3032.0
2025-12-09 14:00:00,2025-12-09 12:00:00,2025-12-09 20:00:00,0.93892,0.93915,0.93829,0.93856,3995.0
2025-12-09 15:00:00,2025-12-09 13:00:00,2025-12-09 21:00:00,0.93857,0.93871,0.9376,0.93785,4292.0
2025-12-09 16:00:00,2025-12-09 14:00:00,2025-12-09 22:00:00,0.93784,0.93855,0.93776,0.93821,4567.0
2025-12-09 17:00:00,2025-12-09 15:00:00,2025-12-09 23:00:00,0.93813,0.93896,0.93807,0.93843,6239.0
2025-12-09 18:00:00,2025-12-09 16:00:00,2025-12-10 00:00:00,0.93844,0.93848,0.93797,0.93811,4034.0
2025-12-09 19:00:00,2025-12-09 17:00:00,2025-12-10 01:00:00,0.9381,0.93818,0.93717,0.93732,3042.0
2025-12-09 20:00:00,2025-12-09 18:00:00,2025-12-10 02:00:00,0.93734,0.93744,0.93701,0.93734,2626.0
2025-12-09 21:00:00,2025-12-09 19:00:00,2025-12-10 03:00:00,0.93735,0.93748,0.93709,0.93714,2058.0
2025-12-09 22:00:00,2025-12-09 20:00:00,2025-12-10 04:00:00,0.93718,0.93725,0.93706,0.93713,1646.0
2025-12-09 23:00:00,2025-12-09 21:00:00,2025-12-10 05:00:00,0.93714,0.93732,0.93706,0.93727,1361.0
2025-12-10 00:00:00,2025-12-09 22:00:00,2025-12-10 06:00:00,0.93716,0.93776,0.93688,0.93734,2402.0
2025-12-10 01:00:00,2025-12-09 23:00:00,2025-12-10 07:00:00,0.9372,0.93749,0.93718,0.93727,2460.0
2025-12-10 02:00:00,2025-12-10 00:00:00,2025-12-10 08:00:00,0.93728,0.93735,0.93707,0.9373,1887.0
2025-12-10 03:00:00,2025-12-10 01:00:00,2025-12-10 09:00:00,0.93729,0.9374,0.93721,0.93729,2282.0
2025-12-10 04:00:00,2025-12-10 02:00:00,2025-12-10 10:00:00,0.93729,0.93734,0.93718,0.93727,1678.0
2025-12-10 05:00:00,2025-12-10 03:00:00,2025-12-10 11:00:00,0.93728,0.93732,0.93713,0.93721,1603.0
2025-12-10 06:00:00,2025-12-10 04:00:00,2025-12-10 12:00:00,0.93722,0.93735,0.93719,0.93733,1164.0
2025-12-10 07:00:00,2025-12-10 05:00:00,2025-12-10 13:00:00,0.93734,0.93743,0.93719,0.93742,1464.0
2025-12-10 08:00:00,2025-12-10 06:00:00,2025-12-10 14:00:00,0.93741,0.93757,0.93735,0.93738,1410.0
2025-12-10 09:00:00,2025-12-10 07:00:00,2025-12-10 15:00:00,0.93736,0.9379,0.93725,0.93778,2935.0
2025-12-10 10:00:00,2025-12-10 08:00:00,2025-12-10 16:00:00,0.93776,0.93778,0.93703,0.93705,3417.0
2025-12-10 11:00:00,2025-12-10 09:00:00,2025-12-10 17:00:00,0.93704,0.93723,0.93657,0.93695,3551.0
2025-12-10 12:00:00,2025-12-10 10:00:00,2025-12-10 18:00:00,0.93696,0.9372,0.93661,0.937,3274.0
2025-12-10 13:00:00,2025-12-10 11:00:00,2025-12-10 19:00:00,0.937,0.93703,0.93657,0.93698,2804.0
2025-12-10 14:00:00,2025-12-10 12:00:00,2025-12-10 20:00:00,0.93699,0.93706,0.93568,0.93589,3640.0
2025-12-10 15:00:00,2025-12-10 13:00:00,2025-12-10 21:00:00,0.93583,0.93599,0.93489,0.93499,4064.0
2025-12-10 16:00:00,2025-12-10 14:00:00,2025-12-10 22:00:00,0.935,0.93509,0.93457,0.93502,4924.0
2025-12-10 17:00:00,2025-12-10 15:00:00,2025-12-10 23:00:00,0.93502,0.93513,0.93439,0.9344,4587.0
2025-12-10 18:00:00,2025-12-10 16:00:00,2025-12-11 00:00:00,0.9344,0.93529,0.93439,0.93517,3734.0
2025-12-10 19:00:00,2025-12-10 17:00:00,2025-12-11 01:00:00,0.93516,0.93531,0.9349,0.93527,2870.0
2025-12-10 20:00:00,2025-12-10 18:00:00,2025-12-11 02:00:00,0.93526,0.93572,0.93515,0.93526,2651.0
2025-12-10 21:00:00,2025-12-10 19:00:00,2025-12-11 03:00:00,0.9351,0.93571,0.93459,0.9355,8765.0
2025-12-10 22:00:00,2025-12-10 20:00:00,2025-12-11 04:00:00,0.93551,0.93559,0.93501,0.93556,5771.0
2025-12-10 23:00:00,2025-12-10 21:00:00,2025-12-11 05:00:00,0.93557,0.93589,0.93514,0.93559,2530.0
2025-12-11 00:00:00,2025-12-10 22:00:00,2025-12-11 06:00:00,0.93493,0.93546,0.93409,0.93544,1889.0
2025-12-11 01:00:00,2025-12-10 23:00:00,2025-12-11 07:00:00,0.93546,0.93571,0.93521,0.93532,1977.0
2025-12-11 02:00:00,2025-12-11 00:00:00,2025-12-11 08:00:00,0.93532,0.93563,0.935,0.93558,3176.0
2025-12-11 03:00:00,2025-12-11 01:00:00,2025-12-11 09:00:00,0.93561,0.93561,0.93491,0.93495,3016.0
2025-12-11 04:00:00,2025-12-11 02:00:00,2025-12-11 10:00:00,0.93495,0.93509,0.93474,0.93475,2605.0
2025-12-11 05:00:00,2025-12-11 03:00:00,2025-12-11 11:00:00,0.93474,0.9348,0.934,0.93406,2637.0
2025-12-11 06:00:00,2025-12-11 04:00:00,2025-12-11 12:00:00,0.93406,0.93458,0.93397,0.93458,1987.0
2025-12-11 07:00:00,2025-12-11 05:00:00,2025-12-11 13:00:00,0.93455,0.93472,0.93452,0.93456,2064.0
2025-12-11 08:00:00,2025-12-11 06:00:00,2025-12-11 14:00:00,0.93455,0.93472,0.93444,0.93467,2347.0
2025-12-11 09:00:00,2025-12-11 07:00:00,2025-12-11 15:00:00,0.93463,0.93568,0.93445,0.93518,3507.0
2025-12-11 10:00:00,2025-12-11 08:00:00,2025-12-11 16:00:00,0.93519,0.93555,0.93437,0.93444,4320.0
2025-12-11 11:00:00,2025-12-11 09:00:00,2025-12-11 17:00:00,0.93444,0.9349,0.93344,0.93389,4242.0
2025-12-11 12:00:00,2025-12-11 10:00:00,2025-12-11 18:00:00,0.93387,0.93409,0.93307,0.93326,4235.0
2025-12-11 13:00:00,2025-12-11 11:00:00,2025-12-11 19:00:00,0.93325,0.93331,0.93271,0.93284,3614.0
2025-12-11 14:00:00,2025-12-11 12:00:00,2025-12-11 20:00:00,0.93283,0.93329,0.93256,0.93305,3681.0
2025-12-11 15:00:00,2025-12-11 13:00:00,2025-12-11 21:00:00,0.93304,0.93341,0.93287,0.93321,5795.0
2025-12-11 16:00:00,2025-12-11 14:00:00,2025-12-11 22:00:00,0.9332,0.93339,0.93213,0.93213,5421.0
2025-12-11 17:00:00,2025-12-11 15:00:00,2025-12-11 23:00:00,0.93213,0.93372,0.93205,0.93274,5380.0
2025-12-11 18:00:00,2025-12-11 16:00:00,2025-12-12 00:00:00,0.93273,0.93327,0.93218,0.93244,4542.0
2025-12-11 19:00:00,2025-12-11 17:00:00,2025-12-12 01:00:00,0.93247,0.93281,0.93202,0.93274,3857.0
2025-12-11 20:00:00,2025-12-11 18:00:00,2025-12-12 02:00:00,0.93275,0.93297,0.93264,0.93293,3048.0
2025-12-11 21:00:00,2025-12-11 19:00:00,2025-12-12 03:00:00,0.93292,0.93352,0.93292,0.93344,3186.0
2025-12-11 22:00:00,2025-12-11 20:00:00,2025-12-12 04:00:00,0.93341,0.93358,0.93266,0.93312,3176.0
2025-12-11 23:00:00,2025-12-11 21:00:00,2025-12-12 05:00:00,0.93309,0.93359,0.93302,0.93352,3082.0
2025-12-12 00:00:00,2025-12-11 22:00:00,2025-12-12 06:00:00,0.93322,0.93341,0.93179,0.93213,4376.0
2025-12-12 01:00:00,2025-12-11 23:00:00,2025-12-12 07:00:00,0.93257,0.93335,0.93257,0.93296,2351.0
2025-12-12 02:00:00,2025-12-12 00:00:00,2025-12-12 08:00:00,0.93298,0.93319,0.93275,0.93279,3203.0
2025-12-12 03:00:00,2025-12-12 01:00:00,2025-12-12 09:00:00,0.9328,0.93303,0.93234,0.93261,2814.0
2025-12-12 04:00:00,2025-12-12 02:00:00,2025-12-12 10:00:00,0.93259,0.93284,0.93228,0.93269,2338.0
2025-12-12 05:00:00,2025-12-12 03:00:00,2025-12-12 11:00:00,0.93267,0.93277,0.93257,0.93271,1140.0
2025-12-12 06:00:00,2025-12-12 04:00:00,2025-12-12 12:00:00,0.9327,0.93281,0.93267,0.93272,1717.0
2025-12-12 07:00:00,2025-12-12 05:00:00,2025-12-12 13:00:00,0.93273,0.93293,0.93267,0.93283,1947.0
2025-12-12 08:00:00,2025-12-12 06:00:00,2025-12-12 14:00:00,0.93282,0.93311,0.9328,0.93293,2332.0
2025-12-12 09:00:00,2025-12-12 07:00:00,2025-12-12 15:00:00,0.9329,0.93316,0.93268,0.93309,2904.0
2025-12-12 10:00:00,2025-12-12 08:00:00,2025-12-12 16:00:00,0.93312,0.93326,0.93254,0.93264,4220.0
2025-12-12 11:00:00,2025-12-12 09:00:00,2025-12-12 17:00:00,0.93268,0.93283,0.9323,0.93258,3450.0
2025-12-12 12:00:00,2025-12-12 10:00:00,2025-12-12 18:00:00,0.93257,0.93293,0.93241,0.93276,2992.0
2025-12-12 13:00:00,2025-12-12 11:00:00,2025-12-12 19:00:00,0.93276,0.93291,0.93248,0.93261,2422.0
2025-12-12 14:00:00,2025-12-12 12:00:00,2025-12-12 20:00:00,0.93259,0.93339,0.93255,0.93297,3270.0
2025-12-12 15:00:00,2025-12-12 13:00:00,2025-12-12 21:00:00,0.93295,0.93364,0.93295,0.93342,4098.0
2025-12-12 16:00:00,2025-12-12 14:00:00,2025-12-12 22:00:00,0.93342,0.9336,0.93289,0.93321,5065.0
2025-12-12 17:00:00,2025-12-12 15:00:00,2025-12-12 23:00:00,0.93322,0.93428,0.93292,0.93399,5721.0
2025-12-12 18:00:00,2025-12-12 16:00:00,2025-12-13 00:00:00,0.93396,0.93421,0.93364,0.93384,5139.0
2025-12-12 19:00:00,2025-12-12 17:00:00,2025-12-13 01:00:00,0.93381,0.93457,0.93381,0.93439,3730.0
2025-12-12 20:00:00,2025-12-12 18:00:00,2025-12-13 02:00:00,0.93439,0.93445,0.93416,0.93421,3072.0
2025-12-12 21:00:00,2025-12-12 19:00:00,2025-12-13 03:00:00,0.9342,0.93463,0.93418,0.93441,2726.0
2025-12-12 22:00:00,2025-12-12 20:00:00,2025-12-13 04:00:00,0.93439,0.93472,0.93439,0.93466,3174.0
2025-12-12 23:00:00,2025-12-12 21:00:00,2025-12-13 05:00:00,0.93465,0.93472,0.9344,0.93455,1661.0
2025-12-15 00:00:00,2025-12-14 22:00:00,2025-12-15 06:00:00,0.93265,0.93409,0.93265,0.9331,2131.0
2025-12-15 01:00:00,2025-12-14 23:00:00,2025-12-15 07:00:00,0.9333,0.93449,0.9333,0.93446,1614.0
2025-12-15 02:00:00,2025-12-15 00:00:00,2025-12-15 08:00:00,0.93447,0.93464,0.93426,0.93427,2716.0
2025-12-15 03:00:00,2025-12-15 01:00:00,2025-12-15 09:00:00,0.93426,0.93463,0.93421,0.93454,2792.0
2025-12-15 04:00:00,2025-12-15 02:00:00,2025-12-15 10:00:00,0.93451,0.93455,0.93413,0.93415,2904.0
2025-12-15 05:00:00,2025-12-15 03:00:00,2025-12-15 11:00:00,0.93416,0.93439,0.93408,0.93424,2458.0
2025-12-15 06:00:00,2025-12-15 04:00:00,2025-12-15 12:00:00,0.93423,0.93424,0.93398,0.93411,2632.0
2025-12-15 07:00:00,2025-12-15 05:00:00,2025-12-15 13:00:00,0.9341,0.93418,0.93396,0.93399,1997.0
2025-12-15 08:00:00,2025-12-15 06:00:00,2025-12-15 14:00:00,0.93398,0.9344,0.93397,0.93439,3099.0
2025-12-15 09:00:00,2025-12-15 07:00:00,2025-12-15 15:00:00,0.93443,0.93447,0.93405,0.93427,3023.0
2025-12-15 10:00:00,2025-12-15 08:00:00,2025-12-15 16:00:00,0.93426,0.93533,0.93425,0.93524,3570.0
2025-12-15 11:00:00,2025-12-15 09:00:00,2025-12-15 17:00:00,0.93525,0.93557,0.93474,0.93484,2944.0
2025-12-15 12:00:00,2025-12-15 10:00:00,2025-12-15 18:00:00,0.93489,0.935,0.93447,0.93489,2541.0
2025-12-15 13:00:00,2025-12-15 11:00:00,2025-12-15 19:00:00,0.9349,0.93522,0.93475,0.93508,2228.0
2025-12-15 14:00:00,2025-12-15 12:00:00,2025-12-15 20:00:00,0.93508,0.93529,0.93494,0.93528,2792.0
2025-12-15 15:00:00,2025-12-15 13:00:00,2025-12-15 21:00:00,0.93526,0.93575,0.9349,0.93529,3596.0
2025-12-15 16:00:00,2025-12-15 14:00:00,2025-12-15 22:00:00,0.9353,0.93539,0.93416,0.93419,4732.0
2025-12-15 17:00:00,2025-12-15 15:00:00,2025-12-15 23:00:00,0.9342,0.93527,0.93397,0.93523,5430.0
2025-12-15 18:00:00,2025-12-15 16:00:00,2025-12-16 00:00:00,0.93525,0.93623,0.93497,0.93612,4153.0
2025-12-15 19:00:00,2025-12-15 17:00:00,2025-12-16 01:00:00,0.93613,0.93636,0.93593,0.936,2849.0
2025-12-15 20:00:00,2025-12-15 18:00:00,2025-12-16 02:00:00,0.93598,0.936,0.93561,0.93573,2365.0
2025-12-15 21:00:00,2025-12-15 19:00:00,2025-12-16 03:00:00,0.93572,0.93596,0.93568,0.93592,2188.0
2025-12-15 22:00:00,2025-12-15 20:00:00,2025-12-16 04:00:00,0.93591,0.93603,0.93568,0.93596,2226.0
2025-12-15 23:00:00,2025-12-15 21:00:00,2025-12-16 05:00:00,0.93593,0.936,0.9357,0.93581,1659.0
2025-12-16 00:00:00,2025-12-15 22:00:00,2025-12-16 06:00:00,0.93423,0.93562,0.93423,0.93557,1139.0
2025-12-16 01:00:00,2025-12-15 23:00:00,2025-12-16 07:00:00,0.93564,0.936,0.93548,0.93582,1375.0
2025-12-16 02:00:00,2025-12-16 00:00:00,2025-12-16 08:00:00,0.93581,0.93583,0.93531,0.93539,3473.0
2025-12-16 03:00:00,2025-12-16 01:00:00,2025-12-16 09:00:00,0.93541,0.93557,0.93505,0.93512,3742.0
2025-12-16 04:00:00,2025-12-16 02:00:00,2025-12-16 10:00:00,0.93513,0.93536,0.93495,0.93501,2877.0
2025-12-16 05:00:00,2025-12-16 03:00:00,2025-12-16 11:00:00,0.93502,0.93525,0.93497,0.93518,2949.0
2025-12-16 06:00:00,2025-12-16 04:00:00,2025-12-16 12:00:00,0.93517,0.93561,0.93506,0.93554,1684.0
2025-12-16 07:00:00,2025-12-16 05:00:00,2025-12-16 13:00:00,0.93555,0.93575,0.93552,0.93571,2645.0
2025-12-16 08:00:00,2025-12-16 06:00:00,2025-12-16 14:00:00,0.93569,0.93627,0.93567,0.93611,2977.0
2025-12-16 09:00:00,2025-12-16 07:00:00,2025-12-16 15:00:00,0.93616,0.93638,0.93585,0.93615,2601.0
2025-12-16 10:00:00,2025-12-16 08:00:00,2025-12-16 16:00:00,0.93616,0.93673,0.93597,0.93615,3577.0
2025-12-16 11:00:00,2025-12-16 09:00:00,2025-12-16 17:00:00,0.93613,0.93622,0.93555,0.93555,3031.0
2025-12-16 12:00:00,2025-12-16 10:00:00,2025-12-16 18:00:00,0.93558,0.93596,0.93546,0.93594,2896.0
2025-12-16 13:00:00,2025-12-16 11:00:00,2025-12-16 19:00:00,0.93595,0.93602,0.93567,0.93578,2093.0
2025-12-16 14:00:00,2025-12-16 12:00:00,2025-12-16 20:00:00,0.93577,0.9358,0.93489,0.93515,2811.0
2025-12-16 15:00:00,2025-12-16 13:00:00,2025-12-16 21:00:00,0.93514,0.936,0.93475,0.93591,6779.0
2025-12-16 16:00:00,2025-12-16 14:00:00,2025-12-16 22:00:00,0.9359,0.93623,0.93555,0.93621,6031.0
2025-12-16 17:00:00,2025-12-16 15:00:00,2025-12-16 23:00:00,0.9362,0.93632,0.93579,0.93593,6092.0
2025-12-16 18:00:00,2025-12-16 16:00:00,2025-12-17 00:00:00,0.93595,0.93598,0.93528,0.93561,4661.0
2025-12-16 19:00:00,2025-12-16 17:00:00,2025-12-17 01:00:00,0.93559,0.93574,0.9343,0.93432,3414.0
2025-12-16 20:00:00,2025-12-16 18:00:00,2025-12-17 02:00:00,0.9343,0.93465,0.93422,0.93442,3128.0
2025-12-16 21:00:00,2025-12-16 19:00:00,2025-12-17 03:00:00,0.93441,0.93441,0.93409,0.93426,3289.0
2025-12-16 22:00:00,2025-12-16 20:00:00,2025-12-17 04:00:00,0.93427,0.93438,0.93409,0.9343,2830.0
2025-12-16 23:00:00,2025-12-16 21:00:00,2025-12-17 05:00:00,0.93431,0.9344,0.93394,0.93399,1899.0
2025-12-17 00:00:00,2025-12-16 22:00:00,2025-12-17 06:00:00,0.93322,0.93424,0.93292,0.9341,1792.0
2025-12-17 01:00:00,2025-12-16 23:00:00,2025-12-17 07:00:00,0.93423,0.93441,0.93408,0.93439,1403.0
2025-12-17 02:00:00,2025-12-17 00:00:00,2025-12-17 08:00:00,0.9344,0.93446,0.93412,0.93413,2194.0
2025-12-17 03:00:00,2025-12-17 01:00:00,2025-12-17 09:00:00,0.93412,0.93437,0.93401,0.9341,2966.0
2025-12-17 04:00:00,2025-12-17 02:00:00,2025-12-17 10:00:00,0.93411,0.93426,0.93399,0.93411,2451.0
2025-12-17 05:00:00,2025-12-17 03:00:00,2025-12-17 11:00:00,0.9341,0.93417,0.93399,0.93406,1645.0
2025-12-17 06:00:00,2025-12-17 04:00:00,2025-12-17 12:00:00,0.93407,0.93408,0.93375,0.93385,2117.0
2025-12-17 07:00:00,2025-12-17 05:00:00,2025-12-17 13:00:00,0.93385,0.934,0.93373,0.93395,1810.0
2025-12-17 08:00:00,2025-12-17 06:00:00,2025-12-17 14:00:00,0.93396,0.93439,0.9339,0.93398,3333.0
2025-12-17 09:00:00,2025-12-17 07:00:00,2025-12-17 15:00:00,0.93397,0.93519,0.93387,0.9349,4666.0
2025-12-17 10:00:00,2025-12-17 08:00:00,2025-12-17 16:00:00,0.93491,0.93545,0.93426,0.9351,4203.0
2025-12-17 11:00:00,2025-12-17 09:00:00,2025-12-17 17:00:00,0.93512,0.9356,0.93475,0.93479,4169.0
2025-12-17 12:00:00,2025-12-17 10:00:00,2025-12-17 18:00:00,0.93475,0.93504,0.93395,0.93404,3520.0
2025-12-17 13:00:00,2025-12-17 11:00:00,2025-12-17 19:00:00,0.93403,0.93432,0.93313,0.93344,3335.0
2025-12-17 14:00:00,2025-12-17 12:00:00,2025-12-17 20:00:00,0.93345,0.93362,0.93254,0.93304,3951.0
2025-12-17 15:00:00,2025-12-17 13:00:00,2025-12-17 21:00:00,0.93302,0.93364,0.9328,0.93352,4987.0
2025-12-17 16:00:00,2025-12-17 14:00:00,2025-12-17 22:00:00,0.93349,0.9342,0.93335,0.93395,5569.0
2025-12-17 17:00:00,2025-12-17 15:00:00,2025-12-17 23:00:00,0.93396,0.93397,0.93297,0.93375,5651.0
2025-12-17 18:00:00,2025-12-17 16:00:00,2025-12-18 00:00:00,0.93374,0.93415,0.93359,0.93369,4503.0
2025-12-17 19:00:00,2025-12-17 17:00:00,2025-12-18 01:00:00,0.93371,0.93416,0.93356,0.93357,3217.0
2025-12-17 20:00:00,2025-12-17 18:00:00,2025-12-18 02:00:00,0.93358,0.93375,0.93342,0.93364,2860.0
2025-12-17 21:00:00,2025-12-17 19:00:00,2025-12-18 03:00:00,0.93365,0.9341,0.93363,0.93399,2404.0
2025-12-17 22:00:00,2025-12-17 20:00:00,2025-12-18 04:00:00,0.934,0.93422,0.93391,0.93413,2234.0
2025-12-17 23:00:00,2025-12-17 21:00:00,2025-12-18 05:00:00,0.93414,0.9343,0.93403,0.93406,1839.0
2025-12-18 00:00:00,2025-12-17 22:00:00,2025-12-18 06:00:00,0.93266,0.9338,0.93266,0.93317,1477.0
2025-12-18 01:00:00,2025-12-17 23:00:00,2025-12-18 07:00:00,0.93351,0.93398,0.93314,0.93374,1853.0
2025-12-18 02:00:00,2025-12-18 00:00:00,2025-12-18 08:00:00,0.93373,0.93385,0.93346,0.9335,2593.0
2025-12-18 03:00:00,2025-12-18 01:00:00,2025-12-18 09:00:00,0.93351,0.93385,0.93348,0.93382,3133.0
2025-12-18 04:00:00,2025-12-18 02:00:00,2025-12-18 10:00:00,0.93381,0.93393,0.93363,0.9339,2388.0
2025-12-18 05:00:00,2025-12-18 03:00:00,2025-12-18 11:00:00,0.93391,0.93391,0.93362,0.93365,1595.0
2025-12-18 06:00:00,2025-12-18 04:00:00,2025-12-18 12:00:00,0.93366,0.9338,0.93355,0.93379,1255.0
2025-12-18 07:00:00,2025-12-18 05:00:00,2025-12-18 13:00:00,0.93378,0.93395,0.93373,0.93379,1583.0
2025-12-18 08:00:00,2025-12-18 06:00:00,2025-12-18 14:00:00,0.93378,0.93391,0.93352,0.93372,2188.0
2025-12-18 09:00:00,2025-12-18 07:00:00,2025-12-18 15:00:00,0.93371,0.93389,0.93338,0.93348,3519.0
2025-12-18 10:00:00,2025-12-18 08:00:00,2025-12-18 16:00:00,0.9335,0.93363,0.93303,0.93329,3450.0
2025-12-18 11:00:00,2025-12-18 09:00:00,2025-12-18 17:00:00,0.93327,0.93383,0.93298,0.93366,3303.0
2025-12-18 12:00:00,2025-12-18 10:00:00,2025-12-18 18:00:00,0.93366,0.93375,0.93226,0.93252,2828.0
2025-12-18 13:00:00,2025-12-18 11:00:00,2025-12-18 19:00:00,0.93251,0.93252,0.93188,0.93211,2353.0
2025-12-18 14:00:00,2025-12-18 12:00:00,2025-12-18 20:00:00,0.9321,0.93219,0.93157,0.93164,3436.0
2025-12-18 15:00:00,2025-12-18 13:00:00,2025-12-18 21:00:00,0.93163,0.9327,0.93146,0.93243,7222.0
2025-12-18 16:00:00,2025-12-18 14:00:00,2025-12-18 22:00:00,0.93244,0.93264,0.93201,0.93229,6223.0
2025-12-18 17:00:00,2025-12-18 15:00:00,2025-12-18 23:00:00,0.93228,0.93238,0.93096,0.93097,5828.0
2025-12-18 18:00:00,2025-12-18 16:00:00,2025-12-19 00:00:00,0.93096,0.93173,0.93096,0.93154,4527.0
2025-12-18 19:00:00,2025-12-18 17:00:00,2025-12-19 01:00:00,0.93155,0.93167,0.93118,0.93128,3802.0
2025-12-18 20:00:00,2025-12-18 18:00:00,2025-12-19 02:00:00,0.93125,0.93128,0.93101,0.93114,2813.0
2025-12-18 21:00:00,2025-12-18 19:00:00,2025-12-19 03:00:00,0.93116,0.93125,0.93096,0.93098,2471.0
2025-12-18 22:00:00,2025-12-18 20:00:00,2025-12-19 04:00:00,0.93099,0.93115,0.93073,0.93085,1960.0
2025-12-18 23:00:00,2025-12-18 21:00:00,2025-12-19 05:00:00,0.93085,0.93108,0.93079,0.93089,1488.0
2025-12-19 00:00:00,2025-12-18 22:00:00,2025-12-19 06:00:00,0.93025,0.93116,0.93009,0.93105,1722.0
2025-12-19 01:00:00,2025-12-18 23:00:00,2025-12-19 07:00:00,0.93113,0.93144,0.93102,0.93105,1633.0
2025-12-19 02:00:00,2025-12-19 00:00:00,2025-12-19 08:00:00,0.93105,0.93143,0.93105,0.93134,2185.0
2025-12-19 03:00:00,2025-12-19 01:00:00,2025-12-19 09:00:00,0.93135,0.93167,0.93125,0.93166,2146.0
2025-12-19 04:00:00,2025-12-19 02:00:00,2025-12-19 10:00:00,0.93165,0.93187,0.93163,0.93179,1862.0
2025-12-19 05:00:00,2025-12-19 03:00:00,2025-12-19 11:00:00,0.93179,0.932,0.93172,0.93187,2692.0
2025-12-19 06:00:00,2025-12-19 04:00:00,2025-12-19 12:00:00,0.93187,0.9321,0.93164,0.93177,1900.0
2025-12-19 07:00:00,2025-12-19 05:00:00,2025-12-19 13:00:00,0.93177,0.93196,0.93157,0.93165,1594.0
2025-12-19 08:00:00,2025-12-19 06:00:00,2025-12-19 14:00:00,0.93166,0.93182,0.93134,0.9316,3014.0
2025-12-19 09:00:00,2025-12-19 07:00:00,2025-12-19 15:00:00,0.93158,0.93196,0.93118,0.93138,4161.0
2025-12-19 10:00:00,2025-12-19 08:00:00,2025-12-19 16:00:00,0.93139,0.93201,0.93136,0.93151,3776.0
2025-12-19 11:00:00,2025-12-19 09:00:00,2025-12-19 17:00:00,0.93152,0.93192,0.93101,0.93128,3424.0
2025-12-19 12:00:00,2025-12-19 10:00:00,2025-12-19 18:00:00,0.93129,0.93169,0.93104,0.93129,3478.0
2025-12-19 13:00:00,2025-12-19 11:00:00,2025-12-19 19:00:00,0.93128,0.93191,0.93124,0.93188,2820.0
2025-12-19 14:00:00,2025-12-19 12:00:00,2025-12-19 20:00:00,0.9319,0.9321,0.93165,0.93185,2634.0
2025-12-19 15:00:00,2025-12-19 13:00:00,2025-12-19 21:00:00,0.93183,0.93206,0.93153,0.93172,3954.0
2025-12-19 16:00:00,2025-12-19 14:00:00,2025-12-19 22:00:00,0.93171,0.93255,0.93164,0.93227,4753.0
2025-12-19 17:00:00,2025-12-19 15:00:00,2025-12-19 23:00:00,0.93228,0.93281,0.93191,0.93191,4979.0
2025-12-19 18:00:00,2025-12-19 16:00:00,2025-12-20 00:00:00,0.93192,0.93223,0.93168,0.93186,3905.0
2025-12-19 19:00:00,2025-12-19 17:00:00,2025-12-20 01:00:00,0.93186,0.93212,0.93161,0.93173,2991.0
2025-12-19 20:00:00,2025-12-19 18:00:00,2025-12-20 02:00:00,0.93175,0.93212,0.9315,0.93199,2911.0
2025-12-19 21:00:00,2025-12-19 19:00:00,2025-12-20 03:00:00,0.932,0.932,0.93152,0.93165,2220.0
2025-12-19 22:00:00,2025-12-19 20:00:00,2025-12-20 04:00:00,0.93164,0.93182,0.93145,0.93147,2204.0
2025-12-19 23:00:00,2025-12-19 21:00:00,2025-12-20 05:00:00,0.93145,0.9317,0.93133,0.93151,1628.0
2025-12-22 00:00:00,2025-12-21 22:00:00,2025-12-22 06:00:00,0.93116,0.93149,0.93063,0.93134,2444.0
2025-12-22 01:00:00,2025-12-21 23:00:00,2025-12-22 07:00:00,0.9313,0.93194,0.93122,0.93151,5087.0
2025-12-22 02:00:00,2025-12-22 00:00:00,2025-12-22 08:00:00,0.93151,0.93155,0.93068,0.93103,4364.0
2025-12-22 03:00:00,2025-12-22 01:00:00,2025-12-22 09:00:00,0.93104,0.93132,0.93088,0.93127,2399.0
2025-12-22 04:00:00,2025-12-22 02:00:00,2025-12-22 10:00:00,0.93128,0.93158,0.93121,0.93153,1750.0
2025-12-22 05:00:00,2025-12-22 03:00:00,2025-12-22 11:00:00,0.93152,0.93154,0.93088,0.931,1842.0
2025-12-22 06:00:00,2025-12-22 04:00:00,2025-12-22 12:00:00,0.93101,0.93117,0.9309,0.9311,1783.0
2025-12-22 07:00:00,2025-12-22 05:00:00,2025-12-22 13:00:00,0.9311,0.93137,0.93107,0.93119,1764.0
2025-12-22 08:00:00,2025-12-22 06:00:00,2025-12-22 14:00:00,0.93118,0.93164,0.931,0.93133,1943.0
2025-12-22 09:00:00,2025-12-22 07:00:00,2025-12-22 15:00:00,0.93139,0.93195,0.93125,0.93183,2525.0
2025-12-22 10:00:00,2025-12-22 08:00:00,2025-12-22 16:00:00,0.93184,0.93225,0.9316,0.93187,2970.0
2025-12-22 11:00:00,2025-12-22 09:00:00,2025-12-22 17:00:00,0.93188,0.93208,0.93056,0.93061,3468.0
2025-12-22 12:00:00,2025-12-22 10:00:00,2025-12-22 18:00:00,0.93062,0.93138,0.93054,0.93084,2629.0
2025-12-22 13:00:00,2025-12-22 11:00:00,2025-12-22 19:00:00,0.93083,0.93104,0.93055,0.9309,2099.0
2025-12-22 14:00:00,2025-12-22 12:00:00,2025-12-22 20:00:00,0.93091,0.93175,0.93087,0.93144,3453.0
2025-12-22 15:00:00,2025-12-22 13:00:00,2025-12-22 21:00:00,0.93143,0.93191,0.93122,0.93179,3886.0
2025-12-22 16:00:00,2025-12-22 14:00:00,2025-12-22 22:00:00,0.93177,0.93229,0.93152,0.93177,4421.0
2025-12-22 17:00:00,2025-12-22 15:00:00,2025-12-22 23:00:00,0.93177,0.93241,0.93169,0.93204,4299.0
2025-12-22 18:00:00,2025-12-22 16:00:00,2025-12-23 00:00:00,0.93203,0.93222,0.93116,0.93118,3316.0
2025-12-22 19:00:00,2025-12-22 17:00:00,2025-12-23 01:00:00,0.93117,0.93145,0.93112,0.93121,2377.0
2025-12-22 20:00:00,2025-12-22 18:00:00,2025-12-23 02:00:00,0.93122,0.93126,0.93084,0.93089,2083.0
2025-12-22 21:00:00,2025-12-22 19:00:00,2025-12-23 03:00:00,0.93088,0.93107,0.93078,0.93079,2163.0
2025-12-22 22:00:00,2025-12-22 20:00:00,2025-12-23 04:00:00,0.9308,0.93124,0.93073,0.93108,2010.0
2025-12-22 23:00:00,2025-12-22 21:00:00,2025-12-23 05:00:00,0.93109,0.9314,0.93106,0.93126,1180.0
2025-12-23 00:00:00,2025-12-22 22:00:00,2025-12-23 06:00:00,0.93058,0.9314,0.93034,0.93111,1998.0
2025-12-23 01:00:00,2025-12-22 23:00:00,2025-12-23 07:00:00,0.93101,0.93136,0.93091,0.93112,2352.0
2025-12-23 02:00:00,2025-12-23 00:00:00,2025-12-23 08:00:00,0.93112,0.93116,0.93083,0.93086,1718.0
2025-12-23 03:00:00,2025-12-23 01:00:00,2025-12-23 09:00:00,0.93086,0.9309,0.93059,0.93077,2551.0
2025-12-23 04:00:00,2025-12-23 02:00:00,2025-12-23 10:00:00,0.93076,0.93078,0.9299,0.93014,2674.0
2025-12-23 05:00:00,2025-12-23 03:00:00,2025-12-23 11:00:00,0.93014,0.93018,0.92969,0.92975,2098.0
2025-12-23 06:00:00,2025-12-23 04:00:00,2025-12-23 12:00:00,0.92973,0.92992,0.92969,0.92977,2680.0
2025-12-23 07:00:00,2025-12-23 05:00:00,2025-12-23 13:00:00,0.92976,0.93014,0.9297,0.92997,2966.0
2025-12-23 08:00:00,2025-12-23 06:00:00,2025-12-23 14:00:00,0.92996,0.93077,0.92996,0.93074,2632.0
2025-12-23 09:00:00,2025-12-23 07:00:00,2025-12-23 15:00:00,0.93078,0.93118,0.93029,0.93096,3273.0
2025-12-23 10:00:00,2025-12-23 08:00:00,2025-12-23 16:00:00,0.93099,0.93101,0.92928,0.92947,3961.0
2025-12-23 11:00:00,2025-12-23 09:00:00,2025-12-23 17:00:00,0.92946,0.92996,0.92857,0.92965,4023.0
2025-12-23 12:00:00,2025-12-23 10:00:00,2025-12-23 18:00:00,0.9296,0.9298,0.92865,0.92909,4121.0
2025-12-23 13:00:00,2025-12-23 11:00:00,2025-12-23 19:00:00,0.92906,0.9293,0.92871,0.92909,2673.0
2025-12-23 14:00:00,2025-12-23 12:00:00,2025-12-23 20:00:00,0.92916,0.92925,0.92829,0.92842,3750.0
2025-12-23 15:00:00,2025-12-23 13:00:00,2025-12-23 21:00:00,0.92842,0.92946,0.92837,0.92928,5348.0
2025-12-23 16:00:00,2025-12-23 14:00:00,2025-12-23 22:00:00,0.92932,0.93081,0.92926,0.93041,5055.0
2025-12-23 17:00:00,2025-12-23 15:00:00,2025-12-23 23:00:00,0.9304,0.93061,0.92976,0.92995,5035.0
2025-12-23 18:00:00,2025-12-23 16:00:00,2025-12-24 00:00:00,0.92994,0.93003,0.92923,0.92999,3883.0
2025-12-23 19:00:00,2025-12-23 17:00:00,2025-12-24 01:00:00,0.92998,0.93,0.92895,0.92904,2416.0
2025-12-23 20:00:00,2025-12-23 18:00:00,2025-12-24 02:00:00,0.92903,0.92913,0.92881,0.92908,2191.0
2025-12-23 21:00:00,2025-12-23 19:00:00,2025-12-24 03:00:00,0.92909,0.92924,0.92856,0.92868,1889.0
2025-12-23 22:00:00,2025-12-23 20:00:00,2025-12-24 04:00:00,0.92868,0.92914,0.92861,0.92898,1585.0
2025-12-23 23:00:00,2025-12-23 21:00:00,2025-12-24 05:00:00,0.92897,0.929,0.92867,0.92872,1195.0
2025-12-24 00:00:00,2025-12-23 22:00:00,2025-12-24 06:00:00,0.92759,0.92893,0.92759,0.92869,983.0
2025-12-24 01:00:00,2025-12-23 23:00:00,2025-12-24 07:00:00,0.92879,0.929,0.92849,0.92886,1815.0
2025-12-24 02:00:00,2025-12-24 00:00:00,2025-12-24 08:00:00,0.92887,0.92887,0.92845,0.92849,2595.0
2025-12-24 03:00:00,2025-12-24 01:00:00,2025-12-24 09:00:00,0.9285,0.9285,0.92796,0.92829,2718.0
2025-12-24 04:00:00,2025-12-24 02:00:00,2025-12-24 10:00:00,0.92828,0.92872,0.92828,0.92862,2070.0
2025-12-24 05:00:00,2025-12-24 03:00:00,2025-12-24 11:00:00,0.9286,0.92881,0.92819,0.92819,2368.0
2025-12-24 06:00:00,2025-12-24 04:00:00,2025-12-24 12:00:00,0.92821,0.92851,0.92818,0.92825,1658.0
2025-12-24 07:00:00,2025-12-24 05:00:00,2025-12-24 13:00:00,0.92824,0.92868,0.92813,0.92861,1580.0
2025-12-24 08:00:00,2025-12-24 06:00:00,2025-12-24 14:00:00,0.92861,0.92868,0.92841,0.92858,2175.0
2025-12-24 09:00:00,2025-12-24 07:00:00,2025-12-24 15:00:00,0.92854,0.92862,0.92834,0.92841,2950.0
2025-12-24 10:00:00,2025-12-24 08:00:00,2025-12-24 16:00:00,0.92843,0.92868,0.92819,0.92837,3387.0
2025-12-24 11:00:00,2025-12-24 09:00:00,2025-12-24 17:00:00,0.92837,0.92837,0.92776,0.92778,2548.0
2025-12-24 12:00:00,2025-12-24 10:00:00,2025-12-24 18:00:00,0.92779,0.92838,0.92759,0.92815,2901.0
2025-12-24 13:00:00,2025-12-24 11:00:00,2025-12-24 19:00:00,0.92814,0.92822,0.92739,0.92749,2402.0
2025-12-24 14:00:00,2025-12-24 12:00:00,2025-12-24 20:00:00,0.92745,0.92842,0.92745,0.92825,2638.0
2025-12-24 15:00:00,2025-12-24 13:00:00,2025-12-24 21:00:00,0.92826,0.92865,0.92795,0.92862,3874.0
2025-12-24 16:00:00,2025-12-24 14:00:00,2025-12-24 22:00:00,0.92863,0.92889,0.92849,0.92873,3644.0
2025-12-24 17:00:00,2025-12-24 15:00:00,2025-12-24 23:00:00,0.92873,0.92916,0.9286,0.9291,3305.0
2025-12-24 18:00:00,2025-12-24 16:00:00,2025-12-25 00:00:00,0.92909,0.92977,0.92895,0.92897,3117.0
2025-12-24 19:00:00,2025-12-24 17:00:00,2025-12-25 01:00:00,0.92898,0.92901,0.92842,0.92848,2000.0
2025-12-24 20:00:00,2025-12-24 18:00:00,2025-12-25 02:00:00,0.92852,0.92857,0.92799,0.92823,2544.0
2025-12-24 21:00:00,2025-12-24 19:00:00,2025-12-25 03:00:00,0.92824,0.92841,0.92822,0.92839,1741.0
2025-12-26 00:00:00,2025-12-25 22:00:00,2025-12-26 06:00:00,0.92627,0.92806,0.92502,0.92707,1249.0
2025-12-26 01:00:00,2025-12-25 23:00:00,2025-12-26 07:00:00,0.92743,0.92875,0.92712,0.92872,5050.0
2025-12-26 02:00:00,2025-12-26 00:00:00,2025-12-26 08:00:00,0.92873,0.92937,0.92872,0.92878,3799.0
2025-12-26 03:00:00,2025-12-26 01:00:00,2025-12-26 09:00:00,0.92878,0.92923,0.92828,0.92881,3083.0
2025-12-26 04:00:00,2025-12-26 02:00:00,2025-12-26 10:00:00,0.9288,0.92926,0.92873,0.9292,1653.0
2025-12-26 05:00:00,2025-12-26 03:00:00,2025-12-26 11:00:00,0.92921,0.92936,0.92899,0.92903,2173.0
2025-12-26 06:00:00,2025-12-26 04:00:00,2025-12-26 12:00:00,0.92902,0.92904,0.9287,0.92883,1582.0
2025-12-26 07:00:00,2025-12-26 05:00:00,2025-12-26 13:00:00,0.92884,0.9289,0.92869,0.92883,1780.0
2025-12-26 08:00:00,2025-12-26 06:00:00,2025-12-26 14:00:00,0.92884,0.92893,0.92847,0.92862,2216.0
2025-12-26 09:00:00,2025-12-26 07:00:00,2025-12-26 15:00:00,0.92864,0.92966,0.92862,0.92935,3107.0
2025-12-26 10:00:00,2025-12-26 08:00:00,2025-12-26 16:00:00,0.92938,0.92997,0.9293,0.92933,2744.0
2025-12-26 11:00:00,2025-12-26 09:00:00,2025-12-26 17:00:00,0.92932,0.92983,0.92929,0.92973,2352.0
2025-12-26 12:00:00,2025-12-26 10:00:00,2025-12-26 18:00:00,0.92972,0.93029,0.92957,0.92964,2475.0
2025-12-26 13:00:00,2025-12-26 11:00:00,2025-12-26 19:00:00,0.92965,0.92994,0.92964,0.92982,2090.0
2025-12-26 14:00:00,2025-12-26 12:00:00,2025-12-26 20:00:00,0.92983,0.93003,0.92967,0.93002,1890.0
2025-12-26 15:00:00,2025-12-26 13:00:00,2025-12-26 21:00:00,0.93003,0.93003,0.92947,0.92953,3724.0
2025-12-26 16:00:00,2025-12-26 14:00:00,2025-12-26 22:00:00,0.92952,0.92959,0.92909,0.92925,4148.0
2025-12-26 17:00:00,2025-12-26 15:00:00,2025-12-26 23:00:00,0.92926,0.92935,0.92888,0.92901,3837.0
2025-12-26 18:00:00,2025-12-26 16:00:00,2025-12-27 00:00:00,0.92902,0.92954,0.92898,0.92947,4784.0
2025-12-26 19:00:00,2025-12-26 17:00:00,2025-12-27 01:00:00,0.92946,0.92962,0.9294,0.92952,3728.0
2025-12-26 20:00:00,2025-12-26 18:00:00,2025-12-27 02:00:00,0.92953,0.92978,0.92948,0.9297,2910.0
2025-12-26 21:00:00,2025-12-26 19:00:00,2025-12-27 03:00:00,0.92971,0.92974,0.92922,0.92924,1994.0
2025-12-26 22:00:00,2025-12-26 20:00:00,2025-12-27 04:00:00,0.92923,0.92938,0.92901,0.92908,1831.0
2025-12-26 23:00:00,2025-12-26 21:00:00,2025-12-27 05:00:00,0.9291,0.9294,0.92905,0.92915,1870.0
2025-12-29 00:00:00,2025-12-28 22:00:00,2025-12-29 06:00:00,0.92702,0.92912,0.92702,0.92801,2247.0
2025-12-29 01:00:00,2025-12-28 23:00:00,2025-12-29 07:00:00,0.92807,0.92945,0.92799,0.92912,3795.0
2025-12-29 02:00:00,2025-12-29 00:00:00,2025-12-29 08:00:00,0.92911,0.92923,0.92862,0.9287,3644.0
2025-12-29 03:00:00,2025-12-29 01:00:00,2025-12-29 09:00:00,0.9287,0.92932,0.92865,0.92928,2808.0
2025-12-29 04:00:00,2025-12-29 02:00:00,2025-12-29 10:00:00,0.92927,0.92987,0.92922,0.92967,3235.0
2025-12-29 05:00:00,2025-12-29 03:00:00,2025-12-29 11:00:00,0.92966,0.92975,0.92937,0.92942,2109.0
2025-12-29 06:00:00,2025-12-29 04:00:00,2025-12-29 12:00:00,0.92942,0.92967,0.92894,0.929,2135.0
2025-12-29 07:00:00,2025-12-29 05:00:00,2025-12-29 13:00:00,0.92901,0.92901,0.92859,0.92865,2148.0
2025-12-29 08:00:00,2025-12-29 06:00:00,2025-12-29 14:00:00,0.92866,0.92935,0.92858,0.92934,2331.0
2025-12-29 09:00:00,2025-12-29 07:00:00,2025-12-29 15:00:00,0.92938,0.92967,0.92829,0.92885,3461.0
2025-12-29 10:00:00,2025-12-29 08:00:00,2025-12-29 16:00:00,0.92885,0.92982,0.92864,0.92947,3963.0
2025-12-29 11:00:00,2025-12-29 09:00:00,2025-12-29 17:00:00,0.92948,0.92963,0.92811,0.92854,4070.0
2025-12-29 12:00:00,2025-12-29 10:00:00,2025-12-29 18:00:00,0.92855,0.92968,0.92848,0.92957,3758.0
2025-12-29 13:00:00,2025-12-29 11:00:00,2025-12-29 19:00:00,0.9296,0.93081,0.92948,0.92986,4118.0
2025-12-29 14:00:00,2025-12-29 12:00:00,2025-12-29 20:00:00,0.92985,0.93006,0.92932,0.92961,3750.0
2025-12-29 15:00:00,2025-12-29 13:00:00,2025-12-29 21:00:00,0.92956,0.92982,0.92889,0.92981,4348.0
2025-12-29 16:00:00,2025-12-29 14:00:00,2025-12-29 22:00:00,0.92988,0.93021,0.92906,0.92909,5048.0
2025-12-29 17:00:00,2025-12-29 15:00:00,2025-12-29 23:00:00,0.9291,0.92967,0.92874,0.92878,5910.0
2025-12-29 18:00:00,2025-12-29 16:00:00,2025-12-30 00:00:00,0.9288,0.92912,0.92838,0.92862,4706.0
2025-12-29 19:00:00,2025-12-29 17:00:00,2025-12-30 01:00:00,0.92863,0.92937,0.92821,0.92914,3541.0
2025-12-29 20:00:00,2025-12-29 18:00:00,2025-12-30 02:00:00,0.92913,0.92956,0.92905,0.92948,2515.0
2025-12-29 21:00:00,2025-12-29 19:00:00,2025-12-30 03:00:00,0.92949,0.92951,0.92912,0.92915,2299.0
2025-12-29 22:00:00,2025-12-29 20:00:00,2025-12-30 04:00:00,0.92915,0.92942,0.92906,0.92942,2426.0
2025-12-29 23:00:00,2025-12-29 21:00:00,2025-12-30 05:00:00,0.92941,0.92945,0.92892,0.92895,2021.0
2025-12-30 00:00:00,2025-12-29 22:00:00,2025-12-30 06:00:00,0.92771,0.92916,0.92771,0.9289,1096.0
2025-12-30 01:00:00,2025-12-29 23:00:00,2025-12-30 07:00:00,0.92893,0.92913,0.92851,0.92876,2120.0
2025-12-30 02:00:00,2025-12-30 00:00:00,2025-12-30 08:00:00,0.92877,0.92895,0.92835,0.9289,3033.0
2025-12-30 03:00:00,2025-12-30 01:00:00,2025-12-30 09:00:00,0.92892,0.92898,0.92872,0.92897,2962.0
2025-12-30 04:00:00,2025-12-30 02:00:00,2025-12-30 10:00:00,0.92896,0.92924,0.92886,0.92912,2395.0
2025-12-30 05:00:00,2025-12-30 03:00:00,2025-12-30 11:00:00,0.9291,0.9291,0.92851,0.9286,1566.0
2025-12-30 06:00:00,2025-12-30 04:00:00,2025-12-30 12:00:00,0.92859,0.92868,0.9285,0.92855,1081.0
2025-12-30 07:00:00,2025-12-30 05:00:00,2025-12-30 13:00:00,0.92854,0.92884,0.92851,0.92877,1381.0
2025-12-30 08:00:00,2025-12-30 06:00:00,2025-12-30 14:00:00,0.92878,0.92879,0.92856,0.92874,1401.0
2025-12-30 09:00:00,2025-12-30 07:00:00,2025-12-30 15:00:00,0.92876,0.92895,0.92829,0.92864,2202.0
2025-12-30 10:00:00,2025-12-30 08:00:00,2025-12-30 16:00:00,0.92859,0.92941,0.92849,0.92919,2914.0
2025-12-30 11:00:00,2025-12-30 09:00:00,2025-12-30 17:00:00,0.9292,0.92931,0.92833,0.92839,2982.0
2025-12-30 12:00:00,2025-12-30 10:00:00,2025-12-30 18:00:00,0.92839,0.92851,0.92759,0.92814,2925.0
2025-12-30 13:00:00,2025-12-30 11:00:00,2025-12-30 19:00:00,0.92813,0.92867,0.92804,0.92845,2343.0
2025-12-30 14:00:00,2025-12-30 12:00:00,2025-12-30 20:00:00,0.92846,0.9291,0.92836,0.92904,2951.0
2025-12-30 15:00:00,2025-12-30 13:00:00,2025-12-30 21:00:00,0.92903,0.92974,0.92892,0.92925,4814.0
2025-12-30 16:00:00,2025-12-30 14:00:00,2025-12-30 22:00:00,0.92924,0.93007,0.92918,0.93005,4267.0
2025-12-30 17:00:00,2025-12-30 15:00:00,2025-12-30 23:00:00,0.93004,0.93013,0.92977,0.93008,4268.0
2025-12-30 18:00:00,2025-12-30 16:00:00,2025-12-31 00:00:00,0.93008,0.93047,0.92982,0.93044,3336.0
2025-12-30 19:00:00,2025-12-30 17:00:00,2025-12-31 01:00:00,0.93043,0.93049,0.9301,0.93027,2657.0
2025-12-30 20:00:00,2025-12-30 18:00:00,2025-12-31 02:00:00,0.93026,0.93028,0.92987,0.92988,1641.0
2025-12-30 21:00:00,2025-12-30 19:00:00,2025-12-31 03:00:00,0.9299,0.93019,0.92981,0.93016,1933.0
2025-12-30 22:00:00,2025-12-30 20:00:00,2025-12-31 04:00:00,0.93015,0.93072,0.93012,0.93058,1950.0
2025-12-30 23:00:00,2025-12-30 21:00:00,2025-12-31 05:00:00,0.93055,0.93059,0.93024,0.93025,1249.0
2025-12-31 00:00:00,2025-12-30 22:00:00,2025-12-31 06:00:00,0.92941,0.93028,0.92941,0.9302,1308.0
2025-12-31 01:00:00,2025-12-30 23:00:00,2025-12-31 07:00:00,0.93021,0.93036,0.93016,0.9302,1469.0
2025-12-31 02:00:00,2025-12-31 00:00:00,2025-12-31 08:00:00,0.93019,0.93024,0.93006,0.93016,1351.0
2025-12-31 03:00:00,2025-12-31 01:00:00,2025-12-31 09:00:00,0.93017,0.93019,0.92988,0.92992,1993.0
2025-12-31 04:00:00,2025-12-31 02:00:00,2025-12-31 10:00:00,0.92992,0.93042,0.92989,0.93037,2307.0
2025-12-31 05:00:00,2025-12-31 03:00:00,2025-12-31 11:00:00,0.93036,0.93044,0.93017,0.93022,1648.0
2025-12-31 06:00:00,2025-12-31 04:00:00,2025-12-31 12:00:00,0.93023,0.93033,0.9299,0.93005,1638.0
2025-12-31 07:00:00,2025-12-31 05:00:00,2025-12-31 13:00:00,0.93004,0.93061,0.93001,0.93057,1651.0
2025-12-31 08:00:00,2025-12-31 06:00:00,2025-12-31 14:00:00,0.93058,0.93069,0.93032,0.93059,1663.0
2025-12-31 09:00:00,2025-12-31 07:00:00,2025-12-31 15:00:00,0.93059,0.9309,0.93018,0.9308,2413.0
2025-12-31 10:00:00,2025-12-31 08:00:00,2025-12-31 16:00:00,0.93081,0.93121,0.93054,0.9308,3192.0
2025-12-31 11:00:00,2025-12-31 09:00:00,2025-12-31 17:00:00,0.93079,0.93123,0.93033,0.93116,3007.0
2025-12-31 12:00:00,2025-12-31 10:00:00,2025-12-31 18:00:00,0.93114,0.93146,0.93052,0.93141,3093.0
2025-12-31 13:00:00,2025-12-31 11:00:00,2025-12-31 19:00:00,0.93142,0.93168,0.93083,0.93083,2572.0
2025-12-31 14:00:00,2025-12-31 12:00:00,2025-12-31 20:00:00,0.93084,0.93161,0.9308,0.93132,3413.0
2025-12-31 15:00:00,2025-12-31 13:00:00,2025-12-31 21:00:00,0.93129,0.93166,0.93049,0.93055,4382.0
2025-12-31 16:00:00,2025-12-31 14:00:00,2025-12-31 22:00:00,0.93056,0.93057,0.92978,0.93031,4310.0
2025-12-31 17:00:00,2025-12-31 15:00:00,2025-12-31 23:00:00,0.93033,0.93133,0.93006,0.9305,5774.0
2025-12-31 18:00:00,2025-12-31 16:00:00,2026-01-01 00:00:00,0.93051,0.93143,0.93043,0.93132,3956.0
2025-12-31 19:00:00,2025-12-31 17:00:00,2026-01-01 01:00:00,0.93135,0.93162,0.93093,0.93121,3227.0
2025-12-31 20:00:00,2025-12-31 18:00:00,2026-01-01 02:00:00,0.93122,0.93128,0.93088,0.93116,2942.0
2025-12-31 21:00:00,2025-12-31 19:00:00,2026-01-01 03:00:00,0.93115,0.93125,0.93093,0.93103,1457.0
2026-01-02 00:00:00,2026-01-01 22:00:00,2026-01-02 06:00:00,0.93041,0.9308,0.93,0.93058,578.0
2026-01-02 01:00:00,2026-01-01 23:00:00,2026-01-02 07:00:00,0.93077,0.93097,0.93064,0.93067,1423.0
2026-01-02 02:00:00,2026-01-02 00:00:00,2026-01-02 08:00:00,0.93066,0.93084,0.93053,0.93058,1393.0
2026-01-02 03:00:00,2026-01-02 01:00:00,2026-01-02 09:00:00,0.93057,0.93059,0.93024,0.93043,1933.0
2026-01-02 04:00:00,2026-01-02 02:00:00,2026-01-02 10:00:00,0.93044,0.9305,0.93006,0.9302,1327.0
2026-01-02 05:00:00,2026-01-02 03:00:00,2026-01-02 11:00:00,0.93024,0.93084,0.93023,0.93083,1257.0
2026-01-02 06:00:00,2026-01-02 04:00:00,2026-01-02 12:00:00,0.93082,0.93112,0.93081,0.93097,1107.0
2026-01-02 07:00:00,2026-01-02 05:00:00,2026-01-02 13:00:00,0.93097,0.93126,0.93092,0.93119,1123.0
2026-01-02 08:00:00,2026-01-02 06:00:00,2026-01-02 14:00:00,0.9312,0.93135,0.93091,0.93103,1679.0
2026-01-02 09:00:00,2026-01-02 07:00:00,2026-01-02 15:00:00,0.93106,0.93161,0.93096,0.93107,2699.0
2026-01-02 10:00:00,2026-01-02 08:00:00,2026-01-02 16:00:00,0.93108,0.93115,0.93037,0.93059,3888.0
2026-01-02 11:00:00,2026-01-02 09:00:00,2026-01-02 17:00:00,0.9306,0.93062,0.92973,0.93024,3407.0
2026-01-02 12:00:00,2026-01-02 10:00:00,2026-01-02 18:00:00,0.93019,0.93042,0.92946,0.92983,2897.0
2026-01-02 13:00:00,2026-01-02 11:00:00,2026-01-02 19:00:00,0.92982,0.92993,0.92944,0.92962,2136.0
2026-01-02 14:00:00,2026-01-02 12:00:00,2026-01-02 20:00:00,0.92963,0.92999,0.92941,0.9298,2280.0
2026-01-02 15:00:00,2026-01-02 13:00:00,2026-01-02 21:00:00,0.92977,0.92988,0.92939,0.92962,3283.0
2026-01-02 16:00:00,2026-01-02 14:00:00,2026-01-02 22:00:00,0.92963,0.92963,0.92891,0.92902,3796.0
2026-01-02 17:00:00,2026-01-02 15:00:00,2026-01-02 23:00:00,0.92901,0.92909,0.92828,0.92876,4799.0
2026-01-02 18:00:00,2026-01-02 16:00:00,2026-01-03 00:00:00,0.92875,0.92939,0.92865,0.92937,3765.0
2026-01-02 19:00:00,2026-01-02 17:00:00,2026-01-03 01:00:00,0.92938,0.92939,0.92885,0.92892,3333.0
2026-01-02 20:00:00,2026-01-02 18:00:00,2026-01-03 02:00:00,0.92892,0.92911,0.92861,0.92868,2485.0
2026-01-02 21:00:00,2026-01-02 19:00:00,2026-01-03 03:00:00,0.92867,0.92872,0.92836,0.92848,2252.0
2026-01-02 22:00:00,2026-01-02 20:00:00,2026-01-03 04:00:00,0.92849,0.92851,0.92809,0.9285,2289.0
2026-01-02 23:00:00,2026-01-02 21:00:00,2026-01-03 05:00:00,0.92849,0.92897,0.92847,0.92877,1189.0
2026-01-05 00:00:00,2026-01-04 22:00:00,2026-01-05 06:00:00,0.92691,0.92875,0.92689,0.92813,957.0
2026-01-05 01:00:00,2026-01-04 23:00:00,2026-01-05 07:00:00,0.92846,0.92865,0.92809,0.9285,2776.0
2026-01-05 02:00:00,2026-01-05 00:00:00,2026-01-05 08:00:00,0.92853,0.92863,0.9277,0.92806,3893.0
2026-01-05 03:00:00,2026-01-05 01:00:00,2026-01-05 09:00:00,0.92805,0.92808,0.92735,0.92753,4315.0
2026-01-05 04:00:00,2026-01-05 02:00:00,2026-01-05 10:00:00,0.92752,0.92761,0.92702,0.9276,4053.0
2026-01-05 05:00:00,2026-01-05 03:00:00,2026-01-05 11:00:00,0.92761,0.92814,0.92738,0.92808,3484.0
2026-01-05 06:00:00,2026-01-05 04:00:00,2026-01-05 12:00:00,0.92809,0.9282,0.92754,0.92777,2383.0
2026-01-05 07:00:00,2026-01-05 05:00:00,2026-01-05 13:00:00,0.92775,0.92801,0.92753,0.92797,1784.0
2026-01-05 08:00:00,2026-01-05 06:00:00,2026-01-05 14:00:00,0.92797,0.92824,0.92795,0.92802,2084.0
2026-01-05 09:00:00,2026-01-05 07:00:00,2026-01-05 15:00:00,0.92805,0.92837,0.92795,0.92802,3327.0
2026-01-05 10:00:00,2026-01-05 08:00:00,2026-01-05 16:00:00,0.928,0.9289,0.92796,0.92886,4037.0
2026-01-05 11:00:00,2026-01-05 09:00:00,2026-01-05 17:00:00,0.92883,0.93042,0.92883,0.93035,3634.0
2026-01-05 12:00:00,2026-01-05 10:00:00,2026-01-05 18:00:00,0.93034,0.93063,0.9287,0.92878,3982.0
2026-01-05 13:00:00,2026-01-05 11:00:00,2026-01-05 19:00:00,0.92879,0.92914,0.92814,0.9283,3532.0
2026-01-05 14:00:00,2026-01-05 12:00:00,2026-01-05 20:00:00,0.92827,0.92883,0.92757,0.92771,3627.0
2026-01-05 15:00:00,2026-01-05 13:00:00,2026-01-05 21:00:00,0.92773,0.929,0.92764,0.92865,5178.0
2026-01-05 16:00:00,2026-01-05 14:00:00,2026-01-05 22:00:00,0.92864,0.92948,0.92851,0.92897,5392.0
2026-01-05 17:00:00,2026-01-05 15:00:00,2026-01-05 23:00:00,0.92897,0.92904,0.92833,0.92872,5579.0
2026-01-05 18:00:00,2026-01-05 16:00:00,2026-01-06 00:00:00,0.92873,0.9289,0.92819,0.9283,4201.0
2026-01-05 19:00:00,2026-01-05 17:00:00,2026-01-06 01:00:00,0.92827,0.92877,0.92817,0.92849,3599.0
2026-01-05 20:00:00,2026-01-05 18:00:00,2026-01-06 02:00:00,0.92848,0.92892,0.92823,0.92823,2400.0
2026-01-05 21:00:00,2026-01-05 19:00:00,2026-01-06 03:00:00,0.92824,0.92835,0.92799,0.92823,3002.0
2026-01-05 22:00:00,2026-01-05 20:00:00,2026-01-06 04:00:00,0.9282,0.92822,0.92796,0.92798,1683.0
2026-01-05 23:00:00,2026-01-05 21:00:00,2026-01-06 05:00:00,0.92799,0.92815,0.92772,0.92777,1368.0
2026-01-06 00:00:00,2026-01-05 22:00:00,2026-01-06 06:00:00,0.9272,0.92796,0.9272,0.92775,616.0
2026-01-06 01:00:00,2026-01-05 23:00:00,2026-01-06 07:00:00,0.92786,0.92809,0.92776,0.92805,1369.0
2026-01-06 02:00:00,2026-01-06 00:00:00,2026-01-06 08:00:00,0.92804,0.92827,0.92786,0.92788,1896.0
2026-01-06 03:00:00,2026-01-06 01:00:00,2026-01-06 09:00:00,0.92787,0.92813,0.92778,0.92787,2567.0
2026-01-06 04:00:00,2026-01-06 02:00:00,2026-01-06 10:00:00,0.92788,0.92821,0.9277,0.92814,2024.0
2026-01-06 05:00:00,2026-01-06 03:00:00,2026-01-06 11:00:00,0.92814,0.92835,0.92805,0.92822,1878.0
2026-01-06 06:00:00,2026-01-06 04:00:00,2026-01-06 12:00:00,0.92823,0.92836,0.92817,0.92822,1361.0
2026-01-06 07:00:00,2026-01-06 05:00:00,2026-01-06 13:00:00,0.92823,0.92833,0.92811,0.92819,1718.0
2026-01-06 08:00:00,2026-01-06 06:00:00,2026-01-06 14:00:00,0.92819,0.92876,0.92817,0.92866,1943.0
2026-01-06 09:00:00,2026-01-06 07:00:00,2026-01-06 15:00:00,0.92862,0.92869,0.92782,0.92801,2700.0
2026-01-06 10:00:00,2026-01-06 08:00:00,2026-01-06 16:00:00,0.928,0.92935,0.92787,0.92914,3808.0
2026-01-06 11:00:00,2026-01-06 09:00:00,2026-01-06 17:00:00,0.92912,0.92912,0.92812,0.9284,3844.0
2026-01-06 12:00:00,2026-01-06 10:00:00,2026-01-06 18:00:00,0.92842,0.92876,0.92817,0.92832,3191.0
2026-01-06 13:00:00,2026-01-06 11:00:00,2026-01-06 19:00:00,0.9283,0.9287,0.92824,0.92854,2425.0
2026-01-06 14:00:00,2026-01-06 12:00:00,2026-01-06 20:00:00,0.92855,0.92908,0.92821,0.92884,3009.0
2026-01-06 15:00:00,2026-01-06 13:00:00,2026-01-06 21:00:00,0.92885,0.92886,0.92801,0.92851,4290.0
2026-01-06 16:00:00,2026-01-06 14:00:00,2026-01-06 22:00:00,0.92852,0.92866,0.92807,0.92859,5225.0
2026-01-06 17:00:00,2026-01-06 15:00:00,2026-01-06 23:00:00,0.92861,0.9298,0.9286,0.92958,5668.0
2026-01-06 18:00:00,2026-01-06 16:00:00,2026-01-07 00:00:00,0.92959,0.93023,0.92955,0.92971,3680.0
2026-01-06 19:00:00,2026-01-06 17:00:00,2026-01-07 01:00:00,0.92972,0.93025,0.92971,0.9301,2606.0
2026-01-06 20:00:00,2026-01-06 18:00:00,2026-01-07 02:00:00,0.93011,0.93018,0.92981,0.92996,2519.0
2026-01-06 21:00:00,2026-01-06 19:00:00,2026-01-07 03:00:00,0.92997,0.93013,0.9297,0.92975,2355.0
2026-01-06 22:00:00,2026-01-06 20:00:00,2026-01-07 04:00:00,0.92974,0.93002,0.92959,0.93001,2020.0
2026-01-06 23:00:00,2026-01-06 21:00:00,2026-01-07 05:00:00,0.93,0.9301,0.92986,0.93001,1438.0
2026-01-07 00:00:00,2026-01-06 22:00:00,2026-01-07 06:00:00,0.92891,0.92963,0.92881,0.92953,675.0
2026-01-07 01:00:00,2026-01-06 23:00:00,2026-01-07 07:00:00,0.92949,0.93012,0.92949,0.92998,1681.0
2026-01-07 02:00:00,2026-01-07 00:00:00,2026-01-07 08:00:00,0.92997,0.9301,0.9299,0.92999,2587.0
2026-01-07 03:00:00,2026-01-07 01:00:00,2026-01-07 09:00:00,0.93,0.93012,0.92974,0.9298,2543.0
2026-01-07 04:00:00,2026-01-07 02:00:00,2026-01-07 10:00:00,0.92979,0.93015,0.92961,0.93006,1937.0
2026-01-07 05:00:00,2026-01-07 03:00:00,2026-01-07 11:00:00,0.93006,0.93011,0.92978,0.92984,2095.0
2026-01-07 06:00:00,2026-01-07 04:00:00,2026-01-07 12:00:00,0.92985,0.92994,0.9297,0.92974,2528.0
2026-01-07 07:00:00,2026-01-07 05:00:00,2026-01-07 13:00:00,0.92973,0.9298,0.92954,0.92979,2209.0
2026-01-07 08:00:00,2026-01-07 06:00:00,2026-01-07 14:00:00,0.92978,0.92981,0.92937,0.92955,1974.0
2026-01-07 09:00:00,2026-01-07 07:00:00,2026-01-07 15:00:00,0.92951,0.93047,0.92935,0.9304,3438.0
2026-01-07 10:00:00,2026-01-07 08:00:00,2026-01-07 16:00:00,0.93043,0.93062,0.92978,0.92997,3753.0
2026-01-07 11:00:00,2026-01-07 09:00:00,2026-01-07 17:00:00,0.92996,0.92998,0.9296,0.9298,2979.0
2026-01-07 12:00:00,2026-01-07 10:00:00,2026-01-07 18:00:00,0.92981,0.93056,0.92974,0.93031,3051.0
2026-01-07 13:00:00,2026-01-07 11:00:00,2026-01-07 19:00:00,0.9303,0.93126,0.93023,0.93077,2546.0
2026-01-07 14:00:00,2026-01-07 12:00:00,2026-01-07 20:00:00,0.93077,0.93081,0.93015,0.9302,3248.0
2026-01-07 15:00:00,2026-01-07 13:00:00,2026-01-07 21:00:00,0.93024,0.93048,0.93003,0.93044,4437.0
2026-01-07 16:00:00,2026-01-07 14:00:00,2026-01-07 22:00:00,0.93046,0.93095,0.93005,0.93019,5088.0
2026-01-07 17:00:00,2026-01-07 15:00:00,2026-01-07 23:00:00,0.9299,0.93143,0.9299,0.93112,6312.0
2026-01-07 18:00:00,2026-01-07 16:00:00,2026-01-08 00:00:00,0.93111,0.93143,0.93103,0.93129,3771.0
2026-01-07 19:00:00,2026-01-07 17:00:00,2026-01-08 01:00:00,0.93128,0.93154,0.93106,0.93141,2923.0
2026-01-07 20:00:00,2026-01-07 18:00:00,2026-01-08 02:00:00,0.9314,0.9318,0.93129,0.9318,2557.0
2026-01-07 21:00:00,2026-01-07 19:00:00,2026-01-08 03:00:00,0.93179,0.93185,0.93154,0.9316,2743.0
2026-01-07 22:00:00,2026-01-07 20:00:00,2026-01-08 04:00:00,0.93161,0.93164,0.93139,0.93154,2081.0
2026-01-07 23:00:00,2026-01-07 21:00:00,2026-01-08 05:00:00,0.93152,0.93156,0.93142,0.93149,1273.0
2026-01-08 00:00:00,2026-01-07 22:00:00,2026-01-08 06:00:00,0.92972,0.93133,0.92972,0.93118,912.0
2026-01-08 01:00:00,2026-01-07 23:00:00,2026-01-08 07:00:00,0.93134,0.93166,0.93124,0.93147,1180.0
2026-01-08 02:00:00,2026-01-08 00:00:00,2026-01-08 08:00:00,0.93145,0.9315,0.93124,0.93125,1670.0
2026-01-08 03:00:00,2026-01-08 01:00:00,2026-01-08 09:00:00,0.93129,0.93164,0.93128,0.93142,2138.0
2026-01-08 04:00:00,2026-01-08 02:00:00,2026-01-08 10:00:00,0.93141,0.93151,0.93129,0.93137,2104.0
2026-01-08 05:00:00,2026-01-08 03:00:00,2026-01-08 11:00:00,0.93138,0.93138,0.9311,0.93119,1948.0
2026-01-08 06:00:00,2026-01-08 04:00:00,2026-01-08 12:00:00,0.93118,0.93134,0.93115,0.93124,1597.0
2026-01-08 07:00:00,2026-01-08 05:00:00,2026-01-08 13:00:00,0.93123,0.93135,0.93115,0.93131,1898.0
2026-01-08 08:00:00,2026-01-08 06:00:00,2026-01-08 14:00:00,0.93132,0.93133,0.93073,0.93115,2486.0
2026-01-08 09:00:00,2026-01-08 07:00:00,2026-01-08 15:00:00,0.93114,0.93158,0.93083,0.93117,3084.0
2026-01-08 10:00:00,2026-01-08 08:00:00,2026-01-08 16:00:00,0.93121,0.93176,0.93106,0.93157,3654.0
2026-01-08 11:00:00,2026-01-08 09:00:00,2026-01-08 17:00:00,0.93161,0.9319,0.93103,0.93123,3245.0
2026-01-08 12:00:00,2026-01-08 10:00:00,2026-01-08 18:00:00,0.93122,0.93157,0.93063,0.9307,2969.0
2026-01-08 13:00:00,2026-01-08 11:00:00,2026-01-08 19:00:00,0.93068,0.9311,0.93067,0.93084,2543.0
2026-01-08 14:00:00,2026-01-08 12:00:00,2026-01-08 20:00:00,0.93085,0.93129,0.93078,0.93125,2729.0
2026-01-08 15:00:00,2026-01-08 13:00:00,2026-01-08 21:00:00,0.93124,0.9313,0.93072,0.93096,4050.0
2026-01-08 16:00:00,2026-01-08 14:00:00,2026-01-08 22:00:00,0.93095,0.93138,0.93083,0.93087,4911.0
2026-01-08 17:00:00,2026-01-08 15:00:00,2026-01-08 23:00:00,0.93088,0.93172,0.93084,0.93172,4942.0
2026-01-08 18:00:00,2026-01-08 16:00:00,2026-01-09 00:00:00,0.93173,0.93192,0.93138,0.93154,3539.0
2026-01-08 19:00:00,2026-01-08 17:00:00,2026-01-09 01:00:00,0.93155,0.93158,0.93123,0.93142,2951.0
2026-01-08 20:00:00,2026-01-08 18:00:00,2026-01-09 02:00:00,0.93143,0.9316,0.93122,0.93144,2617.0
2026-01-08 21:00:00,2026-01-08 19:00:00,2026-01-09 03:00:00,0.93143,0.93151,0.93129,0.93138,2095.0
2026-01-08 22:00:00,2026-01-08 20:00:00,2026-01-09 04:00:00,0.93138,0.93156,0.93134,0.93153,2316.0
2026-01-08 23:00:00,2026-01-08 21:00:00,2026-01-09 05:00:00,0.93155,0.93155,0.93122,0.93124,2133.0
2026-01-09 00:00:00,2026-01-08 22:00:00,2026-01-09 06:00:00,0.93086,0.93137,0.93035,0.93117,1390.0
2026-01-09 01:00:00,2026-01-08 23:00:00,2026-01-09 07:00:00,0.93125,0.93159,0.93115,0.9315,1074.0
2026-01-09 02:00:00,2026-01-09 00:00:00,2026-01-09 08:00:00,0.93149,0.93158,0.93135,0.93138,1894.0
2026-01-09 03:00:00,2026-01-09 01:00:00,2026-01-09 09:00:00,0.93139,0.93199,0.93138,0.93174,2634.0
2026-01-09 04:00:00,2026-01-09 02:00:00,2026-01-09 10:00:00,0.93176,0.93196,0.93154,0.93156,2498.0
2026-01-09 05:00:00,2026-01-09 03:00:00,2026-01-09 11:00:00,0.93157,0.932,0.93156,0.93192,1746.0
2026-01-09 06:00:00,2026-01-09 04:00:00,2026-01-09 12:00:00,0.93193,0.93198,0.93179,0.93183,1495.0
2026-01-09 07:00:00,2026-01-09 05:00:00,2026-01-09 13:00:00,0.93184,0.93198,0.93172,0.93176,1959.0
2026-01-09 08:00:00,2026-01-09 06:00:00,2026-01-09 14:00:00,0.93176,0.93189,0.93152,0.93163,1906.0
2026-01-09 09:00:00,2026-01-09 07:00:00,2026-01-09 15:00:00,0.93162,0.93184,0.93144,0.93163,2842.0
2026-01-09 10:00:00,2026-01-09 08:00:00,2026-01-09 16:00:00,0.9316,0.93188,0.93109,0.93169,3461.0
2026-01-09 11:00:00,2026-01-09 09:00:00,2026-01-09 17:00:00,0.93169,0.93169,0.93122,0.93147,2483.0
2026-01-09 12:00:00,2026-01-09 10:00:00,2026-01-09 18:00:00,0.93148,0.93171,0.93114,0.93123,2380.0
2026-01-09 13:00:00,2026-01-09 11:00:00,2026-01-09 19:00:00,0.93121,0.93154,0.93118,0.93142,2475.0
2026-01-09 14:00:00,2026-01-09 12:00:00,2026-01-09 20:00:00,0.93143,0.93161,0.93118,0.93156,2959.0
2026-01-09 15:00:00,2026-01-09 13:00:00,2026-01-09 21:00:00,0.93157,0.93161,0.93103,0.93125,6196.0
2026-01-09 16:00:00,2026-01-09 14:00:00,2026-01-09 22:00:00,0.93126,0.9321,0.93098,0.93181,6642.0
2026-01-09 17:00:00,2026-01-09 15:00:00,2026-01-09 23:00:00,0.93183,0.93248,0.93131,0.93246,6747.0
2026-01-09 18:00:00,2026-01-09 16:00:00,2026-01-10 00:00:00,0.93243,0.9326,0.93195,0.93207,4689.0
2026-01-09 19:00:00,2026-01-09 17:00:00,2026-01-10 01:00:00,0.93206,0.93224,0.93188,0.93218,3176.0
2026-01-09 20:00:00,2026-01-09 18:00:00,2026-01-10 02:00:00,0.93219,0.93231,0.93203,0.93225,2530.0
2026-01-09 21:00:00,2026-01-09 19:00:00,2026-01-10 03:00:00,0.93224,0.93226,0.93189,0.9319,2243.0
2026-01-09 22:00:00,2026-01-09 20:00:00,2026-01-10 04:00:00,0.93191,0.93192,0.93163,0.93167,1627.0
2026-01-09 23:00:00,2026-01-09 21:00:00,2026-01-10 05:00:00,0.93166,0.93193,0.9316,0.93173,1258.0
2026-01-12 00:00:00,2026-01-11 22:00:00,2026-01-12 06:00:00,0.93054,0.93157,0.93054,0.93116,1204.0
2026-01-12 01:00:00,2026-01-11 23:00:00,2026-01-12 07:00:00,0.93122,0.93226,0.93122,0.93183,1856.0
2026-01-12 02:00:00,2026-01-12 00:00:00,2026-01-12 08:00:00,0.93182,0.93189,0.93022,0.93026,4995.0
2026-01-12 03:00:00,2026-01-12 01:00:00,2026-01-12 09:00:00,0.93023,0.93076,0.93022,0.93067,4709.0
2026-01-12 04:00:00,2026-01-12 02:00:00,2026-01-12 10:00:00,0.93066,0.93133,0.93064,0.93129,3556.0
2026-01-12 05:00:00,2026-01-12 03:00:00,2026-01-12 11:00:00,0.93127,0.93137,0.93111,0.93134,2680.0
2026-01-12 06:00:00,2026-01-12 04:00:00,2026-01-12 12:00:00,0.93135,0.93152,0.9312,0.93124,2174.0
2026-01-12 07:00:00,2026-01-12 05:00:00,2026-01-12 13:00:00,0.93122,0.93146,0.93099,0.93117,3112.0
2026-01-12 08:00:00,2026-01-12 06:00:00,2026-01-12 14:00:00,0.93118,0.93139,0.93098,0.93109,2963.0
2026-01-12 09:00:00,2026-01-12 07:00:00,2026-01-12 15:00:00,0.93104,0.93107,0.93015,0.9306,4207.0
2026-01-12 10:00:00,2026-01-12 08:00:00,2026-01-12 16:00:00,0.93059,0.93079,0.93013,0.93029,4765.0
2026-01-12 11:00:00,2026-01-12 09:00:00,2026-01-12 17:00:00,0.93031,0.93116,0.93015,0.93108,4030.0
2026-01-12 12:00:00,2026-01-12 10:00:00,2026-01-12 18:00:00,0.93107,0.9318,0.93085,0.93131,3281.0
2026-01-12 13:00:00,2026-01-12 11:00:00,2026-01-12 19:00:00,0.93129,0.93164,0.93118,0.93151,3474.0
2026-01-12 14:00:00,2026-01-12 12:00:00,2026-01-12 20:00:00,0.93152,0.93185,0.93151,0.93153,4160.0
2026-01-12 15:00:00,2026-01-12 13:00:00,2026-01-12 21:00:00,0.93149,0.93161,0.9307,0.93118,5110.0
2026-01-12 16:00:00,2026-01-12 14:00:00,2026-01-12 22:00:00,0.93119,0.93149,0.93084,0.93093,5934.0
2026-01-12 17:00:00,2026-01-12 15:00:00,2026-01-12 23:00:00,0.93094,0.93099,0.92975,0.93007,5070.0
2026-01-12 18:00:00,2026-01-12 16:00:00,2026-01-13 00:00:00,0.93008,0.9305,0.92978,0.93046,4305.0
2026-01-12 19:00:00,2026-01-12 17:00:00,2026-01-13 01:00:00,0.93047,0.93061,0.92991,0.93009,4293.0
2026-01-12 20:00:00,2026-01-12 18:00:00,2026-01-13 02:00:00,0.9301,0.93046,0.93003,0.93007,2919.0
2026-01-12 21:00:00,2026-01-12 19:00:00,2026-01-13 03:00:00,0.93006,0.93035,0.93001,0.93025,2434.0
2026-01-12 22:00:00,2026-01-12 20:00:00,2026-01-13 04:00:00,0.93026,0.93051,0.93008,0.93047,2669.0
2026-01-12 23:00:00,2026-01-12 21:00:00,2026-01-13 05:00:00,0.93046,0.93067,0.93029,0.93033,1762.0
2026-01-13 00:00:00,2026-01-12 22:00:00,2026-01-13 06:00:00,0.92946,0.9304,0.92943,0.93003,959.0
2026-01-13 01:00:00,2026-01-12 23:00:00,2026-01-13 07:00:00,0.93022,0.93062,0.93008,0.93022,2212.0
2026-01-13 02:00:00,2026-01-13 00:00:00,2026-01-13 08:00:00,0.93023,0.9304,0.93016,0.93019,2976.0
2026-01-13 03:00:00,2026-01-13 01:00:00,2026-01-13 09:00:00,0.93018,0.93025,0.93008,0.93024,3550.0
2026-01-13 04:00:00,2026-01-13 02:00:00,2026-01-13 10:00:00,0.93026,0.93037,0.92998,0.93001,2266.0
2026-01-13 05:00:00,2026-01-13 03:00:00,2026-01-13 11:00:00,0.93002,0.93021,0.92987,0.93015,1879.0
2026-01-13 06:00:00,2026-01-13 04:00:00,2026-01-13 12:00:00,0.93014,0.9302,0.92989,0.92996,2623.0
2026-01-13 07:00:00,2026-01-13 05:00:00,2026-01-13 13:00:00,0.92995,0.92997,0.92962,0.92987,2143.0
2026-01-13 08:00:00,2026-01-13 06:00:00,2026-01-13 14:00:00,0.92986,0.93003,0.9297,0.92999,2771.0
2026-01-13 09:00:00,2026-01-13 07:00:00,2026-01-13 15:00:00,0.93,0.93033,0.92992,0.93016,2771.0
2026-01-13 10:00:00,2026-01-13 08:00:00,2026-01-13 16:00:00,0.93015,0.93076,0.92962,0.93071,3977.0
2026-01-13 11:00:00,2026-01-13 09:00:00,2026-01-13 17:00:00,0.93072,0.93104,0.93057,0.93102,3173.0
2026-01-13 12:00:00,2026-01-13 10:00:00,2026-01-13 18:00:00,0.93103,0.93152,0.93089,0.93131,2920.0
2026-01-13 13:00:00,2026-01-13 11:00:00,2026-01-13 19:00:00,0.93133,0.93156,0.93118,0.93143,2349.0
2026-01-13 14:00:00,2026-01-13 12:00:00,2026-01-13 20:00:00,0.93142,0.93155,0.93108,0.9311,2777.0
2026-01-13 15:00:00,2026-01-13 13:00:00,2026-01-13 21:00:00,0.93109,0.93152,0.93083,0.93147,6458.0
2026-01-13 16:00:00,2026-01-13 14:00:00,2026-01-13 22:00:00,0.93148,0.93187,0.93094,0.93145,5368.0
2026-01-13 17:00:00,2026-01-13 15:00:00,2026-01-13 23:00:00,0.93148,0.9321,0.93143,0.93202,5338.0
2026-01-13 18:00:00,2026-01-13 16:00:00,2026-01-14 00:00:00,0.93198,0.93284,0.93191,0.93225,4512.0
2026-01-13 19:00:00,2026-01-13 17:00:00,2026-01-14 01:00:00,0.93226,0.93286,0.93207,0.93261,3045.0
2026-01-13 20:00:00,2026-01-13 18:00:00,2026-01-14 02:00:00,0.93259,0.93287,0.93247,0.93248,2980.0
2026-01-13 21:00:00,2026-01-13 19:00:00,2026-01-14 03:00:00,0.93247,0.93276,0.93246,0.93266,2404.0
2026-01-13 22:00:00,2026-01-13 20:00:00,2026-01-14 04:00:00,0.93265,0.93274,0.93248,0.93254,2009.0
2026-01-13 23:00:00,2026-01-13 21:00:00,2026-01-14 05:00:00,0.93253,0.93271,0.93239,0.93257,1325.0
2026-01-14 00:00:00,2026-01-13 22:00:00,2026-01-14 06:00:00,0.93215,0.9326,0.93215,0.93253,1573.0
2026-01-14 01:00:00,2026-01-13 23:00:00,2026-01-14 07:00:00,0.93267,0.93273,0.93247,0.93268,1364.0
2026-01-14 02:00:00,2026-01-14 00:00:00,2026-01-14 08:00:00,0.93267,0.93294,0.93263,0.93292,2614.0
2026-01-14 03:00:00,2026-01-14 01:00:00,2026-01-14 09:00:00,0.93292,0.93297,0.93277,0.93292,2731.0
2026-01-14 04:00:00,2026-01-14 02:00:00,2026-01-14 10:00:00,0.93293,0.93308,0.93287,0.93302,2169.0
2026-01-14 05:00:00,2026-01-14 03:00:00,2026-01-14 11:00:00,0.93303,0.93309,0.9326,0.93274,2416.0
2026-01-14 06:00:00,2026-01-14 04:00:00,2026-01-14 12:00:00,0.93276,0.93309,0.93271,0.93305,2096.0
2026-01-14 07:00:00,2026-01-14 05:00:00,2026-01-14 13:00:00,0.93304,0.93313,0.93284,0.93297,1802.0
2026-01-14 08:00:00,2026-01-14 06:00:00,2026-01-14 14:00:00,0.93298,0.93307,0.93275,0.93282,2968.0
2026-01-14 09:00:00,2026-01-14 07:00:00,2026-01-14 15:00:00,0.93283,0.93297,0.93263,0.93296,2470.0
2026-01-14 10:00:00,2026-01-14 08:00:00,2026-01-14 16:00:00,0.93295,0.9346,0.93283,0.93427,4606.0
2026-01-14 11:00:00,2026-01-14 09:00:00,2026-01-14 17:00:00,0.93428,0.93495,0.93405,0.93446,3942.0
2026-01-14 12:00:00,2026-01-14 10:00:00,2026-01-14 18:00:00,0.93449,0.93469,0.93314,0.93354,3692.0
2026-01-14 13:00:00,2026-01-14 11:00:00,2026-01-14 19:00:00,0.93353,0.93358,0.93259,0.93286,2756.0
2026-01-14 14:00:00,2026-01-14 12:00:00,2026-01-14 20:00:00,0.93287,0.93326,0.93263,0.93323,4086.0
2026-01-14 15:00:00,2026-01-14 13:00:00,2026-01-14 21:00:00,0.93321,0.93347,0.93268,0.93331,4612.0
2026-01-14 16:00:00,2026-01-14 14:00:00,2026-01-14 22:00:00,0.93332,0.93332,0.93178,0.93214,5598.0
2026-01-14 17:00:00,2026-01-14 15:00:00,2026-01-14 23:00:00,0.93209,0.93241,0.93129,0.9313,6026.0
2026-01-14 18:00:00,2026-01-14 16:00:00,2026-01-15 00:00:00,0.93129,0.93137,0.93081,0.93086,4279.0
2026-01-14 19:00:00,2026-01-14 17:00:00,2026-01-15 01:00:00,0.93085,0.93133,0.93084,0.93125,3170.0
2026-01-14 20:00:00,2026-01-14 18:00:00,2026-01-15 02:00:00,0.93123,0.9316,0.93115,0.93128,2581.0
2026-01-14 21:00:00,2026-01-14 19:00:00,2026-01-15 03:00:00,0.93129,0.93149,0.93114,0.93139,2121.0
2026-01-14 22:00:00,2026-01-14 20:00:00,2026-01-15 04:00:00,0.9314,0.93189,0.93133,0.93189,2730.0
2026-01-14 23:00:00,2026-01-14 21:00:00,2026-01-15 05:00:00,0.93187,0.93193,0.93135,0.93148,1947.0
2026-01-15 00:00:00,2026-01-14 22:00:00,2026-01-15 06:00:00,0.93005,0.93149,0.9298,0.93123,992.0
2026-01-15 01:00:00,2026-01-14 23:00:00,2026-01-15 07:00:00,0.93129,0.93153,0.93104,0.93133,2658.0
2026-01-15 02:00:00,2026-01-15 00:00:00,2026-01-15 08:00:00,0.93133,0.93134,0.93066,0.93072,2402.0
2026-01-15 03:00:00,2026-01-15 01:00:00,2026-01-15 09:00:00,0.9307,0.93093,0.93062,0.93092,3549.0
2026-01-15 04:00:00,2026-01-15 02:00:00,2026-01-15 10:00:00,0.93091,0.93117,0.93073,0.93112,2117.0
2026-01-15 05:00:00,2026-01-15 03:00:00,2026-01-15 11:00:00,0.93111,0.93166,0.93108,0.93161,1886.0
2026-01-15 06:00:00,2026-01-15 04:00:00,2026-01-15 12:00:00,0.93162,0.93207,0.9316,0.93202,1615.0
2026-01-15 07:00:00,2026-01-15 05:00:00,2026-01-15 13:00:00,0.93203,0.93208,0.93187,0.93198,1925.0
2026-01-15 08:00:00,2026-01-15 06:00:00,2026-01-15 14:00:00,0.93196,0.93218,0.93181,0.93184,2596.0
2026-01-15 09:00:00,2026-01-15 07:00:00,2026-01-15 15:00:00,0.93181,0.93213,0.93142,0.9317,3307.0
2026-01-15 10:00:00,2026-01-15 08:00:00,2026-01-15 16:00:00,0.93171,0.93241,0.93171,0.93228,3651.0
2026-01-15 11:00:00,2026-01-15 09:00:00,2026-01-15 17:00:00,0.9323,0.93247,0.9313,0.93137,3487.0
2026-01-15 12:00:00,2026-01-15 10:00:00,2026-01-15 18:00:00,0.93138,0.93176,0.9311,0.93125,3168.0
2026-01-15 13:00:00,2026-01-15 11:00:00,2026-01-15 19:00:00,0.93123,0.93186,0.9312,0.93184,3124.0
2026-01-15 14:00:00,2026-01-15 12:00:00,2026-01-15 20:00:00,0.93185,0.93199,0.9313,0.9314,3210.0
2026-01-15 15:00:00,2026-01-15 13:00:00,2026-01-15 21:00:00,0.93139,0.93162,0.93085,0.93091,5462.0
2026-01-15 16:00:00,2026-01-15 14:00:00,2026-01-15 22:00:00,0.93092,0.93243,0.93078,0.9323,5695.0
2026-01-15 17:00:00,2026-01-15 15:00:00,2026-01-15 23:00:00,0.93229,0.93283,0.93216,0.93217,4984.0
2026-01-15 18:00:00,2026-01-15 16:00:00,2026-01-16 00:00:00,0.93216,0.93219,0.93171,0.93191,4082.0
2026-01-15 19:00:00,2026-01-15 17:00:00,2026-01-16 01:00:00,0.93192,0.93231,0.93186,0.93221,2931.0
2026-01-15 20:00:00,2026-01-15 18:00:00,2026-01-16 02:00:00,0.93216,0.93258,0.93212,0.93243,2449.0
2026-01-15 21:00:00,2026-01-15 19:00:00,2026-01-16 03:00:00,0.93244,0.93272,0.93221,0.93268,2556.0
2026-01-15 22:00:00,2026-01-15 20:00:00,2026-01-16 04:00:00,0.93264,0.93282,0.93247,0.93251,2230.0
2026-01-15 23:00:00,2026-01-15 21:00:00,2026-01-16 05:00:00,0.9325,0.93261,0.93239,0.93256,1713.0
2026-01-16 00:00:00,2026-01-15 22:00:00,2026-01-16 06:00:00,0.93128,0.93233,0.93118,0.93224,366.0
2026-01-16 01:00:00,2026-01-15 23:00:00,2026-01-16 07:00:00,0.93204,0.93278,0.93204,0.93266,1647.0
2026-01-16 02:00:00,2026-01-16 00:00:00,2026-01-16 08:00:00,0.93266,0.93283,0.93262,0.93267,2104.0
2026-01-16 03:00:00,2026-01-16 01:00:00,2026-01-16 09:00:00,0.93268,0.9328,0.93232,0.93241,2587.0
2026-01-16 04:00:00,2026-01-16 02:00:00,2026-01-16 10:00:00,0.9324,0.93241,0.93205,0.93209,2872.0
2026-01-16 05:00:00,2026-01-16 03:00:00,2026-01-16 11:00:00,0.93208,0.93209,0.93182,0.93182,2660.0
2026-01-16 06:00:00,2026-01-16 04:00:00,2026-01-16 12:00:00,0.93184,0.93184,0.93154,0.93159,1302.0
2026-01-16 07:00:00,2026-01-16 05:00:00,2026-01-16 13:00:00,0.93158,0.93163,0.93146,0.93156,2112.0
2026-01-16 08:00:00,2026-01-16 06:00:00,2026-01-16 14:00:00,0.93157,0.93177,0.93152,0.93157,1456.0
2026-01-16 09:00:00,2026-01-16 07:00:00,2026-01-16 15:00:00,0.93156,0.93187,0.93128,0.93167,2860.0
2026-01-16 10:00:00,2026-01-16 08:00:00,2026-01-16 16:00:00,0.93171,0.93197,0.93147,0.93148,3237.0
2026-01-16 11:00:00,2026-01-16 09:00:00,2026-01-16 17:00:00,0.93147,0.93159,0.93105,0.93127,2931.0
2026-01-16 12:00:00,2026-01-16 10:00:00,2026-01-16 18:00:00,0.93128,0.93137,0.93064,0.93104,2554.0
2026-01-16 13:00:00,2026-01-16 11:00:00,2026-01-16 19:00:00,0.93103,0.93166,0.93098,0.93126,2704.0
2026-01-16 14:00:00,2026-01-16 12:00:00,2026-01-16 20:00:00,0.93127,0.93197,0.93124,0.93141,3355.0
2026-01-16 15:00:00,2026-01-16 13:00:00,2026-01-16 21:00:00,0.9314,0.93149,0.931,0.93127,3814.0
2026-01-16 16:00:00,2026-01-16 14:00:00,2026-01-16 22:00:00,0.93125,0.93135,0.93089,0.93108,3655.0
2026-01-16 17:00:00,2026-01-16 15:00:00,2026-01-16 23:00:00,0.93109,0.93132,0.93048,0.93084,6717.0
2026-01-16 18:00:00,2026-01-16 16:00:00,2026-01-17 00:00:00,0.93085,0.93109,0.93058,0.93091,4622.0
2026-01-16 19:00:00,2026-01-16 17:00:00,2026-01-17 01:00:00,0.93086,0.93123,0.93079,0.93116,3017.0
2026-01-16 20:00:00,2026-01-16 18:00:00,2026-01-17 02:00:00,0.93115,0.93148,0.93113,0.93144,2619.0
2026-01-16 21:00:00,2026-01-16 19:00:00,2026-01-17 03:00:00,0.93145,0.93164,0.93127,0.9316,2266.0
2026-01-16 22:00:00,2026-01-16 20:00:00,2026-01-17 04:00:00,0.93161,0.93163,0.93141,0.9315,1884.0
2026-01-16 23:00:00,2026-01-16 21:00:00,2026-01-17 05:00:00,0.9315,0.93167,0.93135,0.93149,1188.0
2026-01-19 00:00:00,2026-01-18 22:00:00,2026-01-19 06:00:00,0.92756,0.92902,0.92685,0.9279,1938.0
2026-01-19 01:00:00,2026-01-18 23:00:00,2026-01-19 07:00:00,0.92834,0.92937,0.92697,0.92847,5139.0
2026-01-19 02:00:00,2026-01-19 00:00:00,2026-01-19 08:00:00,0.92848,0.92929,0.92833,0.92867,5744.0
2026-01-19 03:00:00,2026-01-19 01:00:00,2026-01-19 09:00:00,0.92867,0.92903,0.92819,0.92888,4535.0
2026-01-19 04:00:00,2026-01-19 02:00:00,2026-01-19 10:00:00,0.92889,0.92905,0.92817,0.92827,3883.0
2026-01-19 05:00:00,2026-01-19 03:00:00,2026-01-19 11:00:00,0.92825,0.92858,0.92821,0.92855,1149.0
2026-01-19 06:00:00,2026-01-19 04:00:00,2026-01-19 12:00:00,0.92882,0.92905,0.92869,0.92904,2401.0
2026-01-19 07:00:00,2026-01-19 05:00:00,2026-01-19 13:00:00,0.92905,0.92914,0.92862,0.9289,2947.0
2026-01-19 08:00:00,2026-01-19 06:00:00,2026-01-19 14:00:00,0.92892,0.92904,0.92863,0.92874,3365.0
2026-01-19 09:00:00,2026-01-19 07:00:00,2026-01-19 15:00:00,0.92873,0.92965,0.9285,0.92931,4456.0
2026-01-19 10:00:00,2026-01-19 08:00:00,2026-01-19 16:00:00,0.92932,0.92974,0.92837,0.92909,4140.0
2026-01-19 11:00:00,2026-01-19 09:00:00,2026-01-19 17:00:00,0.92906,0.92922,0.92847,0.92848,4116.0
2026-01-19 12:00:00,2026-01-19 10:00:00,2026-01-19 18:00:00,0.9285,0.92887,0.92822,0.92862,3231.0
2026-01-19 13:00:00,2026-01-19 11:00:00,2026-01-19 19:00:00,0.92861,0.9288,0.92839,0.92864,2693.0
2026-01-19 14:00:00,2026-01-19 12:00:00,2026-01-19 20:00:00,0.92865,0.92875,0.92808,0.92833,3029.0
2026-01-19 15:00:00,2026-01-19 13:00:00,2026-01-19 21:00:00,0.92834,0.92847,0.92771,0.92801,2737.0
2026-01-19 16:00:00,2026-01-19 14:00:00,2026-01-19 22:00:00,0.92803,0.92816,0.92735,0.92745,3095.0
2026-01-19 17:00:00,2026-01-19 15:00:00,2026-01-19 23:00:00,0.92747,0.92811,0.92709,0.92775,3909.0
2026-01-19 18:00:00,2026-01-19 16:00:00,2026-01-20 00:00:00,0.92776,0.92836,0.92761,0.92834,2759.0
2026-01-19 19:00:00,2026-01-19 17:00:00,2026-01-20 01:00:00,0.92835,0.92863,0.92834,0.92857,1717.0
2026-01-19 20:00:00,2026-01-19 18:00:00,2026-01-20 02:00:00,0.92858,0.92859,0.92836,0.92849,1872.0
2026-01-19 21:00:00,2026-01-19 19:00:00,2026-01-20 03:00:00,0.9285,0.92856,0.92835,0.92838,1046.0
2026-01-19 22:00:00,2026-01-19 20:00:00,2026-01-20 04:00:00,0.92838,0.9287,0.92834,0.92866,1158.0
2026-01-19 23:00:00,2026-01-19 21:00:00,2026-01-20 05:00:00,0.92865,0.92867,0.92841,0.92849,1131.0
2026-01-20 00:00:00,2026-01-19 22:00:00,2026-01-20 06:00:00,0.92756,0.92854,0.9272,0.92825,616.0
2026-01-20 01:00:00,2026-01-19 23:00:00,2026-01-20 07:00:00,0.92847,0.92882,0.92835,0.92873,1161.0
2026-01-20 02:00:00,2026-01-20 00:00:00,2026-01-20 08:00:00,0.92872,0.92884,0.92849,0.92857,2183.0
2026-01-20 03:00:00,2026-01-20 01:00:00,2026-01-20 09:00:00,0.92857,0.92863,0.92839,0.92851,2999.0
2026-01-20 04:00:00,2026-01-20 02:00:00,2026-01-20 10:00:00,0.92851,0.92854,0.92835,0.92848,1894.0
2026-01-20 05:00:00,2026-01-20 03:00:00,2026-01-20 11:00:00,0.92846,0.92867,0.92825,0.92866,1914.0
2026-01-20 06:00:00,2026-01-20 04:00:00,2026-01-20 12:00:00,0.92867,0.92886,0.92816,0.92872,2263.0
2026-01-20 07:00:00,2026-01-20 05:00:00,2026-01-20 13:00:00,0.92871,0.92913,0.92865,0.92876,2219.0
2026-01-20 08:00:00,2026-01-20 06:00:00,2026-01-20 14:00:00,0.92877,0.92916,0.92841,0.92858,2833.0
2026-01-20 09:00:00,2026-01-20 07:00:00,2026-01-20 15:00:00,0.92863,0.92902,0.92743,0.92763,4984.0
2026-01-20 10:00:00,2026-01-20 08:00:00,2026-01-20 16:00:00,0.92758,0.92781,0.92608,0.92665,6502.0
2026-01-20 11:00:00,2026-01-20 09:00:00,2026-01-20 17:00:00,0.92666,0.9271,0.92613,0.92701,5285.0
2026-01-20 12:00:00,2026-01-20 10:00:00,2026-01-20 18:00:00,0.92701,0.9274,0.92587,0.92594,4830.0
2026-01-20 13:00:00,2026-01-20 11:00:00,2026-01-20 19:00:00,0.92589,0.92701,0.92558,0.92691,4544.0
2026-01-20 14:00:00,2026-01-20 12:00:00,2026-01-20 20:00:00,0.92695,0.92732,0.92591,0.9269,4957.0
2026-01-20 15:00:00,2026-01-20 13:00:00,2026-01-20 21:00:00,0.92693,0.92739,0.9263,0.92713,6946.0
2026-01-20 16:00:00,2026-01-20 14:00:00,2026-01-20 22:00:00,0.92714,0.92792,0.9267,0.92779,7170.0
2026-01-20 17:00:00,2026-01-20 15:00:00,2026-01-20 23:00:00,0.9278,0.92795,0.92659,0.92664,6300.0
2026-01-20 18:00:00,2026-01-20 16:00:00,2026-01-21 00:00:00,0.92663,0.92689,0.92633,0.92634,5203.0
2026-01-20 19:00:00,2026-01-20 17:00:00,2026-01-21 01:00:00,0.92629,0.92646,0.92585,0.92606,4062.0
2026-01-20 20:00:00,2026-01-20 18:00:00,2026-01-21 02:00:00,0.92605,0.92654,0.92556,0.92562,2807.0
2026-01-20 21:00:00,2026-01-20 19:00:00,2026-01-21 03:00:00,0.92563,0.92589,0.92548,0.92568,3154.0
2026-01-20 22:00:00,2026-01-20 20:00:00,2026-01-21 04:00:00,0.92567,0.9262,0.92555,0.92614,3225.0
2026-01-20 23:00:00,2026-01-20 21:00:00,2026-01-21 05:00:00,0.92613,0.92625,0.92585,0.9261,1830.0
2026-01-21 00:00:00,2026-01-20 22:00:00,2026-01-21 06:00:00,0.92497,0.9259,0.92496,0.92557,1147.0
2026-01-21 01:00:00,2026-01-20 23:00:00,2026-01-21 07:00:00,0.92559,0.92635,0.92559,0.92603,1493.0
2026-01-21 02:00:00,2026-01-21 00:00:00,2026-01-21 08:00:00,0.92603,0.92636,0.926,0.92608,2450.0
2026-01-21 03:00:00,2026-01-21 01:00:00,2026-01-21 09:00:00,0.92609,0.92617,0.92571,0.9259,3110.0
2026-01-21 04:00:00,2026-01-21 02:00:00,2026-01-21 10:00:00,0.92589,0.9263,0.92586,0.92618,2168.0
2026-01-21 05:00:00,2026-01-21 03:00:00,2026-01-21 11:00:00,0.92616,0.92723,0.92608,0.92662,2860.0
2026-01-21 06:00:00,2026-01-21 04:00:00,2026-01-21 12:00:00,0.92661,0.92708,0.92653,0.92677,2064.0
2026-01-21 07:00:00,2026-01-21 05:00:00,2026-01-21 13:00:00,0.92677,0.92703,0.92649,0.92674,2138.0
2026-01-21 08:00:00,2026-01-21 06:00:00,2026-01-21 14:00:00,0.92675,0.9272,0.92658,0.92709,2258.0
2026-01-21 09:00:00,2026-01-21 07:00:00,2026-01-21 15:00:00,0.9271,0.92764,0.92672,0.92718,4222.0
2026-01-21 10:00:00,2026-01-21 08:00:00,2026-01-21 16:00:00,0.92717,0.92774,0.92683,0.92689,3802.0
2026-01-21 11:00:00,2026-01-21 09:00:00,2026-01-21 17:00:00,0.9269,0.92801,0.92683,0.92787,3310.0
2026-01-21 12:00:00,2026-01-21 10:00:00,2026-01-21 18:00:00,0.92788,0.92824,0.92726,0.92745,3385.0
2026-01-21 13:00:00,2026-01-21 11:00:00,2026-01-21 19:00:00,0.92743,0.92772,0.92637,0.92659,3442.0
2026-01-21 14:00:00,2026-01-21 12:00:00,2026-01-21 20:00:00,0.92661,0.92683,0.92578,0.92644,4108.0
2026-01-21 15:00:00,2026-01-21 13:00:00,2026-01-21 21:00:00,0.92646,0.92778,0.92637,0.92761,4852.0
2026-01-21 16:00:00,2026-01-21 14:00:00,2026-01-21 22:00:00,0.92762,0.92875,0.92726,0.9285,7463.0
2026-01-21 17:00:00,2026-01-21 15:00:00,2026-01-21 23:00:00,0.92848,0.92993,0.92824,0.92921,6814.0
2026-01-21 18:00:00,2026-01-21 16:00:00,2026-01-22 00:00:00,0.92922,0.92943,0.92805,0.92817,6118.0
2026-01-21 19:00:00,2026-01-21 17:00:00,2026-01-22 01:00:00,0.92812,0.92864,0.92783,0.92844,4406.0
2026-01-21 20:00:00,2026-01-21 18:00:00,2026-01-22 02:00:00,0.92845,0.92866,0.92813,0.92829,3222.0
2026-01-21 21:00:00,2026-01-21 19:00:00,2026-01-22 03:00:00,0.9283,0.93076,0.92812,0.93019,5299.0
2026-01-21 22:00:00,2026-01-21 20:00:00,2026-01-22 04:00:00,0.93018,0.93034,0.9294,0.92953,3828.0
2026-01-21 23:00:00,2026-01-21 21:00:00,2026-01-22 05:00:00,0.92953,0.92992,0.92942,0.92953,1618.0
2026-01-22 00:00:00,2026-01-21 22:00:00,2026-01-22 06:00:00,0.92877,0.92962,0.92844,0.92949,876.0
2026-01-22 01:00:00,2026-01-21 23:00:00,2026-01-22 07:00:00,0.92951,0.9298,0.92908,0.92961,2447.0
2026-01-22 02:00:00,2026-01-22 00:00:00,2026-01-22 08:00:00,0.9296,0.92976,0.92923,0.92937,3239.0
2026-01-22 03:00:00,2026-01-22 01:00:00,2026-01-22 09:00:00,0.92939,0.92989,0.92938,0.92987,2929.0
2026-01-22 04:00:00,2026-01-22 02:00:00,2026-01-22 10:00:00,0.92988,0.93008,0.92936,0.92952,2121.0
2026-01-22 05:00:00,2026-01-22 03:00:00,2026-01-22 11:00:00,0.92951,0.9297,0.92924,0.92925,1785.0
2026-01-22 06:00:00,2026-01-22 04:00:00,2026-01-22 12:00:00,0.92924,0.92926,0.92874,0.92905,1457.0
2026-01-22 07:00:00,2026-01-22 05:00:00,2026-01-22 13:00:00,0.92909,0.92919,0.92879,0.92882,1835.0
2026-01-22 08:00:00,2026-01-22 06:00:00,2026-01-22 14:00:00,0.92882,0.92922,0.92864,0.92899,2016.0
2026-01-22 09:00:00,2026-01-22 07:00:00,2026-01-22 15:00:00,0.92894,0.92939,0.9281,0.9283,3575.0
2026-01-22 10:00:00,2026-01-22 08:00:00,2026-01-22 16:00:00,0.92833,0.92884,0.92747,0.92754,3873.0
2026-01-22 11:00:00,2026-01-22 09:00:00,2026-01-22 17:00:00,0.9275,0.92796,0.92726,0.92753,3502.0
2026-01-22 12:00:00,2026-01-22 10:00:00,2026-01-22 18:00:00,0.92753,0.92817,0.92752,0.92774,3206.0
2026-01-22 13:00:00,2026-01-22 11:00:00,2026-01-22 19:00:00,0.92776,0.92802,0.92736,0.92778,3815.0
2026-01-22 14:00:00,2026-01-22 12:00:00,2026-01-22 20:00:00,0.92776,0.92826,0.9275,0.92811,3493.0
2026-01-22 15:00:00,2026-01-22 13:00:00,2026-01-22 21:00:00,0.92811,0.9284,0.9277,0.92828,4787.0
2026-01-22 16:00:00,2026-01-22 14:00:00,2026-01-22 22:00:00,0.92827,0.92841,0.92777,0.92812,4362.0
2026-01-22 17:00:00,2026-01-22 15:00:00,2026-01-22 23:00:00,0.92811,0.92828,0.92776,0.92786,5155.0
2026-01-22 18:00:00,2026-01-22 16:00:00,2026-01-23 00:00:00,0.92786,0.92838,0.92771,0.92787,4203.0
2026-01-22 19:00:00,2026-01-22 17:00:00,2026-01-23 01:00:00,0.92786,0.92807,0.92731,0.92798,3798.0
2026-01-22 20:00:00,2026-01-22 18:00:00,2026-01-23 02:00:00,0.92798,0.9281,0.92775,0.92786,2498.0
2026-01-22 21:00:00,2026-01-22 19:00:00,2026-01-23 03:00:00,0.92785,0.9281,0.92763,0.92785,2333.0
2026-01-22 22:00:00,2026-01-22 20:00:00,2026-01-23 04:00:00,0.92782,0.92783,0.92745,0.92769,2087.0
2026-01-22 23:00:00,2026-01-22 21:00:00,2026-01-23 05:00:00,0.9277,0.92771,0.92742,0.92745,2022.0
2026-01-23 00:00:00,2026-01-22 22:00:00,2026-01-23 06:00:00,0.92668,0.92792,0.92664,0.92743,860.0
2026-01-23 01:00:00,2026-01-22 23:00:00,2026-01-23 07:00:00,0.92762,0.92781,0.92738,0.92748,1709.0
2026-01-23 02:00:00,2026-01-23 00:00:00,2026-01-23 08:00:00,0.92747,0.92768,0.9273,0.92741,1850.0
2026-01-23 03:00:00,2026-01-23 01:00:00,2026-01-23 09:00:00,0.92739,0.92789,0.92737,0.92787,3193.0
2026-01-23 04:00:00,2026-01-23 02:00:00,2026-01-23 10:00:00,0.92785,0.92836,0.92777,0.92831,2128.0
2026-01-23 05:00:00,2026-01-23 03:00:00,2026-01-23 11:00:00,0.9283,0.92836,0.92797,0.92829,2179.0
2026-01-23 06:00:00,2026-01-23 04:00:00,2026-01-23 12:00:00,0.9283,0.92843,0.92825,0.92835,1521.0
2026-01-23 07:00:00,2026-01-23 05:00:00,2026-01-23 13:00:00,0.92836,0.92858,0.92836,0.92839,1896.0
2026-01-23 08:00:00,2026-01-23 06:00:00,2026-01-23 14:00:00,0.92839,0.92868,0.92815,0.9282,2667.0
2026-01-23 09:00:00,2026-01-23 07:00:00,2026-01-23 15:00:00,0.92817,0.92851,0.92717,0.92769,4497.0
2026-01-23 10:00:00,2026-01-23 08:00:00,2026-01-23 16:00:00,0.92772,0.92827,0.92744,0.92785,4678.0
2026-01-23 11:00:00,2026-01-23 09:00:00,2026-01-23 17:00:00,0.92783,0.92833,0.92778,0.9282,4205.0
2026-01-23 12:00:00,2026-01-23 10:00:00,2026-01-23 18:00:00,0.92823,0.92846,0.92751,0.92751,3254.0
2026-01-23 13:00:00,2026-01-23 11:00:00,2026-01-23 19:00:00,0.92752,0.92836,0.92751,0.92773,3232.0
2026-01-23 14:00:00,2026-01-23 12:00:00,2026-01-23 20:00:00,0.92772,0.92805,0.92764,0.92791,2846.0
2026-01-23 15:00:00,2026-01-23 13:00:00,2026-01-23 21:00:00,0.9279,0.92802,0.92756,0.92795,3378.0
2026-01-23 16:00:00,2026-01-23 14:00:00,2026-01-23 22:00:00,0.92794,0.9283,0.92773,0.92819,3885.0
2026-01-23 17:00:00,2026-01-23 15:00:00,2026-01-23 23:00:00,0.92814,0.9287,0.9275,0.92779,4688.0
2026-01-23 18:00:00,2026-01-23 16:00:00,2026-01-24 00:00:00,0.92777,0.92806,0.92693,0.92739,6005.0
2026-01-23 19:00:00,2026-01-23 17:00:00,2026-01-24 01:00:00,0.92736,0.92798,0.92654,0.92678,7630.0
2026-01-23 20:00:00,2026-01-23 18:00:00,2026-01-24 02:00:00,0.92677,0.92717,0.92612,0.92643,5612.0
2026-01-23 21:00:00,2026-01-23 19:00:00,2026-01-24 03:00:00,0.92641,0.92647,0.92333,0.92427,4773.0
2026-01-23 22:00:00,2026-01-23 20:00:00,2026-01-24 04:00:00,0.92426,0.92505,0.92379,0.92406,4641.0
2026-01-23 23:00:00,2026-01-23 21:00:00,2026-01-24 05:00:00,0.92407,0.92434,0.92157,0.92296,3124.0
2026-01-26 00:00:00,2026-01-25 22:00:00,2026-01-26 06:00:00,0.91926,0.92139,0.919,0.92092,2973.0
2026-01-26 01:00:00,2026-01-25 23:00:00,2026-01-26 07:00:00,0.92093,0.92275,0.92052,0.92268,5478.0
2026-01-26 02:00:00,2026-01-26 00:00:00,2026-01-26 08:00:00,0.92267,0.92319,0.92191,0.92205,6214.0
2026-01-26 03:00:00,2026-01-26 01:00:00,2026-01-26 09:00:00,0.92206,0.92294,0.92167,0.92197,5729.0
2026-01-26 04:00:00,2026-01-26 02:00:00,2026-01-26 10:00:00,0.92198,0.92216,0.9216,0.92186,5032.0
2026-01-26 05:00:00,2026-01-26 03:00:00,2026-01-26 11:00:00,0.92187,0.92199,0.92151,0.9218,3242.0
2026-01-26 06:00:00,2026-01-26 04:00:00,2026-01-26 12:00:00,0.92182,0.922,0.92146,0.92175,3190.0
2026-01-26 07:00:00,2026-01-26 05:00:00,2026-01-26 13:00:00,0.92176,0.92189,0.9215,0.92186,3128.0
2026-01-26 08:00:00,2026-01-26 06:00:00,2026-01-26 14:00:00,0.92186,0.9224,0.92169,0.92194,4104.0
2026-01-26 09:00:00,2026-01-26 07:00:00,2026-01-26 15:00:00,0.92193,0.92275,0.92133,0.92247,5473.0
2026-01-26 10:00:00,2026-01-26 08:00:00,2026-01-26 16:00:00,0.92249,0.92286,0.92091,0.92108,6153.0
2026-01-26 11:00:00,2026-01-26 09:00:00,2026-01-26 17:00:00,0.92107,0.92115,0.91958,0.92045,5827.0
2026-01-26 12:00:00,2026-01-26 10:00:00,2026-01-26 18:00:00,0.9204,0.9215,0.92015,0.92139,4074.0
2026-01-26 13:00:00,2026-01-26 11:00:00,2026-01-26 19:00:00,0.9214,0.92209,0.92136,0.92157,4612.0
2026-01-26 14:00:00,2026-01-26 12:00:00,2026-01-26 20:00:00,0.92158,0.92245,0.9215,0.92192,4445.0
2026-01-26 15:00:00,2026-01-26 13:00:00,2026-01-26 21:00:00,0.92195,0.92247,0.92183,0.92203,4723.0
2026-01-26 16:00:00,2026-01-26 14:00:00,2026-01-26 22:00:00,0.92197,0.92208,0.92119,0.92124,6296.0
2026-01-26 17:00:00,2026-01-26 15:00:00,2026-01-26 23:00:00,0.92122,0.92134,0.9204,0.92069,6567.0
2026-01-26 18:00:00,2026-01-26 16:00:00,2026-01-27 00:00:00,0.9207,0.92179,0.92016,0.92155,6040.0
2026-01-26 19:00:00,2026-01-26 17:00:00,2026-01-27 01:00:00,0.92158,0.92231,0.92144,0.92205,3639.0
2026-01-26 20:00:00,2026-01-26 18:00:00,2026-01-27 02:00:00,0.92203,0.92273,0.92173,0.92248,4146.0
2026-01-26 21:00:00,2026-01-26 19:00:00,2026-01-27 03:00:00,0.9225,0.92272,0.92197,0.92223,4442.0
2026-01-26 22:00:00,2026-01-26 20:00:00,2026-01-27 04:00:00,0.9222,0.92285,0.9221,0.92282,3307.0
2026-01-26 23:00:00,2026-01-26 21:00:00,2026-01-27 05:00:00,0.92281,0.92314,0.92259,0.92305,2369.0
2026-01-27 00:00:00,2026-01-26 22:00:00,2026-01-27 06:00:00,0.9212,0.92301,0.92086,0.92298,1410.0
2026-01-27 01:00:00,2026-01-26 23:00:00,2026-01-27 07:00:00,0.92311,0.9232,0.92278,0.92299,1935.0
2026-01-27 02:00:00,2026-01-27 00:00:00,2026-01-27 08:00:00,0.923,0.92329,0.92286,0.92307,3483.0
2026-01-27 03:00:00,2026-01-27 01:00:00,2026-01-27 09:00:00,0.92306,0.9233,0.92284,0.92303,3749.0
2026-01-27 04:00:00,2026-01-27 02:00:00,2026-01-27 10:00:00,0.92301,0.92304,0.92233,0.92253,3539.0
2026-01-27 05:00:00,2026-01-27 03:00:00,2026-01-27 11:00:00,0.92252,0.92335,0.92243,0.92306,2897.0
2026-01-27 06:00:00,2026-01-27 04:00:00,2026-01-27 12:00:00,0.9231,0.92355,0.92305,0.92347,2988.0
2026-01-27 07:00:00,2026-01-27 05:00:00,2026-01-27 13:00:00,0.92346,0.92355,0.92311,0.92326,2770.0
2026-01-27 08:00:00,2026-01-27 06:00:00,2026-01-27 14:00:00,0.92327,0.92336,0.92259,0.92309,2614.0
2026-01-27 09:00:00,2026-01-27 07:00:00,2026-01-27 15:00:00,0.92307,0.92327,0.9225,0.92276,4491.0
2026-01-27 10:00:00,2026-01-27 08:00:00,2026-01-27 16:00:00,0.92275,0.92312,0.92215,0.92218,4798.0
2026-01-27 11:00:00,2026-01-27 09:00:00,2026-01-27 17:00:00,0.92217,0.92289,0.92207,0.92222,3984.0
2026-01-27 12:00:00,2026-01-27 10:00:00,2026-01-27 18:00:00,0.92219,0.92282,0.92143,0.92163,4858.0
2026-01-27 13:00:00,2026-01-27 11:00:00,2026-01-27 19:00:00,0.92165,0.92173,0.92104,0.92108,4228.0
2026-01-27 14:00:00,2026-01-27 12:00:00,2026-01-27 20:00:00,0.92107,0.92107,0.91891,0.9196,6880.0
2026-01-27 15:00:00,2026-01-27 13:00:00,2026-01-27 21:00:00,0.91957,0.91973,0.91843,0.91904,6944.0
2026-01-27 16:00:00,2026-01-27 14:00:00,2026-01-27 22:00:00,0.91901,0.91958,0.91649,0.91816,7769.0
2026-01-27 17:00:00,2026-01-27 15:00:00,2026-01-27 23:00:00,0.91821,0.91831,0.91684,0.91767,7795.0
2026-01-27 18:00:00,2026-01-27 16:00:00,2026-01-28 00:00:00,0.91766,0.91855,0.91747,0.91839,5501.0
2026-01-27 19:00:00,2026-01-27 17:00:00,2026-01-28 01:00:00,0.91836,0.91856,0.91799,0.91814,5397.0
2026-01-27 20:00:00,2026-01-27 18:00:00,2026-01-28 02:00:00,0.91812,0.9184,0.91795,0.91809,4428.0
2026-01-27 21:00:00,2026-01-27 19:00:00,2026-01-28 03:00:00,0.91812,0.91832,0.91775,0.91806,3245.0
2026-01-27 22:00:00,2026-01-27 20:00:00,2026-01-28 04:00:00,0.91807,0.91891,0.91678,0.91729,6470.0
2026-01-27 23:00:00,2026-01-27 21:00:00,2026-01-28 05:00:00,0.91727,0.91767,0.91647,0.9166,5709.0
2026-01-28 00:00:00,2026-01-27 22:00:00,2026-01-28 06:00:00,0.91596,0.91719,0.9158,0.91645,2227.0
2026-01-28 01:00:00,2026-01-27 23:00:00,2026-01-28 07:00:00,0.91658,0.91745,0.91652,0.91719,3402.0
2026-01-28 02:00:00,2026-01-28 00:00:00,2026-01-28 08:00:00,0.91719,0.91774,0.91704,0.91766,5057.0
2026-01-28 03:00:00,2026-01-28 01:00:00,2026-01-28 09:00:00,0.91767,0.91848,0.91748,0.91842,5055.0
2026-01-28 04:00:00,2026-01-28 02:00:00,2026-01-28 10:00:00,0.91843,0.9188,0.91831,0.9184,3805.0
2026-01-28 05:00:00,2026-01-28 03:00:00,2026-01-28 11:00:00,0.91841,0.91875,0.91836,0.91862,3216.0
2026-01-28 06:00:00,2026-01-28 04:00:00,2026-01-28 12:00:00,0.91863,0.91865,0.9182,0.91826,2535.0
2026-01-28 07:00:00,2026-01-28 05:00:00,2026-01-28 13:00:00,0.91826,0.91842,0.9177,0.91805,3901.0
2026-01-28 08:00:00,2026-01-28 06:00:00,2026-01-28 14:00:00,0.91806,0.91842,0.91768,0.91768,3723.0
2026-01-28 09:00:00,2026-01-28 07:00:00,2026-01-28 15:00:00,0.91765,0.91826,0.91687,0.91753,5318.0
2026-01-28 10:00:00,2026-01-28 08:00:00,2026-01-28 16:00:00,0.91754,0.921,0.91709,0.91996,6839.0
2026-01-28 11:00:00,2026-01-28 09:00:00,2026-01-28 17:00:00,0.91997,0.92026,0.91914,0.91946,5973.0
2026-01-28 12:00:00,2026-01-28 10:00:00,2026-01-28 18:00:00,0.91945,0.91973,0.91913,0.91948,4794.0
2026-01-28 13:00:00,2026-01-28 11:00:00,2026-01-28 19:00:00,0.91949,0.92007,0.91903,0.91938,4405.0
2026-01-28 14:00:00,2026-01-28 12:00:00,2026-01-28 20:00:00,0.91939,0.91945,0.91818,0.91848,4453.0
2026-01-28 15:00:00,2026-01-28 13:00:00,2026-01-28 21:00:00,0.91847,0.91909,0.9184,0.91885,5190.0
2026-01-28 16:00:00,2026-01-28 14:00:00,2026-01-28 22:00:00,0.91882,0.91909,0.91813,0.9186,5893.0
2026-01-28 17:00:00,2026-01-28 15:00:00,2026-01-28 23:00:00,0.91856,0.92116,0.91847,0.91882,9565.0
2026-01-28 18:00:00,2026-01-28 16:00:00,2026-01-29 00:00:00,0.91883,0.91959,0.91874,0.91878,6547.0
2026-01-28 19:00:00,2026-01-28 17:00:00,2026-01-29 01:00:00,0.91879,0.91921,0.91863,0.91883,4563.0
2026-01-28 20:00:00,2026-01-28 18:00:00,2026-01-29 02:00:00,0.91885,0.92002,0.91878,0.91923,4842.0
2026-01-28 21:00:00,2026-01-28 19:00:00,2026-01-29 03:00:00,0.9192,0.91968,0.91895,0.91939,7874.0
2026-01-28 22:00:00,2026-01-28 20:00:00,2026-01-29 04:00:00,0.91937,0.91937,0.91869,0.91871,4791.0
2026-01-28 23:00:00,2026-01-28 21:00:00,2026-01-29 05:00:00,0.91875,0.91887,0.91834,0.91836,2833.0
2026-01-29 00:00:00,2026-01-28 22:00:00,2026-01-29 06:00:00,0.91782,0.91889,0.91733,0.91836,1651.0
2026-01-29 01:00:00,2026-01-28 23:00:00,2026-01-29 07:00:00,0.91842,0.91867,0.91697,0.91709,3904.0
2026-01-29 02:00:00,2026-01-29 00:00:00,2026-01-29 08:00:00,0.9171,0.9171,0.91637,0.91674,4900.0
2026-01-29 03:00:00,2026-01-29 01:00:00,2026-01-29 09:00:00,0.91676,0.91796,0.91675,0.91778,4383.0
2026-01-29 04:00:00,2026-01-29 02:00:00,2026-01-29 10:00:00,0.91783,0.91814,0.91759,0.9178,3512.0
2026-01-29 05:00:00,2026-01-29 03:00:00,2026-01-29 11:00:00,0.91781,0.91791,0.91731,0.91745,3663.0
2026-01-29 06:00:00,2026-01-29 04:00:00,2026-01-29 12:00:00,0.91744,0.9177,0.91717,0.91748,3489.0
2026-01-29 07:00:00,2026-01-29 05:00:00,2026-01-29 13:00:00,0.91749,0.91775,0.91728,0.91745,2911.0
2026-01-29 08:00:00,2026-01-29 06:00:00,2026-01-29 14:00:00,0.91746,0.91773,0.91738,0.91752,3053.0
2026-01-29 09:00:00,2026-01-29 07:00:00,2026-01-29 15:00:00,0.91753,0.91835,0.91723,0.91778,4470.0
2026-01-29 10:00:00,2026-01-29 08:00:00,2026-01-29 16:00:00,0.91779,0.91829,0.91713,0.9179,5958.0
2026-01-29 11:00:00,2026-01-29 09:00:00,2026-01-29 17:00:00,0.91791,0.91816,0.91734,0.91796,4985.0
2026-01-29 12:00:00,2026-01-29 10:00:00,2026-01-29 18:00:00,0.91794,0.91802,0.91729,0.9176,4593.0
2026-01-29 13:00:00,2026-01-29 11:00:00,2026-01-29 19:00:00,0.91756,0.91826,0.91742,0.91792,4221.0
2026-01-29 14:00:00,2026-01-29 12:00:00,2026-01-29 20:00:00,0.91791,0.91816,0.91745,0.91798,3617.0
2026-01-29 15:00:00,2026-01-29 13:00:00,2026-01-29 21:00:00,0.91795,0.91819,0.91711,0.91762,5852.0
2026-01-29 16:00:00,2026-01-29 14:00:00,2026-01-29 22:00:00,0.91763,0.91811,0.91645,0.91678,6903.0
2026-01-29 17:00:00,2026-01-29 15:00:00,2026-01-29 23:00:00,0.91677,0.91789,0.91586,0.91622,9849.0
2026-01-29 18:00:00,2026-01-29 16:00:00,2026-01-30 00:00:00,0.91623,0.91662,0.9158,0.91652,7295.0
2026-01-29 19:00:00,2026-01-29 17:00:00,2026-01-30 01:00:00,0.91651,0.9167,0.91595,0.91645,5568.0
2026-01-29 20:00:00,2026-01-29 18:00:00,2026-01-30 02:00:00,0.91644,0.91669,0.91602,0.91648,4826.0
2026-01-29 21:00:00,2026-01-29 19:00:00,2026-01-30 03:00:00,0.91649,0.91657,0.91589,0.91602,3638.0
2026-01-29 22:00:00,2026-01-29 20:00:00,2026-01-30 04:00:00,0.91601,0.91611,0.91554,0.91589,3289.0
2026-01-29 23:00:00,2026-01-29 21:00:00,2026-01-30 05:00:00,0.9159,0.9162,0.91457,0.91488,2979.0
2026-01-30 00:00:00,2026-01-29 22:00:00,2026-01-30 06:00:00,0.91402,0.91507,0.91397,0.91502,4376.0
2026-01-30 01:00:00,2026-01-29 23:00:00,2026-01-30 07:00:00,0.91504,0.9153,0.9144,0.91479,3111.0
2026-01-30 02:00:00,2026-01-30 00:00:00,2026-01-30 08:00:00,0.91479,0.91543,0.91452,0.91535,5146.0
2026-01-30 03:00:00,2026-01-30 01:00:00,2026-01-30 09:00:00,0.91533,0.91598,0.9152,0.91565,5717.0
2026-01-30 04:00:00,2026-01-30 02:00:00,2026-01-30 10:00:00,0.91564,0.91626,0.91532,0.91602,6722.0
2026-01-30 05:00:00,2026-01-30 03:00:00,2026-01-30 11:00:00,0.91603,0.91638,0.91598,0.91621,3967.0
2026-01-30 06:00:00,2026-01-30 04:00:00,2026-01-30 12:00:00,0.9162,0.91642,0.91603,0.91627,2878.0
2026-01-30 07:00:00,2026-01-30 05:00:00,2026-01-30 13:00:00,0.91628,0.91662,0.91609,0.91649,3562.0
2026-01-30 08:00:00,2026-01-30 06:00:00,2026-01-30 14:00:00,0.9165,0.91652,0.91578,0.91601,4748.0
2026-01-30 09:00:00,2026-01-30 07:00:00,2026-01-30 15:00:00,0.91603,0.91666,0.91538,0.91606,6096.0
2026-01-30 10:00:00,2026-01-30 08:00:00,2026-01-30 16:00:00,0.91607,0.91646,0.91567,0.91637,5855.0
2026-01-30 11:00:00,2026-01-30 09:00:00,2026-01-30 17:00:00,0.91639,0.91739,0.91602,0.91655,6326.0
2026-01-30 12:00:00,2026-01-30 10:00:00,2026-01-30 18:00:00,0.91652,0.91673,0.91587,0.91652,4968.0
2026-01-30 13:00:00,2026-01-30 11:00:00,2026-01-30 19:00:00,0.91652,0.91698,0.91633,0.91643,4605.0
2026-01-30 14:00:00,2026-01-30 12:00:00,2026-01-30 20:00:00,0.91642,0.91648,0.91576,0.91597,4879.0
2026-01-30 15:00:00,2026-01-30 13:00:00,2026-01-30 21:00:00,0.91598,0.9162,0.91519,0.91597,6628.0
2026-01-30 16:00:00,2026-01-30 14:00:00,2026-01-30 22:00:00,0.91595,0.9162,0.91503,0.91541,6236.0
2026-01-30 17:00:00,2026-01-30 15:00:00,2026-01-30 23:00:00,0.91542,0.91621,0.91454,0.9161,8141.0
2026-01-30 18:00:00,2026-01-30 16:00:00,2026-01-31 00:00:00,0.91611,0.91666,0.91554,0.91639,6908.0
2026-01-30 19:00:00,2026-01-30 17:00:00,2026-01-31 01:00:00,0.91636,0.91664,0.91598,0.91635,6593.0
2026-01-30 20:00:00,2026-01-30 18:00:00,2026-01-31 02:00:00,0.91636,0.91666,0.91581,0.91607,7274.0
2026-01-30 21:00:00,2026-01-30 19:00:00,2026-01-31 03:00:00,0.91607,0.91634,0.9159,0.91615,5155.0
2026-01-30 22:00:00,2026-01-30 20:00:00,2026-01-31 04:00:00,0.91615,0.91638,0.91587,0.91622,4534.0
2026-01-30 23:00:00,2026-01-30 21:00:00,2026-01-31 05:00:00,0.91624,0.91647,0.91604,0.91609,2722.0
2026-02-02 00:00:00,2026-02-01 22:00:00,2026-02-02 06:00:00,0.9147,0.91626,0.91469,0.91623,1049.0
2026-02-02 01:00:00,2026-02-01 23:00:00,2026-02-02 07:00:00,0.91631,0.91731,0.91611,0.91662,5567.0
2026-02-02 02:00:00,2026-02-02 00:00:00,2026-02-02 08:00:00,0.91659,0.91705,0.91628,0.91693,5699.0
2026-02-02 03:00:00,2026-02-02 01:00:00,2026-02-02 09:00:00,0.91692,0.9171,0.91657,0.9166,5810.0
2026-02-02 04:00:00,2026-02-02 02:00:00,2026-02-02 10:00:00,0.91659,0.91723,0.91657,0.91719,4577.0
2026-02-02 05:00:00,2026-02-02 03:00:00,2026-02-02 11:00:00,0.9172,0.91721,0.91635,0.91638,4085.0
2026-02-02 06:00:00,2026-02-02 04:00:00,2026-02-02 12:00:00,0.91638,0.91645,0.91584,0.91627,4100.0
2026-02-02 07:00:00,2026-02-02 05:00:00,2026-02-02 13:00:00,0.91628,0.91652,0.91582,0.91604,4392.0
2026-02-02 08:00:00,2026-02-02 06:00:00,2026-02-02 14:00:00,0.91603,0.91644,0.91573,0.91591,5639.0
2026-02-02 09:00:00,2026-02-02 07:00:00,2026-02-02 15:00:00,0.91586,0.91694,0.91577,0.91677,5620.0
2026-02-02 10:00:00,2026-02-02 08:00:00,2026-02-02 16:00:00,0.91672,0.91797,0.91634,0.91789,5793.0
2026-02-02 11:00:00,2026-02-02 09:00:00,2026-02-02 17:00:00,0.91791,0.91921,0.91752,0.91915,5288.0
2026-02-02 12:00:00,2026-02-02 10:00:00,2026-02-02 18:00:00,0.91912,0.92119,0.91856,0.9204,5262.0
2026-02-02 13:00:00,2026-02-02 11:00:00,2026-02-02 19:00:00,0.92041,0.92063,0.91974,0.91974,4195.0
2026-02-02 14:00:00,2026-02-02 12:00:00,2026-02-02 20:00:00,0.91976,0.92006,0.91952,0.9199,4425.0
2026-02-02 15:00:00,2026-02-02 13:00:00,2026-02-02 21:00:00,0.91989,0.92103,0.91963,0.9205,6207.0
2026-02-02 16:00:00,2026-02-02 14:00:00,2026-02-02 22:00:00,0.92054,0.92138,0.92001,0.92092,6517.0
2026-02-02 17:00:00,2026-02-02 15:00:00,2026-02-02 23:00:00,0.92092,0.92173,0.92067,0.92157,8063.0
2026-02-02 18:00:00,2026-02-02 16:00:00,2026-02-03 00:00:00,0.92159,0.92172,0.9202,0.92058,6266.0
2026-02-02 19:00:00,2026-02-02 17:00:00,2026-02-03 01:00:00,0.92058,0.92074,0.92,0.92001,4968.0
2026-02-02 20:00:00,2026-02-02 18:00:00,2026-02-03 02:00:00,0.92002,0.92045,0.91959,0.91967,4418.0
2026-02-02 21:00:00,2026-02-02 19:00:00,2026-02-03 03:00:00,0.91969,0.91983,0.91913,0.91931,3687.0
2026-02-02 22:00:00,2026-02-02 20:00:00,2026-02-03 04:00:00,0.9193,0.91945,0.919,0.91916,2804.0
2026-02-02 23:00:00,2026-02-02 21:00:00,2026-02-03 05:00:00,0.91917,0.91931,0.91905,0.91921,2256.0
2026-02-03 00:00:00,2026-02-02 22:00:00,2026-02-03 06:00:00,0.91829,0.91929,0.91829,0.91927,2321.0
2026-02-03 01:00:00,2026-02-02 23:00:00,2026-02-03 07:00:00,0.91924,0.91949,0.91905,0.91917,2218.0
2026-02-03 02:00:00,2026-02-03 00:00:00,2026-02-03 08:00:00,0.91915,0.91929,0.91899,0.919,2613.0
2026-02-03 03:00:00,2026-02-03 01:00:00,2026-02-03 09:00:00,0.91901,0.91941,0.91899,0.91939,3226.0
2026-02-03 04:00:00,2026-02-03 02:00:00,2026-02-03 10:00:00,0.9194,0.9194,0.91898,0.91914,2854.0
2026-02-03 05:00:00,2026-02-03 03:00:00,2026-02-03 11:00:00,0.91913,0.91928,0.91876,0.9192,3456.0
2026-02-03 06:00:00,2026-02-03 04:00:00,2026-02-03 12:00:00,0.91921,0.91946,0.91878,0.91905,2986.0
2026-02-03 07:00:00,2026-02-03 05:00:00,2026-02-03 13:00:00,0.91906,0.91912,0.91874,0.91909,2094.0
2026-02-03 08:00:00,2026-02-03 06:00:00,2026-02-03 14:00:00,0.91907,0.91921,0.91872,0.9189,2955.0
2026-02-03 09:00:00,2026-02-03 07:00:00,2026-02-03 15:00:00,0.91889,0.91935,0.91831,0.91846,4180.0
2026-02-03 10:00:00,2026-02-03 08:00:00,2026-02-03 16:00:00,0.91845,0.91849,0.91759,0.9182,4349.0
2026-02-03 11:00:00,2026-02-03 09:00:00,2026-02-03 17:00:00,0.91819,0.91863,0.91795,0.91844,4846.0
2026-02-03 12:00:00,2026-02-03 10:00:00,2026-02-03 18:00:00,0.91845,0.9187,0.91767,0.9177,3459.0
2026-02-03 13:00:00,2026-02-03 11:00:00,2026-02-03 19:00:00,0.91767,0.91784,0.91729,0.91756,3133.0
2026-02-03 14:00:00,2026-02-03 12:00:00,2026-02-03 20:00:00,0.91757,0.91771,0.917,0.91708,3470.0
2026-02-03 15:00:00,2026-02-03 13:00:00,2026-02-03 21:00:00,0.91707,0.91726,0.91675,0.91695,4640.0
2026-02-03 16:00:00,2026-02-03 14:00:00,2026-02-03 22:00:00,0.91694,0.91773,0.91617,0.91617,5462.0
2026-02-03 17:00:00,2026-02-03 15:00:00,2026-02-03 23:00:00,0.91616,0.91661,0.91552,0.91566,6236.0
2026-02-03 18:00:00,2026-02-03 16:00:00,2026-02-04 00:00:00,0.91563,0.91614,0.91489,0.91582,5494.0
2026-02-03 19:00:00,2026-02-03 17:00:00,2026-02-04 01:00:00,0.9158,0.91608,0.91527,0.91583,4561.0
2026-02-03 20:00:00,2026-02-03 18:00:00,2026-02-04 02:00:00,0.91584,0.9159,0.91535,0.91577,4325.0
2026-02-03 21:00:00,2026-02-03 19:00:00,2026-02-04 03:00:00,0.91575,0.91627,0.91572,0.9162,3715.0
2026-02-03 22:00:00,2026-02-03 20:00:00,2026-02-04 04:00:00,0.91618,0.91664,0.91606,0.91652,2629.0
2026-02-03 23:00:00,2026-02-03 21:00:00,2026-02-04 05:00:00,0.91654,0.91667,0.9161,0.91616,1838.0
2026-02-04 00:00:00,2026-02-03 22:00:00,2026-02-04 06:00:00,0.9146,0.91634,0.91459,0.91596,2302.0
2026-02-04 01:00:00,2026-02-03 23:00:00,2026-02-04 07:00:00,0.91609,0.91664,0.91599,0.91663,1543.0
2026-02-04 02:00:00,2026-02-04 00:00:00,2026-02-04 08:00:00,0.91661,0.91717,0.91653,0.91716,2545.0
2026-02-04 03:00:00,2026-02-04 01:00:00,2026-02-04 09:00:00,0.91715,0.91755,0.9171,0.91743,3210.0
2026-02-04 04:00:00,2026-02-04 02:00:00,2026-02-04 10:00:00,0.91743,0.91752,0.91704,0.91707,2385.0
2026-02-04 05:00:00,2026-02-04 03:00:00,2026-02-04 11:00:00,0.91708,0.91727,0.91676,0.91708,2187.0
2026-02-04 06:00:00,2026-02-04 04:00:00,2026-02-04 12:00:00,0.91708,0.91735,0.91698,0.91699,1896.0
2026-02-04 07:00:00,2026-02-04 05:00:00,2026-02-04 13:00:00,0.91698,0.9172,0.91674,0.91706,1786.0
2026-02-04 08:00:00,2026-02-04 06:00:00,2026-02-04 14:00:00,0.91709,0.91725,0.91686,0.9169,2231.0
2026-02-04 09:00:00,2026-02-04 07:00:00,2026-02-04 15:00:00,0.91688,0.91816,0.91672,0.91799,3640.0
2026-02-04 10:00:00,2026-02-04 08:00:00,2026-02-04 16:00:00,0.91799,0.91832,0.91736,0.91776,4215.0
2026-02-04 11:00:00,2026-02-04 09:00:00,2026-02-04 17:00:00,0.91774,0.9178,0.91697,0.91699,3848.0
2026-02-04 12:00:00,2026-02-04 10:00:00,2026-02-04 18:00:00,0.91698,0.91763,0.91689,0.91748,3072.0
2026-02-04 13:00:00,2026-02-04 11:00:00,2026-02-04 19:00:00,0.91747,0.91761,0.91699,0.91706,3580.0
2026-02-04 14:00:00,2026-02-04 12:00:00,2026-02-04 20:00:00,0.91703,0.9171,0.91648,0.91665,2988.0
2026-02-04 15:00:00,2026-02-04 13:00:00,2026-02-04 21:00:00,0.91665,0.91713,0.91648,0.91683,4915.0
2026-02-04 16:00:00,2026-02-04 14:00:00,2026-02-04 22:00:00,0.91684,0.91699,0.91623,0.91687,5796.0
2026-02-04 17:00:00,2026-02-04 15:00:00,2026-02-04 23:00:00,0.91685,0.91717,0.91628,0.91675,6379.0
2026-02-04 18:00:00,2026-02-04 16:00:00,2026-02-05 00:00:00,0.91673,0.91689,0.91635,0.91674,5646.0
2026-02-04 19:00:00,2026-02-04 17:00:00,2026-02-05 01:00:00,0.91672,0.91684,0.91588,0.91641,5365.0
2026-02-04 20:00:00,2026-02-04 18:00:00,2026-02-05 02:00:00,0.91642,0.91674,0.91616,0.9167,4134.0
2026-02-04 21:00:00,2026-02-04 19:00:00,2026-02-05 03:00:00,0.91671,0.91712,0.9165,0.91704,4091.0
2026-02-04 22:00:00,2026-02-04 20:00:00,2026-02-05 04:00:00,0.91705,0.9174,0.91702,0.9172,2754.0
2026-02-04 23:00:00,2026-02-04 21:00:00,2026-02-05 05:00:00,0.91722,0.91781,0.91713,0.91769,2047.0
2026-02-05 00:00:00,2026-02-04 22:00:00,2026-02-05 06:00:00,0.91621,0.91755,0.91621,0.91708,956.0
2026-02-05 01:00:00,2026-02-04 23:00:00,2026-02-05 07:00:00,0.91715,0.9176,0.91713,0.91739,1610.0
2026-02-05 02:00:00,2026-02-05 00:00:00,2026-02-05 08:00:00,0.91736,0.91743,0.91702,0.91708,2131.0
2026-02-05 03:00:00,2026-02-05 01:00:00,2026-02-05 09:00:00,0.9171,0.91723,0.91696,0.91712,2821.0
2026-02-05 04:00:00,2026-02-05 02:00:00,2026-02-05 10:00:00,0.91713,0.91718,0.91662,0.91675,3604.0
2026-02-05 05:00:00,2026-02-05 03:00:00,2026-02-05 11:00:00,0.91676,0.91719,0.91672,0.91719,3311.0
2026-02-05 06:00:00,2026-02-05 04:00:00,2026-02-05 12:00:00,0.91718,0.91739,0.91717,0.91734,1493.0
2026-02-05 07:00:00,2026-02-05 05:00:00,2026-02-05 13:00:00,0.91733,0.91747,0.91726,0.91743,1933.0
2026-02-05 08:00:00,2026-02-05 06:00:00,2026-02-05 14:00:00,0.91743,0.91771,0.91737,0.9176,2704.0
2026-02-05 09:00:00,2026-02-05 07:00:00,2026-02-05 15:00:00,0.91758,0.91811,0.91754,0.91763,3526.0
2026-02-05 10:00:00,2026-02-05 08:00:00,2026-02-05 16:00:00,0.91764,0.91777,0.9169,0.91693,4073.0
2026-02-05 11:00:00,2026-02-05 09:00:00,2026-02-05 17:00:00,0.91694,0.91732,0.91668,0.91707,4209.0
2026-02-05 12:00:00,2026-02-05 10:00:00,2026-02-05 18:00:00,0.91706,0.91733,0.9168,0.91682,3183.0
2026-02-05 13:00:00,2026-02-05 11:00:00,2026-02-05 19:00:00,0.91683,0.91695,0.91662,0.91687,2995.0
2026-02-05 14:00:00,2026-02-05 12:00:00,2026-02-05 20:00:00,0.91686,0.91689,0.91507,0.91555,6613.0
2026-02-05 15:00:00,2026-02-05 13:00:00,2026-02-05 21:00:00,0.91552,0.91603,0.91445,0.91507,7192.0
2026-02-05 16:00:00,2026-02-05 14:00:00,2026-02-05 22:00:00,0.91506,0.9164,0.91501,0.91621,6917.0
2026-02-05 17:00:00,2026-02-05 15:00:00,2026-02-05 23:00:00,0.91627,0.91652,0.91484,0.91643,7554.0
2026-02-05 18:00:00,2026-02-05 16:00:00,2026-02-06 00:00:00,0.91636,0.91733,0.91611,0.91723,5984.0
2026-02-05 19:00:00,2026-02-05 17:00:00,2026-02-06 01:00:00,0.91724,0.91726,0.91667,0.9168,3551.0
2026-02-05 20:00:00,2026-02-05 18:00:00,2026-02-06 02:00:00,0.91676,0.91691,0.91626,0.9165,2654.0
2026-02-05 21:00:00,2026-02-05 19:00:00,2026-02-06 03:00:00,0.91652,0.91692,0.9164,0.91687,2415.0
2026-02-05 22:00:00,2026-02-05 20:00:00,2026-02-06 04:00:00,0.91688,0.917,0.91625,0.91677,2910.0
2026-02-05 23:00:00,2026-02-05 21:00:00,2026-02-06 05:00:00,0.91676,0.91676,0.91635,0.91642,2815.0
2026-02-06 00:00:00,2026-02-05 22:00:00,2026-02-06 06:00:00,0.91566,0.91653,0.91564,0.91625,736.0
2026-02-06 01:00:00,2026-02-05 23:00:00,2026-02-06 07:00:00,0.91625,0.91649,0.9159,0.91595,1893.0
2026-02-06 02:00:00,2026-02-06 00:00:00,2026-02-06 08:00:00,0.91593,0.91594,0.91541,0.91588,4052.0
2026-02-06 03:00:00,2026-02-06 01:00:00,2026-02-06 09:00:00,0.91588,0.91614,0.91563,0.91604,3653.0
2026-02-06 04:00:00,2026-02-06 02:00:00,2026-02-06 10:00:00,0.91605,0.91628,0.91599,0.91599,2640.0
2026-02-06 05:00:00,2026-02-06 03:00:00,2026-02-06 11:00:00,0.916,0.91626,0.91594,0.91625,1659.0
2026-02-06 06:00:00,2026-02-06 04:00:00,2026-02-06 12:00:00,0.91624,0.91627,0.91585,0.9159,1440.0
2026-02-06 07:00:00,2026-02-06 05:00:00,2026-02-06 13:00:00,0.91591,0.91631,0.91587,0.91614,2272.0
2026-02-06 08:00:00,2026-02-06 06:00:00,2026-02-06 14:00:00,0.91611,0.91623,0.9157,0.91577,2874.0
2026-02-06 09:00:00,2026-02-06 07:00:00,2026-02-06 15:00:00,0.91576,0.91677,0.91575,0.91674,3059.0
2026-02-06 10:00:00,2026-02-06 08:00:00,2026-02-06 16:00:00,0.91673,0.91812,0.91651,0.91791,3986.0
2026-02-06 11:00:00,2026-02-06 09:00:00,2026-02-06 17:00:00,0.9179,0.91805,0.91753,0.9179,3761.0
2026-02-06 12:00:00,2026-02-06 10:00:00,2026-02-06 18:00:00,0.91791,0.91796,0.91705,0.91711,3129.0
2026-02-06 13:00:00,2026-02-06 11:00:00,2026-02-06 19:00:00,0.91708,0.91758,0.91701,0.91742,3055.0
2026-02-06 14:00:00,2026-02-06 12:00:00,2026-02-06 20:00:00,0.91741,0.91752,0.91692,0.91697,2746.0
2026-02-06 15:00:00,2026-02-06 13:00:00,2026-02-06 21:00:00,0.91695,0.91783,0.91695,0.91767,3749.0
2026-02-06 16:00:00,2026-02-06 14:00:00,2026-02-06 22:00:00,0.91766,0.91793,0.91655,0.91681,5111.0
2026-02-06 17:00:00,2026-02-06 15:00:00,2026-02-06 23:00:00,0.9168,0.9172,0.91606,0.91621,5827.0
2026-02-06 18:00:00,2026-02-06 16:00:00,2026-02-07 00:00:00,0.91618,0.91674,0.91613,0.91642,4188.0
2026-02-06 19:00:00,2026-02-06 17:00:00,2026-02-07 01:00:00,0.91643,0.91669,0.91631,0.91637,3064.0
2026-02-06 20:00:00,2026-02-06 18:00:00,2026-02-07 02:00:00,0.91638,0.9166,0.91627,0.91643,1896.0
2026-02-06 21:00:00,2026-02-06 19:00:00,2026-02-07 03:00:00,0.91642,0.91656,0.91637,0.91642,1568.0
2026-02-06 22:00:00,2026-02-06 20:00:00,2026-02-07 04:00:00,0.91642,0.91673,0.91632,0.9166,1450.0
2026-02-06 23:00:00,2026-02-06 21:00:00,2026-02-07 05:00:00,0.91659,0.91682,0.9165,0.91653,1423.0
2026-02-09 00:00:00,2026-02-08 22:00:00,2026-02-09 06:00:00,0.91424,0.9171,0.91424,0.91658,1320.0
2026-02-09 01:00:00,2026-02-08 23:00:00,2026-02-09 07:00:00,0.91675,0.91791,0.9165,0.91759,3669.0
2026-02-09 02:00:00,2026-02-09 00:00:00,2026-02-09 08:00:00,0.91758,0.91759,0.91718,0.91738,4265.0
2026-02-09 03:00:00,2026-02-09 01:00:00,2026-02-09 09:00:00,0.91736,0.91736,0.91661,0.91711,4475.0
2026-02-09 04:00:00,2026-02-09 02:00:00,2026-02-09 10:00:00,0.9171,0.91766,0.9171,0.91736,2878.0
2026-02-09 05:00:00,2026-02-09 03:00:00,2026-02-09 11:00:00,0.91736,0.91746,0.91695,0.91711,2160.0
2026-02-09 06:00:00,2026-02-09 04:00:00,2026-02-09 12:00:00,0.91713,0.91728,0.91708,0.91718,1982.0
2026-02-09 07:00:00,2026-02-09 05:00:00,2026-02-09 13:00:00,0.91717,0.91725,0.91677,0.91696,2085.0
2026-02-09 08:00:00,2026-02-09 06:00:00,2026-02-09 14:00:00,0.91699,0.91707,0.91647,0.91655,4408.0
2026-02-09 09:00:00,2026-02-09 07:00:00,2026-02-09 15:00:00,0.91651,0.91666,0.91599,0.91646,4084.0
2026-02-09 10:00:00,2026-02-09 08:00:00,2026-02-09 16:00:00,0.91647,0.91689,0.91628,0.91634,4194.0
2026-02-09 11:00:00,2026-02-09 09:00:00,2026-02-09 17:00:00,0.91635,0.91643,0.91587,0.91625,3334.0
2026-02-09 12:00:00,2026-02-09 10:00:00,2026-02-09 18:00:00,0.91629,0.91651,0.91593,0.9161,3934.0
2026-02-09 13:00:00,2026-02-09 11:00:00,2026-02-09 19:00:00,0.9161,0.91615,0.91543,0.91557,3539.0
2026-02-09 14:00:00,2026-02-09 12:00:00,2026-02-09 20:00:00,0.91556,0.91557,0.91496,0.91504,3810.0
2026-02-09 15:00:00,2026-02-09 13:00:00,2026-02-09 21:00:00,0.91505,0.91546,0.91458,0.91521,5891.0
2026-02-09 16:00:00,2026-02-09 14:00:00,2026-02-09 22:00:00,0.91517,0.91537,0.91387,0.91463,6525.0
2026-02-09 17:00:00,2026-02-09 15:00:00,2026-02-09 23:00:00,0.91464,0.91494,0.91264,0.91292,6040.0
2026-02-09 18:00:00,2026-02-09 16:00:00,2026-02-10 00:00:00,0.91294,0.91399,0.91282,0.91367,4575.0
2026-02-09 19:00:00,2026-02-09 17:00:00,2026-02-10 01:00:00,0.91366,0.91407,0.91342,0.9139,2845.0
2026-02-09 20:00:00,2026-02-09 18:00:00,2026-02-10 02:00:00,0.91391,0.91392,0.91329,0.91341,2773.0
2026-02-09 21:00:00,2026-02-09 19:00:00,2026-02-10 03:00:00,0.91342,0.91359,0.91287,0.91306,2774.0
2026-02-09 22:00:00,2026-02-09 20:00:00,2026-02-10 04:00:00,0.91305,0.91333,0.91285,0.91322,2459.0
2026-02-09 23:00:00,2026-02-09 21:00:00,2026-02-10 05:00:00,0.9132,0.9134,0.91274,0.91289,1910.0
2026-02-10 00:00:00,2026-02-09 22:00:00,2026-02-10 06:00:00,0.9122,0.91332,0.91215,0.91327,934.0
2026-02-10 01:00:00,2026-02-09 23:00:00,2026-02-10 07:00:00,0.91333,0.91342,0.91307,0.91307,2507.0
2026-02-10 02:00:00,2026-02-10 00:00:00,2026-02-10 08:00:00,0.9131,0.91349,0.9131,0.91338,2746.0
2026-02-10 03:00:00,2026-02-10 01:00:00,2026-02-10 09:00:00,0.91341,0.91344,0.91303,0.91309,3042.0
2026-02-10 04:00:00,2026-02-10 02:00:00,2026-02-10 10:00:00,0.9131,0.91315,0.91278,0.9128,2611.0
2026-02-10 05:00:00,2026-02-10 03:00:00,2026-02-10 11:00:00,0.91279,0.91287,0.91235,0.91281,2209.0
2026-02-10 06:00:00,2026-02-10 04:00:00,2026-02-10 12:00:00,0.91282,0.91327,0.91275,0.91327,1640.0
2026-02-10 07:00:00,2026-02-10 05:00:00,2026-02-10 13:00:00,0.91326,0.91362,0.91324,0.91351,1875.0
2026-02-10 08:00:00,2026-02-10 06:00:00,2026-02-10 14:00:00,0.9135,0.91382,0.91323,0.91351,2542.0
2026-02-10 09:00:00,2026-02-10 07:00:00,2026-02-10 15:00:00,0.91347,0.91358,0.91305,0.91309,3133.0
2026-02-10 10:00:00,2026-02-10 08:00:00,2026-02-10 16:00:00,0.91307,0.91367,0.91278,0.91279,3597.0
2026-02-10 11:00:00,2026-02-10 09:00:00,2026-02-10 17:00:00,0.91278,0.91283,0.91196,0.91216,3209.0
2026-02-10 12:00:00,2026-02-10 10:00:00,2026-02-10 18:00:00,0.91218,0.91269,0.91185,0.91223,3076.0
2026-02-10 13:00:00,2026-02-10 11:00:00,2026-02-10 19:00:00,0.91221,0.91259,0.91212,0.91247,2446.0
2026-02-10 14:00:00,2026-02-10 12:00:00,2026-02-10 20:00:00,0.91248,0.91255,0.91156,0.91173,3870.0
2026-02-10 15:00:00,2026-02-10 13:00:00,2026-02-10 21:00:00,0.91174,0.91239,0.91101,0.91101,5173.0
2026-02-10 16:00:00,2026-02-10 14:00:00,2026-02-10 22:00:00,0.91095,0.91097,0.90949,0.90967,6409.0
2026-02-10 17:00:00,2026-02-10 15:00:00,2026-02-10 23:00:00,0.90969,0.91166,0.90954,0.9115,6497.0
2026-02-10 18:00:00,2026-02-10 16:00:00,2026-02-11 00:00:00,0.91149,0.91242,0.91138,0.9122,5069.0
2026-02-10 19:00:00,2026-02-10 17:00:00,2026-02-11 01:00:00,0.91222,0.91342,0.91207,0.9131,3741.0
2026-02-10 20:00:00,2026-02-10 18:00:00,2026-02-11 02:00:00,0.91311,0.91382,0.91302,0.91379,2909.0
2026-02-10 21:00:00,2026-02-10 19:00:00,2026-02-11 03:00:00,0.91378,0.91395,0.91327,0.91336,2727.0
2026-02-10 22:00:00,2026-02-10 20:00:00,2026-02-11 04:00:00,0.91335,0.91359,0.91328,0.91349,2330.0
2026-02-10 23:00:00,2026-02-10 21:00:00,2026-02-11 05:00:00,0.9135,0.91355,0.9133,0.91344,1959.0
2026-02-11 00:00:00,2026-02-10 22:00:00,2026-02-11 06:00:00,0.91227,0.91317,0.91202,0.91315,579.0
2026-02-11 01:00:00,2026-02-10 23:00:00,2026-02-11 07:00:00,0.91317,0.91388,0.91317,0.91375,1173.0
2026-02-11 02:00:00,2026-02-11 00:00:00,2026-02-11 08:00:00,0.91373,0.91378,0.91338,0.91364,2708.0
2026-02-11 03:00:00,2026-02-11 01:00:00,2026-02-11 09:00:00,0.91361,0.91374,0.91333,0.91372,2607.0
2026-02-11 04:00:00,2026-02-11 02:00:00,2026-02-11 10:00:00,0.91372,0.91376,0.91303,0.91313,2803.0
2026-02-11 05:00:00,2026-02-11 03:00:00,2026-02-11 11:00:00,0.91314,0.91327,0.91269,0.91287,1996.0
2026-02-11 06:00:00,2026-02-11 04:00:00,2026-02-11 12:00:00,0.91286,0.91298,0.91242,0.91246,1654.0
2026-02-11 07:00:00,2026-02-11 05:00:00,2026-02-11 13:00:00,0.91249,0.9127,0.91227,0.91235,2043.0
2026-02-11 08:00:00,2026-02-11 06:00:00,2026-02-11 14:00:00,0.91236,0.91252,0.91203,0.91241,3008.0
2026-02-11 09:00:00,2026-02-11 07:00:00,2026-02-11 15:00:00,0.91245,0.91284,0.91221,0.91261,3169.0
2026-02-11 10:00:00,2026-02-11 08:00:00,2026-02-11 16:00:00,0.91259,0.91324,0.91181,0.91307,3727.0
2026-02-11 11:00:00,2026-02-11 09:00:00,2026-02-11 17:00:00,0.91308,0.91356,0.91228,0.91259,3437.0
2026-02-11 12:00:00,2026-02-11 10:00:00,2026-02-11 18:00:00,0.91258,0.91311,0.91238,0.91307,3017.0
2026-02-11 13:00:00,2026-02-11 11:00:00,2026-02-11 19:00:00,0.91308,0.91325,0.91197,0.91239,3103.0
2026-02-11 14:00:00,2026-02-11 12:00:00,2026-02-11 20:00:00,0.91245,0.91376,0.91237,0.91373,3963.0
2026-02-11 15:00:00,2026-02-11 13:00:00,2026-02-11 21:00:00,0.91376,0.91482,0.91296,0.91425,7857.0
2026-02-11 16:00:00,2026-02-11 14:00:00,2026-02-11 22:00:00,0.91431,0.91621,0.9138,0.91535,7917.0
2026-02-11 17:00:00,2026-02-11 15:00:00,2026-02-11 23:00:00,0.91536,0.91692,0.91525,0.91611,7373.0
2026-02-11 18:00:00,2026-02-11 16:00:00,2026-02-12 00:00:00,0.9161,0.91628,0.91493,0.91502,5513.0
2026-02-11 19:00:00,2026-02-11 17:00:00,2026-02-12 01:00:00,0.91499,0.91557,0.91493,0.91528,4207.0
2026-02-11 20:00:00,2026-02-11 18:00:00,2026-02-12 02:00:00,0.91527,0.91535,0.91489,0.91534,4007.0
2026-02-11 21:00:00,2026-02-11 19:00:00,2026-02-12 03:00:00,0.91535,0.91546,0.91504,0.91534,3331.0
2026-02-11 22:00:00,2026-02-11 20:00:00,2026-02-12 04:00:00,0.91536,0.91577,0.91535,0.91573,2271.0
2026-02-11 23:00:00,2026-02-11 21:00:00,2026-02-12 05:00:00,0.91576,0.91614,0.91564,0.91608,1991.0
2026-02-12 00:00:00,2026-02-11 22:00:00,2026-02-12 06:00:00,0.91371,0.91589,0.91371,0.91547,851.0
2026-02-12 01:00:00,2026-02-11 23:00:00,2026-02-12 07:00:00,0.91559,0.91599,0.91549,0.91582,1697.0
2026-02-12 02:00:00,2026-02-12 00:00:00,2026-02-12 08:00:00,0.91581,0.91582,0.915,0.91507,2595.0
2026-02-12 03:00:00,2026-02-12 01:00:00,2026-02-12 09:00:00,0.91508,0.91553,0.91499,0.91522,3047.0
2026-02-12 04:00:00,2026-02-12 02:00:00,2026-02-12 10:00:00,0.91523,0.91525,0.91479,0.91509,2623.0
2026-02-12 05:00:00,2026-02-12 03:00:00,2026-02-12 11:00:00,0.91508,0.91509,0.9148,0.91489,2655.0
2026-02-12 06:00:00,2026-02-12 04:00:00,2026-02-12 12:00:00,0.9149,0.91518,0.91478,0.91506,2479.0
2026-02-12 07:00:00,2026-02-12 05:00:00,2026-02-12 13:00:00,0.91507,0.91533,0.91506,0.91522,2237.0
2026-02-12 08:00:00,2026-02-12 06:00:00,2026-02-12 14:00:00,0.91523,0.91595,0.91492,0.91591,4036.0
2026-02-12 09:00:00,2026-02-12 07:00:00,2026-02-12 15:00:00,0.9159,0.9161,0.9151,0.91534,3377.0
2026-02-12 10:00:00,2026-02-12 08:00:00,2026-02-12 16:00:00,0.91536,0.91585,0.91441,0.91445,3661.0
2026-02-12 11:00:00,2026-02-12 09:00:00,2026-02-12 17:00:00,0.91446,0.91458,0.9129,0.91293,3314.0
2026-02-12 12:00:00,2026-02-12 10:00:00,2026-02-12 18:00:00,0.91294,0.91322,0.91199,0.91232,2924.0
2026-02-12 13:00:00,2026-02-12 11:00:00,2026-02-12 19:00:00,0.91229,0.91241,0.91137,0.91141,2538.0
2026-02-12 14:00:00,2026-02-12 12:00:00,2026-02-12 20:00:00,0.91137,0.9138,0.91126,0.91371,3763.0
2026-02-12 15:00:00,2026-02-12 13:00:00,2026-02-12 21:00:00,0.91372,0.91454,0.91341,0.91361,4642.0
2026-02-12 16:00:00,2026-02-12 14:00:00,2026-02-12 22:00:00,0.91362,0.91439,0.91281,0.91329,5661.0
2026-02-12 17:00:00,2026-02-12 15:00:00,2026-02-12 23:00:00,0.91328,0.91329,0.91204,0.91248,5560.0
2026-02-12 18:00:00,2026-02-12 16:00:00,2026-02-13 00:00:00,0.9125,0.9136,0.91213,0.9132,7930.0
2026-02-12 19:00:00,2026-02-12 17:00:00,2026-02-13 01:00:00,0.91318,0.91356,0.91308,0.91336,4874.0
2026-02-12 20:00:00,2026-02-12 18:00:00,2026-02-13 02:00:00,0.91334,0.91345,0.9129,0.91337,4308.0
2026-02-12 21:00:00,2026-02-12 19:00:00,2026-02-13 03:00:00,0.91337,0.91378,0.91312,0.91345,3580.0
2026-02-12 22:00:00,2026-02-12 20:00:00,2026-02-13 04:00:00,0.91347,0.91363,0.91298,0.91327,2674.0
2026-02-12 23:00:00,2026-02-12 21:00:00,2026-02-13 05:00:00,0.91325,0.91336,0.91291,0.91327,1689.0
2026-02-13 00:00:00,2026-02-12 22:00:00,2026-02-13 06:00:00,0.91185,0.91298,0.91161,0.91216,812.0
2026-02-13 01:00:00,2026-02-12 23:00:00,2026-02-13 07:00:00,0.91215,0.91336,0.91215,0.91334,1832.0
2026-02-13 02:00:00,2026-02-13 00:00:00,2026-02-13 08:00:00,0.9133,0.91339,0.91293,0.91297,2694.0
2026-02-13 03:00:00,2026-02-13 01:00:00,2026-02-13 09:00:00,0.91297,0.91341,0.91288,0.91309,3220.0
2026-02-13 04:00:00,2026-02-13 02:00:00,2026-02-13 10:00:00,0.9131,0.91335,0.91308,0.91334,1914.0
2026-02-13 05:00:00,2026-02-13 03:00:00,2026-02-13 11:00:00,0.91334,0.91347,0.91317,0.91346,1714.0
2026-02-13 06:00:00,2026-02-13 04:00:00,2026-02-13 12:00:00,0.91347,0.91358,0.91308,0.91348,1921.0
2026-02-13 07:00:00,2026-02-13 05:00:00,2026-02-13 13:00:00,0.91348,0.91376,0.91323,0.91331,2603.0
2026-02-13 08:00:00,2026-02-13 06:00:00,2026-02-13 14:00:00,0.91333,0.91338,0.91306,0.91312,2857.0
2026-02-13 09:00:00,2026-02-13 07:00:00,2026-02-13 15:00:00,0.91313,0.9145,0.91299,0.91372,3939.0
2026-02-13 10:00:00,2026-02-13 08:00:00,2026-02-13 16:00:00,0.9137,0.91395,0.91312,0.91332,3559.0
2026-02-13 11:00:00,2026-02-13 09:00:00,2026-02-13 17:00:00,0.91331,0.91332,0.9126,0.91284,3044.0
2026-02-13 12:00:00,2026-02-13 10:00:00,2026-02-13 18:00:00,0.91286,0.91308,0.91247,0.91247,2657.0
2026-02-13 13:00:00,2026-02-13 11:00:00,2026-02-13 19:00:00,0.91242,0.91297,0.91216,0.91275,3231.0
2026-02-13 14:00:00,2026-02-13 12:00:00,2026-02-13 20:00:00,0.91268,0.91277,0.91198,0.91206,3323.0
2026-02-13 15:00:00,2026-02-13 13:00:00,2026-02-13 21:00:00,0.91203,0.91259,0.91145,0.91229,6343.0
2026-02-13 16:00:00,2026-02-13 14:00:00,2026-02-13 22:00:00,0.91228,0.91251,0.91138,0.91152,6561.0
2026-02-13 17:00:00,2026-02-13 15:00:00,2026-02-13 23:00:00,0.91153,0.91273,0.91133,0.91265,6286.0
2026-02-13 18:00:00,2026-02-13 16:00:00,2026-02-14 00:00:00,0.91264,0.91278,0.91185,0.91216,4802.0
2026-02-13 19:00:00,2026-02-13 17:00:00,2026-02-14 01:00:00,0.91214,0.91231,0.91177,0.9118,3491.0
2026-02-13 20:00:00,2026-02-13 18:00:00,2026-02-14 02:00:00,0.91181,0.91207,0.91175,0.91179,2301.0
2026-02-13 21:00:00,2026-02-13 19:00:00,2026-02-14 03:00:00,0.9118,0.91181,0.91148,0.91167,2049.0
2026-02-13 22:00:00,2026-02-13 20:00:00,2026-02-14 04:00:00,0.91166,0.91199,0.91153,0.91174,2383.0
2026-02-13 23:00:00,2026-02-13 21:00:00,2026-02-14 05:00:00,0.91173,0.91178,0.91098,0.91101,1430.0
2026-02-16 00:00:00,2026-02-15 22:00:00,2026-02-16 06:00:00,0.91185,0.91196,0.91094,0.911,706.0
2026-02-16 01:00:00,2026-02-15 23:00:00,2026-02-16 07:00:00,0.91131,0.91184,0.91103,0.91181,1144.0
2026-02-16 02:00:00,2026-02-16 00:00:00,2026-02-16 08:00:00,0.91181,0.91199,0.9116,0.9117,2832.0
2026-02-16 03:00:00,2026-02-16 01:00:00,2026-02-16 09:00:00,0.91171,0.91197,0.91162,0.91165,2563.0
2026-02-16 04:00:00,2026-02-16 02:00:00,2026-02-16 10:00:00,0.91166,0.91184,0.91153,0.91169,2384.0
2026-02-16 05:00:00,2026-02-16 03:00:00,2026-02-16 11:00:00,0.91168,0.91175,0.91149,0.91152,2053.0
2026-02-16 06:00:00,2026-02-16 04:00:00,2026-02-16 12:00:00,0.91153,0.91193,0.91145,0.91188,1863.0
2026-02-16 07:00:00,2026-02-16 05:00:00,2026-02-16 13:00:00,0.91187,0.91196,0.91171,0.91191,1462.0
2026-02-16 08:00:00,2026-02-16 06:00:00,2026-02-16 14:00:00,0.91192,0.91194,0.91169,0.91172,1448.0
2026-02-16 09:00:00,2026-02-16 07:00:00,2026-02-16 15:00:00,0.91171,0.91197,0.91158,0.91159,2018.0
2026-02-16 10:00:00,2026-02-16 08:00:00,2026-02-16 16:00:00,0.91161,0.91265,0.9115,0.91243,3497.0
2026-02-16 11:00:00,2026-02-16 09:00:00,2026-02-16 17:00:00,0.91242,0.913,0.91208,0.913,2589.0
2026-02-16 12:00:00,2026-02-16 10:00:00,2026-02-16 18:00:00,0.91303,0.91359,0.91269,0.91336,2367.0
2026-02-16 13:00:00,2026-02-16 11:00:00,2026-02-16 19:00:00,0.91337,0.91362,0.91295,0.91319,1871.0
2026-02-16 14:00:00,2026-02-16 12:00:00,2026-02-16 20:00:00,0.91318,0.91332,0.91281,0.91292,2076.0
2026-02-16 15:00:00,2026-02-16 13:00:00,2026-02-16 21:00:00,0.91292,0.91301,0.91249,0.91252,2425.0
2026-02-16 16:00:00,2026-02-16 14:00:00,2026-02-16 22:00:00,0.91251,0.91256,0.91207,0.91213,2430.0
2026-02-16 17:00:00,2026-02-16 15:00:00,2026-02-16 23:00:00,0.91212,0.91235,0.91191,0.912,2747.0
2026-02-16 18:00:00,2026-02-16 16:00:00,2026-02-17 00:00:00,0.91198,0.91228,0.91186,0.9119,2022.0
2026-02-16 19:00:00,2026-02-16 17:00:00,2026-02-17 01:00:00,0.91192,0.91206,0.91166,0.91189,1261.0
2026-02-16 20:00:00,2026-02-16 18:00:00,2026-02-17 02:00:00,0.91188,0.91194,0.91178,0.9119,772.0
2026-02-16 21:00:00,2026-02-16 19:00:00,2026-02-17 03:00:00,0.91191,0.912,0.91183,0.91184,608.0
2026-02-16 22:00:00,2026-02-16 20:00:00,2026-02-17 04:00:00,0.91185,0.91192,0.91182,0.91188,514.0
2026-02-16 23:00:00,2026-02-16 21:00:00,2026-02-17 05:00:00,0.91189,0.91211,0.91186,0.91198,1041.0
2026-02-17 00:00:00,2026-02-16 22:00:00,2026-02-17 06:00:00,0.91141,0.91186,0.91113,0.91141,681.0
2026-02-17 01:00:00,2026-02-16 23:00:00,2026-02-17 07:00:00,0.91161,0.91218,0.91161,0.91211,1238.0
2026-02-17 02:00:00,2026-02-17 00:00:00,2026-02-17 08:00:00,0.9121,0.91212,0.91167,0.91175,2636.0
2026-02-17 03:00:00,2026-02-17 01:00:00,2026-02-17 09:00:00,0.91174,0.91194,0.9116,0.91165,2560.0
2026-02-17 04:00:00,2026-02-17 02:00:00,2026-02-17 10:00:00,0.91163,0.91174,0.91139,0.91145,2002.0
2026-02-17 05:00:00,2026-02-17 03:00:00,2026-02-17 11:00:00,0.91144,0.91147,0.91117,0.91121,1800.0
2026-02-17 06:00:00,2026-02-17 04:00:00,2026-02-17 12:00:00,0.91122,0.91127,0.91097,0.911,1669.0
2026-02-17 07:00:00,2026-02-17 05:00:00,2026-02-17 13:00:00,0.91101,0.91105,0.91076,0.91081,2338.0
2026-02-17 08:00:00,2026-02-17 06:00:00,2026-02-17 14:00:00,0.91081,0.9111,0.91059,0.91088,2094.0
2026-02-17 09:00:00,2026-02-17 07:00:00,2026-02-17 15:00:00,0.91086,0.91172,0.9106,0.91167,3427.0
2026-02-17 10:00:00,2026-02-17 08:00:00,2026-02-17 16:00:00,0.91166,0.9117,0.91064,0.91076,4132.0
2026-02-17 11:00:00,2026-02-17 09:00:00,2026-02-17 17:00:00,0.91079,0.91156,0.9107,0.91118,2660.0
2026-02-17 12:00:00,2026-02-17 10:00:00,2026-02-17 18:00:00,0.91119,0.91131,0.9108,0.91122,2590.0
2026-02-17 13:00:00,2026-02-17 11:00:00,2026-02-17 19:00:00,0.9112,0.91166,0.91101,0.91147,2464.0
2026-02-17 14:00:00,2026-02-17 12:00:00,2026-02-17 20:00:00,0.91145,0.91177,0.91131,0.91152,3085.0
2026-02-17 15:00:00,2026-02-17 13:00:00,2026-02-17 21:00:00,0.91153,0.91209,0.91102,0.91176,4994.0
2026-02-17 16:00:00,2026-02-17 14:00:00,2026-02-17 22:00:00,0.91177,0.91281,0.91173,0.9127,5521.0
2026-02-17 17:00:00,2026-02-17 15:00:00,2026-02-17 23:00:00,0.91272,0.91398,0.91266,0.91389,6219.0
2026-02-17 18:00:00,2026-02-17 16:00:00,2026-02-18 00:00:00,0.9139,0.91401,0.91307,0.91307,5008.0
2026-02-17 19:00:00,2026-02-17 17:00:00,2026-02-18 01:00:00,0.91306,0.9132,0.91275,0.91294,3332.0
2026-02-17 20:00:00,2026-02-17 18:00:00,2026-02-18 02:00:00,0.91295,0.91327,0.91266,0.91267,3055.0
2026-02-17 21:00:00,2026-02-17 19:00:00,2026-02-18 03:00:00,0.91266,0.91278,0.9125,0.91261,2546.0
2026-02-17 22:00:00,2026-02-17 20:00:00,2026-02-18 04:00:00,0.91262,0.91281,0.91252,0.91274,1803.0
2026-02-17 23:00:00,2026-02-17 21:00:00,2026-02-18 05:00:00,0.91275,0.91293,0.91259,0.91273,1213.0
2026-02-18 00:00:00,2026-02-17 22:00:00,2026-02-18 06:00:00,0.91199,0.9127,0.91175,0.91219,2036.0
2026-02-18 01:00:00,2026-02-17 23:00:00,2026-02-18 07:00:00,0.91228,0.9131,0.91224,0.91284,1416.0
2026-02-18 02:00:00,2026-02-18 00:00:00,2026-02-18 08:00:00,0.91286,0.91293,0.91246,0.91247,1973.0
2026-02-18 03:00:00,2026-02-18 01:00:00,2026-02-18 09:00:00,0.91247,0.91286,0.91244,0.91257,2385.0
2026-02-18 04:00:00,2026-02-18 02:00:00,2026-02-18 10:00:00,0.91259,0.91289,0.91256,0.9127,1672.0
2026-02-18 05:00:00,2026-02-18 03:00:00,2026-02-18 11:00:00,0.91269,0.91309,0.91267,0.91305,1472.0
2026-02-18 06:00:00,2026-02-18 04:00:00,2026-02-18 12:00:00,0.91304,0.91314,0.91301,0.91308,1331.0
2026-02-18 07:00:00,2026-02-18 05:00:00,2026-02-18 13:00:00,0.91309,0.91313,0.91301,0.91306,996.0
2026-02-18 08:00:00,2026-02-18 06:00:00,2026-02-18 14:00:00,0.91305,0.91311,0.91275,0.91276,1714.0
2026-02-18 09:00:00,2026-02-18 07:00:00,2026-02-18 15:00:00,0.91269,0.91326,0.91263,0.91298,2801.0
2026-02-18 10:00:00,2026-02-18 08:00:00,2026-02-18 16:00:00,0.91296,0.91351,0.91274,0.91296,3198.0
2026-02-18 11:00:00,2026-02-18 09:00:00,2026-02-18 17:00:00,0.91295,0.91311,0.91245,0.9131,2724.0
2026-02-18 12:00:00,2026-02-18 10:00:00,2026-02-18 18:00:00,0.91309,0.91346,0.91299,0.91341,2297.0
2026-02-18 13:00:00,2026-02-18 11:00:00,2026-02-18 19:00:00,0.91342,0.91344,0.91248,0.91261,1934.0
2026-02-18 14:00:00,2026-02-18 12:00:00,2026-02-18 20:00:00,0.9126,0.91271,0.91222,0.91253,2972.0
2026-02-18 15:00:00,2026-02-18 13:00:00,2026-02-18 21:00:00,0.91254,0.91281,0.91223,0.91233,3601.0
2026-02-18 16:00:00,2026-02-18 14:00:00,2026-02-18 22:00:00,0.91234,0.91234,0.91167,0.91187,5041.0
2026-02-18 17:00:00,2026-02-18 15:00:00,2026-02-18 23:00:00,0.91189,0.91222,0.91171,0.91187,4862.0
2026-02-18 18:00:00,2026-02-18 16:00:00,2026-02-19 00:00:00,0.91189,0.91221,0.91165,0.91204,3814.0
2026-02-18 19:00:00,2026-02-18 17:00:00,2026-02-19 01:00:00,0.91207,0.91231,0.91185,0.91216,3060.0
2026-02-18 20:00:00,2026-02-18 18:00:00,2026-02-19 02:00:00,0.91215,0.91217,0.91095,0.91096,3226.0
2026-02-18 21:00:00,2026-02-18 19:00:00,2026-02-19 03:00:00,0.91098,0.91138,0.91056,0.91075,3271.0
2026-02-18 22:00:00,2026-02-18 20:00:00,2026-02-19 04:00:00,0.91075,0.91096,0.91071,0.91095,2472.0
2026-02-18 23:00:00,2026-02-18 21:00:00,2026-02-19 05:00:00,0.91094,0.91103,0.91075,0.91089,1559.0
2026-02-19 00:00:00,2026-02-18 22:00:00,2026-02-19 06:00:00,0.90733,0.91097,0.90682,0.91058,1119.0
2026-02-19 01:00:00,2026-02-18 23:00:00,2026-02-19 07:00:00,0.91068,0.91082,0.91055,0.91062,1372.0
2026-02-19 02:00:00,2026-02-19 00:00:00,2026-02-19 08:00:00,0.91066,0.91108,0.9106,0.91105,2000.0
2026-02-19 03:00:00,2026-02-19 01:00:00,2026-02-19 09:00:00,0.91103,0.91104,0.9107,0.91073,1979.0
2026-02-19 04:00:00,2026-02-19 02:00:00,2026-02-19 10:00:00,0.91074,0.91101,0.91062,0.91085,1946.0
2026-02-19 05:00:00,2026-02-19 03:00:00,2026-02-19 11:00:00,0.91084,0.91131,0.91084,0.91129,2116.0
2026-02-19 06:00:00,2026-02-19 04:00:00,2026-02-19 12:00:00,0.9113,0.91147,0.91122,0.9114,1905.0
2026-02-19 07:00:00,2026-02-19 05:00:00,2026-02-19 13:00:00,0.91141,0.91153,0.91133,0.91141,1940.0
2026-02-19 08:00:00,2026-02-19 06:00:00,2026-02-19 14:00:00,0.91142,0.91161,0.91109,0.91118,2576.0
2026-02-19 09:00:00,2026-02-19 07:00:00,2026-02-19 15:00:00,0.9112,0.91143,0.911,0.91143,2452.0
2026-02-19 10:00:00,2026-02-19 08:00:00,2026-02-19 16:00:00,0.9114,0.91184,0.91128,0.91163,3095.0
2026-02-19 11:00:00,2026-02-19 09:00:00,2026-02-19 17:00:00,0.91162,0.91231,0.91162,0.9123,3166.0
2026-02-19 12:00:00,2026-02-19 10:00:00,2026-02-19 18:00:00,0.91226,0.91266,0.91202,0.91212,3034.0
2026-02-19 13:00:00,2026-02-19 11:00:00,2026-02-19 19:00:00,0.9121,0.91219,0.91173,0.91193,2759.0
2026-02-19 14:00:00,2026-02-19 12:00:00,2026-02-19 20:00:00,0.91192,0.91232,0.9118,0.91224,3319.0
2026-02-19 15:00:00,2026-02-19 13:00:00,2026-02-19 21:00:00,0.91225,0.91232,0.91116,0.91135,4945.0
2026-02-19 16:00:00,2026-02-19 14:00:00,2026-02-19 22:00:00,0.91136,0.91167,0.91105,0.91157,5457.0
2026-02-19 17:00:00,2026-02-19 15:00:00,2026-02-19 23:00:00,0.91159,0.91234,0.91127,0.91226,6292.0
2026-02-19 18:00:00,2026-02-19 16:00:00,2026-02-20 00:00:00,0.91227,0.91242,0.91178,0.9124,4386.0
2026-02-19 19:00:00,2026-02-19 17:00:00,2026-02-20 01:00:00,0.91239,0.91269,0.9123,0.91245,3289.0
2026-02-19 20:00:00,2026-02-19 18:00:00,2026-02-20 02:00:00,0.91242,0.91244,0.91218,0.91226,2701.0
2026-02-19 21:00:00,2026-02-19 19:00:00,2026-02-20 03:00:00,0.91227,0.91296,0.9122,0.91279,2387.0
2026-02-19 22:00:00,2026-02-19 20:00:00,2026-02-20 04:00:00,0.91278,0.91285,0.91242,0.91252,2057.0
2026-02-19 23:00:00,2026-02-19 21:00:00,2026-02-20 05:00:00,0.91253,0.91257,0.9123,0.91241,2406.0
2026-02-20 00:00:00,2026-02-19 22:00:00,2026-02-20 06:00:00,0.91186,0.91245,0.91182,0.91226,860.0
2026-02-20 01:00:00,2026-02-19 23:00:00,2026-02-20 07:00:00,0.91231,0.91262,0.91215,0.91249,1708.0
2026-02-20 02:00:00,2026-02-20 00:00:00,2026-02-20 08:00:00,0.91248,0.91281,0.91248,0.91264,2626.0
2026-02-20 03:00:00,2026-02-20 01:00:00,2026-02-20 09:00:00,0.91267,0.91278,0.91216,0.91222,3149.0
2026-02-20 04:00:00,2026-02-20 02:00:00,2026-02-20 10:00:00,0.91223,0.91238,0.91211,0.91221,2361.0
2026-02-20 05:00:00,2026-02-20 03:00:00,2026-02-20 11:00:00,0.9122,0.91235,0.91207,0.91211,1795.0
2026-02-20 06:00:00,2026-02-20 04:00:00,2026-02-20 12:00:00,0.9121,0.91219,0.91191,0.91194,1835.0
2026-02-20 07:00:00,2026-02-20 05:00:00,2026-02-20 13:00:00,0.91195,0.91203,0.91186,0.91193,1880.0
2026-02-20 08:00:00,2026-02-20 06:00:00,2026-02-20 14:00:00,0.91191,0.91217,0.91167,0.91183,2340.0
2026-02-20 09:00:00,2026-02-20 07:00:00,2026-02-20 15:00:00,0.91186,0.91223,0.91155,0.91217,2936.0
2026-02-20 10:00:00,2026-02-20 08:00:00,2026-02-20 16:00:00,0.91216,0.91237,0.91169,0.9119,4253.0
2026-02-20 11:00:00,2026-02-20 09:00:00,2026-02-20 17:00:00,0.91192,0.9127,0.91184,0.91238,3480.0
2026-02-20 12:00:00,2026-02-20 10:00:00,2026-02-20 18:00:00,0.91237,0.9134,0.91237,0.9131,3223.0
2026-02-20 13:00:00,2026-02-20 11:00:00,2026-02-20 19:00:00,0.91308,0.91352,0.91292,0.91338,2359.0
2026-02-20 14:00:00,2026-02-20 12:00:00,2026-02-20 20:00:00,0.91339,0.91361,0.91305,0.9131,3051.0
2026-02-20 15:00:00,2026-02-20 13:00:00,2026-02-20 21:00:00,0.91311,0.91369,0.91297,0.91352,5012.0
2026-02-20 16:00:00,2026-02-20 14:00:00,2026-02-20 22:00:00,0.91352,0.91393,0.9132,0.91372,4954.0
2026-02-20 17:00:00,2026-02-20 15:00:00,2026-02-20 23:00:00,0.91371,0.91424,0.91245,0.91282,9480.0
2026-02-20 18:00:00,2026-02-20 16:00:00,2026-02-21 00:00:00,0.91278,0.91378,0.91263,0.91366,5786.0
2026-02-20 19:00:00,2026-02-20 17:00:00,2026-02-21 01:00:00,0.91365,0.91371,0.91316,0.91327,4837.0
2026-02-20 20:00:00,2026-02-20 18:00:00,2026-02-21 02:00:00,0.9133,0.91376,0.91303,0.91356,5567.0
2026-02-20 21:00:00,2026-02-20 19:00:00,2026-02-21 03:00:00,0.91357,0.9136,0.9132,0.91355,3168.0
2026-02-20 22:00:00,2026-02-20 20:00:00,2026-02-21 04:00:00,0.91357,0.91371,0.91306,0.91357,2582.0
2026-02-20 23:00:00,2026-02-20 21:00:00,2026-02-21 05:00:00,0.91355,0.91363,0.9133,0.91353,1653.0
2026-02-23 00:00:00,2026-02-22 22:00:00,2026-02-23 06:00:00,0.91157,0.9135,0.91133,0.9125,514.0
2026-02-23 01:00:00,2026-02-22 23:00:00,2026-02-23 07:00:00,0.91255,0.91379,0.91255,0.91329,3543.0
2026-02-23 02:00:00,2026-02-23 00:00:00,2026-02-23 08:00:00,0.91328,0.91334,0.91244,0.91249,3877.0
2026-02-23 03:00:00,2026-02-23 01:00:00,2026-02-23 09:00:00,0.91248,0.91283,0.91245,0.91264,4141.0
2026-02-23 04:00:00,2026-02-23 02:00:00,2026-02-23 10:00:00,0.91262,0.9127,0.91211,0.91249,3544.0
2026-02-23 05:00:00,2026-02-23 03:00:00,2026-02-23 11:00:00,0.91247,0.91297,0.91244,0.91283,2632.0
2026-02-23 06:00:00,2026-02-23 04:00:00,2026-02-23 12:00:00,0.91281,0.91313,0.91275,0.9131,1857.0
2026-02-23 07:00:00,2026-02-23 05:00:00,2026-02-23 13:00:00,0.91311,0.91322,0.91308,0.91316,2087.0
2026-02-23 08:00:00,2026-02-23 06:00:00,2026-02-23 14:00:00,0.91315,0.91346,0.913,0.91333,2707.0
2026-02-23 09:00:00,2026-02-23 07:00:00,2026-02-23 15:00:00,0.91336,0.9136,0.91297,0.91297,3175.0
2026-02-23 10:00:00,2026-02-23 08:00:00,2026-02-23 16:00:00,0.91296,0.91373,0.91277,0.9135,4039.0
2026-02-23 11:00:00,2026-02-23 09:00:00,2026-02-23 17:00:00,0.91349,0.91393,0.91337,0.91371,3490.0
2026-02-23 12:00:00,2026-02-23 10:00:00,2026-02-23 18:00:00,0.91369,0.91431,0.91349,0.91408,3031.0
2026-02-23 13:00:00,2026-02-23 11:00:00,2026-02-23 19:00:00,0.91408,0.91493,0.91402,0.91485,3506.0
2026-02-23 14:00:00,2026-02-23 12:00:00,2026-02-23 20:00:00,0.91487,0.91493,0.91425,0.91451,3603.0
2026-02-23 15:00:00,2026-02-23 13:00:00,2026-02-23 21:00:00,0.91449,0.91474,0.91399,0.91421,4306.0
2026-02-23 16:00:00,2026-02-23 14:00:00,2026-02-23 22:00:00,0.91422,0.91437,0.91333,0.91337,4912.0
2026-02-23 17:00:00,2026-02-23 15:00:00,2026-02-23 23:00:00,0.91338,0.91357,0.91275,0.91313,5582.0
2026-02-23 18:00:00,2026-02-23 16:00:00,2026-02-24 00:00:00,0.9131,0.91339,0.91282,0.91298,5147.0
2026-02-23 19:00:00,2026-02-23 17:00:00,2026-02-24 01:00:00,0.91297,0.91309,0.91272,0.91302,3335.0
2026-02-23 20:00:00,2026-02-23 18:00:00,2026-02-24 02:00:00,0.91301,0.91337,0.91298,0.91308,2616.0
2026-02-23 21:00:00,2026-02-23 19:00:00,2026-02-24 03:00:00,0.9131,0.91327,0.91293,0.91308,2630.0
2026-02-23 22:00:00,2026-02-23 20:00:00,2026-02-24 04:00:00,0.91308,0.91315,0.91289,0.91291,1796.0
2026-02-23 23:00:00,2026-02-23 21:00:00,2026-02-24 05:00:00,0.91291,0.91319,0.91277,0.91301,1855.0
2026-02-24 00:00:00,2026-02-23 22:00:00,2026-02-24 06:00:00,0.91296,0.91296,0.9125,0.91261,1200.0
2026-02-24 01:00:00,2026-02-23 23:00:00,2026-02-24 07:00:00,0.91262,0.9132,0.91262,0.91309,2048.0
2026-02-24 02:00:00,2026-02-24 00:00:00,2026-02-24 08:00:00,0.9131,0.91327,0.91297,0.91319,3006.0
2026-02-24 03:00:00,2026-02-24 01:00:00,2026-02-24 09:00:00,0.91322,0.91375,0.91315,0.91367,4140.0
2026-02-24 04:00:00,2026-02-24 02:00:00,2026-02-24 10:00:00,0.91366,0.91369,0.91337,0.91356,3058.0
2026-02-24 05:00:00,2026-02-24 03:00:00,2026-02-24 11:00:00,0.91355,0.91383,0.91341,0.91368,2771.0
2026-02-24 06:00:00,2026-02-24 04:00:00,2026-02-24 12:00:00,0.91367,0.91395,0.91347,0.91391,2197.0
2026-02-24 07:00:00,2026-02-24 05:00:00,2026-02-24 13:00:00,0.91391,0.91414,0.91348,0.9135,2566.0
2026-02-24 08:00:00,2026-02-24 06:00:00,2026-02-24 14:00:00,0.91351,0.91387,0.91334,0.91359,2666.0
2026-02-24 09:00:00,2026-02-24 07:00:00,2026-02-24 15:00:00,0.9136,0.91418,0.9134,0.91351,4684.0
2026-02-24 10:00:00,2026-02-24 08:00:00,2026-02-24 16:00:00,0.91352,0.91359,0.91225,0.91269,4351.0
2026-02-24 11:00:00,2026-02-24 09:00:00,2026-02-24 17:00:00,0.91268,0.9129,0.9122,0.91224,3398.0
2026-02-24 12:00:00,2026-02-24 10:00:00,2026-02-24 18:00:00,0.91225,0.91243,0.9114,0.91177,2740.0
2026-02-24 13:00:00,2026-02-24 11:00:00,2026-02-24 19:00:00,0.91176,0.91181,0.91129,0.91144,2507.0
2026-02-24 14:00:00,2026-02-24 12:00:00,2026-02-24 20:00:00,0.91142,0.91213,0.91142,0.91199,3254.0
2026-02-24 15:00:00,2026-02-24 13:00:00,2026-02-24 21:00:00,0.91196,0.91217,0.91175,0.91203,3983.0
2026-02-24 16:00:00,2026-02-24 14:00:00,2026-02-24 22:00:00,0.91205,0.91222,0.91158,0.91172,4910.0
2026-02-24 17:00:00,2026-02-24 15:00:00,2026-02-24 23:00:00,0.91173,0.91225,0.91158,0.91205,5268.0
2026-02-24 18:00:00,2026-02-24 16:00:00,2026-02-25 00:00:00,0.91208,0.91215,0.91155,0.91171,4032.0
2026-02-24 19:00:00,2026-02-24 17:00:00,2026-02-25 01:00:00,0.91172,0.91197,0.91141,0.91145,2648.0
2026-02-24 20:00:00,2026-02-24 18:00:00,2026-02-25 02:00:00,0.91146,0.91154,0.91101,0.91129,2557.0
2026-02-24 21:00:00,2026-02-24 19:00:00,2026-02-25 03:00:00,0.91128,0.91138,0.91098,0.91106,1980.0
2026-02-24 22:00:00,2026-02-24 20:00:00,2026-02-25 04:00:00,0.91108,0.91123,0.91099,0.91122,2180.0
2026-02-24 23:00:00,2026-02-24 21:00:00,2026-02-25 05:00:00,0.91123,0.91157,0.91114,0.91128,1672.0
2026-02-25 00:00:00,2026-02-24 22:00:00,2026-02-25 06:00:00,0.91081,0.91127,0.9106,0.91086,1092.0
2026-02-25 01:00:00,2026-02-24 23:00:00,2026-02-25 07:00:00,0.91112,0.91126,0.91108,0.91117,1393.0
2026-02-25 02:00:00,2026-02-25 00:00:00,2026-02-25 08:00:00,0.91116,0.91141,0.91097,0.91099,2741.0
2026-02-25 03:00:00,2026-02-25 01:00:00,2026-02-25 09:00:00,0.91101,0.91126,0.91097,0.91099,2792.0
2026-02-25 04:00:00,2026-02-25 02:00:00,2026-02-25 10:00:00,0.911,0.91138,0.9109,0.91125,2974.0
2026-02-25 05:00:00,2026-02-25 03:00:00,2026-02-25 11:00:00,0.91124,0.91162,0.91109,0.9114,3640.0
2026-02-25 06:00:00,2026-02-25 04:00:00,2026-02-25 12:00:00,0.91142,0.91163,0.9114,0.91147,2165.0
2026-02-25 07:00:00,2026-02-25 05:00:00,2026-02-25 13:00:00,0.91144,0.91155,0.91116,0.91126,2288.0
2026-02-25 08:00:00,2026-02-25 06:00:00,2026-02-25 14:00:00,0.91127,0.91198,0.91123,0.91193,2878.0
2026-02-25 09:00:00,2026-02-25 07:00:00,2026-02-25 15:00:00,0.91192,0.91227,0.91188,0.91192,3135.0
2026-02-25 10:00:00,2026-02-25 08:00:00,2026-02-25 16:00:00,0.91191,0.91253,0.91178,0.91244,3495.0
2026-02-25 11:00:00,2026-02-25 09:00:00,2026-02-25 17:00:00,0.91244,0.91267,0.91226,0.91241,3391.0
2026-02-25 12:00:00,2026-02-25 10:00:00,2026-02-25 18:00:00,0.91239,0.91285,0.91234,0.91252,3132.0
2026-02-25 13:00:00,2026-02-25 11:00:00,2026-02-25 19:00:00,0.9125,0.91327,0.91249,0.91309,3034.0
2026-02-25 14:00:00,2026-02-25 12:00:00,2026-02-25 20:00:00,0.91309,0.91316,0.91257,0.91291,3242.0
2026-02-25 15:00:00,2026-02-25 13:00:00,2026-02-25 21:00:00,0.91292,0.91309,0.91218,0.91241,3839.0
2026-02-25 16:00:00,2026-02-25 14:00:00,2026-02-25 22:00:00,0.9124,0.91261,0.91147,0.91193,4056.0
2026-02-25 17:00:00,2026-02-25 15:00:00,2026-02-25 23:00:00,0.91193,0.91259,0.91135,0.91255,5546.0
2026-02-25 18:00:00,2026-02-25 16:00:00,2026-02-26 00:00:00,0.91252,0.91266,0.91195,0.91218,3989.0
2026-02-25 19:00:00,2026-02-25 17:00:00,2026-02-26 01:00:00,0.91222,0.91233,0.91185,0.91208,3126.0
2026-02-25 20:00:00,2026-02-25 18:00:00,2026-02-26 02:00:00,0.91207,0.91227,0.91194,0.91226,2384.0
2026-02-25 21:00:00,2026-02-25 19:00:00,2026-02-26 03:00:00,0.91227,0.91249,0.91222,0.91243,2072.0
2026-02-25 22:00:00,2026-02-25 20:00:00,2026-02-26 04:00:00,0.91243,0.91255,0.91236,0.91251,2298.0
2026-02-25 23:00:00,2026-02-25 21:00:00,2026-02-26 05:00:00,0.9125,0.91282,0.91246,0.91248,1867.0
2026-02-26 00:00:00,2026-02-25 22:00:00,2026-02-26 06:00:00,0.91202,0.91244,0.91131,0.91215,1077.0
2026-02-26 01:00:00,2026-02-25 23:00:00,2026-02-26 07:00:00,0.91229,0.9126,0.91226,0.91231,3045.0
2026-02-26 02:00:00,2026-02-26 00:00:00,2026-02-26 08:00:00,0.9123,0.91254,0.91201,0.91223,3069.0
2026-02-26 03:00:00,2026-02-26 01:00:00,2026-02-26 09:00:00,0.91224,0.91236,0.91197,0.91208,4008.0
2026-02-26 04:00:00,2026-02-26 02:00:00,2026-02-26 10:00:00,0.91209,0.91227,0.91195,0.91222,2840.0
2026-02-26 05:00:00,2026-02-26 03:00:00,2026-02-26 11:00:00,0.91223,0.91245,0.91203,0.91241,2324.0
2026-02-26 06:00:00,2026-02-26 04:00:00,2026-02-26 12:00:00,0.91239,0.91258,0.91235,0.91241,2451.0
2026-02-26 07:00:00,2026-02-26 05:00:00,2026-02-26 13:00:00,0.9124,0.91254,0.91231,0.91245,2781.0
2026-02-26 08:00:00,2026-02-26 06:00:00,2026-02-26 14:00:00,0.91245,0.91251,0.9122,0.91234,2749.0
2026-02-26 09:00:00,2026-02-26 07:00:00,2026-02-26 15:00:00,0.91236,0.91251,0.91187,0.91193,3340.0
2026-02-26 10:00:00,2026-02-26 08:00:00,2026-02-26 16:00:00,0.91195,0.91285,0.91184,0.91267,4261.0
2026-02-26 11:00:00,2026-02-26 09:00:00,2026-02-26 17:00:00,0.91267,0.91333,0.9124,0.91301,4001.0
2026-02-26 12:00:00,2026-02-26 10:00:00,2026-02-26 18:00:00,0.913,0.91398,0.91297,0.91385,2798.0
2026-02-26 13:00:00,2026-02-26 11:00:00,2026-02-26 19:00:00,0.91385,0.91509,0.91384,0.91476,2773.0
2026-02-26 14:00:00,2026-02-26 12:00:00,2026-02-26 20:00:00,0.91477,0.91479,0.9142,0.91428,3067.0
2026-02-26 15:00:00,2026-02-26 13:00:00,2026-02-26 21:00:00,0.91426,0.91451,0.91392,0.91398,4449.0
2026-02-26 16:00:00,2026-02-26 14:00:00,2026-02-26 22:00:00,0.91401,0.91404,0.91348,0.91369,4933.0
2026-02-26 17:00:00,2026-02-26 15:00:00,2026-02-26 23:00:00,0.9137,0.9138,0.9126,0.91289,6757.0
2026-02-26 18:00:00,2026-02-26 16:00:00,2026-02-27 00:00:00,0.91288,0.91305,0.91248,0.91251,4476.0
2026-02-26 19:00:00,2026-02-26 17:00:00,2026-02-27 01:00:00,0.91252,0.91273,0.91218,0.91266,3594.0
2026-02-26 20:00:00,2026-02-26 18:00:00,2026-02-27 02:00:00,0.91264,0.91326,0.91256,0.91307,3534.0
2026-02-26 21:00:00,2026-02-26 19:00:00,2026-02-27 03:00:00,0.91303,0.91328,0.91298,0.91311,2336.0
2026-02-26 22:00:00,2026-02-26 20:00:00,2026-02-27 04:00:00,0.91312,0.91335,0.91301,0.91332,1764.0
2026-02-26 23:00:00,2026-02-26 21:00:00,2026-02-27 05:00:00,0.91331,0.91346,0.91301,0.91306,1433.0
2026-02-27 00:00:00,2026-02-26 22:00:00,2026-02-27 06:00:00,0.91242,0.91295,0.91234,0.91256,1032.0
2026-02-27 01:00:00,2026-02-26 23:00:00,2026-02-27 07:00:00,0.91263,0.91307,0.91259,0.91265,1678.0
2026-02-27 02:00:00,2026-02-27 00:00:00,2026-02-27 08:00:00,0.91264,0.91273,0.91222,0.91233,3236.0
2026-02-27 03:00:00,2026-02-27 01:00:00,2026-02-27 09:00:00,0.91234,0.91254,0.91229,0.91241,3794.0
2026-02-27 04:00:00,2026-02-27 02:00:00,2026-02-27 10:00:00,0.91242,0.91276,0.91227,0.91248,3208.0
2026-02-27 05:00:00,2026-02-27 03:00:00,2026-02-27 11:00:00,0.91247,0.91258,0.91235,0.91252,2586.0
2026-02-27 06:00:00,2026-02-27 04:00:00,2026-02-27 12:00:00,0.91249,0.91268,0.91245,0.91251,2318.0
2026-02-27 07:00:00,2026-02-27 05:00:00,2026-02-27 13:00:00,0.91249,0.91281,0.91249,0.9127,2572.0
2026-02-27 08:00:00,2026-02-27 06:00:00,2026-02-27 14:00:00,0.91271,0.91273,0.91231,0.91252,3299.0
2026-02-27 09:00:00,2026-02-27 07:00:00,2026-02-27 15:00:00,0.91256,0.91351,0.91255,0.91318,3529.0
2026-02-27 10:00:00,2026-02-27 08:00:00,2026-02-27 16:00:00,0.91312,0.91329,0.91254,0.91284,4204.0
2026-02-27 11:00:00,2026-02-27 09:00:00,2026-02-27 17:00:00,0.9128,0.91287,0.91164,0.91166,3354.0
2026-02-27 12:00:00,2026-02-27 10:00:00,2026-02-27 18:00:00,0.91165,0.91196,0.91127,0.91173,2898.0
2026-02-27 13:00:00,2026-02-27 11:00:00,2026-02-27 19:00:00,0.91175,0.91196,0.91113,0.91122,2788.0
2026-02-27 14:00:00,2026-02-27 12:00:00,2026-02-27 20:00:00,0.9112,0.91124,0.91052,0.91068,3188.0
2026-02-27 15:00:00,2026-02-27 13:00:00,2026-02-27 21:00:00,0.91067,0.91075,0.90821,0.90866,6256.0
2026-02-27 16:00:00,2026-02-27 14:00:00,2026-02-27 22:00:00,0.90864,0.90867,0.90678,0.90693,5847.0
2026-02-27 17:00:00,2026-02-27 15:00:00,2026-02-27 23:00:00,0.90689,0.90795,0.90609,0.90794,6507.0
2026-02-27 18:00:00,2026-02-27 16:00:00,2026-02-28 00:00:00,0.90792,0.90895,0.90789,0.9087,5136.0
2026-02-27 19:00:00,2026-02-27 17:00:00,2026-02-28 01:00:00,0.90871,0.90908,0.90843,0.90847,3626.0
2026-02-27 20:00:00,2026-02-27 18:00:00,2026-02-28 02:00:00,0.90846,0.90857,0.90761,0.90761,2439.0
2026-02-27 21:00:00,2026-02-27 19:00:00,2026-02-28 03:00:00,0.90762,0.90794,0.90754,0.90791,2154.0
2026-02-27 22:00:00,2026-02-27 20:00:00,2026-02-28 04:00:00,0.90789,0.90841,0.90787,0.90835,2051.0
2026-02-27 23:00:00,2026-02-27 21:00:00,2026-02-28 05:00:00,0.90837,0.90912,0.9081,0.909,1882.0
2026-03-02 00:00:00,2026-03-01 22:00:00,2026-03-02 06:00:00,0.90257,0.90407,0.9024,0.90341,1631.0
2026-03-02 01:00:00,2026-03-01 23:00:00,2026-03-02 07:00:00,0.90323,0.90595,0.9032,0.90492,5793.0
2026-03-02 02:00:00,2026-03-02 00:00:00,2026-03-02 08:00:00,0.9049,0.90548,0.90478,0.90539,4706.0
2026-03-02 03:00:00,2026-03-02 01:00:00,2026-03-02 09:00:00,0.9054,0.90658,0.90539,0.90615,4894.0
2026-03-02 04:00:00,2026-03-02 02:00:00,2026-03-02 10:00:00,0.90616,0.90642,0.90548,0.90581,3483.0
2026-03-02 05:00:00,2026-03-02 03:00:00,2026-03-02 11:00:00,0.9058,0.90589,0.90562,0.90566,2774.0
2026-03-02 06:00:00,2026-03-02 04:00:00,2026-03-02 12:00:00,0.90567,0.90587,0.90552,0.90552,2511.0
2026-03-02 07:00:00,2026-03-02 05:00:00,2026-03-02 13:00:00,0.9055,0.90568,0.90462,0.90466,3190.0
2026-03-02 08:00:00,2026-03-02 06:00:00,2026-03-02 14:00:00,0.90465,0.90473,0.90337,0.90369,5278.0
2026-03-02 09:00:00,2026-03-02 07:00:00,2026-03-02 15:00:00,0.90366,0.90572,0.90362,0.90531,6659.0
2026-03-02 10:00:00,2026-03-02 08:00:00,2026-03-02 16:00:00,0.90533,0.90624,0.90483,0.90582,7003.0
2026-03-02 11:00:00,2026-03-02 09:00:00,2026-03-02 17:00:00,0.90583,0.90612,0.90511,0.90593,5566.0
2026-03-02 12:00:00,2026-03-02 10:00:00,2026-03-02 18:00:00,0.90597,0.90738,0.90579,0.90728,4462.0
2026-03-02 13:00:00,2026-03-02 11:00:00,2026-03-02 19:00:00,0.90726,0.90943,0.9072,0.90934,4477.0
2026-03-02 14:00:00,2026-03-02 12:00:00,2026-03-02 20:00:00,0.90935,0.91223,0.90933,0.91024,5888.0
2026-03-02 15:00:00,2026-03-02 13:00:00,2026-03-02 21:00:00,0.91023,0.91181,0.91019,0.9104,6637.0
2026-03-02 16:00:00,2026-03-02 14:00:00,2026-03-02 22:00:00,0.91042,0.91203,0.90998,0.91179,6972.0
2026-03-02 17:00:00,2026-03-02 15:00:00,2026-03-02 23:00:00,0.91185,0.91307,0.91131,0.91134,6946.0
2026-03-02 18:00:00,2026-03-02 16:00:00,2026-03-03 00:00:00,0.91136,0.91215,0.91124,0.91149,6736.0
2026-03-02 19:00:00,2026-03-02 17:00:00,2026-03-03 01:00:00,0.91151,0.91176,0.91104,0.91119,4859.0
2026-03-02 20:00:00,2026-03-02 18:00:00,2026-03-03 02:00:00,0.91118,0.91136,0.91084,0.91115,3812.0
2026-03-02 21:00:00,2026-03-02 19:00:00,2026-03-03 03:00:00,0.91117,0.91139,0.91092,0.91121,3077.0
2026-03-02 22:00:00,2026-03-02 20:00:00,2026-03-03 04:00:00,0.91124,0.91142,0.91092,0.91136,4255.0
2026-03-02 23:00:00,2026-03-02 21:00:00,2026-03-03 05:00:00,0.91135,0.91136,0.91107,0.91109,1876.0
2026-03-03 00:00:00,2026-03-02 22:00:00,2026-03-03 06:00:00,0.91059,0.91125,0.91005,0.91055,2396.0
2026-03-03 01:00:00,2026-03-02 23:00:00,2026-03-03 07:00:00,0.91086,0.911,0.91056,0.91076,2595.0
2026-03-03 02:00:00,2026-03-03 00:00:00,2026-03-03 08:00:00,0.91077,0.91137,0.91065,0.9113,3441.0
2026-03-03 03:00:00,2026-03-03 01:00:00,2026-03-03 09:00:00,0.91125,0.91178,0.9112,0.91136,4404.0
2026-03-03 04:00:00,2026-03-03 02:00:00,2026-03-03 10:00:00,0.91135,0.91176,0.91125,0.91168,4568.0
2026-03-03 05:00:00,2026-03-03 03:00:00,2026-03-03 11:00:00,0.91169,0.91222,0.91169,0.91204,2813.0
2026-03-03 06:00:00,2026-03-03 04:00:00,2026-03-03 12:00:00,0.91203,0.91244,0.91202,0.91216,2884.0
2026-03-03 07:00:00,2026-03-03 05:00:00,2026-03-03 13:00:00,0.91217,0.9123,0.91132,0.91158,4159.0
2026-03-03 08:00:00,2026-03-03 06:00:00,2026-03-03 14:00:00,0.91159,0.91189,0.91127,0.91148,4396.0
2026-03-03 09:00:00,2026-03-03 07:00:00,2026-03-03 15:00:00,0.91144,0.91212,0.91123,0.91154,5696.0
2026-03-03 10:00:00,2026-03-03 08:00:00,2026-03-03 16:00:00,0.91153,0.9126,0.91118,0.91148,7387.0
2026-03-03 11:00:00,2026-03-03 09:00:00,2026-03-03 17:00:00,0.91147,0.91262,0.91124,0.91193,7073.0
2026-03-03 12:00:00,2026-03-03 10:00:00,2026-03-03 18:00:00,0.91195,0.91275,0.91185,0.91252,5899.0
2026-03-03 13:00:00,2026-03-03 11:00:00,2026-03-03 19:00:00,0.9125,0.9127,0.91199,0.91201,6719.0
2026-03-03 14:00:00,2026-03-03 12:00:00,2026-03-03 20:00:00,0.91203,0.91226,0.91059,0.91063,6189.0
2026-03-03 15:00:00,2026-03-03 13:00:00,2026-03-03 21:00:00,0.91066,0.91087,0.91012,0.91022,6320.0
2026-03-03 16:00:00,2026-03-03 14:00:00,2026-03-03 22:00:00,0.91023,0.91031,0.90765,0.90782,7644.0
2026-03-03 17:00:00,2026-03-03 15:00:00,2026-03-03 23:00:00,0.90774,0.90934,0.90705,0.90835,9518.0
2026-03-03 18:00:00,2026-03-03 16:00:00,2026-03-04 00:00:00,0.90834,0.90834,0.90666,0.90832,8370.0
2026-03-03 19:00:00,2026-03-03 17:00:00,2026-03-04 01:00:00,0.90831,0.90852,0.90717,0.90741,6927.0
2026-03-03 20:00:00,2026-03-03 18:00:00,2026-03-04 02:00:00,0.9074,0.90832,0.90729,0.90827,5316.0
2026-03-03 21:00:00,2026-03-03 19:00:00,2026-03-04 03:00:00,0.90826,0.90848,0.90765,0.90768,5809.0
2026-03-03 22:00:00,2026-03-03 20:00:00,2026-03-04 04:00:00,0.90767,0.90785,0.90741,0.90749,4813.0
2026-03-03 23:00:00,2026-03-03 21:00:00,2026-03-04 05:00:00,0.90747,0.90808,0.90721,0.90796,3075.0
2026-03-04 00:00:00,2026-03-03 22:00:00,2026-03-04 06:00:00,0.90764,0.90849,0.90711,0.90803,1762.0
2026-03-04 01:00:00,2026-03-03 23:00:00,2026-03-04 07:00:00,0.90739,0.90881,0.90739,0.90802,3252.0
2026-03-04 02:00:00,2026-03-04 00:00:00,2026-03-04 08:00:00,0.90803,0.90807,0.90632,0.90675,4483.0
2026-03-04 03:00:00,2026-03-04 01:00:00,2026-03-04 09:00:00,0.90675,0.90706,0.90649,0.90682,5436.0
2026-03-04 04:00:00,2026-03-04 02:00:00,2026-03-04 10:00:00,0.9068,0.90696,0.90649,0.90658,4903.0
2026-03-04 05:00:00,2026-03-04 03:00:00,2026-03-04 11:00:00,0.90659,0.9066,0.90611,0.90628,3578.0
2026-03-04 06:00:00,2026-03-04 04:00:00,2026-03-04 12:00:00,0.90626,0.90629,0.90572,0.90613,3311.0
2026-03-04 07:00:00,2026-03-04 05:00:00,2026-03-04 13:00:00,0.90612,0.90663,0.90612,0.90658,3760.0
2026-03-04 08:00:00,2026-03-04 06:00:00,2026-03-04 14:00:00,0.90659,0.90685,0.90614,0.90616,4213.0
2026-03-04 09:00:00,2026-03-04 07:00:00,2026-03-04 15:00:00,0.90612,0.90656,0.9056,0.90645,4401.0
2026-03-04 10:00:00,2026-03-04 08:00:00,2026-03-04 16:00:00,0.90644,0.90757,0.90602,0.90731,5885.0
2026-03-04 11:00:00,2026-03-04 09:00:00,2026-03-04 17:00:00,0.9073,0.90984,0.90683,0.90943,5600.0
2026-03-04 12:00:00,2026-03-04 10:00:00,2026-03-04 18:00:00,0.90941,0.90983,0.90839,0.90872,7034.0
2026-03-04 13:00:00,2026-03-04 11:00:00,2026-03-04 19:00:00,0.90871,0.90906,0.90811,0.90826,4961.0
2026-03-04 14:00:00,2026-03-04 12:00:00,2026-03-04 20:00:00,0.90825,0.90846,0.90753,0.90819,5253.0
2026-03-04 15:00:00,2026-03-04 13:00:00,2026-03-04 21:00:00,0.90815,0.90845,0.9079,0.908,6329.0
2026-03-04 16:00:00,2026-03-04 14:00:00,2026-03-04 22:00:00,0.90805,0.90876,0.90766,0.90811,7462.0
2026-03-04 17:00:00,2026-03-04 15:00:00,2026-03-04 23:00:00,0.9081,0.9086,0.90741,0.90787,7142.0
2026-03-04 18:00:00,2026-03-04 16:00:00,2026-03-05 00:00:00,0.90786,0.90816,0.90718,0.90752,6189.0
2026-03-04 19:00:00,2026-03-04 17:00:00,2026-03-05 01:00:00,0.90751,0.9077,0.90717,0.9072,4295.0
2026-03-04 20:00:00,2026-03-04 18:00:00,2026-03-05 02:00:00,0.90722,0.90738,0.90659,0.90676,3452.0
2026-03-04 21:00:00,2026-03-04 19:00:00,2026-03-05 03:00:00,0.90678,0.90682,0.9064,0.90651,3038.0
2026-03-04 22:00:00,2026-03-04 20:00:00,2026-03-05 04:00:00,0.90651,0.90696,0.9065,0.90693,2652.0
2026-03-04 23:00:00,2026-03-04 21:00:00,2026-03-05 05:00:00,0.90694,0.90709,0.90652,0.90655,1923.0
2026-03-05 00:00:00,2026-03-04 22:00:00,2026-03-05 06:00:00,0.90551,0.90675,0.9055,0.90641,1213.0
2026-03-05 01:00:00,2026-03-04 23:00:00,2026-03-05 07:00:00,0.90646,0.90673,0.90636,0.90656,2050.0
2026-03-05 02:00:00,2026-03-05 00:00:00,2026-03-05 08:00:00,0.90656,0.90666,0.90642,0.90647,2685.0
2026-03-05 03:00:00,2026-03-05 01:00:00,2026-03-05 09:00:00,0.90646,0.90666,0.90608,0.90622,4581.0
2026-03-05 04:00:00,2026-03-05 02:00:00,2026-03-05 10:00:00,0.90619,0.90648,0.90615,0.90634,3916.0
2026-03-05 05:00:00,2026-03-05 03:00:00,2026-03-05 11:00:00,0.90631,0.90635,0.90579,0.90591,3898.0
2026-03-05 06:00:00,2026-03-05 04:00:00,2026-03-05 12:00:00,0.90589,0.90593,0.90569,0.90576,2804.0
2026-03-05 07:00:00,2026-03-05 05:00:00,2026-03-05 13:00:00,0.90575,0.90619,0.90569,0.9061,3212.0
2026-03-05 08:00:00,2026-03-05 06:00:00,2026-03-05 14:00:00,0.90605,0.90629,0.90582,0.90603,4818.0
2026-03-05 09:00:00,2026-03-05 07:00:00,2026-03-05 15:00:00,0.90602,0.90652,0.90547,0.90569,4591.0
2026-03-05 10:00:00,2026-03-05 08:00:00,2026-03-05 16:00:00,0.90572,0.90615,0.90514,0.90598,5291.0
2026-03-05 11:00:00,2026-03-05 09:00:00,2026-03-05 17:00:00,0.90597,0.9072,0.90495,0.9053,7585.0
2026-03-05 12:00:00,2026-03-05 10:00:00,2026-03-05 18:00:00,0.90529,0.90618,0.90498,0.90617,4189.0
2026-03-05 13:00:00,2026-03-05 11:00:00,2026-03-05 19:00:00,0.90618,0.90638,0.90548,0.90586,3863.0
2026-03-05 14:00:00,2026-03-05 12:00:00,2026-03-05 20:00:00,0.90585,0.90644,0.9051,0.90631,5276.0
2026-03-05 15:00:00,2026-03-05 13:00:00,2026-03-05 21:00:00,0.90634,0.90656,0.90601,0.90624,5658.0
2026-03-05 16:00:00,2026-03-05 14:00:00,2026-03-05 22:00:00,0.9062,0.90633,0.90508,0.90562,7100.0
2026-03-05 17:00:00,2026-03-05 15:00:00,2026-03-05 23:00:00,0.90564,0.90572,0.90499,0.90556,6814.0
2026-03-05 18:00:00,2026-03-05 16:00:00,2026-03-06 00:00:00,0.90557,0.9061,0.90524,0.90572,6942.0
2026-03-05 19:00:00,2026-03-05 17:00:00,2026-03-06 01:00:00,0.90571,0.90668,0.90559,0.90666,6807.0
2026-03-05 20:00:00,2026-03-05 18:00:00,2026-03-06 02:00:00,0.90664,0.90675,0.90623,0.90657,5982.0
2026-03-05 21:00:00,2026-03-05 19:00:00,2026-03-06 03:00:00,0.90658,0.90686,0.90639,0.90676,5028.0
2026-03-05 22:00:00,2026-03-05 20:00:00,2026-03-06 04:00:00,0.90675,0.9071,0.90627,0.90638,5775.0
2026-03-05 23:00:00,2026-03-05 21:00:00,2026-03-06 05:00:00,0.90636,0.90656,0.90617,0.90643,2596.0
2026-03-06 00:00:00,2026-03-05 22:00:00,2026-03-06 06:00:00,0.90571,0.90658,0.90571,0.90622,964.0
2026-03-06 01:00:00,2026-03-05 23:00:00,2026-03-06 07:00:00,0.9061,0.90662,0.9061,0.90634,2323.0
2026-03-06 02:00:00,2026-03-06 00:00:00,2026-03-06 08:00:00,0.90633,0.90652,0.90624,0.90652,3489.0
2026-03-06 03:00:00,2026-03-06 01:00:00,2026-03-06 09:00:00,0.90647,0.90666,0.90639,0.90661,4630.0
2026-03-06 04:00:00,2026-03-06 02:00:00,2026-03-06 10:00:00,0.90662,0.90674,0.90653,0.90663,2992.0
2026-03-06 05:00:00,2026-03-06 03:00:00,2026-03-06 11:00:00,0.90662,0.90673,0.90656,0.9067,3029.0
2026-03-06 06:00:00,2026-03-06 04:00:00,2026-03-06 12:00:00,0.90671,0.90672,0.90644,0.90648,2762.0
2026-03-06 07:00:00,2026-03-06 05:00:00,2026-03-06 13:00:00,0.90649,0.90663,0.9063,0.90652,3406.0
2026-03-06 08:00:00,2026-03-06 06:00:00,2026-03-06 14:00:00,0.90651,0.90657,0.90625,0.90633,3389.0
2026-03-06 09:00:00,2026-03-06 07:00:00,2026-03-06 15:00:00,0.90636,0.90644,0.90526,0.90528,3745.0
2026-03-06 10:00:00,2026-03-06 08:00:00,2026-03-06 16:00:00,0.90524,0.90566,0.90505,0.90516,4526.0
2026-03-06 11:00:00,2026-03-06 09:00:00,2026-03-06 17:00:00,0.90515,0.90517,0.90461,0.90507,5255.0
2026-03-06 12:00:00,2026-03-06 10:00:00,2026-03-06 18:00:00,0.90508,0.90529,0.90466,0.90489,4471.0
2026-03-06 13:00:00,2026-03-06 11:00:00,2026-03-06 19:00:00,0.9049,0.90497,0.90422,0.90431,4984.0
2026-03-06 14:00:00,2026-03-06 12:00:00,2026-03-06 20:00:00,0.90429,0.90442,0.90381,0.90406,5257.0
2026-03-06 15:00:00,2026-03-06 13:00:00,2026-03-06 21:00:00,0.90405,0.90468,0.90298,0.90331,8155.0
2026-03-06 16:00:00,2026-03-06 14:00:00,2026-03-06 22:00:00,0.90332,0.90377,0.90201,0.90205,8439.0
2026-03-06 17:00:00,2026-03-06 15:00:00,2026-03-06 23:00:00,0.90206,0.90284,0.90165,0.90267,8531.0
2026-03-06 18:00:00,2026-03-06 16:00:00,2026-03-07 00:00:00,0.90269,0.9031,0.90236,0.90258,6869.0
2026-03-06 19:00:00,2026-03-06 17:00:00,2026-03-07 01:00:00,0.90259,0.90266,0.90145,0.90159,6103.0
2026-03-06 20:00:00,2026-03-06 18:00:00,2026-03-07 02:00:00,0.90159,0.90187,0.90086,0.90121,5809.0
2026-03-06 21:00:00,2026-03-06 19:00:00,2026-03-07 03:00:00,0.90122,0.9017,0.90119,0.90155,4396.0
2026-03-06 22:00:00,2026-03-06 20:00:00,2026-03-07 04:00:00,0.90157,0.90181,0.90145,0.9017,4335.0
2026-03-06 23:00:00,2026-03-06 21:00:00,2026-03-07 05:00:00,0.90169,0.90205,0.90101,0.90121,3006.0
2026-03-09 00:00:00,2026-03-08 21:00:00,2026-03-09 05:00:00,0.89986,0.90043,0.8998,0.90002,596.0
2026-03-09 01:00:00,2026-03-08 22:00:00,2026-03-09 06:00:00,0.90017,0.90043,0.89902,0.8998,4672.0
2026-03-09 02:00:00,2026-03-08 23:00:00,2026-03-09 07:00:00,0.89978,0.90056,0.89965,0.90028,5474.0
2026-03-09 03:00:00,2026-03-09 00:00:00,2026-03-09 08:00:00,0.90027,0.90061,0.90001,0.90037,5213.0
2026-03-09 04:00:00,2026-03-09 01:00:00,2026-03-09 09:00:00,0.90036,0.90083,0.9002,0.90054,5518.0
2026-03-09 05:00:00,2026-03-09 02:00:00,2026-03-09 10:00:00,0.90054,0.9009,0.90001,0.9005,5195.0
2026-03-09 06:00:00,2026-03-09 03:00:00,2026-03-09 11:00:00,0.90051,0.90064,0.8997,0.89972,3754.0
2026-03-09 07:00:00,2026-03-09 04:00:00,2026-03-09 12:00:00,0.89973,0.89997,0.8997,0.89979,3331.0
2026-03-09 08:00:00,2026-03-09 05:00:00,2026-03-09 13:00:00,0.89981,0.901,0.89961,0.90085,6046.0
2026-03-09 09:00:00,2026-03-09 06:00:00,2026-03-09 14:00:00,0.90084,0.90132,0.90055,0.90068,5104.0
2026-03-09 10:00:00,2026-03-09 07:00:00,2026-03-09 15:00:00,0.90065,0.90123,0.89946,0.89979,6246.0
2026-03-09 11:00:00,2026-03-09 08:00:00,2026-03-09 16:00:00,0.89976,0.90015,0.89807,0.90014,7253.0
2026-03-09 12:00:00,2026-03-09 09:00:00,2026-03-09 17:00:00,0.90015,0.90094,0.89979,0.90044,6703.0
2026-03-09 13:00:00,2026-03-09 10:00:00,2026-03-09 18:00:00,0.90044,0.90055,0.8998,0.9002,5870.0
2026-03-09 14:00:00,2026-03-09 11:00:00,2026-03-09 19:00:00,0.90021,0.90077,0.90004,0.90066,5201.0
2026-03-09 15:00:00,2026-03-09 12:00:00,2026-03-09 20:00:00,0.90065,0.90084,0.90045,0.90069,4893.0
2026-03-09 16:00:00,2026-03-09 13:00:00,2026-03-09 21:00:00,0.90071,0.90204,0.90064,0.90172,6357.0
2026-03-09 17:00:00,2026-03-09 14:00:00,2026-03-09 22:00:00,0.90171,0.902,0.90067,0.90163,7265.0
2026-03-09 18:00:00,2026-03-09 15:00:00,2026-03-09 23:00:00,0.90161,0.90266,0.90142,0.90266,5524.0
2026-03-09 19:00:00,2026-03-09 16:00:00,2026-03-10 00:00:00,0.90268,0.903,0.90216,0.90263,5103.0
2026-03-09 20:00:00,2026-03-09 17:00:00,2026-03-10 01:00:00,0.90262,0.90337,0.9026,0.90299,4121.0
2026-03-09 21:00:00,2026-03-09 18:00:00,2026-03-10 02:00:00,0.903,0.9033,0.90293,0.90328,4125.0
2026-03-09 22:00:00,2026-03-09 19:00:00,2026-03-10 03:00:00,0.90329,0.90403,0.90322,0.90338,6829.0
2026-03-09 23:00:00,2026-03-09 20:00:00,2026-03-10 04:00:00,0.9034,0.90451,0.90339,0.90439,3494.0
2026-03-10 00:00:00,2026-03-09 21:00:00,2026-03-10 05:00:00,0.90395,0.90425,0.90323,0.90419,1000.0
2026-03-10 01:00:00,2026-03-09 22:00:00,2026-03-10 06:00:00,0.90417,0.9047,0.90385,0.90395,3276.0
2026-03-10 02:00:00,2026-03-09 23:00:00,2026-03-10 07:00:00,0.90396,0.90399,0.90371,0.90374,2874.0
2026-03-10 03:00:00,2026-03-10 00:00:00,2026-03-10 08:00:00,0.90373,0.90376,0.90341,0.90351,4829.0
2026-03-10 04:00:00,2026-03-10 01:00:00,2026-03-10 09:00:00,0.90353,0.9038,0.90322,0.9033,4525.0
2026-03-10 05:00:00,2026-03-10 02:00:00,2026-03-10 10:00:00,0.90329,0.9034,0.90304,0.90311,3687.0
2026-03-10 06:00:00,2026-03-10 03:00:00,2026-03-10 11:00:00,0.90312,0.90337,0.90309,0.90322,3443.0
2026-03-10 07:00:00,2026-03-10 04:00:00,2026-03-10 12:00:00,0.90323,0.90355,0.90318,0.90336,2326.0
2026-03-10 08:00:00,2026-03-10 05:00:00,2026-03-10 13:00:00,0.90337,0.90361,0.90334,0.90358,2992.0
2026-03-10 09:00:00,2026-03-10 06:00:00,2026-03-10 14:00:00,0.90359,0.90396,0.90353,0.90385,2924.0
2026-03-10 10:00:00,2026-03-10 07:00:00,2026-03-10 15:00:00,0.90394,0.90472,0.90342,0.90441,4740.0
2026-03-10 11:00:00,2026-03-10 08:00:00,2026-03-10 16:00:00,0.9044,0.90451,0.90379,0.90392,5358.0
2026-03-10 12:00:00,2026-03-10 09:00:00,2026-03-10 17:00:00,0.90392,0.90394,0.9034,0.90359,4232.0
2026-03-10 13:00:00,2026-03-10 10:00:00,2026-03-10 18:00:00,0.9036,0.90399,0.90334,0.90363,5058.0
2026-03-10 14:00:00,2026-03-10 11:00:00,2026-03-10 19:00:00,0.90362,0.90371,0.90296,0.9031,4770.0
2026-03-10 15:00:00,2026-03-10 12:00:00,2026-03-10 20:00:00,0.90312,0.90329,0.90261,0.90266,5372.0
2026-03-10 16:00:00,2026-03-10 13:00:00,2026-03-10 21:00:00,0.90265,0.90294,0.90231,0.90278,5803.0
2026-03-10 17:00:00,2026-03-10 14:00:00,2026-03-10 22:00:00,0.90276,0.90336,0.90269,0.90307,5235.0
2026-03-10 18:00:00,2026-03-10 15:00:00,2026-03-10 23:00:00,0.90308,0.90353,0.90285,0.90302,5151.0
2026-03-10 19:00:00,2026-03-10 16:00:00,2026-03-11 00:00:00,0.90304,0.90412,0.90302,0.90378,4260.0
2026-03-10 20:00:00,2026-03-10 17:00:00,2026-03-11 01:00:00,0.90379,0.90487,0.90379,0.90463,5374.0
2026-03-10 21:00:00,2026-03-10 18:00:00,2026-03-11 02:00:00,0.90461,0.90502,0.90418,0.90452,6456.0
2026-03-10 22:00:00,2026-03-10 19:00:00,2026-03-11 03:00:00,0.90453,0.9047,0.90419,0.9043,4806.0
2026-03-10 23:00:00,2026-03-10 20:00:00,2026-03-11 04:00:00,0.90431,0.9044,0.90376,0.9038,1973.0
2026-03-11 00:00:00,2026-03-10 21:00:00,2026-03-11 05:00:00,0.90256,0.90366,0.90232,0.90324,1384.0
2026-03-11 01:00:00,2026-03-10 22:00:00,2026-03-11 06:00:00,0.90353,0.90397,0.90289,0.90365,2088.0
2026-03-11 02:00:00,2026-03-10 23:00:00,2026-03-11 07:00:00,0.90366,0.90408,0.90366,0.90406,1497.0
2026-03-11 03:00:00,2026-03-11 00:00:00,2026-03-11 08:00:00,0.90405,0.90464,0.90393,0.90451,3687.0
2026-03-11 04:00:00,2026-03-11 01:00:00,2026-03-11 09:00:00,0.90452,0.90461,0.90422,0.90431,4134.0
2026-03-11 05:00:00,2026-03-11 02:00:00,2026-03-11 10:00:00,0.9043,0.90435,0.9037,0.90374,3064.0
2026-03-11 06:00:00,2026-03-11 03:00:00,2026-03-11 11:00:00,0.90375,0.9041,0.90373,0.90392,2235.0
2026-03-11 07:00:00,2026-03-11 04:00:00,2026-03-11 12:00:00,0.9039,0.90406,0.90389,0.90395,1967.0
2026-03-11 08:00:00,2026-03-11 05:00:00,2026-03-11 13:00:00,0.90394,0.90408,0.90379,0.90408,2451.0
2026-03-11 09:00:00,2026-03-11 06:00:00,2026-03-11 14:00:00,0.90405,0.90421,0.90394,0.904,2782.0
2026-03-11 10:00:00,2026-03-11 07:00:00,2026-03-11 15:00:00,0.90391,0.90469,0.90334,0.90354,4654.0
2026-03-11 11:00:00,2026-03-11 08:00:00,2026-03-11 16:00:00,0.90353,0.9042,0.90291,0.9031,4616.0
2026-03-11 12:00:00,2026-03-11 09:00:00,2026-03-11 17:00:00,0.90307,0.90327,0.90091,0.9025,5718.0
2026-03-11 13:00:00,2026-03-11 10:00:00,2026-03-11 18:00:00,0.90249,0.90363,0.90232,0.90339,3513.0
2026-03-11 14:00:00,2026-03-11 11:00:00,2026-03-11 19:00:00,0.90338,0.90383,0.90302,0.90316,4126.0
2026-03-11 15:00:00,2026-03-11 12:00:00,2026-03-11 20:00:00,0.90317,0.90326,0.90222,0.90271,6149.0
2026-03-11 16:00:00,2026-03-11 13:00:00,2026-03-11 21:00:00,0.90272,0.90315,0.90248,0.90289,6186.0
2026-03-11 17:00:00,2026-03-11 14:00:00,2026-03-11 22:00:00,0.9029,0.90395,0.90229,0.90232,7417.0
2026-03-11 18:00:00,2026-03-11 15:00:00,2026-03-11 23:00:00,0.90234,0.9029,0.90195,0.90278,5122.0
2026-03-11 19:00:00,2026-03-11 16:00:00,2026-03-12 00:00:00,0.90279,0.90311,0.90211,0.90217,4877.0
2026-03-11 20:00:00,2026-03-11 17:00:00,2026-03-12 01:00:00,0.90217,0.90249,0.90201,0.90202,4520.0
2026-03-11 21:00:00,2026-03-11 18:00:00,2026-03-12 02:00:00,0.90203,0.90245,0.902,0.90238,3647.0
2026-03-11 22:00:00,2026-03-11 19:00:00,2026-03-12 03:00:00,0.90239,0.90247,0.90222,0.9024,2808.0
2026-03-11 23:00:00,2026-03-11 20:00:00,2026-03-12 04:00:00,0.9024,0.90284,0.9023,0.90279,1782.0
2026-03-12 00:00:00,2026-03-11 21:00:00,2026-03-12 05:00:00,0.90178,0.90242,0.90148,0.90196,972.0
2026-03-12 01:00:00,2026-03-11 22:00:00,2026-03-12 06:00:00,0.90214,0.90279,0.90196,0.90212,2569.0
2026-03-12 02:00:00,2026-03-11 23:00:00,2026-03-12 07:00:00,0.90219,0.90264,0.90208,0.90233,2996.0
2026-03-12 03:00:00,2026-03-12 00:00:00,2026-03-12 08:00:00,0.90232,0.90243,0.90185,0.90201,4022.0
2026-03-12 04:00:00,2026-03-12 01:00:00,2026-03-12 09:00:00,0.90199,0.9023,0.90199,0.90226,3989.0
2026-03-12 05:00:00,2026-03-12 02:00:00,2026-03-12 10:00:00,0.90227,0.90239,0.90196,0.90236,3669.0
2026-03-12 06:00:00,2026-03-12 03:00:00,2026-03-12 11:00:00,0.90235,0.90241,0.90202,0.90233,2501.0
2026-03-12 07:00:00,2026-03-12 04:00:00,2026-03-12 12:00:00,0.90232,0.90237,0.90192,0.90207,1963.0
2026-03-12 08:00:00,2026-03-12 05:00:00,2026-03-12 13:00:00,0.90206,0.90231,0.90199,0.90216,3309.0
2026-03-12 09:00:00,2026-03-12 06:00:00,2026-03-12 14:00:00,0.90215,0.90261,0.90213,0.90254,2966.0
2026-03-12 10:00:00,2026-03-12 07:00:00,2026-03-12 15:00:00,0.90251,0.90326,0.90211,0.90309,3971.0
2026-03-12 11:00:00,2026-03-12 08:00:00,2026-03-12 16:00:00,0.90307,0.90386,0.90287,0.90302,4107.0
2026-03-12 12:00:00,2026-03-12 09:00:00,2026-03-12 17:00:00,0.90301,0.90306,0.90202,0.90217,3548.0
2026-03-12 13:00:00,2026-03-12 10:00:00,2026-03-12 18:00:00,0.90218,0.90264,0.90187,0.90246,3790.0
2026-03-12 14:00:00,2026-03-12 11:00:00,2026-03-12 19:00:00,0.90245,0.90271,0.90223,0.90263,3833.0
2026-03-12 15:00:00,2026-03-12 12:00:00,2026-03-12 20:00:00,0.90264,0.90286,0.90209,0.90244,4462.0
2026-03-12 16:00:00,2026-03-12 13:00:00,2026-03-12 21:00:00,0.90245,0.90294,0.90182,0.90217,6303.0
2026-03-12 17:00:00,2026-03-12 14:00:00,2026-03-12 22:00:00,0.90218,0.90321,0.90211,0.90306,6387.0
2026-03-12 18:00:00,2026-03-12 15:00:00,2026-03-12 23:00:00,0.90307,0.90389,0.90305,0.90378,6402.0
2026-03-12 19:00:00,2026-03-12 16:00:00,2026-03-13 00:00:00,0.9038,0.90398,0.9034,0.90384,5850.0
2026-03-12 20:00:00,2026-03-12 17:00:00,2026-03-13 01:00:00,0.90383,0.90418,0.90363,0.90385,4684.0
2026-03-12 21:00:00,2026-03-12 18:00:00,2026-03-13 02:00:00,0.90386,0.90443,0.90381,0.90428,3632.0
2026-03-12 22:00:00,2026-03-12 19:00:00,2026-03-13 03:00:00,0.90429,0.90494,0.90429,0.90493,3870.0
2026-03-12 23:00:00,2026-03-12 20:00:00,2026-03-13 04:00:00,0.90492,0.90516,0.90478,0.9048,2387.0
2026-03-13 00:00:00,2026-03-12 21:00:00,2026-03-13 05:00:00,0.90413,0.90462,0.90404,0.90451,958.0
2026-03-13 01:00:00,2026-03-12 22:00:00,2026-03-13 06:00:00,0.90454,0.9054,0.90448,0.90496,2504.0
2026-03-13 02:00:00,2026-03-12 23:00:00,2026-03-13 07:00:00,0.90497,0.9051,0.90482,0.90486,2385.0
2026-03-13 03:00:00,2026-03-13 00:00:00,2026-03-13 08:00:00,0.90489,0.90506,0.90456,0.90464,3641.0
2026-03-13 04:00:00,2026-03-13 01:00:00,2026-03-13 09:00:00,0.90468,0.905,0.90464,0.90492,3244.0
2026-03-13 05:00:00,2026-03-13 02:00:00,2026-03-13 10:00:00,0.90491,0.90546,0.9049,0.90528,2501.0
2026-03-13 06:00:00,2026-03-13 03:00:00,2026-03-13 11:00:00,0.90529,0.90544,0.90501,0.90521,2702.0
2026-03-13 07:00:00,2026-03-13 04:00:00,2026-03-13 12:00:00,0.90523,0.90544,0.90496,0.90505,2665.0
2026-03-13 08:00:00,2026-03-13 05:00:00,2026-03-13 13:00:00,0.90506,0.90531,0.90489,0.90529,2139.0
2026-03-13 09:00:00,2026-03-13 06:00:00,2026-03-13 14:00:00,0.90527,0.90527,0.90448,0.90457,3793.0
2026-03-13 10:00:00,2026-03-13 07:00:00,2026-03-13 15:00:00,0.90456,0.9046,0.90303,0.90356,5124.0
2026-03-13 11:00:00,2026-03-13 08:00:00,2026-03-13 16:00:00,0.90355,0.90357,0.90219,0.90251,5354.0
2026-03-13 12:00:00,2026-03-13 09:00:00,2026-03-13 17:00:00,0.90247,0.90308,0.90218,0.90297,4718.0
2026-03-13 13:00:00,2026-03-13 10:00:00,2026-03-13 18:00:00,0.90296,0.90355,0.90289,0.90307,4054.0
2026-03-13 14:00:00,2026-03-13 11:00:00,2026-03-13 19:00:00,0.90305,0.90323,0.90248,0.90266,4589.0
2026-03-13 15:00:00,2026-03-13 12:00:00,2026-03-13 20:00:00,0.90264,0.90337,0.90264,0.90333,5735.0
2026-03-13 16:00:00,2026-03-13 13:00:00,2026-03-13 21:00:00,0.90332,0.90367,0.90298,0.9031,5934.0
2026-03-13 17:00:00,2026-03-13 14:00:00,2026-03-13 22:00:00,0.90311,0.90416,0.90305,0.9037,6004.0
2026-03-13 18:00:00,2026-03-13 15:00:00,2026-03-13 23:00:00,0.90371,0.90405,0.90319,0.90374,6091.0
2026-03-13 19:00:00,2026-03-13 16:00:00,2026-03-14 00:00:00,0.90373,0.90383,0.90319,0.90363,5553.0
2026-03-13 20:00:00,2026-03-13 17:00:00,2026-03-14 01:00:00,0.90361,0.90368,0.90322,0.90358,4090.0
2026-03-13 21:00:00,2026-03-13 18:00:00,2026-03-14 02:00:00,0.90357,0.90395,0.90352,0.90392,3569.0
2026-03-13 22:00:00,2026-03-13 19:00:00,2026-03-14 03:00:00,0.90391,0.90401,0.90354,0.90365,3234.0
2026-03-13 23:00:00,2026-03-13 20:00:00,2026-03-14 04:00:00,0.90366,0.90367,0.90313,0.90337,2521.0
2026-03-16 00:00:00,2026-03-15 21:00:00,2026-03-16 05:00:00,0.9024,0.90308,0.90189,0.90271,1184.0
2026-03-16 01:00:00,2026-03-15 22:00:00,2026-03-16 06:00:00,0.90292,0.90409,0.90292,0.90307,4117.0
2026-03-16 02:00:00,2026-03-15 23:00:00,2026-03-16 07:00:00,0.90308,0.9034,0.90307,0.90333,3555.0
2026-03-16 03:00:00,2026-03-16 00:00:00,2026-03-16 08:00:00,0.90332,0.90384,0.9033,0.90382,4036.0
2026-03-16 04:00:00,2026-03-16 01:00:00,2026-03-16 09:00:00,0.90381,0.90394,0.90348,0.90388,4539.0
2026-03-16 05:00:00,2026-03-16 02:00:00,2026-03-16 10:00:00,0.90386,0.90387,0.90337,0.90347,3518.0
2026-03-16 06:00:00,2026-03-16 03:00:00,2026-03-16 11:00:00,0.90346,0.90394,0.90344,0.90371,2326.0
2026-03-16 07:00:00,2026-03-16 04:00:00,2026-03-16 12:00:00,0.9037,0.90425,0.90329,0.90425,2312.0
2026-03-16 08:00:00,2026-03-16 05:00:00,2026-03-16 13:00:00,0.90421,0.90454,0.90362,0.90366,3338.0
2026-03-16 09:00:00,2026-03-16 06:00:00,2026-03-16 14:00:00,0.90365,0.90419,0.90362,0.90415,2997.0
2026-03-16 10:00:00,2026-03-16 07:00:00,2026-03-16 15:00:00,0.90417,0.9047,0.90405,0.90426,3983.0
2026-03-16 11:00:00,2026-03-16 08:00:00,2026-03-16 16:00:00,0.90427,0.90453,0.90327,0.90356,4575.0
2026-03-16 12:00:00,2026-03-16 09:00:00,2026-03-16 17:00:00,0.90357,0.90378,0.90317,0.90374,4187.0
2026-03-16 13:00:00,2026-03-16 10:00:00,2026-03-16 18:00:00,0.90375,0.90463,0.90356,0.90439,4795.0
2026-03-16 14:00:00,2026-03-16 11:00:00,2026-03-16 19:00:00,0.90436,0.90441,0.90392,0.90418,3847.0
2026-03-16 15:00:00,2026-03-16 12:00:00,2026-03-16 20:00:00,0.90419,0.90433,0.90382,0.90387,4358.0
2026-03-16 16:00:00,2026-03-16 13:00:00,2026-03-16 21:00:00,0.90389,0.90512,0.90383,0.90503,4889.0
2026-03-16 17:00:00,2026-03-16 14:00:00,2026-03-16 22:00:00,0.90503,0.90554,0.90458,0.90554,6044.0
2026-03-16 18:00:00,2026-03-16 15:00:00,2026-03-16 23:00:00,0.90559,0.90625,0.90527,0.90598,4908.0
2026-03-16 19:00:00,2026-03-16 16:00:00,2026-03-17 00:00:00,0.90596,0.9062,0.9052,0.90557,5096.0
2026-03-16 20:00:00,2026-03-16 17:00:00,2026-03-17 01:00:00,0.90556,0.90606,0.90543,0.906,4789.0
2026-03-16 21:00:00,2026-03-16 18:00:00,2026-03-17 02:00:00,0.90598,0.90654,0.90595,0.90654,3950.0
2026-03-16 22:00:00,2026-03-16 19:00:00,2026-03-17 03:00:00,0.90647,0.90655,0.90618,0.90629,3448.0
2026-03-16 23:00:00,2026-03-16 20:00:00,2026-03-17 04:00:00,0.90632,0.90647,0.90611,0.90622,1977.0
2026-03-17 00:00:00,2026-03-16 21:00:00,2026-03-17 05:00:00,0.90563,0.90638,0.90537,0.9063,482.0
2026-03-17 01:00:00,2026-03-16 22:00:00,2026-03-17 06:00:00,0.90633,0.90638,0.90608,0.90619,1256.0
2026-03-17 02:00:00,2026-03-16 23:00:00,2026-03-17 07:00:00,0.90615,0.90631,0.90608,0.90622,1308.0
2026-03-17 03:00:00,2026-03-17 00:00:00,2026-03-17 08:00:00,0.90623,0.90629,0.9058,0.90603,2520.0
2026-03-17 04:00:00,2026-03-17 01:00:00,2026-03-17 09:00:00,0.90601,0.90651,0.90597,0.90649,3107.0
2026-03-17 05:00:00,2026-03-17 02:00:00,2026-03-17 10:00:00,0.9065,0.90671,0.90643,0.90666,1755.0
2026-03-17 06:00:00,2026-03-17 03:00:00,2026-03-17 11:00:00,0.90666,0.90667,0.90617,0.90624,2174.0
2026-03-17 07:00:00,2026-03-17 04:00:00,2026-03-17 12:00:00,0.90623,0.90628,0.90599,0.90616,1638.0
2026-03-17 08:00:00,2026-03-17 05:00:00,2026-03-17 13:00:00,0.90618,0.90632,0.90598,0.90603,2301.0
2026-03-17 09:00:00,2026-03-17 06:00:00,2026-03-17 14:00:00,0.90604,0.90616,0.90562,0.9058,3032.0
2026-03-17 10:00:00,2026-03-17 07:00:00,2026-03-17 15:00:00,0.90583,0.90595,0.90542,0.90547,3032.0
2026-03-17 11:00:00,2026-03-17 08:00:00,2026-03-17 16:00:00,0.90549,0.9062,0.90505,0.9058,4210.0
2026-03-17 12:00:00,2026-03-17 09:00:00,2026-03-17 17:00:00,0.90581,0.90638,0.90562,0.90597,3944.0
2026-03-17 13:00:00,2026-03-17 10:00:00,2026-03-17 18:00:00,0.90593,0.90599,0.90517,0.90533,3317.0
2026-03-17 14:00:00,2026-03-17 11:00:00,2026-03-17 19:00:00,0.90534,0.90636,0.90514,0.9062,2919.0
2026-03-17 15:00:00,2026-03-17 12:00:00,2026-03-17 20:00:00,0.90621,0.90676,0.90605,0.90647,4046.0
2026-03-17 16:00:00,2026-03-17 13:00:00,2026-03-17 21:00:00,0.90644,0.90714,0.90636,0.90691,5495.0
2026-03-17 17:00:00,2026-03-17 14:00:00,2026-03-17 22:00:00,0.90688,0.90701,0.90624,0.90663,4547.0
2026-03-17 18:00:00,2026-03-17 15:00:00,2026-03-17 23:00:00,0.90664,0.90666,0.90531,0.90545,5307.0
2026-03-17 19:00:00,2026-03-17 16:00:00,2026-03-18 00:00:00,0.90544,0.90592,0.90489,0.90493,4575.0
2026-03-17 20:00:00,2026-03-17 17:00:00,2026-03-18 01:00:00,0.9049,0.90573,0.9049,0.90566,3057.0
2026-03-17 21:00:00,2026-03-17 18:00:00,2026-03-18 02:00:00,0.90564,0.90583,0.90553,0.90563,2732.0
2026-03-17 22:00:00,2026-03-17 19:00:00,2026-03-18 03:00:00,0.9056,0.9057,0.90539,0.90567,1917.0
2026-03-17 23:00:00,2026-03-17 20:00:00,2026-03-18 04:00:00,0.90569,0.90579,0.90556,0.9056,1408.0
2026-03-18 00:00:00,2026-03-17 21:00:00,2026-03-18 05:00:00,0.90477,0.90538,0.90477,0.90514,1048.0
2026-03-18 01:00:00,2026-03-17 22:00:00,2026-03-18 06:00:00,0.90514,0.90585,0.90503,0.90567,1425.0
2026-03-18 02:00:00,2026-03-17 23:00:00,2026-03-18 07:00:00,0.90568,0.90589,0.90553,0.9057,2581.0
2026-03-18 03:00:00,2026-03-18 00:00:00,2026-03-18 08:00:00,0.90568,0.90581,0.90553,0.90561,2934.0
2026-03-18 04:00:00,2026-03-18 01:00:00,2026-03-18 09:00:00,0.9056,0.90615,0.90559,0.90607,2002.0
2026-03-18 05:00:00,2026-03-18 02:00:00,2026-03-18 10:00:00,0.90604,0.90619,0.90581,0.90588,1738.0
2026-03-18 06:00:00,2026-03-18 03:00:00,2026-03-18 11:00:00,0.90587,0.90604,0.90578,0.90597,1368.0
2026-03-18 07:00:00,2026-03-18 04:00:00,2026-03-18 12:00:00,0.90596,0.90633,0.90591,0.9063,1618.0
2026-03-18 08:00:00,2026-03-18 05:00:00,2026-03-18 13:00:00,0.9063,0.90669,0.90624,0.90649,1843.0
2026-03-18 09:00:00,2026-03-18 06:00:00,2026-03-18 14:00:00,0.90648,0.90676,0.90646,0.90673,2193.0
2026-03-18 10:00:00,2026-03-18 07:00:00,2026-03-18 15:00:00,0.90671,0.907,0.90627,0.90649,2763.0
2026-03-18 11:00:00,2026-03-18 08:00:00,2026-03-18 16:00:00,0.90652,0.90713,0.90651,0.90666,3408.0
2026-03-18 12:00:00,2026-03-18 09:00:00,2026-03-18 17:00:00,0.90667,0.90734,0.90667,0.90698,2707.0
2026-03-18 13:00:00,2026-03-18 10:00:00,2026-03-18 18:00:00,0.90697,0.90736,0.9068,0.90693,2586.0
2026-03-18 14:00:00,2026-03-18 11:00:00,2026-03-18 19:00:00,0.90694,0.90769,0.90679,0.90718,4315.0
2026-03-18 15:00:00,2026-03-18 12:00:00,2026-03-18 20:00:00,0.90719,0.90734,0.90619,0.90693,6062.0
2026-03-18 16:00:00,2026-03-18 13:00:00,2026-03-18 21:00:00,0.90694,0.90753,0.90687,0.90742,5724.0
2026-03-18 17:00:00,2026-03-18 14:00:00,2026-03-18 22:00:00,0.90743,0.90835,0.90733,0.90813,5337.0
2026-03-18 18:00:00,2026-03-18 15:00:00,2026-03-18 23:00:00,0.90811,0.90867,0.90807,0.90857,4966.0
2026-03-18 19:00:00,2026-03-18 16:00:00,2026-03-19 00:00:00,0.90854,0.90877,0.90812,0.90869,4089.0
2026-03-18 20:00:00,2026-03-18 17:00:00,2026-03-19 01:00:00,0.9087,0.90996,0.90858,0.90972,4151.0
2026-03-18 21:00:00,2026-03-18 18:00:00,2026-03-19 02:00:00,0.90961,0.91017,0.9091,0.90921,6552.0
2026-03-18 22:00:00,2026-03-18 19:00:00,2026-03-19 03:00:00,0.90922,0.90948,0.90904,0.90933,4733.0
2026-03-18 23:00:00,2026-03-18 20:00:00,2026-03-19 04:00:00,0.9093,0.90933,0.90837,0.90838,2956.0
2026-03-19 00:00:00,2026-03-18 21:00:00,2026-03-19 05:00:00,0.90789,0.90869,0.90789,0.90832,583.0
2026-03-19 01:00:00,2026-03-18 22:00:00,2026-03-19 06:00:00,0.90852,0.90894,0.90816,0.90835,2047.0
2026-03-19 02:00:00,2026-03-18 23:00:00,2026-03-19 07:00:00,0.90836,0.90872,0.90829,0.9087,2326.0
2026-03-19 03:00:00,2026-03-19 00:00:00,2026-03-19 08:00:00,0.90869,0.90877,0.90845,0.90873,3103.0
2026-03-19 04:00:00,2026-03-19 01:00:00,2026-03-19 09:00:00,0.90871,0.90902,0.90862,0.9087,3173.0
2026-03-19 05:00:00,2026-03-19 02:00:00,2026-03-19 10:00:00,0.90872,0.90916,0.90864,0.90895,3560.0
2026-03-19 06:00:00,2026-03-19 03:00:00,2026-03-19 11:00:00,0.90896,0.90919,0.90885,0.90887,1836.0
2026-03-19 07:00:00,2026-03-19 04:00:00,2026-03-19 12:00:00,0.90886,0.9091,0.90884,0.90905,1643.0
2026-03-19 08:00:00,2026-03-19 05:00:00,2026-03-19 13:00:00,0.90906,0.90913,0.90882,0.90901,2221.0
2026-03-19 09:00:00,2026-03-19 06:00:00,2026-03-19 14:00:00,0.90899,0.90912,0.90805,0.90814,3338.0
2026-03-19 10:00:00,2026-03-19 07:00:00,2026-03-19 15:00:00,0.90813,0.90837,0.90697,0.90707,5089.0
2026-03-19 11:00:00,2026-03-19 08:00:00,2026-03-19 16:00:00,0.90708,0.90902,0.9069,0.90744,6641.0
2026-03-19 12:00:00,2026-03-19 09:00:00,2026-03-19 17:00:00,0.90742,0.91301,0.9074,0.91111,8073.0
2026-03-19 13:00:00,2026-03-19 10:00:00,2026-03-19 18:00:00,0.91107,0.91283,0.91024,0.91271,4961.0
2026-03-19 14:00:00,2026-03-19 11:00:00,2026-03-19 19:00:00,0.9127,0.91281,0.91192,0.9122,4190.0
2026-03-19 15:00:00,2026-03-19 12:00:00,2026-03-19 20:00:00,0.91221,0.91261,0.91095,0.9119,7570.0
2026-03-19 16:00:00,2026-03-19 13:00:00,2026-03-19 21:00:00,0.91195,0.91255,0.91063,0.91229,9014.0
2026-03-19 17:00:00,2026-03-19 14:00:00,2026-03-19 22:00:00,0.91227,0.91284,0.91129,0.91184,7675.0
2026-03-19 18:00:00,2026-03-19 15:00:00,2026-03-19 23:00:00,0.91186,0.91249,0.91017,0.91237,7117.0
2026-03-19 19:00:00,2026-03-19 16:00:00,2026-03-20 00:00:00,0.91238,0.91378,0.91205,0.91345,6560.0
2026-03-19 20:00:00,2026-03-19 17:00:00,2026-03-20 01:00:00,0.91348,0.91412,0.91301,0.91385,4988.0
2026-03-19 21:00:00,2026-03-19 18:00:00,2026-03-20 02:00:00,0.91388,0.91411,0.91343,0.91394,4661.0
2026-03-19 22:00:00,2026-03-19 19:00:00,2026-03-20 03:00:00,0.9139,0.91393,0.91229,0.91321,7515.0
2026-03-19 23:00:00,2026-03-19 20:00:00,2026-03-20 04:00:00,0.91323,0.91337,0.91288,0.91334,2822.0
2026-03-20 00:00:00,2026-03-19 21:00:00,2026-03-20 05:00:00,0.91317,0.91321,0.91255,0.91255,369.0
2026-03-20 01:00:00,2026-03-19 22:00:00,2026-03-20 06:00:00,0.91271,0.9133,0.9127,0.91325,2256.0
2026-03-20 02:00:00,2026-03-19 23:00:00,2026-03-20 07:00:00,0.91326,0.91338,0.91307,0.91328,2727.0
2026-03-20 03:00:00,2026-03-20 00:00:00,2026-03-20 08:00:00,0.91327,0.91331,0.91264,0.91276,2773.0
2026-03-20 04:00:00,2026-03-20 01:00:00,2026-03-20 09:00:00,0.91275,0.91276,0.91211,0.91216,3085.0
2026-03-20 05:00:00,2026-03-20 02:00:00,2026-03-20 10:00:00,0.91213,0.91234,0.91203,0.9122,1804.0
2026-03-20 06:00:00,2026-03-20 03:00:00,2026-03-20 11:00:00,0.91221,0.91241,0.91211,0.91213,1736.0
2026-03-20 07:00:00,2026-03-20 04:00:00,2026-03-20 12:00:00,0.91212,0.91226,0.91207,0.9121,1311.0
2026-03-20 08:00:00,2026-03-20 05:00:00,2026-03-20 13:00:00,0.91209,0.91236,0.91203,0.91217,1916.0
2026-03-20 09:00:00,2026-03-20 06:00:00,2026-03-20 14:00:00,0.91216,0.9128,0.91209,0.91272,2217.0
2026-03-20 10:00:00,2026-03-20 07:00:00,2026-03-20 15:00:00,0.91275,0.91343,0.91267,0.91303,3714.0
2026-03-20 11:00:00,2026-03-20 08:00:00,2026-03-20 16:00:00,0.91299,0.91335,0.91207,0.91241,4344.0
2026-03-20 12:00:00,2026-03-20 09:00:00,2026-03-20 17:00:00,0.9124,0.91241,0.91018,0.91048,5132.0
2026-03-20 13:00:00,2026-03-20 10:00:00,2026-03-20 18:00:00,0.91048,0.91126,0.91003,0.91099,5039.0
2026-03-20 14:00:00,2026-03-20 11:00:00,2026-03-20 19:00:00,0.91098,0.9114,0.91044,0.91049,4331.0
2026-03-20 15:00:00,2026-03-20 12:00:00,2026-03-20 20:00:00,0.91051,0.91051,0.90913,0.9094,5414.0
2026-03-20 16:00:00,2026-03-20 13:00:00,2026-03-20 21:00:00,0.90937,0.9105,0.90924,0.91043,5985.0
2026-03-20 17:00:00,2026-03-20 14:00:00,2026-03-20 22:00:00,0.91042,0.91131,0.91037,0.9106,7143.0
2026-03-20 18:00:00,2026-03-20 15:00:00,2026-03-20 23:00:00,0.91056,0.91132,0.91036,0.91066,6578.0
2026-03-20 19:00:00,2026-03-20 16:00:00,2026-03-21 00:00:00,0.91068,0.91117,0.91058,0.91094,5441.0
2026-03-20 20:00:00,2026-03-20 17:00:00,2026-03-21 01:00:00,0.91094,0.91146,0.9106,0.91144,5146.0
2026-03-20 21:00:00,2026-03-20 18:00:00,2026-03-21 02:00:00,0.91145,0.91156,0.91094,0.91101,4614.0
2026-03-20 22:00:00,2026-03-20 19:00:00,2026-03-21 03:00:00,0.91102,0.91116,0.91086,0.91112,4100.0
2026-03-20 23:00:00,2026-03-20 20:00:00,2026-03-21 04:00:00,0.91111,0.91165,0.91108,0.91163,2313.0
2026-03-23 00:00:00,2026-03-22 21:00:00,2026-03-23 05:00:00,0.90917,0.91025,0.90877,0.90916,717.0
2026-03-23 01:00:00,2026-03-22 22:00:00,2026-03-23 06:00:00,0.9099,0.91068,0.90939,0.90983,3002.0
2026-03-23 02:00:00,2026-03-22 23:00:00,2026-03-23 07:00:00,0.90983,0.91089,0.90983,0.91077,3483.0
2026-03-23 03:00:00,2026-03-23 00:00:00,2026-03-23 08:00:00,0.9108,0.91094,0.91051,0.91076,5105.0
2026-03-23 04:00:00,2026-03-23 01:00:00,2026-03-23 09:00:00,0.91078,0.911,0.91067,0.91092,5037.0
2026-03-23 05:00:00,2026-03-23 02:00:00,2026-03-23 10:00:00,0.91091,0.9113,0.91078,0.91116,3745.0
2026-03-23 06:00:00,2026-03-23 03:00:00,2026-03-23 11:00:00,0.91115,0.91137,0.91105,0.91128,2789.0
2026-03-23 07:00:00,2026-03-23 04:00:00,2026-03-23 12:00:00,0.91129,0.91154,0.91115,0.91132,2369.0
2026-03-23 08:00:00,2026-03-23 05:00:00,2026-03-23 13:00:00,0.9113,0.91143,0.91089,0.91115,3457.0
2026-03-23 09:00:00,2026-03-23 06:00:00,2026-03-23 14:00:00,0.91117,0.91125,0.9106,0.91073,4554.0
2026-03-23 10:00:00,2026-03-23 07:00:00,2026-03-23 15:00:00,0.91076,0.91106,0.90987,0.91003,5637.0
2026-03-23 11:00:00,2026-03-23 08:00:00,2026-03-23 16:00:00,0.91011,0.91212,0.90932,0.91212,6917.0
2026-03-23 12:00:00,2026-03-23 09:00:00,2026-03-23 17:00:00,0.91211,0.91258,0.91143,0.91143,6148.0
2026-03-23 13:00:00,2026-03-23 10:00:00,2026-03-23 18:00:00,0.91142,0.91202,0.91113,0.91171,5485.0
2026-03-23 14:00:00,2026-03-23 11:00:00,2026-03-23 19:00:00,0.91172,0.91456,0.91129,0.91253,10367.0
2026-03-23 15:00:00,2026-03-23 12:00:00,2026-03-23 20:00:00,0.91254,0.91327,0.91189,0.91214,8647.0
2026-03-23 16:00:00,2026-03-23 13:00:00,2026-03-23 21:00:00,0.9121,0.91304,0.91209,0.91274,8602.0
2026-03-23 17:00:00,2026-03-23 14:00:00,2026-03-23 22:00:00,0.9127,0.91274,0.91176,0.91214,8655.0
2026-03-23 18:00:00,2026-03-23 15:00:00,2026-03-23 23:00:00,0.91216,0.9127,0.91136,0.91266,8145.0
2026-03-23 19:00:00,2026-03-23 16:00:00,2026-03-24 00:00:00,0.91263,0.91314,0.91206,0.91274,8084.0
2026-03-23 20:00:00,2026-03-23 17:00:00,2026-03-24 01:00:00,0.91275,0.91311,0.91251,0.91311,6640.0
2026-03-23 21:00:00,2026-03-23 18:00:00,2026-03-24 02:00:00,0.91311,0.91329,0.91264,0.91329,6108.0
2026-03-23 22:00:00,2026-03-23 19:00:00,2026-03-24 03:00:00,0.91326,0.91326,0.91292,0.9131,3749.0
2026-03-23 23:00:00,2026-03-23 20:00:00,2026-03-24 04:00:00,0.91308,0.91328,0.913,0.91306,2619.0
2026-03-24 00:00:00,2026-03-23 21:00:00,2026-03-24 05:00:00,0.91268,0.91308,0.91186,0.9119,951.0
2026-03-24 01:00:00,2026-03-23 22:00:00,2026-03-24 06:00:00,0.91262,0.91352,0.91248,0.91326,2056.0
2026-03-24 02:00:00,2026-03-23 23:00:00,2026-03-24 07:00:00,0.91327,0.91331,0.91295,0.91312,2491.0
2026-03-24 03:00:00,2026-03-24 00:00:00,2026-03-24 08:00:00,0.91311,0.91346,0.91294,0.91337,5518.0
2026-03-24 04:00:00,2026-03-24 01:00:00,2026-03-24 09:00:00,0.91335,0.91349,0.91306,0.9133,4946.0
2026-03-24 05:00:00,2026-03-24 02:00:00,2026-03-24 10:00:00,0.91328,0.91344,0.913,0.91338,3516.0
2026-03-24 06:00:00,2026-03-24 03:00:00,2026-03-24 11:00:00,0.91338,0.91362,0.91295,0.91325,3218.0
2026-03-24 07:00:00,2026-03-24 04:00:00,2026-03-24 12:00:00,0.91326,0.91343,0.91311,0.91333,2179.0
2026-03-24 08:00:00,2026-03-24 05:00:00,2026-03-24 13:00:00,0.91332,0.9135,0.91295,0.91329,3524.0
2026-03-24 09:00:00,2026-03-24 06:00:00,2026-03-24 14:00:00,0.91328,0.91367,0.91298,0.9135,3907.0
2026-03-24 10:00:00,2026-03-24 07:00:00,2026-03-24 15:00:00,0.91345,0.91385,0.91203,0.91264,5479.0
2026-03-24 11:00:00,2026-03-24 08:00:00,2026-03-24 16:00:00,0.91263,0.91298,0.91206,0.91213,4055.0
2026-03-24 12:00:00,2026-03-24 09:00:00,2026-03-24 17:00:00,0.91214,0.9124,0.9117,0.91196,4267.0
2026-03-24 13:00:00,2026-03-24 10:00:00,2026-03-24 18:00:00,0.91195,0.91305,0.91191,0.91282,3792.0
2026-03-24 14:00:00,2026-03-24 11:00:00,2026-03-24 19:00:00,0.91283,0.91317,0.91248,0.91268,4067.0
2026-03-24 15:00:00,2026-03-24 12:00:00,2026-03-24 20:00:00,0.91271,0.91461,0.91258,0.91425,6680.0
2026-03-24 16:00:00,2026-03-24 13:00:00,2026-03-24 21:00:00,0.91424,0.91597,0.91411,0.91538,11257.0
2026-03-24 17:00:00,2026-03-24 14:00:00,2026-03-24 22:00:00,0.91538,0.91671,0.91519,0.91619,11061.0
2026-03-24 18:00:00,2026-03-24 15:00:00,2026-03-24 23:00:00,0.91618,0.91677,0.91602,0.91631,9401.0
2026-03-24 19:00:00,2026-03-24 16:00:00,2026-03-25 00:00:00,0.9163,0.91663,0.916,0.91634,7362.0
2026-03-24 20:00:00,2026-03-24 17:00:00,2026-03-25 01:00:00,0.91635,0.91639,0.91548,0.91604,9970.0
2026-03-24 21:00:00,2026-03-24 18:00:00,2026-03-25 02:00:00,0.91603,0.91627,0.91588,0.916,6835.0
2026-03-24 22:00:00,2026-03-24 19:00:00,2026-03-25 03:00:00,0.91599,0.91601,0.91533,0.91547,4501.0
2026-03-24 23:00:00,2026-03-24 20:00:00,2026-03-25 04:00:00,0.91549,0.91554,0.91462,0.91482,8121.0
2026-03-25 00:00:00,2026-03-24 21:00:00,2026-03-25 05:00:00,0.91453,0.91482,0.91442,0.91463,701.0
2026-03-25 01:00:00,2026-03-24 22:00:00,2026-03-25 06:00:00,0.9149,0.91537,0.91448,0.91518,3036.0
2026-03-25 02:00:00,2026-03-24 23:00:00,2026-03-25 07:00:00,0.91517,0.91537,0.91509,0.91523,3366.0
2026-03-25 03:00:00,2026-03-25 00:00:00,2026-03-25 08:00:00,0.9152,0.91572,0.91509,0.91529,6578.0
2026-03-25 04:00:00,2026-03-25 01:00:00,2026-03-25 09:00:00,0.91527,0.91552,0.91495,0.91532,5246.0
2026-03-25 05:00:00,2026-03-25 02:00:00,2026-03-25 10:00:00,0.91533,0.91593,0.91509,0.9159,3876.0
2026-03-25 06:00:00,2026-03-25 03:00:00,2026-03-25 11:00:00,0.91592,0.91598,0.91549,0.91586,2842.0
2026-03-25 07:00:00,2026-03-25 04:00:00,2026-03-25 12:00:00,0.91588,0.91591,0.9155,0.91559,2842.0
2026-03-25 08:00:00,2026-03-25 05:00:00,2026-03-25 13:00:00,0.9156,0.9157,0.91544,0.91565,3178.0
2026-03-25 09:00:00,2026-03-25 06:00:00,2026-03-25 14:00:00,0.91569,0.91585,0.91536,0.91575,3854.0
2026-03-25 10:00:00,2026-03-25 07:00:00,2026-03-25 15:00:00,0.91577,0.91655,0.91558,0.91616,5135.0
2026-03-25 11:00:00,2026-03-25 08:00:00,2026-03-25 16:00:00,0.91617,0.91691,0.91562,0.9157,8394.0
2026-03-25 12:00:00,2026-03-25 09:00:00,2026-03-25 17:00:00,0.91568,0.91662,0.91567,0.91629,5859.0
2026-03-25 13:00:00,2026-03-25 10:00:00,2026-03-25 18:00:00,0.91629,0.91634,0.91562,0.91563,4855.0
2026-03-25 14:00:00,2026-03-25 11:00:00,2026-03-25 19:00:00,0.91564,0.91597,0.91517,0.9154,5156.0
2026-03-25 15:00:00,2026-03-25 12:00:00,2026-03-25 20:00:00,0.91543,0.91567,0.91504,0.91529,8751.0
2026-03-25 16:00:00,2026-03-25 13:00:00,2026-03-25 21:00:00,0.91527,0.9164,0.91513,0.91603,9176.0
2026-03-25 17:00:00,2026-03-25 14:00:00,2026-03-25 22:00:00,0.91602,0.91635,0.91557,0.91581,9029.0
2026-03-25 18:00:00,2026-03-25 15:00:00,2026-03-25 23:00:00,0.9158,0.91634,0.91557,0.91607,8218.0
2026-03-25 19:00:00,2026-03-25 16:00:00,2026-03-26 00:00:00,0.91606,0.91615,0.91543,0.91579,8026.0
2026-03-25 20:00:00,2026-03-25 17:00:00,2026-03-26 01:00:00,0.91579,0.91603,0.91556,0.9159,5105.0
2026-03-25 21:00:00,2026-03-25 18:00:00,2026-03-26 02:00:00,0.91592,0.91606,0.91567,0.91583,4002.0
2026-03-25 22:00:00,2026-03-25 19:00:00,2026-03-26 03:00:00,0.91582,0.91583,0.91533,0.91537,3980.0
2026-03-25 23:00:00,2026-03-25 20:00:00,2026-03-26 04:00:00,0.91538,0.91553,0.91498,0.91498,1925.0
2026-03-26 00:00:00,2026-03-25 21:00:00,2026-03-26 05:00:00,0.91453,0.91499,0.91444,0.9148,580.0
2026-03-26 01:00:00,2026-03-25 22:00:00,2026-03-26 06:00:00,0.91479,0.91514,0.91474,0.91503,2447.0
2026-03-26 02:00:00,2026-03-25 23:00:00,2026-03-26 07:00:00,0.91505,0.9152,0.91492,0.91516,1673.0
2026-03-26 03:00:00,2026-03-26 00:00:00,2026-03-26 08:00:00,0.91517,0.91542,0.91509,0.91527,3330.0
2026-03-26 04:00:00,2026-03-26 01:00:00,2026-03-26 09:00:00,0.91528,0.91587,0.91516,0.91583,3084.0
2026-03-26 05:00:00,2026-03-26 02:00:00,2026-03-26 10:00:00,0.91582,0.91585,0.91549,0.91575,3098.0
2026-03-26 06:00:00,2026-03-26 03:00:00,2026-03-26 11:00:00,0.91573,0.91596,0.91562,0.91592,2393.0
2026-03-26 07:00:00,2026-03-26 04:00:00,2026-03-26 12:00:00,0.91592,0.91596,0.91573,0.91582,1632.0
2026-03-26 08:00:00,2026-03-26 05:00:00,2026-03-26 13:00:00,0.91583,0.91583,0.91542,0.91572,2741.0
2026-03-26 09:00:00,2026-03-26 06:00:00,2026-03-26 14:00:00,0.91573,0.91604,0.91558,0.916,3848.0
2026-03-26 10:00:00,2026-03-26 07:00:00,2026-03-26 15:00:00,0.91598,0.91635,0.9153,0.91545,4608.0
2026-03-26 11:00:00,2026-03-26 08:00:00,2026-03-26 16:00:00,0.91546,0.91564,0.91494,0.915,5251.0
2026-03-26 12:00:00,2026-03-26 09:00:00,2026-03-26 17:00:00,0.91499,0.91579,0.91491,0.91555,4960.0
2026-03-26 13:00:00,2026-03-26 10:00:00,2026-03-26 18:00:00,0.91554,0.91558,0.91498,0.91522,5092.0
2026-03-26 14:00:00,2026-03-26 11:00:00,2026-03-26 19:00:00,0.91521,0.91538,0.9144,0.91456,4596.0
2026-03-26 15:00:00,2026-03-26 12:00:00,2026-03-26 20:00:00,0.9146,0.91483,0.91433,0.9148,6138.0
2026-03-26 16:00:00,2026-03-26 13:00:00,2026-03-26 21:00:00,0.91479,0.91607,0.91476,0.9156,7817.0
2026-03-26 17:00:00,2026-03-26 14:00:00,2026-03-26 22:00:00,0.91559,0.9159,0.91533,0.91555,8801.0
2026-03-26 18:00:00,2026-03-26 15:00:00,2026-03-26 23:00:00,0.91554,0.91618,0.91553,0.91584,8160.0
2026-03-26 19:00:00,2026-03-26 16:00:00,2026-03-27 00:00:00,0.91583,0.91648,0.91575,0.91636,5672.0
2026-03-26 20:00:00,2026-03-26 17:00:00,2026-03-27 01:00:00,0.91635,0.91668,0.91614,0.91628,4905.0
2026-03-26 21:00:00,2026-03-26 18:00:00,2026-03-27 02:00:00,0.91626,0.91687,0.91626,0.91677,4378.0
2026-03-26 22:00:00,2026-03-26 19:00:00,2026-03-27 03:00:00,0.91676,0.91688,0.91662,0.91678,4336.0
2026-03-26 23:00:00,2026-03-26 20:00:00,2026-03-27 04:00:00,0.91676,0.917,0.91607,0.91658,7549.0
2026-03-27 00:00:00,2026-03-26 21:00:00,2026-03-27 05:00:00,0.91602,0.91656,0.91528,0.91574,2626.0
2026-03-27 01:00:00,2026-03-26 22:00:00,2026-03-27 06:00:00,0.91654,0.91677,0.9162,0.91662,1820.0
2026-03-27 02:00:00,2026-03-26 23:00:00,2026-03-27 07:00:00,0.91663,0.9168,0.91662,0.9167,2011.0
2026-03-27 03:00:00,2026-03-27 00:00:00,2026-03-27 08:00:00,0.91672,0.91691,0.91664,0.91674,5096.0
2026-03-27 04:00:00,2026-03-27 01:00:00,2026-03-27 09:00:00,0.91675,0.91714,0.91664,0.91706,3914.0
2026-03-27 05:00:00,2026-03-27 02:00:00,2026-03-27 10:00:00,0.91708,0.91738,0.91703,0.91733,2750.0
2026-03-27 06:00:00,2026-03-27 03:00:00,2026-03-27 11:00:00,0.91734,0.91793,0.91732,0.91787,2820.0
2026-03-27 07:00:00,2026-03-27 04:00:00,2026-03-27 12:00:00,0.91788,0.91799,0.91765,0.91795,2834.0
2026-03-27 08:00:00,2026-03-27 05:00:00,2026-03-27 13:00:00,0.91799,0.91821,0.9176,0.91799,4732.0
2026-03-27 09:00:00,2026-03-27 06:00:00,2026-03-27 14:00:00,0.91799,0.91821,0.91785,0.91801,3007.0
2026-03-27 10:00:00,2026-03-27 07:00:00,2026-03-27 15:00:00,0.91806,0.91826,0.9176,0.91775,4289.0
2026-03-27 11:00:00,2026-03-27 08:00:00,2026-03-27 16:00:00,0.91777,0.91789,0.9171,0.91765,5752.0
2026-03-27 12:00:00,2026-03-27 09:00:00,2026-03-27 17:00:00,0.91766,0.91874,0.91752,0.91843,5053.0
2026-03-27 13:00:00,2026-03-27 10:00:00,2026-03-27 18:00:00,0.91842,0.91875,0.91792,0.91801,4706.0
2026-03-27 14:00:00,2026-03-27 11:00:00,2026-03-27 19:00:00,0.91797,0.91803,0.91748,0.91772,4176.0
2026-03-27 15:00:00,2026-03-27 12:00:00,2026-03-27 20:00:00,0.91771,0.91817,0.91758,0.91776,5714.0
2026-03-27 16:00:00,2026-03-27 13:00:00,2026-03-27 21:00:00,0.91777,0.91799,0.91719,0.91739,7513.0
2026-03-27 17:00:00,2026-03-27 14:00:00,2026-03-27 22:00:00,0.91738,0.91874,0.91722,0.9184,7619.0
2026-03-27 18:00:00,2026-03-27 15:00:00,2026-03-27 23:00:00,0.91839,0.91983,0.9179,0.91803,8972.0
2026-03-27 19:00:00,2026-03-27 16:00:00,2026-03-28 00:00:00,0.91804,0.91845,0.91716,0.91787,7604.0
2026-03-27 20:00:00,2026-03-27 17:00:00,2026-03-28 01:00:00,0.91788,0.91846,0.91787,0.91846,4902.0
2026-03-27 21:00:00,2026-03-27 18:00:00,2026-03-28 02:00:00,0.91845,0.91955,0.9184,0.91944,3982.0
2026-03-27 22:00:00,2026-03-27 19:00:00,2026-03-28 03:00:00,0.91943,0.91995,0.91942,0.91974,3218.0
2026-03-27 23:00:00,2026-03-27 20:00:00,2026-03-28 04:00:00,0.91975,0.91999,0.91954,0.9197,3895.0
2026-03-30 00:00:00,2026-03-29 21:00:00,2026-03-30 05:00:00,0.91783,0.91848,0.91641,0.9178,1703.0
2026-03-30 01:00:00,2026-03-29 22:00:00,2026-03-30 06:00:00,0.91923,0.91937,0.91874,0.91888,4556.0
2026-03-30 02:00:00,2026-03-29 23:00:00,2026-03-30 07:00:00,0.91889,0.91931,0.91888,0.91912,4199.0
2026-03-30 03:00:00,2026-03-30 00:00:00,2026-03-30 08:00:00,0.91912,0.91938,0.91895,0.91895,7727.0
2026-03-30 04:00:00,2026-03-30 01:00:00,2026-03-30 09:00:00,0.91897,0.91916,0.91873,0.91906,5331.0
2026-03-30 05:00:00,2026-03-30 02:00:00,2026-03-30 10:00:00,0.91907,0.91951,0.91902,0.91938,4422.0
2026-03-30 06:00:00,2026-03-30 03:00:00,2026-03-30 11:00:00,0.91938,0.91976,0.91934,0.91975,3488.0
2026-03-30 07:00:00,2026-03-30 04:00:00,2026-03-30 12:00:00,0.91975,0.91977,0.91949,0.91949,2153.0
2026-03-30 08:00:00,2026-03-30 05:00:00,2026-03-30 13:00:00,0.91951,0.9197,0.9195,0.91962,3537.0
2026-03-30 09:00:00,2026-03-30 06:00:00,2026-03-30 14:00:00,0.9196,0.91964,0.91878,0.9195,4156.0
2026-03-30 10:00:00,2026-03-30 07:00:00,2026-03-30 15:00:00,0.9195,0.92002,0.91923,0.91957,5558.0
2026-03-30 11:00:00,2026-03-30 08:00:00,2026-03-30 16:00:00,0.91956,0.9199,0.91918,0.91979,5001.0
2026-03-30 12:00:00,2026-03-30 09:00:00,2026-03-30 17:00:00,0.91977,0.91979,0.91886,0.9191,4988.0
2026-03-30 13:00:00,2026-03-30 10:00:00,2026-03-30 18:00:00,0.91911,0.91922,0.91836,0.91849,3868.0
2026-03-30 14:00:00,2026-03-30 11:00:00,2026-03-30 19:00:00,0.9185,0.91868,0.9182,0.91855,6047.0
2026-03-30 15:00:00,2026-03-30 12:00:00,2026-03-30 20:00:00,0.91854,0.91892,0.91843,0.91845,5382.0
2026-03-30 16:00:00,2026-03-30 13:00:00,2026-03-30 21:00:00,0.91849,0.91861,0.91716,0.91744,7614.0
2026-03-30 17:00:00,2026-03-30 14:00:00,2026-03-30 22:00:00,0.91748,0.91805,0.91705,0.91709,7767.0
2026-03-30 18:00:00,2026-03-30 15:00:00,2026-03-30 23:00:00,0.91708,0.91716,0.91606,0.91639,6383.0
2026-03-30 19:00:00,2026-03-30 16:00:00,2026-03-31 00:00:00,0.91638,0.91704,0.91608,0.91693,5009.0
2026-03-30 20:00:00,2026-03-30 17:00:00,2026-03-31 01:00:00,0.91695,0.91736,0.91679,0.91708,4558.0
2026-03-30 21:00:00,2026-03-30 18:00:00,2026-03-31 02:00:00,0.91709,0.91719,0.9165,0.91669,3561.0
2026-03-30 22:00:00,2026-03-30 19:00:00,2026-03-31 03:00:00,0.9167,0.91682,0.91644,0.91652,3783.0
2026-03-30 23:00:00,2026-03-30 20:00:00,2026-03-31 04:00:00,0.91653,0.91653,0.91621,0.91629,2405.0
2026-03-31 00:00:00,2026-03-30 21:00:00,2026-03-31 05:00:00,0.91455,0.91613,0.91443,0.91562,1342.0
2026-03-31 01:00:00,2026-03-30 22:00:00,2026-03-31 06:00:00,0.91562,0.9166,0.91562,0.91651,1404.0
2026-03-31 02:00:00,2026-03-30 23:00:00,2026-03-31 07:00:00,0.9165,0.9165,0.91621,0.91644,2228.0
2026-03-31 03:00:00,2026-03-31 00:00:00,2026-03-31 08:00:00,0.91643,0.91686,0.91602,0.91663,6537.0
2026-03-31 04:00:00,2026-03-31 01:00:00,2026-03-31 09:00:00,0.91662,0.91701,0.91618,0.91621,6594.0
2026-03-31 05:00:00,2026-03-31 02:00:00,2026-03-31 10:00:00,0.91622,0.91636,0.91615,0.91622,3328.0
2026-03-31 06:00:00,2026-03-31 03:00:00,2026-03-31 11:00:00,0.91623,0.91625,0.91601,0.91615,2767.0
2026-03-31 07:00:00,2026-03-31 04:00:00,2026-03-31 12:00:00,0.91614,0.9162,0.916,0.91602,2095.0
2026-03-31 08:00:00,2026-03-31 05:00:00,2026-03-31 13:00:00,0.91604,0.91619,0.91577,0.91609,3119.0
2026-03-31 09:00:00,2026-03-31 06:00:00,2026-03-31 14:00:00,0.91608,0.91742,0.91597,0.91732,4295.0
2026-03-31 10:00:00,2026-03-31 07:00:00,2026-03-31 15:00:00,0.91729,0.91776,0.9168,0.91767,5201.0
2026-03-31 11:00:00,2026-03-31 08:00:00,2026-03-31 16:00:00,0.91766,0.91779,0.917,0.91718,4267.0
2026-03-31 12:00:00,2026-03-31 09:00:00,2026-03-31 17:00:00,0.91719,0.91843,0.91702,0.91795,4351.0
2026-03-31 13:00:00,2026-03-31 10:00:00,2026-03-31 18:00:00,0.91797,0.91823,0.91772,0.91789,3949.0
2026-03-31 14:00:00,2026-03-31 11:00:00,2026-03-31 19:00:00,0.9179,0.91877,0.91785,0.91874,7504.0
2026-03-31 15:00:00,2026-03-31 12:00:00,2026-03-31 20:00:00,0.91877,0.9207,0.91873,0.92041,7566.0
2026-03-31 16:00:00,2026-03-31 13:00:00,2026-03-31 21:00:00,0.92045,0.92282,0.92028,0.92218,6628.0
2026-03-31 17:00:00,2026-03-31 14:00:00,2026-03-31 22:00:00,0.92223,0.92602,0.92153,0.92595,10615.0
2026-03-31 18:00:00,2026-03-31 15:00:00,2026-03-31 23:00:00,0.92593,0.92666,0.92354,0.92442,11095.0
2026-03-31 19:00:00,2026-03-31 16:00:00,2026-04-01 00:00:00,0.92443,0.92595,0.92417,0.92451,10880.0
2026-03-31 20:00:00,2026-03-31 17:00:00,2026-04-01 01:00:00,0.92452,0.92493,0.9241,0.92412,9757.0
2026-03-31 21:00:00,2026-03-31 18:00:00,2026-04-01 02:00:00,0.92413,0.92428,0.92346,0.92399,5742.0
2026-03-31 22:00:00,2026-03-31 19:00:00,2026-04-01 03:00:00,0.92401,0.92434,0.92392,0.92423,5566.0
2026-03-31 23:00:00,2026-03-31 20:00:00,2026-04-01 04:00:00,0.92422,0.92433,0.92337,0.92351,3601.0
2026-04-01 00:00:00,2026-03-31 21:00:00,2026-04-01 05:00:00,0.92298,0.92356,0.9226,0.92308,984.0
2026-04-01 01:00:00,2026-03-31 22:00:00,2026-04-01 06:00:00,0.92311,0.92379,0.92292,0.92371,2078.0
2026-04-01 02:00:00,2026-03-31 23:00:00,2026-04-01 07:00:00,0.9237,0.92376,0.92309,0.92324,2571.0
2026-04-01 03:00:00,2026-04-01 00:00:00,2026-04-01 08:00:00,0.92327,0.92344,0.92218,0.92224,3949.0
2026-04-01 04:00:00,2026-04-01 01:00:00,2026-04-01 09:00:00,0.92228,0.92282,0.92203,0.92276,5790.0
2026-04-01 05:00:00,2026-04-01 02:00:00,2026-04-01 10:00:00,0.92274,0.92283,0.92232,0.92263,2855.0
2026-04-01 06:00:00,2026-04-01 03:00:00,2026-04-01 11:00:00,0.92264,0.92275,0.92245,0.92273,2742.0
2026-04-01 07:00:00,2026-04-01 04:00:00,2026-04-01 12:00:00,0.92274,0.92274,0.92238,0.92247,2382.0
2026-04-01 08:00:00,2026-04-01 05:00:00,2026-04-01 13:00:00,0.92248,0.9225,0.92168,0.92168,3582.0
2026-04-01 09:00:00,2026-04-01 06:00:00,2026-04-01 14:00:00,0.92172,0.92185,0.92086,0.92091,7145.0
2026-04-01 10:00:00,2026-04-01 07:00:00,2026-04-01 15:00:00,0.92089,0.92122,0.91902,0.9201,8276.0
2026-04-01 11:00:00,2026-04-01 08:00:00,2026-04-01 16:00:00,0.92012,0.92087,0.91977,0.92027,7611.0
2026-04-01 12:00:00,2026-04-01 09:00:00,2026-04-01 17:00:00,0.92028,0.92059,0.91898,0.91953,6352.0
2026-04-01 13:00:00,2026-04-01 10:00:00,2026-04-01 18:00:00,0.91954,0.91992,0.919,0.919,5075.0
2026-04-01 14:00:00,2026-04-01 11:00:00,2026-04-01 19:00:00,0.91899,0.91941,0.91886,0.91901,4487.0
2026-04-01 15:00:00,2026-04-01 12:00:00,2026-04-01 20:00:00,0.91898,0.91924,0.91816,0.91905,8997.0
2026-04-01 16:00:00,2026-04-01 13:00:00,2026-04-01 21:00:00,0.91904,0.92107,0.91893,0.92061,10112.0
2026-04-01 17:00:00,2026-04-01 14:00:00,2026-04-01 22:00:00,0.92058,0.92201,0.92033,0.92133,11573.0
2026-04-01 18:00:00,2026-04-01 15:00:00,2026-04-01 23:00:00,0.92134,0.92154,0.92095,0.92127,7404.0
2026-04-01 19:00:00,2026-04-01 16:00:00,2026-04-02 00:00:00,0.92124,0.92131,0.92046,0.92047,5074.0
2026-04-01 20:00:00,2026-04-01 17:00:00,2026-04-02 01:00:00,0.92049,0.92052,0.91988,0.9199,4719.0
2026-04-01 21:00:00,2026-04-01 18:00:00,2026-04-02 02:00:00,0.91989,0.92029,0.91972,0.92015,5161.0
2026-04-01 22:00:00,2026-04-01 19:00:00,2026-04-02 03:00:00,0.92016,0.92069,0.92003,0.92055,4459.0
2026-04-01 23:00:00,2026-04-01 20:00:00,2026-04-02 04:00:00,0.92056,0.92074,0.92035,0.92054,2077.0
2026-04-02 00:00:00,2026-04-01 21:00:00,2026-04-02 05:00:00,0.92,0.92047,0.91939,0.91974,1897.0
2026-04-02 01:00:00,2026-04-01 22:00:00,2026-04-02 06:00:00,0.91993,0.9206,0.91993,0.92034,1539.0
2026-04-02 02:00:00,2026-04-01 23:00:00,2026-04-02 07:00:00,0.92034,0.92036,0.92017,0.92025,1568.0
2026-04-02 03:00:00,2026-04-02 00:00:00,2026-04-02 08:00:00,0.92024,0.92041,0.91958,0.91963,4241.0
2026-04-02 04:00:00,2026-04-02 01:00:00,2026-04-02 09:00:00,0.91965,0.92036,0.91947,0.92027,13378.0
2026-04-02 05:00:00,2026-04-02 02:00:00,2026-04-02 10:00:00,0.92028,0.92076,0.92007,0.92067,5660.0
2026-04-02 06:00:00,2026-04-02 03:00:00,2026-04-02 11:00:00,0.92066,0.92102,0.92057,0.92101,3922.0
2026-04-02 07:00:00,2026-04-02 04:00:00,2026-04-02 12:00:00,0.921,0.9214,0.92081,0.92123,3602.0
2026-04-02 08:00:00,2026-04-02 05:00:00,2026-04-02 13:00:00,0.92122,0.92149,0.92111,0.92146,4136.0
2026-04-02 09:00:00,2026-04-02 06:00:00,2026-04-02 14:00:00,0.92139,0.92218,0.92095,0.92115,6105.0
2026-04-02 10:00:00,2026-04-02 07:00:00,2026-04-02 15:00:00,0.92114,0.92207,0.92098,0.92133,6398.0
2026-04-02 11:00:00,2026-04-02 08:00:00,2026-04-02 16:00:00,0.92132,0.92193,0.9212,0.92154,5010.0
2026-04-02 12:00:00,2026-04-02 09:00:00,2026-04-02 17:00:00,0.9215,0.92185,0.92131,0.92175,3971.0
2026-04-02 13:00:00,2026-04-02 10:00:00,2026-04-02 18:00:00,0.92176,0.92203,0.92154,0.92178,4358.0
2026-04-02 14:00:00,2026-04-02 11:00:00,2026-04-02 19:00:00,0.9218,0.92202,0.92118,0.92125,4584.0
2026-04-02 15:00:00,2026-04-02 12:00:00,2026-04-02 20:00:00,0.92124,0.9215,0.92093,0.92094,5957.0
2026-04-02 16:00:00,2026-04-02 13:00:00,2026-04-02 21:00:00,0.92091,0.92286,0.92073,0.92212,8531.0
2026-04-02 17:00:00,2026-04-02 14:00:00,2026-04-02 22:00:00,0.92211,0.92289,0.92182,0.92279,11078.0
2026-04-02 18:00:00,2026-04-02 15:00:00,2026-04-02 23:00:00,0.9228,0.92284,0.92166,0.92181,8664.0
2026-04-02 19:00:00,2026-04-02 16:00:00,2026-04-03 00:00:00,0.92184,0.922,0.92141,0.92163,5600.0
2026-04-02 20:00:00,2026-04-02 17:00:00,2026-04-03 01:00:00,0.92164,0.92182,0.92149,0.92154,3524.0
2026-04-02 21:00:00,2026-04-02 18:00:00,2026-04-03 02:00:00,0.92152,0.92184,0.92152,0.92175,3748.0
2026-04-02 22:00:00,2026-04-02 19:00:00,2026-04-03 03:00:00,0.92174,0.9218,0.92154,0.92163,3103.0
2026-04-02 23:00:00,2026-04-02 20:00:00,2026-04-03 04:00:00,0.92164,0.92165,0.92133,0.92157,2487.0
2026-04-03 00:00:00,2026-04-02 21:00:00,2026-04-03 05:00:00,0.92041,0.92128,0.92034,0.92079,714.0
2026-04-03 01:00:00,2026-04-02 22:00:00,2026-04-03 06:00:00,0.92093,0.92187,0.92093,0.92177,695.0
2026-04-03 02:00:00,2026-04-02 23:00:00,2026-04-03 07:00:00,0.92176,0.92184,0.92168,0.92178,491.0
2026-04-03 03:00:00,2026-04-03 00:00:00,2026-04-03 08:00:00,0.92179,0.92184,0.9216,0.92163,2008.0
2026-04-03 04:00:00,2026-04-03 01:00:00,2026-04-03 09:00:00,0.92162,0.92179,0.92155,0.92161,1930.0
2026-04-03 05:00:00,2026-04-03 02:00:00,2026-04-03 10:00:00,0.9216,0.92163,0.92133,0.92142,1186.0
2026-04-03 06:00:00,2026-04-03 03:00:00,2026-04-03 11:00:00,0.92141,0.92147,0.92131,0.92138,730.0
2026-04-03 07:00:00,2026-04-03 04:00:00,2026-04-03 12:00:00,0.92136,0.9214,0.92121,0.92128,1111.0
2026-04-03 08:00:00,2026-04-03 05:00:00,2026-04-03 13:00:00,0.92127,0.92131,0.92107,0.92127,1111.0
2026-04-03 09:00:00,2026-04-03 06:00:00,2026-04-03 14:00:00,0.92126,0.92151,0.92117,0.92128,1608.0
2026-04-03 10:00:00,2026-04-03 07:00:00,2026-04-03 15:00:00,0.92129,0.92131,0.92088,0.92092,1576.0
2026-04-03 11:00:00,2026-04-03 08:00:00,2026-04-03 16:00:00,0.92089,0.92117,0.92089,0.92111,1360.0
2026-04-03 12:00:00,2026-04-03 09:00:00,2026-04-03 17:00:00,0.92109,0.9213,0.92105,0.92124,1477.0
2026-04-03 13:00:00,2026-04-03 10:00:00,2026-04-03 18:00:00,0.92123,0.92153,0.92122,0.92147,1302.0
2026-04-03 14:00:00,2026-04-03 11:00:00,2026-04-03 19:00:00,0.92146,0.92165,0.92139,0.92159,1606.0
2026-04-03 15:00:00,2026-04-03 12:00:00,2026-04-03 20:00:00,0.9216,0.9224,0.92097,0.92166,4523.0
2026-04-03 16:00:00,2026-04-03 13:00:00,2026-04-03 21:00:00,0.92165,0.92169,0.92102,0.92118,2874.0
2026-04-03 17:00:00,2026-04-03 14:00:00,2026-04-03 22:00:00,0.92119,0.9216,0.92119,0.92138,2383.0
2026-04-03 18:00:00,2026-04-03 15:00:00,2026-04-03 23:00:00,0.92136,0.92227,0.921,0.92192,13970.0
2026-04-03 19:00:00,2026-04-03 16:00:00,2026-04-04 00:00:00,0.92194,0.92262,0.92181,0.92244,7252.0
2026-04-03 20:00:00,2026-04-03 17:00:00,2026-04-04 01:00:00,0.92247,0.92259,0.92219,0.92231,9558.0
2026-04-03 21:00:00,2026-04-03 18:00:00,2026-04-04 02:00:00,0.92227,0.92255,0.92184,0.92211,3464.0
2026-04-03 22:00:00,2026-04-03 19:00:00,2026-04-04 03:00:00,0.92212,0.92257,0.92187,0.92232,2259.0
2026-04-03 23:00:00,2026-04-03 20:00:00,2026-04-04 04:00:00,0.92233,0.92256,0.91987,0.92073,4511.0
2026-04-06 00:00:00,2026-04-05 21:00:00,2026-04-06 05:00:00,0.92029,0.92136,0.92021,0.92045,892.0
2026-04-06 01:00:00,2026-04-05 22:00:00,2026-04-06 06:00:00,0.9201,0.92201,0.9201,0.92167,4371.0
2026-04-06 02:00:00,2026-04-05 23:00:00,2026-04-06 07:00:00,0.92165,0.92217,0.9213,0.92217,3506.0
2026-04-06 03:00:00,2026-04-06 00:00:00,2026-04-06 08:00:00,0.92218,0.92238,0.92211,0.92234,4863.0
2026-04-06 04:00:00,2026-04-06 01:00:00,2026-04-06 09:00:00,0.92235,0.92276,0.92211,0.92261,4446.0
2026-04-06 05:00:00,2026-04-06 02:00:00,2026-04-06 10:00:00,0.9226,0.92315,0.92242,0.92264,5217.0
2026-04-06 06:00:00,2026-04-06 03:00:00,2026-04-06 11:00:00,0.92264,0.92265,0.92229,0.9224,4436.0
2026-04-06 07:00:00,2026-04-06 04:00:00,2026-04-06 12:00:00,0.92241,0.92257,0.92225,0.92252,3360.0
2026-04-06 08:00:00,2026-04-06 05:00:00,2026-04-06 13:00:00,0.92251,0.92253,0.92233,0.92241,3393.0
2026-04-06 09:00:00,2026-04-06 06:00:00,2026-04-06 14:00:00,0.92244,0.92257,0.92207,0.92223,4806.0
2026-04-06 10:00:00,2026-04-06 07:00:00,2026-04-06 15:00:00,0.92221,0.92275,0.92156,0.92161,5846.0
2026-04-06 11:00:00,2026-04-06 08:00:00,2026-04-06 16:00:00,0.9216,0.92186,0.92134,0.92138,5301.0
2026-04-06 12:00:00,2026-04-06 09:00:00,2026-04-06 17:00:00,0.9214,0.92167,0.92123,0.92153,4551.0
2026-04-06 13:00:00,2026-04-06 10:00:00,2026-04-06 18:00:00,0.92153,0.92158,0.92115,0.92116,4337.0
2026-04-06 14:00:00,2026-04-06 11:00:00,2026-04-06 19:00:00,0.92117,0.92174,0.92115,0.92129,4602.0
2026-04-06 15:00:00,2026-04-06 12:00:00,2026-04-06 20:00:00,0.92131,0.92173,0.92091,0.92095,5312.0
2026-04-06 16:00:00,2026-04-06 13:00:00,2026-04-06 21:00:00,0.92093,0.92139,0.92093,0.92118,6231.0
2026-04-06 17:00:00,2026-04-06 14:00:00,2026-04-06 22:00:00,0.92104,0.9216,0.92093,0.921,9524.0
2026-04-06 18:00:00,2026-04-06 15:00:00,2026-04-06 23:00:00,0.92101,0.92143,0.92091,0.92109,6372.0
2026-04-06 19:00:00,2026-04-06 16:00:00,2026-04-07 00:00:00,0.92109,0.92134,0.92106,0.92131,3914.0
2026-04-06 20:00:00,2026-04-06 17:00:00,2026-04-07 01:00:00,0.9213,0.92152,0.92115,0.9215,4326.0
2026-04-06 21:00:00,2026-04-06 18:00:00,2026-04-07 02:00:00,0.92151,0.92151,0.92124,0.92135,4236.0
2026-04-06 22:00:00,2026-04-06 19:00:00,2026-04-07 03:00:00,0.92136,0.92138,0.92119,0.9213,2424.0
2026-04-06 23:00:00,2026-04-06 20:00:00,2026-04-07 04:00:00,0.92129,0.92134,0.92106,0.92111,2035.0
2026-04-07 00:00:00,2026-04-06 21:00:00,2026-04-07 05:00:00,0.92039,0.92106,0.92039,0.92051,1079.0
2026-04-07 01:00:00,2026-04-06 22:00:00,2026-04-07 06:00:00,0.92062,0.92129,0.92059,0.92108,1643.0
2026-04-07 02:00:00,2026-04-06 23:00:00,2026-04-07 07:00:00,0.92109,0.92116,0.92103,0.92112,1452.0
2026-04-07 03:00:00,2026-04-07 00:00:00,2026-04-07 08:00:00,0.92113,0.92184,0.92112,0.92177,4029.0
2026-04-07 04:00:00,2026-04-07 01:00:00,2026-04-07 09:00:00,0.92178,0.92227,0.92153,0.92224,3906.0
2026-04-07 05:00:00,2026-04-07 02:00:00,2026-04-07 10:00:00,0.92223,0.92225,0.9219,0.92191,2772.0
2026-04-07 06:00:00,2026-04-07 03:00:00,2026-04-07 11:00:00,0.9219,0.92205,0.92188,0.92199,1970.0
2026-04-07 07:00:00,2026-04-07 04:00:00,2026-04-07 12:00:00,0.92199,0.92203,0.92144,0.92148,2332.0
2026-04-07 08:00:00,2026-04-07 05:00:00,2026-04-07 13:00:00,0.92149,0.92163,0.92126,0.92128,2977.0
2026-04-07 09:00:00,2026-04-07 06:00:00,2026-04-07 14:00:00,0.92129,0.92237,0.92129,0.92232,4036.0
2026-04-07 10:00:00,2026-04-07 07:00:00,2026-04-07 15:00:00,0.92236,0.92326,0.92219,0.92322,4691.0
2026-04-07 11:00:00,2026-04-07 08:00:00,2026-04-07 16:00:00,0.92321,0.92377,0.92226,0.9236,6994.0
2026-04-07 12:00:00,2026-04-07 09:00:00,2026-04-07 17:00:00,0.92361,0.92381,0.9231,0.92335,4716.0
2026-04-07 13:00:00,2026-04-07 10:00:00,2026-04-07 18:00:00,0.92336,0.92412,0.92327,0.92382,6612.0
2026-04-07 14:00:00,2026-04-07 11:00:00,2026-04-07 19:00:00,0.9238,0.92443,0.92375,0.92409,4425.0
2026-04-07 15:00:00,2026-04-07 12:00:00,2026-04-07 20:00:00,0.9241,0.92475,0.92387,0.92444,5525.0
2026-04-07 16:00:00,2026-04-07 13:00:00,2026-04-07 21:00:00,0.92445,0.92565,0.9244,0.92528,6368.0
2026-04-07 17:00:00,2026-04-07 14:00:00,2026-04-07 22:00:00,0.92528,0.92605,0.92518,0.9258,7656.0
2026-04-07 18:00:00,2026-04-07 15:00:00,2026-04-07 23:00:00,0.92581,0.92655,0.92537,0.92537,7781.0
2026-04-07 19:00:00,2026-04-07 16:00:00,2026-04-08 00:00:00,0.92536,0.92575,0.92487,0.92495,5967.0
2026-04-07 20:00:00,2026-04-07 17:00:00,2026-04-08 01:00:00,0.92493,0.9251,0.92472,0.92505,4996.0
2026-04-07 21:00:00,2026-04-07 18:00:00,2026-04-08 02:00:00,0.92506,0.92527,0.92495,0.92512,3854.0
2026-04-07 22:00:00,2026-04-07 19:00:00,2026-04-08 03:00:00,0.92513,0.92553,0.92498,0.92516,6720.0
2026-04-07 23:00:00,2026-04-07 20:00:00,2026-04-08 04:00:00,0.92517,0.92527,0.92485,0.92502,5267.0
2026-04-08 00:00:00,2026-04-07 21:00:00,2026-04-08 05:00:00,0.9244,0.92514,0.92386,0.92426,1422.0
2026-04-08 01:00:00,2026-04-07 22:00:00,2026-04-08 06:00:00,0.92466,0.9257,0.92459,0.9252,9047.0
2026-04-08 02:00:00,2026-04-07 23:00:00,2026-04-08 07:00:00,0.92522,0.92564,0.92365,0.92366,11513.0
2026-04-08 03:00:00,2026-04-08 00:00:00,2026-04-08 08:00:00,0.92367,0.92394,0.92309,0.92354,10409.0
2026-04-08 04:00:00,2026-04-08 01:00:00,2026-04-08 09:00:00,0.92355,0.92357,0.9227,0.92274,8246.0
2026-04-08 05:00:00,2026-04-08 02:00:00,2026-04-08 10:00:00,0.92273,0.92282,0.92238,0.92268,4679.0
2026-04-08 06:00:00,2026-04-08 03:00:00,2026-04-08 11:00:00,0.92268,0.92274,0.92215,0.92237,4050.0
2026-04-08 07:00:00,2026-04-08 04:00:00,2026-04-08 12:00:00,0.92239,0.92252,0.92181,0.9219,3938.0
2026-04-08 08:00:00,2026-04-08 05:00:00,2026-04-08 13:00:00,0.92189,0.92256,0.92173,0.92217,5462.0
2026-04-08 09:00:00,2026-04-08 06:00:00,2026-04-08 14:00:00,0.9222,0.9223,0.921,0.92169,8187.0
2026-04-08 10:00:00,2026-04-08 07:00:00,2026-04-08 15:00:00,0.92171,0.92252,0.92096,0.92112,7808.0
2026-04-08 11:00:00,2026-04-08 08:00:00,2026-04-08 16:00:00,0.92113,0.92143,0.9206,0.92137,6809.0
2026-04-08 12:00:00,2026-04-08 09:00:00,2026-04-08 17:00:00,0.92138,0.92177,0.92084,0.92145,5965.0
2026-04-08 13:00:00,2026-04-08 10:00:00,2026-04-08 18:00:00,0.92144,0.92227,0.92141,0.9217,5244.0
2026-04-08 14:00:00,2026-04-08 11:00:00,2026-04-08 19:00:00,0.92171,0.92265,0.92163,0.92245,6495.0
2026-04-08 15:00:00,2026-04-08 12:00:00,2026-04-08 20:00:00,0.92244,0.92277,0.92209,0.92244,8897.0
2026-04-08 16:00:00,2026-04-08 13:00:00,2026-04-08 21:00:00,0.92243,0.92333,0.92215,0.92297,8393.0
2026-04-08 17:00:00,2026-04-08 14:00:00,2026-04-08 22:00:00,0.92299,0.92353,0.92196,0.92212,9802.0
2026-04-08 18:00:00,2026-04-08 15:00:00,2026-04-08 23:00:00,0.92213,0.92323,0.92194,0.92297,7859.0
2026-04-08 19:00:00,2026-04-08 16:00:00,2026-04-09 00:00:00,0.923,0.92329,0.92284,0.92285,5157.0
2026-04-08 20:00:00,2026-04-08 17:00:00,2026-04-09 01:00:00,0.92286,0.92323,0.92282,0.92311,4864.0
2026-04-08 21:00:00,2026-04-08 18:00:00,2026-04-09 02:00:00,0.9231,0.92331,0.92276,0.92305,6669.0
2026-04-08 22:00:00,2026-04-08 19:00:00,2026-04-09 03:00:00,0.92303,0.9232,0.92283,0.92307,5018.0
2026-04-08 23:00:00,2026-04-08 20:00:00,2026-04-09 04:00:00,0.9231,0.92317,0.92276,0.92281,2780.0
2026-04-09 00:00:00,2026-04-08 21:00:00,2026-04-09 05:00:00,0.92213,0.92277,0.92184,0.92248,978.0
2026-04-09 01:00:00,2026-04-08 22:00:00,2026-04-09 06:00:00,0.92285,0.92297,0.92248,0.92271,1954.0
2026-04-09 02:00:00,2026-04-08 23:00:00,2026-04-09 07:00:00,0.9227,0.92278,0.92257,0.92275,1501.0
2026-04-09 03:00:00,2026-04-09 00:00:00,2026-04-09 08:00:00,0.92276,0.92312,0.92251,0.92301,4251.0
2026-04-09 04:00:00,2026-04-09 01:00:00,2026-04-09 09:00:00,0.92302,0.92315,0.92277,0.92297,4357.0
2026-04-09 05:00:00,2026-04-09 02:00:00,2026-04-09 10:00:00,0.92296,0.92311,0.92281,0.92285,2798.0
2026-04-09 06:00:00,2026-04-09 03:00:00,2026-04-09 11:00:00,0.92286,0.92301,0.92259,0.9228,3109.0
2026-04-09 07:00:00,2026-04-09 04:00:00,2026-04-09 12:00:00,0.9228,0.92296,0.92252,0.92292,2251.0
2026-04-09 08:00:00,2026-04-09 05:00:00,2026-04-09 13:00:00,0.92293,0.92326,0.92277,0.92315,3238.0
2026-04-09 09:00:00,2026-04-09 06:00:00,2026-04-09 14:00:00,0.92313,0.9235,0.92291,0.92302,3887.0
2026-04-09 10:00:00,2026-04-09 07:00:00,2026-04-09 15:00:00,0.92302,0.9232,0.92202,0.9225,5101.0
2026-04-09 11:00:00,2026-04-09 08:00:00,2026-04-09 16:00:00,0.9225,0.92329,0.92221,0.92329,4307.0
2026-04-09 12:00:00,2026-04-09 09:00:00,2026-04-09 17:00:00,0.9233,0.92395,0.92324,0.92352,3727.0
2026-04-09 13:00:00,2026-04-09 10:00:00,2026-04-09 18:00:00,0.92351,0.92417,0.9235,0.92397,3619.0
2026-04-09 14:00:00,2026-04-09 11:00:00,2026-04-09 19:00:00,0.92396,0.92403,0.92364,0.92386,3487.0
2026-04-09 15:00:00,2026-04-09 12:00:00,2026-04-09 20:00:00,0.92384,0.92404,0.92352,0.92376,5213.0
2026-04-09 16:00:00,2026-04-09 13:00:00,2026-04-09 21:00:00,0.92373,0.92377,0.92175,0.92221,6612.0
2026-04-09 17:00:00,2026-04-09 14:00:00,2026-04-09 22:00:00,0.9222,0.9237,0.92187,0.92361,7916.0
2026-04-09 18:00:00,2026-04-09 15:00:00,2026-04-09 23:00:00,0.9236,0.92419,0.92331,0.92343,8713.0
2026-04-09 19:00:00,2026-04-09 16:00:00,2026-04-10 00:00:00,0.92341,0.92344,0.92304,0.92334,5642.0
2026-04-09 20:00:00,2026-04-09 17:00:00,2026-04-10 01:00:00,0.92334,0.92407,0.92332,0.92403,4701.0
2026-04-09 21:00:00,2026-04-09 18:00:00,2026-04-10 02:00:00,0.92402,0.92491,0.92387,0.92478,5499.0
2026-04-09 22:00:00,2026-04-09 19:00:00,2026-04-10 03:00:00,0.92476,0.92496,0.92468,0.92487,3923.0
2026-04-09 23:00:00,2026-04-09 20:00:00,2026-04-10 04:00:00,0.92489,0.92491,0.9246,0.92467,2042.0
2026-04-10 00:00:00,2026-04-09 21:00:00,2026-04-10 05:00:00,0.92386,0.92438,0.92319,0.92378,1216.0
2026-04-10 01:00:00,2026-04-09 22:00:00,2026-04-10 06:00:00,0.9243,0.92499,0.9243,0.92456,2806.0
2026-04-10 02:00:00,2026-04-09 23:00:00,2026-04-10 07:00:00,0.92455,0.92483,0.92454,0.92467,1598.0
2026-04-10 03:00:00,2026-04-10 00:00:00,2026-04-10 08:00:00,0.92468,0.9249,0.92463,0.92473,3170.0
2026-04-10 04:00:00,2026-04-10 01:00:00,2026-04-10 09:00:00,0.92475,0.92481,0.92422,0.92425,2678.0
2026-04-10 05:00:00,2026-04-10 02:00:00,2026-04-10 10:00:00,0.92424,0.92457,0.92424,0.92437,2242.0
2026-04-10 06:00:00,2026-04-10 03:00:00,2026-04-10 11:00:00,0.92436,0.92439,0.92418,0.9243,2005.0
2026-04-10 07:00:00,2026-04-10 04:00:00,2026-04-10 12:00:00,0.92431,0.92431,0.92397,0.92406,2006.0
2026-04-10 08:00:00,2026-04-10 05:00:00,2026-04-10 13:00:00,0.92405,0.92408,0.92383,0.92384,2525.0
2026-04-10 09:00:00,2026-04-10 06:00:00,2026-04-10 14:00:00,0.92382,0.92405,0.92321,0.92336,3498.0
2026-04-10 10:00:00,2026-04-10 07:00:00,2026-04-10 15:00:00,0.92335,0.92345,0.92288,0.92328,3895.0
2026-04-10 11:00:00,2026-04-10 08:00:00,2026-04-10 16:00:00,0.92327,0.92342,0.92278,0.92341,3799.0
2026-04-10 12:00:00,2026-04-10 09:00:00,2026-04-10 17:00:00,0.92339,0.92495,0.92278,0.92488,5890.0
2026-04-10 13:00:00,2026-04-10 10:00:00,2026-04-10 18:00:00,0.92489,0.92519,0.92441,0.92445,4571.0
2026-04-10 14:00:00,2026-04-10 11:00:00,2026-04-10 19:00:00,0.92446,0.92465,0.92397,0.924,3284.0
2026-04-10 15:00:00,2026-04-10 12:00:00,2026-04-10 20:00:00,0.92401,0.92427,0.92313,0.92388,6727.0
2026-04-10 16:00:00,2026-04-10 13:00:00,2026-04-10 21:00:00,0.92389,0.92405,0.92236,0.92285,6987.0
2026-04-10 17:00:00,2026-04-10 14:00:00,2026-04-10 22:00:00,0.92286,0.92603,0.92188,0.92523,9602.0
2026-04-10 18:00:00,2026-04-10 15:00:00,2026-04-10 23:00:00,0.92521,0.92533,0.92445,0.9252,7671.0
2026-04-10 19:00:00,2026-04-10 16:00:00,2026-04-11 00:00:00,0.92516,0.92545,0.92494,0.92524,4469.0
2026-04-10 20:00:00,2026-04-10 17:00:00,2026-04-11 01:00:00,0.92522,0.92575,0.92522,0.92558,3578.0
2026-04-10 21:00:00,2026-04-10 18:00:00,2026-04-11 02:00:00,0.92557,0.92558,0.92506,0.92528,3671.0
2026-04-10 22:00:00,2026-04-10 19:00:00,2026-04-11 03:00:00,0.92527,0.9255,0.9251,0.92539,3257.0
2026-04-10 23:00:00,2026-04-10 20:00:00,2026-04-11 04:00:00,0.9254,0.92574,0.92539,0.92557,3185.0
2026-04-13 00:00:00,2026-04-12 21:00:00,2026-04-13 05:00:00,0.92201,0.92383,0.9218,0.9226,1142.0
2026-04-13 01:00:00,2026-04-12 22:00:00,2026-04-13 06:00:00,0.92276,0.92553,0.92276,0.92536,6880.0
2026-04-13 02:00:00,2026-04-12 23:00:00,2026-04-13 07:00:00,0.92535,0.92556,0.92517,0.92536,3887.0
2026-04-13 03:00:00,2026-04-13 00:00:00,2026-04-13 08:00:00,0.92535,0.9263,0.92534,0.92619,5299.0
2026-04-13 04:00:00,2026-04-13 01:00:00,2026-04-13 09:00:00,0.92617,0.92617,0.9257,0.92582,5032.0
2026-04-13 05:00:00,2026-04-13 02:00:00,2026-04-13 10:00:00,0.92583,0.92586,0.92555,0.92563,2912.0
2026-04-13 06:00:00,2026-04-13 03:00:00,2026-04-13 11:00:00,0.92562,0.92565,0.92541,0.92542,2624.0
2026-04-13 07:00:00,2026-04-13 04:00:00,2026-04-13 12:00:00,0.92543,0.92566,0.9254,0.92559,2309.0
2026-04-13 08:00:00,2026-04-13 05:00:00,2026-04-13 13:00:00,0.92559,0.92577,0.92551,0.92567,3454.0
2026-04-13 09:00:00,2026-04-13 06:00:00,2026-04-13 14:00:00,0.92568,0.92577,0.92437,0.92437,5082.0
2026-04-13 10:00:00,2026-04-13 07:00:00,2026-04-13 15:00:00,0.92436,0.9244,0.92373,0.92409,4862.0
2026-04-13 11:00:00,2026-04-13 08:00:00,2026-04-13 16:00:00,0.92414,0.92419,0.92348,0.92363,4077.0
2026-04-13 12:00:00,2026-04-13 09:00:00,2026-04-13 17:00:00,0.92362,0.92383,0.92334,0.92372,3507.0
2026-04-13 13:00:00,2026-04-13 10:00:00,2026-04-13 18:00:00,0.92371,0.9238,0.9234,0.92371,3191.0
2026-04-13 14:00:00,2026-04-13 11:00:00,2026-04-13 19:00:00,0.92372,0.92415,0.92329,0.92402,4407.0
2026-04-13 15:00:00,2026-04-13 12:00:00,2026-04-13 20:00:00,0.92403,0.92422,0.92346,0.9237,5476.0
2026-04-13 16:00:00,2026-04-13 13:00:00,2026-04-13 21:00:00,0.92369,0.92407,0.92317,0.92344,7467.0
2026-04-13 17:00:00,2026-04-13 14:00:00,2026-04-13 22:00:00,0.92345,0.92363,0.92214,0.92216,7786.0
2026-04-13 18:00:00,2026-04-13 15:00:00,2026-04-13 23:00:00,0.92217,0.92251,0.92194,0.92225,6234.0
2026-04-13 19:00:00,2026-04-13 16:00:00,2026-04-14 00:00:00,0.92224,0.92229,0.92134,0.92141,7386.0
2026-04-13 20:00:00,2026-04-13 17:00:00,2026-04-14 01:00:00,0.92142,0.92153,0.92096,0.9215,4829.0
2026-04-13 21:00:00,2026-04-13 18:00:00,2026-04-14 02:00:00,0.92149,0.92153,0.92076,0.92133,5489.0
2026-04-13 22:00:00,2026-04-13 19:00:00,2026-04-14 03:00:00,0.92132,0.92175,0.92117,0.92174,3953.0
2026-04-13 23:00:00,2026-04-13 20:00:00,2026-04-14 04:00:00,0.92173,0.92186,0.92161,0.92173,2813.0
2026-04-14 00:00:00,2026-04-13 21:00:00,2026-04-14 05:00:00,0.92034,0.92132,0.92034,0.92113,950.0
2026-04-14 01:00:00,2026-04-13 22:00:00,2026-04-14 06:00:00,0.92122,0.92181,0.92122,0.92158,1652.0
2026-04-14 02:00:00,2026-04-13 23:00:00,2026-04-14 07:00:00,0.92158,0.92164,0.92145,0.92156,2204.0
2026-04-14 03:00:00,2026-04-14 00:00:00,2026-04-14 08:00:00,0.92154,0.9217,0.92131,0.92134,4214.0
2026-04-14 04:00:00,2026-04-14 01:00:00,2026-04-14 09:00:00,0.92133,0.92159,0.92124,0.92139,4213.0
2026-04-14 05:00:00,2026-04-14 02:00:00,2026-04-14 10:00:00,0.92139,0.92159,0.92138,0.92157,2531.0
2026-04-14 06:00:00,2026-04-14 03:00:00,2026-04-14 11:00:00,0.92158,0.92165,0.92138,0.9214,1875.0
2026-04-14 07:00:00,2026-04-14 04:00:00,2026-04-14 12:00:00,0.92141,0.92154,0.92131,0.92147,2289.0
2026-04-14 08:00:00,2026-04-14 05:00:00,2026-04-14 13:00:00,0.92147,0.92167,0.92138,0.92147,3451.0
2026-04-14 09:00:00,2026-04-14 06:00:00,2026-04-14 14:00:00,0.92141,0.92161,0.9212,0.92136,5070.0
2026-04-14 10:00:00,2026-04-14 07:00:00,2026-04-14 15:00:00,0.92134,0.92167,0.91945,0.92027,7926.0
2026-04-14 11:00:00,2026-04-14 08:00:00,2026-04-14 16:00:00,0.92026,0.92067,0.91955,0.91973,5774.0
2026-04-14 12:00:00,2026-04-14 09:00:00,2026-04-14 17:00:00,0.91975,0.92051,0.91956,0.92022,4513.0
2026-04-14 13:00:00,2026-04-14 10:00:00,2026-04-14 18:00:00,0.9202,0.92108,0.92005,0.92105,4593.0
2026-04-14 14:00:00,2026-04-14 11:00:00,2026-04-14 19:00:00,0.92106,0.92117,0.9205,0.92075,5372.0
2026-04-14 15:00:00,2026-04-14 12:00:00,2026-04-14 20:00:00,0.92076,0.92104,0.92002,0.92065,6374.0
2026-04-14 16:00:00,2026-04-14 13:00:00,2026-04-14 21:00:00,0.92066,0.92129,0.92049,0.92094,6907.0
2026-04-14 17:00:00,2026-04-14 14:00:00,2026-04-14 22:00:00,0.92093,0.92095,0.91947,0.92065,7417.0
2026-04-14 18:00:00,2026-04-14 15:00:00,2026-04-14 23:00:00,0.92062,0.92104,0.92052,0.92082,6139.0
2026-04-14 19:00:00,2026-04-14 16:00:00,2026-04-15 00:00:00,0.92084,0.92141,0.92076,0.92123,3869.0
2026-04-14 20:00:00,2026-04-14 17:00:00,2026-04-15 01:00:00,0.92122,0.92131,0.92093,0.92102,3215.0
2026-04-14 21:00:00,2026-04-14 18:00:00,2026-04-15 02:00:00,0.92103,0.92129,0.92085,0.92117,3270.0
2026-04-14 22:00:00,2026-04-14 19:00:00,2026-04-15 03:00:00,0.92118,0.92138,0.92116,0.92131,2409.0
2026-04-14 23:00:00,2026-04-14 20:00:00,2026-04-15 04:00:00,0.92132,0.92138,0.92104,0.92112,1983.0
2026-04-15 00:00:00,2026-04-14 21:00:00,2026-04-15 05:00:00,0.92045,0.92062,0.92019,0.92052,585.0
2026-04-15 01:00:00,2026-04-14 22:00:00,2026-04-15 06:00:00,0.9206,0.92122,0.9206,0.9212,1657.0
2026-04-15 02:00:00,2026-04-14 23:00:00,2026-04-15 07:00:00,0.92122,0.92138,0.92114,0.92135,2630.0
2026-04-15 03:00:00,2026-04-15 00:00:00,2026-04-15 08:00:00,0.92132,0.92152,0.92108,0.92111,3479.0
2026-04-15 04:00:00,2026-04-15 01:00:00,2026-04-15 09:00:00,0.92112,0.92134,0.92078,0.92118,4057.0
2026-04-15 05:00:00,2026-04-15 02:00:00,2026-04-15 10:00:00,0.92117,0.92126,0.92095,0.92109,3051.0
2026-04-15 06:00:00,2026-04-15 03:00:00,2026-04-15 11:00:00,0.92109,0.92118,0.92095,0.92098,2603.0
2026-04-15 07:00:00,2026-04-15 04:00:00,2026-04-15 12:00:00,0.92097,0.92111,0.92096,0.92099,2343.0
2026-04-15 08:00:00,2026-04-15 05:00:00,2026-04-15 13:00:00,0.921,0.92127,0.92086,0.92095,4223.0
2026-04-15 09:00:00,2026-04-15 06:00:00,2026-04-15 14:00:00,0.92098,0.92119,0.92061,0.92066,4186.0
2026-04-15 10:00:00,2026-04-15 07:00:00,2026-04-15 15:00:00,0.92066,0.92078,0.92034,0.92054,4732.0
2026-04-15 11:00:00,2026-04-15 08:00:00,2026-04-15 16:00:00,0.92053,0.9207,0.91972,0.92052,4344.0
2026-04-15 12:00:00,2026-04-15 09:00:00,2026-04-15 17:00:00,0.92051,0.92123,0.92044,0.92089,5570.0
2026-04-15 13:00:00,2026-04-15 10:00:00,2026-04-15 18:00:00,0.9209,0.92161,0.92081,0.92157,5582.0
2026-04-15 14:00:00,2026-04-15 11:00:00,2026-04-15 19:00:00,0.92155,0.92212,0.9214,0.92204,4875.0
2026-04-15 15:00:00,2026-04-15 12:00:00,2026-04-15 20:00:00,0.92205,0.92245,0.92177,0.92228,5574.0
2026-04-15 16:00:00,2026-04-15 13:00:00,2026-04-15 21:00:00,0.92229,0.92234,0.92135,0.92173,6770.0
2026-04-15 17:00:00,2026-04-15 14:00:00,2026-04-15 22:00:00,0.92172,0.92218,0.92102,0.92195,7217.0
2026-04-15 18:00:00,2026-04-15 15:00:00,2026-04-15 23:00:00,0.92194,0.92218,0.9218,0.92207,6311.0
2026-04-15 19:00:00,2026-04-15 16:00:00,2026-04-16 00:00:00,0.92206,0.9225,0.92198,0.92242,4709.0
2026-04-15 20:00:00,2026-04-15 17:00:00,2026-04-16 01:00:00,0.92241,0.92264,0.92211,0.92247,3461.0
2026-04-15 21:00:00,2026-04-15 18:00:00,2026-04-16 02:00:00,0.92246,0.92264,0.92216,0.92236,4356.0
2026-04-15 22:00:00,2026-04-15 19:00:00,2026-04-16 03:00:00,0.92234,0.92255,0.92233,0.92234,2996.0
2026-04-15 23:00:00,2026-04-15 20:00:00,2026-04-16 04:00:00,0.92233,0.92272,0.92228,0.92253,2348.0
2026-04-16 00:00:00,2026-04-15 21:00:00,2026-04-16 05:00:00,0.92238,0.9228,0.92177,0.92218,4183.0
2026-04-16 01:00:00,2026-04-15 22:00:00,2026-04-16 06:00:00,0.92218,0.92288,0.92192,0.9224,2430.0
2026-04-16 02:00:00,2026-04-15 23:00:00,2026-04-16 07:00:00,0.92239,0.92258,0.92233,0.92245,1835.0
2026-04-16 03:00:00,2026-04-16 00:00:00,2026-04-16 08:00:00,0.92246,0.92251,0.92213,0.92218,4031.0
2026-04-16 04:00:00,2026-04-16 01:00:00,2026-04-16 09:00:00,0.92219,0.92222,0.922,0.92215,4007.0
2026-04-16 05:00:00,2026-04-16 02:00:00,2026-04-16 10:00:00,0.92214,0.92243,0.92208,0.92222,3922.0
2026-04-16 06:00:00,2026-04-16 03:00:00,2026-04-16 11:00:00,0.92224,0.92225,0.92186,0.92196,4113.0
2026-04-16 07:00:00,2026-04-16 04:00:00,2026-04-16 12:00:00,0.92196,0.92209,0.9219,0.92206,2445.0
2026-04-16 08:00:00,2026-04-16 05:00:00,2026-04-16 13:00:00,0.92207,0.92226,0.92192,0.92215,2798.0
2026-04-16 09:00:00,2026-04-16 06:00:00,2026-04-16 14:00:00,0.92216,0.92217,0.92155,0.92158,4159.0
2026-04-16 10:00:00,2026-04-16 07:00:00,2026-04-16 15:00:00,0.92158,0.92247,0.92147,0.92213,5296.0
2026-04-16 11:00:00,2026-04-16 08:00:00,2026-04-16 16:00:00,0.92212,0.92228,0.9218,0.92211,5642.0
2026-04-16 12:00:00,2026-04-16 09:00:00,2026-04-16 17:00:00,0.9221,0.92335,0.92205,0.92316,4101.0
2026-04-16 13:00:00,2026-04-16 10:00:00,2026-04-16 18:00:00,0.92319,0.92355,0.92306,0.92339,3908.0
2026-04-16 14:00:00,2026-04-16 11:00:00,2026-04-16 19:00:00,0.92338,0.92352,0.92283,0.92298,4312.0
2026-04-16 15:00:00,2026-04-16 12:00:00,2026-04-16 20:00:00,0.92299,0.9232,0.92275,0.92304,4726.0
2026-04-16 16:00:00,2026-04-16 13:00:00,2026-04-16 21:00:00,0.92306,0.92313,0.92171,0.92196,5964.0
2026-04-16 17:00:00,2026-04-16 14:00:00,2026-04-16 22:00:00,0.92197,0.92269,0.92185,0.92268,7069.0
2026-04-16 18:00:00,2026-04-16 15:00:00,2026-04-16 23:00:00,0.92267,0.9235,0.92265,0.92296,6235.0
2026-04-16 19:00:00,2026-04-16 16:00:00,2026-04-17 00:00:00,0.92297,0.92321,0.9229,0.92316,4644.0
2026-04-16 20:00:00,2026-04-16 17:00:00,2026-04-17 01:00:00,0.92315,0.9236,0.92288,0.92347,3624.0
2026-04-16 21:00:00,2026-04-16 18:00:00,2026-04-17 02:00:00,0.92346,0.92352,0.92291,0.92297,4056.0
2026-04-16 22:00:00,2026-04-16 19:00:00,2026-04-17 03:00:00,0.92295,0.92298,0.92261,0.92285,2991.0
2026-04-16 23:00:00,2026-04-16 20:00:00,2026-04-17 04:00:00,0.92284,0.92323,0.9228,0.92314,2144.0
2026-04-17 00:00:00,2026-04-16 21:00:00,2026-04-17 05:00:00,0.92216,0.92271,0.92205,0.92254,770.0
2026-04-17 01:00:00,2026-04-16 22:00:00,2026-04-17 06:00:00,0.9226,0.92325,0.9226,0.92316,2005.0
2026-04-17 02:00:00,2026-04-16 23:00:00,2026-04-17 07:00:00,0.92317,0.92318,0.92269,0.92269,1575.0
2026-04-17 03:00:00,2026-04-17 00:00:00,2026-04-17 08:00:00,0.9227,0.92281,0.9225,0.92257,3154.0
2026-04-17 04:00:00,2026-04-17 01:00:00,2026-04-17 09:00:00,0.92257,0.92269,0.92239,0.92241,2426.0
2026-04-17 05:00:00,2026-04-17 02:00:00,2026-04-17 10:00:00,0.92242,0.92288,0.92242,0.92284,2445.0
2026-04-17 06:00:00,2026-04-17 03:00:00,2026-04-17 11:00:00,0.92285,0.92314,0.92262,0.923,2775.0
2026-04-17 07:00:00,2026-04-17 04:00:00,2026-04-17 12:00:00,0.92301,0.92306,0.92283,0.9229,2405.0
2026-04-17 08:00:00,2026-04-17 05:00:00,2026-04-17 13:00:00,0.9229,0.92301,0.92276,0.92293,3112.0
2026-04-17 09:00:00,2026-04-17 06:00:00,2026-04-17 14:00:00,0.92291,0.9232,0.92251,0.92311,3973.0
2026-04-17 10:00:00,2026-04-17 07:00:00,2026-04-17 15:00:00,0.92309,0.92311,0.92253,0.92267,4293.0
2026-04-17 11:00:00,2026-04-17 08:00:00,2026-04-17 16:00:00,0.92265,0.92302,0.92251,0.92252,4201.0
2026-04-17 12:00:00,2026-04-17 09:00:00,2026-04-17 17:00:00,0.92252,0.92284,0.92228,0.92267,3165.0
2026-04-17 13:00:00,2026-04-17 10:00:00,2026-04-17 18:00:00,0.92265,0.923,0.92226,0.92295,3367.0
2026-04-17 14:00:00,2026-04-17 11:00:00,2026-04-17 19:00:00,0.92294,0.92318,0.92289,0.92292,3268.0
2026-04-17 15:00:00,2026-04-17 12:00:00,2026-04-17 20:00:00,0.92294,0.92324,0.92194,0.92219,8190.0
2026-04-17 16:00:00,2026-04-17 13:00:00,2026-04-17 21:00:00,0.92215,0.92266,0.9211,0.92141,12940.0
2026-04-17 17:00:00,2026-04-17 14:00:00,2026-04-17 22:00:00,0.9214,0.92163,0.91952,0.92,11158.0
2026-04-17 18:00:00,2026-04-17 15:00:00,2026-04-17 23:00:00,0.91999,0.92041,0.91973,0.91991,9055.0
2026-04-17 19:00:00,2026-04-17 16:00:00,2026-04-18 00:00:00,0.91989,0.91992,0.91935,0.9196,5182.0
2026-04-17 20:00:00,2026-04-17 17:00:00,2026-04-18 01:00:00,0.91963,0.91998,0.91942,0.91949,6448.0
2026-04-17 21:00:00,2026-04-17 18:00:00,2026-04-18 02:00:00,0.9195,0.91974,0.91924,0.91957,5322.0
2026-04-17 22:00:00,2026-04-17 19:00:00,2026-04-18 03:00:00,0.91958,0.91965,0.91931,0.91956,3678.0
2026-04-17 23:00:00,2026-04-17 20:00:00,2026-04-18 04:00:00,0.91957,0.91981,0.91934,0.91963,3163.0
2026-04-20 00:00:00,2026-04-19 21:00:00,2026-04-20 05:00:00,0.9165,0.91775,0.91649,0.91768,1879.0
2026-04-20 01:00:00,2026-04-19 22:00:00,2026-04-20 06:00:00,0.91774,0.91981,0.91774,0.91978,6477.0
2026-04-20 02:00:00,2026-04-19 23:00:00,2026-04-20 07:00:00,0.91979,0.92009,0.91962,0.92002,4358.0
2026-04-20 03:00:00,2026-04-20 00:00:00,2026-04-20 08:00:00,0.92003,0.92019,0.91985,0.91994,6041.0
2026-04-20 04:00:00,2026-04-20 01:00:00,2026-04-20 09:00:00,0.91993,0.92021,0.91979,0.91997,5340.0
2026-04-20 05:00:00,2026-04-20 02:00:00,2026-04-20 10:00:00,0.91998,0.92007,0.91981,0.92006,3712.0
2026-04-20 06:00:00,2026-04-20 03:00:00,2026-04-20 11:00:00,0.92005,0.9201,0.9199,0.91994,3090.0
2026-04-20 07:00:00,2026-04-20 04:00:00,2026-04-20 12:00:00,0.91995,0.92019,0.91988,0.92012,3528.0
2026-04-20 08:00:00,2026-04-20 05:00:00,2026-04-20 13:00:00,0.92011,0.92043,0.92007,0.92034,4595.0
2026-04-20 09:00:00,2026-04-20 06:00:00,2026-04-20 14:00:00,0.92033,0.92056,0.91988,0.9201,6899.0
2026-04-20 10:00:00,2026-04-20 07:00:00,2026-04-20 15:00:00,0.92011,0.92028,0.9197,0.91987,8749.0
2026-04-20 11:00:00,2026-04-20 08:00:00,2026-04-20 16:00:00,0.91986,0.92,0.91949,0.91969,7148.0
2026-04-20 12:00:00,2026-04-20 09:00:00,2026-04-20 17:00:00,0.91969,0.91975,0.91903,0.91927,6056.0
2026-04-20 13:00:00,2026-04-20 10:00:00,2026-04-20 18:00:00,0.91926,0.91954,0.91914,0.91943,5330.0
2026-04-20 14:00:00,2026-04-20 11:00:00,2026-04-20 19:00:00,0.91942,0.9196,0.91919,0.91919,5979.0
2026-04-20 15:00:00,2026-04-20 12:00:00,2026-04-20 20:00:00,0.91916,0.91932,0.91851,0.91875,6039.0
2026-04-20 16:00:00,2026-04-20 13:00:00,2026-04-20 21:00:00,0.91876,0.91885,0.91788,0.91825,9253.0
2026-04-20 17:00:00,2026-04-20 14:00:00,2026-04-20 22:00:00,0.91826,0.91885,0.9163,0.91643,10879.0
2026-04-20 18:00:00,2026-04-20 15:00:00,2026-04-20 23:00:00,0.91651,0.91719,0.91638,0.91705,9969.0
2026-04-20 19:00:00,2026-04-20 16:00:00,2026-04-21 00:00:00,0.91704,0.91733,0.91696,0.91719,5293.0
2026-04-20 20:00:00,2026-04-20 17:00:00,2026-04-21 01:00:00,0.91716,0.91749,0.9171,0.91733,4347.0
2026-04-20 21:00:00,2026-04-20 18:00:00,2026-04-21 02:00:00,0.91734,0.91745,0.91714,0.9174,4936.0
2026-04-20 22:00:00,2026-04-20 19:00:00,2026-04-21 03:00:00,0.91741,0.91745,0.9173,0.91741,3387.0
2026-04-20 23:00:00,2026-04-20 20:00:00,2026-04-21 04:00:00,0.91742,0.91752,0.91732,0.91734,2379.0
2026-04-21 00:00:00,2026-04-20 21:00:00,2026-04-21 05:00:00,0.91638,0.91734,0.91616,0.91698,2220.0
2026-04-21 01:00:00,2026-04-20 22:00:00,2026-04-21 06:00:00,0.91708,0.91741,0.91691,0.91728,3979.0
2026-04-21 02:00:00,2026-04-20 23:00:00,2026-04-21 07:00:00,0.91731,0.91749,0.91729,0.91744,2213.0
2026-04-21 03:00:00,2026-04-21 00:00:00,2026-04-21 08:00:00,0.91745,0.91759,0.91727,0.91741,5177.0
2026-04-21 04:00:00,2026-04-21 01:00:00,2026-04-21 09:00:00,0.91742,0.91757,0.91719,0.91739,3872.0
2026-04-21 05:00:00,2026-04-21 02:00:00,2026-04-21 10:00:00,0.91739,0.91766,0.91734,0.91744,3233.0
2026-04-21 06:00:00,2026-04-21 03:00:00,2026-04-21 11:00:00,0.91744,0.91776,0.91735,0.91767,3030.0
2026-04-21 07:00:00,2026-04-21 04:00:00,2026-04-21 12:00:00,0.91766,0.91773,0.9176,0.91767,2039.0
2026-04-21 08:00:00,2026-04-21 05:00:00,2026-04-21 13:00:00,0.91767,0.91768,0.91716,0.91724,4765.0
2026-04-21 09:00:00,2026-04-21 06:00:00,2026-04-21 14:00:00,0.91725,0.91729,0.91704,0.91707,5188.0
2026-04-21 10:00:00,2026-04-21 07:00:00,2026-04-21 15:00:00,0.91706,0.91758,0.91681,0.91712,6915.0
2026-04-21 11:00:00,2026-04-21 08:00:00,2026-04-21 16:00:00,0.91711,0.91813,0.91703,0.91802,7808.0
2026-04-21 12:00:00,2026-04-21 09:00:00,2026-04-21 17:00:00,0.91799,0.91809,0.91676,0.91693,5301.0
2026-04-21 13:00:00,2026-04-21 10:00:00,2026-04-21 18:00:00,0.91694,0.91735,0.91687,0.91728,4398.0
2026-04-21 14:00:00,2026-04-21 11:00:00,2026-04-21 19:00:00,0.91727,0.91737,0.91692,0.91695,5430.0
2026-04-21 15:00:00,2026-04-21 12:00:00,2026-04-21 20:00:00,0.91694,0.91756,0.91685,0.91736,7386.0
2026-04-21 16:00:00,2026-04-21 13:00:00,2026-04-21 21:00:00,0.91734,0.91758,0.91666,0.91666,7434.0
2026-04-21 17:00:00,2026-04-21 14:00:00,2026-04-21 22:00:00,0.91664,0.91719,0.91626,0.91627,9504.0
2026-04-21 18:00:00,2026-04-21 15:00:00,2026-04-21 23:00:00,0.91628,0.91681,0.91624,0.91672,9896.0
2026-04-21 19:00:00,2026-04-21 16:00:00,2026-04-22 00:00:00,0.91671,0.91709,0.91665,0.91682,6707.0
2026-04-21 20:00:00,2026-04-21 17:00:00,2026-04-22 01:00:00,0.91681,0.91727,0.91678,0.91697,10113.0
2026-04-21 21:00:00,2026-04-21 18:00:00,2026-04-22 02:00:00,0.91698,0.91708,0.91659,0.91666,8219.0
2026-04-21 22:00:00,2026-04-21 19:00:00,2026-04-22 03:00:00,0.91666,0.91718,0.91656,0.91705,9259.0
2026-04-21 23:00:00,2026-04-21 20:00:00,2026-04-22 04:00:00,0.91701,0.91742,0.91674,0.91679,7149.0
2026-04-22 00:00:00,2026-04-21 21:00:00,2026-04-22 05:00:00,0.91597,0.91672,0.91547,0.91669,1910.0
2026-04-22 01:00:00,2026-04-21 22:00:00,2026-04-22 06:00:00,0.91676,0.91694,0.91642,0.91682,2367.0
2026-04-22 02:00:00,2026-04-21 23:00:00,2026-04-22 07:00:00,0.91683,0.91685,0.91666,0.91669,2264.0
2026-04-22 03:00:00,2026-04-22 00:00:00,2026-04-22 08:00:00,0.91668,0.91673,0.91644,0.9167,5055.0
2026-04-22 04:00:00,2026-04-22 01:00:00,2026-04-22 09:00:00,0.91669,0.91684,0.91662,0.91672,4579.0
2026-04-22 05:00:00,2026-04-22 02:00:00,2026-04-22 10:00:00,0.91673,0.9168,0.91657,0.91665,4075.0
2026-04-22 06:00:00,2026-04-22 03:00:00,2026-04-22 11:00:00,0.91664,0.91666,0.91647,0.91653,3566.0
2026-04-22 07:00:00,2026-04-22 04:00:00,2026-04-22 12:00:00,0.91653,0.91662,0.91644,0.91658,2993.0
2026-04-22 08:00:00,2026-04-22 05:00:00,2026-04-22 13:00:00,0.91658,0.91677,0.91606,0.91622,5545.0
2026-04-22 09:00:00,2026-04-22 06:00:00,2026-04-22 14:00:00,0.91624,0.91667,0.91602,0.91645,5862.0
2026-04-22 10:00:00,2026-04-22 07:00:00,2026-04-22 15:00:00,0.91646,0.91672,0.91609,0.9167,6293.0
2026-04-22 11:00:00,2026-04-22 08:00:00,2026-04-22 16:00:00,0.91668,0.91688,0.91643,0.9168,6745.0
2026-04-22 12:00:00,2026-04-22 09:00:00,2026-04-22 17:00:00,0.9168,0.91786,0.91664,0.91763,6452.0
2026-04-22 13:00:00,2026-04-22 10:00:00,2026-04-22 18:00:00,0.91761,0.91774,0.91742,0.91766,5310.0
2026-04-22 14:00:00,2026-04-22 11:00:00,2026-04-22 19:00:00,0.91766,0.91785,0.91721,0.91746,6834.0
2026-04-22 15:00:00,2026-04-22 12:00:00,2026-04-22 20:00:00,0.91749,0.91854,0.9172,0.91832,7085.0
2026-04-22 16:00:00,2026-04-22 13:00:00,2026-04-22 21:00:00,0.91832,0.91849,0.91752,0.91833,9752.0
2026-04-22 17:00:00,2026-04-22 14:00:00,2026-04-22 22:00:00,0.91832,0.91842,0.91759,0.91759,8585.0
2026-04-22 18:00:00,2026-04-22 15:00:00,2026-04-22 23:00:00,0.91761,0.918,0.91741,0.91772,8014.0
2026-04-22 19:00:00,2026-04-22 16:00:00,2026-04-23 00:00:00,0.91773,0.91816,0.91756,0.91811,6122.0
2026-04-22 20:00:00,2026-04-22 17:00:00,2026-04-23 01:00:00,0.91812,0.91836,0.91776,0.9183,5491.0
2026-04-22 21:00:00,2026-04-22 18:00:00,2026-04-23 02:00:00,0.91831,0.91855,0.91818,0.91835,4319.0
2026-04-22 22:00:00,2026-04-22 19:00:00,2026-04-23 03:00:00,0.91834,0.91875,0.91834,0.91863,4432.0
2026-04-22 23:00:00,2026-04-22 20:00:00,2026-04-23 04:00:00,0.91864,0.91887,0.91846,0.91855,3069.0
2026-04-23 00:00:00,2026-04-22 21:00:00,2026-04-23 05:00:00,0.9173,0.91834,0.9171,0.91818,1719.0
2026-04-23 01:00:00,2026-04-22 22:00:00,2026-04-23 06:00:00,0.91813,0.91863,0.91813,0.91852,1824.0
2026-04-23 02:00:00,2026-04-22 23:00:00,2026-04-23 07:00:00,0.91851,0.91875,0.9185,0.9187,1722.0
2026-04-23 03:00:00,2026-04-23 00:00:00,2026-04-23 08:00:00,0.91868,0.91896,0.91848,0.91855,8210.0
2026-04-23 04:00:00,2026-04-23 01:00:00,2026-04-23 09:00:00,0.91854,0.9187,0.91826,0.91868,5401.0
2026-04-23 05:00:00,2026-04-23 02:00:00,2026-04-23 10:00:00,0.91869,0.9189,0.91867,0.91889,5729.0
2026-04-23 06:00:00,2026-04-23 03:00:00,2026-04-23 11:00:00,0.91887,0.91908,0.91883,0.91893,5033.0
2026-04-23 07:00:00,2026-04-23 04:00:00,2026-04-23 12:00:00,0.91892,0.9191,0.91889,0.91903,2984.0
2026-04-23 08:00:00,2026-04-23 05:00:00,2026-04-23 13:00:00,0.91905,0.91921,0.91886,0.91902,3527.0
2026-04-23 09:00:00,2026-04-23 06:00:00,2026-04-23 14:00:00,0.919,0.9191,0.91817,0.91817,4998.0
2026-04-23 10:00:00,2026-04-23 07:00:00,2026-04-23 15:00:00,0.91818,0.91858,0.91798,0.91823,6895.0
2026-04-23 11:00:00,2026-04-23 08:00:00,2026-04-23 16:00:00,0.91823,0.91837,0.91746,0.91754,6177.0
2026-04-23 12:00:00,2026-04-23 09:00:00,2026-04-23 17:00:00,0.91756,0.91823,0.91754,0.91813,6499.0
2026-04-23 13:00:00,2026-04-23 10:00:00,2026-04-23 18:00:00,0.91811,0.91822,0.91751,0.9177,5665.0
2026-04-23 14:00:00,2026-04-23 11:00:00,2026-04-23 19:00:00,0.91767,0.91775,0.91702,0.91709,6442.0
2026-04-23 15:00:00,2026-04-23 12:00:00,2026-04-23 20:00:00,0.91711,0.91855,0.91703,0.91834,8668.0
2026-04-23 16:00:00,2026-04-23 13:00:00,2026-04-23 21:00:00,0.91835,0.91903,0.91806,0.91835,8621.0
2026-04-23 17:00:00,2026-04-23 14:00:00,2026-04-23 22:00:00,0.91834,0.9184,0.91754,0.91756,9435.0
2026-04-23 18:00:00,2026-04-23 15:00:00,2026-04-23 23:00:00,0.91757,0.91793,0.91744,0.91789,7773.0
2026-04-23 19:00:00,2026-04-23 16:00:00,2026-04-24 00:00:00,0.91788,0.91835,0.91783,0.91817,6241.0
2026-04-23 20:00:00,2026-04-23 17:00:00,2026-04-24 01:00:00,0.91816,0.91888,0.91816,0.91872,11516.0
2026-04-23 21:00:00,2026-04-23 18:00:00,2026-04-24 02:00:00,0.91871,0.91881,0.91827,0.91881,8569.0
2026-04-23 22:00:00,2026-04-23 19:00:00,2026-04-24 03:00:00,0.9188,0.91889,0.91863,0.91887,6391.0
2026-04-23 23:00:00,2026-04-23 20:00:00,2026-04-24 04:00:00,0.91889,0.91896,0.91864,0.91871,5124.0
2026-04-24 00:00:00,2026-04-23 21:00:00,2026-04-24 05:00:00,0.91704,0.91823,0.91698,0.91813,2700.0
2026-04-24 01:00:00,2026-04-23 22:00:00,2026-04-24 06:00:00,0.91832,0.91889,0.91832,0.91887,1702.0
2026-04-24 02:00:00,2026-04-23 23:00:00,2026-04-24 07:00:00,0.91886,0.9189,0.91858,0.91864,2295.0
2026-04-24 03:00:00,2026-04-24 00:00:00,2026-04-24 08:00:00,0.91863,0.91895,0.91839,0.9188,4907.0
2026-04-24 04:00:00,2026-04-24 01:00:00,2026-04-24 09:00:00,0.91881,0.91896,0.91867,0.91882,5117.0
2026-04-24 05:00:00,2026-04-24 02:00:00,2026-04-24 10:00:00,0.91883,0.91894,0.91873,0.9189,3597.0
2026-04-24 06:00:00,2026-04-24 03:00:00,2026-04-24 11:00:00,0.9189,0.91907,0.91886,0.91904,3550.0
2026-04-24 07:00:00,2026-04-24 04:00:00,2026-04-24 12:00:00,0.91905,0.91928,0.91897,0.91916,3832.0
2026-04-24 08:00:00,2026-04-24 05:00:00,2026-04-24 13:00:00,0.91915,0.91918,0.91901,0.91915,4028.0
2026-04-24 09:00:00,2026-04-24 06:00:00,2026-04-24 14:00:00,0.91912,0.91967,0.91896,0.91954,4858.0
2026-04-24 10:00:00,2026-04-24 07:00:00,2026-04-24 15:00:00,0.91955,0.91988,0.9195,0.91957,5014.0
2026-04-24 11:00:00,2026-04-24 08:00:00,2026-04-24 16:00:00,0.91955,0.91971,0.91892,0.91895,6973.0
2026-04-24 12:00:00,2026-04-24 09:00:00,2026-04-24 17:00:00,0.91896,0.91968,0.91876,0.91965,5184.0
2026-04-24 13:00:00,2026-04-24 10:00:00,2026-04-24 18:00:00,0.91964,0.91981,0.91947,0.91974,4411.0
2026-04-24 14:00:00,2026-04-24 11:00:00,2026-04-24 19:00:00,0.91975,0.92049,0.91956,0.91997,8659.0
2026-04-24 15:00:00,2026-04-24 12:00:00,2026-04-24 20:00:00,0.91995,0.92079,0.91959,0.92046,7554.0
2026-04-24 16:00:00,2026-04-24 13:00:00,2026-04-24 21:00:00,0.92045,0.92151,0.9204,0.92089,7959.0
2026-04-24 17:00:00,2026-04-24 14:00:00,2026-04-24 22:00:00,0.9209,0.92098,0.9197,0.92033,9616.0
2026-04-24 18:00:00,2026-04-24 15:00:00,2026-04-24 23:00:00,0.92032,0.9204,0.91935,0.91957,8532.0
2026-04-24 19:00:00,2026-04-24 16:00:00,2026-04-25 00:00:00,0.91958,0.91993,0.91944,0.91982,6272.0
2026-04-24 20:00:00,2026-04-24 17:00:00,2026-04-25 01:00:00,0.91982,0.91998,0.91964,0.91997,5928.0
2026-04-24 21:00:00,2026-04-24 18:00:00,2026-04-25 02:00:00,0.91997,0.92016,0.91992,0.92015,3911.0
2026-04-24 22:00:00,2026-04-24 19:00:00,2026-04-25 03:00:00,0.92016,0.92019,0.91984,0.91987,4803.0
2026-04-24 23:00:00,2026-04-24 20:00:00,2026-04-25 04:00:00,0.91988,0.91992,0.9197,0.91978,3291.0
2026-04-27 00:00:00,2026-04-26 21:00:00,2026-04-27 05:00:00,0.91987,0.92048,0.91896,0.91921,1734.0
2026-04-27 01:00:00,2026-04-26 22:00:00,2026-04-27 06:00:00,0.91926,0.92058,0.91926,0.92049,4334.0
2026-04-27 02:00:00,2026-04-26 23:00:00,2026-04-27 07:00:00,0.9205,0.92073,0.92043,0.92063,2819.0
2026-04-27 03:00:00,2026-04-27 00:00:00,2026-04-27 08:00:00,0.92062,0.92074,0.92052,0.92055,5664.0
2026-04-27 04:00:00,2026-04-27 01:00:00,2026-04-27 09:00:00,0.92056,0.92061,0.92026,0.92037,8075.0
2026-04-27 05:00:00,2026-04-27 02:00:00,2026-04-27 10:00:00,0.92037,0.92046,0.92021,0.92033,5709.0
2026-04-27 06:00:00,2026-04-27 03:00:00,2026-04-27 11:00:00,0.92032,0.92036,0.92021,0.92034,5633.0
2026-04-27 07:00:00,2026-04-27 04:00:00,2026-04-27 12:00:00,0.92033,0.92034,0.92014,0.92026,4352.0
2026-04-27 08:00:00,2026-04-27 05:00:00,2026-04-27 13:00:00,0.92027,0.92046,0.92019,0.9204,6152.0
2026-04-27 09:00:00,2026-04-27 06:00:00,2026-04-27 14:00:00,0.92038,0.92076,0.92035,0.92075,7589.0
2026-04-27 10:00:00,2026-04-27 07:00:00,2026-04-27 15:00:00,0.92074,0.92168,0.9206,0.92162,7550.0
2026-04-27 11:00:00,2026-04-27 08:00:00,2026-04-27 16:00:00,0.92162,0.92164,0.92044,0.92055,8523.0
2026-04-27 12:00:00,2026-04-27 09:00:00,2026-04-27 17:00:00,0.92056,0.92097,0.92037,0.92086,7669.0
2026-04-27 13:00:00,2026-04-27 10:00:00,2026-04-27 18:00:00,0.92085,0.92113,0.92073,0.9211,6267.0
2026-04-27 14:00:00,2026-04-27 11:00:00,2026-04-27 19:00:00,0.92109,0.92148,0.92077,0.92142,6279.0
2026-04-27 15:00:00,2026-04-27 12:00:00,2026-04-27 20:00:00,0.92143,0.92145,0.92096,0.92131,8638.0
2026-04-27 16:00:00,2026-04-27 13:00:00,2026-04-27 21:00:00,0.92132,0.92139,0.92091,0.92104,10152.0
2026-04-27 17:00:00,2026-04-27 14:00:00,2026-04-27 22:00:00,0.92103,0.92103,0.91965,0.92036,10069.0
2026-04-27 18:00:00,2026-04-27 15:00:00,2026-04-27 23:00:00,0.92037,0.92078,0.92025,0.92027,8821.0
2026-04-27 19:00:00,2026-04-27 16:00:00,2026-04-28 00:00:00,0.92026,0.92106,0.92024,0.92089,6306.0
2026-04-27 20:00:00,2026-04-27 17:00:00,2026-04-28 01:00:00,0.9209,0.92129,0.92086,0.92089,6649.0
2026-04-27 21:00:00,2026-04-27 18:00:00,2026-04-28 02:00:00,0.92089,0.92095,0.92055,0.92068,5295.0
2026-04-27 22:00:00,2026-04-27 19:00:00,2026-04-28 03:00:00,0.92069,0.92085,0.92059,0.92081,4883.0
2026-04-27 23:00:00,2026-04-27 20:00:00,2026-04-28 04:00:00,0.92082,0.92105,0.92055,0.92068,4039.0
2026-04-28 00:00:00,2026-04-27 21:00:00,2026-04-28 05:00:00,0.91941,0.92054,0.91935,0.91976,2627.0
2026-04-28 01:00:00,2026-04-27 22:00:00,2026-04-28 06:00:00,0.91977,0.92075,0.91977,0.9206,2959.0
2026-04-28 02:00:00,2026-04-27 23:00:00,2026-04-28 07:00:00,0.92061,0.92071,0.92057,0.92062,2165.0
2026-04-28 03:00:00,2026-04-28 00:00:00,2026-04-28 08:00:00,0.92063,0.92095,0.92042,0.92091,6140.0
2026-04-28 04:00:00,2026-04-28 01:00:00,2026-04-28 09:00:00,0.9209,0.92136,0.92087,0.92129,6822.0
2026-04-28 05:00:00,2026-04-28 02:00:00,2026-04-28 10:00:00,0.92129,0.92148,0.92116,0.9212,6442.0
2026-04-28 06:00:00,2026-04-28 03:00:00,2026-04-28 11:00:00,0.92119,0.92146,0.92115,0.92133,6314.0
2026-04-28 07:00:00,2026-04-28 04:00:00,2026-04-28 12:00:00,0.92132,0.92162,0.92125,0.9216,5450.0
2026-04-28 08:00:00,2026-04-28 05:00:00,2026-04-28 13:00:00,0.92161,0.92196,0.92158,0.92174,6738.0
2026-04-28 09:00:00,2026-04-28 06:00:00,2026-04-28 14:00:00,0.92175,0.9229,0.92168,0.92281,8949.0
2026-04-28 10:00:00,2026-04-28 07:00:00,2026-04-28 15:00:00,0.92281,0.92361,0.92236,0.92358,8959.0
2026-04-28 11:00:00,2026-04-28 08:00:00,2026-04-28 16:00:00,0.9236,0.92363,0.92261,0.92316,9117.0
2026-04-28 12:00:00,2026-04-28 09:00:00,2026-04-28 17:00:00,0.92316,0.92355,0.92274,0.9235,7687.0
2026-04-28 13:00:00,2026-04-28 10:00:00,2026-04-28 18:00:00,0.92349,0.9237,0.92303,0.92306,7170.0
2026-04-28 14:00:00,2026-04-28 11:00:00,2026-04-28 19:00:00,0.92307,0.92404,0.92303,0.92386,9283.0
2026-04-28 15:00:00,2026-04-28 12:00:00,2026-04-28 20:00:00,0.92386,0.92454,0.92353,0.92356,10025.0
2026-04-28 16:00:00,2026-04-28 13:00:00,2026-04-28 21:00:00,0.92355,0.92464,0.92349,0.9242,10704.0
2026-04-28 17:00:00,2026-04-28 14:00:00,2026-04-28 22:00:00,0.92414,0.92501,0.92376,0.92407,11930.0
2026-04-28 18:00:00,2026-04-28 15:00:00,2026-04-28 23:00:00,0.92406,0.92454,0.92381,0.92397,9503.0
2026-04-28 19:00:00,2026-04-28 16:00:00,2026-04-29 00:00:00,0.92396,0.92453,0.9238,0.92415,7662.0
2026-04-28 20:00:00,2026-04-28 17:00:00,2026-04-29 01:00:00,0.92417,0.92457,0.9241,0.92429,6761.0
2026-04-28 21:00:00,2026-04-28 18:00:00,2026-04-29 02:00:00,0.9243,0.92479,0.92424,0.9247,8001.0
2026-04-28 22:00:00,2026-04-28 19:00:00,2026-04-29 03:00:00,0.92471,0.92476,0.92444,0.92451,5957.0
2026-04-28 23:00:00,2026-04-28 20:00:00,2026-04-29 04:00:00,0.9245,0.9246,0.92429,0.92436,4156.0
2026-04-29 00:00:00,2026-04-28 21:00:00,2026-04-29 05:00:00,0.92346,0.92422,0.92339,0.92386,1338.0
2026-04-29 01:00:00,2026-04-28 22:00:00,2026-04-29 06:00:00,0.92397,0.92463,0.92367,0.92454,2201.0
2026-04-29 02:00:00,2026-04-28 23:00:00,2026-04-29 07:00:00,0.92455,0.92457,0.92444,0.92452,1707.0
2026-04-29 03:00:00,2026-04-29 00:00:00,2026-04-29 08:00:00,0.9245,0.92456,0.92424,0.92432,5141.0
2026-04-29 04:00:00,2026-04-29 01:00:00,2026-04-29 09:00:00,0.92432,0.92455,0.92385,0.92399,7802.0
2026-04-29 05:00:00,2026-04-29 02:00:00,2026-04-29 10:00:00,0.92398,0.92398,0.92346,0.92364,6047.0
2026-04-29 06:00:00,2026-04-29 03:00:00,2026-04-29 11:00:00,0.92363,0.92373,0.92341,0.92355,4774.0
2026-04-29 07:00:00,2026-04-29 04:00:00,2026-04-29 12:00:00,0.92357,0.92364,0.92345,0.92358,4125.0
2026-04-29 08:00:00,2026-04-29 05:00:00,2026-04-29 13:00:00,0.92359,0.92391,0.92356,0.9238,5760.0
2026-04-29 09:00:00,2026-04-29 06:00:00,2026-04-29 14:00:00,0.92379,0.92387,0.92309,0.92311,7460.0
2026-04-29 10:00:00,2026-04-29 07:00:00,2026-04-29 15:00:00,0.92309,0.92405,0.92304,0.92374,8773.0
2026-04-29 11:00:00,2026-04-29 08:00:00,2026-04-29 16:00:00,0.92375,0.92384,0.92303,0.92383,9589.0
2026-04-29 12:00:00,2026-04-29 09:00:00,2026-04-29 17:00:00,0.92383,0.92439,0.92355,0.92435,7971.0
2026-04-29 13:00:00,2026-04-29 10:00:00,2026-04-29 18:00:00,0.92434,0.92443,0.92378,0.92408,7089.0
2026-04-29 14:00:00,2026-04-29 11:00:00,2026-04-29 19:00:00,0.92408,0.92419,0.92349,0.92352,7221.0
2026-04-29 15:00:00,2026-04-29 12:00:00,2026-04-29 20:00:00,0.92353,0.92434,0.9233,0.92434,8464.0
2026-04-29 16:00:00,2026-04-29 13:00:00,2026-04-29 21:00:00,0.92433,0.92506,0.92413,0.92477,10775.0
2026-04-29 17:00:00,2026-04-29 14:00:00,2026-04-29 22:00:00,0.92478,0.92478,0.92383,0.924,10818.0
2026-04-29 18:00:00,2026-04-29 15:00:00,2026-04-29 23:00:00,0.92401,0.92425,0.92361,0.92414,10094.0
2026-04-29 19:00:00,2026-04-29 16:00:00,2026-04-30 00:00:00,0.92415,0.92416,0.92366,0.92379,9100.0
2026-04-29 20:00:00,2026-04-29 17:00:00,2026-04-30 01:00:00,0.92378,0.92393,0.92359,0.92364,9021.0
2026-04-29 21:00:00,2026-04-29 18:00:00,2026-04-30 02:00:00,0.92363,0.92432,0.92356,0.92386,12405.0
2026-04-29 22:00:00,2026-04-29 19:00:00,2026-04-30 03:00:00,0.92385,0.92399,0.92345,0.92367,9347.0
2026-04-29 23:00:00,2026-04-29 20:00:00,2026-04-30 04:00:00,0.92365,0.9241,0.92358,0.92405,6128.0
2026-04-30 00:00:00,2026-04-29 21:00:00,2026-04-30 05:00:00,0.92309,0.92358,0.92254,0.92305,2090.0
2026-04-30 01:00:00,2026-04-29 22:00:00,2026-04-30 06:00:00,0.92355,0.92406,0.92345,0.92396,3107.0
2026-04-30 02:00:00,2026-04-29 23:00:00,2026-04-30 07:00:00,0.92395,0.92413,0.92363,0.92377,3431.0
2026-04-30 03:00:00,2026-04-30 00:00:00,2026-04-30 08:00:00,0.92378,0.92391,0.92362,0.92365,7399.0
2026-04-30 04:00:00,2026-04-30 01:00:00,2026-04-30 09:00:00,0.92366,0.9237,0.92326,0.92331,7614.0
2026-04-30 05:00:00,2026-04-30 02:00:00,2026-04-30 10:00:00,0.92332,0.92364,0.92328,0.9234,6695.0
2026-04-30 06:00:00,2026-04-30 03:00:00,2026-04-30 11:00:00,0.92339,0.92359,0.92313,0.92321,6174.0
2026-04-30 07:00:00,2026-04-30 04:00:00,2026-04-30 12:00:00,0.92322,0.92353,0.92314,0.92344,7427.0
2026-04-30 08:00:00,2026-04-30 05:00:00,2026-04-30 13:00:00,0.92345,0.92346,0.9232,0.92333,7229.0
2026-04-30 09:00:00,2026-04-30 06:00:00,2026-04-30 14:00:00,0.92335,0.92357,0.92302,0.92334,9246.0
2026-04-30 10:00:00,2026-04-30 07:00:00,2026-04-30 15:00:00,0.92335,0.92378,0.92307,0.92324,9420.0
2026-04-30 11:00:00,2026-04-30 08:00:00,2026-04-30 16:00:00,0.92323,0.92327,0.9221,0.92212,11091.0
2026-04-30 12:00:00,2026-04-30 09:00:00,2026-04-30 17:00:00,0.92211,0.92224,0.92073,0.92078,11316.0
2026-04-30 13:00:00,2026-04-30 10:00:00,2026-04-30 18:00:00,0.92079,0.92094,0.91997,0.92008,13055.0
2026-04-30 14:00:00,2026-04-30 11:00:00,2026-04-30 19:00:00,0.92011,0.92031,0.91868,0.91885,13695.0
2026-04-30 15:00:00,2026-04-30 12:00:00,2026-04-30 20:00:00,0.91884,0.91928,0.91621,0.91662,13535.0
2026-04-30 16:00:00,2026-04-30 13:00:00,2026-04-30 21:00:00,0.91663,0.91763,0.91606,0.9168,13026.0
2026-04-30 17:00:00,2026-04-30 14:00:00,2026-04-30 22:00:00,0.9168,0.91926,0.91498,0.91727,15801.0
2026-04-30 18:00:00,2026-04-30 15:00:00,2026-04-30 23:00:00,0.91728,0.91793,0.91568,0.91768,12174.0
2026-04-30 19:00:00,2026-04-30 16:00:00,2026-05-01 00:00:00,0.91769,0.91807,0.9174,0.91751,8916.0
2026-04-30 20:00:00,2026-04-30 17:00:00,2026-05-01 01:00:00,0.91752,0.91781,0.917,0.91724,7665.0
2026-04-30 21:00:00,2026-04-30 18:00:00,2026-05-01 02:00:00,0.91725,0.91747,0.91685,0.91694,7854.0
2026-04-30 22:00:00,2026-04-30 19:00:00,2026-05-01 03:00:00,0.91693,0.91705,0.91648,0.91686,6679.0
2026-04-30 23:00:00,2026-04-30 20:00:00,2026-05-01 04:00:00,0.91686,0.91698,0.91647,0.91651,5209.0
2026-05-01 00:00:00,2026-04-30 21:00:00,2026-05-01 05:00:00,0.91581,0.91666,0.91544,0.91581,2576.0
2026-05-01 01:00:00,2026-04-30 22:00:00,2026-05-01 06:00:00,0.91567,0.91702,0.91567,0.91669,2117.0
2026-05-01 02:00:00,2026-04-30 23:00:00,2026-05-01 07:00:00,0.91669,0.91682,0.91666,0.91679,3509.0
2026-05-01 03:00:00,2026-05-01 00:00:00,2026-05-01 08:00:00,0.91679,0.9169,0.91646,0.91663,6651.0
2026-05-01 04:00:00,2026-05-01 01:00:00,2026-05-01 09:00:00,0.91662,0.91696,0.91662,0.91681,6052.0
2026-05-01 05:00:00,2026-05-01 02:00:00,2026-05-01 10:00:00,0.91678,0.91698,0.91662,0.91688,4946.0
2026-05-01 06:00:00,2026-05-01 03:00:00,2026-05-01 11:00:00,0.91689,0.91696,0.91674,0.91682,4385.0
2026-05-01 07:00:00,2026-05-01 04:00:00,2026-05-01 12:00:00,0.91682,0.91731,0.9168,0.91721,4553.0
2026-05-01 08:00:00,2026-05-01 05:00:00,2026-05-01 13:00:00,0.91722,0.91758,0.91722,0.91746,5152.0
2026-05-01 09:00:00,2026-05-01 06:00:00,2026-05-01 14:00:00,0.91746,0.91763,0.91559,0.9164,9201.0
2026-05-01 10:00:00,2026-05-01 07:00:00,2026-05-01 15:00:00,0.9164,0.91756,0.9164,0.91738,10514.0
2026-05-01 11:00:00,2026-05-01 08:00:00,2026-05-01 16:00:00,0.91741,0.9177,0.917,0.91702,8820.0
2026-05-01 12:00:00,2026-05-01 09:00:00,2026-05-01 17:00:00,0.91703,0.91746,0.91659,0.9168,7145.0
2026-05-01 13:00:00,2026-05-01 10:00:00,2026-05-01 18:00:00,0.91679,0.91723,0.91677,0.91698,6399.0
2026-05-01 14:00:00,2026-05-01 11:00:00,2026-05-01 19:00:00,0.91697,0.91733,0.91688,0.91716,7262.0
2026-05-01 15:00:00,2026-05-01 12:00:00,2026-05-01 20:00:00,0.91717,0.91745,0.9166,0.9173,9514.0
2026-05-01 16:00:00,2026-05-01 13:00:00,2026-05-01 21:00:00,0.91729,0.9178,0.91718,0.9172,9884.0
2026-05-01 17:00:00,2026-05-01 14:00:00,2026-05-01 22:00:00,0.91717,0.91737,0.91642,0.91646,11368.0
2026-05-01 18:00:00,2026-05-01 15:00:00,2026-05-01 23:00:00,0.91645,0.91697,0.91629,0.91636,9293.0
2026-05-01 19:00:00,2026-05-01 16:00:00,2026-05-02 00:00:00,0.91635,0.91643,0.91592,0.9162,8130.0
2026-05-01 20:00:00,2026-05-01 17:00:00,2026-05-02 01:00:00,0.9162,0.9163,0.916,0.91616,6789.0
2026-05-01 21:00:00,2026-05-01 18:00:00,2026-05-02 02:00:00,0.91615,0.91618,0.91584,0.91608,6934.0
2026-05-01 22:00:00,2026-05-01 19:00:00,2026-05-02 03:00:00,0.91608,0.91619,0.91603,0.91607,4136.0
2026-05-01 23:00:00,2026-05-01 20:00:00,2026-05-02 04:00:00,0.91608,0.91622,0.91589,0.91605,4603.0
2026-05-04 00:00:00,2026-05-03 21:00:00,2026-05-04 05:00:00,0.91562,0.91576,0.91561,0.91575,19.0
2026-05-04 01:00:00,2026-05-03 22:00:00,2026-05-04 06:00:00,0.91615,0.9167,0.9157,0.9161,3947.0
2026-05-04 02:00:00,2026-05-03 23:00:00,2026-05-04 07:00:00,0.91613,0.91618,0.91599,0.91608,2876.0
2026-05-04 03:00:00,2026-05-04 00:00:00,2026-05-04 08:00:00,0.91611,0.91634,0.91578,0.91579,6423.0
2026-05-04 04:00:00,2026-05-04 01:00:00,2026-05-04 09:00:00,0.91581,0.91641,0.91575,0.916,7732.0
2026-05-04 05:00:00,2026-05-04 02:00:00,2026-05-04 10:00:00,0.91602,0.91607,0.91582,0.91588,5731.0
2026-05-04 06:00:00,2026-05-04 03:00:00,2026-05-04 11:00:00,0.91587,0.91611,0.91552,0.91585,7031.0
2026-05-04 07:00:00,2026-05-04 04:00:00,2026-05-04 12:00:00,0.91585,0.91605,0.91575,0.91595,5250.0
2026-05-04 08:00:00,2026-05-04 05:00:00,2026-05-04 13:00:00,0.91594,0.91602,0.9158,0.91589,5972.0
2026-05-04 09:00:00,2026-05-04 06:00:00,2026-05-04 14:00:00,0.91588,0.91638,0.91577,0.91635,7592.0
2026-05-04 10:00:00,2026-05-04 07:00:00,2026-05-04 15:00:00,0.91634,0.91746,0.91621,0.91722,7895.0
2026-05-04 11:00:00,2026-05-04 08:00:00,2026-05-04 16:00:00,0.91723,0.91782,0.91688,0.91696,6756.0
2026-05-04 12:00:00,2026-05-04 09:00:00,2026-05-04 17:00:00,0.91699,0.91768,0.91685,0.91755,6147.0
2026-05-04 13:00:00,2026-05-04 10:00:00,2026-05-04 18:00:00,0.91756,0.91785,0.91684,0.91739,10798.0
2026-05-04 14:00:00,2026-05-04 11:00:00,2026-05-04 19:00:00,0.9174,0.91758,0.91701,0.91706,8308.0
2026-05-04 15:00:00,2026-05-04 12:00:00,2026-05-04 20:00:00,0.91707,0.91742,0.91682,0.91709,8166.0
2026-05-04 16:00:00,2026-05-04 13:00:00,2026-05-04 21:00:00,0.91706,0.91714,0.91618,0.91678,10371.0
2026-05-04 17:00:00,2026-05-04 14:00:00,2026-05-04 22:00:00,0.91679,0.91698,0.91615,0.9162,9704.0
2026-05-04 18:00:00,2026-05-04 15:00:00,2026-05-04 23:00:00,0.91619,0.91664,0.91599,0.91649,11379.0
2026-05-04 19:00:00,2026-05-04 16:00:00,2026-05-05 00:00:00,0.91648,0.91679,0.91627,0.91668,10939.0
2026-05-04 20:00:00,2026-05-04 17:00:00,2026-05-05 01:00:00,0.91667,0.91675,0.91616,0.91625,8027.0
2026-05-04 21:00:00,2026-05-04 18:00:00,2026-05-05 02:00:00,0.91623,0.91637,0.91608,0.91613,6875.0
2026-05-04 22:00:00,2026-05-04 19:00:00,2026-05-05 03:00:00,0.91612,0.91662,0.91609,0.91647,7194.0
2026-05-04 23:00:00,2026-05-04 20:00:00,2026-05-05 04:00:00,0.91648,0.91671,0.91638,0.91647,4630.0
2026-05-05 00:00:00,2026-05-04 21:00:00,2026-05-05 05:00:00,0.91545,0.91651,0.91536,0.91598,1709.0
2026-05-05 01:00:00,2026-05-04 22:00:00,2026-05-05 06:00:00,0.91638,0.91672,0.9162,0.91658,1786.0
2026-05-05 02:00:00,2026-05-04 23:00:00,2026-05-05 07:00:00,0.91659,0.9167,0.91656,0.91667,2097.0
2026-05-05 03:00:00,2026-05-05 00:00:00,2026-05-05 08:00:00,0.91666,0.91681,0.91651,0.91666,5172.0
2026-05-05 04:00:00,2026-05-05 01:00:00,2026-05-05 09:00:00,0.91663,0.91669,0.91624,0.91637,6183.0
2026-05-05 05:00:00,2026-05-05 02:00:00,2026-05-05 10:00:00,0.91638,0.91653,0.91632,0.9165,4467.0
2026-05-05 06:00:00,2026-05-05 03:00:00,2026-05-05 11:00:00,0.9165,0.9165,0.91616,0.91622,3768.0
2026-05-05 07:00:00,2026-05-05 04:00:00,2026-05-05 12:00:00,0.91621,0.91644,0.91616,0.91633,4747.0
2026-05-05 08:00:00,2026-05-05 05:00:00,2026-05-05 13:00:00,0.91634,0.91644,0.91602,0.91626,5719.0
2026-05-05 09:00:00,2026-05-05 06:00:00,2026-05-05 14:00:00,0.91627,0.91679,0.9161,0.91639,7364.0
2026-05-05 10:00:00,2026-05-05 07:00:00,2026-05-05 15:00:00,0.91637,0.91672,0.91583,0.91586,8177.0
2026-05-05 11:00:00,2026-05-05 08:00:00,2026-05-05 16:00:00,0.91585,0.91587,0.91533,0.91575,7726.0
2026-05-05 12:00:00,2026-05-05 09:00:00,2026-05-05 17:00:00,0.91576,0.91607,0.91555,0.91557,8572.0
2026-05-05 13:00:00,2026-05-05 10:00:00,2026-05-05 18:00:00,0.91556,0.91564,0.91513,0.91548,6653.0
2026-05-05 14:00:00,2026-05-05 11:00:00,2026-05-05 19:00:00,0.91547,0.91644,0.91545,0.91604,7706.0
2026-05-05 15:00:00,2026-05-05 12:00:00,2026-05-05 20:00:00,0.91604,0.91643,0.91588,0.91627,8982.0
2026-05-05 16:00:00,2026-05-05 13:00:00,2026-05-05 21:00:00,0.91628,0.91657,0.9159,0.916,9632.0
2026-05-05 17:00:00,2026-05-05 14:00:00,2026-05-05 22:00:00,0.916,0.91637,0.91496,0.91503,11131.0
2026-05-05 18:00:00,2026-05-05 15:00:00,2026-05-05 23:00:00,0.91501,0.91592,0.91491,0.91569,9110.0
2026-05-05 19:00:00,2026-05-05 16:00:00,2026-05-06 00:00:00,0.91568,0.91596,0.91544,0.91592,6129.0
2026-05-05 20:00:00,2026-05-05 17:00:00,2026-05-06 01:00:00,0.91593,0.91603,0.91559,0.91573,6258.0
2026-05-05 21:00:00,2026-05-05 18:00:00,2026-05-06 02:00:00,0.91573,0.91598,0.91561,0.91576,4146.0
2026-05-05 22:00:00,2026-05-05 19:00:00,2026-05-06 03:00:00,0.91575,0.9159,0.91569,0.91585,4564.0
2026-05-05 23:00:00,2026-05-05 20:00:00,2026-05-06 04:00:00,0.91586,0.91596,0.91557,0.91562,3758.0
2026-05-06 00:00:00,2026-05-05 21:00:00,2026-05-06 05:00:00,0.91459,0.91587,0.91458,0.91579,2228.0
2026-05-06 01:00:00,2026-05-05 22:00:00,2026-05-06 06:00:00,0.9159,0.91595,0.91539,0.9156,2563.0
2026-05-06 02:00:00,2026-05-05 23:00:00,2026-05-06 07:00:00,0.9156,0.91572,0.91543,0.91543,5058.0
2026-05-06 03:00:00,2026-05-06 00:00:00,2026-05-06 08:00:00,0.91542,0.91583,0.91537,0.91568,7502.0
2026-05-06 04:00:00,2026-05-06 01:00:00,2026-05-06 09:00:00,0.91569,0.91592,0.91564,0.91589,6826.0
2026-05-06 05:00:00,2026-05-06 02:00:00,2026-05-06 10:00:00,0.91589,0.91605,0.91579,0.91598,5944.0
2026-05-06 06:00:00,2026-05-06 03:00:00,2026-05-06 11:00:00,0.91597,0.91601,0.91579,0.91584,5217.0
2026-05-06 07:00:00,2026-05-06 04:00:00,2026-05-06 12:00:00,0.91583,0.91589,0.91456,0.91499,9100.0
2026-05-06 08:00:00,2026-05-06 05:00:00,2026-05-06 13:00:00,0.91498,0.91545,0.91482,0.9153,7177.0
2026-05-06 09:00:00,2026-05-06 06:00:00,2026-05-06 14:00:00,0.91531,0.91593,0.91516,0.91576,8180.0
2026-05-06 10:00:00,2026-05-06 07:00:00,2026-05-06 15:00:00,0.91575,0.91691,0.9151,0.91527,8946.0
2026-05-06 11:00:00,2026-05-06 08:00:00,2026-05-06 16:00:00,0.91526,0.91643,0.91523,0.91609,10772.0
2026-05-06 12:00:00,2026-05-06 09:00:00,2026-05-06 17:00:00,0.91608,0.91761,0.91596,0.9171,9817.0
2026-05-06 13:00:00,2026-05-06 10:00:00,2026-05-06 18:00:00,0.91709,0.91717,0.91656,0.91663,9823.0
2026-05-06 14:00:00,2026-05-06 11:00:00,2026-05-06 19:00:00,0.91664,0.91713,0.91614,0.91628,10422.0
2026-05-06 15:00:00,2026-05-06 12:00:00,2026-05-06 20:00:00,0.91628,0.91658,0.91588,0.91595,11134.0
2026-05-06 16:00:00,2026-05-06 13:00:00,2026-05-06 21:00:00,0.91594,0.91657,0.91594,0.91643,10090.0
2026-05-06 17:00:00,2026-05-06 14:00:00,2026-05-06 22:00:00,0.91642,0.91664,0.91576,0.9158,10839.0
2026-05-06 18:00:00,2026-05-06 15:00:00,2026-05-06 23:00:00,0.91578,0.91604,0.91553,0.91595,9504.0
2026-05-06 19:00:00,2026-05-06 16:00:00,2026-05-07 00:00:00,0.91597,0.91628,0.91569,0.91574,9240.0
2026-05-06 20:00:00,2026-05-06 17:00:00,2026-05-07 01:00:00,0.91573,0.9158,0.91512,0.9154,7172.0
2026-05-06 21:00:00,2026-05-06 18:00:00,2026-05-07 02:00:00,0.9154,0.91542,0.91475,0.91478,6097.0
2026-05-06 22:00:00,2026-05-06 19:00:00,2026-05-07 03:00:00,0.91477,0.91514,0.91472,0.91474,6536.0
2026-05-06 23:00:00,2026-05-06 20:00:00,2026-05-07 04:00:00,0.91475,0.91513,0.91465,0.91494,4118.0
2026-05-07 00:00:00,2026-05-06 21:00:00,2026-05-07 05:00:00,0.91404,0.91495,0.91364,0.91465,4921.0
2026-05-07 01:00:00,2026-05-06 22:00:00,2026-05-07 06:00:00,0.91471,0.91494,0.9146,0.91484,1685.0
2026-05-07 02:00:00,2026-05-06 23:00:00,2026-05-07 07:00:00,0.91483,0.91501,0.91481,0.91501,2109.0
2026-05-07 03:00:00,2026-05-07 00:00:00,2026-05-07 08:00:00,0.915,0.91549,0.91499,0.91527,8167.0
2026-05-07 04:00:00,2026-05-07 01:00:00,2026-05-07 09:00:00,0.91526,0.9154,0.91497,0.91508,7558.0
2026-05-07 05:00:00,2026-05-07 02:00:00,2026-05-07 10:00:00,0.91509,0.91552,0.91507,0.91539,6425.0
2026-05-07 06:00:00,2026-05-07 03:00:00,2026-05-07 11:00:00,0.91538,0.91552,0.91529,0.91543,5148.0
2026-05-07 07:00:00,2026-05-07 04:00:00,2026-05-07 12:00:00,0.91542,0.91552,0.91523,0.91538,4557.0
2026-05-07 08:00:00,2026-05-07 05:00:00,2026-05-07 13:00:00,0.91537,0.91564,0.91528,0.91541,5525.0
2026-05-07 09:00:00,2026-05-07 06:00:00,2026-05-07 14:00:00,0.91539,0.91544,0.91449,0.91452,8177.0
2026-05-07 10:00:00,2026-05-07 07:00:00,2026-05-07 15:00:00,0.91454,0.91532,0.91451,0.915,10636.0
2026-05-07 11:00:00,2026-05-07 08:00:00,2026-05-07 16:00:00,0.91502,0.9155,0.91491,0.91525,8977.0
2026-05-07 12:00:00,2026-05-07 09:00:00,2026-05-07 17:00:00,0.91526,0.91547,0.91505,0.91509,8365.0
2026-05-07 13:00:00,2026-05-07 10:00:00,2026-05-07 18:00:00,0.9151,0.91544,0.91489,0.91532,8411.0
2026-05-07 14:00:00,2026-05-07 11:00:00,2026-05-07 19:00:00,0.9153,0.91575,0.91497,0.91556,7958.0
2026-05-07 15:00:00,2026-05-07 12:00:00,2026-05-07 20:00:00,0.91557,0.91576,0.9149,0.91509,8356.0
2026-05-07 16:00:00,2026-05-07 13:00:00,2026-05-07 21:00:00,0.9151,0.91523,0.9145,0.9145,10803.0
2026-05-07 17:00:00,2026-05-07 14:00:00,2026-05-07 22:00:00,0.91454,0.91509,0.91444,0.91461,10208.0
2026-05-07 18:00:00,2026-05-07 15:00:00,2026-05-07 23:00:00,0.91459,0.91536,0.91455,0.91488,9733.0
2026-05-07 19:00:00,2026-05-07 16:00:00,2026-05-08 00:00:00,0.91489,0.91529,0.91463,0.91524,10073.0
2026-05-07 20:00:00,2026-05-07 17:00:00,2026-05-08 01:00:00,0.91523,0.91554,0.915,0.91517,10520.0
2026-05-07 21:00:00,2026-05-07 18:00:00,2026-05-08 02:00:00,0.91516,0.91534,0.915,0.91521,9541.0
2026-05-07 22:00:00,2026-05-07 19:00:00,2026-05-08 03:00:00,0.91522,0.9155,0.91513,0.91544,8220.0
2026-05-07 23:00:00,2026-05-07 20:00:00,2026-05-08 04:00:00,0.91545,0.91556,0.91514,0.91517,6122.0
2026-05-08 00:00:00,2026-05-07 21:00:00,2026-05-08 05:00:00,0.91407,0.91513,0.91384,0.91475,5269.0
2026-05-08 01:00:00,2026-05-07 22:00:00,2026-05-08 06:00:00,0.91495,0.91551,0.91454,0.91541,3273.0
2026-05-08 02:00:00,2026-05-07 23:00:00,2026-05-08 07:00:00,0.9154,0.9156,0.91538,0.91555,2784.0
2026-05-08 03:00:00,2026-05-08 00:00:00,2026-05-08 08:00:00,0.91557,0.91566,0.91523,0.91531,7376.0
2026-05-08 04:00:00,2026-05-08 01:00:00,2026-05-08 09:00:00,0.91531,0.91548,0.91514,0.91546,6786.0
2026-05-08 05:00:00,2026-05-08 02:00:00,2026-05-08 10:00:00,0.91545,0.91564,0.91539,0.91543,6100.0
2026-05-08 06:00:00,2026-05-08 03:00:00,2026-05-08 11:00:00,0.91544,0.91569,0.9154,0.91548,4839.0
2026-05-08 07:00:00,2026-05-08 04:00:00,2026-05-08 12:00:00,0.91545,0.9156,0.91518,0.9152,5046.0
2026-05-08 08:00:00,2026-05-08 05:00:00,2026-05-08 13:00:00,0.91522,0.91535,0.91508,0.91521,5088.0
2026-05-08 09:00:00,2026-05-08 06:00:00,2026-05-08 14:00:00,0.91522,0.91539,0.91488,0.91505,8104.0
2026-05-08 10:00:00,2026-05-08 07:00:00,2026-05-08 15:00:00,0.91504,0.91537,0.91499,0.915,8459.0
2026-05-08 11:00:00,2026-05-08 08:00:00,2026-05-08 16:00:00,0.91499,0.91547,0.91495,0.91541,8291.0
2026-05-08 12:00:00,2026-05-08 09:00:00,2026-05-08 17:00:00,0.91539,0.91561,0.9152,0.91543,7498.0
2026-05-08 13:00:00,2026-05-08 10:00:00,2026-05-08 18:00:00,0.91544,0.91586,0.91541,0.9157,6227.0
2026-05-08 14:00:00,2026-05-08 11:00:00,2026-05-08 19:00:00,0.9157,0.91611,0.91537,0.91538,6588.0
2026-05-08 15:00:00,2026-05-08 12:00:00,2026-05-08 20:00:00,0.91535,0.91577,0.91526,0.91555,10514.0
2026-05-08 16:00:00,2026-05-08 13:00:00,2026-05-08 21:00:00,0.91556,0.91575,0.91524,0.91552,10433.0
2026-05-08 17:00:00,2026-05-08 14:00:00,2026-05-08 22:00:00,0.91554,0.91593,0.91526,0.91527,10308.0
2026-05-08 18:00:00,2026-05-08 15:00:00,2026-05-08 23:00:00,0.91528,0.9155,0.9151,0.91511,9297.0
2026-05-08 19:00:00,2026-05-08 16:00:00,2026-05-09 00:00:00,0.91511,0.91518,0.91481,0.91483,6261.0
2026-05-08 20:00:00,2026-05-08 17:00:00,2026-05-09 01:00:00,0.91485,0.91494,0.91466,0.91483,5411.0
2026-05-08 21:00:00,2026-05-08 18:00:00,2026-05-09 02:00:00,0.91484,0.91485,0.9144,0.91463,5985.0
2026-05-08 22:00:00,2026-05-08 19:00:00,2026-05-09 03:00:00,0.91464,0.9152,0.91451,0.91519,5682.0
2026-05-08 23:00:00,2026-05-08 20:00:00,2026-05-09 04:00:00,0.9152,0.91533,0.91486,0.91499,3914.0
2026-05-11 00:00:00,2026-05-10 21:00:00,2026-05-11 05:00:00,0.91311,0.91405,0.91276,0.91347,1542.0
2026-05-11 01:00:00,2026-05-10 22:00:00,2026-05-11 06:00:00,0.91397,0.91526,0.91366,0.91508,4098.0
2026-05-11 02:00:00,2026-05-10 23:00:00,2026-05-11 07:00:00,0.91507,0.9153,0.91499,0.91524,2207.0
2026-05-11 03:00:00,2026-05-11 00:00:00,2026-05-11 08:00:00,0.91523,0.91571,0.91516,0.91555,5236.0
2026-05-11 04:00:00,2026-05-11 01:00:00,2026-05-11 09:00:00,0.91554,0.91592,0.91553,0.91567,4869.0
2026-05-11 05:00:00,2026-05-11 02:00:00,2026-05-11 10:00:00,0.91567,0.91589,0.91567,0.91577,3655.0
2026-05-11 06:00:00,2026-05-11 03:00:00,2026-05-11 11:00:00,0.91576,0.91593,0.91568,0.91586,3473.0
2026-05-11 07:00:00,2026-05-11 04:00:00,2026-05-11 12:00:00,0.91587,0.91597,0.9158,0.91585,2516.0
2026-05-11 08:00:00,2026-05-11 05:00:00,2026-05-11 13:00:00,0.91585,0.91594,0.91565,0.91576,4013.0
2026-05-11 09:00:00,2026-05-11 06:00:00,2026-05-11 14:00:00,0.91575,0.91587,0.91502,0.91522,5714.0
2026-05-11 10:00:00,2026-05-11 07:00:00,2026-05-11 15:00:00,0.91523,0.91617,0.91513,0.91609,5673.0
2026-05-11 11:00:00,2026-05-11 08:00:00,2026-05-11 16:00:00,0.9161,0.91668,0.91589,0.91631,6064.0
2026-05-11 12:00:00,2026-05-11 09:00:00,2026-05-11 17:00:00,0.91632,0.91664,0.9162,0.91648,4738.0
2026-05-11 13:00:00,2026-05-11 10:00:00,2026-05-11 18:00:00,0.91647,0.91659,0.9161,0.91626,5184.0
2026-05-11 14:00:00,2026-05-11 11:00:00,2026-05-11 19:00:00,0.91629,0.91643,0.91607,0.9163,5322.0
2026-05-11 15:00:00,2026-05-11 12:00:00,2026-05-11 20:00:00,0.91631,0.91653,0.91617,0.91629,6360.0
2026-05-11 16:00:00,2026-05-11 13:00:00,2026-05-11 21:00:00,0.91628,0.91653,0.91612,0.91621,6975.0
2026-05-11 17:00:00,2026-05-11 14:00:00,2026-05-11 22:00:00,0.91617,0.91627,0.91545,0.91545,7272.0
2026-05-11 18:00:00,2026-05-11 15:00:00,2026-05-11 23:00:00,0.91546,0.91578,0.91543,0.91563,6665.0
2026-05-11 19:00:00,2026-05-11 16:00:00,2026-05-12 00:00:00,0.91562,0.91592,0.9155,0.91576,5224.0
2026-05-11 20:00:00,2026-05-11 17:00:00,2026-05-12 01:00:00,0.91577,0.91606,0.91574,0.91596,4348.0
2026-05-11 21:00:00,2026-05-11 18:00:00,2026-05-12 02:00:00,0.91597,0.9164,0.91588,0.91632,4094.0
2026-05-11 22:00:00,2026-05-11 19:00:00,2026-05-12 03:00:00,0.91635,0.91653,0.91626,0.91652,4120.0
2026-05-11 23:00:00,2026-05-11 20:00:00,2026-05-12 04:00:00,0.91651,0.91672,0.91647,0.91665,2954.0
2026-05-12 00:00:00,2026-05-11 21:00:00,2026-05-12 05:00:00,0.91539,0.91675,0.91539,0.91642,4569.0
2026-05-12 01:00:00,2026-05-11 22:00:00,2026-05-12 06:00:00,0.91631,0.91692,0.91614,0.91679,2873.0
2026-05-12 02:00:00,2026-05-11 23:00:00,2026-05-12 07:00:00,0.91678,0.91684,0.91658,0.91664,2064.0
2026-05-12 03:00:00,2026-05-12 00:00:00,2026-05-12 08:00:00,0.91665,0.91677,0.91653,0.91664,3718.0
2026-05-12 04:00:00,2026-05-12 01:00:00,2026-05-12 09:00:00,0.91665,0.91699,0.91662,0.91687,6692.0
2026-05-12 05:00:00,2026-05-12 02:00:00,2026-05-12 10:00:00,0.91686,0.917,0.91686,0.91697,3947.0
2026-05-12 06:00:00,2026-05-12 03:00:00,2026-05-12 11:00:00,0.91698,0.91699,0.91671,0.91689,2867.0
2026-05-12 07:00:00,2026-05-12 04:00:00,2026-05-12 12:00:00,0.91691,0.91699,0.91676,0.91681,3897.0
2026-05-12 08:00:00,2026-05-12 05:00:00,2026-05-12 13:00:00,0.91679,0.91687,0.91617,0.91647,4642.0
2026-05-12 09:00:00,2026-05-12 06:00:00,2026-05-12 14:00:00,0.91648,0.91688,0.91628,0.91665,6799.0
2026-05-12 10:00:00,2026-05-12 07:00:00,2026-05-12 15:00:00,0.91666,0.91725,0.91647,0.91725,7712.0
2026-05-12 11:00:00,2026-05-12 08:00:00,2026-05-12 16:00:00,0.91724,0.91728,0.91668,0.91681,7332.0
2026-05-12 12:00:00,2026-05-12 09:00:00,2026-05-12 17:00:00,0.91684,0.91745,0.91683,0.91717,6522.0
2026-05-12 13:00:00,2026-05-12 10:00:00,2026-05-12 18:00:00,0.91718,0.91739,0.91701,0.91706,5615.0
2026-05-12 14:00:00,2026-05-12 11:00:00,2026-05-12 19:00:00,0.91708,0.91729,0.91688,0.91725,6303.0
2026-05-12 15:00:00,2026-05-12 12:00:00,2026-05-12 20:00:00,0.91726,0.91732,0.91673,0.91679,8897.0
2026-05-12 16:00:00,2026-05-12 13:00:00,2026-05-12 21:00:00,0.9168,0.91747,0.91675,0.91727,8793.0
2026-05-12 17:00:00,2026-05-12 14:00:00,2026-05-12 22:00:00,0.91726,0.91737,0.91662,0.91687,9510.0
2026-05-12 18:00:00,2026-05-12 15:00:00,2026-05-12 23:00:00,0.91686,0.91723,0.91672,0.91718,8684.0
2026-05-12 19:00:00,2026-05-12 16:00:00,2026-05-13 00:00:00,0.91718,0.9175,0.91713,0.91715,6624.0
2026-05-12 20:00:00,2026-05-12 17:00:00,2026-05-13 01:00:00,0.91716,0.91721,0.91685,0.91693,5603.0
2026-05-12 21:00:00,2026-05-12 18:00:00,2026-05-13 02:00:00,0.91694,0.91706,0.91656,0.91668,4712.0
2026-05-12 22:00:00,2026-05-12 19:00:00,2026-05-13 03:00:00,0.91667,0.91675,0.9165,0.91658,4443.0
2026-05-12 23:00:00,2026-05-12 20:00:00,2026-05-13 04:00:00,0.91659,0.91663,0.91631,0.91633,2770.0
2026-05-13 00:00:00,2026-05-12 21:00:00,2026-05-13 05:00:00,0.91604,0.91631,0.91584,0.91612,2769.0
2026-05-13 01:00:00,2026-05-12 22:00:00,2026-05-13 06:00:00,0.91604,0.9164,0.91596,0.91628,2075.0
2026-05-13 02:00:00,2026-05-12 23:00:00,2026-05-13 07:00:00,0.91629,0.91636,0.9161,0.91613,2076.0
2026-05-13 03:00:00,2026-05-13 00:00:00,2026-05-13 08:00:00,0.91612,0.91631,0.91584,0.91589,4393.0
2026-05-13 04:00:00,2026-05-13 01:00:00,2026-05-13 09:00:00,0.91589,0.91616,0.91585,0.91599,5243.0
2026-05-13 05:00:00,2026-05-13 02:00:00,2026-05-13 10:00:00,0.91598,0.91614,0.91592,0.91602,3428.0
2026-05-13 06:00:00,2026-05-13 03:00:00,2026-05-13 11:00:00,0.91603,0.91612,0.91596,0.91598,3341.0
2026-05-13 07:00:00,2026-05-13 04:00:00,2026-05-13 12:00:00,0.91599,0.9161,0.9159,0.91602,2524.0
2026-05-13 08:00:00,2026-05-13 05:00:00,2026-05-13 13:00:00,0.91601,0.91611,0.91578,0.9158,3195.0
2026-05-13 09:00:00,2026-05-13 06:00:00,2026-05-13 14:00:00,0.91579,0.91588,0.91548,0.91567,5199.0
2026-05-13 10:00:00,2026-05-13 07:00:00,2026-05-13 15:00:00,0.91569,0.91574,0.91508,0.91509,6825.0
2026-05-13 11:00:00,2026-05-13 08:00:00,2026-05-13 16:00:00,0.9151,0.91575,0.91503,0.91548,5749.0
2026-05-13 12:00:00,2026-05-13 09:00:00,2026-05-13 17:00:00,0.91549,0.9158,0.91514,0.91553,6230.0
2026-05-13 13:00:00,2026-05-13 10:00:00,2026-05-13 18:00:00,0.91552,0.91561,0.91501,0.91546,6640.0
2026-05-13 14:00:00,2026-05-13 11:00:00,2026-05-13 19:00:00,0.91545,0.91568,0.91534,0.91542,5629.0
2026-05-13 15:00:00,2026-05-13 12:00:00,2026-05-13 20:00:00,0.91541,0.91607,0.91533,0.91598,7364.0
2026-05-13 16:00:00,2026-05-13 13:00:00,2026-05-13 21:00:00,0.91596,0.91629,0.91546,0.91581,7737.0
2026-05-13 17:00:00,2026-05-13 14:00:00,2026-05-13 22:00:00,0.91582,0.9166,0.91577,0.91635,7730.0
2026-05-13 18:00:00,2026-05-13 15:00:00,2026-05-13 23:00:00,0.91636,0.91663,0.9162,0.91648,7116.0
2026-05-13 19:00:00,2026-05-13 16:00:00,2026-05-14 00:00:00,0.91649,0.91654,0.91602,0.91625,6824.0
2026-05-13 20:00:00,2026-05-13 17:00:00,2026-05-14 01:00:00,0.91624,0.91627,0.91589,0.9159,3568.0
2026-05-13 21:00:00,2026-05-13 18:00:00,2026-05-14 02:00:00,0.91591,0.91595,0.91578,0.91588,4457.0
2026-05-13 22:00:00,2026-05-13 19:00:00,2026-05-14 03:00:00,0.91589,0.91594,0.91553,0.91558,3925.0
2026-05-13 23:00:00,2026-05-13 20:00:00,2026-05-14 04:00:00,0.91558,0.91579,0.91553,0.91574,2434.0
2026-05-14 00:00:00,2026-05-13 21:00:00,2026-05-14 05:00:00,0.91494,0.91574,0.91488,0.91567,4275.0
2026-05-14 01:00:00,2026-05-13 22:00:00,2026-05-14 06:00:00,0.91575,0.91586,0.91548,0.91577,1777.0
2026-05-14 02:00:00,2026-05-13 23:00:00,2026-05-14 07:00:00,0.91578,0.91589,0.91574,0.9158,1893.0
2026-05-14 03:00:00,2026-05-14 00:00:00,2026-05-14 08:00:00,0.91579,0.91585,0.91559,0.91565,4018.0
2026-05-14 04:00:00,2026-05-14 01:00:00,2026-05-14 09:00:00,0.91566,0.91568,0.91543,0.91551,4586.0
2026-05-14 05:00:00,2026-05-14 02:00:00,2026-05-14 10:00:00,0.9155,0.91572,0.91548,0.91561,3444.0
2026-05-14 06:00:00,2026-05-14 03:00:00,2026-05-14 11:00:00,0.9156,0.91581,0.91556,0.91572,3064.0
2026-05-14 07:00:00,2026-05-14 04:00:00,2026-05-14 12:00:00,0.91573,0.91581,0.91562,0.91579,3136.0
2026-05-14 08:00:00,2026-05-14 05:00:00,2026-05-14 13:00:00,0.9158,0.91586,0.91573,0.91577,3999.0
2026-05-14 09:00:00,2026-05-14 06:00:00,2026-05-14 14:00:00,0.91576,0.91582,0.9151,0.91511,5810.0
2026-05-14 10:00:00,2026-05-14 07:00:00,2026-05-14 15:00:00,0.91513,0.91586,0.91508,0.91586,6066.0
2026-05-14 11:00:00,2026-05-14 08:00:00,2026-05-14 16:00:00,0.91585,0.91599,0.91562,0.91573,6367.0
2026-05-14 12:00:00,2026-05-14 09:00:00,2026-05-14 17:00:00,0.91574,0.91585,0.91523,0.91533,4861.0
2026-05-14 13:00:00,2026-05-14 10:00:00,2026-05-14 18:00:00,0.91534,0.91556,0.9152,0.91539,5826.0
2026-05-14 14:00:00,2026-05-14 11:00:00,2026-05-14 19:00:00,0.9154,0.91541,0.91494,0.91504,5085.0
2026-05-14 15:00:00,2026-05-14 12:00:00,2026-05-14 20:00:00,0.91503,0.91509,0.91472,0.91476,6173.0
2026-05-14 16:00:00,2026-05-14 13:00:00,2026-05-14 21:00:00,0.91476,0.9149,0.91438,0.91446,7680.0
2026-05-14 17:00:00,2026-05-14 14:00:00,2026-05-14 22:00:00,0.91448,0.91505,0.91435,0.91443,8041.0
2026-05-14 18:00:00,2026-05-14 15:00:00,2026-05-14 23:00:00,0.91441,0.91473,0.9143,0.91432,7392.0
2026-05-14 19:00:00,2026-05-14 16:00:00,2026-05-15 00:00:00,0.91435,0.91456,0.91423,0.91445,6218.0
2026-05-14 20:00:00,2026-05-14 17:00:00,2026-05-15 01:00:00,0.91444,0.91472,0.9144,0.91463,4985.0
2026-05-14 21:00:00,2026-05-14 18:00:00,2026-05-15 02:00:00,0.91464,0.91481,0.91462,0.91475,4315.0
2026-05-14 22:00:00,2026-05-14 19:00:00,2026-05-15 03:00:00,0.91473,0.91487,0.91462,0.91462,3817.0
2026-05-14 23:00:00,2026-05-14 20:00:00,2026-05-15 04:00:00,0.91463,0.91475,0.91454,0.91455,3024.0
2026-05-15 00:00:00,2026-05-14 21:00:00,2026-05-15 05:00:00,0.91354,0.9144,0.91349,0.91437,1279.0
2026-05-15 01:00:00,2026-05-14 22:00:00,2026-05-15 06:00:00,0.91449,0.91478,0.91443,0.91473,1913.0
2026-05-15 02:00:00,2026-05-14 23:00:00,2026-05-15 07:00:00,0.91474,0.91477,0.91449,0.91456,2445.0
2026-05-15 03:00:00,2026-05-15 00:00:00,2026-05-15 08:00:00,0.91457,0.91473,0.9144,0.91462,4994.0
2026-05-15 04:00:00,2026-05-15 01:00:00,2026-05-15 09:00:00,0.91463,0.91494,0.91459,0.91487,7333.0
2026-05-15 05:00:00,2026-05-15 02:00:00,2026-05-15 10:00:00,0.91487,0.915,0.9146,0.91478,5088.0
2026-05-15 06:00:00,2026-05-15 03:00:00,2026-05-15 11:00:00,0.91478,0.91489,0.91466,0.91483,4093.0
2026-05-15 07:00:00,2026-05-15 04:00:00,2026-05-15 12:00:00,0.91484,0.9152,0.91476,0.91507,3794.0
2026-05-15 08:00:00,2026-05-15 05:00:00,2026-05-15 13:00:00,0.91508,0.91515,0.91459,0.9146,6915.0
2026-05-15 09:00:00,2026-05-15 06:00:00,2026-05-15 14:00:00,0.9146,0.91482,0.91424,0.91433,9087.0
2026-05-15 10:00:00,2026-05-15 07:00:00,2026-05-15 15:00:00,0.91434,0.91435,0.9135,0.9137,7923.0
2026-05-15 11:00:00,2026-05-15 08:00:00,2026-05-15 16:00:00,0.91374,0.91412,0.91368,0.91398,9378.0
2026-05-15 12:00:00,2026-05-15 09:00:00,2026-05-15 17:00:00,0.914,0.91425,0.9138,0.91406,9382.0
2026-05-15 13:00:00,2026-05-15 10:00:00,2026-05-15 18:00:00,0.91402,0.91413,0.91348,0.91377,9403.0
2026-05-15 14:00:00,2026-05-15 11:00:00,2026-05-15 19:00:00,0.91379,0.91448,0.91371,0.91431,9090.0
2026-05-15 15:00:00,2026-05-15 12:00:00,2026-05-15 20:00:00,0.9143,0.9147,0.91422,0.91459,9313.0
2026-05-15 16:00:00,2026-05-15 13:00:00,2026-05-15 21:00:00,0.9146,0.91473,0.91433,0.91433,9997.0
2026-05-15 17:00:00,2026-05-15 14:00:00,2026-05-15 22:00:00,0.91433,0.91466,0.91393,0.91454,11442.0
2026-05-15 18:00:00,2026-05-15 15:00:00,2026-05-15 23:00:00,0.91453,0.91508,0.91411,0.9148,10456.0
2026-05-15 19:00:00,2026-05-15 16:00:00,2026-05-16 00:00:00,0.91481,0.91486,0.91461,0.91475,8124.0
2026-05-15 20:00:00,2026-05-15 17:00:00,2026-05-16 01:00:00,0.91475,0.91489,0.91453,0.91455,6158.0
2026-05-15 21:00:00,2026-05-15 18:00:00,2026-05-16 02:00:00,0.91456,0.91466,0.91443,0.91452,6756.0
2026-05-15 22:00:00,2026-05-15 19:00:00,2026-05-16 03:00:00,0.9145,0.91464,0.91416,0.91418,5526.0
2026-05-15 23:00:00,2026-05-15 20:00:00,2026-05-16 04:00:00,0.91416,0.91454,0.91411,0.9145,3467.0
2026-05-18 00:00:00,2026-05-17 21:00:00,2026-05-18 05:00:00,0.91324,0.91384,0.91312,0.91372,515.0
2026-05-18 01:00:00,2026-05-17 22:00:00,2026-05-18 06:00:00,0.91394,0.91472,0.91394,0.91451,3685.0
2026-05-18 02:00:00,2026-05-17 23:00:00,2026-05-18 07:00:00,0.91452,0.91454,0.91428,0.9143,4111.0
2026-05-18 03:00:00,2026-05-18 00:00:00,2026-05-18 08:00:00,0.91432,0.91442,0.91401,0.91426,7379.0
2026-05-18 04:00:00,2026-05-18 01:00:00,2026-05-18 09:00:00,0.91425,0.9146,0.9142,0.91438,7691.0
2026-05-18 05:00:00,2026-05-18 02:00:00,2026-05-18 10:00:00,0.91438,0.91452,0.91417,0.91424,5593.0
2026-05-18 06:00:00,2026-05-18 03:00:00,2026-05-18 11:00:00,0.91423,0.91451,0.91421,0.91437,5325.0
2026-05-18 07:00:00,2026-05-18 04:00:00,2026-05-18 12:00:00,0.91438,0.91445,0.9143,0.9144,4931.0
2026-05-18 08:00:00,2026-05-18 05:00:00,2026-05-18 13:00:00,0.91441,0.91443,0.9141,0.91439,5943.0
2026-05-18 09:00:00,2026-05-18 06:00:00,2026-05-18 14:00:00,0.91438,0.91455,0.91387,0.91395,7828.0
2026-05-18 10:00:00,2026-05-18 07:00:00,2026-05-18 15:00:00,0.91396,0.91414,0.91329,0.91343,8993.0
2026-05-18 11:00:00,2026-05-18 08:00:00,2026-05-18 16:00:00,0.91344,0.91376,0.91325,0.91369,7840.0
2026-05-18 12:00:00,2026-05-18 09:00:00,2026-05-18 17:00:00,0.91368,0.91417,0.91366,0.91395,6714.0
2026-05-18 13:00:00,2026-05-18 10:00:00,2026-05-18 18:00:00,0.91397,0.9142,0.91373,0.91419,5602.0
2026-05-18 14:00:00,2026-05-18 11:00:00,2026-05-18 19:00:00,0.9142,0.91476,0.91388,0.91434,7922.0
2026-05-18 15:00:00,2026-05-18 12:00:00,2026-05-18 20:00:00,0.91435,0.91466,0.91424,0.91461,9536.0
2026-05-18 16:00:00,2026-05-18 13:00:00,2026-05-18 21:00:00,0.9146,0.91477,0.91414,0.91456,9732.0
2026-05-18 17:00:00,2026-05-18 14:00:00,2026-05-18 22:00:00,0.91457,0.91492,0.91412,0.91488,10032.0
2026-05-18 18:00:00,2026-05-18 15:00:00,2026-05-18 23:00:00,0.91487,0.91536,0.91481,0.91508,8914.0
2026-05-18 19:00:00,2026-05-18 16:00:00,2026-05-19 00:00:00,0.91509,0.91509,0.91438,0.91441,7706.0
2026-05-18 20:00:00,2026-05-18 17:00:00,2026-05-19 01:00:00,0.91439,0.91453,0.91406,0.91407,6248.0
2026-05-18 21:00:00,2026-05-18 18:00:00,2026-05-19 02:00:00,0.91406,0.91428,0.91404,0.9141,7009.0
2026-05-18 22:00:00,2026-05-18 19:00:00,2026-05-19 03:00:00,0.91411,0.9142,0.91377,0.91401,9436.0
2026-05-18 23:00:00,2026-05-18 20:00:00,2026-05-19 04:00:00,0.91402,0.91429,0.91394,0.91423,3905.0
2026-05-19 00:00:00,2026-05-18 21:00:00,2026-05-19 05:00:00,0.91367,0.91423,0.91354,0.91409,1504.0
2026-05-19 01:00:00,2026-05-18 22:00:00,2026-05-19 06:00:00,0.91411,0.9143,0.91409,0.91424,2345.0
2026-05-19 02:00:00,2026-05-18 23:00:00,2026-05-19 07:00:00,0.91423,0.91431,0.91413,0.91424,2329.0
2026-05-19 03:00:00,2026-05-19 00:00:00,2026-05-19 08:00:00,0.91425,0.91441,0.91419,0.91436,6134.0
2026-05-19 04:00:00,2026-05-19 01:00:00,2026-05-19 09:00:00,0.91436,0.91457,0.91434,0.91446,7062.0
2026-05-19 05:00:00,2026-05-19 02:00:00,2026-05-19 10:00:00,0.91447,0.91471,0.91444,0.91469,5668.0
2026-05-19 06:00:00,2026-05-19 03:00:00,2026-05-19 11:00:00,0.9147,0.91474,0.91456,0.91469,4227.0
2026-05-19 07:00:00,2026-05-19 04:00:00,2026-05-19 12:00:00,0.91471,0.91476,0.91441,0.91445,3891.0
2026-05-19 08:00:00,2026-05-19 05:00:00,2026-05-19 13:00:00,0.91446,0.91459,0.91438,0.91441,5174.0
2026-05-19 09:00:00,2026-05-19 06:00:00,2026-05-19 14:00:00,0.9144,0.91473,0.91425,0.91448,7771.0
2026-05-19 10:00:00,2026-05-19 07:00:00,2026-05-19 15:00:00,0.9145,0.91457,0.91357,0.91362,7700.0
2026-05-19 11:00:00,2026-05-19 08:00:00,2026-05-19 16:00:00,0.91363,0.91482,0.91347,0.91456,8202.0
2026-05-19 12:00:00,2026-05-19 09:00:00,2026-05-19 17:00:00,0.91457,0.91478,0.9144,0.91459,8472.0
2026-05-19 13:00:00,2026-05-19 10:00:00,2026-05-19 18:00:00,0.9146,0.915,0.91439,0.91463,7689.0
2026-05-19 14:00:00,2026-05-19 11:00:00,2026-05-19 19:00:00,0.91464,0.91501,0.91448,0.91492,7452.0
2026-05-19 15:00:00,2026-05-19 12:00:00,2026-05-19 20:00:00,0.91496,0.9153,0.91483,0.9152,8559.0
2026-05-19 16:00:00,2026-05-19 13:00:00,2026-05-19 21:00:00,0.91522,0.91644,0.9152,0.91616,11273.0
2026-05-19 17:00:00,2026-05-19 14:00:00,2026-05-19 22:00:00,0.91615,0.9169,0.91615,0.91659,12273.0
2026-05-19 18:00:00,2026-05-19 15:00:00,2026-05-19 23:00:00,0.91658,0.91661,0.9159,0.9162,9699.0
2026-05-19 19:00:00,2026-05-19 16:00:00,2026-05-20 00:00:00,0.91618,0.9163,0.91549,0.91573,8635.0
2026-05-19 20:00:00,2026-05-19 17:00:00,2026-05-20 01:00:00,0.91572,0.91579,0.9155,0.91565,6257.0
2026-05-19 21:00:00,2026-05-19 18:00:00,2026-05-20 02:00:00,0.91566,0.91591,0.91559,0.91572,6210.0
2026-05-19 22:00:00,2026-05-19 19:00:00,2026-05-20 03:00:00,0.91571,0.91575,0.91547,0.91559,6113.0
2026-05-19 23:00:00,2026-05-19 20:00:00,2026-05-20 04:00:00,0.91558,0.91568,0.91545,0.91559,3179.0
2026-05-20 00:00:00,2026-05-19 21:00:00,2026-05-20 05:00:00,0.91488,0.91548,0.91459,0.9152,1778.0
2026-05-20 01:00:00,2026-05-19 22:00:00,2026-05-20 06:00:00,0.91511,0.91583,0.91511,0.91574,2394.0
2026-05-20 02:00:00,2026-05-19 23:00:00,2026-05-20 07:00:00,0.91573,0.91579,0.91555,0.91557,2369.0
2026-05-20 03:00:00,2026-05-20 00:00:00,2026-05-20 08:00:00,0.91558,0.91582,0.91553,0.91575,7384.0
2026-05-20 04:00:00,2026-05-20 01:00:00,2026-05-20 09:00:00,0.91576,0.91606,0.91568,0.91603,8240.0
2026-05-20 05:00:00,2026-05-20 02:00:00,2026-05-20 10:00:00,0.91602,0.91618,0.91591,0.91608,5644.0
2026-05-20 06:00:00,2026-05-20 03:00:00,2026-05-20 11:00:00,0.91609,0.91622,0.91596,0.91602,6113.0
2026-05-20 07:00:00,2026-05-20 04:00:00,2026-05-20 12:00:00,0.91601,0.91618,0.91594,0.91609,5143.0
2026-05-20 08:00:00,2026-05-20 05:00:00,2026-05-20 13:00:00,0.91608,0.91624,0.91587,0.91611,6286.0
2026-05-20 09:00:00,2026-05-20 06:00:00,2026-05-20 14:00:00,0.91613,0.91659,0.91601,0.91651,8391.0
2026-05-20 10:00:00,2026-05-20 07:00:00,2026-05-20 15:00:00,0.91652,0.91677,0.91623,0.9163,7821.0
2026-05-20 11:00:00,2026-05-20 08:00:00,2026-05-20 16:00:00,0.91631,0.91636,0.91565,0.91589,8240.0
2026-05-20 12:00:00,2026-05-20 09:00:00,2026-05-20 17:00:00,0.9159,0.91646,0.91587,0.91605,6284.0
2026-05-20 13:00:00,2026-05-20 10:00:00,2026-05-20 18:00:00,0.91606,0.91614,0.91588,0.91609,5770.0
2026-05-20 14:00:00,2026-05-20 11:00:00,2026-05-20 19:00:00,0.91611,0.91679,0.91606,0.9166,6052.0
2026-05-20 15:00:00,2026-05-20 12:00:00,2026-05-20 20:00:00,0.91661,0.91698,0.91632,0.91655,8015.0
2026-05-20 16:00:00,2026-05-20 13:00:00,2026-05-20 21:00:00,0.91654,0.91658,0.91605,0.9163,8997.0
2026-05-20 17:00:00,2026-05-20 14:00:00,2026-05-20 22:00:00,0.91631,0.91632,0.91454,0.91479,13577.0
2026-05-20 18:00:00,2026-05-20 15:00:00,2026-05-20 23:00:00,0.9148,0.91544,0.91467,0.91517,12013.0
2026-05-20 19:00:00,2026-05-20 16:00:00,2026-05-21 00:00:00,0.91516,0.91541,0.91506,0.91516,10240.0
2026-05-20 20:00:00,2026-05-20 17:00:00,2026-05-21 01:00:00,0.91517,0.9153,0.91497,0.91512,8905.0
2026-05-20 21:00:00,2026-05-20 18:00:00,2026-05-21 02:00:00,0.91511,0.91531,0.91505,0.91515,7037.0
2026-05-20 22:00:00,2026-05-20 19:00:00,2026-05-21 03:00:00,0.91516,0.91522,0.91498,0.91506,5837.0
2026-05-20 23:00:00,2026-05-20 20:00:00,2026-05-21 04:00:00,0.91505,0.91521,0.91495,0.91509,4028.0
2026-05-21 00:00:00,2026-05-20 21:00:00,2026-05-21 05:00:00,0.91411,0.91487,0.91384,0.91463,1426.0
2026-05-21 01:00:00,2026-05-20 22:00:00,2026-05-21 06:00:00,0.91466,0.91507,0.91457,0.91492,2376.0
2026-05-21 02:00:00,2026-05-20 23:00:00,2026-05-21 07:00:00,0.91493,0.91507,0.91484,0.91502,2198.0
2026-05-21 03:00:00,2026-05-21 00:00:00,2026-05-21 08:00:00,0.91503,0.91532,0.91501,0.91519,5408.0
2026-05-21 04:00:00,2026-05-21 01:00:00,2026-05-21 09:00:00,0.91519,0.91523,0.9144,0.91452,6525.0
2026-05-21 05:00:00,2026-05-21 02:00:00,2026-05-21 10:00:00,0.91453,0.91485,0.91439,0.91477,5688.0
2026-05-21 06:00:00,2026-05-21 03:00:00,2026-05-21 11:00:00,0.91476,0.91481,0.91454,0.91467,4511.0
2026-05-21 07:00:00,2026-05-21 04:00:00,2026-05-21 12:00:00,0.91467,0.9147,0.91441,0.91455,3916.0
2026-05-21 08:00:00,2026-05-21 05:00:00,2026-05-21 13:00:00,0.91454,0.9147,0.91441,0.91443,5431.0
2026-05-21 09:00:00,2026-05-21 06:00:00,2026-05-21 14:00:00,0.91444,0.91496,0.91443,0.9148,7199.0
2026-05-21 10:00:00,2026-05-21 07:00:00,2026-05-21 15:00:00,0.91482,0.91487,0.91388,0.9141,12428.0
2026-05-21 11:00:00,2026-05-21 08:00:00,2026-05-21 16:00:00,0.91408,0.91493,0.91397,0.91478,10481.0
2026-05-21 12:00:00,2026-05-21 09:00:00,2026-05-21 17:00:00,0.91483,0.91485,0.91411,0.91411,8341.0
2026-05-21 13:00:00,2026-05-21 10:00:00,2026-05-21 18:00:00,0.91413,0.91466,0.91374,0.91463,10541.0
2026-05-21 14:00:00,2026-05-21 11:00:00,2026-05-21 19:00:00,0.91465,0.91466,0.91401,0.91423,9013.0
2026-05-21 15:00:00,2026-05-21 12:00:00,2026-05-21 20:00:00,0.91422,0.91486,0.91414,0.91476,9593.0
2026-05-21 16:00:00,2026-05-21 13:00:00,2026-05-21 21:00:00,0.91475,0.91527,0.91466,0.91488,11709.0
2026-05-21 17:00:00,2026-05-21 14:00:00,2026-05-21 22:00:00,0.91487,0.91516,0.91434,0.91447,11607.0
2026-05-21 18:00:00,2026-05-21 15:00:00,2026-05-21 23:00:00,0.91446,0.91472,0.91423,0.91469,10442.0
2026-05-21 19:00:00,2026-05-21 16:00:00,2026-05-22 00:00:00,0.91469,0.91485,0.91449,0.91468,8366.0
2026-05-21 20:00:00,2026-05-21 17:00:00,2026-05-22 01:00:00,0.91469,0.91476,0.9138,0.91395,11271.0
2026-05-21 21:00:00,2026-05-21 18:00:00,2026-05-22 02:00:00,0.91394,0.9143,0.91385,0.91421,9766.0
2026-05-21 22:00:00,2026-05-21 19:00:00,2026-05-22 03:00:00,0.9142,0.91423,0.9136,0.91364,7375.0
2026-05-21 23:00:00,2026-05-21 20:00:00,2026-05-22 04:00:00,0.91363,0.91392,0.91357,0.91382,3618.0
2026-05-22 00:00:00,2026-05-21 21:00:00,2026-05-22 05:00:00,0.91339,0.91407,0.9129,0.91347,2083.0
2026-05-22 01:00:00,2026-05-21 22:00:00,2026-05-22 06:00:00,0.91362,0.91393,0.9136,0.91378,2247.0
2026-05-22 02:00:00,2026-05-21 23:00:00,2026-05-22 07:00:00,0.91378,0.91396,0.91375,0.91384,1818.0
2026-05-22 03:00:00,2026-05-22 00:00:00,2026-05-22 08:00:00,0.91383,0.91395,0.91374,0.91394,5004.0
2026-05-22 04:00:00,2026-05-22 01:00:00,2026-05-22 09:00:00,0.91393,0.91402,0.91376,0.91381,5260.0
2026-05-22 05:00:00,2026-05-22 02:00:00,2026-05-22 10:00:00,0.91382,0.91385,0.91348,0.91351,3796.0
2026-05-22 06:00:00,2026-05-22 03:00:00,2026-05-22 11:00:00,0.9135,0.91362,0.91346,0.91357,3517.0
2026-05-22 07:00:00,2026-05-22 04:00:00,2026-05-22 12:00:00,0.91356,0.91362,0.91327,0.91335,2903.0
2026-05-22 08:00:00,2026-05-22 05:00:00,2026-05-22 13:00:00,0.91334,0.91376,0.91332,0.91366,4313.0
2026-05-22 09:00:00,2026-05-22 06:00:00,2026-05-22 14:00:00,0.91363,0.9138,0.91334,0.91336,7142.0
2026-05-22 10:00:00,2026-05-22 07:00:00,2026-05-22 15:00:00,0.91335,0.91385,0.91251,0.91262,6764.0
2026-05-22 11:00:00,2026-05-22 08:00:00,2026-05-22 16:00:00,0.91263,0.91281,0.91213,0.9126,7311.0
2026-05-22 12:00:00,2026-05-22 09:00:00,2026-05-22 17:00:00,0.9126,0.91262,0.91197,0.91229,7275.0
2026-05-22 13:00:00,2026-05-22 10:00:00,2026-05-22 18:00:00,0.91228,0.91247,0.91187,0.91245,5955.0
2026-05-22 14:00:00,2026-05-22 11:00:00,2026-05-22 19:00:00,0.91246,0.91254,0.91183,0.91187,5859.0
2026-05-22 15:00:00,2026-05-22 12:00:00,2026-05-22 20:00:00,0.91186,0.91204,0.91164,0.91185,6976.0
2026-05-22 16:00:00,2026-05-22 13:00:00,2026-05-22 21:00:00,0.91184,0.91198,0.91132,0.91183,9364.0
2026-05-22 17:00:00,2026-05-22 14:00:00,2026-05-22 22:00:00,0.91182,0.91254,0.91144,0.91149,10080.0
2026-05-22 18:00:00,2026-05-22 15:00:00,2026-05-22 23:00:00,0.9115,0.91183,0.91141,0.91165,7673.0
2026-05-22 19:00:00,2026-05-22 16:00:00,2026-05-23 00:00:00,0.91166,0.9117,0.91054,0.91062,6966.0
2026-05-22 20:00:00,2026-05-22 17:00:00,2026-05-23 01:00:00,0.91061,0.91108,0.91045,0.91096,6908.0
2026-05-22 21:00:00,2026-05-22 18:00:00,2026-05-23 02:00:00,0.91097,0.91107,0.91071,0.91087,4687.0
2026-05-22 22:00:00,2026-05-22 19:00:00,2026-05-23 03:00:00,0.91088,0.9111,0.91082,0.9109,4974.0
2026-05-22 23:00:00,2026-05-22 20:00:00,2026-05-23 04:00:00,0.91089,0.91092,0.91061,0.91073,3152.0
2026-05-25 00:00:00,2026-05-24 21:00:00,2026-05-25 05:00:00,0.91195,0.91248,0.91129,0.9123,1800.0
2026-05-25 01:00:00,2026-05-24 22:00:00,2026-05-25 06:00:00,0.91234,0.91234,0.91049,0.9105,4145.0
2026-05-25 02:00:00,2026-05-24 23:00:00,2026-05-25 07:00:00,0.91051,0.91075,0.91045,0.91075,2884.0
2026-05-25 03:00:00,2026-05-25 00:00:00,2026-05-25 08:00:00,0.91074,0.91078,0.91039,0.91046,4599.0
2026-05-25 04:00:00,2026-05-25 01:00:00,2026-05-25 09:00:00,0.91047,0.91051,0.91027,0.91034,5067.0
2026-05-25 05:00:00,2026-05-25 02:00:00,2026-05-25 10:00:00,0.91035,0.91037,0.91015,0.91019,3447.0
2026-05-25 06:00:00,2026-05-25 03:00:00,2026-05-25 11:00:00,0.91021,0.9103,0.91011,0.91026,3844.0
2026-05-25 07:00:00,2026-05-25 04:00:00,2026-05-25 12:00:00,0.91027,0.91041,0.91025,0.91027,3019.0
2026-05-25 08:00:00,2026-05-25 05:00:00,2026-05-25 13:00:00,0.91028,0.91036,0.91014,0.91032,3359.0
2026-05-25 09:00:00,2026-05-25 06:00:00,2026-05-25 14:00:00,0.91031,0.91041,0.90986,0.90991,4489.0
2026-05-25 10:00:00,2026-05-25 07:00:00,2026-05-25 15:00:00,0.9099,0.91004,0.90972,0.91001,6104.0
2026-05-25 11:00:00,2026-05-25 08:00:00,2026-05-25 16:00:00,0.90999,0.91037,0.90987,0.91017,5154.0
2026-05-25 12:00:00,2026-05-25 09:00:00,2026-05-25 17:00:00,0.91015,0.91022,0.90973,0.90986,3212.0
2026-05-25 13:00:00,2026-05-25 10:00:00,2026-05-25 18:00:00,0.90985,0.90995,0.90965,0.90979,3219.0
2026-05-25 14:00:00,2026-05-25 11:00:00,2026-05-25 19:00:00,0.9098,0.90991,0.90965,0.90981,4768.0
2026-05-25 15:00:00,2026-05-25 12:00:00,2026-05-25 20:00:00,0.90982,0.90994,0.90966,0.9098,5058.0
2026-05-25 16:00:00,2026-05-25 13:00:00,2026-05-25 21:00:00,0.90979,0.9119,0.90977,0.91149,5184.0
2026-05-25 17:00:00,2026-05-25 14:00:00,2026-05-25 22:00:00,0.9115,0.91182,0.91146,0.91156,4278.0
2026-05-25 18:00:00,2026-05-25 15:00:00,2026-05-25 23:00:00,0.91158,0.91205,0.91136,0.91142,4900.0
2026-05-25 19:00:00,2026-05-25 16:00:00,2026-05-26 00:00:00,0.91143,0.91172,0.91143,0.9115,3590.0
2026-05-25 20:00:00,2026-05-25 17:00:00,2026-05-26 01:00:00,0.91151,0.91156,0.91124,0.91124,1904.0
2026-05-25 21:00:00,2026-05-25 18:00:00,2026-05-26 02:00:00,0.91123,0.91127,0.91109,0.91114,1277.0
2026-05-25 22:00:00,2026-05-25 19:00:00,2026-05-26 03:00:00,0.91115,0.91122,0.91107,0.9111,1616.0
2026-05-25 23:00:00,2026-05-25 20:00:00,2026-05-26 04:00:00,0.91109,0.91132,0.91108,0.9112,2004.0
2026-05-26 00:00:00,2026-05-25 21:00:00,2026-05-26 05:00:00,0.90996,0.91119,0.90995,0.91113,2121.0
2026-05-26 01:00:00,2026-05-25 22:00:00,2026-05-26 06:00:00,0.91115,0.91148,0.91105,0.91125,3069.0
2026-05-26 02:00:00,2026-05-25 23:00:00,2026-05-26 07:00:00,0.91126,0.9114,0.91123,0.91139,2457.0
2026-05-26 03:00:00,2026-05-26 00:00:00,2026-05-26 08:00:00,0.91138,0.91182,0.91138,0.91165,5565.0
2026-05-26 04:00:00,2026-05-26 01:00:00,2026-05-26 09:00:00,0.91166,0.91167,0.91144,0.91146,5825.0
2026-05-26 05:00:00,2026-05-26 02:00:00,2026-05-26 10:00:00,0.91145,0.91159,0.9114,0.91148,3561.0
2026-05-26 06:00:00,2026-05-26 03:00:00,2026-05-26 11:00:00,0.91147,0.91148,0.91102,0.91106,3409.0
2026-05-26 07:00:00,2026-05-26 04:00:00,2026-05-26 12:00:00,0.91105,0.91118,0.91089,0.91115,3015.0
2026-05-26 08:00:00,2026-05-26 05:00:00,2026-05-26 13:00:00,0.91115,0.91148,0.91101,0.91145,4453.0
2026-05-26 09:00:00,2026-05-26 06:00:00,2026-05-26 14:00:00,0.91143,0.91344,0.9114,0.91316,6348.0
2026-05-26 10:00:00,2026-05-26 07:00:00,2026-05-26 15:00:00,0.91314,0.91325,0.91254,0.91282,7847.0
2026-05-26 11:00:00,2026-05-26 08:00:00,2026-05-26 16:00:00,0.91284,0.91319,0.91272,0.913,6304.0
2026-05-26 12:00:00,2026-05-26 09:00:00,2026-05-26 17:00:00,0.91299,0.91323,0.91257,0.91304,6312.0
2026-05-26 13:00:00,2026-05-26 10:00:00,2026-05-26 18:00:00,0.91305,0.91341,0.91275,0.9133,6098.0
2026-05-26 14:00:00,2026-05-26 11:00:00,2026-05-26 19:00:00,0.91332,0.91376,0.91322,0.91369,6813.0
2026-05-26 15:00:00,2026-05-26 12:00:00,2026-05-26 20:00:00,0.91369,0.91374,0.91314,0.91317,6488.0
2026-05-26 16:00:00,2026-05-26 13:00:00,2026-05-26 21:00:00,0.91316,0.91343,0.91263,0.91281,8381.0
2026-05-26 17:00:00,2026-05-26 14:00:00,2026-05-26 22:00:00,0.91286,0.91309,0.91229,0.91305,8968.0
2026-05-26 18:00:00,2026-05-26 15:00:00,2026-05-26 23:00:00,0.91304,0.91358,0.913,0.91331,8138.0
2026-05-26 19:00:00,2026-05-26 16:00:00,2026-05-27 00:00:00,0.9133,0.91361,0.91322,0.91337,5772.0
2026-05-26 20:00:00,2026-05-26 17:00:00,2026-05-27 01:00:00,0.91337,0.91357,0.91329,0.91354,4936.0
2026-05-26 21:00:00,2026-05-26 18:00:00,2026-05-27 02:00:00,0.91353,0.91376,0.91347,0.9137,4596.0
2026-05-26 22:00:00,2026-05-26 19:00:00,2026-05-27 03:00:00,0.9137,0.91404,0.91368,0.91399,4975.0
2026-05-26 23:00:00,2026-05-26 20:00:00,2026-05-27 04:00:00,0.914,0.91404,0.91379,0.91385,3067.0
2026-05-27 00:00:00,2026-05-26 21:00:00,2026-05-27 05:00:00,0.91332,0.91374,0.9131,0.91351,3836.0
2026-05-27 01:00:00,2026-05-26 22:00:00,2026-05-27 06:00:00,0.91356,0.91399,0.91356,0.91371,2045.0
2026-05-27 02:00:00,2026-05-26 23:00:00,2026-05-27 07:00:00,0.91372,0.91379,0.91363,0.91368,2007.0
2026-05-27 03:00:00,2026-05-27 00:00:00,2026-05-27 08:00:00,0.91367,0.91393,0.91361,0.91381,4212.0
2026-05-27 04:00:00,2026-05-27 01:00:00,2026-05-27 09:00:00,0.9138,0.91398,0.91371,0.9139,4463.0
2026-05-27 05:00:00,2026-05-27 02:00:00,2026-05-27 10:00:00,0.91389,0.91409,0.91376,0.91405,3782.0
2026-05-27 06:00:00,2026-05-27 03:00:00,2026-05-27 11:00:00,0.91406,0.91407,0.91383,0.91403,3637.0
2026-05-27 07:00:00,2026-05-27 04:00:00,2026-05-27 12:00:00,0.91404,0.91405,0.91393,0.91399,3266.0
2026-05-27 08:00:00,2026-05-27 05:00:00,2026-05-27 13:00:00,0.91398,0.91417,0.91393,0.91406,4038.0
2026-05-27 09:00:00,2026-05-27 06:00:00,2026-05-27 14:00:00,0.91408,0.91457,0.91395,0.91396,6187.0
2026-05-27 10:00:00,2026-05-27 07:00:00,2026-05-27 15:00:00,0.91397,0.91476,0.91372,0.91449,6349.0
2026-05-27 11:00:00,2026-05-27 08:00:00,2026-05-27 16:00:00,0.9145,0.91547,0.91433,0.91542,6752.0
2026-05-27 12:00:00,2026-05-27 09:00:00,2026-05-27 17:00:00,0.91543,0.91543,0.91477,0.91494,5478.0
2026-05-27 13:00:00,2026-05-27 10:00:00,2026-05-27 18:00:00,0.91491,0.91509,0.91459,0.91486,5413.0
2026-05-27 14:00:00,2026-05-27 11:00:00,2026-05-27 19:00:00,0.91487,0.91542,0.91479,0.91524,6581.0
2026-05-27 15:00:00,2026-05-27 12:00:00,2026-05-27 20:00:00,0.91525,0.91534,0.91422,0.91434,10543.0
2026-05-27 16:00:00,2026-05-27 13:00:00,2026-05-27 21:00:00,0.91436,0.91455,0.91411,0.91426,9950.0
2026-05-27 17:00:00,2026-05-27 14:00:00,2026-05-27 22:00:00,0.91426,0.91485,0.91401,0.91458,10942.0
2026-05-27 18:00:00,2026-05-27 15:00:00,2026-05-27 23:00:00,0.91457,0.91537,0.91446,0.91537,10396.0
2026-05-27 19:00:00,2026-05-27 16:00:00,2026-05-28 00:00:00,0.91538,0.91559,0.9149,0.91492,7299.0
2026-05-27 20:00:00,2026-05-27 17:00:00,2026-05-28 01:00:00,0.91491,0.91522,0.91486,0.915,5544.0
2026-05-27 21:00:00,2026-05-27 18:00:00,2026-05-28 02:00:00,0.91501,0.91518,0.9148,0.91501,5032.0
2026-05-27 22:00:00,2026-05-27 19:00:00,2026-05-28 03:00:00,0.91502,0.91518,0.91488,0.91511,3977.0
2026-05-27 23:00:00,2026-05-27 20:00:00,2026-05-28 04:00:00,0.91512,0.9152,0.915,0.91504,3962.0
2026-05-28 00:00:00,2026-05-27 21:00:00,2026-05-28 05:00:00,0.91432,0.915,0.91422,0.91479,2892.0
2026-05-28 01:00:00,2026-05-27 22:00:00,2026-05-28 06:00:00,0.9147,0.91513,0.9147,0.91503,2598.0
2026-05-28 02:00:00,2026-05-27 23:00:00,2026-05-28 07:00:00,0.91502,0.91537,0.91501,0.91528,2761.0
2026-05-28 03:00:00,2026-05-28 00:00:00,2026-05-28 08:00:00,0.91529,0.91566,0.91527,0.91548,5799.0
2026-05-28 04:00:00,2026-05-28 01:00:00,2026-05-28 09:00:00,0.91549,0.91577,0.91545,0.91558,5550.0
2026-05-28 05:00:00,2026-05-28 02:00:00,2026-05-28 10:00:00,0.91557,0.91566,0.91535,0.91564,4136.0
2026-05-28 06:00:00,2026-05-28 03:00:00,2026-05-28 11:00:00,0.91563,0.91599,0.91521,0.91522,6840.0
2026-05-28 07:00:00,2026-05-28 04:00:00,2026-05-28 12:00:00,0.91521,0.91547,0.91512,0.91522,5301.0
2026-05-28 08:00:00,2026-05-28 05:00:00,2026-05-28 13:00:00,0.91521,0.91524,0.91476,0.9148,4922.0
2026-05-28 09:00:00,2026-05-28 06:00:00,2026-05-28 14:00:00,0.91481,0.91499,0.91445,0.91457,6067.0
2026-05-28 10:00:00,2026-05-28 07:00:00,2026-05-28 15:00:00,0.91454,0.91535,0.91442,0.91527,7328.0
2026-05-28 11:00:00,2026-05-28 08:00:00,2026-05-28 16:00:00,0.91527,0.91646,0.91523,0.91627,6776.0
2026-05-28 12:00:00,2026-05-28 09:00:00,2026-05-28 17:00:00,0.91628,0.91669,0.91576,0.91647,5826.0
2026-05-28 13:00:00,2026-05-28 10:00:00,2026-05-28 18:00:00,0.91648,0.91693,0.91643,0.91646,6391.0
2026-05-28 14:00:00,2026-05-28 11:00:00,2026-05-28 19:00:00,0.91646,0.91679,0.91614,0.91645,6878.0
2026-05-28 15:00:00,2026-05-28 12:00:00,2026-05-28 20:00:00,0.91643,0.9167,0.91542,0.91556,8801.0
2026-05-28 16:00:00,2026-05-28 13:00:00,2026-05-28 21:00:00,0.91554,0.91589,0.91508,0.91547,9589.0
2026-05-28 17:00:00,2026-05-28 14:00:00,2026-05-28 22:00:00,0.91546,0.91578,0.91394,0.91411,12405.0
2026-05-28 18:00:00,2026-05-28 15:00:00,2026-05-28 23:00:00,0.9141,0.91433,0.91371,0.91382,8836.0
2026-05-28 19:00:00,2026-05-28 16:00:00,2026-05-29 00:00:00,0.91382,0.91393,0.91332,0.91338,7914.0
2026-05-28 20:00:00,2026-05-28 17:00:00,2026-05-29 01:00:00,0.91339,0.91363,0.91318,0.9132,4822.0
2026-05-28 21:00:00,2026-05-28 18:00:00,2026-05-29 02:00:00,0.91321,0.91335,0.91299,0.91331,5606.0
2026-05-28 22:00:00,2026-05-28 19:00:00,2026-05-29 03:00:00,0.91331,0.91332,0.91292,0.91302,4997.0
2026-05-28 23:00:00,2026-05-28 20:00:00,2026-05-29 04:00:00,0.91301,0.91332,0.91293,0.91328,3237.0
2026-05-29 00:00:00,2026-05-28 21:00:00,2026-05-29 05:00:00,0.91278,0.91314,0.91235,0.91297,1322.0
2026-05-29 01:00:00,2026-05-28 22:00:00,2026-05-29 06:00:00,0.91302,0.91334,0.91296,0.91332,2432.0
2026-05-29 02:00:00,2026-05-28 23:00:00,2026-05-29 07:00:00,0.91331,0.91336,0.9132,0.91334,1842.0
2026-05-29 03:00:00,2026-05-29 00:00:00,2026-05-29 08:00:00,0.91335,0.91342,0.91304,0.91307,4525.0
2026-05-29 04:00:00,2026-05-29 01:00:00,2026-05-29 09:00:00,0.91306,0.9131,0.91273,0.91291,4578.0
2026-05-29 05:00:00,2026-05-29 02:00:00,2026-05-29 10:00:00,0.9129,0.91307,0.91282,0.91301,3699.0
2026-05-29 06:00:00,2026-05-29 03:00:00,2026-05-29 11:00:00,0.91302,0.91312,0.91287,0.91293,3990.0
2026-05-29 07:00:00,2026-05-29 04:00:00,2026-05-29 12:00:00,0.91292,0.91297,0.91257,0.9126,3425.0
2026-05-29 08:00:00,2026-05-29 05:00:00,2026-05-29 13:00:00,0.91261,0.91271,0.91256,0.91259,3761.0
2026-05-29 09:00:00,2026-05-29 06:00:00,2026-05-29 14:00:00,0.91255,0.9132,0.91249,0.9128,6401.0
2026-05-29 10:00:00,2026-05-29 07:00:00,2026-05-29 15:00:00,0.91279,0.91299,0.91216,0.9124,7023.0
2026-05-29 11:00:00,2026-05-29 08:00:00,2026-05-29 16:00:00,0.91239,0.91283,0.91192,0.91202,8329.0
2026-05-29 12:00:00,2026-05-29 09:00:00,2026-05-29 17:00:00,0.91201,0.91246,0.91177,0.91202,7892.0
2026-05-29 13:00:00,2026-05-29 10:00:00,2026-05-29 18:00:00,0.91201,0.91227,0.91127,0.91129,7638.0
2026-05-29 14:00:00,2026-05-29 11:00:00,2026-05-29 19:00:00,0.9113,0.9115,0.91091,0.91097,7781.0
2026-05-29 15:00:00,2026-05-29 12:00:00,2026-05-29 20:00:00,0.91098,0.9112,0.91003,0.9102,7566.0
2026-05-29 16:00:00,2026-05-29 13:00:00,2026-05-29 21:00:00,0.91023,0.91077,0.90973,0.91007,8611.0
2026-05-29 17:00:00,2026-05-29 14:00:00,2026-05-29 22:00:00,0.91008,0.91234,0.90981,0.91229,12048.0
2026-05-29 18:00:00,2026-05-29 15:00:00,2026-05-29 23:00:00,0.91231,0.9131,0.91153,0.91219,11645.0
2026-05-29 19:00:00,2026-05-29 16:00:00,2026-05-30 00:00:00,0.9122,0.91235,0.91193,0.91198,6654.0
2026-05-29 20:00:00,2026-05-29 17:00:00,2026-05-30 01:00:00,0.91198,0.91259,0.91195,0.91253,5323.0
2026-05-29 21:00:00,2026-05-29 18:00:00,2026-05-30 02:00:00,0.91252,0.91259,0.91077,0.91112,7440.0
2026-05-29 22:00:00,2026-05-29 19:00:00,2026-05-30 03:00:00,0.9111,0.9111,0.91003,0.91029,5826.0
2026-05-29 23:00:00,2026-05-29 20:00:00,2026-05-30 04:00:00,0.91034,0.91097,0.91024,0.91076,4267.0
2026-06-01 00:00:00,2026-05-31 21:00:00,2026-06-01 05:00:00,0.90971,0.91121,0.90943,0.9104,1716.0
2026-06-01 01:00:00,2026-05-31 22:00:00,2026-06-01 06:00:00,0.91048,0.91148,0.91048,0.91087,3164.0
2026-06-01 02:00:00,2026-05-31 23:00:00,2026-06-01 07:00:00,0.91088,0.91104,0.91074,0.91078,4998.0
2026-06-01 03:00:00,2026-06-01 00:00:00,2026-06-01 08:00:00,0.91079,0.91181,0.91075,0.91169,8117.0
2026-06-01 04:00:00,2026-06-01 01:00:00,2026-06-01 09:00:00,0.91168,0.91179,0.91149,0.91178,5290.0
2026-06-01 05:00:00,2026-06-01 02:00:00,2026-06-01 10:00:00,0.91177,0.91216,0.91175,0.91203,5059.0
2026-06-01 06:00:00,2026-06-01 03:00:00,2026-06-01 11:00:00,0.91202,0.91204,0.91181,0.9119,4500.0
2026-06-01 07:00:00,2026-06-01 04:00:00,2026-06-01 12:00:00,0.91189,0.9121,0.91188,0.91202,2404.0
2026-06-01 08:00:00,2026-06-01 05:00:00,2026-06-01 13:00:00,0.91201,0.91216,0.91172,0.91173,4152.0
2026-06-01 09:00:00,2026-06-01 06:00:00,2026-06-01 14:00:00,0.91172,0.91247,0.91169,0.91221,7282.0
2026-06-01 10:00:00,2026-06-01 07:00:00,2026-06-01 15:00:00,0.9122,0.91307,0.91196,0.91286,7385.0
2026-06-01 11:00:00,2026-06-01 08:00:00,2026-06-01 16:00:00,0.91286,0.91325,0.91269,0.91289,6395.0
2026-06-01 12:00:00,2026-06-01 09:00:00,2026-06-01 17:00:00,0.91286,0.91361,0.91279,0.91342,6845.0
2026-06-01 13:00:00,2026-06-01 10:00:00,2026-06-01 18:00:00,0.9134,0.91369,0.91298,0.91304,5985.0
2026-06-01 14:00:00,2026-06-01 11:00:00,2026-06-01 19:00:00,0.91303,0.91316,0.91271,0.91306,6132.0
2026-06-01 15:00:00,2026-06-01 12:00:00,2026-06-01 20:00:00,0.91307,0.91442,0.91273,0.9144,8078.0
2026-06-01 16:00:00,2026-06-01 13:00:00,2026-06-01 21:00:00,0.91445,0.91538,0.91432,0.91483,12606.0
2026-06-01 17:00:00,2026-06-01 14:00:00,2026-06-01 22:00:00,0.91483,0.91546,0.91451,0.91464,11373.0
2026-06-01 18:00:00,2026-06-01 15:00:00,2026-06-01 23:00:00,0.91466,0.91488,0.91401,0.91451,8938.0
2026-06-01 19:00:00,2026-06-01 16:00:00,2026-06-02 00:00:00,0.91451,0.91505,0.91422,0.91454,7534.0
2026-06-01 20:00:00,2026-06-01 17:00:00,2026-06-02 01:00:00,0.91453,0.91483,0.91431,0.91467,7130.0
2026-06-01 21:00:00,2026-06-01 18:00:00,2026-06-02 02:00:00,0.91468,0.91483,0.91451,0.91463,4473.0
2026-06-01 22:00:00,2026-06-01 19:00:00,2026-06-02 03:00:00,0.91463,0.91498,0.91462,0.9149,4384.0
2026-06-01 23:00:00,2026-06-01 20:00:00,2026-06-02 04:00:00,0.91491,0.91505,0.91475,0.91499,3468.0
2026-06-02 00:00:00,2026-06-01 21:00:00,2026-06-02 05:00:00,0.91367,0.91485,0.91367,0.91436,3915.0
2026-06-02 01:00:00,2026-06-01 22:00:00,2026-06-02 06:00:00,0.91453,0.91525,0.91453,0.91522,1524.0
2026-06-02 02:00:00,2026-06-01 23:00:00,2026-06-02 07:00:00,0.91522,0.91525,0.91486,0.91492,1983.0
2026-06-02 03:00:00,2026-06-02 00:00:00,2026-06-02 08:00:00,0.91491,0.91535,0.91486,0.91527,4283.0
2026-06-02 04:00:00,2026-06-02 01:00:00,2026-06-02 09:00:00,0.91526,0.91548,0.91507,0.91518,5536.0
2026-06-02 05:00:00,2026-06-02 02:00:00,2026-06-02 10:00:00,0.91519,0.9152,0.91499,0.91502,3842.0
2026-06-02 06:00:00,2026-06-02 03:00:00,2026-06-02 11:00:00,0.915,0.91504,0.91485,0.91502,3811.0
2026-06-02 07:00:00,2026-06-02 04:00:00,2026-06-02 12:00:00,0.91501,0.91517,0.91484,0.91496,3262.0
2026-06-02 08:00:00,2026-06-02 05:00:00,2026-06-02 13:00:00,0.91495,0.91527,0.91489,0.91503,3629.0
2026-06-02 09:00:00,2026-06-02 06:00:00,2026-06-02 14:00:00,0.91502,0.91509,0.91399,0.91415,6999.0
2026-06-02 10:00:00,2026-06-02 07:00:00,2026-06-02 15:00:00,0.91411,0.9148,0.91389,0.91438,6381.0
2026-06-02 11:00:00,2026-06-02 08:00:00,2026-06-02 16:00:00,0.91437,0.91534,0.91404,0.9151,6453.0
2026-06-02 12:00:00,2026-06-02 09:00:00,2026-06-02 17:00:00,0.91511,0.91521,0.91471,0.91499,5949.0
2026-06-02 13:00:00,2026-06-02 10:00:00,2026-06-02 18:00:00,0.91498,0.91514,0.91446,0.91453,5425.0
2026-06-02 14:00:00,2026-06-02 11:00:00,2026-06-02 19:00:00,0.91452,0.91492,0.91432,0.91457,5404.0
2026-06-02 15:00:00,2026-06-02 12:00:00,2026-06-02 20:00:00,0.91458,0.91565,0.91456,0.91537,6698.0
2026-06-02 16:00:00,2026-06-02 13:00:00,2026-06-02 21:00:00,0.91536,0.91586,0.91493,0.91569,8478.0
2026-06-02 17:00:00,2026-06-02 14:00:00,2026-06-02 22:00:00,0.91567,0.91601,0.91515,0.91518,8529.0
2026-06-02 18:00:00,2026-06-02 15:00:00,2026-06-02 23:00:00,0.91517,0.91527,0.91472,0.9148,6554.0
2026-06-02 19:00:00,2026-06-02 16:00:00,2026-06-03 00:00:00,0.9148,0.91561,0.91476,0.91532,5132.0
2026-06-02 20:00:00,2026-06-02 17:00:00,2026-06-03 01:00:00,0.91531,0.91564,0.91519,0.91551,4799.0
2026-06-02 21:00:00,2026-06-02 18:00:00,2026-06-03 02:00:00,0.91552,0.91572,0.91543,0.91558,5279.0
2026-06-02 22:00:00,2026-06-02 19:00:00,2026-06-03 03:00:00,0.91557,0.91579,0.91536,0.91543,4487.0
2026-06-02 23:00:00,2026-06-02 20:00:00,2026-06-03 04:00:00,0.91545,0.91579,0.91536,0.91563,2399.0
2026-06-03 00:00:00,2026-06-02 21:00:00,2026-06-03 05:00:00,0.91487,0.9158,0.91487,0.91522,4766.0
2026-06-03 01:00:00,2026-06-02 22:00:00,2026-06-03 06:00:00,0.91526,0.91555,0.91513,0.91551,2047.0
2026-06-03 02:00:00,2026-06-02 23:00:00,2026-06-03 07:00:00,0.91552,0.9162,0.91548,0.9162,3540.0
2026-06-03 03:00:00,2026-06-03 00:00:00,2026-06-03 08:00:00,0.91623,0.91627,0.91588,0.91601,4458.0
2026-06-03 04:00:00,2026-06-03 01:00:00,2026-06-03 09:00:00,0.916,0.91616,0.9159,0.91607,4919.0
2026-06-03 05:00:00,2026-06-03 02:00:00,2026-06-03 10:00:00,0.91606,0.91616,0.91589,0.91603,3932.0
2026-06-03 06:00:00,2026-06-03 03:00:00,2026-06-03 11:00:00,0.91603,0.91647,0.91602,0.91643,3510.0
2026-06-03 07:00:00,2026-06-03 04:00:00,2026-06-03 12:00:00,0.91644,0.91666,0.91633,0.91649,2913.0
2026-06-03 08:00:00,2026-06-03 05:00:00,2026-06-03 13:00:00,0.9165,0.91661,0.91625,0.91634,3827.0
2026-06-03 09:00:00,2026-06-03 06:00:00,2026-06-03 14:00:00,0.91635,0.91681,0.91632,0.91646,6506.0
2026-06-03 10:00:00,2026-06-03 07:00:00,2026-06-03 15:00:00,0.91647,0.91701,0.9161,0.91686,8101.0
2026-06-03 11:00:00,2026-06-03 08:00:00,2026-06-03 16:00:00,0.91684,0.91693,0.91619,0.91641,7378.0
2026-06-03 12:00:00,2026-06-03 09:00:00,2026-06-03 17:00:00,0.9164,0.91678,0.91619,0.91671,6552.0
2026-06-03 13:00:00,2026-06-03 10:00:00,2026-06-03 18:00:00,0.91672,0.91705,0.91644,0.91654,7078.0
2026-06-03 14:00:00,2026-06-03 11:00:00,2026-06-03 19:00:00,0.91653,0.91666,0.91614,0.91629,5499.0
2026-06-03 15:00:00,2026-06-03 12:00:00,2026-06-03 20:00:00,0.91628,0.91684,0.91619,0.9168,7944.0
2026-06-03 16:00:00,2026-06-03 13:00:00,2026-06-03 21:00:00,0.91678,0.91703,0.91647,0.91686,8985.0
2026-06-03 17:00:00,2026-06-03 14:00:00,2026-06-03 22:00:00,0.91686,0.91776,0.91659,0.9174,10616.0
2026-06-03 18:00:00,2026-06-03 15:00:00,2026-06-03 23:00:00,0.91741,0.91781,0.91726,0.91769,8833.0
2026-06-03 19:00:00,2026-06-03 16:00:00,2026-06-04 00:00:00,0.9177,0.91884,0.91766,0.91863,7512.0
2026-06-03 20:00:00,2026-06-03 17:00:00,2026-06-04 01:00:00,0.91864,0.91921,0.91861,0.91901,4324.0
2026-06-03 21:00:00,2026-06-03 18:00:00,2026-06-04 02:00:00,0.919,0.91921,0.91893,0.91899,3578.0
2026-06-03 22:00:00,2026-06-03 19:00:00,2026-06-04 03:00:00,0.91898,0.91899,0.91865,0.91869,3798.0
2026-06-03 23:00:00,2026-06-03 20:00:00,2026-06-04 04:00:00,0.91868,0.91896,0.91862,0.91868,2827.0
2026-06-04 00:00:00,2026-06-03 21:00:00,2026-06-04 05:00:00,0.91815,0.91857,0.9177,0.91843,9244.0
2026-06-04 01:00:00,2026-06-03 22:00:00,2026-06-04 06:00:00,0.91846,0.91873,0.91829,0.91843,2948.0
2026-06-04 02:00:00,2026-06-03 23:00:00,2026-06-04 07:00:00,0.91844,0.91856,0.91832,0.91836,3220.0
2026-06-04 03:00:00,2026-06-04 00:00:00,2026-06-04 08:00:00,0.91839,0.91845,0.91814,0.91834,5344.0
2026-06-04 04:00:00,2026-06-04 01:00:00,2026-06-04 09:00:00,0.91836,0.91843,0.91794,0.91795,5802.0
2026-06-04 05:00:00,2026-06-04 02:00:00,2026-06-04 10:00:00,0.91794,0.91807,0.91769,0.91774,4327.0
2026-06-04 06:00:00,2026-06-04 03:00:00,2026-06-04 11:00:00,0.91775,0.91813,0.91768,0.91802,4026.0
2026-06-04 07:00:00,2026-06-04 04:00:00,2026-06-04 12:00:00,0.91803,0.91808,0.91784,0.91789,3798.0
2026-06-04 08:00:00,2026-06-04 05:00:00,2026-06-04 13:00:00,0.9179,0.91813,0.91782,0.91782,4275.0
2026-06-04 09:00:00,2026-06-04 06:00:00,2026-06-04 14:00:00,0.91781,0.91889,0.9176,0.91874,6868.0
2026-06-04 10:00:00,2026-06-04 07:00:00,2026-06-04 15:00:00,0.91876,0.91898,0.91842,0.91876,7256.0
2026-06-04 11:00:00,2026-06-04 08:00:00,2026-06-04 16:00:00,0.91877,0.91903,0.9181,0.91847,7410.0
2026-06-04 12:00:00,2026-06-04 09:00:00,2026-06-04 17:00:00,0.91846,0.91855,0.91808,0.91817,8005.0
2026-06-04 13:00:00,2026-06-04 10:00:00,2026-06-04 18:00:00,0.91816,0.91836,0.91781,0.91816,6333.0
2026-06-04 14:00:00,2026-06-04 11:00:00,2026-06-04 19:00:00,0.91815,0.91816,0.91618,0.91632,10017.0
2026-06-04 15:00:00,2026-06-04 12:00:00,2026-06-04 20:00:00,0.91631,0.91678,0.91624,0.91663,8158.0
2026-06-04 16:00:00,2026-06-04 13:00:00,2026-06-04 21:00:00,0.91662,0.91715,0.91642,0.91688,8575.0
2026-06-04 17:00:00,2026-06-04 14:00:00,2026-06-04 22:00:00,0.91689,0.91758,0.91659,0.91679,9222.0
2026-06-04 18:00:00,2026-06-04 15:00:00,2026-06-04 23:00:00,0.9168,0.91712,0.91652,0.91689,7122.0
2026-06-04 19:00:00,2026-06-04 16:00:00,2026-06-05 00:00:00,0.9169,0.91704,0.91671,0.91691,5006.0
2026-06-04 20:00:00,2026-06-04 17:00:00,2026-06-05 01:00:00,0.91692,0.917,0.91673,0.91677,4478.0
2026-06-04 21:00:00,2026-06-04 18:00:00,2026-06-05 02:00:00,0.91676,0.91689,0.91653,0.91668,3895.0
2026-06-04 22:00:00,2026-06-04 19:00:00,2026-06-05 03:00:00,0.91668,0.91677,0.91654,0.91656,3157.0
2026-06-04 23:00:00,2026-06-04 20:00:00,2026-06-05 04:00:00,0.91657,0.91682,0.91652,0.9167,2970.0
2026-06-05 00:00:00,2026-06-04 21:00:00,2026-06-05 05:00:00,0.91593,0.91684,0.91556,0.91617,6758.0
2026-06-05 01:00:00,2026-06-04 22:00:00,2026-06-05 06:00:00,0.91616,0.91684,0.91616,0.91674,2106.0
2026-06-05 02:00:00,2026-06-04 23:00:00,2026-06-05 07:00:00,0.91675,0.91675,0.91639,0.91643,1778.0
2026-06-05 03:00:00,2026-06-05 00:00:00,2026-06-05 08:00:00,0.91645,0.9166,0.91617,0.91636,4395.0
2026-06-05 04:00:00,2026-06-05 01:00:00,2026-06-05 09:00:00,0.91637,0.91679,0.91624,0.91673,5068.0
2026-06-05 05:00:00,2026-06-05 02:00:00,2026-06-05 10:00:00,0.91674,0.91676,0.91658,0.91671,4450.0
2026-06-05 06:00:00,2026-06-05 03:00:00,2026-06-05 11:00:00,0.9167,0.91684,0.91667,0.91672,3953.0
2026-06-05 07:00:00,2026-06-05 04:00:00,2026-06-05 12:00:00,0.91671,0.91673,0.91653,0.91662,3544.0
2026-06-05 08:00:00,2026-06-05 05:00:00,2026-06-05 13:00:00,0.91661,0.91669,0.91647,0.91666,4556.0
2026-06-05 09:00:00,2026-06-05 06:00:00,2026-06-05 14:00:00,0.91661,0.91668,0.91582,0.91612,6497.0
2026-06-05 10:00:00,2026-06-05 07:00:00,2026-06-05 15:00:00,0.91612,0.91657,0.91568,0.91641,5956.0
2026-06-05 11:00:00,2026-06-05 08:00:00,2026-06-05 16:00:00,0.91642,0.91721,0.91628,0.9171,6274.0
2026-06-05 12:00:00,2026-06-05 09:00:00,2026-06-05 17:00:00,0.9171,0.91729,0.91675,0.9168,6354.0
2026-06-05 13:00:00,2026-06-05 10:00:00,2026-06-05 18:00:00,0.91682,0.91709,0.91651,0.91682,4852.0
2026-06-05 14:00:00,2026-06-05 11:00:00,2026-06-05 19:00:00,0.91683,0.91752,0.91649,0.91739,5690.0
2026-06-05 15:00:00,2026-06-05 12:00:00,2026-06-05 20:00:00,0.9174,0.91894,0.91723,0.91893,10481.0
2026-06-05 16:00:00,2026-06-05 13:00:00,2026-06-05 21:00:00,0.91894,0.91908,0.91786,0.9182,12409.0
2026-06-05 17:00:00,2026-06-05 14:00:00,2026-06-05 22:00:00,0.91821,0.91856,0.91767,0.9179,10810.0
2026-06-05 18:00:00,2026-06-05 15:00:00,2026-06-05 23:00:00,0.9179,0.91797,0.91712,0.91748,9058.0
2026-06-05 19:00:00,2026-06-05 16:00:00,2026-06-06 00:00:00,0.91747,0.91756,0.91708,0.91718,7908.0
2026-06-05 20:00:00,2026-06-05 17:00:00,2026-06-06 01:00:00,0.91716,0.9179,0.91716,0.91779,6808.0
2026-06-05 21:00:00,2026-06-05 18:00:00,2026-06-06 02:00:00,0.91779,0.91787,0.91742,0.91746,6676.0
2026-06-05 22:00:00,2026-06-05 19:00:00,2026-06-06 03:00:00,0.91747,0.91764,0.91734,0.91746,6032.0
2026-06-05 23:00:00,2026-06-05 20:00:00,2026-06-06 04:00:00,0.91746,0.9177,0.91732,0.91755,4201.0
2026-06-08 00:00:00,2026-06-07 21:00:00,2026-06-08 05:00:00,0.91576,0.91717,0.91576,0.91646,1104.0
2026-06-08 01:00:00,2026-06-07 22:00:00,2026-06-08 06:00:00,0.91675,0.91782,0.91675,0.91776,4931.0
2026-06-08 02:00:00,2026-06-07 23:00:00,2026-06-08 07:00:00,0.91778,0.91792,0.91759,0.91774,3460.0
2026-06-08 03:00:00,2026-06-08 00:00:00,2026-06-08 08:00:00,0.91772,0.918,0.91758,0.91782,5201.0
2026-06-08 04:00:00,2026-06-08 01:00:00,2026-06-08 09:00:00,0.91783,0.91907,0.91764,0.91904,8967.0
2026-06-08 05:00:00,2026-06-08 02:00:00,2026-06-08 10:00:00,0.91903,0.91978,0.919,0.91944,5407.0
2026-06-08 06:00:00,2026-06-08 03:00:00,2026-06-08 11:00:00,0.91945,0.91948,0.91889,0.91892,6694.0
2026-06-08 07:00:00,2026-06-08 04:00:00,2026-06-08 12:00:00,0.91891,0.91902,0.91863,0.9188,4646.0
2026-06-08 08:00:00,2026-06-08 05:00:00,2026-06-08 13:00:00,0.91879,0.91929,0.91865,0.91882,6260.0
2026-06-08 09:00:00,2026-06-08 06:00:00,2026-06-08 14:00:00,0.91883,0.9189,0.9182,0.91825,8928.0
2026-06-08 10:00:00,2026-06-08 07:00:00,2026-06-08 15:00:00,0.91822,0.91909,0.91818,0.91891,9446.0
2026-06-08 11:00:00,2026-06-08 08:00:00,2026-06-08 16:00:00,0.9189,0.91915,0.9184,0.91849,9717.0
2026-06-08 12:00:00,2026-06-08 09:00:00,2026-06-08 17:00:00,0.91849,0.91878,0.91837,0.91868,10909.0
2026-06-08 13:00:00,2026-06-08 10:00:00,2026-06-08 18:00:00,0.91867,0.91902,0.91845,0.9188,8806.0
2026-06-08 14:00:00,2026-06-08 11:00:00,2026-06-08 19:00:00,0.91882,0.91905,0.91844,0.91891,10219.0
2026-06-08 15:00:00,2026-06-08 12:00:00,2026-06-08 20:00:00,0.91892,0.91898,0.91842,0.91848,11215.0
2026-06-08 16:00:00,2026-06-08 13:00:00,2026-06-08 21:00:00,0.91852,0.91913,0.91805,0.91906,13556.0
2026-06-08 17:00:00,2026-06-08 14:00:00,2026-06-08 22:00:00,0.91907,0.92007,0.91891,0.91985,10499.0
2026-06-08 18:00:00,2026-06-08 15:00:00,2026-06-08 23:00:00,0.91986,0.92048,0.91964,0.92031,9936.0
2026-06-08 19:00:00,2026-06-08 16:00:00,2026-06-09 00:00:00,0.92032,0.92038,0.91994,0.92015,7720.0
2026-06-08 20:00:00,2026-06-08 17:00:00,2026-06-09 01:00:00,0.92014,0.92048,0.91999,0.92007,7195.0
2026-06-08 21:00:00,2026-06-08 18:00:00,2026-06-09 02:00:00,0.92008,0.92016,0.91981,0.91986,5680.0
2026-06-08 22:00:00,2026-06-08 19:00:00,2026-06-09 03:00:00,0.91986,0.92042,0.91978,0.92036,5878.0
2026-06-08 23:00:00,2026-06-08 20:00:00,2026-06-09 04:00:00,0.92035,0.92043,0.91994,0.92009,5192.0
2026-06-09 00:00:00,2026-06-08 21:00:00,2026-06-09 05:00:00,0.91956,0.92005,0.91956,0.91975,1381.0
2026-06-09 01:00:00,2026-06-08 22:00:00,2026-06-09 06:00:00,0.91977,0.92028,0.91975,0.92012,1659.0
2026-06-09 02:00:00,2026-06-08 23:00:00,2026-06-09 07:00:00,0.92013,0.92021,0.92009,0.92015,2057.0
2026-06-09 03:00:00,2026-06-09 00:00:00,2026-06-09 08:00:00,0.92016,0.92042,0.92012,0.92027,7196.0
2026-06-09 04:00:00,2026-06-09 01:00:00,2026-06-09 09:00:00,0.92026,0.9205,0.92002,0.92008,6857.0
2026-06-09 05:00:00,2026-06-09 02:00:00,2026-06-09 10:00:00,0.92007,0.92026,0.91994,0.92019,5223.0
2026-06-09 06:00:00,2026-06-09 03:00:00,2026-06-09 11:00:00,0.9202,0.9203,0.92008,0.92017,4855.0
2026-06-09 07:00:00,2026-06-09 04:00:00,2026-06-09 12:00:00,0.92018,0.92031,0.92008,0.92011,4434.0
2026-06-09 08:00:00,2026-06-09 05:00:00,2026-06-09 13:00:00,0.9201,0.92018,0.91938,0.9194,5697.0
2026-06-09 09:00:00,2026-06-09 06:00:00,2026-06-09 14:00:00,0.91941,0.92003,0.91931,0.91933,7797.0
2026-06-09 10:00:00,2026-06-09 07:00:00,2026-06-09 15:00:00,0.91932,0.91978,0.91922,0.91973,8249.0
2026-06-09 11:00:00,2026-06-09 08:00:00,2026-06-09 16:00:00,0.91974,0.91999,0.91946,0.91991,8186.0
2026-06-09 12:00:00,2026-06-09 09:00:00,2026-06-09 17:00:00,0.91991,0.92077,0.91985,0.92072,6748.0
2026-06-09 13:00:00,2026-06-09 10:00:00,2026-06-09 18:00:00,0.92072,0.92115,0.92064,0.92086,5526.0
2026-06-09 14:00:00,2026-06-09 11:00:00,2026-06-09 19:00:00,0.92085,0.92088,0.92055,0.92071,5563.0
2026-06-09 15:00:00,2026-06-09 12:00:00,2026-06-09 20:00:00,0.92072,0.92102,0.92033,0.9209,7181.0
2026-06-09 16:00:00,2026-06-09 13:00:00,2026-06-09 21:00:00,0.92089,0.921,0.92007,0.92059,9709.0
2026-06-09 17:00:00,2026-06-09 14:00:00,2026-06-09 22:00:00,0.92058,0.9218,0.92057,0.92127,12083.0
2026-06-09 18:00:00,2026-06-09 15:00:00,2026-06-09 23:00:00,0.92128,0.92158,0.92098,0.92111,11169.0
2026-06-09 19:00:00,2026-06-09 16:00:00,2026-06-10 00:00:00,0.9211,0.92143,0.92105,0.92128,10774.0
2026-06-09 20:00:00,2026-06-09 17:00:00,2026-06-10 01:00:00,0.92129,0.92159,0.92103,0.92103,9496.0
2026-06-09 21:00:00,2026-06-09 18:00:00,2026-06-10 02:00:00,0.92104,0.92163,0.92101,0.92151,8197.0
2026-06-09 22:00:00,2026-06-09 19:00:00,2026-06-10 03:00:00,0.9215,0.92181,0.92145,0.92167,7223.0
2026-06-09 23:00:00,2026-06-09 20:00:00,2026-06-10 04:00:00,0.92168,0.92172,0.92139,0.92149,3460.0
2026-06-10 00:00:00,2026-06-09 21:00:00,2026-06-10 05:00:00,0.9208,0.92156,0.92035,0.92079,2548.0
2026-06-10 01:00:00,2026-06-09 22:00:00,2026-06-10 06:00:00,0.92086,0.92186,0.92086,0.9217,2294.0
2026-06-10 02:00:00,2026-06-09 23:00:00,2026-06-10 07:00:00,0.92171,0.92206,0.92167,0.92189,3259.0
2026-06-10 03:00:00,2026-06-10 00:00:00,2026-06-10 08:00:00,0.92191,0.92212,0.92176,0.92203,6115.0
2026-06-10 04:00:00,2026-06-10 01:00:00,2026-06-10 09:00:00,0.92202,0.92227,0.92187,0.92226,6210.0
2026-06-10 05:00:00,2026-06-10 02:00:00,2026-06-10 10:00:00,0.92226,0.92256,0.92209,0.92255,5128.0
2026-06-10 06:00:00,2026-06-10 03:00:00,2026-06-10 11:00:00,0.92256,0.92272,0.92247,0.92263,4604.0
2026-06-10 07:00:00,2026-06-10 04:00:00,2026-06-10 12:00:00,0.92262,0.92285,0.92252,0.92268,4771.0
2026-06-10 08:00:00,2026-06-10 05:00:00,2026-06-10 13:00:00,0.92268,0.92273,0.92203,0.92206,5572.0
2026-06-10 09:00:00,2026-06-10 06:00:00,2026-06-10 14:00:00,0.92205,0.92233,0.92145,0.922,7711.0
2026-06-10 10:00:00,2026-06-10 07:00:00,2026-06-10 15:00:00,0.92199,0.92271,0.92192,0.92248,6973.0
2026-06-10 11:00:00,2026-06-10 08:00:00,2026-06-10 16:00:00,0.92244,0.92298,0.92235,0.92292,7899.0
2026-06-10 12:00:00,2026-06-10 09:00:00,2026-06-10 17:00:00,0.92292,0.92313,0.9226,0.92289,7958.0
2026-06-10 13:00:00,2026-06-10 10:00:00,2026-06-10 18:00:00,0.9229,0.92297,0.9223,0.92261,7060.0
2026-06-10 14:00:00,2026-06-10 11:00:00,2026-06-10 19:00:00,0.92262,0.9227,0.92188,0.92211,10083.0
2026-06-10 15:00:00,2026-06-10 12:00:00,2026-06-10 20:00:00,0.92212,0.92227,0.92143,0.92181,11805.0
2026-06-10 16:00:00,2026-06-10 13:00:00,2026-06-10 21:00:00,0.92182,0.92201,0.92164,0.92193,11289.0
2026-06-10 17:00:00,2026-06-10 14:00:00,2026-06-10 22:00:00,0.92192,0.92209,0.92164,0.92174,11527.0
2026-06-10 18:00:00,2026-06-10 15:00:00,2026-06-10 23:00:00,0.92175,0.92246,0.92172,0.92212,10938.0
2026-06-10 19:00:00,2026-06-10 16:00:00,2026-06-11 00:00:00,0.92207,0.92269,0.922,0.92257,9190.0
2026-06-10 20:00:00,2026-06-10 17:00:00,2026-06-11 01:00:00,0.92258,0.92294,0.92244,0.92279,8006.0
2026-06-10 21:00:00,2026-06-10 18:00:00,2026-06-11 02:00:00,0.92278,0.92318,0.92264,0.92314,7131.0
2026-06-10 22:00:00,2026-06-10 19:00:00,2026-06-11 03:00:00,0.92312,0.92345,0.92299,0.92324,6804.0
2026-06-10 23:00:00,2026-06-10 20:00:00,2026-06-11 04:00:00,0.92322,0.92327,0.92283,0.92285,5022.0
2026-06-11 00:00:00,2026-06-10 21:00:00,2026-06-11 05:00:00,0.92134,0.92261,0.9212,0.92179,3280.0
2026-06-11 01:00:00,2026-06-10 22:00:00,2026-06-11 06:00:00,0.92166,0.92286,0.92166,0.92271,4228.0
2026-06-11 02:00:00,2026-06-10 23:00:00,2026-06-11 07:00:00,0.9227,0.92292,0.9226,0.92274,6187.0
2026-06-11 03:00:00,2026-06-11 00:00:00,2026-06-11 08:00:00,0.92273,0.92278,0.92239,0.92249,8967.0
2026-06-11 04:00:00,2026-06-11 01:00:00,2026-06-11 09:00:00,0.9225,0.9225,0.9221,0.92233,7974.0
2026-06-11 05:00:00,2026-06-11 02:00:00,2026-06-11 10:00:00,0.92232,0.92232,0.92205,0.92219,6066.0
2026-06-11 06:00:00,2026-06-11 03:00:00,2026-06-11 11:00:00,0.9222,0.92224,0.92206,0.92207,6264.0
2026-06-11 07:00:00,2026-06-11 04:00:00,2026-06-11 12:00:00,0.92206,0.92218,0.92195,0.92196,4757.0
2026-06-11 08:00:00,2026-06-11 05:00:00,2026-06-11 13:00:00,0.92195,0.9221,0.92185,0.92189,6533.0
2026-06-11 09:00:00,2026-06-11 06:00:00,2026-06-11 14:00:00,0.92188,0.92221,0.92183,0.92207,7737.0
2026-06-11 10:00:00,2026-06-11 07:00:00,2026-06-11 15:00:00,0.92208,0.92277,0.92207,0.92271,7751.0
2026-06-11 11:00:00,2026-06-11 08:00:00,2026-06-11 16:00:00,0.9227,0.92285,0.9224,0.92265,8180.0
2026-06-11 12:00:00,2026-06-11 09:00:00,2026-06-11 17:00:00,0.92266,0.92281,0.92216,0.9222,7774.0
2026-06-11 13:00:00,2026-06-11 10:00:00,2026-06-11 18:00:00,0.92221,0.92227,0.92177,0.92205,6779.0
2026-06-11 14:00:00,2026-06-11 11:00:00,2026-06-11 19:00:00,0.92206,0.92235,0.92164,0.9218,7608.0
2026-06-11 15:00:00,2026-06-11 12:00:00,2026-06-11 20:00:00,0.92179,0.92266,0.92171,0.92208,12081.0
2026-06-11 16:00:00,2026-06-11 13:00:00,2026-06-11 21:00:00,0.92207,0.92219,0.9215,0.92182,12519.0
2026-06-11 17:00:00,2026-06-11 14:00:00,2026-06-11 22:00:00,0.92181,0.92234,0.92172,0.92184,11630.0
2026-06-11 18:00:00,2026-06-11 15:00:00,2026-06-11 23:00:00,0.92185,0.92211,0.92144,0.92193,10885.0
2026-06-11 19:00:00,2026-06-11 16:00:00,2026-06-12 00:00:00,0.92193,0.92201,0.92147,0.92179,8441.0
2026-06-11 20:00:00,2026-06-11 17:00:00,2026-06-12 01:00:00,0.92181,0.92208,0.92096,0.92136,11879.0
2026-06-11 21:00:00,2026-06-11 18:00:00,2026-06-12 02:00:00,0.92137,0.92176,0.92089,0.92111,11045.0
2026-06-11 22:00:00,2026-06-11 19:00:00,2026-06-12 03:00:00,0.9211,0.92114,0.92036,0.92054,10914.0
2026-06-11 23:00:00,2026-06-11 20:00:00,2026-06-12 04:00:00,0.92053,0.92056,0.91973,0.92025,6030.0
2026-06-12 00:00:00,2026-06-11 21:00:00,2026-06-12 05:00:00,0.91953,0.92018,0.91919,0.91973,2645.0
2026-06-12 01:00:00,2026-06-11 22:00:00,2026-06-12 06:00:00,0.91975,0.92031,0.9197,0.92031,3184.0
2026-06-12 02:00:00,2026-06-11 23:00:00,2026-06-12 07:00:00,0.9203,0.92045,0.9201,0.92035,4251.0
2026-06-12 03:00:00,2026-06-12 00:00:00,2026-06-12 08:00:00,0.92035,0.92084,0.92026,0.92077,6769.0
2026-06-12 04:00:00,2026-06-12 01:00:00,2026-06-12 09:00:00,0.92074,0.92078,0.92048,0.92061,8271.0
2026-06-12 05:00:00,2026-06-12 02:00:00,2026-06-12 10:00:00,0.92062,0.9209,0.92058,0.92088,6769.0
2026-06-12 06:00:00,2026-06-12 03:00:00,2026-06-12 11:00:00,0.92087,0.92095,0.92071,0.92079,7411.0
2026-06-12 07:00:00,2026-06-12 04:00:00,2026-06-12 12:00:00,0.92075,0.92096,0.92075,0.92092,5540.0
2026-06-12 08:00:00,2026-06-12 05:00:00,2026-06-12 13:00:00,0.92093,0.9211,0.92069,0.9207,7485.0
2026-06-12 09:00:00,2026-06-12 06:00:00,2026-06-12 14:00:00,0.92062,0.92184,0.92061,0.92145,8046.0
2026-06-12 10:00:00,2026-06-12 07:00:00,2026-06-12 15:00:00,0.92141,0.92179,0.92101,0.92122,8196.0
2026-06-12 11:00:00,2026-06-12 08:00:00,2026-06-12 16:00:00,0.92118,0.92162,0.92065,0.9211,10288.0
2026-06-12 12:00:00,2026-06-12 09:00:00,2026-06-12 17:00:00,0.92111,0.92156,0.92087,0.92137,8804.0
2026-06-12 13:00:00,2026-06-12 10:00:00,2026-06-12 18:00:00,0.92138,0.92152,0.92103,0.92136,8211.0
2026-06-12 14:00:00,2026-06-12 11:00:00,2026-06-12 19:00:00,0.92135,0.92182,0.92127,0.92136,7378.0
2026-06-12 15:00:00,2026-06-12 12:00:00,2026-06-12 20:00:00,0.92135,0.92198,0.92129,0.92175,8295.0
2026-06-12 16:00:00,2026-06-12 13:00:00,2026-06-12 21:00:00,0.92174,0.92246,0.92157,0.92233,10821.0
2026-06-12 17:00:00,2026-06-12 14:00:00,2026-06-12 22:00:00,0.9223,0.92255,0.92179,0.92185,11950.0
2026-06-12 18:00:00,2026-06-12 15:00:00,2026-06-12 23:00:00,0.92184,0.92206,0.9216,0.9217,11689.0
2026-06-12 19:00:00,2026-06-12 16:00:00,2026-06-13 00:00:00,0.92172,0.92213,0.92153,0.92194,8958.0
2026-06-12 20:00:00,2026-06-12 17:00:00,2026-06-13 01:00:00,0.92195,0.92215,0.92166,0.92212,7331.0
2026-06-12 21:00:00,2026-06-12 18:00:00,2026-06-13 02:00:00,0.92211,0.92217,0.92192,0.92213,5940.0
2026-06-12 22:00:00,2026-06-12 19:00:00,2026-06-13 03:00:00,0.92214,0.92219,0.92185,0.92193,6066.0
2026-06-12 23:00:00,2026-06-12 20:00:00,2026-06-13 04:00:00,0.92192,0.92199,0.92173,0.92193,4388.0
2026-06-15 00:00:00,2026-06-14 21:00:00,2026-06-15 05:00:00,0.92101,0.92259,0.92076,0.92131,2184.0
2026-06-15 01:00:00,2026-06-14 22:00:00,2026-06-15 06:00:00,0.92146,0.9225,0.92128,0.92137,5299.0
2026-06-15 02:00:00,2026-06-14 23:00:00,2026-06-15 07:00:00,0.92136,0.9215,0.92119,0.92121,4474.0
2026-06-15 03:00:00,2026-06-15 00:00:00,2026-06-15 08:00:00,0.92122,0.9216,0.92097,0.92157,6159.0
2026-06-15 04:00:00,2026-06-15 01:00:00,2026-06-15 09:00:00,0.92159,0.92167,0.92129,0.9216,4236.0
2026-06-15 05:00:00,2026-06-15 02:00:00,2026-06-15 10:00:00,0.92159,0.92162,0.92109,0.9212,4119.0
2026-06-15 06:00:00,2026-06-15 03:00:00,2026-06-15 11:00:00,0.92119,0.92123,0.92105,0.92115,2982.0
2026-06-15 07:00:00,2026-06-15 04:00:00,2026-06-15 12:00:00,0.92116,0.92137,0.92116,0.92131,3391.0
2026-06-15 08:00:00,2026-06-15 05:00:00,2026-06-15 13:00:00,0.9213,0.92151,0.92099,0.92113,4533.0
2026-06-15 09:00:00,2026-06-15 06:00:00,2026-06-15 14:00:00,0.92113,0.92188,0.92113,0.92124,7291.0
2026-06-15 10:00:00,2026-06-15 07:00:00,2026-06-15 15:00:00,0.92123,0.92128,0.92036,0.92074,7902.0
2026-06-15 11:00:00,2026-06-15 08:00:00,2026-06-15 16:00:00,0.92077,0.9208,0.92002,0.92037,7365.0
2026-06-15 12:00:00,2026-06-15 09:00:00,2026-06-15 17:00:00,0.92036,0.92079,0.92014,0.92057,6523.0
2026-06-15 13:00:00,2026-06-15 10:00:00,2026-06-15 18:00:00,0.92054,0.92074,0.92004,0.92044,5864.0
2026-06-15 14:00:00,2026-06-15 11:00:00,2026-06-15 19:00:00,0.92045,0.92109,0.92031,0.92106,6837.0
2026-06-15 15:00:00,2026-06-15 12:00:00,2026-06-15 20:00:00,0.92107,0.92119,0.92075,0.9208,6520.0
2026-06-15 16:00:00,2026-06-15 13:00:00,2026-06-15 21:00:00,0.92078,0.92092,0.92027,0.92047,7815.0
2026-06-15 17:00:00,2026-06-15 14:00:00,2026-06-15 22:00:00,0.92047,0.9208,0.92007,0.92008,8370.0
2026-06-15 18:00:00,2026-06-15 15:00:00,2026-06-15 23:00:00,0.92009,0.92056,0.92005,0.92056,6848.0
2026-06-15 19:00:00,2026-06-15 16:00:00,2026-06-16 00:00:00,0.92057,0.92098,0.92055,0.92084,4927.0
2026-06-15 20:00:00,2026-06-15 17:00:00,2026-06-16 01:00:00,0.92085,0.9209,0.92064,0.92076,3584.0
2026-06-15 21:00:00,2026-06-15 18:00:00,2026-06-16 02:00:00,0.92075,0.92081,0.92057,0.92062,4123.0
2026-06-15 22:00:00,2026-06-15 19:00:00,2026-06-16 03:00:00,0.92063,0.92095,0.92062,0.9209,4991.0
2026-06-15 23:00:00,2026-06-15 20:00:00,2026-06-16 04:00:00,0.92088,0.92106,0.92072,0.92099,3342.0
2026-06-16 00:00:00,2026-06-15 21:00:00,2026-06-16 05:00:00,0.91998,0.9213,0.91998,0.92054,1724.0
2026-06-16 01:00:00,2026-06-15 22:00:00,2026-06-16 06:00:00,0.92052,0.92102,0.92052,0.92093,2537.0
2026-06-16 02:00:00,2026-06-15 23:00:00,2026-06-16 07:00:00,0.92094,0.921,0.92081,0.92095,2027.0
2026-06-16 03:00:00,2026-06-16 00:00:00,2026-06-16 08:00:00,0.92094,0.92109,0.9208,0.92096,3578.0
2026-06-16 04:00:00,2026-06-16 01:00:00,2026-06-16 09:00:00,0.92097,0.92109,0.92085,0.92108,5044.0
2026-06-16 05:00:00,2026-06-16 02:00:00,2026-06-16 10:00:00,0.92107,0.92119,0.92095,0.92116,3311.0
2026-06-16 06:00:00,2026-06-16 03:00:00,2026-06-16 11:00:00,0.92117,0.92123,0.92106,0.92119,3556.0
2026-06-16 07:00:00,2026-06-16 04:00:00,2026-06-16 12:00:00,0.92118,0.92145,0.92113,0.92129,3803.0
2026-06-16 08:00:00,2026-06-16 05:00:00,2026-06-16 13:00:00,0.9213,0.92133,0.92095,0.92111,3589.0
2026-06-16 09:00:00,2026-06-16 06:00:00,2026-06-16 14:00:00,0.92109,0.92143,0.921,0.92108,5406.0
2026-06-16 10:00:00,2026-06-16 07:00:00,2026-06-16 15:00:00,0.92107,0.92169,0.92104,0.92164,5131.0
2026-06-16 11:00:00,2026-06-16 08:00:00,2026-06-16 16:00:00,0.92165,0.92227,0.9216,0.92215,5464.0
2026-06-16 12:00:00,2026-06-16 09:00:00,2026-06-16 17:00:00,0.92216,0.92261,0.92208,0.92211,4950.0
2026-06-16 13:00:00,2026-06-16 10:00:00,2026-06-16 18:00:00,0.92212,0.92227,0.92185,0.92205,5262.0
2026-06-16 14:00:00,2026-06-16 11:00:00,2026-06-16 19:00:00,0.92204,0.92241,0.92195,0.92232,5435.0
2026-06-16 15:00:00,2026-06-16 12:00:00,2026-06-16 20:00:00,0.92233,0.92247,0.92216,0.92218,6584.0
2026-06-16 16:00:00,2026-06-16 13:00:00,2026-06-16 21:00:00,0.92219,0.92265,0.92094,0.92128,8362.0
2026-06-16 17:00:00,2026-06-16 14:00:00,2026-06-16 22:00:00,0.9213,0.92136,0.91998,0.92065,10067.0
2026-06-16 18:00:00,2026-06-16 15:00:00,2026-06-16 23:00:00,0.92065,0.92102,0.92057,0.92076,8780.0
2026-06-16 19:00:00,2026-06-16 16:00:00,2026-06-17 00:00:00,0.92077,0.92084,0.92039,0.92053,5164.0
2026-06-16 20:00:00,2026-06-16 17:00:00,2026-06-17 01:00:00,0.92053,0.92079,0.92038,0.9207,3489.0
2026-06-16 21:00:00,2026-06-16 18:00:00,2026-06-17 02:00:00,0.92071,0.92088,0.9206,0.92086,3863.0
2026-06-16 22:00:00,2026-06-16 19:00:00,2026-06-17 03:00:00,0.92085,0.92099,0.92076,0.92083,6897.0
2026-06-16 23:00:00,2026-06-16 20:00:00,2026-06-17 04:00:00,0.92084,0.92099,0.92071,0.92075,3157.0
2026-06-17 00:00:00,2026-06-16 21:00:00,2026-06-17 05:00:00,0.9204,0.92067,0.92001,0.92049,2125.0
2026-06-17 01:00:00,2026-06-16 22:00:00,2026-06-17 06:00:00,0.92053,0.92082,0.92034,0.92072,2407.0
2026-06-17 02:00:00,2026-06-16 23:00:00,2026-06-17 07:00:00,0.92073,0.92093,0.92071,0.92089,4107.0
2026-06-17 03:00:00,2026-06-17 00:00:00,2026-06-17 08:00:00,0.92088,0.9209,0.92042,0.92047,4440.0
2026-06-17 04:00:00,2026-06-17 01:00:00,2026-06-17 09:00:00,0.92046,0.92057,0.92024,0.92037,4543.0
2026-06-17 05:00:00,2026-06-17 02:00:00,2026-06-17 10:00:00,0.92036,0.92039,0.92007,0.92012,3012.0
2026-06-17 06:00:00,2026-06-17 03:00:00,2026-06-17 11:00:00,0.92013,0.92016,0.91988,0.92011,2851.0
2026-06-17 07:00:00,2026-06-17 04:00:00,2026-06-17 12:00:00,0.9201,0.92013,0.91971,0.91978,2599.0
2026-06-17 08:00:00,2026-06-17 05:00:00,2026-06-17 13:00:00,0.91979,0.91979,0.91948,0.91971,3264.0
2026-06-17 09:00:00,2026-06-17 06:00:00,2026-06-17 14:00:00,0.91971,0.91979,0.91899,0.91901,5759.0
2026-06-17 10:00:00,2026-06-17 07:00:00,2026-06-17 15:00:00,0.91902,0.91927,0.91823,0.91837,6399.0
2026-06-17 11:00:00,2026-06-17 08:00:00,2026-06-17 16:00:00,0.91836,0.91894,0.91805,0.91873,6655.0
2026-06-17 12:00:00,2026-06-17 09:00:00,2026-06-17 17:00:00,0.91872,0.91881,0.91813,0.91843,5352.0
2026-06-17 13:00:00,2026-06-17 10:00:00,2026-06-17 18:00:00,0.91846,0.91892,0.91836,0.91877,4985.0
2026-06-17 14:00:00,2026-06-17 11:00:00,2026-06-17 19:00:00,0.91878,0.91915,0.91866,0.91907,5309.0
2026-06-17 15:00:00,2026-06-17 12:00:00,2026-06-17 20:00:00,0.91908,0.91945,0.91896,0.91926,6020.0
2026-06-17 16:00:00,2026-06-17 13:00:00,2026-06-17 21:00:00,0.91925,0.91964,0.919,0.91908,7439.0
2026-06-17 17:00:00,2026-06-17 14:00:00,2026-06-17 22:00:00,0.91909,0.91953,0.919,0.91912,8968.0
2026-06-17 18:00:00,2026-06-17 15:00:00,2026-06-17 23:00:00,0.91913,0.9197,0.91913,0.91927,7029.0
2026-06-17 19:00:00,2026-06-17 16:00:00,2026-06-18 00:00:00,0.91928,0.91962,0.91922,0.9195,5064.0
2026-06-17 20:00:00,2026-06-17 17:00:00,2026-06-18 01:00:00,0.91949,0.91957,0.91902,0.91913,5565.0
2026-06-17 21:00:00,2026-06-17 18:00:00,2026-06-18 02:00:00,0.91907,0.92006,0.91851,0.91981,14190.0
2026-06-17 22:00:00,2026-06-17 19:00:00,2026-06-18 03:00:00,0.91982,0.92033,0.91963,0.92014,14282.0
2026-06-17 23:00:00,2026-06-17 20:00:00,2026-06-18 04:00:00,0.92013,0.92015,0.91964,0.91981,6030.0
2026-06-18 00:00:00,2026-06-17 21:00:00,2026-06-18 05:00:00,0.91937,0.9196,0.91883,0.91926,4341.0
2026-06-18 01:00:00,2026-06-17 22:00:00,2026-06-18 06:00:00,0.91934,0.92009,0.91934,0.92001,3268.0
2026-06-18 02:00:00,2026-06-17 23:00:00,2026-06-18 07:00:00,0.92,0.92004,0.91978,0.91988,3209.0
2026-06-18 03:00:00,2026-06-18 00:00:00,2026-06-18 08:00:00,0.91989,0.92,0.91952,0.91989,7054.0
2026-06-18 04:00:00,2026-06-18 01:00:00,2026-06-18 09:00:00,0.91988,0.91999,0.9197,0.91993,6520.0
2026-06-18 05:00:00,2026-06-18 02:00:00,2026-06-18 10:00:00,0.91992,0.9201,0.91988,0.92003,4362.0
2026-06-18 06:00:00,2026-06-18 03:00:00,2026-06-18 11:00:00,0.92004,0.92029,0.92002,0.92029,3736.0
2026-06-18 07:00:00,2026-06-18 04:00:00,2026-06-18 12:00:00,0.9203,0.92041,0.91993,0.9201,4374.0
2026-06-18 08:00:00,2026-06-18 05:00:00,2026-06-18 13:00:00,0.92008,0.92045,0.92003,0.92028,4521.0
2026-06-18 09:00:00,2026-06-18 06:00:00,2026-06-18 14:00:00,0.92027,0.92055,0.92006,0.92026,6846.0
2026-06-18 10:00:00,2026-06-18 07:00:00,2026-06-18 15:00:00,0.92027,0.92143,0.91969,0.92092,9194.0
2026-06-18 11:00:00,2026-06-18 08:00:00,2026-06-18 16:00:00,0.92093,0.92219,0.92072,0.9214,8800.0
2026-06-18 12:00:00,2026-06-18 09:00:00,2026-06-18 17:00:00,0.92138,0.92161,0.92088,0.92106,8603.0
2026-06-18 13:00:00,2026-06-18 10:00:00,2026-06-18 18:00:00,0.92107,0.92165,0.92071,0.92117,9421.0
2026-06-18 14:00:00,2026-06-18 11:00:00,2026-06-18 19:00:00,0.92113,0.92199,0.92107,0.92192,8691.0
2026-06-18 15:00:00,2026-06-18 12:00:00,2026-06-18 20:00:00,0.92193,0.92203,0.92153,0.92173,9532.0
2026-06-18 16:00:00,2026-06-18 13:00:00,2026-06-18 21:00:00,0.92172,0.9222,0.92138,0.9216,10749.0
2026-06-18 17:00:00,2026-06-18 14:00:00,2026-06-18 22:00:00,0.92161,0.92187,0.92107,0.92149,9930.0
2026-06-18 18:00:00,2026-06-18 15:00:00,2026-06-18 23:00:00,0.92148,0.92219,0.92132,0.92215,9266.0
2026-06-18 19:00:00,2026-06-18 16:00:00,2026-06-19 00:00:00,0.92217,0.92253,0.92205,0.9224,7981.0
2026-06-18 20:00:00,2026-06-18 17:00:00,2026-06-19 01:00:00,0.92241,0.92277,0.92236,0.9226,5789.0
2026-06-18 21:00:00,2026-06-18 18:00:00,2026-06-19 02:00:00,0.92261,0.92281,0.92249,0.9226,6928.0
2026-06-18 22:00:00,2026-06-18 19:00:00,2026-06-19 03:00:00,0.92261,0.92325,0.92211,0.92212,8149.0
2026-06-18 23:00:00,2026-06-18 20:00:00,2026-06-19 04:00:00,0.92213,0.92223,0.92148,0.9218,3332.0
2026-06-19 00:00:00,2026-06-18 21:00:00,2026-06-19 05:00:00,0.92085,0.92226,0.92083,0.92156,3846.0
2026-06-19 01:00:00,2026-06-18 22:00:00,2026-06-19 06:00:00,0.92163,0.92215,0.92155,0.92198,3834.0
2026-06-19 02:00:00,2026-06-18 23:00:00,2026-06-19 07:00:00,0.92195,0.92233,0.92184,0.92231,2087.0
2026-06-19 03:00:00,2026-06-19 00:00:00,2026-06-19 08:00:00,0.9223,0.92247,0.92214,0.9223,5678.0
2026-06-19 04:00:00,2026-06-19 01:00:00,2026-06-19 09:00:00,0.92231,0.92286,0.92208,0.92275,5949.0
2026-06-19 05:00:00,2026-06-19 02:00:00,2026-06-19 10:00:00,0.92276,0.92305,0.92253,0.92298,3545.0
2026-06-19 06:00:00,2026-06-19 03:00:00,2026-06-19 11:00:00,0.92299,0.92347,0.92285,0.92331,5286.0
2026-06-19 07:00:00,2026-06-19 04:00:00,2026-06-19 12:00:00,0.9233,0.92398,0.9233,0.92385,5402.0
2026-06-19 08:00:00,2026-06-19 05:00:00,2026-06-19 13:00:00,0.92385,0.92411,0.92315,0.92327,7233.0
2026-06-19 09:00:00,2026-06-19 06:00:00,2026-06-19 14:00:00,0.92326,0.92363,0.92285,0.92291,7639.0
2026-06-19 10:00:00,2026-06-19 07:00:00,2026-06-19 15:00:00,0.92293,0.92445,0.92287,0.9243,7161.0
2026-06-19 11:00:00,2026-06-19 08:00:00,2026-06-19 16:00:00,0.9243,0.92469,0.92369,0.92376,7848.0
2026-06-19 12:00:00,2026-06-19 09:00:00,2026-06-19 17:00:00,0.92375,0.92376,0.92313,0.92332,5666.0
2026-06-19 13:00:00,2026-06-19 10:00:00,2026-06-19 18:00:00,0.92331,0.92437,0.92328,0.9243,5721.0
2026-06-19 14:00:00,2026-06-19 11:00:00,2026-06-19 19:00:00,0.92431,0.9247,0.92426,0.92467,6742.0
2026-06-19 15:00:00,2026-06-19 12:00:00,2026-06-19 20:00:00,0.92466,0.92557,0.92464,0.92506,7096.0
2026-06-19 16:00:00,2026-06-19 13:00:00,2026-06-19 21:00:00,0.92507,0.92582,0.92503,0.92548,7164.0
2026-06-19 17:00:00,2026-06-19 14:00:00,2026-06-19 22:00:00,0.92548,0.92641,0.92546,0.92629,6926.0
2026-06-19 18:00:00,2026-06-19 15:00:00,2026-06-19 23:00:00,0.9263,0.92644,0.92596,0.92611,5571.0
2026-06-19 19:00:00,2026-06-19 16:00:00,2026-06-20 00:00:00,0.92609,0.9262,0.9258,0.92613,3191.0
2026-06-19 20:00:00,2026-06-19 17:00:00,2026-06-20 01:00:00,0.92614,0.92621,0.92587,0.92611,6758.0
2026-06-19 21:00:00,2026-06-19 18:00:00,2026-06-20 02:00:00,0.9261,0.9262,0.92572,0.92574,4473.0
2026-06-19 22:00:00,2026-06-19 19:00:00,2026-06-20 03:00:00,0.92572,0.92587,0.92557,0.92578,3757.0
2026-06-19 23:00:00,2026-06-19 20:00:00,2026-06-20 04:00:00,0.9258,0.92602,0.9253,0.92558,5748.0
2026-06-22 00:00:00,2026-06-21 21:00:00,2026-06-22 05:00:00,0.92503,0.92622,0.92456,0.92493,966.0
2026-06-22 01:00:00,2026-06-21 22:00:00,2026-06-22 06:00:00,0.92496,0.926,0.92485,0.92591,3601.0
2026-06-22 02:00:00,2026-06-21 23:00:00,2026-06-22 07:00:00,0.92592,0.92623,0.92584,0.92622,3595.0
2026-06-22 03:00:00,2026-06-22 00:00:00,2026-06-22 08:00:00,0.9262,0.92663,0.92607,0.92636,5426.0
2026-06-22 04:00:00,2026-06-22 01:00:00,2026-06-22 09:00:00,0.9263,0.92653,0.92587,0.92625,7585.0
2026-06-22 05:00:00,2026-06-22 02:00:00,2026-06-22 10:00:00,0.92626,0.92632,0.92572,0.92587,5044.0
2026-06-22 06:00:00,2026-06-22 03:00:00,2026-06-22 11:00:00,0.92586,0.92613,0.92564,0.92605,4420.0
2026-06-22 07:00:00,2026-06-22 04:00:00,2026-06-22 12:00:00,0.92607,0.92635,0.92597,0.92619,5201.0
2026-06-22 08:00:00,2026-06-22 05:00:00,2026-06-22 13:00:00,0.92617,0.9263,0.92585,0.92598,5422.0
2026-06-22 09:00:00,2026-06-22 06:00:00,2026-06-22 14:00:00,0.92599,0.92601,0.92551,0.9259,6591.0
2026-06-22 10:00:00,2026-06-22 07:00:00,2026-06-22 15:00:00,0.92592,0.92614,0.9255,0.92554,6926.0
2026-06-22 11:00:00,2026-06-22 08:00:00,2026-06-22 16:00:00,0.92555,0.92586,0.92501,0.92516,7613.0
2026-06-22 12:00:00,2026-06-22 09:00:00,2026-06-22 17:00:00,0.92517,0.92536,0.92493,0.9253,6833.0
2026-06-22 13:00:00,2026-06-22 10:00:00,2026-06-22 18:00:00,0.9253,0.92568,0.92517,0.92558,6187.0
2026-06-22 14:00:00,2026-06-22 11:00:00,2026-06-22 19:00:00,0.92559,0.92589,0.92532,0.92584,6383.0
2026-06-22 15:00:00,2026-06-22 12:00:00,2026-06-22 20:00:00,0.92584,0.92616,0.92529,0.92599,8553.0
2026-06-22 16:00:00,2026-06-22 13:00:00,2026-06-22 21:00:00,0.92598,0.926,0.92487,0.92528,10639.0
2026-06-22 17:00:00,2026-06-22 14:00:00,2026-06-22 22:00:00,0.92526,0.9254,0.92446,0.92448,11704.0
2026-06-22 18:00:00,2026-06-22 15:00:00,2026-06-22 23:00:00,0.92448,0.92498,0.92419,0.92494,9134.0
2026-06-22 19:00:00,2026-06-22 16:00:00,2026-06-23 00:00:00,0.92493,0.925,0.92452,0.92474,6430.0
2026-06-22 20:00:00,2026-06-22 17:00:00,2026-06-23 01:00:00,0.92473,0.92496,0.92458,0.9247,4649.0
2026-06-22 21:00:00,2026-06-22 18:00:00,2026-06-23 02:00:00,0.9247,0.92479,0.92422,0.9243,4361.0
2026-06-22 22:00:00,2026-06-22 19:00:00,2026-06-23 03:00:00,0.92431,0.92442,0.92384,0.92387,4658.0
2026-06-22 23:00:00,2026-06-22 20:00:00,2026-06-23 04:00:00,0.92388,0.9242,0.92375,0.92403,3183.0
2026-06-23 00:00:00,2026-06-22 21:00:00,2026-06-23 05:00:00,0.92347,0.92383,0.92285,0.92369,1259.0
2026-06-23 01:00:00,2026-06-22 22:00:00,2026-06-23 06:00:00,0.92375,0.92426,0.92372,0.92417,2290.0
2026-06-23 02:00:00,2026-06-22 23:00:00,2026-06-23 07:00:00,0.92416,0.92427,0.92415,0.92422,2021.0
2026-06-23 03:00:00,2026-06-23 00:00:00,2026-06-23 08:00:00,0.92425,0.92436,0.92378,0.92391,6605.0
2026-06-23 04:00:00,2026-06-23 01:00:00,2026-06-23 09:00:00,0.92392,0.92403,0.9238,0.9239,5902.0
2026-06-23 05:00:00,2026-06-23 02:00:00,2026-06-23 10:00:00,0.92391,0.92423,0.92378,0.92409,5524.0
2026-06-23 06:00:00,2026-06-23 03:00:00,2026-06-23 11:00:00,0.9241,0.92422,0.92396,0.92409,5467.0
2026-06-23 07:00:00,2026-06-23 04:00:00,2026-06-23 12:00:00,0.9241,0.92425,0.92403,0.92416,4709.0
2026-06-23 08:00:00,2026-06-23 05:00:00,2026-06-23 13:00:00,0.92417,0.9243,0.92383,0.92399,5567.0
2026-06-23 09:00:00,2026-06-23 06:00:00,2026-06-23 14:00:00,0.92402,0.92433,0.92385,0.92409,7970.0
2026-06-23 10:00:00,2026-06-23 07:00:00,2026-06-23 15:00:00,0.9241,0.92422,0.92305,0.92338,10161.0
2026-06-23 11:00:00,2026-06-23 08:00:00,2026-06-23 16:00:00,0.9234,0.92397,0.92325,0.9238,8417.0
2026-06-23 12:00:00,2026-06-23 09:00:00,2026-06-23 17:00:00,0.92381,0.92436,0.92373,0.92405,6785.0
2026-06-23 13:00:00,2026-06-23 10:00:00,2026-06-23 18:00:00,0.92403,0.9243,0.92338,0.92349,7023.0
2026-06-23 14:00:00,2026-06-23 11:00:00,2026-06-23 19:00:00,0.92348,0.92359,0.92224,0.9224,7240.0
2026-06-23 15:00:00,2026-06-23 12:00:00,2026-06-23 20:00:00,0.92241,0.92251,0.92155,0.92164,8154.0
2026-06-23 16:00:00,2026-06-23 13:00:00,2026-06-23 21:00:00,0.92165,0.92185,0.9205,0.92102,9779.0
2026-06-23 17:00:00,2026-06-23 14:00:00,2026-06-23 22:00:00,0.92101,0.92197,0.92097,0.9215,10418.0
2026-06-23 18:00:00,2026-06-23 15:00:00,2026-06-23 23:00:00,0.9215,0.9218,0.92095,0.92167,9156.0
2026-06-23 19:00:00,2026-06-23 16:00:00,2026-06-24 00:00:00,0.9217,0.92199,0.92147,0.92197,6629.0
2026-06-23 20:00:00,2026-06-23 17:00:00,2026-06-24 01:00:00,0.92199,0.92216,0.92189,0.92199,5372.0
2026-06-23 21:00:00,2026-06-23 18:00:00,2026-06-24 02:00:00,0.922,0.92221,0.92163,0.92164,4907.0
2026-06-23 22:00:00,2026-06-23 19:00:00,2026-06-24 03:00:00,0.92163,0.92174,0.9214,0.92159,5787.0
2026-06-23 23:00:00,2026-06-23 20:00:00,2026-06-24 04:00:00,0.92161,0.92166,0.92122,0.92138,3167.0
2026-06-24 00:00:00,2026-06-23 21:00:00,2026-06-24 05:00:00,0.92122,0.92162,0.92103,0.92123,1949.0
2026-06-24 01:00:00,2026-06-23 22:00:00,2026-06-24 06:00:00,0.92134,0.92163,0.92107,0.92117,1786.0
2026-06-24 02:00:00,2026-06-23 23:00:00,2026-06-24 07:00:00,0.92116,0.92148,0.92116,0.92137,2278.0
2026-06-24 03:00:00,2026-06-24 00:00:00,2026-06-24 08:00:00,0.92138,0.92175,0.92127,0.9215,6992.0
2026-06-24 04:00:00,2026-06-24 01:00:00,2026-06-24 09:00:00,0.92147,0.92159,0.92118,0.9212,7172.0
2026-06-24 05:00:00,2026-06-24 02:00:00,2026-06-24 10:00:00,0.92121,0.92134,0.92112,0.92128,5332.0
2026-06-24 06:00:00,2026-06-24 03:00:00,2026-06-24 11:00:00,0.92128,0.92161,0.92092,0.92104,6733.0
2026-06-24 07:00:00,2026-06-24 04:00:00,2026-06-24 12:00:00,0.92103,0.92128,0.92077,0.92124,5055.0
2026-06-24 08:00:00,2026-06-24 05:00:00,2026-06-24 13:00:00,0.92125,0.92185,0.92125,0.92181,5900.0
2026-06-24 09:00:00,2026-06-24 06:00:00,2026-06-24 14:00:00,0.92183,0.92227,0.92177,0.9219,7233.0
2026-06-24 10:00:00,2026-06-24 07:00:00,2026-06-24 15:00:00,0.9219,0.92208,0.92114,0.92138,7695.0
2026-06-24 11:00:00,2026-06-24 08:00:00,2026-06-24 16:00:00,0.92142,0.9217,0.92077,0.92127,7669.0
2026-06-24 12:00:00,2026-06-24 09:00:00,2026-06-24 17:00:00,0.92126,0.92166,0.92113,0.92138,7358.0
2026-06-24 13:00:00,2026-06-24 10:00:00,2026-06-24 18:00:00,0.92137,0.92165,0.92117,0.92145,6792.0
2026-06-24 14:00:00,2026-06-24 11:00:00,2026-06-24 19:00:00,0.92146,0.92205,0.92119,0.92145,7561.0
2026-06-24 15:00:00,2026-06-24 12:00:00,2026-06-24 20:00:00,0.92144,0.92175,0.921,0.92167,9048.0
2026-06-24 16:00:00,2026-06-24 13:00:00,2026-06-24 21:00:00,0.92165,0.92191,0.92105,0.92181,10492.0
2026-06-24 17:00:00,2026-06-24 14:00:00,2026-06-24 22:00:00,0.9218,0.9224,0.92158,0.92236,10292.0
2026-06-24 18:00:00,2026-06-24 15:00:00,2026-06-24 23:00:00,0.92235,0.92245,0.9217,0.92219,9255.0
2026-06-24 19:00:00,2026-06-24 16:00:00,2026-06-25 00:00:00,0.9222,0.92255,0.92203,0.92221,7185.0
2026-06-24 20:00:00,2026-06-24 17:00:00,2026-06-25 01:00:00,0.92222,0.92263,0.92212,0.92255,6803.0
2026-06-24 21:00:00,2026-06-24 18:00:00,2026-06-25 02:00:00,0.92256,0.92286,0.92248,0.92252,6627.0
2026-06-24 22:00:00,2026-06-24 19:00:00,2026-06-25 03:00:00,0.92251,0.92287,0.92247,0.92277,6085.0
2026-06-24 23:00:00,2026-06-24 20:00:00,2026-06-25 04:00:00,0.92278,0.92297,0.92256,0.92261,5736.0
2026-06-25 00:00:00,2026-06-24 21:00:00,2026-06-25 05:00:00,0.92138,0.92247,0.92138,0.92242,790.0
2026-06-25 01:00:00,2026-06-24 22:00:00,2026-06-25 06:00:00,0.92259,0.92259,0.92242,0.92248,2173.0
2026-06-25 02:00:00,2026-06-24 23:00:00,2026-06-25 07:00:00,0.92249,0.92264,0.92246,0.92263,1445.0
2026-06-25 03:00:00,2026-06-25 00:00:00,2026-06-25 08:00:00,0.92262,0.9227,0.92235,0.92237,4673.0
2026-06-25 04:00:00,2026-06-25 01:00:00,2026-06-25 09:00:00,0.92236,0.92242,0.92207,0.9221,6542.0
2026-06-25 05:00:00,2026-06-25 02:00:00,2026-06-25 10:00:00,0.92209,0.92212,0.92167,0.92202,5143.0
2026-06-25 06:00:00,2026-06-25 03:00:00,2026-06-25 11:00:00,0.92203,0.92207,0.9217,0.92186,5039.0
2026-06-25 07:00:00,2026-06-25 04:00:00,2026-06-25 12:00:00,0.92188,0.92192,0.92169,0.92189,3424.0
2026-06-25 08:00:00,2026-06-25 05:00:00,2026-06-25 13:00:00,0.92188,0.92229,0.92183,0.92222,4245.0
2026-06-25 09:00:00,2026-06-25 06:00:00,2026-06-25 14:00:00,0.92218,0.92254,0.92175,0.92181,6495.0
2026-06-25 10:00:00,2026-06-25 07:00:00,2026-06-25 15:00:00,0.92182,0.92207,0.92127,0.92156,7247.0
2026-06-25 11:00:00,2026-06-25 08:00:00,2026-06-25 16:00:00,0.92158,0.92179,0.92097,0.9217,6427.0
2026-06-25 12:00:00,2026-06-25 09:00:00,2026-06-25 17:00:00,0.9217,0.92229,0.92147,0.92194,6178.0
2026-06-25 13:00:00,2026-06-25 10:00:00,2026-06-25 18:00:00,0.92195,0.92209,0.92159,0.92184,5056.0
2026-06-25 14:00:00,2026-06-25 11:00:00,2026-06-25 19:00:00,0.92185,0.92198,0.92136,0.92191,6402.0
2026-06-25 15:00:00,2026-06-25 12:00:00,2026-06-25 20:00:00,0.9219,0.92247,0.92157,0.92207,9767.0
2026-06-25 16:00:00,2026-06-25 13:00:00,2026-06-25 21:00:00,0.92206,0.92207,0.9211,0.92144,10347.0
2026-06-25 17:00:00,2026-06-25 14:00:00,2026-06-25 22:00:00,0.92143,0.92196,0.92108,0.92134,10794.0
2026-06-25 18:00:00,2026-06-25 15:00:00,2026-06-25 23:00:00,0.92135,0.92172,0.9213,0.92136,8964.0
2026-06-25 19:00:00,2026-06-25 16:00:00,2026-06-26 00:00:00,0.92137,0.92151,0.92104,0.92124,6669.0
2026-06-25 20:00:00,2026-06-25 17:00:00,2026-06-26 01:00:00,0.92125,0.92138,0.92114,0.92124,5400.0
2026-06-25 21:00:00,2026-06-25 18:00:00,2026-06-26 02:00:00,0.92125,0.92148,0.92091,0.92096,7349.0
2026-06-25 22:00:00,2026-06-25 19:00:00,2026-06-26 03:00:00,0.92095,0.92113,0.92085,0.92089,5368.0
2026-06-25 23:00:00,2026-06-25 20:00:00,2026-06-26 04:00:00,0.92088,0.92121,0.9208,0.92109,3096.0
2026-06-26 00:00:00,2026-06-25 21:00:00,2026-06-26 05:00:00,0.91987,0.92074,0.91972,0.9207,1060.0
2026-06-26 01:00:00,2026-06-25 22:00:00,2026-06-26 06:00:00,0.92071,0.92117,0.92071,0.92099,3184.0
2026-06-26 02:00:00,2026-06-25 23:00:00,2026-06-26 07:00:00,0.921,0.9212,0.92098,0.92105,3316.0
2026-06-26 03:00:00,2026-06-26 00:00:00,2026-06-26 08:00:00,0.92106,0.92121,0.92086,0.92094,6109.0
2026-06-26 04:00:00,2026-06-26 01:00:00,2026-06-26 09:00:00,0.92095,0.92106,0.92074,0.92092,7009.0
2026-06-26 05:00:00,2026-06-26 02:00:00,2026-06-26 10:00:00,0.92093,0.92104,0.92071,0.92074,6286.0
2026-06-26 06:00:00,2026-06-26 03:00:00,2026-06-26 11:00:00,0.92072,0.92082,0.92026,0.92048,6240.0
2026-06-26 07:00:00,2026-06-26 04:00:00,2026-06-26 12:00:00,0.92047,0.92056,0.91975,0.91995,6057.0
2026-06-26 08:00:00,2026-06-26 05:00:00,2026-06-26 13:00:00,0.91996,0.92043,0.91991,0.92021,5377.0
2026-06-26 09:00:00,2026-06-26 06:00:00,2026-06-26 14:00:00,0.92022,0.92047,0.92011,0.92034,7034.0
2026-06-26 10:00:00,2026-06-26 07:00:00,2026-06-26 15:00:00,0.92035,0.92074,0.91993,0.92073,7062.0
2026-06-26 11:00:00,2026-06-26 08:00:00,2026-06-26 16:00:00,0.92074,0.92187,0.92054,0.92165,8211.0
2026-06-26 12:00:00,2026-06-26 09:00:00,2026-06-26 17:00:00,0.92164,0.9222,0.92159,0.9218,6580.0
2026-06-26 13:00:00,2026-06-26 10:00:00,2026-06-26 18:00:00,0.92181,0.92206,0.92157,0.92192,6133.0
2026-06-26 14:00:00,2026-06-26 11:00:00,2026-06-26 19:00:00,0.92193,0.92207,0.92168,0.92179,6526.0
2026-06-26 15:00:00,2026-06-26 12:00:00,2026-06-26 20:00:00,0.9218,0.92274,0.92169,0.92239,8235.0
2026-06-26 16:00:00,2026-06-26 13:00:00,2026-06-26 21:00:00,0.9224,0.92245,0.92169,0.92181,10721.0
2026-06-26 17:00:00,2026-06-26 14:00:00,2026-06-26 22:00:00,0.92179,0.92279,0.92167,0.92196,9246.0
2026-06-26 18:00:00,2026-06-26 15:00:00,2026-06-26 23:00:00,0.92197,0.92225,0.92151,0.92152,8676.0
2026-06-26 19:00:00,2026-06-26 16:00:00,2026-06-27 00:00:00,0.92151,0.92206,0.92149,0.92189,6707.0
2026-06-26 20:00:00,2026-06-26 17:00:00,2026-06-27 01:00:00,0.9219,0.92205,0.92182,0.922,5192.0
2026-06-26 21:00:00,2026-06-26 18:00:00,2026-06-27 02:00:00,0.92199,0.92235,0.92182,0.92193,5271.0
2026-06-26 22:00:00,2026-06-26 19:00:00,2026-06-27 03:00:00,0.92192,0.92198,0.92166,0.92175,4155.0
2026-06-26 23:00:00,2026-06-26 20:00:00,2026-06-27 04:00:00,0.92176,0.92219,0.92166,0.92202,4574.0
2026-06-29 00:00:00,2026-06-28 21:00:00,2026-06-29 05:00:00,0.9216,0.92215,0.92139,0.92196,881.0
2026-06-29 01:00:00,2026-06-28 22:00:00,2026-06-29 06:00:00,0.92221,0.92246,0.92198,0.92234,2553.0
2026-06-29 02:00:00,2026-06-28 23:00:00,2026-06-29 07:00:00,0.92235,0.92242,0.92219,0.92228,2620.0
2026-06-29 03:00:00,2026-06-29 00:00:00,2026-06-29 08:00:00,0.92227,0.92236,0.92205,0.92216,8276.0
2026-06-29 04:00:00,2026-06-29 01:00:00,2026-06-29 09:00:00,0.92217,0.92238,0.92209,0.92225,7715.0
2026-06-29 05:00:00,2026-06-29 02:00:00,2026-06-29 10:00:00,0.92226,0.92226,0.92202,0.92213,9529.0
2026-06-29 06:00:00,2026-06-29 03:00:00,2026-06-29 11:00:00,0.92214,0.92215,0.92193,0.92213,10069.0
2026-06-29 07:00:00,2026-06-29 04:00:00,2026-06-29 12:00:00,0.92208,0.92214,0.92194,0.92196,7167.0
2026-06-29 08:00:00,2026-06-29 05:00:00,2026-06-29 13:00:00,0.92197,0.92223,0.92191,0.92208,8293.0
2026-06-29 09:00:00,2026-06-29 06:00:00,2026-06-29 14:00:00,0.92214,0.92285,0.92206,0.92269,10370.0
2026-06-29 10:00:00,2026-06-29 07:00:00,2026-06-29 15:00:00,0.92268,0.92282,0.92225,0.92227,10256.0
2026-06-29 11:00:00,2026-06-29 08:00:00,2026-06-29 16:00:00,0.92225,0.92262,0.9219,0.92196,9360.0
2026-06-29 12:00:00,2026-06-29 09:00:00,2026-06-29 17:00:00,0.92197,0.92224,0.92173,0.92212,6385.0
2026-06-29 13:00:00,2026-06-29 10:00:00,2026-06-29 18:00:00,0.92213,0.92217,0.92177,0.9219,6082.0
2026-06-29 14:00:00,2026-06-29 11:00:00,2026-06-29 19:00:00,0.92191,0.92212,0.92178,0.92203,6737.0
2026-06-29 15:00:00,2026-06-29 12:00:00,2026-06-29 20:00:00,0.92204,0.92238,0.92194,0.92221,7140.0
2026-06-29 16:00:00,2026-06-29 13:00:00,2026-06-29 21:00:00,0.92222,0.92231,0.92181,0.92214,8500.0
2026-06-29 17:00:00,2026-06-29 14:00:00,2026-06-29 22:00:00,0.92214,0.92349,0.9221,0.92346,10323.0
2026-06-29 18:00:00,2026-06-29 15:00:00,2026-06-29 23:00:00,0.92345,0.92352,0.92294,0.92319,8934.0
2026-06-29 19:00:00,2026-06-29 16:00:00,2026-06-30 00:00:00,0.92319,0.92324,0.92285,0.9229,6419.0
2026-06-29 20:00:00,2026-06-29 17:00:00,2026-06-30 01:00:00,0.92289,0.92292,0.92254,0.92264,5229.0
2026-06-29 21:00:00,2026-06-29 18:00:00,2026-06-30 02:00:00,0.92265,0.92271,0.92245,0.92256,5288.0
2026-06-29 22:00:00,2026-06-29 19:00:00,2026-06-30 03:00:00,0.92254,0.92266,0.92228,0.92241,5009.0
2026-06-29 23:00:00,2026-06-29 20:00:00,2026-06-30 04:00:00,0.9224,0.92252,0.92231,0.92246,3781.0
2026-06-30 00:00:00,2026-06-29 21:00:00,2026-06-30 05:00:00,0.92181,0.92243,0.92177,0.92238,1400.0
2026-06-30 01:00:00,2026-06-29 22:00:00,2026-06-30 06:00:00,0.92245,0.92257,0.92216,0.92246,2098.0
2026-06-30 02:00:00,2026-06-29 23:00:00,2026-06-30 07:00:00,0.92245,0.92246,0.92233,0.92243,1853.0
2026-06-30 03:00:00,2026-06-30 00:00:00,2026-06-30 08:00:00,0.92244,0.92252,0.92206,0.92229,6856.0
2026-06-30 04:00:00,2026-06-30 01:00:00,2026-06-30 09:00:00,0.9223,0.92248,0.92224,0.92234,8102.0
2026-06-30 05:00:00,2026-06-30 02:00:00,2026-06-30 10:00:00,0.92235,0.92242,0.92222,0.92229,5577.0
2026-06-30 06:00:00,2026-06-30 03:00:00,2026-06-30 11:00:00,0.9223,0.92235,0.92209,0.92227,6428.0
2026-06-30 07:00:00,2026-06-30 04:00:00,2026-06-30 12:00:00,0.92226,0.92249,0.92211,0.92216,4071.0
2026-06-30 08:00:00,2026-06-30 05:00:00,2026-06-30 13:00:00,0.92215,0.9224,0.922,0.92212,5452.0
2026-06-30 09:00:00,2026-06-30 06:00:00,2026-06-30 14:00:00,0.92211,0.92253,0.92198,0.92206,7946.0
2026-06-30 10:00:00,2026-06-30 07:00:00,2026-06-30 15:00:00,0.92207,0.92264,0.92187,0.92254,7838.0
2026-06-30 11:00:00,2026-06-30 08:00:00,2026-06-30 16:00:00,0.92253,0.92256,0.92183,0.92217,8488.0
2026-06-30 12:00:00,2026-06-30 09:00:00,2026-06-30 17:00:00,0.92216,0.92275,0.9221,0.92263,6962.0
2026-06-30 13:00:00,2026-06-30 10:00:00,2026-06-30 18:00:00,0.92262,0.92277,0.92208,0.9221,6285.0
2026-06-30 14:00:00,2026-06-30 11:00:00,2026-06-30 19:00:00,0.92209,0.92236,0.92177,0.92222,6835.0
2026-06-30 15:00:00,2026-06-30 12:00:00,2026-06-30 20:00:00,0.92221,0.92244,0.92191,0.92214,7189.0
2026-06-30 16:00:00,2026-06-30 13:00:00,2026-06-30 21:00:00,0.92215,0.92242,0.92184,0.92189,7832.0
2026-06-30 17:00:00,2026-06-30 14:00:00,2026-06-30 22:00:00,0.92186,0.923,0.92157,0.92226,12678.0
2026-06-30 18:00:00,2026-06-30 15:00:00,2026-06-30 23:00:00,0.92227,0.92307,0.92218,0.92275,8893.0
2026-06-30 19:00:00,2026-06-30 16:00:00,2026-07-01 00:00:00,0.92276,0.92312,0.92271,0.92301,6610.0
2026-06-30 20:00:00,2026-06-30 17:00:00,2026-07-01 01:00:00,0.92302,0.92314,0.92279,0.92295,5319.0
2026-06-30 21:00:00,2026-06-30 18:00:00,2026-07-01 02:00:00,0.92296,0.92305,0.92277,0.92301,5563.0
2026-06-30 22:00:00,2026-06-30 19:00:00,2026-07-01 03:00:00,0.92301,0.9233,0.92288,0.92319,6533.0
2026-06-30 23:00:00,2026-06-30 20:00:00,2026-07-01 04:00:00,0.92318,0.92331,0.92301,0.92324,3881.0
2026-07-01 00:00:00,2026-06-30 21:00:00,2026-07-01 05:00:00,0.92248,0.92288,0.92194,0.9228,1453.0
2026-07-01 01:00:00,2026-06-30 22:00:00,2026-07-01 06:00:00,0.92286,0.92324,0.92286,0.92313,1738.0
2026-07-01 02:00:00,2026-06-30 23:00:00,2026-07-01 07:00:00,0.92314,0.92314,0.92288,0.92301,2072.0
2026-07-01 03:00:00,2026-07-01 00:00:00,2026-07-01 08:00:00,0.92302,0.92308,0.92287,0.92293,4815.0
2026-07-01 04:00:00,2026-07-01 01:00:00,2026-07-01 09:00:00,0.92293,0.9231,0.92282,0.92285,6274.0
2026-07-01 05:00:00,2026-07-01 02:00:00,2026-07-01 10:00:00,0.92284,0.92304,0.92281,0.923,6366.0
2026-07-01 06:00:00,2026-07-01 03:00:00,2026-07-01 11:00:00,0.923,0.92316,0.92292,0.92305,5284.0
2026-07-01 07:00:00,2026-07-01 04:00:00,2026-07-01 12:00:00,0.92304,0.92314,0.92294,0.92303,5256.0
2026-07-01 08:00:00,2026-07-01 05:00:00,2026-07-01 13:00:00,0.92304,0.92308,0.92281,0.92296,4842.0
2026-07-01 09:00:00,2026-07-01 06:00:00,2026-07-01 14:00:00,0.92297,0.92308,0.92276,0.92301,6649.0
2026-07-01 10:00:00,2026-07-01 07:00:00,2026-07-01 15:00:00,0.92302,0.9233,0.92263,0.92309,7490.0
2026-07-01 11:00:00,2026-07-01 08:00:00,2026-07-01 16:00:00,0.92309,0.92351,0.92277,0.92279,6008.0
2026-07-01 12:00:00,2026-07-01 09:00:00,2026-07-01 17:00:00,0.9228,0.92294,0.92248,0.9229,5631.0
2026-07-01 13:00:00,2026-07-01 10:00:00,2026-07-01 18:00:00,0.92288,0.92303,0.92274,0.92284,5477.0
2026-07-01 14:00:00,2026-07-01 11:00:00,2026-07-01 19:00:00,0.92286,0.92349,0.92274,0.92322,6206.0
2026-07-01 15:00:00,2026-07-01 12:00:00,2026-07-01 20:00:00,0.92323,0.92341,0.9227,0.92272,8836.0
2026-07-01 16:00:00,2026-07-01 13:00:00,2026-07-01 21:00:00,0.92271,0.92295,0.92222,0.92235,11719.0
2026-07-01 17:00:00,2026-07-01 14:00:00,2026-07-01 22:00:00,0.92227,0.92242,0.9208,0.92107,11603.0
2026-07-01 18:00:00,2026-07-01 15:00:00,2026-07-01 23:00:00,0.92108,0.92108,0.9204,0.92043,9602.0
2026-07-01 19:00:00,2026-07-01 16:00:00,2026-07-02 00:00:00,0.92044,0.92053,0.92015,0.92053,8261.0
2026-07-01 20:00:00,2026-07-01 17:00:00,2026-07-02 01:00:00,0.92053,0.92072,0.92036,0.92048,6240.0
2026-07-01 21:00:00,2026-07-01 18:00:00,2026-07-02 02:00:00,0.92049,0.92086,0.92044,0.9208,6842.0
2026-07-01 22:00:00,2026-07-01 19:00:00,2026-07-02 03:00:00,0.92079,0.92097,0.92074,0.92092,6179.0
2026-07-01 23:00:00,2026-07-01 20:00:00,2026-07-02 04:00:00,0.92088,0.92108,0.92082,0.92107,4140.0
2026-07-02 00:00:00,2026-07-01 21:00:00,2026-07-02 05:00:00,0.92008,0.92091,0.91973,0.92041,2859.0
2026-07-02 01:00:00,2026-07-01 22:00:00,2026-07-02 06:00:00,0.92056,0.92108,0.92056,0.92087,1570.0
2026-07-02 02:00:00,2026-07-01 23:00:00,2026-07-02 07:00:00,0.92086,0.92104,0.92066,0.92069,1875.0
2026-07-02 03:00:00,2026-07-02 00:00:00,2026-07-02 08:00:00,0.9207,0.92106,0.92063,0.92077,5527.0
2026-07-02 04:00:00,2026-07-02 01:00:00,2026-07-02 09:00:00,0.92078,0.92092,0.92068,0.92083,6973.0
2026-07-02 05:00:00,2026-07-02 02:00:00,2026-07-02 10:00:00,0.92084,0.92086,0.92065,0.92072,5906.0
2026-07-02 06:00:00,2026-07-02 03:00:00,2026-07-02 11:00:00,0.92073,0.92087,0.92057,0.92062,5015.0
2026-07-02 07:00:00,2026-07-02 04:00:00,2026-07-02 12:00:00,0.92061,0.92086,0.92052,0.92081,5927.0
2026-07-02 08:00:00,2026-07-02 05:00:00,2026-07-02 13:00:00,0.92082,0.92093,0.9206,0.92075,5040.0
2026-07-02 09:00:00,2026-07-02 06:00:00,2026-07-02 14:00:00,0.92074,0.9211,0.92046,0.9207,8041.0
2026-07-02 10:00:00,2026-07-02 07:00:00,2026-07-02 15:00:00,0.92072,0.92087,0.92021,0.92026,9198.0
2026-07-02 11:00:00,2026-07-02 08:00:00,2026-07-02 16:00:00,0.92027,0.92027,0.91833,0.91839,10707.0
2026-07-02 12:00:00,2026-07-02 09:00:00,2026-07-02 17:00:00,0.91839,0.919,0.91808,0.91871,8451.0
2026-07-02 13:00:00,2026-07-02 10:00:00,2026-07-02 18:00:00,0.91872,0.9195,0.91855,0.91927,6483.0
2026-07-02 14:00:00,2026-07-02 11:00:00,2026-07-02 19:00:00,0.91926,0.92001,0.91923,0.91973,6555.0
2026-07-02 15:00:00,2026-07-02 12:00:00,2026-07-02 20:00:00,0.91972,0.92023,0.91853,0.9197,13075.0
2026-07-02 16:00:00,2026-07-02 13:00:00,2026-07-02 21:00:00,0.91969,0.91975,0.91882,0.9189,12854.0
2026-07-02 17:00:00,2026-07-02 14:00:00,2026-07-02 22:00:00,0.91893,0.91923,0.91812,0.91818,11345.0
2026-07-02 18:00:00,2026-07-02 15:00:00,2026-07-02 23:00:00,0.91816,0.91833,0.91773,0.9183,9644.0
2026-07-02 19:00:00,2026-07-02 16:00:00,2026-07-03 00:00:00,0.91829,0.91842,0.9178,0.91836,9184.0
2026-07-02 20:00:00,2026-07-02 17:00:00,2026-07-03 01:00:00,0.91836,0.91898,0.91834,0.91877,7952.0
2026-07-02 21:00:00,2026-07-02 18:00:00,2026-07-03 02:00:00,0.91878,0.91887,0.9186,0.91866,7004.0
2026-07-02 22:00:00,2026-07-02 19:00:00,2026-07-03 03:00:00,0.91865,0.91873,0.9184,0.91851,5258.0
2026-07-02 23:00:00,2026-07-02 20:00:00,2026-07-03 04:00:00,0.91849,0.91867,0.91837,0.91857,3555.0
2026-07-03 00:00:00,2026-07-02 21:00:00,2026-07-03 05:00:00,0.91756,0.91827,0.91756,0.91815,2167.0
2026-07-03 01:00:00,2026-07-02 22:00:00,2026-07-03 06:00:00,0.91824,0.91891,0.91813,0.91878,2402.0
2026-07-03 02:00:00,2026-07-02 23:00:00,2026-07-03 07:00:00,0.91878,0.91887,0.91865,0.91884,3246.0
2026-07-03 03:00:00,2026-07-03 00:00:00,2026-07-03 08:00:00,0.91883,0.91905,0.91874,0.91879,8265.0
2026-07-03 04:00:00,2026-07-03 01:00:00,2026-07-03 09:00:00,0.91878,0.91881,0.91844,0.91866,8526.0
2026-07-03 05:00:00,2026-07-03 02:00:00,2026-07-03 10:00:00,0.91865,0.91868,0.91837,0.9185,5523.0
2026-07-03 06:00:00,2026-07-03 03:00:00,2026-07-03 11:00:00,0.91852,0.91858,0.91842,0.91854,6099.0
2026-07-03 07:00:00,2026-07-03 04:00:00,2026-07-03 12:00:00,0.91853,0.91856,0.9184,0.91844,5143.0
2026-07-03 08:00:00,2026-07-03 05:00:00,2026-07-03 13:00:00,0.91846,0.91856,0.91837,0.91843,6683.0
2026-07-03 09:00:00,2026-07-03 06:00:00,2026-07-03 14:00:00,0.91844,0.91846,0.91799,0.91817,7596.0
2026-07-03 10:00:00,2026-07-03 07:00:00,2026-07-03 15:00:00,0.91825,0.91867,0.9179,0.91845,7627.0
2026-07-03 11:00:00,2026-07-03 08:00:00,2026-07-03 16:00:00,0.91846,0.9191,0.91833,0.91909,6987.0
2026-07-03 12:00:00,2026-07-03 09:00:00,2026-07-03 17:00:00,0.91908,0.91917,0.91884,0.91902,5778.0
2026-07-03 13:00:00,2026-07-03 10:00:00,2026-07-03 18:00:00,0.91901,0.91933,0.91884,0.91932,5496.0
2026-07-03 14:00:00,2026-07-03 11:00:00,2026-07-03 19:00:00,0.91933,0.91968,0.91896,0.91904,6574.0
2026-07-03 15:00:00,2026-07-03 12:00:00,2026-07-03 20:00:00,0.91906,0.91961,0.91886,0.91938,6146.0
2026-07-03 16:00:00,2026-07-03 13:00:00,2026-07-03 21:00:00,0.91937,0.9196,0.91912,0.91927,6413.0
2026-07-03 17:00:00,2026-07-03 14:00:00,2026-07-03 22:00:00,0.91926,0.91937,0.91887,0.91916,6143.0
2026-07-03 18:00:00,2026-07-03 15:00:00,2026-07-03 23:00:00,0.91916,0.91929,0.91885,0.91887,5233.0
2026-07-03 19:00:00,2026-07-03 16:00:00,2026-07-04 00:00:00,0.91886,0.91907,0.91882,0.91906,3233.0
2026-07-03 20:00:00,2026-07-03 17:00:00,2026-07-04 01:00:00,0.91905,0.91918,0.91888,0.9191,15078.0
2026-07-03 21:00:00,2026-07-03 18:00:00,2026-07-04 02:00:00,0.91912,0.91919,0.91872,0.91909,22419.0
2026-07-03 22:00:00,2026-07-03 19:00:00,2026-07-04 03:00:00,0.9191,0.91937,0.91888,0.91928,15310.0
2026-07-03 23:00:00,2026-07-03 20:00:00,2026-07-04 04:00:00,0.91927,0.9194,0.91883,0.91889,4989.0
2026-07-06 00:00:00,2026-07-05 21:00:00,2026-07-06 05:00:00,0.91805,0.91868,0.91776,0.91857,2676.0
2026-07-06 01:00:00,2026-07-05 22:00:00,2026-07-06 06:00:00,0.91864,0.91931,0.91856,0.91927,2504.0
2026-07-06 02:00:00,2026-07-05 23:00:00,2026-07-06 07:00:00,0.91928,0.91934,0.91912,0.91928,3606.0
2026-07-06 03:00:00,2026-07-06 00:00:00,2026-07-06 08:00:00,0.91927,0.91939,0.919,0.91916,6571.0
2026-07-06 04:00:00,2026-07-06 01:00:00,2026-07-06 09:00:00,0.91917,0.91961,0.91906,0.91958,5865.0
2026-07-06 05:00:00,2026-07-06 02:00:00,2026-07-06 10:00:00,0.91957,0.91965,0.91947,0.91953,4885.0
2026-07-06 06:00:00,2026-07-06 03:00:00,2026-07-06 11:00:00,0.91954,0.91969,0.91949,0.91961,4250.0
2026-07-06 07:00:00,2026-07-06 04:00:00,2026-07-06 12:00:00,0.91962,0.91971,0.91957,0.91966,3498.0
2026-07-06 08:00:00,2026-07-06 05:00:00,2026-07-06 13:00:00,0.91967,0.91981,0.91955,0.91967,4039.0
2026-07-06 09:00:00,2026-07-06 06:00:00,2026-07-06 14:00:00,0.91968,0.92038,0.91961,0.92032,6431.0
2026-07-06 10:00:00,2026-07-06 07:00:00,2026-07-06 15:00:00,0.92028,0.92033,0.91939,0.91941,7536.0
2026-07-06 11:00:00,2026-07-06 08:00:00,2026-07-06 16:00:00,0.91941,0.9199,0.9193,0.91973,6122.0
2026-07-06 12:00:00,2026-07-06 09:00:00,2026-07-06 17:00:00,0.91972,0.92008,0.91957,0.91983,5676.0
2026-07-06 13:00:00,2026-07-06 10:00:00,2026-07-06 18:00:00,0.91983,0.92008,0.91953,0.92,5127.0
2026-07-06 14:00:00,2026-07-06 11:00:00,2026-07-06 19:00:00,0.92001,0.92037,0.91994,0.92003,5357.0
2026-07-06 15:00:00,2026-07-06 12:00:00,2026-07-06 20:00:00,0.92003,0.92038,0.9198,0.92032,6349.0
2026-07-06 16:00:00,2026-07-06 13:00:00,2026-07-06 21:00:00,0.92031,0.92078,0.92012,0.92064,7734.0
2026-07-06 17:00:00,2026-07-06 14:00:00,2026-07-06 22:00:00,0.92066,0.92146,0.92062,0.92077,8557.0
2026-07-06 18:00:00,2026-07-06 15:00:00,2026-07-06 23:00:00,0.92078,0.92125,0.9207,0.92113,7000.0
2026-07-06 19:00:00,2026-07-06 16:00:00,2026-07-07 00:00:00,0.92114,0.9214,0.92113,0.92135,5538.0
2026-07-06 20:00:00,2026-07-06 17:00:00,2026-07-07 01:00:00,0.92134,0.92141,0.92108,0.9211,4527.0
2026-07-06 21:00:00,2026-07-06 18:00:00,2026-07-07 02:00:00,0.9211,0.92125,0.92091,0.92104,4447.0
2026-07-06 22:00:00,2026-07-06 19:00:00,2026-07-07 03:00:00,0.92105,0.92135,0.92082,0.92128,4823.0
2026-07-06 23:00:00,2026-07-06 20:00:00,2026-07-07 04:00:00,0.92129,0.92142,0.92115,0.92124,3314.0
2026-07-07 00:00:00,2026-07-06 21:00:00,2026-07-07 05:00:00,0.92046,0.92103,0.92023,0.92073,1529.0
2026-07-07 01:00:00,2026-07-06 22:00:00,2026-07-07 06:00:00,0.92084,0.92132,0.92076,0.92127,1767.0
2026-07-07 02:00:00,2026-07-06 23:00:00,2026-07-07 07:00:00,0.92124,0.92129,0.921,0.92117,2710.0
2026-07-07 03:00:00,2026-07-07 00:00:00,2026-07-07 08:00:00,0.92119,0.92164,0.92116,0.92164,5798.0
2026-07-07 04:00:00,2026-07-07 01:00:00,2026-07-07 09:00:00,0.92163,0.92164,0.92124,0.92143,6669.0
2026-07-07 05:00:00,2026-07-07 02:00:00,2026-07-07 10:00:00,0.92142,0.92159,0.92138,0.92154,5174.0
2026-07-07 06:00:00,2026-07-07 03:00:00,2026-07-07 11:00:00,0.92154,0.92155,0.92126,0.92128,4561.0
2026-07-07 07:00:00,2026-07-07 04:00:00,2026-07-07 12:00:00,0.92127,0.92141,0.92124,0.92138,3667.0
2026-07-07 08:00:00,2026-07-07 05:00:00,2026-07-07 13:00:00,0.92138,0.92165,0.92133,0.9215,5649.0
2026-07-07 09:00:00,2026-07-07 06:00:00,2026-07-07 14:00:00,0.92147,0.92178,0.92114,0.92125,6483.0
2026-07-07 10:00:00,2026-07-07 07:00:00,2026-07-07 15:00:00,0.92124,0.92183,0.9211,0.9218,7109.0
2026-07-07 11:00:00,2026-07-07 08:00:00,2026-07-07 16:00:00,0.92179,0.92193,0.92132,0.92142,7910.0
2026-07-07 12:00:00,2026-07-07 09:00:00,2026-07-07 17:00:00,0.92143,0.9221,0.92136,0.92207,6910.0
2026-07-07 13:00:00,2026-07-07 10:00:00,2026-07-07 18:00:00,0.92208,0.92249,0.92188,0.92221,5301.0
2026-07-07 14:00:00,2026-07-07 11:00:00,2026-07-07 19:00:00,0.92222,0.92226,0.92177,0.92184,7405.0
2026-07-07 15:00:00,2026-07-07 12:00:00,2026-07-07 20:00:00,0.92182,0.92192,0.92142,0.92166,8303.0
2026-07-07 16:00:00,2026-07-07 13:00:00,2026-07-07 21:00:00,0.92167,0.92197,0.92134,0.92195,8901.0
2026-07-07 17:00:00,2026-07-07 14:00:00,2026-07-07 22:00:00,0.92194,0.92223,0.92127,0.92159,9631.0
2026-07-07 18:00:00,2026-07-07 15:00:00,2026-07-07 23:00:00,0.9216,0.92191,0.92151,0.92176,8052.0
2026-07-07 19:00:00,2026-07-07 16:00:00,2026-07-08 00:00:00,0.92177,0.92197,0.92157,0.92196,7277.0
2026-07-07 20:00:00,2026-07-07 17:00:00,2026-07-08 01:00:00,0.92196,0.9221,0.92177,0.9219,6507.0
2026-07-07 21:00:00,2026-07-07 18:00:00,2026-07-08 02:00:00,0.92191,0.92219,0.92186,0.92218,6927.0
2026-07-07 22:00:00,2026-07-07 19:00:00,2026-07-08 03:00:00,0.92217,0.92277,0.92216,0.92257,9278.0
2026-07-07 23:00:00,2026-07-07 20:00:00,2026-07-08 04:00:00,0.92258,0.92275,0.92252,0.92256,4636.0
2026-07-08 00:00:00,2026-07-07 21:00:00,2026-07-08 05:00:00,0.92058,0.92223,0.92058,0.92178,2789.0
2026-07-08 01:00:00,2026-07-07 22:00:00,2026-07-08 06:00:00,0.92181,0.92247,0.92181,0.92226,2109.0
2026-07-08 02:00:00,2026-07-07 23:00:00,2026-07-08 07:00:00,0.92223,0.9225,0.92209,0.92237,2085.0
2026-07-08 03:00:00,2026-07-08 00:00:00,2026-07-08 08:00:00,0.92238,0.92285,0.92238,0.92274,6233.0
2026-07-08 04:00:00,2026-07-08 01:00:00,2026-07-08 09:00:00,0.92275,0.92291,0.9226,0.9228,6928.0
2026-07-08 05:00:00,2026-07-08 02:00:00,2026-07-08 10:00:00,0.92279,0.92295,0.92271,0.92285,4889.0
2026-07-08 06:00:00,2026-07-08 03:00:00,2026-07-08 11:00:00,0.92284,0.92286,0.92261,0.92274,7000.0
2026-07-08 07:00:00,2026-07-08 04:00:00,2026-07-08 12:00:00,0.92273,0.92283,0.92262,0.92266,5032.0
2026-07-08 08:00:00,2026-07-08 05:00:00,2026-07-08 13:00:00,0.92265,0.92281,0.92246,0.92265,6692.0
2026-07-08 09:00:00,2026-07-08 06:00:00,2026-07-08 14:00:00,0.92266,0.92271,0.92161,0.9217,8068.0
2026-07-08 10:00:00,2026-07-08 07:00:00,2026-07-08 15:00:00,0.9217,0.92236,0.92152,0.92165,9010.0
2026-07-08 11:00:00,2026-07-08 08:00:00,2026-07-08 16:00:00,0.92167,0.92193,0.92125,0.92173,11178.0
2026-07-08 12:00:00,2026-07-08 09:00:00,2026-07-08 17:00:00,0.9217,0.9219,0.92109,0.92145,9984.0
2026-07-08 13:00:00,2026-07-08 10:00:00,2026-07-08 18:00:00,0.92144,0.92183,0.9214,0.92153,7837.0
2026-07-08 14:00:00,2026-07-08 11:00:00,2026-07-08 19:00:00,0.92155,0.92226,0.9215,0.92212,7988.0
2026-07-08 15:00:00,2026-07-08 12:00:00,2026-07-08 20:00:00,0.92214,0.92222,0.92161,0.92177,8989.0
2026-07-08 16:00:00,2026-07-08 13:00:00,2026-07-08 21:00:00,0.92178,0.92322,0.92169,0.92304,10431.0
2026-07-08 17:00:00,2026-07-08 14:00:00,2026-07-08 22:00:00,0.92305,0.92313,0.92264,0.92293,9763.0
2026-07-08 18:00:00,2026-07-08 15:00:00,2026-07-08 23:00:00,0.92294,0.92373,0.92288,0.92361,9823.0
2026-07-08 19:00:00,2026-07-08 16:00:00,2026-07-09 00:00:00,0.92362,0.92375,0.92314,0.92321,10152.0
2026-07-08 20:00:00,2026-07-08 17:00:00,2026-07-09 01:00:00,0.92322,0.92322,0.92298,0.92303,8473.0
2026-07-08 21:00:00,2026-07-08 18:00:00,2026-07-09 02:00:00,0.92307,0.92322,0.92269,0.92276,7245.0
2026-07-08 22:00:00,2026-07-08 19:00:00,2026-07-09 03:00:00,0.92275,0.92319,0.92257,0.92312,5661.0
2026-07-08 23:00:00,2026-07-08 20:00:00,2026-07-09 04:00:00,0.92313,0.92318,0.92289,0.92295,4162.0
2026-07-09 00:00:00,2026-07-08 21:00:00,2026-07-09 05:00:00,0.92182,0.92313,0.92182,0.92313,2880.0
2026-07-09 01:00:00,2026-07-08 22:00:00,2026-07-09 06:00:00,0.92312,0.92326,0.92281,0.92286,1657.0
2026-07-09 02:00:00,2026-07-08 23:00:00,2026-07-09 07:00:00,0.92287,0.92307,0.92284,0.92298,1901.0
2026-07-09 03:00:00,2026-07-09 00:00:00,2026-07-09 08:00:00,0.92298,0.92298,0.92242,0.9226,5564.0
2026-07-09 04:00:00,2026-07-09 01:00:00,2026-07-09 09:00:00,0.92261,0.92273,0.92239,0.92244,6485.0
2026-07-09 05:00:00,2026-07-09 02:00:00,2026-07-09 10:00:00,0.92243,0.92279,0.92239,0.92265,5941.0
2026-07-09 06:00:00,2026-07-09 03:00:00,2026-07-09 11:00:00,0.92265,0.92267,0.92228,0.92235,5306.0
2026-07-09 07:00:00,2026-07-09 04:00:00,2026-07-09 12:00:00,0.92236,0.92244,0.92223,0.92223,4069.0
2026-07-09 08:00:00,2026-07-09 05:00:00,2026-07-09 13:00:00,0.92224,0.92251,0.92211,0.92215,5530.0
2026-07-09 09:00:00,2026-07-09 06:00:00,2026-07-09 14:00:00,0.92214,0.92246,0.92172,0.92217,7534.0
2026-07-09 10:00:00,2026-07-09 07:00:00,2026-07-09 15:00:00,0.92216,0.92277,0.922,0.92211,6807.0
2026-07-09 11:00:00,2026-07-09 08:00:00,2026-07-09 16:00:00,0.92207,0.92225,0.92166,0.92217,7149.0
2026-07-09 12:00:00,2026-07-09 09:00:00,2026-07-09 17:00:00,0.92216,0.92289,0.92215,0.92232,6143.0
2026-07-09 13:00:00,2026-07-09 10:00:00,2026-07-09 18:00:00,0.92231,0.9227,0.92214,0.92252,6281.0
2026-07-09 14:00:00,2026-07-09 11:00:00,2026-07-09 19:00:00,0.92253,0.92292,0.92251,0.92273,6453.0
2026-07-09 15:00:00,2026-07-09 12:00:00,2026-07-09 20:00:00,0.92274,0.9228,0.92233,0.92258,7395.0
2026-07-09 16:00:00,2026-07-09 13:00:00,2026-07-09 21:00:00,0.92257,0.92316,0.9225,0.9229,8267.0
2026-07-09 17:00:00,2026-07-09 14:00:00,2026-07-09 22:00:00,0.92289,0.92309,0.92235,0.92236,9253.0
2026-07-09 18:00:00,2026-07-09 15:00:00,2026-07-09 23:00:00,0.92237,0.92263,0.92223,0.92232,7863.0
2026-07-09 19:00:00,2026-07-09 16:00:00,2026-07-10 00:00:00,0.92233,0.92251,0.92216,0.92235,6516.0
2026-07-09 20:00:00,2026-07-09 17:00:00,2026-07-10 01:00:00,0.92237,0.92237,0.92185,0.92201,6066.0
2026-07-09 21:00:00,2026-07-09 18:00:00,2026-07-10 02:00:00,0.922,0.92227,0.92193,0.92223,5462.0
2026-07-09 22:00:00,2026-07-09 19:00:00,2026-07-10 03:00:00,0.92222,0.92242,0.9221,0.92222,5288.0
2026-07-09 23:00:00,2026-07-09 20:00:00,2026-07-10 04:00:00,0.92224,0.92246,0.92197,0.92234,3010.0
2026-07-10 00:00:00,2026-07-09 21:00:00,2026-07-10 05:00:00,0.92088,0.9223,0.92088,0.92176,1599.0
2026-07-10 01:00:00,2026-07-09 22:00:00,2026-07-10 06:00:00,0.92181,0.92248,0.92181,0.92223,1740.0
2026-07-10 02:00:00,2026-07-09 23:00:00,2026-07-10 07:00:00,0.92225,0.92225,0.92213,0.92214,1725.0
2026-07-10 03:00:00,2026-07-10 00:00:00,2026-07-10 08:00:00,0.92213,0.92227,0.92163,0.92169,6510.0
2026-07-10 04:00:00,2026-07-10 01:00:00,2026-07-10 09:00:00,0.9217,0.92178,0.92085,0.92095,8085.0
2026-07-10 05:00:00,2026-07-10 02:00:00,2026-07-10 10:00:00,0.92096,0.92098,0.92034,0.92042,7468.0
2026-07-10 06:00:00,2026-07-10 03:00:00,2026-07-10 11:00:00,0.92043,0.92061,0.92019,0.92037,4624.0
2026-07-10 07:00:00,2026-07-10 04:00:00,2026-07-10 12:00:00,0.92038,0.92077,0.92038,0.92072,4538.0
2026-07-10 08:00:00,2026-07-10 05:00:00,2026-07-10 13:00:00,0.92072,0.92083,0.92044,0.92059,5549.0
2026-07-10 09:00:00,2026-07-10 06:00:00,2026-07-10 14:00:00,0.92058,0.92122,0.92038,0.92107,7048.0
2026-07-10 10:00:00,2026-07-10 07:00:00,2026-07-10 15:00:00,0.92108,0.92156,0.92099,0.92113,7384.0
2026-07-10 11:00:00,2026-07-10 08:00:00,2026-07-10 16:00:00,0.92113,0.92182,0.92095,0.92163,7675.0
2026-07-10 12:00:00,2026-07-10 09:00:00,2026-07-10 17:00:00,0.92165,0.92204,0.92158,0.92202,6132.0
2026-07-10 13:00:00,2026-07-10 10:00:00,2026-07-10 18:00:00,0.92203,0.9224,0.92173,0.92224,6351.0
2026-07-10 14:00:00,2026-07-10 11:00:00,2026-07-10 19:00:00,0.92225,0.92243,0.92214,0.92223,6453.0
2026-07-10 15:00:00,2026-07-10 12:00:00,2026-07-10 20:00:00,0.92222,0.92258,0.92209,0.92234,7883.0
2026-07-10 16:00:00,2026-07-10 13:00:00,2026-07-10 21:00:00,0.92235,0.9228,0.92229,0.92263,8506.0
2026-07-10 17:00:00,2026-07-10 14:00:00,2026-07-10 22:00:00,0.92262,0.92305,0.92243,0.92287,9008.0
2026-07-10 18:00:00,2026-07-10 15:00:00,2026-07-10 23:00:00,0.92289,0.92294,0.92218,0.92221,9523.0
2026-07-10 19:00:00,2026-07-10 16:00:00,2026-07-11 00:00:00,0.92224,0.92257,0.92202,0.92253,7328.0
2026-07-10 20:00:00,2026-07-10 17:00:00,2026-07-11 01:00:00,0.92254,0.92291,0.92253,0.92276,6086.0
2026-07-10 21:00:00,2026-07-10 18:00:00,2026-07-11 02:00:00,0.92276,0.92309,0.92272,0.92301,5925.0
2026-07-10 22:00:00,2026-07-10 19:00:00,2026-07-11 03:00:00,0.92302,0.92324,0.92293,0.92307,5125.0
2026-07-10 23:00:00,2026-07-10 20:00:00,2026-07-11 04:00:00,0.92309,0.9232,0.92294,0.92306,3945.0
2026-07-13 00:00:00,2026-07-12 21:00:00,2026-07-13 05:00:00,0.92098,0.92221,0.92073,0.92198,920.0
2026-07-13 01:00:00,2026-07-12 22:00:00,2026-07-13 06:00:00,0.92201,0.92334,0.92201,0.92287,4382.0
2026-07-13 02:00:00,2026-07-12 23:00:00,2026-07-13 07:00:00,0.9229,0.92331,0.92285,0.92308,3628.0
2026-07-13 03:00:00,2026-07-13 00:00:00,2026-07-13 08:00:00,0.92307,0.92336,0.92287,0.92326,8702.0
2026-07-13 04:00:00,2026-07-13 01:00:00,2026-07-13 09:00:00,0.92325,0.9234,0.92296,0.92299,8618.0
2026-07-13 05:00:00,2026-07-13 02:00:00,2026-07-13 10:00:00,0.92298,0.9233,0.92291,0.92318,7198.0
2026-07-13 06:00:00,2026-07-13 03:00:00,2026-07-13 11:00:00,0.92319,0.92333,0.92306,0.92309,5979.0
2026-07-13 07:00:00,2026-07-13 04:00:00,2026-07-13 12:00:00,0.92309,0.92313,0.92285,0.923,5217.0
2026-07-13 08:00:00,2026-07-13 05:00:00,2026-07-13 13:00:00,0.92299,0.92337,0.92296,0.92319,7248.0
2026-07-13 09:00:00,2026-07-13 06:00:00,2026-07-13 14:00:00,0.92321,0.9236,0.92268,0.9227,8213.0
2026-07-13 10:00:00,2026-07-13 07:00:00,2026-07-13 15:00:00,0.92269,0.92411,0.92259,0.92386,9703.0
2026-07-13 11:00:00,2026-07-13 08:00:00,2026-07-13 16:00:00,0.92388,0.92454,0.92368,0.92425,9666.0
2026-07-13 12:00:00,2026-07-13 09:00:00,2026-07-13 17:00:00,0.92426,0.92513,0.92421,0.9251,7784.0
2026-07-13 13:00:00,2026-07-13 10:00:00,2026-07-13 18:00:00,0.92509,0.92586,0.92498,0.92509,7593.0
2026-07-13 14:00:00,2026-07-13 11:00:00,2026-07-13 19:00:00,0.9251,0.92518,0.92453,0.92509,8736.0
2026-07-13 15:00:00,2026-07-13 12:00:00,2026-07-13 20:00:00,0.9251,0.92584,0.92503,0.92543,8385.0
2026-07-13 16:00:00,2026-07-13 13:00:00,2026-07-13 21:00:00,0.92541,0.92591,0.92515,0.92552,9806.0
2026-07-13 17:00:00,2026-07-13 14:00:00,2026-07-13 22:00:00,0.92551,0.92622,0.92539,0.92588,10950.0
2026-07-13 18:00:00,2026-07-13 15:00:00,2026-07-13 23:00:00,0.92589,0.9263,0.92569,0.92616,8017.0
2026-07-13 19:00:00,2026-07-13 16:00:00,2026-07-14 00:00:00,0.92617,0.92667,0.92607,0.92655,10109.0
2026-07-13 20:00:00,2026-07-13 17:00:00,2026-07-14 01:00:00,0.92654,0.92705,0.92647,0.92699,7476.0
2026-07-13 21:00:00,2026-07-13 18:00:00,2026-07-14 02:00:00,0.927,0.92748,0.92699,0.92702,7125.0
2026-07-13 22:00:00,2026-07-13 19:00:00,2026-07-14 03:00:00,0.92701,0.9273,0.92697,0.92716,7532.0
2026-07-13 23:00:00,2026-07-13 20:00:00,2026-07-14 04:00:00,0.92715,0.92732,0.92712,0.92714,4251.0
2026-07-14 00:00:00,2026-07-13 21:00:00,2026-07-14 05:00:00,0.92638,0.92704,0.92628,0.92665,1527.0
2026-07-14 01:00:00,2026-07-13 22:00:00,2026-07-14 06:00:00,0.92678,0.92739,0.92678,0.92728,1990.0
2026-07-14 02:00:00,2026-07-13 23:00:00,2026-07-14 07:00:00,0.92729,0.92744,0.92721,0.92733,2774.0
2026-07-14 03:00:00,2026-07-14 00:00:00,2026-07-14 08:00:00,0.92734,0.92761,0.92719,0.92736,7714.0
2026-07-14 04:00:00,2026-07-14 01:00:00,2026-07-14 09:00:00,0.92738,0.92749,0.9273,0.92731,7141.0
2026-07-14 05:00:00,2026-07-14 02:00:00,2026-07-14 10:00:00,0.9273,0.92731,0.9268,0.92691,6393.0
2026-07-14 06:00:00,2026-07-14 03:00:00,2026-07-14 11:00:00,0.92693,0.92701,0.92678,0.92693,7367.0
2026-07-14 07:00:00,2026-07-14 04:00:00,2026-07-14 12:00:00,0.92694,0.92709,0.92691,0.92699,5972.0
2026-07-14 08:00:00,2026-07-14 05:00:00,2026-07-14 13:00:00,0.92698,0.92712,0.92662,0.92705,4910.0
2026-07-14 09:00:00,2026-07-14 06:00:00,2026-07-14 14:00:00,0.92703,0.92744,0.92691,0.92743,6433.0
2026-07-14 10:00:00,2026-07-14 07:00:00,2026-07-14 15:00:00,0.92744,0.92788,0.92725,0.92726,7478.0
2026-07-14 11:00:00,2026-07-14 08:00:00,2026-07-14 16:00:00,0.92725,0.92728,0.92615,0.92634,8249.0
2026-07-14 12:00:00,2026-07-14 09:00:00,2026-07-14 17:00:00,0.92631,0.92632,0.92559,0.9257,6582.0
2026-07-14 13:00:00,2026-07-14 10:00:00,2026-07-14 18:00:00,0.92569,0.92607,0.92554,0.92595,6465.0
2026-07-14 14:00:00,2026-07-14 11:00:00,2026-07-14 19:00:00,0.92593,0.92602,0.92537,0.92576,7882.0
2026-07-14 15:00:00,2026-07-14 12:00:00,2026-07-14 20:00:00,0.92574,0.92606,0.92422,0.92487,11399.0
2026-07-14 16:00:00,2026-07-14 13:00:00,2026-07-14 21:00:00,0.92486,0.92507,0.9243,0.92442,12110.0
2026-07-14 17:00:00,2026-07-14 14:00:00,2026-07-14 22:00:00,0.92443,0.92447,0.92357,0.92428,11335.0
2026-07-14 18:00:00,2026-07-14 15:00:00,2026-07-14 23:00:00,0.92429,0.9247,0.92378,0.92454,10471.0
2026-07-14 19:00:00,2026-07-14 16:00:00,2026-07-15 00:00:00,0.92455,0.92481,0.92435,0.92445,8310.0
2026-07-14 20:00:00,2026-07-14 17:00:00,2026-07-15 01:00:00,0.92446,0.92479,0.92432,0.92457,7095.0
2026-07-14 21:00:00,2026-07-14 18:00:00,2026-07-15 02:00:00,0.92458,0.92464,0.92427,0.92432,8398.0
2026-07-14 22:00:00,2026-07-14 19:00:00,2026-07-15 03:00:00,0.92431,0.9245,0.92424,0.92441,7914.0
2026-07-14 23:00:00,2026-07-14 20:00:00,2026-07-15 04:00:00,0.92442,0.92456,0.92409,0.92414,5898.0
2026-07-15 00:00:00,2026-07-14 21:00:00,2026-07-15 05:00:00,0.92281,0.92392,0.92281,0.92341,2210.0
2026-07-15 01:00:00,2026-07-14 22:00:00,2026-07-15 06:00:00,0.92338,0.92462,0.92338,0.92434,1850.0
2026-07-15 02:00:00,2026-07-14 23:00:00,2026-07-15 07:00:00,0.92433,0.92443,0.92427,0.92432,2537.0
2026-07-15 03:00:00,2026-07-15 00:00:00,2026-07-15 08:00:00,0.92431,0.92457,0.92424,0.92429,5669.0
2026-07-15 04:00:00,2026-07-15 01:00:00,2026-07-15 09:00:00,0.9243,0.92467,0.92412,0.92461,6746.0
2026-07-15 05:00:00,2026-07-15 02:00:00,2026-07-15 10:00:00,0.92461,0.92528,0.92459,0.92515,5258.0
2026-07-15 06:00:00,2026-07-15 03:00:00,2026-07-15 11:00:00,0.92515,0.92554,0.92506,0.9255,5490.0
2026-07-15 07:00:00,2026-07-15 04:00:00,2026-07-15 12:00:00,0.92551,0.92557,0.92541,0.9255,4340.0
2026-07-15 08:00:00,2026-07-15 05:00:00,2026-07-15 13:00:00,0.92551,0.92574,0.92528,0.92531,6378.0
2026-07-15 09:00:00,2026-07-15 06:00:00,2026-07-15 14:00:00,0.9253,0.92543,0.92481,0.92482,6816.0
2026-07-15 10:00:00,2026-07-15 07:00:00,2026-07-15 15:00:00,0.92484,0.9251,0.92444,0.92491,7264.0
2026-07-15 11:00:00,2026-07-15 08:00:00,2026-07-15 16:00:00,0.92488,0.92559,0.92488,0.92538,6622.0
2026-07-15 12:00:00,2026-07-15 09:00:00,2026-07-15 17:00:00,0.92537,0.92581,0.92526,0.92576,7407.0
2026-07-15 13:00:00,2026-07-15 10:00:00,2026-07-15 18:00:00,0.92576,0.92596,0.92548,0.92554,7035.0
2026-07-15 14:00:00,2026-07-15 11:00:00,2026-07-15 19:00:00,0.92555,0.92588,0.92543,0.92553,8203.0
2026-07-15 15:00:00,2026-07-15 12:00:00,2026-07-15 20:00:00,0.92554,0.92586,0.92453,0.92456,9546.0
2026-07-15 16:00:00,2026-07-15 13:00:00,2026-07-15 21:00:00,0.92455,0.92472,0.92364,0.92377,9422.0
2026-07-15 17:00:00,2026-07-15 14:00:00,2026-07-15 22:00:00,0.92378,0.92436,0.92329,0.92337,9843.0
2026-07-15 18:00:00,2026-07-15 15:00:00,2026-07-15 23:00:00,0.92334,0.92346,0.92209,0.92243,9076.0
2026-07-15 19:00:00,2026-07-15 16:00:00,2026-07-16 00:00:00,0.92242,0.92347,0.92227,0.92335,8362.0
2026-07-15 20:00:00,2026-07-15 17:00:00,2026-07-16 01:00:00,0.92336,0.92354,0.92283,0.92283,8285.0
2026-07-15 21:00:00,2026-07-15 18:00:00,2026-07-16 02:00:00,0.92282,0.92295,0.9222,0.92264,7183.0
2026-07-15 22:00:00,2026-07-15 19:00:00,2026-07-16 03:00:00,0.92263,0.92316,0.92243,0.92298,7006.0
2026-07-15 23:00:00,2026-07-15 20:00:00,2026-07-16 04:00:00,0.92298,0.92324,0.92288,0.92312,3244.0
2026-07-16 00:00:00,2026-07-15 21:00:00,2026-07-16 05:00:00,0.92229,0.92278,0.92197,0.92247,942.0
2026-07-16 01:00:00,2026-07-15 22:00:00,2026-07-16 06:00:00,0.92267,0.92316,0.92267,0.92307,3275.0
2026-07-16 02:00:00,2026-07-15 23:00:00,2026-07-16 07:00:00,0.92306,0.92307,0.92282,0.92297,2236.0
2026-07-16 03:00:00,2026-07-16 00:00:00,2026-07-16 08:00:00,0.92298,0.92353,0.92294,0.92339,6184.0
2026-07-16 04:00:00,2026-07-16 01:00:00,2026-07-16 09:00:00,0.92338,0.92383,0.92335,0.92373,6467.0
2026-07-16 05:00:00,2026-07-16 02:00:00,2026-07-16 10:00:00,0.92374,0.92436,0.9237,0.92418,5068.0
2026-07-16 06:00:00,2026-07-16 03:00:00,2026-07-16 11:00:00,0.92417,0.92422,0.92376,0.92398,4640.0
2026-07-16 07:00:00,2026-07-16 04:00:00,2026-07-16 12:00:00,0.92397,0.92431,0.92396,0.92424,4202.0
2026-07-16 08:00:00,2026-07-16 05:00:00,2026-07-16 13:00:00,0.92422,0.92444,0.92406,0.92433,5624.0
2026-07-16 09:00:00,2026-07-16 06:00:00,2026-07-16 14:00:00,0.92431,0.92448,0.92412,0.92428,5968.0
2026-07-16 10:00:00,2026-07-16 07:00:00,2026-07-16 15:00:00,0.92427,0.92471,0.92403,0.92454,7069.0
2026-07-16 11:00:00,2026-07-16 08:00:00,2026-07-16 16:00:00,0.92455,0.92537,0.92452,0.92518,6451.0
2026-07-16 12:00:00,2026-07-16 09:00:00,2026-07-16 17:00:00,0.92517,0.9256,0.92508,0.92558,6146.0
2026-07-16 13:00:00,2026-07-16 10:00:00,2026-07-16 18:00:00,0.9256,0.92565,0.92507,0.92526,6132.0
2026-07-16 14:00:00,2026-07-16 11:00:00,2026-07-16 19:00:00,0.92527,0.92534,0.92484,0.92504,7856.0
2026-07-16 15:00:00,2026-07-16 12:00:00,2026-07-16 20:00:00,0.92503,0.92522,0.9248,0.92515,9041.0
2026-07-16 16:00:00,2026-07-16 13:00:00,2026-07-16 21:00:00,0.92514,0.92564,0.92487,0.92503,10241.0
2026-07-16 17:00:00,2026-07-16 14:00:00,2026-07-16 22:00:00,0.92504,0.92546,0.92486,0.9253,7896.0
2026-07-16 18:00:00,2026-07-16 15:00:00,2026-07-16 23:00:00,0.92528,0.92531,0.92465,0.92484,7211.0
2026-07-16 19:00:00,2026-07-16 16:00:00,2026-07-17 00:00:00,0.92483,0.92565,0.92476,0.92552,7121.0
2026-07-16 20:00:00,2026-07-16 17:00:00,2026-07-17 01:00:00,0.92553,0.9256,0.92498,0.9251,5958.0
2026-07-16 21:00:00,2026-07-16 18:00:00,2026-07-17 02:00:00,0.92511,0.92534,0.92499,0.92519,6055.0
2026-07-16 22:00:00,2026-07-16 19:00:00,2026-07-17 03:00:00,0.92518,0.92543,0.92515,0.92533,5291.0
2026-07-16 23:00:00,2026-07-16 20:00:00,2026-07-17 04:00:00,0.92532,0.92541,0.92523,0.92523,3959.0
2026-07-17 00:00:00,2026-07-16 21:00:00,2026-07-17 05:00:00,0.92403,0.92501,0.92403,0.9247,1548.0
2026-07-17 01:00:00,2026-07-16 22:00:00,2026-07-17 06:00:00,0.92477,0.92542,0.92477,0.92533,1307.0
2026-07-17 02:00:00,2026-07-16 23:00:00,2026-07-17 07:00:00,0.92532,0.92541,0.92522,0.92531,1700.0
2026-07-17 03:00:00,2026-07-17 00:00:00,2026-07-17 08:00:00,0.9253,0.92536,0.92494,0.92511,4117.0
2026-07-17 04:00:00,2026-07-17 01:00:00,2026-07-17 09:00:00,0.92513,0.92546,0.92503,0.92542,5593.0
2026-07-17 05:00:00,2026-07-17 02:00:00,2026-07-17 10:00:00,0.92543,0.92546,0.92522,0.92533,4892.0
2026-07-17 06:00:00,2026-07-17 03:00:00,2026-07-17 11:00:00,0.92533,0.92535,0.92514,0.92531,4493.0
2026-07-17 07:00:00,2026-07-17 04:00:00,2026-07-17 12:00:00,0.9253,0.92539,0.9252,0.92536,3824.0
2026-07-17 08:00:00,2026-07-17 05:00:00,2026-07-17 13:00:00,0.92535,0.92548,0.92511,0.92519,5724.0
2026-07-17 09:00:00,2026-07-17 06:00:00,2026-07-17 14:00:00,0.9252,0.92522,0.92477,0.92498,8271.0
2026-07-17 10:00:00,2026-07-17 07:00:00,2026-07-17 15:00:00,0.92497,0.92502,0.92362,0.92386,6017.0
2026-07-17 11:00:00,2026-07-17 08:00:00,2026-07-17 16:00:00,0.92385,0.92398,0.92271,0.92273,7299.0
2026-07-17 12:00:00,2026-07-17 09:00:00,2026-07-17 17:00:00,0.92274,0.92409,0.92272,0.92376,6278.0
2026-07-17 13:00:00,2026-07-17 10:00:00,2026-07-17 18:00:00,0.92375,0.92388,0.92306,0.92323,5934.0
2026-07-17 14:00:00,2026-07-17 11:00:00,2026-07-17 19:00:00,0.9232,0.92324,0.92241,0.92259,6218.0
2026-07-17 15:00:00,2026-07-17 12:00:00,2026-07-17 20:00:00,0.92261,0.92281,0.92253,0.92279,6239.0
2026-07-17 16:00:00,2026-07-17 13:00:00,2026-07-17 21:00:00,0.9228,0.92345,0.92269,0.92328,9266.0
2026-07-17 17:00:00,2026-07-17 14:00:00,2026-07-17 22:00:00,0.92334,0.92368,0.92272,0.92284,8792.0
2026-07-17 18:00:00,2026-07-17 15:00:00,2026-07-17 23:00:00,0.92283,0.92313,0.92243,0.92303,7586.0
2026-07-17 19:00:00,2026-07-17 16:00:00,2026-07-18 00:00:00,0.92303,0.92347,0.92299,0.92344,6960.0
2026-07-17 20:00:00,2026-07-17 17:00:00,2026-07-18 01:00:00,0.92344,0.92345,0.92327,0.92335,6377.0
2026-07-17 21:00:00,2026-07-17 18:00:00,2026-07-18 02:00:00,0.92336,0.92344,0.92321,0.9234,5783.0
2026-07-17 22:00:00,2026-07-17 19:00:00,2026-07-18 03:00:00,0.92341,0.92371,0.92336,0.92357,5362.0
2026-07-17 23:00:00,2026-07-17 20:00:00,2026-07-18 04:00:00,0.92356,0.92375,0.92344,0.92345,2696.0
2026-07-20 00:00:00,2026-07-19 21:00:00,2026-07-20 05:00:00,0.9227,0.92394,0.92235,0.92326,4809.0
2026-07-20 01:00:00,2026-07-19 22:00:00,2026-07-20 06:00:00,0.92344,0.92395,0.92333,0.92393,3324.0
2026-07-20 02:00:00,2026-07-19 23:00:00,2026-07-20 07:00:00,0.92391,0.92401,0.92376,0.92387,2587.0
2026-07-20 03:00:00,2026-07-20 00:00:00,2026-07-20 08:00:00,0.92386,0.92411,0.9238,0.92387,6357.0
2026-07-20 04:00:00,2026-07-20 01:00:00,2026-07-20 09:00:00,0.92386,0.92402,0.9237,0.92394,6286.0
2026-07-20 05:00:00,2026-07-20 02:00:00,2026-07-20 10:00:00,0.92393,0.92397,0.9238,0.92386,4910.0
2026-07-20 06:00:00,2026-07-20 03:00:00,2026-07-20 11:00:00,0.92385,0.92387,0.92366,0.92373,3696.0
2026-07-20 07:00:00,2026-07-20 04:00:00,2026-07-20 12:00:00,0.92372,0.92374,0.92354,0.92358,3675.0
2026-07-20 08:00:00,2026-07-20 05:00:00,2026-07-20 13:00:00,0.92357,0.92368,0.92343,0.9236,3843.0
2026-07-20 09:00:00,2026-07-20 06:00:00,2026-07-20 14:00:00,0.92362,0.92365,0.92296,0.92323,5222.0
2026-07-20 10:00:00,2026-07-20 07:00:00,2026-07-20 15:00:00,0.92325,0.92374,0.92273,0.92287,6734.0
2026-07-20 11:00:00,2026-07-20 08:00:00,2026-07-20 16:00:00,0.92286,0.92315,0.92271,0.92312,5340.0
2026-07-20 12:00:00,2026-07-20 09:00:00,2026-07-20 17:00:00,0.92313,0.92379,0.92302,0.92355,5902.0
2026-07-20 13:00:00,2026-07-20 10:00:00,2026-07-20 18:00:00,0.9236,0.92366,0.92326,0.92352,5197.0
2026-07-20 14:00:00,2026-07-20 11:00:00,2026-07-20 19:00:00,0.92353,0.92389,0.92311,0.92325,7266.0
2026-07-20 15:00:00,2026-07-20 12:00:00,2026-07-20 20:00:00,0.9233,0.9241,0.9233,0.92396,7370.0
2026-07-20 16:00:00,2026-07-20 13:00:00,2026-07-20 21:00:00,0.92398,0.92421,0.92372,0.924,7256.0
2026-07-20 17:00:00,2026-07-20 14:00:00,2026-07-20 22:00:00,0.92402,0.92454,0.92385,0.92433,7793.0
2026-07-20 18:00:00,2026-07-20 15:00:00,2026-07-20 23:00:00,0.92434,0.92468,0.92428,0.92467,8257.0
2026-07-20 19:00:00,2026-07-20 16:00:00,2026-07-21 00:00:00,0.92468,0.92482,0.9245,0.92466,7828.0
2026-07-20 20:00:00,2026-07-20 17:00:00,2026-07-21 01:00:00,0.92464,0.92466,0.92442,0.92457,4966.0
2026-07-20 21:00:00,2026-07-20 18:00:00,2026-07-21 02:00:00,0.92456,0.92472,0.92452,0.92457,6515.0
2026-07-20 22:00:00,2026-07-20 19:00:00,2026-07-21 03:00:00,0.92458,0.92474,0.92454,0.92471,7453.0
2026-07-20 23:00:00,2026-07-20 20:00:00,2026-07-21 04:00:00,0.9247,0.92488,0.92468,0.92482,4401.0
2026-07-21 00:00:00,2026-07-20 21:00:00,2026-07-21 05:00:00,0.92358,0.92445,0.92358,0.92395,1556.0
2026-07-21 01:00:00,2026-07-20 22:00:00,2026-07-21 06:00:00,0.92399,0.92482,0.92399,0.92473,1535.0
2026-07-21 02:00:00,2026-07-20 23:00:00,2026-07-21 07:00:00,0.92473,0.92481,0.92466,0.92467,1237.0
2026-07-21 03:00:00,2026-07-21 00:00:00,2026-07-21 08:00:00,0.92466,0.92494,0.92463,0.92491,3099.0
2026-07-21 04:00:00,2026-07-21 01:00:00,2026-07-21 09:00:00,0.9249,0.92508,0.92476,0.92505,4637.0
2026-07-21 05:00:00,2026-07-21 02:00:00,2026-07-21 10:00:00,0.92504,0.92511,0.92488,0.92492,4512.0
2026-07-21 06:00:00,2026-07-21 03:00:00,2026-07-21 11:00:00,0.92492,0.9252,0.92492,0.92516,3386.0
2026-07-21 07:00:00,2026-07-21 04:00:00,2026-07-21 12:00:00,0.92515,0.92517,0.92503,0.92508,2876.0
2026-07-21 08:00:00,2026-07-21 05:00:00,2026-07-21 13:00:00,0.92508,0.92519,0.92501,0.9251,3682.0
2026-07-21 09:00:00,2026-07-21 06:00:00,2026-07-21 14:00:00,0.92509,0.92514,0.9247,0.92504,4851.0
2026-07-21 10:00:00,2026-07-21 07:00:00,2026-07-21 15:00:00,0.92504,0.9252,0.92447,0.92495,4918.0
2026-07-21 11:00:00,2026-07-21 08:00:00,2026-07-21 16:00:00,0.92496,0.92572,0.92472,0.92532,4518.0
2026-07-21 12:00:00,2026-07-21 09:00:00,2026-07-21 17:00:00,0.92531,0.92556,0.92503,0.92514,4206.0
2026-07-21 13:00:00,2026-07-21 10:00:00,2026-07-21 18:00:00,0.92513,0.92526,0.92465,0.92512,4674.0
2026-07-21 14:00:00,2026-07-21 11:00:00,2026-07-21 19:00:00,0.9251,0.92575,0.92505,0.92564,6963.0
2026-07-21 15:00:00,2026-07-21 12:00:00,2026-07-21 20:00:00,0.92563,0.92595,0.92549,0.92566,6743.0
2026-07-21 16:00:00,2026-07-21 13:00:00,2026-07-21 21:00:00,0.92568,0.92627,0.92563,0.92606,6677.0
2026-07-21 17:00:00,2026-07-21 14:00:00,2026-07-21 22:00:00,0.92606,0.92698,0.92578,0.92679,7097.0
2026-07-21 18:00:00,2026-07-21 15:00:00,2026-07-21 23:00:00,0.92677,0.92684,0.92639,0.92653,6511.0
2026-07-21 19:00:00,2026-07-21 16:00:00,2026-07-22 00:00:00,0.92653,0.92671,0.92649,0.92664,4402.0
2026-07-21 20:00:00,2026-07-21 17:00:00,2026-07-22 01:00:00,0.92665,0.92691,0.9266,0.92686,3881.0
2026-07-21 21:00:00,2026-07-21 18:00:00,2026-07-22 02:00:00,0.92685,0.92698,0.92676,0.92692,4588.0
2026-07-21 22:00:00,2026-07-21 19:00:00,2026-07-22 03:00:00,0.92691,0.92699,0.92652,0.92655,4638.0
2026-07-21 23:00:00,2026-07-21 20:00:00,2026-07-22 04:00:00,0.92654,0.92669,0.92643,0.92646,3329.0
2026-07-22 00:00:00,2026-07-21 21:00:00,2026-07-22 05:00:00,0.92523,0.92629,0.92523,0.92613,728.0
2026-07-22 01:00:00,2026-07-21 22:00:00,2026-07-22 06:00:00,0.92621,0.92668,0.9262,0.92667,1300.0
2026-07-22 02:00:00,2026-07-21 23:00:00,2026-07-22 07:00:00,0.92666,0.92678,0.92657,0.92658,1491.0
2026-07-22 03:00:00,2026-07-22 00:00:00,2026-07-22 08:00:00,0.92657,0.92684,0.92654,0.92678,4596.0
2026-07-22 04:00:00,2026-07-22 01:00:00,2026-07-22 09:00:00,0.92679,0.92712,0.92666,0.92704,3832.0
2026-07-22 05:00:00,2026-07-22 02:00:00,2026-07-22 10:00:00,0.92705,0.92708,0.92687,0.92692,2724.0
2026-07-22 06:00:00,2026-07-22 03:00:00,2026-07-22 11:00:00,0.92692,0.92718,0.92689,0.92714,2497.0
2026-07-22 07:00:00,2026-07-22 04:00:00,2026-07-22 12:00:00,0.92713,0.92745,0.92711,0.9274,1640.0
2026-07-22 08:00:00,2026-07-22 05:00:00,2026-07-22 13:00:00,0.92741,0.92743,0.92706,0.92712,3575.0
2026-07-22 09:00:00,2026-07-22 06:00:00,2026-07-22 14:00:00,0.92713,0.92728,0.92697,0.92716,5399.0
2026-07-22 10:00:00,2026-07-22 07:00:00,2026-07-22 15:00:00,0.92713,0.92727,0.92638,0.92653,5635.0
2026-07-22 11:00:00,2026-07-22 08:00:00,2026-07-22 16:00:00,0.92654,0.92661,0.92609,0.92628,5818.0
2026-07-22 12:00:00,2026-07-22 09:00:00,2026-07-22 17:00:00,0.92627,0.9269,0.92613,0.92669,5043.0
2026-07-22 13:00:00,2026-07-22 10:00:00,2026-07-22 18:00:00,0.92668,0.92703,0.92659,0.92667,5404.0
2026-07-22 14:00:00,2026-07-22 11:00:00,2026-07-22 19:00:00,0.92666,0.92712,0.92656,0.92695,6290.0
2026-07-22 15:00:00,2026-07-22 12:00:00,2026-07-22 20:00:00,0.92692,0.92717,0.92643,0.92702,6824.0
2026-07-22 16:00:00,2026-07-22 13:00:00,2026-07-22 21:00:00,0.92699,0.92717,0.92666,0.92714,7295.0
2026-07-22 17:00:00,2026-07-22 14:00:00,2026-07-22 22:00:00,0.92715,0.92827,0.92713,0.92826,8337.0
2026-07-22 18:00:00,2026-07-22 15:00:00,2026-07-22 23:00:00,0.92827,0.92844,0.92778,0.92837,6570.0
2026-07-22 19:00:00,2026-07-22 16:00:00,2026-07-23 00:00:00,0.92836,0.9291,0.92829,0.9291,5111.0
2026-07-22 20:00:00,2026-07-22 17:00:00,2026-07-23 01:00:00,0.92908,0.92942,0.92899,0.92936,4931.0
2026-07-22 21:00:00,2026-07-22 18:00:00,2026-07-23 02:00:00,0.92935,0.9296,0.92931,0.92955,5381.0
2026-07-22 22:00:00,2026-07-22 19:00:00,2026-07-23 03:00:00,0.92954,0.92969,0.9294,0.92941,4246.0
2026-07-22 23:00:00,2026-07-22 20:00:00,2026-07-23 04:00:00,0.9294,0.92951,0.92931,0.92934,3309.0
2026-07-23 00:00:00,2026-07-22 21:00:00,2026-07-23 05:00:00,0.92881,0.92924,0.92881,0.92904,927.0
2026-07-23 01:00:00,2026-07-22 22:00:00,2026-07-23 06:00:00,0.92916,0.92946,0.92913,0.92921,1381.0
2026-07-23 02:00:00,2026-07-22 23:00:00,2026-07-23 07:00:00,0.92919,0.92929,0.92902,0.92917,1705.0
2026-07-23 03:00:00,2026-07-23 00:00:00,2026-07-23 08:00:00,0.92916,0.92934,0.92897,0.92924,4117.0
2026-07-23 04:00:00,2026-07-23 01:00:00,2026-07-23 09:00:00,0.92923,0.92947,0.92916,0.92939,5096.0
2026-07-23 05:00:00,2026-07-23 02:00:00,2026-07-23 10:00:00,0.92939,0.92974,0.92938,0.92962,4142.0
2026-07-23 06:00:00,2026-07-23 03:00:00,2026-07-23 11:00:00,0.92961,0.92969,0.92941,0.92955,3896.0
2026-07-23 07:00:00,2026-07-23 04:00:00,2026-07-23 12:00:00,0.92954,0.9298,0.92949,0.92972,4628.0
2026-07-23 08:00:00,2026-07-23 05:00:00,2026-07-23 13:00:00,0.92971,0.92977,0.92954,0.92965,3683.0
2026-07-23 09:00:00,2026-07-23 06:00:00,2026-07-23 14:00:00,0.92966,0.93008,0.92961,0.93006,4003.0
2026-07-23 10:00:00,2026-07-23 07:00:00,2026-07-23 15:00:00,0.93004,0.93155,0.93003,0.93078,5683.0
2026-07-23 11:00:00,2026-07-23 08:00:00,2026-07-23 16:00:00,0.93079,0.93085,0.92961,0.92964,6368.0
2026-07-23 12:00:00,2026-07-23 09:00:00,2026-07-23 17:00:00,0.92965,0.93006,0.9294,0.92973,4648.0
2026-07-23 13:00:00,2026-07-23 10:00:00,2026-07-23 18:00:00,0.92974,0.92982,0.92941,0.92955,5080.0
2026-07-23 14:00:00,2026-07-23 11:00:00,2026-07-23 19:00:00,0.92954,0.93,0.92945,0.92981,6495.0
2026-07-23 15:00:00,2026-07-23 12:00:00,2026-07-23 20:00:00,0.92982,0.9299,0.92937,0.92975,7825.0
2026-07-23 16:00:00,2026-07-23 13:00:00,2026-07-23 21:00:00,0.92973,0.92991,0.92864,0.92881,8716.0
2026-07-23 17:00:00,2026-07-23 14:00:00,2026-07-23 22:00:00,0.92883,0.92893,0.92818,0.92843,9228.0
2026-07-23 18:00:00,2026-07-23 15:00:00,2026-07-23 23:00:00,0.92843,0.92973,0.92812,0.92943,8106.0
2026-07-23 19:00:00,2026-07-23 16:00:00,2026-07-24 00:00:00,0.92942,0.92947,0.92871,0.92889,6379.0
2026-07-23 20:00:00,2026-07-23 17:00:00,2026-07-24 01:00:00,0.9289,0.92937,0.92857,0.92933,4859.0
2026-07-23 21:00:00,2026-07-23 18:00:00,2026-07-24 02:00:00,0.92934,0.9295,0.92917,0.92934,4474.0
2026-07-23 22:00:00,2026-07-23 19:00:00,2026-07-24 03:00:00,0.92935,0.92942,0.92905,0.92928,4432.0
2026-07-23 23:00:00,2026-07-23 20:00:00,2026-07-24 04:00:00,0.92929,0.92941,0.92916,0.92934,2460.0
2026-07-24 00:00:00,2026-07-23 21:00:00,2026-07-24 05:00:00,0.92815,0.9293,0.92815,0.92853,1927.0
2026-07-24 01:00:00,2026-07-23 22:00:00,2026-07-24 06:00:00,0.92873,0.92937,0.92873,0.92931,1623.0
2026-07-24 02:00:00,2026-07-23 23:00:00,2026-07-24 07:00:00,0.9293,0.92942,0.92922,0.92933,1664.0
2026-07-24 03:00:00,2026-07-24 00:00:00,2026-07-24 08:00:00,0.92938,0.92953,0.92921,0.92928,6065.0
2026-07-24 04:00:00,2026-07-24 01:00:00,2026-07-24 09:00:00,0.92927,0.92954,0.92909,0.92947,6533.0
2026-07-24 05:00:00,2026-07-24 02:00:00,2026-07-24 10:00:00,0.92948,0.92999,0.92941,0.92992,5474.0
2026-07-24 06:00:00,2026-07-24 03:00:00,2026-07-24 11:00:00,0.92991,0.93008,0.92987,0.92995,4289.0
2026-07-24 07:00:00,2026-07-24 04:00:00,2026-07-24 12:00:00,0.92996,0.93023,0.92989,0.93009,3851.0
2026-07-24 08:00:00,2026-07-24 05:00:00,2026-07-24 13:00:00,0.93007,0.93009,0.92982,0.92984,4194.0
2026-07-24 09:00:00,2026-07-24 06:00:00,2026-07-24 14:00:00,0.92985,0.93006,0.92977,0.92996,6067.0
2026-07-24 10:00:00,2026-07-24 07:00:00,2026-07-24 15:00:00,0.92996,0.93006,0.92937,0.92969,6756.0
2026-07-24 11:00:00,2026-07-24 08:00:00,2026-07-24 16:00:00,0.92969,0.92977,0.92918,0.92947,6283.0
2026-07-24 12:00:00,2026-07-24 09:00:00,2026-07-24 17:00:00,0.92944,0.92991,0.92933,0.92978,5968.0
2026-07-24 13:00:00,2026-07-24 10:00:00,2026-07-24 18:00:00,0.92977,0.93011,0.9297,0.92983,6552.0
2026-07-24 14:00:00,2026-07-24 11:00:00,2026-07-24 19:00:00,0.92981,0.93039,0.92972,0.93001,5947.0
2026-07-24 15:00:00,2026-07-24 12:00:00,2026-07-24 20:00:00,0.93002,0.93035,0.92983,0.93005,6651.0
2026-07-24 16:00:00,2026-07-24 13:00:00,2026-07-24 21:00:00,0.93004,0.93055,0.92998,0.93042,7941.0
2026-07-24 17:00:00,2026-07-24 14:00:00,2026-07-24 22:00:00,0.9304,0.93044,0.92998,0.93024,7253.0
2026-07-24 18:00:00,2026-07-24 15:00:00,2026-07-24 23:00:00,0.93023,0.93029,0.92972,0.92984,7507.0
2026-07-24 19:00:00,2026-07-24 16:00:00,2026-07-25 00:00:00,0.92985,0.93001,0.92954,0.92997,4177.0
2026-07-24 20:00:00,2026-07-24 17:00:00,2026-07-25 01:00:00,0.93,0.93034,0.9299,0.93029,4830.0
2026-07-24 21:00:00,2026-07-24 18:00:00,2026-07-25 02:00:00,0.9303,0.93047,0.93026,0.93027,4361.0
2026-07-24 22:00:00,2026-07-24 19:00:00,2026-07-25 03:00:00,0.93029,0.93046,0.93022,0.93043,4064.0
2026-07-24 23:00:00,2026-07-24 20:00:00,2026-07-25 04:00:00,0.93044,0.9305,0.93033,0.93044,2238.0
2026-07-27 00:00:00,2026-07-26 21:00:00,2026-07-27 05:00:00,0.92901,0.93005,0.92868,0.92889,1609.0
2026-07-27 01:00:00,2026-07-26 22:00:00,2026-07-27 06:00:00,0.92895,0.93034,0.92893,0.93029,3044.0
2026-07-27 02:00:00,2026-07-26 23:00:00,2026-07-27 07:00:00,0.93028,0.93033,0.93011,0.93012,2422.0
2026-07-27 03:00:00,2026-07-27 00:00:00,2026-07-27 08:00:00,0.93013,0.93016,0.92903,0.92929,8173.0
2026-07-27 04:00:00,2026-07-27 01:00:00,2026-07-27 09:00:00,0.9293,0.92939,0.92901,0.92901,6294.0
2026-07-27 05:00:00,2026-07-27 02:00:00,2026-07-27 10:00:00,0.92899,0.92944,0.92897,0.92935,3670.0
2026-07-27 06:00:00,2026-07-27 03:00:00,2026-07-27 11:00:00,0.92936,0.92953,0.9293,0.92935,3569.0
2026-07-27 07:00:00,2026-07-27 04:00:00,2026-07-27 12:00:00,0.92935,0.92953,0.92925,0.92945,2625.0
2026-07-27 08:00:00,2026-07-27 05:00:00,2026-07-27 13:00:00,0.92945,0.92983,0.92944,0.92978,2829.0
2026-07-27 09:00:00,2026-07-27 06:00:00,2026-07-27 14:00:00,0.92979,0.92983,0.92896,0.92931,5854.0
2026-07-27 10:00:00,2026-07-27 07:00:00,2026-07-27 15:00:00,0.92933,0.92945,0.92871,0.92913,6340.0
2026-07-27 11:00:00,2026-07-27 08:00:00,2026-07-27 16:00:00,0.92912,0.92938,0.92896,0.92918,5976.0
2026-07-27 12:00:00,2026-07-27 09:00:00,2026-07-27 17:00:00,0.92917,0.92921,0.92847,0.92869,4880.0
2026-07-27 13:00:00,2026-07-27 10:00:00,2026-07-27 18:00:00,0.9287,0.92878,0.92834,0.92874,5232.0
2026-07-27 14:00:00,2026-07-27 11:00:00,2026-07-27 19:00:00,0.92875,0.9289,0.92827,0.92839,5921.0
2026-07-27 15:00:00,2026-07-27 12:00:00,2026-07-27 20:00:00,0.92838,0.92945,0.92794,0.9293,5477.0
2026-07-27 16:00:00,2026-07-27 13:00:00,2026-07-27 21:00:00,0.92937,0.93153,0.92932,0.93083,10091.0
2026-07-27 17:00:00,2026-07-27 14:00:00,2026-07-27 22:00:00,0.93086,0.93127,0.93032,0.93096,6918.0
2026-07-27 18:00:00,2026-07-27 15:00:00,2026-07-27 23:00:00,0.93097,0.93124,0.93081,0.93123,6873.0
2026-07-27 19:00:00,2026-07-27 16:00:00,2026-07-28 00:00:00,0.93122,0.93152,0.93081,0.93086,6267.0
2026-07-27 20:00:00,2026-07-27 17:00:00,2026-07-28 01:00:00,0.93086,0.93136,0.93085,0.93135,4636.0
2026-07-27 21:00:00,2026-07-27 18:00:00,2026-07-28 02:00:00,0.93136,0.93136,0.931,0.93105,4266.0
2026-07-27 22:00:00,2026-07-27 19:00:00,2026-07-28 03:00:00,0.93104,0.93153,0.93101,0.9313,3853.0
2026-07-27 23:00:00,2026-07-27 20:00:00,2026-07-28 04:00:00,0.93131,0.93149,0.93131,0.93136,3547.0
2026-07-28 00:00:00,2026-07-27 21:00:00,2026-07-28 05:00:00,0.93057,0.93099,0.92964,0.93052,1815.0
2026-07-28 01:00:00,2026-07-27 22:00:00,2026-07-28 06:00:00,0.93051,0.93157,0.93051,0.93154,1737.0
2026-07-28 02:00:00,2026-07-27 23:00:00,2026-07-28 07:00:00,0.93156,0.9316,0.93131,0.93159,1959.0
2026-07-28 03:00:00,2026-07-28 00:00:00,2026-07-28 08:00:00,0.93158,0.93176,0.93111,0.93127,3582.0
2026-07-28 04:00:00,2026-07-28 01:00:00,2026-07-28 09:00:00,0.93125,0.93155,0.93106,0.93143,3441.0
2026-07-28 05:00:00,2026-07-28 02:00:00,2026-07-28 10:00:00,0.93144,0.93153,0.93124,0.93138,2528.0
2026-07-28 06:00:00,2026-07-28 03:00:00,2026-07-28 11:00:00,0.93137,0.93143,0.93127,0.93134,3120.0
2026-07-28 07:00:00,2026-07-28 04:00:00,2026-07-28 12:00:00,0.93133,0.93142,0.93114,0.93132,3216.0
2026-07-28 08:00:00,2026-07-28 05:00:00,2026-07-28 13:00:00,0.93131,0.93138,0.931,0.9313,3882.0
2026-07-28 09:00:00,2026-07-28 06:00:00,2026-07-28 14:00:00,0.93128,0.93156,0.93091,0.93154,5178.0
2026-07-28 10:00:00,2026-07-28 07:00:00,2026-07-28 15:00:00,0.93154,0.93187,0.93143,0.93184,5382.0
2026-07-28 11:00:00,2026-07-28 08:00:00,2026-07-28 16:00:00,0.93184,0.9321,0.93156,0.93176,4398.0
2026-07-28 12:00:00,2026-07-28 09:00:00,2026-07-28 17:00:00,0.93175,0.9318,0.93141,0.93148,4167.0
2026-07-28 13:00:00,2026-07-28 10:00:00,2026-07-28 18:00:00,0.93147,0.93177,0.93128,0.93173,4869.0
2026-07-28 14:00:00,2026-07-28 11:00:00,2026-07-28 19:00:00,0.93171,0.93186,0.93125,0.93147,5024.0
2026-07-28 15:00:00,2026-07-28 12:00:00,2026-07-28 20:00:00,0.93146,0.93207,0.93146,0.9315,4329.0
2026-07-28 16:00:00,2026-07-28 13:00:00,2026-07-28 21:00:00,0.93151,0.93161,0.9309,0.93111,6210.0
2026-07-28 17:00:00,2026-07-28 14:00:00,2026-07-28 22:00:00,0.93107,0.93182,0.93094,0.93179,6918.0
2026-07-28 18:00:00,2026-07-28 15:00:00,2026-07-28 23:00:00,0.93179,0.93204,0.93114,0.9314,8933.0
2026-07-28 19:00:00,2026-07-28 16:00:00,2026-07-29 00:00:00,0.93141,0.93214,0.93131,0.93196,5691.0
2026-07-28 20:00:00,2026-07-28 17:00:00,2026-07-29 01:00:00,0.93196,0.93238,0.93184,0.93225,4567.0
2026-07-28 21:00:00,2026-07-28 18:00:00,2026-07-29 02:00:00,0.93226,0.93268,0.93216,0.93258,3783.0
2026-07-28 22:00:00,2026-07-28 19:00:00,2026-07-29 03:00:00,0.93257,0.933,0.9325,0.93297,3596.0
2026-07-28 23:00:00,2026-07-28 20:00:00,2026-07-29 04:00:00,0.93298,0.93308,0.93271,0.93289,3163.0
2026-07-29 00:00:00,2026-07-28 21:00:00,2026-07-29 05:00:00,0.93152,0.93283,0.93125,0.93248,1954.0
2026-07-29 01:00:00,2026-07-28 22:00:00,2026-07-29 06:00:00,0.93255,0.93306,0.93247,0.93302,2328.0
2026-07-29 02:00:00,2026-07-28 23:00:00,2026-07-29 07:00:00,0.93301,0.93313,0.93287,0.93306,1948.0
2026-07-29 03:00:00,2026-07-29 00:00:00,2026-07-29 08:00:00,0.93306,0.9332,0.93287,0.93293,4382.0
2026-07-29 04:00:00,2026-07-29 01:00:00,2026-07-29 09:00:00,0.93294,0.933,0.93224,0.93241,5583.0
2026-07-29 05:00:00,2026-07-29 02:00:00,2026-07-29 10:00:00,0.93242,0.93269,0.93228,0.93235,4005.0
2026-07-29 06:00:00,2026-07-29 03:00:00,2026-07-29 11:00:00,0.93234,0.93243,0.93209,0.9322,3382.0
2026-07-29 07:00:00,2026-07-29 04:00:00,2026-07-29 12:00:00,0.93219,0.93219,0.93154,0.93178,4869.0
2026-07-29 08:00:00,2026-07-29 05:00:00,2026-07-29 13:00:00,0.9318,0.93211,0.93158,0.93208,4339.0
2026-07-29 09:00:00,2026-07-29 06:00:00,2026-07-29 14:00:00,0.93207,0.93245,0.93196,0.93229,4715.0
2026-07-29 10:00:00,2026-07-29 07:00:00,2026-07-29 15:00:00,0.93229,0.93334,0.93201,0.93317,4960.0
2026-07-29 11:00:00,2026-07-29 08:00:00,2026-07-29 16:00:00,0.93317,0.9337,0.93313,0.93339,5899.0
2026-07-29 12:00:00,2026-07-29 09:00:00,2026-07-29 17:00:00,0.9334,0.93398,0.93325,0.93392,4430.0
2026-07-29 13:00:00,2026-07-29 10:00:00,2026-07-29 18:00:00,0.93394,0.93427,0.93341,0.93351,5651.0
2026-07-29 14:00:00,2026-07-29 11:00:00,2026-07-29 19:00:00,0.93352,0.93373,0.93291,0.93292,5205.0
2026-07-29 15:00:00,2026-07-29 12:00:00,2026-07-29 20:00:00,0.93291,0.93335,0.93262,0.93269,7033.0
2026-07-29 16:00:00,2026-07-29 13:00:00,2026-07-29 21:00:00,0.93269,0.93283,0.93199,0.93227,6509.0
2026-07-29 17:00:00,2026-07-29 14:00:00,2026-07-29 22:00:00,0.93226,0.93371,0.93221,0.93367,9053.0
2026-07-29 18:00:00,2026-07-29 15:00:00,2026-07-29 23:00:00,0.93366,0.93372,0.93314,0.93333,7306.0
2026-07-29 19:00:00,2026-07-29 16:00:00,2026-07-30 00:00:00,0.93332,0.93406,0.93328,0.934,6549.0
2026-07-29 20:00:00,2026-07-29 17:00:00,2026-07-30 01:00:00,0.93402,0.9345,0.93392,0.93395,7235.0
2026-07-29 21:00:00,2026-07-29 18:00:00,2026-07-30 02:00:00,0.93389,0.9341,0.9326,0.93324,15509.0
2026-07-29 22:00:00,2026-07-29 19:00:00,2026-07-30 03:00:00,0.93323,0.93362,0.93239,0.93335,13638.0
2026-07-29 23:00:00,2026-07-29 20:00:00,2026-07-30 04:00:00,0.93334,0.93334,0.93258,0.9329,6432.0
2026-07-30 00:00:00,2026-07-29 21:00:00,2026-07-30 05:00:00,0.93212,0.93345,0.9317,0.93327,5933.0
2026-07-30 01:00:00,2026-07-29 22:00:00,2026-07-30 06:00:00,0.93342,0.93361,0.93272,0.93358,2666.0
2026-07-30 02:00:00,2026-07-29 23:00:00,2026-07-30 07:00:00,0.93359,0.9336,0.93266,0.93275,2273.0
2026-07-30 03:00:00,2026-07-30 00:00:00,2026-07-30 08:00:00,0.93273,0.93372,0.9327,0.93342,5378.0
2026-07-30 04:00:00,2026-07-30 01:00:00,2026-07-30 09:00:00,0.93341,0.93369,0.93324,0.93355,5394.0
2026-07-30 05:00:00,2026-07-30 02:00:00,2026-07-30 10:00:00,0.93354,0.93371,0.93343,0.93356,3309.0
2026-07-30 06:00:00,2026-07-30 03:00:00,2026-07-30 11:00:00,0.93357,0.93388,0.93356,0.93378,3503.0
2026-07-30 07:00:00,2026-07-30 04:00:00,2026-07-30 12:00:00,0.93377,0.93406,0.93372,0.93386,2616.0
2026-07-30 08:00:00,2026-07-30 05:00:00,2026-07-30 13:00:00,0.93386,0.93396,0.93358,0.93388,3624.0
2026-07-30 09:00:00,2026-07-30 06:00:00,2026-07-30 14:00:00,0.93389,0.93418,0.93368,0.93381,5502.0
2026-07-30 10:00:00,2026-07-30 07:00:00,2026-07-30 15:00:00,0.93382,0.9349,0.93337,0.93472,6134.0
2026-07-30 11:00:00,2026-07-30 08:00:00,2026-07-30 16:00:00,0.93471,0.93476,0.93361,0.93441,6882.0
2026-07-30 12:00:00,2026-07-30 09:00:00,2026-07-30 17:00:00,0.93439,0.93461,0.93311,0.93336,5547.0
2026-07-30 13:00:00,2026-07-30 10:00:00,2026-07-30 18:00:00,0.93335,0.93342,0.93217,0.93258,7779.0
2026-07-30 14:00:00,2026-07-30 11:00:00,2026-07-30 19:00:00,0.93261,0.93298,0.93237,0.93238,5434.0
2026-07-30 15:00:00,2026-07-30 12:00:00,2026-07-30 20:00:00,0.93239,0.93269,0.93164,0.93262,9517.0
2026-07-30 16:00:00,2026-07-30 13:00:00,2026-07-30 21:00:00,0.93261,0.93261,0.92899,0.9293,12966.0
2026-07-30 17:00:00,2026-07-30 14:00:00,2026-07-30 22:00:00,0.92931,0.92987,0.92746,0.92908,16527.0
2026-07-30 18:00:00,2026-07-30 15:00:00,2026-07-30 23:00:00,0.92909,0.92915,0.92796,0.92826,9209.0
2026-07-30 19:00:00,2026-07-30 16:00:00,2026-07-31 00:00:00,0.92827,0.92838,0.92754,0.92772,7278.0
2026-07-30 20:00:00,2026-07-30 17:00:00,2026-07-31 01:00:00,0.92772,0.92818,0.92715,0.92752,7439.0
2026-07-30 21:00:00,2026-07-30 18:00:00,2026-07-31 02:00:00,0.92749,0.92786,0.9274,0.92741,5807.0
2026-07-30 22:00:00,2026-07-30 19:00:00,2026-07-31 03:00:00,0.92743,0.92807,0.92737,0.92787,5211.0
2026-07-30 23:00:00,2026-07-30 20:00:00,2026-07-31 04:00:00,0.92791,0.92837,0.92786,0.92802,3571.0
2026-07-31 00:00:00,2026-07-30 21:00:00,2026-07-31 05:00:00,0.92787,0.92807,0.92734,0.92798,1157.0
2026-07-31 01:00:00,2026-07-30 22:00:00,2026-07-31 06:00:00,0.92802,0.92844,0.92792,0.92838,3009.0
2026-07-31 02:00:00,2026-07-30 23:00:00,2026-07-31 07:00:00,0.92837,0.92867,0.92827,0.92853,2594.0
2026-07-31 03:00:00,2026-07-31 00:00:00,2026-07-31 08:00:00,0.92853,0.92889,0.9283,0.9285,10063.0
2026-07-31 04:00:00,2026-07-31 01:00:00,2026-07-31 09:00:00,0.9285,0.92883,0.92828,0.92878,8238.0
2026-07-31 05:00:00,2026-07-31 02:00:00,2026-07-31 10:00:00,0.92877,0.92892,0.92857,0.92883,6200.0
2026-07-31 06:00:00,2026-07-31 03:00:00,2026-07-31 11:00:00,0.92884,0.92906,0.92862,0.92897,6242.0
2026-07-31 07:00:00,2026-07-31 04:00:00,2026-07-31 12:00:00,0.92896,0.92912,0.92875,0.92888,6618.0
2026-07-31 08:00:00,2026-07-31 05:00:00,2026-07-31 13:00:00,0.92887,0.92956,0.92883,0.92941,6486.0
2026-07-31 09:00:00,2026-07-31 06:00:00,2026-07-31 14:00:00,0.9294,0.92947,0.92863,0.92886,8034.0
2026-07-31 10:00:00,2026-07-31 07:00:00,2026-07-31 15:00:00,0.92885,0.9297,0.92873,0.92928,6803.0
2026-07-31 11:00:00,2026-07-31 08:00:00,2026-07-31 16:00:00,0.92929,0.92986,0.92871,0.92878,7628.0
2026-07-31 12:00:00,2026-07-31 09:00:00,2026-07-31 17:00:00,0.92881,0.93019,0.9283,0.92992,8524.0
2026-07-31 13:00:00,2026-07-31 10:00:00,2026-07-31 18:00:00,0.92993,0.93056,0.9299,0.93054,6198.0
2026-07-31 14:00:00,2026-07-31 11:00:00,2026-07-31 19:00:00,0.93056,0.93076,0.92993,0.93006,6770.0
2026-07-31 15:00:00,2026-07-31 12:00:00,2026-07-31 20:00:00,0.93004,0.93141,0.93002,0.93123,7151.0
2026-07-31 16:00:00,2026-07-31 13:00:00,2026-07-31 21:00:00,0.93122,0.93185,0.92997,0.93183,12129.0
2026-07-31 17:00:00,2026-07-31 14:00:00,2026-07-31 22:00:00,0.93182,0.93197,0.93022,0.93069,11667.0
2026-07-31 18:00:00,2026-07-31 15:00:00,2026-07-31 23:00:00,0.9307,0.93097,0.93013,0.9308,9565.0
2026-07-31 19:00:00,2026-07-31 16:00:00,2026-08-01 00:00:00,0.93078,0.93172,0.93075,0.93156,7180.0
2026-07-31 20:00:00,2026-07-31 17:00:00,2026-08-01 01:00:00,0.93149,0.93183,0.93091,0.93175,10179.0
2026-07-31 21:00:00,2026-07-31 18:00:00,2026-08-01 02:00:00,0.93175,0.93197,0.93145,0.93191,7332.0
2026-07-31 22:00:00,2026-07-31 19:00:00,2026-08-01 03:00:00,0.93192,0.93218,0.93177,0.93213,6082.0
2026-07-31 23:00:00,2026-07-31 20:00:00,2026-08-01 04:00:00,0.93212,0.9327,0.9311,0.93152,9955.0
2026-08-03 00:00:00,2026-08-02 21:00:00,2026-08-03 05:00:00,0.93076,0.93192,0.93073,0.93119,538.0
2026-08-03 01:00:00,2026-08-02 22:00:00,2026-08-03 06:00:00,0.93146,0.93209,0.93084,0.93193,4789.0
2026-08-03 02:00:00,2026-08-02 23:00:00,2026-08-03 07:00:00,0.93194,0.93198,0.9315,0.9316,3970.0
2026-08-03 03:00:00,2026-08-03 00:00:00,2026-08-03 08:00:00,0.93161,0.9317,0.93021,0.93128,10184.0
2026-08-03 04:00:00,2026-08-03 01:00:00,2026-08-03 09:00:00,0.93127,0.93288,0.93111,0.93277,7892.0
2026-08-03 05:00:00,2026-08-03 02:00:00,2026-08-03 10:00:00,0.93276,0.93328,0.93268,0.93272,6720.0
2026-08-03 06:00:00,2026-08-03 03:00:00,2026-08-03 11:00:00,0.93271,0.93299,0.93261,0.93291,5781.0
2026-08-03 07:00:00,2026-08-03 04:00:00,2026-08-03 12:00:00,0.93292,0.93292,0.93265,0.93272,5031.0
2026-08-03 08:00:00,2026-08-03 05:00:00,2026-08-03 13:00:00,0.93273,0.93276,0.93232,0.93241,4698.0
2026-08-03 09:00:00,2026-08-03 06:00:00,2026-08-03 14:00:00,0.93242,0.93304,0.93198,0.93283,6216.0
2026-08-03 10:00:00,2026-08-03 07:00:00,2026-08-03 15:00:00,0.93278,0.93301,0.93152,0.93173,7343.0
2026-08-03 11:00:00,2026-08-03 08:00:00,2026-08-03 16:00:00,0.93172,0.9324,0.93135,0.93212,6484.0
2026-08-03 12:00:00,2026-08-03 09:00:00,2026-08-03 17:00:00,0.93213,0.93216,0.93136,0.93187,6150.0
2026-08-03 13:00:00,2026-08-03 10:00:00,2026-08-03 18:00:00,0.93188,0.93232,0.93153,0.93225,6252.0
2026-08-03 14:00:00,2026-08-03 11:00:00,2026-08-03 19:00:00,0.93226,0.93253,0.9318,0.9318,5935.0
2026-08-03 15:00:00,2026-08-03 12:00:00,2026-08-03 20:00:00,0.93182,0.93267,0.93175,0.93265,7338.0
2026-08-03 16:00:00,2026-08-03 13:00:00,2026-08-03 21:00:00,0.93264,0.93315,0.93249,0.93258,8664.0
2026-08-03 17:00:00,2026-08-03 14:00:00,2026-08-03 22:00:00,0.93266,0.93298,0.93216,0.93295,9155.0
2026-08-03 18:00:00,2026-08-03 15:00:00,2026-08-03 23:00:00,0.93294,0.93346,0.93268,0.93293,9068.0
2026-08-03 19:00:00,2026-08-03 16:00:00,2026-08-04 00:00:00,0.93295,0.93321,0.93267,0.93316,6569.0
2026-08-03 20:00:00,2026-08-03 17:00:00,2026-08-04 01:00:00,0.93317,0.93344,0.93302,0.93319,6183.0
2026-08-03 21:00:00,2026-08-03 18:00:00,2026-08-04 02:00:00,0.9332,0.93335,0.93254,0.93269,6759.0
2026-08-03 22:00:00,2026-08-03 19:00:00,2026-08-04 03:00:00,0.9327,0.93277,0.93241,0.93255,4974.0
2026-08-03 23:00:00,2026-08-03 20:00:00,2026-08-04 04:00:00,0.93256,0.93272,0.93243,0.93264,3600.0
2026-08-04 00:00:00,2026-08-03 21:00:00,2026-08-04 05:00:00,0.93198,0.93249,0.93169,0.9319,1923.0
2026-08-04 01:00:00,2026-08-03 22:00:00,2026-08-04 06:00:00,0.932,0.93264,0.932,0.93232,1735.0
2026-08-04 02:00:00,2026-08-03 23:00:00,2026-08-04 07:00:00,0.93231,0.93253,0.93225,0.93253,1939.0
2026-08-04 03:00:00,2026-08-04 00:00:00,2026-08-04 08:00:00,0.93252,0.93252,0.93205,0.93218,6585.0
2026-08-04 04:00:00,2026-08-04 01:00:00,2026-08-04 09:00:00,0.93218,0.93244,0.93208,0.93243,6426.0
2026-08-04 05:00:00,2026-08-04 02:00:00,2026-08-04 10:00:00,0.93243,0.9326,0.93221,0.93248,5520.0
2026-08-04 06:00:00,2026-08-04 03:00:00,2026-08-04 11:00:00,0.93249,0.93259,0.93222,0.93256,5203.0
2026-08-04 07:00:00,2026-08-04 04:00:00,2026-08-04 12:00:00,0.93257,0.93258,0.93237,0.93253,4124.0
2026-08-04 08:00:00,2026-08-04 05:00:00,2026-08-04 13:00:00,0.93254,0.93262,0.9324,0.93252,4996.0
2026-08-04 09:00:00,2026-08-04 06:00:00,2026-08-04 14:00:00,0.93253,0.93257,0.93202,0.93236,6679.0
2026-08-04 10:00:00,2026-08-04 07:00:00,2026-08-04 15:00:00,0.93236,0.93273,0.93219,0.9326,6493.0
2026-08-04 11:00:00,2026-08-04 08:00:00,2026-08-04 16:00:00,0.93261,0.93262,0.93203,0.93232,6573.0
2026-08-04 12:00:00,2026-08-04 09:00:00,2026-08-04 17:00:00,0.93233,0.93239,0.93202,0.93231,5739.0
2026-08-04 13:00:00,2026-08-04 10:00:00,2026-08-04 18:00:00,0.93229,0.93259,0.93214,0.93257,6371.0
2026-08-04 14:00:00,2026-08-04 11:00:00,2026-08-04 19:00:00,0.93257,0.93259,0.93144,0.93152,8102.0
2026-08-04 15:00:00,2026-08-04 12:00:00,2026-08-04 20:00:00,0.93153,0.93188,0.93108,0.93139,8260.0
2026-08-04 16:00:00,2026-08-04 13:00:00,2026-08-04 21:00:00,0.93138,0.93209,0.93137,0.93154,8770.0
2026-08-04 17:00:00,2026-08-04 14:00:00,2026-08-04 22:00:00,0.93159,0.93208,0.93145,0.93199,7955.0
2026-08-04 18:00:00,2026-08-04 15:00:00,2026-08-04 23:00:00,0.93198,0.93282,0.93198,0.93267,8001.0
2026-08-04 19:00:00,2026-08-04 16:00:00,2026-08-05 00:00:00,0.93268,0.93327,0.93263,0.93319,6399.0
2026-08-04 20:00:00,2026-08-04 17:00:00,2026-08-05 01:00:00,0.93318,0.93346,0.93306,0.93345,5839.0
2026-08-04 21:00:00,2026-08-04 18:00:00,2026-08-05 02:00:00,0.93346,0.93359,0.9331,0.93325,5745.0
2026-08-04 22:00:00,2026-08-04 19:00:00,2026-08-05 03:00:00,0.93327,0.93328,0.93303,0.93319,4913.0
2026-08-04 23:00:00,2026-08-04 20:00:00,2026-08-05 04:00:00,0.93318,0.93319,0.93286,0.93294,3566.0
2026-08-05 00:00:00,2026-08-04 21:00:00,2026-08-05 05:00:00,0.93254,0.93298,0.93212,0.9324,2160.0
2026-08-05 01:00:00,2026-08-04 22:00:00,2026-08-05 06:00:00,0.93263,0.9332,0.93261,0.93316,1753.0
2026-08-05 02:00:00,2026-08-04 23:00:00,2026-08-05 07:00:00,0.93315,0.93338,0.93307,0.93309,1731.0
2026-08-05 03:00:00,2026-08-05 00:00:00,2026-08-05 08:00:00,0.93308,0.93317,0.9326,0.93278,6972.0
2026-08-05 04:00:00,2026-08-05 01:00:00,2026-08-05 09:00:00,0.93276,0.93284,0.93243,0.9325,6098.0
2026-08-05 05:00:00,2026-08-05 02:00:00,2026-08-05 10:00:00,0.9325,0.93262,0.93211,0.93213,6556.0
2026-08-05 06:00:00,2026-08-05 03:00:00,2026-08-05 11:00:00,0.93214,0.93215,0.93175,0.93197,4214.0
2026-08-05 07:00:00,2026-08-05 04:00:00,2026-08-05 12:00:00,0.93198,0.93242,0.9319,0.93236,4019.0
2026-08-05 08:00:00,2026-08-05 05:00:00,2026-08-05 13:00:00,0.93237,0.93245,0.9321,0.93219,5029.0
2026-08-05 09:00:00,2026-08-05 06:00:00,2026-08-05 14:00:00,0.93218,0.93286,0.93212,0.93249,7149.0
2026-08-05 10:00:00,2026-08-05 07:00:00,2026-08-05 15:00:00,0.93248,0.93368,0.93237,0.93361,6663.0
2026-08-05 11:00:00,2026-08-05 08:00:00,2026-08-05 16:00:00,0.93361,0.93429,0.93353,0.93416,6598.0
2026-08-05 12:00:00,2026-08-05 09:00:00,2026-08-05 17:00:00,0.93419,0.9342,0.9338,0.93386,5332.0
2026-08-05 13:00:00,2026-08-05 10:00:00,2026-08-05 18:00:00,0.93386,0.93435,0.93381,0.93418,6526.0
2026-08-05 14:00:00,2026-08-05 11:00:00,2026-08-05 19:00:00,0.93415,0.93419,0.93377,0.93411,7700.0
2026-08-05 15:00:00,2026-08-05 12:00:00,2026-08-05 20:00:00,0.9341,0.93456,0.93407,0.93452,7815.0
2026-08-05 16:00:00,2026-08-05 13:00:00,2026-08-05 21:00:00,0.93451,0.93452,0.93277,0.93279,8979.0
2026-08-05 17:00:00,2026-08-05 14:00:00,2026-08-05 22:00:00,0.9328,0.9331,0.93178,0.93221,9910.0
2026-08-05 18:00:00,2026-08-05 15:00:00,2026-08-05 23:00:00,0.93222,0.93264,0.93196,0.93263,9001.0
2026-08-05 19:00:00,2026-08-05 16:00:00,2026-08-06 00:00:00,0.93262,0.93275,0.93236,0.93268,6960.0
2026-08-05 20:00:00,2026-08-05 17:00:00,2026-08-06 01:00:00,0.93269,0.93282,0.93236,0.93243,5792.0
2026-08-05 21:00:00,2026-08-05 18:00:00,2026-08-06 02:00:00,0.93244,0.93254,0.93212,0.93231,5507.0
2026-08-05 22:00:00,2026-08-05 19:00:00,2026-08-06 03:00:00,0.93231,0.93268,0.93227,0.93246,5208.0
2026-08-05 23:00:00,2026-08-05 20:00:00,2026-08-06 04:00:00,0.93244,0.93259,0.93221,0.93249,3818.0
2026-08-06 00:00:00,2026-08-05 21:00:00,2026-08-06 05:00:00,0.93157,0.93242,0.93157,0.93198,2374.0
2026-08-06 01:00:00,2026-08-05 22:00:00,2026-08-06 06:00:00,0.93219,0.93257,0.93219,0.93238,2223.0
2026-08-06 02:00:00,2026-08-05 23:00:00,2026-08-06 07:00:00,0.93237,0.93242,0.93217,0.93228,1957.0
2026-08-06 03:00:00,2026-08-06 00:00:00,2026-08-06 08:00:00,0.93229,0.93235,0.93199,0.93206,5523.0
2026-08-06 04:00:00,2026-08-06 01:00:00,2026-08-06 09:00:00,0.93205,0.93205,0.93156,0.93163,5839.0
2026-08-06 05:00:00,2026-08-06 02:00:00,2026-08-06 10:00:00,0.93163,0.93188,0.93151,0.93163,4601.0
2026-08-06 06:00:00,2026-08-06 03:00:00,2026-08-06 11:00:00,0.93164,0.93224,0.93164,0.93223,3894.0
2026-08-06 07:00:00,2026-08-06 04:00:00,2026-08-06 12:00:00,0.93222,0.93247,0.93214,0.93244,2943.0
2026-08-06 08:00:00,2026-08-06 05:00:00,2026-08-06 13:00:00,0.93243,0.93252,0.93229,0.93237,3543.0
2026-08-06 09:00:00,2026-08-06 06:00:00,2026-08-06 14:00:00,0.93235,0.93322,0.93229,0.93314,5130.0
2026-08-06 10:00:00,2026-08-06 07:00:00,2026-08-06 15:00:00,0.93316,0.93352,0.93289,0.93347,5393.0
2026-08-06 11:00:00,2026-08-06 08:00:00,2026-08-06 16:00:00,0.93346,0.93352,0.93303,0.93331,5359.0
2026-08-06 12:00:00,2026-08-06 09:00:00,2026-08-06 17:00:00,0.93332,0.93418,0.93325,0.93402,3741.0
2026-08-06 13:00:00,2026-08-06 10:00:00,2026-08-06 18:00:00,0.93404,0.93446,0.93393,0.93423,3751.0
2026-08-06 14:00:00,2026-08-06 11:00:00,2026-08-06 19:00:00,0.93421,0.93495,0.9341,0.93478,5641.0
2026-08-06 15:00:00,2026-08-06 12:00:00,2026-08-06 20:00:00,0.93479,0.93479,0.93426,0.93443,5774.0
2026-08-06 16:00:00,2026-08-06 13:00:00,2026-08-06 21:00:00,0.93442,0.93473,0.93378,0.93382,6256.0
2026-08-06 17:00:00,2026-08-06 14:00:00,2026-08-06 22:00:00,0.93382,0.9346,0.93361,0.93457,7241.0
2026-08-06 18:00:00,2026-08-06 15:00:00,2026-08-06 23:00:00,0.93458,0.93722,0.93452,0.93658,9729.0
2026-08-06 19:00:00,2026-08-06 16:00:00,2026-08-07 00:00:00,0.93657,0.9366,0.93584,0.93589,5908.0
2026-08-06 20:00:00,2026-08-06 17:00:00,2026-08-07 01:00:00,0.93588,0.93645,0.93578,0.9361,5205.0
2026-08-06 21:00:00,2026-08-06 18:00:00,2026-08-07 02:00:00,0.93609,0.93621,0.93586,0.93591,5955.0
2026-08-06 22:00:00,2026-08-06 19:00:00,2026-08-07 03:00:00,0.93592,0.93628,0.93568,0.93601,6847.0
2026-08-06 23:00:00,2026-08-06 20:00:00,2026-08-07 04:00:00,0.93599,0.93629,0.93592,0.93607,4094.0
2026-08-07 00:00:00,2026-08-06 21:00:00,2026-08-07 05:00:00,0.93525,0.93606,0.93516,0.93567,1941.0
2026-08-07 01:00:00,2026-08-06 22:00:00,2026-08-07 06:00:00,0.93569,0.93642,0.93569,0.9363,2054.0
2026-08-07 02:00:00,2026-08-06 23:00:00,2026-08-07 07:00:00,0.93628,0.93632,0.93615,0.93624,2149.0
2026-08-07 03:00:00,2026-08-07 00:00:00,2026-08-07 08:00:00,0.93623,0.93649,0.93623,0.93629,5318.0
2026-08-07 04:00:00,2026-08-07 01:00:00,2026-08-07 09:00:00,0.93628,0.93632,0.93606,0.93617,4411.0
2026-08-07 05:00:00,2026-08-07 02:00:00,2026-08-07 10:00:00,0.93617,0.93633,0.93611,0.93628,2552.0
2026-08-07 06:00:00,2026-08-07 03:00:00,2026-08-07 11:00:00,0.93629,0.93651,0.93623,0.93636,2350.0
2026-08-07 07:00:00,2026-08-07 04:00:00,2026-08-07 12:00:00,0.93635,0.93653,0.93633,0.93644,2884.0
2026-08-07 08:00:00,2026-08-07 05:00:00,2026-08-07 13:00:00,0.93645,0.93647,0.93625,0.93626,3188.0
2026-08-07 09:00:00,2026-08-07 06:00:00,2026-08-07 14:00:00,0.93625,0.9363,0.93545,0.93553,4348.0
2026-08-07 10:00:00,2026-08-07 07:00:00,2026-08-07 15:00:00,0.93554,0.93556,0.93508,0.9351,3923.0
2026-08-07 11:00:00,2026-08-07 08:00:00,2026-08-07 16:00:00,0.93509,0.93513,0.93453,0.93484,4702.0
2026-08-07 12:00:00,2026-08-07 09:00:00,2026-08-07 17:00:00,0.93486,0.9349,0.93412,0.93429,4571.0
2026-08-07 13:00:00,2026-08-07 10:00:00,2026-08-07 18:00:00,0.9343,0.93437,0.9339,0.93403,4755.0
2026-08-07 14:00:00,2026-08-07 11:00:00,2026-08-07 19:00:00,0.93402,0.93456,0.93388,0.93447,4863.0
2026-08-07 15:00:00,2026-08-07 12:00:00,2026-08-07 20:00:00,0.93448,0.9349,0.93299,0.93402,10909.0
2026-08-07 16:00:00,2026-08-07 13:00:00,2026-08-07 21:00:00,0.93401,0.93447,0.93356,0.93404,9684.0
2026-08-07 17:00:00,2026-08-07 14:00:00,2026-08-07 22:00:00,0.93409,0.93442,0.93321,0.93392,9548.0
2026-08-07 18:00:00,2026-08-07 15:00:00,2026-08-07 23:00:00,0.93391,0.93405,0.9333,0.93371,9124.0
2026-08-07 19:00:00,2026-08-07 16:00:00,2026-08-08 00:00:00,0.93372,0.93385,0.93345,0.93361,5755.0
2026-08-07 20:00:00,2026-08-07 17:00:00,2026-08-08 01:00:00,0.9336,0.93382,0.93353,0.93381,4404.0
2026-08-07 21:00:00,2026-08-07 18:00:00,2026-08-08 02:00:00,0.93382,0.93396,0.9337,0.9339,3853.0
2026-08-07 22:00:00,2026-08-07 19:00:00,2026-08-08 03:00:00,0.9339,0.93397,0.93352,0.93367,6265.0
2026-08-07 23:00:00,2026-08-07 20:00:00,2026-08-08 04:00:00,0.93368,0.93401,0.9336,0.93383,3832.0
2026-08-10 00:00:00,2026-08-09 21:00:00,2026-08-10 05:00:00,0.93281,0.93356,0.9324,0.93356,1467.0
2026-08-10 01:00:00,2026-08-09 22:00:00,2026-08-10 06:00:00,0.93362,0.93422,0.93362,0.93406,3164.0
2026-08-10 02:00:00,2026-08-09 23:00:00,2026-08-10 07:00:00,0.93405,0.9341,0.93391,0.93404,2087.0
2026-08-10 03:00:00,2026-08-10 00:00:00,2026-08-10 08:00:00,0.93407,0.93441,0.93389,0.93427,5279.0
2026-08-10 04:00:00,2026-08-10 01:00:00,2026-08-10 09:00:00,0.93426,0.93453,0.93417,0.93443,6184.0
2026-08-10 05:00:00,2026-08-10 02:00:00,2026-08-10 10:00:00,0.93444,0.93462,0.93435,0.93445,2937.0
2026-08-10 06:00:00,2026-08-10 03:00:00,2026-08-10 11:00:00,0.93443,0.93467,0.93434,0.93463,3204.0
2026-08-10 07:00:00,2026-08-10 04:00:00,2026-08-10 12:00:00,0.93462,0.93479,0.93461,0.93473,2615.0
2026-08-10 08:00:00,2026-08-10 05:00:00,2026-08-10 13:00:00,0.93472,0.93496,0.93467,0.93468,3494.0
2026-08-10 09:00:00,2026-08-10 06:00:00,2026-08-10 14:00:00,0.93469,0.93499,0.93406,0.93413,5290.0
2026-08-10 10:00:00,2026-08-10 07:00:00,2026-08-10 15:00:00,0.93411,0.93439,0.93308,0.93316,6075.0
2026-08-10 11:00:00,2026-08-10 08:00:00,2026-08-10 16:00:00,0.93317,0.9344,0.93312,0.9343,4397.0
2026-08-10 12:00:00,2026-08-10 09:00:00,2026-08-10 17:00:00,0.93429,0.93438,0.93394,0.93416,4395.0
2026-08-10 13:00:00,2026-08-10 10:00:00,2026-08-10 18:00:00,0.93415,0.93441,0.93395,0.93433,5006.0
2026-08-10 14:00:00,2026-08-10 11:00:00,2026-08-10 19:00:00,0.93434,0.93436,0.9339,0.9341,5405.0
2026-08-10 15:00:00,2026-08-10 12:00:00,2026-08-10 20:00:00,0.93411,0.93474,0.93376,0.93465,5908.0
2026-08-10 16:00:00,2026-08-10 13:00:00,2026-08-10 21:00:00,0.93464,0.93542,0.93458,0.93513,8076.0
2026-08-10 17:00:00,2026-08-10 14:00:00,2026-08-10 22:00:00,0.93512,0.93528,0.9341,0.93427,7675.0
2026-08-10 18:00:00,2026-08-10 15:00:00,2026-08-10 23:00:00,0.93429,0.93482,0.93419,0.93448,6422.0
2026-08-10 19:00:00,2026-08-10 16:00:00,2026-08-11 00:00:00,0.93446,0.93494,0.93443,0.93487,5589.0
2026-08-10 20:00:00,2026-08-10 17:00:00,2026-08-11 01:00:00,0.93488,0.93517,0.93486,0.93508,3654.0
2026-08-10 21:00:00,2026-08-10 18:00:00,2026-08-11 02:00:00,0.93508,0.93541,0.93501,0.93513,4430.0
2026-08-10 22:00:00,2026-08-10 19:00:00,2026-08-11 03:00:00,0.93514,0.93533,0.93497,0.93503,3865.0
2026-08-10 23:00:00,2026-08-10 20:00:00,2026-08-11 04:00:00,0.93502,0.93538,0.93501,0.93523,2459.0
2026-08-11 00:00:00,2026-08-10 21:00:00,2026-08-11 05:00:00,0.93426,0.93479,0.93417,0.93445,965.0
2026-08-11 01:00:00,2026-08-10 22:00:00,2026-08-11 06:00:00,0.93462,0.93532,0.93462,0.93514,2687.0
2026-08-11 02:00:00,2026-08-10 23:00:00,2026-08-11 07:00:00,0.93515,0.93518,0.93502,0.93506,1901.0
2026-08-11 03:00:00,2026-08-11 00:00:00,2026-08-11 08:00:00,0.93507,0.93523,0.93492,0.93493,2821.0
2026-08-11 04:00:00,2026-08-11 01:00:00,2026-08-11 09:00:00,0.93494,0.93508,0.93483,0.93502,3791.0
2026-08-11 05:00:00,2026-08-11 02:00:00,2026-08-11 10:00:00,0.93501,0.93528,0.93496,0.93523,3445.0
2026-08-11 06:00:00,2026-08-11 03:00:00,2026-08-11 11:00:00,0.93522,0.93529,0.93508,0.93524,2273.0
2026-08-11 07:00:00,2026-08-11 04:00:00,2026-08-11 12:00:00,0.93523,0.93532,0.93515,0.93518,2401.0
2026-08-11 08:00:00,2026-08-11 05:00:00,2026-08-11 13:00:00,0.93517,0.93534,0.93503,0.93523,3257.0
2026-08-11 09:00:00,2026-08-11 06:00:00,2026-08-11 14:00:00,0.93522,0.93572,0.93514,0.93537,4523.0
2026-08-11 10:00:00,2026-08-11 07:00:00,2026-08-11 15:00:00,0.93538,0.93554,0.93496,0.93542,6471.0
2026-08-11 11:00:00,2026-08-11 08:00:00,2026-08-11 16:00:00,0.93543,0.93576,0.93535,0.93563,5676.0
2026-08-11 12:00:00,2026-08-11 09:00:00,2026-08-11 17:00:00,0.93562,0.93596,0.93553,0.93566,4486.0
2026-08-11 13:00:00,2026-08-11 10:00:00,2026-08-11 18:00:00,0.93565,0.93567,0.93511,0.93552,4707.0
2026-08-11 14:00:00,2026-08-11 11:00:00,2026-08-11 19:00:00,0.93551,0.9356,0.935,0.93559,7748.0
2026-08-11 15:00:00,2026-08-11 12:00:00,2026-08-11 20:00:00,0.93558,0.93572,0.93495,0.93567,7316.0
2026-08-11 16:00:00,2026-08-11 13:00:00,2026-08-11 21:00:00,0.93566,0.93568,0.93504,0.93538,7515.0
2026-08-11 17:00:00,2026-08-11 14:00:00,2026-08-11 22:00:00,0.9354,0.93582,0.93525,0.93575,6692.0
2026-08-11 18:00:00,2026-08-11 15:00:00,2026-08-11 23:00:00,0.93574,0.93647,0.93572,0.93601,6537.0
2026-08-11 19:00:00,2026-08-11 16:00:00,2026-08-12 00:00:00,0.93601,0.93619,0.9359,0.93617,4751.0
2026-08-11 20:00:00,2026-08-11 17:00:00,2026-08-12 01:00:00,0.93618,0.93676,0.9361,0.93664,4650.0
2026-08-11 21:00:00,2026-08-11 18:00:00,2026-08-12 02:00:00,0.93665,0.9368,0.93568,0.93614,5161.0
2026-08-11 22:00:00,2026-08-11 19:00:00,2026-08-12 03:00:00,0.93613,0.93642,0.93578,0.93582,4071.0
2026-08-11 23:00:00,2026-08-11 20:00:00,2026-08-12 04:00:00,0.93583,0.93619,0.93582,0.93602,2364.0
2026-08-12 00:00:00,2026-08-11 21:00:00,2026-08-12 05:00:00,0.93524,0.93571,0.93488,0.93542,1272.0
2026-08-12 01:00:00,2026-08-11 22:00:00,2026-08-12 06:00:00,0.93558,0.9361,0.93558,0.93606,2781.0
2026-08-12 02:00:00,2026-08-11 23:00:00,2026-08-12 07:00:00,0.93604,0.93624,0.93602,0.93623,1712.0
2026-08-12 03:00:00,2026-08-12 00:00:00,2026-08-12 08:00:00,0.93621,0.9366,0.93621,0.93651,3582.0
2026-08-12 04:00:00,2026-08-12 01:00:00,2026-08-12 09:00:00,0.93652,0.93656,0.93632,0.93637,4043.0
2026-08-12 05:00:00,2026-08-12 02:00:00,2026-08-12 10:00:00,0.93638,0.93656,0.93631,0.93653,4451.0
2026-08-12 06:00:00,2026-08-12 03:00:00,2026-08-12 11:00:00,0.93654,0.93684,0.93652,0.93678,3486.0
2026-08-12 07:00:00,2026-08-12 04:00:00,2026-08-12 12:00:00,0.93679,0.93695,0.93675,0.93683,3315.0
2026-08-12 08:00:00,2026-08-12 05:00:00,2026-08-12 13:00:00,0.93684,0.93694,0.93662,0.93663,4039.0
2026-08-12 09:00:00,2026-08-12 06:00:00,2026-08-12 14:00:00,0.93664,0.93686,0.93612,0.93637,5871.0
2026-08-12 10:00:00,2026-08-12 07:00:00,2026-08-12 15:00:00,0.93636,0.93743,0.93635,0.93728,4852.0
2026-08-12 11:00:00,2026-08-12 08:00:00,2026-08-12 16:00:00,0.93726,0.93798,0.93722,0.9377,5139.0
2026-08-12 12:00:00,2026-08-12 09:00:00,2026-08-12 17:00:00,0.93769,0.93775,0.93683,0.93727,6592.0
2026-08-12 13:00:00,2026-08-12 10:00:00,2026-08-12 18:00:00,0.93726,0.93748,0.93708,0.93723,5119.0
2026-08-12 14:00:00,2026-08-12 11:00:00,2026-08-12 19:00:00,0.93723,0.93727,0.93645,0.93665,4999.0
2026-08-12 15:00:00,2026-08-12 12:00:00,2026-08-12 20:00:00,0.93667,0.93685,0.93597,0.93601,10889.0
2026-08-12 16:00:00,2026-08-12 13:00:00,2026-08-12 21:00:00,0.936,0.93712,0.93593,0.93694,10115.0
2026-08-12 17:00:00,2026-08-12 14:00:00,2026-08-12 22:00:00,0.93695,0.93703,0.93633,0.93661,9064.0
2026-08-12 18:00:00,2026-08-12 15:00:00,2026-08-12 23:00:00,0.93659,0.93698,0.93654,0.93666,8276.0
2026-08-12 19:00:00,2026-08-12 16:00:00,2026-08-13 00:00:00,0.93667,0.9372,0.93653,0.93702,7828.0
2026-08-12 20:00:00,2026-08-12 17:00:00,2026-08-13 01:00:00,0.93702,0.93762,0.937,0.93741,7587.0
2026-08-12 21:00:00,2026-08-12 18:00:00,2026-08-13 02:00:00,0.93742,0.93758,0.93729,0.93752,7569.0
2026-08-12 22:00:00,2026-08-12 19:00:00,2026-08-13 03:00:00,0.93752,0.93777,0.93745,0.93762,6247.0
2026-08-12 23:00:00,2026-08-12 20:00:00,2026-08-13 04:00:00,0.93763,0.93785,0.93758,0.93765,5227.0
2026-08-13 00:00:00,2026-08-12 21:00:00,2026-08-13 05:00:00,0.93628,0.93731,0.93589,0.93727,1683.0
2026-08-13 01:00:00,2026-08-12 22:00:00,2026-08-13 06:00:00,0.93734,0.93768,0.93734,0.93761,1980.0
2026-08-13 02:00:00,2026-08-12 23:00:00,2026-08-13 07:00:00,0.9376,0.93765,0.93744,0.93747,2972.0
2026-08-13 03:00:00,2026-08-13 00:00:00,2026-08-13 08:00:00,0.93746,0.9375,0.93695,0.93711,6170.0
2026-08-13 04:00:00,2026-08-13 01:00:00,2026-08-13 09:00:00,0.9371,0.9378,0.93695,0.93769,7119.0
2026-08-13 05:00:00,2026-08-13 02:00:00,2026-08-13 10:00:00,0.93768,0.93783,0.9376,0.93781,3235.0
2026-08-13 06:00:00,2026-08-13 03:00:00,2026-08-13 11:00:00,0.9378,0.93822,0.93767,0.93819,4098.0
2026-08-13 07:00:00,2026-08-13 04:00:00,2026-08-13 12:00:00,0.93818,0.93825,0.93786,0.93789,5266.0
2026-08-13 08:00:00,2026-08-13 05:00:00,2026-08-13 13:00:00,0.93788,0.93803,0.93765,0.93777,7340.0
2026-08-13 09:00:00,2026-08-13 06:00:00,2026-08-13 14:00:00,0.93777,0.93784,0.9373,0.93738,6613.0
2026-08-13 10:00:00,2026-08-13 07:00:00,2026-08-13 15:00:00,0.93739,0.93772,0.93668,0.93698,6943.0
2026-08-13 11:00:00,2026-08-13 08:00:00,2026-08-13 16:00:00,0.93701,0.93709,0.93662,0.93673,5576.0
2026-08-13 12:00:00,2026-08-13 09:00:00,2026-08-13 17:00:00,0.93674,0.93683,0.93639,0.93678,5680.0
2026-08-13 13:00:00,2026-08-13 10:00:00,2026-08-13 18:00:00,0.9368,0.93717,0.93638,0.93676,4980.0
2026-08-13 14:00:00,2026-08-13 11:00:00,2026-08-13 19:00:00,0.93677,0.93722,0.93666,0.93716,6038.0
2026-08-13 15:00:00,2026-08-13 12:00:00,2026-08-13 20:00:00,0.93718,0.93763,0.93673,0.93688,7821.0
2026-08-13 16:00:00,2026-08-13 13:00:00,2026-08-13 21:00:00,0.93686,0.9373,0.93678,0.93719,8770.0
2026-08-13 17:00:00,2026-08-13 14:00:00,2026-08-13 22:00:00,0.9372,0.93729,0.93643,0.93709,10036.0
2026-08-13 18:00:00,2026-08-13 15:00:00,2026-08-13 23:00:00,0.9371,0.93746,0.93684,0.93741,8550.0
2026-08-13 19:00:00,2026-08-13 16:00:00,2026-08-14 00:00:00,0.9374,0.93776,0.93731,0.93751,6355.0
2026-08-13 20:00:00,2026-08-13 17:00:00,2026-08-14 01:00:00,0.93751,0.93785,0.93741,0.93778,5927.0
2026-08-13 21:00:00,2026-08-13 18:00:00,2026-08-14 02:00:00,0.93779,0.93836,0.93764,0.93831,6293.0
2026-08-13 22:00:00,2026-08-13 19:00:00,2026-08-14 03:00:00,0.93832,0.93911,0.93829,0.93908,7130.0
2026-08-13 23:00:00,2026-08-13 20:00:00,2026-08-14 04:00:00,0.93909,0.9392,0.93856,0.93861,4146.0
2026-08-14 00:00:00,2026-08-13 21:00:00,2026-08-14 05:00:00,0.93704,0.93865,0.93681,0.93805,2944.0
2026-08-14 01:00:00,2026-08-13 22:00:00,2026-08-14 06:00:00,0.93834,0.93877,0.93834,0.93876,2251.0
2026-08-14 02:00:00,2026-08-13 23:00:00,2026-08-14 07:00:00,0.93875,0.93907,0.93872,0.93903,1849.0
2026-08-14 03:00:00,2026-08-14 00:00:00,2026-08-14 08:00:00,0.93904,0.93908,0.93887,0.93891,5786.0
2026-08-14 04:00:00,2026-08-14 01:00:00,2026-08-14 09:00:00,0.93891,0.93924,0.93889,0.93902,6452.0
2026-08-14 05:00:00,2026-08-14 02:00:00,2026-08-14 10:00:00,0.93902,0.93906,0.9388,0.93897,4738.0
2026-08-14 06:00:00,2026-08-14 03:00:00,2026-08-14 11:00:00,0.93897,0.93899,0.93879,0.93888,3711.0
2026-08-14 07:00:00,2026-08-14 04:00:00,2026-08-14 12:00:00,0.93887,0.9389,0.93875,0.93877,3281.0
2026-08-14 08:00:00,2026-08-14 05:00:00,2026-08-14 13:00:00,0.93875,0.93888,0.93849,0.93876,4084.0
2026-08-14 09:00:00,2026-08-14 06:00:00,2026-08-14 14:00:00,0.93877,0.93925,0.93873,0.93917,5376.0
2026-08-14 10:00:00,2026-08-14 07:00:00,2026-08-14 15:00:00,0.93917,0.93979,0.9391,0.93967,6076.0
2026-08-14 11:00:00,2026-08-14 08:00:00,2026-08-14 16:00:00,0.93968,0.94054,0.93958,0.94008,6327.0
2026-08-14 12:00:00,2026-08-14 09:00:00,2026-08-14 17:00:00,0.94007,0.94009,0.9393,0.9394,5728.0
2026-08-14 13:00:00,2026-08-14 10:00:00,2026-08-14 18:00:00,0.93937,0.93989,0.93918,0.93946,5068.0
2026-08-14 14:00:00,2026-08-14 11:00:00,2026-08-14 19:00:00,0.93947,0.93953,0.93896,0.93902,6583.0
2026-08-14 15:00:00,2026-08-14 12:00:00,2026-08-14 20:00:00,0.93901,0.93903,0.93814,0.93885,9304.0
2026-08-14 16:00:00,2026-08-14 13:00:00,2026-08-14 21:00:00,0.93884,0.93946,0.93875,0.93913,9487.0
2026-08-14 17:00:00,2026-08-14 14:00:00,2026-08-14 22:00:00,0.93914,0.93997,0.93905,0.93968,9275.0
2026-08-14 18:00:00,2026-08-14 15:00:00,2026-08-14 23:00:00,0.93969,0.93997,0.93949,0.93989,9190.0
2026-08-14 19:00:00,2026-08-14 16:00:00,2026-08-15 00:00:00,0.93988,0.94028,0.93979,0.94023,6432.0
2026-08-14 20:00:00,2026-08-14 17:00:00,2026-08-15 01:00:00,0.94021,0.94075,0.94018,0.94044,6686.0
2026-08-14 21:00:00,2026-08-14 18:00:00,2026-08-15 02:00:00,0.94043,0.94047,0.9402,0.94035,5529.0
2026-08-14 22:00:00,2026-08-14 19:00:00,2026-08-15 03:00:00,0.94033,0.941,0.94032,0.94075,6780.0
2026-08-14 23:00:00,2026-08-14 20:00:00,2026-08-15 04:00:00,0.94074,0.94111,0.94064,0.941,4083.0
2026-08-17 00:00:00,2026-08-16 21:00:00,2026-08-17 05:00:00,0.93895,0.93995,0.93878,0.93958,1085.0
2026-08-17 01:00:00,2026-08-16 22:00:00,2026-08-17 06:00:00,0.93983,0.94096,0.93983,0.94082,3740.0
2026-08-17 02:00:00,2026-08-16 23:00:00,2026-08-17 07:00:00,0.94082,0.94084,0.94055,0.94058,1743.0
2026-08-17 03:00:00,2026-08-17 00:00:00,2026-08-17 08:00:00,0.94057,0.94062,0.93996,0.94009,6593.0
2026-08-17 04:00:00,2026-08-17 01:00:00,2026-08-17 09:00:00,0.9401,0.94049,0.93998,0.94035,6705.0
2026-08-17 05:00:00,2026-08-17 02:00:00,2026-08-17 10:00:00,0.94035,0.94044,0.94005,0.9401,4689.0
2026-08-17 06:00:00,2026-08-17 03:00:00,2026-08-17 11:00:00,0.94011,0.9402,0.93999,0.94007,3806.0
2026-08-17 07:00:00,2026-08-17 04:00:00,2026-08-17 12:00:00,0.94008,0.94025,0.93995,0.94018,3993.0
2026-08-17 08:00:00,2026-08-17 05:00:00,2026-08-17 13:00:00,0.94019,0.94019,0.93991,0.94009,5348.0
2026-08-17 09:00:00,2026-08-17 06:00:00,2026-08-17 14:00:00,0.94007,0.94025,0.9398,0.9401,6639.0
2026-08-17 10:00:00,2026-08-17 07:00:00,2026-08-17 15:00:00,0.94011,0.94033,0.93792,0.93815,8176.0
2026-08-17 11:00:00,2026-08-17 08:00:00,2026-08-17 16:00:00,0.93816,0.93857,0.9374,0.93837,7954.0
2026-08-17 12:00:00,2026-08-17 09:00:00,2026-08-17 17:00:00,0.93838,0.93904,0.93807,0.93891,6298.0
2026-08-17 13:00:00,2026-08-17 10:00:00,2026-08-17 18:00:00,0.9389,0.93943,0.93879,0.93931,7168.0
2026-08-17 14:00:00,2026-08-17 11:00:00,2026-08-17 19:00:00,0.93932,0.93941,0.93872,0.93882,7790.0
2026-08-17 15:00:00,2026-08-17 12:00:00,2026-08-17 20:00:00,0.93881,0.93934,0.9387,0.93871,7228.0
2026-08-17 16:00:00,2026-08-17 13:00:00,2026-08-17 21:00:00,0.93868,0.93891,0.93768,0.93787,7882.0
2026-08-17 17:00:00,2026-08-17 14:00:00,2026-08-17 22:00:00,0.93788,0.93833,0.93734,0.93796,7988.0
2026-08-17 18:00:00,2026-08-17 15:00:00,2026-08-17 23:00:00,0.93797,0.93849,0.93768,0.9383,7279.0
2026-08-17 19:00:00,2026-08-17 16:00:00,2026-08-18 00:00:00,0.93831,0.93876,0.93818,0.93874,4906.0
2026-08-17 20:00:00,2026-08-17 17:00:00,2026-08-18 01:00:00,0.93873,0.93949,0.93871,0.93931,6493.0
2026-08-17 21:00:00,2026-08-17 18:00:00,2026-08-18 02:00:00,0.93932,0.93942,0.9391,0.93912,5550.0
2026-08-17 22:00:00,2026-08-17 19:00:00,2026-08-18 03:00:00,0.93911,0.93932,0.93872,0.93888,5235.0
2026-08-17 23:00:00,2026-08-17 20:00:00,2026-08-18 04:00:00,0.93887,0.93915,0.93884,0.93898,2661.0
2026-08-18 00:00:00,2026-08-17 21:00:00,2026-08-18 05:00:00,0.93801,0.93867,0.93762,0.93825,2095.0
2026-08-18 01:00:00,2026-08-17 22:00:00,2026-08-18 06:00:00,0.93865,0.93917,0.9386,0.93901,2078.0
2026-08-18 02:00:00,2026-08-17 23:00:00,2026-08-18 07:00:00,0.93902,0.93907,0.93887,0.93897,1792.0
2026-08-18 03:00:00,2026-08-18 00:00:00,2026-08-18 08:00:00,0.93894,0.93922,0.93888,0.93908,6103.0
2026-08-18 04:00:00,2026-08-18 01:00:00,2026-08-18 09:00:00,0.93907,0.93923,0.93886,0.93917,6169.0
2026-08-18 05:00:00,2026-08-18 02:00:00,2026-08-18 10:00:00,0.93916,0.93929,0.93894,0.93904,4933.0
2026-08-18 06:00:00,2026-08-18 03:00:00,2026-08-18 11:00:00,0.93904,0.93927,0.93896,0.93925,4502.0
2026-08-18 07:00:00,2026-08-18 04:00:00,2026-08-18 12:00:00,0.93924,0.9394,0.93918,0.93934,5058.0
2026-08-18 08:00:00,2026-08-18 05:00:00,2026-08-18 13:00:00,0.93932,0.93945,0.93915,0.9393,4197.0
2026-08-18 09:00:00,2026-08-18 06:00:00,2026-08-18 14:00:00,0.93929,0.93964,0.93901,0.93901,7099.0
2026-08-18 10:00:00,2026-08-18 07:00:00,2026-08-18 15:00:00,0.93903,0.93933,0.93847,0.93891,6562.0
2026-08-18 11:00:00,2026-08-18 08:00:00,2026-08-18 16:00:00,0.93892,0.9396,0.93874,0.93938,4879.0
2026-08-18 12:00:00,2026-08-18 09:00:00,2026-08-18 17:00:00,0.9394,0.93985,0.93922,0.93982,4371.0
2026-08-18 13:00:00,2026-08-18 10:00:00,2026-08-18 18:00:00,0.93982,0.9404,0.93973,0.94017,4782.0
2026-08-18 14:00:00,2026-08-18 11:00:00,2026-08-18 19:00:00,0.94016,0.94068,0.94013,0.94047,3872.0
2026-08-18 15:00:00,2026-08-18 12:00:00,2026-08-18 20:00:00,0.94046,0.94066,0.94015,0.94017,6031.0
2026-08-18 16:00:00,2026-08-18 13:00:00,2026-08-18 21:00:00,0.94017,0.94089,0.93988,0.94004,7413.0
2026-08-18 17:00:00,2026-08-18 14:00:00,2026-08-18 22:00:00,0.94002,0.94056,0.9399,0.94024,8470.0
2026-08-18 18:00:00,2026-08-18 15:00:00,2026-08-18 23:00:00,0.94023,0.94097,0.94003,0.94036,8466.0
2026-08-18 19:00:00,2026-08-18 16:00:00,2026-08-19 00:00:00,0.94034,0.94035,0.93988,0.94018,6370.0
2026-08-18 20:00:00,2026-08-18 17:00:00,2026-08-19 01:00:00,0.94019,0.94034,0.94013,0.94021,4739.0
2026-08-18 21:00:00,2026-08-18 18:00:00,2026-08-19 02:00:00,0.94022,0.94055,0.94019,0.94044,4510.0
2026-08-18 22:00:00,2026-08-18 19:00:00,2026-08-19 03:00:00,0.94043,0.94062,0.94035,0.9405,6037.0
2026-08-18 23:00:00,2026-08-18 20:00:00,2026-08-19 04:00:00,0.94051,0.94055,0.94038,0.94041,4409.0
2026-08-19 00:00:00,2026-08-18 21:00:00,2026-08-19 05:00:00,0.93979,0.94041,0.93877,0.93942,2288.0
2026-08-19 01:00:00,2026-08-18 22:00:00,2026-08-19 06:00:00,0.93986,0.94046,0.93974,0.94043,3417.0
2026-08-19 02:00:00,2026-08-18 23:00:00,2026-08-19 07:00:00,0.94042,0.94062,0.94024,0.94027,3132.0
2026-08-19 03:00:00,2026-08-19 00:00:00,2026-08-19 08:00:00,0.94025,0.94042,0.93999,0.94009,8027.0
2026-08-19 04:00:00,2026-08-19 01:00:00,2026-08-19 09:00:00,0.9401,0.94048,0.93996,0.94,7841.0
2026-08-19 05:00:00,2026-08-19 02:00:00,2026-08-19 10:00:00,0.93999,0.94006,0.93962,0.94,6828.0
2026-08-19 06:00:00,2026-08-19 03:00:00,2026-08-19 11:00:00,0.93999,0.9401,0.9398,0.93995,5086.0
2026-08-19 07:00:00,2026-08-19 04:00:00,2026-08-19 12:00:00,0.93994,0.93999,0.93969,0.93977,5356.0
2026-08-19 08:00:00,2026-08-19 05:00:00,2026-08-19 13:00:00,0.93978,0.94014,0.9396,0.94004,6045.0
2026-08-19 09:00:00,2026-08-19 06:00:00,2026-08-19 14:00:00,0.94005,0.94008,0.93952,0.93992,6675.0
2026-08-19 10:00:00,2026-08-19 07:00:00,2026-08-19 15:00:00,0.93992,0.94044,0.93969,0.94041,5993.0
2026-08-19 11:00:00,2026-08-19 08:00:00,2026-08-19 16:00:00,0.94042,0.94073,0.94025,0.94039,8783.0
2026-08-19 12:00:00,2026-08-19 09:00:00,2026-08-19 17:00:00,0.9404,0.94055,0.94023,0.94032,5864.0
2026-08-19 13:00:00,2026-08-19 10:00:00,2026-08-19 18:00:00,0.94033,0.94064,0.94022,0.94059,5275.0
2026-08-19 14:00:00,2026-08-19 11:00:00,2026-08-19 19:00:00,0.94057,0.9406,0.94006,0.94011,6529.0
2026-08-19 15:00:00,2026-08-19 12:00:00,2026-08-19 20:00:00,0.94012,0.94028,0.93853,0.93892,11865.0
2026-08-19 16:00:00,2026-08-19 13:00:00,2026-08-19 21:00:00,0.93891,0.93913,0.93528,0.93549,13378.0
2026-08-19 17:00:00,2026-08-19 14:00:00,2026-08-19 22:00:00,0.93546,0.93566,0.93229,0.93478,14128.0
2026-08-19 18:00:00,2026-08-19 15:00:00,2026-08-19 23:00:00,0.93477,0.9351,0.9322,0.93293,11667.0
2026-08-19 19:00:00,2026-08-19 16:00:00,2026-08-20 00:00:00,0.93295,0.93348,0.93221,0.93266,8455.0
2026-08-19 20:00:00,2026-08-19 17:00:00,2026-08-20 01:00:00,0.93267,0.93323,0.93241,0.93316,7760.0
2026-08-19 21:00:00,2026-08-19 18:00:00,2026-08-20 02:00:00,0.93315,0.93316,0.93136,0.93144,9603.0
2026-08-19 22:00:00,2026-08-19 19:00:00,2026-08-20 03:00:00,0.93142,0.93155,0.93079,0.93104,7598.0
2026-08-19 23:00:00,2026-08-19 20:00:00,2026-08-20 04:00:00,0.93104,0.93134,0.93075,0.93097,4088.0
2026-08-20 00:00:00,2026-08-19 21:00:00,2026-08-20 05:00:00,0.93062,0.93112,0.93049,0.93112,996.0
2026-08-20 01:00:00,2026-08-19 22:00:00,2026-08-20 06:00:00,0.93112,0.93119,0.93085,0.93106,2791.0
2026-08-20 02:00:00,2026-08-19 23:00:00,2026-08-20 07:00:00,0.93107,0.93137,0.93094,0.93133,3143.0
2026-08-20 03:00:00,2026-08-20 00:00:00,2026-08-20 08:00:00,0.93132,0.93279,0.93103,0.93274,7285.0
2026-08-20 04:00:00,2026-08-20 01:00:00,2026-08-20 09:00:00,0.93276,0.93381,0.93266,0.93336,9593.0
2026-08-20 05:00:00,2026-08-20 02:00:00,2026-08-20 10:00:00,0.93335,0.9339,0.93319,0.93387,6431.0
2026-08-20 06:00:00,2026-08-20 03:00:00,2026-08-20 11:00:00,0.93388,0.93412,0.93348,0.93379,5421.0
2026-08-20 07:00:00,2026-08-20 04:00:00,2026-08-20 12:00:00,0.93376,0.93426,0.9336,0.93384,5901.0
2026-08-20 08:00:00,2026-08-20 05:00:00,2026-08-20 13:00:00,0.93384,0.93421,0.93367,0.93396,5383.0
2026-08-20 09:00:00,2026-08-20 06:00:00,2026-08-20 14:00:00,0.93395,0.93403,0.9332,0.93328,6991.0
2026-08-20 10:00:00,2026-08-20 07:00:00,2026-08-20 15:00:00,0.93327,0.93449,0.93313,0.93359,8161.0
2026-08-20 11:00:00,2026-08-20 08:00:00,2026-08-20 16:00:00,0.93356,0.93395,0.93304,0.93326,7941.0
2026-08-20 12:00:00,2026-08-20 09:00:00,2026-08-20 17:00:00,0.93327,0.93328,0.93091,0.93157,8152.0
2026-08-20 13:00:00,2026-08-20 10:00:00,2026-08-20 18:00:00,0.93158,0.93194,0.93086,0.93184,8009.0
2026-08-20 14:00:00,2026-08-20 11:00:00,2026-08-20 19:00:00,0.93183,0.9332,0.93157,0.93282,7188.0
2026-08-20 15:00:00,2026-08-20 12:00:00,2026-08-20 20:00:00,0.93281,0.93324,0.93209,0.93229,9366.0
2026-08-20 16:00:00,2026-08-20 13:00:00,2026-08-20 21:00:00,0.9323,0.93324,0.93222,0.93302,9589.0
2026-08-20 17:00:00,2026-08-20 14:00:00,2026-08-20 22:00:00,0.93303,0.93374,0.93267,0.933,9459.0
2026-08-20 18:00:00,2026-08-20 15:00:00,2026-08-20 23:00:00,0.93299,0.93455,0.93244,0.93408,10299.0
2026-08-20 19:00:00,2026-08-20 16:00:00,2026-08-21 00:00:00,0.93408,0.93466,0.93372,0.93431,6953.0
2026-08-20 20:00:00,2026-08-20 17:00:00,2026-08-21 01:00:00,0.93431,0.9348,0.93422,0.93454,5381.0
2026-08-20 21:00:00,2026-08-20 18:00:00,2026-08-21 02:00:00,0.93453,0.93498,0.93448,0.93487,6584.0
2026-08-20 22:00:00,2026-08-20 19:00:00,2026-08-21 03:00:00,0.93488,0.93501,0.93473,0.93488,5519.0
2026-08-20 23:00:00,2026-08-20 20:00:00,2026-08-21 04:00:00,0.93487,0.93498,0.93474,0.9348,4376.0
2026-08-21 00:00:00,2026-08-20 21:00:00,2026-08-21 05:00:00,0.9336,0.93474,0.93359,0.93448,2169.0
2026-08-21 01:00:00,2026-08-20 22:00:00,2026-08-21 06:00:00,0.93462,0.93505,0.93457,0.93461,2425.0
2026-08-21 02:00:00,2026-08-20 23:00:00,2026-08-21 07:00:00,0.9346,0.93473,0.93445,0.93457,1819.0
2026-08-21 03:00:00,2026-08-21 00:00:00,2026-08-21 08:00:00,0.93454,0.93504,0.93449,0.93494,4609.0
2026-08-21 04:00:00,2026-08-21 01:00:00,2026-08-21 09:00:00,0.93494,0.93495,0.93428,0.93458,5806.0
2026-08-21 05:00:00,2026-08-21 02:00:00,2026-08-21 10:00:00,0.93458,0.93489,0.93434,0.93454,5396.0
2026-08-21 06:00:00,2026-08-21 03:00:00,2026-08-21 11:00:00,0.93453,0.93521,0.93448,0.93511,4012.0
2026-08-21 07:00:00,2026-08-21 04:00:00,2026-08-21 12:00:00,0.93512,0.9353,0.93505,0.93526,2807.0
2026-08-21 08:00:00,2026-08-21 05:00:00,2026-08-21 13:00:00,0.93527,0.93537,0.9347,0.93473,4180.0
2026-08-21 09:00:00,2026-08-21 06:00:00,2026-08-21 14:00:00,0.93474,0.93569,0.93472,0.93555,5105.0
2026-08-21 10:00:00,2026-08-21 07:00:00,2026-08-21 15:00:00,0.93556,0.93598,0.93517,0.93558,6603.0
2026-08-21 11:00:00,2026-08-21 08:00:00,2026-08-21 16:00:00,0.93559,0.9361,0.93538,0.93573,7308.0
2026-08-21 12:00:00,2026-08-21 09:00:00,2026-08-21 17:00:00,0.93573,0.93601,0.93492,0.93521,5950.0
2026-08-21 13:00:00,2026-08-21 10:00:00,2026-08-21 18:00:00,0.93522,0.93528,0.93483,0.93504,5692.0
2026-08-21 14:00:00,2026-08-21 11:00:00,2026-08-21 19:00:00,0.93503,0.93553,0.9347,0.93526,7261.0
2026-08-21 15:00:00,2026-08-21 12:00:00,2026-08-21 20:00:00,0.93525,0.93547,0.93488,0.93513,6344.0
2026-08-21 16:00:00,2026-08-21 13:00:00,2026-08-21 21:00:00,0.93514,0.93543,0.93445,0.93468,7277.0
2026-08-21 17:00:00,2026-08-21 14:00:00,2026-08-21 22:00:00,0.9347,0.93551,0.93468,0.935,7410.0
2026-08-21 18:00:00,2026-08-21 15:00:00,2026-08-21 23:00:00,0.93499,0.93632,0.93492,0.93555,7514.0
2026-08-21 19:00:00,2026-08-21 16:00:00,2026-08-22 00:00:00,0.93556,0.936,0.93553,0.93577,5946.0
2026-08-21 20:00:00,2026-08-21 17:00:00,2026-08-22 01:00:00,0.93577,0.93595,0.93566,0.93576,4640.0
2026-08-21 21:00:00,2026-08-21 18:00:00,2026-08-22 02:00:00,0.93575,0.93578,0.93548,0.93555,4262.0
2026-08-21 22:00:00,2026-08-21 19:00:00,2026-08-22 03:00:00,0.93554,0.93574,0.93536,0.93541,4175.0
2026-08-21 23:00:00,2026-08-21 20:00:00,2026-08-22 04:00:00,0.93541,0.93577,0.93531,0.93569,3951.0
2026-08-24 00:00:00,2026-08-23 21:00:00,2026-08-24 05:00:00,0.93569,0.93597,0.93506,0.93518,537.0
2026-08-24 01:00:00,2026-08-23 22:00:00,2026-08-24 06:00:00,0.93533,0.93586,0.9351,0.93548,2315.0
2026-08-24 02:00:00,2026-08-23 23:00:00,2026-08-24 07:00:00,0.93549,0.93561,0.93525,0.93528,1778.0
2026-08-24 03:00:00,2026-08-24 00:00:00,2026-08-24 08:00:00,0.93526,0.93533,0.93456,0.93459,5852.0
2026-08-24 04:00:00,2026-08-24 01:00:00,2026-08-24 09:00:00,0.93458,0.93498,0.93447,0.93474,6288.0
2026-08-24 05:00:00,2026-08-24 02:00:00,2026-08-24 10:00:00,0.93473,0.93486,0.93456,0.93471,5117.0
2026-08-24 06:00:00,2026-08-24 03:00:00,2026-08-24 11:00:00,0.93472,0.9349,0.93468,0.93476,3546.0
2026-08-24 07:00:00,2026-08-24 04:00:00,2026-08-24 12:00:00,0.93475,0.93489,0.93457,0.93477,4400.0
2026-08-24 08:00:00,2026-08-24 05:00:00,2026-08-24 13:00:00,0.93477,0.93522,0.93474,0.93493,4917.0
2026-08-24 09:00:00,2026-08-24 06:00:00,2026-08-24 14:00:00,0.93494,0.93577,0.93467,0.93547,5646.0
2026-08-24 10:00:00,2026-08-24 07:00:00,2026-08-24 15:00:00,0.93548,0.9359,0.93521,0.93565,7616.0
2026-08-24 11:00:00,2026-08-24 08:00:00,2026-08-24 16:00:00,0.93564,0.93631,0.93546,0.93563,7160.0
2026-08-24 12:00:00,2026-08-24 09:00:00,2026-08-24 17:00:00,0.93562,0.93613,0.93549,0.93591,6439.0
2026-08-24 13:00:00,2026-08-24 10:00:00,2026-08-24 18:00:00,0.9359,0.9363,0.93571,0.93629,6468.0
2026-08-24 14:00:00,2026-08-24 11:00:00,2026-08-24 19:00:00,0.9363,0.93633,0.93518,0.93578,8276.0
2026-08-24 15:00:00,2026-08-24 12:00:00,2026-08-24 20:00:00,0.93579,0.9366,0.9356,0.93655,8284.0
2026-08-24 16:00:00,2026-08-24 13:00:00,2026-08-24 21:00:00,0.93654,0.93658,0.93563,0.93568,9603.0
2026-08-24 17:00:00,2026-08-24 14:00:00,2026-08-24 22:00:00,0.93569,0.93651,0.93568,0.93629,8648.0
2026-08-24 18:00:00,2026-08-24 15:00:00,2026-08-24 23:00:00,0.9363,0.93631,0.93567,0.93598,8785.0
2026-08-24 19:00:00,2026-08-24 16:00:00,2026-08-25 00:00:00,0.93599,0.93608,0.9356,0.9359,6027.0
2026-08-24 20:00:00,2026-08-24 17:00:00,2026-08-25 01:00:00,0.93591,0.93598,0.93564,0.93585,7134.0
2026-08-24 21:00:00,2026-08-24 18:00:00,2026-08-25 02:00:00,0.93585,0.93609,0.9358,0.93605,5259.0
2026-08-24 22:00:00,2026-08-24 19:00:00,2026-08-25 03:00:00,0.93603,0.93623,0.93594,0.93602,4097.0
2026-08-24 23:00:00,2026-08-24 20:00:00,2026-08-25 04:00:00,0.93603,0.93614,0.9359,0.936,3946.0
2026-08-25 00:00:00,2026-08-24 21:00:00,2026-08-25 05:00:00,0.93425,0.93563,0.93425,0.93547,1262.0
2026-08-25 01:00:00,2026-08-24 22:00:00,2026-08-25 06:00:00,0.93591,0.93604,0.93561,0.9359,3065.0
2026-08-25 02:00:00,2026-08-24 23:00:00,2026-08-25 07:00:00,0.93592,0.93613,0.93582,0.93607,1953.0
2026-08-25 03:00:00,2026-08-25 00:00:00,2026-08-25 08:00:00,0.93608,0.9363,0.93594,0.93602,5862.0
2026-08-25 04:00:00,2026-08-25 01:00:00,2026-08-25 09:00:00,0.93601,0.93678,0.936,0.93666,5617.0
2026-08-25 05:00:00,2026-08-25 02:00:00,2026-08-25 10:00:00,0.93667,0.93698,0.93664,0.93695,6141.0
