timestamp_mt5,timestamp_utc,timestamp_tpe,open,high,low,close,volume
2026-07-27 13:05:00,2026-07-27 10:05:00,2026-07-27 18:05:00,94.857,94.866,94.836,94.852,694.0
2026-07-27 13:10:00,2026-07-27 10:10:00,2026-07-27 18:10:00,94.853,94.856,94.825,94.835,659.0
2026-07-27 13:15:00,2026-07-27 10:15:00,2026-07-27 18:15:00,94.834,94.841,94.781,94.788,591.0
2026-07-27 13:20:00,2026-07-27 10:20:00,2026-07-27 18:20:00,94.787,94.803,94.781,94.8,440.0
2026-07-27 13:25:00,2026-07-27 10:25:00,2026-07-27 18:25:00,94.8,94.805,94.79,94.795,480.0
2026-07-27 13:30:00,2026-07-27 10:30:00,2026-07-27 18:30:00,94.796,94.817,94.775,94.816,570.0
2026-07-27 13:35:00,2026-07-27 10:35:00,2026-07-27 18:35:00,94.816,94.82,94.791,94.797,451.0
2026-07-27 13:40:00,2026-07-27 10:40:00,2026-07-27 18:40:00,94.797,94.811,94.785,94.788,503.0
2026-07-27 13:45:00,2026-07-27 10:45:00,2026-07-27 18:45:00,94.787,94.794,94.769,94.777,482.0
2026-07-27 13:50:00,2026-07-27 10:50:00,2026-07-27 18:50:00,94.778,94.794,94.768,94.79,466.0
2026-07-27 13:55:00,2026-07-27 10:55:00,2026-07-27 18:55:00,94.789,94.79,94.774,94.783,409.0
2026-07-27 14:00:00,2026-07-27 11:00:00,2026-07-27 19:00:00,94.782,94.805,94.768,94.772,463.0
2026-07-27 14:05:00,2026-07-27 11:05:00,2026-07-27 19:05:00,94.771,94.785,94.763,94.774,408.0
2026-07-27 14:10:00,2026-07-27 11:10:00,2026-07-27 19:10:00,94.772,94.776,94.749,94.761,433.0
2026-07-27 14:15:00,2026-07-27 11:15:00,2026-07-27 19:15:00,94.763,94.767,94.751,94.767,397.0
2026-07-27 14:20:00,2026-07-27 11:20:00,2026-07-27 19:20:00,94.768,94.775,94.757,94.763,453.0
2026-07-27 14:25:00,2026-07-27 11:25:00,2026-07-27 19:25:00,94.763,94.768,94.74,94.74,399.0
2026-07-27 14:30:00,2026-07-27 11:30:00,2026-07-27 19:30:00,94.74,94.741,94.697,94.697,513.0
2026-07-27 14:35:00,2026-07-27 11:35:00,2026-07-27 19:35:00,94.698,94.743,94.689,94.738,371.0
2026-07-27 14:40:00,2026-07-27 11:40:00,2026-07-27 19:40:00,94.739,94.746,94.729,94.731,371.0
2026-07-27 14:45:00,2026-07-27 11:45:00,2026-07-27 19:45:00,94.729,94.748,94.727,94.747,343.0
2026-07-27 14:50:00,2026-07-27 11:50:00,2026-07-27 19:50:00,94.747,94.762,94.739,94.762,357.0
2026-07-27 14:55:00,2026-07-27 11:55:00,2026-07-27 19:55:00,94.761,94.78,94.759,94.78,496.0
2026-07-27 15:00:00,2026-07-27 12:00:00,2026-07-27 20:00:00,94.779,94.788,94.769,94.78,393.0
2026-07-27 15:05:00,2026-07-27 12:05:00,2026-07-27 20:05:00,94.779,94.783,94.759,94.762,356.0
2026-07-27 15:10:00,2026-07-27 12:10:00,2026-07-27 20:10:00,94.76,94.8,94.757,94.798,260.0
2026-07-27 15:15:00,2026-07-27 12:15:00,2026-07-27 20:15:00,94.798,94.826,94.792,94.817,312.0
2026-07-27 15:20:00,2026-07-27 12:20:00,2026-07-27 20:20:00,94.816,94.817,94.798,94.801,281.0
2026-07-27 15:25:00,2026-07-27 12:25:00,2026-07-27 20:25:00,94.802,94.804,94.78,94.799,391.0
2026-07-27 15:30:00,2026-07-27 12:30:00,2026-07-27 20:30:00,94.798,94.823,94.798,94.818,304.0
2026-07-27 15:35:00,2026-07-27 12:35:00,2026-07-27 20:35:00,94.817,94.83,94.811,94.83,316.0
2026-07-27 15:40:00,2026-07-27 12:40:00,2026-07-27 20:40:00,94.83,94.843,94.821,94.833,388.0
2026-07-27 15:45:00,2026-07-27 12:45:00,2026-07-27 20:45:00,94.834,94.836,94.824,94.829,285.0
2026-07-27 15:50:00,2026-07-27 12:50:00,2026-07-27 20:50:00,94.83,94.831,94.818,94.825,269.0
2026-07-27 15:55:00,2026-07-27 12:55:00,2026-07-27 20:55:00,94.825,94.839,94.821,94.822,358.0
2026-07-27 16:00:00,2026-07-27 13:00:00,2026-07-27 21:00:00,94.827,94.86,94.821,94.855,428.0
2026-07-27 16:05:00,2026-07-27 13:05:00,2026-07-27 21:05:00,94.854,94.865,94.85,94.856,373.0
2026-07-27 16:10:00,2026-07-27 13:10:00,2026-07-27 21:10:00,94.858,94.877,94.847,94.875,386.0
2026-07-27 16:15:00,2026-07-27 13:15:00,2026-07-27 21:15:00,94.875,94.896,94.869,94.885,314.0
2026-07-27 16:20:00,2026-07-27 13:20:00,2026-07-27 21:20:00,94.884,94.89,94.862,94.863,398.0
2026-07-27 16:25:00,2026-07-27 13:25:00,2026-07-27 21:25:00,94.862,94.875,94.857,94.872,353.0
2026-07-27 16:30:00,2026-07-27 13:30:00,2026-07-27 21:30:00,94.873,94.887,94.844,94.855,420.0
2026-07-27 16:35:00,2026-07-27 13:35:00,2026-07-27 21:35:00,94.856,94.87,94.853,94.867,347.0
2026-07-27 16:40:00,2026-07-27 13:40:00,2026-07-27 21:40:00,94.868,94.89,94.863,94.882,406.0
2026-07-27 16:45:00,2026-07-27 13:45:00,2026-07-27 21:45:00,94.884,94.92,94.878,94.914,366.0
2026-07-27 16:50:00,2026-07-27 13:50:00,2026-07-27 21:50:00,94.912,94.938,94.91,94.933,343.0
2026-07-27 16:55:00,2026-07-27 13:55:00,2026-07-27 21:55:00,94.932,94.936,94.89,94.89,471.0
2026-07-27 17:00:00,2026-07-27 14:00:00,2026-07-27 22:00:00,94.885,94.91,94.875,94.899,721.0
2026-07-27 17:05:00,2026-07-27 14:05:00,2026-07-27 22:05:00,94.9,94.903,94.878,94.903,609.0
2026-07-27 17:10:00,2026-07-27 14:10:00,2026-07-27 22:10:00,94.9,94.921,94.885,94.885,649.0
2026-07-27 17:15:00,2026-07-27 14:15:00,2026-07-27 22:15:00,94.884,94.895,94.869,94.877,663.0
2026-07-27 17:20:00,2026-07-27 14:20:00,2026-07-27 22:20:00,94.878,94.91,94.864,94.906,620.0
2026-07-27 17:25:00,2026-07-27 14:25:00,2026-07-27 22:25:00,94.907,94.942,94.906,94.942,524.0
2026-07-27 17:30:00,2026-07-27 14:30:00,2026-07-27 22:30:00,94.943,94.958,94.92,94.956,506.0
2026-07-27 17:35:00,2026-07-27 14:35:00,2026-07-27 22:35:00,94.957,94.988,94.943,94.978,542.0
2026-07-27 17:40:00,2026-07-27 14:40:00,2026-07-27 22:40:00,94.977,94.988,94.941,94.944,576.0
2026-07-27 17:45:00,2026-07-27 14:45:00,2026-07-27 22:45:00,94.944,94.948,94.919,94.922,482.0
2026-07-27 17:50:00,2026-07-27 14:50:00,2026-07-27 22:50:00,94.923,94.929,94.911,94.913,556.0
2026-07-27 17:55:00,2026-07-27 14:55:00,2026-07-27 22:55:00,94.911,94.922,94.895,94.895,576.0
2026-07-27 18:00:00,2026-07-27 15:00:00,2026-07-27 23:00:00,94.894,94.905,94.84,94.856,801.0
2026-07-27 18:05:00,2026-07-27 15:05:00,2026-07-27 23:05:00,94.855,94.875,94.844,94.863,695.0
2026-07-27 18:10:00,2026-07-27 15:10:00,2026-07-27 23:10:00,94.865,94.901,94.861,94.896,723.0
2026-07-27 18:15:00,2026-07-27 15:15:00,2026-07-27 23:15:00,94.895,94.896,94.868,94.875,703.0
2026-07-27 18:20:00,2026-07-27 15:20:00,2026-07-27 23:20:00,94.875,94.879,94.839,94.854,884.0
2026-07-27 18:25:00,2026-07-27 15:25:00,2026-07-27 23:25:00,94.854,94.872,94.805,94.809,788.0
2026-07-27 18:30:00,2026-07-27 15:30:00,2026-07-27 23:30:00,94.811,94.814,94.784,94.81,749.0
2026-07-27 18:35:00,2026-07-27 15:35:00,2026-07-27 23:35:00,94.807,94.839,94.802,94.839,725.0
2026-07-27 18:40:00,2026-07-27 15:40:00,2026-07-27 23:40:00,94.838,94.84,94.811,94.823,774.0
2026-07-27 18:45:00,2026-07-27 15:45:00,2026-07-27 23:45:00,94.823,94.828,94.808,94.824,739.0
2026-07-27 18:50:00,2026-07-27 15:50:00,2026-07-27 23:50:00,94.825,94.851,94.813,94.849,681.0
2026-07-27 18:55:00,2026-07-27 15:55:00,2026-07-27 23:55:00,94.849,94.858,94.834,94.834,809.0
2026-07-27 19:00:00,2026-07-27 16:00:00,2026-07-28 00:00:00,94.837,94.86,94.831,94.834,718.0
2026-07-27 19:05:00,2026-07-27 16:05:00,2026-07-28 00:05:00,94.834,94.853,94.816,94.819,843.0
2026-07-27 19:10:00,2026-07-27 16:10:00,2026-07-28 00:10:00,94.82,94.82,94.787,94.798,660.0
2026-07-27 19:15:00,2026-07-27 16:15:00,2026-07-28 00:15:00,94.798,94.814,94.78,94.811,658.0
2026-07-27 19:20:00,2026-07-27 16:20:00,2026-07-28 00:20:00,94.802,94.82,94.798,94.808,619.0
2026-07-27 19:25:00,2026-07-27 16:25:00,2026-07-28 00:25:00,94.809,94.833,94.805,94.826,804.0
2026-07-27 19:30:00,2026-07-27 16:30:00,2026-07-28 00:30:00,94.826,94.844,94.819,94.836,638.0
2026-07-27 19:35:00,2026-07-27 16:35:00,2026-07-28 00:35:00,94.837,94.843,94.825,94.842,456.0
2026-07-27 19:40:00,2026-07-27 16:40:00,2026-07-28 00:40:00,94.843,94.843,94.805,94.809,582.0
2026-07-27 19:45:00,2026-07-27 16:45:00,2026-07-28 00:45:00,94.811,94.823,94.804,94.811,539.0
2026-07-27 19:50:00,2026-07-27 16:50:00,2026-07-28 00:50:00,94.81,94.836,94.809,94.833,575.0
2026-07-27 19:55:00,2026-07-27 16:55:00,2026-07-28 00:55:00,94.834,94.846,94.828,94.832,537.0
2026-07-27 20:00:00,2026-07-27 17:00:00,2026-07-28 01:00:00,94.831,94.832,94.808,94.819,527.0
2026-07-27 20:05:00,2026-07-27 17:05:00,2026-07-28 01:05:00,94.817,94.831,94.793,94.793,489.0
2026-07-27 20:10:00,2026-07-27 17:10:00,2026-07-28 01:10:00,94.792,94.817,94.786,94.812,544.0
2026-07-27 20:15:00,2026-07-27 17:15:00,2026-07-28 01:15:00,94.812,94.827,94.805,94.818,553.0
2026-07-27 20:20:00,2026-07-27 17:20:00,2026-07-28 01:20:00,94.819,94.827,94.808,94.819,471.0
2026-07-27 20:25:00,2026-07-27 17:25:00,2026-07-28 01:25:00,94.82,94.838,94.82,94.826,690.0
2026-07-27 20:30:00,2026-07-27 17:30:00,2026-07-28 01:30:00,94.824,94.842,94.814,94.831,648.0
2026-07-27 20:35:00,2026-07-27 17:35:00,2026-07-28 01:35:00,94.831,94.833,94.812,94.817,525.0
2026-07-27 20:40:00,2026-07-27 17:40:00,2026-07-28 01:40:00,94.818,94.819,94.804,94.807,447.0
2026-07-27 20:45:00,2026-07-27 17:45:00,2026-07-28 01:45:00,94.806,94.832,94.804,94.818,521.0
2026-07-27 20:50:00,2026-07-27 17:50:00,2026-07-28 01:50:00,94.817,94.819,94.79,94.8,592.0
2026-07-27 20:55:00,2026-07-27 17:55:00,2026-07-28 01:55:00,94.8,94.81,94.794,94.795,517.0
2026-07-27 21:00:00,2026-07-27 18:00:00,2026-07-28 02:00:00,94.795,94.823,94.791,94.822,599.0
2026-07-27 21:05:00,2026-07-27 18:05:00,2026-07-28 02:05:00,94.821,94.823,94.801,94.814,487.0
2026-07-27 21:10:00,2026-07-27 18:10:00,2026-07-28 02:10:00,94.815,94.815,94.773,94.787,740.0
2026-07-27 21:15:00,2026-07-27 18:15:00,2026-07-28 02:15:00,94.785,94.805,94.784,94.793,582.0
2026-07-27 21:20:00,2026-07-27 18:20:00,2026-07-28 02:20:00,94.794,94.819,94.792,94.797,421.0
2026-07-27 21:25:00,2026-07-27 18:25:00,2026-07-28 02:25:00,94.8,94.808,94.791,94.795,573.0
2026-07-27 21:30:00,2026-07-27 18:30:00,2026-07-28 02:30:00,94.796,94.811,94.791,94.806,613.0
2026-07-27 21:35:00,2026-07-27 18:35:00,2026-07-28 02:35:00,94.806,94.824,94.804,94.82,463.0
2026-07-27 21:40:00,2026-07-27 18:40:00,2026-07-28 02:40:00,94.82,94.853,94.818,94.842,513.0
2026-07-27 21:45:00,2026-07-27 18:45:00,2026-07-28 02:45:00,94.84,94.843,94.822,94.833,538.0
2026-07-27 21:50:00,2026-07-27 18:50:00,2026-07-28 02:50:00,94.833,94.837,94.819,94.831,458.0
2026-07-27 21:55:00,2026-07-27 18:55:00,2026-07-28 02:55:00,94.83,94.835,94.802,94.806,591.0
2026-07-27 22:00:00,2026-07-27 19:00:00,2026-07-28 03:00:00,94.805,94.806,94.78,94.781,642.0
2026-07-27 22:05:00,2026-07-27 19:05:00,2026-07-28 03:05:00,94.782,94.785,94.763,94.782,570.0
2026-07-27 22:10:00,2026-07-27 19:10:00,2026-07-28 03:10:00,94.783,94.796,94.778,94.783,455.0
2026-07-27 22:15:00,2026-07-27 19:15:00,2026-07-28 03:15:00,94.784,94.801,94.777,94.786,487.0
2026-07-27 22:20:00,2026-07-27 19:20:00,2026-07-28 03:20:00,94.784,94.809,94.784,94.789,391.0
2026-07-27 22:25:00,2026-07-27 19:25:00,2026-07-28 03:25:00,94.789,94.808,94.783,94.785,469.0
2026-07-27 22:30:00,2026-07-27 19:30:00,2026-07-28 03:30:00,94.784,94.82,94.783,94.794,650.0
2026-07-27 22:35:00,2026-07-27 19:35:00,2026-07-28 03:35:00,94.795,94.804,94.753,94.759,491.0
2026-07-27 22:40:00,2026-07-27 19:40:00,2026-07-28 03:40:00,94.763,94.771,94.752,94.752,649.0
2026-07-27 22:45:00,2026-07-27 19:45:00,2026-07-28 03:45:00,94.752,94.767,94.741,94.747,555.0
2026-07-27 22:50:00,2026-07-27 19:50:00,2026-07-28 03:50:00,94.748,94.759,94.74,94.744,621.0
2026-07-27 22:55:00,2026-07-27 19:55:00,2026-07-28 03:55:00,94.745,94.75,94.728,94.746,595.0
2026-07-27 23:00:00,2026-07-27 20:00:00,2026-07-28 04:00:00,94.745,94.783,94.74,94.777,549.0
2026-07-27 23:05:00,2026-07-27 20:05:00,2026-07-28 04:05:00,94.777,94.783,94.765,94.772,533.0
2026-07-27 23:10:00,2026-07-27 20:10:00,2026-07-28 04:10:00,94.77,94.77,94.698,94.702,845.0
2026-07-27 23:15:00,2026-07-27 20:15:00,2026-07-28 04:15:00,94.703,94.715,94.693,94.705,660.0
2026-07-27 23:20:00,2026-07-27 20:20:00,2026-07-28 04:20:00,94.704,94.718,94.704,94.706,609.0
2026-07-27 23:25:00,2026-07-27 20:25:00,2026-07-28 04:25:00,94.706,94.723,94.702,94.706,398.0
2026-07-27 23:30:00,2026-07-27 20:30:00,2026-07-28 04:30:00,94.705,94.726,94.696,94.725,497.0
2026-07-27 23:35:00,2026-07-27 20:35:00,2026-07-28 04:35:00,94.725,94.732,94.696,94.7,553.0
2026-07-27 23:40:00,2026-07-27 20:40:00,2026-07-28 04:40:00,94.7,94.727,94.689,94.724,637.0
2026-07-27 23:45:00,2026-07-27 20:45:00,2026-07-28 04:45:00,94.725,94.75,94.722,94.739,523.0
2026-07-27 23:50:00,2026-07-27 20:50:00,2026-07-28 04:50:00,94.74,94.763,94.724,94.759,617.0
2026-07-27 23:55:00,2026-07-27 20:55:00,2026-07-28 04:55:00,94.755,94.779,94.75,94.753,670.0
2026-07-28 00:00:00,2026-07-27 21:00:00,2026-07-28 05:00:00,94.752,94.759,94.725,94.734,878.0
2026-07-28 00:05:00,2026-07-27 21:05:00,2026-07-28 05:05:00,94.732,94.78,94.732,94.774,757.0
2026-07-28 00:10:00,2026-07-27 21:10:00,2026-07-28 05:10:00,94.773,94.775,94.751,94.759,652.0
2026-07-28 00:15:00,2026-07-27 21:15:00,2026-07-28 05:15:00,94.76,94.762,94.739,94.746,682.0
2026-07-28 00:20:00,2026-07-27 21:20:00,2026-07-28 05:20:00,94.746,94.773,94.746,94.759,720.0
2026-07-28 00:25:00,2026-07-27 21:25:00,2026-07-28 05:25:00,94.759,94.776,94.749,94.765,714.0
2026-07-28 00:30:00,2026-07-27 21:30:00,2026-07-28 05:30:00,94.769,94.803,94.767,94.784,1094.0
2026-07-28 00:35:00,2026-07-27 21:35:00,2026-07-28 05:35:00,94.783,94.807,94.777,94.795,908.0
2026-07-28 00:40:00,2026-07-27 21:40:00,2026-07-28 05:40:00,94.794,94.812,94.76,94.775,832.0
2026-07-28 00:45:00,2026-07-27 21:45:00,2026-07-28 05:45:00,94.776,94.81,94.77,94.8,863.0
2026-07-28 00:50:00,2026-07-27 21:50:00,2026-07-28 05:50:00,94.801,94.816,94.774,94.774,870.0
2026-07-28 00:55:00,2026-07-27 21:55:00,2026-07-28 05:55:00,94.772,94.793,94.767,94.777,825.0
2026-07-28 01:00:00,2026-07-27 22:00:00,2026-07-28 06:00:00,94.779,94.795,94.748,94.771,978.0
2026-07-28 01:05:00,2026-07-27 22:05:00,2026-07-28 06:05:00,94.772,94.78,94.757,94.768,784.0
2026-07-28 01:10:00,2026-07-27 22:10:00,2026-07-28 06:10:00,94.769,94.785,94.759,94.783,842.0
2026-07-28 01:15:00,2026-07-27 22:15:00,2026-07-28 06:15:00,94.782,94.791,94.749,94.75,893.0
2026-07-28 01:20:00,2026-07-27 22:20:00,2026-07-28 06:20:00,94.752,94.755,94.697,94.702,837.0
2026-07-28 01:25:00,2026-07-27 22:25:00,2026-07-28 06:25:00,94.704,94.709,94.653,94.655,783.0
2026-07-28 01:30:00,2026-07-27 22:30:00,2026-07-28 06:30:00,94.656,94.665,94.623,94.624,639.0
2026-07-28 01:35:00,2026-07-27 22:35:00,2026-07-28 06:35:00,94.626,94.661,94.626,94.645,781.0
2026-07-28 01:40:00,2026-07-27 22:40:00,2026-07-28 06:40:00,94.645,94.654,94.614,94.634,803.0
2026-07-28 01:45:00,2026-07-27 22:45:00,2026-07-28 06:45:00,94.637,94.676,94.637,94.675,820.0
2026-07-28 01:50:00,2026-07-27 22:50:00,2026-07-28 06:50:00,94.674,94.687,94.64,94.642,873.0
2026-07-28 01:55:00,2026-07-27 22:55:00,2026-07-28 06:55:00,94.645,94.665,94.635,94.651,894.0
2026-07-28 02:00:00,2026-07-27 23:00:00,2026-07-28 07:00:00,94.657,94.661,94.627,94.658,883.0
2026-07-28 02:05:00,2026-07-27 23:05:00,2026-07-28 07:05:00,94.656,94.665,94.638,94.642,798.0
2026-07-28 02:10:00,2026-07-27 23:10:00,2026-07-28 07:10:00,94.642,94.652,94.622,94.64,829.0
2026-07-28 02:15:00,2026-07-27 23:15:00,2026-07-28 07:15:00,94.642,94.65,94.63,94.646,817.0
2026-07-28 02:20:00,2026-07-27 23:20:00,2026-07-28 07:20:00,94.647,94.666,94.632,94.636,885.0
2026-07-28 02:25:00,2026-07-27 23:25:00,2026-07-28 07:25:00,94.636,94.638,94.621,94.634,810.0
2026-07-28 02:30:00,2026-07-27 23:30:00,2026-07-28 07:30:00,94.632,94.634,94.606,94.609,762.0
2026-07-28 02:35:00,2026-07-27 23:35:00,2026-07-28 07:35:00,94.609,94.609,94.579,94.584,749.0
2026-07-28 02:40:00,2026-07-27 23:40:00,2026-07-28 07:40:00,94.581,94.59,94.573,94.582,761.0
2026-07-28 02:45:00,2026-07-27 23:45:00,2026-07-28 07:45:00,94.581,94.591,94.565,94.567,754.0
2026-07-28 02:50:00,2026-07-27 23:50:00,2026-07-28 07:50:00,94.568,94.605,94.566,94.592,679.0
2026-07-28 02:55:00,2026-07-27 23:55:00,2026-07-28 07:55:00,94.593,94.62,94.592,94.605,648.0
2026-07-28 03:00:00,2026-07-28 00:00:00,2026-07-28 08:00:00,94.605,94.61,94.581,94.603,693.0
2026-07-28 03:05:00,2026-07-28 00:05:00,2026-07-28 08:05:00,94.603,94.611,94.582,94.591,683.0
2026-07-28 03:10:00,2026-07-28 00:10:00,2026-07-28 08:10:00,94.588,94.608,94.582,94.592,566.0
2026-07-28 03:15:00,2026-07-28 00:15:00,2026-07-28 08:15:00,94.593,94.598,94.576,94.593,588.0
2026-07-28 03:20:00,2026-07-28 00:20:00,2026-07-28 08:20:00,94.593,94.615,94.591,94.61,554.0
2026-07-28 03:25:00,2026-07-28 00:25:00,2026-07-28 08:25:00,94.607,94.646,94.607,94.632,972.0
2026-07-28 03:30:00,2026-07-28 00:30:00,2026-07-28 08:30:00,94.635,94.639,94.625,94.636,660.0
2026-07-28 03:35:00,2026-07-28 00:35:00,2026-07-28 08:35:00,94.635,94.64,94.627,94.633,720.0
2026-07-28 03:40:00,2026-07-28 00:40:00,2026-07-28 08:40:00,94.635,94.637,94.623,94.629,633.0
2026-07-28 03:45:00,2026-07-28 00:45:00,2026-07-28 08:45:00,94.629,94.633,94.618,94.618,626.0
2026-07-28 03:50:00,2026-07-28 00:50:00,2026-07-28 08:50:00,94.618,94.618,94.597,94.605,674.0
2026-07-28 03:55:00,2026-07-28 00:55:00,2026-07-28 08:55:00,94.604,94.622,94.594,94.617,678.0
2026-07-28 04:00:00,2026-07-28 01:00:00,2026-07-28 09:00:00,94.617,94.62,94.549,94.555,730.0
2026-07-28 04:05:00,2026-07-28 01:05:00,2026-07-28 09:05:00,94.555,94.567,94.548,94.556,687.0
2026-07-28 04:10:00,2026-07-28 01:10:00,2026-07-28 09:10:00,94.554,94.572,94.553,94.566,664.0
2026-07-28 04:15:00,2026-07-28 01:15:00,2026-07-28 09:15:00,94.566,94.57,94.542,94.548,566.0
2026-07-28 04:20:00,2026-07-28 01:20:00,2026-07-28 09:20:00,94.546,94.56,94.534,94.535,471.0
2026-07-28 04:25:00,2026-07-28 01:25:00,2026-07-28 09:25:00,94.536,94.54,94.52,94.529,499.0
2026-07-28 04:30:00,2026-07-28 01:30:00,2026-07-28 09:30:00,94.531,94.55,94.52,94.538,495.0
2026-07-28 04:35:00,2026-07-28 01:35:00,2026-07-28 09:35:00,94.539,94.54,94.507,94.507,456.0
2026-07-28 04:40:00,2026-07-28 01:40:00,2026-07-28 09:40:00,94.509,94.523,94.504,94.517,400.0
2026-07-28 04:45:00,2026-07-28 01:45:00,2026-07-28 09:45:00,94.518,94.531,94.515,94.527,442.0
2026-07-28 04:50:00,2026-07-28 01:50:00,2026-07-28 09:50:00,94.523,94.547,94.523,94.547,551.0
2026-07-28 04:55:00,2026-07-28 01:55:00,2026-07-28 09:55:00,94.548,94.556,94.537,94.554,469.0
2026-07-28 05:00:00,2026-07-28 02:00:00,2026-07-28 10:00:00,94.555,94.566,94.543,94.554,465.0
2026-07-28 05:05:00,2026-07-28 02:05:00,2026-07-28 10:05:00,94.556,94.562,94.546,94.552,465.0
2026-07-28 05:10:00,2026-07-28 02:10:00,2026-07-28 10:10:00,94.555,94.56,94.542,94.553,494.0
2026-07-28 05:15:00,2026-07-28 02:15:00,2026-07-28 10:15:00,94.552,94.556,94.535,94.547,427.0
2026-07-28 05:20:00,2026-07-28 02:20:00,2026-07-28 10:20:00,94.545,94.555,94.539,94.547,417.0
2026-07-28 05:25:00,2026-07-28 02:25:00,2026-07-28 10:25:00,94.546,94.555,94.536,94.546,464.0
2026-07-28 05:30:00,2026-07-28 02:30:00,2026-07-28 10:30:00,94.546,94.547,94.524,94.526,510.0
2026-07-28 05:35:00,2026-07-28 02:35:00,2026-07-28 10:35:00,94.526,94.533,94.518,94.525,347.0
2026-07-28 05:40:00,2026-07-28 02:40:00,2026-07-28 10:40:00,94.522,94.551,94.518,94.536,539.0
2026-07-28 05:45:00,2026-07-28 02:45:00,2026-07-28 10:45:00,94.538,94.545,94.528,94.529,408.0
2026-07-28 05:50:00,2026-07-28 02:50:00,2026-07-28 10:50:00,94.527,94.559,94.524,94.553,480.0
2026-07-28 05:55:00,2026-07-28 02:55:00,2026-07-28 10:55:00,94.552,94.576,94.552,94.572,650.0
2026-07-28 06:00:00,2026-07-28 03:00:00,2026-07-28 11:00:00,94.568,94.57,94.551,94.553,365.0
2026-07-28 06:05:00,2026-07-28 03:05:00,2026-07-28 11:05:00,94.554,94.568,94.547,94.566,456.0
2026-07-28 06:10:00,2026-07-28 03:10:00,2026-07-28 11:10:00,94.567,94.572,94.553,94.554,370.0
2026-07-28 06:15:00,2026-07-28 03:15:00,2026-07-28 11:15:00,94.556,94.558,94.546,94.55,350.0
2026-07-28 06:20:00,2026-07-28 03:20:00,2026-07-28 11:20:00,94.551,94.564,94.549,94.564,312.0
2026-07-28 06:25:00,2026-07-28 03:25:00,2026-07-28 11:25:00,94.562,94.569,94.559,94.563,320.0
2026-07-28 06:30:00,2026-07-28 03:30:00,2026-07-28 11:30:00,94.564,94.589,94.554,94.581,413.0
2026-07-28 06:35:00,2026-07-28 03:35:00,2026-07-28 11:35:00,94.58,94.586,94.571,94.582,273.0
2026-07-28 06:40:00,2026-07-28 03:40:00,2026-07-28 11:40:00,94.581,94.591,94.58,94.586,426.0
2026-07-28 06:45:00,2026-07-28 03:45:00,2026-07-28 11:45:00,94.586,94.59,94.573,94.576,366.0
2026-07-28 06:50:00,2026-07-28 03:50:00,2026-07-28 11:50:00,94.575,94.587,94.563,94.584,358.0
2026-07-28 06:55:00,2026-07-28 03:55:00,2026-07-28 11:55:00,94.583,94.59,94.578,94.586,522.0
2026-07-28 07:00:00,2026-07-28 04:00:00,2026-07-28 12:00:00,94.584,94.592,94.572,94.578,342.0
2026-07-28 07:05:00,2026-07-28 04:05:00,2026-07-28 12:05:00,94.578,94.578,94.564,94.57,256.0
2026-07-28 07:10:00,2026-07-28 04:10:00,2026-07-28 12:10:00,94.57,94.578,94.564,94.575,240.0
2026-07-28 07:15:00,2026-07-28 04:15:00,2026-07-28 12:15:00,94.578,94.58,94.559,94.559,249.0
2026-07-28 07:20:00,2026-07-28 04:20:00,2026-07-28 12:20:00,94.56,94.561,94.553,94.553,171.0
2026-07-28 07:25:00,2026-07-28 04:25:00,2026-07-28 12:25:00,94.557,94.559,94.551,94.557,143.0
2026-07-28 07:30:00,2026-07-28 04:30:00,2026-07-28 12:30:00,94.556,94.557,94.534,94.538,142.0
2026-07-28 07:35:00,2026-07-28 04:35:00,2026-07-28 12:35:00,94.537,94.545,94.536,94.545,148.0
2026-07-28 07:40:00,2026-07-28 04:40:00,2026-07-28 12:40:00,94.544,94.552,94.544,94.549,83.0
2026-07-28 07:45:00,2026-07-28 04:45:00,2026-07-28 12:45:00,94.548,94.548,94.532,94.542,186.0
2026-07-28 07:50:00,2026-07-28 04:50:00,2026-07-28 12:50:00,94.542,94.546,94.531,94.536,167.0
2026-07-28 07:55:00,2026-07-28 04:55:00,2026-07-28 12:55:00,94.54,94.543,94.531,94.54,92.0
2026-07-28 08:05:00,2026-07-28 05:05:00,2026-07-28 13:05:00,94.45,94.477,94.439,94.454,622.0
2026-07-28 08:10:00,2026-07-28 05:10:00,2026-07-28 13:10:00,94.454,94.528,94.453,94.519,88.0
2026-07-28 08:15:00,2026-07-28 05:15:00,2026-07-28 13:15:00,94.515,94.515,94.453,94.459,936.0
2026-07-28 08:20:00,2026-07-28 05:20:00,2026-07-28 13:20:00,94.481,94.49,94.428,94.438,701.0
2026-07-28 08:25:00,2026-07-28 05:25:00,2026-07-28 13:25:00,94.438,94.488,94.428,94.472,617.0
2026-07-28 08:30:00,2026-07-28 05:30:00,2026-07-28 13:30:00,94.473,94.506,94.47,94.503,177.0
2026-07-28 08:35:00,2026-07-28 05:35:00,2026-07-28 13:35:00,94.504,94.516,94.447,94.505,325.0
2026-07-28 08:40:00,2026-07-28 05:40:00,2026-07-28 13:40:00,94.505,94.542,94.487,94.535,409.0
2026-07-28 08:45:00,2026-07-28 05:45:00,2026-07-28 13:45:00,94.537,94.547,94.5,94.533,659.0
2026-07-28 08:50:00,2026-07-28 05:50:00,2026-07-28 13:50:00,94.532,94.546,94.516,94.536,190.0
2026-07-28 08:55:00,2026-07-28 05:55:00,2026-07-28 13:55:00,94.53,94.54,94.44,94.44,83.0
2026-07-28 09:00:00,2026-07-28 06:00:00,2026-07-28 14:00:00,94.45,94.54,94.445,94.535,944.0
2026-07-28 09:05:00,2026-07-28 06:05:00,2026-07-28 14:05:00,94.542,94.549,94.535,94.54,179.0
2026-07-28 09:10:00,2026-07-28 06:10:00,2026-07-28 14:10:00,94.541,94.553,94.531,94.544,196.0
2026-07-28 09:15:00,2026-07-28 06:15:00,2026-07-28 14:15:00,94.544,94.56,94.542,94.556,129.0
2026-07-28 09:20:00,2026-07-28 06:20:00,2026-07-28 14:20:00,94.558,94.566,94.554,94.565,113.0
2026-07-28 09:25:00,2026-07-28 06:25:00,2026-07-28 14:25:00,94.566,94.568,94.556,94.56,61.0
2026-07-28 09:30:00,2026-07-28 06:30:00,2026-07-28 14:30:00,94.556,94.56,94.531,94.531,171.0
2026-07-28 09:35:00,2026-07-28 06:35:00,2026-07-28 14:35:00,94.533,94.545,94.528,94.533,147.0
2026-07-28 09:40:00,2026-07-28 06:40:00,2026-07-28 14:40:00,94.532,94.54,94.518,94.522,117.0
2026-07-28 09:45:00,2026-07-28 06:45:00,2026-07-28 14:45:00,94.521,94.531,94.518,94.521,78.0
2026-07-28 09:50:00,2026-07-28 06:50:00,2026-07-28 14:50:00,94.521,94.527,94.513,94.518,122.0
2026-07-28 09:55:00,2026-07-28 06:55:00,2026-07-28 14:55:00,94.516,94.517,94.506,94.51,107.0
2026-07-28 10:00:00,2026-07-28 07:00:00,2026-07-28 15:00:00,94.511,94.511,94.48,94.487,306.0
2026-07-28 10:05:00,2026-07-28 07:05:00,2026-07-28 15:05:00,94.489,94.509,94.487,94.504,232.0
2026-07-28 10:10:00,2026-07-28 07:10:00,2026-07-28 15:10:00,94.503,94.507,94.496,94.507,197.0
2026-07-28 10:15:00,2026-07-28 07:15:00,2026-07-28 15:15:00,94.508,94.513,94.497,94.503,324.0
2026-07-28 10:20:00,2026-07-28 07:20:00,2026-07-28 15:20:00,94.502,94.506,94.484,94.499,153.0
2026-07-28 10:25:00,2026-07-28 07:25:00,2026-07-28 15:25:00,94.497,94.504,94.487,94.5,137.0
2026-07-28 10:30:00,2026-07-28 07:30:00,2026-07-28 15:30:00,94.5,94.502,94.475,94.484,199.0
2026-07-28 10:35:00,2026-07-28 07:35:00,2026-07-28 15:35:00,94.485,94.485,94.472,94.485,130.0
2026-07-28 10:40:00,2026-07-28 07:40:00,2026-07-28 15:40:00,94.484,94.487,94.475,94.475,151.0
2026-07-28 10:45:00,2026-07-28 07:45:00,2026-07-28 15:45:00,94.475,94.476,94.448,94.454,319.0
2026-07-28 10:50:00,2026-07-28 07:50:00,2026-07-28 15:50:00,94.454,94.486,94.45,94.486,311.0
2026-07-28 10:55:00,2026-07-28 07:55:00,2026-07-28 15:55:00,94.486,94.492,94.481,94.487,191.0
2026-07-28 11:00:00,2026-07-28 08:00:00,2026-07-28 16:00:00,94.491,94.504,94.464,94.474,690.0
2026-07-28 11:05:00,2026-07-28 08:05:00,2026-07-28 16:05:00,94.474,94.509,94.453,94.484,604.0
2026-07-28 11:10:00,2026-07-28 08:10:00,2026-07-28 16:10:00,94.484,94.497,94.473,94.474,349.0
2026-07-28 11:15:00,2026-07-28 08:15:00,2026-07-28 16:15:00,94.474,94.485,94.468,94.472,486.0
2026-07-28 11:20:00,2026-07-28 08:20:00,2026-07-28 16:20:00,94.473,94.495,94.463,94.485,483.0
2026-07-28 11:25:00,2026-07-28 08:25:00,2026-07-28 16:25:00,94.484,94.518,94.481,94.516,604.0
2026-07-28 11:30:00,2026-07-28 08:30:00,2026-07-28 16:30:00,94.517,94.525,94.506,94.517,542.0
2026-07-28 11:35:00,2026-07-28 08:35:00,2026-07-28 16:35:00,94.518,94.534,94.511,94.533,470.0
2026-07-28 11:40:00,2026-07-28 08:40:00,2026-07-28 16:40:00,94.534,94.543,94.517,94.52,523.0
2026-07-28 11:45:00,2026-07-28 08:45:00,2026-07-28 16:45:00,94.52,94.522,94.505,94.509,558.0
2026-07-28 11:50:00,2026-07-28 08:50:00,2026-07-28 16:50:00,94.509,94.524,94.498,94.498,602.0
2026-07-28 11:55:00,2026-07-28 08:55:00,2026-07-28 16:55:00,94.499,94.544,94.498,94.533,604.0
2026-07-28 12:00:00,2026-07-28 09:00:00,2026-07-28 17:00:00,94.533,94.567,94.518,94.542,826.0
2026-07-28 12:05:00,2026-07-28 09:05:00,2026-07-28 17:05:00,94.543,94.554,94.517,94.519,587.0
2026-07-28 12:10:00,2026-07-28 09:10:00,2026-07-28 17:10:00,94.518,94.519,94.501,94.503,477.0
2026-07-28 12:15:00,2026-07-28 09:15:00,2026-07-28 17:15:00,94.5,94.503,94.481,94.49,526.0
2026-07-28 12:20:00,2026-07-28 09:20:00,2026-07-28 17:20:00,94.494,94.51,94.489,94.504,512.0
2026-07-28 12:25:00,2026-07-28 09:25:00,2026-07-28 17:25:00,94.504,94.528,94.484,94.517,596.0
2026-07-28 12:30:00,2026-07-28 09:30:00,2026-07-28 17:30:00,94.518,94.535,94.496,94.532,507.0
2026-07-28 12:35:00,2026-07-28 09:35:00,2026-07-28 17:35:00,94.533,94.542,94.512,94.515,544.0
2026-07-28 12:40:00,2026-07-28 09:40:00,2026-07-28 17:40:00,94.516,94.52,94.472,94.481,576.0
2026-07-28 12:45:00,2026-07-28 09:45:00,2026-07-28 17:45:00,94.482,94.485,94.457,94.459,628.0
2026-07-28 12:50:00,2026-07-28 09:50:00,2026-07-28 17:50:00,94.46,94.472,94.427,94.45,661.0
2026-07-28 12:55:00,2026-07-28 09:55:00,2026-07-28 17:55:00,94.449,94.474,94.446,94.461,468.0
2026-07-28 13:00:00,2026-07-28 10:00:00,2026-07-28 18:00:00,94.464,94.469,94.442,94.454,657.0
2026-07-28 13:05:00,2026-07-28 10:05:00,2026-07-28 18:05:00,94.455,94.509,94.453,94.505,463.0
2026-07-28 13:10:00,2026-07-28 10:10:00,2026-07-28 18:10:00,94.506,94.517,94.495,94.512,431.0
2026-07-28 13:15:00,2026-07-28 10:15:00,2026-07-28 18:15:00,94.512,94.52,94.495,94.516,460.0
2026-07-28 13:20:00,2026-07-28 10:20:00,2026-07-28 18:20:00,94.518,94.528,94.5,94.512,513.0
2026-07-28 13:25:00,2026-07-28 10:25:00,2026-07-28 18:25:00,94.51,94.51,94.463,94.472,496.0
2026-07-28 13:30:00,2026-07-28 10:30:00,2026-07-28 18:30:00,94.472,94.492,94.468,94.474,546.0
2026-07-28 13:35:00,2026-07-28 10:35:00,2026-07-28 18:35:00,94.475,94.494,94.472,94.472,481.0
2026-07-28 13:40:00,2026-07-28 10:40:00,2026-07-28 18:40:00,94.474,94.482,94.457,94.461,413.0
2026-07-28 13:45:00,2026-07-28 10:45:00,2026-07-28 18:45:00,94.461,94.495,94.452,94.492,367.0
2026-07-28 13:50:00,2026-07-28 10:50:00,2026-07-28 18:50:00,94.494,94.517,94.484,94.502,667.0
2026-07-28 13:55:00,2026-07-28 10:55:00,2026-07-28 18:55:00,94.502,94.507,94.488,94.497,433.0
2026-07-28 14:00:00,2026-07-28 11:00:00,2026-07-28 19:00:00,94.498,94.513,94.474,94.491,548.0
2026-07-28 14:05:00,2026-07-28 11:05:00,2026-07-28 19:05:00,94.492,94.502,94.469,94.485,517.0
2026-07-28 14:10:00,2026-07-28 11:10:00,2026-07-28 19:10:00,94.484,94.55,94.454,94.549,530.0
2026-07-28 14:15:00,2026-07-28 11:15:00,2026-07-28 19:15:00,94.548,94.589,94.54,94.576,557.0
2026-07-28 14:20:00,2026-07-28 11:20:00,2026-07-28 19:20:00,94.574,94.581,94.547,94.55,508.0
2026-07-28 14:25:00,2026-07-28 11:25:00,2026-07-28 19:25:00,94.551,94.557,94.529,94.533,503.0
2026-07-28 14:30:00,2026-07-28 11:30:00,2026-07-28 19:30:00,94.533,94.598,94.531,94.586,747.0
2026-07-28 14:35:00,2026-07-28 11:35:00,2026-07-28 19:35:00,94.586,94.593,94.55,94.579,638.0
2026-07-28 14:40:00,2026-07-28 11:40:00,2026-07-28 19:40:00,94.577,94.587,94.542,94.547,576.0
2026-07-28 14:45:00,2026-07-28 11:45:00,2026-07-28 19:45:00,94.547,94.561,94.532,94.559,460.0
2026-07-28 14:50:00,2026-07-28 11:50:00,2026-07-28 19:50:00,94.559,94.559,94.517,94.525,511.0
2026-07-28 14:55:00,2026-07-28 11:55:00,2026-07-28 19:55:00,94.522,94.535,94.506,94.513,708.0
2026-07-28 15:00:00,2026-07-28 12:00:00,2026-07-28 20:00:00,94.509,94.511,94.455,94.479,714.0
2026-07-28 15:05:00,2026-07-28 12:05:00,2026-07-28 20:05:00,94.48,94.505,94.468,94.476,513.0
2026-07-28 15:10:00,2026-07-28 12:10:00,2026-07-28 20:10:00,94.477,94.48,94.449,94.458,574.0
2026-07-28 15:15:00,2026-07-28 12:15:00,2026-07-28 20:15:00,94.458,94.482,94.451,94.481,476.0
2026-07-28 15:20:00,2026-07-28 12:20:00,2026-07-28 20:20:00,94.481,94.491,94.463,94.471,393.0
2026-07-28 15:25:00,2026-07-28 12:25:00,2026-07-28 20:25:00,94.471,94.473,94.456,94.473,403.0
2026-07-28 15:30:00,2026-07-28 12:30:00,2026-07-28 20:30:00,94.472,94.485,94.458,94.484,385.0
2026-07-28 15:35:00,2026-07-28 12:35:00,2026-07-28 20:35:00,94.483,94.487,94.43,94.43,392.0
2026-07-28 15:40:00,2026-07-28 12:40:00,2026-07-28 20:40:00,94.431,94.447,94.423,94.447,353.0
2026-07-28 15:45:00,2026-07-28 12:45:00,2026-07-28 20:45:00,94.441,94.455,94.44,94.446,369.0
2026-07-28 15:50:00,2026-07-28 12:50:00,2026-07-28 20:50:00,94.446,94.452,94.423,94.427,369.0
2026-07-28 15:55:00,2026-07-28 12:55:00,2026-07-28 20:55:00,94.426,94.435,94.412,94.423,304.0
2026-07-28 16:00:00,2026-07-28 13:00:00,2026-07-28 21:00:00,94.422,94.437,94.42,94.427,417.0
2026-07-28 16:05:00,2026-07-28 13:05:00,2026-07-28 21:05:00,94.426,94.434,94.383,94.389,495.0
2026-07-28 16:10:00,2026-07-28 13:10:00,2026-07-28 21:10:00,94.388,94.395,94.371,94.372,471.0
2026-07-28 16:15:00,2026-07-28 13:15:00,2026-07-28 21:15:00,94.372,94.385,94.357,94.357,470.0
2026-07-28 16:20:00,2026-07-28 13:20:00,2026-07-28 21:20:00,94.361,94.389,94.361,94.365,405.0
2026-07-28 16:25:00,2026-07-28 13:25:00,2026-07-28 21:25:00,94.367,94.402,94.358,94.4,470.0
2026-07-28 16:30:00,2026-07-28 13:30:00,2026-07-28 21:30:00,94.401,94.413,94.391,94.402,594.0
2026-07-28 16:35:00,2026-07-28 13:35:00,2026-07-28 21:35:00,94.403,94.413,94.392,94.401,526.0
2026-07-28 16:40:00,2026-07-28 13:40:00,2026-07-28 21:40:00,94.4,94.44,94.388,94.436,525.0
2026-07-28 16:45:00,2026-07-28 13:45:00,2026-07-28 21:45:00,94.438,94.442,94.41,94.411,365.0
2026-07-28 16:50:00,2026-07-28 13:50:00,2026-07-28 21:50:00,94.411,94.418,94.391,94.406,454.0
2026-07-28 16:55:00,2026-07-28 13:55:00,2026-07-28 21:55:00,94.406,94.42,94.396,94.404,493.0
2026-07-28 17:00:00,2026-07-28 14:00:00,2026-07-28 22:00:00,94.4,94.407,94.383,94.39,724.0
2026-07-28 17:05:00,2026-07-28 14:05:00,2026-07-28 22:05:00,94.39,94.391,94.365,94.381,604.0
2026-07-28 17:10:00,2026-07-28 14:10:00,2026-07-28 22:10:00,94.378,94.404,94.374,94.399,652.0
2026-07-28 17:15:00,2026-07-28 14:15:00,2026-07-28 22:15:00,94.399,94.426,94.391,94.426,614.0
2026-07-28 17:20:00,2026-07-28 14:20:00,2026-07-28 22:20:00,94.425,94.443,94.417,94.436,674.0
2026-07-28 17:25:00,2026-07-28 14:25:00,2026-07-28 22:25:00,94.435,94.485,94.421,94.479,713.0
2026-07-28 17:30:00,2026-07-28 14:30:00,2026-07-28 22:30:00,94.479,94.507,94.47,94.493,706.0
2026-07-28 17:35:00,2026-07-28 14:35:00,2026-07-28 22:35:00,94.493,94.511,94.486,94.489,623.0
2026-07-28 17:40:00,2026-07-28 14:40:00,2026-07-28 22:40:00,94.486,94.493,94.472,94.475,580.0
2026-07-28 17:45:00,2026-07-28 14:45:00,2026-07-28 22:45:00,94.475,94.477,94.455,94.465,516.0
2026-07-28 17:50:00,2026-07-28 14:50:00,2026-07-28 22:50:00,94.465,94.503,94.459,94.502,494.0
2026-07-28 17:55:00,2026-07-28 14:55:00,2026-07-28 22:55:00,94.502,94.506,94.46,94.464,724.0
2026-07-28 18:00:00,2026-07-28 15:00:00,2026-07-28 23:00:00,94.464,94.487,94.441,94.447,719.0
2026-07-28 18:05:00,2026-07-28 15:05:00,2026-07-28 23:05:00,94.448,94.492,94.434,94.489,615.0
2026-07-28 18:10:00,2026-07-28 15:10:00,2026-07-28 23:10:00,94.49,94.531,94.485,94.525,759.0
2026-07-28 18:15:00,2026-07-28 15:15:00,2026-07-28 23:15:00,94.523,94.543,94.515,94.537,551.0
2026-07-28 18:20:00,2026-07-28 15:20:00,2026-07-28 23:20:00,94.535,94.588,94.532,94.557,610.0
2026-07-28 18:25:00,2026-07-28 15:25:00,2026-07-28 23:25:00,94.558,94.58,94.548,94.562,699.0
2026-07-28 18:30:00,2026-07-28 15:30:00,2026-07-28 23:30:00,94.562,94.572,94.539,94.541,472.0
2026-07-28 18:35:00,2026-07-28 15:35:00,2026-07-28 23:35:00,94.542,94.558,94.54,94.547,536.0
2026-07-28 18:40:00,2026-07-28 15:40:00,2026-07-28 23:40:00,94.548,94.559,94.538,94.551,532.0
2026-07-28 18:45:00,2026-07-28 15:45:00,2026-07-28 23:45:00,94.55,94.554,94.513,94.522,565.0
2026-07-28 18:50:00,2026-07-28 15:50:00,2026-07-28 23:50:00,94.523,94.533,94.508,94.527,678.0
2026-07-28 18:55:00,2026-07-28 15:55:00,2026-07-28 23:55:00,94.528,94.54,94.513,94.517,541.0
2026-07-28 19:00:00,2026-07-28 16:00:00,2026-07-29 00:00:00,94.52,94.566,94.515,94.557,737.0
2026-07-28 19:05:00,2026-07-28 16:05:00,2026-07-29 00:05:00,94.556,94.56,94.515,94.52,640.0
2026-07-28 19:10:00,2026-07-28 16:10:00,2026-07-29 00:10:00,94.521,94.525,94.493,94.515,647.0
2026-07-28 19:15:00,2026-07-28 16:15:00,2026-07-29 00:15:00,94.516,94.562,94.515,94.551,661.0
2026-07-28 19:20:00,2026-07-28 16:20:00,2026-07-29 00:20:00,94.552,94.588,94.551,94.582,619.0
2026-07-28 19:25:00,2026-07-28 16:25:00,2026-07-29 00:25:00,94.58,94.589,94.555,94.58,555.0
2026-07-28 19:30:00,2026-07-28 16:30:00,2026-07-29 00:30:00,94.58,94.581,94.549,94.567,569.0
2026-07-28 19:35:00,2026-07-28 16:35:00,2026-07-29 00:35:00,94.568,94.584,94.551,94.556,556.0
2026-07-28 19:40:00,2026-07-28 16:40:00,2026-07-29 00:40:00,94.554,94.586,94.553,94.582,515.0
2026-07-28 19:45:00,2026-07-28 16:45:00,2026-07-29 00:45:00,94.582,94.587,94.557,94.578,529.0
2026-07-28 19:50:00,2026-07-28 16:50:00,2026-07-29 00:50:00,94.583,94.583,94.551,94.554,510.0
2026-07-28 19:55:00,2026-07-28 16:55:00,2026-07-29 00:55:00,94.552,94.569,94.547,94.569,412.0
2026-07-28 20:00:00,2026-07-28 17:00:00,2026-07-29 01:00:00,94.571,94.577,94.549,94.558,460.0
2026-07-28 20:05:00,2026-07-28 17:05:00,2026-07-29 01:05:00,94.557,94.559,94.529,94.537,584.0
2026-07-28 20:10:00,2026-07-28 17:10:00,2026-07-29 01:10:00,94.538,94.538,94.517,94.531,401.0
2026-07-28 20:15:00,2026-07-28 17:15:00,2026-07-29 01:15:00,94.53,94.538,94.525,94.536,443.0
2026-07-28 20:20:00,2026-07-28 17:20:00,2026-07-29 01:20:00,94.537,94.56,94.535,94.55,437.0
2026-07-28 20:25:00,2026-07-28 17:25:00,2026-07-29 01:25:00,94.551,94.566,94.54,94.549,449.0
2026-07-28 20:30:00,2026-07-28 17:30:00,2026-07-29 01:30:00,94.551,94.553,94.536,94.55,487.0
2026-07-28 20:35:00,2026-07-28 17:35:00,2026-07-29 01:35:00,94.551,94.554,94.534,94.543,504.0
2026-07-28 20:40:00,2026-07-28 17:40:00,2026-07-29 01:40:00,94.541,94.551,94.515,94.517,446.0
2026-07-28 20:45:00,2026-07-28 17:45:00,2026-07-29 01:45:00,94.519,94.524,94.506,94.523,470.0
2026-07-28 20:50:00,2026-07-28 17:50:00,2026-07-29 01:50:00,94.525,94.525,94.491,94.497,508.0
2026-07-28 20:55:00,2026-07-28 17:55:00,2026-07-29 01:55:00,94.497,94.503,94.481,94.484,522.0
2026-07-28 21:00:00,2026-07-28 18:00:00,2026-07-29 02:00:00,94.483,94.488,94.471,94.474,579.0
2026-07-28 21:05:00,2026-07-28 18:05:00,2026-07-29 02:05:00,94.473,94.484,94.465,94.474,535.0
2026-07-28 21:10:00,2026-07-28 18:10:00,2026-07-29 02:10:00,94.476,94.487,94.469,94.485,584.0
2026-07-28 21:15:00,2026-07-28 18:15:00,2026-07-29 02:15:00,94.487,94.496,94.474,94.488,511.0
2026-07-28 21:20:00,2026-07-28 18:20:00,2026-07-29 02:20:00,94.489,94.523,94.488,94.516,495.0
2026-07-28 21:25:00,2026-07-28 18:25:00,2026-07-29 02:25:00,94.518,94.533,94.511,94.532,446.0
2026-07-28 21:30:00,2026-07-28 18:30:00,2026-07-29 02:30:00,94.532,94.552,94.52,94.524,482.0
2026-07-28 21:35:00,2026-07-28 18:35:00,2026-07-29 02:35:00,94.526,94.535,94.499,94.535,553.0
2026-07-28 21:40:00,2026-07-28 18:40:00,2026-07-29 02:40:00,94.534,94.536,94.505,94.511,429.0
2026-07-28 21:45:00,2026-07-28 18:45:00,2026-07-29 02:45:00,94.513,94.526,94.503,94.513,432.0
2026-07-28 21:50:00,2026-07-28 18:50:00,2026-07-29 02:50:00,94.513,94.548,94.513,94.543,454.0
2026-07-28 21:55:00,2026-07-28 18:55:00,2026-07-29 02:55:00,94.544,94.552,94.531,94.541,503.0
2026-07-28 22:00:00,2026-07-28 19:00:00,2026-07-29 03:00:00,94.543,94.548,94.521,94.526,503.0
2026-07-28 22:05:00,2026-07-28 19:05:00,2026-07-29 03:05:00,94.528,94.531,94.51,94.521,486.0
2026-07-28 22:10:00,2026-07-28 19:10:00,2026-07-29 03:10:00,94.52,94.543,94.507,94.507,412.0
2026-07-28 22:15:00,2026-07-28 19:15:00,2026-07-29 03:15:00,94.507,94.567,94.491,94.554,702.0
2026-07-28 22:20:00,2026-07-28 19:20:00,2026-07-29 03:20:00,94.556,94.559,94.544,94.55,461.0
2026-07-28 22:25:00,2026-07-28 19:25:00,2026-07-29 03:25:00,94.549,94.559,94.532,94.539,473.0
2026-07-28 22:30:00,2026-07-28 19:30:00,2026-07-29 03:30:00,94.541,94.545,94.524,94.527,476.0
2026-07-28 22:35:00,2026-07-28 19:35:00,2026-07-29 03:35:00,94.528,94.574,94.526,94.571,528.0
2026-07-28 22:40:00,2026-07-28 19:40:00,2026-07-29 03:40:00,94.569,94.573,94.55,94.572,449.0
2026-07-28 22:45:00,2026-07-28 19:45:00,2026-07-29 03:45:00,94.569,94.584,94.561,94.564,444.0
2026-07-28 22:50:00,2026-07-28 19:50:00,2026-07-29 03:50:00,94.563,94.584,94.556,94.578,531.0
2026-07-28 22:55:00,2026-07-28 19:55:00,2026-07-29 03:55:00,94.58,94.6,94.573,94.581,532.0
2026-07-28 23:00:00,2026-07-28 20:00:00,2026-07-29 04:00:00,94.579,94.583,94.554,94.58,635.0
2026-07-28 23:05:00,2026-07-28 20:05:00,2026-07-29 04:05:00,94.581,94.615,94.581,94.615,584.0
2026-07-28 23:10:00,2026-07-28 20:10:00,2026-07-29 04:10:00,94.609,94.612,94.575,94.591,491.0
2026-07-28 23:15:00,2026-07-28 20:15:00,2026-07-29 04:15:00,94.593,94.597,94.57,94.581,479.0
2026-07-28 23:20:00,2026-07-28 20:20:00,2026-07-29 04:20:00,94.582,94.594,94.574,94.585,538.0
2026-07-28 23:25:00,2026-07-28 20:25:00,2026-07-29 04:25:00,94.585,94.588,94.57,94.575,447.0
2026-07-28 23:30:00,2026-07-28 20:30:00,2026-07-29 04:30:00,94.574,94.577,94.533,94.549,439.0
2026-07-28 23:35:00,2026-07-28 20:35:00,2026-07-29 04:35:00,94.548,94.564,94.542,94.554,557.0
2026-07-28 23:40:00,2026-07-28 20:40:00,2026-07-29 04:40:00,94.556,94.586,94.552,94.578,504.0
2026-07-28 23:45:00,2026-07-28 20:45:00,2026-07-29 04:45:00,94.58,94.619,94.575,94.614,616.0
2026-07-28 23:50:00,2026-07-28 20:50:00,2026-07-29 04:50:00,94.615,94.624,94.595,94.602,568.0
2026-07-28 23:55:00,2026-07-28 20:55:00,2026-07-29 04:55:00,94.6,94.616,94.593,94.593,588.0
2026-07-29 00:00:00,2026-07-28 21:00:00,2026-07-29 05:00:00,94.595,94.612,94.582,94.601,645.0
2026-07-29 00:05:00,2026-07-28 21:05:00,2026-07-29 05:05:00,94.601,94.617,94.591,94.601,636.0
2026-07-29 00:10:00,2026-07-28 21:10:00,2026-07-29 05:10:00,94.601,94.613,94.586,94.586,516.0
2026-07-29 00:15:00,2026-07-28 21:15:00,2026-07-29 05:15:00,94.587,94.598,94.579,94.597,754.0
2026-07-29 00:20:00,2026-07-28 21:20:00,2026-07-29 05:20:00,94.597,94.606,94.578,94.592,569.0
2026-07-29 00:25:00,2026-07-28 21:25:00,2026-07-29 05:25:00,94.591,94.595,94.575,94.578,568.0
2026-07-29 00:30:00,2026-07-28 21:30:00,2026-07-29 05:30:00,94.581,94.59,94.564,94.58,719.0
2026-07-29 00:35:00,2026-07-28 21:35:00,2026-07-29 05:35:00,94.582,94.595,94.562,94.566,707.0
2026-07-29 00:40:00,2026-07-28 21:40:00,2026-07-29 05:40:00,94.566,94.602,94.566,94.585,677.0
2026-07-29 00:45:00,2026-07-28 21:45:00,2026-07-29 05:45:00,94.584,94.615,94.565,94.61,733.0
2026-07-29 00:50:00,2026-07-28 21:50:00,2026-07-29 05:50:00,94.61,94.631,94.6,94.619,879.0
2026-07-29 00:55:00,2026-07-28 21:55:00,2026-07-29 05:55:00,94.617,94.621,94.592,94.621,554.0
2026-07-29 01:00:00,2026-07-28 22:00:00,2026-07-29 06:00:00,94.618,94.674,94.616,94.672,733.0
2026-07-29 01:05:00,2026-07-28 22:05:00,2026-07-29 06:05:00,94.672,94.691,94.655,94.674,770.0
2026-07-29 01:10:00,2026-07-28 22:10:00,2026-07-29 06:10:00,94.676,94.684,94.645,94.654,724.0
2026-07-29 01:15:00,2026-07-28 22:15:00,2026-07-29 06:15:00,94.651,94.656,94.608,94.609,731.0
2026-07-29 01:20:00,2026-07-28 22:20:00,2026-07-29 06:20:00,94.61,94.638,94.592,94.627,817.0
2026-07-29 01:25:00,2026-07-28 22:25:00,2026-07-29 06:25:00,94.63,94.678,94.628,94.678,801.0
2026-07-29 01:30:00,2026-07-28 22:30:00,2026-07-29 06:30:00,94.678,94.691,94.661,94.664,763.0
2026-07-29 01:35:00,2026-07-28 22:35:00,2026-07-29 06:35:00,94.664,94.686,94.659,94.673,761.0
2026-07-29 01:40:00,2026-07-28 22:40:00,2026-07-29 06:40:00,94.672,94.702,94.667,94.691,715.0
2026-07-29 01:45:00,2026-07-28 22:45:00,2026-07-29 06:45:00,94.69,94.703,94.677,94.699,692.0
2026-07-29 01:50:00,2026-07-28 22:50:00,2026-07-29 06:50:00,94.7,94.7,94.669,94.674,831.0
2026-07-29 01:55:00,2026-07-28 22:55:00,2026-07-29 06:55:00,94.673,94.691,94.67,94.673,919.0
2026-07-29 02:00:00,2026-07-28 23:00:00,2026-07-29 07:00:00,94.674,94.692,94.66,94.673,870.0
2026-07-29 02:05:00,2026-07-28 23:05:00,2026-07-29 07:05:00,94.672,94.711,94.66,94.708,705.0
2026-07-29 02:10:00,2026-07-28 23:10:00,2026-07-29 07:10:00,94.709,94.774,94.692,94.765,1311.0
2026-07-29 02:15:00,2026-07-28 23:15:00,2026-07-29 07:15:00,94.764,94.809,94.757,94.806,1112.0
2026-07-29 02:20:00,2026-07-28 23:20:00,2026-07-29 07:20:00,94.798,94.819,94.793,94.817,1052.0
2026-07-29 02:25:00,2026-07-28 23:25:00,2026-07-29 07:25:00,94.813,94.838,94.805,94.814,932.0
2026-07-29 02:30:00,2026-07-28 23:30:00,2026-07-29 07:30:00,94.812,94.847,94.802,94.832,954.0
2026-07-29 02:35:00,2026-07-28 23:35:00,2026-07-29 07:35:00,94.832,94.849,94.819,94.825,718.0
2026-07-29 02:40:00,2026-07-28 23:40:00,2026-07-29 07:40:00,94.826,94.856,94.818,94.849,928.0
2026-07-29 02:45:00,2026-07-28 23:45:00,2026-07-29 07:45:00,94.849,94.85,94.825,94.848,799.0
2026-07-29 02:50:00,2026-07-28 23:50:00,2026-07-29 07:50:00,94.846,94.867,94.841,94.856,730.0
2026-07-29 02:55:00,2026-07-28 23:55:00,2026-07-29 07:55:00,94.858,94.867,94.844,94.853,858.0
2026-07-29 03:00:00,2026-07-29 00:00:00,2026-07-29 08:00:00,94.853,94.881,94.844,94.862,719.0
2026-07-29 03:05:00,2026-07-29 00:05:00,2026-07-29 08:05:00,94.862,94.872,94.849,94.866,755.0
2026-07-29 03:10:00,2026-07-29 00:10:00,2026-07-29 08:10:00,94.864,94.881,94.859,94.877,639.0
2026-07-29 03:15:00,2026-07-29 00:15:00,2026-07-29 08:15:00,94.876,94.897,94.872,94.889,625.0
2026-07-29 03:20:00,2026-07-29 00:20:00,2026-07-29 08:20:00,94.888,94.9,94.852,94.876,659.0
2026-07-29 03:25:00,2026-07-29 00:25:00,2026-07-29 08:25:00,94.876,94.888,94.873,94.885,456.0
2026-07-29 03:30:00,2026-07-29 00:30:00,2026-07-29 08:30:00,94.884,94.884,94.858,94.87,594.0
2026-07-29 03:35:00,2026-07-29 00:35:00,2026-07-29 08:35:00,94.87,94.89,94.861,94.865,513.0
2026-07-29 03:40:00,2026-07-29 00:40:00,2026-07-29 08:40:00,94.865,94.867,94.844,94.847,497.0
2026-07-29 03:45:00,2026-07-29 00:45:00,2026-07-29 08:45:00,94.847,94.857,94.834,94.853,684.0
2026-07-29 03:50:00,2026-07-29 00:50:00,2026-07-29 08:50:00,94.848,94.879,94.848,94.871,594.0
2026-07-29 03:55:00,2026-07-29 00:55:00,2026-07-29 08:55:00,94.873,94.878,94.857,94.86,629.0
2026-07-29 04:00:00,2026-07-29 01:00:00,2026-07-29 09:00:00,94.86,94.874,94.857,94.863,598.0
2026-07-29 04:05:00,2026-07-29 01:05:00,2026-07-29 09:05:00,94.864,94.865,94.821,94.828,592.0
2026-07-29 04:10:00,2026-07-29 01:10:00,2026-07-29 09:10:00,94.826,94.837,94.821,94.828,646.0
2026-07-29 04:15:00,2026-07-29 01:15:00,2026-07-29 09:15:00,94.828,94.838,94.816,94.83,742.0
2026-07-29 04:20:00,2026-07-29 01:20:00,2026-07-29 09:20:00,94.829,94.86,94.824,94.832,634.0
2026-07-29 04:25:00,2026-07-29 01:25:00,2026-07-29 09:25:00,94.832,94.845,94.825,94.828,561.0
2026-07-29 04:30:00,2026-07-29 01:30:00,2026-07-29 09:30:00,94.827,94.837,94.815,94.834,580.0
2026-07-29 04:35:00,2026-07-29 01:35:00,2026-07-29 09:35:00,94.835,94.836,94.804,94.81,496.0
2026-07-29 04:40:00,2026-07-29 01:40:00,2026-07-29 09:40:00,94.806,94.809,94.784,94.787,476.0
2026-07-29 04:45:00,2026-07-29 01:45:00,2026-07-29 09:45:00,94.787,94.795,94.777,94.794,562.0
2026-07-29 04:50:00,2026-07-29 01:50:00,2026-07-29 09:50:00,94.792,94.799,94.781,94.792,467.0
2026-07-29 04:55:00,2026-07-29 01:55:00,2026-07-29 09:55:00,94.794,94.802,94.787,94.795,440.0
2026-07-29 05:00:00,2026-07-29 02:00:00,2026-07-29 10:00:00,94.797,94.818,94.795,94.812,505.0
2026-07-29 05:05:00,2026-07-29 02:05:00,2026-07-29 10:05:00,94.813,94.815,94.795,94.807,376.0
2026-07-29 05:10:00,2026-07-29 02:10:00,2026-07-29 10:10:00,94.802,94.813,94.788,94.808,428.0
2026-07-29 05:15:00,2026-07-29 02:15:00,2026-07-29 10:15:00,94.805,94.829,94.805,94.825,502.0
2026-07-29 05:20:00,2026-07-29 02:20:00,2026-07-29 10:20:00,94.826,94.827,94.81,94.81,374.0
2026-07-29 05:25:00,2026-07-29 02:25:00,2026-07-29 10:25:00,94.81,94.816,94.798,94.813,497.0
2026-07-29 05:30:00,2026-07-29 02:30:00,2026-07-29 10:30:00,94.813,94.822,94.811,94.816,412.0
2026-07-29 05:35:00,2026-07-29 02:35:00,2026-07-29 10:35:00,94.817,94.831,94.811,94.823,376.0
2026-07-29 05:40:00,2026-07-29 02:40:00,2026-07-29 10:40:00,94.822,94.839,94.819,94.836,350.0
2026-07-29 05:45:00,2026-07-29 02:45:00,2026-07-29 10:45:00,94.837,94.84,94.827,94.839,243.0
2026-07-29 05:50:00,2026-07-29 02:50:00,2026-07-29 10:50:00,94.834,94.843,94.834,94.838,291.0
2026-07-29 05:55:00,2026-07-29 02:55:00,2026-07-29 10:55:00,94.838,94.849,94.834,94.847,296.0
2026-07-29 06:00:00,2026-07-29 03:00:00,2026-07-29 11:00:00,94.84,94.857,94.837,94.843,385.0
2026-07-29 06:05:00,2026-07-29 03:05:00,2026-07-29 11:05:00,94.845,94.855,94.826,94.826,376.0
2026-07-29 06:10:00,2026-07-29 03:10:00,2026-07-29 11:10:00,94.827,94.834,94.82,94.825,270.0
2026-07-29 06:15:00,2026-07-29 03:15:00,2026-07-29 11:15:00,94.827,94.839,94.822,94.837,364.0
2026-07-29 06:20:00,2026-07-29 03:20:00,2026-07-29 11:20:00,94.836,94.849,94.831,94.847,382.0
2026-07-29 06:25:00,2026-07-29 03:25:00,2026-07-29 11:25:00,94.846,94.854,94.829,94.835,257.0
2026-07-29 06:30:00,2026-07-29 03:30:00,2026-07-29 11:30:00,94.835,94.835,94.817,94.819,387.0
2026-07-29 06:35:00,2026-07-29 03:35:00,2026-07-29 11:35:00,94.819,94.819,94.796,94.798,272.0
2026-07-29 06:40:00,2026-07-29 03:40:00,2026-07-29 11:40:00,94.801,94.806,94.796,94.803,342.0
2026-07-29 06:45:00,2026-07-29 03:45:00,2026-07-29 11:45:00,94.804,94.814,94.8,94.81,293.0
2026-07-29 06:50:00,2026-07-29 03:50:00,2026-07-29 11:50:00,94.812,94.813,94.8,94.812,307.0
2026-07-29 06:55:00,2026-07-29 03:55:00,2026-07-29 11:55:00,94.814,94.814,94.791,94.797,375.0
2026-07-29 07:00:00,2026-07-29 04:00:00,2026-07-29 12:00:00,94.796,94.819,94.796,94.813,319.0
2026-07-29 07:05:00,2026-07-29 04:05:00,2026-07-29 12:05:00,94.815,94.836,94.814,94.83,283.0
2026-07-29 07:10:00,2026-07-29 04:10:00,2026-07-29 12:10:00,94.829,94.842,94.824,94.836,214.0
2026-07-29 07:15:00,2026-07-29 04:15:00,2026-07-29 12:15:00,94.836,94.843,94.818,94.824,345.0
2026-07-29 07:20:00,2026-07-29 04:20:00,2026-07-29 12:20:00,94.824,94.827,94.809,94.817,195.0
2026-07-29 07:25:00,2026-07-29 04:25:00,2026-07-29 12:25:00,94.818,94.83,94.814,94.83,283.0
2026-07-29 07:30:00,2026-07-29 04:30:00,2026-07-29 12:30:00,94.828,94.829,94.815,94.821,215.0
2026-07-29 07:35:00,2026-07-29 04:35:00,2026-07-29 12:35:00,94.82,94.827,94.814,94.815,189.0
2026-07-29 07:40:00,2026-07-29 04:40:00,2026-07-29 12:40:00,94.814,94.825,94.813,94.825,107.0
2026-07-29 07:45:00,2026-07-29 04:45:00,2026-07-29 12:45:00,94.824,94.825,94.803,94.806,114.0
2026-07-29 07:50:00,2026-07-29 04:50:00,2026-07-29 12:50:00,94.805,94.814,94.8,94.803,228.0
2026-07-29 07:55:00,2026-07-29 04:55:00,2026-07-29 12:55:00,94.804,94.811,94.801,94.809,263.0
2026-07-29 08:05:00,2026-07-29 05:05:00,2026-07-29 13:05:00,94.68,94.736,94.659,94.689,130.0
2026-07-29 08:10:00,2026-07-29 05:10:00,2026-07-29 13:10:00,94.694,94.699,94.657,94.678,58.0
2026-07-29 08:15:00,2026-07-29 05:15:00,2026-07-29 13:15:00,94.683,94.788,94.676,94.783,64.0
2026-07-29 08:20:00,2026-07-29 05:20:00,2026-07-29 13:20:00,94.781,94.784,94.768,94.768,35.0
2026-07-29 08:25:00,2026-07-29 05:25:00,2026-07-29 13:25:00,94.771,94.796,94.766,94.776,63.0
2026-07-29 08:30:00,2026-07-29 05:30:00,2026-07-29 13:30:00,94.778,94.79,94.775,94.787,39.0
2026-07-29 08:35:00,2026-07-29 05:35:00,2026-07-29 13:35:00,94.788,94.788,94.742,94.742,71.0
2026-07-29 08:40:00,2026-07-29 05:40:00,2026-07-29 13:40:00,94.742,94.749,94.725,94.744,84.0
2026-07-29 08:45:00,2026-07-29 05:45:00,2026-07-29 13:45:00,94.742,94.749,94.736,94.747,57.0
2026-07-29 08:50:00,2026-07-29 05:50:00,2026-07-29 13:50:00,94.747,94.764,94.736,94.763,121.0
2026-07-29 08:55:00,2026-07-29 05:55:00,2026-07-29 13:55:00,94.756,94.772,94.689,94.7,62.0
2026-07-29 09:00:00,2026-07-29 06:00:00,2026-07-29 14:00:00,94.694,94.805,94.694,94.779,241.0
2026-07-29 09:05:00,2026-07-29 06:05:00,2026-07-29 14:05:00,94.785,94.798,94.779,94.792,109.0
2026-07-29 09:10:00,2026-07-29 06:10:00,2026-07-29 14:10:00,94.792,94.792,94.772,94.772,275.0
2026-07-29 09:15:00,2026-07-29 06:15:00,2026-07-29 14:15:00,94.771,94.78,94.77,94.772,226.0
2026-07-29 09:20:00,2026-07-29 06:20:00,2026-07-29 14:20:00,94.771,94.772,94.726,94.732,322.0
2026-07-29 09:25:00,2026-07-29 06:25:00,2026-07-29 14:25:00,94.733,94.745,94.722,94.738,338.0
2026-07-29 09:30:00,2026-07-29 06:30:00,2026-07-29 14:30:00,94.737,94.76,94.735,94.754,370.0
2026-07-29 09:35:00,2026-07-29 06:35:00,2026-07-29 14:35:00,94.754,94.759,94.722,94.734,324.0
2026-07-29 09:40:00,2026-07-29 06:40:00,2026-07-29 14:40:00,94.733,94.744,94.722,94.734,248.0
2026-07-29 09:45:00,2026-07-29 06:45:00,2026-07-29 14:45:00,94.735,94.737,94.722,94.73,207.0
2026-07-29 09:50:00,2026-07-29 06:50:00,2026-07-29 14:50:00,94.733,94.751,94.721,94.735,264.0
2026-07-29 09:55:00,2026-07-29 06:55:00,2026-07-29 14:55:00,94.736,94.737,94.72,94.721,157.0
2026-07-29 10:00:00,2026-07-29 07:00:00,2026-07-29 15:00:00,94.72,94.729,94.698,94.713,285.0
2026-07-29 10:05:00,2026-07-29 07:05:00,2026-07-29 15:05:00,94.704,94.709,94.684,94.689,296.0
2026-07-29 10:10:00,2026-07-29 07:10:00,2026-07-29 15:10:00,94.69,94.727,94.676,94.721,282.0
2026-07-29 10:15:00,2026-07-29 07:15:00,2026-07-29 15:15:00,94.722,94.731,94.716,94.731,219.0
2026-07-29 10:20:00,2026-07-29 07:20:00,2026-07-29 15:20:00,94.729,94.75,94.722,94.744,329.0
2026-07-29 10:25:00,2026-07-29 07:25:00,2026-07-29 15:25:00,94.744,94.75,94.731,94.745,191.0
2026-07-29 10:30:00,2026-07-29 07:30:00,2026-07-29 15:30:00,94.749,94.756,94.73,94.733,124.0
2026-07-29 10:35:00,2026-07-29 07:35:00,2026-07-29 15:35:00,94.733,94.738,94.715,94.719,176.0
2026-07-29 10:40:00,2026-07-29 07:40:00,2026-07-29 15:40:00,94.719,94.753,94.706,94.751,239.0
2026-07-29 10:45:00,2026-07-29 07:45:00,2026-07-29 15:45:00,94.751,94.751,94.717,94.739,402.0
2026-07-29 10:50:00,2026-07-29 07:50:00,2026-07-29 15:50:00,94.74,94.744,94.71,94.718,365.0
2026-07-29 10:55:00,2026-07-29 07:55:00,2026-07-29 15:55:00,94.716,94.732,94.707,94.732,357.0
2026-07-29 11:00:00,2026-07-29 08:00:00,2026-07-29 16:00:00,94.733,94.746,94.702,94.739,735.0
2026-07-29 11:05:00,2026-07-29 08:05:00,2026-07-29 16:05:00,94.74,94.749,94.712,94.722,552.0
2026-07-29 11:10:00,2026-07-29 08:10:00,2026-07-29 16:10:00,94.722,94.727,94.7,94.705,429.0
2026-07-29 11:15:00,2026-07-29 08:15:00,2026-07-29 16:15:00,94.704,94.737,94.699,94.72,551.0
2026-07-29 11:20:00,2026-07-29 08:20:00,2026-07-29 16:20:00,94.718,94.767,94.706,94.751,667.0
2026-07-29 11:25:00,2026-07-29 08:25:00,2026-07-29 16:25:00,94.751,94.758,94.719,94.729,552.0
2026-07-29 11:30:00,2026-07-29 08:30:00,2026-07-29 16:30:00,94.731,94.749,94.722,94.727,509.0
2026-07-29 11:35:00,2026-07-29 08:35:00,2026-07-29 16:35:00,94.726,94.746,94.724,94.726,473.0
2026-07-29 11:40:00,2026-07-29 08:40:00,2026-07-29 16:40:00,94.728,94.744,94.716,94.742,477.0
2026-07-29 11:45:00,2026-07-29 08:45:00,2026-07-29 16:45:00,94.742,94.76,94.705,94.705,643.0
2026-07-29 11:50:00,2026-07-29 08:50:00,2026-07-29 16:50:00,94.706,94.719,94.635,94.64,898.0
2026-07-29 11:55:00,2026-07-29 08:55:00,2026-07-29 16:55:00,94.643,94.668,94.634,94.649,711.0
2026-07-29 12:00:00,2026-07-29 09:00:00,2026-07-29 17:00:00,94.65,94.695,94.641,94.674,643.0
2026-07-29 12:05:00,2026-07-29 09:05:00,2026-07-29 17:05:00,94.682,94.703,94.678,94.686,590.0
2026-07-29 12:10:00,2026-07-29 09:10:00,2026-07-29 17:10:00,94.686,94.687,94.659,94.66,705.0
2026-07-29 12:15:00,2026-07-29 09:15:00,2026-07-29 17:15:00,94.661,94.707,94.65,94.701,836.0
2026-07-29 12:20:00,2026-07-29 09:20:00,2026-07-29 17:20:00,94.701,94.728,94.686,94.718,551.0
2026-07-29 12:25:00,2026-07-29 09:25:00,2026-07-29 17:25:00,94.718,94.72,94.678,94.69,638.0
2026-07-29 12:30:00,2026-07-29 09:30:00,2026-07-29 17:30:00,94.687,94.747,94.577,94.71,1093.0
2026-07-29 12:35:00,2026-07-29 09:35:00,2026-07-29 17:35:00,94.71,94.735,94.661,94.664,904.0
2026-07-29 12:40:00,2026-07-29 09:40:00,2026-07-29 17:40:00,94.667,94.677,94.562,94.581,820.0
2026-07-29 12:45:00,2026-07-29 09:45:00,2026-07-29 17:45:00,94.581,94.625,94.577,94.613,696.0
2026-07-29 12:50:00,2026-07-29 09:50:00,2026-07-29 17:50:00,94.612,94.612,94.575,94.584,672.0
2026-07-29 12:55:00,2026-07-29 09:55:00,2026-07-29 17:55:00,94.586,94.597,94.565,94.577,694.0
2026-07-29 13:00:00,2026-07-29 10:00:00,2026-07-29 18:00:00,94.578,94.604,94.552,94.586,853.0
2026-07-29 13:05:00,2026-07-29 10:05:00,2026-07-29 18:05:00,94.585,94.621,94.567,94.617,661.0
2026-07-29 13:10:00,2026-07-29 10:10:00,2026-07-29 18:10:00,94.616,94.624,94.597,94.603,590.0
2026-07-29 13:15:00,2026-07-29 10:15:00,2026-07-29 18:15:00,94.603,94.63,94.594,94.621,553.0
2026-07-29 13:20:00,2026-07-29 10:20:00,2026-07-29 18:20:00,94.619,94.663,94.619,94.642,638.0
2026-07-29 13:25:00,2026-07-29 10:25:00,2026-07-29 18:25:00,94.645,94.647,94.624,94.632,612.0
2026-07-29 13:30:00,2026-07-29 10:30:00,2026-07-29 18:30:00,94.63,94.645,94.623,94.64,516.0
2026-07-29 13:35:00,2026-07-29 10:35:00,2026-07-29 18:35:00,94.636,94.665,94.632,94.661,492.0
2026-07-29 13:40:00,2026-07-29 10:40:00,2026-07-29 18:40:00,94.66,94.672,94.645,94.67,510.0
2026-07-29 13:45:00,2026-07-29 10:45:00,2026-07-29 18:45:00,94.672,94.679,94.633,94.639,545.0
2026-07-29 13:50:00,2026-07-29 10:50:00,2026-07-29 18:50:00,94.637,94.653,94.602,94.604,494.0
2026-07-29 13:55:00,2026-07-29 10:55:00,2026-07-29 18:55:00,94.607,94.637,94.604,94.624,497.0
2026-07-29 14:00:00,2026-07-29 11:00:00,2026-07-29 19:00:00,94.626,94.637,94.587,94.592,598.0
2026-07-29 14:05:00,2026-07-29 11:05:00,2026-07-29 19:05:00,94.592,94.634,94.582,94.631,566.0
2026-07-29 14:10:00,2026-07-29 11:10:00,2026-07-29 19:10:00,94.629,94.636,94.608,94.614,423.0
2026-07-29 14:15:00,2026-07-29 11:15:00,2026-07-29 19:15:00,94.613,94.638,94.603,94.631,400.0
2026-07-29 14:20:00,2026-07-29 11:20:00,2026-07-29 19:20:00,94.632,94.643,94.626,94.63,484.0
2026-07-29 14:25:00,2026-07-29 11:25:00,2026-07-29 19:25:00,94.63,94.637,94.604,94.604,544.0
2026-07-29 14:30:00,2026-07-29 11:30:00,2026-07-29 19:30:00,94.604,94.623,94.601,94.62,562.0
2026-07-29 14:35:00,2026-07-29 11:35:00,2026-07-29 19:35:00,94.62,94.646,94.615,94.636,582.0
2026-07-29 14:40:00,2026-07-29 11:40:00,2026-07-29 19:40:00,94.635,94.642,94.607,94.613,436.0
2026-07-29 14:45:00,2026-07-29 11:45:00,2026-07-29 19:45:00,94.612,94.649,94.6,94.642,593.0
2026-07-29 14:50:00,2026-07-29 11:50:00,2026-07-29 19:50:00,94.641,94.654,94.627,94.643,647.0
2026-07-29 14:55:00,2026-07-29 11:55:00,2026-07-29 19:55:00,94.643,94.646,94.622,94.639,522.0
2026-07-29 15:00:00,2026-07-29 12:00:00,2026-07-29 20:00:00,94.64,94.644,94.605,94.635,618.0
2026-07-29 15:05:00,2026-07-29 12:05:00,2026-07-29 20:05:00,94.631,94.665,94.629,94.638,481.0
2026-07-29 15:10:00,2026-07-29 12:10:00,2026-07-29 20:10:00,94.639,94.64,94.58,94.588,550.0
2026-07-29 15:15:00,2026-07-29 12:15:00,2026-07-29 20:15:00,94.588,94.609,94.57,94.573,638.0
2026-07-29 15:20:00,2026-07-29 12:20:00,2026-07-29 20:20:00,94.574,94.578,94.546,94.551,648.0
2026-07-29 15:25:00,2026-07-29 12:25:00,2026-07-29 20:25:00,94.552,94.567,94.535,94.544,649.0
2026-07-29 15:30:00,2026-07-29 12:30:00,2026-07-29 20:30:00,94.542,94.556,94.529,94.546,644.0
2026-07-29 15:35:00,2026-07-29 12:35:00,2026-07-29 20:35:00,94.546,94.553,94.535,94.545,707.0
2026-07-29 15:40:00,2026-07-29 12:40:00,2026-07-29 20:40:00,94.546,94.552,94.484,94.488,1033.0
2026-07-29 15:45:00,2026-07-29 12:45:00,2026-07-29 20:45:00,94.487,94.599,94.475,94.572,1166.0
2026-07-29 15:50:00,2026-07-29 12:50:00,2026-07-29 20:50:00,94.571,94.608,94.569,94.604,1133.0
2026-07-29 15:55:00,2026-07-29 12:55:00,2026-07-29 20:55:00,94.605,94.612,94.569,94.576,885.0
2026-07-29 16:00:00,2026-07-29 13:00:00,2026-07-29 21:00:00,94.581,94.605,94.573,94.592,712.0
2026-07-29 16:05:00,2026-07-29 13:05:00,2026-07-29 21:05:00,94.593,94.597,94.572,94.587,636.0
2026-07-29 16:10:00,2026-07-29 13:10:00,2026-07-29 21:10:00,94.587,94.636,94.587,94.625,568.0
2026-07-29 16:15:00,2026-07-29 13:15:00,2026-07-29 21:15:00,94.625,94.646,94.622,94.633,472.0
2026-07-29 16:20:00,2026-07-29 13:20:00,2026-07-29 21:20:00,94.631,94.643,94.602,94.616,591.0
2026-07-29 16:25:00,2026-07-29 13:25:00,2026-07-29 21:25:00,94.615,94.627,94.596,94.598,550.0
2026-07-29 16:30:00,2026-07-29 13:30:00,2026-07-29 21:30:00,94.599,94.66,94.593,94.657,749.0
2026-07-29 16:35:00,2026-07-29 13:35:00,2026-07-29 21:35:00,94.656,94.673,94.638,94.654,675.0
2026-07-29 16:40:00,2026-07-29 13:40:00,2026-07-29 21:40:00,94.655,94.658,94.634,94.64,697.0
2026-07-29 16:45:00,2026-07-29 13:45:00,2026-07-29 21:45:00,94.642,94.664,94.627,94.656,599.0
2026-07-29 16:50:00,2026-07-29 13:50:00,2026-07-29 21:50:00,94.656,94.659,94.641,94.651,524.0
2026-07-29 16:55:00,2026-07-29 13:55:00,2026-07-29 21:55:00,94.652,94.691,94.649,94.687,638.0
2026-07-29 17:00:00,2026-07-29 14:00:00,2026-07-29 22:00:00,94.686,94.71,94.678,94.698,711.0
2026-07-29 17:05:00,2026-07-29 14:05:00,2026-07-29 22:05:00,94.7,94.725,94.691,94.698,710.0
2026-07-29 17:10:00,2026-07-29 14:10:00,2026-07-29 22:10:00,94.698,94.731,94.688,94.724,532.0
2026-07-29 17:15:00,2026-07-29 14:15:00,2026-07-29 22:15:00,94.724,94.738,94.677,94.678,634.0
2026-07-29 17:20:00,2026-07-29 14:20:00,2026-07-29 22:20:00,94.678,94.686,94.648,94.662,681.0
2026-07-29 17:25:00,2026-07-29 14:25:00,2026-07-29 22:25:00,94.661,94.683,94.655,94.666,734.0
2026-07-29 17:30:00,2026-07-29 14:30:00,2026-07-29 22:30:00,94.662,94.689,94.65,94.689,668.0
2026-07-29 17:35:00,2026-07-29 14:35:00,2026-07-29 22:35:00,94.689,94.694,94.668,94.687,645.0
2026-07-29 17:40:00,2026-07-29 14:40:00,2026-07-29 22:40:00,94.685,94.693,94.641,94.653,686.0
2026-07-29 17:45:00,2026-07-29 14:45:00,2026-07-29 22:45:00,94.654,94.666,94.643,94.657,653.0
2026-07-29 17:50:00,2026-07-29 14:50:00,2026-07-29 22:50:00,94.657,94.66,94.636,94.648,695.0
2026-07-29 17:55:00,2026-07-29 14:55:00,2026-07-29 22:55:00,94.646,94.65,94.627,94.646,788.0
2026-07-29 18:00:00,2026-07-29 15:00:00,2026-07-29 23:00:00,94.647,94.701,94.646,94.695,891.0
2026-07-29 18:05:00,2026-07-29 15:05:00,2026-07-29 23:05:00,94.696,94.717,94.687,94.691,796.0
2026-07-29 18:10:00,2026-07-29 15:10:00,2026-07-29 23:10:00,94.69,94.715,94.682,94.684,740.0
2026-07-29 18:15:00,2026-07-29 15:15:00,2026-07-29 23:15:00,94.685,94.692,94.667,94.677,748.0
2026-07-29 18:20:00,2026-07-29 15:20:00,2026-07-29 23:20:00,94.675,94.703,94.668,94.701,747.0
2026-07-29 18:25:00,2026-07-29 15:25:00,2026-07-29 23:25:00,94.703,94.728,94.702,94.724,663.0
2026-07-29 18:30:00,2026-07-29 15:30:00,2026-07-29 23:30:00,94.724,94.732,94.71,94.722,692.0
2026-07-29 18:35:00,2026-07-29 15:35:00,2026-07-29 23:35:00,94.723,94.734,94.715,94.724,588.0
2026-07-29 18:40:00,2026-07-29 15:40:00,2026-07-29 23:40:00,94.723,94.723,94.677,94.695,622.0
2026-07-29 18:45:00,2026-07-29 15:45:00,2026-07-29 23:45:00,94.695,94.695,94.671,94.679,573.0
2026-07-29 18:50:00,2026-07-29 15:50:00,2026-07-29 23:50:00,94.678,94.709,94.674,94.705,610.0
2026-07-29 18:55:00,2026-07-29 15:55:00,2026-07-29 23:55:00,94.705,94.721,94.695,94.702,737.0
2026-07-29 19:00:00,2026-07-29 16:00:00,2026-07-30 00:00:00,94.703,94.712,94.681,94.69,727.0
2026-07-29 19:05:00,2026-07-29 16:05:00,2026-07-30 00:05:00,94.687,94.69,94.644,94.648,629.0
2026-07-29 19:10:00,2026-07-29 16:10:00,2026-07-30 00:10:00,94.647,94.666,94.631,94.634,682.0
2026-07-29 19:15:00,2026-07-29 16:15:00,2026-07-30 00:15:00,94.631,94.66,94.628,94.66,582.0
2026-07-29 19:20:00,2026-07-29 16:20:00,2026-07-30 00:20:00,94.66,94.66,94.592,94.597,640.0
2026-07-29 19:25:00,2026-07-29 16:25:00,2026-07-30 00:25:00,94.597,94.604,94.585,94.595,570.0
2026-07-29 19:30:00,2026-07-29 16:30:00,2026-07-30 00:30:00,94.596,94.596,94.579,94.581,551.0
2026-07-29 19:35:00,2026-07-29 16:35:00,2026-07-30 00:35:00,94.579,94.591,94.572,94.588,553.0
2026-07-29 19:40:00,2026-07-29 16:40:00,2026-07-30 00:40:00,94.587,94.608,94.577,94.6,461.0
2026-07-29 19:45:00,2026-07-29 16:45:00,2026-07-30 00:45:00,94.6,94.608,94.587,94.593,559.0
2026-07-29 19:50:00,2026-07-29 16:50:00,2026-07-30 00:50:00,94.59,94.617,94.588,94.606,526.0
2026-07-29 19:55:00,2026-07-29 16:55:00,2026-07-30 00:55:00,94.606,94.616,94.598,94.615,628.0
2026-07-29 20:00:00,2026-07-29 17:00:00,2026-07-30 01:00:00,94.614,94.623,94.601,94.614,537.0
2026-07-29 20:05:00,2026-07-29 17:05:00,2026-07-30 01:05:00,94.614,94.629,94.602,94.618,548.0
2026-07-29 20:10:00,2026-07-29 17:10:00,2026-07-30 01:10:00,94.617,94.617,94.587,94.606,374.0
2026-07-29 20:15:00,2026-07-29 17:15:00,2026-07-30 01:15:00,94.604,94.606,94.587,94.594,445.0
2026-07-29 20:20:00,2026-07-29 17:20:00,2026-07-30 01:20:00,94.593,94.593,94.57,94.586,517.0
2026-07-29 20:25:00,2026-07-29 17:25:00,2026-07-30 01:25:00,94.585,94.602,94.582,94.586,463.0
2026-07-29 20:30:00,2026-07-29 17:30:00,2026-07-30 01:30:00,94.585,94.585,94.562,94.567,480.0
2026-07-29 20:35:00,2026-07-29 17:35:00,2026-07-30 01:35:00,94.567,94.567,94.548,94.554,513.0
2026-07-29 20:40:00,2026-07-29 17:40:00,2026-07-30 01:40:00,94.553,94.588,94.55,94.586,550.0
2026-07-29 20:45:00,2026-07-29 17:45:00,2026-07-30 01:45:00,94.587,94.605,94.58,94.605,530.0
2026-07-29 20:50:00,2026-07-29 17:50:00,2026-07-30 01:50:00,94.608,94.616,94.602,94.608,519.0
2026-07-29 20:55:00,2026-07-29 17:55:00,2026-07-30 01:55:00,94.608,94.616,94.576,94.581,657.0
2026-07-29 21:00:00,2026-07-29 18:00:00,2026-07-30 02:00:00,94.581,94.583,94.553,94.565,585.0
2026-07-29 21:05:00,2026-07-29 18:05:00,2026-07-30 02:05:00,94.565,94.569,94.539,94.557,711.0
2026-07-29 21:10:00,2026-07-29 18:10:00,2026-07-30 02:10:00,94.558,94.578,94.556,94.574,544.0
2026-07-29 21:15:00,2026-07-29 18:15:00,2026-07-30 02:15:00,94.574,94.578,94.544,94.55,550.0
2026-07-29 21:20:00,2026-07-29 18:20:00,2026-07-30 02:20:00,94.551,94.559,94.545,94.553,507.0
2026-07-29 21:25:00,2026-07-29 18:25:00,2026-07-30 02:25:00,94.554,94.589,94.548,94.57,627.0
2026-07-29 21:30:00,2026-07-29 18:30:00,2026-07-30 02:30:00,94.57,94.576,94.549,94.549,611.0
2026-07-29 21:35:00,2026-07-29 18:35:00,2026-07-30 02:35:00,94.549,94.568,94.544,94.563,527.0
2026-07-29 21:40:00,2026-07-29 18:40:00,2026-07-30 02:40:00,94.562,94.571,94.553,94.571,568.0
2026-07-29 21:45:00,2026-07-29 18:45:00,2026-07-30 02:45:00,94.571,94.573,94.551,94.567,574.0
2026-07-29 21:50:00,2026-07-29 18:50:00,2026-07-30 02:50:00,94.567,94.568,94.552,94.558,534.0
2026-07-29 21:55:00,2026-07-29 18:55:00,2026-07-30 02:55:00,94.559,94.573,94.545,94.565,409.0
2026-07-29 22:00:00,2026-07-29 19:00:00,2026-07-30 03:00:00,94.563,94.606,94.562,94.604,435.0
2026-07-29 22:05:00,2026-07-29 19:05:00,2026-07-30 03:05:00,94.603,94.606,94.587,94.591,390.0
2026-07-29 22:10:00,2026-07-29 19:10:00,2026-07-30 03:10:00,94.591,94.627,94.588,94.624,370.0
2026-07-29 22:15:00,2026-07-29 19:15:00,2026-07-30 03:15:00,94.626,94.626,94.612,94.615,407.0
2026-07-29 22:20:00,2026-07-29 19:20:00,2026-07-30 03:20:00,94.615,94.622,94.603,94.615,372.0
2026-07-29 22:25:00,2026-07-29 19:25:00,2026-07-30 03:25:00,94.617,94.634,94.617,94.619,456.0
2026-07-29 22:30:00,2026-07-29 19:30:00,2026-07-30 03:30:00,94.621,94.624,94.591,94.591,526.0
2026-07-29 22:35:00,2026-07-29 19:35:00,2026-07-30 03:35:00,94.591,94.596,94.579,94.582,394.0
2026-07-29 22:40:00,2026-07-29 19:40:00,2026-07-30 03:40:00,94.581,94.585,94.565,94.572,399.0
2026-07-29 22:45:00,2026-07-29 19:45:00,2026-07-30 03:45:00,94.573,94.585,94.564,94.564,548.0
2026-07-29 22:50:00,2026-07-29 19:50:00,2026-07-30 03:50:00,94.565,94.573,94.552,94.555,445.0
2026-07-29 22:55:00,2026-07-29 19:55:00,2026-07-30 03:55:00,94.556,94.556,94.537,94.553,559.0
2026-07-29 23:00:00,2026-07-29 20:00:00,2026-07-30 04:00:00,94.553,94.563,94.525,94.539,760.0
2026-07-29 23:05:00,2026-07-29 20:05:00,2026-07-30 04:05:00,94.537,94.537,94.505,94.506,632.0
2026-07-29 23:10:00,2026-07-29 20:10:00,2026-07-30 04:10:00,94.508,94.53,94.507,94.512,488.0
2026-07-29 23:15:00,2026-07-29 20:15:00,2026-07-30 04:15:00,94.512,94.521,94.472,94.513,1074.0
2026-07-29 23:20:00,2026-07-29 20:20:00,2026-07-30 04:20:00,94.514,94.524,94.487,94.515,807.0
2026-07-29 23:25:00,2026-07-29 20:25:00,2026-07-30 04:25:00,94.516,94.548,94.513,94.526,693.0
2026-07-29 23:30:00,2026-07-29 20:30:00,2026-07-30 04:30:00,94.525,94.542,94.506,94.54,663.0
2026-07-29 23:35:00,2026-07-29 20:35:00,2026-07-30 04:35:00,94.54,94.565,94.539,94.56,710.0
2026-07-29 23:40:00,2026-07-29 20:40:00,2026-07-30 04:40:00,94.56,94.589,94.558,94.581,708.0
2026-07-29 23:45:00,2026-07-29 20:45:00,2026-07-30 04:45:00,94.579,94.583,94.562,94.57,586.0
2026-07-29 23:50:00,2026-07-29 20:50:00,2026-07-30 04:50:00,94.571,94.587,94.555,94.578,701.0
2026-07-29 23:55:00,2026-07-29 20:55:00,2026-07-30 04:55:00,94.577,94.61,94.573,94.607,617.0
2026-07-30 00:00:00,2026-07-29 21:00:00,2026-07-30 05:00:00,94.608,94.638,94.607,94.615,645.0
2026-07-30 00:05:00,2026-07-29 21:05:00,2026-07-30 05:05:00,94.615,94.617,94.592,94.603,684.0
2026-07-30 00:10:00,2026-07-29 21:10:00,2026-07-30 05:10:00,94.601,94.636,94.599,94.631,441.0
2026-07-30 00:15:00,2026-07-29 21:15:00,2026-07-30 05:15:00,94.631,94.645,94.624,94.627,560.0
2026-07-30 00:20:00,2026-07-29 21:20:00,2026-07-30 05:20:00,94.626,94.657,94.615,94.651,724.0
2026-07-30 00:25:00,2026-07-29 21:25:00,2026-07-30 05:25:00,94.652,94.672,94.649,94.659,711.0
2026-07-30 00:30:00,2026-07-29 21:30:00,2026-07-30 05:30:00,94.658,94.677,94.653,94.665,847.0
2026-07-30 00:35:00,2026-07-29 21:35:00,2026-07-30 05:35:00,94.667,94.676,94.656,94.669,679.0
2026-07-30 00:40:00,2026-07-29 21:40:00,2026-07-30 05:40:00,94.67,94.67,94.626,94.633,641.0
2026-07-30 00:45:00,2026-07-29 21:45:00,2026-07-30 05:45:00,94.633,94.673,94.632,94.672,775.0
2026-07-30 00:50:00,2026-07-29 21:50:00,2026-07-30 05:50:00,94.672,94.71,94.651,94.71,669.0
2026-07-30 00:55:00,2026-07-29 21:55:00,2026-07-30 05:55:00,94.71,94.728,94.693,94.723,735.0
2026-07-30 01:00:00,2026-07-29 22:00:00,2026-07-30 06:00:00,94.725,94.753,94.719,94.745,742.0
2026-07-30 01:05:00,2026-07-29 22:05:00,2026-07-30 06:05:00,94.744,94.753,94.681,94.684,735.0
2026-07-30 01:10:00,2026-07-29 22:10:00,2026-07-30 06:10:00,94.681,94.695,94.646,94.654,665.0
2026-07-30 01:15:00,2026-07-29 22:15:00,2026-07-30 06:15:00,94.653,94.679,94.632,94.67,733.0
2026-07-30 01:20:00,2026-07-29 22:20:00,2026-07-30 06:20:00,94.672,94.701,94.664,94.694,718.0
2026-07-30 01:25:00,2026-07-29 22:25:00,2026-07-30 06:25:00,94.695,94.697,94.656,94.683,794.0
2026-07-30 01:30:00,2026-07-29 22:30:00,2026-07-30 06:30:00,94.682,94.695,94.669,94.678,659.0
2026-07-30 01:35:00,2026-07-29 22:35:00,2026-07-30 06:35:00,94.678,94.686,94.664,94.667,638.0
2026-07-30 01:40:00,2026-07-29 22:40:00,2026-07-30 06:40:00,94.669,94.68,94.611,94.622,827.0
2026-07-30 01:45:00,2026-07-29 22:45:00,2026-07-30 06:45:00,94.623,94.628,94.577,94.581,873.0
2026-07-30 01:50:00,2026-07-29 22:50:00,2026-07-30 06:50:00,94.578,94.587,94.533,94.559,903.0
2026-07-30 01:55:00,2026-07-29 22:55:00,2026-07-30 06:55:00,94.56,94.594,94.553,94.589,1231.0
2026-07-30 02:00:00,2026-07-29 23:00:00,2026-07-30 07:00:00,94.589,94.59,94.54,94.551,1008.0
2026-07-30 02:05:00,2026-07-29 23:05:00,2026-07-30 07:05:00,94.553,94.601,94.546,94.601,687.0
2026-07-30 02:10:00,2026-07-29 23:10:00,2026-07-30 07:10:00,94.597,94.601,94.56,94.568,757.0
2026-07-30 02:15:00,2026-07-29 23:15:00,2026-07-30 07:15:00,94.57,94.575,94.531,94.535,855.0
2026-07-30 02:20:00,2026-07-29 23:20:00,2026-07-30 07:20:00,94.534,94.549,94.522,94.542,727.0
2026-07-30 02:25:00,2026-07-29 23:25:00,2026-07-30 07:25:00,94.542,94.545,94.512,94.517,859.0
2026-07-30 02:30:00,2026-07-29 23:30:00,2026-07-30 07:30:00,94.517,94.543,94.499,94.539,791.0
2026-07-30 02:35:00,2026-07-29 23:35:00,2026-07-30 07:35:00,94.538,94.563,94.53,94.532,697.0
2026-07-30 02:40:00,2026-07-29 23:40:00,2026-07-30 07:40:00,94.53,94.551,94.519,94.547,714.0
2026-07-30 02:45:00,2026-07-29 23:45:00,2026-07-30 07:45:00,94.544,94.565,94.537,94.551,725.0
2026-07-30 02:50:00,2026-07-29 23:50:00,2026-07-30 07:50:00,94.55,94.564,94.519,94.521,480.0
2026-07-30 02:55:00,2026-07-29 23:55:00,2026-07-30 07:55:00,94.52,94.527,94.497,94.511,544.0
2026-07-30 03:00:00,2026-07-30 00:00:00,2026-07-30 08:00:00,94.519,94.522,94.486,94.487,528.0
2026-07-30 03:05:00,2026-07-30 00:05:00,2026-07-30 08:05:00,94.49,94.5,94.475,94.496,563.0
2026-07-30 03:10:00,2026-07-30 00:10:00,2026-07-30 08:10:00,94.494,94.495,94.445,94.446,598.0
2026-07-30 03:15:00,2026-07-30 00:15:00,2026-07-30 08:15:00,94.445,94.475,94.43,94.468,519.0
2026-07-30 03:20:00,2026-07-30 00:20:00,2026-07-30 08:20:00,94.468,94.488,94.461,94.481,698.0
2026-07-30 03:25:00,2026-07-30 00:25:00,2026-07-30 08:25:00,94.485,94.503,94.483,94.496,600.0
2026-07-30 03:30:00,2026-07-30 00:30:00,2026-07-30 08:30:00,94.492,94.496,94.458,94.462,469.0
2026-07-30 03:35:00,2026-07-30 00:35:00,2026-07-30 08:35:00,94.466,94.473,94.457,94.473,531.0
2026-07-30 03:40:00,2026-07-30 00:40:00,2026-07-30 08:40:00,94.473,94.482,94.459,94.469,515.0
2026-07-30 03:45:00,2026-07-30 00:45:00,2026-07-30 08:45:00,94.469,94.493,94.46,94.486,492.0
2026-07-30 03:50:00,2026-07-30 00:50:00,2026-07-30 08:50:00,94.485,94.498,94.474,94.492,564.0
2026-07-30 03:55:00,2026-07-30 00:55:00,2026-07-30 08:55:00,94.493,94.501,94.486,94.499,557.0
2026-07-30 04:00:00,2026-07-30 01:00:00,2026-07-30 09:00:00,94.5,94.526,94.49,94.517,619.0
2026-07-30 04:05:00,2026-07-30 01:05:00,2026-07-30 09:05:00,94.518,94.544,94.503,94.537,501.0
2026-07-30 04:10:00,2026-07-30 01:10:00,2026-07-30 09:10:00,94.538,94.568,94.534,94.553,453.0
2026-07-30 04:15:00,2026-07-30 01:15:00,2026-07-30 09:15:00,94.553,94.573,94.548,94.565,440.0
2026-07-30 04:20:00,2026-07-30 01:20:00,2026-07-30 09:20:00,94.566,94.597,94.561,94.589,495.0
2026-07-30 04:25:00,2026-07-30 01:25:00,2026-07-30 09:25:00,94.587,94.594,94.566,94.578,568.0
2026-07-30 04:30:00,2026-07-30 01:30:00,2026-07-30 09:30:00,94.579,94.604,94.565,94.595,500.0
2026-07-30 04:35:00,2026-07-30 01:35:00,2026-07-30 09:35:00,94.594,94.601,94.572,94.588,488.0
2026-07-30 04:40:00,2026-07-30 01:40:00,2026-07-30 09:40:00,94.589,94.62,94.587,94.61,518.0
2026-07-30 04:45:00,2026-07-30 01:45:00,2026-07-30 09:45:00,94.61,94.631,94.597,94.629,663.0
2026-07-30 04:50:00,2026-07-30 01:50:00,2026-07-30 09:50:00,94.627,94.64,94.613,94.617,673.0
2026-07-30 04:55:00,2026-07-30 01:55:00,2026-07-30 09:55:00,94.618,94.62,94.6,94.602,583.0
2026-07-30 05:00:00,2026-07-30 02:00:00,2026-07-30 10:00:00,94.601,94.878,94.571,94.746,1876.0
2026-07-30 05:05:00,2026-07-30 02:05:00,2026-07-30 10:05:00,94.744,94.799,94.729,94.771,1646.0
2026-07-30 05:10:00,2026-07-30 02:10:00,2026-07-30 10:10:00,94.777,94.829,94.745,94.814,1571.0
2026-07-30 05:15:00,2026-07-30 02:15:00,2026-07-30 10:15:00,94.815,94.841,94.776,94.782,1356.0
2026-07-30 05:20:00,2026-07-30 02:20:00,2026-07-30 10:20:00,94.78,94.784,94.742,94.754,1290.0
2026-07-30 05:25:00,2026-07-30 02:25:00,2026-07-30 10:25:00,94.751,94.774,94.723,94.772,944.0
2026-07-30 05:30:00,2026-07-30 02:30:00,2026-07-30 10:30:00,94.773,94.788,94.636,94.723,1759.0
2026-07-30 05:35:00,2026-07-30 02:35:00,2026-07-30 10:35:00,94.729,94.835,94.686,94.818,1484.0
2026-07-30 05:40:00,2026-07-30 02:40:00,2026-07-30 10:40:00,94.816,94.934,94.812,94.923,1645.0
2026-07-30 05:45:00,2026-07-30 02:45:00,2026-07-30 10:45:00,94.923,95.042,94.91,95.02,1669.0
2026-07-30 05:50:00,2026-07-30 02:50:00,2026-07-30 10:50:00,95.024,95.057,94.977,95.053,1576.0
2026-07-30 05:55:00,2026-07-30 02:55:00,2026-07-30 10:55:00,95.051,95.062,95.019,95.041,1530.0
2026-07-30 06:00:00,2026-07-30 03:00:00,2026-07-30 11:00:00,95.048,95.071,95.009,95.041,1711.0
2026-07-30 06:05:00,2026-07-30 03:05:00,2026-07-30 11:05:00,95.044,95.053,94.973,94.983,1513.0
2026-07-30 06:10:00,2026-07-30 03:10:00,2026-07-30 11:10:00,94.98,95.064,94.957,95.05,1492.0
2026-07-30 06:15:00,2026-07-30 03:15:00,2026-07-30 11:15:00,95.05,95.111,95.04,95.075,1312.0
2026-07-30 06:20:00,2026-07-30 03:20:00,2026-07-30 11:20:00,95.076,95.08,94.973,94.993,1607.0
2026-07-30 06:25:00,2026-07-30 03:25:00,2026-07-30 11:25:00,94.992,94.994,94.883,94.91,1488.0
2026-07-30 06:30:00,2026-07-30 03:30:00,2026-07-30 11:30:00,94.913,94.918,94.764,94.807,1537.0
2026-07-30 06:35:00,2026-07-30 03:35:00,2026-07-30 11:35:00,94.805,94.88,94.79,94.815,1438.0
2026-07-30 06:40:00,2026-07-30 03:40:00,2026-07-30 11:40:00,94.814,94.819,94.774,94.791,1413.0
2026-07-30 06:45:00,2026-07-30 03:45:00,2026-07-30 11:45:00,94.79,94.813,94.762,94.806,1340.0
2026-07-30 06:50:00,2026-07-30 03:50:00,2026-07-30 11:50:00,94.797,94.798,94.648,94.666,1387.0
2026-07-30 06:55:00,2026-07-30 03:55:00,2026-07-30 11:55:00,94.666,94.71,94.654,94.686,1188.0
2026-07-30 07:00:00,2026-07-30 04:00:00,2026-07-30 12:00:00,94.688,94.722,94.667,94.698,1316.0
2026-07-30 07:05:00,2026-07-30 04:05:00,2026-07-30 12:05:00,94.697,94.719,94.642,94.642,932.0
2026-07-30 07:10:00,2026-07-30 04:10:00,2026-07-30 12:10:00,94.643,94.714,94.615,94.668,853.0
2026-07-30 07:15:00,2026-07-30 04:15:00,2026-07-30 12:15:00,94.669,94.669,94.622,94.641,780.0
2026-07-30 07:20:00,2026-07-30 04:20:00,2026-07-30 12:20:00,94.646,94.669,94.634,94.647,576.0
2026-07-30 07:25:00,2026-07-30 04:25:00,2026-07-30 12:25:00,94.649,94.673,94.633,94.663,688.0
2026-07-30 07:30:00,2026-07-30 04:30:00,2026-07-30 12:30:00,94.658,94.678,94.632,94.675,697.0
2026-07-30 07:35:00,2026-07-30 04:35:00,2026-07-30 12:35:00,94.679,94.709,94.667,94.699,673.0
2026-07-30 07:40:00,2026-07-30 04:40:00,2026-07-30 12:40:00,94.697,94.721,94.694,94.721,419.0
2026-07-30 07:45:00,2026-07-30 04:45:00,2026-07-30 12:45:00,94.719,94.73,94.692,94.694,543.0
2026-07-30 07:50:00,2026-07-30 04:50:00,2026-07-30 12:50:00,94.691,94.701,94.678,94.69,591.0
2026-07-30 07:55:00,2026-07-30 04:55:00,2026-07-30 12:55:00,94.69,94.709,94.69,94.7,390.0
2026-07-30 08:05:00,2026-07-30 05:05:00,2026-07-30 13:05:00,94.628,94.66,94.563,94.579,183.0
2026-07-30 08:10:00,2026-07-30 05:10:00,2026-07-30 13:10:00,94.579,94.685,94.552,94.67,255.0
2026-07-30 08:15:00,2026-07-30 05:15:00,2026-07-30 13:15:00,94.67,94.746,94.628,94.633,182.0
2026-07-30 08:20:00,2026-07-30 05:20:00,2026-07-30 13:20:00,94.641,94.641,94.572,94.641,244.0
2026-07-30 08:25:00,2026-07-30 05:25:00,2026-07-30 13:25:00,94.641,94.643,94.567,94.567,211.0
2026-07-30 08:30:00,2026-07-30 05:30:00,2026-07-30 13:30:00,94.565,94.657,94.56,94.644,231.0
2026-07-30 08:35:00,2026-07-30 05:35:00,2026-07-30 13:35:00,94.644,94.682,94.64,94.677,264.0
2026-07-30 08:40:00,2026-07-30 05:40:00,2026-07-30 13:40:00,94.677,94.686,94.677,94.684,189.0
2026-07-30 08:45:00,2026-07-30 05:45:00,2026-07-30 13:45:00,94.686,94.695,94.673,94.676,190.0
2026-07-30 08:50:00,2026-07-30 05:50:00,2026-07-30 13:50:00,94.678,94.678,94.57,94.573,167.0
2026-07-30 08:55:00,2026-07-30 05:55:00,2026-07-30 13:55:00,94.573,94.613,94.554,94.613,140.0
2026-07-30 09:00:00,2026-07-30 06:00:00,2026-07-30 14:00:00,94.613,94.742,94.613,94.727,825.0
2026-07-30 09:05:00,2026-07-30 06:05:00,2026-07-30 14:05:00,94.708,94.804,94.708,94.776,933.0
2026-07-30 09:10:00,2026-07-30 06:10:00,2026-07-30 14:10:00,94.776,94.805,94.734,94.746,447.0
2026-07-30 09:15:00,2026-07-30 06:15:00,2026-07-30 14:15:00,94.747,94.794,94.73,94.79,455.0
2026-07-30 09:20:00,2026-07-30 06:20:00,2026-07-30 14:20:00,94.788,94.802,94.777,94.792,415.0
2026-07-30 09:25:00,2026-07-30 06:25:00,2026-07-30 14:25:00,94.792,94.819,94.785,94.817,381.0
2026-07-30 09:30:00,2026-07-30 06:30:00,2026-07-30 14:30:00,94.811,94.854,94.809,94.848,427.0
2026-07-30 09:35:00,2026-07-30 06:35:00,2026-07-30 14:35:00,94.853,94.862,94.812,94.814,289.0
2026-07-30 09:40:00,2026-07-30 06:40:00,2026-07-30 14:40:00,94.815,94.818,94.8,94.809,237.0
2026-07-30 09:45:00,2026-07-30 06:45:00,2026-07-30 14:45:00,94.811,94.814,94.8,94.807,298.0
2026-07-30 09:50:00,2026-07-30 06:50:00,2026-07-30 14:50:00,94.808,94.81,94.794,94.799,355.0
2026-07-30 09:55:00,2026-07-30 06:55:00,2026-07-30 14:55:00,94.798,94.808,94.788,94.804,359.0
2026-07-30 10:00:00,2026-07-30 07:00:00,2026-07-30 15:00:00,94.805,94.821,94.787,94.819,454.0
2026-07-30 10:05:00,2026-07-30 07:05:00,2026-07-30 15:05:00,94.818,94.844,94.798,94.835,532.0
2026-07-30 10:10:00,2026-07-30 07:10:00,2026-07-30 15:10:00,94.834,94.838,94.792,94.795,617.0
2026-07-30 10:15:00,2026-07-30 07:15:00,2026-07-30 15:15:00,94.794,94.805,94.783,94.8,367.0
2026-07-30 10:20:00,2026-07-30 07:20:00,2026-07-30 15:20:00,94.802,94.805,94.782,94.793,390.0
2026-07-30 10:25:00,2026-07-30 07:25:00,2026-07-30 15:25:00,94.793,94.793,94.773,94.781,328.0
2026-07-30 10:30:00,2026-07-30 07:30:00,2026-07-30 15:30:00,94.781,94.79,94.773,94.79,344.0
2026-07-30 10:35:00,2026-07-30 07:35:00,2026-07-30 15:35:00,94.787,94.8,94.786,94.797,288.0
2026-07-30 10:40:00,2026-07-30 07:40:00,2026-07-30 15:40:00,94.797,94.799,94.774,94.785,390.0
2026-07-30 10:45:00,2026-07-30 07:45:00,2026-07-30 15:45:00,94.785,94.798,94.768,94.77,497.0
2026-07-30 10:50:00,2026-07-30 07:50:00,2026-07-30 15:50:00,94.764,94.767,94.74,94.756,643.0
2026-07-30 10:55:00,2026-07-30 07:55:00,2026-07-30 15:55:00,94.756,94.773,94.738,94.74,558.0
2026-07-30 11:00:00,2026-07-30 08:00:00,2026-07-30 16:00:00,94.741,94.746,94.68,94.704,1054.0
2026-07-30 11:05:00,2026-07-30 08:05:00,2026-07-30 16:05:00,94.704,94.741,94.695,94.741,909.0
2026-07-30 11:10:00,2026-07-30 08:10:00,2026-07-30 16:10:00,94.735,94.747,94.722,94.732,801.0
2026-07-30 11:15:00,2026-07-30 08:15:00,2026-07-30 16:15:00,94.733,94.738,94.705,94.714,966.0
2026-07-30 11:20:00,2026-07-30 08:20:00,2026-07-30 16:20:00,94.711,94.751,94.699,94.741,944.0
2026-07-30 11:25:00,2026-07-30 08:25:00,2026-07-30 16:25:00,94.741,94.758,94.732,94.755,998.0
2026-07-30 11:30:00,2026-07-30 08:30:00,2026-07-30 16:30:00,94.757,94.768,94.725,94.729,1008.0
2026-07-30 11:35:00,2026-07-30 08:35:00,2026-07-30 16:35:00,94.73,94.743,94.719,94.729,941.0
2026-07-30 11:40:00,2026-07-30 08:40:00,2026-07-30 16:40:00,94.726,94.742,94.723,94.736,859.0
2026-07-30 11:45:00,2026-07-30 08:45:00,2026-07-30 16:45:00,94.736,94.767,94.736,94.759,780.0
2026-07-30 11:50:00,2026-07-30 08:50:00,2026-07-30 16:50:00,94.758,94.79,94.746,94.774,1070.0
2026-07-30 11:55:00,2026-07-30 08:55:00,2026-07-30 16:55:00,94.774,94.807,94.754,94.807,785.0
2026-07-30 12:00:00,2026-07-30 09:00:00,2026-07-30 17:00:00,94.807,94.843,94.803,94.824,992.0
2026-07-30 12:05:00,2026-07-30 09:05:00,2026-07-30 17:05:00,94.824,94.868,94.821,94.84,827.0
2026-07-30 12:10:00,2026-07-30 09:10:00,2026-07-30 17:10:00,94.841,94.847,94.811,94.843,865.0
2026-07-30 12:15:00,2026-07-30 09:15:00,2026-07-30 17:15:00,94.844,94.873,94.834,94.865,861.0
2026-07-30 12:20:00,2026-07-30 09:20:00,2026-07-30 17:20:00,94.865,94.893,94.855,94.892,770.0
2026-07-30 12:25:00,2026-07-30 09:25:00,2026-07-30 17:25:00,94.89,94.907,94.874,94.9,730.0
2026-07-30 12:30:00,2026-07-30 09:30:00,2026-07-30 17:30:00,94.9,94.906,94.884,94.888,729.0
2026-07-30 12:35:00,2026-07-30 09:35:00,2026-07-30 17:35:00,94.89,94.905,94.873,94.895,741.0
2026-07-30 12:40:00,2026-07-30 09:40:00,2026-07-30 17:40:00,94.895,94.916,94.89,94.894,657.0
2026-07-30 12:45:00,2026-07-30 09:45:00,2026-07-30 17:45:00,94.892,94.923,94.891,94.913,538.0
2026-07-30 12:50:00,2026-07-30 09:50:00,2026-07-30 17:50:00,94.912,94.913,94.881,94.89,552.0
2026-07-30 12:55:00,2026-07-30 09:55:00,2026-07-30 17:55:00,94.892,94.9,94.884,94.897,546.0
2026-07-30 13:00:00,2026-07-30 10:00:00,2026-07-30 18:00:00,94.895,94.919,94.895,94.905,512.0
2026-07-30 13:05:00,2026-07-30 10:05:00,2026-07-30 18:05:00,94.909,94.914,94.897,94.901,539.0
2026-07-30 13:10:00,2026-07-30 10:10:00,2026-07-30 18:10:00,94.901,94.91,94.896,94.9,522.0
2026-07-30 13:15:00,2026-07-30 10:15:00,2026-07-30 18:15:00,94.9,94.937,94.894,94.935,540.0
2026-07-30 13:20:00,2026-07-30 10:20:00,2026-07-30 18:20:00,94.935,94.983,94.935,94.976,576.0
2026-07-30 13:25:00,2026-07-30 10:25:00,2026-07-30 18:25:00,94.975,94.976,94.936,94.943,580.0
2026-07-30 13:30:00,2026-07-30 10:30:00,2026-07-30 18:30:00,94.945,94.945,94.923,94.93,562.0
2026-07-30 13:35:00,2026-07-30 10:35:00,2026-07-30 18:35:00,94.929,94.974,94.925,94.971,495.0
2026-07-30 13:40:00,2026-07-30 10:40:00,2026-07-30 18:40:00,94.972,94.972,94.94,94.941,417.0
2026-07-30 13:45:00,2026-07-30 10:45:00,2026-07-30 18:45:00,94.944,95.001,94.943,94.999,425.0
2026-07-30 13:50:00,2026-07-30 10:50:00,2026-07-30 18:50:00,94.994,95.013,94.983,95.006,471.0
2026-07-30 13:55:00,2026-07-30 10:55:00,2026-07-30 18:55:00,95.008,95.017,94.961,94.963,516.0
2026-07-30 14:00:00,2026-07-30 11:00:00,2026-07-30 19:00:00,94.959,94.998,94.959,94.99,446.0
2026-07-30 14:05:00,2026-07-30 11:05:00,2026-07-30 19:05:00,94.992,95.006,94.969,94.971,446.0
2026-07-30 14:10:00,2026-07-30 11:10:00,2026-07-30 19:10:00,94.971,94.977,94.932,94.938,561.0
2026-07-30 14:15:00,2026-07-30 11:15:00,2026-07-30 19:15:00,94.938,94.947,94.915,94.946,581.0
2026-07-30 14:20:00,2026-07-30 11:20:00,2026-07-30 19:20:00,94.944,94.952,94.926,94.943,685.0
2026-07-30 14:25:00,2026-07-30 11:25:00,2026-07-30 19:25:00,94.943,94.966,94.942,94.959,616.0
2026-07-30 14:30:00,2026-07-30 11:30:00,2026-07-30 19:30:00,94.959,95.005,94.939,95.001,613.0
2026-07-30 14:35:00,2026-07-30 11:35:00,2026-07-30 19:35:00,94.997,95.014,94.972,94.978,558.0
2026-07-30 14:40:00,2026-07-30 11:40:00,2026-07-30 19:40:00,94.976,95.004,94.974,94.983,502.0
2026-07-30 14:45:00,2026-07-30 11:45:00,2026-07-30 19:45:00,94.984,94.986,94.961,94.97,419.0
2026-07-30 14:50:00,2026-07-30 11:50:00,2026-07-30 19:50:00,94.972,94.976,94.946,94.946,417.0
2026-07-30 14:55:00,2026-07-30 11:55:00,2026-07-30 19:55:00,94.944,94.975,94.939,94.942,357.0
2026-07-30 15:00:00,2026-07-30 12:00:00,2026-07-30 20:00:00,94.941,94.956,94.93,94.942,458.0
2026-07-30 15:05:00,2026-07-30 12:05:00,2026-07-30 20:05:00,94.943,94.962,94.937,94.949,328.0
2026-07-30 15:10:00,2026-07-30 12:10:00,2026-07-30 20:10:00,94.949,94.951,94.937,94.94,368.0
2026-07-30 15:15:00,2026-07-30 12:15:00,2026-07-30 20:15:00,94.94,94.957,94.929,94.957,392.0
2026-07-30 15:20:00,2026-07-30 12:20:00,2026-07-30 20:20:00,94.958,94.974,94.943,94.946,469.0
2026-07-30 15:25:00,2026-07-30 12:25:00,2026-07-30 20:25:00,94.945,94.976,94.944,94.971,451.0
2026-07-30 15:30:00,2026-07-30 12:30:00,2026-07-30 20:30:00,94.972,94.975,94.961,94.969,445.0
2026-07-30 15:35:00,2026-07-30 12:35:00,2026-07-30 20:35:00,94.97,94.976,94.946,94.948,387.0
2026-07-30 15:40:00,2026-07-30 12:40:00,2026-07-30 20:40:00,94.949,94.959,94.937,94.939,438.0
2026-07-30 15:45:00,2026-07-30 12:45:00,2026-07-30 20:45:00,94.941,94.961,94.931,94.932,323.0
2026-07-30 15:50:00,2026-07-30 12:50:00,2026-07-30 20:50:00,94.933,94.939,94.915,94.924,368.0
2026-07-30 15:55:00,2026-07-30 12:55:00,2026-07-30 20:55:00,94.924,94.929,94.908,94.915,420.0
2026-07-30 16:00:00,2026-07-30 13:00:00,2026-07-30 21:00:00,94.918,94.937,94.91,94.92,456.0
2026-07-30 16:05:00,2026-07-30 13:05:00,2026-07-30 21:05:00,94.921,94.952,94.921,94.934,481.0
2026-07-30 16:10:00,2026-07-30 13:10:00,2026-07-30 21:10:00,94.934,94.949,94.925,94.933,417.0
2026-07-30 16:15:00,2026-07-30 13:15:00,2026-07-30 21:15:00,94.934,94.948,94.923,94.947,481.0
2026-07-30 16:20:00,2026-07-30 13:20:00,2026-07-30 21:20:00,94.945,94.95,94.914,94.923,438.0
2026-07-30 16:25:00,2026-07-30 13:25:00,2026-07-30 21:25:00,94.923,94.958,94.913,94.952,416.0
2026-07-30 16:30:00,2026-07-30 13:30:00,2026-07-30 21:30:00,94.954,94.982,94.954,94.971,475.0
2026-07-30 16:35:00,2026-07-30 13:35:00,2026-07-30 21:35:00,94.97,94.974,94.952,94.961,490.0
2026-07-30 16:40:00,2026-07-30 13:40:00,2026-07-30 21:40:00,94.961,94.969,94.95,94.968,572.0
2026-07-30 16:45:00,2026-07-30 13:45:00,2026-07-30 21:45:00,94.967,94.99,94.941,94.945,497.0
2026-07-30 16:50:00,2026-07-30 13:50:00,2026-07-30 21:50:00,94.944,94.953,94.922,94.93,495.0
2026-07-30 16:55:00,2026-07-30 13:55:00,2026-07-30 21:55:00,94.93,94.938,94.913,94.928,600.0
2026-07-30 17:00:00,2026-07-30 14:00:00,2026-07-30 22:00:00,94.929,94.976,94.929,94.967,867.0
2026-07-30 17:05:00,2026-07-30 14:05:00,2026-07-30 22:05:00,94.967,94.981,94.942,94.946,703.0
2026-07-30 17:10:00,2026-07-30 14:10:00,2026-07-30 22:10:00,94.948,94.953,94.891,94.899,839.0
2026-07-30 17:15:00,2026-07-30 14:15:00,2026-07-30 22:15:00,94.899,94.906,94.875,94.884,816.0
2026-07-30 17:20:00,2026-07-30 14:20:00,2026-07-30 22:20:00,94.885,94.911,94.881,94.904,663.0
2026-07-30 17:25:00,2026-07-30 14:25:00,2026-07-30 22:25:00,94.906,94.915,94.894,94.903,565.0
2026-07-30 17:30:00,2026-07-30 14:30:00,2026-07-30 22:30:00,94.91,94.954,94.91,94.931,650.0
2026-07-30 17:35:00,2026-07-30 14:35:00,2026-07-30 22:35:00,94.931,94.994,94.927,94.982,703.0
2026-07-30 17:40:00,2026-07-30 14:40:00,2026-07-30 22:40:00,94.983,94.986,94.951,94.956,643.0
2026-07-30 17:45:00,2026-07-30 14:45:00,2026-07-30 22:45:00,94.955,95.01,94.954,95.008,691.0
2026-07-30 17:50:00,2026-07-30 14:50:00,2026-07-30 22:50:00,95.009,95.048,95.007,95.038,748.0
2026-07-30 17:55:00,2026-07-30 14:55:00,2026-07-30 22:55:00,95.039,95.062,95.027,95.036,674.0
2026-07-30 18:00:00,2026-07-30 15:00:00,2026-07-30 23:00:00,95.035,95.112,95.024,95.083,1114.0
2026-07-30 18:05:00,2026-07-30 15:05:00,2026-07-30 23:05:00,95.084,95.114,95.082,95.097,963.0
2026-07-30 18:10:00,2026-07-30 15:10:00,2026-07-30 23:10:00,95.098,95.132,95.09,95.109,940.0
2026-07-30 18:15:00,2026-07-30 15:15:00,2026-07-30 23:15:00,95.109,95.123,95.069,95.073,937.0
2026-07-30 18:20:00,2026-07-30 15:20:00,2026-07-30 23:20:00,95.074,95.103,95.066,95.097,895.0
2026-07-30 18:25:00,2026-07-30 15:25:00,2026-07-30 23:25:00,95.096,95.1,95.055,95.065,961.0
2026-07-30 18:30:00,2026-07-30 15:30:00,2026-07-30 23:30:00,95.065,95.078,95.049,95.056,962.0
2026-07-30 18:35:00,2026-07-30 15:35:00,2026-07-30 23:35:00,95.055,95.059,95.032,95.053,784.0
2026-07-30 18:40:00,2026-07-30 15:40:00,2026-07-30 23:40:00,95.054,95.086,95.053,95.078,747.0
2026-07-30 18:45:00,2026-07-30 15:45:00,2026-07-30 23:45:00,95.079,95.097,95.072,95.086,788.0
2026-07-30 18:50:00,2026-07-30 15:50:00,2026-07-30 23:50:00,95.085,95.086,95.049,95.054,804.0
2026-07-30 18:55:00,2026-07-30 15:55:00,2026-07-30 23:55:00,95.054,95.071,95.031,95.033,752.0
2026-07-30 19:00:00,2026-07-30 16:00:00,2026-07-31 00:00:00,95.031,95.087,95.029,95.073,858.0
2026-07-30 19:05:00,2026-07-30 16:05:00,2026-07-31 00:05:00,95.073,95.125,95.071,95.125,918.0
2026-07-30 19:10:00,2026-07-30 16:10:00,2026-07-31 00:10:00,95.124,95.139,95.103,95.126,815.0
2026-07-30 19:15:00,2026-07-30 16:15:00,2026-07-31 00:15:00,95.127,95.163,95.12,95.154,791.0
2026-07-30 19:20:00,2026-07-30 16:20:00,2026-07-31 00:20:00,95.156,95.198,95.147,95.188,723.0
2026-07-30 19:25:00,2026-07-30 16:25:00,2026-07-31 00:25:00,95.187,95.221,95.183,95.221,868.0
2026-07-30 19:30:00,2026-07-30 16:30:00,2026-07-31 00:30:00,95.221,95.225,95.183,95.189,1007.0
2026-07-30 19:35:00,2026-07-30 16:35:00,2026-07-31 00:35:00,95.189,95.209,95.167,95.167,725.0
2026-07-30 19:40:00,2026-07-30 16:40:00,2026-07-31 00:40:00,95.165,95.208,95.162,95.198,765.0
2026-07-30 19:45:00,2026-07-30 16:45:00,2026-07-31 00:45:00,95.198,95.214,95.196,95.199,709.0
2026-07-30 19:50:00,2026-07-30 16:50:00,2026-07-31 00:50:00,95.2,95.221,95.198,95.212,730.0
2026-07-30 19:55:00,2026-07-30 16:55:00,2026-07-31 00:55:00,95.214,95.24,95.207,95.23,702.0
2026-07-30 20:00:00,2026-07-30 17:00:00,2026-07-31 01:00:00,95.229,95.234,95.215,95.229,780.0
2026-07-30 20:05:00,2026-07-30 17:05:00,2026-07-31 01:05:00,95.23,95.266,95.226,95.246,795.0
2026-07-30 20:10:00,2026-07-30 17:10:00,2026-07-31 01:10:00,95.246,95.262,95.225,95.25,996.0
2026-07-30 20:15:00,2026-07-30 17:15:00,2026-07-31 01:15:00,95.251,95.253,95.22,95.223,910.0
2026-07-30 20:20:00,2026-07-30 17:20:00,2026-07-31 01:20:00,95.224,95.26,95.217,95.251,912.0
2026-07-30 20:25:00,2026-07-30 17:25:00,2026-07-31 01:25:00,95.251,95.303,95.251,95.26,841.0
2026-07-30 20:30:00,2026-07-30 17:30:00,2026-07-31 01:30:00,95.259,95.269,95.238,95.255,728.0
2026-07-30 20:35:00,2026-07-30 17:35:00,2026-07-31 01:35:00,95.253,95.285,95.251,95.269,780.0
2026-07-30 20:40:00,2026-07-30 17:40:00,2026-07-31 01:40:00,95.27,95.27,95.247,95.265,672.0
2026-07-30 20:45:00,2026-07-30 17:45:00,2026-07-31 01:45:00,95.267,95.296,95.247,95.277,951.0
2026-07-30 20:50:00,2026-07-30 17:50:00,2026-07-31 01:50:00,95.278,95.302,95.271,95.296,922.0
2026-07-30 20:55:00,2026-07-30 17:55:00,2026-07-31 01:55:00,95.298,95.301,95.26,95.277,915.0
2026-07-30 21:00:00,2026-07-30 18:00:00,2026-07-31 02:00:00,95.276,95.283,95.248,95.253,986.0
2026-07-30 21:05:00,2026-07-30 18:05:00,2026-07-31 02:05:00,95.253,95.278,95.237,95.246,956.0
2026-07-30 21:10:00,2026-07-30 18:10:00,2026-07-31 02:10:00,95.247,95.25,95.174,95.208,1315.0
2026-07-30 21:15:00,2026-07-30 18:15:00,2026-07-31 02:15:00,95.209,95.21,94.847,95.126,1850.0
2026-07-30 21:20:00,2026-07-30 18:20:00,2026-07-31 02:20:00,95.118,95.164,95.042,95.042,1509.0
2026-07-30 21:25:00,2026-07-30 18:25:00,2026-07-31 02:25:00,95.044,95.08,94.963,95.078,1367.0
2026-07-30 21:30:00,2026-07-30 18:30:00,2026-07-31 02:30:00,95.079,95.08,95.034,95.068,1234.0
2026-07-30 21:35:00,2026-07-30 18:35:00,2026-07-31 02:35:00,95.069,95.089,95.053,95.074,1178.0
2026-07-30 21:40:00,2026-07-30 18:40:00,2026-07-31 02:40:00,95.074,95.098,95.059,95.061,1265.0
2026-07-30 21:45:00,2026-07-30 18:45:00,2026-07-31 02:45:00,95.063,95.118,95.044,95.118,1180.0
2026-07-30 21:50:00,2026-07-30 18:50:00,2026-07-31 02:50:00,95.121,95.127,95.077,95.08,1240.0
2026-07-30 21:55:00,2026-07-30 18:55:00,2026-07-31 02:55:00,95.077,95.107,95.067,95.084,836.0
2026-07-30 22:00:00,2026-07-30 19:00:00,2026-07-31 03:00:00,95.078,95.118,95.067,95.072,851.0
2026-07-30 22:05:00,2026-07-30 19:05:00,2026-07-31 03:05:00,95.073,95.101,95.063,95.088,1023.0
2026-07-30 22:10:00,2026-07-30 19:10:00,2026-07-31 03:10:00,95.089,95.092,95.047,95.05,799.0
2026-07-30 22:15:00,2026-07-30 19:15:00,2026-07-31 03:15:00,95.051,95.089,95.05,95.075,918.0
2026-07-30 22:20:00,2026-07-30 19:20:00,2026-07-31 03:20:00,95.075,95.109,95.072,95.098,1012.0
2026-07-30 22:25:00,2026-07-30 19:25:00,2026-07-31 03:25:00,95.097,95.136,95.095,95.134,786.0
2026-07-30 22:30:00,2026-07-30 19:30:00,2026-07-31 03:30:00,95.13,95.154,95.115,95.151,830.0
2026-07-30 22:35:00,2026-07-30 19:35:00,2026-07-31 03:35:00,95.151,95.19,95.148,95.175,821.0
2026-07-30 22:40:00,2026-07-30 19:40:00,2026-07-31 03:40:00,95.175,95.181,95.124,95.127,948.0
2026-07-30 22:45:00,2026-07-30 19:45:00,2026-07-31 03:45:00,95.126,95.136,95.115,95.123,908.0
2026-07-30 22:50:00,2026-07-30 19:50:00,2026-07-31 03:50:00,95.124,95.185,95.115,95.169,1043.0
2026-07-30 22:55:00,2026-07-30 19:55:00,2026-07-31 03:55:00,95.173,95.183,95.139,95.181,740.0
2026-07-30 23:00:00,2026-07-30 20:00:00,2026-07-31 04:00:00,95.18,95.196,95.165,95.189,800.0
2026-07-30 23:05:00,2026-07-30 20:05:00,2026-07-31 04:05:00,95.189,95.21,95.175,95.178,919.0
2026-07-30 23:10:00,2026-07-30 20:10:00,2026-07-31 04:10:00,95.179,95.197,95.168,95.189,1000.0
2026-07-30 23:15:00,2026-07-30 20:15:00,2026-07-31 04:15:00,95.189,95.19,95.143,95.153,848.0
2026-07-30 23:20:00,2026-07-30 20:20:00,2026-07-31 04:20:00,95.154,95.155,95.131,95.141,859.0
2026-07-30 23:25:00,2026-07-30 20:25:00,2026-07-31 04:25:00,95.14,95.153,95.1,95.103,698.0
2026-07-30 23:30:00,2026-07-30 20:30:00,2026-07-31 04:30:00,95.103,95.145,95.081,95.094,1046.0
2026-07-30 23:35:00,2026-07-30 20:35:00,2026-07-31 04:35:00,95.094,95.097,95.053,95.075,1181.0
2026-07-30 23:40:00,2026-07-30 20:40:00,2026-07-31 04:40:00,95.074,95.078,95.004,95.01,1341.0
2026-07-30 23:45:00,2026-07-30 20:45:00,2026-07-31 04:45:00,95.01,95.031,94.996,95.027,1317.0
2026-07-30 23:50:00,2026-07-30 20:50:00,2026-07-31 04:50:00,95.03,95.065,95.021,95.06,1354.0
2026-07-30 23:55:00,2026-07-30 20:55:00,2026-07-31 04:55:00,95.061,95.102,95.058,95.081,1292.0
2026-07-31 00:00:00,2026-07-30 21:00:00,2026-07-31 05:00:00,95.081,95.091,95.059,95.076,1173.0
2026-07-31 00:05:00,2026-07-30 21:05:00,2026-07-31 05:05:00,95.076,95.106,95.069,95.083,1254.0
2026-07-31 00:10:00,2026-07-30 21:10:00,2026-07-31 05:10:00,95.084,95.092,95.065,95.078,1240.0
2026-07-31 00:15:00,2026-07-30 21:15:00,2026-07-31 05:15:00,95.077,95.103,95.066,95.084,1256.0
2026-07-31 00:20:00,2026-07-30 21:20:00,2026-07-31 05:20:00,95.084,95.089,95.046,95.059,1212.0
2026-07-31 00:25:00,2026-07-30 21:25:00,2026-07-31 05:25:00,95.06,95.102,95.042,95.092,1244.0
2026-07-31 00:30:00,2026-07-30 21:30:00,2026-07-31 05:30:00,95.095,95.114,95.076,95.11,1206.0
2026-07-31 00:35:00,2026-07-30 21:35:00,2026-07-31 05:35:00,95.11,95.115,94.109,94.283,2130.0
2026-07-31 00:40:00,2026-07-30 21:40:00,2026-07-31 05:40:00,94.281,94.462,93.966,94.147,2324.0
2026-07-31 00:45:00,2026-07-30 21:45:00,2026-07-31 05:45:00,94.151,94.338,94.097,94.26,2043.0
2026-07-31 00:50:00,2026-07-30 21:50:00,2026-07-31 05:50:00,94.263,94.44,93.941,93.951,2216.0
2026-07-31 00:55:00,2026-07-30 21:55:00,2026-07-31 05:55:00,93.949,94.04,93.812,93.82,2071.0
2026-07-31 01:00:00,2026-07-30 22:00:00,2026-07-31 06:00:00,93.816,93.888,93.538,93.538,2111.0
2026-07-31 01:05:00,2026-07-30 22:05:00,2026-07-31 06:05:00,93.546,93.867,93.376,93.481,2252.0
2026-07-31 01:10:00,2026-07-30 22:10:00,2026-07-31 06:10:00,93.482,93.56,93.251,93.313,2396.0
2026-07-31 01:15:00,2026-07-30 22:15:00,2026-07-31 06:15:00,93.311,93.315,92.94,92.96,2355.0
2026-07-31 01:20:00,2026-07-30 22:20:00,2026-07-31 06:20:00,92.958,93.093,92.751,93.091,2250.0
2026-07-31 01:25:00,2026-07-30 22:25:00,2026-07-31 06:25:00,93.089,93.473,93.085,93.41,2325.0
2026-07-31 01:30:00,2026-07-30 22:30:00,2026-07-31 06:30:00,93.397,93.519,93.145,93.428,2141.0
2026-07-31 01:35:00,2026-07-30 22:35:00,2026-07-31 06:35:00,93.434,93.557,93.403,93.544,2072.0
2026-07-31 01:40:00,2026-07-30 22:40:00,2026-07-31 06:40:00,93.536,93.67,93.513,93.57,2010.0
2026-07-31 01:45:00,2026-07-30 22:45:00,2026-07-31 06:45:00,93.566,93.656,93.52,93.58,1994.0
2026-07-31 01:50:00,2026-07-30 22:50:00,2026-07-31 06:50:00,93.578,93.601,93.507,93.513,1952.0
2026-07-31 01:55:00,2026-07-30 22:55:00,2026-07-31 06:55:00,93.514,93.533,93.346,93.348,1778.0
2026-07-31 02:00:00,2026-07-30 23:00:00,2026-07-31 07:00:00,93.347,93.459,93.338,93.458,1736.0
2026-07-31 02:05:00,2026-07-30 23:05:00,2026-07-31 07:05:00,93.459,93.476,93.213,93.37,1671.0
2026-07-31 02:10:00,2026-07-30 23:10:00,2026-07-31 07:10:00,93.371,93.528,93.356,93.444,1626.0
2026-07-31 02:15:00,2026-07-30 23:15:00,2026-07-31 07:15:00,93.444,93.523,93.432,93.518,1566.0
2026-07-31 02:20:00,2026-07-30 23:20:00,2026-07-31 07:20:00,93.518,93.543,93.494,93.498,1442.0
2026-07-31 02:25:00,2026-07-30 23:25:00,2026-07-31 07:25:00,93.494,93.535,93.467,93.529,1370.0
2026-07-31 02:30:00,2026-07-30 23:30:00,2026-07-31 07:30:00,93.531,93.581,93.531,93.552,1449.0
2026-07-31 02:35:00,2026-07-30 23:35:00,2026-07-31 07:35:00,93.554,93.616,93.548,93.58,1235.0
2026-07-31 02:40:00,2026-07-30 23:40:00,2026-07-31 07:40:00,93.582,93.607,93.574,93.594,1151.0
2026-07-31 02:45:00,2026-07-30 23:45:00,2026-07-31 07:45:00,93.594,93.681,93.592,93.648,1097.0
2026-07-31 02:50:00,2026-07-30 23:50:00,2026-07-31 07:50:00,93.646,93.72,93.636,93.694,1117.0
2026-07-31 02:55:00,2026-07-30 23:55:00,2026-07-31 07:55:00,93.695,93.714,93.675,93.694,916.0
2026-07-31 03:00:00,2026-07-31 00:00:00,2026-07-31 08:00:00,93.696,93.759,93.692,93.737,1169.0
2026-07-31 03:05:00,2026-07-31 00:05:00,2026-07-31 08:05:00,93.738,93.739,93.664,93.67,1197.0
2026-07-31 03:10:00,2026-07-31 00:10:00,2026-07-31 08:10:00,93.671,93.715,93.67,93.701,1052.0
2026-07-31 03:15:00,2026-07-31 00:15:00,2026-07-31 08:15:00,93.702,93.721,93.691,93.701,1063.0
2026-07-31 03:20:00,2026-07-31 00:20:00,2026-07-31 08:20:00,93.701,93.755,93.693,93.742,915.0
2026-07-31 03:25:00,2026-07-31 00:25:00,2026-07-31 08:25:00,93.742,93.75,93.713,93.732,942.0
2026-07-31 03:30:00,2026-07-31 00:30:00,2026-07-31 08:30:00,93.732,93.761,93.717,93.761,944.0
2026-07-31 03:35:00,2026-07-31 00:35:00,2026-07-31 08:35:00,93.761,93.79,93.75,93.788,870.0
2026-07-31 03:40:00,2026-07-31 00:40:00,2026-07-31 08:40:00,93.788,93.799,93.767,93.773,854.0
2026-07-31 03:45:00,2026-07-31 00:45:00,2026-07-31 08:45:00,93.776,93.806,93.764,93.769,828.0
2026-07-31 03:50:00,2026-07-31 00:50:00,2026-07-31 08:50:00,93.764,93.815,93.759,93.808,865.0
2026-07-31 03:55:00,2026-07-31 00:55:00,2026-07-31 08:55:00,93.809,93.829,93.777,93.778,838.0
2026-07-31 04:00:00,2026-07-31 01:00:00,2026-07-31 09:00:00,93.777,93.833,93.777,93.822,885.0
2026-07-31 04:05:00,2026-07-31 01:05:00,2026-07-31 09:05:00,93.82,93.822,93.797,93.804,747.0
2026-07-31 04:10:00,2026-07-31 01:10:00,2026-07-31 09:10:00,93.804,93.815,93.796,93.802,764.0
2026-07-31 04:15:00,2026-07-31 01:15:00,2026-07-31 09:15:00,93.8,93.848,93.799,93.846,758.0
2026-07-31 04:20:00,2026-07-31 01:20:00,2026-07-31 09:20:00,93.844,93.911,93.842,93.91,752.0
2026-07-31 04:25:00,2026-07-31 01:25:00,2026-07-31 09:25:00,93.909,93.913,93.852,93.861,786.0
2026-07-31 04:30:00,2026-07-31 01:30:00,2026-07-31 09:30:00,93.86,93.878,93.839,93.876,671.0
2026-07-31 04:35:00,2026-07-31 01:35:00,2026-07-31 09:35:00,93.877,93.878,93.173,93.188,1758.0
2026-07-31 04:40:00,2026-07-31 01:40:00,2026-07-31 09:40:00,93.189,93.582,93.189,93.362,1910.0
2026-07-31 04:45:00,2026-07-31 01:45:00,2026-07-31 09:45:00,93.37,93.515,93.345,93.469,1664.0
2026-07-31 04:50:00,2026-07-31 01:50:00,2026-07-31 09:50:00,93.473,93.532,93.443,93.527,1546.0
2026-07-31 04:55:00,2026-07-31 01:55:00,2026-07-31 09:55:00,93.526,93.55,93.49,93.499,1219.0
2026-07-31 05:00:00,2026-07-31 02:00:00,2026-07-31 10:00:00,93.499,93.529,93.475,93.505,1203.0
2026-07-31 05:05:00,2026-07-31 02:05:00,2026-07-31 10:05:00,93.505,93.534,93.439,93.457,1090.0
2026-07-31 05:10:00,2026-07-31 02:10:00,2026-07-31 10:10:00,93.458,93.487,93.427,93.464,920.0
2026-07-31 05:15:00,2026-07-31 02:15:00,2026-07-31 10:15:00,93.462,93.499,93.441,93.489,795.0
2026-07-31 05:20:00,2026-07-31 02:20:00,2026-07-31 10:20:00,93.494,93.543,93.473,93.53,815.0
2026-07-31 05:25:00,2026-07-31 02:25:00,2026-07-31 10:25:00,93.532,93.548,93.503,93.514,758.0
2026-07-31 05:30:00,2026-07-31 02:30:00,2026-07-31 10:30:00,93.514,93.555,93.498,93.509,704.0
2026-07-31 05:35:00,2026-07-31 02:35:00,2026-07-31 10:35:00,93.509,93.549,93.509,93.548,584.0
2026-07-31 05:40:00,2026-07-31 02:40:00,2026-07-31 10:40:00,93.549,93.551,93.495,93.513,592.0
2026-07-31 05:45:00,2026-07-31 02:45:00,2026-07-31 10:45:00,93.513,93.516,93.489,93.508,617.0
2026-07-31 05:50:00,2026-07-31 02:50:00,2026-07-31 10:50:00,93.504,93.525,93.486,93.493,756.0
2026-07-31 05:55:00,2026-07-31 02:55:00,2026-07-31 10:55:00,93.496,93.524,93.446,93.449,1022.0
2026-07-31 06:00:00,2026-07-31 03:00:00,2026-07-31 11:00:00,93.454,93.573,93.454,93.57,913.0
2026-07-31 06:05:00,2026-07-31 03:05:00,2026-07-31 11:05:00,93.569,93.595,93.541,93.582,799.0
2026-07-31 06:10:00,2026-07-31 03:10:00,2026-07-31 11:10:00,93.584,93.594,93.555,93.563,695.0
2026-07-31 06:15:00,2026-07-31 03:15:00,2026-07-31 11:15:00,93.565,93.624,93.563,93.619,630.0
2026-07-31 06:20:00,2026-07-31 03:20:00,2026-07-31 11:20:00,93.615,93.628,93.606,93.625,617.0
2026-07-31 06:25:00,2026-07-31 03:25:00,2026-07-31 11:25:00,93.624,93.675,93.616,93.665,596.0
2026-07-31 06:30:00,2026-07-31 03:30:00,2026-07-31 11:30:00,93.666,93.692,93.657,93.691,703.0
2026-07-31 06:35:00,2026-07-31 03:35:00,2026-07-31 11:35:00,93.692,93.726,93.688,93.724,597.0
2026-07-31 06:40:00,2026-07-31 03:40:00,2026-07-31 11:40:00,93.722,93.729,93.685,93.698,471.0
2026-07-31 06:45:00,2026-07-31 03:45:00,2026-07-31 11:45:00,93.7,93.7,93.647,93.652,637.0
2026-07-31 06:50:00,2026-07-31 03:50:00,2026-07-31 11:50:00,93.651,93.689,93.645,93.675,641.0
2026-07-31 06:55:00,2026-07-31 03:55:00,2026-07-31 11:55:00,93.673,93.688,93.625,93.682,843.0
2026-07-31 07:00:00,2026-07-31 04:00:00,2026-07-31 12:00:00,93.683,93.72,93.673,93.713,702.0
2026-07-31 07:05:00,2026-07-31 04:05:00,2026-07-31 12:05:00,93.714,93.727,93.691,93.696,544.0
2026-07-31 07:10:00,2026-07-31 04:10:00,2026-07-31 12:10:00,93.696,93.736,93.688,93.718,426.0
2026-07-31 07:15:00,2026-07-31 04:15:00,2026-07-31 12:15:00,93.717,93.75,93.707,93.749,530.0
2026-07-31 07:20:00,2026-07-31 04:20:00,2026-07-31 12:20:00,93.748,93.765,93.732,93.762,489.0
2026-07-31 07:25:00,2026-07-31 04:25:00,2026-07-31 12:25:00,93.762,93.764,93.732,93.736,387.0
2026-07-31 07:30:00,2026-07-31 04:30:00,2026-07-31 12:30:00,93.74,93.759,93.682,93.756,515.0
2026-07-31 07:35:00,2026-07-31 04:35:00,2026-07-31 12:35:00,93.757,93.776,93.742,93.751,439.0
2026-07-31 07:40:00,2026-07-31 04:40:00,2026-07-31 12:40:00,93.751,93.77,93.733,93.77,173.0
2026-07-31 07:45:00,2026-07-31 04:45:00,2026-07-31 12:45:00,93.77,93.822,93.769,93.816,321.0
2026-07-31 07:50:00,2026-07-31 04:50:00,2026-07-31 12:50:00,93.815,93.838,93.81,93.834,219.0
2026-07-31 07:55:00,2026-07-31 04:55:00,2026-07-31 12:55:00,93.829,93.836,93.786,93.794,223.0
2026-07-31 08:05:00,2026-07-31 05:05:00,2026-07-31 13:05:00,93.668,93.668,93.556,93.596,22.0
2026-07-31 08:10:00,2026-07-31 05:10:00,2026-07-31 13:10:00,93.648,93.661,93.641,93.659,42.0
2026-07-31 08:15:00,2026-07-31 05:15:00,2026-07-31 13:15:00,93.659,93.674,93.659,93.674,15.0
2026-07-31 08:20:00,2026-07-31 05:20:00,2026-07-31 13:20:00,93.674,93.678,93.674,93.677,6.0
2026-07-31 08:25:00,2026-07-31 05:25:00,2026-07-31 13:25:00,93.677,93.687,93.677,93.687,8.0
2026-07-31 08:30:00,2026-07-31 05:30:00,2026-07-31 13:30:00,93.687,93.694,93.685,93.694,8.0
2026-07-31 08:35:00,2026-07-31 05:35:00,2026-07-31 13:35:00,93.684,93.698,93.684,93.698,13.0
2026-07-31 08:40:00,2026-07-31 05:40:00,2026-07-31 13:40:00,93.7,93.72,93.7,93.72,8.0
2026-07-31 08:45:00,2026-07-31 05:45:00,2026-07-31 13:45:00,93.716,93.72,93.7,93.7,45.0
2026-07-31 08:50:00,2026-07-31 05:50:00,2026-07-31 13:50:00,93.714,93.751,93.709,93.751,21.0
2026-07-31 08:55:00,2026-07-31 05:55:00,2026-07-31 13:55:00,93.746,93.767,93.717,93.722,45.0
2026-07-31 09:00:00,2026-07-31 06:00:00,2026-07-31 14:00:00,93.738,93.855,93.725,93.793,923.0
2026-07-31 09:05:00,2026-07-31 06:05:00,2026-07-31 14:05:00,93.77,93.836,93.766,93.829,560.0
2026-07-31 09:10:00,2026-07-31 06:10:00,2026-07-31 14:10:00,93.829,93.881,93.824,93.873,330.0
2026-07-31 09:15:00,2026-07-31 06:15:00,2026-07-31 14:15:00,93.872,93.935,93.853,93.907,461.0
2026-07-31 09:20:00,2026-07-31 06:20:00,2026-07-31 14:20:00,93.911,93.923,93.892,93.9,443.0
2026-07-31 09:25:00,2026-07-31 06:25:00,2026-07-31 14:25:00,93.899,93.915,93.868,93.893,358.0
2026-07-31 09:30:00,2026-07-31 06:30:00,2026-07-31 14:30:00,93.893,93.923,93.889,93.902,408.0
2026-07-31 09:35:00,2026-07-31 06:35:00,2026-07-31 14:35:00,93.904,93.91,93.733,93.794,808.0
2026-07-31 09:40:00,2026-07-31 06:40:00,2026-07-31 14:40:00,93.794,93.908,93.794,93.874,791.0
2026-07-31 09:45:00,2026-07-31 06:45:00,2026-07-31 14:45:00,93.874,93.884,93.838,93.871,542.0
2026-07-31 09:50:00,2026-07-31 06:50:00,2026-07-31 14:50:00,93.87,93.923,93.867,93.909,629.0
2026-07-31 09:55:00,2026-07-31 06:55:00,2026-07-31 14:55:00,93.911,93.919,93.891,93.891,459.0
2026-07-31 10:00:00,2026-07-31 07:00:00,2026-07-31 15:00:00,93.891,93.893,93.85,93.868,696.0
2026-07-31 10:05:00,2026-07-31 07:05:00,2026-07-31 15:05:00,93.869,93.892,93.836,93.892,544.0
2026-07-31 10:10:00,2026-07-31 07:10:00,2026-07-31 15:10:00,93.891,93.94,93.887,93.929,583.0
2026-07-31 10:15:00,2026-07-31 07:15:00,2026-07-31 15:15:00,93.931,93.958,93.909,93.917,643.0
2026-07-31 10:20:00,2026-07-31 07:20:00,2026-07-31 15:20:00,93.917,93.953,93.903,93.951,659.0
2026-07-31 10:25:00,2026-07-31 07:25:00,2026-07-31 15:25:00,93.955,93.985,93.947,93.977,595.0
2026-07-31 10:30:00,2026-07-31 07:30:00,2026-07-31 15:30:00,93.978,94.044,93.968,94.019,695.0
2026-07-31 10:35:00,2026-07-31 07:35:00,2026-07-31 15:35:00,94.02,94.112,94.005,94.097,880.0
2026-07-31 10:40:00,2026-07-31 07:40:00,2026-07-31 15:40:00,94.098,94.131,94.07,94.128,791.0
2026-07-31 10:45:00,2026-07-31 07:45:00,2026-07-31 15:45:00,94.128,94.153,94.109,94.137,612.0
2026-07-31 10:50:00,2026-07-31 07:50:00,2026-07-31 15:50:00,94.134,94.134,94.071,94.11,664.0
2026-07-31 10:55:00,2026-07-31 07:55:00,2026-07-31 15:55:00,94.112,94.126,94.078,94.096,784.0
2026-07-31 11:00:00,2026-07-31 08:00:00,2026-07-31 16:00:00,94.099,94.142,94.076,94.109,1315.0
2026-07-31 11:05:00,2026-07-31 08:05:00,2026-07-31 16:05:00,94.104,94.187,94.104,94.145,1225.0
2026-07-31 11:10:00,2026-07-31 08:10:00,2026-07-31 16:10:00,94.146,94.18,94.116,94.165,1205.0
2026-07-31 11:15:00,2026-07-31 08:15:00,2026-07-31 16:15:00,94.164,94.199,94.128,94.132,1146.0
2026-07-31 11:20:00,2026-07-31 08:20:00,2026-07-31 16:20:00,94.133,94.164,94.121,94.15,1014.0
2026-07-31 11:25:00,2026-07-31 08:25:00,2026-07-31 16:25:00,94.151,94.19,94.14,94.168,925.0
2026-07-31 11:30:00,2026-07-31 08:30:00,2026-07-31 16:30:00,94.166,94.206,94.159,94.19,964.0
2026-07-31 11:35:00,2026-07-31 08:35:00,2026-07-31 16:35:00,94.191,94.26,94.169,94.24,1093.0
2026-07-31 11:40:00,2026-07-31 08:40:00,2026-07-31 16:40:00,94.239,94.264,94.226,94.263,1101.0
2026-07-31 11:45:00,2026-07-31 08:45:00,2026-07-31 16:45:00,94.262,94.287,94.242,94.279,1148.0
2026-07-31 11:50:00,2026-07-31 08:50:00,2026-07-31 16:50:00,94.278,94.328,94.241,94.309,1344.0
2026-07-31 11:55:00,2026-07-31 08:55:00,2026-07-31 16:55:00,94.306,94.306,94.205,94.256,1415.0
2026-07-31 12:00:00,2026-07-31 09:00:00,2026-07-31 17:00:00,94.254,94.316,94.253,94.274,1172.0
2026-07-31 12:05:00,2026-07-31 09:05:00,2026-07-31 17:05:00,94.274,94.274,94.233,94.255,1108.0
2026-07-31 12:10:00,2026-07-31 09:10:00,2026-07-31 17:10:00,94.256,94.269,94.131,94.158,1218.0
2026-07-31 12:15:00,2026-07-31 09:15:00,2026-07-31 17:15:00,94.157,94.185,94.135,94.14,1454.0
2026-07-31 12:20:00,2026-07-31 09:20:00,2026-07-31 17:20:00,94.142,94.161,94.117,94.144,1216.0
2026-07-31 12:25:00,2026-07-31 09:25:00,2026-07-31 17:25:00,94.143,94.153,94.107,94.141,913.0
2026-07-31 12:30:00,2026-07-31 09:30:00,2026-07-31 17:30:00,94.134,94.174,94.121,94.153,949.0
2026-07-31 12:35:00,2026-07-31 09:35:00,2026-07-31 17:35:00,94.155,94.21,94.155,94.19,980.0
2026-07-31 12:40:00,2026-07-31 09:40:00,2026-07-31 17:40:00,94.188,94.199,94.167,94.199,1038.0
2026-07-31 12:45:00,2026-07-31 09:45:00,2026-07-31 17:45:00,94.197,94.207,94.162,94.201,1077.0
2026-07-31 12:50:00,2026-07-31 09:50:00,2026-07-31 17:50:00,94.201,94.243,94.184,94.239,995.0
2026-07-31 12:55:00,2026-07-31 09:55:00,2026-07-31 17:55:00,94.239,94.278,94.231,94.274,892.0
2026-07-31 13:00:00,2026-07-31 10:00:00,2026-07-31 18:00:00,94.267,94.286,94.242,94.254,1020.0
2026-07-31 13:05:00,2026-07-31 10:05:00,2026-07-31 18:05:00,94.255,94.267,94.242,94.262,896.0
2026-07-31 13:10:00,2026-07-31 10:10:00,2026-07-31 18:10:00,94.262,94.273,94.24,94.242,707.0
2026-07-31 13:15:00,2026-07-31 10:15:00,2026-07-31 18:15:00,94.243,94.268,94.231,94.268,595.0
2026-07-31 13:20:00,2026-07-31 10:20:00,2026-07-31 18:20:00,94.268,94.27,94.201,94.258,746.0
2026-07-31 13:25:00,2026-07-31 10:25:00,2026-07-31 18:25:00,94.258,94.277,94.235,94.276,715.0
2026-07-31 13:30:00,2026-07-31 10:30:00,2026-07-31 18:30:00,94.275,94.28,94.218,94.234,635.0
2026-07-31 13:35:00,2026-07-31 10:35:00,2026-07-31 18:35:00,94.237,94.261,94.229,94.253,576.0
2026-07-31 13:40:00,2026-07-31 10:40:00,2026-07-31 18:40:00,94.252,94.303,94.252,94.3,531.0
2026-07-31 13:45:00,2026-07-31 10:45:00,2026-07-31 18:45:00,94.299,94.326,94.275,94.279,607.0
2026-07-31 13:50:00,2026-07-31 10:50:00,2026-07-31 18:50:00,94.279,94.28,94.187,94.214,670.0
2026-07-31 13:55:00,2026-07-31 10:55:00,2026-07-31 18:55:00,94.215,94.248,94.191,94.222,713.0
2026-07-31 14:00:00,2026-07-31 11:00:00,2026-07-31 19:00:00,94.222,94.271,94.185,94.269,721.0
2026-07-31 14:05:00,2026-07-31 11:05:00,2026-07-31 19:05:00,94.27,94.282,94.248,94.281,630.0
2026-07-31 14:10:00,2026-07-31 11:10:00,2026-07-31 19:10:00,94.282,94.402,94.276,94.326,1217.0
2026-07-31 14:15:00,2026-07-31 11:15:00,2026-07-31 19:15:00,94.326,94.385,94.317,94.359,771.0
2026-07-31 14:20:00,2026-07-31 11:20:00,2026-07-31 19:20:00,94.361,94.412,94.358,94.405,723.0
2026-07-31 14:25:00,2026-07-31 11:25:00,2026-07-31 19:25:00,94.406,94.409,94.361,94.386,925.0
2026-07-31 14:30:00,2026-07-31 11:30:00,2026-07-31 19:30:00,94.389,94.403,94.344,94.346,876.0
2026-07-31 14:35:00,2026-07-31 11:35:00,2026-07-31 19:35:00,94.346,94.373,94.301,94.322,868.0
2026-07-31 14:40:00,2026-07-31 11:40:00,2026-07-31 19:40:00,94.319,94.351,94.3,94.305,893.0
2026-07-31 14:45:00,2026-07-31 11:45:00,2026-07-31 19:45:00,94.304,94.306,94.207,94.284,825.0
2026-07-31 14:50:00,2026-07-31 11:50:00,2026-07-31 19:50:00,94.283,94.318,94.27,94.314,899.0
2026-07-31 14:55:00,2026-07-31 11:55:00,2026-07-31 19:55:00,94.314,94.314,94.274,94.288,876.0
2026-07-31 15:00:00,2026-07-31 12:00:00,2026-07-31 20:00:00,94.287,94.295,94.248,94.282,665.0
2026-07-31 15:05:00,2026-07-31 12:05:00,2026-07-31 20:05:00,94.282,94.312,94.273,94.296,618.0
2026-07-31 15:10:00,2026-07-31 12:10:00,2026-07-31 20:10:00,94.297,94.306,94.277,94.303,794.0
2026-07-31 15:15:00,2026-07-31 12:15:00,2026-07-31 20:15:00,94.304,94.335,94.298,94.333,732.0
2026-07-31 15:20:00,2026-07-31 12:20:00,2026-07-31 20:20:00,94.334,94.346,94.31,94.331,742.0
2026-07-31 15:25:00,2026-07-31 12:25:00,2026-07-31 20:25:00,94.334,94.356,94.32,94.34,676.0
2026-07-31 15:30:00,2026-07-31 12:30:00,2026-07-31 20:30:00,94.339,94.341,94.293,94.316,810.0
2026-07-31 15:35:00,2026-07-31 12:35:00,2026-07-31 20:35:00,94.317,94.347,94.315,94.346,715.0
2026-07-31 15:40:00,2026-07-31 12:40:00,2026-07-31 20:40:00,94.345,94.348,94.307,94.32,727.0
2026-07-31 15:45:00,2026-07-31 12:45:00,2026-07-31 20:45:00,94.319,94.354,94.311,94.349,652.0
2026-07-31 15:50:00,2026-07-31 12:50:00,2026-07-31 20:50:00,94.345,94.351,94.271,94.281,578.0
2026-07-31 15:55:00,2026-07-31 12:55:00,2026-07-31 20:55:00,94.281,94.296,94.268,94.276,584.0
2026-07-31 16:00:00,2026-07-31 13:00:00,2026-07-31 21:00:00,94.277,94.285,94.244,94.27,687.0
2026-07-31 16:05:00,2026-07-31 13:05:00,2026-07-31 21:05:00,94.272,94.291,94.246,94.264,672.0
2026-07-31 16:10:00,2026-07-31 13:10:00,2026-07-31 21:10:00,94.263,94.276,94.254,94.268,684.0
2026-07-31 16:15:00,2026-07-31 13:15:00,2026-07-31 21:15:00,94.268,94.271,94.232,94.257,571.0
2026-07-31 16:20:00,2026-07-31 13:20:00,2026-07-31 21:20:00,94.258,94.27,94.228,94.254,688.0
2026-07-31 16:25:00,2026-07-31 13:25:00,2026-07-31 21:25:00,94.253,94.281,94.25,94.276,632.0
2026-07-31 16:30:00,2026-07-31 13:30:00,2026-07-31 21:30:00,94.273,94.279,94.215,94.273,917.0
2026-07-31 16:35:00,2026-07-31 13:35:00,2026-07-31 21:35:00,94.273,94.304,94.249,94.29,811.0
2026-07-31 16:40:00,2026-07-31 13:40:00,2026-07-31 21:40:00,94.291,94.306,94.269,94.278,821.0
2026-07-31 16:45:00,2026-07-31 13:45:00,2026-07-31 21:45:00,94.277,94.277,94.245,94.254,828.0
2026-07-31 16:50:00,2026-07-31 13:50:00,2026-07-31 21:50:00,94.255,94.258,94.221,94.227,709.0
2026-07-31 16:55:00,2026-07-31 13:55:00,2026-07-31 21:55:00,94.226,94.245,94.206,94.23,720.0
2026-07-31 17:00:00,2026-07-31 14:00:00,2026-07-31 22:00:00,94.228,94.236,94.179,94.182,991.0
2026-07-31 17:05:00,2026-07-31 14:05:00,2026-07-31 22:05:00,94.181,94.199,94.117,94.153,1213.0
2026-07-31 17:10:00,2026-07-31 14:10:00,2026-07-31 22:10:00,94.154,94.2,94.148,94.184,927.0
2026-07-31 17:15:00,2026-07-31 14:15:00,2026-07-31 22:15:00,94.184,94.252,94.176,94.243,840.0
2026-07-31 17:20:00,2026-07-31 14:20:00,2026-07-31 22:20:00,94.245,94.278,94.205,94.22,989.0
2026-07-31 17:25:00,2026-07-31 14:25:00,2026-07-31 22:25:00,94.221,94.247,94.171,94.243,1326.0
2026-07-31 17:30:00,2026-07-31 14:30:00,2026-07-31 22:30:00,94.247,94.29,94.24,94.26,1231.0
2026-07-31 17:35:00,2026-07-31 14:35:00,2026-07-31 22:35:00,94.261,94.262,94.151,94.198,1306.0
2026-07-31 17:40:00,2026-07-31 14:40:00,2026-07-31 22:40:00,94.198,94.249,94.187,94.196,1186.0
2026-07-31 17:45:00,2026-07-31 14:45:00,2026-07-31 22:45:00,94.196,94.2,94.092,94.135,1238.0
2026-07-31 17:50:00,2026-07-31 14:50:00,2026-07-31 22:50:00,94.139,94.146,93.962,94.059,1704.0
2026-07-31 17:55:00,2026-07-31 14:55:00,2026-07-31 22:55:00,94.053,94.132,94.04,94.121,1398.0
2026-07-31 18:00:00,2026-07-31 15:00:00,2026-07-31 23:00:00,94.121,94.156,94.086,94.155,1189.0
2026-07-31 18:05:00,2026-07-31 15:05:00,2026-07-31 23:05:00,94.157,94.183,94.148,94.181,1189.0
2026-07-31 18:10:00,2026-07-31 15:10:00,2026-07-31 23:10:00,94.181,94.189,94.135,94.172,1065.0
2026-07-31 18:15:00,2026-07-31 15:15:00,2026-07-31 23:15:00,94.174,94.18,94.1,94.176,1317.0
2026-07-31 18:20:00,2026-07-31 15:20:00,2026-07-31 23:20:00,94.177,94.218,94.165,94.19,1090.0
2026-07-31 18:25:00,2026-07-31 15:25:00,2026-07-31 23:25:00,94.19,94.237,94.188,94.206,1021.0
2026-07-31 18:30:00,2026-07-31 15:30:00,2026-07-31 23:30:00,94.208,94.238,94.201,94.203,945.0
2026-07-31 18:35:00,2026-07-31 15:35:00,2026-07-31 23:35:00,94.202,94.268,94.195,94.257,891.0
2026-07-31 18:40:00,2026-07-31 15:40:00,2026-07-31 23:40:00,94.259,94.341,94.254,94.315,906.0
2026-07-31 18:45:00,2026-07-31 15:45:00,2026-07-31 23:45:00,94.312,94.34,94.206,94.251,1522.0
2026-07-31 18:50:00,2026-07-31 15:50:00,2026-07-31 23:50:00,94.25,94.255,94.13,94.176,1103.0
2026-07-31 18:55:00,2026-07-31 15:55:00,2026-07-31 23:55:00,94.175,94.198,94.083,94.086,1115.0
2026-07-31 19:00:00,2026-07-31 16:00:00,2026-08-01 00:00:00,94.087,94.179,94.083,94.159,1237.0
2026-07-31 19:05:00,2026-07-31 16:05:00,2026-08-01 00:05:00,94.16,94.18,94.135,94.165,1045.0
2026-07-31 19:10:00,2026-07-31 16:10:00,2026-08-01 00:10:00,94.166,94.189,94.111,94.121,1020.0
2026-07-31 19:15:00,2026-07-31 16:15:00,2026-08-01 00:15:00,94.12,94.155,94.112,94.142,1067.0
2026-07-31 19:20:00,2026-07-31 16:20:00,2026-08-01 00:20:00,94.135,94.164,94.084,94.116,1162.0
2026-07-31 19:25:00,2026-07-31 16:25:00,2026-08-01 00:25:00,94.117,94.16,94.082,94.124,1131.0
2026-07-31 19:30:00,2026-07-31 16:30:00,2026-08-01 00:30:00,94.123,94.128,94.046,94.062,1013.0
2026-07-31 19:35:00,2026-07-31 16:35:00,2026-08-01 00:35:00,94.06,94.096,94.012,94.015,1048.0
2026-07-31 19:40:00,2026-07-31 16:40:00,2026-08-01 00:40:00,94.017,94.019,93.96,94.008,1290.0
2026-07-31 19:45:00,2026-07-31 16:45:00,2026-08-01 00:45:00,94.007,94.088,93.992,94.063,1059.0
2026-07-31 19:50:00,2026-07-31 16:50:00,2026-08-01 00:50:00,94.064,94.122,94.061,94.12,946.0
2026-07-31 19:55:00,2026-07-31 16:55:00,2026-08-01 00:55:00,94.119,94.134,93.33,93.523,2304.0
2026-07-31 20:00:00,2026-07-31 17:00:00,2026-08-01 01:00:00,93.521,93.625,93.339,93.58,2332.0
2026-07-31 20:05:00,2026-07-31 17:05:00,2026-08-01 01:05:00,93.57,93.702,93.389,93.696,2174.0
2026-07-31 20:10:00,2026-07-31 17:10:00,2026-08-01 01:10:00,93.702,93.872,93.667,93.832,1826.0
2026-07-31 20:15:00,2026-07-31 17:15:00,2026-08-01 01:15:00,93.833,93.843,93.784,93.788,1453.0
2026-07-31 20:20:00,2026-07-31 17:20:00,2026-08-01 01:20:00,93.791,93.918,93.789,93.912,1384.0
2026-07-31 20:25:00,2026-07-31 17:25:00,2026-08-01 01:25:00,93.912,93.945,93.886,93.942,1381.0
2026-07-31 20:30:00,2026-07-31 17:30:00,2026-08-01 01:30:00,93.943,93.965,93.719,93.868,1309.0
2026-07-31 20:35:00,2026-07-31 17:35:00,2026-08-01 01:35:00,93.867,93.925,93.851,93.901,1150.0
2026-07-31 20:40:00,2026-07-31 17:40:00,2026-08-01 01:40:00,93.901,93.921,93.866,93.87,1006.0
2026-07-31 20:45:00,2026-07-31 17:45:00,2026-08-01 01:45:00,93.865,93.94,93.861,93.923,1015.0
2026-07-31 20:50:00,2026-07-31 17:50:00,2026-08-01 01:50:00,93.917,93.967,93.917,93.964,798.0
2026-07-31 20:55:00,2026-07-31 17:55:00,2026-08-01 01:55:00,93.965,94.043,93.962,94.018,965.0
2026-07-31 21:00:00,2026-07-31 18:00:00,2026-08-01 02:00:00,94.016,94.029,93.953,94.02,970.0
2026-07-31 21:05:00,2026-07-31 18:05:00,2026-08-01 02:05:00,94.019,94.02,93.939,93.955,886.0
2026-07-31 21:10:00,2026-07-31 18:10:00,2026-08-01 02:10:00,93.953,93.973,93.947,93.97,642.0
2026-07-31 21:15:00,2026-07-31 18:15:00,2026-08-01 02:15:00,93.971,94.074,93.968,94.044,809.0
2026-07-31 21:20:00,2026-07-31 18:20:00,2026-08-01 02:20:00,94.042,94.057,93.998,93.998,714.0
2026-07-31 21:25:00,2026-07-31 18:25:00,2026-08-01 02:25:00,93.999,94.023,93.963,93.979,867.0
2026-07-31 21:30:00,2026-07-31 18:30:00,2026-08-01 02:30:00,93.972,94.011,93.952,93.989,851.0
2026-07-31 21:35:00,2026-07-31 18:35:00,2026-08-01 02:35:00,93.989,94.005,93.974,93.988,797.0
2026-07-31 21:40:00,2026-07-31 18:40:00,2026-08-01 02:40:00,93.993,94.01,93.958,94.009,759.0
2026-07-31 21:45:00,2026-07-31 18:45:00,2026-08-01 02:45:00,94.009,94.027,93.981,93.984,652.0
2026-07-31 21:50:00,2026-07-31 18:50:00,2026-08-01 02:50:00,93.984,94.003,93.958,93.958,629.0
2026-07-31 21:55:00,2026-07-31 18:55:00,2026-08-01 02:55:00,93.958,93.984,93.949,93.955,654.0
2026-07-31 22:00:00,2026-07-31 19:00:00,2026-08-01 03:00:00,93.958,94.0,93.951,93.984,852.0
2026-07-31 22:05:00,2026-07-31 19:05:00,2026-08-01 03:05:00,93.985,94.005,93.983,93.99,609.0
2026-07-31 22:10:00,2026-07-31 19:10:00,2026-08-01 03:10:00,93.991,93.996,93.96,93.966,499.0
2026-07-31 22:15:00,2026-07-31 19:15:00,2026-08-01 03:15:00,93.968,93.969,93.921,93.963,908.0
2026-07-31 22:20:00,2026-07-31 19:20:00,2026-08-01 03:20:00,93.958,93.979,93.945,93.955,716.0
2026-07-31 22:25:00,2026-07-31 19:25:00,2026-08-01 03:25:00,93.957,93.964,93.917,93.937,761.0
2026-07-31 22:30:00,2026-07-31 19:30:00,2026-08-01 03:30:00,93.938,93.956,93.913,93.941,882.0
2026-07-31 22:35:00,2026-07-31 19:35:00,2026-08-01 03:35:00,93.947,93.951,93.889,93.896,740.0
2026-07-31 22:40:00,2026-07-31 19:40:00,2026-08-01 03:40:00,93.898,93.936,93.894,93.929,863.0
2026-07-31 22:45:00,2026-07-31 19:45:00,2026-08-01 03:45:00,93.93,93.933,93.902,93.912,826.0
2026-07-31 22:50:00,2026-07-31 19:50:00,2026-08-01 03:50:00,93.913,93.946,93.903,93.917,744.0
2026-07-31 22:55:00,2026-07-31 19:55:00,2026-08-01 03:55:00,93.916,93.916,93.887,93.906,637.0
2026-07-31 23:00:00,2026-07-31 20:00:00,2026-08-01 04:00:00,93.909,93.924,93.89,93.913,740.0
2026-07-31 23:05:00,2026-07-31 20:05:00,2026-08-01 04:05:00,93.914,93.953,93.91,93.943,809.0
2026-07-31 23:10:00,2026-07-31 20:10:00,2026-08-01 04:10:00,93.943,93.951,93.914,93.946,709.0
2026-07-31 23:15:00,2026-07-31 20:15:00,2026-08-01 04:15:00,93.946,93.985,93.921,93.98,892.0
2026-07-31 23:20:00,2026-07-31 20:20:00,2026-08-01 04:20:00,93.981,93.982,93.937,93.979,1019.0
2026-07-31 23:25:00,2026-07-31 20:25:00,2026-08-01 04:25:00,93.979,93.993,93.955,93.97,603.0
2026-07-31 23:30:00,2026-07-31 20:30:00,2026-08-01 04:30:00,93.97,93.977,93.908,93.927,794.0
2026-07-31 23:35:00,2026-07-31 20:35:00,2026-08-01 04:35:00,93.927,93.945,93.912,93.93,768.0
2026-07-31 23:40:00,2026-07-31 20:40:00,2026-08-01 04:40:00,93.931,93.958,93.925,93.956,744.0
2026-07-31 23:45:00,2026-07-31 20:45:00,2026-08-01 04:45:00,93.956,93.979,93.953,93.972,832.0
2026-07-31 23:50:00,2026-07-31 20:50:00,2026-08-01 04:50:00,93.971,93.992,93.958,93.975,894.0
2026-07-31 23:55:00,2026-07-31 20:55:00,2026-08-01 04:55:00,93.975,93.992,93.93,93.947,815.0
2026-08-01 00:00:00,2026-07-31 21:00:00,2026-08-01 05:00:00,93.947,93.96,93.925,93.953,883.0
2026-08-01 00:05:00,2026-07-31 21:05:00,2026-08-01 05:05:00,93.954,93.99,93.952,93.977,810.0
2026-08-01 00:10:00,2026-07-31 21:10:00,2026-08-01 05:10:00,93.976,93.998,93.975,93.992,717.0
2026-08-01 00:15:00,2026-07-31 21:15:00,2026-08-01 05:15:00,93.994,94.034,93.994,94.025,849.0
2026-08-01 00:20:00,2026-07-31 21:20:00,2026-08-01 05:20:00,94.025,94.025,93.587,93.624,1746.0
2026-08-01 00:25:00,2026-07-31 21:25:00,2026-08-01 05:25:00,93.625,93.784,93.609,93.66,1941.0
2026-08-01 00:30:00,2026-07-31 21:30:00,2026-08-01 05:30:00,93.659,93.685,93.393,93.46,1916.0
2026-08-01 00:35:00,2026-07-31 21:35:00,2026-08-01 05:35:00,93.458,93.567,93.377,93.406,1833.0
2026-08-01 00:40:00,2026-07-31 21:40:00,2026-08-01 05:40:00,93.403,93.56,93.353,93.539,1636.0
2026-08-01 00:45:00,2026-07-31 21:45:00,2026-08-01 05:45:00,93.536,93.676,93.423,93.468,1693.0
2026-08-01 00:50:00,2026-07-31 21:50:00,2026-08-01 05:50:00,93.466,93.53,93.369,93.377,1575.0
2026-08-01 00:55:00,2026-07-31 21:55:00,2026-08-01 05:55:00,93.378,93.444,93.355,93.365,1281.0
2026-08-01 01:00:00,2026-07-31 22:00:00,2026-08-01 06:00:00,93.366,93.383,93.048,93.232,1969.0
2026-08-01 01:05:00,2026-07-31 22:05:00,2026-08-01 06:05:00,93.231,93.257,93.124,93.169,1676.0
2026-08-01 01:10:00,2026-07-31 22:10:00,2026-08-01 06:10:00,93.171,93.298,93.134,93.293,1630.0
2026-08-01 01:15:00,2026-07-31 22:15:00,2026-08-01 06:15:00,93.294,93.388,93.239,93.264,1582.0
2026-08-01 01:20:00,2026-07-31 22:20:00,2026-08-01 06:20:00,93.267,93.329,93.255,93.289,1434.0
2026-08-01 01:25:00,2026-07-31 22:25:00,2026-08-01 06:25:00,93.292,93.346,93.269,93.333,1566.0
2026-08-01 01:30:00,2026-07-31 22:30:00,2026-08-01 06:30:00,93.334,93.447,93.334,93.427,1355.0
2026-08-01 01:35:00,2026-07-31 22:35:00,2026-08-01 06:35:00,93.425,93.593,93.415,93.541,1382.0
2026-08-01 01:40:00,2026-07-31 22:40:00,2026-08-01 06:40:00,93.541,93.602,93.525,93.565,1221.0
2026-08-01 01:45:00,2026-07-31 22:45:00,2026-08-01 06:45:00,93.566,93.702,93.566,93.683,1285.0
2026-08-01 01:50:00,2026-07-31 22:50:00,2026-08-01 06:50:00,93.682,93.707,93.588,93.588,1524.0
2026-08-01 01:55:00,2026-07-31 22:55:00,2026-08-01 06:55:00,93.592,93.616,93.499,93.558,1651.0
2026-08-01 02:00:00,2026-07-31 23:00:00,2026-08-01 07:00:00,93.557,93.557,93.432,93.537,1591.0
2026-08-01 02:05:00,2026-07-31 23:05:00,2026-08-01 07:05:00,93.535,93.544,93.324,93.492,1621.0
2026-08-01 02:10:00,2026-07-31 23:10:00,2026-08-01 07:10:00,93.492,93.543,93.445,93.504,1413.0
2026-08-01 02:15:00,2026-07-31 23:15:00,2026-08-01 07:15:00,93.505,93.532,93.436,93.517,1415.0
2026-08-01 02:20:00,2026-07-31 23:20:00,2026-08-01 07:20:00,93.517,93.564,93.499,93.549,1367.0
2026-08-01 02:25:00,2026-07-31 23:25:00,2026-08-01 07:25:00,93.549,93.58,93.522,93.572,1275.0
2026-08-01 02:30:00,2026-07-31 23:30:00,2026-08-01 07:30:00,93.571,93.6,93.539,93.541,1216.0
2026-08-01 02:35:00,2026-07-31 23:35:00,2026-08-01 07:35:00,93.539,93.591,93.528,93.549,1275.0
2026-08-01 02:40:00,2026-07-31 23:40:00,2026-08-01 07:40:00,93.549,93.583,93.546,93.575,1040.0
2026-08-01 02:45:00,2026-07-31 23:45:00,2026-08-01 07:45:00,93.576,93.591,93.55,93.564,977.0
2026-08-01 02:50:00,2026-07-31 23:50:00,2026-08-01 07:50:00,93.563,93.579,93.504,93.545,1068.0
2026-08-01 02:55:00,2026-07-31 23:55:00,2026-08-01 07:55:00,93.549,93.568,93.518,93.537,957.0
2026-08-01 03:00:00,2026-08-01 00:00:00,2026-08-01 08:00:00,93.536,93.568,93.518,93.565,890.0
2026-08-01 03:05:00,2026-08-01 00:05:00,2026-08-01 08:05:00,93.564,93.596,93.56,93.595,814.0
2026-08-01 03:10:00,2026-08-01 00:10:00,2026-08-01 08:10:00,93.594,93.604,93.571,93.587,900.0
2026-08-01 03:15:00,2026-08-01 00:15:00,2026-08-01 08:15:00,93.587,93.601,93.569,93.575,870.0
2026-08-01 03:20:00,2026-08-01 00:20:00,2026-08-01 08:20:00,93.573,93.594,93.562,93.579,927.0
2026-08-01 03:25:00,2026-08-01 00:25:00,2026-08-01 08:25:00,93.579,93.587,93.559,93.581,839.0
2026-08-01 03:30:00,2026-08-01 00:30:00,2026-08-01 08:30:00,93.58,93.606,93.56,93.597,724.0
2026-08-01 03:35:00,2026-08-01 00:35:00,2026-08-01 08:35:00,93.595,93.617,93.583,93.613,692.0
2026-08-01 03:40:00,2026-08-01 00:40:00,2026-08-01 08:40:00,93.614,93.621,93.596,93.619,634.0
2026-08-01 03:45:00,2026-08-01 00:45:00,2026-08-01 08:45:00,93.618,93.634,93.611,93.634,665.0
2026-08-01 03:50:00,2026-08-01 00:50:00,2026-08-01 08:50:00,93.634,93.635,93.616,93.62,716.0
2026-08-01 03:55:00,2026-08-01 00:55:00,2026-08-01 08:55:00,93.619,93.683,93.618,93.679,697.0
2026-08-01 04:00:00,2026-08-01 01:00:00,2026-08-01 09:00:00,93.679,93.758,93.653,93.75,811.0
2026-08-01 04:05:00,2026-08-01 01:05:00,2026-08-01 09:05:00,93.749,93.786,93.738,93.785,776.0
2026-08-01 04:10:00,2026-08-01 01:10:00,2026-08-01 09:10:00,93.786,93.789,93.764,93.779,687.0
2026-08-01 04:15:00,2026-08-01 01:15:00,2026-08-01 09:15:00,93.777,93.816,93.777,93.789,591.0
2026-08-01 04:20:00,2026-08-01 01:20:00,2026-08-01 09:20:00,93.786,93.829,93.612,93.693,631.0
2026-08-01 04:25:00,2026-08-01 01:25:00,2026-08-01 09:25:00,93.695,93.794,93.417,93.425,1698.0
2026-08-01 04:30:00,2026-08-01 01:30:00,2026-08-01 09:30:00,93.41,93.459,93.343,93.36,1883.0
2026-08-01 04:35:00,2026-08-01 01:35:00,2026-08-01 09:35:00,93.359,93.359,93.228,93.232,1746.0
2026-08-01 04:40:00,2026-08-01 01:40:00,2026-08-01 09:40:00,93.227,93.273,93.162,93.183,1729.0
2026-08-01 04:45:00,2026-08-01 01:45:00,2026-08-01 09:45:00,93.184,93.554,93.183,93.262,1898.0
2026-08-01 04:50:00,2026-08-01 01:50:00,2026-08-01 09:50:00,93.261,93.301,93.154,93.181,1909.0
2026-08-01 04:55:00,2026-08-01 01:55:00,2026-08-01 09:55:00,93.179,93.332,93.159,93.311,1584.0
2026-08-01 05:00:00,2026-08-01 02:00:00,2026-08-01 10:00:00,93.312,93.43,93.231,93.345,1595.0
2026-08-01 05:05:00,2026-08-01 02:05:00,2026-08-01 10:05:00,93.345,93.49,93.312,93.397,1638.0
2026-08-01 05:10:00,2026-08-01 02:10:00,2026-08-01 10:10:00,93.403,93.436,93.36,93.421,974.0
2026-08-01 05:15:00,2026-08-01 02:15:00,2026-08-01 10:15:00,93.421,93.455,93.418,93.441,798.0
2026-08-01 05:20:00,2026-08-01 02:20:00,2026-08-01 10:20:00,93.441,93.455,93.38,93.441,842.0
2026-08-01 05:25:00,2026-08-01 02:25:00,2026-08-01 10:25:00,93.44,93.518,93.432,93.497,825.0
2026-08-01 05:30:00,2026-08-01 02:30:00,2026-08-01 10:30:00,93.497,93.522,93.48,93.509,832.0
2026-08-01 05:35:00,2026-08-01 02:35:00,2026-08-01 10:35:00,93.51,93.54,93.476,93.514,707.0
2026-08-01 05:40:00,2026-08-01 02:40:00,2026-08-01 10:40:00,93.514,93.559,93.506,93.554,645.0
2026-08-01 05:45:00,2026-08-01 02:45:00,2026-08-01 10:45:00,93.555,93.665,93.549,93.625,745.0
2026-08-01 05:50:00,2026-08-01 02:50:00,2026-08-01 10:50:00,93.624,93.646,93.603,93.619,708.0
2026-08-01 05:55:00,2026-08-01 02:55:00,2026-08-01 10:55:00,93.619,93.672,93.572,93.578,964.0
2026-08-01 06:00:00,2026-08-01 03:00:00,2026-08-01 11:00:00,93.58,93.62,93.564,93.587,665.0
2026-08-01 06:05:00,2026-08-01 03:05:00,2026-08-01 11:05:00,93.59,93.657,93.588,93.657,461.0
2026-08-01 06:10:00,2026-08-01 03:10:00,2026-08-01 11:10:00,93.655,93.661,93.631,93.659,353.0
2026-08-01 06:15:00,2026-08-01 03:15:00,2026-08-01 11:15:00,93.658,93.68,93.652,93.671,347.0
2026-08-01 06:20:00,2026-08-01 03:20:00,2026-08-01 11:20:00,93.672,93.71,93.668,93.689,390.0
2026-08-01 06:25:00,2026-08-01 03:25:00,2026-08-01 11:25:00,93.693,93.698,93.667,93.683,385.0
2026-08-01 06:30:00,2026-08-01 03:30:00,2026-08-01 11:30:00,93.684,93.707,93.672,93.692,583.0
2026-08-01 06:35:00,2026-08-01 03:35:00,2026-08-01 11:35:00,93.691,93.767,93.691,93.752,616.0
2026-08-01 06:40:00,2026-08-01 03:40:00,2026-08-01 11:40:00,93.753,93.755,93.699,93.73,737.0
2026-08-01 06:45:00,2026-08-01 03:45:00,2026-08-01 11:45:00,93.729,93.752,93.706,93.727,694.0
2026-08-01 06:50:00,2026-08-01 03:50:00,2026-08-01 11:50:00,93.726,93.738,93.679,93.734,837.0
2026-08-01 06:55:00,2026-08-01 03:55:00,2026-08-01 11:55:00,93.73,93.763,93.688,93.758,1049.0
2026-08-01 07:00:00,2026-08-01 04:00:00,2026-08-01 12:00:00,93.759,93.767,93.726,93.743,847.0
2026-08-01 07:05:00,2026-08-01 04:05:00,2026-08-01 12:05:00,93.724,93.738,93.52,93.52,780.0
2026-08-01 07:10:00,2026-08-01 04:10:00,2026-08-01 12:10:00,93.522,93.608,93.357,93.378,1028.0
2026-08-01 07:15:00,2026-08-01 04:15:00,2026-08-01 12:15:00,93.378,93.454,93.159,93.17,1846.0
2026-08-01 07:20:00,2026-08-01 04:20:00,2026-08-01 12:20:00,93.171,93.275,93.116,93.122,1730.0
2026-08-01 07:25:00,2026-08-01 04:25:00,2026-08-01 12:25:00,93.124,93.361,93.091,93.1,1630.0
2026-08-01 07:30:00,2026-08-01 04:30:00,2026-08-01 12:30:00,93.095,93.188,93.06,93.063,1533.0
2026-08-01 07:35:00,2026-08-01 04:35:00,2026-08-01 12:35:00,93.064,93.132,92.972,92.978,1601.0
2026-08-01 07:40:00,2026-08-01 04:40:00,2026-08-01 12:40:00,92.97,93.034,92.892,92.901,1368.0
2026-08-01 07:45:00,2026-08-01 04:45:00,2026-08-01 12:45:00,92.899,92.97,92.865,92.934,1594.0
2026-08-01 07:50:00,2026-08-01 04:50:00,2026-08-01 12:50:00,92.933,93.034,92.832,92.899,1715.0
2026-08-03 08:05:00,2026-08-03 05:05:00,2026-08-03 13:05:00,92.696,92.867,92.67,92.829,381.0
2026-08-03 08:10:00,2026-08-03 05:10:00,2026-08-03 13:10:00,92.832,92.912,92.808,92.901,284.0
2026-08-03 08:15:00,2026-08-03 05:15:00,2026-08-03 13:15:00,92.901,92.967,92.817,92.913,347.0
2026-08-03 08:20:00,2026-08-03 05:20:00,2026-08-03 13:20:00,92.907,92.916,92.756,92.862,419.0
2026-08-03 08:25:00,2026-08-03 05:25:00,2026-08-03 13:25:00,92.858,92.867,92.707,92.791,130.0
2026-08-03 08:30:00,2026-08-03 05:30:00,2026-08-03 13:30:00,92.79,92.809,92.753,92.8,108.0
2026-08-03 08:35:00,2026-08-03 05:35:00,2026-08-03 13:35:00,92.799,92.836,92.723,92.788,279.0
2026-08-03 08:40:00,2026-08-03 05:40:00,2026-08-03 13:40:00,92.784,92.821,92.783,92.794,165.0
2026-08-03 08:45:00,2026-08-03 05:45:00,2026-08-03 13:45:00,92.789,92.823,92.779,92.82,196.0
2026-08-03 08:50:00,2026-08-03 05:50:00,2026-08-03 13:50:00,92.817,92.841,92.757,92.789,362.0
2026-08-03 08:55:00,2026-08-03 05:55:00,2026-08-03 13:55:00,92.788,92.802,92.771,92.774,356.0
2026-08-03 09:00:00,2026-08-03 06:00:00,2026-08-03 14:00:00,92.82,92.858,92.673,92.769,1281.0
2026-08-03 09:05:00,2026-08-03 06:05:00,2026-08-03 14:05:00,92.775,92.775,92.638,92.638,762.0
2026-08-03 09:10:00,2026-08-03 06:10:00,2026-08-03 14:10:00,92.64,92.699,92.64,92.683,946.0
2026-08-03 09:15:00,2026-08-03 06:15:00,2026-08-03 14:15:00,92.682,92.801,92.653,92.774,1019.0
2026-08-03 09:20:00,2026-08-03 06:20:00,2026-08-03 14:20:00,92.777,92.882,92.774,92.866,913.0
2026-08-03 09:25:00,2026-08-03 06:25:00,2026-08-03 14:25:00,92.865,92.916,92.805,92.805,904.0
2026-08-03 09:30:00,2026-08-03 06:30:00,2026-08-03 14:30:00,92.8,92.856,92.795,92.821,964.0
2026-08-03 09:35:00,2026-08-03 06:35:00,2026-08-03 14:35:00,92.827,92.858,92.778,92.778,750.0
2026-08-03 09:40:00,2026-08-03 06:40:00,2026-08-03 14:40:00,92.778,92.78,92.725,92.755,808.0
2026-08-03 09:45:00,2026-08-03 06:45:00,2026-08-03 14:45:00,92.753,92.783,92.713,92.72,805.0
2026-08-03 09:50:00,2026-08-03 06:50:00,2026-08-03 14:50:00,92.719,92.758,92.703,92.715,757.0
2026-08-03 09:55:00,2026-08-03 06:55:00,2026-08-03 14:55:00,92.714,92.794,92.703,92.782,649.0
2026-08-03 10:00:00,2026-08-03 07:00:00,2026-08-03 15:00:00,92.786,92.788,92.638,92.664,1013.0
2026-08-03 10:05:00,2026-08-03 07:05:00,2026-08-03 15:05:00,92.669,92.809,92.669,92.808,901.0
2026-08-03 10:10:00,2026-08-03 07:10:00,2026-08-03 15:10:00,92.807,92.94,92.794,92.912,943.0
2026-08-03 10:15:00,2026-08-03 07:15:00,2026-08-03 15:15:00,92.91,93.013,92.898,93.012,837.0
2026-08-03 10:20:00,2026-08-03 07:20:00,2026-08-03 15:20:00,93.011,93.067,92.997,93.064,837.0
2026-08-03 10:25:00,2026-08-03 07:25:00,2026-08-03 15:25:00,93.063,93.064,92.959,93.005,821.0
2026-08-03 10:30:00,2026-08-03 07:30:00,2026-08-03 15:30:00,93.005,93.042,92.96,93.039,890.0
2026-08-03 10:35:00,2026-08-03 07:35:00,2026-08-03 15:35:00,93.04,93.05,93.01,93.043,602.0
2026-08-03 10:40:00,2026-08-03 07:40:00,2026-08-03 15:40:00,93.042,93.091,93.037,93.087,564.0
2026-08-03 10:45:00,2026-08-03 07:45:00,2026-08-03 15:45:00,93.087,93.096,93.011,93.03,799.0
2026-08-03 10:50:00,2026-08-03 07:50:00,2026-08-03 15:50:00,93.028,93.042,92.987,92.989,701.0
2026-08-03 10:55:00,2026-08-03 07:55:00,2026-08-03 15:55:00,92.988,92.989,92.924,92.931,807.0
2026-08-03 11:00:00,2026-08-03 08:00:00,2026-08-03 16:00:00,92.927,93.014,92.922,92.956,1285.0
2026-08-03 11:05:00,2026-08-03 08:05:00,2026-08-03 16:05:00,92.955,93.04,92.95,93.015,1065.0
2026-08-03 11:10:00,2026-08-03 08:10:00,2026-08-03 16:10:00,93.017,93.073,92.991,93.063,993.0
2026-08-03 11:15:00,2026-08-03 08:15:00,2026-08-03 16:15:00,93.064,93.097,92.952,93.022,1021.0
2026-08-03 11:20:00,2026-08-03 08:20:00,2026-08-03 16:20:00,93.022,93.049,93.013,93.033,813.0
2026-08-03 11:25:00,2026-08-03 08:25:00,2026-08-03 16:25:00,93.033,93.044,92.394,92.452,1422.0
2026-08-03 11:30:00,2026-08-03 08:30:00,2026-08-03 16:30:00,92.455,92.481,92.227,92.231,2046.0
2026-08-03 11:35:00,2026-08-03 08:35:00,2026-08-03 16:35:00,92.233,92.317,92.068,92.068,2011.0
2026-08-03 11:40:00,2026-08-03 08:40:00,2026-08-03 16:40:00,92.067,92.07,91.769,91.814,1829.0
2026-08-03 11:45:00,2026-08-03 08:45:00,2026-08-03 16:45:00,91.815,92.034,91.676,91.932,2072.0
2026-08-03 11:50:00,2026-08-03 08:50:00,2026-08-03 16:50:00,91.934,91.998,91.662,91.852,2034.0
2026-08-03 11:55:00,2026-08-03 08:55:00,2026-08-03 16:55:00,91.853,92.102,91.832,92.081,1935.0
2026-08-03 12:00:00,2026-08-03 09:00:00,2026-08-03 17:00:00,92.086,92.203,91.698,92.177,2106.0
2026-08-03 12:05:00,2026-08-03 09:05:00,2026-08-03 17:05:00,92.174,92.222,92.028,92.089,1678.0
2026-08-03 12:10:00,2026-08-03 09:10:00,2026-08-03 17:10:00,92.088,92.122,91.916,91.999,1584.0
2026-08-03 12:15:00,2026-08-03 09:15:00,2026-08-03 17:15:00,91.998,92.092,91.957,92.02,1505.0
2026-08-03 12:20:00,2026-08-03 09:20:00,2026-08-03 17:20:00,92.02,92.078,91.999,92.038,1347.0
2026-08-03 12:25:00,2026-08-03 09:25:00,2026-08-03 17:25:00,92.037,92.117,91.962,92.052,1184.0
2026-08-03 12:30:00,2026-08-03 09:30:00,2026-08-03 17:30:00,92.052,92.094,92.004,92.07,1244.0
2026-08-03 12:35:00,2026-08-03 09:35:00,2026-08-03 17:35:00,92.062,92.137,92.023,92.136,1294.0
2026-08-03 12:40:00,2026-08-03 09:40:00,2026-08-03 17:40:00,92.137,92.155,92.09,92.118,994.0
2026-08-03 12:45:00,2026-08-03 09:45:00,2026-08-03 17:45:00,92.119,92.133,92.052,92.109,1016.0
2026-08-03 12:50:00,2026-08-03 09:50:00,2026-08-03 17:50:00,92.104,92.129,92.076,92.1,833.0
2026-08-03 12:55:00,2026-08-03 09:55:00,2026-08-03 17:55:00,92.098,92.131,92.082,92.122,806.0
2026-08-03 13:00:00,2026-08-03 10:00:00,2026-08-03 18:00:00,92.125,92.19,92.123,92.169,852.0
2026-08-03 13:05:00,2026-08-03 10:05:00,2026-08-03 18:05:00,92.173,92.235,92.17,92.23,827.0
2026-08-03 13:10:00,2026-08-03 10:10:00,2026-08-03 18:10:00,92.229,92.251,92.159,92.159,724.0
2026-08-03 13:15:00,2026-08-03 10:15:00,2026-08-03 18:15:00,92.162,92.169,92.098,92.15,758.0
2026-08-03 13:20:00,2026-08-03 10:20:00,2026-08-03 18:20:00,92.15,92.178,92.125,92.141,753.0
2026-08-03 13:25:00,2026-08-03 10:25:00,2026-08-03 18:25:00,92.14,92.178,92.116,92.139,921.0
2026-08-03 13:30:00,2026-08-03 10:30:00,2026-08-03 18:30:00,92.14,92.161,92.12,92.148,884.0
2026-08-03 13:35:00,2026-08-03 10:35:00,2026-08-03 18:35:00,92.146,92.165,92.08,92.085,998.0
2026-08-03 13:40:00,2026-08-03 10:40:00,2026-08-03 18:40:00,92.085,92.129,92.032,92.118,881.0
2026-08-03 13:45:00,2026-08-03 10:45:00,2026-08-03 18:45:00,92.119,92.163,92.112,92.154,664.0
2026-08-03 13:50:00,2026-08-03 10:50:00,2026-08-03 18:50:00,92.156,92.173,92.144,92.144,596.0
2026-08-03 13:55:00,2026-08-03 10:55:00,2026-08-03 18:55:00,92.145,92.158,92.11,92.139,728.0
2026-08-03 14:00:00,2026-08-03 11:00:00,2026-08-03 19:00:00,92.141,92.187,92.137,92.187,612.0
2026-08-03 14:05:00,2026-08-03 11:05:00,2026-08-03 19:05:00,92.187,92.198,92.146,92.155,650.0
2026-08-03 14:10:00,2026-08-03 11:10:00,2026-08-03 19:10:00,92.152,92.192,92.125,92.153,704.0
2026-08-03 14:15:00,2026-08-03 11:15:00,2026-08-03 19:15:00,92.152,92.162,92.098,92.1,669.0
2026-08-03 14:20:00,2026-08-03 11:20:00,2026-08-03 19:20:00,92.099,92.117,92.081,92.104,846.0
2026-08-03 14:25:00,2026-08-03 11:25:00,2026-08-03 19:25:00,92.103,92.121,92.1,92.114,640.0
2026-08-03 14:30:00,2026-08-03 11:30:00,2026-08-03 19:30:00,92.113,92.132,92.078,92.087,605.0
2026-08-03 14:35:00,2026-08-03 11:35:00,2026-08-03 19:35:00,92.087,92.089,91.966,92.057,768.0
2026-08-03 14:40:00,2026-08-03 11:40:00,2026-08-03 19:40:00,92.058,92.071,92.003,92.025,576.0
2026-08-03 14:45:00,2026-08-03 11:45:00,2026-08-03 19:45:00,92.025,92.061,92.017,92.017,556.0
2026-08-03 14:50:00,2026-08-03 11:50:00,2026-08-03 19:50:00,92.016,92.057,92.016,92.05,589.0
2026-08-03 14:55:00,2026-08-03 11:55:00,2026-08-03 19:55:00,92.051,92.052,92.012,92.019,421.0
2026-08-03 15:00:00,2026-08-03 12:00:00,2026-08-03 20:00:00,92.018,92.018,91.98,91.984,638.0
2026-08-03 15:05:00,2026-08-03 12:05:00,2026-08-03 20:05:00,91.986,91.988,91.944,91.945,622.0
2026-08-03 15:10:00,2026-08-03 12:10:00,2026-08-03 20:10:00,91.945,92.032,91.945,91.985,582.0
2026-08-03 15:15:00,2026-08-03 12:15:00,2026-08-03 20:15:00,91.985,92.013,91.97,92.009,610.0
2026-08-03 15:20:00,2026-08-03 12:20:00,2026-08-03 20:20:00,92.009,92.039,92.001,92.029,546.0
2026-08-03 15:25:00,2026-08-03 12:25:00,2026-08-03 20:25:00,92.029,92.044,92.024,92.025,572.0
2026-08-03 15:30:00,2026-08-03 12:30:00,2026-08-03 20:30:00,92.024,92.042,92.008,92.037,502.0
2026-08-03 15:35:00,2026-08-03 12:35:00,2026-08-03 20:35:00,92.038,92.045,91.943,91.956,664.0
2026-08-03 15:40:00,2026-08-03 12:40:00,2026-08-03 20:40:00,91.955,92.014,91.955,91.988,561.0
2026-08-03 15:45:00,2026-08-03 12:45:00,2026-08-03 20:45:00,91.989,92.028,91.974,92.02,571.0
2026-08-03 15:50:00,2026-08-03 12:50:00,2026-08-03 20:50:00,92.021,92.046,92.011,92.033,479.0
2026-08-03 15:55:00,2026-08-03 12:55:00,2026-08-03 20:55:00,92.032,92.04,91.99,92.002,633.0
2026-08-03 16:00:00,2026-08-03 13:00:00,2026-08-03 21:00:00,92.003,92.017,91.963,91.987,686.0
2026-08-03 16:05:00,2026-08-03 13:05:00,2026-08-03 21:05:00,91.974,91.989,91.955,91.989,597.0
2026-08-03 16:10:00,2026-08-03 13:10:00,2026-08-03 21:10:00,91.989,92.022,91.989,91.995,558.0
2026-08-03 16:15:00,2026-08-03 13:15:00,2026-08-03 21:15:00,91.994,92.006,91.95,91.997,545.0
2026-08-03 16:20:00,2026-08-03 13:20:00,2026-08-03 21:20:00,91.998,92.027,91.996,92.022,473.0
2026-08-03 16:25:00,2026-08-03 13:25:00,2026-08-03 21:25:00,92.023,92.029,92.008,92.016,527.0
2026-08-03 16:30:00,2026-08-03 13:30:00,2026-08-03 21:30:00,92.016,92.038,91.992,92.003,581.0
2026-08-03 16:35:00,2026-08-03 13:35:00,2026-08-03 21:35:00,92.003,92.026,92.003,92.024,465.0
2026-08-03 16:40:00,2026-08-03 13:40:00,2026-08-03 21:40:00,92.024,92.033,92.001,92.01,568.0
2026-08-03 16:45:00,2026-08-03 13:45:00,2026-08-03 21:45:00,92.011,92.044,92.0,92.001,523.0
2026-08-03 16:50:00,2026-08-03 13:50:00,2026-08-03 21:50:00,92.004,92.032,92.002,92.027,462.0
2026-08-03 16:55:00,2026-08-03 13:55:00,2026-08-03 21:55:00,92.029,92.037,92.019,92.031,598.0
2026-08-03 17:00:00,2026-08-03 14:00:00,2026-08-03 22:00:00,92.031,92.089,92.016,92.035,677.0
2026-08-03 17:05:00,2026-08-03 14:05:00,2026-08-03 22:05:00,92.035,92.085,92.035,92.072,790.0
2026-08-03 17:10:00,2026-08-03 14:10:00,2026-08-03 22:10:00,92.072,92.084,92.028,92.03,539.0
2026-08-03 17:15:00,2026-08-03 14:15:00,2026-08-03 22:15:00,92.031,92.086,92.019,92.073,710.0
2026-08-03 17:20:00,2026-08-03 14:20:00,2026-08-03 22:20:00,92.075,92.144,92.069,92.139,743.0
2026-08-03 17:25:00,2026-08-03 14:25:00,2026-08-03 22:25:00,92.139,92.161,92.108,92.131,755.0
2026-08-03 17:30:00,2026-08-03 14:30:00,2026-08-03 22:30:00,92.129,92.158,92.098,92.099,689.0
2026-08-03 17:35:00,2026-08-03 14:35:00,2026-08-03 22:35:00,92.099,92.162,92.099,92.154,751.0
2026-08-03 17:40:00,2026-08-03 14:40:00,2026-08-03 22:40:00,92.151,92.168,92.115,92.133,830.0
2026-08-03 17:45:00,2026-08-03 14:45:00,2026-08-03 22:45:00,92.133,92.163,92.116,92.13,763.0
2026-08-03 17:50:00,2026-08-03 14:50:00,2026-08-03 22:50:00,92.131,92.168,92.106,92.167,759.0
2026-08-03 17:55:00,2026-08-03 14:55:00,2026-08-03 22:55:00,92.168,92.174,92.128,92.134,709.0
2026-08-03 18:00:00,2026-08-03 15:00:00,2026-08-03 23:00:00,92.132,92.149,92.093,92.123,972.0
2026-08-03 18:05:00,2026-08-03 15:05:00,2026-08-03 23:05:00,92.125,92.133,92.069,92.071,838.0
2026-08-03 18:10:00,2026-08-03 15:10:00,2026-08-03 23:10:00,92.072,92.086,92.026,92.038,831.0
2026-08-03 18:15:00,2026-08-03 15:15:00,2026-08-03 23:15:00,92.036,92.044,91.997,92.041,1190.0
2026-08-03 18:20:00,2026-08-03 15:20:00,2026-08-03 23:20:00,92.04,92.096,92.037,92.044,991.0
2026-08-03 18:25:00,2026-08-03 15:25:00,2026-08-03 23:25:00,92.045,92.067,92.019,92.045,869.0
2026-08-03 18:30:00,2026-08-03 15:30:00,2026-08-03 23:30:00,92.044,92.046,91.98,92.025,829.0
2026-08-03 18:35:00,2026-08-03 15:35:00,2026-08-03 23:35:00,92.024,92.048,92.012,92.043,800.0
2026-08-03 18:40:00,2026-08-03 15:40:00,2026-08-03 23:40:00,92.043,92.088,92.032,92.086,720.0
2026-08-03 18:45:00,2026-08-03 15:45:00,2026-08-03 23:45:00,92.085,92.098,92.071,92.076,697.0
2026-08-03 18:50:00,2026-08-03 15:50:00,2026-08-03 23:50:00,92.074,92.08,92.048,92.052,733.0
2026-08-03 18:55:00,2026-08-03 15:55:00,2026-08-03 23:55:00,92.048,92.099,92.038,92.088,848.0
2026-08-03 19:00:00,2026-08-03 16:00:00,2026-08-04 00:00:00,92.084,92.095,92.021,92.052,927.0
2026-08-03 19:05:00,2026-08-03 16:05:00,2026-08-04 00:05:00,92.051,92.078,92.041,92.05,787.0
2026-08-03 19:10:00,2026-08-03 16:10:00,2026-08-04 00:10:00,92.051,92.088,92.031,92.083,721.0
2026-08-03 19:15:00,2026-08-03 16:15:00,2026-08-04 00:15:00,92.082,92.108,92.041,92.048,710.0
2026-08-03 19:20:00,2026-08-03 16:20:00,2026-08-04 00:20:00,92.047,92.079,92.023,92.076,764.0
2026-08-03 19:25:00,2026-08-03 16:25:00,2026-08-04 00:25:00,92.075,92.082,92.06,92.064,624.0
2026-08-03 19:30:00,2026-08-03 16:30:00,2026-08-04 00:30:00,92.063,92.073,92.041,92.069,696.0
2026-08-03 19:35:00,2026-08-03 16:35:00,2026-08-04 00:35:00,92.069,92.096,91.953,92.094,1098.0
2026-08-03 19:40:00,2026-08-03 16:40:00,2026-08-04 00:40:00,92.101,92.128,92.063,92.128,906.0
2026-08-03 19:45:00,2026-08-03 16:45:00,2026-08-04 00:45:00,92.127,92.142,92.113,92.133,742.0
2026-08-03 19:50:00,2026-08-03 16:50:00,2026-08-04 00:50:00,92.132,92.132,92.082,92.089,653.0
2026-08-03 19:55:00,2026-08-03 16:55:00,2026-08-04 00:55:00,92.088,92.148,92.088,92.141,794.0
2026-08-03 20:00:00,2026-08-03 17:00:00,2026-08-04 01:00:00,92.143,92.146,92.089,92.089,834.0
2026-08-03 20:05:00,2026-08-03 17:05:00,2026-08-04 01:05:00,92.09,92.122,92.078,92.12,658.0
2026-08-03 20:10:00,2026-08-03 17:10:00,2026-08-04 01:10:00,92.12,92.155,92.109,92.112,873.0
2026-08-03 20:15:00,2026-08-03 17:15:00,2026-08-04 01:15:00,92.112,92.114,92.042,92.09,751.0
2026-08-03 20:20:00,2026-08-03 17:20:00,2026-08-04 01:20:00,92.09,92.099,92.068,92.076,590.0
2026-08-03 20:25:00,2026-08-03 17:25:00,2026-08-04 01:25:00,92.074,92.108,92.074,92.1,633.0
2026-08-03 20:30:00,2026-08-03 17:30:00,2026-08-04 01:30:00,92.099,92.132,92.09,92.126,650.0
2026-08-03 20:35:00,2026-08-03 17:35:00,2026-08-04 01:35:00,92.127,92.16,92.124,92.158,604.0
2026-08-03 20:40:00,2026-08-03 17:40:00,2026-08-04 01:40:00,92.16,92.208,92.153,92.183,706.0
2026-08-03 20:45:00,2026-08-03 17:45:00,2026-08-04 01:45:00,92.182,92.2,92.068,92.129,760.0
2026-08-03 20:50:00,2026-08-03 17:50:00,2026-08-04 01:50:00,92.13,92.153,92.082,92.091,708.0
2026-08-03 20:55:00,2026-08-03 17:55:00,2026-08-04 01:55:00,92.09,92.158,92.083,92.144,864.0
2026-08-03 21:00:00,2026-08-03 18:00:00,2026-08-04 02:00:00,92.146,92.148,92.085,92.117,699.0
2026-08-03 21:05:00,2026-08-03 18:05:00,2026-08-04 02:05:00,92.119,92.128,92.056,92.067,737.0
2026-08-03 21:10:00,2026-08-03 18:10:00,2026-08-04 02:10:00,92.066,92.082,92.053,92.059,652.0
2026-08-03 21:15:00,2026-08-03 18:15:00,2026-08-04 02:15:00,92.059,92.077,92.022,92.031,710.0
2026-08-03 21:20:00,2026-08-03 18:20:00,2026-08-04 02:20:00,92.032,92.054,92.019,92.048,647.0
2026-08-03 21:25:00,2026-08-03 18:25:00,2026-08-04 02:25:00,92.05,92.05,92.0,92.006,714.0
2026-08-03 21:30:00,2026-08-03 18:30:00,2026-08-04 02:30:00,92.005,92.006,91.966,91.985,679.0
2026-08-03 21:35:00,2026-08-03 18:35:00,2026-08-04 02:35:00,91.986,92.008,91.982,92.0,667.0
2026-08-03 21:40:00,2026-08-03 18:40:00,2026-08-04 02:40:00,92.001,92.022,91.997,92.013,608.0
2026-08-03 21:45:00,2026-08-03 18:45:00,2026-08-04 02:45:00,92.015,92.042,92.003,92.016,672.0
2026-08-03 21:50:00,2026-08-03 18:50:00,2026-08-04 02:50:00,92.016,92.024,91.88,91.969,784.0
2026-08-03 21:55:00,2026-08-03 18:55:00,2026-08-04 02:55:00,91.969,91.994,91.935,91.95,780.0
2026-08-03 22:00:00,2026-08-03 19:00:00,2026-08-04 03:00:00,91.949,91.988,91.923,91.978,872.0
2026-08-03 22:05:00,2026-08-03 19:05:00,2026-08-04 03:05:00,91.979,91.981,91.939,91.945,650.0
2026-08-03 22:10:00,2026-08-03 19:10:00,2026-08-04 03:10:00,91.946,91.976,91.945,91.95,671.0
2026-08-03 22:15:00,2026-08-03 19:15:00,2026-08-04 03:15:00,91.951,92.045,91.935,92.029,653.0
2026-08-03 22:20:00,2026-08-03 19:20:00,2026-08-04 03:20:00,92.028,92.047,92.018,92.04,632.0
2026-08-03 22:25:00,2026-08-03 19:25:00,2026-08-04 03:25:00,92.046,92.059,92.025,92.057,740.0
2026-08-03 22:30:00,2026-08-03 19:30:00,2026-08-04 03:30:00,92.058,92.074,92.036,92.072,740.0
2026-08-03 22:35:00,2026-08-03 19:35:00,2026-08-04 03:35:00,92.071,92.115,92.067,92.107,596.0
2026-08-03 22:40:00,2026-08-03 19:40:00,2026-08-04 03:40:00,92.107,92.134,92.097,92.13,595.0
2026-08-03 22:45:00,2026-08-03 19:45:00,2026-08-04 03:45:00,92.129,92.131,92.104,92.112,661.0
2026-08-03 22:50:00,2026-08-03 19:50:00,2026-08-04 03:50:00,92.111,92.116,91.937,92.068,1133.0
2026-08-03 22:55:00,2026-08-03 19:55:00,2026-08-04 03:55:00,92.07,92.084,92.007,92.009,898.0
2026-08-03 23:00:00,2026-08-03 20:00:00,2026-08-04 04:00:00,92.009,92.045,91.996,92.042,944.0
2026-08-03 23:05:00,2026-08-03 20:05:00,2026-08-04 04:05:00,92.044,92.071,92.037,92.045,752.0
2026-08-03 23:10:00,2026-08-03 20:10:00,2026-08-04 04:10:00,92.046,92.046,91.954,91.964,829.0
2026-08-03 23:15:00,2026-08-03 20:15:00,2026-08-04 04:15:00,91.966,92.006,91.961,91.985,709.0
2026-08-03 23:20:00,2026-08-03 20:20:00,2026-08-04 04:20:00,91.984,92.027,91.973,91.998,755.0
2026-08-03 23:25:00,2026-08-03 20:25:00,2026-08-04 04:25:00,92.002,92.033,91.995,92.013,826.0
2026-08-03 23:30:00,2026-08-03 20:30:00,2026-08-04 04:30:00,92.012,92.064,92.009,92.06,704.0
2026-08-03 23:35:00,2026-08-03 20:35:00,2026-08-04 04:35:00,92.058,92.073,92.015,92.038,690.0
2026-08-03 23:40:00,2026-08-03 20:40:00,2026-08-04 04:40:00,92.039,92.071,92.036,92.062,803.0
2026-08-03 23:45:00,2026-08-03 20:45:00,2026-08-04 04:45:00,92.062,92.072,92.047,92.052,649.0
2026-08-03 23:50:00,2026-08-03 20:50:00,2026-08-04 04:50:00,92.053,92.068,92.042,92.063,766.0
2026-08-03 23:55:00,2026-08-03 20:55:00,2026-08-04 04:55:00,92.064,92.065,92.018,92.056,858.0
2026-08-04 00:00:00,2026-08-03 21:00:00,2026-08-04 05:00:00,92.057,92.085,92.049,92.071,1065.0
2026-08-04 00:05:00,2026-08-03 21:05:00,2026-08-04 05:05:00,92.07,92.07,92.038,92.047,824.0
2026-08-04 00:10:00,2026-08-03 21:10:00,2026-08-04 05:10:00,92.047,92.064,91.987,91.988,740.0
2026-08-04 00:15:00,2026-08-03 21:15:00,2026-08-04 05:15:00,91.989,91.994,91.862,91.862,893.0
2026-08-04 00:20:00,2026-08-03 21:20:00,2026-08-04 05:20:00,91.861,91.868,91.778,91.855,1260.0
2026-08-04 00:25:00,2026-08-03 21:25:00,2026-08-04 05:25:00,91.856,91.875,91.829,91.835,1000.0
2026-08-04 00:30:00,2026-08-03 21:30:00,2026-08-04 05:30:00,91.834,91.854,91.746,91.758,1206.0
2026-08-04 00:35:00,2026-08-03 21:35:00,2026-08-04 05:35:00,91.762,91.775,91.716,91.746,1260.0
2026-08-04 00:40:00,2026-08-03 21:40:00,2026-08-04 05:40:00,91.747,91.747,91.684,91.697,956.0
2026-08-04 00:45:00,2026-08-03 21:45:00,2026-08-04 05:45:00,91.691,91.74,91.678,91.692,1055.0
2026-08-04 00:50:00,2026-08-03 21:50:00,2026-08-04 05:50:00,91.691,91.746,91.688,91.719,1226.0
2026-08-04 00:55:00,2026-08-03 21:55:00,2026-08-04 05:55:00,91.718,91.804,91.695,91.765,1112.0
2026-08-04 01:00:00,2026-08-03 22:00:00,2026-08-04 06:00:00,91.764,91.823,91.732,91.796,1048.0
2026-08-04 01:05:00,2026-08-03 22:05:00,2026-08-04 06:05:00,91.796,91.838,91.775,91.782,1276.0
2026-08-04 01:10:00,2026-08-03 22:10:00,2026-08-04 06:10:00,91.781,91.826,91.756,91.826,1164.0
2026-08-04 01:15:00,2026-08-03 22:15:00,2026-08-04 06:15:00,91.825,91.827,91.667,91.755,1144.0
2026-08-04 01:20:00,2026-08-03 22:20:00,2026-08-04 06:20:00,91.755,91.834,91.755,91.816,1017.0
2026-08-04 01:25:00,2026-08-03 22:25:00,2026-08-04 06:25:00,91.812,91.831,91.807,91.812,940.0
2026-08-04 01:30:00,2026-08-03 22:30:00,2026-08-04 06:30:00,91.81,91.832,91.783,91.821,922.0
2026-08-04 01:35:00,2026-08-03 22:35:00,2026-08-04 06:35:00,91.821,91.853,91.817,91.853,962.0
2026-08-04 01:40:00,2026-08-03 22:40:00,2026-08-04 06:40:00,91.852,91.895,91.825,91.89,1059.0
2026-08-04 01:45:00,2026-08-03 22:45:00,2026-08-04 06:45:00,91.89,91.951,91.878,91.944,929.0
2026-08-04 01:50:00,2026-08-03 22:50:00,2026-08-04 06:50:00,91.946,91.961,91.918,91.922,978.0
2026-08-04 01:55:00,2026-08-03 22:55:00,2026-08-04 06:55:00,91.922,91.933,91.86,91.9,1336.0
2026-08-04 02:00:00,2026-08-03 23:00:00,2026-08-04 07:00:00,91.9,91.924,91.88,91.913,1165.0
2026-08-04 02:05:00,2026-08-03 23:05:00,2026-08-04 07:05:00,91.913,91.959,91.901,91.936,959.0
2026-08-04 02:10:00,2026-08-03 23:10:00,2026-08-04 07:10:00,91.937,91.942,91.895,91.918,890.0
2026-08-04 02:15:00,2026-08-03 23:15:00,2026-08-04 07:15:00,91.92,91.941,91.91,91.941,927.0
2026-08-04 02:20:00,2026-08-03 23:20:00,2026-08-04 07:20:00,91.944,91.979,91.943,91.975,726.0
2026-08-04 02:25:00,2026-08-03 23:25:00,2026-08-04 07:25:00,91.974,91.984,91.895,91.902,855.0
2026-08-04 02:30:00,2026-08-03 23:30:00,2026-08-04 07:30:00,91.9,91.917,91.89,91.897,915.0
2026-08-04 02:35:00,2026-08-03 23:35:00,2026-08-04 07:35:00,91.896,91.926,91.89,91.926,825.0
2026-08-04 02:40:00,2026-08-03 23:40:00,2026-08-04 07:40:00,91.924,92.004,91.919,91.998,930.0
2026-08-04 02:45:00,2026-08-03 23:45:00,2026-08-04 07:45:00,91.999,92.072,91.996,92.042,983.0
2026-08-04 02:50:00,2026-08-03 23:50:00,2026-08-04 07:50:00,92.043,92.108,92.038,92.095,816.0
2026-08-04 02:55:00,2026-08-03 23:55:00,2026-08-04 07:55:00,92.096,92.106,92.079,92.095,685.0
2026-08-04 03:00:00,2026-08-04 00:00:00,2026-08-04 08:00:00,92.097,92.097,92.073,92.094,757.0
2026-08-04 03:05:00,2026-08-04 00:05:00,2026-08-04 08:05:00,92.095,92.101,92.049,92.092,683.0
2026-08-04 03:10:00,2026-08-04 00:10:00,2026-08-04 08:10:00,92.093,92.101,92.035,92.037,716.0
2026-08-04 03:15:00,2026-08-04 00:15:00,2026-08-04 08:15:00,92.038,92.048,91.892,92.023,836.0
2026-08-04 03:20:00,2026-08-04 00:20:00,2026-08-04 08:20:00,92.022,92.069,92.017,92.048,670.0
2026-08-04 03:25:00,2026-08-04 00:25:00,2026-08-04 08:25:00,92.05,92.059,92.017,92.036,665.0
2026-08-04 03:30:00,2026-08-04 00:30:00,2026-08-04 08:30:00,92.036,92.071,92.027,92.069,667.0
2026-08-04 03:35:00,2026-08-04 00:35:00,2026-08-04 08:35:00,92.068,92.094,92.061,92.073,625.0
2026-08-04 03:40:00,2026-08-04 00:40:00,2026-08-04 08:40:00,92.073,92.075,92.048,92.052,533.0
2026-08-04 03:45:00,2026-08-04 00:45:00,2026-08-04 08:45:00,92.052,92.058,92.031,92.041,476.0
2026-08-04 03:50:00,2026-08-04 00:50:00,2026-08-04 08:50:00,92.04,92.049,92.032,92.036,481.0
2026-08-04 03:55:00,2026-08-04 00:55:00,2026-08-04 08:55:00,92.044,92.056,92.024,92.03,535.0
2026-08-04 04:00:00,2026-08-04 01:00:00,2026-08-04 09:00:00,92.029,92.03,91.997,92.015,641.0
2026-08-04 04:05:00,2026-08-04 01:05:00,2026-08-04 09:05:00,92.016,92.021,92.005,92.014,583.0
2026-08-04 04:10:00,2026-08-04 01:10:00,2026-08-04 09:10:00,92.015,92.025,92.001,92.014,554.0
2026-08-04 04:15:00,2026-08-04 01:15:00,2026-08-04 09:15:00,92.013,92.028,92.005,92.018,548.0
2026-08-04 04:20:00,2026-08-04 01:20:00,2026-08-04 09:20:00,92.019,92.037,92.015,92.033,525.0
2026-08-04 04:25:00,2026-08-04 01:25:00,2026-08-04 09:25:00,92.033,92.035,92.014,92.021,458.0
2026-08-04 04:30:00,2026-08-04 01:30:00,2026-08-04 09:30:00,92.026,92.034,92.014,92.03,407.0
2026-08-04 04:35:00,2026-08-04 01:35:00,2026-08-04 09:35:00,92.031,92.036,92.017,92.033,397.0
2026-08-04 04:40:00,2026-08-04 01:40:00,2026-08-04 09:40:00,92.034,92.038,91.989,92.008,518.0
2026-08-04 04:45:00,2026-08-04 01:45:00,2026-08-04 09:45:00,92.01,92.019,92.003,92.018,376.0
2026-08-04 04:50:00,2026-08-04 01:50:00,2026-08-04 09:50:00,92.011,92.017,91.998,92.0,456.0
2026-08-04 04:55:00,2026-08-04 01:55:00,2026-08-04 09:55:00,91.998,92.035,91.998,92.025,613.0
2026-08-04 05:00:00,2026-08-04 02:00:00,2026-08-04 10:00:00,92.025,92.05,92.021,92.042,714.0
2026-08-04 05:05:00,2026-08-04 02:05:00,2026-08-04 10:05:00,92.043,92.046,92.021,92.034,656.0
2026-08-04 05:10:00,2026-08-04 02:10:00,2026-08-04 10:10:00,92.028,92.043,92.013,92.024,643.0
2026-08-04 05:15:00,2026-08-04 02:15:00,2026-08-04 10:15:00,92.024,92.033,92.004,92.006,551.0
2026-08-04 05:20:00,2026-08-04 02:20:00,2026-08-04 10:20:00,92.005,92.012,91.979,92.002,800.0
2026-08-04 05:25:00,2026-08-04 02:25:00,2026-08-04 10:25:00,92.001,92.008,91.988,92.007,719.0
2026-08-04 05:30:00,2026-08-04 02:30:00,2026-08-04 10:30:00,92.006,92.02,91.978,92.014,828.0
2026-08-04 05:35:00,2026-08-04 02:35:00,2026-08-04 10:35:00,92.015,92.031,91.99,92.008,913.0
2026-08-04 05:40:00,2026-08-04 02:40:00,2026-08-04 10:40:00,92.009,92.024,91.994,92.022,694.0
2026-08-04 05:45:00,2026-08-04 02:45:00,2026-08-04 10:45:00,92.022,92.063,92.005,92.037,709.0
2026-08-04 05:50:00,2026-08-04 02:50:00,2026-08-04 10:50:00,92.037,92.037,92.012,92.014,771.0
2026-08-04 05:55:00,2026-08-04 02:55:00,2026-08-04 10:55:00,92.014,92.033,91.971,92.023,1027.0
2026-08-04 06:00:00,2026-08-04 03:00:00,2026-08-04 11:00:00,92.024,92.067,92.011,92.043,798.0
2026-08-04 06:05:00,2026-08-04 03:05:00,2026-08-04 11:05:00,92.044,92.051,92.031,92.039,514.0
2026-08-04 06:10:00,2026-08-04 03:10:00,2026-08-04 11:10:00,92.04,92.068,92.037,92.06,546.0
2026-08-04 06:15:00,2026-08-04 03:15:00,2026-08-04 11:15:00,92.06,92.078,92.058,92.06,417.0
2026-08-04 06:20:00,2026-08-04 03:20:00,2026-08-04 11:20:00,92.061,92.077,92.058,92.071,366.0
2026-08-04 06:25:00,2026-08-04 03:25:00,2026-08-04 11:25:00,92.071,92.089,92.069,92.074,311.0
2026-08-04 06:30:00,2026-08-04 03:30:00,2026-08-04 11:30:00,92.076,92.089,92.074,92.084,465.0
2026-08-04 06:35:00,2026-08-04 03:35:00,2026-08-04 11:35:00,92.087,92.094,92.083,92.089,380.0
2026-08-04 06:40:00,2026-08-04 03:40:00,2026-08-04 11:40:00,92.089,92.106,92.086,92.102,435.0
2026-08-04 06:45:00,2026-08-04 03:45:00,2026-08-04 11:45:00,92.103,92.125,92.099,92.122,476.0
2026-08-04 06:50:00,2026-08-04 03:50:00,2026-08-04 11:50:00,92.121,92.123,92.108,92.109,377.0
2026-08-04 06:55:00,2026-08-04 03:55:00,2026-08-04 11:55:00,92.111,92.138,92.103,92.132,538.0
2026-08-04 07:00:00,2026-08-04 04:00:00,2026-08-04 12:00:00,92.133,92.143,92.129,92.142,356.0
2026-08-04 07:05:00,2026-08-04 04:05:00,2026-08-04 12:05:00,92.142,92.17,92.14,92.164,469.0
2026-08-04 07:10:00,2026-08-04 04:10:00,2026-08-04 12:10:00,92.168,92.178,92.165,92.169,287.0
2026-08-04 07:15:00,2026-08-04 04:15:00,2026-08-04 12:15:00,92.17,92.194,92.169,92.193,341.0
2026-08-04 07:20:00,2026-08-04 04:20:00,2026-08-04 12:20:00,92.193,92.22,92.11,92.147,357.0
2026-08-04 07:25:00,2026-08-04 04:25:00,2026-08-04 12:25:00,92.147,92.274,92.144,92.256,630.0
2026-08-04 07:30:00,2026-08-04 04:30:00,2026-08-04 12:30:00,92.258,92.273,92.248,92.264,437.0
2026-08-04 07:35:00,2026-08-04 04:35:00,2026-08-04 12:35:00,92.264,92.27,92.222,92.255,438.0
2026-08-04 07:40:00,2026-08-04 04:40:00,2026-08-04 12:40:00,92.252,92.268,92.231,92.265,298.0
2026-08-04 07:45:00,2026-08-04 04:45:00,2026-08-04 12:45:00,92.266,92.296,92.266,92.296,204.0
2026-08-04 07:50:00,2026-08-04 04:50:00,2026-08-04 12:50:00,92.297,92.298,92.258,92.275,264.0
2026-08-04 07:55:00,2026-08-04 04:55:00,2026-08-04 12:55:00,92.275,92.287,92.249,92.25,430.0
2026-08-04 08:05:00,2026-08-04 05:05:00,2026-08-04 13:05:00,92.154,92.154,92.109,92.117,33.0
2026-08-04 08:10:00,2026-08-04 05:10:00,2026-08-04 13:10:00,92.167,92.228,92.166,92.182,64.0
2026-08-04 08:15:00,2026-08-04 05:15:00,2026-08-04 13:15:00,92.181,92.189,92.176,92.186,65.0
2026-08-04 08:20:00,2026-08-04 05:20:00,2026-08-04 13:20:00,92.202,92.217,92.188,92.216,59.0
2026-08-04 08:25:00,2026-08-04 05:25:00,2026-08-04 13:25:00,92.217,92.217,92.124,92.124,98.0
2026-08-04 08:30:00,2026-08-04 05:30:00,2026-08-04 13:30:00,92.124,92.167,92.124,92.143,70.0
2026-08-04 08:35:00,2026-08-04 05:35:00,2026-08-04 13:35:00,92.144,92.144,92.127,92.139,104.0
2026-08-04 08:40:00,2026-08-04 05:40:00,2026-08-04 13:40:00,92.139,92.274,92.139,92.227,478.0
2026-08-04 08:45:00,2026-08-04 05:45:00,2026-08-04 13:45:00,92.225,92.247,92.192,92.243,168.0
2026-08-04 08:50:00,2026-08-04 05:50:00,2026-08-04 13:50:00,92.242,92.246,92.225,92.237,193.0
2026-08-04 08:55:00,2026-08-04 05:55:00,2026-08-04 13:55:00,92.236,92.242,92.211,92.23,254.0
2026-08-04 09:00:00,2026-08-04 06:00:00,2026-08-04 14:00:00,92.251,92.381,92.251,92.346,602.0
2026-08-04 09:05:00,2026-08-04 06:05:00,2026-08-04 14:05:00,92.351,92.39,92.333,92.389,304.0
2026-08-04 09:10:00,2026-08-04 06:10:00,2026-08-04 14:10:00,92.388,92.393,92.372,92.38,238.0
2026-08-04 09:15:00,2026-08-04 06:15:00,2026-08-04 14:15:00,92.372,92.389,92.371,92.384,279.0
2026-08-04 09:20:00,2026-08-04 06:20:00,2026-08-04 14:20:00,92.382,92.404,92.377,92.385,302.0
2026-08-04 09:25:00,2026-08-04 06:25:00,2026-08-04 14:25:00,92.382,92.383,92.368,92.37,171.0
2026-08-04 09:30:00,2026-08-04 06:30:00,2026-08-04 14:30:00,92.369,92.373,92.317,92.329,401.0
2026-08-04 09:35:00,2026-08-04 06:35:00,2026-08-04 14:35:00,92.327,92.371,92.315,92.371,491.0
2026-08-04 09:40:00,2026-08-04 06:40:00,2026-08-04 14:40:00,92.37,92.386,92.358,92.372,435.0
2026-08-04 09:45:00,2026-08-04 06:45:00,2026-08-04 14:45:00,92.372,92.382,92.362,92.372,350.0
2026-08-04 09:50:00,2026-08-04 06:50:00,2026-08-04 14:50:00,92.371,92.385,92.36,92.366,405.0
2026-08-04 09:55:00,2026-08-04 06:55:00,2026-08-04 14:55:00,92.365,92.375,92.355,92.361,394.0
2026-08-04 10:00:00,2026-08-04 07:00:00,2026-08-04 15:00:00,92.362,92.362,92.327,92.356,423.0
2026-08-04 10:05:00,2026-08-04 07:05:00,2026-08-04 15:05:00,92.357,92.358,92.332,92.335,386.0
2026-08-04 10:10:00,2026-08-04 07:10:00,2026-08-04 15:10:00,92.337,92.356,92.33,92.35,364.0
2026-08-04 10:15:00,2026-08-04 07:15:00,2026-08-04 15:15:00,92.348,92.349,92.3,92.336,344.0
2026-08-04 10:20:00,2026-08-04 07:20:00,2026-08-04 15:20:00,92.335,92.351,92.33,92.35,285.0
2026-08-04 10:25:00,2026-08-04 07:25:00,2026-08-04 15:25:00,92.351,92.352,92.338,92.348,239.0
2026-08-04 10:30:00,2026-08-04 07:30:00,2026-08-04 15:30:00,92.343,92.377,92.343,92.369,316.0
2026-08-04 10:35:00,2026-08-04 07:35:00,2026-08-04 15:35:00,92.371,92.412,92.364,92.402,443.0
2026-08-04 10:40:00,2026-08-04 07:40:00,2026-08-04 15:40:00,92.401,92.429,92.397,92.427,347.0
2026-08-04 10:45:00,2026-08-04 07:45:00,2026-08-04 15:45:00,92.427,92.505,92.426,92.471,646.0
2026-08-04 10:50:00,2026-08-04 07:50:00,2026-08-04 15:50:00,92.472,92.486,92.45,92.473,556.0
2026-08-04 10:55:00,2026-08-04 07:55:00,2026-08-04 15:55:00,92.475,92.479,92.408,92.411,556.0
2026-08-04 11:00:00,2026-08-04 08:00:00,2026-08-04 16:00:00,92.407,92.423,92.34,92.382,1059.0
2026-08-04 11:05:00,2026-08-04 08:05:00,2026-08-04 16:05:00,92.383,92.406,92.345,92.346,792.0
2026-08-04 11:10:00,2026-08-04 08:10:00,2026-08-04 16:10:00,92.346,92.365,92.311,92.346,868.0
2026-08-04 11:15:00,2026-08-04 08:15:00,2026-08-04 16:15:00,92.347,92.364,92.317,92.317,815.0
2026-08-04 11:20:00,2026-08-04 08:20:00,2026-08-04 16:20:00,92.317,92.318,92.275,92.299,898.0
2026-08-04 11:25:00,2026-08-04 08:25:00,2026-08-04 16:25:00,92.292,92.342,92.292,92.334,747.0
2026-08-04 11:30:00,2026-08-04 08:30:00,2026-08-04 16:30:00,92.334,92.39,92.332,92.371,908.0
2026-08-04 11:35:00,2026-08-04 08:35:00,2026-08-04 16:35:00,92.37,92.4,92.364,92.371,709.0
2026-08-04 11:40:00,2026-08-04 08:40:00,2026-08-04 16:40:00,92.368,92.427,92.364,92.414,871.0
2026-08-04 11:45:00,2026-08-04 08:45:00,2026-08-04 16:45:00,92.413,92.42,92.385,92.403,934.0
2026-08-04 11:50:00,2026-08-04 08:50:00,2026-08-04 16:50:00,92.397,92.426,92.354,92.363,1235.0
2026-08-04 11:55:00,2026-08-04 08:55:00,2026-08-04 16:55:00,92.362,92.402,92.36,92.397,1117.0
2026-08-04 12:00:00,2026-08-04 09:00:00,2026-08-04 17:00:00,92.397,92.439,92.393,92.43,1098.0
2026-08-04 12:05:00,2026-08-04 09:05:00,2026-08-04 17:05:00,92.432,92.463,92.416,92.431,928.0
2026-08-04 12:10:00,2026-08-04 09:10:00,2026-08-04 17:10:00,92.431,92.458,92.414,92.45,786.0
2026-08-04 12:15:00,2026-08-04 09:15:00,2026-08-04 17:15:00,92.451,92.452,92.412,92.424,737.0
2026-08-04 12:20:00,2026-08-04 09:20:00,2026-08-04 17:20:00,92.423,92.444,92.42,92.423,705.0
2026-08-04 12:25:00,2026-08-04 09:25:00,2026-08-04 17:25:00,92.423,92.449,92.411,92.447,802.0
2026-08-04 12:30:00,2026-08-04 09:30:00,2026-08-04 17:30:00,92.446,92.447,92.409,92.419,788.0
2026-08-04 12:35:00,2026-08-04 09:35:00,2026-08-04 17:35:00,92.419,92.429,92.367,92.379,855.0
2026-08-04 12:40:00,2026-08-04 09:40:00,2026-08-04 17:40:00,92.378,92.392,92.367,92.385,698.0
2026-08-04 12:45:00,2026-08-04 09:45:00,2026-08-04 17:45:00,92.386,92.403,92.377,92.391,582.0
2026-08-04 12:50:00,2026-08-04 09:50:00,2026-08-04 17:50:00,92.39,92.443,92.369,92.442,798.0
2026-08-04 12:55:00,2026-08-04 09:55:00,2026-08-04 17:55:00,92.446,92.475,92.429,92.472,775.0
2026-08-04 13:00:00,2026-08-04 10:00:00,2026-08-04 18:00:00,92.473,92.549,92.47,92.513,839.0
2026-08-04 13:05:00,2026-08-04 10:05:00,2026-08-04 18:05:00,92.512,92.535,92.481,92.519,808.0
2026-08-04 13:10:00,2026-08-04 10:10:00,2026-08-04 18:10:00,92.518,92.531,92.494,92.519,828.0
2026-08-04 13:15:00,2026-08-04 10:15:00,2026-08-04 18:15:00,92.52,92.525,92.495,92.51,605.0
2026-08-04 13:20:00,2026-08-04 10:20:00,2026-08-04 18:20:00,92.51,92.531,92.503,92.531,766.0
2026-08-04 13:25:00,2026-08-04 10:25:00,2026-08-04 18:25:00,92.53,92.541,92.511,92.519,881.0
2026-08-04 13:30:00,2026-08-04 10:30:00,2026-08-04 18:30:00,92.519,92.536,92.51,92.532,710.0
2026-08-04 13:35:00,2026-08-04 10:35:00,2026-08-04 18:35:00,92.534,92.552,92.525,92.535,612.0
2026-08-04 13:40:00,2026-08-04 10:40:00,2026-08-04 18:40:00,92.536,92.545,92.524,92.529,701.0
2026-08-04 13:45:00,2026-08-04 10:45:00,2026-08-04 18:45:00,92.528,92.544,92.515,92.538,636.0
2026-08-04 13:50:00,2026-08-04 10:50:00,2026-08-04 18:50:00,92.538,92.575,92.536,92.566,559.0
2026-08-04 13:55:00,2026-08-04 10:55:00,2026-08-04 18:55:00,92.567,92.569,92.507,92.507,638.0
2026-08-04 14:00:00,2026-08-04 11:00:00,2026-08-04 19:00:00,92.505,92.516,92.492,92.493,591.0
2026-08-04 14:05:00,2026-08-04 11:05:00,2026-08-04 19:05:00,92.494,92.496,92.471,92.484,431.0
2026-08-04 14:10:00,2026-08-04 11:10:00,2026-08-04 19:10:00,92.485,92.488,92.468,92.479,412.0
2026-08-04 14:15:00,2026-08-04 11:15:00,2026-08-04 19:15:00,92.48,92.481,92.445,92.452,518.0
2026-08-04 14:20:00,2026-08-04 11:20:00,2026-08-04 19:20:00,92.452,92.489,92.448,92.484,693.0
2026-08-04 14:25:00,2026-08-04 11:25:00,2026-08-04 19:25:00,92.485,92.486,92.457,92.481,647.0
2026-08-04 14:30:00,2026-08-04 11:30:00,2026-08-04 19:30:00,92.482,92.528,92.479,92.527,440.0
2026-08-04 14:35:00,2026-08-04 11:35:00,2026-08-04 19:35:00,92.526,92.526,92.423,92.449,758.0
2026-08-04 14:40:00,2026-08-04 11:40:00,2026-08-04 19:40:00,92.449,92.457,92.417,92.445,776.0
2026-08-04 14:45:00,2026-08-04 11:45:00,2026-08-04 19:45:00,92.446,92.456,92.437,92.455,404.0
2026-08-04 14:50:00,2026-08-04 11:50:00,2026-08-04 19:50:00,92.456,92.507,92.456,92.5,509.0
2026-08-04 14:55:00,2026-08-04 11:55:00,2026-08-04 19:55:00,92.494,92.506,92.489,92.491,540.0
2026-08-04 15:00:00,2026-08-04 12:00:00,2026-08-04 20:00:00,92.49,92.503,92.475,92.475,558.0
2026-08-04 15:05:00,2026-08-04 12:05:00,2026-08-04 20:05:00,92.475,92.512,92.472,92.491,557.0
2026-08-04 15:10:00,2026-08-04 12:10:00,2026-08-04 20:10:00,92.491,92.495,92.477,92.49,443.0
2026-08-04 15:15:00,2026-08-04 12:15:00,2026-08-04 20:15:00,92.488,92.513,92.488,92.511,420.0
2026-08-04 15:20:00,2026-08-04 12:20:00,2026-08-04 20:20:00,92.51,92.513,92.494,92.508,465.0
2026-08-04 15:25:00,2026-08-04 12:25:00,2026-08-04 20:25:00,92.509,92.51,92.469,92.47,400.0
2026-08-04 15:30:00,2026-08-04 12:30:00,2026-08-04 20:30:00,92.47,92.48,92.46,92.46,501.0
2026-08-04 15:35:00,2026-08-04 12:35:00,2026-08-04 20:35:00,92.46,92.466,92.428,92.445,379.0
2026-08-04 15:40:00,2026-08-04 12:40:00,2026-08-04 20:40:00,92.445,92.446,92.403,92.42,536.0
2026-08-04 15:45:00,2026-08-04 12:45:00,2026-08-04 20:45:00,92.419,92.433,92.408,92.426,518.0
2026-08-04 15:50:00,2026-08-04 12:50:00,2026-08-04 20:50:00,92.427,92.463,92.424,92.458,438.0
2026-08-04 15:55:00,2026-08-04 12:55:00,2026-08-04 20:55:00,92.457,92.466,92.441,92.443,362.0
2026-08-04 16:00:00,2026-08-04 13:00:00,2026-08-04 21:00:00,92.444,92.45,92.408,92.419,586.0
2026-08-04 16:05:00,2026-08-04 13:05:00,2026-08-04 21:05:00,92.42,92.438,92.418,92.425,518.0
2026-08-04 16:10:00,2026-08-04 13:10:00,2026-08-04 21:10:00,92.424,92.428,92.395,92.408,448.0
2026-08-04 16:15:00,2026-08-04 13:15:00,2026-08-04 21:15:00,92.408,92.431,92.395,92.423,451.0
2026-08-04 16:20:00,2026-08-04 13:20:00,2026-08-04 21:20:00,92.424,92.445,92.404,92.423,540.0
2026-08-04 16:25:00,2026-08-04 13:25:00,2026-08-04 21:25:00,92.42,92.436,92.412,92.428,523.0
2026-08-04 16:30:00,2026-08-04 13:30:00,2026-08-04 21:30:00,92.429,92.453,92.424,92.424,519.0
2026-08-04 16:35:00,2026-08-04 13:35:00,2026-08-04 21:35:00,92.428,92.445,92.419,92.443,567.0
2026-08-04 16:40:00,2026-08-04 13:40:00,2026-08-04 21:40:00,92.442,92.47,92.432,92.459,517.0
2026-08-04 16:45:00,2026-08-04 13:45:00,2026-08-04 21:45:00,92.46,92.471,92.449,92.454,605.0
2026-08-04 16:50:00,2026-08-04 13:50:00,2026-08-04 21:50:00,92.455,92.496,92.455,92.481,559.0
2026-08-04 16:55:00,2026-08-04 13:55:00,2026-08-04 21:55:00,92.476,92.492,92.47,92.49,765.0
2026-08-04 17:00:00,2026-08-04 14:00:00,2026-08-04 22:00:00,92.49,92.49,92.468,92.475,728.0
2026-08-04 17:05:00,2026-08-04 14:05:00,2026-08-04 22:05:00,92.474,92.505,92.465,92.504,524.0
2026-08-04 17:10:00,2026-08-04 14:10:00,2026-08-04 22:10:00,92.506,92.51,92.457,92.478,709.0
2026-08-04 17:15:00,2026-08-04 14:15:00,2026-08-04 22:15:00,92.477,92.49,92.432,92.462,757.0
2026-08-04 17:20:00,2026-08-04 14:20:00,2026-08-04 22:20:00,92.463,92.496,92.46,92.488,645.0
2026-08-04 17:25:00,2026-08-04 14:25:00,2026-08-04 22:25:00,92.485,92.5,92.476,92.499,662.0
2026-08-04 17:30:00,2026-08-04 14:30:00,2026-08-04 22:30:00,92.501,92.503,92.473,92.475,723.0
2026-08-04 17:35:00,2026-08-04 14:35:00,2026-08-04 22:35:00,92.475,92.476,92.452,92.467,636.0
2026-08-04 17:40:00,2026-08-04 14:40:00,2026-08-04 22:40:00,92.468,92.512,92.465,92.504,595.0
2026-08-04 17:45:00,2026-08-04 14:45:00,2026-08-04 22:45:00,92.504,92.539,92.503,92.533,550.0
2026-08-04 17:50:00,2026-08-04 14:50:00,2026-08-04 22:50:00,92.534,92.534,92.5,92.502,678.0
2026-08-04 17:55:00,2026-08-04 14:55:00,2026-08-04 22:55:00,92.501,92.506,92.46,92.494,731.0
2026-08-04 18:00:00,2026-08-04 15:00:00,2026-08-04 23:00:00,92.494,92.546,92.493,92.523,938.0
2026-08-04 18:05:00,2026-08-04 15:05:00,2026-08-04 23:05:00,92.524,92.558,92.519,92.557,745.0
2026-08-04 18:10:00,2026-08-04 15:10:00,2026-08-04 23:10:00,92.558,92.587,92.551,92.587,539.0
2026-08-04 18:15:00,2026-08-04 15:15:00,2026-08-04 23:15:00,92.585,92.59,92.532,92.54,700.0
2026-08-04 18:20:00,2026-08-04 15:20:00,2026-08-04 23:20:00,92.541,92.576,92.534,92.566,594.0
2026-08-04 18:25:00,2026-08-04 15:25:00,2026-08-04 23:25:00,92.568,92.585,92.551,92.551,653.0
2026-08-04 18:30:00,2026-08-04 15:30:00,2026-08-04 23:30:00,92.552,92.553,92.49,92.534,726.0
2026-08-04 18:35:00,2026-08-04 15:35:00,2026-08-04 23:35:00,92.535,92.594,92.532,92.593,666.0
2026-08-04 18:40:00,2026-08-04 15:40:00,2026-08-04 23:40:00,92.594,92.62,92.594,92.603,667.0
2026-08-04 18:45:00,2026-08-04 15:45:00,2026-08-04 23:45:00,92.602,92.614,92.594,92.608,600.0
2026-08-04 18:50:00,2026-08-04 15:50:00,2026-08-04 23:50:00,92.608,92.62,92.6,92.616,715.0
2026-08-04 18:55:00,2026-08-04 15:55:00,2026-08-04 23:55:00,92.615,92.645,92.615,92.636,549.0
2026-08-04 19:00:00,2026-08-04 16:00:00,2026-08-05 00:00:00,92.636,92.678,92.625,92.665,767.0
2026-08-04 19:05:00,2026-08-04 16:05:00,2026-08-05 00:05:00,92.665,92.674,92.645,92.658,622.0
2026-08-04 19:10:00,2026-08-04 16:10:00,2026-08-05 00:10:00,92.657,92.657,92.639,92.641,548.0
2026-08-04 19:15:00,2026-08-04 16:15:00,2026-08-05 00:15:00,92.64,92.662,92.637,92.653,511.0
2026-08-04 19:20:00,2026-08-04 16:20:00,2026-08-05 00:20:00,92.653,92.661,92.62,92.621,521.0
2026-08-04 19:25:00,2026-08-04 16:25:00,2026-08-05 00:25:00,92.62,92.63,92.598,92.63,600.0
2026-08-04 19:30:00,2026-08-04 16:30:00,2026-08-05 00:30:00,92.631,92.643,92.614,92.619,585.0
2026-08-04 19:35:00,2026-08-04 16:35:00,2026-08-05 00:35:00,92.619,92.63,92.612,92.616,663.0
2026-08-04 19:40:00,2026-08-04 16:40:00,2026-08-05 00:40:00,92.616,92.629,92.61,92.626,655.0
2026-08-04 19:45:00,2026-08-04 16:45:00,2026-08-05 00:45:00,92.627,92.628,92.596,92.625,618.0
2026-08-04 19:50:00,2026-08-04 16:50:00,2026-08-05 00:50:00,92.626,92.648,92.625,92.646,542.0
2026-08-04 19:55:00,2026-08-04 16:55:00,2026-08-05 00:55:00,92.644,92.646,92.629,92.637,521.0
2026-08-04 20:00:00,2026-08-04 17:00:00,2026-08-05 01:00:00,92.639,92.659,92.622,92.652,602.0
2026-08-04 20:05:00,2026-08-04 17:05:00,2026-08-05 01:05:00,92.653,92.694,92.652,92.683,851.0
2026-08-04 20:10:00,2026-08-04 17:10:00,2026-08-05 01:10:00,92.684,92.684,92.656,92.669,635.0
2026-08-04 20:15:00,2026-08-04 17:15:00,2026-08-05 01:15:00,92.67,92.673,92.646,92.649,757.0
2026-08-04 20:20:00,2026-08-04 17:20:00,2026-08-05 01:20:00,92.648,92.694,92.648,92.689,673.0
2026-08-04 20:25:00,2026-08-04 17:25:00,2026-08-05 01:25:00,92.687,92.721,92.687,92.72,649.0
2026-08-04 20:30:00,2026-08-04 17:30:00,2026-08-05 01:30:00,92.722,92.73,92.707,92.707,594.0
2026-08-04 20:35:00,2026-08-04 17:35:00,2026-08-05 01:35:00,92.708,92.714,92.697,92.705,411.0
2026-08-04 20:40:00,2026-08-04 17:40:00,2026-08-05 01:40:00,92.706,92.733,92.701,92.725,470.0
2026-08-04 20:45:00,2026-08-04 17:45:00,2026-08-05 01:45:00,92.726,92.774,92.719,92.767,513.0
2026-08-04 20:50:00,2026-08-04 17:50:00,2026-08-05 01:50:00,92.766,92.772,92.729,92.732,462.0
2026-08-04 20:55:00,2026-08-04 17:55:00,2026-08-05 01:55:00,92.732,92.735,92.701,92.731,512.0
2026-08-04 21:00:00,2026-08-04 18:00:00,2026-08-05 02:00:00,92.732,92.753,92.701,92.75,565.0
2026-08-04 21:05:00,2026-08-04 18:05:00,2026-08-05 02:05:00,92.75,92.782,92.75,92.761,601.0
2026-08-04 21:10:00,2026-08-04 18:10:00,2026-08-05 02:10:00,92.761,92.77,92.747,92.767,502.0
2026-08-04 21:15:00,2026-08-04 18:15:00,2026-08-05 02:15:00,92.766,92.77,92.729,92.74,573.0
2026-08-04 21:20:00,2026-08-04 18:20:00,2026-08-05 02:20:00,92.738,92.761,92.735,92.748,490.0
2026-08-04 21:25:00,2026-08-04 18:25:00,2026-08-05 02:25:00,92.749,92.768,92.745,92.747,549.0
2026-08-04 21:30:00,2026-08-04 18:30:00,2026-08-05 02:30:00,92.747,92.752,92.732,92.737,646.0
2026-08-04 21:35:00,2026-08-04 18:35:00,2026-08-05 02:35:00,92.736,92.745,92.718,92.738,634.0
2026-08-04 21:40:00,2026-08-04 18:40:00,2026-08-05 02:40:00,92.738,92.762,92.717,92.751,579.0
2026-08-04 21:45:00,2026-08-04 18:45:00,2026-08-05 02:45:00,92.75,92.806,92.749,92.803,1073.0
2026-08-04 21:50:00,2026-08-04 18:50:00,2026-08-05 02:50:00,92.802,92.807,92.786,92.806,776.0
2026-08-04 21:55:00,2026-08-04 18:55:00,2026-08-05 02:55:00,92.805,92.816,92.785,92.787,639.0
2026-08-04 22:00:00,2026-08-04 19:00:00,2026-08-05 03:00:00,92.786,92.791,92.768,92.775,690.0
2026-08-04 22:05:00,2026-08-04 19:05:00,2026-08-05 03:05:00,92.775,92.785,92.765,92.777,644.0
2026-08-04 22:10:00,2026-08-04 19:10:00,2026-08-05 03:10:00,92.778,92.795,92.773,92.78,697.0
2026-08-04 22:15:00,2026-08-04 19:15:00,2026-08-05 03:15:00,92.78,92.8,92.769,92.78,683.0
2026-08-04 22:20:00,2026-08-04 19:20:00,2026-08-05 03:20:00,92.781,92.784,92.762,92.775,673.0
2026-08-04 22:25:00,2026-08-04 19:25:00,2026-08-05 03:25:00,92.774,92.788,92.756,92.77,630.0
2026-08-04 22:30:00,2026-08-04 19:30:00,2026-08-05 03:30:00,92.769,92.804,92.734,92.763,983.0
2026-08-04 22:35:00,2026-08-04 19:35:00,2026-08-05 03:35:00,92.764,92.772,92.702,92.708,985.0
2026-08-04 22:40:00,2026-08-04 19:40:00,2026-08-05 03:40:00,92.709,92.758,92.693,92.755,1096.0
2026-08-04 22:45:00,2026-08-04 19:45:00,2026-08-05 03:45:00,92.758,92.761,92.719,92.759,1068.0
2026-08-04 22:50:00,2026-08-04 19:50:00,2026-08-05 03:50:00,92.761,92.761,92.734,92.746,974.0
2026-08-04 22:55:00,2026-08-04 19:55:00,2026-08-05 03:55:00,92.745,92.756,92.617,92.651,1420.0
2026-08-04 23:00:00,2026-08-04 20:00:00,2026-08-05 04:00:00,92.647,92.671,92.62,92.638,1097.0
2026-08-04 23:05:00,2026-08-04 20:05:00,2026-08-05 04:05:00,92.638,92.66,92.605,92.625,1032.0
2026-08-04 23:10:00,2026-08-04 20:10:00,2026-08-05 04:10:00,92.625,92.649,92.594,92.63,909.0
2026-08-04 23:15:00,2026-08-04 20:15:00,2026-08-05 04:15:00,92.628,92.679,92.627,92.679,888.0
2026-08-04 23:20:00,2026-08-04 20:20:00,2026-08-05 04:20:00,92.678,92.711,92.666,92.691,911.0
2026-08-04 23:25:00,2026-08-04 20:25:00,2026-08-05 04:25:00,92.693,92.694,92.65,92.678,603.0
2026-08-04 23:30:00,2026-08-04 20:30:00,2026-08-05 04:30:00,92.677,92.693,92.656,92.681,539.0
2026-08-04 23:35:00,2026-08-04 20:35:00,2026-08-05 04:35:00,92.682,92.727,92.673,92.711,863.0
2026-08-04 23:40:00,2026-08-04 20:40:00,2026-08-05 04:40:00,92.71,92.729,92.707,92.715,616.0
2026-08-04 23:45:00,2026-08-04 20:45:00,2026-08-05 04:45:00,92.714,92.725,92.681,92.702,843.0
2026-08-04 23:50:00,2026-08-04 20:50:00,2026-08-05 04:50:00,92.701,92.734,92.699,92.702,704.0
2026-08-04 23:55:00,2026-08-04 20:55:00,2026-08-05 04:55:00,92.701,92.717,92.688,92.717,735.0
2026-08-05 00:00:00,2026-08-04 21:00:00,2026-08-05 05:00:00,92.714,92.715,92.646,92.656,814.0
2026-08-05 00:05:00,2026-08-04 21:05:00,2026-08-05 05:05:00,92.657,92.691,92.652,92.674,641.0
2026-08-05 00:10:00,2026-08-04 21:10:00,2026-08-05 05:10:00,92.674,92.692,92.662,92.69,738.0
2026-08-05 00:15:00,2026-08-04 21:15:00,2026-08-05 05:15:00,92.688,92.696,92.66,92.66,643.0
2026-08-05 00:20:00,2026-08-04 21:20:00,2026-08-05 05:20:00,92.66,92.71,92.64,92.689,1236.0
2026-08-05 00:25:00,2026-08-04 21:25:00,2026-08-05 05:25:00,92.688,92.723,92.666,92.673,1043.0
2026-08-05 00:30:00,2026-08-04 21:30:00,2026-08-05 05:30:00,92.672,92.682,92.617,92.641,1101.0
2026-08-05 00:35:00,2026-08-04 21:35:00,2026-08-05 05:35:00,92.642,92.652,92.589,92.603,1015.0
2026-08-05 00:40:00,2026-08-04 21:40:00,2026-08-05 05:40:00,92.6,92.637,92.58,92.614,1019.0
2026-08-05 00:45:00,2026-08-04 21:45:00,2026-08-05 05:45:00,92.613,92.703,92.613,92.696,1010.0
2026-08-05 00:50:00,2026-08-04 21:50:00,2026-08-05 05:50:00,92.695,92.717,92.666,92.703,1011.0
2026-08-05 00:55:00,2026-08-04 21:55:00,2026-08-05 05:55:00,92.7,92.738,92.7,92.725,1010.0
2026-08-05 01:00:00,2026-08-04 22:00:00,2026-08-05 06:00:00,92.718,92.76,92.645,92.729,727.0
2026-08-05 01:05:00,2026-08-04 22:05:00,2026-08-05 06:05:00,92.728,92.732,92.699,92.709,1060.0
2026-08-05 01:10:00,2026-08-04 22:10:00,2026-08-05 06:10:00,92.705,92.74,92.689,92.728,1066.0
2026-08-05 01:15:00,2026-08-04 22:15:00,2026-08-05 06:15:00,92.73,92.759,92.705,92.745,842.0
2026-08-05 01:20:00,2026-08-04 22:20:00,2026-08-05 06:20:00,92.747,92.782,92.733,92.777,932.0
2026-08-05 01:25:00,2026-08-04 22:25:00,2026-08-05 06:25:00,92.778,92.797,92.766,92.789,895.0
2026-08-05 01:30:00,2026-08-04 22:30:00,2026-08-05 06:30:00,92.79,92.791,92.768,92.769,897.0
2026-08-05 01:35:00,2026-08-04 22:35:00,2026-08-05 06:35:00,92.768,92.793,92.768,92.778,1025.0
2026-08-05 01:40:00,2026-08-04 22:40:00,2026-08-05 06:40:00,92.777,92.79,92.772,92.778,634.0
2026-08-05 01:45:00,2026-08-04 22:45:00,2026-08-05 06:45:00,92.777,92.786,92.765,92.783,843.0
2026-08-05 01:50:00,2026-08-04 22:50:00,2026-08-05 06:50:00,92.782,92.792,92.752,92.753,1011.0
2026-08-05 01:55:00,2026-08-04 22:55:00,2026-08-05 06:55:00,92.756,92.762,92.723,92.723,934.0
2026-08-05 02:00:00,2026-08-04 23:00:00,2026-08-05 07:00:00,92.724,92.751,92.722,92.748,1050.0
2026-08-05 02:05:00,2026-08-04 23:05:00,2026-08-05 07:05:00,92.747,92.748,92.68,92.693,808.0
2026-08-05 02:10:00,2026-08-04 23:10:00,2026-08-05 07:10:00,92.693,92.695,92.667,92.667,756.0
2026-08-05 02:15:00,2026-08-04 23:15:00,2026-08-05 07:15:00,92.667,92.675,92.652,92.663,735.0
2026-08-05 02:20:00,2026-08-04 23:20:00,2026-08-05 07:20:00,92.666,92.69,92.664,92.678,663.0
2026-08-05 02:25:00,2026-08-04 23:25:00,2026-08-05 07:25:00,92.678,92.688,92.666,92.671,508.0
2026-08-05 02:30:00,2026-08-04 23:30:00,2026-08-05 07:30:00,92.67,92.681,92.635,92.649,710.0
2026-08-05 02:35:00,2026-08-04 23:35:00,2026-08-05 07:35:00,92.65,92.653,92.624,92.624,820.0
2026-08-05 02:40:00,2026-08-04 23:40:00,2026-08-05 07:40:00,92.624,92.642,92.615,92.616,830.0
2026-08-05 02:45:00,2026-08-04 23:45:00,2026-08-05 07:45:00,92.616,92.625,92.602,92.622,665.0
2026-08-05 02:50:00,2026-08-04 23:50:00,2026-08-05 07:50:00,92.624,92.662,92.623,92.657,677.0
2026-08-05 02:55:00,2026-08-04 23:55:00,2026-08-05 07:55:00,92.655,92.692,92.655,92.692,860.0
2026-08-05 03:00:00,2026-08-05 00:00:00,2026-08-05 08:00:00,92.691,92.713,92.685,92.703,689.0
2026-08-05 03:05:00,2026-08-05 00:05:00,2026-08-05 08:05:00,92.704,92.722,92.697,92.716,664.0
2026-08-05 03:10:00,2026-08-05 00:10:00,2026-08-05 08:10:00,92.715,92.735,92.713,92.718,569.0
2026-08-05 03:15:00,2026-08-05 00:15:00,2026-08-05 08:15:00,92.718,92.718,92.682,92.685,590.0
2026-08-05 03:20:00,2026-08-05 00:20:00,2026-08-05 08:20:00,92.684,92.717,92.682,92.714,614.0
2026-08-05 03:25:00,2026-08-05 00:25:00,2026-08-05 08:25:00,92.714,92.744,92.709,92.725,510.0
2026-08-05 03:30:00,2026-08-05 00:30:00,2026-08-05 08:30:00,92.725,92.762,92.72,92.761,557.0
2026-08-05 03:35:00,2026-08-05 00:35:00,2026-08-05 08:35:00,92.764,92.772,92.749,92.752,638.0
2026-08-05 03:40:00,2026-08-05 00:40:00,2026-08-05 08:40:00,92.753,92.785,92.748,92.783,485.0
2026-08-05 03:45:00,2026-08-05 00:45:00,2026-08-05 08:45:00,92.781,92.793,92.772,92.783,500.0
2026-08-05 03:50:00,2026-08-05 00:50:00,2026-08-05 08:50:00,92.782,92.795,92.781,92.783,494.0
2026-08-05 03:55:00,2026-08-05 00:55:00,2026-08-05 08:55:00,92.782,92.787,92.757,92.759,568.0
2026-08-05 04:00:00,2026-08-05 01:00:00,2026-08-05 09:00:00,92.76,92.783,92.748,92.781,583.0
2026-08-05 04:05:00,2026-08-05 01:05:00,2026-08-05 09:05:00,92.782,92.797,92.773,92.795,585.0
2026-08-05 04:10:00,2026-08-05 01:10:00,2026-08-05 09:10:00,92.793,92.8,92.784,92.797,627.0
2026-08-05 04:15:00,2026-08-05 01:15:00,2026-08-05 09:15:00,92.799,92.813,92.792,92.809,668.0
2026-08-05 04:20:00,2026-08-05 01:20:00,2026-08-05 09:20:00,92.807,92.826,92.805,92.826,585.0
2026-08-05 04:25:00,2026-08-05 01:25:00,2026-08-05 09:25:00,92.826,92.832,92.812,92.815,671.0
2026-08-05 04:30:00,2026-08-05 01:30:00,2026-08-05 09:30:00,92.816,92.829,92.814,92.823,499.0
2026-08-05 04:35:00,2026-08-05 01:35:00,2026-08-05 09:35:00,92.823,92.848,92.815,92.847,368.0
2026-08-05 04:40:00,2026-08-05 01:40:00,2026-08-05 09:40:00,92.847,92.855,92.837,92.853,480.0
2026-08-05 04:45:00,2026-08-05 01:45:00,2026-08-05 09:45:00,92.854,92.859,92.843,92.851,445.0
2026-08-05 04:50:00,2026-08-05 01:50:00,2026-08-05 09:50:00,92.851,92.852,92.812,92.814,474.0
2026-08-05 04:55:00,2026-08-05 01:55:00,2026-08-05 09:55:00,92.816,92.834,92.812,92.825,518.0
2026-08-05 05:00:00,2026-08-05 02:00:00,2026-08-05 10:00:00,92.825,92.845,92.824,92.841,539.0
2026-08-05 05:05:00,2026-08-05 02:05:00,2026-08-05 10:05:00,92.839,92.854,92.822,92.826,632.0
2026-08-05 05:10:00,2026-08-05 02:10:00,2026-08-05 10:10:00,92.825,92.832,92.816,92.826,689.0
2026-08-05 05:15:00,2026-08-05 02:15:00,2026-08-05 10:15:00,92.827,92.844,92.821,92.84,885.0
2026-08-05 05:20:00,2026-08-05 02:20:00,2026-08-05 10:20:00,92.841,92.851,92.832,92.841,620.0
2026-08-05 05:25:00,2026-08-05 02:25:00,2026-08-05 10:25:00,92.841,92.845,92.817,92.837,714.0
2026-08-05 05:30:00,2026-08-05 02:30:00,2026-08-05 10:30:00,92.838,92.843,92.82,92.821,700.0
2026-08-05 05:35:00,2026-08-05 02:35:00,2026-08-05 10:35:00,92.821,92.841,92.821,92.841,709.0
2026-08-05 05:40:00,2026-08-05 02:40:00,2026-08-05 10:40:00,92.841,92.858,92.829,92.853,616.0
2026-08-05 05:45:00,2026-08-05 02:45:00,2026-08-05 10:45:00,92.854,92.874,92.851,92.872,467.0
2026-08-05 05:50:00,2026-08-05 02:50:00,2026-08-05 10:50:00,92.872,92.915,92.87,92.904,493.0
2026-08-05 05:55:00,2026-08-05 02:55:00,2026-08-05 10:55:00,92.904,92.91,92.884,92.893,728.0
2026-08-05 06:00:00,2026-08-05 03:00:00,2026-08-05 11:00:00,92.888,92.94,92.887,92.936,654.0
2026-08-05 06:05:00,2026-08-05 03:05:00,2026-08-05 11:05:00,92.935,92.959,92.934,92.953,806.0
2026-08-05 06:10:00,2026-08-05 03:10:00,2026-08-05 11:10:00,92.951,92.963,92.947,92.961,721.0
2026-08-05 06:15:00,2026-08-05 03:15:00,2026-08-05 11:15:00,92.962,92.974,92.953,92.96,417.0
2026-08-05 06:20:00,2026-08-05 03:20:00,2026-08-05 11:20:00,92.962,92.974,92.96,92.964,360.0
2026-08-05 06:25:00,2026-08-05 03:25:00,2026-08-05 11:25:00,92.964,92.981,92.964,92.977,507.0
2026-08-05 06:30:00,2026-08-05 03:30:00,2026-08-05 11:30:00,92.98,92.984,92.961,92.967,524.0
2026-08-05 06:35:00,2026-08-05 03:35:00,2026-08-05 11:35:00,92.966,92.979,92.955,92.974,477.0
2026-08-05 06:40:00,2026-08-05 03:40:00,2026-08-05 11:40:00,92.974,92.99,92.97,92.985,378.0
2026-08-05 06:45:00,2026-08-05 03:45:00,2026-08-05 11:45:00,92.989,92.995,92.984,92.992,377.0
2026-08-05 06:50:00,2026-08-05 03:50:00,2026-08-05 11:50:00,92.989,92.999,92.977,92.997,428.0
2026-08-05 06:55:00,2026-08-05 03:55:00,2026-08-05 11:55:00,92.995,92.995,92.941,92.974,682.0
2026-08-05 07:00:00,2026-08-05 04:00:00,2026-08-05 12:00:00,92.973,92.986,92.96,92.973,568.0
2026-08-05 07:05:00,2026-08-05 04:05:00,2026-08-05 12:05:00,92.974,92.983,92.964,92.982,508.0
2026-08-05 07:10:00,2026-08-05 04:10:00,2026-08-05 12:10:00,92.981,92.994,92.976,92.993,640.0
2026-08-05 07:15:00,2026-08-05 04:15:00,2026-08-05 12:15:00,92.99,92.99,92.956,92.958,442.0
2026-08-05 07:20:00,2026-08-05 04:20:00,2026-08-05 12:20:00,92.958,92.964,92.95,92.956,402.0
2026-08-05 07:25:00,2026-08-05 04:25:00,2026-08-05 12:25:00,92.958,92.962,92.948,92.953,364.0
2026-08-05 07:30:00,2026-08-05 04:30:00,2026-08-05 12:30:00,92.953,92.974,92.949,92.969,369.0
2026-08-05 07:35:00,2026-08-05 04:35:00,2026-08-05 12:35:00,92.969,92.974,92.957,92.961,285.0
2026-08-05 07:40:00,2026-08-05 04:40:00,2026-08-05 12:40:00,92.961,92.971,92.954,92.971,197.0
2026-08-05 07:45:00,2026-08-05 04:45:00,2026-08-05 12:45:00,92.969,92.991,92.967,92.986,234.0
2026-08-05 07:50:00,2026-08-05 04:50:00,2026-08-05 12:50:00,92.985,92.99,92.968,92.984,274.0
2026-08-05 07:55:00,2026-08-05 04:55:00,2026-08-05 12:55:00,92.984,92.986,92.971,92.973,313.0
2026-08-05 08:15:00,2026-08-05 05:15:00,2026-08-05 13:15:00,92.874,92.899,92.861,92.896,64.0
2026-08-05 08:20:00,2026-08-05 05:20:00,2026-08-05 13:20:00,92.897,92.912,92.868,92.904,49.0
2026-08-05 08:25:00,2026-08-05 05:25:00,2026-08-05 13:25:00,92.919,92.966,92.908,92.914,250.0
2026-08-05 08:30:00,2026-08-05 05:30:00,2026-08-05 13:30:00,92.941,92.945,92.924,92.936,140.0
2026-08-05 08:35:00,2026-08-05 05:35:00,2026-08-05 13:35:00,92.935,92.941,92.842,92.843,244.0
2026-08-05 08:40:00,2026-08-05 05:40:00,2026-08-05 13:40:00,92.844,92.893,92.839,92.843,189.0
2026-08-05 08:45:00,2026-08-05 05:45:00,2026-08-05 13:45:00,92.845,92.859,92.835,92.841,161.0
2026-08-05 08:50:00,2026-08-05 05:50:00,2026-08-05 13:50:00,92.841,92.934,92.835,92.899,141.0
2026-08-05 08:55:00,2026-08-05 05:55:00,2026-08-05 13:55:00,92.906,92.966,92.897,92.93,153.0
2026-08-05 09:00:00,2026-08-05 06:00:00,2026-08-05 14:00:00,92.957,92.975,92.94,92.975,532.0
2026-08-05 09:05:00,2026-08-05 06:05:00,2026-08-05 14:05:00,92.974,92.977,92.93,92.947,390.0
2026-08-05 09:10:00,2026-08-05 06:10:00,2026-08-05 14:10:00,92.948,92.963,92.935,92.954,457.0
2026-08-05 09:15:00,2026-08-05 06:15:00,2026-08-05 14:15:00,92.957,92.957,92.942,92.954,253.0
2026-08-05 09:20:00,2026-08-05 06:20:00,2026-08-05 14:20:00,92.954,92.973,92.946,92.972,308.0
2026-08-05 09:25:00,2026-08-05 06:25:00,2026-08-05 14:25:00,92.971,93.001,92.961,92.999,358.0
2026-08-05 09:30:00,2026-08-05 06:30:00,2026-08-05 14:30:00,93.004,93.007,92.983,92.995,308.0
2026-08-05 09:35:00,2026-08-05 06:35:00,2026-08-05 14:35:00,92.996,93.001,92.971,92.994,294.0
2026-08-05 09:40:00,2026-08-05 06:40:00,2026-08-05 14:40:00,92.996,93.008,92.952,92.954,325.0
2026-08-05 09:45:00,2026-08-05 06:45:00,2026-08-05 14:45:00,92.949,92.995,92.725,92.82,731.0
2026-08-05 09:50:00,2026-08-05 06:50:00,2026-08-05 14:50:00,92.823,92.887,92.823,92.839,379.0
2026-08-05 09:55:00,2026-08-05 06:55:00,2026-08-05 14:55:00,92.83,92.87,92.813,92.869,394.0
2026-08-05 10:00:00,2026-08-05 07:00:00,2026-08-05 15:00:00,92.868,92.869,92.802,92.815,491.0
2026-08-05 10:05:00,2026-08-05 07:05:00,2026-08-05 15:05:00,92.814,92.826,92.737,92.744,469.0
2026-08-05 10:10:00,2026-08-05 07:10:00,2026-08-05 15:10:00,92.746,92.778,92.738,92.759,413.0
2026-08-05 10:15:00,2026-08-05 07:15:00,2026-08-05 15:15:00,92.758,92.774,92.713,92.735,484.0
2026-08-05 10:20:00,2026-08-05 07:20:00,2026-08-05 15:20:00,92.736,92.753,92.727,92.737,211.0
2026-08-05 10:25:00,2026-08-05 07:25:00,2026-08-05 15:25:00,92.737,92.74,92.721,92.739,252.0
2026-08-05 10:30:00,2026-08-05 07:30:00,2026-08-05 15:30:00,92.736,92.763,92.732,92.735,271.0
2026-08-05 10:35:00,2026-08-05 07:35:00,2026-08-05 15:35:00,92.736,92.747,92.666,92.687,383.0
2026-08-05 10:40:00,2026-08-05 07:40:00,2026-08-05 15:40:00,92.683,92.708,92.655,92.674,330.0
2026-08-05 10:45:00,2026-08-05 07:45:00,2026-08-05 15:45:00,92.675,92.682,92.646,92.651,305.0
2026-08-05 10:50:00,2026-08-05 07:50:00,2026-08-05 15:50:00,92.652,92.666,92.622,92.647,532.0
2026-08-05 10:55:00,2026-08-05 07:55:00,2026-08-05 15:55:00,92.648,92.651,92.625,92.651,398.0
2026-08-05 11:00:00,2026-08-05 08:00:00,2026-08-05 16:00:00,92.652,92.721,92.647,92.72,799.0
2026-08-05 11:05:00,2026-08-05 08:05:00,2026-08-05 16:05:00,92.72,92.728,92.693,92.708,757.0
2026-08-05 11:10:00,2026-08-05 08:10:00,2026-08-05 16:10:00,92.709,92.71,92.673,92.684,619.0
2026-08-05 11:15:00,2026-08-05 08:15:00,2026-08-05 16:15:00,92.685,92.72,92.659,92.66,787.0
2026-08-05 11:20:00,2026-08-05 08:20:00,2026-08-05 16:20:00,92.66,92.681,92.649,92.681,773.0
2026-08-05 11:25:00,2026-08-05 08:25:00,2026-08-05 16:25:00,92.682,92.693,92.636,92.675,622.0
2026-08-05 11:30:00,2026-08-05 08:30:00,2026-08-05 16:30:00,92.675,92.685,92.627,92.63,572.0
2026-08-05 11:35:00,2026-08-05 08:35:00,2026-08-05 16:35:00,92.63,92.676,92.602,92.671,552.0
2026-08-05 11:40:00,2026-08-05 08:40:00,2026-08-05 16:40:00,92.673,92.706,92.669,92.688,583.0
2026-08-05 11:45:00,2026-08-05 08:45:00,2026-08-05 16:45:00,92.689,92.689,92.595,92.6,739.0
2026-08-05 11:50:00,2026-08-05 08:50:00,2026-08-05 16:50:00,92.599,92.642,92.597,92.62,1138.0
2026-08-05 11:55:00,2026-08-05 08:55:00,2026-08-05 16:55:00,92.619,92.629,92.567,92.596,1066.0
2026-08-05 12:00:00,2026-08-05 09:00:00,2026-08-05 17:00:00,92.594,92.609,92.572,92.593,989.0
2026-08-05 12:05:00,2026-08-05 09:05:00,2026-08-05 17:05:00,92.592,92.608,92.569,92.589,909.0
2026-08-05 12:10:00,2026-08-05 09:10:00,2026-08-05 17:10:00,92.588,92.603,92.576,92.58,837.0
2026-08-05 12:15:00,2026-08-05 09:15:00,2026-08-05 17:15:00,92.581,92.618,92.579,92.582,961.0
2026-08-05 12:20:00,2026-08-05 09:20:00,2026-08-05 17:20:00,92.58,92.604,92.539,92.55,850.0
2026-08-05 12:25:00,2026-08-05 09:25:00,2026-08-05 17:25:00,92.549,92.595,92.545,92.592,698.0
2026-08-05 12:30:00,2026-08-05 09:30:00,2026-08-05 17:30:00,92.59,92.596,92.516,92.529,791.0
2026-08-05 12:35:00,2026-08-05 09:35:00,2026-08-05 17:35:00,92.53,92.554,92.516,92.535,602.0
2026-08-05 12:40:00,2026-08-05 09:40:00,2026-08-05 17:40:00,92.535,92.547,92.52,92.52,525.0
2026-08-05 12:45:00,2026-08-05 09:45:00,2026-08-05 17:45:00,92.521,92.538,92.495,92.503,547.0
2026-08-05 12:50:00,2026-08-05 09:50:00,2026-08-05 17:50:00,92.504,92.53,92.497,92.521,622.0
2026-08-05 12:55:00,2026-08-05 09:55:00,2026-08-05 17:55:00,92.522,92.53,92.509,92.528,618.0
2026-08-05 13:00:00,2026-08-05 10:00:00,2026-08-05 18:00:00,92.527,92.552,92.519,92.533,967.0
2026-08-05 13:05:00,2026-08-05 10:05:00,2026-08-05 18:05:00,92.534,92.549,92.503,92.52,797.0
2026-08-05 13:10:00,2026-08-05 10:10:00,2026-08-05 18:10:00,92.52,92.525,92.441,92.443,738.0
2026-08-05 13:15:00,2026-08-05 10:15:00,2026-08-05 18:15:00,92.444,92.454,92.418,92.454,582.0
2026-08-05 13:20:00,2026-08-05 10:20:00,2026-08-05 18:20:00,92.451,92.464,92.43,92.431,864.0
2026-08-05 13:25:00,2026-08-05 10:25:00,2026-08-05 18:25:00,92.43,92.455,92.388,92.455,979.0
2026-08-05 13:30:00,2026-08-05 10:30:00,2026-08-05 18:30:00,92.454,92.455,92.43,92.445,988.0
2026-08-05 13:35:00,2026-08-05 10:35:00,2026-08-05 18:35:00,92.445,92.489,92.432,92.45,852.0
2026-08-05 13:40:00,2026-08-05 10:40:00,2026-08-05 18:40:00,92.449,92.469,92.425,92.461,890.0
2026-08-05 13:45:00,2026-08-05 10:45:00,2026-08-05 18:45:00,92.461,92.485,92.456,92.476,670.0
2026-08-05 13:50:00,2026-08-05 10:50:00,2026-08-05 18:50:00,92.475,92.514,92.471,92.507,854.0
2026-08-05 13:55:00,2026-08-05 10:55:00,2026-08-05 18:55:00,92.506,92.522,92.495,92.506,821.0
2026-08-05 14:00:00,2026-08-05 11:00:00,2026-08-05 19:00:00,92.506,92.54,92.5,92.534,797.0
2026-08-05 14:05:00,2026-08-05 11:05:00,2026-08-05 19:05:00,92.535,92.56,92.531,92.555,773.0
2026-08-05 14:10:00,2026-08-05 11:10:00,2026-08-05 19:10:00,92.556,92.56,92.538,92.549,765.0
2026-08-05 14:15:00,2026-08-05 11:15:00,2026-08-05 19:15:00,92.549,92.55,92.521,92.524,871.0
2026-08-05 14:20:00,2026-08-05 11:20:00,2026-08-05 19:20:00,92.526,92.539,92.514,92.515,639.0
2026-08-05 14:25:00,2026-08-05 11:25:00,2026-08-05 19:25:00,92.516,92.533,92.51,92.519,454.0
2026-08-05 14:30:00,2026-08-05 11:30:00,2026-08-05 19:30:00,92.52,92.532,92.513,92.523,529.0
2026-08-05 14:35:00,2026-08-05 11:35:00,2026-08-05 19:35:00,92.522,92.544,92.517,92.525,646.0
2026-08-05 14:40:00,2026-08-05 11:40:00,2026-08-05 19:40:00,92.525,92.548,92.516,92.517,713.0
2026-08-05 14:45:00,2026-08-05 11:45:00,2026-08-05 19:45:00,92.516,92.524,92.486,92.498,684.0
2026-08-05 14:50:00,2026-08-05 11:50:00,2026-08-05 19:50:00,92.498,92.502,92.472,92.475,569.0
2026-08-05 14:55:00,2026-08-05 11:55:00,2026-08-05 19:55:00,92.474,92.478,92.43,92.436,737.0
2026-08-05 15:00:00,2026-08-05 12:00:00,2026-08-05 20:00:00,92.435,92.462,92.434,92.458,510.0
2026-08-05 15:05:00,2026-08-05 12:05:00,2026-08-05 20:05:00,92.458,92.47,92.455,92.463,501.0
2026-08-05 15:10:00,2026-08-05 12:10:00,2026-08-05 20:10:00,92.464,92.485,92.453,92.482,451.0
2026-08-05 15:15:00,2026-08-05 12:15:00,2026-08-05 20:15:00,92.481,92.485,92.464,92.483,455.0
2026-08-05 15:20:00,2026-08-05 12:20:00,2026-08-05 20:20:00,92.483,92.509,92.481,92.49,459.0
2026-08-05 15:25:00,2026-08-05 12:25:00,2026-08-05 20:25:00,92.49,92.493,92.472,92.486,411.0
2026-08-05 15:30:00,2026-08-05 12:30:00,2026-08-05 20:30:00,92.483,92.522,92.483,92.521,471.0
2026-08-05 15:35:00,2026-08-05 12:35:00,2026-08-05 20:35:00,92.523,92.53,92.511,92.523,507.0
2026-08-05 15:40:00,2026-08-05 12:40:00,2026-08-05 20:40:00,92.524,92.537,92.516,92.53,541.0
2026-08-05 15:45:00,2026-08-05 12:45:00,2026-08-05 20:45:00,92.53,92.567,92.527,92.549,563.0
2026-08-05 15:50:00,2026-08-05 12:50:00,2026-08-05 20:50:00,92.548,92.569,92.548,92.562,436.0
2026-08-05 15:55:00,2026-08-05 12:55:00,2026-08-05 20:55:00,92.568,92.573,92.539,92.562,929.0
2026-08-05 16:00:00,2026-08-05 13:00:00,2026-08-05 21:00:00,92.566,92.566,92.539,92.547,773.0
2026-08-05 16:05:00,2026-08-05 13:05:00,2026-08-05 21:05:00,92.548,92.55,92.529,92.546,480.0
2026-08-05 16:10:00,2026-08-05 13:10:00,2026-08-05 21:10:00,92.548,92.558,92.541,92.549,685.0
2026-08-05 16:15:00,2026-08-05 13:15:00,2026-08-05 21:15:00,92.55,92.567,92.537,92.562,853.0
2026-08-05 16:20:00,2026-08-05 13:20:00,2026-08-05 21:20:00,92.564,92.569,92.54,92.546,774.0
2026-08-05 16:25:00,2026-08-05 13:25:00,2026-08-05 21:25:00,92.545,92.55,92.522,92.528,837.0
2026-08-05 16:30:00,2026-08-05 13:30:00,2026-08-05 21:30:00,92.528,92.577,92.527,92.569,750.0
2026-08-05 16:35:00,2026-08-05 13:35:00,2026-08-05 21:35:00,92.568,92.569,92.551,92.559,587.0
2026-08-05 16:40:00,2026-08-05 13:40:00,2026-08-05 21:40:00,92.56,92.562,92.536,92.544,439.0
2026-08-05 16:45:00,2026-08-05 13:45:00,2026-08-05 21:45:00,92.544,92.559,92.524,92.558,515.0
2026-08-05 16:50:00,2026-08-05 13:50:00,2026-08-05 21:50:00,92.558,92.579,92.542,92.545,508.0
2026-08-05 16:55:00,2026-08-05 13:55:00,2026-08-05 21:55:00,92.543,92.569,92.537,92.562,517.0
2026-08-05 17:00:00,2026-08-05 14:00:00,2026-08-05 22:00:00,92.564,92.572,92.554,92.569,738.0
2026-08-05 17:05:00,2026-08-05 14:05:00,2026-08-05 22:05:00,92.57,92.589,92.565,92.584,481.0
2026-08-05 17:10:00,2026-08-05 14:10:00,2026-08-05 22:10:00,92.584,92.597,92.576,92.576,552.0
2026-08-05 17:15:00,2026-08-05 14:15:00,2026-08-05 22:15:00,92.579,92.594,92.567,92.569,882.0
2026-08-05 17:20:00,2026-08-05 14:20:00,2026-08-05 22:20:00,92.568,92.591,92.563,92.574,666.0
2026-08-05 17:25:00,2026-08-05 14:25:00,2026-08-05 22:25:00,92.572,92.573,92.512,92.531,603.0
2026-08-05 17:30:00,2026-08-05 14:30:00,2026-08-05 22:30:00,92.532,92.537,92.456,92.491,906.0
2026-08-05 17:35:00,2026-08-05 14:35:00,2026-08-05 22:35:00,92.49,92.533,92.49,92.525,784.0
2026-08-05 17:40:00,2026-08-05 14:40:00,2026-08-05 22:40:00,92.523,92.549,92.522,92.543,722.0
2026-08-05 17:45:00,2026-08-05 14:45:00,2026-08-05 22:45:00,92.543,92.578,92.537,92.559,657.0
2026-08-05 17:50:00,2026-08-05 14:50:00,2026-08-05 22:50:00,92.558,92.591,92.547,92.569,779.0
2026-08-05 17:55:00,2026-08-05 14:55:00,2026-08-05 22:55:00,92.569,92.595,92.564,92.587,921.0
2026-08-05 18:00:00,2026-08-05 15:00:00,2026-08-05 23:00:00,92.589,92.598,92.546,92.549,1113.0
2026-08-05 18:05:00,2026-08-05 15:05:00,2026-08-05 23:05:00,92.548,92.576,92.538,92.552,963.0
2026-08-05 18:10:00,2026-08-05 15:10:00,2026-08-05 23:10:00,92.553,92.561,92.513,92.529,601.0
2026-08-05 18:15:00,2026-08-05 15:15:00,2026-08-05 23:15:00,92.531,92.543,92.513,92.521,692.0
2026-08-05 18:20:00,2026-08-05 15:20:00,2026-08-05 23:20:00,92.52,92.525,92.446,92.493,730.0
2026-08-05 18:25:00,2026-08-05 15:25:00,2026-08-05 23:25:00,92.493,92.494,92.436,92.468,664.0
2026-08-05 18:30:00,2026-08-05 15:30:00,2026-08-05 23:30:00,92.467,92.492,92.466,92.49,549.0
2026-08-05 18:35:00,2026-08-05 15:35:00,2026-08-05 23:35:00,92.491,92.492,92.447,92.468,659.0
2026-08-05 18:40:00,2026-08-05 15:40:00,2026-08-05 23:40:00,92.469,92.473,92.455,92.464,870.0
2026-08-05 18:45:00,2026-08-05 15:45:00,2026-08-05 23:45:00,92.465,92.524,92.458,92.523,538.0
2026-08-05 18:50:00,2026-08-05 15:50:00,2026-08-05 23:50:00,92.518,92.529,92.5,92.517,746.0
2026-08-05 18:55:00,2026-08-05 15:55:00,2026-08-05 23:55:00,92.516,92.573,92.512,92.571,884.0
2026-08-05 19:00:00,2026-08-05 16:00:00,2026-08-06 00:00:00,92.569,92.597,92.569,92.594,937.0
2026-08-05 19:05:00,2026-08-05 16:05:00,2026-08-06 00:05:00,92.593,92.594,92.549,92.557,573.0
2026-08-05 19:10:00,2026-08-05 16:10:00,2026-08-06 00:10:00,92.557,92.568,92.535,92.552,575.0
2026-08-05 19:15:00,2026-08-05 16:15:00,2026-08-06 00:15:00,92.551,92.577,92.55,92.573,547.0
2026-08-05 19:20:00,2026-08-05 16:20:00,2026-08-06 00:20:00,92.571,92.58,92.531,92.539,663.0
2026-08-05 19:25:00,2026-08-05 16:25:00,2026-08-06 00:25:00,92.538,92.58,92.529,92.579,726.0
2026-08-05 19:30:00,2026-08-05 16:30:00,2026-08-06 00:30:00,92.579,92.586,92.558,92.564,485.0
2026-08-05 19:35:00,2026-08-05 16:35:00,2026-08-06 00:35:00,92.564,92.58,92.561,92.566,586.0
2026-08-05 19:40:00,2026-08-05 16:40:00,2026-08-06 00:40:00,92.565,92.566,92.528,92.542,681.0
2026-08-05 19:45:00,2026-08-05 16:45:00,2026-08-06 00:45:00,92.542,92.542,92.502,92.525,628.0
2026-08-05 19:50:00,2026-08-05 16:50:00,2026-08-06 00:50:00,92.525,92.534,92.497,92.508,476.0
2026-08-05 19:55:00,2026-08-05 16:55:00,2026-08-06 00:55:00,92.507,92.513,92.479,92.485,564.0
2026-08-05 20:00:00,2026-08-05 17:00:00,2026-08-06 01:00:00,92.484,92.502,92.47,92.49,657.0
2026-08-05 20:05:00,2026-08-05 17:05:00,2026-08-06 01:05:00,92.491,92.545,92.488,92.536,731.0
2026-08-05 20:10:00,2026-08-05 17:10:00,2026-08-06 01:10:00,92.535,92.542,92.515,92.524,525.0
2026-08-05 20:15:00,2026-08-05 17:15:00,2026-08-06 01:15:00,92.523,92.527,92.485,92.498,635.0
2026-08-05 20:20:00,2026-08-05 17:20:00,2026-08-06 01:20:00,92.498,92.525,92.491,92.491,598.0
2026-08-05 20:25:00,2026-08-05 17:25:00,2026-08-06 01:25:00,92.492,92.534,92.491,92.522,569.0
2026-08-05 20:30:00,2026-08-05 17:30:00,2026-08-06 01:30:00,92.521,92.524,92.499,92.507,644.0
2026-08-05 20:35:00,2026-08-05 17:35:00,2026-08-06 01:35:00,92.508,92.528,92.492,92.527,555.0
2026-08-05 20:40:00,2026-08-05 17:40:00,2026-08-06 01:40:00,92.529,92.533,92.479,92.494,665.0
2026-08-05 20:45:00,2026-08-05 17:45:00,2026-08-06 01:45:00,92.495,92.519,92.484,92.514,533.0
2026-08-05 20:50:00,2026-08-05 17:50:00,2026-08-06 01:50:00,92.513,92.528,92.505,92.507,529.0
2026-08-05 20:55:00,2026-08-05 17:55:00,2026-08-06 01:55:00,92.509,92.516,92.482,92.505,680.0
2026-08-05 21:00:00,2026-08-05 18:00:00,2026-08-06 02:00:00,92.504,92.515,92.469,92.515,796.0
2026-08-05 21:05:00,2026-08-05 18:05:00,2026-08-06 02:05:00,92.513,92.517,92.49,92.496,466.0
2026-08-05 21:10:00,2026-08-05 18:10:00,2026-08-06 02:10:00,92.497,92.504,92.475,92.493,489.0
2026-08-05 21:15:00,2026-08-05 18:15:00,2026-08-06 02:15:00,92.495,92.527,92.486,92.525,499.0
2026-08-05 21:20:00,2026-08-05 18:20:00,2026-08-06 02:20:00,92.525,92.525,92.472,92.474,482.0
2026-08-05 21:25:00,2026-08-05 18:25:00,2026-08-06 02:25:00,92.474,92.486,92.461,92.473,556.0
2026-08-05 21:30:00,2026-08-05 18:30:00,2026-08-06 02:30:00,92.473,92.475,92.454,92.468,580.0
2026-08-05 21:35:00,2026-08-05 18:35:00,2026-08-06 02:35:00,92.468,92.482,92.458,92.458,361.0
2026-08-05 21:40:00,2026-08-05 18:40:00,2026-08-06 02:40:00,92.457,92.491,92.457,92.485,514.0
2026-08-05 21:45:00,2026-08-05 18:45:00,2026-08-06 02:45:00,92.485,92.49,92.47,92.482,441.0
2026-08-05 21:50:00,2026-08-05 18:50:00,2026-08-06 02:50:00,92.481,92.484,92.466,92.48,402.0
2026-08-05 21:55:00,2026-08-05 18:55:00,2026-08-06 02:55:00,92.48,92.497,92.474,92.491,527.0
2026-08-05 22:00:00,2026-08-05 19:00:00,2026-08-06 03:00:00,92.491,92.499,92.472,92.498,625.0
2026-08-05 22:05:00,2026-08-05 19:05:00,2026-08-06 03:05:00,92.498,92.514,92.491,92.505,605.0
2026-08-05 22:10:00,2026-08-05 19:10:00,2026-08-06 03:10:00,92.506,92.506,92.48,92.491,788.0
2026-08-05 22:15:00,2026-08-05 19:15:00,2026-08-06 03:15:00,92.496,92.496,92.428,92.435,645.0
2026-08-05 22:20:00,2026-08-05 19:20:00,2026-08-06 03:20:00,92.436,92.454,92.418,92.441,1061.0
2026-08-05 22:25:00,2026-08-05 19:25:00,2026-08-06 03:25:00,92.441,92.461,92.431,92.455,878.0
2026-08-05 22:30:00,2026-08-05 19:30:00,2026-08-06 03:30:00,92.455,92.489,92.453,92.47,870.0
2026-08-05 22:35:00,2026-08-05 19:35:00,2026-08-06 03:35:00,92.469,92.481,92.463,92.481,823.0
2026-08-05 22:40:00,2026-08-05 19:40:00,2026-08-06 03:40:00,92.48,92.498,92.454,92.472,726.0
2026-08-05 22:45:00,2026-08-05 19:45:00,2026-08-06 03:45:00,92.472,92.48,92.457,92.475,815.0
2026-08-05 22:50:00,2026-08-05 19:50:00,2026-08-06 03:50:00,92.475,92.502,92.47,92.49,589.0
2026-08-05 22:55:00,2026-08-05 19:55:00,2026-08-06 03:55:00,92.487,92.488,92.466,92.471,750.0
2026-08-05 23:00:00,2026-08-05 20:00:00,2026-08-06 04:00:00,92.472,92.498,92.469,92.496,640.0
2026-08-05 23:05:00,2026-08-05 20:05:00,2026-08-06 04:05:00,92.497,92.528,92.489,92.52,830.0
2026-08-05 23:10:00,2026-08-05 20:10:00,2026-08-06 04:10:00,92.519,92.523,92.481,92.482,656.0
2026-08-05 23:15:00,2026-08-05 20:15:00,2026-08-06 04:15:00,92.486,92.542,92.457,92.505,841.0
2026-08-05 23:20:00,2026-08-05 20:20:00,2026-08-06 04:20:00,92.505,92.526,92.486,92.524,1084.0
2026-08-05 23:25:00,2026-08-05 20:25:00,2026-08-06 04:25:00,92.522,92.53,92.517,92.526,819.0
2026-08-05 23:30:00,2026-08-05 20:30:00,2026-08-06 04:30:00,92.526,92.542,92.515,92.517,843.0
2026-08-05 23:35:00,2026-08-05 20:35:00,2026-08-06 04:35:00,92.518,92.552,92.509,92.544,825.0
2026-08-05 23:40:00,2026-08-05 20:40:00,2026-08-06 04:40:00,92.544,92.551,92.502,92.522,985.0
2026-08-05 23:45:00,2026-08-05 20:45:00,2026-08-06 04:45:00,92.521,92.527,92.497,92.511,938.0
2026-08-05 23:50:00,2026-08-05 20:50:00,2026-08-06 04:50:00,92.512,92.513,92.47,92.479,778.0
2026-08-05 23:55:00,2026-08-05 20:55:00,2026-08-06 04:55:00,92.479,92.505,92.464,92.492,824.0
2026-08-06 00:00:00,2026-08-05 21:00:00,2026-08-06 05:00:00,92.488,92.522,92.488,92.495,1054.0
2026-08-06 00:05:00,2026-08-05 21:05:00,2026-08-06 05:05:00,92.493,92.534,92.488,92.5,822.0
2026-08-06 00:10:00,2026-08-05 21:10:00,2026-08-06 05:10:00,92.501,92.528,92.493,92.524,899.0
2026-08-06 00:15:00,2026-08-05 21:15:00,2026-08-06 05:15:00,92.526,92.536,92.465,92.488,891.0
2026-08-06 00:20:00,2026-08-05 21:20:00,2026-08-06 05:20:00,92.49,92.539,92.482,92.53,879.0
2026-08-06 00:25:00,2026-08-05 21:25:00,2026-08-06 05:25:00,92.53,92.548,92.517,92.522,804.0
2026-08-06 00:30:00,2026-08-05 21:30:00,2026-08-06 05:30:00,92.521,92.531,92.479,92.481,962.0
2026-08-06 00:35:00,2026-08-05 21:35:00,2026-08-06 05:35:00,92.482,92.495,92.457,92.482,952.0
2026-08-06 00:40:00,2026-08-05 21:40:00,2026-08-06 05:40:00,92.483,92.52,92.473,92.508,1084.0
2026-08-06 00:45:00,2026-08-05 21:45:00,2026-08-06 05:45:00,92.508,92.528,92.475,92.526,989.0
2026-08-06 00:50:00,2026-08-05 21:50:00,2026-08-06 05:50:00,92.526,92.611,92.526,92.611,907.0
2026-08-06 00:55:00,2026-08-05 21:55:00,2026-08-06 05:55:00,92.61,92.621,92.577,92.586,1000.0
2026-08-06 01:00:00,2026-08-05 22:00:00,2026-08-06 06:00:00,92.588,92.603,92.552,92.6,984.0
2026-08-06 01:05:00,2026-08-05 22:05:00,2026-08-06 06:05:00,92.599,92.618,92.582,92.6,1345.0
2026-08-06 01:10:00,2026-08-05 22:10:00,2026-08-06 06:10:00,92.601,92.626,92.575,92.59,1294.0
2026-08-06 01:15:00,2026-08-05 22:15:00,2026-08-06 06:15:00,92.592,92.649,92.587,92.64,1344.0
2026-08-06 01:20:00,2026-08-05 22:20:00,2026-08-06 06:20:00,92.642,92.65,92.614,92.648,1138.0
2026-08-06 01:25:00,2026-08-05 22:25:00,2026-08-06 06:25:00,92.651,92.672,92.643,92.651,1049.0
2026-08-06 01:30:00,2026-08-05 22:30:00,2026-08-06 06:30:00,92.65,92.661,92.638,92.64,1015.0
2026-08-06 01:35:00,2026-08-05 22:35:00,2026-08-06 06:35:00,92.64,92.67,92.635,92.653,1073.0
2026-08-06 01:40:00,2026-08-05 22:40:00,2026-08-06 06:40:00,92.654,92.656,92.641,92.65,894.0
2026-08-06 01:45:00,2026-08-05 22:45:00,2026-08-06 06:45:00,92.651,92.687,92.649,92.687,765.0
2026-08-06 01:50:00,2026-08-05 22:50:00,2026-08-06 06:50:00,92.689,92.689,92.647,92.676,991.0
2026-08-06 01:55:00,2026-08-05 22:55:00,2026-08-06 06:55:00,92.675,92.689,92.65,92.658,1148.0
2026-08-06 02:00:00,2026-08-05 23:00:00,2026-08-06 07:00:00,92.657,92.657,92.616,92.633,1215.0
2026-08-06 02:05:00,2026-08-05 23:05:00,2026-08-06 07:05:00,92.632,92.692,92.628,92.689,976.0
2026-08-06 02:10:00,2026-08-05 23:10:00,2026-08-06 07:10:00,92.69,92.711,92.687,92.706,832.0
2026-08-06 02:15:00,2026-08-05 23:15:00,2026-08-06 07:15:00,92.703,92.711,92.677,92.698,1115.0
2026-08-06 02:20:00,2026-08-05 23:20:00,2026-08-06 07:20:00,92.699,92.717,92.697,92.701,694.0
2026-08-06 02:25:00,2026-08-05 23:25:00,2026-08-06 07:25:00,92.702,92.728,92.689,92.696,727.0
2026-08-06 02:30:00,2026-08-05 23:30:00,2026-08-06 07:30:00,92.695,92.698,92.678,92.686,740.0
2026-08-06 02:35:00,2026-08-05 23:35:00,2026-08-06 07:35:00,92.687,92.708,92.682,92.708,615.0
2026-08-06 02:40:00,2026-08-05 23:40:00,2026-08-06 07:40:00,92.706,92.708,92.693,92.702,711.0
2026-08-06 02:45:00,2026-08-05 23:45:00,2026-08-06 07:45:00,92.703,92.718,92.681,92.687,771.0
2026-08-06 02:50:00,2026-08-05 23:50:00,2026-08-06 07:50:00,92.685,92.69,92.668,92.675,846.0
2026-08-06 02:55:00,2026-08-05 23:55:00,2026-08-06 07:55:00,92.675,92.68,92.658,92.665,907.0
2026-08-06 03:00:00,2026-08-06 00:00:00,2026-08-06 08:00:00,92.665,92.675,92.654,92.66,1025.0
2026-08-06 03:05:00,2026-08-06 00:05:00,2026-08-06 08:05:00,92.661,92.675,92.648,92.669,1044.0
2026-08-06 03:10:00,2026-08-06 00:10:00,2026-08-06 08:10:00,92.67,92.683,92.659,92.682,859.0
2026-08-06 03:15:00,2026-08-06 00:15:00,2026-08-06 08:15:00,92.683,92.698,92.673,92.69,701.0
2026-08-06 03:20:00,2026-08-06 00:20:00,2026-08-06 08:20:00,92.689,92.697,92.683,92.687,549.0
2026-08-06 03:25:00,2026-08-06 00:25:00,2026-08-06 08:25:00,92.685,92.7,92.682,92.691,514.0
2026-08-06 03:30:00,2026-08-06 00:30:00,2026-08-06 08:30:00,92.692,92.699,92.684,92.691,565.0
2026-08-06 03:35:00,2026-08-06 00:35:00,2026-08-06 08:35:00,92.691,92.711,92.69,92.701,513.0
2026-08-06 03:40:00,2026-08-06 00:40:00,2026-08-06 08:40:00,92.701,92.709,92.696,92.698,570.0
2026-08-06 03:45:00,2026-08-06 00:45:00,2026-08-06 08:45:00,92.698,92.702,92.68,92.685,511.0
2026-08-06 03:50:00,2026-08-06 00:50:00,2026-08-06 08:50:00,92.686,92.729,92.682,92.725,576.0
2026-08-06 03:55:00,2026-08-06 00:55:00,2026-08-06 08:55:00,92.726,92.744,92.719,92.732,677.0
2026-08-06 04:00:00,2026-08-06 01:00:00,2026-08-06 09:00:00,92.733,92.744,92.72,92.737,624.0
2026-08-06 04:05:00,2026-08-06 01:05:00,2026-08-06 09:05:00,92.739,92.746,92.73,92.739,482.0
2026-08-06 04:10:00,2026-08-06 01:10:00,2026-08-06 09:10:00,92.74,92.761,92.736,92.756,446.0
2026-08-06 04:15:00,2026-08-06 01:15:00,2026-08-06 09:15:00,92.754,92.773,92.75,92.767,451.0
2026-08-06 04:20:00,2026-08-06 01:20:00,2026-08-06 09:20:00,92.767,92.784,92.762,92.782,536.0
2026-08-06 04:25:00,2026-08-06 01:25:00,2026-08-06 09:25:00,92.783,92.796,92.772,92.78,526.0
2026-08-06 04:30:00,2026-08-06 01:30:00,2026-08-06 09:30:00,92.779,92.789,92.766,92.782,434.0
2026-08-06 04:35:00,2026-08-06 01:35:00,2026-08-06 09:35:00,92.783,92.806,92.78,92.804,647.0
2026-08-06 04:40:00,2026-08-06 01:40:00,2026-08-06 09:40:00,92.804,92.824,92.798,92.821,508.0
2026-08-06 04:45:00,2026-08-06 01:45:00,2026-08-06 09:45:00,92.821,92.845,92.819,92.84,543.0
2026-08-06 04:50:00,2026-08-06 01:50:00,2026-08-06 09:50:00,92.838,92.855,92.835,92.85,492.0
2026-08-06 04:55:00,2026-08-06 01:55:00,2026-08-06 09:55:00,92.851,92.87,92.848,92.862,502.0
2026-08-06 05:00:00,2026-08-06 02:00:00,2026-08-06 10:00:00,92.861,92.879,92.861,92.873,522.0
2026-08-06 05:05:00,2026-08-06 02:05:00,2026-08-06 10:05:00,92.871,92.884,92.861,92.87,548.0
2026-08-06 05:10:00,2026-08-06 02:10:00,2026-08-06 10:10:00,92.873,92.879,92.857,92.862,496.0
2026-08-06 05:15:00,2026-08-06 02:15:00,2026-08-06 10:15:00,92.861,92.88,92.859,92.876,476.0
2026-08-06 05:20:00,2026-08-06 02:20:00,2026-08-06 10:20:00,92.879,92.891,92.874,92.874,500.0
2026-08-06 05:25:00,2026-08-06 02:25:00,2026-08-06 10:25:00,92.872,92.881,92.866,92.877,637.0
2026-08-06 05:30:00,2026-08-06 02:30:00,2026-08-06 10:30:00,92.878,92.882,92.858,92.86,660.0
2026-08-06 05:35:00,2026-08-06 02:35:00,2026-08-06 10:35:00,92.861,92.868,92.853,92.862,557.0
2026-08-06 05:40:00,2026-08-06 02:40:00,2026-08-06 10:40:00,92.863,92.869,92.853,92.862,415.0
2026-08-06 05:45:00,2026-08-06 02:45:00,2026-08-06 10:45:00,92.862,92.875,92.857,92.859,358.0
2026-08-06 05:50:00,2026-08-06 02:50:00,2026-08-06 10:50:00,92.859,92.872,92.854,92.867,364.0
2026-08-06 05:55:00,2026-08-06 02:55:00,2026-08-06 10:55:00,92.868,92.869,92.847,92.856,478.0
2026-08-06 06:00:00,2026-08-06 03:00:00,2026-08-06 11:00:00,92.857,92.87,92.826,92.868,604.0
2026-08-06 06:05:00,2026-08-06 03:05:00,2026-08-06 11:05:00,92.867,92.883,92.86,92.876,474.0
2026-08-06 06:10:00,2026-08-06 03:10:00,2026-08-06 11:10:00,92.88,92.883,92.858,92.864,547.0
2026-08-06 06:15:00,2026-08-06 03:15:00,2026-08-06 11:15:00,92.864,92.865,92.838,92.838,445.0
2026-08-06 06:20:00,2026-08-06 03:20:00,2026-08-06 11:20:00,92.837,92.843,92.829,92.835,432.0
2026-08-06 06:25:00,2026-08-06 03:25:00,2026-08-06 11:25:00,92.836,92.842,92.825,92.829,517.0
2026-08-06 06:30:00,2026-08-06 03:30:00,2026-08-06 11:30:00,92.827,92.84,92.827,92.836,405.0
2026-08-06 06:35:00,2026-08-06 03:35:00,2026-08-06 11:35:00,92.837,92.837,92.821,92.832,540.0
2026-08-06 06:40:00,2026-08-06 03:40:00,2026-08-06 11:40:00,92.833,92.834,92.819,92.828,567.0
2026-08-06 06:45:00,2026-08-06 03:45:00,2026-08-06 11:45:00,92.829,92.829,92.819,92.825,435.0
2026-08-06 06:50:00,2026-08-06 03:50:00,2026-08-06 11:50:00,92.826,92.833,92.815,92.832,474.0
2026-08-06 06:55:00,2026-08-06 03:55:00,2026-08-06 11:55:00,92.832,92.832,92.811,92.815,583.0
2026-08-06 07:00:00,2026-08-06 04:00:00,2026-08-06 12:00:00,92.814,92.827,92.806,92.823,465.0
2026-08-06 07:05:00,2026-08-06 04:05:00,2026-08-06 12:05:00,92.821,92.822,92.807,92.81,406.0
2026-08-06 07:10:00,2026-08-06 04:10:00,2026-08-06 12:10:00,92.812,92.841,92.81,92.839,333.0
2026-08-06 07:15:00,2026-08-06 04:15:00,2026-08-06 12:15:00,92.84,92.847,92.829,92.841,288.0
2026-08-06 07:20:00,2026-08-06 04:20:00,2026-08-06 12:20:00,92.837,92.845,92.83,92.842,210.0
2026-08-06 07:25:00,2026-08-06 04:25:00,2026-08-06 12:25:00,92.841,92.848,92.837,92.846,273.0
2026-08-06 07:30:00,2026-08-06 04:30:00,2026-08-06 12:30:00,92.846,92.855,92.841,92.848,302.0
2026-08-06 07:35:00,2026-08-06 04:35:00,2026-08-06 12:35:00,92.849,92.858,92.844,92.858,271.0
2026-08-06 07:40:00,2026-08-06 04:40:00,2026-08-06 12:40:00,92.855,92.856,92.839,92.843,186.0
2026-08-06 07:45:00,2026-08-06 04:45:00,2026-08-06 12:45:00,92.842,92.849,92.835,92.844,191.0
2026-08-06 07:50:00,2026-08-06 04:50:00,2026-08-06 12:50:00,92.845,92.867,92.842,92.858,393.0
2026-08-06 07:55:00,2026-08-06 04:55:00,2026-08-06 12:55:00,92.856,92.866,92.855,92.859,423.0
2026-08-06 08:05:00,2026-08-06 05:05:00,2026-08-06 13:05:00,92.813,92.848,92.749,92.848,293.0
2026-08-06 08:10:00,2026-08-06 05:10:00,2026-08-06 13:10:00,92.845,92.85,92.795,92.799,43.0
2026-08-06 08:15:00,2026-08-06 05:15:00,2026-08-06 13:15:00,92.8,92.806,92.794,92.802,235.0
2026-08-06 08:20:00,2026-08-06 05:20:00,2026-08-06 13:20:00,92.799,92.812,92.77,92.812,243.0
2026-08-06 08:25:00,2026-08-06 05:25:00,2026-08-06 13:25:00,92.787,92.787,92.787,92.787,2.0
2026-08-06 08:30:00,2026-08-06 05:30:00,2026-08-06 13:30:00,92.779,92.784,92.779,92.781,7.0
2026-08-06 08:35:00,2026-08-06 05:35:00,2026-08-06 13:35:00,92.781,92.781,92.776,92.781,145.0
2026-08-06 08:40:00,2026-08-06 05:40:00,2026-08-06 13:40:00,92.781,92.809,92.781,92.794,186.0
2026-08-06 08:45:00,2026-08-06 05:45:00,2026-08-06 13:45:00,92.795,92.801,92.768,92.783,176.0
2026-08-06 08:50:00,2026-08-06 05:50:00,2026-08-06 13:50:00,92.784,92.794,92.75,92.762,321.0
2026-08-06 08:55:00,2026-08-06 05:55:00,2026-08-06 13:55:00,92.759,92.766,92.715,92.764,428.0
2026-08-06 09:00:00,2026-08-06 06:00:00,2026-08-06 14:00:00,92.784,92.837,92.762,92.813,685.0
2026-08-06 09:05:00,2026-08-06 06:05:00,2026-08-06 14:05:00,92.81,92.825,92.792,92.81,633.0
2026-08-06 09:10:00,2026-08-06 06:10:00,2026-08-06 14:10:00,92.811,92.819,92.774,92.793,270.0
2026-08-06 09:15:00,2026-08-06 06:15:00,2026-08-06 14:15:00,92.795,92.824,92.795,92.822,239.0
2026-08-06 09:20:00,2026-08-06 06:20:00,2026-08-06 14:20:00,92.822,92.823,92.796,92.807,162.0
2026-08-06 09:25:00,2026-08-06 06:25:00,2026-08-06 14:25:00,92.806,92.806,92.787,92.797,133.0
2026-08-06 09:30:00,2026-08-06 06:30:00,2026-08-06 14:30:00,92.797,92.822,92.782,92.82,222.0
2026-08-06 09:35:00,2026-08-06 06:35:00,2026-08-06 14:35:00,92.819,92.819,92.801,92.807,132.0
2026-08-06 09:40:00,2026-08-06 06:40:00,2026-08-06 14:40:00,92.804,92.832,92.797,92.827,105.0
2026-08-06 09:45:00,2026-08-06 06:45:00,2026-08-06 14:45:00,92.829,92.843,92.826,92.827,123.0
2026-08-06 09:50:00,2026-08-06 06:50:00,2026-08-06 14:50:00,92.829,92.83,92.811,92.813,117.0
2026-08-06 09:55:00,2026-08-06 06:55:00,2026-08-06 14:55:00,92.811,92.811,92.783,92.795,172.0
2026-08-06 10:00:00,2026-08-06 07:00:00,2026-08-06 15:00:00,92.795,92.809,92.789,92.8,204.0
2026-08-06 10:05:00,2026-08-06 07:05:00,2026-08-06 15:05:00,92.8,92.806,92.797,92.801,143.0
2026-08-06 10:10:00,2026-08-06 07:10:00,2026-08-06 15:10:00,92.8,92.812,92.8,92.81,229.0
2026-08-06 10:15:00,2026-08-06 07:15:00,2026-08-06 15:15:00,92.811,92.813,92.797,92.799,169.0
2026-08-06 10:20:00,2026-08-06 07:20:00,2026-08-06 15:20:00,92.8,92.8,92.778,92.792,165.0
2026-08-06 10:25:00,2026-08-06 07:25:00,2026-08-06 15:25:00,92.786,92.793,92.774,92.786,144.0
2026-08-06 10:30:00,2026-08-06 07:30:00,2026-08-06 15:30:00,92.783,92.783,92.763,92.766,199.0
2026-08-06 10:35:00,2026-08-06 07:35:00,2026-08-06 15:35:00,92.767,92.778,92.766,92.77,214.0
2026-08-06 10:40:00,2026-08-06 07:40:00,2026-08-06 15:40:00,92.771,92.775,92.748,92.751,113.0
2026-08-06 10:45:00,2026-08-06 07:45:00,2026-08-06 15:45:00,92.76,92.76,92.741,92.752,289.0
2026-08-06 10:50:00,2026-08-06 07:50:00,2026-08-06 15:50:00,92.752,92.782,92.751,92.779,304.0
2026-08-06 10:55:00,2026-08-06 07:55:00,2026-08-06 15:55:00,92.778,92.789,92.771,92.775,298.0
2026-08-06 11:00:00,2026-08-06 08:00:00,2026-08-06 16:00:00,92.776,92.816,92.775,92.813,780.0
2026-08-06 11:05:00,2026-08-06 08:05:00,2026-08-06 16:05:00,92.812,92.825,92.802,92.81,529.0
2026-08-06 11:10:00,2026-08-06 08:10:00,2026-08-06 16:10:00,92.809,92.809,92.769,92.78,605.0
2026-08-06 11:15:00,2026-08-06 08:15:00,2026-08-06 16:15:00,92.781,92.813,92.775,92.813,742.0
2026-08-06 11:20:00,2026-08-06 08:20:00,2026-08-06 16:20:00,92.813,92.815,92.781,92.8,698.0
2026-08-06 11:25:00,2026-08-06 08:25:00,2026-08-06 16:25:00,92.799,92.8,92.738,92.742,618.0
2026-08-06 11:30:00,2026-08-06 08:30:00,2026-08-06 16:30:00,92.742,92.768,92.73,92.765,567.0
2026-08-06 11:35:00,2026-08-06 08:35:00,2026-08-06 16:35:00,92.766,92.766,92.747,92.755,607.0
2026-08-06 11:40:00,2026-08-06 08:40:00,2026-08-06 16:40:00,92.753,92.764,92.742,92.747,583.0
2026-08-06 11:45:00,2026-08-06 08:45:00,2026-08-06 16:45:00,92.748,92.796,92.747,92.775,575.0
2026-08-06 11:50:00,2026-08-06 08:50:00,2026-08-06 16:50:00,92.775,92.801,92.766,92.793,905.0
2026-08-06 11:55:00,2026-08-06 08:55:00,2026-08-06 16:55:00,92.791,92.812,92.769,92.777,736.0
2026-08-06 12:00:00,2026-08-06 09:00:00,2026-08-06 17:00:00,92.778,92.799,92.759,92.762,903.0
2026-08-06 12:05:00,2026-08-06 09:05:00,2026-08-06 17:05:00,92.763,92.773,92.748,92.754,717.0
2026-08-06 12:10:00,2026-08-06 09:10:00,2026-08-06 17:10:00,92.755,92.792,92.736,92.79,680.0
2026-08-06 12:15:00,2026-08-06 09:15:00,2026-08-06 17:15:00,92.79,92.818,92.779,92.805,558.0
2026-08-06 12:20:00,2026-08-06 09:20:00,2026-08-06 17:20:00,92.805,92.841,92.805,92.839,565.0
2026-08-06 12:25:00,2026-08-06 09:25:00,2026-08-06 17:25:00,92.839,92.845,92.783,92.801,631.0
2026-08-06 12:30:00,2026-08-06 09:30:00,2026-08-06 17:30:00,92.802,92.807,92.77,92.777,583.0
2026-08-06 12:35:00,2026-08-06 09:35:00,2026-08-06 17:35:00,92.776,92.819,92.767,92.796,644.0
2026-08-06 12:40:00,2026-08-06 09:40:00,2026-08-06 17:40:00,92.796,92.819,92.778,92.818,431.0
2026-08-06 12:45:00,2026-08-06 09:45:00,2026-08-06 17:45:00,92.818,92.854,92.804,92.839,619.0
2026-08-06 12:50:00,2026-08-06 09:50:00,2026-08-06 17:50:00,92.84,92.883,92.837,92.875,513.0
2026-08-06 12:55:00,2026-08-06 09:55:00,2026-08-06 17:55:00,92.875,92.9,92.875,92.889,402.0
2026-08-06 13:00:00,2026-08-06 10:00:00,2026-08-06 18:00:00,92.889,92.92,92.884,92.92,526.0
2026-08-06 13:05:00,2026-08-06 10:05:00,2026-08-06 18:05:00,92.918,92.923,92.901,92.914,551.0
2026-08-06 13:10:00,2026-08-06 10:10:00,2026-08-06 18:10:00,92.915,92.917,92.876,92.881,532.0
2026-08-06 13:15:00,2026-08-06 10:15:00,2026-08-06 18:15:00,92.882,92.9,92.872,92.888,471.0
2026-08-06 13:20:00,2026-08-06 10:20:00,2026-08-06 18:20:00,92.888,92.916,92.885,92.9,433.0
2026-08-06 13:25:00,2026-08-06 10:25:00,2026-08-06 18:25:00,92.901,92.912,92.882,92.905,440.0
2026-08-06 13:30:00,2026-08-06 10:30:00,2026-08-06 18:30:00,92.904,92.908,92.882,92.9,492.0
2026-08-06 13:35:00,2026-08-06 10:35:00,2026-08-06 18:35:00,92.898,92.917,92.897,92.9,411.0
2026-08-06 13:40:00,2026-08-06 10:40:00,2026-08-06 18:40:00,92.903,92.911,92.893,92.899,328.0
2026-08-06 13:45:00,2026-08-06 10:45:00,2026-08-06 18:45:00,92.9,92.909,92.886,92.887,453.0
2026-08-06 13:50:00,2026-08-06 10:50:00,2026-08-06 18:50:00,92.887,92.9,92.886,92.894,335.0
2026-08-06 13:55:00,2026-08-06 10:55:00,2026-08-06 18:55:00,92.892,92.892,92.864,92.866,549.0
2026-08-06 14:00:00,2026-08-06 11:00:00,2026-08-06 19:00:00,92.866,92.889,92.857,92.881,496.0
2026-08-06 14:05:00,2026-08-06 11:05:00,2026-08-06 19:05:00,92.882,92.894,92.88,92.883,435.0
2026-08-06 14:10:00,2026-08-06 11:10:00,2026-08-06 19:10:00,92.884,92.887,92.859,92.864,565.0
2026-08-06 14:15:00,2026-08-06 11:15:00,2026-08-06 19:15:00,92.863,92.868,92.836,92.847,506.0
2026-08-06 14:20:00,2026-08-06 11:20:00,2026-08-06 19:20:00,92.849,92.85,92.818,92.818,617.0
2026-08-06 14:25:00,2026-08-06 11:25:00,2026-08-06 19:25:00,92.82,92.843,92.811,92.836,481.0
2026-08-06 14:30:00,2026-08-06 11:30:00,2026-08-06 19:30:00,92.836,92.845,92.827,92.835,435.0
2026-08-06 14:35:00,2026-08-06 11:35:00,2026-08-06 19:35:00,92.833,92.84,92.821,92.825,385.0
2026-08-06 14:40:00,2026-08-06 11:40:00,2026-08-06 19:40:00,92.825,92.831,92.805,92.808,508.0
2026-08-06 14:45:00,2026-08-06 11:45:00,2026-08-06 19:45:00,92.808,92.814,92.799,92.802,379.0
2026-08-06 14:50:00,2026-08-06 11:50:00,2026-08-06 19:50:00,92.803,92.813,92.788,92.788,359.0
2026-08-06 14:55:00,2026-08-06 11:55:00,2026-08-06 19:55:00,92.788,92.821,92.777,92.819,562.0
2026-08-06 15:00:00,2026-08-06 12:00:00,2026-08-06 20:00:00,92.82,92.821,92.803,92.811,492.0
2026-08-06 15:05:00,2026-08-06 12:05:00,2026-08-06 20:05:00,92.813,92.82,92.809,92.819,299.0
2026-08-06 15:10:00,2026-08-06 12:10:00,2026-08-06 20:10:00,92.818,92.82,92.802,92.804,376.0
2026-08-06 15:15:00,2026-08-06 12:15:00,2026-08-06 20:15:00,92.804,92.806,92.785,92.787,270.0
2026-08-06 15:20:00,2026-08-06 12:20:00,2026-08-06 20:20:00,92.786,92.787,92.765,92.775,302.0
2026-08-06 15:25:00,2026-08-06 12:25:00,2026-08-06 20:25:00,92.776,92.78,92.768,92.773,378.0
2026-08-06 15:30:00,2026-08-06 12:30:00,2026-08-06 20:30:00,92.773,92.794,92.766,92.766,333.0
2026-08-06 15:35:00,2026-08-06 12:35:00,2026-08-06 20:35:00,92.766,92.776,92.752,92.753,316.0
2026-08-06 15:40:00,2026-08-06 12:40:00,2026-08-06 20:40:00,92.754,92.759,92.745,92.75,313.0
2026-08-06 15:45:00,2026-08-06 12:45:00,2026-08-06 20:45:00,92.749,92.749,92.726,92.745,341.0
2026-08-06 15:50:00,2026-08-06 12:50:00,2026-08-06 20:50:00,92.744,92.754,92.735,92.736,326.0
2026-08-06 15:55:00,2026-08-06 12:55:00,2026-08-06 20:55:00,92.735,92.757,92.734,92.757,287.0
2026-08-06 16:00:00,2026-08-06 13:00:00,2026-08-06 21:00:00,92.757,92.763,92.746,92.753,418.0
2026-08-06 16:05:00,2026-08-06 13:05:00,2026-08-06 21:05:00,92.754,92.754,92.728,92.729,214.0
2026-08-06 16:10:00,2026-08-06 13:10:00,2026-08-06 21:10:00,92.728,92.734,92.702,92.71,365.0
2026-08-06 16:15:00,2026-08-06 13:15:00,2026-08-06 21:15:00,92.709,92.709,92.689,92.693,269.0
2026-08-06 16:20:00,2026-08-06 13:20:00,2026-08-06 21:20:00,92.693,92.702,92.682,92.698,253.0
2026-08-06 16:25:00,2026-08-06 13:25:00,2026-08-06 21:25:00,92.699,92.711,92.696,92.702,258.0
2026-08-06 16:30:00,2026-08-06 13:30:00,2026-08-06 21:30:00,92.7,92.711,92.688,92.71,396.0
2026-08-06 16:35:00,2026-08-06 13:35:00,2026-08-06 21:35:00,92.71,92.723,92.707,92.717,437.0
2026-08-06 16:40:00,2026-08-06 13:40:00,2026-08-06 21:40:00,92.72,92.749,92.72,92.731,294.0
2026-08-06 16:45:00,2026-08-06 13:45:00,2026-08-06 21:45:00,92.732,92.738,92.724,92.729,436.0
2026-08-06 16:50:00,2026-08-06 13:50:00,2026-08-06 21:50:00,92.729,92.775,92.728,92.774,413.0
2026-08-06 16:55:00,2026-08-06 13:55:00,2026-08-06 21:55:00,92.773,92.777,92.757,92.77,385.0
2026-08-06 17:00:00,2026-08-06 14:00:00,2026-08-06 22:00:00,92.771,92.789,92.766,92.769,466.0
2026-08-06 17:05:00,2026-08-06 14:05:00,2026-08-06 22:05:00,92.77,92.771,92.739,92.741,373.0
2026-08-06 17:10:00,2026-08-06 14:10:00,2026-08-06 22:10:00,92.741,92.747,92.724,92.731,455.0
2026-08-06 17:15:00,2026-08-06 14:15:00,2026-08-06 22:15:00,92.73,92.738,92.719,92.738,498.0
2026-08-06 17:20:00,2026-08-06 14:20:00,2026-08-06 22:20:00,92.737,92.754,92.722,92.745,511.0
2026-08-06 17:25:00,2026-08-06 14:25:00,2026-08-06 22:25:00,92.743,92.744,92.712,92.712,583.0
2026-08-06 17:30:00,2026-08-06 14:30:00,2026-08-06 22:30:00,92.714,92.724,92.679,92.683,653.0
2026-08-06 17:35:00,2026-08-06 14:35:00,2026-08-06 22:35:00,92.682,92.686,92.658,92.66,534.0
2026-08-06 17:40:00,2026-08-06 14:40:00,2026-08-06 22:40:00,92.66,92.665,92.643,92.658,461.0
2026-08-06 17:45:00,2026-08-06 14:45:00,2026-08-06 22:45:00,92.661,92.677,92.653,92.655,496.0
2026-08-06 17:50:00,2026-08-06 14:50:00,2026-08-06 22:50:00,92.653,92.663,92.634,92.636,540.0
2026-08-06 17:55:00,2026-08-06 14:55:00,2026-08-06 22:55:00,92.636,92.677,92.635,92.675,421.0
2026-08-06 18:00:00,2026-08-06 15:00:00,2026-08-06 23:00:00,92.676,92.687,92.664,92.667,596.0
2026-08-06 18:05:00,2026-08-06 15:05:00,2026-08-06 23:05:00,92.665,92.669,92.63,92.636,459.0
2026-08-06 18:10:00,2026-08-06 15:10:00,2026-08-06 23:10:00,92.636,92.69,92.635,92.684,573.0
2026-08-06 18:15:00,2026-08-06 15:15:00,2026-08-06 23:15:00,92.685,92.692,92.658,92.679,498.0
2026-08-06 18:20:00,2026-08-06 15:20:00,2026-08-06 23:20:00,92.678,92.68,92.651,92.651,468.0
2026-08-06 18:25:00,2026-08-06 15:25:00,2026-08-06 23:25:00,92.652,92.683,92.649,92.668,446.0
2026-08-06 18:30:00,2026-08-06 15:30:00,2026-08-06 23:30:00,92.671,92.684,92.66,92.68,423.0
2026-08-06 18:35:00,2026-08-06 15:35:00,2026-08-06 23:35:00,92.679,92.689,92.662,92.664,485.0
2026-08-06 18:40:00,2026-08-06 15:40:00,2026-08-06 23:40:00,92.665,92.711,92.664,92.702,513.0
2026-08-06 18:45:00,2026-08-06 15:45:00,2026-08-06 23:45:00,92.702,92.702,92.676,92.687,637.0
2026-08-06 18:50:00,2026-08-06 15:50:00,2026-08-06 23:50:00,92.687,92.728,92.685,92.713,588.0
2026-08-06 18:55:00,2026-08-06 15:55:00,2026-08-06 23:55:00,92.714,92.742,92.706,92.716,681.0
2026-08-06 19:00:00,2026-08-06 16:00:00,2026-08-07 00:00:00,92.715,92.715,92.682,92.695,688.0
2026-08-06 19:05:00,2026-08-06 16:05:00,2026-08-07 00:05:00,92.697,92.723,92.696,92.717,581.0
2026-08-06 19:10:00,2026-08-06 16:10:00,2026-08-07 00:10:00,92.719,92.759,92.719,92.754,536.0
2026-08-06 19:15:00,2026-08-06 16:15:00,2026-08-07 00:15:00,92.754,92.767,92.727,92.764,551.0
2026-08-06 19:20:00,2026-08-06 16:20:00,2026-08-07 00:20:00,92.763,92.763,92.744,92.758,533.0
2026-08-06 19:25:00,2026-08-06 16:25:00,2026-08-07 00:25:00,92.759,92.771,92.733,92.743,521.0
2026-08-06 19:30:00,2026-08-06 16:30:00,2026-08-07 00:30:00,92.745,92.779,92.744,92.777,505.0
2026-08-06 19:35:00,2026-08-06 16:35:00,2026-08-07 00:35:00,92.778,92.781,92.744,92.749,489.0
2026-08-06 19:40:00,2026-08-06 16:40:00,2026-08-07 00:40:00,92.75,92.771,92.744,92.748,459.0
2026-08-06 19:45:00,2026-08-06 16:45:00,2026-08-07 00:45:00,92.749,92.768,92.746,92.754,490.0
2026-08-06 19:50:00,2026-08-06 16:50:00,2026-08-07 00:50:00,92.755,92.779,92.745,92.776,714.0
2026-08-06 19:55:00,2026-08-06 16:55:00,2026-08-07 00:55:00,92.772,92.789,92.766,92.779,537.0
2026-08-06 20:00:00,2026-08-06 17:00:00,2026-08-07 01:00:00,92.78,92.78,92.761,92.769,497.0
2026-08-06 20:05:00,2026-08-06 17:05:00,2026-08-07 01:05:00,92.77,92.775,92.741,92.743,460.0
2026-08-06 20:10:00,2026-08-06 17:10:00,2026-08-07 01:10:00,92.743,92.786,92.743,92.785,443.0
2026-08-06 20:15:00,2026-08-06 17:15:00,2026-08-07 01:15:00,92.786,92.791,92.773,92.791,515.0
2026-08-06 20:20:00,2026-08-06 17:20:00,2026-08-07 01:20:00,92.79,92.815,92.783,92.804,497.0
2026-08-06 20:25:00,2026-08-06 17:25:00,2026-08-07 01:25:00,92.808,92.815,92.797,92.81,461.0
2026-08-06 20:30:00,2026-08-06 17:30:00,2026-08-07 01:30:00,92.81,92.827,92.804,92.811,421.0
2026-08-06 20:35:00,2026-08-06 17:35:00,2026-08-07 01:35:00,92.811,92.817,92.791,92.798,418.0
2026-08-06 20:40:00,2026-08-06 17:40:00,2026-08-07 01:40:00,92.797,92.797,92.773,92.773,387.0
2026-08-06 20:45:00,2026-08-06 17:45:00,2026-08-07 01:45:00,92.774,92.81,92.774,92.806,350.0
2026-08-06 20:50:00,2026-08-06 17:50:00,2026-08-07 01:50:00,92.806,92.81,92.8,92.804,362.0
2026-08-06 20:55:00,2026-08-06 17:55:00,2026-08-07 01:55:00,92.806,92.834,92.804,92.819,496.0
2026-08-06 21:00:00,2026-08-06 18:00:00,2026-08-07 02:00:00,92.818,92.828,92.804,92.809,496.0
2026-08-06 21:05:00,2026-08-06 18:05:00,2026-08-07 02:05:00,92.809,92.814,92.795,92.812,312.0
2026-08-06 21:10:00,2026-08-06 18:10:00,2026-08-07 02:10:00,92.812,92.812,92.784,92.788,416.0
2026-08-06 21:15:00,2026-08-06 18:15:00,2026-08-07 02:15:00,92.79,92.804,92.785,92.804,396.0
2026-08-06 21:20:00,2026-08-06 18:20:00,2026-08-07 02:20:00,92.805,92.87,92.802,92.869,385.0
2026-08-06 21:25:00,2026-08-06 18:25:00,2026-08-07 02:25:00,92.869,92.885,92.866,92.874,333.0
2026-08-06 21:30:00,2026-08-06 18:30:00,2026-08-07 02:30:00,92.875,92.875,92.855,92.86,358.0
2026-08-06 21:35:00,2026-08-06 18:35:00,2026-08-07 02:35:00,92.86,92.863,92.842,92.85,306.0
2026-08-06 21:40:00,2026-08-06 18:40:00,2026-08-07 02:40:00,92.848,92.855,92.829,92.838,263.0
2026-08-06 21:45:00,2026-08-06 18:45:00,2026-08-07 02:45:00,92.837,92.856,92.832,92.852,262.0
2026-08-06 21:50:00,2026-08-06 18:50:00,2026-08-07 02:50:00,92.854,92.856,92.841,92.845,288.0
2026-08-06 21:55:00,2026-08-06 18:55:00,2026-08-07 02:55:00,92.845,92.871,92.841,92.869,338.0
2026-08-06 22:00:00,2026-08-06 19:00:00,2026-08-07 03:00:00,92.869,92.877,92.846,92.846,525.0
2026-08-06 22:05:00,2026-08-06 19:05:00,2026-08-07 03:05:00,92.845,92.894,92.842,92.891,427.0
2026-08-06 22:10:00,2026-08-06 19:10:00,2026-08-07 03:10:00,92.892,92.894,92.883,92.886,378.0
2026-08-06 22:15:00,2026-08-06 19:15:00,2026-08-07 03:15:00,92.886,92.892,92.879,92.89,515.0
2026-08-06 22:20:00,2026-08-06 19:20:00,2026-08-07 03:20:00,92.89,92.893,92.837,92.847,518.0
2026-08-06 22:25:00,2026-08-06 19:25:00,2026-08-07 03:25:00,92.848,92.865,92.84,92.845,497.0
2026-08-06 22:30:00,2026-08-06 19:30:00,2026-08-07 03:30:00,92.844,92.863,92.839,92.845,466.0
2026-08-06 22:35:00,2026-08-06 19:35:00,2026-08-07 03:35:00,92.844,92.854,92.83,92.844,612.0
2026-08-06 22:40:00,2026-08-06 19:40:00,2026-08-07 03:40:00,92.844,92.844,92.818,92.822,516.0
2026-08-06 22:45:00,2026-08-06 19:45:00,2026-08-07 03:45:00,92.823,92.836,92.815,92.831,632.0
2026-08-06 22:50:00,2026-08-06 19:50:00,2026-08-07 03:50:00,92.83,92.863,92.816,92.855,595.0
2026-08-06 22:55:00,2026-08-06 19:55:00,2026-08-07 03:55:00,92.857,92.872,92.846,92.863,634.0
2026-08-06 23:00:00,2026-08-06 20:00:00,2026-08-07 04:00:00,92.866,92.881,92.858,92.86,624.0
2026-08-06 23:05:00,2026-08-06 20:05:00,2026-08-07 04:05:00,92.861,92.875,92.851,92.853,614.0
2026-08-06 23:10:00,2026-08-06 20:10:00,2026-08-07 04:10:00,92.855,92.875,92.853,92.857,671.0
2026-08-06 23:15:00,2026-08-06 20:15:00,2026-08-07 04:15:00,92.855,92.884,92.854,92.858,697.0
2026-08-06 23:20:00,2026-08-06 20:20:00,2026-08-07 04:20:00,92.859,92.888,92.853,92.878,647.0
2026-08-06 23:25:00,2026-08-06 20:25:00,2026-08-07 04:25:00,92.878,92.894,92.864,92.865,632.0
2026-08-06 23:30:00,2026-08-06 20:30:00,2026-08-07 04:30:00,92.856,92.904,92.844,92.893,619.0
2026-08-06 23:35:00,2026-08-06 20:35:00,2026-08-07 04:35:00,92.893,92.896,92.87,92.885,701.0
2026-08-06 23:40:00,2026-08-06 20:40:00,2026-08-07 04:40:00,92.877,92.887,92.865,92.869,728.0
2026-08-06 23:45:00,2026-08-06 20:45:00,2026-08-07 04:45:00,92.872,92.872,92.819,92.826,634.0
2026-08-06 23:50:00,2026-08-06 20:50:00,2026-08-07 04:50:00,92.826,92.845,92.813,92.836,669.0
2026-08-06 23:55:00,2026-08-06 20:55:00,2026-08-07 04:55:00,92.836,92.847,92.83,92.83,679.0
2026-08-07 00:00:00,2026-08-06 21:00:00,2026-08-07 05:00:00,92.829,92.853,92.828,92.848,783.0
2026-08-07 00:05:00,2026-08-06 21:05:00,2026-08-07 05:05:00,92.848,92.857,92.808,92.811,739.0
2026-08-07 00:10:00,2026-08-06 21:10:00,2026-08-07 05:10:00,92.81,92.814,92.784,92.8,637.0
2026-08-07 00:15:00,2026-08-06 21:15:00,2026-08-07 05:15:00,92.798,92.837,92.797,92.835,665.0
2026-08-07 00:20:00,2026-08-06 21:20:00,2026-08-07 05:20:00,92.834,92.845,92.818,92.826,653.0
2026-08-07 00:25:00,2026-08-06 21:25:00,2026-08-07 05:25:00,92.827,92.828,92.798,92.818,665.0
2026-08-07 00:30:00,2026-08-06 21:30:00,2026-08-07 05:30:00,92.818,92.82,92.796,92.811,802.0
2026-08-07 00:35:00,2026-08-06 21:35:00,2026-08-07 05:35:00,92.81,92.821,92.784,92.804,858.0
2026-08-07 00:40:00,2026-08-06 21:40:00,2026-08-07 05:40:00,92.804,92.837,92.801,92.828,820.0
2026-08-07 00:45:00,2026-08-06 21:45:00,2026-08-07 05:45:00,92.827,92.831,92.803,92.807,690.0
2026-08-07 00:50:00,2026-08-06 21:50:00,2026-08-07 05:50:00,92.807,92.822,92.787,92.79,803.0
2026-08-07 00:55:00,2026-08-06 21:55:00,2026-08-07 05:55:00,92.789,92.841,92.785,92.832,752.0
2026-08-07 01:00:00,2026-08-06 22:00:00,2026-08-07 06:00:00,92.833,92.878,92.833,92.875,661.0
2026-08-07 01:05:00,2026-08-06 22:05:00,2026-08-07 06:05:00,92.873,93.008,92.845,92.952,1074.0
2026-08-07 01:10:00,2026-08-06 22:10:00,2026-08-07 06:10:00,92.952,93.018,92.944,92.972,1242.0
2026-08-07 01:15:00,2026-08-06 22:15:00,2026-08-07 06:15:00,92.971,93.017,92.945,93.017,1112.0
2026-08-07 01:20:00,2026-08-06 22:20:00,2026-08-07 06:20:00,93.017,93.029,92.969,92.997,1022.0
2026-08-07 01:25:00,2026-08-06 22:25:00,2026-08-07 06:25:00,92.995,93.03,92.993,93.029,1062.0
2026-08-07 01:30:00,2026-08-06 22:30:00,2026-08-07 06:30:00,93.03,93.049,92.99,93.049,876.0
2026-08-07 01:35:00,2026-08-06 22:35:00,2026-08-07 06:35:00,93.05,93.058,93.014,93.028,1032.0
2026-08-07 01:40:00,2026-08-06 22:40:00,2026-08-07 06:40:00,93.027,93.036,93.007,93.017,691.0
2026-08-07 01:45:00,2026-08-06 22:45:00,2026-08-07 06:45:00,93.018,93.034,92.996,93.009,872.0
2026-08-07 01:50:00,2026-08-06 22:50:00,2026-08-07 06:50:00,93.008,93.034,92.995,93.017,1014.0
2026-08-07 01:55:00,2026-08-06 22:55:00,2026-08-07 06:55:00,93.018,93.025,92.958,92.994,1049.0
2026-08-07 02:00:00,2026-08-06 23:00:00,2026-08-07 07:00:00,92.996,93.023,92.986,93.002,966.0
2026-08-07 02:05:00,2026-08-06 23:05:00,2026-08-07 07:05:00,93.004,93.028,93.001,93.014,970.0
2026-08-07 02:10:00,2026-08-06 23:10:00,2026-08-07 07:10:00,93.014,93.048,93.005,93.048,957.0
2026-08-07 02:15:00,2026-08-06 23:15:00,2026-08-07 07:15:00,93.047,93.057,93.005,93.007,1082.0
2026-08-07 02:20:00,2026-08-06 23:20:00,2026-08-07 07:20:00,93.008,93.019,92.996,93.011,871.0
2026-08-07 02:25:00,2026-08-06 23:25:00,2026-08-07 07:25:00,93.011,93.033,93.001,93.029,832.0
2026-08-07 02:30:00,2026-08-06 23:30:00,2026-08-07 07:30:00,93.027,93.031,92.968,92.978,913.0
2026-08-07 02:35:00,2026-08-06 23:35:00,2026-08-07 07:35:00,92.977,92.981,92.95,92.963,779.0
2026-08-07 02:40:00,2026-08-06 23:40:00,2026-08-07 07:40:00,92.958,92.968,92.939,92.965,733.0
2026-08-07 02:45:00,2026-08-06 23:45:00,2026-08-07 07:45:00,92.965,93.0,92.96,92.992,640.0
2026-08-07 02:50:00,2026-08-06 23:50:00,2026-08-07 07:50:00,92.992,92.997,92.938,92.941,803.0
2026-08-07 02:55:00,2026-08-06 23:55:00,2026-08-07 07:55:00,92.941,92.951,92.923,92.933,1022.0
2026-08-07 03:00:00,2026-08-07 00:00:00,2026-08-07 08:00:00,92.935,92.962,92.932,92.955,970.0
2026-08-07 03:05:00,2026-08-07 00:05:00,2026-08-07 08:05:00,92.955,92.97,92.95,92.953,774.0
2026-08-07 03:10:00,2026-08-07 00:10:00,2026-08-07 08:10:00,92.953,92.96,92.925,92.931,631.0
2026-08-07 03:15:00,2026-08-07 00:15:00,2026-08-07 08:15:00,92.93,92.94,92.796,92.903,1121.0
2026-08-07 03:20:00,2026-08-07 00:20:00,2026-08-07 08:20:00,92.905,92.91,92.873,92.904,737.0
2026-08-07 03:25:00,2026-08-07 00:25:00,2026-08-07 08:25:00,92.905,92.936,92.902,92.932,588.0
2026-08-07 03:30:00,2026-08-07 00:30:00,2026-08-07 08:30:00,92.934,92.955,92.928,92.95,563.0
2026-08-07 03:35:00,2026-08-07 00:35:00,2026-08-07 08:35:00,92.948,92.975,92.938,92.973,540.0
2026-08-07 03:40:00,2026-08-07 00:40:00,2026-08-07 08:40:00,92.969,92.971,92.934,92.938,487.0
2026-08-07 03:45:00,2026-08-07 00:45:00,2026-08-07 08:45:00,92.94,92.958,92.94,92.952,492.0
2026-08-07 03:50:00,2026-08-07 00:50:00,2026-08-07 08:50:00,92.952,92.984,92.952,92.982,520.0
2026-08-07 03:55:00,2026-08-07 00:55:00,2026-08-07 08:55:00,92.984,93.005,92.98,93.001,546.0
2026-08-07 04:00:00,2026-08-07 01:00:00,2026-08-07 09:00:00,92.998,93.013,92.994,93.004,591.0
2026-08-07 04:05:00,2026-08-07 01:05:00,2026-08-07 09:05:00,93.004,93.008,92.971,92.972,519.0
2026-08-07 04:10:00,2026-08-07 01:10:00,2026-08-07 09:10:00,92.972,92.981,92.941,92.944,631.0
2026-08-07 04:15:00,2026-08-07 01:15:00,2026-08-07 09:15:00,92.943,92.961,92.94,92.961,534.0
2026-08-07 04:20:00,2026-08-07 01:20:00,2026-08-07 09:20:00,92.963,92.972,92.937,92.957,494.0
2026-08-07 04:25:00,2026-08-07 01:25:00,2026-08-07 09:25:00,92.955,92.958,92.947,92.953,515.0
2026-08-07 04:30:00,2026-08-07 01:30:00,2026-08-07 09:30:00,92.954,92.962,92.948,92.959,515.0
2026-08-07 04:35:00,2026-08-07 01:35:00,2026-08-07 09:35:00,92.959,92.964,92.944,92.962,473.0
2026-08-07 04:40:00,2026-08-07 01:40:00,2026-08-07 09:40:00,92.959,92.967,92.951,92.958,490.0
2026-08-07 04:45:00,2026-08-07 01:45:00,2026-08-07 09:45:00,92.955,92.961,92.941,92.943,498.0
2026-08-07 04:50:00,2026-08-07 01:50:00,2026-08-07 09:50:00,92.941,92.975,92.939,92.969,465.0
2026-08-07 04:55:00,2026-08-07 01:55:00,2026-08-07 09:55:00,92.969,92.984,92.969,92.978,478.0
2026-08-07 05:00:00,2026-08-07 02:00:00,2026-08-07 10:00:00,92.977,92.987,92.968,92.983,516.0
2026-08-07 05:05:00,2026-08-07 02:05:00,2026-08-07 10:05:00,92.983,92.993,92.974,92.98,495.0
2026-08-07 05:10:00,2026-08-07 02:10:00,2026-08-07 10:10:00,92.983,93.006,92.977,92.997,502.0
2026-08-07 05:15:00,2026-08-07 02:15:00,2026-08-07 10:15:00,92.997,93.01,92.99,93.005,467.0
2026-08-07 05:20:00,2026-08-07 02:20:00,2026-08-07 10:20:00,93.007,93.015,92.997,92.999,456.0
2026-08-07 05:25:00,2026-08-07 02:25:00,2026-08-07 10:25:00,93.0,93.011,92.984,92.994,539.0
2026-08-07 05:30:00,2026-08-07 02:30:00,2026-08-07 10:30:00,92.995,93.006,92.991,92.998,398.0
2026-08-07 05:35:00,2026-08-07 02:35:00,2026-08-07 10:35:00,92.996,93.004,92.989,92.991,335.0
2026-08-07 05:40:00,2026-08-07 02:40:00,2026-08-07 10:40:00,92.991,93.0,92.981,92.995,369.0
2026-08-07 05:45:00,2026-08-07 02:45:00,2026-08-07 10:45:00,92.994,93.001,92.979,92.98,378.0
2026-08-07 05:50:00,2026-08-07 02:50:00,2026-08-07 10:50:00,92.981,92.987,92.965,92.967,385.0
2026-08-07 05:55:00,2026-08-07 02:55:00,2026-08-07 10:55:00,92.967,92.976,92.964,92.969,444.0
2026-08-07 06:00:00,2026-08-07 03:00:00,2026-08-07 11:00:00,92.968,92.975,92.951,92.967,449.0
2026-08-07 06:05:00,2026-08-07 03:05:00,2026-08-07 11:05:00,92.966,92.985,92.963,92.985,499.0
2026-08-07 06:10:00,2026-08-07 03:10:00,2026-08-07 11:10:00,92.985,93.001,92.98,92.996,375.0
2026-08-07 06:15:00,2026-08-07 03:15:00,2026-08-07 11:15:00,92.997,93.006,92.988,93.005,339.0
2026-08-07 06:20:00,2026-08-07 03:20:00,2026-08-07 11:20:00,93.006,93.01,92.987,92.989,400.0
2026-08-07 06:25:00,2026-08-07 03:25:00,2026-08-07 11:25:00,92.99,93.008,92.974,92.995,914.0
2026-08-07 06:30:00,2026-08-07 03:30:00,2026-08-07 11:30:00,92.996,93.003,92.988,93.002,616.0
2026-08-07 06:35:00,2026-08-07 03:35:00,2026-08-07 11:35:00,93.003,93.008,92.979,92.982,541.0
2026-08-07 06:40:00,2026-08-07 03:40:00,2026-08-07 11:40:00,92.981,92.983,92.952,92.96,422.0
2026-08-07 06:45:00,2026-08-07 03:45:00,2026-08-07 11:45:00,92.96,92.98,92.96,92.977,389.0
2026-08-07 06:50:00,2026-08-07 03:50:00,2026-08-07 11:50:00,92.971,92.998,92.971,92.986,602.0
2026-08-07 06:55:00,2026-08-07 03:55:00,2026-08-07 11:55:00,92.987,92.989,92.97,92.982,571.0
2026-08-07 07:00:00,2026-08-07 04:00:00,2026-08-07 12:00:00,92.98,92.99,92.96,92.963,383.0
2026-08-07 07:05:00,2026-08-07 04:05:00,2026-08-07 12:05:00,92.971,92.98,92.964,92.97,277.0
2026-08-07 07:10:00,2026-08-07 04:10:00,2026-08-07 12:10:00,92.971,92.98,92.97,92.977,168.0
2026-08-07 07:15:00,2026-08-07 04:15:00,2026-08-07 12:15:00,92.975,92.978,92.967,92.977,192.0
2026-08-07 07:20:00,2026-08-07 04:20:00,2026-08-07 12:20:00,92.976,92.997,92.976,92.979,301.0
2026-08-07 07:25:00,2026-08-07 04:25:00,2026-08-07 12:25:00,92.978,92.996,92.976,92.994,289.0
2026-08-07 07:30:00,2026-08-07 04:30:00,2026-08-07 12:30:00,92.996,92.996,92.966,92.977,254.0
2026-08-07 07:35:00,2026-08-07 04:35:00,2026-08-07 12:35:00,92.975,92.983,92.97,92.979,317.0
2026-08-07 07:40:00,2026-08-07 04:40:00,2026-08-07 12:40:00,92.976,92.977,92.969,92.975,126.0
2026-08-07 07:45:00,2026-08-07 04:45:00,2026-08-07 12:45:00,92.974,92.978,92.961,92.975,105.0
2026-08-07 07:50:00,2026-08-07 04:50:00,2026-08-07 12:50:00,92.975,92.985,92.968,92.982,373.0
2026-08-07 07:55:00,2026-08-07 04:55:00,2026-08-07 12:55:00,92.981,92.999,92.978,92.989,765.0
2026-08-07 08:05:00,2026-08-07 05:05:00,2026-08-07 13:05:00,92.967,92.967,92.877,92.943,235.0
2026-08-07 08:10:00,2026-08-07 05:10:00,2026-08-07 13:10:00,92.944,92.974,92.937,92.942,65.0
2026-08-07 08:15:00,2026-08-07 05:15:00,2026-08-07 13:15:00,92.943,92.98,92.94,92.98,81.0
2026-08-07 08:20:00,2026-08-07 05:20:00,2026-08-07 13:20:00,92.981,93.0,92.981,93.0,18.0
2026-08-07 08:25:00,2026-08-07 05:25:00,2026-08-07 13:25:00,93.003,93.003,92.967,92.971,68.0
2026-08-07 08:30:00,2026-08-07 05:30:00,2026-08-07 13:30:00,92.971,92.977,92.89,92.893,112.0
2026-08-07 08:35:00,2026-08-07 05:35:00,2026-08-07 13:35:00,92.887,92.895,92.887,92.894,19.0
2026-08-07 08:40:00,2026-08-07 05:40:00,2026-08-07 13:40:00,92.894,92.894,92.89,92.892,23.0
2026-08-07 08:45:00,2026-08-07 05:45:00,2026-08-07 13:45:00,92.871,92.892,92.866,92.88,33.0
2026-08-07 08:50:00,2026-08-07 05:50:00,2026-08-07 13:50:00,92.88,92.901,92.87,92.901,46.0
2026-08-07 08:55:00,2026-08-07 05:55:00,2026-08-07 13:55:00,92.901,92.912,92.895,92.906,112.0
2026-08-07 09:00:00,2026-08-07 06:00:00,2026-08-07 14:00:00,92.919,92.995,92.912,92.987,603.0
2026-08-07 09:05:00,2026-08-07 06:05:00,2026-08-07 14:05:00,92.99,92.996,92.977,92.996,123.0
2026-08-07 09:10:00,2026-08-07 06:10:00,2026-08-07 14:10:00,92.993,93.006,92.99,93.006,238.0
2026-08-07 09:15:00,2026-08-07 06:15:00,2026-08-07 14:15:00,93.005,93.006,92.994,92.994,215.0
2026-08-07 09:20:00,2026-08-07 06:20:00,2026-08-07 14:20:00,92.995,92.997,92.977,92.986,232.0
2026-08-07 09:25:00,2026-08-07 06:25:00,2026-08-07 14:25:00,92.985,92.989,92.98,92.982,185.0
2026-08-07 09:30:00,2026-08-07 06:30:00,2026-08-07 14:30:00,92.982,92.985,92.97,92.985,318.0
2026-08-07 09:35:00,2026-08-07 06:35:00,2026-08-07 14:35:00,92.984,92.987,92.974,92.983,258.0
2026-08-07 09:40:00,2026-08-07 06:40:00,2026-08-07 14:40:00,92.982,92.984,92.97,92.972,214.0
2026-08-07 09:45:00,2026-08-07 06:45:00,2026-08-07 14:45:00,92.973,92.981,92.968,92.971,183.0
2026-08-07 09:50:00,2026-08-07 06:50:00,2026-08-07 14:50:00,92.971,92.989,92.971,92.986,181.0
2026-08-07 09:55:00,2026-08-07 06:55:00,2026-08-07 14:55:00,92.985,92.988,92.971,92.975,140.0
2026-08-07 10:00:00,2026-08-07 07:00:00,2026-08-07 15:00:00,92.973,92.986,92.969,92.97,259.0
2026-08-07 10:05:00,2026-08-07 07:05:00,2026-08-07 15:05:00,92.971,92.975,92.942,92.956,303.0
2026-08-07 10:10:00,2026-08-07 07:10:00,2026-08-07 15:10:00,92.954,92.956,92.942,92.945,214.0
2026-08-07 10:15:00,2026-08-07 07:15:00,2026-08-07 15:15:00,92.945,92.951,92.931,92.94,191.0
2026-08-07 10:20:00,2026-08-07 07:20:00,2026-08-07 15:20:00,92.941,92.956,92.937,92.953,145.0
2026-08-07 10:25:00,2026-08-07 07:25:00,2026-08-07 15:25:00,92.955,92.967,92.953,92.962,181.0
2026-08-07 10:30:00,2026-08-07 07:30:00,2026-08-07 15:30:00,92.961,92.961,92.922,92.927,152.0
2026-08-07 10:35:00,2026-08-07 07:35:00,2026-08-07 15:35:00,92.928,92.933,92.919,92.921,129.0
2026-08-07 10:40:00,2026-08-07 07:40:00,2026-08-07 15:40:00,92.921,92.938,92.92,92.938,283.0
2026-08-07 10:45:00,2026-08-07 07:45:00,2026-08-07 15:45:00,92.938,92.953,92.934,92.948,173.0
2026-08-07 10:50:00,2026-08-07 07:50:00,2026-08-07 15:50:00,92.947,92.947,92.934,92.944,203.0
2026-08-07 10:55:00,2026-08-07 07:55:00,2026-08-07 15:55:00,92.946,92.956,92.942,92.953,301.0
2026-08-07 11:00:00,2026-08-07 08:00:00,2026-08-07 16:00:00,92.953,92.977,92.948,92.976,646.0
2026-08-07 11:05:00,2026-08-07 08:05:00,2026-08-07 16:05:00,92.975,92.985,92.961,92.969,354.0
2026-08-07 11:10:00,2026-08-07 08:10:00,2026-08-07 16:10:00,92.969,92.977,92.958,92.973,532.0
2026-08-07 11:15:00,2026-08-07 08:15:00,2026-08-07 16:15:00,92.974,92.987,92.959,92.977,616.0
2026-08-07 11:20:00,2026-08-07 08:20:00,2026-08-07 16:20:00,92.978,92.985,92.948,92.953,651.0
2026-08-07 11:25:00,2026-08-07 08:25:00,2026-08-07 16:25:00,92.955,92.971,92.952,92.959,531.0
2026-08-07 11:30:00,2026-08-07 08:30:00,2026-08-07 16:30:00,92.961,92.992,92.956,92.98,534.0
2026-08-07 11:35:00,2026-08-07 08:35:00,2026-08-07 16:35:00,92.979,92.98,92.93,92.94,491.0
2026-08-07 11:40:00,2026-08-07 08:40:00,2026-08-07 16:40:00,92.941,92.966,92.934,92.963,466.0
2026-08-07 11:45:00,2026-08-07 08:45:00,2026-08-07 16:45:00,92.965,92.972,92.937,92.945,536.0
2026-08-07 11:50:00,2026-08-07 08:50:00,2026-08-07 16:50:00,92.946,92.999,92.938,92.986,868.0
2026-08-07 11:55:00,2026-08-07 08:55:00,2026-08-07 16:55:00,92.985,92.995,92.953,92.995,808.0
2026-08-07 12:00:00,2026-08-07 09:00:00,2026-08-07 17:00:00,92.995,93.023,92.985,92.991,680.0
2026-08-07 12:05:00,2026-08-07 09:05:00,2026-08-07 17:05:00,92.991,92.999,92.969,92.987,666.0
2026-08-07 12:10:00,2026-08-07 09:10:00,2026-08-07 17:10:00,92.988,93.0,92.964,92.973,570.0
2026-08-07 12:15:00,2026-08-07 09:15:00,2026-08-07 17:15:00,92.972,92.972,92.939,92.95,548.0
2026-08-07 12:20:00,2026-08-07 09:20:00,2026-08-07 17:20:00,92.952,92.953,92.916,92.921,692.0
2026-08-07 12:25:00,2026-08-07 09:25:00,2026-08-07 17:25:00,92.922,92.959,92.916,92.953,654.0
2026-08-07 12:30:00,2026-08-07 09:30:00,2026-08-07 17:30:00,92.953,92.956,92.904,92.915,655.0
2026-08-07 12:35:00,2026-08-07 09:35:00,2026-08-07 17:35:00,92.915,92.917,92.866,92.87,740.0
2026-08-07 12:40:00,2026-08-07 09:40:00,2026-08-07 17:40:00,92.87,92.896,92.843,92.896,872.0
2026-08-07 12:45:00,2026-08-07 09:45:00,2026-08-07 17:45:00,92.895,92.912,92.883,92.894,609.0
2026-08-07 12:50:00,2026-08-07 09:50:00,2026-08-07 17:50:00,92.895,92.903,92.871,92.882,454.0
2026-08-07 12:55:00,2026-08-07 09:55:00,2026-08-07 17:55:00,92.882,92.912,92.879,92.896,498.0
2026-08-07 13:00:00,2026-08-07 10:00:00,2026-08-07 18:00:00,92.896,92.926,92.892,92.923,597.0
2026-08-07 13:05:00,2026-08-07 10:05:00,2026-08-07 18:05:00,92.923,92.928,92.894,92.899,492.0
2026-08-07 13:10:00,2026-08-07 10:10:00,2026-08-07 18:10:00,92.899,92.916,92.895,92.901,550.0
2026-08-07 13:15:00,2026-08-07 10:15:00,2026-08-07 18:15:00,92.899,92.929,92.893,92.925,476.0
2026-08-07 13:20:00,2026-08-07 10:20:00,2026-08-07 18:20:00,92.922,92.929,92.9,92.905,358.0
2026-08-07 13:25:00,2026-08-07 10:25:00,2026-08-07 18:25:00,92.907,92.909,92.901,92.906,397.0
2026-08-07 13:30:00,2026-08-07 10:30:00,2026-08-07 18:30:00,92.907,92.909,92.867,92.87,351.0
2026-08-07 13:35:00,2026-08-07 10:35:00,2026-08-07 18:35:00,92.87,92.877,92.86,92.866,327.0
2026-08-07 13:40:00,2026-08-07 10:40:00,2026-08-07 18:40:00,92.865,92.879,92.86,92.864,374.0
2026-08-07 13:45:00,2026-08-07 10:45:00,2026-08-07 18:45:00,92.861,92.884,92.851,92.882,387.0
2026-08-07 13:50:00,2026-08-07 10:50:00,2026-08-07 18:50:00,92.882,92.895,92.877,92.878,369.0
2026-08-07 13:55:00,2026-08-07 10:55:00,2026-08-07 18:55:00,92.878,92.88,92.86,92.869,523.0
2026-08-07 14:00:00,2026-08-07 11:00:00,2026-08-07 19:00:00,92.87,92.884,92.858,92.881,429.0
2026-08-07 14:05:00,2026-08-07 11:05:00,2026-08-07 19:05:00,92.881,92.892,92.875,92.884,481.0
2026-08-07 14:10:00,2026-08-07 11:10:00,2026-08-07 19:10:00,92.885,92.892,92.88,92.89,333.0
2026-08-07 14:15:00,2026-08-07 11:15:00,2026-08-07 19:15:00,92.89,92.907,92.883,92.896,367.0
2026-08-07 14:20:00,2026-08-07 11:20:00,2026-08-07 19:20:00,92.897,92.906,92.892,92.894,258.0
2026-08-07 14:25:00,2026-08-07 11:25:00,2026-08-07 19:25:00,92.895,92.896,92.876,92.876,245.0
2026-08-07 14:30:00,2026-08-07 11:30:00,2026-08-07 19:30:00,92.877,92.885,92.869,92.876,322.0
2026-08-07 14:35:00,2026-08-07 11:35:00,2026-08-07 19:35:00,92.876,92.898,92.872,92.896,333.0
2026-08-07 14:40:00,2026-08-07 11:40:00,2026-08-07 19:40:00,92.897,92.901,92.892,92.899,273.0
2026-08-07 14:45:00,2026-08-07 11:45:00,2026-08-07 19:45:00,92.899,92.916,92.894,92.914,349.0
2026-08-07 14:50:00,2026-08-07 11:50:00,2026-08-07 19:50:00,92.913,92.915,92.899,92.909,259.0
2026-08-07 14:55:00,2026-08-07 11:55:00,2026-08-07 19:55:00,92.908,92.912,92.874,92.899,440.0
2026-08-07 15:00:00,2026-08-07 12:00:00,2026-08-07 20:00:00,92.898,92.902,92.872,92.888,478.0
2026-08-07 15:05:00,2026-08-07 12:05:00,2026-08-07 20:05:00,92.889,92.895,92.88,92.889,281.0
2026-08-07 15:10:00,2026-08-07 12:10:00,2026-08-07 20:10:00,92.891,92.897,92.884,92.885,397.0
2026-08-07 15:15:00,2026-08-07 12:15:00,2026-08-07 20:15:00,92.887,92.892,92.876,92.883,482.0
2026-08-07 15:20:00,2026-08-07 12:20:00,2026-08-07 20:20:00,92.885,92.907,92.882,92.9,246.0
2026-08-07 15:25:00,2026-08-07 12:25:00,2026-08-07 20:25:00,92.901,92.908,92.893,92.906,345.0
2026-08-07 15:30:00,2026-08-07 12:30:00,2026-08-07 20:30:00,92.906,92.912,92.887,92.887,540.0
2026-08-07 15:35:00,2026-08-07 12:35:00,2026-08-07 20:35:00,92.887,92.888,92.872,92.878,269.0
2026-08-07 15:40:00,2026-08-07 12:40:00,2026-08-07 20:40:00,92.877,92.893,92.874,92.887,305.0
2026-08-07 15:45:00,2026-08-07 12:45:00,2026-08-07 20:45:00,92.888,92.896,92.88,92.887,297.0
2026-08-07 15:50:00,2026-08-07 12:50:00,2026-08-07 20:50:00,92.887,92.891,92.874,92.889,383.0
2026-08-07 15:55:00,2026-08-07 12:55:00,2026-08-07 20:55:00,92.891,92.894,92.872,92.872,299.0
2026-08-07 16:00:00,2026-08-07 13:00:00,2026-08-07 21:00:00,92.874,92.889,92.872,92.879,311.0
2026-08-07 16:05:00,2026-08-07 13:05:00,2026-08-07 21:05:00,92.878,92.879,92.866,92.875,237.0
2026-08-07 16:10:00,2026-08-07 13:10:00,2026-08-07 21:10:00,92.871,92.875,92.861,92.867,314.0
2026-08-07 16:15:00,2026-08-07 13:15:00,2026-08-07 21:15:00,92.866,92.878,92.86,92.877,285.0
2026-08-07 16:20:00,2026-08-07 13:20:00,2026-08-07 21:20:00,92.876,92.878,92.854,92.857,250.0
2026-08-07 16:25:00,2026-08-07 13:25:00,2026-08-07 21:25:00,92.857,92.867,92.856,92.86,293.0
2026-08-07 16:30:00,2026-08-07 13:30:00,2026-08-07 21:30:00,92.861,92.87,92.85,92.865,416.0
2026-08-07 16:35:00,2026-08-07 13:35:00,2026-08-07 21:35:00,92.866,92.877,92.866,92.871,337.0
2026-08-07 16:40:00,2026-08-07 13:40:00,2026-08-07 21:40:00,92.871,92.871,92.842,92.843,371.0
2026-08-07 16:45:00,2026-08-07 13:45:00,2026-08-07 21:45:00,92.843,92.861,92.841,92.859,402.0
2026-08-07 16:50:00,2026-08-07 13:50:00,2026-08-07 21:50:00,92.859,92.871,92.856,92.867,355.0
2026-08-07 16:55:00,2026-08-07 13:55:00,2026-08-07 21:55:00,92.866,92.868,92.838,92.839,398.0
2026-08-07 17:00:00,2026-08-07 14:00:00,2026-08-07 22:00:00,92.837,92.85,92.83,92.836,459.0
2026-08-07 17:05:00,2026-08-07 14:05:00,2026-08-07 22:05:00,92.837,92.861,92.833,92.861,436.0
2026-08-07 17:10:00,2026-08-07 14:10:00,2026-08-07 22:10:00,92.861,92.886,92.852,92.867,408.0
2026-08-07 17:15:00,2026-08-07 14:15:00,2026-08-07 22:15:00,92.867,92.869,92.847,92.862,384.0
2026-08-07 17:20:00,2026-08-07 14:20:00,2026-08-07 22:20:00,92.861,92.873,92.857,92.87,438.0
2026-08-07 17:25:00,2026-08-07 14:25:00,2026-08-07 22:25:00,92.871,92.884,92.858,92.873,537.0
2026-08-07 17:30:00,2026-08-07 14:30:00,2026-08-07 22:30:00,92.877,92.88,92.854,92.872,570.0
2026-08-07 17:35:00,2026-08-07 14:35:00,2026-08-07 22:35:00,92.871,92.909,92.871,92.9,474.0
2026-08-07 17:40:00,2026-08-07 14:40:00,2026-08-07 22:40:00,92.903,92.908,92.87,92.871,587.0
2026-08-07 17:45:00,2026-08-07 14:45:00,2026-08-07 22:45:00,92.871,92.896,92.871,92.88,476.0
2026-08-07 17:50:00,2026-08-07 14:50:00,2026-08-07 22:50:00,92.88,92.885,92.869,92.869,506.0
2026-08-07 17:55:00,2026-08-07 14:55:00,2026-08-07 22:55:00,92.871,92.894,92.866,92.89,457.0
2026-08-07 18:00:00,2026-08-07 15:00:00,2026-08-07 23:00:00,92.893,92.908,92.878,92.879,470.0
2026-08-07 18:05:00,2026-08-07 15:05:00,2026-08-07 23:05:00,92.881,92.909,92.881,92.899,503.0
2026-08-07 18:10:00,2026-08-07 15:10:00,2026-08-07 23:10:00,92.9,92.94,92.899,92.925,468.0
2026-08-07 18:15:00,2026-08-07 15:15:00,2026-08-07 23:15:00,92.926,92.943,92.922,92.931,562.0
2026-08-07 18:20:00,2026-08-07 15:20:00,2026-08-07 23:20:00,92.929,92.939,92.919,92.933,478.0
2026-08-07 18:25:00,2026-08-07 15:25:00,2026-08-07 23:25:00,92.934,92.95,92.933,92.937,445.0
2026-08-07 18:30:00,2026-08-07 15:30:00,2026-08-07 23:30:00,92.935,92.971,92.934,92.957,472.0
2026-08-07 18:35:00,2026-08-07 15:35:00,2026-08-07 23:35:00,92.956,92.959,92.939,92.941,522.0
2026-08-07 18:40:00,2026-08-07 15:40:00,2026-08-07 23:40:00,92.939,92.959,92.935,92.959,534.0
2026-08-07 18:45:00,2026-08-07 15:45:00,2026-08-07 23:45:00,92.959,92.975,92.953,92.973,441.0
2026-08-07 18:50:00,2026-08-07 15:50:00,2026-08-07 23:50:00,92.976,92.998,92.972,92.997,445.0
2026-08-07 18:55:00,2026-08-07 15:55:00,2026-08-07 23:55:00,92.998,93.009,92.969,92.97,507.0
2026-08-07 19:00:00,2026-08-07 16:00:00,2026-08-08 00:00:00,92.969,92.994,92.967,92.99,541.0
2026-08-07 19:05:00,2026-08-07 16:05:00,2026-08-08 00:05:00,92.989,93.004,92.985,92.992,662.0
2026-08-07 19:10:00,2026-08-07 16:10:00,2026-08-08 00:10:00,92.993,93.01,92.984,93.006,570.0
2026-08-07 19:15:00,2026-08-07 16:15:00,2026-08-08 00:15:00,93.007,93.018,92.995,92.999,483.0
2026-08-07 19:20:00,2026-08-07 16:20:00,2026-08-08 00:20:00,92.998,93.0,92.976,92.982,462.0
2026-08-07 19:25:00,2026-08-07 16:25:00,2026-08-08 00:25:00,92.982,92.983,92.963,92.964,507.0
2026-08-07 19:30:00,2026-08-07 16:30:00,2026-08-08 00:30:00,92.965,92.992,92.956,92.982,541.0
2026-08-07 19:35:00,2026-08-07 16:35:00,2026-08-08 00:35:00,92.983,92.984,92.941,92.954,614.0
2026-08-07 19:40:00,2026-08-07 16:40:00,2026-08-08 00:40:00,92.954,92.969,92.943,92.968,420.0
2026-08-07 19:45:00,2026-08-07 16:45:00,2026-08-08 00:45:00,92.967,92.974,92.953,92.965,491.0
2026-08-07 19:50:00,2026-08-07 16:50:00,2026-08-08 00:50:00,92.965,92.986,92.964,92.965,459.0
2026-08-07 19:55:00,2026-08-07 16:55:00,2026-08-08 00:55:00,92.964,92.995,92.961,92.985,462.0
2026-08-07 20:00:00,2026-08-07 17:00:00,2026-08-08 01:00:00,92.985,93.016,92.975,93.006,459.0
2026-08-07 20:05:00,2026-08-07 17:05:00,2026-08-08 01:05:00,93.006,93.016,92.997,93.009,468.0
2026-08-07 20:10:00,2026-08-07 17:10:00,2026-08-08 01:10:00,93.009,93.033,92.997,93.033,498.0
2026-08-07 20:15:00,2026-08-07 17:15:00,2026-08-08 01:15:00,93.035,93.035,93.018,93.02,386.0
2026-08-07 20:20:00,2026-08-07 17:20:00,2026-08-08 01:20:00,93.02,93.057,93.017,93.051,471.0
2026-08-07 20:25:00,2026-08-07 17:25:00,2026-08-08 01:25:00,93.053,93.068,93.039,93.043,463.0
2026-08-07 20:30:00,2026-08-07 17:30:00,2026-08-08 01:30:00,93.042,93.043,93.026,93.031,490.0
2026-08-07 20:35:00,2026-08-07 17:35:00,2026-08-08 01:35:00,93.031,93.041,93.021,93.023,439.0
2026-08-07 20:40:00,2026-08-07 17:40:00,2026-08-08 01:40:00,93.026,93.028,93.008,93.018,409.0
2026-08-07 20:45:00,2026-08-07 17:45:00,2026-08-08 01:45:00,93.017,93.035,93.011,93.025,428.0
2026-08-07 20:50:00,2026-08-07 17:50:00,2026-08-08 01:50:00,93.026,93.035,93.018,93.024,411.0
2026-08-07 20:55:00,2026-08-07 17:55:00,2026-08-08 01:55:00,93.025,93.036,93.007,93.024,473.0
2026-08-07 21:00:00,2026-08-07 18:00:00,2026-08-08 02:00:00,93.024,93.039,93.019,93.037,407.0
2026-08-07 21:05:00,2026-08-07 18:05:00,2026-08-08 02:05:00,93.037,93.038,93.01,93.018,419.0
2026-08-07 21:10:00,2026-08-07 18:10:00,2026-08-08 02:10:00,93.016,93.016,92.977,92.981,443.0
2026-08-07 21:15:00,2026-08-07 18:15:00,2026-08-08 02:15:00,92.979,92.997,92.973,92.989,422.0
2026-08-07 21:20:00,2026-08-07 18:20:00,2026-08-08 02:20:00,92.989,92.996,92.984,92.994,385.0
2026-08-07 21:25:00,2026-08-07 18:25:00,2026-08-08 02:25:00,92.996,93.003,92.974,92.98,418.0
2026-08-07 21:30:00,2026-08-07 18:30:00,2026-08-08 02:30:00,92.982,92.982,92.946,92.965,342.0
2026-08-07 21:35:00,2026-08-07 18:35:00,2026-08-08 02:35:00,92.963,92.965,92.906,92.917,460.0
2026-08-07 21:40:00,2026-08-07 18:40:00,2026-08-08 02:40:00,92.916,92.917,92.87,92.882,589.0
2026-08-07 21:45:00,2026-08-07 18:45:00,2026-08-08 02:45:00,92.882,92.882,92.856,92.868,445.0
2026-08-07 21:50:00,2026-08-07 18:50:00,2026-08-08 02:50:00,92.867,92.886,92.864,92.874,462.0
2026-08-07 21:55:00,2026-08-07 18:55:00,2026-08-08 02:55:00,92.872,92.894,92.864,92.867,413.0
2026-08-07 22:00:00,2026-08-07 19:00:00,2026-08-08 03:00:00,92.868,92.902,92.867,92.874,551.0
2026-08-07 22:05:00,2026-08-07 19:05:00,2026-08-08 03:05:00,92.874,92.903,92.869,92.901,357.0
2026-08-07 22:10:00,2026-08-07 19:10:00,2026-08-08 03:10:00,92.903,92.908,92.876,92.899,396.0
2026-08-07 22:15:00,2026-08-07 19:15:00,2026-08-08 03:15:00,92.903,92.919,92.893,92.909,455.0
2026-08-07 22:20:00,2026-08-07 19:20:00,2026-08-08 03:20:00,92.908,92.916,92.891,92.896,411.0
2026-08-07 22:25:00,2026-08-07 19:25:00,2026-08-08 03:25:00,92.898,92.911,92.895,92.904,475.0
2026-08-07 22:30:00,2026-08-07 19:30:00,2026-08-08 03:30:00,92.905,92.92,92.897,92.918,453.0
2026-08-07 22:35:00,2026-08-07 19:35:00,2026-08-08 03:35:00,92.914,92.936,92.905,92.929,514.0
2026-08-07 22:40:00,2026-08-07 19:40:00,2026-08-08 03:40:00,92.931,92.946,92.915,92.939,533.0
2026-08-07 22:45:00,2026-08-07 19:45:00,2026-08-08 03:45:00,92.941,92.944,92.928,92.934,393.0
2026-08-07 22:50:00,2026-08-07 19:50:00,2026-08-08 03:50:00,92.934,92.947,92.929,92.934,457.0
2026-08-07 22:55:00,2026-08-07 19:55:00,2026-08-08 03:55:00,92.934,92.958,92.925,92.951,527.0
2026-08-07 23:00:00,2026-08-07 20:00:00,2026-08-08 04:00:00,92.954,92.977,92.938,92.945,644.0
2026-08-07 23:05:00,2026-08-07 20:05:00,2026-08-08 04:05:00,92.944,92.961,92.936,92.959,579.0
2026-08-07 23:10:00,2026-08-07 20:10:00,2026-08-08 04:10:00,92.96,92.986,92.954,92.962,550.0
2026-08-07 23:15:00,2026-08-07 20:15:00,2026-08-08 04:15:00,92.961,92.98,92.949,92.955,615.0
2026-08-07 23:20:00,2026-08-07 20:20:00,2026-08-08 04:20:00,92.955,92.995,92.926,92.937,670.0
2026-08-07 23:25:00,2026-08-07 20:25:00,2026-08-08 04:25:00,92.936,92.948,92.891,92.891,750.0
2026-08-07 23:30:00,2026-08-07 20:30:00,2026-08-08 04:30:00,92.893,92.976,92.43,92.517,2188.0
2026-08-07 23:35:00,2026-08-07 20:35:00,2026-08-08 04:35:00,92.504,92.709,92.473,92.645,2081.0
2026-08-07 23:40:00,2026-08-07 20:40:00,2026-08-08 04:40:00,92.642,92.81,92.637,92.8,1624.0
2026-08-07 23:45:00,2026-08-07 20:45:00,2026-08-08 04:45:00,92.803,92.87,92.784,92.79,1500.0
2026-08-07 23:50:00,2026-08-07 20:50:00,2026-08-08 04:50:00,92.792,92.823,92.727,92.746,1707.0
2026-08-07 23:55:00,2026-08-07 20:55:00,2026-08-08 04:55:00,92.747,92.825,92.735,92.821,1613.0
2026-08-08 00:00:00,2026-08-07 21:00:00,2026-08-08 05:00:00,92.821,92.828,92.772,92.814,1571.0
2026-08-08 00:05:00,2026-08-07 21:05:00,2026-08-08 05:05:00,92.814,92.816,92.759,92.771,1329.0
2026-08-08 00:10:00,2026-08-07 21:10:00,2026-08-08 05:10:00,92.769,92.769,92.727,92.74,1318.0
2026-08-08 00:15:00,2026-08-07 21:15:00,2026-08-08 05:15:00,92.738,92.762,92.729,92.757,1293.0
2026-08-08 00:20:00,2026-08-07 21:20:00,2026-08-08 05:20:00,92.758,92.76,92.729,92.74,1028.0
2026-08-08 00:25:00,2026-08-07 21:25:00,2026-08-08 05:25:00,92.738,92.753,92.711,92.727,1051.0
2026-08-08 00:30:00,2026-08-07 21:30:00,2026-08-08 05:30:00,92.729,92.787,92.72,92.776,1285.0
2026-08-08 00:35:00,2026-08-07 21:35:00,2026-08-08 05:35:00,92.775,92.819,92.767,92.81,1193.0
2026-08-08 00:40:00,2026-08-07 21:40:00,2026-08-08 05:40:00,92.809,92.834,92.799,92.814,1172.0
2026-08-08 00:45:00,2026-08-07 21:45:00,2026-08-08 05:45:00,92.81,92.837,92.792,92.796,1186.0
2026-08-08 00:50:00,2026-08-07 21:50:00,2026-08-08 05:50:00,92.796,92.839,92.79,92.836,1101.0
2026-08-08 00:55:00,2026-08-07 21:55:00,2026-08-08 05:55:00,92.835,92.845,92.786,92.815,1333.0
2026-08-08 01:00:00,2026-08-07 22:00:00,2026-08-08 06:00:00,92.816,92.867,92.807,92.818,1223.0
2026-08-08 01:05:00,2026-08-07 22:05:00,2026-08-08 06:05:00,92.819,92.849,92.788,92.84,1167.0
2026-08-08 01:10:00,2026-08-07 22:10:00,2026-08-08 06:10:00,92.839,92.843,92.797,92.806,1245.0
2026-08-08 01:15:00,2026-08-07 22:15:00,2026-08-08 06:15:00,92.808,92.878,92.803,92.874,1213.0
2026-08-08 01:20:00,2026-08-07 22:20:00,2026-08-08 06:20:00,92.869,92.928,92.862,92.927,1123.0
2026-08-08 01:25:00,2026-08-07 22:25:00,2026-08-08 06:25:00,92.927,92.971,92.917,92.95,981.0
2026-08-08 01:30:00,2026-08-07 22:30:00,2026-08-08 06:30:00,92.949,92.95,92.902,92.944,839.0
2026-08-08 01:35:00,2026-08-07 22:35:00,2026-08-08 06:35:00,92.942,92.951,92.894,92.917,861.0
2026-08-08 01:40:00,2026-08-07 22:40:00,2026-08-08 06:40:00,92.917,92.929,92.895,92.913,870.0
2026-08-08 01:45:00,2026-08-07 22:45:00,2026-08-08 06:45:00,92.912,92.955,92.908,92.916,941.0
2026-08-08 01:50:00,2026-08-07 22:50:00,2026-08-08 06:50:00,92.916,92.926,92.894,92.905,1041.0
2026-08-08 01:55:00,2026-08-07 22:55:00,2026-08-08 06:55:00,92.905,92.948,92.905,92.921,1148.0
2026-08-08 02:00:00,2026-08-07 23:00:00,2026-08-08 07:00:00,92.924,92.94,92.903,92.908,1248.0
2026-08-08 02:05:00,2026-08-07 23:05:00,2026-08-08 07:05:00,92.908,92.935,92.897,92.916,954.0
2026-08-08 02:10:00,2026-08-07 23:10:00,2026-08-08 07:10:00,92.916,92.955,92.906,92.937,1111.0
2026-08-08 02:15:00,2026-08-07 23:15:00,2026-08-08 07:15:00,92.935,92.95,92.919,92.936,1051.0
2026-08-08 02:20:00,2026-08-07 23:20:00,2026-08-08 07:20:00,92.938,92.946,92.894,92.908,1028.0
2026-08-08 02:25:00,2026-08-07 23:25:00,2026-08-08 07:25:00,92.91,92.912,92.867,92.868,979.0
2026-08-08 02:30:00,2026-08-07 23:30:00,2026-08-08 07:30:00,92.867,92.872,92.834,92.835,907.0
2026-08-08 02:35:00,2026-08-07 23:35:00,2026-08-08 07:35:00,92.829,92.857,92.802,92.807,966.0
2026-08-08 02:40:00,2026-08-07 23:40:00,2026-08-08 07:40:00,92.806,92.809,92.733,92.767,1166.0
2026-08-08 02:45:00,2026-08-07 23:45:00,2026-08-08 07:45:00,92.767,92.823,92.764,92.798,868.0
2026-08-08 02:50:00,2026-08-07 23:50:00,2026-08-08 07:50:00,92.798,92.803,92.741,92.746,883.0
2026-08-08 02:55:00,2026-08-07 23:55:00,2026-08-08 07:55:00,92.745,92.81,92.745,92.803,994.0
2026-08-08 03:00:00,2026-08-08 00:00:00,2026-08-08 08:00:00,92.804,92.804,92.756,92.763,895.0
2026-08-08 03:05:00,2026-08-08 00:05:00,2026-08-08 08:05:00,92.763,92.836,92.759,92.82,895.0
2026-08-08 03:10:00,2026-08-08 00:10:00,2026-08-08 08:10:00,92.819,92.828,92.804,92.813,784.0
2026-08-08 03:15:00,2026-08-08 00:15:00,2026-08-08 08:15:00,92.812,92.82,92.787,92.79,669.0
2026-08-08 03:20:00,2026-08-08 00:20:00,2026-08-08 08:20:00,92.79,92.81,92.748,92.757,936.0
2026-08-08 03:25:00,2026-08-08 00:25:00,2026-08-08 08:25:00,92.758,92.758,92.703,92.735,1093.0
2026-08-08 03:30:00,2026-08-08 00:30:00,2026-08-08 08:30:00,92.735,92.749,92.714,92.747,985.0
2026-08-08 03:35:00,2026-08-08 00:35:00,2026-08-08 08:35:00,92.747,92.751,92.73,92.747,723.0
2026-08-08 03:40:00,2026-08-08 00:40:00,2026-08-08 08:40:00,92.747,92.767,92.739,92.745,652.0
2026-08-08 03:45:00,2026-08-08 00:45:00,2026-08-08 08:45:00,92.743,92.758,92.729,92.747,745.0
2026-08-08 03:50:00,2026-08-08 00:50:00,2026-08-08 08:50:00,92.747,92.773,92.742,92.752,614.0
2026-08-08 03:55:00,2026-08-08 00:55:00,2026-08-08 08:55:00,92.755,92.771,92.751,92.763,706.0
2026-08-08 04:00:00,2026-08-08 01:00:00,2026-08-08 09:00:00,92.764,92.788,92.751,92.783,545.0
2026-08-08 04:05:00,2026-08-08 01:05:00,2026-08-08 09:05:00,92.783,92.805,92.782,92.79,523.0
2026-08-08 04:10:00,2026-08-08 01:10:00,2026-08-08 09:10:00,92.792,92.795,92.761,92.761,413.0
2026-08-08 04:15:00,2026-08-08 01:15:00,2026-08-08 09:15:00,92.763,92.772,92.755,92.766,429.0
2026-08-08 04:20:00,2026-08-08 01:20:00,2026-08-08 09:20:00,92.767,92.782,92.763,92.767,419.0
2026-08-08 04:25:00,2026-08-08 01:25:00,2026-08-08 09:25:00,92.767,92.778,92.761,92.773,547.0
2026-08-08 04:30:00,2026-08-08 01:30:00,2026-08-08 09:30:00,92.771,92.777,92.762,92.768,565.0
2026-08-08 04:35:00,2026-08-08 01:35:00,2026-08-08 09:35:00,92.77,92.813,92.768,92.812,468.0
2026-08-08 04:40:00,2026-08-08 01:40:00,2026-08-08 09:40:00,92.812,92.825,92.804,92.822,465.0
2026-08-08 04:45:00,2026-08-08 01:45:00,2026-08-08 09:45:00,92.822,92.828,92.814,92.819,424.0
2026-08-08 04:50:00,2026-08-08 01:50:00,2026-08-08 09:50:00,92.818,92.833,92.812,92.829,375.0
2026-08-08 04:55:00,2026-08-08 01:55:00,2026-08-08 09:55:00,92.828,92.832,92.819,92.823,440.0
2026-08-08 05:00:00,2026-08-08 02:00:00,2026-08-08 10:00:00,92.821,92.831,92.818,92.826,401.0
2026-08-08 05:05:00,2026-08-08 02:05:00,2026-08-08 10:05:00,92.826,92.854,92.817,92.853,381.0
2026-08-08 05:10:00,2026-08-08 02:10:00,2026-08-08 10:10:00,92.854,92.883,92.851,92.869,488.0
2026-08-08 05:15:00,2026-08-08 02:15:00,2026-08-08 10:15:00,92.87,92.884,92.859,92.867,422.0
2026-08-08 05:20:00,2026-08-08 02:20:00,2026-08-08 10:20:00,92.866,92.872,92.841,92.845,487.0
2026-08-08 05:25:00,2026-08-08 02:25:00,2026-08-08 10:25:00,92.845,92.882,92.845,92.866,578.0
2026-08-08 05:30:00,2026-08-08 02:30:00,2026-08-08 10:30:00,92.866,92.878,92.852,92.869,511.0
2026-08-08 05:35:00,2026-08-08 02:35:00,2026-08-08 10:35:00,92.867,92.872,92.853,92.867,475.0
2026-08-08 05:40:00,2026-08-08 02:40:00,2026-08-08 10:40:00,92.868,92.875,92.854,92.869,360.0
2026-08-08 05:45:00,2026-08-08 02:45:00,2026-08-08 10:45:00,92.869,92.893,92.866,92.889,310.0
2026-08-08 05:50:00,2026-08-08 02:50:00,2026-08-08 10:50:00,92.889,92.889,92.872,92.882,304.0
2026-08-08 05:55:00,2026-08-08 02:55:00,2026-08-08 10:55:00,92.881,92.885,92.863,92.88,399.0
2026-08-08 06:00:00,2026-08-08 03:00:00,2026-08-08 11:00:00,92.881,92.911,92.88,92.904,695.0
2026-08-08 06:05:00,2026-08-08 03:05:00,2026-08-08 11:05:00,92.905,92.934,92.904,92.929,435.0
2026-08-08 06:10:00,2026-08-08 03:10:00,2026-08-08 11:10:00,92.93,92.937,92.916,92.932,354.0
2026-08-08 06:15:00,2026-08-08 03:15:00,2026-08-08 11:15:00,92.932,92.948,92.928,92.946,615.0
2026-08-08 06:20:00,2026-08-08 03:20:00,2026-08-08 11:20:00,92.947,92.968,92.943,92.967,585.0
2026-08-08 06:25:00,2026-08-08 03:25:00,2026-08-08 11:25:00,92.966,92.967,92.938,92.946,574.0
2026-08-08 06:30:00,2026-08-08 03:30:00,2026-08-08 11:30:00,92.944,92.944,92.92,92.924,617.0
2026-08-08 06:35:00,2026-08-08 03:35:00,2026-08-08 11:35:00,92.923,92.927,92.909,92.911,553.0
2026-08-08 06:40:00,2026-08-08 03:40:00,2026-08-08 11:40:00,92.91,92.921,92.9,92.908,470.0
2026-08-08 06:45:00,2026-08-08 03:45:00,2026-08-08 11:45:00,92.908,92.912,92.891,92.902,505.0
2026-08-08 06:50:00,2026-08-08 03:50:00,2026-08-08 11:50:00,92.901,92.915,92.886,92.892,497.0
2026-08-08 06:55:00,2026-08-08 03:55:00,2026-08-08 11:55:00,92.885,92.911,92.876,92.898,638.0
2026-08-08 07:00:00,2026-08-08 04:00:00,2026-08-08 12:00:00,92.897,92.911,92.887,92.91,618.0
2026-08-08 07:05:00,2026-08-08 04:05:00,2026-08-08 12:05:00,92.909,92.927,92.907,92.909,472.0
2026-08-08 07:10:00,2026-08-08 04:10:00,2026-08-08 12:10:00,92.91,92.931,92.909,92.93,357.0
2026-08-08 07:15:00,2026-08-08 04:15:00,2026-08-08 12:15:00,92.927,92.976,92.927,92.957,497.0
2026-08-08 07:20:00,2026-08-08 04:20:00,2026-08-08 12:20:00,92.956,92.971,92.948,92.965,447.0
2026-08-08 07:25:00,2026-08-08 04:25:00,2026-08-08 12:25:00,92.965,92.972,92.92,92.932,394.0
2026-08-08 07:30:00,2026-08-08 04:30:00,2026-08-08 12:30:00,92.93,92.942,92.92,92.939,332.0
2026-08-08 07:35:00,2026-08-08 04:35:00,2026-08-08 12:35:00,92.939,92.998,92.938,92.993,533.0
2026-08-08 07:40:00,2026-08-08 04:40:00,2026-08-08 12:40:00,92.989,92.998,92.955,92.959,382.0
2026-08-08 07:45:00,2026-08-08 04:45:00,2026-08-08 12:45:00,92.953,92.985,92.951,92.984,381.0
2026-08-08 07:50:00,2026-08-08 04:50:00,2026-08-08 12:50:00,92.983,92.999,92.963,92.971,266.0
2026-08-10 08:35:00,2026-08-10 05:35:00,2026-08-10 13:35:00,92.767,92.767,92.737,92.757,21.0
2026-08-10 08:40:00,2026-08-10 05:40:00,2026-08-10 13:40:00,92.757,92.772,92.735,92.766,46.0
2026-08-10 08:45:00,2026-08-10 05:45:00,2026-08-10 13:45:00,92.767,92.768,92.725,92.762,118.0
2026-08-10 08:50:00,2026-08-10 05:50:00,2026-08-10 13:50:00,92.762,92.842,92.734,92.84,56.0
2026-08-10 08:55:00,2026-08-10 05:55:00,2026-08-10 13:55:00,92.844,92.902,92.844,92.859,105.0
2026-08-10 09:00:00,2026-08-10 06:00:00,2026-08-10 14:00:00,92.825,93.01,92.825,92.973,525.0
2026-08-10 09:05:00,2026-08-10 06:05:00,2026-08-10 14:05:00,92.97,92.986,92.967,92.985,234.0
2026-08-10 09:10:00,2026-08-10 06:10:00,2026-08-10 14:10:00,92.986,93.031,92.985,93.007,271.0
2026-08-10 09:15:00,2026-08-10 06:15:00,2026-08-10 14:15:00,93.008,93.019,93.001,93.017,284.0
2026-08-10 09:20:00,2026-08-10 06:20:00,2026-08-10 14:20:00,93.016,93.018,93.005,93.012,119.0
2026-08-10 09:25:00,2026-08-10 06:25:00,2026-08-10 14:25:00,93.013,93.02,93.005,93.02,214.0
2026-08-10 09:30:00,2026-08-10 06:30:00,2026-08-10 14:30:00,93.019,93.023,93.011,93.02,242.0
2026-08-10 09:35:00,2026-08-10 06:35:00,2026-08-10 14:35:00,93.018,93.037,93.015,93.036,263.0
2026-08-10 09:40:00,2026-08-10 06:40:00,2026-08-10 14:40:00,93.036,93.071,93.032,93.065,313.0
2026-08-10 09:45:00,2026-08-10 06:45:00,2026-08-10 14:45:00,93.065,93.068,93.048,93.062,324.0
2026-08-10 09:50:00,2026-08-10 06:50:00,2026-08-10 14:50:00,93.059,93.065,93.031,93.039,282.0
2026-08-10 09:55:00,2026-08-10 06:55:00,2026-08-10 14:55:00,93.039,93.041,93.019,93.029,203.0
2026-08-10 10:00:00,2026-08-10 07:00:00,2026-08-10 15:00:00,93.03,93.043,93.03,93.039,244.0
2026-08-10 10:05:00,2026-08-10 07:05:00,2026-08-10 15:05:00,93.038,93.039,93.008,93.009,309.0
2026-08-10 10:10:00,2026-08-10 07:10:00,2026-08-10 15:10:00,93.006,93.022,93.006,93.011,239.0
2026-08-10 10:15:00,2026-08-10 07:15:00,2026-08-10 15:15:00,93.011,93.02,93.009,93.017,210.0
2026-08-10 10:20:00,2026-08-10 07:20:00,2026-08-10 15:20:00,93.015,93.03,93.012,93.029,227.0
2026-08-10 10:25:00,2026-08-10 07:25:00,2026-08-10 15:25:00,93.03,93.03,92.987,92.987,299.0
2026-08-10 10:30:00,2026-08-10 07:30:00,2026-08-10 15:30:00,92.986,92.99,92.973,92.976,279.0
2026-08-10 10:35:00,2026-08-10 07:35:00,2026-08-10 15:35:00,92.975,92.976,92.957,92.97,256.0
2026-08-10 10:40:00,2026-08-10 07:40:00,2026-08-10 15:40:00,92.971,92.997,92.966,92.996,183.0
2026-08-10 10:45:00,2026-08-10 07:45:00,2026-08-10 15:45:00,92.996,92.998,92.971,92.973,352.0
2026-08-10 10:50:00,2026-08-10 07:50:00,2026-08-10 15:50:00,92.974,92.977,92.961,92.966,310.0
2026-08-10 10:55:00,2026-08-10 07:55:00,2026-08-10 15:55:00,92.966,92.966,92.942,92.952,370.0
2026-08-10 11:00:00,2026-08-10 08:00:00,2026-08-10 16:00:00,92.951,92.972,92.948,92.971,857.0
2026-08-10 11:05:00,2026-08-10 08:05:00,2026-08-10 16:05:00,92.972,92.981,92.946,92.974,565.0
2026-08-10 11:10:00,2026-08-10 08:10:00,2026-08-10 16:10:00,92.973,92.979,92.952,92.959,504.0
2026-08-10 11:15:00,2026-08-10 08:15:00,2026-08-10 16:15:00,92.959,92.974,92.946,92.946,673.0
2026-08-10 11:20:00,2026-08-10 08:20:00,2026-08-10 16:20:00,92.946,92.966,92.929,92.935,608.0
2026-08-10 11:25:00,2026-08-10 08:25:00,2026-08-10 16:25:00,92.936,92.947,92.924,92.932,551.0
2026-08-10 11:30:00,2026-08-10 08:30:00,2026-08-10 16:30:00,92.932,92.955,92.927,92.936,501.0
2026-08-10 11:35:00,2026-08-10 08:35:00,2026-08-10 16:35:00,92.935,92.942,92.912,92.928,538.0
2026-08-10 11:40:00,2026-08-10 08:40:00,2026-08-10 16:40:00,92.925,92.925,92.907,92.916,372.0
2026-08-10 11:45:00,2026-08-10 08:45:00,2026-08-10 16:45:00,92.916,92.924,92.899,92.922,638.0
2026-08-10 11:50:00,2026-08-10 08:50:00,2026-08-10 16:50:00,92.921,92.955,92.918,92.934,847.0
2026-08-10 11:55:00,2026-08-10 08:55:00,2026-08-10 16:55:00,92.933,92.95,92.926,92.946,632.0
2026-08-10 12:00:00,2026-08-10 09:00:00,2026-08-10 17:00:00,92.944,93.021,92.94,92.997,1056.0
2026-08-10 12:05:00,2026-08-10 09:05:00,2026-08-10 17:05:00,92.996,93.0,92.98,92.986,756.0
2026-08-10 12:10:00,2026-08-10 09:10:00,2026-08-10 17:10:00,92.985,93.015,92.979,93.009,662.0
2026-08-10 12:15:00,2026-08-10 09:15:00,2026-08-10 17:15:00,93.009,93.045,92.998,93.045,733.0
2026-08-10 12:20:00,2026-08-10 09:20:00,2026-08-10 17:20:00,93.045,93.083,93.045,93.082,785.0
2026-08-10 12:25:00,2026-08-10 09:25:00,2026-08-10 17:25:00,93.083,93.096,93.066,93.079,587.0
2026-08-10 12:30:00,2026-08-10 09:30:00,2026-08-10 17:30:00,93.079,93.087,93.041,93.047,658.0
2026-08-10 12:35:00,2026-08-10 09:35:00,2026-08-10 17:35:00,93.048,93.081,93.044,93.076,696.0
2026-08-10 12:40:00,2026-08-10 09:40:00,2026-08-10 17:40:00,93.076,93.098,93.073,93.093,620.0
2026-08-10 12:45:00,2026-08-10 09:45:00,2026-08-10 17:45:00,93.093,93.107,93.087,93.097,807.0
2026-08-10 12:50:00,2026-08-10 09:50:00,2026-08-10 17:50:00,93.098,93.136,93.09,93.13,822.0
2026-08-10 12:55:00,2026-08-10 09:55:00,2026-08-10 17:55:00,93.13,93.143,93.115,93.13,1015.0
2026-08-10 13:00:00,2026-08-10 10:00:00,2026-08-10 18:00:00,93.129,93.138,93.099,93.131,554.0
2026-08-10 13:05:00,2026-08-10 10:05:00,2026-08-10 18:05:00,93.132,93.137,93.111,93.119,414.0
2026-08-10 13:10:00,2026-08-10 10:10:00,2026-08-10 18:10:00,93.119,93.138,93.119,93.131,471.0
2026-08-10 13:15:00,2026-08-10 10:15:00,2026-08-10 18:15:00,93.132,93.137,93.113,93.114,386.0
2026-08-10 13:20:00,2026-08-10 10:20:00,2026-08-10 18:20:00,93.115,93.124,93.105,93.106,422.0
2026-08-10 13:25:00,2026-08-10 10:25:00,2026-08-10 18:25:00,93.106,93.109,93.094,93.098,400.0
2026-08-10 13:30:00,2026-08-10 10:30:00,2026-08-10 18:30:00,93.097,93.115,93.088,93.088,435.0
2026-08-10 13:35:00,2026-08-10 10:35:00,2026-08-10 18:35:00,93.089,93.093,93.074,93.091,311.0
2026-08-10 13:40:00,2026-08-10 10:40:00,2026-08-10 18:40:00,93.09,93.099,93.09,93.093,269.0
2026-08-10 13:45:00,2026-08-10 10:45:00,2026-08-10 18:45:00,93.093,93.099,93.081,93.085,327.0
2026-08-10 13:50:00,2026-08-10 10:50:00,2026-08-10 18:50:00,93.086,93.088,93.065,93.078,310.0
2026-08-10 13:55:00,2026-08-10 10:55:00,2026-08-10 18:55:00,93.078,93.087,93.068,93.07,336.0
2026-08-10 14:00:00,2026-08-10 11:00:00,2026-08-10 19:00:00,93.069,93.078,93.023,93.033,490.0
2026-08-10 14:05:00,2026-08-10 11:05:00,2026-08-10 19:05:00,93.033,93.034,93.006,93.009,363.0
2026-08-10 14:10:00,2026-08-10 11:10:00,2026-08-10 19:10:00,93.011,93.031,93.011,93.025,360.0
2026-08-10 14:15:00,2026-08-10 11:15:00,2026-08-10 19:15:00,93.025,93.038,93.013,93.037,459.0
2026-08-10 14:20:00,2026-08-10 11:20:00,2026-08-10 19:20:00,93.038,93.056,93.025,93.037,454.0
2026-08-10 14:25:00,2026-08-10 11:25:00,2026-08-10 19:25:00,93.041,93.071,93.026,93.067,408.0
2026-08-10 14:30:00,2026-08-10 11:30:00,2026-08-10 19:30:00,93.066,93.081,93.053,93.081,383.0
2026-08-10 14:35:00,2026-08-10 11:35:00,2026-08-10 19:35:00,93.081,93.101,93.08,93.097,307.0
2026-08-10 14:40:00,2026-08-10 11:40:00,2026-08-10 19:40:00,93.099,93.121,93.091,93.108,474.0
2026-08-10 14:45:00,2026-08-10 11:45:00,2026-08-10 19:45:00,93.108,93.13,93.108,93.129,347.0
2026-08-10 14:50:00,2026-08-10 11:50:00,2026-08-10 19:50:00,93.127,93.131,93.119,93.123,296.0
2026-08-10 14:55:00,2026-08-10 11:55:00,2026-08-10 19:55:00,93.115,93.116,93.087,93.09,359.0
2026-08-10 15:00:00,2026-08-10 12:00:00,2026-08-10 20:00:00,93.09,93.121,93.09,93.12,366.0
2026-08-10 15:05:00,2026-08-10 12:05:00,2026-08-10 20:05:00,93.12,93.128,93.108,93.113,433.0
2026-08-10 15:10:00,2026-08-10 12:10:00,2026-08-10 20:10:00,93.111,93.128,93.109,93.119,478.0
2026-08-10 15:15:00,2026-08-10 12:15:00,2026-08-10 20:15:00,93.12,93.145,93.115,93.143,401.0
2026-08-10 15:20:00,2026-08-10 12:20:00,2026-08-10 20:20:00,93.143,93.144,93.118,93.122,409.0
2026-08-10 15:25:00,2026-08-10 12:25:00,2026-08-10 20:25:00,93.122,93.143,93.115,93.135,468.0
2026-08-10 15:30:00,2026-08-10 12:30:00,2026-08-10 20:30:00,93.135,93.137,93.114,93.125,327.0
2026-08-10 15:35:00,2026-08-10 12:35:00,2026-08-10 20:35:00,93.127,93.137,93.11,93.113,244.0
2026-08-10 15:40:00,2026-08-10 12:40:00,2026-08-10 20:40:00,93.112,93.144,93.112,93.142,328.0
2026-08-10 15:45:00,2026-08-10 12:45:00,2026-08-10 20:45:00,93.142,93.154,93.137,93.141,316.0
2026-08-10 15:50:00,2026-08-10 12:50:00,2026-08-10 20:50:00,93.143,93.163,93.139,93.16,442.0
2026-08-10 15:55:00,2026-08-10 12:55:00,2026-08-10 20:55:00,93.159,93.213,93.157,93.204,577.0
2026-08-10 16:00:00,2026-08-10 13:00:00,2026-08-10 21:00:00,93.205,93.226,93.2,93.225,587.0
2026-08-10 16:05:00,2026-08-10 13:05:00,2026-08-10 21:05:00,93.225,93.233,93.214,93.225,406.0
2026-08-10 16:10:00,2026-08-10 13:10:00,2026-08-10 21:10:00,93.226,93.247,93.221,93.246,534.0
2026-08-10 16:15:00,2026-08-10 13:15:00,2026-08-10 21:15:00,93.246,93.251,93.231,93.248,418.0
2026-08-10 16:20:00,2026-08-10 13:20:00,2026-08-10 21:20:00,93.248,93.253,93.232,93.244,386.0
2026-08-10 16:25:00,2026-08-10 13:25:00,2026-08-10 21:25:00,93.243,93.246,93.216,93.224,385.0
2026-08-10 16:30:00,2026-08-10 13:30:00,2026-08-10 21:30:00,93.224,93.24,93.221,93.235,445.0
2026-08-10 16:35:00,2026-08-10 13:35:00,2026-08-10 21:35:00,93.237,93.253,93.227,93.245,488.0
2026-08-10 16:40:00,2026-08-10 13:40:00,2026-08-10 21:40:00,93.245,93.25,93.231,93.246,444.0
2026-08-10 16:45:00,2026-08-10 13:45:00,2026-08-10 21:45:00,93.245,93.246,93.229,93.246,416.0
2026-08-10 16:50:00,2026-08-10 13:50:00,2026-08-10 21:50:00,93.247,93.261,93.243,93.253,589.0
2026-08-10 16:55:00,2026-08-10 13:55:00,2026-08-10 21:55:00,93.253,93.272,93.253,93.27,492.0
2026-08-10 17:00:00,2026-08-10 14:00:00,2026-08-10 22:00:00,93.269,93.278,93.249,93.266,639.0
2026-08-10 17:05:00,2026-08-10 14:05:00,2026-08-10 22:05:00,93.265,93.293,93.261,93.286,514.0
2026-08-10 17:10:00,2026-08-10 14:10:00,2026-08-10 22:10:00,93.284,93.315,93.282,93.307,562.0
2026-08-10 17:15:00,2026-08-10 14:15:00,2026-08-10 22:15:00,93.307,93.321,93.299,93.309,680.0
2026-08-10 17:20:00,2026-08-10 14:20:00,2026-08-10 22:20:00,93.308,93.312,93.287,93.289,536.0
2026-08-10 17:25:00,2026-08-10 14:25:00,2026-08-10 22:25:00,93.289,93.324,93.282,93.305,615.0
2026-08-10 17:30:00,2026-08-10 14:30:00,2026-08-10 22:30:00,93.306,93.307,93.259,93.26,486.0
2026-08-10 17:35:00,2026-08-10 14:35:00,2026-08-10 22:35:00,93.26,93.3,93.259,93.283,452.0
2026-08-10 17:40:00,2026-08-10 14:40:00,2026-08-10 22:40:00,93.283,93.29,93.253,93.261,555.0
2026-08-10 17:45:00,2026-08-10 14:45:00,2026-08-10 22:45:00,93.262,93.268,93.236,93.245,607.0
2026-08-10 17:50:00,2026-08-10 14:50:00,2026-08-10 22:50:00,93.245,93.259,93.241,93.251,425.0
2026-08-10 17:55:00,2026-08-10 14:55:00,2026-08-10 22:55:00,93.251,93.271,93.235,93.269,523.0
2026-08-10 18:00:00,2026-08-10 15:00:00,2026-08-10 23:00:00,93.267,93.29,93.255,93.277,697.0
2026-08-10 18:05:00,2026-08-10 15:05:00,2026-08-10 23:05:00,93.276,93.31,93.271,93.3,549.0
2026-08-10 18:10:00,2026-08-10 15:10:00,2026-08-10 23:10:00,93.303,93.316,93.298,93.302,501.0
2026-08-10 18:15:00,2026-08-10 15:15:00,2026-08-10 23:15:00,93.302,93.333,93.298,93.33,586.0
2026-08-10 18:20:00,2026-08-10 15:20:00,2026-08-10 23:20:00,93.328,93.357,93.317,93.357,557.0
2026-08-10 18:25:00,2026-08-10 15:25:00,2026-08-10 23:25:00,93.358,93.363,93.34,93.357,577.0
2026-08-10 18:30:00,2026-08-10 15:30:00,2026-08-10 23:30:00,93.358,93.408,93.358,93.404,551.0
2026-08-10 18:35:00,2026-08-10 15:35:00,2026-08-10 23:35:00,93.404,93.432,93.404,93.427,609.0
2026-08-10 18:40:00,2026-08-10 15:40:00,2026-08-10 23:40:00,93.428,93.432,93.395,93.417,595.0
2026-08-10 18:45:00,2026-08-10 15:45:00,2026-08-10 23:45:00,93.418,93.433,93.404,93.43,691.0
2026-08-10 18:50:00,2026-08-10 15:50:00,2026-08-10 23:50:00,93.432,93.439,93.408,93.42,530.0
2026-08-10 18:55:00,2026-08-10 15:55:00,2026-08-10 23:55:00,93.421,93.435,93.414,93.431,556.0
2026-08-10 19:00:00,2026-08-10 16:00:00,2026-08-11 00:00:00,93.432,93.44,93.391,93.411,857.0
2026-08-10 19:05:00,2026-08-10 16:05:00,2026-08-11 00:05:00,93.409,93.432,93.406,93.425,573.0
2026-08-10 19:10:00,2026-08-10 16:10:00,2026-08-11 00:10:00,93.425,93.439,93.414,93.438,560.0
2026-08-10 19:15:00,2026-08-10 16:15:00,2026-08-11 00:15:00,93.437,93.443,93.425,93.43,516.0
2026-08-10 19:20:00,2026-08-10 16:20:00,2026-08-11 00:20:00,93.427,93.445,93.427,93.443,553.0
2026-08-10 19:25:00,2026-08-10 16:25:00,2026-08-11 00:25:00,93.444,93.467,93.442,93.458,540.0
2026-08-10 19:30:00,2026-08-10 16:30:00,2026-08-11 00:30:00,93.461,93.478,93.45,93.475,824.0
2026-08-10 19:35:00,2026-08-10 16:35:00,2026-08-11 00:35:00,93.475,93.487,93.46,93.48,632.0
2026-08-10 19:40:00,2026-08-10 16:40:00,2026-08-11 00:40:00,93.479,93.493,93.465,93.472,562.0
2026-08-10 19:45:00,2026-08-10 16:45:00,2026-08-11 00:45:00,93.473,93.504,93.467,93.497,632.0
2026-08-10 19:50:00,2026-08-10 16:50:00,2026-08-11 00:50:00,93.497,93.545,93.495,93.544,653.0
2026-08-10 19:55:00,2026-08-10 16:55:00,2026-08-11 00:55:00,93.544,93.553,93.529,93.534,508.0
2026-08-10 20:00:00,2026-08-10 17:00:00,2026-08-11 01:00:00,93.534,93.59,93.532,93.59,549.0
2026-08-10 20:05:00,2026-08-10 17:05:00,2026-08-11 01:05:00,93.59,93.59,93.557,93.559,478.0
2026-08-10 20:10:00,2026-08-10 17:10:00,2026-08-11 01:10:00,93.558,93.584,93.55,93.574,438.0
2026-08-10 20:15:00,2026-08-10 17:15:00,2026-08-11 01:15:00,93.573,93.588,93.564,93.579,432.0
2026-08-10 20:20:00,2026-08-10 17:20:00,2026-08-11 01:20:00,93.578,93.603,93.573,93.598,381.0
2026-08-10 20:25:00,2026-08-10 17:25:00,2026-08-11 01:25:00,93.599,93.607,93.591,93.605,436.0
2026-08-10 20:30:00,2026-08-10 17:30:00,2026-08-11 01:30:00,93.606,93.615,93.591,93.607,453.0
2026-08-10 20:35:00,2026-08-10 17:35:00,2026-08-11 01:35:00,93.607,93.612,93.584,93.59,477.0
2026-08-10 20:40:00,2026-08-10 17:40:00,2026-08-11 01:40:00,93.589,93.613,93.58,93.61,443.0
2026-08-10 20:45:00,2026-08-10 17:45:00,2026-08-11 01:45:00,93.61,93.646,93.603,93.642,567.0
2026-08-10 20:50:00,2026-08-10 17:50:00,2026-08-11 01:50:00,93.643,93.643,93.621,93.632,493.0
2026-08-10 20:55:00,2026-08-10 17:55:00,2026-08-11 01:55:00,93.633,93.645,93.61,93.612,585.0
2026-08-10 21:00:00,2026-08-10 18:00:00,2026-08-11 02:00:00,93.613,93.622,93.598,93.621,622.0
2026-08-10 21:05:00,2026-08-10 18:05:00,2026-08-11 02:05:00,93.618,93.656,93.61,93.644,680.0
2026-08-10 21:10:00,2026-08-10 18:10:00,2026-08-11 02:10:00,93.646,93.647,93.623,93.626,554.0
2026-08-10 21:15:00,2026-08-10 18:15:00,2026-08-11 02:15:00,93.624,93.64,93.623,93.633,355.0
2026-08-10 21:20:00,2026-08-10 18:20:00,2026-08-11 02:20:00,93.632,93.646,93.588,93.621,706.0
2026-08-10 21:25:00,2026-08-10 18:25:00,2026-08-11 02:25:00,93.62,93.625,93.605,93.621,507.0
2026-08-10 21:30:00,2026-08-10 18:30:00,2026-08-11 02:30:00,93.621,93.625,93.568,93.594,641.0
2026-08-10 21:35:00,2026-08-10 18:35:00,2026-08-11 02:35:00,93.593,93.597,93.575,93.577,661.0
2026-08-10 21:40:00,2026-08-10 18:40:00,2026-08-11 02:40:00,93.577,93.597,93.571,93.579,486.0
2026-08-10 21:45:00,2026-08-10 18:45:00,2026-08-11 02:45:00,93.579,93.595,93.57,93.571,556.0
2026-08-10 21:50:00,2026-08-10 18:50:00,2026-08-11 02:50:00,93.571,93.581,93.564,93.577,453.0
2026-08-10 21:55:00,2026-08-10 18:55:00,2026-08-11 02:55:00,93.578,93.581,93.562,93.573,558.0
2026-08-10 22:00:00,2026-08-10 19:00:00,2026-08-11 03:00:00,93.573,93.588,93.562,93.565,570.0
2026-08-10 22:05:00,2026-08-10 19:05:00,2026-08-11 03:05:00,93.565,93.611,93.565,93.587,661.0
2026-08-10 22:10:00,2026-08-10 19:10:00,2026-08-11 03:10:00,93.586,93.589,93.548,93.553,560.0
2026-08-10 22:15:00,2026-08-10 19:15:00,2026-08-11 03:15:00,93.553,93.557,93.525,93.525,516.0
2026-08-10 22:20:00,2026-08-10 19:20:00,2026-08-11 03:20:00,93.527,93.548,93.525,93.544,524.0
2026-08-10 22:25:00,2026-08-10 19:25:00,2026-08-11 03:25:00,93.543,93.552,93.529,93.541,603.0
2026-08-10 22:30:00,2026-08-10 19:30:00,2026-08-11 03:30:00,93.539,93.549,93.529,93.533,503.0
2026-08-10 22:35:00,2026-08-10 19:35:00,2026-08-11 03:35:00,93.534,93.562,93.534,93.551,548.0
2026-08-10 22:40:00,2026-08-10 19:40:00,2026-08-11 03:40:00,93.548,93.558,93.538,93.538,494.0
2026-08-10 22:45:00,2026-08-10 19:45:00,2026-08-11 03:45:00,93.537,93.554,93.534,93.547,476.0
2026-08-10 22:50:00,2026-08-10 19:50:00,2026-08-11 03:50:00,93.547,93.56,93.546,93.554,453.0
2026-08-10 22:55:00,2026-08-10 19:55:00,2026-08-11 03:55:00,93.553,93.558,93.539,93.544,603.0
2026-08-10 23:00:00,2026-08-10 20:00:00,2026-08-11 04:00:00,93.547,93.548,93.507,93.512,629.0
2026-08-10 23:05:00,2026-08-10 20:05:00,2026-08-11 04:05:00,93.512,93.513,93.313,93.461,1043.0
2026-08-10 23:10:00,2026-08-10 20:10:00,2026-08-11 04:10:00,93.457,93.465,93.438,93.454,621.0
2026-08-10 23:15:00,2026-08-10 20:15:00,2026-08-11 04:15:00,93.453,93.46,93.42,93.429,753.0
2026-08-10 23:20:00,2026-08-10 20:20:00,2026-08-11 04:20:00,93.429,93.453,93.415,93.448,800.0
2026-08-10 23:25:00,2026-08-10 20:25:00,2026-08-11 04:25:00,93.447,93.458,93.422,93.438,750.0
2026-08-10 23:30:00,2026-08-10 20:30:00,2026-08-11 04:30:00,93.439,93.46,93.437,93.447,814.0
2026-08-10 23:35:00,2026-08-10 20:35:00,2026-08-11 04:35:00,93.45,93.457,93.425,93.429,666.0
2026-08-10 23:40:00,2026-08-10 20:40:00,2026-08-11 04:40:00,93.429,93.465,93.423,93.459,669.0
2026-08-10 23:45:00,2026-08-10 20:45:00,2026-08-11 04:45:00,93.46,93.48,93.452,93.47,815.0
2026-08-10 23:50:00,2026-08-10 20:50:00,2026-08-11 04:50:00,93.469,93.509,93.452,93.509,717.0
2026-08-10 23:55:00,2026-08-10 20:55:00,2026-08-11 04:55:00,93.504,93.526,93.502,93.521,842.0
2026-08-11 00:00:00,2026-08-10 21:00:00,2026-08-11 05:00:00,93.519,93.539,93.517,93.539,764.0
2026-08-11 00:05:00,2026-08-10 21:05:00,2026-08-11 05:05:00,93.538,93.56,93.523,93.538,690.0
2026-08-11 00:10:00,2026-08-10 21:10:00,2026-08-11 05:10:00,93.539,93.559,93.533,93.548,681.0
2026-08-11 00:15:00,2026-08-10 21:15:00,2026-08-11 05:15:00,93.549,93.561,93.524,93.527,658.0
2026-08-11 00:20:00,2026-08-10 21:20:00,2026-08-11 05:20:00,93.527,93.546,93.518,93.522,706.0
2026-08-11 00:25:00,2026-08-10 21:25:00,2026-08-11 05:25:00,93.522,93.569,93.522,93.557,648.0
2026-08-11 00:30:00,2026-08-10 21:30:00,2026-08-11 05:30:00,93.558,93.562,93.527,93.528,834.0
2026-08-11 00:35:00,2026-08-10 21:35:00,2026-08-11 05:35:00,93.529,93.549,93.516,93.529,769.0
2026-08-11 00:40:00,2026-08-10 21:40:00,2026-08-11 05:40:00,93.53,93.545,93.515,93.516,643.0
2026-08-11 00:45:00,2026-08-10 21:45:00,2026-08-11 05:45:00,93.517,93.524,93.46,93.513,870.0
2026-08-11 00:50:00,2026-08-10 21:50:00,2026-08-11 05:50:00,93.512,93.533,93.498,93.523,981.0
2026-08-11 00:55:00,2026-08-10 21:55:00,2026-08-11 05:55:00,93.523,93.536,93.48,93.523,942.0
2026-08-11 01:00:00,2026-08-10 22:00:00,2026-08-11 06:00:00,93.522,93.539,93.508,93.525,868.0
2026-08-11 01:05:00,2026-08-10 22:05:00,2026-08-11 06:05:00,93.529,93.556,93.528,93.551,912.0
2026-08-11 01:10:00,2026-08-10 22:10:00,2026-08-11 06:10:00,93.551,93.564,93.527,93.56,1029.0
2026-08-11 01:15:00,2026-08-10 22:15:00,2026-08-11 06:15:00,93.56,93.563,93.523,93.549,1041.0
2026-08-11 01:20:00,2026-08-10 22:20:00,2026-08-11 06:20:00,93.551,93.566,93.539,93.562,857.0
2026-08-11 01:25:00,2026-08-10 22:25:00,2026-08-11 06:25:00,93.562,93.608,93.56,93.596,1019.0
2026-08-11 01:30:00,2026-08-10 22:30:00,2026-08-11 06:30:00,93.596,93.613,93.591,93.609,823.0
2026-08-11 01:35:00,2026-08-10 22:35:00,2026-08-11 06:35:00,93.608,93.644,93.606,93.631,836.0
2026-08-11 01:40:00,2026-08-10 22:40:00,2026-08-11 06:40:00,93.631,93.647,93.608,93.617,727.0
2026-08-11 01:45:00,2026-08-10 22:45:00,2026-08-11 06:45:00,93.618,93.635,93.611,93.626,767.0
2026-08-11 01:50:00,2026-08-10 22:50:00,2026-08-11 06:50:00,93.626,93.626,93.584,93.584,1015.0
2026-08-11 01:55:00,2026-08-10 22:55:00,2026-08-11 06:55:00,93.585,93.606,93.576,93.583,1021.0
2026-08-11 02:00:00,2026-08-10 23:00:00,2026-08-11 07:00:00,93.582,93.604,93.549,93.587,995.0
2026-08-11 02:05:00,2026-08-10 23:05:00,2026-08-11 07:05:00,93.587,93.642,93.586,93.608,694.0
2026-08-11 02:10:00,2026-08-10 23:10:00,2026-08-11 07:10:00,93.608,93.626,93.604,93.621,743.0
2026-08-11 02:15:00,2026-08-10 23:15:00,2026-08-11 07:15:00,93.619,93.631,93.605,93.615,826.0
2026-08-11 02:20:00,2026-08-10 23:20:00,2026-08-11 07:20:00,93.616,93.62,93.593,93.616,744.0
2026-08-11 02:25:00,2026-08-10 23:25:00,2026-08-11 07:25:00,93.618,93.619,93.596,93.61,664.0
2026-08-11 02:30:00,2026-08-10 23:30:00,2026-08-11 07:30:00,93.613,93.617,93.592,93.598,583.0
2026-08-11 02:35:00,2026-08-10 23:35:00,2026-08-11 07:35:00,93.597,93.601,93.577,93.585,788.0
2026-08-11 02:40:00,2026-08-10 23:40:00,2026-08-11 07:40:00,93.585,93.609,93.581,93.608,947.0
2026-08-11 02:45:00,2026-08-10 23:45:00,2026-08-11 07:45:00,93.608,93.609,93.583,93.587,701.0
2026-08-11 02:50:00,2026-08-10 23:50:00,2026-08-11 07:50:00,93.587,93.617,93.587,93.612,707.0
2026-08-11 02:55:00,2026-08-10 23:55:00,2026-08-11 07:55:00,93.611,93.613,93.584,93.584,660.0
2026-08-11 03:00:00,2026-08-11 00:00:00,2026-08-11 08:00:00,93.585,93.602,93.583,93.602,753.0
2026-08-11 03:05:00,2026-08-11 00:05:00,2026-08-11 08:05:00,93.601,93.606,93.589,93.598,554.0
2026-08-11 03:10:00,2026-08-11 00:10:00,2026-08-11 08:10:00,93.597,93.606,93.592,93.601,323.0
2026-08-11 03:15:00,2026-08-11 00:15:00,2026-08-11 08:15:00,93.603,93.604,93.576,93.581,423.0
2026-08-11 03:20:00,2026-08-11 00:20:00,2026-08-11 08:20:00,93.581,93.59,93.575,93.587,426.0
2026-08-11 03:25:00,2026-08-11 00:25:00,2026-08-11 08:25:00,93.587,93.604,93.582,93.6,370.0
2026-08-11 03:30:00,2026-08-11 00:30:00,2026-08-11 08:30:00,93.601,93.603,93.561,93.597,743.0
2026-08-11 03:35:00,2026-08-11 00:35:00,2026-08-11 08:35:00,93.598,93.61,93.59,93.592,512.0
2026-08-11 03:40:00,2026-08-11 00:40:00,2026-08-11 08:40:00,93.592,93.598,93.565,93.571,597.0
2026-08-11 03:45:00,2026-08-11 00:45:00,2026-08-11 08:45:00,93.572,93.579,93.565,93.569,505.0
2026-08-11 03:50:00,2026-08-11 00:50:00,2026-08-11 08:50:00,93.57,93.595,93.567,93.588,556.0
2026-08-11 03:55:00,2026-08-11 00:55:00,2026-08-11 08:55:00,93.589,93.608,93.585,93.604,591.0
2026-08-11 04:00:00,2026-08-11 01:00:00,2026-08-11 09:00:00,93.601,93.62,93.598,93.613,591.0
2026-08-11 04:05:00,2026-08-11 01:05:00,2026-08-11 09:05:00,93.614,93.646,93.613,93.641,649.0
2026-08-11 04:10:00,2026-08-11 01:10:00,2026-08-11 09:10:00,93.641,93.655,93.622,93.627,597.0
2026-08-11 04:15:00,2026-08-11 01:15:00,2026-08-11 09:15:00,93.626,93.633,93.617,93.624,450.0
2026-08-11 04:20:00,2026-08-11 01:20:00,2026-08-11 09:20:00,93.624,93.63,93.609,93.621,487.0
2026-08-11 04:25:00,2026-08-11 01:25:00,2026-08-11 09:25:00,93.62,93.621,93.604,93.604,588.0
2026-08-11 04:30:00,2026-08-11 01:30:00,2026-08-11 09:30:00,93.604,93.619,93.603,93.616,460.0
2026-08-11 04:35:00,2026-08-11 01:35:00,2026-08-11 09:35:00,93.618,93.629,93.61,93.613,393.0
2026-08-11 04:40:00,2026-08-11 01:40:00,2026-08-11 09:40:00,93.611,93.613,93.591,93.6,394.0
2026-08-11 04:45:00,2026-08-11 01:45:00,2026-08-11 09:45:00,93.599,93.616,93.594,93.616,375.0
2026-08-11 04:50:00,2026-08-11 01:50:00,2026-08-11 09:50:00,93.614,93.615,93.597,93.604,350.0
2026-08-11 04:55:00,2026-08-11 01:55:00,2026-08-11 09:55:00,93.603,93.613,93.6,93.613,290.0
2026-08-11 05:00:00,2026-08-11 02:00:00,2026-08-11 10:00:00,93.609,93.618,93.6,93.601,482.0
2026-08-11 05:05:00,2026-08-11 02:05:00,2026-08-11 10:05:00,93.602,93.617,93.601,93.617,328.0
2026-08-11 05:10:00,2026-08-11 02:10:00,2026-08-11 10:10:00,93.613,93.626,93.613,93.621,267.0
2026-08-11 05:15:00,2026-08-11 02:15:00,2026-08-11 10:15:00,93.62,93.638,93.619,93.627,322.0
2026-08-11 05:20:00,2026-08-11 02:20:00,2026-08-11 10:20:00,93.626,93.636,93.622,93.633,453.0
2026-08-11 05:25:00,2026-08-11 02:25:00,2026-08-11 10:25:00,93.634,93.638,93.624,93.625,405.0
2026-08-11 05:30:00,2026-08-11 02:30:00,2026-08-11 10:30:00,93.624,93.633,93.601,93.629,658.0
2026-08-11 05:35:00,2026-08-11 02:35:00,2026-08-11 10:35:00,93.629,93.642,93.622,93.64,388.0
2026-08-11 05:40:00,2026-08-11 02:40:00,2026-08-11 10:40:00,93.641,93.655,93.638,93.651,392.0
2026-08-11 05:45:00,2026-08-11 02:45:00,2026-08-11 10:45:00,93.653,93.657,93.639,93.653,433.0
2026-08-11 05:50:00,2026-08-11 02:50:00,2026-08-11 10:50:00,93.65,93.728,93.644,93.667,867.0
2026-08-11 05:55:00,2026-08-11 02:55:00,2026-08-11 10:55:00,93.674,93.681,93.658,93.669,651.0
2026-08-11 06:00:00,2026-08-11 03:00:00,2026-08-11 11:00:00,93.671,93.671,93.651,93.656,573.0
2026-08-11 06:05:00,2026-08-11 03:05:00,2026-08-11 11:05:00,93.657,93.672,93.655,93.669,419.0
2026-08-11 06:10:00,2026-08-11 03:10:00,2026-08-11 11:10:00,93.669,93.676,93.664,93.668,439.0
2026-08-11 06:15:00,2026-08-11 03:15:00,2026-08-11 11:15:00,93.669,93.681,93.663,93.676,367.0
2026-08-11 06:20:00,2026-08-11 03:20:00,2026-08-11 11:20:00,93.675,93.685,93.669,93.68,373.0
2026-08-11 06:25:00,2026-08-11 03:25:00,2026-08-11 11:25:00,93.678,93.688,93.673,93.688,354.0
2026-08-11 06:30:00,2026-08-11 03:30:00,2026-08-11 11:30:00,93.688,93.7,93.682,93.695,439.0
2026-08-11 06:35:00,2026-08-11 03:35:00,2026-08-11 11:35:00,93.696,93.739,93.689,93.739,455.0
2026-08-11 06:40:00,2026-08-11 03:40:00,2026-08-11 11:40:00,93.74,93.74,93.711,93.716,537.0
2026-08-11 06:45:00,2026-08-11 03:45:00,2026-08-11 11:45:00,93.716,93.723,93.712,93.72,365.0
2026-08-11 06:50:00,2026-08-11 03:50:00,2026-08-11 11:50:00,93.719,93.727,93.704,93.706,376.0
2026-08-11 06:55:00,2026-08-11 03:55:00,2026-08-11 11:55:00,93.707,93.707,93.685,93.7,484.0
2026-08-11 07:00:00,2026-08-11 04:00:00,2026-08-11 12:00:00,93.701,93.711,93.693,93.701,373.0
2026-08-11 07:05:00,2026-08-11 04:05:00,2026-08-11 12:05:00,93.702,93.715,93.702,93.704,294.0
2026-08-11 07:10:00,2026-08-11 04:10:00,2026-08-11 12:10:00,93.703,93.711,93.698,93.71,227.0
2026-08-11 07:15:00,2026-08-11 04:15:00,2026-08-11 12:15:00,93.71,93.715,93.697,93.701,238.0
2026-08-11 07:20:00,2026-08-11 04:20:00,2026-08-11 12:20:00,93.702,93.713,93.698,93.712,168.0
2026-08-11 07:25:00,2026-08-11 04:25:00,2026-08-11 12:25:00,93.713,93.719,93.708,93.714,231.0
2026-08-11 07:30:00,2026-08-11 04:30:00,2026-08-11 12:30:00,93.715,93.717,93.706,93.717,124.0
2026-08-11 07:35:00,2026-08-11 04:35:00,2026-08-11 12:35:00,93.717,93.717,93.694,93.697,133.0
2026-08-11 07:40:00,2026-08-11 04:40:00,2026-08-11 12:40:00,93.697,93.701,93.691,93.694,123.0
2026-08-11 07:45:00,2026-08-11 04:45:00,2026-08-11 12:45:00,93.692,93.695,93.686,93.688,95.0
2026-08-11 07:50:00,2026-08-11 04:50:00,2026-08-11 12:50:00,93.686,93.691,93.685,93.687,201.0
2026-08-11 07:55:00,2026-08-11 04:55:00,2026-08-11 12:55:00,93.686,93.699,93.681,93.699,197.0
2026-08-11 08:05:00,2026-08-11 05:05:00,2026-08-11 13:05:00,93.68,93.692,93.656,93.666,21.0
2026-08-11 08:10:00,2026-08-11 05:10:00,2026-08-11 13:10:00,93.668,93.669,93.605,93.615,87.0
2026-08-11 08:15:00,2026-08-11 05:15:00,2026-08-11 13:15:00,93.616,93.628,93.595,93.623,214.0
2026-08-11 08:20:00,2026-08-11 05:20:00,2026-08-11 13:20:00,93.636,93.643,93.609,93.618,123.0
2026-08-11 08:25:00,2026-08-11 05:25:00,2026-08-11 13:25:00,93.611,93.628,93.598,93.617,327.0
2026-08-11 08:30:00,2026-08-11 05:30:00,2026-08-11 13:30:00,93.621,93.643,93.598,93.634,151.0
2026-08-11 08:35:00,2026-08-11 05:35:00,2026-08-11 13:35:00,93.633,93.636,93.615,93.633,110.0
2026-08-11 08:40:00,2026-08-11 05:40:00,2026-08-11 13:40:00,93.626,93.651,93.626,93.638,85.0
2026-08-11 08:45:00,2026-08-11 05:45:00,2026-08-11 13:45:00,93.637,93.662,93.636,93.662,90.0
2026-08-11 08:50:00,2026-08-11 05:50:00,2026-08-11 13:50:00,93.663,93.663,93.614,93.619,112.0
2026-08-11 08:55:00,2026-08-11 05:55:00,2026-08-11 13:55:00,93.619,93.628,93.572,93.6,223.0
2026-08-11 09:00:00,2026-08-11 06:00:00,2026-08-11 14:00:00,93.607,93.725,93.607,93.711,510.0
2026-08-11 09:05:00,2026-08-11 06:05:00,2026-08-11 14:05:00,93.711,93.726,93.695,93.71,347.0
2026-08-11 09:10:00,2026-08-11 06:10:00,2026-08-11 14:10:00,93.711,93.715,93.699,93.711,226.0
2026-08-11 09:15:00,2026-08-11 06:15:00,2026-08-11 14:15:00,93.713,93.717,93.692,93.701,244.0
2026-08-11 09:20:00,2026-08-11 06:20:00,2026-08-11 14:20:00,93.702,93.702,93.674,93.685,315.0
2026-08-11 09:25:00,2026-08-11 06:25:00,2026-08-11 14:25:00,93.686,93.693,93.681,93.688,156.0
2026-08-11 09:30:00,2026-08-11 06:30:00,2026-08-11 14:30:00,93.687,93.703,93.687,93.688,257.0
2026-08-11 09:35:00,2026-08-11 06:35:00,2026-08-11 14:35:00,93.69,93.695,93.676,93.681,220.0
2026-08-11 09:40:00,2026-08-11 06:40:00,2026-08-11 14:40:00,93.681,93.688,93.678,93.681,132.0
2026-08-11 09:45:00,2026-08-11 06:45:00,2026-08-11 14:45:00,93.68,93.682,93.669,93.68,144.0
2026-08-11 09:50:00,2026-08-11 06:50:00,2026-08-11 14:50:00,93.677,93.687,93.676,93.687,126.0
2026-08-11 09:55:00,2026-08-11 06:55:00,2026-08-11 14:55:00,93.688,93.695,93.676,93.687,146.0
2026-08-11 10:00:00,2026-08-11 07:00:00,2026-08-11 15:00:00,93.686,93.7,93.681,93.689,192.0
2026-08-11 10:05:00,2026-08-11 07:05:00,2026-08-11 15:05:00,93.689,93.7,93.688,93.695,189.0
2026-08-11 10:10:00,2026-08-11 07:10:00,2026-08-11 15:10:00,93.696,93.698,93.684,93.685,171.0
2026-08-11 10:15:00,2026-08-11 07:15:00,2026-08-11 15:15:00,93.686,93.691,93.672,93.684,224.0
2026-08-11 10:20:00,2026-08-11 07:20:00,2026-08-11 15:20:00,93.684,93.689,93.673,93.683,303.0
2026-08-11 10:25:00,2026-08-11 07:25:00,2026-08-11 15:25:00,93.681,93.689,93.68,93.685,214.0
2026-08-11 10:30:00,2026-08-11 07:30:00,2026-08-11 15:30:00,93.687,93.693,93.677,93.683,161.0
2026-08-11 10:35:00,2026-08-11 07:35:00,2026-08-11 15:35:00,93.683,93.705,93.682,93.698,176.0
2026-08-11 10:40:00,2026-08-11 07:40:00,2026-08-11 15:40:00,93.699,93.714,93.695,93.71,197.0
2026-08-11 10:45:00,2026-08-11 07:45:00,2026-08-11 15:45:00,93.71,93.718,93.673,93.675,353.0
2026-08-11 10:50:00,2026-08-11 07:50:00,2026-08-11 15:50:00,93.675,93.681,93.659,93.662,333.0
2026-08-11 10:55:00,2026-08-11 07:55:00,2026-08-11 15:55:00,93.663,93.698,93.663,93.698,656.0
2026-08-11 11:00:00,2026-08-11 08:00:00,2026-08-11 16:00:00,93.698,93.71,93.681,93.693,687.0
2026-08-11 11:05:00,2026-08-11 08:05:00,2026-08-11 16:05:00,93.692,93.699,93.677,93.694,507.0
2026-08-11 11:10:00,2026-08-11 08:10:00,2026-08-11 16:10:00,93.694,93.7,93.69,93.697,322.0
2026-08-11 11:15:00,2026-08-11 08:15:00,2026-08-11 16:15:00,93.697,93.724,93.696,93.717,552.0
2026-08-11 11:20:00,2026-08-11 08:20:00,2026-08-11 16:20:00,93.717,93.724,93.705,93.713,465.0
2026-08-11 11:25:00,2026-08-11 08:25:00,2026-08-11 16:25:00,93.715,93.732,93.712,93.729,312.0
2026-08-11 11:30:00,2026-08-11 08:30:00,2026-08-11 16:30:00,93.728,93.732,93.697,93.697,367.0
2026-08-11 11:35:00,2026-08-11 08:35:00,2026-08-11 16:35:00,93.697,93.698,93.632,93.646,392.0
2026-08-11 11:40:00,2026-08-11 08:40:00,2026-08-11 16:40:00,93.642,93.657,93.574,93.608,992.0
2026-08-11 11:45:00,2026-08-11 08:45:00,2026-08-11 16:45:00,93.613,93.627,93.601,93.608,455.0
2026-08-11 11:50:00,2026-08-11 08:50:00,2026-08-11 16:50:00,93.606,93.636,93.604,93.626,622.0
2026-08-11 11:55:00,2026-08-11 08:55:00,2026-08-11 16:55:00,93.627,93.659,93.619,93.65,630.0
2026-08-11 12:00:00,2026-08-11 09:00:00,2026-08-11 17:00:00,93.651,93.651,93.594,93.595,712.0
2026-08-11 12:05:00,2026-08-11 09:05:00,2026-08-11 17:05:00,93.594,93.614,93.591,93.611,483.0
2026-08-11 12:10:00,2026-08-11 09:10:00,2026-08-11 17:10:00,93.612,93.651,93.61,93.649,488.0
2026-08-11 12:15:00,2026-08-11 09:15:00,2026-08-11 17:15:00,93.649,93.669,93.637,93.64,565.0
2026-08-11 12:20:00,2026-08-11 09:20:00,2026-08-11 17:20:00,93.641,93.677,93.639,93.663,507.0
2026-08-11 12:25:00,2026-08-11 09:25:00,2026-08-11 17:25:00,93.663,93.668,93.658,93.666,448.0
2026-08-11 12:30:00,2026-08-11 09:30:00,2026-08-11 17:30:00,93.667,93.683,93.659,93.675,527.0
2026-08-11 12:35:00,2026-08-11 09:35:00,2026-08-11 17:35:00,93.675,93.685,93.651,93.654,463.0
2026-08-11 12:40:00,2026-08-11 09:40:00,2026-08-11 17:40:00,93.654,93.664,93.644,93.655,455.0
2026-08-11 12:45:00,2026-08-11 09:45:00,2026-08-11 17:45:00,93.656,93.688,93.654,93.686,448.0
2026-08-11 12:50:00,2026-08-11 09:50:00,2026-08-11 17:50:00,93.685,93.706,93.681,93.705,395.0
2026-08-11 12:55:00,2026-08-11 09:55:00,2026-08-11 17:55:00,93.704,93.716,93.688,93.689,432.0
2026-08-11 13:00:00,2026-08-11 10:00:00,2026-08-11 18:00:00,93.69,93.698,93.667,93.689,454.0
2026-08-11 13:05:00,2026-08-11 10:05:00,2026-08-11 18:05:00,93.69,93.713,93.69,93.713,391.0
2026-08-11 13:10:00,2026-08-11 10:10:00,2026-08-11 18:10:00,93.714,93.744,93.714,93.74,425.0
2026-08-11 13:15:00,2026-08-11 10:15:00,2026-08-11 18:15:00,93.74,93.748,93.726,93.735,472.0
2026-08-11 13:20:00,2026-08-11 10:20:00,2026-08-11 18:20:00,93.736,93.736,93.695,93.706,623.0
2026-08-11 13:25:00,2026-08-11 10:25:00,2026-08-11 18:25:00,93.709,93.724,93.697,93.716,614.0
2026-08-11 13:30:00,2026-08-11 10:30:00,2026-08-11 18:30:00,93.716,93.752,93.716,93.75,572.0
2026-08-11 13:35:00,2026-08-11 10:35:00,2026-08-11 18:35:00,93.749,93.756,93.725,93.734,505.0
2026-08-11 13:40:00,2026-08-11 10:40:00,2026-08-11 18:40:00,93.733,93.737,93.714,93.723,402.0
2026-08-11 13:45:00,2026-08-11 10:45:00,2026-08-11 18:45:00,93.724,93.725,93.688,93.695,394.0
2026-08-11 13:50:00,2026-08-11 10:50:00,2026-08-11 18:50:00,93.695,93.698,93.682,93.692,294.0
2026-08-11 13:55:00,2026-08-11 10:55:00,2026-08-11 18:55:00,93.692,93.702,93.688,93.69,473.0
2026-08-11 14:00:00,2026-08-11 11:00:00,2026-08-11 19:00:00,93.689,93.704,93.673,93.683,537.0
2026-08-11 14:05:00,2026-08-11 11:05:00,2026-08-11 19:05:00,93.684,93.707,93.681,93.69,337.0
2026-08-11 14:10:00,2026-08-11 11:10:00,2026-08-11 19:10:00,93.689,93.716,93.688,93.708,335.0
2026-08-11 14:15:00,2026-08-11 11:15:00,2026-08-11 19:15:00,93.709,93.714,93.695,93.697,337.0
2026-08-11 14:20:00,2026-08-11 11:20:00,2026-08-11 19:20:00,93.698,93.71,93.694,93.704,443.0
2026-08-11 14:25:00,2026-08-11 11:25:00,2026-08-11 19:25:00,93.704,93.715,93.696,93.698,501.0
2026-08-11 14:30:00,2026-08-11 11:30:00,2026-08-11 19:30:00,93.699,93.7,93.683,93.691,397.0
2026-08-11 14:35:00,2026-08-11 11:35:00,2026-08-11 19:35:00,93.69,93.703,93.69,93.701,276.0
2026-08-11 14:40:00,2026-08-11 11:40:00,2026-08-11 19:40:00,93.7,93.702,93.69,93.697,286.0
2026-08-11 14:45:00,2026-08-11 11:45:00,2026-08-11 19:45:00,93.698,93.699,93.682,93.696,348.0
2026-08-11 14:50:00,2026-08-11 11:50:00,2026-08-11 19:50:00,93.696,93.696,93.675,93.681,306.0
2026-08-11 14:55:00,2026-08-11 11:55:00,2026-08-11 19:55:00,93.682,93.696,93.679,93.684,258.0
2026-08-11 15:00:00,2026-08-11 12:00:00,2026-08-11 20:00:00,93.685,93.688,93.669,93.674,322.0
2026-08-11 15:05:00,2026-08-11 12:05:00,2026-08-11 20:05:00,93.676,93.685,93.667,93.676,267.0
2026-08-11 15:10:00,2026-08-11 12:10:00,2026-08-11 20:10:00,93.677,93.684,93.671,93.678,325.0
2026-08-11 15:15:00,2026-08-11 12:15:00,2026-08-11 20:15:00,93.679,93.7,93.672,93.682,332.0
2026-08-11 15:20:00,2026-08-11 12:20:00,2026-08-11 20:20:00,93.682,93.684,93.671,93.676,245.0
2026-08-11 15:25:00,2026-08-11 12:25:00,2026-08-11 20:25:00,93.676,93.7,93.672,93.7,254.0
2026-08-11 15:30:00,2026-08-11 12:30:00,2026-08-11 20:30:00,93.699,93.814,93.677,93.709,903.0
2026-08-11 15:35:00,2026-08-11 12:35:00,2026-08-11 20:35:00,93.71,93.735,93.703,93.734,457.0
2026-08-11 15:40:00,2026-08-11 12:40:00,2026-08-11 20:40:00,93.736,93.748,93.715,93.741,453.0
2026-08-11 15:45:00,2026-08-11 12:45:00,2026-08-11 20:45:00,93.742,93.789,93.74,93.756,534.0
2026-08-11 15:50:00,2026-08-11 12:50:00,2026-08-11 20:50:00,93.759,93.783,93.749,93.776,486.0
2026-08-11 15:55:00,2026-08-11 12:55:00,2026-08-11 20:55:00,93.777,93.808,93.773,93.804,449.0
2026-08-11 16:00:00,2026-08-11 13:00:00,2026-08-11 21:00:00,93.805,93.814,93.784,93.785,358.0
2026-08-11 16:05:00,2026-08-11 13:05:00,2026-08-11 21:05:00,93.784,93.793,93.768,93.792,394.0
2026-08-11 16:10:00,2026-08-11 13:10:00,2026-08-11 21:10:00,93.792,93.793,93.748,93.769,425.0
2026-08-11 16:15:00,2026-08-11 13:15:00,2026-08-11 21:15:00,93.762,93.779,93.751,93.752,429.0
2026-08-11 16:20:00,2026-08-11 13:20:00,2026-08-11 21:20:00,93.751,93.782,93.75,93.781,347.0
2026-08-11 16:25:00,2026-08-11 13:25:00,2026-08-11 21:25:00,93.781,93.787,93.764,93.782,447.0
2026-08-11 16:30:00,2026-08-11 13:30:00,2026-08-11 21:30:00,93.782,93.8,93.744,93.798,615.0
2026-08-11 16:35:00,2026-08-11 13:35:00,2026-08-11 21:35:00,93.796,93.831,93.795,93.813,562.0
2026-08-11 16:40:00,2026-08-11 13:40:00,2026-08-11 21:40:00,93.814,93.814,93.751,93.768,516.0
2026-08-11 16:45:00,2026-08-11 13:45:00,2026-08-11 21:45:00,93.769,93.785,93.737,93.743,381.0
2026-08-11 16:50:00,2026-08-11 13:50:00,2026-08-11 21:50:00,93.741,93.754,93.659,93.705,584.0
2026-08-11 16:55:00,2026-08-11 13:55:00,2026-08-11 21:55:00,93.704,93.74,93.703,93.74,506.0
2026-08-11 17:00:00,2026-08-11 14:00:00,2026-08-11 22:00:00,93.74,93.748,93.717,93.729,727.0
2026-08-11 17:05:00,2026-08-11 14:05:00,2026-08-11 22:05:00,93.731,93.746,93.724,93.738,514.0
2026-08-11 17:10:00,2026-08-11 14:10:00,2026-08-11 22:10:00,93.738,93.755,93.718,93.718,549.0
2026-08-11 17:15:00,2026-08-11 14:15:00,2026-08-11 22:15:00,93.719,93.723,93.686,93.688,674.0
2026-08-11 17:20:00,2026-08-11 14:20:00,2026-08-11 22:20:00,93.686,93.686,93.583,93.597,640.0
2026-08-11 17:25:00,2026-08-11 14:25:00,2026-08-11 22:25:00,93.597,93.635,93.589,93.625,583.0
2026-08-11 17:30:00,2026-08-11 14:30:00,2026-08-11 22:30:00,93.624,93.647,93.594,93.61,599.0
2026-08-11 17:35:00,2026-08-11 14:35:00,2026-08-11 22:35:00,93.61,93.641,93.594,93.629,538.0
2026-08-11 17:40:00,2026-08-11 14:40:00,2026-08-11 22:40:00,93.629,93.633,93.558,93.568,651.0
2026-08-11 17:45:00,2026-08-11 14:45:00,2026-08-11 22:45:00,93.569,93.57,93.492,93.511,558.0
2026-08-11 17:50:00,2026-08-11 14:50:00,2026-08-11 22:50:00,93.51,93.547,93.498,93.515,482.0
2026-08-11 17:55:00,2026-08-11 14:55:00,2026-08-11 22:55:00,93.517,93.532,93.499,93.532,477.0
2026-08-11 18:00:00,2026-08-11 15:00:00,2026-08-11 23:00:00,93.535,93.614,93.535,93.6,581.0
2026-08-11 18:05:00,2026-08-11 15:05:00,2026-08-11 23:05:00,93.601,93.613,93.583,93.602,400.0
2026-08-11 18:10:00,2026-08-11 15:10:00,2026-08-11 23:10:00,93.602,93.634,93.601,93.629,433.0
2026-08-11 18:15:00,2026-08-11 15:15:00,2026-08-11 23:15:00,93.628,93.633,93.614,93.63,426.0
2026-08-11 18:20:00,2026-08-11 15:20:00,2026-08-11 23:20:00,93.629,93.64,93.585,93.588,618.0
2026-08-11 18:25:00,2026-08-11 15:25:00,2026-08-11 23:25:00,93.588,93.61,93.575,93.585,592.0
2026-08-11 18:30:00,2026-08-11 15:30:00,2026-08-11 23:30:00,93.583,93.613,93.583,93.595,556.0
2026-08-11 18:35:00,2026-08-11 15:35:00,2026-08-11 23:35:00,93.594,93.618,93.568,93.569,497.0
2026-08-11 18:40:00,2026-08-11 15:40:00,2026-08-11 23:40:00,93.57,93.582,93.529,93.53,581.0
2026-08-11 18:45:00,2026-08-11 15:45:00,2026-08-11 23:45:00,93.531,93.557,93.531,93.54,520.0
2026-08-11 18:50:00,2026-08-11 15:50:00,2026-08-11 23:50:00,93.54,93.546,93.519,93.53,481.0
2026-08-11 18:55:00,2026-08-11 15:55:00,2026-08-11 23:55:00,93.529,93.532,93.509,93.529,642.0
2026-08-11 19:00:00,2026-08-11 16:00:00,2026-08-12 00:00:00,93.53,93.54,93.515,93.53,652.0
2026-08-11 19:05:00,2026-08-11 16:05:00,2026-08-12 00:05:00,93.529,93.542,93.505,93.54,542.0
2026-08-11 19:10:00,2026-08-11 16:10:00,2026-08-12 00:10:00,93.541,93.544,93.517,93.524,484.0
2026-08-11 19:15:00,2026-08-11 16:15:00,2026-08-12 00:15:00,93.524,93.532,93.506,93.526,438.0
2026-08-11 19:20:00,2026-08-11 16:20:00,2026-08-12 00:20:00,93.526,93.539,93.52,93.526,388.0
2026-08-11 19:25:00,2026-08-11 16:25:00,2026-08-12 00:25:00,93.526,93.537,93.517,93.523,478.0
2026-08-11 19:30:00,2026-08-11 16:30:00,2026-08-12 00:30:00,93.523,93.541,93.507,93.537,476.0
2026-08-11 19:35:00,2026-08-11 16:35:00,2026-08-12 00:35:00,93.539,93.552,93.53,93.552,451.0
2026-08-11 19:40:00,2026-08-11 16:40:00,2026-08-12 00:40:00,93.548,93.563,93.547,93.549,347.0
2026-08-11 19:45:00,2026-08-11 16:45:00,2026-08-12 00:45:00,93.549,93.555,93.536,93.549,452.0
2026-08-11 19:50:00,2026-08-11 16:50:00,2026-08-12 00:50:00,93.548,93.573,93.548,93.563,417.0
2026-08-11 19:55:00,2026-08-11 16:55:00,2026-08-12 00:55:00,93.566,93.58,93.554,93.574,470.0
2026-08-11 20:00:00,2026-08-11 17:00:00,2026-08-12 01:00:00,93.575,93.583,93.568,93.577,393.0
2026-08-11 20:05:00,2026-08-11 17:05:00,2026-08-12 01:05:00,93.577,93.582,93.563,93.564,345.0
2026-08-11 20:10:00,2026-08-11 17:10:00,2026-08-12 01:10:00,93.565,93.57,93.545,93.546,489.0
2026-08-11 20:15:00,2026-08-11 17:15:00,2026-08-12 01:15:00,93.547,93.569,93.547,93.568,436.0
2026-08-11 20:20:00,2026-08-11 17:20:00,2026-08-12 01:20:00,93.568,93.586,93.568,93.575,362.0
2026-08-11 20:25:00,2026-08-11 17:25:00,2026-08-12 01:25:00,93.577,93.58,93.546,93.552,517.0
2026-08-11 20:30:00,2026-08-11 17:30:00,2026-08-12 01:30:00,93.551,93.56,93.541,93.557,554.0
2026-08-11 20:35:00,2026-08-11 17:35:00,2026-08-12 01:35:00,93.556,93.56,93.541,93.542,427.0
2026-08-11 20:40:00,2026-08-11 17:40:00,2026-08-12 01:40:00,93.54,93.569,93.539,93.56,458.0
2026-08-11 20:45:00,2026-08-11 17:45:00,2026-08-12 01:45:00,93.561,93.574,93.555,93.558,347.0
2026-08-11 20:50:00,2026-08-11 17:50:00,2026-08-12 01:50:00,93.558,93.567,93.554,93.561,409.0
2026-08-11 20:55:00,2026-08-11 17:55:00,2026-08-12 01:55:00,93.563,93.579,93.563,93.568,458.0
2026-08-11 21:00:00,2026-08-11 18:00:00,2026-08-12 02:00:00,93.569,93.584,93.553,93.583,489.0
2026-08-11 21:05:00,2026-08-11 18:05:00,2026-08-12 02:05:00,93.584,93.613,93.58,93.603,433.0
2026-08-11 21:10:00,2026-08-11 18:10:00,2026-08-12 02:10:00,93.602,93.628,93.601,93.624,389.0
2026-08-11 21:15:00,2026-08-11 18:15:00,2026-08-12 02:15:00,93.623,93.627,93.595,93.601,390.0
2026-08-11 21:20:00,2026-08-11 18:20:00,2026-08-12 02:20:00,93.6,93.63,93.596,93.614,590.0
2026-08-11 21:25:00,2026-08-11 18:25:00,2026-08-12 02:25:00,93.615,93.634,93.612,93.628,873.0
2026-08-11 21:30:00,2026-08-11 18:30:00,2026-08-12 02:30:00,93.629,93.637,93.609,93.617,600.0
2026-08-11 21:35:00,2026-08-11 18:35:00,2026-08-12 02:35:00,93.618,93.63,93.606,93.624,471.0
2026-08-11 21:40:00,2026-08-11 18:40:00,2026-08-12 02:40:00,93.624,93.628,93.598,93.611,403.0
2026-08-11 21:45:00,2026-08-11 18:45:00,2026-08-12 02:45:00,93.612,93.616,93.596,93.612,515.0
2026-08-11 21:50:00,2026-08-11 18:50:00,2026-08-12 02:50:00,93.612,93.62,93.594,93.61,434.0
2026-08-11 21:55:00,2026-08-11 18:55:00,2026-08-12 02:55:00,93.608,93.62,93.583,93.598,494.0
2026-08-11 22:00:00,2026-08-11 19:00:00,2026-08-12 03:00:00,93.599,93.653,93.58,93.62,1367.0
2026-08-11 22:05:00,2026-08-11 19:05:00,2026-08-12 03:05:00,93.621,93.638,93.601,93.61,1089.0
2026-08-11 22:10:00,2026-08-11 19:10:00,2026-08-12 03:10:00,93.611,93.618,93.596,93.604,898.0
2026-08-11 22:15:00,2026-08-11 19:15:00,2026-08-12 03:15:00,93.605,93.613,93.585,93.597,764.0
2026-08-11 22:20:00,2026-08-11 19:20:00,2026-08-12 03:20:00,93.595,93.606,93.589,93.604,596.0
2026-08-11 22:25:00,2026-08-11 19:25:00,2026-08-12 03:25:00,93.605,93.621,93.603,93.608,663.0
2026-08-11 22:30:00,2026-08-11 19:30:00,2026-08-12 03:30:00,93.606,93.612,93.585,93.611,694.0
2026-08-11 22:35:00,2026-08-11 19:35:00,2026-08-12 03:35:00,93.608,93.616,93.584,93.585,604.0
2026-08-11 22:40:00,2026-08-11 19:40:00,2026-08-12 03:40:00,93.586,93.591,93.575,93.581,546.0
2026-08-11 22:45:00,2026-08-11 19:45:00,2026-08-12 03:45:00,93.579,93.588,93.563,93.568,574.0
2026-08-11 22:50:00,2026-08-11 19:50:00,2026-08-12 03:50:00,93.57,93.584,93.56,93.569,545.0
2026-08-11 22:55:00,2026-08-11 19:55:00,2026-08-12 03:55:00,93.566,93.582,93.551,93.575,586.0
2026-08-11 23:00:00,2026-08-11 20:00:00,2026-08-12 04:00:00,93.576,93.59,93.571,93.578,696.0
2026-08-11 23:05:00,2026-08-11 20:05:00,2026-08-12 04:05:00,93.578,93.616,93.576,93.609,834.0
2026-08-11 23:10:00,2026-08-11 20:10:00,2026-08-12 04:10:00,93.609,93.617,93.592,93.608,748.0
2026-08-11 23:15:00,2026-08-11 20:15:00,2026-08-12 04:15:00,93.607,93.636,93.601,93.636,718.0
2026-08-11 23:20:00,2026-08-11 20:20:00,2026-08-12 04:20:00,93.636,93.649,93.623,93.632,987.0
2026-08-11 23:25:00,2026-08-11 20:25:00,2026-08-12 04:25:00,93.636,93.67,93.634,93.659,693.0
2026-08-11 23:30:00,2026-08-11 20:30:00,2026-08-12 04:30:00,93.661,93.69,93.653,93.679,719.0
2026-08-11 23:35:00,2026-08-11 20:35:00,2026-08-12 04:35:00,93.678,93.679,93.642,93.647,634.0
2026-08-11 23:40:00,2026-08-11 20:40:00,2026-08-12 04:40:00,93.649,93.678,93.644,93.677,752.0
2026-08-11 23:45:00,2026-08-11 20:45:00,2026-08-12 04:45:00,93.678,93.696,93.672,93.696,559.0
2026-08-11 23:50:00,2026-08-11 20:50:00,2026-08-12 04:50:00,93.694,93.712,93.694,93.705,553.0
2026-08-11 23:55:00,2026-08-11 20:55:00,2026-08-12 04:55:00,93.706,93.71,93.687,93.691,558.0
2026-08-12 00:00:00,2026-08-11 21:00:00,2026-08-12 05:00:00,93.691,93.699,93.673,93.684,782.0
2026-08-12 00:05:00,2026-08-11 21:05:00,2026-08-12 05:05:00,93.684,93.696,93.667,93.696,755.0
2026-08-12 00:10:00,2026-08-11 21:10:00,2026-08-12 05:10:00,93.696,93.709,93.683,93.694,688.0
2026-08-12 00:15:00,2026-08-11 21:15:00,2026-08-12 05:15:00,93.693,93.702,93.689,93.694,797.0
2026-08-12 00:20:00,2026-08-11 21:20:00,2026-08-12 05:20:00,93.694,93.727,93.694,93.721,608.0
2026-08-12 00:25:00,2026-08-11 21:25:00,2026-08-12 05:25:00,93.722,93.735,93.713,93.722,774.0
2026-08-12 00:30:00,2026-08-11 21:30:00,2026-08-12 05:30:00,93.722,93.722,93.679,93.68,794.0
2026-08-12 00:35:00,2026-08-11 21:35:00,2026-08-12 05:35:00,93.679,93.706,93.678,93.701,752.0
2026-08-12 00:40:00,2026-08-11 21:40:00,2026-08-12 05:40:00,93.699,93.722,93.699,93.716,823.0
2026-08-12 00:45:00,2026-08-11 21:45:00,2026-08-12 05:45:00,93.713,93.731,93.706,93.714,809.0
2026-08-12 00:50:00,2026-08-11 21:50:00,2026-08-12 05:50:00,93.715,93.715,93.665,93.674,720.0
2026-08-12 00:55:00,2026-08-11 21:55:00,2026-08-12 05:55:00,93.674,93.715,93.672,93.705,680.0
2026-08-12 01:00:00,2026-08-11 22:00:00,2026-08-12 06:00:00,93.706,93.725,93.688,93.703,796.0
2026-08-12 01:05:00,2026-08-11 22:05:00,2026-08-12 06:05:00,93.704,93.714,93.689,93.692,890.0
2026-08-12 01:10:00,2026-08-11 22:10:00,2026-08-12 06:10:00,93.693,93.704,93.688,93.699,749.0
2026-08-12 01:15:00,2026-08-11 22:15:00,2026-08-12 06:15:00,93.698,93.715,93.691,93.699,739.0
2026-08-12 01:20:00,2026-08-11 22:20:00,2026-08-12 06:20:00,93.699,93.713,93.668,93.674,776.0
2026-08-12 01:25:00,2026-08-11 22:25:00,2026-08-12 06:25:00,93.672,93.686,93.668,93.671,737.0
2026-08-12 01:30:00,2026-08-11 22:30:00,2026-08-12 06:30:00,93.672,93.677,93.654,93.671,610.0
2026-08-12 01:35:00,2026-08-11 22:35:00,2026-08-12 06:35:00,93.671,93.677,93.659,93.66,659.0
2026-08-12 01:40:00,2026-08-11 22:40:00,2026-08-12 06:40:00,93.661,93.686,93.657,93.678,701.0
2026-08-12 01:45:00,2026-08-11 22:45:00,2026-08-12 06:45:00,93.674,93.681,93.655,93.664,631.0
2026-08-12 01:50:00,2026-08-11 22:50:00,2026-08-12 06:50:00,93.664,93.687,93.659,93.686,691.0
2026-08-12 01:55:00,2026-08-11 22:55:00,2026-08-12 06:55:00,93.684,93.701,93.662,93.665,790.0
2026-08-12 02:00:00,2026-08-11 23:00:00,2026-08-12 07:00:00,93.666,93.667,93.643,93.653,822.0
2026-08-12 02:05:00,2026-08-11 23:05:00,2026-08-12 07:05:00,93.653,93.654,93.618,93.632,635.0
2026-08-12 02:10:00,2026-08-11 23:10:00,2026-08-12 07:10:00,93.631,93.634,93.599,93.603,603.0
2026-08-12 02:15:00,2026-08-11 23:15:00,2026-08-12 07:15:00,93.603,93.622,93.59,93.618,735.0
2026-08-12 02:20:00,2026-08-11 23:20:00,2026-08-12 07:20:00,93.619,93.657,93.615,93.643,544.0
2026-08-12 02:25:00,2026-08-11 23:25:00,2026-08-12 07:25:00,93.644,93.651,93.636,93.647,648.0
2026-08-12 02:30:00,2026-08-11 23:30:00,2026-08-12 07:30:00,93.644,93.664,93.624,93.629,803.0
2026-08-12 02:35:00,2026-08-11 23:35:00,2026-08-12 07:35:00,93.629,93.65,93.629,93.642,733.0
2026-08-12 02:40:00,2026-08-11 23:40:00,2026-08-12 07:40:00,93.643,93.644,93.629,93.641,681.0
2026-08-12 02:45:00,2026-08-11 23:45:00,2026-08-12 07:45:00,93.641,93.646,93.63,93.635,642.0
2026-08-12 02:50:00,2026-08-11 23:50:00,2026-08-12 07:50:00,93.634,93.64,93.627,93.636,594.0
2026-08-12 02:55:00,2026-08-11 23:55:00,2026-08-12 07:55:00,93.635,93.649,93.63,93.645,610.0
2026-08-12 03:00:00,2026-08-12 00:00:00,2026-08-12 08:00:00,93.645,93.648,93.625,93.631,584.0
2026-08-12 03:05:00,2026-08-12 00:05:00,2026-08-12 08:05:00,93.631,93.633,93.62,93.63,415.0
2026-08-12 03:10:00,2026-08-12 00:10:00,2026-08-12 08:10:00,93.63,93.634,93.62,93.624,456.0
2026-08-12 03:15:00,2026-08-12 00:15:00,2026-08-12 08:15:00,93.624,93.631,93.617,93.625,489.0
2026-08-12 03:20:00,2026-08-12 00:20:00,2026-08-12 08:20:00,93.624,93.646,93.623,93.641,444.0
2026-08-12 03:25:00,2026-08-12 00:25:00,2026-08-12 08:25:00,93.642,93.652,93.636,93.645,498.0
2026-08-12 03:30:00,2026-08-12 00:30:00,2026-08-12 08:30:00,93.643,93.651,93.638,93.647,522.0
2026-08-12 03:35:00,2026-08-12 00:35:00,2026-08-12 08:35:00,93.649,93.665,93.644,93.662,478.0
2026-08-12 03:40:00,2026-08-12 00:40:00,2026-08-12 08:40:00,93.662,93.674,93.646,93.654,409.0
2026-08-12 03:45:00,2026-08-12 00:45:00,2026-08-12 08:45:00,93.652,93.666,93.65,93.661,423.0
2026-08-12 03:50:00,2026-08-12 00:50:00,2026-08-12 08:50:00,93.66,93.672,93.659,93.664,428.0
2026-08-12 03:55:00,2026-08-12 00:55:00,2026-08-12 08:55:00,93.666,93.685,93.665,93.683,439.0
2026-08-12 04:00:00,2026-08-12 01:00:00,2026-08-12 09:00:00,93.683,93.704,93.683,93.693,453.0
2026-08-12 04:05:00,2026-08-12 01:05:00,2026-08-12 09:05:00,93.693,93.696,93.678,93.681,477.0
2026-08-12 04:10:00,2026-08-12 01:10:00,2026-08-12 09:10:00,93.68,93.682,93.666,93.673,413.0
2026-08-12 04:15:00,2026-08-12 01:15:00,2026-08-12 09:15:00,93.67,93.696,93.666,93.689,422.0
2026-08-12 04:20:00,2026-08-12 01:20:00,2026-08-12 09:20:00,93.69,93.697,93.681,93.691,408.0
2026-08-12 04:25:00,2026-08-12 01:25:00,2026-08-12 09:25:00,93.69,93.69,93.665,93.675,402.0
2026-08-12 04:30:00,2026-08-12 01:30:00,2026-08-12 09:30:00,93.675,93.682,93.671,93.677,439.0
2026-08-12 04:35:00,2026-08-12 01:35:00,2026-08-12 09:35:00,93.679,93.687,93.672,93.682,425.0
2026-08-12 04:40:00,2026-08-12 01:40:00,2026-08-12 09:40:00,93.682,93.688,93.677,93.679,380.0
2026-08-12 04:45:00,2026-08-12 01:45:00,2026-08-12 09:45:00,93.679,93.702,93.675,93.692,300.0
2026-08-12 04:50:00,2026-08-12 01:50:00,2026-08-12 09:50:00,93.692,93.699,93.686,93.694,310.0
2026-08-12 04:55:00,2026-08-12 01:55:00,2026-08-12 09:55:00,93.692,93.695,93.68,93.687,393.0
2026-08-12 05:00:00,2026-08-12 02:00:00,2026-08-12 10:00:00,93.686,93.69,93.673,93.676,294.0
2026-08-12 05:05:00,2026-08-12 02:05:00,2026-08-12 10:05:00,93.676,93.684,93.675,93.679,342.0
2026-08-12 05:10:00,2026-08-12 02:10:00,2026-08-12 10:10:00,93.677,93.686,93.676,93.683,378.0
2026-08-12 05:15:00,2026-08-12 02:15:00,2026-08-12 10:15:00,93.682,93.682,93.67,93.672,412.0
2026-08-12 05:20:00,2026-08-12 02:20:00,2026-08-12 10:20:00,93.671,93.675,93.638,93.638,331.0
2026-08-12 05:25:00,2026-08-12 02:25:00,2026-08-12 10:25:00,93.643,93.646,93.632,93.634,462.0
2026-08-12 05:30:00,2026-08-12 02:30:00,2026-08-12 10:30:00,93.633,93.646,93.628,93.64,490.0
2026-08-12 05:35:00,2026-08-12 02:35:00,2026-08-12 10:35:00,93.638,93.653,93.635,93.646,427.0
2026-08-12 05:40:00,2026-08-12 02:40:00,2026-08-12 10:40:00,93.648,93.648,93.629,93.634,344.0
2026-08-12 05:45:00,2026-08-12 02:45:00,2026-08-12 10:45:00,93.634,93.642,93.627,93.631,402.0
2026-08-12 05:50:00,2026-08-12 02:50:00,2026-08-12 10:50:00,93.63,93.634,93.621,93.626,330.0
2026-08-12 05:55:00,2026-08-12 02:55:00,2026-08-12 10:55:00,93.627,93.635,93.625,93.63,365.0
2026-08-12 06:00:00,2026-08-12 03:00:00,2026-08-12 11:00:00,93.627,93.636,93.617,93.623,384.0
2026-08-12 06:05:00,2026-08-12 03:05:00,2026-08-12 11:05:00,93.622,93.633,93.618,93.624,322.0
2026-08-12 06:10:00,2026-08-12 03:10:00,2026-08-12 11:10:00,93.623,93.632,93.613,93.63,332.0
2026-08-12 06:15:00,2026-08-12 03:15:00,2026-08-12 11:15:00,93.631,93.634,93.622,93.63,286.0
2026-08-12 06:20:00,2026-08-12 03:20:00,2026-08-12 11:20:00,93.63,93.644,93.625,93.636,262.0
2026-08-12 06:25:00,2026-08-12 03:25:00,2026-08-12 11:25:00,93.639,93.656,93.636,93.654,205.0
2026-08-12 06:30:00,2026-08-12 03:30:00,2026-08-12 11:30:00,93.654,93.656,93.64,93.645,397.0
2026-08-12 06:35:00,2026-08-12 03:35:00,2026-08-12 11:35:00,93.642,93.652,93.633,93.652,378.0
2026-08-12 06:40:00,2026-08-12 03:40:00,2026-08-12 11:40:00,93.651,93.652,93.644,93.646,285.0
2026-08-12 06:45:00,2026-08-12 03:45:00,2026-08-12 11:45:00,93.646,93.649,93.636,93.644,287.0
2026-08-12 06:50:00,2026-08-12 03:50:00,2026-08-12 11:50:00,93.642,93.651,93.642,93.645,304.0
2026-08-12 06:55:00,2026-08-12 03:55:00,2026-08-12 11:55:00,93.644,93.673,93.642,93.658,564.0
2026-08-12 07:00:00,2026-08-12 04:00:00,2026-08-12 12:00:00,93.658,93.668,93.656,93.664,325.0
2026-08-12 07:05:00,2026-08-12 04:05:00,2026-08-12 12:05:00,93.666,93.676,93.662,93.673,227.0
2026-08-12 07:10:00,2026-08-12 04:10:00,2026-08-12 12:10:00,93.672,93.675,93.661,93.665,250.0
2026-08-12 07:15:00,2026-08-12 04:15:00,2026-08-12 12:15:00,93.665,93.667,93.653,93.661,198.0
2026-08-12 07:20:00,2026-08-12 04:20:00,2026-08-12 12:20:00,93.66,93.666,93.657,93.664,219.0
2026-08-12 07:25:00,2026-08-12 04:25:00,2026-08-12 12:25:00,93.665,93.665,93.651,93.656,167.0
2026-08-12 07:30:00,2026-08-12 04:30:00,2026-08-12 12:30:00,93.656,93.687,93.654,93.686,245.0
2026-08-12 07:35:00,2026-08-12 04:35:00,2026-08-12 12:35:00,93.686,93.697,93.685,93.697,166.0
2026-08-12 07:40:00,2026-08-12 04:40:00,2026-08-12 12:40:00,93.694,93.696,93.685,93.69,135.0
2026-08-12 07:45:00,2026-08-12 04:45:00,2026-08-12 12:45:00,93.689,93.689,93.674,93.683,164.0
2026-08-12 07:50:00,2026-08-12 04:50:00,2026-08-12 12:50:00,93.68,93.685,93.658,93.669,680.0
2026-08-12 07:55:00,2026-08-12 04:55:00,2026-08-12 12:55:00,93.672,93.674,93.66,93.662,98.0
2026-08-12 08:05:00,2026-08-12 05:05:00,2026-08-12 13:05:00,93.575,93.605,93.574,93.595,105.0
2026-08-12 08:10:00,2026-08-12 05:10:00,2026-08-12 13:10:00,93.598,93.608,93.565,93.597,143.0
2026-08-12 08:15:00,2026-08-12 05:15:00,2026-08-12 13:15:00,93.599,93.604,93.575,93.576,168.0
2026-08-12 08:20:00,2026-08-12 05:20:00,2026-08-12 13:20:00,93.565,93.618,93.497,93.618,175.0
2026-08-12 08:25:00,2026-08-12 05:25:00,2026-08-12 13:25:00,93.618,93.659,93.598,93.657,217.0
2026-08-12 08:30:00,2026-08-12 05:30:00,2026-08-12 13:30:00,93.657,93.675,93.639,93.669,104.0
2026-08-12 08:35:00,2026-08-12 05:35:00,2026-08-12 13:35:00,93.669,93.67,93.659,93.67,40.0
2026-08-12 08:40:00,2026-08-12 05:40:00,2026-08-12 13:40:00,93.669,93.669,93.566,93.572,164.0
2026-08-12 08:45:00,2026-08-12 05:45:00,2026-08-12 13:45:00,93.584,93.586,93.541,93.555,126.0
2026-08-12 08:50:00,2026-08-12 05:50:00,2026-08-12 13:50:00,93.555,93.557,93.509,93.537,125.0
2026-08-12 08:55:00,2026-08-12 05:55:00,2026-08-12 13:55:00,93.537,93.664,93.509,93.664,540.0
2026-08-12 09:00:00,2026-08-12 06:00:00,2026-08-12 14:00:00,93.664,93.695,93.646,93.687,337.0
2026-08-12 09:05:00,2026-08-12 06:05:00,2026-08-12 14:05:00,93.686,93.688,93.652,93.665,301.0
2026-08-12 09:10:00,2026-08-12 06:10:00,2026-08-12 14:10:00,93.666,93.678,93.656,93.678,197.0
2026-08-12 09:15:00,2026-08-12 06:15:00,2026-08-12 14:15:00,93.68,93.689,93.672,93.686,200.0
2026-08-12 09:20:00,2026-08-12 06:20:00,2026-08-12 14:20:00,93.685,93.697,93.685,93.692,150.0
2026-08-12 09:25:00,2026-08-12 06:25:00,2026-08-12 14:25:00,93.693,93.697,93.686,93.688,229.0
2026-08-12 09:30:00,2026-08-12 06:30:00,2026-08-12 14:30:00,93.692,93.692,93.673,93.678,173.0
2026-08-12 09:35:00,2026-08-12 06:35:00,2026-08-12 14:35:00,93.676,93.685,93.672,93.673,159.0
2026-08-12 09:40:00,2026-08-12 06:40:00,2026-08-12 14:40:00,93.672,93.682,93.672,93.676,229.0
2026-08-12 09:45:00,2026-08-12 06:45:00,2026-08-12 14:45:00,93.675,93.68,93.671,93.677,168.0
2026-08-12 09:50:00,2026-08-12 06:50:00,2026-08-12 14:50:00,93.675,93.68,93.671,93.674,133.0
2026-08-12 09:55:00,2026-08-12 06:55:00,2026-08-12 14:55:00,93.676,93.687,93.675,93.684,143.0
2026-08-12 10:00:00,2026-08-12 07:00:00,2026-08-12 15:00:00,93.685,93.685,93.671,93.675,179.0
2026-08-12 10:05:00,2026-08-12 07:05:00,2026-08-12 15:05:00,93.674,93.681,93.667,93.674,142.0
2026-08-12 10:10:00,2026-08-12 07:10:00,2026-08-12 15:10:00,93.674,93.682,93.669,93.674,177.0
2026-08-12 10:15:00,2026-08-12 07:15:00,2026-08-12 15:15:00,93.674,93.682,93.67,93.679,101.0
2026-08-12 10:20:00,2026-08-12 07:20:00,2026-08-12 15:20:00,93.681,93.682,93.663,93.665,119.0
2026-08-12 10:25:00,2026-08-12 07:25:00,2026-08-12 15:25:00,93.666,93.673,93.643,93.644,198.0
2026-08-12 10:30:00,2026-08-12 07:30:00,2026-08-12 15:30:00,93.646,93.655,93.646,93.653,120.0
2026-08-12 10:35:00,2026-08-12 07:35:00,2026-08-12 15:35:00,93.654,93.662,93.648,93.648,146.0
2026-08-12 10:40:00,2026-08-12 07:40:00,2026-08-12 15:40:00,93.648,93.653,93.629,93.632,170.0
2026-08-12 10:45:00,2026-08-12 07:45:00,2026-08-12 15:45:00,93.631,93.643,93.63,93.64,193.0
2026-08-12 10:50:00,2026-08-12 07:50:00,2026-08-12 15:50:00,93.641,93.648,93.631,93.647,186.0
2026-08-12 10:55:00,2026-08-12 07:55:00,2026-08-12 15:55:00,93.646,93.648,93.629,93.635,245.0
2026-08-12 11:00:00,2026-08-12 08:00:00,2026-08-12 16:00:00,93.638,93.648,93.601,93.62,615.0
2026-08-12 11:05:00,2026-08-12 08:05:00,2026-08-12 16:05:00,93.62,93.62,93.588,93.613,453.0
2026-08-12 11:10:00,2026-08-12 08:10:00,2026-08-12 16:10:00,93.612,93.617,93.595,93.602,323.0
2026-08-12 11:15:00,2026-08-12 08:15:00,2026-08-12 16:15:00,93.603,93.603,93.584,93.591,538.0
2026-08-12 11:20:00,2026-08-12 08:20:00,2026-08-12 16:20:00,93.592,93.618,93.567,93.615,443.0
2026-08-12 11:25:00,2026-08-12 08:25:00,2026-08-12 16:25:00,93.616,93.616,93.573,93.592,399.0
2026-08-12 11:30:00,2026-08-12 08:30:00,2026-08-12 16:30:00,93.592,93.616,93.583,93.616,378.0
2026-08-12 11:35:00,2026-08-12 08:35:00,2026-08-12 16:35:00,93.614,93.626,93.599,93.624,455.0
2026-08-12 11:40:00,2026-08-12 08:40:00,2026-08-12 16:40:00,93.626,93.626,93.596,93.61,547.0
2026-08-12 11:45:00,2026-08-12 08:45:00,2026-08-12 16:45:00,93.61,93.618,93.583,93.586,474.0
2026-08-12 11:50:00,2026-08-12 08:50:00,2026-08-12 16:50:00,93.586,93.623,93.584,93.614,738.0
2026-08-12 11:55:00,2026-08-12 08:55:00,2026-08-12 16:55:00,93.615,93.644,93.614,93.632,700.0
2026-08-12 12:00:00,2026-08-12 09:00:00,2026-08-12 17:00:00,93.629,93.635,93.61,93.618,682.0
2026-08-12 12:05:00,2026-08-12 09:05:00,2026-08-12 17:05:00,93.618,93.637,93.613,93.618,498.0
2026-08-12 12:10:00,2026-08-12 09:10:00,2026-08-12 17:10:00,93.617,93.627,93.601,93.623,408.0
2026-08-12 12:15:00,2026-08-12 09:15:00,2026-08-12 17:15:00,93.623,93.625,93.608,93.617,519.0
2026-08-12 12:20:00,2026-08-12 09:20:00,2026-08-12 17:20:00,93.617,93.633,93.59,93.598,551.0
2026-08-12 12:25:00,2026-08-12 09:25:00,2026-08-12 17:25:00,93.597,93.61,93.581,93.607,379.0
2026-08-12 12:30:00,2026-08-12 09:30:00,2026-08-12 17:30:00,93.607,93.608,93.581,93.585,452.0
2026-08-12 12:35:00,2026-08-12 09:35:00,2026-08-12 17:35:00,93.584,93.584,93.547,93.568,394.0
2026-08-12 12:40:00,2026-08-12 09:40:00,2026-08-12 17:40:00,93.565,93.572,93.551,93.56,607.0
2026-08-12 12:45:00,2026-08-12 09:45:00,2026-08-12 17:45:00,93.564,93.565,93.543,93.55,465.0
2026-08-12 12:50:00,2026-08-12 09:50:00,2026-08-12 17:50:00,93.551,93.562,93.542,93.547,430.0
2026-08-12 12:55:00,2026-08-12 09:55:00,2026-08-12 17:55:00,93.547,93.567,93.538,93.565,365.0
2026-08-12 13:00:00,2026-08-12 10:00:00,2026-08-12 18:00:00,93.564,93.569,93.532,93.541,516.0
2026-08-12 13:05:00,2026-08-12 10:05:00,2026-08-12 18:05:00,93.541,93.546,93.526,93.538,504.0
2026-08-12 13:10:00,2026-08-12 10:10:00,2026-08-12 18:10:00,93.54,93.546,93.525,93.546,430.0
2026-08-12 13:15:00,2026-08-12 10:15:00,2026-08-12 18:15:00,93.547,93.573,93.547,93.57,678.0
2026-08-12 13:20:00,2026-08-12 10:20:00,2026-08-12 18:20:00,93.569,93.577,93.536,93.538,438.0
2026-08-12 13:25:00,2026-08-12 10:25:00,2026-08-12 18:25:00,93.538,93.554,93.535,93.554,324.0
2026-08-12 13:30:00,2026-08-12 10:30:00,2026-08-12 18:30:00,93.556,93.572,93.551,93.552,475.0
2026-08-12 13:35:00,2026-08-12 10:35:00,2026-08-12 18:35:00,93.551,93.561,93.543,93.551,384.0
2026-08-12 13:40:00,2026-08-12 10:40:00,2026-08-12 18:40:00,93.552,93.571,93.543,93.566,405.0
2026-08-12 13:45:00,2026-08-12 10:45:00,2026-08-12 18:45:00,93.565,93.573,93.552,93.565,366.0
2026-08-12 13:50:00,2026-08-12 10:50:00,2026-08-12 18:50:00,93.565,93.574,93.552,93.563,348.0
2026-08-12 13:55:00,2026-08-12 10:55:00,2026-08-12 18:55:00,93.562,93.572,93.546,93.561,466.0
2026-08-12 14:00:00,2026-08-12 11:00:00,2026-08-12 19:00:00,93.562,93.577,93.559,93.567,338.0
2026-08-12 14:05:00,2026-08-12 11:05:00,2026-08-12 19:05:00,93.567,93.569,93.553,93.56,350.0
2026-08-12 14:10:00,2026-08-12 11:10:00,2026-08-12 19:10:00,93.561,93.578,93.561,93.568,272.0
2026-08-12 14:15:00,2026-08-12 11:15:00,2026-08-12 19:15:00,93.57,93.576,93.561,93.576,301.0
2026-08-12 14:20:00,2026-08-12 11:20:00,2026-08-12 19:20:00,93.571,93.584,93.57,93.584,328.0
2026-08-12 14:25:00,2026-08-12 11:25:00,2026-08-12 19:25:00,93.578,93.596,93.576,93.581,271.0
2026-08-12 14:30:00,2026-08-12 11:30:00,2026-08-12 19:30:00,93.581,93.582,93.562,93.574,222.0
2026-08-12 14:35:00,2026-08-12 11:35:00,2026-08-12 19:35:00,93.574,93.578,93.55,93.554,310.0
2026-08-12 14:40:00,2026-08-12 11:40:00,2026-08-12 19:40:00,93.554,93.555,93.534,93.542,287.0
2026-08-12 14:45:00,2026-08-12 11:45:00,2026-08-12 19:45:00,93.542,93.547,93.525,93.534,341.0
2026-08-12 14:50:00,2026-08-12 11:50:00,2026-08-12 19:50:00,93.534,93.54,93.52,93.523,341.0
2026-08-12 14:55:00,2026-08-12 11:55:00,2026-08-12 19:55:00,93.523,93.539,93.515,93.539,338.0
2026-08-12 15:00:00,2026-08-12 12:00:00,2026-08-12 20:00:00,93.539,93.539,93.522,93.537,303.0
2026-08-12 15:05:00,2026-08-12 12:05:00,2026-08-12 20:05:00,93.537,93.538,93.527,93.535,293.0
2026-08-12 15:10:00,2026-08-12 12:10:00,2026-08-12 20:10:00,93.534,93.536,93.517,93.534,244.0
2026-08-12 15:15:00,2026-08-12 12:15:00,2026-08-12 20:15:00,93.533,93.536,93.525,93.536,240.0
2026-08-12 15:20:00,2026-08-12 12:20:00,2026-08-12 20:20:00,93.537,93.549,93.533,93.545,291.0
2026-08-12 15:25:00,2026-08-12 12:25:00,2026-08-12 20:25:00,93.544,93.554,93.539,93.545,351.0
2026-08-12 15:30:00,2026-08-12 12:30:00,2026-08-12 20:30:00,93.546,93.555,93.541,93.549,253.0
2026-08-12 15:35:00,2026-08-12 12:35:00,2026-08-12 20:35:00,93.548,93.549,93.528,93.532,240.0
2026-08-12 15:40:00,2026-08-12 12:40:00,2026-08-12 20:40:00,93.528,93.534,93.509,93.526,330.0
2026-08-12 15:45:00,2026-08-12 12:45:00,2026-08-12 20:45:00,93.53,93.543,93.527,93.541,246.0
2026-08-12 15:50:00,2026-08-12 12:50:00,2026-08-12 20:50:00,93.543,93.55,93.533,93.537,250.0
2026-08-12 15:55:00,2026-08-12 12:55:00,2026-08-12 20:55:00,93.538,93.546,93.534,93.543,227.0
2026-08-12 16:00:00,2026-08-12 13:00:00,2026-08-12 21:00:00,93.543,93.543,93.523,93.526,285.0
2026-08-12 16:05:00,2026-08-12 13:05:00,2026-08-12 21:05:00,93.526,93.537,93.517,93.525,244.0
2026-08-12 16:10:00,2026-08-12 13:10:00,2026-08-12 21:10:00,93.526,93.526,93.504,93.509,182.0
2026-08-12 16:15:00,2026-08-12 13:15:00,2026-08-12 21:15:00,93.504,93.506,93.493,93.504,227.0
2026-08-12 16:20:00,2026-08-12 13:20:00,2026-08-12 21:20:00,93.505,93.51,93.494,93.509,267.0
2026-08-12 16:25:00,2026-08-12 13:25:00,2026-08-12 21:25:00,93.511,93.523,93.507,93.521,274.0
2026-08-12 16:30:00,2026-08-12 13:30:00,2026-08-12 21:30:00,93.523,93.523,93.481,93.504,497.0
2026-08-12 16:35:00,2026-08-12 13:35:00,2026-08-12 21:35:00,93.504,93.511,93.498,93.509,402.0
2026-08-12 16:40:00,2026-08-12 13:40:00,2026-08-12 21:40:00,93.51,93.518,93.502,93.509,320.0
2026-08-12 16:45:00,2026-08-12 13:45:00,2026-08-12 21:45:00,93.51,93.514,93.495,93.498,290.0
2026-08-12 16:50:00,2026-08-12 13:50:00,2026-08-12 21:50:00,93.5,93.516,93.498,93.515,345.0
2026-08-12 16:55:00,2026-08-12 13:55:00,2026-08-12 21:55:00,93.515,93.545,93.515,93.543,302.0
2026-08-12 17:00:00,2026-08-12 14:00:00,2026-08-12 22:00:00,93.542,93.542,93.51,93.534,582.0
2026-08-12 17:05:00,2026-08-12 14:05:00,2026-08-12 22:05:00,93.533,93.538,93.517,93.533,486.0
2026-08-12 17:10:00,2026-08-12 14:10:00,2026-08-12 22:10:00,93.532,93.535,93.52,93.52,432.0
2026-08-12 17:15:00,2026-08-12 14:15:00,2026-08-12 22:15:00,93.521,93.522,93.504,93.506,562.0
2026-08-12 17:20:00,2026-08-12 14:20:00,2026-08-12 22:20:00,93.506,93.506,93.48,93.494,482.0
2026-08-12 17:25:00,2026-08-12 14:25:00,2026-08-12 22:25:00,93.497,93.507,93.48,93.486,598.0
2026-08-12 17:30:00,2026-08-12 14:30:00,2026-08-12 22:30:00,93.488,93.493,93.469,93.477,680.0
2026-08-12 17:35:00,2026-08-12 14:35:00,2026-08-12 22:35:00,93.478,93.513,93.476,93.491,562.0
2026-08-12 17:40:00,2026-08-12 14:40:00,2026-08-12 22:40:00,93.49,93.496,93.475,93.488,576.0
2026-08-12 17:45:00,2026-08-12 14:45:00,2026-08-12 22:45:00,93.489,93.507,93.479,93.49,509.0
2026-08-12 17:50:00,2026-08-12 14:50:00,2026-08-12 22:50:00,93.492,93.492,93.474,93.475,337.0
2026-08-12 17:55:00,2026-08-12 14:55:00,2026-08-12 22:55:00,93.476,93.495,93.475,93.494,544.0
2026-08-12 18:00:00,2026-08-12 15:00:00,2026-08-12 23:00:00,93.494,93.511,93.488,93.488,624.0
2026-08-12 18:05:00,2026-08-12 15:05:00,2026-08-12 23:05:00,93.49,93.505,93.478,93.492,456.0
2026-08-12 18:10:00,2026-08-12 15:10:00,2026-08-12 23:10:00,93.49,93.527,93.479,93.514,523.0
2026-08-12 18:15:00,2026-08-12 15:15:00,2026-08-12 23:15:00,93.515,93.54,93.512,93.535,451.0
2026-08-12 18:20:00,2026-08-12 15:20:00,2026-08-12 23:20:00,93.534,93.536,93.506,93.513,429.0
2026-08-12 18:25:00,2026-08-12 15:25:00,2026-08-12 23:25:00,93.511,93.511,93.483,93.49,437.0
2026-08-12 18:30:00,2026-08-12 15:30:00,2026-08-12 23:30:00,93.492,93.494,93.434,93.441,450.0
2026-08-12 18:35:00,2026-08-12 15:35:00,2026-08-12 23:35:00,93.442,93.447,93.43,93.432,485.0
2026-08-12 18:40:00,2026-08-12 15:40:00,2026-08-12 23:40:00,93.434,93.454,93.426,93.446,399.0
2026-08-12 18:45:00,2026-08-12 15:45:00,2026-08-12 23:45:00,93.445,93.446,93.434,93.442,302.0
2026-08-12 18:50:00,2026-08-12 15:50:00,2026-08-12 23:50:00,93.443,93.446,93.434,93.435,282.0
2026-08-12 18:55:00,2026-08-12 15:55:00,2026-08-12 23:55:00,93.437,93.437,93.4,93.417,536.0
2026-08-12 19:00:00,2026-08-12 16:00:00,2026-08-13 00:00:00,93.416,93.437,93.398,93.405,493.0
2026-08-12 19:05:00,2026-08-12 16:05:00,2026-08-13 00:05:00,93.406,93.409,93.386,93.393,415.0
2026-08-12 19:10:00,2026-08-12 16:10:00,2026-08-13 00:10:00,93.393,93.402,93.382,93.392,363.0
2026-08-12 19:15:00,2026-08-12 16:15:00,2026-08-13 00:15:00,93.393,93.406,93.38,93.404,385.0
2026-08-12 19:20:00,2026-08-12 16:20:00,2026-08-13 00:20:00,93.405,93.421,93.401,93.411,433.0
2026-08-12 19:25:00,2026-08-12 16:25:00,2026-08-13 00:25:00,93.41,93.43,93.4,93.421,550.0
2026-08-12 19:30:00,2026-08-12 16:30:00,2026-08-13 00:30:00,93.417,93.417,93.389,93.392,445.0
2026-08-12 19:35:00,2026-08-12 16:35:00,2026-08-13 00:35:00,93.393,93.398,93.37,93.385,384.0
2026-08-12 19:40:00,2026-08-12 16:40:00,2026-08-13 00:40:00,93.384,93.407,93.384,93.397,483.0
2026-08-12 19:45:00,2026-08-12 16:45:00,2026-08-13 00:45:00,93.395,93.408,93.385,93.4,500.0
2026-08-12 19:50:00,2026-08-12 16:50:00,2026-08-13 00:50:00,93.401,93.401,93.384,93.386,385.0
2026-08-12 19:55:00,2026-08-12 16:55:00,2026-08-13 00:55:00,93.386,93.399,93.363,93.373,438.0
2026-08-12 20:00:00,2026-08-12 17:00:00,2026-08-13 01:00:00,93.375,93.41,93.374,93.407,597.0
2026-08-12 20:05:00,2026-08-12 17:05:00,2026-08-13 01:05:00,93.409,93.409,93.381,93.384,529.0
2026-08-12 20:10:00,2026-08-12 17:10:00,2026-08-13 01:10:00,93.384,93.396,93.373,93.391,576.0
2026-08-12 20:15:00,2026-08-12 17:15:00,2026-08-13 01:15:00,93.395,93.399,93.377,93.389,647.0
2026-08-12 20:20:00,2026-08-12 17:20:00,2026-08-13 01:20:00,93.39,93.397,93.134,93.283,1256.0
2026-08-12 20:25:00,2026-08-12 17:25:00,2026-08-13 01:25:00,93.281,93.326,93.277,93.303,1296.0
2026-08-12 20:30:00,2026-08-12 17:30:00,2026-08-13 01:30:00,93.299,93.321,93.284,93.31,987.0
2026-08-12 20:35:00,2026-08-12 17:35:00,2026-08-13 01:35:00,93.31,93.333,93.279,93.28,887.0
2026-08-12 20:40:00,2026-08-12 17:40:00,2026-08-13 01:40:00,93.283,93.287,93.241,93.241,779.0
2026-08-12 20:45:00,2026-08-12 17:45:00,2026-08-13 01:45:00,93.24,93.26,93.238,93.253,708.0
2026-08-12 20:50:00,2026-08-12 17:50:00,2026-08-13 01:50:00,93.254,93.269,93.191,93.206,1133.0
2026-08-12 20:55:00,2026-08-12 17:55:00,2026-08-13 01:55:00,93.21,93.222,93.189,93.206,892.0
2026-08-12 21:00:00,2026-08-12 18:00:00,2026-08-13 02:00:00,93.206,93.274,93.196,93.27,812.0
2026-08-12 21:05:00,2026-08-12 18:05:00,2026-08-13 02:05:00,93.27,93.278,93.234,93.239,610.0
2026-08-12 21:10:00,2026-08-12 18:10:00,2026-08-13 02:10:00,93.241,93.26,93.234,93.25,559.0
2026-08-12 21:15:00,2026-08-12 18:15:00,2026-08-13 02:15:00,93.251,93.268,93.239,93.267,573.0
2026-08-12 21:20:00,2026-08-12 18:20:00,2026-08-13 02:20:00,93.267,93.303,93.267,93.296,612.0
2026-08-12 21:25:00,2026-08-12 18:25:00,2026-08-13 02:25:00,93.299,93.304,93.285,93.289,549.0
2026-08-12 21:30:00,2026-08-12 18:30:00,2026-08-13 02:30:00,93.287,93.298,93.269,93.296,535.0
2026-08-12 21:35:00,2026-08-12 18:35:00,2026-08-13 02:35:00,93.292,93.301,93.273,93.294,442.0
2026-08-12 21:40:00,2026-08-12 18:40:00,2026-08-13 02:40:00,93.294,93.301,93.257,93.263,503.0
2026-08-12 21:45:00,2026-08-12 18:45:00,2026-08-13 02:45:00,93.263,93.294,93.262,93.282,777.0
2026-08-12 21:50:00,2026-08-12 18:50:00,2026-08-13 02:50:00,93.281,93.286,93.25,93.269,792.0
2026-08-12 21:55:00,2026-08-12 18:55:00,2026-08-13 02:55:00,93.27,93.286,93.256,93.275,414.0
2026-08-12 22:00:00,2026-08-12 19:00:00,2026-08-13 03:00:00,93.274,93.292,93.269,93.27,432.0
2026-08-12 22:05:00,2026-08-12 19:05:00,2026-08-13 03:05:00,93.271,93.286,93.262,93.272,437.0
2026-08-12 22:10:00,2026-08-12 19:10:00,2026-08-13 03:10:00,93.272,93.288,93.256,93.257,523.0
2026-08-12 22:15:00,2026-08-12 19:15:00,2026-08-13 03:15:00,93.257,93.281,93.256,93.26,478.0
2026-08-12 22:20:00,2026-08-12 19:20:00,2026-08-13 03:20:00,93.261,93.286,93.26,93.284,422.0
2026-08-12 22:25:00,2026-08-12 19:25:00,2026-08-13 03:25:00,93.285,93.305,93.282,93.296,563.0
2026-08-12 22:30:00,2026-08-12 19:30:00,2026-08-13 03:30:00,93.297,93.307,93.291,93.302,534.0
2026-08-12 22:35:00,2026-08-12 19:35:00,2026-08-13 03:35:00,93.302,93.312,93.297,93.31,539.0
2026-08-12 22:40:00,2026-08-12 19:40:00,2026-08-13 03:40:00,93.308,93.318,93.294,93.312,538.0
2026-08-12 22:45:00,2026-08-12 19:45:00,2026-08-13 03:45:00,93.313,93.32,93.293,93.306,399.0
2026-08-12 22:50:00,2026-08-12 19:50:00,2026-08-13 03:50:00,93.309,93.337,93.303,93.333,472.0
2026-08-12 22:55:00,2026-08-12 19:55:00,2026-08-13 03:55:00,93.334,93.345,93.325,93.344,498.0
2026-08-12 23:00:00,2026-08-12 20:00:00,2026-08-13 04:00:00,93.344,93.349,93.321,93.341,596.0
2026-08-12 23:05:00,2026-08-12 20:05:00,2026-08-13 04:05:00,93.34,93.352,93.331,93.345,531.0
2026-08-12 23:10:00,2026-08-12 20:10:00,2026-08-13 04:10:00,93.343,93.347,93.294,93.316,851.0
2026-08-12 23:15:00,2026-08-12 20:15:00,2026-08-13 04:15:00,93.315,93.336,93.305,93.323,734.0
2026-08-12 23:20:00,2026-08-12 20:20:00,2026-08-13 04:20:00,93.323,93.328,93.306,93.316,776.0
2026-08-12 23:25:00,2026-08-12 20:25:00,2026-08-13 04:25:00,93.317,93.381,93.313,93.344,852.0
2026-08-12 23:30:00,2026-08-12 20:30:00,2026-08-13 04:30:00,93.343,93.432,93.148,93.41,2032.0
2026-08-12 23:35:00,2026-08-12 20:35:00,2026-08-13 04:35:00,93.407,93.419,93.379,93.385,1691.0
2026-08-12 23:40:00,2026-08-12 20:40:00,2026-08-13 04:40:00,93.386,93.413,93.334,93.396,1510.0
2026-08-12 23:45:00,2026-08-12 20:45:00,2026-08-13 04:45:00,93.397,93.422,93.382,93.39,1431.0
2026-08-12 23:50:00,2026-08-12 20:50:00,2026-08-13 04:50:00,93.39,93.424,93.377,93.414,1290.0
2026-08-12 23:55:00,2026-08-12 20:55:00,2026-08-13 04:55:00,93.413,93.427,93.385,93.408,1219.0
2026-08-13 00:00:00,2026-08-12 21:00:00,2026-08-13 05:00:00,93.406,93.462,93.403,93.434,1370.0
2026-08-13 00:05:00,2026-08-12 21:05:00,2026-08-13 05:05:00,93.435,93.439,93.387,93.41,1325.0
2026-08-13 00:10:00,2026-08-12 21:10:00,2026-08-13 05:10:00,93.409,93.419,93.383,93.394,1231.0
2026-08-13 00:15:00,2026-08-12 21:15:00,2026-08-13 05:15:00,93.396,93.421,93.378,93.383,1091.0
2026-08-13 00:20:00,2026-08-12 21:20:00,2026-08-13 05:20:00,93.383,93.391,93.366,93.382,1089.0
2026-08-13 00:25:00,2026-08-12 21:25:00,2026-08-13 05:25:00,93.383,93.413,93.383,93.406,1008.0
2026-08-13 00:30:00,2026-08-12 21:30:00,2026-08-13 05:30:00,93.406,93.463,93.401,93.446,1266.0
2026-08-13 00:35:00,2026-08-12 21:35:00,2026-08-13 05:35:00,93.445,93.458,93.43,93.438,1091.0
2026-08-13 00:40:00,2026-08-12 21:40:00,2026-08-13 05:40:00,93.438,93.456,93.424,93.444,1124.0
2026-08-13 00:45:00,2026-08-12 21:45:00,2026-08-13 05:45:00,93.447,93.469,93.428,93.455,1118.0
2026-08-13 00:50:00,2026-08-12 21:50:00,2026-08-13 05:50:00,93.456,93.461,93.425,93.435,1046.0
2026-08-13 00:55:00,2026-08-12 21:55:00,2026-08-13 05:55:00,93.434,93.452,93.422,93.451,1161.0
2026-08-13 01:00:00,2026-08-12 22:00:00,2026-08-13 06:00:00,93.451,93.506,93.448,93.482,1153.0
2026-08-13 01:05:00,2026-08-12 22:05:00,2026-08-13 06:05:00,93.481,93.499,93.475,93.488,1030.0
2026-08-13 01:10:00,2026-08-12 22:10:00,2026-08-13 06:10:00,93.49,93.492,93.466,93.48,927.0
2026-08-13 01:15:00,2026-08-12 22:15:00,2026-08-13 06:15:00,93.479,93.518,93.474,93.505,926.0
2026-08-13 01:20:00,2026-08-12 22:20:00,2026-08-13 06:20:00,93.505,93.521,93.492,93.509,887.0
2026-08-13 01:25:00,2026-08-12 22:25:00,2026-08-13 06:25:00,93.511,93.511,93.471,93.479,790.0
2026-08-13 01:30:00,2026-08-12 22:30:00,2026-08-13 06:30:00,93.48,93.48,93.443,93.451,1050.0
2026-08-13 01:35:00,2026-08-12 22:35:00,2026-08-13 06:35:00,93.451,93.461,93.434,93.447,796.0
2026-08-13 01:40:00,2026-08-12 22:40:00,2026-08-13 06:40:00,93.447,93.447,93.421,93.431,823.0
2026-08-13 01:45:00,2026-08-12 22:45:00,2026-08-13 06:45:00,93.43,93.442,93.402,93.435,951.0
2026-08-13 01:50:00,2026-08-12 22:50:00,2026-08-13 06:50:00,93.434,93.441,93.37,93.395,975.0
2026-08-13 01:55:00,2026-08-12 22:55:00,2026-08-13 06:55:00,93.398,93.422,93.383,93.405,1052.0
2026-08-13 02:00:00,2026-08-12 23:00:00,2026-08-13 07:00:00,93.403,93.404,93.362,93.379,1026.0
2026-08-13 02:05:00,2026-08-12 23:05:00,2026-08-13 07:05:00,93.38,93.417,93.373,93.413,865.0
2026-08-13 02:10:00,2026-08-12 23:10:00,2026-08-13 07:10:00,93.413,93.454,93.412,93.442,808.0
2026-08-13 02:15:00,2026-08-12 23:15:00,2026-08-13 07:15:00,93.44,93.452,93.42,93.436,776.0
2026-08-13 02:20:00,2026-08-12 23:20:00,2026-08-13 07:20:00,93.437,93.451,93.428,93.441,755.0
2026-08-13 02:25:00,2026-08-12 23:25:00,2026-08-13 07:25:00,93.442,93.454,93.414,93.418,642.0
2026-08-13 02:30:00,2026-08-12 23:30:00,2026-08-13 07:30:00,93.419,93.425,93.388,93.408,612.0
2026-08-13 02:35:00,2026-08-12 23:35:00,2026-08-13 07:35:00,93.407,93.417,93.388,93.409,578.0
2026-08-13 02:40:00,2026-08-12 23:40:00,2026-08-13 07:40:00,93.407,93.412,93.385,93.391,691.0
2026-08-13 02:45:00,2026-08-12 23:45:00,2026-08-13 07:45:00,93.392,93.396,93.361,93.388,585.0
2026-08-13 02:50:00,2026-08-12 23:50:00,2026-08-13 07:50:00,93.386,93.389,93.372,93.374,594.0
2026-08-13 02:55:00,2026-08-12 23:55:00,2026-08-13 07:55:00,93.374,93.391,93.371,93.389,608.0
2026-08-13 03:00:00,2026-08-13 00:00:00,2026-08-13 08:00:00,93.39,93.396,93.358,93.368,553.0
2026-08-13 03:05:00,2026-08-13 00:05:00,2026-08-13 08:05:00,93.366,93.374,93.358,93.361,637.0
2026-08-13 03:10:00,2026-08-13 00:10:00,2026-08-13 08:10:00,93.362,93.375,93.359,93.364,612.0
2026-08-13 03:15:00,2026-08-13 00:15:00,2026-08-13 08:15:00,93.363,93.368,93.353,93.363,553.0
2026-08-13 03:20:00,2026-08-13 00:20:00,2026-08-13 08:20:00,93.363,93.38,93.353,93.378,550.0
2026-08-13 03:25:00,2026-08-13 00:25:00,2026-08-13 08:25:00,93.377,93.387,93.362,93.365,597.0
2026-08-13 03:30:00,2026-08-13 00:30:00,2026-08-13 08:30:00,93.364,93.367,93.343,93.351,542.0
2026-08-13 03:35:00,2026-08-13 00:35:00,2026-08-13 08:35:00,93.352,93.363,93.348,93.353,494.0
2026-08-13 03:40:00,2026-08-13 00:40:00,2026-08-13 08:40:00,93.352,93.371,93.352,93.365,540.0
2026-08-13 03:45:00,2026-08-13 00:45:00,2026-08-13 08:45:00,93.366,93.368,93.329,93.334,632.0
2026-08-13 03:50:00,2026-08-13 00:50:00,2026-08-13 08:50:00,93.335,93.351,93.327,93.351,560.0
2026-08-13 03:55:00,2026-08-13 00:55:00,2026-08-13 08:55:00,93.351,93.36,93.339,93.351,576.0
2026-08-13 04:00:00,2026-08-13 01:00:00,2026-08-13 09:00:00,93.352,93.37,93.348,93.358,750.0
2026-08-13 04:05:00,2026-08-13 01:05:00,2026-08-13 09:05:00,93.358,93.381,93.353,93.374,493.0
2026-08-13 04:10:00,2026-08-13 01:10:00,2026-08-13 09:10:00,93.372,93.381,93.366,93.373,587.0
2026-08-13 04:15:00,2026-08-13 01:15:00,2026-08-13 09:15:00,93.374,93.39,93.368,93.375,492.0
2026-08-13 04:20:00,2026-08-13 01:20:00,2026-08-13 09:20:00,93.375,93.381,93.37,93.375,469.0
2026-08-13 04:25:00,2026-08-13 01:25:00,2026-08-13 09:25:00,93.376,93.386,93.369,93.379,435.0
2026-08-13 04:30:00,2026-08-13 01:30:00,2026-08-13 09:30:00,93.38,93.404,93.375,93.391,520.0
2026-08-13 04:35:00,2026-08-13 01:35:00,2026-08-13 09:35:00,93.39,93.4,93.384,93.398,407.0
2026-08-13 04:40:00,2026-08-13 01:40:00,2026-08-13 09:40:00,93.398,93.408,93.389,93.396,468.0
2026-08-13 04:45:00,2026-08-13 01:45:00,2026-08-13 09:45:00,93.397,93.419,93.385,93.397,487.0
2026-08-13 04:50:00,2026-08-13 01:50:00,2026-08-13 09:50:00,93.396,93.399,93.386,93.388,455.0
2026-08-13 04:55:00,2026-08-13 01:55:00,2026-08-13 09:55:00,93.389,93.394,93.381,93.387,465.0
2026-08-13 05:00:00,2026-08-13 02:00:00,2026-08-13 10:00:00,93.385,93.413,93.385,93.401,484.0
2026-08-13 05:05:00,2026-08-13 02:05:00,2026-08-13 10:05:00,93.402,93.421,93.394,93.42,529.0
2026-08-13 05:10:00,2026-08-13 02:10:00,2026-08-13 10:10:00,93.42,93.427,93.408,93.421,502.0
2026-08-13 05:15:00,2026-08-13 02:15:00,2026-08-13 10:15:00,93.421,93.427,93.411,93.42,370.0
2026-08-13 05:20:00,2026-08-13 02:20:00,2026-08-13 10:20:00,93.419,93.435,93.415,93.43,329.0
2026-08-13 05:25:00,2026-08-13 02:25:00,2026-08-13 10:25:00,93.43,93.432,93.407,93.41,421.0
2026-08-13 05:30:00,2026-08-13 02:30:00,2026-08-13 10:30:00,93.41,93.413,93.402,93.406,312.0
2026-08-13 05:35:00,2026-08-13 02:35:00,2026-08-13 10:35:00,93.406,93.408,93.395,93.398,344.0
2026-08-13 05:40:00,2026-08-13 02:40:00,2026-08-13 10:40:00,93.398,93.406,93.396,93.404,231.0
2026-08-13 05:45:00,2026-08-13 02:45:00,2026-08-13 10:45:00,93.404,93.416,93.399,93.41,308.0
2026-08-13 05:50:00,2026-08-13 02:50:00,2026-08-13 10:50:00,93.411,93.416,93.407,93.415,249.0
2026-08-13 05:55:00,2026-08-13 02:55:00,2026-08-13 10:55:00,93.415,93.417,93.395,93.404,302.0
2026-08-13 06:00:00,2026-08-13 03:00:00,2026-08-13 11:00:00,93.385,93.409,93.374,93.4,383.0
2026-08-13 06:05:00,2026-08-13 03:05:00,2026-08-13 11:05:00,93.401,93.403,93.387,93.397,387.0
2026-08-13 06:10:00,2026-08-13 03:10:00,2026-08-13 11:10:00,93.399,93.404,93.391,93.404,342.0
2026-08-13 06:15:00,2026-08-13 03:15:00,2026-08-13 11:15:00,93.404,93.404,93.392,93.392,294.0
2026-08-13 06:20:00,2026-08-13 03:20:00,2026-08-13 11:20:00,93.392,93.404,93.391,93.403,358.0
2026-08-13 06:25:00,2026-08-13 03:25:00,2026-08-13 11:25:00,93.402,93.408,93.399,93.408,255.0
2026-08-13 06:30:00,2026-08-13 03:30:00,2026-08-13 11:30:00,93.407,93.409,93.385,93.39,329.0
2026-08-13 06:35:00,2026-08-13 03:35:00,2026-08-13 11:35:00,93.39,93.392,93.374,93.384,391.0
2026-08-13 06:40:00,2026-08-13 03:40:00,2026-08-13 11:40:00,93.386,93.392,93.381,93.385,404.0
2026-08-13 06:45:00,2026-08-13 03:45:00,2026-08-13 11:45:00,93.386,93.393,93.382,93.388,345.0
2026-08-13 06:50:00,2026-08-13 03:50:00,2026-08-13 11:50:00,93.387,93.389,93.376,93.38,309.0
2026-08-13 06:55:00,2026-08-13 03:55:00,2026-08-13 11:55:00,93.378,93.405,93.356,93.4,626.0
2026-08-13 07:00:00,2026-08-13 04:00:00,2026-08-13 12:00:00,93.399,93.408,93.397,93.402,362.0
2026-08-13 07:05:00,2026-08-13 04:05:00,2026-08-13 12:05:00,93.401,93.409,93.396,93.398,288.0
2026-08-13 07:10:00,2026-08-13 04:10:00,2026-08-13 12:10:00,93.399,93.4,93.381,93.391,246.0
2026-08-13 07:15:00,2026-08-13 04:15:00,2026-08-13 12:15:00,93.39,93.403,93.386,93.399,286.0
2026-08-13 07:20:00,2026-08-13 04:20:00,2026-08-13 12:20:00,93.398,93.403,93.392,93.402,229.0
2026-08-13 07:25:00,2026-08-13 04:25:00,2026-08-13 12:25:00,93.401,93.402,93.393,93.397,223.0
2026-08-13 07:30:00,2026-08-13 04:30:00,2026-08-13 12:30:00,93.396,93.403,93.394,93.394,226.0
2026-08-13 07:35:00,2026-08-13 04:35:00,2026-08-13 12:35:00,93.394,93.398,93.378,93.392,202.0
2026-08-13 07:40:00,2026-08-13 04:40:00,2026-08-13 12:40:00,93.39,93.39,93.375,93.378,155.0
2026-08-13 07:45:00,2026-08-13 04:45:00,2026-08-13 12:45:00,93.378,93.386,93.376,93.383,143.0
2026-08-13 07:50:00,2026-08-13 04:50:00,2026-08-13 12:50:00,93.383,93.383,93.362,93.363,735.0
2026-08-13 07:55:00,2026-08-13 04:55:00,2026-08-13 12:55:00,93.363,93.377,93.36,93.372,328.0
2026-08-13 08:05:00,2026-08-13 05:05:00,2026-08-13 13:05:00,93.352,93.358,93.334,93.354,123.0
2026-08-13 08:10:00,2026-08-13 05:10:00,2026-08-13 13:10:00,93.354,93.414,93.322,93.331,194.0
2026-08-13 08:15:00,2026-08-13 05:15:00,2026-08-13 13:15:00,93.331,93.392,93.331,93.38,235.0
2026-08-13 08:20:00,2026-08-13 05:20:00,2026-08-13 13:20:00,93.384,93.403,93.362,93.362,110.0
2026-08-13 08:25:00,2026-08-13 05:25:00,2026-08-13 13:25:00,93.363,93.392,93.341,93.364,104.0
2026-08-13 08:30:00,2026-08-13 05:30:00,2026-08-13 13:30:00,93.363,93.396,93.356,93.39,338.0
2026-08-13 08:35:00,2026-08-13 05:35:00,2026-08-13 13:35:00,93.39,93.391,93.382,93.386,76.0
2026-08-13 08:40:00,2026-08-13 05:40:00,2026-08-13 13:40:00,93.382,93.382,93.375,93.376,115.0
2026-08-13 08:45:00,2026-08-13 05:45:00,2026-08-13 13:45:00,93.376,93.381,93.369,93.369,123.0
2026-08-13 08:50:00,2026-08-13 05:50:00,2026-08-13 13:50:00,93.37,93.37,93.336,93.358,186.0
2026-08-13 08:55:00,2026-08-13 05:55:00,2026-08-13 13:55:00,93.358,93.366,93.303,93.314,431.0
2026-08-13 09:00:00,2026-08-13 06:00:00,2026-08-13 14:00:00,93.339,93.405,93.327,93.388,224.0
2026-08-13 09:05:00,2026-08-13 06:05:00,2026-08-13 14:05:00,93.388,93.388,93.375,93.379,169.0
2026-08-13 09:10:00,2026-08-13 06:10:00,2026-08-13 14:10:00,93.379,93.386,93.364,93.372,171.0
2026-08-13 09:15:00,2026-08-13 06:15:00,2026-08-13 14:15:00,93.373,93.377,93.359,93.362,129.0
2026-08-13 09:20:00,2026-08-13 06:20:00,2026-08-13 14:20:00,93.364,93.37,93.363,93.366,126.0
2026-08-13 09:25:00,2026-08-13 06:25:00,2026-08-13 14:25:00,93.366,93.378,93.364,93.373,167.0
2026-08-13 09:30:00,2026-08-13 06:30:00,2026-08-13 14:30:00,93.375,93.381,93.365,93.377,190.0
2026-08-13 09:35:00,2026-08-13 06:35:00,2026-08-13 14:35:00,93.375,93.38,93.371,93.377,232.0
2026-08-13 09:40:00,2026-08-13 06:40:00,2026-08-13 14:40:00,93.378,93.382,93.37,93.376,202.0
2026-08-13 09:45:00,2026-08-13 06:45:00,2026-08-13 14:45:00,93.376,93.385,93.368,93.381,166.0
2026-08-13 09:50:00,2026-08-13 06:50:00,2026-08-13 14:50:00,93.379,93.39,93.376,93.389,110.0
2026-08-13 09:55:00,2026-08-13 06:55:00,2026-08-13 14:55:00,93.39,93.404,93.388,93.396,175.0
2026-08-13 10:00:00,2026-08-13 07:00:00,2026-08-13 15:00:00,93.396,93.396,93.379,93.389,177.0
2026-08-13 10:05:00,2026-08-13 07:05:00,2026-08-13 15:05:00,93.39,93.395,93.383,93.387,140.0
2026-08-13 10:10:00,2026-08-13 07:10:00,2026-08-13 15:10:00,93.388,93.393,93.381,93.385,115.0
2026-08-13 10:15:00,2026-08-13 07:15:00,2026-08-13 15:15:00,93.386,93.387,93.369,93.373,166.0
2026-08-13 10:20:00,2026-08-13 07:20:00,2026-08-13 15:20:00,93.374,93.375,93.356,93.368,242.0
2026-08-13 10:25:00,2026-08-13 07:25:00,2026-08-13 15:25:00,93.367,93.375,93.366,93.369,168.0
2026-08-13 10:30:00,2026-08-13 07:30:00,2026-08-13 15:30:00,93.368,93.377,93.364,93.376,176.0
2026-08-13 10:35:00,2026-08-13 07:35:00,2026-08-13 15:35:00,93.376,93.376,93.356,93.368,129.0
2026-08-13 10:40:00,2026-08-13 07:40:00,2026-08-13 15:40:00,93.369,93.372,93.36,93.36,162.0
2026-08-13 10:45:00,2026-08-13 07:45:00,2026-08-13 15:45:00,93.362,93.367,93.343,93.347,186.0
2026-08-13 10:50:00,2026-08-13 07:50:00,2026-08-13 15:50:00,93.346,93.374,93.344,93.369,258.0
2026-08-13 10:55:00,2026-08-13 07:55:00,2026-08-13 15:55:00,93.368,93.37,93.349,93.37,314.0
2026-08-13 11:00:00,2026-08-13 08:00:00,2026-08-13 16:00:00,93.37,93.373,93.337,93.355,733.0
2026-08-13 11:05:00,2026-08-13 08:05:00,2026-08-13 16:05:00,93.353,93.366,93.337,93.347,469.0
2026-08-13 11:10:00,2026-08-13 08:10:00,2026-08-13 16:10:00,93.348,93.382,93.348,93.38,516.0
2026-08-13 11:15:00,2026-08-13 08:15:00,2026-08-13 16:15:00,93.381,93.401,93.381,93.4,528.0
2026-08-13 11:20:00,2026-08-13 08:20:00,2026-08-13 16:20:00,93.398,93.403,93.38,93.386,497.0
2026-08-13 11:25:00,2026-08-13 08:25:00,2026-08-13 16:25:00,93.386,93.389,93.364,93.377,522.0
2026-08-13 11:30:00,2026-08-13 08:30:00,2026-08-13 16:30:00,93.376,93.409,93.369,93.402,579.0
2026-08-13 11:35:00,2026-08-13 08:35:00,2026-08-13 16:35:00,93.401,93.403,93.371,93.372,538.0
2026-08-13 11:40:00,2026-08-13 08:40:00,2026-08-13 16:40:00,93.373,93.374,93.355,93.364,520.0
2026-08-13 11:45:00,2026-08-13 08:45:00,2026-08-13 16:45:00,93.363,93.363,93.321,93.34,554.0
2026-08-13 11:50:00,2026-08-13 08:50:00,2026-08-13 16:50:00,93.339,93.359,93.333,93.352,660.0
2026-08-13 11:55:00,2026-08-13 08:55:00,2026-08-13 16:55:00,93.352,93.363,93.337,93.358,648.0
2026-08-13 12:00:00,2026-08-13 09:00:00,2026-08-13 17:00:00,93.358,93.367,93.338,93.347,726.0
2026-08-13 12:05:00,2026-08-13 09:05:00,2026-08-13 17:05:00,93.347,93.35,93.331,93.347,596.0
2026-08-13 12:10:00,2026-08-13 09:10:00,2026-08-13 17:10:00,93.348,93.364,93.326,93.328,553.0
2026-08-13 12:15:00,2026-08-13 09:15:00,2026-08-13 17:15:00,93.328,93.337,93.304,93.313,530.0
2026-08-13 12:20:00,2026-08-13 09:20:00,2026-08-13 17:20:00,93.312,93.331,93.312,93.327,490.0
2026-08-13 12:25:00,2026-08-13 09:25:00,2026-08-13 17:25:00,93.326,93.347,93.313,93.334,466.0
2026-08-13 12:30:00,2026-08-13 09:30:00,2026-08-13 17:30:00,93.33,93.355,93.33,93.347,638.0
2026-08-13 12:35:00,2026-08-13 09:35:00,2026-08-13 17:35:00,93.348,93.354,93.316,93.32,532.0
2026-08-13 12:40:00,2026-08-13 09:40:00,2026-08-13 17:40:00,93.319,93.321,93.298,93.309,526.0
2026-08-13 12:45:00,2026-08-13 09:45:00,2026-08-13 17:45:00,93.31,93.313,93.282,93.296,606.0
2026-08-13 12:50:00,2026-08-13 09:50:00,2026-08-13 17:50:00,93.293,93.296,93.268,93.292,594.0
2026-08-13 12:55:00,2026-08-13 09:55:00,2026-08-13 17:55:00,93.296,93.316,93.289,93.3,496.0
2026-08-13 13:00:00,2026-08-13 10:00:00,2026-08-13 18:00:00,93.302,93.314,93.291,93.306,403.0
2026-08-13 13:05:00,2026-08-13 10:05:00,2026-08-13 18:05:00,93.306,93.323,93.301,93.302,514.0
2026-08-13 13:10:00,2026-08-13 10:10:00,2026-08-13 18:10:00,93.303,93.305,93.273,93.275,394.0
2026-08-13 13:15:00,2026-08-13 10:15:00,2026-08-13 18:15:00,93.274,93.313,93.274,93.3,447.0
2026-08-13 13:20:00,2026-08-13 10:20:00,2026-08-13 18:20:00,93.3,93.303,93.282,93.284,430.0
2026-08-13 13:25:00,2026-08-13 10:25:00,2026-08-13 18:25:00,93.284,93.301,93.281,93.299,431.0
2026-08-13 13:30:00,2026-08-13 10:30:00,2026-08-13 18:30:00,93.3,93.306,93.253,93.259,550.0
2026-08-13 13:35:00,2026-08-13 10:35:00,2026-08-13 18:35:00,93.259,93.265,93.249,93.261,530.0
2026-08-13 13:40:00,2026-08-13 10:40:00,2026-08-13 18:40:00,93.262,93.268,93.25,93.252,439.0
2026-08-13 13:45:00,2026-08-13 10:45:00,2026-08-13 18:45:00,93.25,93.268,93.238,93.267,371.0
2026-08-13 13:50:00,2026-08-13 10:50:00,2026-08-13 18:50:00,93.266,93.266,93.24,93.24,384.0
2026-08-13 13:55:00,2026-08-13 10:55:00,2026-08-13 18:55:00,93.24,93.246,93.227,93.227,351.0
2026-08-13 14:00:00,2026-08-13 11:00:00,2026-08-13 19:00:00,93.228,93.243,93.138,93.162,599.0
2026-08-13 14:05:00,2026-08-13 11:05:00,2026-08-13 19:05:00,93.163,93.171,93.043,93.076,756.0
2026-08-13 14:10:00,2026-08-13 11:10:00,2026-08-13 19:10:00,93.076,93.079,93.01,93.035,652.0
2026-08-13 14:15:00,2026-08-13 11:15:00,2026-08-13 19:15:00,93.034,93.05,92.993,93.003,663.0
2026-08-13 14:20:00,2026-08-13 11:20:00,2026-08-13 19:20:00,93.004,93.044,92.988,93.029,497.0
2026-08-13 14:25:00,2026-08-13 11:25:00,2026-08-13 19:25:00,93.03,93.04,93.015,93.032,454.0
2026-08-13 14:30:00,2026-08-13 11:30:00,2026-08-13 19:30:00,93.032,93.049,93.011,93.017,406.0
2026-08-13 14:35:00,2026-08-13 11:35:00,2026-08-13 19:35:00,93.017,93.024,93.0,93.01,388.0
2026-08-13 14:40:00,2026-08-13 11:40:00,2026-08-13 19:40:00,93.009,93.015,92.98,92.987,377.0
2026-08-13 14:45:00,2026-08-13 11:45:00,2026-08-13 19:45:00,92.987,93.019,92.966,93.003,360.0
2026-08-13 14:50:00,2026-08-13 11:50:00,2026-08-13 19:50:00,93.01,93.017,92.987,92.99,329.0
2026-08-13 14:55:00,2026-08-13 11:55:00,2026-08-13 19:55:00,92.988,92.992,92.967,92.972,359.0
2026-08-13 15:00:00,2026-08-13 12:00:00,2026-08-13 20:00:00,92.968,92.984,92.962,92.975,437.0
2026-08-13 15:05:00,2026-08-13 12:05:00,2026-08-13 20:05:00,92.976,92.998,92.973,92.989,303.0
2026-08-13 15:10:00,2026-08-13 12:10:00,2026-08-13 20:10:00,92.991,92.991,92.962,92.974,336.0
2026-08-13 15:15:00,2026-08-13 12:15:00,2026-08-13 20:15:00,92.974,92.979,92.931,92.932,342.0
2026-08-13 15:20:00,2026-08-13 12:20:00,2026-08-13 20:20:00,92.932,92.948,92.915,92.948,363.0
2026-08-13 15:25:00,2026-08-13 12:25:00,2026-08-13 20:25:00,92.949,92.974,92.932,92.932,350.0
2026-08-13 15:30:00,2026-08-13 12:30:00,2026-08-13 20:30:00,92.932,92.932,92.897,92.924,268.0
2026-08-13 15:35:00,2026-08-13 12:35:00,2026-08-13 20:35:00,92.926,92.952,92.923,92.942,323.0
2026-08-13 15:40:00,2026-08-13 12:40:00,2026-08-13 20:40:00,92.941,92.949,92.927,92.929,317.0
2026-08-13 15:45:00,2026-08-13 12:45:00,2026-08-13 20:45:00,92.929,92.93,92.812,92.889,1036.0
2026-08-13 15:50:00,2026-08-13 12:50:00,2026-08-13 20:50:00,92.89,92.897,92.861,92.889,610.0
2026-08-13 15:55:00,2026-08-13 12:55:00,2026-08-13 20:55:00,92.89,92.895,92.824,92.864,859.0
2026-08-13 16:00:00,2026-08-13 13:00:00,2026-08-13 21:00:00,92.862,92.894,92.862,92.891,906.0
2026-08-13 16:05:00,2026-08-13 13:05:00,2026-08-13 21:05:00,92.886,92.923,92.886,92.922,568.0
2026-08-13 16:10:00,2026-08-13 13:10:00,2026-08-13 21:10:00,92.921,92.938,92.915,92.934,477.0
2026-08-13 16:15:00,2026-08-13 13:15:00,2026-08-13 21:15:00,92.934,92.938,92.895,92.911,611.0
2026-08-13 16:20:00,2026-08-13 13:20:00,2026-08-13 21:20:00,92.912,92.945,92.907,92.938,580.0
2026-08-13 16:25:00,2026-08-13 13:25:00,2026-08-13 21:25:00,92.938,92.958,92.936,92.956,497.0
2026-08-13 16:30:00,2026-08-13 13:30:00,2026-08-13 21:30:00,92.954,92.966,92.933,92.953,679.0
2026-08-13 16:35:00,2026-08-13 13:35:00,2026-08-13 21:35:00,92.954,92.956,92.942,92.953,541.0
2026-08-13 16:40:00,2026-08-13 13:40:00,2026-08-13 21:40:00,92.952,92.954,92.912,92.912,367.0
2026-08-13 16:45:00,2026-08-13 13:45:00,2026-08-13 21:45:00,92.913,92.916,92.88,92.897,372.0
2026-08-13 16:50:00,2026-08-13 13:50:00,2026-08-13 21:50:00,92.899,92.928,92.892,92.915,358.0
2026-08-13 16:55:00,2026-08-13 13:55:00,2026-08-13 21:55:00,92.914,92.914,92.864,92.905,498.0
2026-08-13 17:00:00,2026-08-13 14:00:00,2026-08-13 22:00:00,92.905,92.969,92.898,92.935,670.0
2026-08-13 17:05:00,2026-08-13 14:05:00,2026-08-13 22:05:00,92.935,92.953,92.922,92.927,626.0
2026-08-13 17:10:00,2026-08-13 14:10:00,2026-08-13 22:10:00,92.927,92.929,92.9,92.913,551.0
2026-08-13 17:15:00,2026-08-13 14:15:00,2026-08-13 22:15:00,92.914,92.92,92.895,92.912,698.0
2026-08-13 17:20:00,2026-08-13 14:20:00,2026-08-13 22:20:00,92.911,92.924,92.903,92.91,567.0
2026-08-13 17:25:00,2026-08-13 14:25:00,2026-08-13 22:25:00,92.913,92.921,92.885,92.888,637.0
2026-08-13 17:30:00,2026-08-13 14:30:00,2026-08-13 22:30:00,92.889,92.89,92.825,92.829,738.0
2026-08-13 17:35:00,2026-08-13 14:35:00,2026-08-13 22:35:00,92.829,92.882,92.81,92.874,685.0
2026-08-13 17:40:00,2026-08-13 14:40:00,2026-08-13 22:40:00,92.874,92.917,92.864,92.909,612.0
2026-08-13 17:45:00,2026-08-13 14:45:00,2026-08-13 22:45:00,92.908,92.918,92.901,92.912,585.0
2026-08-13 17:50:00,2026-08-13 14:50:00,2026-08-13 22:50:00,92.912,92.932,92.91,92.921,519.0
2026-08-13 17:55:00,2026-08-13 14:55:00,2026-08-13 22:55:00,92.92,92.938,92.912,92.934,614.0
2026-08-13 18:00:00,2026-08-13 15:00:00,2026-08-13 23:00:00,92.934,92.959,92.932,92.937,658.0
2026-08-13 18:05:00,2026-08-13 15:05:00,2026-08-13 23:05:00,92.936,92.94,92.92,92.928,501.0
2026-08-13 18:10:00,2026-08-13 15:10:00,2026-08-13 23:10:00,92.929,92.944,92.924,92.943,519.0
2026-08-13 18:15:00,2026-08-13 15:15:00,2026-08-13 23:15:00,92.942,92.951,92.93,92.935,434.0
2026-08-13 18:20:00,2026-08-13 15:20:00,2026-08-13 23:20:00,92.935,92.942,92.915,92.924,475.0
2026-08-13 18:25:00,2026-08-13 15:25:00,2026-08-13 23:25:00,92.924,92.931,92.91,92.925,667.0
2026-08-13 18:30:00,2026-08-13 15:30:00,2026-08-13 23:30:00,92.924,92.946,92.892,92.903,609.0
2026-08-13 18:35:00,2026-08-13 15:35:00,2026-08-13 23:35:00,92.901,92.923,92.897,92.909,583.0
2026-08-13 18:40:00,2026-08-13 15:40:00,2026-08-13 23:40:00,92.91,92.961,92.909,92.961,662.0
2026-08-13 18:45:00,2026-08-13 15:45:00,2026-08-13 23:45:00,92.959,92.969,92.94,92.963,632.0
2026-08-13 18:50:00,2026-08-13 15:50:00,2026-08-13 23:50:00,92.963,92.982,92.958,92.977,614.0
2026-08-13 18:55:00,2026-08-13 15:55:00,2026-08-13 23:55:00,92.976,92.993,92.957,92.98,645.0
2026-08-13 19:00:00,2026-08-13 16:00:00,2026-08-14 00:00:00,92.978,92.986,92.936,92.985,834.0
2026-08-13 19:05:00,2026-08-13 16:05:00,2026-08-14 00:05:00,92.984,92.984,92.959,92.968,632.0
2026-08-13 19:10:00,2026-08-13 16:10:00,2026-08-14 00:10:00,92.968,92.977,92.965,92.972,580.0
2026-08-13 19:15:00,2026-08-13 16:15:00,2026-08-14 00:15:00,92.969,92.977,92.939,92.953,623.0
2026-08-13 19:20:00,2026-08-13 16:20:00,2026-08-14 00:20:00,92.955,92.968,92.947,92.961,407.0
2026-08-13 19:25:00,2026-08-13 16:25:00,2026-08-14 00:25:00,92.961,92.976,92.954,92.972,417.0
2026-08-13 19:30:00,2026-08-13 16:30:00,2026-08-14 00:30:00,92.974,93.016,92.969,93.01,526.0
2026-08-13 19:35:00,2026-08-13 16:35:00,2026-08-14 00:35:00,93.012,93.018,92.998,93.014,528.0
2026-08-13 19:40:00,2026-08-13 16:40:00,2026-08-14 00:40:00,93.013,93.03,93.01,93.029,421.0
2026-08-13 19:45:00,2026-08-13 16:45:00,2026-08-14 00:45:00,93.028,93.029,93.01,93.017,364.0
2026-08-13 19:50:00,2026-08-13 16:50:00,2026-08-14 00:50:00,93.016,93.02,92.998,93.003,379.0
2026-08-13 19:55:00,2026-08-13 16:55:00,2026-08-14 00:55:00,93.004,93.004,92.979,92.99,372.0
2026-08-13 20:00:00,2026-08-13 17:00:00,2026-08-14 01:00:00,92.992,93.029,92.99,93.002,484.0
2026-08-13 20:05:00,2026-08-13 17:05:00,2026-08-14 01:05:00,93.001,93.026,93.001,93.012,495.0
2026-08-13 20:10:00,2026-08-13 17:10:00,2026-08-14 01:10:00,93.011,93.034,93.011,93.029,434.0
2026-08-13 20:15:00,2026-08-13 17:15:00,2026-08-14 01:15:00,93.029,93.057,93.019,93.051,502.0
2026-08-13 20:20:00,2026-08-13 17:20:00,2026-08-14 01:20:00,93.052,93.065,93.047,93.058,467.0
2026-08-13 20:25:00,2026-08-13 17:25:00,2026-08-14 01:25:00,93.058,93.076,93.058,93.066,531.0
2026-08-13 20:30:00,2026-08-13 17:30:00,2026-08-14 01:30:00,93.067,93.104,93.055,93.094,517.0
2026-08-13 20:35:00,2026-08-13 17:35:00,2026-08-14 01:35:00,93.094,93.1,93.076,93.091,446.0
2026-08-13 20:40:00,2026-08-13 17:40:00,2026-08-14 01:40:00,93.091,93.093,93.078,93.087,370.0
2026-08-13 20:45:00,2026-08-13 17:45:00,2026-08-14 01:45:00,93.088,93.088,93.071,93.075,364.0
2026-08-13 20:50:00,2026-08-13 17:50:00,2026-08-14 01:50:00,93.077,93.103,93.074,93.098,441.0
2026-08-13 20:55:00,2026-08-13 17:55:00,2026-08-14 01:55:00,93.099,93.108,93.094,93.103,585.0
2026-08-13 21:00:00,2026-08-13 18:00:00,2026-08-14 02:00:00,93.104,93.119,93.088,93.115,587.0
2026-08-13 21:05:00,2026-08-13 18:05:00,2026-08-14 02:05:00,93.114,93.136,93.114,93.127,368.0
2026-08-13 21:10:00,2026-08-13 18:10:00,2026-08-14 02:10:00,93.126,93.138,93.111,93.122,355.0
2026-08-13 21:15:00,2026-08-13 18:15:00,2026-08-14 02:15:00,93.126,93.133,93.114,93.123,500.0
2026-08-13 21:20:00,2026-08-13 18:20:00,2026-08-14 02:20:00,93.126,93.132,93.101,93.107,509.0
2026-08-13 21:25:00,2026-08-13 18:25:00,2026-08-14 02:25:00,93.108,93.139,93.107,93.131,462.0
2026-08-13 21:30:00,2026-08-13 18:30:00,2026-08-14 02:30:00,93.131,93.141,93.12,93.123,496.0
2026-08-13 21:35:00,2026-08-13 18:35:00,2026-08-14 02:35:00,93.123,93.137,93.11,93.13,430.0
2026-08-13 21:40:00,2026-08-13 18:40:00,2026-08-14 02:40:00,93.13,93.137,93.113,93.113,373.0
2026-08-13 21:45:00,2026-08-13 18:45:00,2026-08-14 02:45:00,93.112,93.114,93.106,93.108,368.0
2026-08-13 21:50:00,2026-08-13 18:50:00,2026-08-14 02:50:00,93.108,93.109,93.089,93.105,275.0
2026-08-13 21:55:00,2026-08-13 18:55:00,2026-08-14 02:55:00,93.104,93.124,93.102,93.114,445.0
2026-08-13 22:00:00,2026-08-13 19:00:00,2026-08-14 03:00:00,93.113,93.122,93.085,93.085,445.0
2026-08-13 22:05:00,2026-08-13 19:05:00,2026-08-14 03:05:00,93.086,93.097,93.083,93.089,329.0
2026-08-13 22:10:00,2026-08-13 19:10:00,2026-08-14 03:10:00,93.09,93.098,93.067,93.093,523.0
2026-08-13 22:15:00,2026-08-13 19:15:00,2026-08-14 03:15:00,93.094,93.096,93.08,93.092,401.0
2026-08-13 22:20:00,2026-08-13 19:20:00,2026-08-14 03:20:00,93.092,93.093,93.07,93.074,477.0
2026-08-13 22:25:00,2026-08-13 19:25:00,2026-08-14 03:25:00,93.072,93.098,93.072,93.096,471.0
2026-08-13 22:30:00,2026-08-13 19:30:00,2026-08-14 03:30:00,93.096,93.12,93.093,93.118,386.0
2026-08-13 22:35:00,2026-08-13 19:35:00,2026-08-14 03:35:00,93.116,93.124,93.102,93.109,409.0
2026-08-13 22:40:00,2026-08-13 19:40:00,2026-08-14 03:40:00,93.109,93.109,93.094,93.102,492.0
2026-08-13 22:45:00,2026-08-13 19:45:00,2026-08-14 03:45:00,93.101,93.118,93.097,93.118,435.0
2026-08-13 22:50:00,2026-08-13 19:50:00,2026-08-14 03:50:00,93.117,93.14,93.114,93.137,419.0
2026-08-13 22:55:00,2026-08-13 19:55:00,2026-08-14 03:55:00,93.137,93.137,93.12,93.121,555.0
2026-08-13 23:00:00,2026-08-13 20:00:00,2026-08-14 04:00:00,93.122,93.123,93.089,93.095,559.0
2026-08-13 23:05:00,2026-08-13 20:05:00,2026-08-14 04:05:00,93.096,93.117,93.093,93.114,441.0
2026-08-13 23:10:00,2026-08-13 20:10:00,2026-08-14 04:10:00,93.113,93.118,93.094,93.106,567.0
2026-08-13 23:15:00,2026-08-13 20:15:00,2026-08-14 04:15:00,93.107,93.11,93.082,93.084,559.0
2026-08-13 23:20:00,2026-08-13 20:20:00,2026-08-14 04:20:00,93.086,93.106,93.085,93.1,500.0
2026-08-13 23:25:00,2026-08-13 20:25:00,2026-08-14 04:25:00,93.1,93.118,93.093,93.109,530.0
2026-08-13 23:30:00,2026-08-13 20:30:00,2026-08-14 04:30:00,93.112,93.149,93.07,93.097,1030.0
2026-08-13 23:35:00,2026-08-13 20:35:00,2026-08-14 04:35:00,93.096,93.131,93.094,93.127,896.0
2026-08-13 23:40:00,2026-08-13 20:40:00,2026-08-14 04:40:00,93.126,93.139,93.105,93.12,852.0
2026-08-13 23:45:00,2026-08-13 20:45:00,2026-08-14 04:45:00,93.12,93.146,93.113,93.14,868.0
2026-08-13 23:50:00,2026-08-13 20:50:00,2026-08-14 04:50:00,93.139,93.155,93.131,93.146,740.0
2026-08-13 23:55:00,2026-08-13 20:55:00,2026-08-14 04:55:00,93.145,93.193,93.136,93.187,941.0
2026-08-14 00:00:00,2026-08-13 21:00:00,2026-08-14 05:00:00,93.19,93.191,93.164,93.17,1006.0
2026-08-14 00:05:00,2026-08-13 21:05:00,2026-08-14 05:05:00,93.171,93.194,93.167,93.17,870.0
2026-08-14 00:10:00,2026-08-13 21:10:00,2026-08-14 05:10:00,93.17,93.179,93.142,93.165,831.0
2026-08-14 00:15:00,2026-08-13 21:15:00,2026-08-14 05:15:00,93.167,93.167,93.15,93.16,805.0
2026-08-14 00:20:00,2026-08-13 21:20:00,2026-08-14 05:20:00,93.159,93.173,93.154,93.156,867.0
2026-08-14 00:25:00,2026-08-13 21:25:00,2026-08-14 05:25:00,93.154,93.161,93.138,93.141,814.0
2026-08-14 00:30:00,2026-08-13 21:30:00,2026-08-14 05:30:00,93.141,93.152,93.105,93.106,887.0
2026-08-14 00:35:00,2026-08-13 21:35:00,2026-08-14 05:35:00,93.106,93.171,93.106,93.167,798.0
2026-08-14 00:40:00,2026-08-13 21:40:00,2026-08-14 05:40:00,93.168,93.171,93.137,93.147,819.0
2026-08-14 00:45:00,2026-08-13 21:45:00,2026-08-14 05:45:00,93.15,93.15,93.112,93.116,791.0
2026-08-14 00:50:00,2026-08-13 21:50:00,2026-08-14 05:50:00,93.116,93.127,93.097,93.106,803.0
2026-08-14 00:55:00,2026-08-13 21:55:00,2026-08-14 05:55:00,93.106,93.122,93.086,93.088,949.0
2026-08-14 01:00:00,2026-08-13 22:00:00,2026-08-14 06:00:00,93.09,93.161,93.09,93.135,1129.0
2026-08-14 01:05:00,2026-08-13 22:05:00,2026-08-14 06:05:00,93.134,93.141,93.089,93.099,1044.0
2026-08-14 01:10:00,2026-08-13 22:10:00,2026-08-14 06:10:00,93.099,93.106,93.049,93.106,1126.0
2026-08-14 01:15:00,2026-08-13 22:15:00,2026-08-14 06:15:00,93.105,93.139,93.089,93.139,1050.0
2026-08-14 01:20:00,2026-08-13 22:20:00,2026-08-14 06:20:00,93.139,93.142,93.121,93.124,1059.0
2026-08-14 01:25:00,2026-08-13 22:25:00,2026-08-14 06:25:00,93.126,93.144,93.121,93.135,1098.0
2026-08-14 01:30:00,2026-08-13 22:30:00,2026-08-14 06:30:00,93.135,93.149,93.117,93.143,1033.0
2026-08-14 01:35:00,2026-08-13 22:35:00,2026-08-14 06:35:00,93.143,93.153,93.102,93.129,829.0
2026-08-14 01:40:00,2026-08-13 22:40:00,2026-08-14 06:40:00,93.128,93.159,93.124,93.149,909.0
2026-08-14 01:45:00,2026-08-13 22:45:00,2026-08-14 06:45:00,93.149,93.171,93.139,93.169,830.0
2026-08-14 01:50:00,2026-08-13 22:50:00,2026-08-14 06:50:00,93.167,93.217,93.164,93.207,878.0
2026-08-14 01:55:00,2026-08-13 22:55:00,2026-08-14 06:55:00,93.208,93.221,93.185,93.191,847.0
2026-08-14 02:00:00,2026-08-13 23:00:00,2026-08-14 07:00:00,93.193,93.216,93.187,93.2,823.0
2026-08-14 02:05:00,2026-08-13 23:05:00,2026-08-14 07:05:00,93.203,93.21,93.186,93.202,775.0
2026-08-14 02:10:00,2026-08-13 23:10:00,2026-08-14 07:10:00,93.203,93.206,93.192,93.197,687.0
2026-08-14 02:15:00,2026-08-13 23:15:00,2026-08-14 07:15:00,93.198,93.205,93.164,93.178,740.0
2026-08-14 02:20:00,2026-08-13 23:20:00,2026-08-14 07:20:00,93.179,93.203,93.177,93.195,797.0
2026-08-14 02:25:00,2026-08-13 23:25:00,2026-08-14 07:25:00,93.193,93.22,93.18,93.192,867.0
2026-08-14 02:30:00,2026-08-13 23:30:00,2026-08-14 07:30:00,93.191,93.201,93.181,93.185,766.0
2026-08-14 02:35:00,2026-08-13 23:35:00,2026-08-14 07:35:00,93.187,93.201,93.167,93.187,905.0
2026-08-14 02:40:00,2026-08-13 23:40:00,2026-08-14 07:40:00,93.186,93.209,93.18,93.187,812.0
2026-08-14 02:45:00,2026-08-13 23:45:00,2026-08-14 07:45:00,93.187,93.192,93.174,93.181,578.0
2026-08-14 02:50:00,2026-08-13 23:50:00,2026-08-14 07:50:00,93.18,93.185,93.166,93.167,593.0
2026-08-14 02:55:00,2026-08-13 23:55:00,2026-08-14 07:55:00,93.166,93.187,93.165,93.17,573.0
2026-08-14 03:00:00,2026-08-14 00:00:00,2026-08-14 08:00:00,93.17,93.189,93.165,93.188,593.0
2026-08-14 03:05:00,2026-08-14 00:05:00,2026-08-14 08:05:00,93.187,93.193,93.173,93.174,550.0
2026-08-14 03:10:00,2026-08-14 00:10:00,2026-08-14 08:10:00,93.172,93.192,93.172,93.184,604.0
2026-08-14 03:15:00,2026-08-14 00:15:00,2026-08-14 08:15:00,93.184,93.19,93.162,93.164,551.0
2026-08-14 03:20:00,2026-08-14 00:20:00,2026-08-14 08:20:00,93.166,93.188,93.161,93.186,635.0
2026-08-14 03:25:00,2026-08-14 00:25:00,2026-08-14 08:25:00,93.187,93.219,93.185,93.219,607.0
2026-08-14 03:30:00,2026-08-14 00:30:00,2026-08-14 08:30:00,93.217,93.236,93.217,93.227,628.0
2026-08-14 03:35:00,2026-08-14 00:35:00,2026-08-14 08:35:00,93.227,93.244,93.224,93.234,627.0
2026-08-14 03:40:00,2026-08-14 00:40:00,2026-08-14 08:40:00,93.234,93.253,93.232,93.248,447.0
2026-08-14 03:45:00,2026-08-14 00:45:00,2026-08-14 08:45:00,93.247,93.256,93.241,93.251,517.0
2026-08-14 03:50:00,2026-08-14 00:50:00,2026-08-14 08:50:00,93.251,93.275,93.249,93.272,396.0
2026-08-14 03:55:00,2026-08-14 00:55:00,2026-08-14 08:55:00,93.271,93.285,93.258,93.261,400.0
2026-08-14 04:00:00,2026-08-14 01:00:00,2026-08-14 09:00:00,93.259,93.29,93.259,93.266,604.0
2026-08-14 04:05:00,2026-08-14 01:05:00,2026-08-14 09:05:00,93.267,93.282,93.263,93.277,534.0
2026-08-14 04:10:00,2026-08-14 01:10:00,2026-08-14 09:10:00,93.276,93.279,93.262,93.265,479.0
2026-08-14 04:15:00,2026-08-14 01:15:00,2026-08-14 09:15:00,93.265,93.279,93.265,93.273,454.0
2026-08-14 04:20:00,2026-08-14 01:20:00,2026-08-14 09:20:00,93.271,93.272,93.258,93.261,436.0
2026-08-14 04:25:00,2026-08-14 01:25:00,2026-08-14 09:25:00,93.261,93.266,93.244,93.252,428.0
2026-08-14 04:30:00,2026-08-14 01:30:00,2026-08-14 09:30:00,93.251,93.279,93.251,93.27,486.0
2026-08-14 04:35:00,2026-08-14 01:35:00,2026-08-14 09:35:00,93.271,93.276,93.261,93.261,399.0
2026-08-14 04:40:00,2026-08-14 01:40:00,2026-08-14 09:40:00,93.261,93.285,93.259,93.281,420.0
2026-08-14 04:45:00,2026-08-14 01:45:00,2026-08-14 09:45:00,93.281,93.296,93.272,93.29,465.0
2026-08-14 04:50:00,2026-08-14 01:50:00,2026-08-14 09:50:00,93.289,93.291,93.275,93.282,398.0
2026-08-14 04:55:00,2026-08-14 01:55:00,2026-08-14 09:55:00,93.282,93.285,93.253,93.259,331.0
2026-08-14 05:00:00,2026-08-14 02:00:00,2026-08-14 10:00:00,93.26,93.277,93.258,93.267,474.0
2026-08-14 05:05:00,2026-08-14 02:05:00,2026-08-14 10:05:00,93.267,93.283,93.263,93.275,421.0
2026-08-14 05:10:00,2026-08-14 02:10:00,2026-08-14 10:10:00,93.273,93.28,93.269,93.28,434.0
2026-08-14 05:15:00,2026-08-14 02:15:00,2026-08-14 10:15:00,93.279,93.281,93.264,93.271,424.0
2026-08-14 05:20:00,2026-08-14 02:20:00,2026-08-14 10:20:00,93.27,93.274,93.255,93.261,385.0
2026-08-14 05:25:00,2026-08-14 02:25:00,2026-08-14 10:25:00,93.26,93.273,93.257,93.27,388.0
2026-08-14 05:30:00,2026-08-14 02:30:00,2026-08-14 10:30:00,93.27,93.279,93.26,93.277,328.0
2026-08-14 05:35:00,2026-08-14 02:35:00,2026-08-14 10:35:00,93.278,93.295,93.273,93.288,517.0
2026-08-14 05:40:00,2026-08-14 02:40:00,2026-08-14 10:40:00,93.288,93.293,93.281,93.286,436.0
2026-08-14 05:45:00,2026-08-14 02:45:00,2026-08-14 10:45:00,93.286,93.295,93.282,93.293,321.0
2026-08-14 05:50:00,2026-08-14 02:50:00,2026-08-14 10:50:00,93.293,93.303,93.292,93.301,309.0
2026-08-14 05:55:00,2026-08-14 02:55:00,2026-08-14 10:55:00,93.299,93.303,93.282,93.29,382.0
2026-08-14 06:00:00,2026-08-14 03:00:00,2026-08-14 11:00:00,93.285,93.29,93.277,93.285,411.0
2026-08-14 06:05:00,2026-08-14 03:05:00,2026-08-14 11:05:00,93.284,93.301,93.282,93.301,334.0
2026-08-14 06:10:00,2026-08-14 03:10:00,2026-08-14 11:10:00,93.3,93.303,93.292,93.298,387.0
2026-08-14 06:15:00,2026-08-14 03:15:00,2026-08-14 11:15:00,93.297,93.306,93.287,93.305,362.0
2026-08-14 06:20:00,2026-08-14 03:20:00,2026-08-14 11:20:00,93.307,93.315,93.304,93.314,339.0
2026-08-14 06:25:00,2026-08-14 03:25:00,2026-08-14 11:25:00,93.311,93.318,93.309,93.315,237.0
2026-08-14 06:30:00,2026-08-14 03:30:00,2026-08-14 11:30:00,93.314,93.316,93.305,93.31,344.0
2026-08-14 06:35:00,2026-08-14 03:35:00,2026-08-14 11:35:00,93.31,93.321,93.303,93.321,340.0
2026-08-14 06:40:00,2026-08-14 03:40:00,2026-08-14 11:40:00,93.319,93.322,93.301,93.306,305.0
2026-08-14 06:45:00,2026-08-14 03:45:00,2026-08-14 11:45:00,93.306,93.317,93.301,93.313,317.0
2026-08-14 06:50:00,2026-08-14 03:50:00,2026-08-14 11:50:00,93.312,93.319,93.307,93.312,391.0
2026-08-14 06:55:00,2026-08-14 03:55:00,2026-08-14 11:55:00,93.312,93.329,93.3,93.323,440.0
2026-08-14 07:00:00,2026-08-14 04:00:00,2026-08-14 12:00:00,93.322,93.332,93.311,93.33,337.0
2026-08-14 07:05:00,2026-08-14 04:05:00,2026-08-14 12:05:00,93.329,93.337,93.324,93.331,189.0
2026-08-14 07:10:00,2026-08-14 04:10:00,2026-08-14 12:10:00,93.33,93.332,93.314,93.32,253.0
2026-08-14 07:15:00,2026-08-14 04:15:00,2026-08-14 12:15:00,93.322,93.332,93.319,93.332,230.0
2026-08-14 07:20:00,2026-08-14 04:20:00,2026-08-14 12:20:00,93.328,93.34,93.327,93.339,151.0
2026-08-14 07:25:00,2026-08-14 04:25:00,2026-08-14 12:25:00,93.34,93.347,93.329,93.333,226.0
2026-08-14 07:30:00,2026-08-14 04:30:00,2026-08-14 12:30:00,93.329,93.331,93.317,93.324,195.0
2026-08-14 07:35:00,2026-08-14 04:35:00,2026-08-14 12:35:00,93.323,93.34,93.323,93.334,192.0
2026-08-14 07:40:00,2026-08-14 04:40:00,2026-08-14 12:40:00,93.335,93.338,93.331,93.338,118.0
2026-08-14 07:45:00,2026-08-14 04:45:00,2026-08-14 12:45:00,93.337,93.337,93.307,93.315,124.0
2026-08-14 07:50:00,2026-08-14 04:50:00,2026-08-14 12:50:00,93.314,93.32,93.312,93.318,116.0
2026-08-14 07:55:00,2026-08-14 04:55:00,2026-08-14 12:55:00,93.32,93.322,93.309,93.314,155.0
2026-08-14 08:05:00,2026-08-14 05:05:00,2026-08-14 13:05:00,93.263,93.27,93.237,93.259,134.0
2026-08-14 08:10:00,2026-08-14 05:10:00,2026-08-14 13:10:00,93.264,93.266,93.244,93.244,98.0
2026-08-14 08:15:00,2026-08-14 05:15:00,2026-08-14 13:15:00,93.244,93.261,93.244,93.252,56.0
2026-08-14 08:20:00,2026-08-14 05:20:00,2026-08-14 13:20:00,93.252,93.261,93.248,93.258,32.0
2026-08-14 08:25:00,2026-08-14 05:25:00,2026-08-14 13:25:00,93.259,93.261,93.247,93.261,140.0
2026-08-14 08:30:00,2026-08-14 05:30:00,2026-08-14 13:30:00,93.261,93.269,93.256,93.258,671.0
2026-08-14 08:35:00,2026-08-14 05:35:00,2026-08-14 13:35:00,93.268,93.268,93.258,93.266,108.0
2026-08-14 08:40:00,2026-08-14 05:40:00,2026-08-14 13:40:00,93.267,93.276,93.267,93.273,76.0
2026-08-14 08:45:00,2026-08-14 05:45:00,2026-08-14 13:45:00,93.27,93.288,93.225,93.251,250.0
2026-08-14 08:50:00,2026-08-14 05:50:00,2026-08-14 13:50:00,93.251,93.253,93.232,93.242,180.0
2026-08-14 08:55:00,2026-08-14 05:55:00,2026-08-14 13:55:00,93.246,93.246,93.213,93.226,354.0
2026-08-14 09:00:00,2026-08-14 06:00:00,2026-08-14 14:00:00,93.23,93.287,93.23,93.282,428.0
2026-08-14 09:05:00,2026-08-14 06:05:00,2026-08-14 14:05:00,93.283,93.297,93.28,93.293,179.0
2026-08-14 09:10:00,2026-08-14 06:10:00,2026-08-14 14:10:00,93.292,93.308,93.283,93.29,290.0
2026-08-14 09:15:00,2026-08-14 06:15:00,2026-08-14 14:15:00,93.299,93.313,93.296,93.31,159.0
2026-08-14 09:20:00,2026-08-14 06:20:00,2026-08-14 14:20:00,93.31,93.318,93.303,93.31,197.0
2026-08-14 09:25:00,2026-08-14 06:25:00,2026-08-14 14:25:00,93.31,93.331,93.305,93.327,175.0
2026-08-14 09:30:00,2026-08-14 06:30:00,2026-08-14 14:30:00,93.329,93.332,93.312,93.315,207.0
2026-08-14 09:35:00,2026-08-14 06:35:00,2026-08-14 14:35:00,93.317,93.329,93.313,93.321,150.0
2026-08-14 09:40:00,2026-08-14 06:40:00,2026-08-14 14:40:00,93.32,93.325,93.313,93.324,172.0
2026-08-14 09:45:00,2026-08-14 06:45:00,2026-08-14 14:45:00,93.323,93.329,93.317,93.323,209.0
2026-08-14 09:50:00,2026-08-14 06:50:00,2026-08-14 14:50:00,93.323,93.328,93.309,93.318,175.0
2026-08-14 09:55:00,2026-08-14 06:55:00,2026-08-14 14:55:00,93.318,93.318,93.303,93.31,190.0
2026-08-14 10:00:00,2026-08-14 07:00:00,2026-08-14 15:00:00,93.311,93.315,93.294,93.297,182.0
2026-08-14 10:05:00,2026-08-14 07:05:00,2026-08-14 15:05:00,93.297,93.315,93.295,93.314,187.0
2026-08-14 10:10:00,2026-08-14 07:10:00,2026-08-14 15:10:00,93.313,93.318,93.309,93.313,162.0
2026-08-14 10:15:00,2026-08-14 07:15:00,2026-08-14 15:15:00,93.313,93.32,93.311,93.318,182.0
2026-08-14 10:20:00,2026-08-14 07:20:00,2026-08-14 15:20:00,93.317,93.322,93.316,93.321,168.0
2026-08-14 10:25:00,2026-08-14 07:25:00,2026-08-14 15:25:00,93.322,93.324,93.311,93.315,194.0
2026-08-14 10:30:00,2026-08-14 07:30:00,2026-08-14 15:30:00,93.315,93.33,93.312,93.327,122.0
2026-08-14 10:35:00,2026-08-14 07:35:00,2026-08-14 15:35:00,93.328,93.332,93.321,93.327,167.0
2026-08-14 10:40:00,2026-08-14 07:40:00,2026-08-14 15:40:00,93.328,93.331,93.316,93.323,167.0
2026-08-14 10:45:00,2026-08-14 07:45:00,2026-08-14 15:45:00,93.324,93.345,93.32,93.338,235.0
2026-08-14 10:50:00,2026-08-14 07:50:00,2026-08-14 15:50:00,93.338,93.342,93.324,93.329,194.0
2026-08-14 10:55:00,2026-08-14 07:55:00,2026-08-14 15:55:00,93.33,93.333,93.31,93.317,268.0
2026-08-14 11:00:00,2026-08-14 08:00:00,2026-08-14 16:00:00,93.316,93.387,93.307,93.38,670.0
2026-08-14 11:05:00,2026-08-14 08:05:00,2026-08-14 16:05:00,93.38,93.418,93.379,93.417,510.0
2026-08-14 11:10:00,2026-08-14 08:10:00,2026-08-14 16:10:00,93.416,93.419,93.38,93.382,450.0
2026-08-14 11:15:00,2026-08-14 08:15:00,2026-08-14 16:15:00,93.383,93.384,93.358,93.366,633.0
2026-08-14 11:20:00,2026-08-14 08:20:00,2026-08-14 16:20:00,93.366,93.385,93.36,93.378,461.0
2026-08-14 11:25:00,2026-08-14 08:25:00,2026-08-14 16:25:00,93.378,93.386,93.367,93.37,587.0
2026-08-14 11:30:00,2026-08-14 08:30:00,2026-08-14 16:30:00,93.369,93.376,93.356,93.357,544.0
2026-08-14 11:35:00,2026-08-14 08:35:00,2026-08-14 16:35:00,93.357,93.36,93.339,93.346,457.0
2026-08-14 11:40:00,2026-08-14 08:40:00,2026-08-14 16:40:00,93.351,93.374,93.345,93.373,416.0
2026-08-14 11:45:00,2026-08-14 08:45:00,2026-08-14 16:45:00,93.373,93.377,93.364,93.366,503.0
2026-08-14 11:50:00,2026-08-14 08:50:00,2026-08-14 16:50:00,93.367,93.392,93.363,93.372,796.0
2026-08-14 11:55:00,2026-08-14 08:55:00,2026-08-14 16:55:00,93.373,93.386,93.363,93.379,680.0
2026-08-14 12:00:00,2026-08-14 09:00:00,2026-08-14 17:00:00,93.381,93.382,93.353,93.359,714.0
2026-08-14 12:05:00,2026-08-14 09:05:00,2026-08-14 17:05:00,93.36,93.366,93.341,93.351,731.0
2026-08-14 12:10:00,2026-08-14 09:10:00,2026-08-14 17:10:00,93.35,93.362,93.333,93.344,567.0
2026-08-14 12:15:00,2026-08-14 09:15:00,2026-08-14 17:15:00,93.345,93.36,93.326,93.342,614.0
2026-08-14 12:20:00,2026-08-14 09:20:00,2026-08-14 17:20:00,93.344,93.365,93.319,93.345,670.0
2026-08-14 12:25:00,2026-08-14 09:25:00,2026-08-14 17:25:00,93.345,93.363,93.341,93.352,661.0
2026-08-14 12:30:00,2026-08-14 09:30:00,2026-08-14 17:30:00,93.35,93.365,93.341,93.356,551.0
2026-08-14 12:35:00,2026-08-14 09:35:00,2026-08-14 17:35:00,93.357,93.394,93.356,93.383,531.0
2026-08-14 12:40:00,2026-08-14 09:40:00,2026-08-14 17:40:00,93.382,93.397,93.373,93.388,536.0
2026-08-14 12:45:00,2026-08-14 09:45:00,2026-08-14 17:45:00,93.389,93.413,93.388,93.408,499.0
2026-08-14 12:50:00,2026-08-14 09:50:00,2026-08-14 17:50:00,93.407,93.41,93.382,93.391,408.0
2026-08-14 12:55:00,2026-08-14 09:55:00,2026-08-14 17:55:00,93.392,93.393,93.361,93.361,504.0
2026-08-14 13:00:00,2026-08-14 10:00:00,2026-08-14 18:00:00,93.361,93.394,93.359,93.373,559.0
2026-08-14 13:05:00,2026-08-14 10:05:00,2026-08-14 18:05:00,93.376,93.404,93.372,93.401,426.0
2026-08-14 13:10:00,2026-08-14 10:10:00,2026-08-14 18:10:00,93.399,93.416,93.391,93.4,408.0
2026-08-14 13:15:00,2026-08-14 10:15:00,2026-08-14 18:15:00,93.399,93.417,93.397,93.413,316.0
2026-08-14 13:20:00,2026-08-14 10:20:00,2026-08-14 18:20:00,93.414,93.416,93.402,93.416,341.0
2026-08-14 13:25:00,2026-08-14 10:25:00,2026-08-14 18:25:00,93.421,93.428,93.405,93.406,327.0
2026-08-14 13:30:00,2026-08-14 10:30:00,2026-08-14 18:30:00,93.405,93.416,93.393,93.408,393.0
2026-08-14 13:35:00,2026-08-14 10:35:00,2026-08-14 18:35:00,93.407,93.423,93.404,93.421,486.0
2026-08-14 13:40:00,2026-08-14 10:40:00,2026-08-14 18:40:00,93.419,93.44,93.419,93.44,347.0
2026-08-14 13:45:00,2026-08-14 10:45:00,2026-08-14 18:45:00,93.44,93.452,93.427,93.432,445.0
2026-08-14 13:50:00,2026-08-14 10:50:00,2026-08-14 18:50:00,93.431,93.447,93.429,93.436,397.0
2026-08-14 13:55:00,2026-08-14 10:55:00,2026-08-14 18:55:00,93.435,93.437,93.395,93.411,505.0
2026-08-14 14:00:00,2026-08-14 11:00:00,2026-08-14 19:00:00,93.411,93.431,93.411,93.429,438.0
2026-08-14 14:05:00,2026-08-14 11:05:00,2026-08-14 19:05:00,93.43,93.442,93.423,93.434,491.0
2026-08-14 14:10:00,2026-08-14 11:10:00,2026-08-14 19:10:00,93.433,93.445,93.43,93.43,321.0
2026-08-14 14:15:00,2026-08-14 11:15:00,2026-08-14 19:15:00,93.43,93.464,93.429,93.456,295.0
2026-08-14 14:20:00,2026-08-14 11:20:00,2026-08-14 19:20:00,93.456,93.466,93.443,93.444,351.0
2026-08-14 14:25:00,2026-08-14 11:25:00,2026-08-14 19:25:00,93.444,93.469,93.437,93.468,460.0
2026-08-14 14:30:00,2026-08-14 11:30:00,2026-08-14 19:30:00,93.466,93.485,93.463,93.47,431.0
2026-08-14 14:35:00,2026-08-14 11:35:00,2026-08-14 19:35:00,93.469,93.483,93.461,93.482,316.0
2026-08-14 14:40:00,2026-08-14 11:40:00,2026-08-14 19:40:00,93.482,93.503,93.476,93.502,286.0
2026-08-14 14:45:00,2026-08-14 11:45:00,2026-08-14 19:45:00,93.502,93.504,93.486,93.501,287.0
2026-08-14 14:50:00,2026-08-14 11:50:00,2026-08-14 19:50:00,93.502,93.508,93.493,93.504,335.0
2026-08-14 14:55:00,2026-08-14 11:55:00,2026-08-14 19:55:00,93.505,93.509,93.487,93.502,379.0
2026-08-14 15:00:00,2026-08-14 12:00:00,2026-08-14 20:00:00,93.503,93.508,93.491,93.499,436.0
2026-08-14 15:05:00,2026-08-14 12:05:00,2026-08-14 20:05:00,93.498,93.516,93.486,93.513,295.0
2026-08-14 15:10:00,2026-08-14 12:10:00,2026-08-14 20:10:00,93.513,93.515,93.495,93.497,415.0
2026-08-14 15:15:00,2026-08-14 12:15:00,2026-08-14 20:15:00,93.498,93.508,93.492,93.502,350.0
2026-08-14 15:20:00,2026-08-14 12:20:00,2026-08-14 20:20:00,93.502,93.503,93.491,93.492,328.0
2026-08-14 15:25:00,2026-08-14 12:25:00,2026-08-14 20:25:00,93.492,93.494,93.477,93.481,324.0
2026-08-14 15:30:00,2026-08-14 12:30:00,2026-08-14 20:30:00,93.48,93.499,93.471,93.495,269.0
2026-08-14 15:35:00,2026-08-14 12:35:00,2026-08-14 20:35:00,93.495,93.499,93.482,93.485,329.0
2026-08-14 15:40:00,2026-08-14 12:40:00,2026-08-14 20:40:00,93.484,93.491,93.472,93.476,259.0
2026-08-14 15:45:00,2026-08-14 12:45:00,2026-08-14 20:45:00,93.476,93.481,93.469,93.479,220.0
2026-08-14 15:50:00,2026-08-14 12:50:00,2026-08-14 20:50:00,93.477,93.486,93.473,93.478,219.0
2026-08-14 15:55:00,2026-08-14 12:55:00,2026-08-14 20:55:00,93.478,93.484,93.466,93.478,257.0
2026-08-14 16:00:00,2026-08-14 13:00:00,2026-08-14 21:00:00,93.477,93.481,93.464,93.467,325.0
2026-08-14 16:05:00,2026-08-14 13:05:00,2026-08-14 21:05:00,93.466,93.471,93.45,93.451,303.0
2026-08-14 16:10:00,2026-08-14 13:10:00,2026-08-14 21:10:00,93.451,93.468,93.449,93.465,295.0
2026-08-14 16:15:00,2026-08-14 13:15:00,2026-08-14 21:15:00,93.464,93.464,93.442,93.45,327.0
2026-08-14 16:20:00,2026-08-14 13:20:00,2026-08-14 21:20:00,93.449,93.458,93.443,93.451,345.0
2026-08-14 16:25:00,2026-08-14 13:25:00,2026-08-14 21:25:00,93.452,93.496,93.447,93.493,403.0
2026-08-14 16:30:00,2026-08-14 13:30:00,2026-08-14 21:30:00,93.492,93.494,93.471,93.488,495.0
2026-08-14 16:35:00,2026-08-14 13:35:00,2026-08-14 21:35:00,93.488,93.495,93.48,93.49,369.0
2026-08-14 16:40:00,2026-08-14 13:40:00,2026-08-14 21:40:00,93.462,93.48,93.412,93.442,773.0
2026-08-14 16:45:00,2026-08-14 13:45:00,2026-08-14 21:45:00,93.441,93.475,93.438,93.463,493.0
2026-08-14 16:50:00,2026-08-14 13:50:00,2026-08-14 21:50:00,93.463,93.472,93.448,93.452,527.0
2026-08-14 16:55:00,2026-08-14 13:55:00,2026-08-14 21:55:00,93.454,93.462,93.445,93.461,487.0
2026-08-14 17:00:00,2026-08-14 14:00:00,2026-08-14 22:00:00,93.455,93.473,93.424,93.427,904.0
2026-08-14 17:05:00,2026-08-14 14:05:00,2026-08-14 22:05:00,93.428,93.432,93.397,93.41,726.0
2026-08-14 17:10:00,2026-08-14 14:10:00,2026-08-14 22:10:00,93.41,93.415,93.389,93.414,800.0
2026-08-14 17:15:00,2026-08-14 14:15:00,2026-08-14 22:15:00,93.413,93.432,93.411,93.418,639.0
2026-08-14 17:20:00,2026-08-14 14:20:00,2026-08-14 22:20:00,93.42,93.444,93.419,93.431,466.0
2026-08-14 17:25:00,2026-08-14 14:25:00,2026-08-14 22:25:00,93.432,93.443,93.424,93.435,531.0
2026-08-14 17:30:00,2026-08-14 14:30:00,2026-08-14 22:30:00,93.434,93.437,93.424,93.433,505.0
2026-08-14 17:35:00,2026-08-14 14:35:00,2026-08-14 22:35:00,93.433,93.449,93.433,93.436,476.0
2026-08-14 17:40:00,2026-08-14 14:40:00,2026-08-14 22:40:00,93.436,93.447,93.424,93.436,462.0
2026-08-14 17:45:00,2026-08-14 14:45:00,2026-08-14 22:45:00,93.435,93.443,93.43,93.434,454.0
2026-08-14 17:50:00,2026-08-14 14:50:00,2026-08-14 22:50:00,93.435,93.45,93.434,93.449,426.0
2026-08-14 17:55:00,2026-08-14 14:55:00,2026-08-14 22:55:00,93.45,93.472,93.445,93.469,615.0
2026-08-14 18:00:00,2026-08-14 15:00:00,2026-08-14 23:00:00,93.469,93.495,93.46,93.462,773.0
2026-08-14 18:05:00,2026-08-14 15:05:00,2026-08-14 23:05:00,93.464,93.473,93.45,93.471,640.0
2026-08-14 18:10:00,2026-08-14 15:10:00,2026-08-14 23:10:00,93.471,93.5,93.47,93.5,559.0
2026-08-14 18:15:00,2026-08-14 15:15:00,2026-08-14 23:15:00,93.501,93.52,93.493,93.52,534.0
2026-08-14 18:20:00,2026-08-14 15:20:00,2026-08-14 23:20:00,93.519,93.526,93.503,93.503,521.0
2026-08-14 18:25:00,2026-08-14 15:25:00,2026-08-14 23:25:00,93.504,93.508,93.489,93.5,529.0
2026-08-14 18:30:00,2026-08-14 15:30:00,2026-08-14 23:30:00,93.501,93.505,93.485,93.501,464.0
2026-08-14 18:35:00,2026-08-14 15:35:00,2026-08-14 23:35:00,93.499,93.531,93.495,93.526,546.0
2026-08-14 18:40:00,2026-08-14 15:40:00,2026-08-14 23:40:00,93.524,93.539,93.517,93.536,559.0
2026-08-14 18:45:00,2026-08-14 15:45:00,2026-08-14 23:45:00,93.536,93.552,93.534,93.536,629.0
2026-08-14 18:50:00,2026-08-14 15:50:00,2026-08-14 23:50:00,93.536,93.547,93.532,93.542,614.0
2026-08-14 18:55:00,2026-08-14 15:55:00,2026-08-14 23:55:00,93.541,93.542,93.529,93.534,592.0
2026-08-14 19:00:00,2026-08-14 16:00:00,2026-08-15 00:00:00,93.532,93.552,93.53,93.538,595.0
2026-08-14 19:05:00,2026-08-14 16:05:00,2026-08-15 00:05:00,93.539,93.539,93.506,93.512,564.0
2026-08-14 19:10:00,2026-08-14 16:10:00,2026-08-15 00:10:00,93.513,93.525,93.507,93.523,496.0
2026-08-14 19:15:00,2026-08-14 16:15:00,2026-08-15 00:15:00,93.524,93.533,93.518,93.528,522.0
2026-08-14 19:20:00,2026-08-14 16:20:00,2026-08-15 00:20:00,93.527,93.538,93.513,93.519,550.0
2026-08-14 19:25:00,2026-08-14 16:25:00,2026-08-15 00:25:00,93.519,93.539,93.513,93.524,653.0
2026-08-14 19:30:00,2026-08-14 16:30:00,2026-08-15 00:30:00,93.523,93.525,93.474,93.482,623.0
2026-08-14 19:35:00,2026-08-14 16:35:00,2026-08-15 00:35:00,93.482,93.512,93.478,93.511,627.0
2026-08-14 19:40:00,2026-08-14 16:40:00,2026-08-15 00:40:00,93.511,93.523,93.501,93.502,641.0
2026-08-14 19:45:00,2026-08-14 16:45:00,2026-08-15 00:45:00,93.502,93.529,93.502,93.522,564.0
2026-08-14 19:50:00,2026-08-14 16:50:00,2026-08-15 00:50:00,93.522,93.545,93.515,93.538,536.0
2026-08-14 19:55:00,2026-08-14 16:55:00,2026-08-15 00:55:00,93.54,93.54,93.52,93.536,404.0
2026-08-14 20:00:00,2026-08-14 17:00:00,2026-08-15 01:00:00,93.537,93.552,93.513,93.515,483.0
2026-08-14 20:05:00,2026-08-14 17:05:00,2026-08-15 01:05:00,93.515,93.537,93.505,93.532,421.0
2026-08-14 20:10:00,2026-08-14 17:10:00,2026-08-15 01:10:00,93.532,93.544,93.528,93.533,386.0
2026-08-14 20:15:00,2026-08-14 17:15:00,2026-08-15 01:15:00,93.535,93.561,93.522,93.56,461.0
2026-08-14 20:20:00,2026-08-14 17:20:00,2026-08-15 01:20:00,93.56,93.573,93.555,93.571,364.0
2026-08-14 20:25:00,2026-08-14 17:25:00,2026-08-15 01:25:00,93.57,93.6,93.57,93.599,471.0
2026-08-14 20:30:00,2026-08-14 17:30:00,2026-08-15 01:30:00,93.597,93.607,93.586,93.607,493.0
2026-08-14 20:35:00,2026-08-14 17:35:00,2026-08-15 01:35:00,93.605,93.61,93.576,93.581,455.0
2026-08-14 20:40:00,2026-08-14 17:40:00,2026-08-15 01:40:00,93.578,93.585,93.559,93.566,459.0
2026-08-14 20:45:00,2026-08-14 17:45:00,2026-08-15 01:45:00,93.568,93.575,93.555,93.555,510.0
2026-08-14 20:50:00,2026-08-14 17:50:00,2026-08-15 01:50:00,93.555,93.563,93.552,93.558,488.0
2026-08-14 20:55:00,2026-08-14 17:55:00,2026-08-15 01:55:00,93.557,93.582,93.557,93.58,537.0
2026-08-14 21:00:00,2026-08-14 18:00:00,2026-08-15 02:00:00,93.58,93.593,93.574,93.588,545.0
2026-08-14 21:05:00,2026-08-14 18:05:00,2026-08-15 02:05:00,93.589,93.599,93.571,93.597,390.0
2026-08-14 21:10:00,2026-08-14 18:10:00,2026-08-15 02:10:00,93.596,93.613,93.592,93.599,477.0
2026-08-14 21:15:00,2026-08-14 18:15:00,2026-08-15 02:15:00,93.598,93.611,93.596,93.61,367.0
2026-08-14 21:20:00,2026-08-14 18:20:00,2026-08-15 02:20:00,93.612,93.621,93.602,93.617,440.0
2026-08-14 21:25:00,2026-08-14 18:25:00,2026-08-15 02:25:00,93.616,93.632,93.616,93.621,457.0
2026-08-14 21:30:00,2026-08-14 18:30:00,2026-08-15 02:30:00,93.621,93.629,93.612,93.617,413.0
2026-08-14 21:35:00,2026-08-14 18:35:00,2026-08-15 02:35:00,93.617,93.628,93.605,93.607,434.0
2026-08-14 21:40:00,2026-08-14 18:40:00,2026-08-15 02:40:00,93.609,93.609,93.591,93.602,359.0
2026-08-14 21:45:00,2026-08-14 18:45:00,2026-08-15 02:45:00,93.599,93.611,93.595,93.607,354.0
2026-08-14 21:50:00,2026-08-14 18:50:00,2026-08-15 02:50:00,93.607,93.629,93.605,93.618,409.0
2026-08-14 21:55:00,2026-08-14 18:55:00,2026-08-15 02:55:00,93.615,93.631,93.61,93.628,433.0
2026-08-14 22:00:00,2026-08-14 19:00:00,2026-08-15 03:00:00,93.629,93.653,93.628,93.636,563.0
2026-08-14 22:05:00,2026-08-14 19:05:00,2026-08-15 03:05:00,93.637,93.637,93.623,93.624,401.0
2026-08-14 22:10:00,2026-08-14 19:10:00,2026-08-15 03:10:00,93.624,93.651,93.624,93.651,455.0
2026-08-14 22:15:00,2026-08-14 19:15:00,2026-08-15 03:15:00,93.649,93.655,93.636,93.643,600.0
2026-08-14 22:20:00,2026-08-14 19:20:00,2026-08-15 03:20:00,93.644,93.678,93.641,93.676,483.0
2026-08-14 22:25:00,2026-08-14 19:25:00,2026-08-15 03:25:00,93.677,93.702,93.677,93.687,458.0
2026-08-14 22:30:00,2026-08-14 19:30:00,2026-08-15 03:30:00,93.686,93.707,93.681,93.705,488.0
2026-08-14 22:35:00,2026-08-14 19:35:00,2026-08-15 03:35:00,93.705,93.714,93.692,93.697,610.0
2026-08-14 22:40:00,2026-08-14 19:40:00,2026-08-15 03:40:00,93.695,93.715,93.678,93.685,694.0
2026-08-14 22:45:00,2026-08-14 19:45:00,2026-08-15 03:45:00,93.685,93.688,93.664,93.672,516.0
2026-08-14 22:50:00,2026-08-14 19:50:00,2026-08-15 03:50:00,93.673,93.69,93.661,93.687,632.0
2026-08-14 22:55:00,2026-08-14 19:55:00,2026-08-15 03:55:00,93.688,93.697,93.678,93.684,612.0
2026-08-14 23:00:00,2026-08-14 20:00:00,2026-08-15 04:00:00,93.683,93.686,93.658,93.671,841.0
2026-08-14 23:05:00,2026-08-14 20:05:00,2026-08-15 04:05:00,93.67,93.679,93.592,93.637,888.0
2026-08-14 23:10:00,2026-08-14 20:10:00,2026-08-15 04:10:00,93.636,93.636,93.61,93.622,751.0
2026-08-14 23:15:00,2026-08-14 20:15:00,2026-08-15 04:15:00,93.621,93.627,93.59,93.601,845.0
2026-08-14 23:20:00,2026-08-14 20:20:00,2026-08-15 04:20:00,93.603,93.623,93.572,93.591,1174.0
2026-08-14 23:25:00,2026-08-14 20:25:00,2026-08-15 04:25:00,93.592,93.606,93.56,93.584,959.0
2026-08-14 23:30:00,2026-08-14 20:30:00,2026-08-15 04:30:00,93.583,93.589,93.513,93.515,1421.0
2026-08-14 23:35:00,2026-08-14 20:35:00,2026-08-15 04:35:00,93.515,93.565,93.507,93.547,1255.0
2026-08-14 23:40:00,2026-08-14 20:40:00,2026-08-15 04:40:00,93.548,93.586,93.548,93.577,1047.0
2026-08-14 23:45:00,2026-08-14 20:45:00,2026-08-15 04:45:00,93.579,93.599,93.57,93.591,1042.0
2026-08-14 23:50:00,2026-08-14 20:50:00,2026-08-15 04:50:00,93.59,93.601,93.562,93.588,994.0
2026-08-14 23:55:00,2026-08-14 20:55:00,2026-08-15 04:55:00,93.587,93.606,93.583,93.595,1051.0
2026-08-15 00:00:00,2026-08-14 21:00:00,2026-08-15 05:00:00,93.592,93.619,93.587,93.615,1072.0
2026-08-15 00:05:00,2026-08-14 21:05:00,2026-08-15 05:05:00,93.615,93.635,93.596,93.635,868.0
2026-08-15 00:10:00,2026-08-14 21:10:00,2026-08-15 05:10:00,93.632,93.638,93.612,93.625,851.0
2026-08-15 00:15:00,2026-08-14 21:15:00,2026-08-15 05:15:00,93.628,93.649,93.622,93.626,834.0
2026-08-15 00:20:00,2026-08-14 21:20:00,2026-08-15 05:20:00,93.625,93.631,93.594,93.607,971.0
2026-08-15 00:25:00,2026-08-14 21:25:00,2026-08-15 05:25:00,93.606,93.622,93.598,93.616,899.0
2026-08-15 00:30:00,2026-08-14 21:30:00,2026-08-15 05:30:00,93.616,93.627,93.591,93.599,1026.0
2026-08-15 00:35:00,2026-08-14 21:35:00,2026-08-15 05:35:00,93.599,93.635,93.58,93.635,1101.0
2026-08-15 00:40:00,2026-08-14 21:40:00,2026-08-15 05:40:00,93.639,93.66,93.624,93.638,1047.0
2026-08-15 00:45:00,2026-08-14 21:45:00,2026-08-15 05:45:00,93.637,93.672,93.636,93.643,1150.0
2026-08-15 00:50:00,2026-08-14 21:50:00,2026-08-15 05:50:00,93.644,93.673,93.629,93.666,1093.0
2026-08-15 00:55:00,2026-08-14 21:55:00,2026-08-15 05:55:00,93.668,93.685,93.652,93.684,948.0
2026-08-15 01:00:00,2026-08-14 22:00:00,2026-08-15 06:00:00,93.682,93.719,93.677,93.704,1089.0
2026-08-15 01:05:00,2026-08-14 22:05:00,2026-08-15 06:05:00,93.703,93.726,93.698,93.722,1011.0
2026-08-15 01:10:00,2026-08-14 22:10:00,2026-08-15 06:10:00,93.721,93.739,93.714,93.716,1026.0
2026-08-15 01:15:00,2026-08-14 22:15:00,2026-08-15 06:15:00,93.716,93.738,93.706,93.715,970.0
2026-08-15 01:20:00,2026-08-14 22:20:00,2026-08-15 06:20:00,93.713,93.721,93.696,93.71,821.0
2026-08-15 01:25:00,2026-08-14 22:25:00,2026-08-15 06:25:00,93.709,93.723,93.687,93.692,1024.0
2026-08-15 01:30:00,2026-08-14 22:30:00,2026-08-15 06:30:00,93.693,93.7,93.675,93.683,901.0
2026-08-15 01:35:00,2026-08-14 22:35:00,2026-08-15 06:35:00,93.685,93.685,93.661,93.68,887.0
2026-08-15 01:40:00,2026-08-14 22:40:00,2026-08-15 06:40:00,93.681,93.683,93.664,93.674,1020.0
2026-08-15 01:45:00,2026-08-14 22:45:00,2026-08-15 06:45:00,93.673,93.682,93.658,93.666,934.0
2026-08-15 01:50:00,2026-08-14 22:50:00,2026-08-15 06:50:00,93.666,93.686,93.659,93.678,754.0
2026-08-15 01:55:00,2026-08-14 22:55:00,2026-08-15 06:55:00,93.678,93.72,93.663,93.703,932.0
2026-08-15 02:00:00,2026-08-14 23:00:00,2026-08-15 07:00:00,93.703,93.735,93.695,93.721,1030.0
2026-08-15 02:05:00,2026-08-14 23:05:00,2026-08-15 07:05:00,93.72,93.752,93.719,93.749,753.0
2026-08-15 02:10:00,2026-08-14 23:10:00,2026-08-15 07:10:00,93.749,93.775,93.737,93.764,913.0
2026-08-15 02:15:00,2026-08-14 23:15:00,2026-08-15 07:15:00,93.766,93.798,93.766,93.793,805.0
2026-08-15 02:20:00,2026-08-14 23:20:00,2026-08-15 07:20:00,93.793,93.808,93.78,93.802,836.0
2026-08-15 02:25:00,2026-08-14 23:25:00,2026-08-15 07:25:00,93.803,93.808,93.792,93.806,912.0
2026-08-15 02:30:00,2026-08-14 23:30:00,2026-08-15 07:30:00,93.803,93.816,93.798,93.808,867.0
2026-08-15 02:35:00,2026-08-14 23:35:00,2026-08-15 07:35:00,93.807,93.826,93.8,93.815,767.0
2026-08-15 02:40:00,2026-08-14 23:40:00,2026-08-15 07:40:00,93.817,93.842,93.809,93.839,822.0
2026-08-15 02:45:00,2026-08-14 23:45:00,2026-08-15 07:45:00,93.838,93.887,93.835,93.866,784.0
2026-08-15 02:50:00,2026-08-14 23:50:00,2026-08-15 07:50:00,93.865,93.882,93.859,93.86,699.0
2026-08-15 02:55:00,2026-08-14 23:55:00,2026-08-15 07:55:00,93.862,93.87,93.854,93.862,731.0
2026-08-15 03:00:00,2026-08-15 00:00:00,2026-08-15 08:00:00,93.863,93.884,93.863,93.879,629.0
2026-08-15 03:05:00,2026-08-15 00:05:00,2026-08-15 08:05:00,93.879,93.919,93.879,93.891,598.0
2026-08-15 03:10:00,2026-08-15 00:10:00,2026-08-15 08:10:00,93.892,93.899,93.875,93.879,561.0
2026-08-15 03:15:00,2026-08-15 00:15:00,2026-08-15 08:15:00,93.878,93.888,93.869,93.879,570.0
2026-08-15 03:20:00,2026-08-15 00:20:00,2026-08-15 08:20:00,93.878,93.882,93.867,93.875,556.0
2026-08-15 03:25:00,2026-08-15 00:25:00,2026-08-15 08:25:00,93.878,93.896,93.876,93.884,564.0
2026-08-15 03:30:00,2026-08-15 00:30:00,2026-08-15 08:30:00,93.884,93.89,93.862,93.874,593.0
2026-08-15 03:35:00,2026-08-15 00:35:00,2026-08-15 08:35:00,93.873,93.898,93.872,93.881,520.0
2026-08-15 03:40:00,2026-08-15 00:40:00,2026-08-15 08:40:00,93.88,93.887,93.866,93.87,572.0
2026-08-15 03:45:00,2026-08-15 00:45:00,2026-08-15 08:45:00,93.869,93.871,93.855,93.866,489.0
2026-08-15 03:50:00,2026-08-15 00:50:00,2026-08-15 08:50:00,93.865,93.867,93.85,93.858,501.0
2026-08-15 03:55:00,2026-08-15 00:55:00,2026-08-15 08:55:00,93.859,93.867,93.847,93.855,442.0
2026-08-15 04:00:00,2026-08-15 01:00:00,2026-08-15 09:00:00,93.854,93.865,93.847,93.855,585.0
2026-08-15 04:05:00,2026-08-15 01:05:00,2026-08-15 09:05:00,93.854,93.862,93.844,93.846,425.0
2026-08-15 04:10:00,2026-08-15 01:10:00,2026-08-15 09:10:00,93.845,93.845,93.819,93.829,560.0
2026-08-15 04:15:00,2026-08-15 01:15:00,2026-08-15 09:15:00,93.83,93.838,93.803,93.808,404.0
2026-08-15 04:20:00,2026-08-15 01:20:00,2026-08-15 09:20:00,93.808,93.821,93.8,93.814,482.0
2026-08-15 04:25:00,2026-08-15 01:25:00,2026-08-15 09:25:00,93.817,93.819,93.802,93.806,371.0
2026-08-15 04:30:00,2026-08-15 01:30:00,2026-08-15 09:30:00,93.805,93.813,93.8,93.808,360.0
2026-08-15 04:35:00,2026-08-15 01:35:00,2026-08-15 09:35:00,93.808,93.813,93.793,93.794,548.0
2026-08-15 04:40:00,2026-08-15 01:40:00,2026-08-15 09:40:00,93.793,93.798,93.78,93.782,369.0
2026-08-15 04:45:00,2026-08-15 01:45:00,2026-08-15 09:45:00,93.783,93.794,93.781,93.784,432.0
2026-08-15 04:50:00,2026-08-15 01:50:00,2026-08-15 09:50:00,93.785,93.793,93.778,93.79,342.0
2026-08-15 04:55:00,2026-08-15 01:55:00,2026-08-15 09:55:00,93.788,93.795,93.784,93.793,360.0
2026-08-15 05:00:00,2026-08-15 02:00:00,2026-08-15 10:00:00,93.789,93.79,93.777,93.782,454.0
2026-08-15 05:05:00,2026-08-15 02:05:00,2026-08-15 10:05:00,93.781,93.804,93.781,93.801,431.0
2026-08-15 05:10:00,2026-08-15 02:10:00,2026-08-15 10:10:00,93.8,93.802,93.784,93.795,407.0
2026-08-15 05:15:00,2026-08-15 02:15:00,2026-08-15 10:15:00,93.795,93.797,93.785,93.789,378.0
2026-08-15 05:20:00,2026-08-15 02:20:00,2026-08-15 10:20:00,93.789,93.808,93.789,93.805,343.0
2026-08-15 05:25:00,2026-08-15 02:25:00,2026-08-15 10:25:00,93.805,93.819,93.805,93.818,384.0
2026-08-15 05:30:00,2026-08-15 02:30:00,2026-08-15 10:30:00,93.818,93.823,93.803,93.812,384.0
2026-08-15 05:35:00,2026-08-15 02:35:00,2026-08-15 10:35:00,93.813,93.829,93.813,93.828,287.0
2026-08-15 05:40:00,2026-08-15 02:40:00,2026-08-15 10:40:00,93.825,93.833,93.818,93.818,248.0
2026-08-15 05:45:00,2026-08-15 02:45:00,2026-08-15 10:45:00,93.817,93.831,93.812,93.825,322.0
2026-08-15 05:50:00,2026-08-15 02:50:00,2026-08-15 10:50:00,93.827,93.842,93.827,93.841,216.0
2026-08-15 05:55:00,2026-08-15 02:55:00,2026-08-15 10:55:00,93.843,93.844,93.832,93.839,261.0
2026-08-15 06:00:00,2026-08-15 03:00:00,2026-08-15 11:00:00,93.835,93.854,93.833,93.847,334.0
2026-08-15 06:05:00,2026-08-15 03:05:00,2026-08-15 11:05:00,93.849,93.859,93.838,93.858,371.0
2026-08-15 06:10:00,2026-08-15 03:10:00,2026-08-15 11:10:00,93.86,93.869,93.852,93.857,347.0
2026-08-15 06:15:00,2026-08-15 03:15:00,2026-08-15 11:15:00,93.857,93.86,93.843,93.849,330.0
2026-08-15 06:20:00,2026-08-15 03:20:00,2026-08-15 11:20:00,93.849,93.869,93.847,93.865,341.0
2026-08-15 06:25:00,2026-08-15 03:25:00,2026-08-15 11:25:00,93.864,93.872,93.857,93.859,376.0
2026-08-15 06:30:00,2026-08-15 03:30:00,2026-08-15 11:30:00,93.859,93.863,93.842,93.842,426.0
2026-08-15 06:35:00,2026-08-15 03:35:00,2026-08-15 11:35:00,93.84,93.847,93.828,93.841,368.0
2026-08-15 06:40:00,2026-08-15 03:40:00,2026-08-15 11:40:00,93.842,93.854,93.832,93.833,370.0
2026-08-15 06:45:00,2026-08-15 03:45:00,2026-08-15 11:45:00,93.83,93.85,93.83,93.844,312.0
2026-08-15 06:50:00,2026-08-15 03:50:00,2026-08-15 11:50:00,93.844,93.854,93.836,93.844,404.0
2026-08-15 06:55:00,2026-08-15 03:55:00,2026-08-15 11:55:00,93.842,93.856,93.838,93.855,403.0
2026-08-15 07:00:00,2026-08-15 04:00:00,2026-08-15 12:00:00,93.855,93.856,93.838,93.849,380.0
2026-08-15 07:05:00,2026-08-15 04:05:00,2026-08-15 12:05:00,93.85,93.851,93.829,93.849,288.0
2026-08-15 07:10:00,2026-08-15 04:10:00,2026-08-15 12:10:00,93.849,93.854,93.836,93.837,287.0
2026-08-15 07:15:00,2026-08-15 04:15:00,2026-08-15 12:15:00,93.838,93.841,93.832,93.833,237.0
2026-08-15 07:20:00,2026-08-15 04:20:00,2026-08-15 12:20:00,93.827,93.84,93.827,93.84,181.0
2026-08-15 07:25:00,2026-08-15 04:25:00,2026-08-15 12:25:00,93.842,93.843,93.823,93.835,187.0
2026-08-15 07:30:00,2026-08-15 04:30:00,2026-08-15 12:30:00,93.836,93.848,93.831,93.84,194.0
2026-08-15 07:35:00,2026-08-15 04:35:00,2026-08-15 12:35:00,93.838,93.856,93.837,93.843,202.0
2026-08-15 07:40:00,2026-08-15 04:40:00,2026-08-15 12:40:00,93.841,93.848,93.834,93.839,176.0
2026-08-15 07:45:00,2026-08-15 04:45:00,2026-08-15 12:45:00,93.84,93.854,93.832,93.834,182.0
2026-08-15 07:50:00,2026-08-15 04:50:00,2026-08-15 12:50:00,93.835,93.847,93.83,93.83,199.0
2026-08-17 08:10:00,2026-08-17 05:10:00,2026-08-17 13:10:00,93.733,93.733,93.73,93.733,16.0
2026-08-17 08:15:00,2026-08-17 05:15:00,2026-08-17 13:15:00,93.733,93.738,93.721,93.738,45.0
2026-08-17 08:20:00,2026-08-17 05:20:00,2026-08-17 13:20:00,93.738,93.756,93.738,93.756,25.0
2026-08-17 08:25:00,2026-08-17 05:25:00,2026-08-17 13:25:00,93.756,93.767,93.756,93.767,57.0
2026-08-17 08:30:00,2026-08-17 05:30:00,2026-08-17 13:30:00,93.767,93.795,93.767,93.791,1049.0
2026-08-17 08:35:00,2026-08-17 05:35:00,2026-08-17 13:35:00,93.791,93.826,93.779,93.78,565.0
2026-08-17 08:40:00,2026-08-17 05:40:00,2026-08-17 13:40:00,93.782,93.816,93.754,93.81,91.0
2026-08-17 08:45:00,2026-08-17 05:45:00,2026-08-17 13:45:00,93.811,93.819,93.787,93.803,60.0
2026-08-17 08:50:00,2026-08-17 05:50:00,2026-08-17 13:50:00,93.803,93.803,93.778,93.78,51.0
2026-08-17 08:55:00,2026-08-17 05:55:00,2026-08-17 13:55:00,93.778,93.78,93.645,93.645,153.0
2026-08-17 09:00:00,2026-08-17 06:00:00,2026-08-17 14:00:00,93.715,93.858,93.709,93.857,543.0
2026-08-17 09:05:00,2026-08-17 06:05:00,2026-08-17 14:05:00,93.858,93.863,93.851,93.851,115.0
2026-08-17 09:10:00,2026-08-17 06:10:00,2026-08-17 14:10:00,93.852,93.861,93.845,93.846,122.0
2026-08-17 09:15:00,2026-08-17 06:15:00,2026-08-17 14:15:00,93.85,93.858,93.837,93.842,149.0
2026-08-17 09:20:00,2026-08-17 06:20:00,2026-08-17 14:20:00,93.842,93.843,93.817,93.826,187.0
2026-08-17 09:25:00,2026-08-17 06:25:00,2026-08-17 14:25:00,93.824,93.833,93.822,93.827,99.0
2026-08-17 09:30:00,2026-08-17 06:30:00,2026-08-17 14:30:00,93.824,93.831,93.812,93.818,205.0
2026-08-17 09:35:00,2026-08-17 06:35:00,2026-08-17 14:35:00,93.818,93.824,93.797,93.819,309.0
2026-08-17 09:40:00,2026-08-17 06:40:00,2026-08-17 14:40:00,93.815,93.835,93.815,93.822,193.0
2026-08-17 09:45:00,2026-08-17 06:45:00,2026-08-17 14:45:00,93.822,93.822,93.806,93.806,154.0
2026-08-17 09:50:00,2026-08-17 06:50:00,2026-08-17 14:50:00,93.806,93.808,93.785,93.801,152.0
2026-08-17 09:55:00,2026-08-17 06:55:00,2026-08-17 14:55:00,93.802,93.817,93.775,93.775,294.0
2026-08-17 10:00:00,2026-08-17 07:00:00,2026-08-17 15:00:00,93.777,93.794,93.773,93.787,257.0
2026-08-17 10:05:00,2026-08-17 07:05:00,2026-08-17 15:05:00,93.786,93.796,93.779,93.782,284.0
2026-08-17 10:10:00,2026-08-17 07:10:00,2026-08-17 15:10:00,93.781,93.804,93.769,93.801,200.0
2026-08-17 10:15:00,2026-08-17 07:15:00,2026-08-17 15:15:00,93.801,93.823,93.801,93.823,121.0
2026-08-17 10:20:00,2026-08-17 07:20:00,2026-08-17 15:20:00,93.825,93.827,93.812,93.816,138.0
2026-08-17 10:25:00,2026-08-17 07:25:00,2026-08-17 15:25:00,93.816,93.818,93.798,93.798,143.0
2026-08-17 10:30:00,2026-08-17 07:30:00,2026-08-17 15:30:00,93.797,93.809,93.79,93.794,189.0
2026-08-17 10:35:00,2026-08-17 07:35:00,2026-08-17 15:35:00,93.795,93.798,93.782,93.798,163.0
2026-08-17 10:40:00,2026-08-17 07:40:00,2026-08-17 15:40:00,93.798,93.798,93.782,93.785,190.0
2026-08-17 10:45:00,2026-08-17 07:45:00,2026-08-17 15:45:00,93.786,93.8,93.785,93.797,173.0
2026-08-17 10:50:00,2026-08-17 07:50:00,2026-08-17 15:50:00,93.801,93.82,93.789,93.8,273.0
2026-08-17 10:55:00,2026-08-17 07:55:00,2026-08-17 15:55:00,93.799,93.802,93.779,93.78,266.0
2026-08-17 11:00:00,2026-08-17 08:00:00,2026-08-17 16:00:00,93.781,93.847,93.774,93.831,780.0
2026-08-17 11:05:00,2026-08-17 08:05:00,2026-08-17 16:05:00,93.83,93.865,93.829,93.856,561.0
2026-08-17 11:10:00,2026-08-17 08:10:00,2026-08-17 16:10:00,93.856,93.871,93.845,93.871,514.0
2026-08-17 11:15:00,2026-08-17 08:15:00,2026-08-17 16:15:00,93.87,93.903,93.855,93.884,470.0
2026-08-17 11:20:00,2026-08-17 08:20:00,2026-08-17 16:20:00,93.883,93.928,93.865,93.923,532.0
2026-08-17 11:25:00,2026-08-17 08:25:00,2026-08-17 16:25:00,93.924,93.951,93.901,93.949,650.0
2026-08-17 11:30:00,2026-08-17 08:30:00,2026-08-17 16:30:00,93.948,93.96,93.932,93.948,549.0
2026-08-17 11:35:00,2026-08-17 08:35:00,2026-08-17 16:35:00,93.948,93.956,93.939,93.953,476.0
2026-08-17 11:40:00,2026-08-17 08:40:00,2026-08-17 16:40:00,93.952,93.96,93.935,93.937,542.0
2026-08-17 11:45:00,2026-08-17 08:45:00,2026-08-17 16:45:00,93.938,93.967,93.931,93.964,373.0
2026-08-17 11:50:00,2026-08-17 08:50:00,2026-08-17 16:50:00,93.964,93.982,93.935,93.959,751.0
2026-08-17 11:55:00,2026-08-17 08:55:00,2026-08-17 16:55:00,93.959,93.962,93.938,93.958,701.0
2026-08-17 12:00:00,2026-08-17 09:00:00,2026-08-17 17:00:00,93.959,93.964,93.928,93.942,782.0
2026-08-17 12:05:00,2026-08-17 09:05:00,2026-08-17 17:05:00,93.941,93.946,93.911,93.913,591.0
2026-08-17 12:10:00,2026-08-17 09:10:00,2026-08-17 17:10:00,93.913,93.919,93.898,93.912,505.0
2026-08-17 12:15:00,2026-08-17 09:15:00,2026-08-17 17:15:00,93.913,93.923,93.901,93.902,469.0
2026-08-17 12:20:00,2026-08-17 09:20:00,2026-08-17 17:20:00,93.903,93.93,93.9,93.914,584.0
2026-08-17 12:25:00,2026-08-17 09:25:00,2026-08-17 17:25:00,93.913,93.944,93.913,93.929,578.0
2026-08-17 12:30:00,2026-08-17 09:30:00,2026-08-17 17:30:00,93.929,93.931,93.912,93.915,585.0
2026-08-17 12:35:00,2026-08-17 09:35:00,2026-08-17 17:35:00,93.916,93.931,93.907,93.931,594.0
2026-08-17 12:40:00,2026-08-17 09:40:00,2026-08-17 17:40:00,93.93,93.973,93.927,93.969,647.0
2026-08-17 12:45:00,2026-08-17 09:45:00,2026-08-17 17:45:00,93.968,93.99,93.958,93.961,543.0
2026-08-17 12:50:00,2026-08-17 09:50:00,2026-08-17 17:50:00,93.96,93.978,93.954,93.957,472.0
2026-08-17 12:55:00,2026-08-17 09:55:00,2026-08-17 17:55:00,93.956,93.957,93.944,93.948,304.0
2026-08-17 13:00:00,2026-08-17 10:00:00,2026-08-17 18:00:00,93.948,93.955,93.939,93.945,271.0
2026-08-17 13:05:00,2026-08-17 10:05:00,2026-08-17 18:05:00,93.946,93.947,93.923,93.93,393.0
2026-08-17 13:10:00,2026-08-17 10:10:00,2026-08-17 18:10:00,93.931,93.932,93.907,93.913,395.0
2026-08-17 13:15:00,2026-08-17 10:15:00,2026-08-17 18:15:00,93.913,93.919,93.878,93.885,557.0
2026-08-17 13:20:00,2026-08-17 10:20:00,2026-08-17 18:20:00,93.884,93.903,93.884,93.898,372.0
2026-08-17 13:25:00,2026-08-17 10:25:00,2026-08-17 18:25:00,93.896,93.913,93.881,93.908,399.0
2026-08-17 13:30:00,2026-08-17 10:30:00,2026-08-17 18:30:00,93.909,93.922,93.884,93.884,601.0
2026-08-17 13:35:00,2026-08-17 10:35:00,2026-08-17 18:35:00,93.885,93.921,93.878,93.917,453.0
2026-08-17 13:40:00,2026-08-17 10:40:00,2026-08-17 18:40:00,93.916,93.937,93.902,93.904,404.0
2026-08-17 13:45:00,2026-08-17 10:45:00,2026-08-17 18:45:00,93.903,93.918,93.899,93.918,385.0
2026-08-17 13:50:00,2026-08-17 10:50:00,2026-08-17 18:50:00,93.917,93.918,93.903,93.904,342.0
2026-08-17 13:55:00,2026-08-17 10:55:00,2026-08-17 18:55:00,93.903,93.904,93.881,93.893,336.0
2026-08-17 14:00:00,2026-08-17 11:00:00,2026-08-17 19:00:00,93.894,93.931,93.891,93.925,430.0
2026-08-17 14:05:00,2026-08-17 11:05:00,2026-08-17 19:05:00,93.924,93.938,93.923,93.927,363.0
2026-08-17 14:10:00,2026-08-17 11:10:00,2026-08-17 19:10:00,93.928,93.934,93.92,93.928,316.0
2026-08-17 14:15:00,2026-08-17 11:15:00,2026-08-17 19:15:00,93.927,93.946,93.922,93.945,370.0
2026-08-17 14:20:00,2026-08-17 11:20:00,2026-08-17 19:20:00,93.946,93.946,93.928,93.934,269.0
2026-08-17 14:25:00,2026-08-17 11:25:00,2026-08-17 19:25:00,93.935,93.951,93.926,93.948,270.0
2026-08-17 14:30:00,2026-08-17 11:30:00,2026-08-17 19:30:00,93.948,93.959,93.939,93.939,269.0
2026-08-17 14:35:00,2026-08-17 11:35:00,2026-08-17 19:35:00,93.941,93.946,93.91,93.921,336.0
2026-08-17 14:40:00,2026-08-17 11:40:00,2026-08-17 19:40:00,93.921,93.936,93.917,93.933,292.0
2026-08-17 14:45:00,2026-08-17 11:45:00,2026-08-17 19:45:00,93.934,93.951,93.93,93.945,264.0
2026-08-17 14:50:00,2026-08-17 11:50:00,2026-08-17 19:50:00,93.946,93.961,93.939,93.957,273.0
2026-08-17 14:55:00,2026-08-17 11:55:00,2026-08-17 19:55:00,93.956,93.965,93.934,93.963,390.0
2026-08-17 15:00:00,2026-08-17 12:00:00,2026-08-17 20:00:00,93.963,93.964,93.946,93.951,422.0
2026-08-17 15:05:00,2026-08-17 12:05:00,2026-08-17 20:05:00,93.949,93.977,93.949,93.965,441.0
2026-08-17 15:10:00,2026-08-17 12:10:00,2026-08-17 20:10:00,93.965,93.983,93.953,93.977,355.0
2026-08-17 15:15:00,2026-08-17 12:15:00,2026-08-17 20:15:00,93.978,93.981,93.962,93.981,295.0
2026-08-17 15:20:00,2026-08-17 12:20:00,2026-08-17 20:20:00,93.98,94.018,93.98,94.009,313.0
2026-08-17 15:25:00,2026-08-17 12:25:00,2026-08-17 20:25:00,94.008,94.033,94.001,94.01,440.0
2026-08-17 15:30:00,2026-08-17 12:30:00,2026-08-17 20:30:00,94.011,94.028,93.985,93.988,348.0
2026-08-17 15:35:00,2026-08-17 12:35:00,2026-08-17 20:35:00,93.987,93.995,93.976,93.985,335.0
2026-08-17 15:40:00,2026-08-17 12:40:00,2026-08-17 20:40:00,93.986,94.015,93.985,94.008,318.0
2026-08-17 15:45:00,2026-08-17 12:45:00,2026-08-17 20:45:00,94.009,94.014,94.0,94.013,245.0
2026-08-17 15:50:00,2026-08-17 12:50:00,2026-08-17 20:50:00,94.012,94.021,94.006,94.006,182.0
2026-08-17 15:55:00,2026-08-17 12:55:00,2026-08-17 20:55:00,94.007,94.025,94.003,94.022,325.0
2026-08-17 16:00:00,2026-08-17 13:00:00,2026-08-17 21:00:00,94.022,94.04,94.021,94.036,292.0
2026-08-17 16:05:00,2026-08-17 13:05:00,2026-08-17 21:05:00,94.037,94.05,94.031,94.049,321.0
2026-08-17 16:10:00,2026-08-17 13:10:00,2026-08-17 21:10:00,94.05,94.053,94.02,94.026,409.0
2026-08-17 16:15:00,2026-08-17 13:15:00,2026-08-17 21:15:00,94.025,94.048,94.025,94.04,356.0
2026-08-17 16:20:00,2026-08-17 13:20:00,2026-08-17 21:20:00,94.041,94.063,94.04,94.061,439.0
2026-08-17 16:25:00,2026-08-17 13:25:00,2026-08-17 21:25:00,94.059,94.065,94.042,94.044,467.0
2026-08-17 16:30:00,2026-08-17 13:30:00,2026-08-17 21:30:00,94.043,94.069,94.043,94.056,562.0
2026-08-17 16:35:00,2026-08-17 13:35:00,2026-08-17 21:35:00,94.056,94.062,94.028,94.053,571.0
2026-08-17 16:40:00,2026-08-17 13:40:00,2026-08-17 21:40:00,94.054,94.054,94.007,94.053,744.0
2026-08-17 16:45:00,2026-08-17 13:45:00,2026-08-17 21:45:00,94.054,94.073,94.043,94.073,465.0
2026-08-17 16:50:00,2026-08-17 13:50:00,2026-08-17 21:50:00,94.073,94.103,94.073,94.086,585.0
2026-08-17 16:55:00,2026-08-17 13:55:00,2026-08-17 21:55:00,94.088,94.118,94.088,94.096,731.0
2026-08-17 17:00:00,2026-08-17 14:00:00,2026-08-17 22:00:00,94.095,94.109,94.079,94.081,715.0
2026-08-17 17:05:00,2026-08-17 14:05:00,2026-08-17 22:05:00,94.08,94.095,94.065,94.068,477.0
2026-08-17 17:10:00,2026-08-17 14:10:00,2026-08-17 22:10:00,94.067,94.077,94.04,94.065,476.0
2026-08-17 17:15:00,2026-08-17 14:15:00,2026-08-17 22:15:00,94.065,94.071,94.055,94.061,469.0
2026-08-17 17:20:00,2026-08-17 14:20:00,2026-08-17 22:20:00,94.063,94.065,94.038,94.052,494.0
2026-08-17 17:25:00,2026-08-17 14:25:00,2026-08-17 22:25:00,94.053,94.075,94.053,94.066,576.0
2026-08-17 17:30:00,2026-08-17 14:30:00,2026-08-17 22:30:00,94.066,94.091,94.064,94.081,489.0
2026-08-17 17:35:00,2026-08-17 14:35:00,2026-08-17 22:35:00,94.081,94.115,94.077,94.101,508.0
2026-08-17 17:40:00,2026-08-17 14:40:00,2026-08-17 22:40:00,94.102,94.115,94.099,94.11,369.0
2026-08-17 17:45:00,2026-08-17 14:45:00,2026-08-17 22:45:00,94.11,94.125,94.108,94.121,625.0
2026-08-17 17:50:00,2026-08-17 14:50:00,2026-08-17 22:50:00,94.122,94.147,94.12,94.133,587.0
2026-08-17 17:55:00,2026-08-17 14:55:00,2026-08-17 22:55:00,94.133,94.141,94.119,94.132,724.0
2026-08-17 18:00:00,2026-08-17 15:00:00,2026-08-17 23:00:00,94.133,94.16,94.12,94.132,773.0
2026-08-17 18:05:00,2026-08-17 15:05:00,2026-08-17 23:05:00,94.131,94.136,94.089,94.098,610.0
2026-08-17 18:10:00,2026-08-17 15:10:00,2026-08-17 23:10:00,94.102,94.102,94.078,94.089,674.0
2026-08-17 18:15:00,2026-08-17 15:15:00,2026-08-17 23:15:00,94.089,94.097,94.058,94.063,574.0
2026-08-17 18:20:00,2026-08-17 15:20:00,2026-08-17 23:20:00,94.062,94.079,94.056,94.065,495.0
2026-08-17 18:25:00,2026-08-17 15:25:00,2026-08-17 23:25:00,94.065,94.106,94.061,94.091,626.0
2026-08-17 18:30:00,2026-08-17 15:30:00,2026-08-17 23:30:00,94.094,94.129,94.093,94.122,870.0
2026-08-17 18:35:00,2026-08-17 15:35:00,2026-08-17 23:35:00,94.123,94.131,94.104,94.109,655.0
2026-08-17 18:40:00,2026-08-17 15:40:00,2026-08-17 23:40:00,94.109,94.116,94.069,94.074,626.0
2026-08-17 18:45:00,2026-08-17 15:45:00,2026-08-17 23:45:00,94.075,94.091,94.068,94.084,635.0
2026-08-17 18:50:00,2026-08-17 15:50:00,2026-08-17 23:50:00,94.085,94.126,94.085,94.115,556.0
2026-08-17 18:55:00,2026-08-17 15:55:00,2026-08-17 23:55:00,94.116,94.135,94.104,94.105,610.0
2026-08-17 19:00:00,2026-08-17 16:00:00,2026-08-18 00:00:00,94.104,94.114,94.081,94.094,714.0
2026-08-17 19:05:00,2026-08-17 16:05:00,2026-08-18 00:05:00,94.093,94.108,94.089,94.096,656.0
2026-08-17 19:10:00,2026-08-17 16:10:00,2026-08-18 00:10:00,94.096,94.112,94.091,94.097,492.0
2026-08-17 19:15:00,2026-08-17 16:15:00,2026-08-18 00:15:00,94.097,94.124,94.095,94.117,480.0
2026-08-17 19:20:00,2026-08-17 16:20:00,2026-08-18 00:20:00,94.118,94.145,94.116,94.138,478.0
2026-08-17 19:25:00,2026-08-17 16:25:00,2026-08-18 00:25:00,94.137,94.163,94.133,94.161,621.0
2026-08-17 19:30:00,2026-08-17 16:30:00,2026-08-18 00:30:00,94.162,94.17,94.15,94.166,608.0
2026-08-17 19:35:00,2026-08-17 16:35:00,2026-08-18 00:35:00,94.165,94.214,94.149,94.213,595.0
2026-08-17 19:40:00,2026-08-17 16:40:00,2026-08-18 00:40:00,94.215,94.218,94.195,94.206,478.0
2026-08-17 19:45:00,2026-08-17 16:45:00,2026-08-18 00:45:00,94.206,94.228,94.197,94.201,495.0
2026-08-17 19:50:00,2026-08-17 16:50:00,2026-08-18 00:50:00,94.202,94.211,94.141,94.177,788.0
2026-08-17 19:55:00,2026-08-17 16:55:00,2026-08-18 00:55:00,94.178,94.217,94.17,94.205,801.0
2026-08-17 20:00:00,2026-08-17 17:00:00,2026-08-18 01:00:00,94.204,94.225,94.202,94.225,699.0
2026-08-17 20:05:00,2026-08-17 17:05:00,2026-08-18 01:05:00,94.226,94.229,94.216,94.218,671.0
2026-08-17 20:10:00,2026-08-17 17:10:00,2026-08-18 01:10:00,94.218,94.223,94.2,94.203,442.0
2026-08-17 20:15:00,2026-08-17 17:15:00,2026-08-18 01:15:00,94.202,94.208,94.193,94.201,503.0
2026-08-17 20:20:00,2026-08-17 17:20:00,2026-08-18 01:20:00,94.201,94.201,94.178,94.195,514.0
2026-08-17 20:25:00,2026-08-17 17:25:00,2026-08-18 01:25:00,94.198,94.231,94.197,94.223,432.0
2026-08-17 20:30:00,2026-08-17 17:30:00,2026-08-18 01:30:00,94.224,94.245,94.222,94.233,437.0
2026-08-17 20:35:00,2026-08-17 17:35:00,2026-08-18 01:35:00,94.234,94.24,94.212,94.239,379.0
2026-08-17 20:40:00,2026-08-17 17:40:00,2026-08-18 01:40:00,94.238,94.266,94.235,94.259,426.0
2026-08-17 20:45:00,2026-08-17 17:45:00,2026-08-18 01:45:00,94.259,94.276,94.254,94.269,428.0
2026-08-17 20:50:00,2026-08-17 17:50:00,2026-08-18 01:50:00,94.269,94.289,94.255,94.289,456.0
2026-08-17 20:55:00,2026-08-17 17:55:00,2026-08-18 01:55:00,94.289,94.292,94.267,94.275,464.0
2026-08-17 21:00:00,2026-08-17 18:00:00,2026-08-18 02:00:00,94.277,94.284,94.271,94.276,473.0
2026-08-17 21:05:00,2026-08-17 18:05:00,2026-08-18 02:05:00,94.276,94.283,94.267,94.267,447.0
2026-08-17 21:10:00,2026-08-17 18:10:00,2026-08-18 02:10:00,94.268,94.283,94.263,94.276,410.0
2026-08-17 21:15:00,2026-08-17 18:15:00,2026-08-18 02:15:00,94.276,94.282,94.267,94.267,412.0
2026-08-17 21:20:00,2026-08-17 18:20:00,2026-08-18 02:20:00,94.268,94.279,94.263,94.271,328.0
2026-08-17 21:25:00,2026-08-17 18:25:00,2026-08-18 02:25:00,94.272,94.287,94.261,94.28,456.0
2026-08-17 21:30:00,2026-08-17 18:30:00,2026-08-18 02:30:00,94.277,94.288,94.241,94.249,920.0
2026-08-17 21:35:00,2026-08-17 18:35:00,2026-08-18 02:35:00,94.25,94.256,94.232,94.246,402.0
2026-08-17 21:40:00,2026-08-17 18:40:00,2026-08-18 02:40:00,94.245,94.263,94.243,94.253,383.0
2026-08-17 21:45:00,2026-08-17 18:45:00,2026-08-18 02:45:00,94.252,94.265,94.25,94.258,339.0
2026-08-17 21:50:00,2026-08-17 18:50:00,2026-08-18 02:50:00,94.255,94.272,94.251,94.265,320.0
2026-08-17 21:55:00,2026-08-17 18:55:00,2026-08-18 02:55:00,94.264,94.273,94.247,94.254,359.0
2026-08-17 22:00:00,2026-08-17 19:00:00,2026-08-18 03:00:00,94.254,94.277,94.246,94.269,475.0
2026-08-17 22:05:00,2026-08-17 19:05:00,2026-08-18 03:05:00,94.269,94.292,94.266,94.285,340.0
2026-08-17 22:10:00,2026-08-17 19:10:00,2026-08-18 03:10:00,94.285,94.285,94.256,94.256,360.0
2026-08-17 22:15:00,2026-08-17 19:15:00,2026-08-18 03:15:00,94.254,94.261,94.238,94.245,390.0
2026-08-17 22:20:00,2026-08-17 19:20:00,2026-08-18 03:20:00,94.246,94.257,94.238,94.25,497.0
2026-08-17 22:25:00,2026-08-17 19:25:00,2026-08-18 03:25:00,94.252,94.268,94.244,94.252,382.0
2026-08-17 22:30:00,2026-08-17 19:30:00,2026-08-18 03:30:00,94.251,94.251,94.216,94.217,395.0
2026-08-17 22:35:00,2026-08-17 19:35:00,2026-08-18 03:35:00,94.22,94.224,94.209,94.219,341.0
2026-08-17 22:40:00,2026-08-17 19:40:00,2026-08-18 03:40:00,94.218,94.218,94.194,94.2,470.0
2026-08-17 22:45:00,2026-08-17 19:45:00,2026-08-18 03:45:00,94.199,94.211,94.193,94.198,363.0
2026-08-17 22:50:00,2026-08-17 19:50:00,2026-08-18 03:50:00,94.199,94.211,94.196,94.204,356.0
2026-08-17 22:55:00,2026-08-17 19:55:00,2026-08-18 03:55:00,94.204,94.218,94.198,94.205,482.0
2026-08-17 23:00:00,2026-08-17 20:00:00,2026-08-18 04:00:00,94.203,94.215,94.186,94.207,680.0
2026-08-17 23:05:00,2026-08-17 20:05:00,2026-08-18 04:05:00,94.206,94.22,94.2,94.206,573.0
2026-08-17 23:10:00,2026-08-17 20:10:00,2026-08-18 04:10:00,94.205,94.212,94.197,94.198,520.0
2026-08-17 23:15:00,2026-08-17 20:15:00,2026-08-18 04:15:00,94.198,94.203,94.174,94.191,590.0
2026-08-17 23:20:00,2026-08-17 20:20:00,2026-08-18 04:20:00,94.191,94.206,94.186,94.19,571.0
2026-08-17 23:25:00,2026-08-17 20:25:00,2026-08-18 04:25:00,94.191,94.215,94.17,94.208,786.0
2026-08-17 23:30:00,2026-08-17 20:30:00,2026-08-18 04:30:00,94.209,94.219,94.165,94.185,626.0
2026-08-17 23:35:00,2026-08-17 20:35:00,2026-08-18 04:35:00,94.185,94.193,94.158,94.17,585.0
2026-08-17 23:40:00,2026-08-17 20:40:00,2026-08-18 04:40:00,94.171,94.205,94.17,94.194,545.0
2026-08-17 23:45:00,2026-08-17 20:45:00,2026-08-18 04:45:00,94.195,94.197,94.163,94.169,529.0
2026-08-17 23:50:00,2026-08-17 20:50:00,2026-08-18 04:50:00,94.169,94.197,94.157,94.188,596.0
2026-08-17 23:55:00,2026-08-17 20:55:00,2026-08-18 04:55:00,94.187,94.225,94.185,94.223,603.0
2026-08-18 00:00:00,2026-08-17 21:00:00,2026-08-18 05:00:00,94.222,94.242,94.208,94.239,849.0
2026-08-18 00:05:00,2026-08-17 21:05:00,2026-08-18 05:05:00,94.239,94.255,94.22,94.232,677.0
2026-08-18 00:10:00,2026-08-17 21:10:00,2026-08-18 05:10:00,94.233,94.249,94.225,94.231,586.0
2026-08-18 00:15:00,2026-08-17 21:15:00,2026-08-18 05:15:00,94.232,94.26,94.223,94.254,554.0
2026-08-18 00:20:00,2026-08-17 21:20:00,2026-08-18 05:20:00,94.253,94.263,94.233,94.236,513.0
2026-08-18 00:25:00,2026-08-17 21:25:00,2026-08-18 05:25:00,94.239,94.254,94.237,94.245,671.0
2026-08-18 00:30:00,2026-08-17 21:30:00,2026-08-18 05:30:00,94.245,94.269,94.239,94.264,677.0
2026-08-18 00:35:00,2026-08-17 21:35:00,2026-08-18 05:35:00,94.263,94.267,94.231,94.235,705.0
2026-08-18 00:40:00,2026-08-17 21:40:00,2026-08-18 05:40:00,94.236,94.236,94.197,94.197,676.0
2026-08-18 00:45:00,2026-08-17 21:45:00,2026-08-18 05:45:00,94.199,94.21,94.176,94.208,803.0
2026-08-18 00:50:00,2026-08-17 21:50:00,2026-08-18 05:50:00,94.209,94.242,94.208,94.226,882.0
2026-08-18 00:55:00,2026-08-17 21:55:00,2026-08-18 05:55:00,94.227,94.253,94.227,94.249,551.0
2026-08-18 01:00:00,2026-08-17 22:00:00,2026-08-18 06:00:00,94.249,94.253,94.224,94.228,627.0
2026-08-18 01:05:00,2026-08-17 22:05:00,2026-08-18 06:05:00,94.228,94.235,94.206,94.219,678.0
2026-08-18 01:10:00,2026-08-17 22:10:00,2026-08-18 06:10:00,94.22,94.254,94.218,94.252,630.0
2026-08-18 01:15:00,2026-08-17 22:15:00,2026-08-18 06:15:00,94.253,94.276,94.238,94.268,682.0
2026-08-18 01:20:00,2026-08-17 22:20:00,2026-08-18 06:20:00,94.268,94.275,94.226,94.229,587.0
2026-08-18 01:25:00,2026-08-17 22:25:00,2026-08-18 06:25:00,94.231,94.245,94.202,94.216,732.0
2026-08-18 01:30:00,2026-08-17 22:30:00,2026-08-18 06:30:00,94.217,94.246,94.212,94.222,643.0
2026-08-18 01:35:00,2026-08-17 22:35:00,2026-08-18 06:35:00,94.222,94.236,94.195,94.201,589.0
2026-08-18 01:40:00,2026-08-17 22:40:00,2026-08-18 06:40:00,94.2,94.201,94.168,94.171,487.0
2026-08-18 01:45:00,2026-08-17 22:45:00,2026-08-18 06:45:00,94.171,94.181,94.149,94.149,531.0
2026-08-18 01:50:00,2026-08-17 22:50:00,2026-08-18 06:50:00,94.149,94.151,94.12,94.123,730.0
2026-08-18 01:55:00,2026-08-17 22:55:00,2026-08-18 06:55:00,94.123,94.146,94.116,94.138,888.0
2026-08-18 02:00:00,2026-08-17 23:00:00,2026-08-18 07:00:00,94.081,94.089,94.066,94.079,0.0
2026-08-18 02:05:00,2026-08-17 23:05:00,2026-08-18 07:05:00,94.076,94.092,94.073,94.082,0.0
2026-08-18 02:10:00,2026-08-17 23:10:00,2026-08-18 07:10:00,94.082,94.111,94.082,94.104,0.0
2026-08-18 02:15:00,2026-08-17 23:15:00,2026-08-18 07:15:00,94.108,94.116,94.102,94.112,0.0
2026-08-18 02:20:00,2026-08-17 23:20:00,2026-08-18 07:20:00,94.113,94.118,94.103,94.118,0.0
2026-08-18 02:25:00,2026-08-17 23:25:00,2026-08-18 07:25:00,94.113,94.125,94.11,94.115,0.0
2026-08-18 02:30:00,2026-08-17 23:30:00,2026-08-18 07:30:00,94.115,94.124,94.104,94.106,0.0
2026-08-18 02:35:00,2026-08-17 23:35:00,2026-08-18 07:35:00,94.107,94.113,94.082,94.085,0.0
2026-08-18 02:40:00,2026-08-17 23:40:00,2026-08-18 07:40:00,94.082,94.09,94.056,94.06,0.0
2026-08-18 02:45:00,2026-08-17 23:45:00,2026-08-18 07:45:00,94.059,94.098,94.053,94.091,0.0
2026-08-18 02:50:00,2026-08-17 23:50:00,2026-08-18 07:50:00,94.091,94.1,94.08,94.093,0.0
2026-08-18 02:55:00,2026-08-17 23:55:00,2026-08-18 07:55:00,94.092,94.093,94.076,94.084,0.0
2026-08-18 03:00:00,2026-08-18 00:00:00,2026-08-18 08:00:00,94.084,94.116,94.08,94.111,0.0
2026-08-18 03:05:00,2026-08-18 00:05:00,2026-08-18 08:05:00,94.11,94.139,94.106,94.136,0.0
2026-08-18 03:10:00,2026-08-18 00:10:00,2026-08-18 08:10:00,94.136,94.137,94.114,94.123,0.0
2026-08-18 03:15:00,2026-08-18 00:15:00,2026-08-18 08:15:00,94.123,94.136,94.115,94.132,0.0
2026-08-18 03:20:00,2026-08-18 00:20:00,2026-08-18 08:20:00,94.133,94.139,94.102,94.121,0.0
2026-08-18 03:25:00,2026-08-18 00:25:00,2026-08-18 08:25:00,94.121,94.125,94.093,94.095,0.0
2026-08-18 03:30:00,2026-08-18 00:30:00,2026-08-18 08:30:00,94.094,94.138,94.094,94.127,0.0
2026-08-18 03:35:00,2026-08-18 00:35:00,2026-08-18 08:35:00,94.126,94.145,94.12,94.14,0.0
2026-08-18 03:40:00,2026-08-18 00:40:00,2026-08-18 08:40:00,94.138,94.174,94.137,94.17,0.0
2026-08-18 03:45:00,2026-08-18 00:45:00,2026-08-18 08:45:00,94.17,94.177,94.138,94.145,0.0
2026-08-18 03:50:00,2026-08-18 00:50:00,2026-08-18 08:50:00,94.145,94.149,94.104,94.114,0.0
2026-08-18 03:55:00,2026-08-18 00:55:00,2026-08-18 08:55:00,94.111,94.133,94.099,94.116,0.0
2026-08-18 04:00:00,2026-08-18 01:00:00,2026-08-18 09:00:00,94.116,94.169,94.114,94.149,0.0
2026-08-18 04:05:00,2026-08-18 01:05:00,2026-08-18 09:05:00,94.147,94.155,94.13,94.148,0.0
2026-08-18 04:10:00,2026-08-18 01:10:00,2026-08-18 09:10:00,94.151,94.176,94.148,94.169,0.0
2026-08-18 04:15:00,2026-08-18 01:15:00,2026-08-18 09:15:00,94.169,94.18,94.111,94.12,0.0
2026-08-18 04:20:00,2026-08-18 01:20:00,2026-08-18 09:20:00,94.121,94.126,94.104,94.117,0.0
2026-08-18 04:25:00,2026-08-18 01:25:00,2026-08-18 09:25:00,94.117,94.119,94.078,94.08,0.0
2026-08-18 04:30:00,2026-08-18 01:30:00,2026-08-18 09:30:00,94.079,94.096,94.073,94.087,0.0
2026-08-18 04:35:00,2026-08-18 01:35:00,2026-08-18 09:35:00,94.089,94.102,94.073,94.077,0.0
2026-08-18 04:40:00,2026-08-18 01:40:00,2026-08-18 09:40:00,94.074,94.082,94.025,94.028,0.0
2026-08-18 04:45:00,2026-08-18 01:45:00,2026-08-18 09:45:00,94.028,94.044,94.009,94.036,0.0
2026-08-18 04:50:00,2026-08-18 01:50:00,2026-08-18 09:50:00,94.037,94.049,94.028,94.049,0.0
2026-08-18 04:55:00,2026-08-18 01:55:00,2026-08-18 09:55:00,94.047,94.062,94.038,94.042,0.0
2026-08-18 05:00:00,2026-08-18 02:00:00,2026-08-18 10:00:00,94.042,94.064,94.033,94.054,0.0
2026-08-18 05:05:00,2026-08-18 02:05:00,2026-08-18 10:05:00,94.053,94.059,94.029,94.034,0.0
2026-08-18 05:10:00,2026-08-18 02:10:00,2026-08-18 10:10:00,94.034,94.055,94.03,94.041,0.0
2026-08-18 05:15:00,2026-08-18 02:15:00,2026-08-18 10:15:00,94.041,94.053,94.02,94.036,0.0
2026-08-18 05:20:00,2026-08-18 02:20:00,2026-08-18 10:20:00,94.036,94.038,94.01,94.026,0.0
2026-08-18 05:25:00,2026-08-18 02:25:00,2026-08-18 10:25:00,94.027,94.03,94.007,94.02,0.0
2026-08-18 05:30:00,2026-08-18 02:30:00,2026-08-18 10:30:00,94.018,94.02,93.996,94.006,0.0
2026-08-18 05:35:00,2026-08-18 02:35:00,2026-08-18 10:35:00,94.006,94.025,93.993,94.022,0.0
2026-08-18 05:40:00,2026-08-18 02:40:00,2026-08-18 10:40:00,94.022,94.026,94.011,94.017,0.0
2026-08-18 05:45:00,2026-08-18 02:45:00,2026-08-18 10:45:00,94.017,94.035,94.01,94.021,0.0
2026-08-18 05:50:00,2026-08-18 02:50:00,2026-08-18 10:50:00,94.021,94.036,94.015,94.035,0.0
2026-08-18 05:55:00,2026-08-18 02:55:00,2026-08-18 10:55:00,94.035,94.035,94.01,94.017,0.0
2026-08-18 06:00:00,2026-08-18 03:00:00,2026-08-18 11:00:00,94.018,94.025,94.004,94.018,0.0
2026-08-18 06:05:00,2026-08-18 03:05:00,2026-08-18 11:05:00,94.02,94.02,93.992,94.004,0.0
2026-08-18 06:10:00,2026-08-18 03:10:00,2026-08-18 11:10:00,94.004,94.018,94.001,94.003,0.0
2026-08-18 06:15:00,2026-08-18 03:15:00,2026-08-18 11:15:00,94.005,94.005,93.961,93.962,0.0
2026-08-18 06:20:00,2026-08-18 03:20:00,2026-08-18 11:20:00,93.962,93.965,93.928,93.932,0.0
2026-08-18 06:25:00,2026-08-18 03:25:00,2026-08-18 11:25:00,93.933,93.943,93.917,93.931,0.0
2026-08-18 06:30:00,2026-08-18 03:30:00,2026-08-18 11:30:00,93.932,93.943,93.913,93.918,0.0
2026-08-18 06:35:00,2026-08-18 03:35:00,2026-08-18 11:35:00,93.919,93.933,93.871,93.888,0.0
2026-08-18 06:40:00,2026-08-18 03:40:00,2026-08-18 11:40:00,93.887,93.9,93.877,93.895,0.0
2026-08-18 06:45:00,2026-08-18 03:45:00,2026-08-18 11:45:00,93.895,93.904,93.843,93.849,0.0
2026-08-18 06:50:00,2026-08-18 03:50:00,2026-08-18 11:50:00,93.85,93.907,93.848,93.893,0.0
2026-08-18 06:55:00,2026-08-18 03:55:00,2026-08-18 11:55:00,93.893,93.895,93.873,93.883,0.0
2026-08-18 07:00:00,2026-08-18 04:00:00,2026-08-18 12:00:00,93.881,93.895,93.872,93.878,0.0
2026-08-18 07:05:00,2026-08-18 04:05:00,2026-08-18 12:05:00,93.879,93.925,93.876,93.898,0.0
2026-08-18 07:10:00,2026-08-18 04:10:00,2026-08-18 12:10:00,93.898,93.924,93.896,93.908,0.0
2026-08-18 07:15:00,2026-08-18 04:15:00,2026-08-18 12:15:00,93.91,93.918,93.871,93.889,0.0
2026-08-18 07:20:00,2026-08-18 04:20:00,2026-08-18 12:20:00,93.889,93.921,93.887,93.907,0.0
2026-08-18 07:25:00,2026-08-18 04:25:00,2026-08-18 12:25:00,93.906,93.941,93.896,93.938,0.0
2026-08-18 07:30:00,2026-08-18 04:30:00,2026-08-18 12:30:00,93.94,93.954,93.922,93.925,0.0
2026-08-18 07:35:00,2026-08-18 04:35:00,2026-08-18 12:35:00,93.926,93.943,93.913,93.913,0.0
2026-08-18 07:40:00,2026-08-18 04:40:00,2026-08-18 12:40:00,93.913,93.929,93.905,93.921,0.0
2026-08-18 07:45:00,2026-08-18 04:45:00,2026-08-18 12:45:00,93.924,93.935,93.905,93.933,0.0
2026-08-18 07:50:00,2026-08-18 04:50:00,2026-08-18 12:50:00,93.933,93.955,93.933,93.946,0.0
2026-08-18 07:55:00,2026-08-18 04:55:00,2026-08-18 12:55:00,93.947,93.947,93.919,93.927,0.0
2026-08-18 08:00:00,2026-08-18 05:00:00,2026-08-18 13:00:00,93.927,93.928,93.894,93.912,0.0
2026-08-18 08:05:00,2026-08-18 05:05:00,2026-08-18 13:05:00,93.913,93.914,93.896,93.906,0.0
2026-08-18 08:10:00,2026-08-18 05:10:00,2026-08-18 13:10:00,93.906,93.907,93.878,93.88,0.0
2026-08-18 08:15:00,2026-08-18 05:15:00,2026-08-18 13:15:00,93.882,93.895,93.874,93.885,0.0
2026-08-18 08:20:00,2026-08-18 05:20:00,2026-08-18 13:20:00,93.885,93.898,93.88,93.897,0.0
2026-08-18 08:25:00,2026-08-18 05:25:00,2026-08-18 13:25:00,93.897,93.902,93.879,93.885,0.0
2026-08-18 08:30:00,2026-08-18 05:30:00,2026-08-18 13:30:00,93.884,93.891,93.878,93.882,0.0
2026-08-18 08:35:00,2026-08-18 05:35:00,2026-08-18 13:35:00,93.881,93.887,93.871,93.887,0.0
2026-08-18 08:40:00,2026-08-18 05:40:00,2026-08-18 13:40:00,93.887,93.893,93.867,93.87,0.0
2026-08-18 08:45:00,2026-08-18 05:45:00,2026-08-18 13:45:00,93.87,93.881,93.862,93.874,0.0
2026-08-18 08:50:00,2026-08-18 05:50:00,2026-08-18 13:50:00,93.876,93.878,93.84,93.849,0.0
2026-08-18 08:55:00,2026-08-18 05:55:00,2026-08-18 13:55:00,93.849,93.882,93.843,93.875,0.0
2026-08-18 09:00:00,2026-08-18 06:00:00,2026-08-18 14:00:00,93.874,93.876,93.808,93.82,0.0
2026-08-18 09:05:00,2026-08-18 06:05:00,2026-08-18 14:05:00,93.82,93.83,93.794,93.821,0.0
2026-08-18 09:10:00,2026-08-18 06:10:00,2026-08-18 14:10:00,93.821,93.837,93.798,93.808,0.0
2026-08-18 09:15:00,2026-08-18 06:15:00,2026-08-18 14:15:00,93.808,93.836,93.803,93.824,0.0
2026-08-18 09:20:00,2026-08-18 06:20:00,2026-08-18 14:20:00,93.822,93.836,93.817,93.827,0.0
2026-08-18 09:25:00,2026-08-18 06:25:00,2026-08-18 14:25:00,93.827,93.88,93.826,93.872,0.0
2026-08-18 09:30:00,2026-08-18 06:30:00,2026-08-18 14:30:00,93.872,93.9,93.863,93.896,0.0
2026-08-18 09:35:00,2026-08-18 06:35:00,2026-08-18 14:35:00,93.895,93.899,93.867,93.889,0.0
2026-08-18 09:40:00,2026-08-18 06:40:00,2026-08-18 14:40:00,93.891,93.899,93.87,93.877,0.0
2026-08-18 09:45:00,2026-08-18 06:45:00,2026-08-18 14:45:00,93.875,93.882,93.831,93.857,0.0
2026-08-18 09:50:00,2026-08-18 06:50:00,2026-08-18 14:50:00,93.858,93.861,93.815,93.838,0.0
2026-08-18 09:55:00,2026-08-18 06:55:00,2026-08-18 14:55:00,93.838,93.887,93.837,93.884,0.0
2026-08-18 10:00:00,2026-08-18 07:00:00,2026-08-18 15:00:00,93.882,93.899,93.862,93.898,0.0
2026-08-18 10:05:00,2026-08-18 07:05:00,2026-08-18 15:05:00,93.898,93.899,93.859,93.871,0.0
2026-08-18 10:10:00,2026-08-18 07:10:00,2026-08-18 15:10:00,93.869,93.886,93.866,93.88,0.0
2026-08-18 10:15:00,2026-08-18 07:15:00,2026-08-18 15:15:00,93.88,93.893,93.833,93.84,0.0
2026-08-18 10:20:00,2026-08-18 07:20:00,2026-08-18 15:20:00,93.842,93.858,93.827,93.839,0.0
2026-08-18 10:25:00,2026-08-18 07:25:00,2026-08-18 15:25:00,93.84,93.873,93.835,93.863,0.0
2026-08-18 10:30:00,2026-08-18 07:30:00,2026-08-18 15:30:00,93.863,93.874,93.839,93.841,0.0
2026-08-18 10:35:00,2026-08-18 07:35:00,2026-08-18 15:35:00,93.841,93.867,93.834,93.859,0.0
2026-08-18 10:40:00,2026-08-18 07:40:00,2026-08-18 15:40:00,93.859,93.876,93.846,93.873,0.0
2026-08-18 10:45:00,2026-08-18 07:45:00,2026-08-18 15:45:00,93.87,93.876,93.842,93.845,0.0
2026-08-18 10:50:00,2026-08-18 07:50:00,2026-08-18 15:50:00,93.846,93.859,93.822,93.826,0.0
2026-08-18 10:55:00,2026-08-18 07:55:00,2026-08-18 15:55:00,93.827,93.844,93.819,93.825,0.0
2026-08-18 11:00:00,2026-08-18 08:00:00,2026-08-18 16:00:00,93.827,93.832,93.809,93.819,0.0
2026-08-18 11:05:00,2026-08-18 08:05:00,2026-08-18 16:05:00,93.82,93.82,93.788,93.809,0.0
2026-08-18 11:10:00,2026-08-18 08:10:00,2026-08-18 16:10:00,93.807,93.838,93.79,93.832,0.0
2026-08-18 11:15:00,2026-08-18 08:15:00,2026-08-18 16:15:00,93.832,93.833,93.808,93.817,0.0
2026-08-18 11:20:00,2026-08-18 08:20:00,2026-08-18 16:20:00,93.817,93.818,93.79,93.798,0.0
2026-08-18 11:25:00,2026-08-18 08:25:00,2026-08-18 16:25:00,93.798,93.836,93.795,93.833,0.0
2026-08-18 11:30:00,2026-08-18 08:30:00,2026-08-18 16:30:00,93.833,93.842,93.826,93.84,0.0
2026-08-18 11:35:00,2026-08-18 08:35:00,2026-08-18 16:35:00,93.839,93.845,93.828,93.843,0.0
2026-08-18 11:40:00,2026-08-18 08:40:00,2026-08-18 16:40:00,93.842,93.852,93.837,93.845,0.0
2026-08-18 11:45:00,2026-08-18 08:45:00,2026-08-18 16:45:00,93.845,93.848,93.814,93.826,0.0
2026-08-18 11:50:00,2026-08-18 08:50:00,2026-08-18 16:50:00,93.826,93.838,93.808,93.832,0.0
2026-08-18 11:55:00,2026-08-18 08:55:00,2026-08-18 16:55:00,93.832,93.851,93.826,93.85,0.0
2026-08-18 12:00:00,2026-08-18 09:00:00,2026-08-18 17:00:00,93.847,93.858,93.838,93.848,0.0
2026-08-18 12:05:00,2026-08-18 09:05:00,2026-08-18 17:05:00,93.848,93.853,93.829,93.839,0.0
2026-08-18 12:10:00,2026-08-18 09:10:00,2026-08-18 17:10:00,93.834,93.851,93.828,93.838,0.0
2026-08-18 12:15:00,2026-08-18 09:15:00,2026-08-18 17:15:00,93.842,93.842,93.814,93.823,0.0
2026-08-18 12:20:00,2026-08-18 09:20:00,2026-08-18 17:20:00,93.82,93.843,93.818,93.838,0.0
2026-08-18 12:25:00,2026-08-18 09:25:00,2026-08-18 17:25:00,93.836,93.854,93.829,93.848,0.0
2026-08-18 12:30:00,2026-08-18 09:30:00,2026-08-18 17:30:00,93.848,93.871,93.84,93.871,0.0
2026-08-18 12:35:00,2026-08-18 09:35:00,2026-08-18 17:35:00,93.872,93.891,93.858,93.86,0.0
2026-08-18 12:40:00,2026-08-18 09:40:00,2026-08-18 17:40:00,93.86,93.865,93.827,93.844,0.0
2026-08-18 12:45:00,2026-08-18 09:45:00,2026-08-18 17:45:00,93.845,93.868,93.843,93.858,0.0
2026-08-18 12:50:00,2026-08-18 09:50:00,2026-08-18 17:50:00,93.859,93.864,93.846,93.857,0.0
2026-08-18 12:55:00,2026-08-18 09:55:00,2026-08-18 17:55:00,93.858,93.884,93.855,93.881,0.0
2026-08-18 13:00:00,2026-08-18 10:00:00,2026-08-18 18:00:00,93.881,93.886,93.871,93.877,0.0
2026-08-18 13:05:00,2026-08-18 10:05:00,2026-08-18 18:05:00,93.879,93.887,93.869,93.887,0.0
2026-08-18 13:10:00,2026-08-18 10:10:00,2026-08-18 18:10:00,93.887,93.9,93.873,93.9,0.0
2026-08-18 13:15:00,2026-08-18 10:15:00,2026-08-18 18:15:00,93.896,93.907,93.884,93.885,0.0
2026-08-18 13:20:00,2026-08-18 10:20:00,2026-08-18 18:20:00,93.885,93.895,93.876,93.893,0.0
2026-08-18 13:25:00,2026-08-18 10:25:00,2026-08-18 18:25:00,93.896,93.912,93.887,93.906,0.0
2026-08-18 13:30:00,2026-08-18 10:30:00,2026-08-18 18:30:00,93.906,93.913,93.891,93.893,0.0
2026-08-18 13:35:00,2026-08-18 10:35:00,2026-08-18 18:35:00,93.892,93.902,93.889,93.895,0.0
2026-08-18 13:40:00,2026-08-18 10:40:00,2026-08-18 18:40:00,93.895,93.901,93.887,93.888,0.0
2026-08-18 13:45:00,2026-08-18 10:45:00,2026-08-18 18:45:00,93.89,93.898,93.887,93.895,0.0
2026-08-18 13:50:00,2026-08-18 10:50:00,2026-08-18 18:50:00,93.895,93.909,93.893,93.897,0.0
2026-08-18 13:55:00,2026-08-18 10:55:00,2026-08-18 18:55:00,93.897,93.914,93.893,93.907,0.0
2026-08-18 14:00:00,2026-08-18 11:00:00,2026-08-18 19:00:00,93.908,93.916,93.896,93.898,0.0
2026-08-18 14:05:00,2026-08-18 11:05:00,2026-08-18 19:05:00,93.898,93.921,93.896,93.914,0.0
2026-08-18 14:10:00,2026-08-18 11:10:00,2026-08-18 19:10:00,93.913,93.922,93.906,93.908,0.0
2026-08-18 14:15:00,2026-08-18 11:15:00,2026-08-18 19:15:00,93.908,93.912,93.9,93.907,0.0
2026-08-18 14:20:00,2026-08-18 11:20:00,2026-08-18 19:20:00,93.906,93.927,93.903,93.915,0.0
2026-08-18 14:25:00,2026-08-18 11:25:00,2026-08-18 19:25:00,93.917,93.919,93.887,93.891,0.0
2026-08-18 14:30:00,2026-08-18 11:30:00,2026-08-18 19:30:00,93.891,93.906,93.889,93.9,0.0
2026-08-18 14:35:00,2026-08-18 11:35:00,2026-08-18 19:35:00,93.899,93.901,93.89,93.898,0.0
2026-08-18 14:40:00,2026-08-18 11:40:00,2026-08-18 19:40:00,93.898,93.915,93.89,93.904,0.0
2026-08-18 14:45:00,2026-08-18 11:45:00,2026-08-18 19:45:00,93.904,93.913,93.9,93.911,0.0
2026-08-18 14:50:00,2026-08-18 11:50:00,2026-08-18 19:50:00,93.911,93.922,93.905,93.914,0.0
2026-08-18 14:55:00,2026-08-18 11:55:00,2026-08-18 19:55:00,93.915,93.954,93.91,93.949,0.0
2026-08-18 15:00:00,2026-08-18 12:00:00,2026-08-18 20:00:00,93.948,93.962,93.919,93.957,0.0
2026-08-18 15:05:00,2026-08-18 12:05:00,2026-08-18 20:05:00,93.957,93.976,93.953,93.968,0.0
2026-08-18 15:10:00,2026-08-18 12:10:00,2026-08-18 20:10:00,93.968,93.978,93.946,93.974,0.0
2026-08-18 15:15:00,2026-08-18 12:15:00,2026-08-18 20:15:00,93.974,93.976,93.95,93.975,0.0
2026-08-18 15:20:00,2026-08-18 12:20:00,2026-08-18 20:20:00,93.975,93.994,93.97,93.974,0.0
2026-08-18 15:25:00,2026-08-18 12:25:00,2026-08-18 20:25:00,93.972,93.979,93.957,93.964,0.0
2026-08-18 15:30:00,2026-08-18 12:30:00,2026-08-18 20:30:00,93.962,93.979,93.946,93.972,0.0
2026-08-18 15:35:00,2026-08-18 12:35:00,2026-08-18 20:35:00,93.972,93.984,93.956,93.975,0.0
2026-08-18 15:40:00,2026-08-18 12:40:00,2026-08-18 20:40:00,93.976,93.987,93.965,93.977,0.0
2026-08-18 15:45:00,2026-08-18 12:45:00,2026-08-18 20:45:00,93.977,93.998,93.957,93.997,0.0
2026-08-18 15:50:00,2026-08-18 12:50:00,2026-08-18 20:50:00,93.997,94.015,93.992,94.011,0.0
2026-08-18 15:55:00,2026-08-18 12:55:00,2026-08-18 20:55:00,94.008,94.023,93.994,94.0,0.0
2026-08-18 16:00:00,2026-08-18 13:00:00,2026-08-18 21:00:00,94.0,94.046,93.996,94.042,0.0
2026-08-18 16:05:00,2026-08-18 13:05:00,2026-08-18 21:05:00,94.042,94.046,94.013,94.022,0.0
2026-08-18 16:10:00,2026-08-18 13:10:00,2026-08-18 21:10:00,94.021,94.026,94.003,94.011,0.0
2026-08-18 16:15:00,2026-08-18 13:15:00,2026-08-18 21:15:00,94.011,94.021,94.001,94.003,0.0
2026-08-18 16:20:00,2026-08-18 13:20:00,2026-08-18 21:20:00,94.004,94.006,93.963,93.976,0.0
2026-08-18 16:25:00,2026-08-18 13:25:00,2026-08-18 21:25:00,93.977,93.999,93.967,93.986,0.0
2026-08-18 16:30:00,2026-08-18 13:30:00,2026-08-18 21:30:00,93.986,94.013,93.955,93.995,0.0
2026-08-18 16:35:00,2026-08-18 13:35:00,2026-08-18 21:35:00,93.995,94.014,93.978,94.008,0.0
2026-08-18 16:40:00,2026-08-18 13:40:00,2026-08-18 21:40:00,94.008,94.023,93.993,94.01,0.0
2026-08-18 16:45:00,2026-08-18 13:45:00,2026-08-18 21:45:00,94.012,94.014,93.982,93.995,0.0
2026-08-18 16:50:00,2026-08-18 13:50:00,2026-08-18 21:50:00,93.991,94.01,93.961,93.968,0.0
2026-08-18 16:55:00,2026-08-18 13:55:00,2026-08-18 21:55:00,93.966,93.968,93.922,93.936,0.0
2026-08-18 17:00:00,2026-08-18 14:00:00,2026-08-18 22:00:00,93.938,93.963,93.915,93.943,0.0
2026-08-18 17:05:00,2026-08-18 14:05:00,2026-08-18 22:05:00,93.943,93.945,93.914,93.927,0.0
2026-08-18 17:10:00,2026-08-18 14:10:00,2026-08-18 22:10:00,93.925,93.959,93.921,93.942,0.0
2026-08-18 17:15:00,2026-08-18 14:15:00,2026-08-18 22:15:00,93.942,93.967,93.93,93.955,0.0
2026-08-18 17:20:00,2026-08-18 14:20:00,2026-08-18 22:20:00,93.951,93.962,93.916,93.924,0.0
2026-08-18 17:25:00,2026-08-18 14:25:00,2026-08-18 22:25:00,93.924,93.932,93.899,93.902,0.0
2026-08-18 17:30:00,2026-08-18 14:30:00,2026-08-18 22:30:00,93.902,93.924,93.877,93.906,0.0
2026-08-18 17:35:00,2026-08-18 14:35:00,2026-08-18 22:35:00,93.906,93.911,93.874,93.886,0.0
2026-08-18 17:40:00,2026-08-18 14:40:00,2026-08-18 22:40:00,93.884,93.909,93.877,93.89,0.0
2026-08-18 17:45:00,2026-08-18 14:45:00,2026-08-18 22:45:00,93.89,93.904,93.883,93.884,0.0
2026-08-18 17:50:00,2026-08-18 14:50:00,2026-08-18 22:50:00,93.884,93.891,93.825,93.858,0.0
2026-08-18 17:55:00,2026-08-18 14:55:00,2026-08-18 22:55:00,93.857,93.871,93.815,93.827,0.0
2026-08-18 18:00:00,2026-08-18 15:00:00,2026-08-18 23:00:00,93.828,93.862,93.802,93.857,0.0
2026-08-18 18:05:00,2026-08-18 15:05:00,2026-08-18 23:05:00,93.858,93.877,93.839,93.842,0.0
2026-08-18 18:10:00,2026-08-18 15:10:00,2026-08-18 23:10:00,93.841,93.852,93.807,93.812,0.0
2026-08-18 18:15:00,2026-08-18 15:15:00,2026-08-18 23:15:00,93.811,93.826,93.785,93.788,0.0
2026-08-18 18:20:00,2026-08-18 15:20:00,2026-08-18 23:20:00,93.788,93.806,93.769,93.8,0.0
2026-08-18 18:25:00,2026-08-18 15:25:00,2026-08-18 23:25:00,93.8,93.821,93.792,93.807,0.0
2026-08-18 18:30:00,2026-08-18 15:30:00,2026-08-18 23:30:00,93.807,93.819,93.794,93.811,0.0
2026-08-18 18:35:00,2026-08-18 15:35:00,2026-08-18 23:35:00,93.809,93.832,93.805,93.818,0.0
2026-08-18 18:40:00,2026-08-18 15:40:00,2026-08-18 23:40:00,93.818,93.819,93.786,93.795,0.0
2026-08-18 18:45:00,2026-08-18 15:45:00,2026-08-18 23:45:00,93.795,93.813,93.791,93.803,0.0
2026-08-18 18:50:00,2026-08-18 15:50:00,2026-08-18 23:50:00,93.802,93.809,93.793,93.805,0.0
2026-08-18 18:55:00,2026-08-18 15:55:00,2026-08-18 23:55:00,93.805,93.823,93.805,93.814,0.0
2026-08-18 19:00:00,2026-08-18 16:00:00,2026-08-19 00:00:00,93.812,93.833,93.804,93.815,0.0
2026-08-18 19:05:00,2026-08-18 16:05:00,2026-08-19 00:05:00,93.817,93.823,93.807,93.815,0.0
2026-08-18 19:10:00,2026-08-18 16:10:00,2026-08-19 00:10:00,93.815,93.83,93.807,93.81,0.0
2026-08-18 19:15:00,2026-08-18 16:15:00,2026-08-19 00:15:00,93.811,93.819,93.803,93.811,0.0
2026-08-18 19:20:00,2026-08-18 16:20:00,2026-08-19 00:20:00,93.81,93.827,93.809,93.824,0.0
2026-08-18 19:25:00,2026-08-18 16:25:00,2026-08-19 00:25:00,93.823,93.828,93.793,93.797,0.0
2026-08-18 19:30:00,2026-08-18 16:30:00,2026-08-19 00:30:00,93.796,93.805,93.777,93.803,0.0
2026-08-18 19:35:00,2026-08-18 16:35:00,2026-08-19 00:35:00,93.803,93.804,93.768,93.776,0.0
2026-08-18 19:40:00,2026-08-18 16:40:00,2026-08-19 00:40:00,93.779,93.779,93.758,93.771,0.0
2026-08-18 19:45:00,2026-08-18 16:45:00,2026-08-19 00:45:00,93.771,93.786,93.769,93.777,0.0
2026-08-18 19:50:00,2026-08-18 16:50:00,2026-08-19 00:50:00,93.776,93.788,93.77,93.78,0.0
2026-08-18 19:55:00,2026-08-18 16:55:00,2026-08-19 00:55:00,93.783,93.793,93.758,93.765,0.0
2026-08-18 20:00:00,2026-08-18 17:00:00,2026-08-19 01:00:00,93.765,93.767,93.738,93.753,0.0
2026-08-18 20:05:00,2026-08-18 17:05:00,2026-08-19 01:05:00,93.753,93.756,93.735,93.741,0.0
2026-08-18 20:10:00,2026-08-18 17:10:00,2026-08-19 01:10:00,93.741,93.768,93.73,93.767,0.0
2026-08-18 20:15:00,2026-08-18 17:15:00,2026-08-19 01:15:00,93.768,93.777,93.759,93.763,0.0
2026-08-18 20:20:00,2026-08-18 17:20:00,2026-08-19 01:20:00,93.767,93.779,93.761,93.762,0.0
2026-08-18 20:25:00,2026-08-18 17:25:00,2026-08-19 01:25:00,93.763,93.768,93.747,93.754,0.0
2026-08-18 20:30:00,2026-08-18 17:30:00,2026-08-19 01:30:00,93.755,93.757,93.74,93.75,0.0
2026-08-18 20:35:00,2026-08-18 17:35:00,2026-08-19 01:35:00,93.75,93.768,93.741,93.762,0.0
2026-08-18 20:40:00,2026-08-18 17:40:00,2026-08-19 01:40:00,93.76,93.776,93.759,93.765,0.0
2026-08-18 20:45:00,2026-08-18 17:45:00,2026-08-19 01:45:00,93.765,93.769,93.746,93.749,0.0
2026-08-18 20:50:00,2026-08-18 17:50:00,2026-08-19 01:50:00,93.749,93.756,93.744,93.752,0.0
2026-08-18 20:55:00,2026-08-18 17:55:00,2026-08-19 01:55:00,93.752,93.754,93.731,93.734,0.0
2026-08-18 21:00:00,2026-08-18 18:00:00,2026-08-19 02:00:00,93.734,93.737,93.722,93.726,0.0
2026-08-18 21:05:00,2026-08-18 18:05:00,2026-08-19 02:05:00,93.726,93.738,93.72,93.734,0.0
2026-08-18 21:10:00,2026-08-18 18:10:00,2026-08-19 02:10:00,93.734,93.752,93.72,93.746,0.0
2026-08-18 21:15:00,2026-08-18 18:15:00,2026-08-19 02:15:00,93.747,93.755,93.74,93.745,0.0
2026-08-18 21:20:00,2026-08-18 18:20:00,2026-08-19 02:20:00,93.744,93.748,93.721,93.721,0.0
2026-08-18 21:25:00,2026-08-18 18:25:00,2026-08-19 02:25:00,93.721,93.734,93.712,93.728,0.0
2026-08-18 21:30:00,2026-08-18 18:30:00,2026-08-19 02:30:00,93.728,93.737,93.717,93.723,0.0
2026-08-18 21:35:00,2026-08-18 18:35:00,2026-08-19 02:35:00,93.723,93.738,93.72,93.732,0.0
2026-08-18 21:40:00,2026-08-18 18:40:00,2026-08-19 02:40:00,93.732,93.732,93.711,93.724,0.0
2026-08-18 21:45:00,2026-08-18 18:45:00,2026-08-19 02:45:00,93.726,93.73,93.715,93.721,0.0
2026-08-18 21:50:00,2026-08-18 18:50:00,2026-08-19 02:50:00,93.72,93.724,93.705,93.706,0.0
2026-08-18 21:55:00,2026-08-18 18:55:00,2026-08-19 02:55:00,93.706,93.723,93.696,93.716,0.0
2026-08-18 22:00:00,2026-08-18 19:00:00,2026-08-19 03:00:00,93.703,93.716,93.682,93.708,0.0
2026-08-18 22:05:00,2026-08-18 19:05:00,2026-08-19 03:05:00,93.708,93.721,93.704,93.715,0.0
2026-08-18 22:10:00,2026-08-18 19:10:00,2026-08-19 03:10:00,93.714,93.745,93.712,93.726,0.0
2026-08-18 22:15:00,2026-08-18 19:15:00,2026-08-19 03:15:00,93.729,93.734,93.718,93.724,0.0
2026-08-18 22:20:00,2026-08-18 19:20:00,2026-08-19 03:20:00,93.723,93.747,93.72,93.731,0.0
2026-08-18 22:25:00,2026-08-18 19:25:00,2026-08-19 03:25:00,93.731,93.755,93.727,93.745,0.0
2026-08-18 22:30:00,2026-08-18 19:30:00,2026-08-19 03:30:00,93.744,93.755,93.736,93.749,0.0
2026-08-18 22:35:00,2026-08-18 19:35:00,2026-08-19 03:35:00,93.752,93.772,93.748,93.762,0.0
2026-08-18 22:40:00,2026-08-18 19:40:00,2026-08-19 03:40:00,93.763,93.779,93.752,93.756,0.0
2026-08-18 22:45:00,2026-08-18 19:45:00,2026-08-19 03:45:00,93.756,93.766,93.741,93.748,0.0
2026-08-18 22:50:00,2026-08-18 19:50:00,2026-08-19 03:50:00,93.748,93.761,93.745,93.75,0.0
2026-08-18 22:55:00,2026-08-18 19:55:00,2026-08-19 03:55:00,93.75,93.761,93.739,93.745,0.0
2026-08-18 23:00:00,2026-08-18 20:00:00,2026-08-19 04:00:00,93.745,93.772,93.74,93.746,0.0
2026-08-18 23:05:00,2026-08-18 20:05:00,2026-08-19 04:05:00,93.745,93.752,93.736,93.74,0.0
2026-08-18 23:10:00,2026-08-18 20:10:00,2026-08-19 04:10:00,93.739,93.75,93.732,93.734,0.0
2026-08-18 23:15:00,2026-08-18 20:15:00,2026-08-19 04:15:00,93.734,93.745,93.727,93.728,0.0
2026-08-18 23:20:00,2026-08-18 20:20:00,2026-08-19 04:20:00,93.729,93.737,93.718,93.73,0.0
2026-08-18 23:25:00,2026-08-18 20:25:00,2026-08-19 04:25:00,93.729,93.741,93.726,93.734,0.0
2026-08-18 23:30:00,2026-08-18 20:30:00,2026-08-19 04:30:00,93.733,93.75,93.733,93.744,0.0
2026-08-18 23:35:00,2026-08-18 20:35:00,2026-08-19 04:35:00,93.744,93.749,93.726,93.736,0.0
2026-08-18 23:40:00,2026-08-18 20:40:00,2026-08-19 04:40:00,93.735,93.746,93.732,93.737,0.0
2026-08-18 23:45:00,2026-08-18 20:45:00,2026-08-19 04:45:00,93.737,93.76,93.734,93.75,0.0
2026-08-18 23:50:00,2026-08-18 20:50:00,2026-08-19 04:50:00,93.75,93.765,93.743,93.761,0.0
2026-08-18 23:55:00,2026-08-18 20:55:00,2026-08-19 04:55:00,93.76,93.803,93.72,93.72,0.0
2026-08-19 00:00:00,2026-08-18 21:00:00,2026-08-19 05:00:00,93.798,93.831,93.798,93.831,0.0
2026-08-19 00:05:00,2026-08-18 21:05:00,2026-08-19 05:05:00,93.745,93.815,93.729,93.73,0.0
2026-08-19 00:10:00,2026-08-18 21:10:00,2026-08-19 05:10:00,93.718,93.792,93.718,93.745,0.0
2026-08-19 00:15:00,2026-08-18 21:15:00,2026-08-19 05:15:00,93.722,93.779,93.67,93.768,0.0
2026-08-19 00:20:00,2026-08-18 21:20:00,2026-08-19 05:20:00,93.672,93.755,93.672,93.7,0.0
2026-08-19 00:25:00,2026-08-18 21:25:00,2026-08-19 05:25:00,93.707,93.738,93.677,93.717,0.0
2026-08-19 00:30:00,2026-08-18 21:30:00,2026-08-19 05:30:00,93.719,93.805,93.687,93.748,0.0
2026-08-19 00:35:00,2026-08-18 21:35:00,2026-08-19 05:35:00,93.748,93.841,93.723,93.761,0.0
2026-08-19 00:40:00,2026-08-18 21:40:00,2026-08-19 05:40:00,93.733,93.794,93.691,93.695,0.0
2026-08-19 00:45:00,2026-08-18 21:45:00,2026-08-19 05:45:00,93.695,93.723,93.651,93.705,0.0
2026-08-19 00:50:00,2026-08-18 21:50:00,2026-08-19 05:50:00,93.684,93.727,93.661,93.675,0.0
2026-08-19 00:55:00,2026-08-18 21:55:00,2026-08-19 05:55:00,93.675,93.747,93.664,93.741,0.0
2026-08-19 01:00:00,2026-08-18 22:00:00,2026-08-19 06:00:00,93.715,93.756,93.684,93.737,0.0
2026-08-19 01:05:00,2026-08-18 22:05:00,2026-08-19 06:05:00,93.738,93.761,93.734,93.761,0.0
2026-08-19 01:10:00,2026-08-18 22:10:00,2026-08-19 06:10:00,93.751,93.776,93.75,93.768,0.0
2026-08-19 01:15:00,2026-08-18 22:15:00,2026-08-19 06:15:00,93.768,93.789,93.762,93.78,0.0
2026-08-19 01:20:00,2026-08-18 22:20:00,2026-08-19 06:20:00,93.78,93.794,93.778,93.781,0.0
2026-08-19 01:25:00,2026-08-18 22:25:00,2026-08-19 06:25:00,93.781,93.789,93.773,93.786,0.0
2026-08-19 01:30:00,2026-08-18 22:30:00,2026-08-19 06:30:00,93.783,93.787,93.763,93.771,0.0
2026-08-19 01:35:00,2026-08-18 22:35:00,2026-08-19 06:35:00,93.775,93.779,93.761,93.767,0.0
2026-08-19 01:40:00,2026-08-18 22:40:00,2026-08-19 06:40:00,93.763,93.767,93.753,93.76,0.0
2026-08-19 01:45:00,2026-08-18 22:45:00,2026-08-19 06:45:00,93.76,93.794,93.76,93.786,0.0
2026-08-19 01:50:00,2026-08-18 22:50:00,2026-08-19 06:50:00,93.778,93.788,93.768,93.768,0.0
2026-08-19 01:55:00,2026-08-18 22:55:00,2026-08-19 06:55:00,93.771,93.772,93.762,93.768,0.0
2026-08-19 02:00:00,2026-08-18 23:00:00,2026-08-19 07:00:00,93.766,93.776,93.757,93.766,0.0
2026-08-19 02:05:00,2026-08-18 23:05:00,2026-08-19 07:05:00,93.766,93.78,93.758,93.759,0.0
2026-08-19 02:10:00,2026-08-18 23:10:00,2026-08-19 07:10:00,93.759,93.76,93.743,93.751,0.0
2026-08-19 02:15:00,2026-08-18 23:15:00,2026-08-19 07:15:00,93.748,93.752,93.732,93.733,0.0
2026-08-19 02:20:00,2026-08-18 23:20:00,2026-08-19 07:20:00,93.733,93.738,93.723,93.725,0.0
2026-08-19 02:25:00,2026-08-18 23:25:00,2026-08-19 07:25:00,93.723,93.732,93.708,93.717,0.0
2026-08-19 02:30:00,2026-08-18 23:30:00,2026-08-19 07:30:00,93.717,93.724,93.702,93.707,0.0
2026-08-19 02:35:00,2026-08-18 23:35:00,2026-08-19 07:35:00,93.707,93.715,93.696,93.702,0.0
2026-08-19 02:40:00,2026-08-18 23:40:00,2026-08-19 07:40:00,93.704,93.707,93.69,93.7,0.0
2026-08-19 02:45:00,2026-08-18 23:45:00,2026-08-19 07:45:00,93.7,93.724,93.693,93.72,0.0
2026-08-19 02:50:00,2026-08-18 23:50:00,2026-08-19 07:50:00,93.718,93.724,93.686,93.691,0.0
2026-08-19 02:55:00,2026-08-18 23:55:00,2026-08-19 07:55:00,93.691,93.698,93.675,93.693,0.0
2026-08-19 03:00:00,2026-08-19 00:00:00,2026-08-19 08:00:00,93.693,93.696,93.618,93.665,0.0
2026-08-19 03:05:00,2026-08-19 00:05:00,2026-08-19 08:05:00,93.665,93.681,93.65,93.669,0.0
2026-08-19 03:10:00,2026-08-19 00:10:00,2026-08-19 08:10:00,93.67,93.673,93.642,93.644,0.0
2026-08-19 03:15:00,2026-08-19 00:15:00,2026-08-19 08:15:00,93.644,93.656,93.634,93.636,0.0
2026-08-19 03:20:00,2026-08-19 00:20:00,2026-08-19 08:20:00,93.636,93.644,93.62,93.623,0.0
2026-08-19 03:25:00,2026-08-19 00:25:00,2026-08-19 08:25:00,93.621,93.641,93.601,93.641,0.0
2026-08-19 03:30:00,2026-08-19 00:30:00,2026-08-19 08:30:00,93.641,93.642,93.586,93.596,0.0
2026-08-19 03:35:00,2026-08-19 00:35:00,2026-08-19 08:35:00,93.601,93.601,93.58,93.58,0.0
2026-08-19 03:40:00,2026-08-19 00:40:00,2026-08-19 08:40:00,93.583,93.585,93.545,93.551,0.0
2026-08-19 03:45:00,2026-08-19 00:45:00,2026-08-19 08:45:00,93.551,93.557,93.514,93.517,0.0
2026-08-19 03:50:00,2026-08-19 00:50:00,2026-08-19 08:50:00,93.517,93.523,93.469,93.486,0.0
2026-08-19 03:55:00,2026-08-19 00:55:00,2026-08-19 08:55:00,93.486,93.499,93.456,93.456,0.0
2026-08-19 04:00:00,2026-08-19 01:00:00,2026-08-19 09:00:00,93.457,93.539,93.453,93.536,0.0
2026-08-19 04:05:00,2026-08-19 01:05:00,2026-08-19 09:05:00,93.537,93.546,93.522,93.537,0.0
2026-08-19 04:10:00,2026-08-19 01:10:00,2026-08-19 09:10:00,93.537,93.549,93.512,93.517,0.0
2026-08-19 04:15:00,2026-08-19 01:15:00,2026-08-19 09:15:00,93.519,93.53,93.475,93.493,0.0
2026-08-19 04:20:00,2026-08-19 01:20:00,2026-08-19 09:20:00,93.493,93.535,93.473,93.531,0.0
2026-08-19 04:25:00,2026-08-19 01:25:00,2026-08-19 09:25:00,93.532,93.551,93.521,93.543,0.0
2026-08-19 04:30:00,2026-08-19 01:30:00,2026-08-19 09:30:00,93.543,93.566,93.524,93.551,0.0
2026-08-19 04:35:00,2026-08-19 01:35:00,2026-08-19 09:35:00,93.551,93.588,93.547,93.572,0.0
2026-08-19 04:40:00,2026-08-19 01:40:00,2026-08-19 09:40:00,93.573,93.602,93.568,93.586,0.0
2026-08-19 04:45:00,2026-08-19 01:45:00,2026-08-19 09:45:00,93.586,93.601,93.562,93.574,0.0
2026-08-19 04:50:00,2026-08-19 01:50:00,2026-08-19 09:50:00,93.571,93.599,93.563,93.594,0.0
2026-08-19 04:55:00,2026-08-19 01:55:00,2026-08-19 09:55:00,93.594,93.632,93.592,93.608,0.0
2026-08-19 05:00:00,2026-08-19 02:00:00,2026-08-19 10:00:00,93.609,93.63,93.587,93.596,0.0
2026-08-19 05:05:00,2026-08-19 02:05:00,2026-08-19 10:05:00,93.596,93.596,93.574,93.595,0.0
2026-08-19 05:10:00,2026-08-19 02:10:00,2026-08-19 10:10:00,93.594,93.595,93.565,93.577,0.0
2026-08-19 05:15:00,2026-08-19 02:15:00,2026-08-19 10:15:00,93.577,93.621,93.551,93.555,0.0
2026-08-19 05:20:00,2026-08-19 02:20:00,2026-08-19 10:20:00,93.554,93.556,93.528,93.544,0.0
2026-08-19 05:25:00,2026-08-19 02:25:00,2026-08-19 10:25:00,93.545,93.56,93.534,93.556,0.0
2026-08-19 05:30:00,2026-08-19 02:30:00,2026-08-19 10:30:00,93.556,93.568,93.548,93.561,0.0
2026-08-19 05:35:00,2026-08-19 02:35:00,2026-08-19 10:35:00,93.561,93.588,93.556,93.564,0.0
2026-08-19 05:40:00,2026-08-19 02:40:00,2026-08-19 10:40:00,93.565,93.581,93.556,93.575,0.0
2026-08-19 05:45:00,2026-08-19 02:45:00,2026-08-19 10:45:00,93.578,93.588,93.563,93.577,0.0
2026-08-19 05:50:00,2026-08-19 02:50:00,2026-08-19 10:50:00,93.577,93.578,93.538,93.568,0.0
2026-08-19 05:55:00,2026-08-19 02:55:00,2026-08-19 10:55:00,93.568,93.584,93.553,93.579,0.0
2026-08-19 06:00:00,2026-08-19 03:00:00,2026-08-19 11:00:00,93.579,93.59,93.557,93.562,0.0
2026-08-19 06:05:00,2026-08-19 03:05:00,2026-08-19 11:05:00,93.562,93.562,93.536,93.556,0.0
2026-08-19 06:10:00,2026-08-19 03:10:00,2026-08-19 11:10:00,93.556,93.565,93.551,93.564,0.0
2026-08-19 06:15:00,2026-08-19 03:15:00,2026-08-19 11:15:00,93.565,93.585,93.563,93.576,0.0
2026-08-19 06:20:00,2026-08-19 03:20:00,2026-08-19 11:20:00,93.577,93.585,93.576,93.579,0.0
2026-08-19 06:25:00,2026-08-19 03:25:00,2026-08-19 11:25:00,93.579,93.583,93.568,93.573,0.0
2026-08-19 06:30:00,2026-08-19 03:30:00,2026-08-19 11:30:00,93.574,93.605,93.571,93.58,0.0
2026-08-19 06:35:00,2026-08-19 03:35:00,2026-08-19 11:35:00,93.582,93.606,93.575,93.594,0.0
2026-08-19 06:40:00,2026-08-19 03:40:00,2026-08-19 11:40:00,93.594,93.595,93.578,93.581,0.0
2026-08-19 06:45:00,2026-08-19 03:45:00,2026-08-19 11:45:00,93.581,93.603,93.578,93.599,0.0
2026-08-19 06:50:00,2026-08-19 03:50:00,2026-08-19 11:50:00,93.599,93.606,93.59,93.598,0.0
2026-08-19 06:55:00,2026-08-19 03:55:00,2026-08-19 11:55:00,93.598,93.612,93.591,93.6,0.0
2026-08-19 07:00:00,2026-08-19 04:00:00,2026-08-19 12:00:00,93.6,93.613,93.579,93.591,0.0
2026-08-19 07:05:00,2026-08-19 04:05:00,2026-08-19 12:05:00,93.591,93.596,93.579,93.58,0.0
2026-08-19 07:10:00,2026-08-19 04:10:00,2026-08-19 12:10:00,93.58,93.603,93.576,93.6,0.0
2026-08-19 07:15:00,2026-08-19 04:15:00,2026-08-19 12:15:00,93.6,93.603,93.585,93.601,0.0
2026-08-19 07:20:00,2026-08-19 04:20:00,2026-08-19 12:20:00,93.6,93.6,93.571,93.581,0.0
2026-08-19 07:25:00,2026-08-19 04:25:00,2026-08-19 12:25:00,93.581,93.589,93.562,93.566,0.0
2026-08-19 07:30:00,2026-08-19 04:30:00,2026-08-19 12:30:00,93.568,93.57,93.522,93.535,0.0
2026-08-19 07:35:00,2026-08-19 04:35:00,2026-08-19 12:35:00,93.532,93.546,93.529,93.533,0.0
2026-08-19 07:40:00,2026-08-19 04:40:00,2026-08-19 12:40:00,93.533,93.55,93.528,93.543,0.0
2026-08-19 07:45:00,2026-08-19 04:45:00,2026-08-19 12:45:00,93.542,93.543,93.501,93.514,0.0
2026-08-19 07:50:00,2026-08-19 04:50:00,2026-08-19 12:50:00,93.511,93.513,93.49,93.49,0.0
2026-08-19 07:55:00,2026-08-19 04:55:00,2026-08-19 12:55:00,93.492,93.543,93.487,93.543,0.0
2026-08-19 08:00:00,2026-08-19 05:00:00,2026-08-19 13:00:00,93.542,93.556,93.524,93.543,0.0
2026-08-19 08:05:00,2026-08-19 05:05:00,2026-08-19 13:05:00,93.543,93.548,93.518,93.521,0.0
2026-08-19 08:10:00,2026-08-19 05:10:00,2026-08-19 13:10:00,93.52,93.536,93.509,93.51,0.0
2026-08-19 08:15:00,2026-08-19 05:15:00,2026-08-19 13:15:00,93.512,93.519,93.479,93.484,0.0
2026-08-19 08:20:00,2026-08-19 05:20:00,2026-08-19 13:20:00,93.484,93.501,93.463,93.468,0.0
2026-08-19 08:25:00,2026-08-19 05:25:00,2026-08-19 13:25:00,93.469,93.51,93.465,93.504,0.0
2026-08-19 08:30:00,2026-08-19 05:30:00,2026-08-19 13:30:00,93.502,93.506,93.458,93.466,0.0
2026-08-19 08:35:00,2026-08-19 05:35:00,2026-08-19 13:35:00,93.468,93.478,93.444,93.456,0.0
2026-08-19 08:40:00,2026-08-19 05:40:00,2026-08-19 13:40:00,93.457,93.473,93.445,93.472,0.0
2026-08-19 08:45:00,2026-08-19 05:45:00,2026-08-19 13:45:00,93.472,93.489,93.455,93.472,0.0
2026-08-19 08:50:00,2026-08-19 05:50:00,2026-08-19 13:50:00,93.472,93.516,93.469,93.494,0.0
2026-08-19 08:55:00,2026-08-19 05:55:00,2026-08-19 13:55:00,93.494,93.529,93.494,93.508,0.0
2026-08-19 09:00:00,2026-08-19 06:00:00,2026-08-19 14:00:00,93.508,93.517,93.481,93.509,0.0
2026-08-19 09:05:00,2026-08-19 06:05:00,2026-08-19 14:05:00,93.509,93.519,93.477,93.482,0.0
2026-08-19 09:10:00,2026-08-19 06:10:00,2026-08-19 14:10:00,93.482,93.485,93.467,93.478,0.0
2026-08-19 09:15:00,2026-08-19 06:15:00,2026-08-19 14:15:00,93.477,93.529,93.463,93.517,0.0
2026-08-19 09:20:00,2026-08-19 06:20:00,2026-08-19 14:20:00,93.517,93.549,93.51,93.545,0.0
2026-08-19 09:25:00,2026-08-19 06:25:00,2026-08-19 14:25:00,93.547,93.571,93.54,93.551,0.0
2026-08-19 09:30:00,2026-08-19 06:30:00,2026-08-19 14:30:00,93.551,93.554,93.482,93.489,0.0
2026-08-19 09:35:00,2026-08-19 06:35:00,2026-08-19 14:35:00,93.49,93.495,93.462,93.492,0.0
2026-08-19 09:40:00,2026-08-19 06:40:00,2026-08-19 14:40:00,93.488,93.527,93.488,93.517,0.0
2026-08-19 09:45:00,2026-08-19 06:45:00,2026-08-19 14:45:00,93.519,93.52,93.489,93.512,0.0
2026-08-19 09:50:00,2026-08-19 06:50:00,2026-08-19 14:50:00,93.512,93.533,93.504,93.525,0.0
2026-08-19 09:55:00,2026-08-19 06:55:00,2026-08-19 14:55:00,93.525,93.546,93.517,93.53,0.0
2026-08-19 10:00:00,2026-08-19 07:00:00,2026-08-19 15:00:00,93.532,93.558,93.514,93.533,0.0
2026-08-19 10:05:00,2026-08-19 07:05:00,2026-08-19 15:05:00,93.533,93.534,93.504,93.512,0.0
2026-08-19 10:10:00,2026-08-19 07:10:00,2026-08-19 15:10:00,93.512,93.522,93.492,93.494,0.0
2026-08-19 10:15:00,2026-08-19 07:15:00,2026-08-19 15:15:00,93.494,93.51,93.483,93.494,0.0
2026-08-19 10:20:00,2026-08-19 07:20:00,2026-08-19 15:20:00,93.494,93.499,93.457,93.463,0.0
2026-08-19 10:25:00,2026-08-19 07:25:00,2026-08-19 15:25:00,93.459,93.48,93.453,93.476,0.0
2026-08-19 10:30:00,2026-08-19 07:30:00,2026-08-19 15:30:00,93.476,93.478,93.449,93.458,0.0
2026-08-19 10:35:00,2026-08-19 07:35:00,2026-08-19 15:35:00,93.459,93.459,93.437,93.443,0.0
2026-08-19 10:40:00,2026-08-19 07:40:00,2026-08-19 15:40:00,93.445,93.457,93.405,93.42,0.0
2026-08-19 10:45:00,2026-08-19 07:45:00,2026-08-19 15:45:00,93.42,93.431,93.414,93.43,0.0
2026-08-19 10:50:00,2026-08-19 07:50:00,2026-08-19 15:50:00,93.432,93.448,93.409,93.417,0.0
2026-08-19 10:55:00,2026-08-19 07:55:00,2026-08-19 15:55:00,93.419,93.45,93.419,93.437,0.0
2026-08-19 11:00:00,2026-08-19 08:00:00,2026-08-19 16:00:00,93.436,93.459,93.411,93.455,0.0
2026-08-19 11:05:00,2026-08-19 08:05:00,2026-08-19 16:05:00,93.457,93.487,93.451,93.465,0.0
2026-08-19 11:10:00,2026-08-19 08:10:00,2026-08-19 16:10:00,93.465,93.517,93.463,93.512,0.0
2026-08-19 11:15:00,2026-08-19 08:15:00,2026-08-19 16:15:00,93.51,93.526,93.494,93.505,0.0
2026-08-19 11:20:00,2026-08-19 08:20:00,2026-08-19 16:20:00,93.504,93.507,93.479,93.496,0.0
2026-08-19 11:25:00,2026-08-19 08:25:00,2026-08-19 16:25:00,93.496,93.512,93.489,93.501,0.0
2026-08-19 11:30:00,2026-08-19 08:30:00,2026-08-19 16:30:00,93.502,93.504,93.451,93.461,0.0
2026-08-19 11:35:00,2026-08-19 08:35:00,2026-08-19 16:35:00,93.46,93.491,93.454,93.474,0.0
2026-08-19 11:40:00,2026-08-19 08:40:00,2026-08-19 16:40:00,93.474,93.505,93.47,93.49,0.0
2026-08-19 11:45:00,2026-08-19 08:45:00,2026-08-19 16:45:00,93.491,93.506,93.483,93.5,0.0
2026-08-19 11:50:00,2026-08-19 08:50:00,2026-08-19 16:50:00,93.5,93.534,93.487,93.524,0.0
2026-08-19 11:55:00,2026-08-19 08:55:00,2026-08-19 16:55:00,93.528,93.534,93.509,93.529,0.0
2026-08-19 12:00:00,2026-08-19 09:00:00,2026-08-19 17:00:00,93.529,93.581,93.524,93.575,0.0
2026-08-19 12:05:00,2026-08-19 09:05:00,2026-08-19 17:05:00,93.577,93.586,93.56,93.568,0.0
2026-08-19 12:10:00,2026-08-19 09:10:00,2026-08-19 17:10:00,93.568,93.608,93.565,93.6,0.0
2026-08-19 12:15:00,2026-08-19 09:15:00,2026-08-19 17:15:00,93.598,93.621,93.591,93.61,0.0
2026-08-19 12:20:00,2026-08-19 09:20:00,2026-08-19 17:20:00,93.61,93.631,93.594,93.62,0.0
2026-08-19 12:25:00,2026-08-19 09:25:00,2026-08-19 17:25:00,93.623,93.647,93.623,93.63,0.0
2026-08-19 12:30:00,2026-08-19 09:30:00,2026-08-19 17:30:00,93.628,93.631,93.581,93.591,0.0
2026-08-19 12:35:00,2026-08-19 09:35:00,2026-08-19 17:35:00,93.592,93.608,93.585,93.589,0.0
2026-08-19 12:40:00,2026-08-19 09:40:00,2026-08-19 17:40:00,93.589,93.592,93.571,93.577,0.0
2026-08-19 12:45:00,2026-08-19 09:45:00,2026-08-19 17:45:00,93.577,93.59,93.573,93.583,0.0
2026-08-19 12:50:00,2026-08-19 09:50:00,2026-08-19 17:50:00,93.583,93.584,93.563,93.578,0.0
2026-08-19 12:55:00,2026-08-19 09:55:00,2026-08-19 17:55:00,93.578,93.588,93.565,93.574,0.0
2026-08-19 13:00:00,2026-08-19 10:00:00,2026-08-19 18:00:00,93.575,93.576,93.53,93.535,0.0
2026-08-19 13:05:00,2026-08-19 10:05:00,2026-08-19 18:05:00,93.535,93.567,93.532,93.554,0.0
2026-08-19 13:10:00,2026-08-19 10:10:00,2026-08-19 18:10:00,93.553,93.567,93.549,93.565,0.0
2026-08-19 13:15:00,2026-08-19 10:15:00,2026-08-19 18:15:00,93.565,93.574,93.551,93.563,0.0
2026-08-19 13:20:00,2026-08-19 10:20:00,2026-08-19 18:20:00,93.564,93.569,93.535,93.55,0.0
2026-08-19 13:25:00,2026-08-19 10:25:00,2026-08-19 18:25:00,93.549,93.567,93.532,93.562,0.0
2026-08-19 13:30:00,2026-08-19 10:30:00,2026-08-19 18:30:00,93.563,93.565,93.535,93.546,0.0
2026-08-19 13:35:00,2026-08-19 10:35:00,2026-08-19 18:35:00,93.546,93.57,93.545,93.569,0.0
2026-08-19 13:40:00,2026-08-19 10:40:00,2026-08-19 18:40:00,93.569,93.575,93.555,93.573,0.0
2026-08-19 13:45:00,2026-08-19 10:45:00,2026-08-19 18:45:00,93.573,93.582,93.564,93.576,0.0
2026-08-19 13:50:00,2026-08-19 10:50:00,2026-08-19 18:50:00,93.576,93.587,93.566,93.573,0.0
2026-08-19 13:55:00,2026-08-19 10:55:00,2026-08-19 18:55:00,93.571,93.589,93.557,93.569,0.0
2026-08-19 14:00:00,2026-08-19 11:00:00,2026-08-19 19:00:00,93.568,93.59,93.564,93.567,0.0
2026-08-19 14:05:00,2026-08-19 11:05:00,2026-08-19 19:05:00,93.567,93.58,93.552,93.558,0.0
2026-08-19 14:10:00,2026-08-19 11:10:00,2026-08-19 19:10:00,93.558,93.596,93.545,93.591,0.0
2026-08-19 14:15:00,2026-08-19 11:15:00,2026-08-19 19:15:00,93.591,93.595,93.558,93.559,0.0
2026-08-19 14:20:00,2026-08-19 11:20:00,2026-08-19 19:20:00,93.561,93.576,93.555,93.575,0.0
2026-08-19 14:25:00,2026-08-19 11:25:00,2026-08-19 19:25:00,93.574,93.582,93.556,93.561,0.0
2026-08-19 14:30:00,2026-08-19 11:30:00,2026-08-19 19:30:00,93.559,93.569,93.54,93.558,0.0
2026-08-19 14:35:00,2026-08-19 11:35:00,2026-08-19 19:35:00,93.558,93.561,93.535,93.551,0.0
2026-08-19 14:40:00,2026-08-19 11:40:00,2026-08-19 19:40:00,93.552,93.557,93.514,93.525,0.0
2026-08-19 14:45:00,2026-08-19 11:45:00,2026-08-19 19:45:00,93.526,93.552,93.514,93.54,0.0
2026-08-19 14:50:00,2026-08-19 11:50:00,2026-08-19 19:50:00,93.54,93.551,93.531,93.543,0.0
2026-08-19 14:55:00,2026-08-19 11:55:00,2026-08-19 19:55:00,93.542,93.554,93.528,93.547,0.0
2026-08-19 15:00:00,2026-08-19 12:00:00,2026-08-19 20:00:00,93.547,93.554,93.514,93.516,0.0
2026-08-19 15:05:00,2026-08-19 12:05:00,2026-08-19 20:05:00,93.518,93.545,93.513,93.537,0.0
2026-08-19 15:10:00,2026-08-19 12:10:00,2026-08-19 20:10:00,93.537,93.565,93.531,93.563,0.0
2026-08-19 15:15:00,2026-08-19 12:15:00,2026-08-19 20:15:00,93.563,93.599,93.558,93.58,0.0
2026-08-19 15:20:00,2026-08-19 12:20:00,2026-08-19 20:20:00,93.583,93.602,93.545,93.586,0.0
2026-08-19 15:25:00,2026-08-19 12:25:00,2026-08-19 20:25:00,93.587,93.599,93.568,93.587,0.0
2026-08-19 15:30:00,2026-08-19 12:30:00,2026-08-19 20:30:00,93.588,93.597,93.514,93.543,0.0
2026-08-19 15:35:00,2026-08-19 12:35:00,2026-08-19 20:35:00,93.548,93.596,93.31,93.336,0.0
2026-08-19 15:40:00,2026-08-19 12:40:00,2026-08-19 20:40:00,93.338,93.49,93.33,93.47,0.0
2026-08-19 15:45:00,2026-08-19 12:45:00,2026-08-19 20:45:00,93.471,93.54,93.436,93.514,0.0
2026-08-19 15:50:00,2026-08-19 12:50:00,2026-08-19 20:50:00,93.514,93.561,93.51,93.557,0.0
2026-08-19 15:55:00,2026-08-19 12:55:00,2026-08-19 20:55:00,93.555,93.585,93.539,93.583,0.0
2026-08-19 16:00:00,2026-08-19 13:00:00,2026-08-19 21:00:00,93.58,93.623,93.573,93.616,0.0
2026-08-19 16:05:00,2026-08-19 13:05:00,2026-08-19 21:05:00,93.616,93.689,93.61,93.665,0.0
2026-08-19 16:10:00,2026-08-19 13:10:00,2026-08-19 21:10:00,93.665,93.741,93.658,93.722,0.0
2026-08-19 16:15:00,2026-08-19 13:15:00,2026-08-19 21:15:00,93.722,93.727,93.682,93.695,0.0
2026-08-19 16:20:00,2026-08-19 13:20:00,2026-08-19 21:20:00,93.695,93.744,93.695,93.735,0.0
2026-08-19 16:25:00,2026-08-19 13:25:00,2026-08-19 21:25:00,93.738,93.788,93.729,93.779,0.0
2026-08-19 16:30:00,2026-08-19 13:30:00,2026-08-19 21:30:00,93.779,93.835,93.772,93.829,0.0
2026-08-19 16:35:00,2026-08-19 13:35:00,2026-08-19 21:35:00,93.831,93.841,93.769,93.792,0.0
2026-08-19 16:40:00,2026-08-19 13:40:00,2026-08-19 21:40:00,93.793,93.859,93.788,93.854,0.0
2026-08-19 16:45:00,2026-08-19 13:45:00,2026-08-19 21:45:00,93.854,93.875,93.824,93.825,0.0
2026-08-19 16:50:00,2026-08-19 13:50:00,2026-08-19 21:50:00,93.826,93.854,93.797,93.837,0.0
2026-08-19 16:55:00,2026-08-19 13:55:00,2026-08-19 21:55:00,93.837,93.896,93.824,93.885,0.0
2026-08-19 17:00:00,2026-08-19 14:00:00,2026-08-19 22:00:00,93.883,93.902,93.86,93.902,0.0
2026-08-19 17:05:00,2026-08-19 14:05:00,2026-08-19 22:05:00,93.901,93.931,93.893,93.906,0.0
2026-08-19 17:10:00,2026-08-19 14:10:00,2026-08-19 22:10:00,93.908,93.918,93.841,93.843,0.0
2026-08-19 17:15:00,2026-08-19 14:15:00,2026-08-19 22:15:00,93.84,93.852,93.809,93.823,0.0
2026-08-19 17:20:00,2026-08-19 14:20:00,2026-08-19 22:20:00,93.82,93.831,93.793,93.824,0.0
2026-08-19 17:25:00,2026-08-19 14:25:00,2026-08-19 22:25:00,93.825,93.863,93.818,93.861,0.0
2026-08-19 17:30:00,2026-08-19 14:30:00,2026-08-19 22:30:00,93.862,93.877,93.798,93.825,0.0
2026-08-19 17:35:00,2026-08-19 14:35:00,2026-08-19 22:35:00,93.827,93.856,93.812,93.844,0.0
2026-08-19 17:40:00,2026-08-19 14:40:00,2026-08-19 22:40:00,93.843,93.866,93.798,93.846,0.0
2026-08-19 17:45:00,2026-08-19 14:45:00,2026-08-19 22:45:00,93.846,93.864,93.822,93.831,0.0
2026-08-19 17:50:00,2026-08-19 14:50:00,2026-08-19 22:50:00,93.831,93.871,93.823,93.862,0.0
2026-08-19 17:55:00,2026-08-19 14:55:00,2026-08-19 22:55:00,93.861,93.903,93.84,93.877,0.0
2026-08-19 18:00:00,2026-08-19 15:00:00,2026-08-19 23:00:00,93.879,93.92,93.872,93.91,0.0
2026-08-19 18:05:00,2026-08-19 15:05:00,2026-08-19 23:05:00,93.91,93.941,93.905,93.931,0.0
2026-08-19 18:10:00,2026-08-19 15:10:00,2026-08-19 23:10:00,93.929,93.952,93.913,93.935,0.0
2026-08-19 18:15:00,2026-08-19 15:15:00,2026-08-19 23:15:00,93.935,93.95,93.924,93.947,0.0
2026-08-19 18:20:00,2026-08-19 15:20:00,2026-08-19 23:20:00,93.947,93.952,93.911,93.912,0.0
2026-08-19 18:25:00,2026-08-19 15:25:00,2026-08-19 23:25:00,93.915,93.957,93.898,93.957,0.0
2026-08-19 18:30:00,2026-08-19 15:30:00,2026-08-19 23:30:00,93.957,93.972,93.939,93.958,0.0
2026-08-19 18:35:00,2026-08-19 15:35:00,2026-08-19 23:35:00,93.958,93.987,93.951,93.98,0.0
2026-08-19 18:40:00,2026-08-19 15:40:00,2026-08-19 23:40:00,93.98,93.98,93.939,93.949,0.0
2026-08-19 18:45:00,2026-08-19 15:45:00,2026-08-19 23:45:00,93.949,93.958,93.925,93.927,0.0
2026-08-19 18:50:00,2026-08-19 15:50:00,2026-08-19 23:50:00,93.927,93.933,93.902,93.904,0.0
2026-08-19 18:55:00,2026-08-19 15:55:00,2026-08-19 23:55:00,93.904,93.945,93.901,93.934,0.0
2026-08-19 19:00:00,2026-08-19 16:00:00,2026-08-20 00:00:00,93.934,93.965,93.927,93.935,0.0
2026-08-19 19:05:00,2026-08-19 16:05:00,2026-08-20 00:05:00,93.935,93.994,93.933,93.982,0.0
2026-08-19 19:10:00,2026-08-19 16:10:00,2026-08-20 00:10:00,93.982,94.004,93.977,93.993,0.0
2026-08-19 19:15:00,2026-08-19 16:15:00,2026-08-20 00:15:00,93.992,94.007,93.986,93.987,0.0
2026-08-19 19:20:00,2026-08-19 16:20:00,2026-08-20 00:20:00,93.99,94.005,93.981,93.99,0.0
2026-08-19 19:25:00,2026-08-19 16:25:00,2026-08-20 00:25:00,93.99,93.993,93.962,93.964,0.0
2026-08-19 19:30:00,2026-08-19 16:30:00,2026-08-20 00:30:00,93.964,93.979,93.951,93.97,0.0
2026-08-19 19:35:00,2026-08-19 16:35:00,2026-08-20 00:35:00,93.97,93.976,93.959,93.967,0.0
2026-08-19 19:40:00,2026-08-19 16:40:00,2026-08-20 00:40:00,93.967,93.975,93.953,93.962,0.0
2026-08-19 19:45:00,2026-08-19 16:45:00,2026-08-20 00:45:00,93.961,93.966,93.947,93.949,0.0
2026-08-19 19:50:00,2026-08-19 16:50:00,2026-08-20 00:50:00,93.949,93.958,93.939,93.954,0.0
2026-08-19 19:55:00,2026-08-19 16:55:00,2026-08-20 00:55:00,93.954,93.969,93.944,93.968,0.0
2026-08-19 20:00:00,2026-08-19 17:00:00,2026-08-20 01:00:00,93.963,93.995,93.963,93.98,0.0
2026-08-19 20:05:00,2026-08-19 17:05:00,2026-08-20 01:05:00,93.979,93.981,93.947,93.954,0.0
2026-08-19 20:10:00,2026-08-19 17:10:00,2026-08-20 01:10:00,93.956,93.974,93.951,93.966,0.0
2026-08-19 20:15:00,2026-08-19 17:15:00,2026-08-20 01:15:00,93.966,93.969,93.929,93.932,0.0
2026-08-19 20:20:00,2026-08-19 17:20:00,2026-08-20 01:20:00,93.934,93.964,93.934,93.961,0.0
2026-08-19 20:25:00,2026-08-19 17:25:00,2026-08-20 01:25:00,93.962,93.97,93.947,93.967,0.0
2026-08-19 20:30:00,2026-08-19 17:30:00,2026-08-20 01:30:00,93.967,93.97,93.947,93.963,0.0
2026-08-19 20:35:00,2026-08-19 17:35:00,2026-08-20 01:35:00,93.963,93.985,93.959,93.97,0.0
2026-08-19 20:40:00,2026-08-19 17:40:00,2026-08-20 01:40:00,93.971,93.978,93.953,93.957,0.0
2026-08-19 20:45:00,2026-08-19 17:45:00,2026-08-20 01:45:00,93.955,93.978,93.953,93.976,0.0
2026-08-19 20:50:00,2026-08-19 17:50:00,2026-08-20 01:50:00,93.975,93.994,93.97,93.981,0.0
2026-08-19 20:55:00,2026-08-19 17:55:00,2026-08-20 01:55:00,93.981,93.985,93.947,93.955,0.0
2026-08-19 21:00:00,2026-08-19 18:00:00,2026-08-20 02:00:00,93.941,93.984,93.927,93.976,0.0
2026-08-19 21:05:00,2026-08-19 18:05:00,2026-08-20 02:05:00,93.977,93.983,93.937,93.947,0.0
2026-08-19 21:10:00,2026-08-19 18:10:00,2026-08-20 02:10:00,93.947,93.971,93.935,93.967,0.0
2026-08-19 21:15:00,2026-08-19 18:15:00,2026-08-20 02:15:00,93.967,93.978,93.946,93.95,0.0
2026-08-19 21:20:00,2026-08-19 18:20:00,2026-08-20 02:20:00,93.95,93.954,93.933,93.938,0.0
2026-08-19 21:25:00,2026-08-19 18:25:00,2026-08-20 02:25:00,93.938,93.945,93.923,93.94,0.0
2026-08-19 21:30:00,2026-08-19 18:30:00,2026-08-20 02:30:00,93.937,93.953,93.933,93.947,0.0
2026-08-19 21:35:00,2026-08-19 18:35:00,2026-08-20 02:35:00,93.947,93.95,93.931,93.942,0.0
2026-08-19 21:40:00,2026-08-19 18:40:00,2026-08-20 02:40:00,93.942,93.953,93.928,93.942,0.0
2026-08-19 21:45:00,2026-08-19 18:45:00,2026-08-20 02:45:00,93.942,93.952,93.926,93.941,0.0
2026-08-19 21:50:00,2026-08-19 18:50:00,2026-08-20 02:50:00,93.941,93.972,93.94,93.965,0.0
2026-08-19 21:55:00,2026-08-19 18:55:00,2026-08-20 02:55:00,93.969,93.979,93.921,93.921,0.0
2026-08-19 22:00:00,2026-08-19 19:00:00,2026-08-20 03:00:00,93.958,94.0,93.873,93.965,0.0
2026-08-19 22:05:00,2026-08-19 19:05:00,2026-08-20 03:05:00,93.965,93.992,93.952,93.955,0.0
2026-08-19 22:10:00,2026-08-19 19:10:00,2026-08-20 03:10:00,93.954,93.958,93.9,93.906,0.0
2026-08-19 22:15:00,2026-08-19 19:15:00,2026-08-20 03:15:00,93.905,93.958,93.904,93.92,0.0
2026-08-19 22:20:00,2026-08-19 19:20:00,2026-08-20 03:20:00,93.919,93.942,93.912,93.912,0.0
2026-08-19 22:25:00,2026-08-19 19:25:00,2026-08-20 03:25:00,93.913,93.933,93.86,93.863,0.0
2026-08-19 22:30:00,2026-08-19 19:30:00,2026-08-20 03:30:00,93.867,93.903,93.862,93.888,0.0
2026-08-19 22:35:00,2026-08-19 19:35:00,2026-08-20 03:35:00,93.888,93.917,93.869,93.877,0.0
2026-08-19 22:40:00,2026-08-19 19:40:00,2026-08-20 03:40:00,93.877,93.903,93.858,93.891,0.0
2026-08-19 22:45:00,2026-08-19 19:45:00,2026-08-20 03:45:00,93.889,93.905,93.86,93.865,0.0
2026-08-19 22:50:00,2026-08-19 19:50:00,2026-08-20 03:50:00,93.864,93.884,93.843,93.845,0.0
2026-08-19 22:55:00,2026-08-19 19:55:00,2026-08-20 03:55:00,93.845,93.869,93.78,93.824,0.0
2026-08-19 23:00:00,2026-08-19 20:00:00,2026-08-20 04:00:00,93.824,93.83,93.799,93.81,0.0
2026-08-19 23:05:00,2026-08-19 20:05:00,2026-08-20 04:05:00,93.808,93.843,93.802,93.803,0.0
2026-08-19 23:10:00,2026-08-19 20:10:00,2026-08-20 04:10:00,93.804,93.834,93.799,93.8,0.0
2026-08-19 23:15:00,2026-08-19 20:15:00,2026-08-20 04:15:00,93.8,93.848,93.8,93.822,0.0
2026-08-19 23:20:00,2026-08-19 20:20:00,2026-08-20 04:20:00,93.822,93.855,93.821,93.833,0.0
2026-08-19 23:25:00,2026-08-19 20:25:00,2026-08-20 04:25:00,93.84,93.887,93.836,93.861,0.0
2026-08-19 23:30:00,2026-08-19 20:30:00,2026-08-20 04:30:00,93.861,93.899,93.861,93.868,0.0
2026-08-19 23:35:00,2026-08-19 20:35:00,2026-08-20 04:35:00,93.868,93.883,93.847,93.857,0.0
2026-08-19 23:40:00,2026-08-19 20:40:00,2026-08-20 04:40:00,93.857,93.877,93.835,93.84,0.0
2026-08-19 23:45:00,2026-08-19 20:45:00,2026-08-20 04:45:00,93.84,93.875,93.835,93.848,0.0
2026-08-19 23:50:00,2026-08-19 20:50:00,2026-08-20 04:50:00,93.848,93.88,93.838,93.856,0.0
2026-08-19 23:55:00,2026-08-19 20:55:00,2026-08-20 04:55:00,93.856,93.885,93.795,93.833,0.0
2026-08-20 00:00:00,2026-08-19 21:00:00,2026-08-20 05:00:00,93.816,93.877,93.816,93.877,0.0
2026-08-20 00:05:00,2026-08-19 21:05:00,2026-08-20 05:05:00,93.869,93.869,93.732,93.743,0.0
2026-08-20 00:10:00,2026-08-19 21:10:00,2026-08-20 05:10:00,93.746,93.825,93.729,93.791,0.0
2026-08-20 00:15:00,2026-08-19 21:15:00,2026-08-20 05:15:00,93.793,93.847,93.769,93.806,0.0
2026-08-20 00:20:00,2026-08-19 21:20:00,2026-08-20 05:20:00,93.779,93.798,93.756,93.766,0.0
2026-08-20 00:25:00,2026-08-19 21:25:00,2026-08-20 05:25:00,93.754,93.808,93.741,93.776,0.0
2026-08-20 00:30:00,2026-08-19 21:30:00,2026-08-20 05:30:00,93.78,93.811,93.765,93.784,0.0
2026-08-20 00:35:00,2026-08-19 21:35:00,2026-08-20 05:35:00,93.789,93.815,93.763,93.795,0.0
2026-08-20 00:40:00,2026-08-19 21:40:00,2026-08-20 05:40:00,93.804,93.813,93.763,93.806,0.0
2026-08-20 00:45:00,2026-08-19 21:45:00,2026-08-20 05:45:00,93.807,93.831,93.77,93.787,0.0
2026-08-20 00:50:00,2026-08-19 21:50:00,2026-08-20 05:50:00,93.804,93.835,93.782,93.823,0.0
2026-08-20 00:55:00,2026-08-19 21:55:00,2026-08-20 05:55:00,93.823,93.834,93.689,93.694,0.0
2026-08-20 01:00:00,2026-08-19 22:00:00,2026-08-20 06:00:00,93.706,93.817,93.706,93.791,0.0
2026-08-20 01:05:00,2026-08-19 22:05:00,2026-08-20 06:05:00,93.789,93.81,93.778,93.802,0.0
2026-08-20 01:10:00,2026-08-19 22:10:00,2026-08-20 06:10:00,93.799,93.835,93.799,93.83,0.0
2026-08-20 01:15:00,2026-08-19 22:15:00,2026-08-20 06:15:00,93.829,93.836,93.816,93.836,0.0
2026-08-20 01:20:00,2026-08-19 22:20:00,2026-08-20 06:20:00,93.831,93.834,93.816,93.824,0.0
2026-08-20 01:25:00,2026-08-19 22:25:00,2026-08-20 06:25:00,93.827,93.836,93.817,93.826,0.0
2026-08-20 01:30:00,2026-08-19 22:30:00,2026-08-20 06:30:00,93.825,93.852,93.822,93.842,0.0
2026-08-20 01:35:00,2026-08-19 22:35:00,2026-08-20 06:35:00,93.844,93.857,93.84,93.853,0.0
2026-08-20 01:40:00,2026-08-19 22:40:00,2026-08-20 06:40:00,93.85,93.884,93.847,93.873,0.0
2026-08-20 01:45:00,2026-08-19 22:45:00,2026-08-20 06:45:00,93.873,93.89,93.868,93.879,0.0
2026-08-20 01:50:00,2026-08-19 22:50:00,2026-08-20 06:50:00,93.879,93.906,93.878,93.904,0.0
2026-08-20 01:55:00,2026-08-19 22:55:00,2026-08-20 06:55:00,93.901,93.906,93.888,93.895,0.0
2026-08-20 02:00:00,2026-08-19 23:00:00,2026-08-20 07:00:00,93.887,93.924,93.887,93.922,0.0
2026-08-20 02:05:00,2026-08-19 23:05:00,2026-08-20 07:05:00,93.922,93.931,93.9,93.906,0.0
2026-08-20 02:10:00,2026-08-19 23:10:00,2026-08-20 07:10:00,93.905,93.923,93.903,93.918,0.0
2026-08-20 02:15:00,2026-08-19 23:15:00,2026-08-20 07:15:00,93.916,93.928,93.895,93.903,0.0
2026-08-20 02:20:00,2026-08-19 23:20:00,2026-08-20 07:20:00,93.903,93.929,93.898,93.924,0.0
2026-08-20 02:25:00,2026-08-19 23:25:00,2026-08-20 07:25:00,93.925,93.969,93.923,93.965,0.0
2026-08-20 02:30:00,2026-08-19 23:30:00,2026-08-20 07:30:00,93.964,93.973,93.959,93.971,0.0
2026-08-20 02:35:00,2026-08-19 23:35:00,2026-08-20 07:35:00,93.965,93.971,93.934,93.939,0.0
2026-08-20 02:40:00,2026-08-19 23:40:00,2026-08-20 07:40:00,93.936,93.944,93.928,93.935,0.0
2026-08-20 02:45:00,2026-08-19 23:45:00,2026-08-20 07:45:00,93.935,93.948,93.922,93.943,0.0
2026-08-20 02:50:00,2026-08-19 23:50:00,2026-08-20 07:50:00,93.944,93.949,93.926,93.929,0.0
2026-08-20 02:55:00,2026-08-19 23:55:00,2026-08-20 07:55:00,93.93,93.936,93.911,93.925,0.0
2026-08-20 03:00:00,2026-08-20 00:00:00,2026-08-20 08:00:00,93.924,93.957,93.903,93.942,0.0
2026-08-20 03:05:00,2026-08-20 00:05:00,2026-08-20 08:05:00,93.944,93.984,93.939,93.977,0.0
2026-08-20 03:10:00,2026-08-20 00:10:00,2026-08-20 08:10:00,93.978,94.017,93.977,94.013,0.0
2026-08-20 03:15:00,2026-08-20 00:15:00,2026-08-20 08:15:00,94.012,94.019,93.989,94.002,0.0
2026-08-20 03:20:00,2026-08-20 00:20:00,2026-08-20 08:20:00,94.001,94.011,93.977,94.004,0.0
2026-08-20 03:25:00,2026-08-20 00:25:00,2026-08-20 08:25:00,94.005,94.026,93.987,94.021,0.0
2026-08-20 03:30:00,2026-08-20 00:30:00,2026-08-20 08:30:00,94.02,94.035,94.004,94.034,0.0
2026-08-20 03:35:00,2026-08-20 00:35:00,2026-08-20 08:35:00,94.034,94.04,94.008,94.013,0.0
2026-08-20 03:40:00,2026-08-20 00:40:00,2026-08-20 08:40:00,94.016,94.027,94.001,94.018,0.0
2026-08-20 03:45:00,2026-08-20 00:45:00,2026-08-20 08:45:00,94.02,94.039,94.012,94.026,0.0
2026-08-20 03:50:00,2026-08-20 00:50:00,2026-08-20 08:50:00,94.026,94.041,94.008,94.023,0.0
2026-08-20 03:55:00,2026-08-20 00:55:00,2026-08-20 08:55:00,94.019,94.024,93.979,94.02,0.0
2026-08-20 04:00:00,2026-08-20 01:00:00,2026-08-20 09:00:00,94.02,94.053,94.014,94.042,0.0
2026-08-20 04:05:00,2026-08-20 01:05:00,2026-08-20 09:05:00,94.041,94.05,94.013,94.037,0.0
2026-08-20 04:10:00,2026-08-20 01:10:00,2026-08-20 09:10:00,94.04,94.063,94.03,94.056,0.0
2026-08-20 04:15:00,2026-08-20 01:15:00,2026-08-20 09:15:00,94.056,94.111,94.049,94.097,0.0
2026-08-20 04:20:00,2026-08-20 01:20:00,2026-08-20 09:20:00,94.097,94.106,94.076,94.099,0.0
2026-08-20 04:25:00,2026-08-20 01:25:00,2026-08-20 09:25:00,94.096,94.118,94.069,94.102,0.0
2026-08-20 04:30:00,2026-08-20 01:30:00,2026-08-20 09:30:00,94.105,94.145,93.947,94.095,0.0
2026-08-20 04:35:00,2026-08-20 01:35:00,2026-08-20 09:35:00,94.095,94.136,94.09,94.1,0.0
2026-08-20 04:40:00,2026-08-20 01:40:00,2026-08-20 09:40:00,94.101,94.166,94.101,94.156,0.0
2026-08-20 04:45:00,2026-08-20 01:45:00,2026-08-20 09:45:00,94.156,94.222,94.156,94.22,0.0
2026-08-20 04:50:00,2026-08-20 01:50:00,2026-08-20 09:50:00,94.22,94.232,94.179,94.226,0.0
2026-08-20 04:55:00,2026-08-20 01:55:00,2026-08-20 09:55:00,94.224,94.269,94.222,94.265,0.0
2026-08-20 05:00:00,2026-08-20 02:00:00,2026-08-20 10:00:00,94.264,94.269,94.179,94.264,0.0
2026-08-20 05:05:00,2026-08-20 02:05:00,2026-08-20 10:05:00,94.264,94.3,94.239,94.294,0.0
2026-08-20 05:10:00,2026-08-20 02:10:00,2026-08-20 10:10:00,94.295,94.311,94.277,94.281,0.0
2026-08-20 05:15:00,2026-08-20 02:15:00,2026-08-20 10:15:00,94.281,94.282,94.216,94.22,0.0
2026-08-20 05:20:00,2026-08-20 02:20:00,2026-08-20 10:20:00,94.223,94.232,94.201,94.228,0.0
2026-08-20 05:25:00,2026-08-20 02:25:00,2026-08-20 10:25:00,94.229,94.235,94.2,94.22,0.0
2026-08-20 05:30:00,2026-08-20 02:30:00,2026-08-20 10:30:00,94.221,94.235,94.208,94.219,0.0
2026-08-20 05:35:00,2026-08-20 02:35:00,2026-08-20 10:35:00,94.219,94.228,94.203,94.227,0.0
2026-08-20 05:40:00,2026-08-20 02:40:00,2026-08-20 10:40:00,94.227,94.238,94.213,94.236,0.0
2026-08-20 05:45:00,2026-08-20 02:45:00,2026-08-20 10:45:00,94.234,94.243,94.216,94.216,0.0
2026-08-20 05:50:00,2026-08-20 02:50:00,2026-08-20 10:50:00,94.218,94.27,94.217,94.267,0.0
2026-08-20 05:55:00,2026-08-20 02:55:00,2026-08-20 10:55:00,94.265,94.267,94.245,94.254,0.0
2026-08-20 06:00:00,2026-08-20 03:00:00,2026-08-20 11:00:00,94.254,94.264,94.235,94.257,0.0
2026-08-20 06:05:00,2026-08-20 03:05:00,2026-08-20 11:05:00,94.256,94.313,94.256,94.281,0.0
2026-08-20 06:10:00,2026-08-20 03:10:00,2026-08-20 11:10:00,94.282,94.307,94.268,94.279,0.0
2026-08-20 06:15:00,2026-08-20 03:15:00,2026-08-20 11:15:00,94.28,94.292,94.245,94.25,0.0
2026-08-20 06:20:00,2026-08-20 03:20:00,2026-08-20 11:20:00,94.247,94.286,94.245,94.277,0.0
2026-08-20 06:25:00,2026-08-20 03:25:00,2026-08-20 11:25:00,94.279,94.296,94.275,94.292,0.0
2026-08-20 06:30:00,2026-08-20 03:30:00,2026-08-20 11:30:00,94.292,94.31,94.283,94.287,0.0
2026-08-20 06:35:00,2026-08-20 03:35:00,2026-08-20 11:35:00,94.287,94.292,94.269,94.278,0.0
2026-08-20 06:40:00,2026-08-20 03:40:00,2026-08-20 11:40:00,94.279,94.297,94.273,94.292,0.0
2026-08-20 06:45:00,2026-08-20 03:45:00,2026-08-20 11:45:00,94.294,94.322,94.286,94.321,0.0
2026-08-20 06:50:00,2026-08-20 03:50:00,2026-08-20 11:50:00,94.322,94.334,94.287,94.29,0.0
2026-08-20 06:55:00,2026-08-20 03:55:00,2026-08-20 11:55:00,94.288,94.305,94.286,94.299,0.0
2026-08-20 07:00:00,2026-08-20 04:00:00,2026-08-20 12:00:00,94.299,94.317,94.284,94.304,0.0
2026-08-20 07:05:00,2026-08-20 04:05:00,2026-08-20 12:05:00,94.302,94.364,94.296,94.361,0.0
2026-08-20 07:10:00,2026-08-20 04:10:00,2026-08-20 12:10:00,94.361,94.378,94.347,94.362,0.0
2026-08-20 07:15:00,2026-08-20 04:15:00,2026-08-20 12:15:00,94.362,94.375,94.354,94.361,0.0
2026-08-20 07:20:00,2026-08-20 04:20:00,2026-08-20 12:20:00,94.361,94.373,94.337,94.341,0.0
2026-08-20 07:25:00,2026-08-20 04:25:00,2026-08-20 12:25:00,94.343,94.381,94.34,94.375,0.0
2026-08-20 07:30:00,2026-08-20 04:30:00,2026-08-20 12:30:00,94.378,94.398,94.372,94.378,0.0
2026-08-20 07:35:00,2026-08-20 04:35:00,2026-08-20 12:35:00,94.376,94.386,94.364,94.384,0.0
2026-08-20 07:40:00,2026-08-20 04:40:00,2026-08-20 12:40:00,94.384,94.39,94.374,94.376,0.0
2026-08-20 07:45:00,2026-08-20 04:45:00,2026-08-20 12:45:00,94.378,94.387,94.366,94.375,0.0
2026-08-20 07:50:00,2026-08-20 04:50:00,2026-08-20 12:50:00,94.372,94.41,94.358,94.4,0.0
2026-08-20 07:55:00,2026-08-20 04:55:00,2026-08-20 12:55:00,94.4,94.411,94.33,94.359,0.0
2026-08-20 08:00:00,2026-08-20 05:00:00,2026-08-20 13:00:00,94.36,94.384,94.356,94.378,0.0
2026-08-20 08:05:00,2026-08-20 05:05:00,2026-08-20 13:05:00,94.378,94.402,94.376,94.395,0.0
2026-08-20 08:10:00,2026-08-20 05:10:00,2026-08-20 13:10:00,94.394,94.405,94.369,94.374,0.0
2026-08-20 08:15:00,2026-08-20 05:15:00,2026-08-20 13:15:00,94.374,94.403,94.371,94.396,0.0
2026-08-20 08:20:00,2026-08-20 05:20:00,2026-08-20 13:20:00,94.396,94.431,94.385,94.426,0.0
2026-08-20 08:25:00,2026-08-20 05:25:00,2026-08-20 13:25:00,94.428,94.446,94.426,94.433,0.0
2026-08-20 08:30:00,2026-08-20 05:30:00,2026-08-20 13:30:00,94.433,94.467,94.424,94.432,0.0
2026-08-20 08:35:00,2026-08-20 05:35:00,2026-08-20 13:35:00,94.432,94.448,94.418,94.423,0.0
2026-08-20 08:40:00,2026-08-20 05:40:00,2026-08-20 13:40:00,94.423,94.443,94.412,94.44,0.0
2026-08-20 08:45:00,2026-08-20 05:45:00,2026-08-20 13:45:00,94.44,94.456,94.432,94.442,0.0
2026-08-20 08:50:00,2026-08-20 05:50:00,2026-08-20 13:50:00,94.442,94.45,94.405,94.412,0.0
2026-08-20 08:55:00,2026-08-20 05:55:00,2026-08-20 13:55:00,94.411,94.435,94.402,94.417,0.0
2026-08-20 09:00:00,2026-08-20 06:00:00,2026-08-20 14:00:00,94.417,94.432,94.405,94.423,0.0
2026-08-20 09:05:00,2026-08-20 06:05:00,2026-08-20 14:05:00,94.423,94.443,94.418,94.432,0.0
2026-08-20 09:10:00,2026-08-20 06:10:00,2026-08-20 14:10:00,94.433,94.44,94.409,94.425,0.0
2026-08-20 09:15:00,2026-08-20 06:15:00,2026-08-20 14:15:00,94.422,94.422,94.377,94.378,0.0
2026-08-20 09:20:00,2026-08-20 06:20:00,2026-08-20 14:20:00,94.378,94.381,94.333,94.339,0.0
2026-08-20 09:25:00,2026-08-20 06:25:00,2026-08-20 14:25:00,94.338,94.362,94.323,94.33,0.0
2026-08-20 09:30:00,2026-08-20 06:30:00,2026-08-20 14:30:00,94.329,94.344,94.326,94.339,0.0
2026-08-20 09:35:00,2026-08-20 06:35:00,2026-08-20 14:35:00,94.337,94.349,94.293,94.298,0.0
2026-08-20 09:40:00,2026-08-20 06:40:00,2026-08-20 14:40:00,94.299,94.301,94.276,94.28,0.0
2026-08-20 09:45:00,2026-08-20 06:45:00,2026-08-20 14:45:00,94.279,94.343,94.278,94.337,0.0
2026-08-20 09:50:00,2026-08-20 06:50:00,2026-08-20 14:50:00,94.34,94.34,94.308,94.311,0.0
2026-08-20 09:55:00,2026-08-20 06:55:00,2026-08-20 14:55:00,94.314,94.325,94.281,94.294,0.0
2026-08-20 10:00:00,2026-08-20 07:00:00,2026-08-20 15:00:00,94.293,94.294,94.237,94.246,0.0
2026-08-20 10:05:00,2026-08-20 07:05:00,2026-08-20 15:05:00,94.246,94.267,94.21,94.249,0.0
2026-08-20 10:10:00,2026-08-20 07:10:00,2026-08-20 15:10:00,94.251,94.258,94.228,94.238,0.0
2026-08-20 10:15:00,2026-08-20 07:15:00,2026-08-20 15:15:00,94.236,94.297,94.236,94.294,0.0
2026-08-20 10:20:00,2026-08-20 07:20:00,2026-08-20 15:20:00,94.294,94.312,94.276,94.299,0.0
2026-08-20 10:25:00,2026-08-20 07:25:00,2026-08-20 15:25:00,94.301,94.344,94.298,94.335,0.0
2026-08-20 10:30:00,2026-08-20 07:30:00,2026-08-20 15:30:00,94.335,94.344,94.292,94.294,0.0
2026-08-20 10:35:00,2026-08-20 07:35:00,2026-08-20 15:35:00,94.297,94.328,94.289,94.321,0.0
2026-08-20 10:40:00,2026-08-20 07:40:00,2026-08-20 15:40:00,94.325,94.354,94.316,94.336,0.0
2026-08-20 10:45:00,2026-08-20 07:45:00,2026-08-20 15:45:00,94.336,94.342,94.308,94.317,0.0
2026-08-20 10:50:00,2026-08-20 07:50:00,2026-08-20 15:50:00,94.317,94.338,94.304,94.329,0.0
2026-08-20 10:55:00,2026-08-20 07:55:00,2026-08-20 15:55:00,94.331,94.372,94.324,94.352,0.0
2026-08-20 11:00:00,2026-08-20 08:00:00,2026-08-20 16:00:00,94.351,94.375,94.342,94.349,0.0
2026-08-20 11:05:00,2026-08-20 08:05:00,2026-08-20 16:05:00,94.351,94.355,94.306,94.32,0.0
2026-08-20 11:10:00,2026-08-20 08:10:00,2026-08-20 16:10:00,94.32,94.332,94.303,94.313,0.0
2026-08-20 11:15:00,2026-08-20 08:15:00,2026-08-20 16:15:00,94.316,94.331,94.298,94.302,0.0
2026-08-20 11:20:00,2026-08-20 08:20:00,2026-08-20 16:20:00,94.304,94.339,94.301,94.332,0.0
2026-08-20 11:25:00,2026-08-20 08:25:00,2026-08-20 16:25:00,94.332,94.344,94.314,94.338,0.0
2026-08-20 11:30:00,2026-08-20 08:30:00,2026-08-20 16:30:00,94.34,94.342,94.303,94.31,0.0
2026-08-20 11:35:00,2026-08-20 08:35:00,2026-08-20 16:35:00,94.31,94.335,94.306,94.331,0.0
2026-08-20 11:40:00,2026-08-20 08:40:00,2026-08-20 16:40:00,94.333,94.354,94.325,94.334,0.0
2026-08-20 11:45:00,2026-08-20 08:45:00,2026-08-20 16:45:00,94.335,94.35,94.327,94.344,0.0
2026-08-20 11:50:00,2026-08-20 08:50:00,2026-08-20 16:50:00,94.343,94.386,94.341,94.365,0.0
2026-08-20 11:55:00,2026-08-20 08:55:00,2026-08-20 16:55:00,94.364,94.373,94.356,94.365,0.0
2026-08-20 12:00:00,2026-08-20 09:00:00,2026-08-20 17:00:00,94.365,94.366,94.322,94.332,0.0
2026-08-20 12:05:00,2026-08-20 09:05:00,2026-08-20 17:05:00,94.332,94.347,94.323,94.34,0.0
2026-08-20 12:10:00,2026-08-20 09:10:00,2026-08-20 17:10:00,94.34,94.388,94.337,94.386,0.0
2026-08-20 12:15:00,2026-08-20 09:15:00,2026-08-20 17:15:00,94.388,94.397,94.333,94.353,0.0
2026-08-20 12:20:00,2026-08-20 09:20:00,2026-08-20 17:20:00,94.353,94.367,94.331,94.337,0.0
2026-08-20 12:25:00,2026-08-20 09:25:00,2026-08-20 17:25:00,94.335,94.356,94.323,94.352,0.0
2026-08-20 12:30:00,2026-08-20 09:30:00,2026-08-20 17:30:00,94.351,94.355,94.317,94.329,0.0
2026-08-20 12:35:00,2026-08-20 09:35:00,2026-08-20 17:35:00,94.329,94.337,94.295,94.311,0.0
2026-08-20 12:40:00,2026-08-20 09:40:00,2026-08-20 17:40:00,94.311,94.323,94.301,94.305,0.0
2026-08-20 12:45:00,2026-08-20 09:45:00,2026-08-20 17:45:00,94.306,94.322,94.298,94.318,0.0
2026-08-20 12:50:00,2026-08-20 09:50:00,2026-08-20 17:50:00,94.32,94.356,94.312,94.353,0.0
2026-08-20 12:55:00,2026-08-20 09:55:00,2026-08-20 17:55:00,94.356,94.375,94.346,94.359,0.0
2026-08-20 13:00:00,2026-08-20 10:00:00,2026-08-20 18:00:00,94.359,94.368,94.339,94.354,0.0
2026-08-20 13:05:00,2026-08-20 10:05:00,2026-08-20 18:05:00,94.354,94.365,94.336,94.363,0.0
2026-08-20 13:10:00,2026-08-20 10:10:00,2026-08-20 18:10:00,94.363,94.388,94.354,94.365,0.0
2026-08-20 13:15:00,2026-08-20 10:15:00,2026-08-20 18:15:00,94.366,94.373,94.35,94.355,0.0
2026-08-20 13:20:00,2026-08-20 10:20:00,2026-08-20 18:20:00,94.354,94.364,94.334,94.339,0.0
2026-08-20 13:25:00,2026-08-20 10:25:00,2026-08-20 18:25:00,94.34,94.375,94.337,94.372,0.0
2026-08-20 13:30:00,2026-08-20 10:30:00,2026-08-20 18:30:00,94.372,94.379,94.358,94.374,0.0
2026-08-20 13:35:00,2026-08-20 10:35:00,2026-08-20 18:35:00,94.371,94.393,94.365,94.37,0.0
2026-08-20 13:40:00,2026-08-20 10:40:00,2026-08-20 18:40:00,94.369,94.383,94.366,94.375,0.0
2026-08-20 13:45:00,2026-08-20 10:45:00,2026-08-20 18:45:00,94.374,94.39,94.368,94.383,0.0
2026-08-20 13:50:00,2026-08-20 10:50:00,2026-08-20 18:50:00,94.378,94.386,94.36,94.381,0.0
2026-08-20 13:55:00,2026-08-20 10:55:00,2026-08-20 18:55:00,94.383,94.389,94.359,94.374,0.0
2026-08-20 14:00:00,2026-08-20 11:00:00,2026-08-20 19:00:00,94.374,94.423,94.374,94.416,0.0
2026-08-20 14:05:00,2026-08-20 11:05:00,2026-08-20 19:05:00,94.415,94.426,94.359,94.369,0.0
2026-08-20 14:10:00,2026-08-20 11:10:00,2026-08-20 19:10:00,94.366,94.379,94.353,94.375,0.0
2026-08-20 14:15:00,2026-08-20 11:15:00,2026-08-20 19:15:00,94.375,94.401,94.363,94.386,0.0
2026-08-20 14:20:00,2026-08-20 11:20:00,2026-08-20 19:20:00,94.387,94.391,94.373,94.386,0.0
2026-08-20 14:25:00,2026-08-20 11:25:00,2026-08-20 19:25:00,94.386,94.396,94.355,94.355,0.0
2026-08-20 14:30:00,2026-08-20 11:30:00,2026-08-20 19:30:00,94.355,94.384,94.335,94.378,0.0
2026-08-20 14:35:00,2026-08-20 11:35:00,2026-08-20 19:35:00,94.379,94.398,94.372,94.389,0.0
2026-08-20 14:40:00,2026-08-20 11:40:00,2026-08-20 19:40:00,94.389,94.398,94.366,94.379,0.0
2026-08-20 14:45:00,2026-08-20 11:45:00,2026-08-20 19:45:00,94.379,94.395,94.36,94.363,0.0
2026-08-20 14:50:00,2026-08-20 11:50:00,2026-08-20 19:50:00,94.363,94.379,94.341,94.355,0.0
2026-08-20 14:55:00,2026-08-20 11:55:00,2026-08-20 19:55:00,94.355,94.369,94.332,94.338,0.0
2026-08-20 15:00:00,2026-08-20 12:00:00,2026-08-20 20:00:00,94.338,94.374,94.333,94.36,0.0
2026-08-20 15:05:00,2026-08-20 12:05:00,2026-08-20 20:05:00,94.36,94.363,94.318,94.342,0.0
2026-08-20 15:10:00,2026-08-20 12:10:00,2026-08-20 20:10:00,94.343,94.405,94.341,94.385,0.0
2026-08-20 15:15:00,2026-08-20 12:15:00,2026-08-20 20:15:00,94.385,94.399,94.34,94.348,0.0
2026-08-20 15:20:00,2026-08-20 12:20:00,2026-08-20 20:20:00,94.351,94.4,94.348,94.386,0.0
2026-08-20 15:25:00,2026-08-20 12:25:00,2026-08-20 20:25:00,94.386,94.394,94.369,94.378,0.0
2026-08-20 15:30:00,2026-08-20 12:30:00,2026-08-20 20:30:00,94.38,94.404,94.35,94.389,0.0
2026-08-20 15:35:00,2026-08-20 12:35:00,2026-08-20 20:35:00,94.387,94.419,94.384,94.409,0.0
2026-08-20 15:40:00,2026-08-20 12:40:00,2026-08-20 20:40:00,94.407,94.428,94.4,94.417,0.0
2026-08-20 15:45:00,2026-08-20 12:45:00,2026-08-20 20:45:00,94.417,94.434,94.403,94.411,0.0
2026-08-20 15:50:00,2026-08-20 12:50:00,2026-08-20 20:50:00,94.413,94.432,94.399,94.406,0.0
2026-08-20 15:55:00,2026-08-20 12:55:00,2026-08-20 20:55:00,94.406,94.444,94.4,94.442,0.0
2026-08-20 16:00:00,2026-08-20 13:00:00,2026-08-20 21:00:00,94.443,94.484,94.441,94.482,0.0
2026-08-20 16:05:00,2026-08-20 13:05:00,2026-08-20 21:05:00,94.482,94.492,94.439,94.443,0.0
2026-08-20 16:10:00,2026-08-20 13:10:00,2026-08-20 21:10:00,94.443,94.472,94.439,94.458,0.0
2026-08-20 16:15:00,2026-08-20 13:15:00,2026-08-20 21:15:00,94.459,94.478,94.453,94.469,0.0
2026-08-20 16:20:00,2026-08-20 13:20:00,2026-08-20 21:20:00,94.469,94.489,94.454,94.483,0.0
2026-08-20 16:25:00,2026-08-20 13:25:00,2026-08-20 21:25:00,94.483,94.498,94.473,94.493,0.0
2026-08-20 16:30:00,2026-08-20 13:30:00,2026-08-20 21:30:00,94.498,94.525,94.493,94.511,0.0
2026-08-20 16:35:00,2026-08-20 13:35:00,2026-08-20 21:35:00,94.509,94.518,94.465,94.484,0.0
2026-08-20 16:40:00,2026-08-20 13:40:00,2026-08-20 21:40:00,94.482,94.508,94.47,94.504,0.0
2026-08-20 16:45:00,2026-08-20 13:45:00,2026-08-20 21:45:00,94.504,94.51,94.485,94.499,0.0
2026-08-20 16:50:00,2026-08-20 13:50:00,2026-08-20 21:50:00,94.5,94.509,94.482,94.507,0.0
2026-08-20 16:55:00,2026-08-20 13:55:00,2026-08-20 21:55:00,94.507,94.53,94.494,94.527,0.0
2026-08-20 17:00:00,2026-08-20 14:00:00,2026-08-20 22:00:00,94.527,94.54,94.506,94.507,0.0
2026-08-20 17:05:00,2026-08-20 14:05:00,2026-08-20 22:05:00,94.508,94.524,94.496,94.515,0.0
2026-08-20 17:10:00,2026-08-20 14:10:00,2026-08-20 22:10:00,94.515,94.533,94.504,94.508,0.0
2026-08-20 17:15:00,2026-08-20 14:15:00,2026-08-20 22:15:00,94.508,94.516,94.476,94.497,0.0
2026-08-20 17:20:00,2026-08-20 14:20:00,2026-08-20 22:20:00,94.499,94.514,94.48,94.482,0.0
2026-08-20 17:25:00,2026-08-20 14:25:00,2026-08-20 22:25:00,94.482,94.519,94.478,94.504,0.0
2026-08-20 17:30:00,2026-08-20 14:30:00,2026-08-20 22:30:00,94.503,94.529,94.485,94.504,0.0
2026-08-20 17:35:00,2026-08-20 14:35:00,2026-08-20 22:35:00,94.506,94.531,94.485,94.528,0.0
2026-08-20 17:40:00,2026-08-20 14:40:00,2026-08-20 22:40:00,94.527,94.552,94.511,94.514,0.0
2026-08-20 17:45:00,2026-08-20 14:45:00,2026-08-20 22:45:00,94.514,94.535,94.502,94.513,0.0
2026-08-20 17:50:00,2026-08-20 14:50:00,2026-08-20 22:50:00,94.513,94.515,94.482,94.497,0.0
2026-08-20 17:55:00,2026-08-20 14:55:00,2026-08-20 22:55:00,94.495,94.495,94.438,94.443,0.0
2026-08-20 18:00:00,2026-08-20 15:00:00,2026-08-20 23:00:00,94.443,94.532,94.427,94.521,0.0
2026-08-20 18:05:00,2026-08-20 15:05:00,2026-08-20 23:05:00,94.522,94.529,94.396,94.462,0.0
2026-08-20 18:10:00,2026-08-20 15:10:00,2026-08-20 23:10:00,94.462,94.493,94.457,94.477,0.0
2026-08-20 18:15:00,2026-08-20 15:15:00,2026-08-20 23:15:00,94.477,94.499,94.474,94.49,0.0
2026-08-20 18:20:00,2026-08-20 15:20:00,2026-08-20 23:20:00,94.489,94.494,94.468,94.479,0.0
2026-08-20 18:25:00,2026-08-20 15:25:00,2026-08-20 23:25:00,94.478,94.523,94.468,94.512,0.0
2026-08-20 18:30:00,2026-08-20 15:30:00,2026-08-20 23:30:00,94.514,94.525,94.486,94.494,0.0
2026-08-20 18:35:00,2026-08-20 15:35:00,2026-08-20 23:35:00,94.494,94.511,94.484,94.49,0.0
2026-08-20 18:40:00,2026-08-20 15:40:00,2026-08-20 23:40:00,94.49,94.495,94.421,94.437,0.0
2026-08-20 18:45:00,2026-08-20 15:45:00,2026-08-20 23:45:00,94.437,94.452,94.417,94.447,0.0
2026-08-20 18:50:00,2026-08-20 15:50:00,2026-08-20 23:50:00,94.447,94.483,94.437,94.475,0.0
2026-08-20 18:55:00,2026-08-20 15:55:00,2026-08-20 23:55:00,94.473,94.484,94.461,94.472,0.0
2026-08-20 19:00:00,2026-08-20 16:00:00,2026-08-21 00:00:00,94.469,94.483,94.464,94.476,0.0
2026-08-20 19:05:00,2026-08-20 16:05:00,2026-08-21 00:05:00,94.474,94.482,94.46,94.477,0.0
2026-08-20 19:10:00,2026-08-20 16:10:00,2026-08-21 00:10:00,94.477,94.485,94.462,94.474,0.0
2026-08-20 19:15:00,2026-08-20 16:15:00,2026-08-21 00:15:00,94.471,94.491,94.467,94.487,0.0
2026-08-20 19:20:00,2026-08-20 16:20:00,2026-08-21 00:20:00,94.487,94.507,94.479,94.501,0.0
2026-08-20 19:25:00,2026-08-20 16:25:00,2026-08-21 00:25:00,94.502,94.52,94.486,94.514,0.0
2026-08-20 19:30:00,2026-08-20 16:30:00,2026-08-21 00:30:00,94.514,94.518,94.491,94.506,0.0
2026-08-20 19:35:00,2026-08-20 16:35:00,2026-08-21 00:35:00,94.504,94.522,94.493,94.512,0.0
2026-08-20 19:40:00,2026-08-20 16:40:00,2026-08-21 00:40:00,94.512,94.526,94.504,94.506,0.0
2026-08-20 19:45:00,2026-08-20 16:45:00,2026-08-21 00:45:00,94.509,94.518,94.475,94.478,0.0
2026-08-20 19:50:00,2026-08-20 16:50:00,2026-08-21 00:50:00,94.477,94.479,94.458,94.468,0.0
2026-08-20 19:55:00,2026-08-20 16:55:00,2026-08-21 00:55:00,94.468,94.485,94.463,94.468,0.0
2026-08-20 20:00:00,2026-08-20 17:00:00,2026-08-21 01:00:00,94.468,94.479,94.449,94.456,0.0
2026-08-20 20:05:00,2026-08-20 17:05:00,2026-08-21 01:05:00,94.457,94.459,94.438,94.44,0.0
2026-08-20 20:10:00,2026-08-20 17:10:00,2026-08-21 01:10:00,94.439,94.465,94.435,94.462,0.0
2026-08-20 20:15:00,2026-08-20 17:15:00,2026-08-21 01:15:00,94.464,94.472,94.455,94.466,0.0
2026-08-20 20:20:00,2026-08-20 17:20:00,2026-08-21 01:20:00,94.466,94.489,94.462,94.48,0.0
2026-08-20 20:25:00,2026-08-20 17:25:00,2026-08-21 01:25:00,94.481,94.49,94.474,94.48,0.0
2026-08-20 20:30:00,2026-08-20 17:30:00,2026-08-21 01:30:00,94.481,94.503,94.479,94.499,0.0
2026-08-20 20:35:00,2026-08-20 17:35:00,2026-08-21 01:35:00,94.499,94.501,94.478,94.48,0.0
2026-08-20 20:40:00,2026-08-20 17:40:00,2026-08-21 01:40:00,94.481,94.495,94.48,94.487,0.0
2026-08-20 20:45:00,2026-08-20 17:45:00,2026-08-21 01:45:00,94.488,94.512,94.486,94.502,0.0
2026-08-20 20:50:00,2026-08-20 17:50:00,2026-08-21 01:50:00,94.502,94.513,94.5,94.505,0.0
2026-08-20 20:55:00,2026-08-20 17:55:00,2026-08-21 01:55:00,94.505,94.519,94.5,94.503,0.0
2026-08-20 21:00:00,2026-08-20 18:00:00,2026-08-21 02:00:00,94.502,94.504,94.484,94.493,0.0
2026-08-20 21:05:00,2026-08-20 18:05:00,2026-08-21 02:05:00,94.493,94.506,94.481,94.486,0.0
2026-08-20 21:10:00,2026-08-20 18:10:00,2026-08-21 02:10:00,94.484,94.502,94.477,94.491,0.0
2026-08-20 21:15:00,2026-08-20 18:15:00,2026-08-21 02:15:00,94.491,94.5,94.48,94.5,0.0
2026-08-20 21:20:00,2026-08-20 18:20:00,2026-08-21 02:20:00,94.496,94.506,94.492,94.498,0.0
2026-08-20 21:25:00,2026-08-20 18:25:00,2026-08-21 02:25:00,94.498,94.511,94.49,94.506,0.0
2026-08-20 21:30:00,2026-08-20 18:30:00,2026-08-21 02:30:00,94.506,94.516,94.5,94.502,0.0
2026-08-20 21:35:00,2026-08-20 18:35:00,2026-08-21 02:35:00,94.503,94.527,94.501,94.52,0.0
2026-08-20 21:40:00,2026-08-20 18:40:00,2026-08-21 02:40:00,94.52,94.524,94.503,94.505,0.0
2026-08-20 21:45:00,2026-08-20 18:45:00,2026-08-21 02:45:00,94.505,94.524,94.503,94.521,0.0
2026-08-20 21:50:00,2026-08-20 18:50:00,2026-08-21 02:50:00,94.521,94.527,94.506,94.524,0.0
2026-08-20 21:55:00,2026-08-20 18:55:00,2026-08-21 02:55:00,94.524,94.543,94.513,94.541,0.0
2026-08-20 22:00:00,2026-08-20 19:00:00,2026-08-21 03:00:00,94.541,94.552,94.521,94.539,0.0
2026-08-20 22:05:00,2026-08-20 19:05:00,2026-08-21 03:05:00,94.541,94.55,94.53,94.535,0.0
2026-08-20 22:10:00,2026-08-20 19:10:00,2026-08-21 03:10:00,94.533,94.549,94.525,94.539,0.0
2026-08-20 22:15:00,2026-08-20 19:15:00,2026-08-21 03:15:00,94.54,94.551,94.53,94.543,0.0
2026-08-20 22:20:00,2026-08-20 19:20:00,2026-08-21 03:20:00,94.536,94.544,94.523,94.536,0.0
2026-08-20 22:25:00,2026-08-20 19:25:00,2026-08-21 03:25:00,94.536,94.552,94.533,94.552,0.0
2026-08-20 22:30:00,2026-08-20 19:30:00,2026-08-21 03:30:00,94.542,94.549,94.526,94.529,0.0
2026-08-20 22:35:00,2026-08-20 19:35:00,2026-08-21 03:35:00,94.531,94.548,94.522,94.538,0.0
2026-08-20 22:40:00,2026-08-20 19:40:00,2026-08-21 03:40:00,94.537,94.55,94.532,94.536,0.0
2026-08-20 22:45:00,2026-08-20 19:45:00,2026-08-21 03:45:00,94.538,94.56,94.533,94.551,0.0
2026-08-20 22:50:00,2026-08-20 19:50:00,2026-08-21 03:50:00,94.55,94.558,94.544,94.554,0.0
2026-08-20 22:55:00,2026-08-20 19:55:00,2026-08-21 03:55:00,94.552,94.559,94.536,94.543,0.0
2026-08-20 23:00:00,2026-08-20 20:00:00,2026-08-21 04:00:00,94.544,94.558,94.531,94.535,0.0
2026-08-20 23:05:00,2026-08-20 20:05:00,2026-08-21 04:05:00,94.535,94.55,94.533,94.542,0.0
2026-08-20 23:10:00,2026-08-20 20:10:00,2026-08-21 04:10:00,94.541,94.553,94.536,94.544,0.0
2026-08-20 23:15:00,2026-08-20 20:15:00,2026-08-21 04:15:00,94.542,94.552,94.533,94.542,0.0
2026-08-20 23:20:00,2026-08-20 20:20:00,2026-08-21 04:20:00,94.542,94.558,94.539,94.55,0.0
2026-08-20 23:25:00,2026-08-20 20:25:00,2026-08-21 04:25:00,94.55,94.554,94.536,94.536,0.0
2026-08-20 23:30:00,2026-08-20 20:30:00,2026-08-21 04:30:00,94.538,94.546,94.529,94.53,0.0
2026-08-20 23:35:00,2026-08-20 20:35:00,2026-08-21 04:35:00,94.533,94.545,94.525,94.535,0.0
2026-08-20 23:40:00,2026-08-20 20:40:00,2026-08-21 04:40:00,94.534,94.55,94.531,94.536,0.0
2026-08-20 23:45:00,2026-08-20 20:45:00,2026-08-21 04:45:00,94.536,94.555,94.531,94.545,0.0
2026-08-20 23:50:00,2026-08-20 20:50:00,2026-08-21 04:50:00,94.545,94.555,94.532,94.534,0.0
2026-08-20 23:55:00,2026-08-20 20:55:00,2026-08-21 04:55:00,94.533,94.552,94.459,94.502,0.0
2026-08-21 00:00:00,2026-08-20 21:00:00,2026-08-21 05:00:00,94.491,94.496,94.491,94.495,0.0
2026-08-21 00:05:00,2026-08-20 21:05:00,2026-08-21 05:05:00,94.461,94.567,94.439,94.567,0.0
2026-08-21 00:10:00,2026-08-20 21:10:00,2026-08-21 05:10:00,94.541,94.574,94.476,94.492,0.0
2026-08-21 00:15:00,2026-08-20 21:15:00,2026-08-21 05:15:00,94.52,94.544,94.463,94.465,0.0
2026-08-21 00:20:00,2026-08-20 21:20:00,2026-08-21 05:20:00,94.466,94.517,94.462,94.467,0.0
2026-08-21 00:25:00,2026-08-20 21:25:00,2026-08-21 05:25:00,94.468,94.525,94.458,94.461,0.0
2026-08-21 00:30:00,2026-08-20 21:30:00,2026-08-21 05:30:00,94.461,94.525,94.461,94.497,0.0
2026-08-21 00:35:00,2026-08-20 21:35:00,2026-08-21 05:35:00,94.506,94.513,94.459,94.505,0.0
2026-08-21 00:40:00,2026-08-20 21:40:00,2026-08-21 05:40:00,94.501,94.518,94.477,94.484,0.0
2026-08-21 00:45:00,2026-08-20 21:45:00,2026-08-21 05:45:00,94.487,94.512,94.466,94.486,0.0
2026-08-21 00:50:00,2026-08-20 21:50:00,2026-08-21 05:50:00,94.486,94.512,94.472,94.473,0.0
2026-08-21 00:55:00,2026-08-20 21:55:00,2026-08-21 05:55:00,94.485,94.516,94.471,94.505,0.0
2026-08-21 01:00:00,2026-08-20 22:00:00,2026-08-21 06:00:00,94.49,94.561,94.477,94.529,0.0
2026-08-21 01:05:00,2026-08-20 22:05:00,2026-08-21 06:05:00,94.529,94.543,94.525,94.529,0.0
2026-08-21 01:10:00,2026-08-20 22:10:00,2026-08-21 06:10:00,94.523,94.533,94.51,94.52,0.0
2026-08-21 01:15:00,2026-08-20 22:15:00,2026-08-21 06:15:00,94.517,94.534,94.503,94.53,0.0
2026-08-21 01:20:00,2026-08-20 22:20:00,2026-08-21 06:20:00,94.527,94.532,94.519,94.522,0.0
2026-08-21 01:25:00,2026-08-20 22:25:00,2026-08-21 06:25:00,94.52,94.527,94.494,94.505,0.0
2026-08-21 01:30:00,2026-08-20 22:30:00,2026-08-21 06:30:00,94.505,94.538,94.504,94.527,0.0
2026-08-21 01:35:00,2026-08-20 22:35:00,2026-08-21 06:35:00,94.527,94.533,94.517,94.517,0.0
2026-08-21 01:40:00,2026-08-20 22:40:00,2026-08-21 06:40:00,94.517,94.524,94.509,94.518,0.0
2026-08-21 01:45:00,2026-08-20 22:45:00,2026-08-21 06:45:00,94.519,94.526,94.509,94.516,0.0
2026-08-21 01:50:00,2026-08-20 22:50:00,2026-08-21 06:50:00,94.517,94.524,94.501,94.518,0.0
2026-08-21 01:55:00,2026-08-20 22:55:00,2026-08-21 06:55:00,94.52,94.529,94.517,94.524,0.0
2026-08-21 02:00:00,2026-08-20 23:00:00,2026-08-21 07:00:00,94.519,94.535,94.51,94.53,0.0
2026-08-21 02:05:00,2026-08-20 23:05:00,2026-08-21 07:05:00,94.53,94.534,94.511,94.52,0.0
2026-08-21 02:10:00,2026-08-20 23:10:00,2026-08-21 07:10:00,94.52,94.53,94.496,94.499,0.0
2026-08-21 02:15:00,2026-08-20 23:15:00,2026-08-21 07:15:00,94.501,94.508,94.491,94.503,0.0
2026-08-21 02:20:00,2026-08-20 23:20:00,2026-08-21 07:20:00,94.503,94.525,94.501,94.517,0.0
2026-08-21 02:25:00,2026-08-20 23:25:00,2026-08-21 07:25:00,94.518,94.532,94.503,94.527,0.0
2026-08-21 02:30:00,2026-08-20 23:30:00,2026-08-21 07:30:00,94.525,94.556,94.509,94.545,0.0
2026-08-21 02:35:00,2026-08-20 23:35:00,2026-08-21 07:35:00,94.545,94.559,94.543,94.548,0.0
2026-08-21 02:40:00,2026-08-20 23:40:00,2026-08-21 07:40:00,94.548,94.552,94.53,94.544,0.0
2026-08-21 02:45:00,2026-08-20 23:45:00,2026-08-21 07:45:00,94.548,94.556,94.537,94.545,0.0
2026-08-21 02:50:00,2026-08-20 23:50:00,2026-08-21 07:50:00,94.546,94.58,94.546,94.576,0.0
2026-08-21 02:55:00,2026-08-20 23:55:00,2026-08-21 07:55:00,94.579,94.611,94.568,94.584,0.0
2026-08-21 03:00:00,2026-08-21 00:00:00,2026-08-21 08:00:00,94.585,94.632,94.57,94.608,0.0
2026-08-21 03:05:00,2026-08-21 00:05:00,2026-08-21 08:05:00,94.608,94.675,94.606,94.673,0.0
2026-08-21 03:10:00,2026-08-21 00:10:00,2026-08-21 08:10:00,94.669,94.693,94.661,94.676,0.0
2026-08-21 03:15:00,2026-08-21 00:15:00,2026-08-21 08:15:00,94.676,94.685,94.66,94.68,0.0
2026-08-21 03:20:00,2026-08-21 00:20:00,2026-08-21 08:20:00,94.68,94.712,94.675,94.697,0.0
2026-08-21 03:25:00,2026-08-21 00:25:00,2026-08-21 08:25:00,94.697,94.713,94.689,94.711,0.0
2026-08-21 03:30:00,2026-08-21 00:30:00,2026-08-21 08:30:00,94.709,94.76,94.697,94.754,0.0
2026-08-21 03:35:00,2026-08-21 00:35:00,2026-08-21 08:35:00,94.757,94.78,94.747,94.769,0.0
2026-08-21 03:40:00,2026-08-21 00:40:00,2026-08-21 08:40:00,94.768,94.775,94.737,94.75,0.0
2026-08-21 03:45:00,2026-08-21 00:45:00,2026-08-21 08:45:00,94.752,94.798,94.749,94.794,0.0
2026-08-21 03:50:00,2026-08-21 00:50:00,2026-08-21 08:50:00,94.794,94.797,94.755,94.76,0.0
2026-08-21 03:55:00,2026-08-21 00:55:00,2026-08-21 08:55:00,94.758,94.766,94.742,94.751,0.0
2026-08-21 04:00:00,2026-08-21 01:00:00,2026-08-21 09:00:00,94.75,94.784,94.747,94.755,0.0
2026-08-21 04:05:00,2026-08-21 01:05:00,2026-08-21 09:05:00,94.755,94.772,94.748,94.763,0.0
2026-08-21 04:10:00,2026-08-21 01:10:00,2026-08-21 09:10:00,94.764,94.799,94.761,94.792,0.0
2026-08-21 04:15:00,2026-08-21 01:15:00,2026-08-21 09:15:00,94.794,94.811,94.773,94.807,0.0
2026-08-21 04:20:00,2026-08-21 01:20:00,2026-08-21 09:20:00,94.807,94.814,94.771,94.779,0.0
2026-08-21 04:25:00,2026-08-21 01:25:00,2026-08-21 09:25:00,94.779,94.82,94.773,94.806,0.0
2026-08-21 04:30:00,2026-08-21 01:30:00,2026-08-21 09:30:00,94.808,94.838,94.789,94.833,0.0
2026-08-21 04:35:00,2026-08-21 01:35:00,2026-08-21 09:35:00,94.833,94.833,94.793,94.813,0.0
2026-08-21 04:40:00,2026-08-21 01:40:00,2026-08-21 09:40:00,94.813,94.844,94.804,94.836,0.0
2026-08-21 04:45:00,2026-08-21 01:45:00,2026-08-21 09:45:00,94.836,94.858,94.826,94.839,0.0
2026-08-21 04:50:00,2026-08-21 01:50:00,2026-08-21 09:50:00,94.839,94.849,94.82,94.846,0.0
2026-08-21 04:55:00,2026-08-21 01:55:00,2026-08-21 09:55:00,94.846,94.863,94.838,94.847,0.0
2026-08-21 05:00:00,2026-08-21 02:00:00,2026-08-21 10:00:00,94.844,94.867,94.837,94.864,0.0
2026-08-21 05:05:00,2026-08-21 02:05:00,2026-08-21 10:05:00,94.864,94.909,94.85,94.902,0.0
2026-08-21 05:10:00,2026-08-21 02:10:00,2026-08-21 10:10:00,94.899,94.903,94.878,94.894,0.0
2026-08-21 05:15:00,2026-08-21 02:15:00,2026-08-21 10:15:00,94.894,94.917,94.886,94.901,0.0
2026-08-21 05:20:00,2026-08-21 02:20:00,2026-08-21 10:20:00,94.899,94.945,94.899,94.943,0.0
2026-08-21 05:25:00,2026-08-21 02:25:00,2026-08-21 10:25:00,94.941,94.951,94.93,94.945,0.0
2026-08-21 05:30:00,2026-08-21 02:30:00,2026-08-21 10:30:00,94.945,94.961,94.91,94.912,0.0
2026-08-21 05:35:00,2026-08-21 02:35:00,2026-08-21 10:35:00,94.91,94.922,94.887,94.896,0.0
2026-08-21 05:40:00,2026-08-21 02:40:00,2026-08-21 10:40:00,94.896,94.901,94.88,94.894,0.0
2026-08-21 05:45:00,2026-08-21 02:45:00,2026-08-21 10:45:00,94.889,94.897,94.868,94.89,0.0
2026-08-21 05:50:00,2026-08-21 02:50:00,2026-08-21 10:50:00,94.89,94.925,94.882,94.925,0.0
2026-08-21 05:55:00,2026-08-21 02:55:00,2026-08-21 10:55:00,94.924,94.926,94.884,94.897,0.0
2026-08-21 06:00:00,2026-08-21 03:00:00,2026-08-21 11:00:00,94.896,94.904,94.877,94.896,0.0
2026-08-21 06:05:00,2026-08-21 03:05:00,2026-08-21 11:05:00,94.895,94.896,94.869,94.88,0.0
2026-08-21 06:10:00,2026-08-21 03:10:00,2026-08-21 11:10:00,94.872,94.884,94.856,94.856,0.0
2026-08-21 06:15:00,2026-08-21 03:15:00,2026-08-21 11:15:00,94.86,94.882,94.855,94.878,0.0
2026-08-21 06:20:00,2026-08-21 03:20:00,2026-08-21 11:20:00,94.879,94.889,94.86,94.862,0.0
2026-08-21 06:25:00,2026-08-21 03:25:00,2026-08-21 11:25:00,94.863,94.873,94.857,94.86,0.0
2026-08-21 06:30:00,2026-08-21 03:30:00,2026-08-21 11:30:00,94.86,94.908,94.856,94.895,0.0
2026-08-21 06:35:00,2026-08-21 03:35:00,2026-08-21 11:35:00,94.895,94.911,94.882,94.891,0.0
2026-08-21 06:40:00,2026-08-21 03:40:00,2026-08-21 11:40:00,94.889,94.925,94.885,94.92,0.0
2026-08-21 06:45:00,2026-08-21 03:45:00,2026-08-21 11:45:00,94.918,94.934,94.918,94.926,0.0
2026-08-21 06:50:00,2026-08-21 03:50:00,2026-08-21 11:50:00,94.926,94.931,94.906,94.913,0.0
2026-08-21 06:55:00,2026-08-21 03:55:00,2026-08-21 11:55:00,94.913,94.917,94.898,94.907,0.0
2026-08-21 07:00:00,2026-08-21 04:00:00,2026-08-21 12:00:00,94.908,94.917,94.885,94.892,0.0
2026-08-21 07:05:00,2026-08-21 04:05:00,2026-08-21 12:05:00,94.891,94.901,94.875,94.899,0.0
2026-08-21 07:10:00,2026-08-21 04:10:00,2026-08-21 12:10:00,94.9,94.909,94.886,94.887,0.0
2026-08-21 07:15:00,2026-08-21 04:15:00,2026-08-21 12:15:00,94.887,94.903,94.875,94.902,0.0
2026-08-21 07:20:00,2026-08-21 04:20:00,2026-08-21 12:20:00,94.902,94.911,94.892,94.9,0.0
2026-08-21 07:25:00,2026-08-21 04:25:00,2026-08-21 12:25:00,94.9,94.914,94.894,94.895,0.0
2026-08-21 07:30:00,2026-08-21 04:30:00,2026-08-21 12:30:00,94.895,94.898,94.885,94.891,0.0
2026-08-21 07:35:00,2026-08-21 04:35:00,2026-08-21 12:35:00,94.893,94.903,94.888,94.891,0.0
2026-08-21 07:40:00,2026-08-21 04:40:00,2026-08-21 12:40:00,94.891,94.913,94.89,94.908,0.0
2026-08-21 07:45:00,2026-08-21 04:45:00,2026-08-21 12:45:00,94.908,94.926,94.902,94.919,0.0
2026-08-21 07:50:00,2026-08-21 04:50:00,2026-08-21 12:50:00,94.921,94.93,94.875,94.877,0.0
2026-08-21 07:55:00,2026-08-21 04:55:00,2026-08-21 12:55:00,94.877,94.885,94.857,94.87,0.0
2026-08-21 08:00:00,2026-08-21 05:00:00,2026-08-21 13:00:00,94.874,94.881,94.853,94.862,0.0
2026-08-21 08:05:00,2026-08-21 05:05:00,2026-08-21 13:05:00,94.86,94.863,94.831,94.84,0.0
2026-08-21 08:10:00,2026-08-21 05:10:00,2026-08-21 13:10:00,94.841,94.852,94.838,94.846,0.0
2026-08-21 08:15:00,2026-08-21 05:15:00,2026-08-21 13:15:00,94.845,94.858,94.84,94.85,0.0
2026-08-21 08:20:00,2026-08-21 05:20:00,2026-08-21 13:20:00,94.849,94.853,94.839,94.842,0.0
2026-08-21 08:25:00,2026-08-21 05:25:00,2026-08-21 13:25:00,94.841,94.853,94.838,94.845,0.0
2026-08-21 08:30:00,2026-08-21 05:30:00,2026-08-21 13:30:00,94.845,94.856,94.831,94.843,0.0
2026-08-21 08:35:00,2026-08-21 05:35:00,2026-08-21 13:35:00,94.842,94.847,94.817,94.832,0.0
2026-08-21 08:40:00,2026-08-21 05:40:00,2026-08-21 13:40:00,94.832,94.836,94.806,94.81,0.0
2026-08-21 08:45:00,2026-08-21 05:45:00,2026-08-21 13:45:00,94.806,94.819,94.79,94.795,0.0
2026-08-21 08:50:00,2026-08-21 05:50:00,2026-08-21 13:50:00,94.795,94.834,94.792,94.83,0.0
2026-08-21 08:55:00,2026-08-21 05:55:00,2026-08-21 13:55:00,94.83,94.861,94.823,94.838,0.0
2026-08-21 09:00:00,2026-08-21 06:00:00,2026-08-21 14:00:00,94.838,94.844,94.804,94.838,0.0
2026-08-21 09:05:00,2026-08-21 06:05:00,2026-08-21 14:05:00,94.834,94.852,94.823,94.844,0.0
2026-08-21 09:10:00,2026-08-21 06:10:00,2026-08-21 14:10:00,94.843,94.871,94.841,94.869,0.0
2026-08-21 09:15:00,2026-08-21 06:15:00,2026-08-21 14:15:00,94.869,94.895,94.864,94.888,0.0
2026-08-21 09:20:00,2026-08-21 06:20:00,2026-08-21 14:20:00,94.889,94.889,94.851,94.862,0.0
2026-08-21 09:25:00,2026-08-21 06:25:00,2026-08-21 14:25:00,94.861,94.905,94.858,94.897,0.0
2026-08-21 09:30:00,2026-08-21 06:30:00,2026-08-21 14:30:00,94.894,94.921,94.88,94.915,0.0
2026-08-21 09:35:00,2026-08-21 06:35:00,2026-08-21 14:35:00,94.912,94.915,94.88,94.88,0.0
2026-08-21 09:40:00,2026-08-21 06:40:00,2026-08-21 14:40:00,94.882,94.891,94.861,94.87,0.0
2026-08-21 09:45:00,2026-08-21 06:45:00,2026-08-21 14:45:00,94.871,94.877,94.847,94.865,0.0
2026-08-21 09:50:00,2026-08-21 06:50:00,2026-08-21 14:50:00,94.866,94.871,94.838,94.851,0.0
2026-08-21 09:55:00,2026-08-21 06:55:00,2026-08-21 14:55:00,94.851,94.87,94.845,94.854,0.0
2026-08-21 10:00:00,2026-08-21 07:00:00,2026-08-21 15:00:00,94.856,94.887,94.835,94.843,0.0
2026-08-21 10:05:00,2026-08-21 07:05:00,2026-08-21 15:05:00,94.844,94.844,94.795,94.811,0.0
2026-08-21 10:10:00,2026-08-21 07:10:00,2026-08-21 15:10:00,94.811,94.832,94.804,94.82,0.0
2026-08-21 10:15:00,2026-08-21 07:15:00,2026-08-21 15:15:00,94.82,94.843,94.806,94.837,0.0
2026-08-21 10:20:00,2026-08-21 07:20:00,2026-08-21 15:20:00,94.838,94.855,94.823,94.854,0.0
2026-08-21 10:25:00,2026-08-21 07:25:00,2026-08-21 15:25:00,94.854,94.864,94.822,94.833,0.0
2026-08-21 10:30:00,2026-08-21 07:30:00,2026-08-21 15:30:00,94.837,94.851,94.817,94.825,0.0
2026-08-21 10:35:00,2026-08-21 07:35:00,2026-08-21 15:35:00,94.827,94.839,94.81,94.827,0.0
2026-08-21 10:40:00,2026-08-21 07:40:00,2026-08-21 15:40:00,94.827,94.829,94.766,94.781,0.0
2026-08-21 10:45:00,2026-08-21 07:45:00,2026-08-21 15:45:00,94.777,94.79,94.76,94.764,0.0
2026-08-21 10:50:00,2026-08-21 07:50:00,2026-08-21 15:50:00,94.764,94.782,94.743,94.767,0.0
2026-08-21 10:55:00,2026-08-21 07:55:00,2026-08-21 15:55:00,94.767,94.779,94.76,94.771,0.0
2026-08-21 11:00:00,2026-08-21 08:00:00,2026-08-21 16:00:00,94.771,94.773,94.736,94.739,0.0
2026-08-21 11:05:00,2026-08-21 08:05:00,2026-08-21 16:05:00,94.742,94.752,94.714,94.744,0.0
2026-08-21 11:10:00,2026-08-21 08:10:00,2026-08-21 16:10:00,94.742,94.778,94.742,94.769,0.0
2026-08-21 11:15:00,2026-08-21 08:15:00,2026-08-21 16:15:00,94.769,94.826,94.764,94.821,0.0
2026-08-21 11:20:00,2026-08-21 08:20:00,2026-08-21 16:20:00,94.821,94.837,94.807,94.811,0.0
2026-08-21 11:25:00,2026-08-21 08:25:00,2026-08-21 16:25:00,94.811,94.854,94.793,94.83,0.0
2026-08-21 11:30:00,2026-08-21 08:30:00,2026-08-21 16:30:00,94.83,94.844,94.785,94.789,0.0
2026-08-21 11:35:00,2026-08-21 08:35:00,2026-08-21 16:35:00,94.786,94.816,94.781,94.788,0.0
2026-08-21 11:40:00,2026-08-21 08:40:00,2026-08-21 16:40:00,94.788,94.828,94.776,94.803,0.0
2026-08-21 11:45:00,2026-08-21 08:45:00,2026-08-21 16:45:00,94.802,94.812,94.771,94.773,0.0
2026-08-21 11:50:00,2026-08-21 08:50:00,2026-08-21 16:50:00,94.773,94.784,94.756,94.771,0.0
2026-08-21 11:55:00,2026-08-21 08:55:00,2026-08-21 16:55:00,94.771,94.789,94.757,94.777,0.0
2026-08-21 12:00:00,2026-08-21 09:00:00,2026-08-21 17:00:00,94.775,94.791,94.737,94.747,0.0
2026-08-21 12:05:00,2026-08-21 09:05:00,2026-08-21 17:05:00,94.747,94.781,94.742,94.766,0.0
2026-08-21 12:10:00,2026-08-21 09:10:00,2026-08-21 17:10:00,94.769,94.786,94.739,94.784,0.0
2026-08-21 12:15:00,2026-08-21 09:15:00,2026-08-21 17:15:00,94.783,94.798,94.755,94.762,0.0
2026-08-21 12:20:00,2026-08-21 09:20:00,2026-08-21 17:20:00,94.761,94.772,94.729,94.73,0.0
2026-08-21 12:25:00,2026-08-21 09:25:00,2026-08-21 17:25:00,94.731,94.746,94.691,94.721,0.0
2026-08-21 12:30:00,2026-08-21 09:30:00,2026-08-21 17:30:00,94.721,94.74,94.711,94.731,0.0
2026-08-21 12:35:00,2026-08-21 09:35:00,2026-08-21 17:35:00,94.731,94.773,94.73,94.765,0.0
2026-08-21 12:40:00,2026-08-21 09:40:00,2026-08-21 17:40:00,94.766,94.783,94.758,94.773,0.0
2026-08-21 12:45:00,2026-08-21 09:45:00,2026-08-21 17:45:00,94.773,94.802,94.768,94.798,0.0
2026-08-21 12:50:00,2026-08-21 09:50:00,2026-08-21 17:50:00,94.797,94.83,94.793,94.821,0.0
2026-08-21 12:55:00,2026-08-21 09:55:00,2026-08-21 17:55:00,94.821,94.822,94.794,94.798,0.0
2026-08-21 13:00:00,2026-08-21 10:00:00,2026-08-21 18:00:00,94.799,94.845,94.797,94.839,0.0
2026-08-21 13:05:00,2026-08-21 10:05:00,2026-08-21 18:05:00,94.839,94.844,94.821,94.836,0.0
2026-08-21 13:10:00,2026-08-21 10:10:00,2026-08-21 18:10:00,94.836,94.85,94.829,94.844,0.0
2026-08-21 13:15:00,2026-08-21 10:15:00,2026-08-21 18:15:00,94.844,94.847,94.829,94.831,0.0
2026-08-21 13:20:00,2026-08-21 10:20:00,2026-08-21 18:20:00,94.831,94.845,94.825,94.832,0.0
2026-08-21 13:25:00,2026-08-21 10:25:00,2026-08-21 18:25:00,94.836,94.846,94.825,94.841,0.0
2026-08-21 13:30:00,2026-08-21 10:30:00,2026-08-21 18:30:00,94.843,94.881,94.843,94.87,0.0
2026-08-21 13:35:00,2026-08-21 10:35:00,2026-08-21 18:35:00,94.871,94.872,94.845,94.855,0.0
2026-08-21 13:40:00,2026-08-21 10:40:00,2026-08-21 18:40:00,94.847,94.867,94.845,94.858,0.0
2026-08-21 13:45:00,2026-08-21 10:45:00,2026-08-21 18:45:00,94.858,94.873,94.848,94.864,0.0
2026-08-21 13:50:00,2026-08-21 10:50:00,2026-08-21 18:50:00,94.863,94.879,94.84,94.876,0.0
2026-08-21 13:55:00,2026-08-21 10:55:00,2026-08-21 18:55:00,94.876,94.881,94.846,94.861,0.0
2026-08-21 14:00:00,2026-08-21 11:00:00,2026-08-21 19:00:00,94.863,94.867,94.838,94.854,0.0
2026-08-21 14:05:00,2026-08-21 11:05:00,2026-08-21 19:05:00,94.854,94.871,94.847,94.869,0.0
2026-08-21 14:10:00,2026-08-21 11:10:00,2026-08-21 19:10:00,94.869,94.889,94.866,94.889,0.0
2026-08-21 14:15:00,2026-08-21 11:15:00,2026-08-21 19:15:00,94.889,94.9,94.878,94.884,0.0
2026-08-21 14:20:00,2026-08-21 11:20:00,2026-08-21 19:20:00,94.884,94.898,94.873,94.892,0.0
2026-08-21 14:25:00,2026-08-21 11:25:00,2026-08-21 19:25:00,94.893,94.909,94.87,94.888,0.0
2026-08-21 14:30:00,2026-08-21 11:30:00,2026-08-21 19:30:00,94.888,94.893,94.867,94.873,0.0
2026-08-21 14:35:00,2026-08-21 11:35:00,2026-08-21 19:35:00,94.873,94.915,94.873,94.883,0.0
2026-08-21 14:40:00,2026-08-21 11:40:00,2026-08-21 19:40:00,94.883,94.907,94.877,94.888,0.0
2026-08-21 14:45:00,2026-08-21 11:45:00,2026-08-21 19:45:00,94.888,94.908,94.88,94.902,0.0
2026-08-21 14:50:00,2026-08-21 11:50:00,2026-08-21 19:50:00,94.902,94.921,94.894,94.901,0.0
2026-08-21 14:55:00,2026-08-21 11:55:00,2026-08-21 19:55:00,94.901,94.948,94.9,94.944,0.0
2026-08-21 15:00:00,2026-08-21 12:00:00,2026-08-21 20:00:00,94.944,94.996,94.932,94.991,0.0
2026-08-21 15:05:00,2026-08-21 12:05:00,2026-08-21 20:05:00,94.992,95.009,94.985,95.005,0.0
2026-08-21 15:10:00,2026-08-21 12:10:00,2026-08-21 20:10:00,95.006,95.008,94.977,94.999,0.0
2026-08-21 15:15:00,2026-08-21 12:15:00,2026-08-21 20:15:00,94.994,95.009,94.984,94.996,0.0
2026-08-21 15:20:00,2026-08-21 12:20:00,2026-08-21 20:20:00,94.996,95.012,94.984,94.989,0.0
2026-08-21 15:25:00,2026-08-21 12:25:00,2026-08-21 20:25:00,94.996,95.021,94.99,95.02,0.0
2026-08-21 15:30:00,2026-08-21 12:30:00,2026-08-21 20:30:00,95.02,95.022,94.969,94.979,0.0
2026-08-21 15:35:00,2026-08-21 12:35:00,2026-08-21 20:35:00,94.979,94.979,94.944,94.954,0.0
2026-08-21 15:40:00,2026-08-21 12:40:00,2026-08-21 20:40:00,94.953,94.981,94.943,94.978,0.0
2026-08-21 15:45:00,2026-08-21 12:45:00,2026-08-21 20:45:00,94.977,94.995,94.971,94.976,0.0
2026-08-21 15:50:00,2026-08-21 12:50:00,2026-08-21 20:50:00,94.977,94.981,94.956,94.956,0.0
2026-08-21 15:55:00,2026-08-21 12:55:00,2026-08-21 20:55:00,94.958,94.974,94.948,94.971,0.0
2026-08-21 16:00:00,2026-08-21 13:00:00,2026-08-21 21:00:00,94.972,94.976,94.951,94.968,0.0
2026-08-21 16:05:00,2026-08-21 13:05:00,2026-08-21 21:05:00,94.966,94.968,94.942,94.95,0.0
2026-08-21 16:10:00,2026-08-21 13:10:00,2026-08-21 21:10:00,94.951,94.964,94.931,94.953,0.0
2026-08-21 16:15:00,2026-08-21 13:15:00,2026-08-21 21:15:00,94.953,94.965,94.942,94.95,0.0
2026-08-21 16:20:00,2026-08-21 13:20:00,2026-08-21 21:20:00,94.95,94.962,94.942,94.947,0.0
2026-08-21 16:25:00,2026-08-21 13:25:00,2026-08-21 21:25:00,94.947,94.976,94.946,94.971,0.0
2026-08-21 16:30:00,2026-08-21 13:30:00,2026-08-21 21:30:00,94.97,94.985,94.929,94.934,0.0
2026-08-21 16:35:00,2026-08-21 13:35:00,2026-08-21 21:35:00,94.934,94.973,94.927,94.961,0.0
2026-08-21 16:40:00,2026-08-21 13:40:00,2026-08-21 21:40:00,94.961,94.974,94.937,94.965,0.0
2026-08-21 16:45:00,2026-08-21 13:45:00,2026-08-21 21:45:00,94.965,94.999,94.944,94.984,0.0
2026-08-21 16:50:00,2026-08-21 13:50:00,2026-08-21 21:50:00,94.985,94.996,94.954,94.979,0.0
2026-08-21 16:55:00,2026-08-21 13:55:00,2026-08-21 21:55:00,94.978,95.016,94.974,94.983,0.0
2026-08-21 17:00:00,2026-08-21 14:00:00,2026-08-21 22:00:00,94.983,94.983,94.945,94.976,0.0
2026-08-21 17:05:00,2026-08-21 14:05:00,2026-08-21 22:05:00,94.976,94.984,94.962,94.977,0.0
2026-08-21 17:10:00,2026-08-21 14:10:00,2026-08-21 22:10:00,94.973,94.99,94.965,94.969,0.0
2026-08-21 17:15:00,2026-08-21 14:15:00,2026-08-21 22:15:00,94.97,94.977,94.956,94.968,0.0
2026-08-21 17:20:00,2026-08-21 14:20:00,2026-08-21 22:20:00,94.968,94.976,94.944,94.956,0.0
2026-08-21 17:25:00,2026-08-21 14:25:00,2026-08-21 22:25:00,94.957,94.968,94.95,94.956,0.0
2026-08-21 17:30:00,2026-08-21 14:30:00,2026-08-21 22:30:00,94.956,94.98,94.933,94.936,0.0
2026-08-21 17:35:00,2026-08-21 14:35:00,2026-08-21 22:35:00,94.938,94.952,94.895,94.899,0.0
2026-08-21 17:40:00,2026-08-21 14:40:00,2026-08-21 22:40:00,94.898,94.914,94.884,94.897,0.0
2026-08-21 17:45:00,2026-08-21 14:45:00,2026-08-21 22:45:00,94.897,94.901,94.868,94.894,0.0
2026-08-21 17:50:00,2026-08-21 14:50:00,2026-08-21 22:50:00,94.895,94.926,94.887,94.905,0.0
2026-08-21 17:55:00,2026-08-21 14:55:00,2026-08-21 22:55:00,94.905,94.944,94.897,94.91,0.0
2026-08-21 18:00:00,2026-08-21 15:00:00,2026-08-21 23:00:00,94.908,94.963,94.899,94.96,0.0
2026-08-21 18:05:00,2026-08-21 15:05:00,2026-08-21 23:05:00,94.96,94.965,94.937,94.944,0.0
2026-08-21 18:10:00,2026-08-21 15:10:00,2026-08-21 23:10:00,94.943,94.99,94.943,94.977,0.0
2026-08-21 18:15:00,2026-08-21 15:15:00,2026-08-21 23:15:00,94.977,94.998,94.967,94.976,0.0
2026-08-21 18:20:00,2026-08-21 15:20:00,2026-08-21 23:20:00,94.975,94.996,94.959,94.99,0.0
2026-08-21 18:25:00,2026-08-21 15:25:00,2026-08-21 23:25:00,94.99,95.01,94.978,94.996,0.0
2026-08-21 18:30:00,2026-08-21 15:30:00,2026-08-21 23:30:00,94.996,95.019,94.992,95.015,0.0
2026-08-21 18:35:00,2026-08-21 15:35:00,2026-08-21 23:35:00,95.016,95.026,95.004,95.02,0.0
2026-08-21 18:40:00,2026-08-21 15:40:00,2026-08-21 23:40:00,95.02,95.061,95.014,95.052,0.0
2026-08-21 18:45:00,2026-08-21 15:45:00,2026-08-21 23:45:00,95.052,95.063,95.046,95.05,0.0
2026-08-21 18:50:00,2026-08-21 15:50:00,2026-08-21 23:50:00,95.048,95.079,95.041,95.069,0.0
2026-08-21 18:55:00,2026-08-21 15:55:00,2026-08-21 23:55:00,95.071,95.082,95.049,95.06,0.0
2026-08-21 19:00:00,2026-08-21 16:00:00,2026-08-22 00:00:00,95.061,95.087,95.06,95.079,0.0
2026-08-21 19:05:00,2026-08-21 16:05:00,2026-08-22 00:05:00,95.077,95.081,95.05,95.068,0.0
2026-08-21 19:10:00,2026-08-21 16:10:00,2026-08-22 00:10:00,95.068,95.072,95.058,95.066,0.0
2026-08-21 19:15:00,2026-08-21 16:15:00,2026-08-22 00:15:00,95.068,95.073,95.033,95.038,0.0
2026-08-21 19:20:00,2026-08-21 16:20:00,2026-08-22 00:20:00,95.04,95.056,95.023,95.049,0.0
2026-08-21 19:25:00,2026-08-21 16:25:00,2026-08-22 00:25:00,95.049,95.066,95.045,95.065,0.0
2026-08-21 19:30:00,2026-08-21 16:30:00,2026-08-22 00:30:00,95.065,95.073,95.042,95.064,0.0
2026-08-21 19:35:00,2026-08-21 16:35:00,2026-08-22 00:35:00,95.064,95.077,95.05,95.075,0.0
2026-08-21 19:40:00,2026-08-21 16:40:00,2026-08-22 00:40:00,95.075,95.078,95.058,95.065,0.0
2026-08-21 19:45:00,2026-08-21 16:45:00,2026-08-22 00:45:00,95.065,95.073,95.056,95.062,0.0
2026-08-21 19:50:00,2026-08-21 16:50:00,2026-08-22 00:50:00,95.062,95.067,95.052,95.056,0.0
2026-08-21 19:55:00,2026-08-21 16:55:00,2026-08-22 00:55:00,95.055,95.075,95.055,95.073,0.0
2026-08-21 20:00:00,2026-08-21 17:00:00,2026-08-22 01:00:00,95.074,95.095,95.072,95.077,0.0
2026-08-21 20:05:00,2026-08-21 17:05:00,2026-08-22 01:05:00,95.077,95.103,95.071,95.101,0.0
2026-08-21 20:10:00,2026-08-21 17:10:00,2026-08-22 01:10:00,95.101,95.11,95.088,95.091,0.0
2026-08-21 20:15:00,2026-08-21 17:15:00,2026-08-22 01:15:00,95.091,95.106,95.09,95.096,0.0
2026-08-21 20:20:00,2026-08-21 17:20:00,2026-08-22 01:20:00,95.096,95.105,95.094,95.1,0.0
2026-08-21 20:25:00,2026-08-21 17:25:00,2026-08-22 01:25:00,95.101,95.105,95.084,95.092,0.0
2026-08-21 20:30:00,2026-08-21 17:30:00,2026-08-22 01:30:00,95.094,95.108,95.085,95.106,0.0
2026-08-21 20:35:00,2026-08-21 17:35:00,2026-08-22 01:35:00,95.106,95.125,95.106,95.11,0.0
2026-08-21 20:40:00,2026-08-21 17:40:00,2026-08-22 01:40:00,95.11,95.12,95.106,95.111,0.0
2026-08-21 20:45:00,2026-08-21 17:45:00,2026-08-22 01:45:00,95.111,95.116,95.104,95.111,0.0
2026-08-21 20:50:00,2026-08-21 17:50:00,2026-08-22 01:50:00,95.11,95.122,95.106,95.112,0.0
2026-08-21 20:55:00,2026-08-21 17:55:00,2026-08-22 01:55:00,95.112,95.123,95.106,95.121,0.0
2026-08-21 21:00:00,2026-08-21 18:00:00,2026-08-22 02:00:00,95.122,95.149,95.119,95.14,0.0
2026-08-21 21:05:00,2026-08-21 18:05:00,2026-08-22 02:05:00,95.142,95.158,95.139,95.148,0.0
2026-08-21 21:10:00,2026-08-21 18:10:00,2026-08-22 02:10:00,95.148,95.151,95.136,95.138,0.0
2026-08-21 21:15:00,2026-08-21 18:15:00,2026-08-22 02:15:00,95.138,95.147,95.133,95.141,0.0
2026-08-21 21:20:00,2026-08-21 18:20:00,2026-08-22 02:20:00,95.14,95.155,95.134,95.153,0.0
2026-08-21 21:25:00,2026-08-21 18:25:00,2026-08-22 02:25:00,95.152,95.159,95.141,95.144,0.0
2026-08-21 21:30:00,2026-08-21 18:30:00,2026-08-22 02:30:00,95.145,95.154,95.138,95.149,0.0
2026-08-21 21:35:00,2026-08-21 18:35:00,2026-08-22 02:35:00,95.149,95.156,95.143,95.146,0.0
2026-08-21 21:40:00,2026-08-21 18:40:00,2026-08-22 02:40:00,95.145,95.154,95.142,95.15,0.0
2026-08-21 21:45:00,2026-08-21 18:45:00,2026-08-22 02:45:00,95.148,95.155,95.144,95.155,0.0
2026-08-21 21:50:00,2026-08-21 18:50:00,2026-08-22 02:50:00,95.153,95.16,95.142,95.148,0.0
2026-08-21 21:55:00,2026-08-21 18:55:00,2026-08-22 02:55:00,95.148,95.157,95.14,95.144,0.0
2026-08-21 22:00:00,2026-08-21 19:00:00,2026-08-22 03:00:00,95.145,95.154,95.122,95.125,0.0
2026-08-21 22:05:00,2026-08-21 19:05:00,2026-08-22 03:05:00,95.123,95.129,95.103,95.103,0.0
2026-08-21 22:10:00,2026-08-21 19:10:00,2026-08-22 03:10:00,95.105,95.124,95.103,95.121,0.0
2026-08-21 22:15:00,2026-08-21 19:15:00,2026-08-22 03:15:00,95.12,95.125,95.1,95.108,0.0
2026-08-21 22:20:00,2026-08-21 19:20:00,2026-08-22 03:20:00,95.108,95.111,95.095,95.102,0.0
2026-08-21 22:25:00,2026-08-21 19:25:00,2026-08-22 03:25:00,95.102,95.104,95.093,95.098,0.0
2026-08-21 22:30:00,2026-08-21 19:30:00,2026-08-22 03:30:00,95.097,95.1,95.084,95.084,0.0
2026-08-21 22:35:00,2026-08-21 19:35:00,2026-08-22 03:35:00,95.085,95.087,95.071,95.075,0.0
2026-08-21 22:40:00,2026-08-21 19:40:00,2026-08-22 03:40:00,95.073,95.078,95.069,95.075,0.0
2026-08-21 22:45:00,2026-08-21 19:45:00,2026-08-22 03:45:00,95.075,95.083,95.072,95.073,0.0
2026-08-21 22:50:00,2026-08-21 19:50:00,2026-08-22 03:50:00,95.073,95.079,95.061,95.063,0.0
2026-08-21 22:55:00,2026-08-21 19:55:00,2026-08-22 03:55:00,95.064,95.071,95.057,95.06,0.0
2026-08-21 23:00:00,2026-08-21 20:00:00,2026-08-22 04:00:00,95.064,95.08,95.06,95.074,0.0
2026-08-21 23:05:00,2026-08-21 20:05:00,2026-08-22 04:05:00,95.076,95.079,95.063,95.072,0.0
2026-08-21 23:10:00,2026-08-21 20:10:00,2026-08-22 04:10:00,95.072,95.081,95.049,95.061,0.0
2026-08-21 23:15:00,2026-08-21 20:15:00,2026-08-22 04:15:00,95.061,95.063,95.052,95.055,0.0
2026-08-21 23:20:00,2026-08-21 20:20:00,2026-08-22 04:20:00,95.055,95.072,95.053,95.063,0.0
2026-08-21 23:25:00,2026-08-21 20:25:00,2026-08-22 04:25:00,95.063,95.086,95.058,95.079,0.0
2026-08-21 23:30:00,2026-08-21 20:30:00,2026-08-22 04:30:00,95.079,95.082,95.047,95.053,0.0
2026-08-21 23:35:00,2026-08-21 20:35:00,2026-08-22 04:35:00,95.05,95.061,95.043,95.043,0.0
2026-08-21 23:40:00,2026-08-21 20:40:00,2026-08-22 04:40:00,95.043,95.052,95.016,95.018,0.0
2026-08-21 23:45:00,2026-08-21 20:45:00,2026-08-22 04:45:00,95.025,95.04,95.016,95.026,0.0
2026-08-21 23:50:00,2026-08-21 20:50:00,2026-08-22 04:50:00,95.026,95.04,94.995,95.024,0.0
2026-08-21 23:55:00,2026-08-21 20:55:00,2026-08-22 04:55:00,95.024,95.061,94.985,95.001,0.0
2026-08-22 00:00:00,2026-08-21 21:00:00,2026-08-22 05:00:00,95.022,95.022,95.022,95.022,0.0
2026-08-22 00:05:00,2026-08-21 21:05:00,2026-08-22 05:05:00,95.022,95.022,95.022,95.022,0.0
2026-08-22 00:10:00,2026-08-21 21:10:00,2026-08-22 05:10:00,95.022,95.022,95.022,95.022,0.0
2026-08-22 00:15:00,2026-08-21 21:15:00,2026-08-22 05:15:00,95.022,95.022,95.022,95.022,0.0
2026-08-22 00:20:00,2026-08-21 21:20:00,2026-08-22 05:20:00,95.022,95.022,95.022,95.022,0.0
2026-08-22 00:25:00,2026-08-21 21:25:00,2026-08-22 05:25:00,95.022,95.022,95.022,95.022,0.0
2026-08-22 00:30:00,2026-08-21 21:30:00,2026-08-22 05:30:00,94.971,94.986,94.931,94.934,1007.0
2026-08-22 00:35:00,2026-08-21 21:35:00,2026-08-22 05:35:00,94.933,94.974,94.928,94.961,1052.0
2026-08-22 00:40:00,2026-08-21 21:40:00,2026-08-22 05:40:00,94.962,94.971,94.938,94.966,667.0
2026-08-22 00:45:00,2026-08-21 21:45:00,2026-08-22 05:45:00,94.966,94.998,94.952,94.986,846.0
2026-08-22 00:50:00,2026-08-21 21:50:00,2026-08-22 05:50:00,94.986,94.998,94.957,94.979,917.0
2026-08-22 00:55:00,2026-08-21 21:55:00,2026-08-22 05:55:00,94.981,95.018,94.977,94.983,840.0
2026-08-22 01:00:00,2026-08-21 22:00:00,2026-08-22 06:00:00,94.982,94.983,94.946,94.976,879.0
2026-08-22 01:05:00,2026-08-21 22:05:00,2026-08-22 06:05:00,94.978,94.986,94.962,94.978,865.0
2026-08-22 01:10:00,2026-08-21 22:10:00,2026-08-22 06:10:00,94.979,94.991,94.97,94.972,754.0
2026-08-22 01:15:00,2026-08-21 22:15:00,2026-08-22 06:15:00,94.971,94.977,94.956,94.969,652.0
2026-08-22 01:20:00,2026-08-21 22:20:00,2026-08-22 06:20:00,94.968,94.976,94.947,94.958,774.0
2026-08-22 01:25:00,2026-08-21 22:25:00,2026-08-22 06:25:00,94.959,94.969,94.953,94.958,778.0
2026-08-22 01:30:00,2026-08-21 22:30:00,2026-08-22 06:30:00,94.958,94.98,94.936,94.939,1077.0
2026-08-22 01:35:00,2026-08-21 22:35:00,2026-08-22 06:35:00,94.938,94.951,94.898,94.901,887.0
2026-08-22 01:40:00,2026-08-21 22:40:00,2026-08-22 06:40:00,94.901,94.912,94.885,94.896,867.0
2026-08-22 01:45:00,2026-08-21 22:45:00,2026-08-22 06:45:00,94.895,94.902,94.872,94.894,756.0
2026-08-22 01:50:00,2026-08-21 22:50:00,2026-08-22 06:50:00,94.892,94.927,94.89,94.906,953.0
2026-08-22 01:55:00,2026-08-21 22:55:00,2026-08-22 06:55:00,94.905,94.941,94.899,94.91,1028.0
2026-08-22 02:00:00,2026-08-21 23:00:00,2026-08-22 07:00:00,94.909,94.965,94.897,94.959,1094.0
2026-08-22 02:05:00,2026-08-21 23:05:00,2026-08-22 07:05:00,94.96,94.966,94.937,94.945,932.0
2026-08-22 02:10:00,2026-08-21 23:10:00,2026-08-22 07:10:00,94.946,94.989,94.946,94.978,950.0
2026-08-22 02:15:00,2026-08-21 23:15:00,2026-08-22 07:15:00,94.977,95.0,94.97,94.976,888.0
2026-08-22 02:20:00,2026-08-21 23:20:00,2026-08-22 07:20:00,94.972,94.997,94.96,94.991,751.0
2026-08-22 02:25:00,2026-08-21 23:25:00,2026-08-22 07:25:00,94.991,95.008,94.981,94.997,741.0
2026-08-22 02:30:00,2026-08-21 23:30:00,2026-08-22 07:30:00,94.999,95.019,94.995,95.016,631.0
2026-08-22 02:35:00,2026-08-21 23:35:00,2026-08-22 07:35:00,95.015,95.023,95.005,95.021,683.0
2026-08-22 02:40:00,2026-08-21 23:40:00,2026-08-22 07:40:00,95.02,95.062,95.017,95.054,803.0
2026-08-22 02:45:00,2026-08-21 23:45:00,2026-08-22 07:45:00,95.054,95.064,95.048,95.049,454.0
2026-08-22 02:50:00,2026-08-21 23:50:00,2026-08-22 07:50:00,95.049,95.079,95.043,95.072,491.0
2026-08-22 02:55:00,2026-08-21 23:55:00,2026-08-22 07:55:00,95.072,95.081,95.052,95.062,638.0
2026-08-22 03:00:00,2026-08-22 00:00:00,2026-08-22 08:00:00,95.065,95.087,95.062,95.081,697.0
2026-08-22 03:05:00,2026-08-22 00:05:00,2026-08-22 08:05:00,95.08,95.084,95.052,95.067,761.0
2026-08-22 03:10:00,2026-08-22 00:10:00,2026-08-22 08:10:00,95.068,95.072,95.06,95.066,512.0
2026-08-22 03:15:00,2026-08-22 00:15:00,2026-08-22 08:15:00,95.067,95.072,95.035,95.04,582.0
2026-08-22 03:20:00,2026-08-22 00:20:00,2026-08-22 08:20:00,95.039,95.058,95.03,95.05,867.0
2026-08-22 03:25:00,2026-08-22 00:25:00,2026-08-22 08:25:00,95.054,95.067,95.048,95.064,624.0
2026-08-22 03:30:00,2026-08-22 00:30:00,2026-08-22 08:30:00,95.064,95.074,95.043,95.067,570.0
2026-08-22 03:35:00,2026-08-22 00:35:00,2026-08-22 08:35:00,95.066,95.076,95.052,95.076,532.0
2026-08-22 03:40:00,2026-08-22 00:40:00,2026-08-22 08:40:00,95.076,95.076,95.06,95.066,456.0
2026-08-22 03:45:00,2026-08-22 00:45:00,2026-08-22 08:45:00,95.065,95.071,95.058,95.062,388.0
2026-08-22 03:50:00,2026-08-22 00:50:00,2026-08-22 08:50:00,95.061,95.067,95.055,95.058,516.0
2026-08-22 03:55:00,2026-08-22 00:55:00,2026-08-22 08:55:00,95.059,95.077,95.058,95.074,574.0
2026-08-22 04:00:00,2026-08-22 01:00:00,2026-08-22 09:00:00,95.076,95.094,95.074,95.078,635.0
2026-08-22 04:05:00,2026-08-22 01:05:00,2026-08-22 09:05:00,95.079,95.105,95.072,95.103,518.0
2026-08-22 04:10:00,2026-08-22 01:10:00,2026-08-22 09:10:00,95.102,95.111,95.091,95.093,451.0
2026-08-22 04:15:00,2026-08-22 01:15:00,2026-08-22 09:15:00,95.094,95.107,95.093,95.097,456.0
2026-08-22 04:20:00,2026-08-22 01:20:00,2026-08-22 09:20:00,95.096,95.106,95.094,95.102,437.0
2026-08-22 04:25:00,2026-08-22 01:25:00,2026-08-22 09:25:00,95.103,95.106,95.088,95.095,487.0
2026-08-22 04:30:00,2026-08-22 01:30:00,2026-08-22 09:30:00,95.096,95.11,95.087,95.108,525.0
2026-08-22 04:35:00,2026-08-22 01:35:00,2026-08-22 09:35:00,95.108,95.125,95.108,95.113,590.0
2026-08-22 04:40:00,2026-08-22 01:40:00,2026-08-22 09:40:00,95.112,95.12,95.109,95.112,403.0
2026-08-22 04:45:00,2026-08-22 01:45:00,2026-08-22 09:45:00,95.114,95.115,95.107,95.113,376.0
2026-08-22 04:50:00,2026-08-22 01:50:00,2026-08-22 09:50:00,95.113,95.123,95.109,95.115,377.0
2026-08-22 04:55:00,2026-08-22 01:55:00,2026-08-22 09:55:00,95.114,95.124,95.108,95.122,432.0
2026-08-22 05:00:00,2026-08-22 02:00:00,2026-08-22 10:00:00,95.123,95.149,95.121,95.144,458.0
2026-08-22 05:05:00,2026-08-22 02:05:00,2026-08-22 10:05:00,95.143,95.157,95.142,95.149,340.0
2026-08-22 05:10:00,2026-08-22 02:10:00,2026-08-22 10:10:00,95.15,95.151,95.139,95.139,322.0
2026-08-22 05:15:00,2026-08-22 02:15:00,2026-08-22 10:15:00,95.14,95.148,95.135,95.142,238.0
2026-08-22 05:20:00,2026-08-22 02:20:00,2026-08-22 10:20:00,95.142,95.154,95.134,95.154,314.0
2026-08-22 05:25:00,2026-08-22 02:25:00,2026-08-22 10:25:00,95.153,95.159,95.143,95.146,341.0
2026-08-22 05:30:00,2026-08-22 02:30:00,2026-08-22 10:30:00,95.145,95.154,95.142,95.151,466.0
2026-08-22 05:35:00,2026-08-22 02:35:00,2026-08-22 10:35:00,95.152,95.157,95.144,95.147,280.0
2026-08-22 05:40:00,2026-08-22 02:40:00,2026-08-22 10:40:00,95.147,95.154,95.143,95.152,225.0
2026-08-22 05:45:00,2026-08-22 02:45:00,2026-08-22 10:45:00,95.15,95.156,95.147,95.156,256.0
2026-08-22 05:50:00,2026-08-22 02:50:00,2026-08-22 10:50:00,95.155,95.16,95.143,95.149,220.0
2026-08-22 05:55:00,2026-08-22 02:55:00,2026-08-22 10:55:00,95.147,95.158,95.143,95.146,297.0
2026-08-22 06:00:00,2026-08-22 03:00:00,2026-08-22 11:00:00,95.145,95.154,95.124,95.125,412.0
2026-08-22 06:05:00,2026-08-22 03:05:00,2026-08-22 11:05:00,95.126,95.129,95.108,95.108,302.0
2026-08-22 06:10:00,2026-08-22 03:10:00,2026-08-22 11:10:00,95.108,95.125,95.108,95.123,209.0
2026-08-22 06:15:00,2026-08-22 03:15:00,2026-08-22 11:15:00,95.123,95.128,95.103,95.109,218.0
2026-08-22 06:20:00,2026-08-22 03:20:00,2026-08-22 11:20:00,95.108,95.111,95.098,95.105,242.0
2026-08-22 06:25:00,2026-08-22 03:25:00,2026-08-22 11:25:00,95.103,95.106,95.095,95.101,196.0
2026-08-22 06:30:00,2026-08-22 03:30:00,2026-08-22 11:30:00,95.1,95.1,95.087,95.088,276.0
2026-08-22 06:35:00,2026-08-22 03:35:00,2026-08-22 11:35:00,95.088,95.089,95.073,95.076,242.0
2026-08-22 06:40:00,2026-08-22 03:40:00,2026-08-22 11:40:00,95.077,95.08,95.071,95.077,173.0
2026-08-22 06:45:00,2026-08-22 03:45:00,2026-08-22 11:45:00,95.078,95.085,95.074,95.075,200.0
2026-08-22 06:50:00,2026-08-22 03:50:00,2026-08-22 11:50:00,95.073,95.083,95.065,95.066,307.0
2026-08-22 06:55:00,2026-08-22 03:55:00,2026-08-22 11:55:00,95.064,95.074,95.059,95.068,393.0
2026-08-22 07:00:00,2026-08-22 04:00:00,2026-08-22 12:00:00,95.067,95.081,95.066,95.079,219.0
2026-08-22 07:05:00,2026-08-22 04:05:00,2026-08-22 12:05:00,95.079,95.081,95.068,95.078,180.0
2026-08-22 07:10:00,2026-08-22 04:10:00,2026-08-22 12:10:00,95.075,95.083,95.055,95.065,298.0
2026-08-22 07:15:00,2026-08-22 04:15:00,2026-08-22 12:15:00,95.064,95.065,95.056,95.058,280.0
2026-08-22 07:20:00,2026-08-22 04:20:00,2026-08-22 12:20:00,95.057,95.072,95.054,95.069,229.0
2026-08-22 07:25:00,2026-08-22 04:25:00,2026-08-22 12:25:00,95.067,95.088,95.065,95.084,204.0
2026-08-22 07:30:00,2026-08-22 04:30:00,2026-08-22 12:30:00,95.083,95.087,95.051,95.053,212.0
2026-08-22 07:35:00,2026-08-22 04:35:00,2026-08-22 12:35:00,95.052,95.061,95.05,95.051,137.0
2026-08-22 07:40:00,2026-08-22 04:40:00,2026-08-22 12:40:00,95.051,95.053,95.023,95.023,345.0
2026-08-22 07:45:00,2026-08-22 04:45:00,2026-08-22 12:45:00,95.024,95.04,95.023,95.034,333.0
2026-08-22 07:50:00,2026-08-22 04:50:00,2026-08-22 12:50:00,95.033,95.044,95.025,95.033,314.0
2026-08-24 02:00:00,2026-08-23 23:00:00,2026-08-24 07:00:00,94.937,94.937,94.9,94.909,0.0
2026-08-24 02:05:00,2026-08-23 23:05:00,2026-08-24 07:05:00,94.908,94.91,94.89,94.903,0.0
2026-08-24 02:10:00,2026-08-23 23:10:00,2026-08-24 07:10:00,94.902,94.905,94.886,94.9,0.0
2026-08-24 02:15:00,2026-08-23 23:15:00,2026-08-24 07:15:00,94.899,94.906,94.863,94.873,0.0
2026-08-24 02:20:00,2026-08-23 23:20:00,2026-08-24 07:20:00,94.873,94.914,94.871,94.912,0.0
2026-08-24 02:25:00,2026-08-23 23:25:00,2026-08-24 07:25:00,94.911,94.923,94.9,94.913,0.0
2026-08-24 02:30:00,2026-08-23 23:30:00,2026-08-24 07:30:00,94.913,94.932,94.908,94.927,0.0
2026-08-24 02:35:00,2026-08-23 23:35:00,2026-08-24 07:35:00,94.927,94.946,94.925,94.93,0.0
2026-08-24 02:40:00,2026-08-23 23:40:00,2026-08-24 07:40:00,94.93,94.937,94.918,94.921,0.0
2026-08-24 02:45:00,2026-08-23 23:45:00,2026-08-24 07:45:00,94.921,94.954,94.916,94.951,0.0
2026-08-24 02:50:00,2026-08-23 23:50:00,2026-08-24 07:50:00,94.951,94.959,94.937,94.949,0.0
2026-08-24 02:55:00,2026-08-23 23:55:00,2026-08-24 07:55:00,94.945,94.974,94.945,94.951,0.0
2026-08-24 03:00:00,2026-08-24 00:00:00,2026-08-24 08:00:00,94.951,94.991,94.944,94.987,0.0
2026-08-24 03:05:00,2026-08-24 00:05:00,2026-08-24 08:05:00,94.987,95.005,94.963,94.968,0.0
2026-08-24 03:10:00,2026-08-24 00:10:00,2026-08-24 08:10:00,94.967,95.002,94.957,94.998,0.0
2026-08-24 03:15:00,2026-08-24 00:15:00,2026-08-24 08:15:00,94.998,94.998,94.96,94.969,0.0
2026-08-24 03:20:00,2026-08-24 00:20:00,2026-08-24 08:20:00,94.967,94.974,94.929,94.932,0.0
2026-08-24 03:25:00,2026-08-24 00:25:00,2026-08-24 08:25:00,94.932,94.937,94.888,94.897,0.0
2026-08-24 03:30:00,2026-08-24 00:30:00,2026-08-24 08:30:00,94.902,94.914,94.886,94.897,0.0
2026-08-24 03:35:00,2026-08-24 00:35:00,2026-08-24 08:35:00,94.897,94.907,94.883,94.901,0.0
2026-08-24 03:40:00,2026-08-24 00:40:00,2026-08-24 08:40:00,94.901,94.928,94.882,94.928,0.0
2026-08-24 03:45:00,2026-08-24 00:45:00,2026-08-24 08:45:00,94.928,94.99,94.918,94.988,0.0
2026-08-24 03:50:00,2026-08-24 00:50:00,2026-08-24 08:50:00,94.989,94.997,94.933,94.934,0.0
2026-08-24 03:55:00,2026-08-24 00:55:00,2026-08-24 08:55:00,94.937,94.968,94.93,94.946,0.0
2026-08-24 04:00:00,2026-08-24 01:00:00,2026-08-24 09:00:00,94.946,94.963,94.902,94.924,0.0
2026-08-24 04:05:00,2026-08-24 01:05:00,2026-08-24 09:05:00,94.923,94.951,94.887,94.897,0.0
2026-08-24 04:10:00,2026-08-24 01:10:00,2026-08-24 09:10:00,94.897,94.928,94.895,94.91,0.0
2026-08-24 04:15:00,2026-08-24 01:15:00,2026-08-24 09:15:00,94.91,94.914,94.877,94.899,0.0
2026-08-24 04:20:00,2026-08-24 01:20:00,2026-08-24 09:20:00,94.902,94.918,94.884,94.915,0.0
2026-08-24 04:25:00,2026-08-24 01:25:00,2026-08-24 09:25:00,94.915,94.933,94.905,94.928,0.0
2026-08-24 04:30:00,2026-08-24 01:30:00,2026-08-24 09:30:00,94.925,94.928,94.903,94.919,0.0
2026-08-24 04:35:00,2026-08-24 01:35:00,2026-08-24 09:35:00,94.92,94.97,94.912,94.967,0.0
2026-08-24 04:40:00,2026-08-24 01:40:00,2026-08-24 09:40:00,94.966,94.97,94.93,94.937,0.0
2026-08-24 04:45:00,2026-08-24 01:45:00,2026-08-24 09:45:00,94.936,94.938,94.902,94.931,0.0
2026-08-24 04:50:00,2026-08-24 01:50:00,2026-08-24 09:50:00,94.931,94.95,94.93,94.937,0.0
2026-08-24 04:55:00,2026-08-24 01:55:00,2026-08-24 09:55:00,94.937,94.942,94.904,94.914,0.0
2026-08-24 05:00:00,2026-08-24 02:00:00,2026-08-24 10:00:00,94.916,94.917,94.87,94.898,0.0
2026-08-24 05:05:00,2026-08-24 02:05:00,2026-08-24 10:05:00,94.896,94.921,94.871,94.919,0.0
2026-08-24 05:10:00,2026-08-24 02:10:00,2026-08-24 10:10:00,94.918,94.946,94.914,94.942,0.0
2026-08-24 05:15:00,2026-08-24 02:15:00,2026-08-24 10:15:00,94.942,94.959,94.931,94.946,0.0
2026-08-24 05:20:00,2026-08-24 02:20:00,2026-08-24 10:20:00,94.945,94.96,94.94,94.953,0.0
2026-08-24 05:25:00,2026-08-24 02:25:00,2026-08-24 10:25:00,94.953,94.957,94.922,94.938,0.0
2026-08-24 05:30:00,2026-08-24 02:30:00,2026-08-24 10:30:00,94.938,94.954,94.936,94.941,0.0
2026-08-24 05:35:00,2026-08-24 02:35:00,2026-08-24 10:35:00,94.941,94.97,94.941,94.955,0.0
2026-08-24 05:40:00,2026-08-24 02:40:00,2026-08-24 10:40:00,94.955,94.965,94.95,94.961,0.0
2026-08-24 05:45:00,2026-08-24 02:45:00,2026-08-24 10:45:00,94.959,94.962,94.933,94.936,0.0
2026-08-24 05:50:00,2026-08-24 02:50:00,2026-08-24 10:50:00,94.937,94.944,94.912,94.925,0.0
2026-08-24 05:55:00,2026-08-24 02:55:00,2026-08-24 10:55:00,94.924,94.937,94.918,94.927,0.0
2026-08-24 06:00:00,2026-08-24 03:00:00,2026-08-24 11:00:00,94.926,94.943,94.915,94.93,0.0
2026-08-24 06:05:00,2026-08-24 03:05:00,2026-08-24 11:05:00,94.93,94.932,94.897,94.9,0.0
2026-08-24 06:10:00,2026-08-24 03:10:00,2026-08-24 11:10:00,94.899,94.906,94.87,94.902,0.0
2026-08-24 06:15:00,2026-08-24 03:15:00,2026-08-24 11:15:00,94.904,94.915,94.895,94.897,0.0
2026-08-24 06:20:00,2026-08-24 03:20:00,2026-08-24 11:20:00,94.898,94.911,94.882,94.904,0.0
2026-08-24 06:25:00,2026-08-24 03:25:00,2026-08-24 11:25:00,94.904,94.913,94.891,94.894,0.0
2026-08-24 06:30:00,2026-08-24 03:30:00,2026-08-24 11:30:00,94.892,94.913,94.892,94.911,0.0
2026-08-24 06:35:00,2026-08-24 03:35:00,2026-08-24 11:35:00,94.911,94.93,94.902,94.918,0.0
2026-08-24 06:40:00,2026-08-24 03:40:00,2026-08-24 11:40:00,94.918,94.928,94.904,94.915,0.0
2026-08-24 06:45:00,2026-08-24 03:45:00,2026-08-24 11:45:00,94.916,94.926,94.903,94.922,0.0
2026-08-24 06:50:00,2026-08-24 03:50:00,2026-08-24 11:50:00,94.923,94.932,94.918,94.928,0.0
2026-08-24 06:55:00,2026-08-24 03:55:00,2026-08-24 11:55:00,94.926,94.942,94.923,94.937,0.0
2026-08-24 07:00:00,2026-08-24 04:00:00,2026-08-24 12:00:00,94.938,94.953,94.92,94.937,0.0
2026-08-24 07:05:00,2026-08-24 04:05:00,2026-08-24 12:05:00,94.937,94.949,94.914,94.915,0.0
2026-08-24 07:10:00,2026-08-24 04:10:00,2026-08-24 12:10:00,94.915,94.926,94.87,94.916,0.0
2026-08-24 07:15:00,2026-08-24 04:15:00,2026-08-24 12:15:00,94.918,94.935,94.909,94.919,0.0
2026-08-24 07:20:00,2026-08-24 04:20:00,2026-08-24 12:20:00,94.921,94.93,94.903,94.916,0.0
2026-08-24 07:25:00,2026-08-24 04:25:00,2026-08-24 12:25:00,94.915,94.926,94.894,94.918,0.0
2026-08-24 07:30:00,2026-08-24 04:30:00,2026-08-24 12:30:00,94.921,94.921,94.888,94.891,0.0
2026-08-24 07:35:00,2026-08-24 04:35:00,2026-08-24 12:35:00,94.892,94.924,94.881,94.917,0.0
2026-08-24 07:40:00,2026-08-24 04:40:00,2026-08-24 12:40:00,94.916,94.935,94.906,94.909,0.0
2026-08-24 07:45:00,2026-08-24 04:45:00,2026-08-24 12:45:00,94.908,94.929,94.902,94.919,0.0
2026-08-24 07:50:00,2026-08-24 04:50:00,2026-08-24 12:50:00,94.919,94.932,94.914,94.92,0.0
2026-08-24 07:55:00,2026-08-24 04:55:00,2026-08-24 12:55:00,94.92,94.923,94.907,94.913,0.0
2026-08-24 08:00:00,2026-08-24 05:00:00,2026-08-24 13:00:00,94.913,94.942,94.91,94.924,0.0
2026-08-24 08:05:00,2026-08-24 05:05:00,2026-08-24 13:05:00,94.923,94.955,94.921,94.942,0.0
2026-08-24 08:10:00,2026-08-24 05:10:00,2026-08-24 13:10:00,94.941,94.948,94.924,94.945,0.0
2026-08-24 08:15:00,2026-08-24 05:15:00,2026-08-24 13:15:00,94.946,94.947,94.92,94.924,0.0
2026-08-24 08:20:00,2026-08-24 05:20:00,2026-08-24 13:20:00,94.924,94.934,94.909,94.923,0.0
2026-08-24 08:25:00,2026-08-24 05:25:00,2026-08-24 13:25:00,94.922,94.938,94.921,94.926,0.0
2026-08-24 08:30:00,2026-08-24 05:30:00,2026-08-24 13:30:00,94.925,94.929,94.895,94.913,0.0
2026-08-24 08:35:00,2026-08-24 05:35:00,2026-08-24 13:35:00,94.913,94.923,94.892,94.897,0.0
2026-08-24 08:40:00,2026-08-24 05:40:00,2026-08-24 13:40:00,94.899,94.928,94.896,94.921,0.0
2026-08-24 08:45:00,2026-08-24 05:45:00,2026-08-24 13:45:00,94.921,94.937,94.917,94.935,0.0
2026-08-24 08:50:00,2026-08-24 05:50:00,2026-08-24 13:50:00,94.935,94.951,94.928,94.945,0.0
2026-08-24 08:55:00,2026-08-24 05:55:00,2026-08-24 13:55:00,94.946,94.954,94.925,94.938,0.0
2026-08-24 09:00:00,2026-08-24 06:00:00,2026-08-24 14:00:00,94.937,94.954,94.917,94.941,0.0
2026-08-24 09:05:00,2026-08-24 06:05:00,2026-08-24 14:05:00,94.941,94.96,94.924,94.958,0.0
2026-08-24 09:10:00,2026-08-24 06:10:00,2026-08-24 14:10:00,94.956,94.958,94.9,94.902,0.0
2026-08-24 09:15:00,2026-08-24 06:15:00,2026-08-24 14:15:00,94.904,94.921,94.888,94.92,0.0
2026-08-24 09:20:00,2026-08-24 06:20:00,2026-08-24 14:20:00,94.92,94.924,94.891,94.912,0.0
2026-08-24 09:25:00,2026-08-24 06:25:00,2026-08-24 14:25:00,94.914,94.929,94.905,94.91,0.0
2026-08-24 09:30:00,2026-08-24 06:30:00,2026-08-24 14:30:00,94.91,94.95,94.907,94.947,0.0
2026-08-24 09:35:00,2026-08-24 06:35:00,2026-08-24 14:35:00,94.947,94.967,94.942,94.959,0.0
2026-08-24 09:40:00,2026-08-24 06:40:00,2026-08-24 14:40:00,94.959,94.961,94.927,94.929,0.0
2026-08-24 09:45:00,2026-08-24 06:45:00,2026-08-24 14:45:00,94.929,94.95,94.904,94.944,0.0
2026-08-24 09:50:00,2026-08-24 06:50:00,2026-08-24 14:50:00,94.944,94.988,94.942,94.976,0.0
2026-08-24 09:55:00,2026-08-24 06:55:00,2026-08-24 14:55:00,94.976,94.994,94.966,94.994,0.0
2026-08-24 10:00:00,2026-08-24 07:00:00,2026-08-24 15:00:00,94.991,95.012,94.985,94.994,0.0
2026-08-24 10:05:00,2026-08-24 07:05:00,2026-08-24 15:05:00,94.994,95.012,94.979,95.007,0.0
2026-08-24 10:10:00,2026-08-24 07:10:00,2026-08-24 15:10:00,95.005,95.018,94.995,95.007,0.0
2026-08-24 10:15:00,2026-08-24 07:15:00,2026-08-24 15:15:00,95.007,95.013,94.981,94.996,0.0
2026-08-24 10:20:00,2026-08-24 07:20:00,2026-08-24 15:20:00,94.996,95.015,94.991,95.002,0.0
2026-08-24 10:25:00,2026-08-24 07:25:00,2026-08-24 15:25:00,95.001,95.022,94.996,95.021,0.0
2026-08-24 10:30:00,2026-08-24 07:30:00,2026-08-24 15:30:00,95.02,95.021,94.984,95.002,0.0
2026-08-24 10:35:00,2026-08-24 07:35:00,2026-08-24 15:35:00,95.003,95.021,94.996,95.014,0.0
2026-08-24 10:40:00,2026-08-24 07:40:00,2026-08-24 15:40:00,95.014,95.019,94.964,94.967,0.0
2026-08-24 10:45:00,2026-08-24 07:45:00,2026-08-24 15:45:00,94.967,94.983,94.956,94.968,0.0
2026-08-24 10:50:00,2026-08-24 07:50:00,2026-08-24 15:50:00,94.968,95.002,94.964,95.002,0.0
2026-08-24 10:55:00,2026-08-24 07:55:00,2026-08-24 15:55:00,95.001,95.004,94.976,94.995,0.0
2026-08-24 11:00:00,2026-08-24 08:00:00,2026-08-24 16:00:00,94.995,95.013,94.984,95.01,0.0
2026-08-24 11:05:00,2026-08-24 08:05:00,2026-08-24 16:05:00,95.011,95.016,94.991,94.998,0.0
2026-08-24 11:10:00,2026-08-24 08:10:00,2026-08-24 16:10:00,94.998,95.012,94.992,94.992,0.0
2026-08-24 11:15:00,2026-08-24 08:15:00,2026-08-24 16:15:00,94.993,95.008,94.978,94.994,0.0
2026-08-24 11:20:00,2026-08-24 08:20:00,2026-08-24 16:20:00,94.995,95.002,94.971,94.976,0.0
2026-08-24 11:25:00,2026-08-24 08:25:00,2026-08-24 16:25:00,94.976,94.98,94.957,94.964,0.0
2026-08-24 11:30:00,2026-08-24 08:30:00,2026-08-24 16:30:00,94.961,94.989,94.95,94.987,0.0
2026-08-24 11:35:00,2026-08-24 08:35:00,2026-08-24 16:35:00,94.986,94.989,94.958,94.973,0.0
2026-08-24 11:40:00,2026-08-24 08:40:00,2026-08-24 16:40:00,94.974,94.993,94.969,94.986,0.0
2026-08-24 11:45:00,2026-08-24 08:45:00,2026-08-24 16:45:00,94.988,94.992,94.963,94.982,0.0
2026-08-24 11:50:00,2026-08-24 08:50:00,2026-08-24 16:50:00,94.984,95.002,94.977,95.0,0.0
2026-08-24 11:55:00,2026-08-24 08:55:00,2026-08-24 16:55:00,95.0,95.004,94.97,94.973,0.0
2026-08-24 12:00:00,2026-08-24 09:00:00,2026-08-24 17:00:00,94.973,95.001,94.97,94.998,0.0
2026-08-24 12:05:00,2026-08-24 09:05:00,2026-08-24 17:05:00,94.998,95.013,94.986,94.99,0.0
2026-08-24 12:10:00,2026-08-24 09:10:00,2026-08-24 17:10:00,94.992,94.993,94.972,94.984,0.0
2026-08-24 12:15:00,2026-08-24 09:15:00,2026-08-24 17:15:00,94.985,94.996,94.974,94.991,0.0
2026-08-24 12:20:00,2026-08-24 09:20:00,2026-08-24 17:20:00,94.991,95.019,94.986,95.006,0.0
2026-08-24 12:25:00,2026-08-24 09:25:00,2026-08-24 17:25:00,95.006,95.017,94.989,94.997,0.0
2026-08-24 12:30:00,2026-08-24 09:30:00,2026-08-24 17:30:00,94.997,95.008,94.983,94.991,0.0
2026-08-24 12:35:00,2026-08-24 09:35:00,2026-08-24 17:35:00,94.991,94.996,94.97,94.976,0.0
2026-08-24 12:40:00,2026-08-24 09:40:00,2026-08-24 17:40:00,94.978,95.007,94.973,95.007,0.0
2026-08-24 12:45:00,2026-08-24 09:45:00,2026-08-24 17:45:00,95.009,95.027,95.007,95.023,0.0
2026-08-24 12:50:00,2026-08-24 09:50:00,2026-08-24 17:50:00,95.022,95.034,95.018,95.022,0.0
2026-08-24 12:55:00,2026-08-24 09:55:00,2026-08-24 17:55:00,95.021,95.036,95.015,95.031,0.0
2026-08-24 13:00:00,2026-08-24 10:00:00,2026-08-24 18:00:00,95.033,95.044,95.016,95.03,0.0
2026-08-24 13:05:00,2026-08-24 10:05:00,2026-08-24 18:05:00,95.03,95.041,95.006,95.039,0.0
2026-08-24 13:10:00,2026-08-24 10:10:00,2026-08-24 18:10:00,95.039,95.044,95.016,95.03,0.0
2026-08-24 13:15:00,2026-08-24 10:15:00,2026-08-24 18:15:00,95.028,95.031,94.996,95.02,0.0
2026-08-24 13:20:00,2026-08-24 10:20:00,2026-08-24 18:20:00,95.02,95.025,94.997,95.025,0.0
2026-08-24 13:25:00,2026-08-24 10:25:00,2026-08-24 18:25:00,95.025,95.03,95.007,95.015,0.0
2026-08-24 13:30:00,2026-08-24 10:30:00,2026-08-24 18:30:00,95.015,95.019,94.983,94.987,0.0
2026-08-24 13:35:00,2026-08-24 10:35:00,2026-08-24 18:35:00,94.985,94.993,94.971,94.975,0.0
2026-08-24 13:40:00,2026-08-24 10:40:00,2026-08-24 18:40:00,94.976,94.977,94.95,94.961,0.0
2026-08-24 13:45:00,2026-08-24 10:45:00,2026-08-24 18:45:00,94.961,94.962,94.932,94.943,0.0
2026-08-24 13:50:00,2026-08-24 10:50:00,2026-08-24 18:50:00,94.94,94.952,94.93,94.934,0.0
2026-08-24 13:55:00,2026-08-24 10:55:00,2026-08-24 18:55:00,94.934,94.942,94.914,94.915,0.0
2026-08-24 14:00:00,2026-08-24 11:00:00,2026-08-24 19:00:00,94.917,94.932,94.893,94.9,0.0
2026-08-24 14:05:00,2026-08-24 11:05:00,2026-08-24 19:05:00,94.899,94.911,94.889,94.9,0.0
2026-08-24 14:10:00,2026-08-24 11:10:00,2026-08-24 19:10:00,94.899,94.905,94.88,94.887,0.0
2026-08-24 14:15:00,2026-08-24 11:15:00,2026-08-24 19:15:00,94.887,94.922,94.879,94.92,0.0
2026-08-24 14:20:00,2026-08-24 11:20:00,2026-08-24 19:20:00,94.92,94.928,94.902,94.92,0.0
2026-08-24 14:25:00,2026-08-24 11:25:00,2026-08-24 19:25:00,94.92,94.936,94.887,94.892,0.0
2026-08-24 14:30:00,2026-08-24 11:30:00,2026-08-24 19:30:00,94.892,94.921,94.883,94.901,0.0
2026-08-24 14:35:00,2026-08-24 11:35:00,2026-08-24 19:35:00,94.905,94.946,94.876,94.879,0.0
2026-08-24 14:40:00,2026-08-24 11:40:00,2026-08-24 19:40:00,94.879,94.91,94.845,94.848,0.0
2026-08-24 14:45:00,2026-08-24 11:45:00,2026-08-24 19:45:00,94.847,94.867,94.836,94.838,0.0
2026-08-24 14:50:00,2026-08-24 11:50:00,2026-08-24 19:50:00,94.837,94.874,94.837,94.869,0.0
2026-08-24 14:55:00,2026-08-24 11:55:00,2026-08-24 19:55:00,94.866,94.875,94.846,94.85,0.0
2026-08-24 15:00:00,2026-08-24 12:00:00,2026-08-24 20:00:00,94.85,94.856,94.817,94.826,0.0
2026-08-24 15:05:00,2026-08-24 12:05:00,2026-08-24 20:05:00,94.826,94.842,94.813,94.84,0.0
2026-08-24 15:10:00,2026-08-24 12:10:00,2026-08-24 20:10:00,94.84,94.851,94.815,94.817,0.0
2026-08-24 15:15:00,2026-08-24 12:15:00,2026-08-24 20:15:00,94.815,94.817,94.794,94.807,0.0
2026-08-24 15:20:00,2026-08-24 12:20:00,2026-08-24 20:20:00,94.808,94.854,94.789,94.849,0.0
2026-08-24 15:25:00,2026-08-24 12:25:00,2026-08-24 20:25:00,94.849,94.866,94.841,94.861,0.0
2026-08-24 15:30:00,2026-08-24 12:30:00,2026-08-24 20:30:00,94.861,94.864,94.802,94.837,0.0
2026-08-24 15:35:00,2026-08-24 12:35:00,2026-08-24 20:35:00,94.838,94.854,94.817,94.83,0.0
2026-08-24 15:40:00,2026-08-24 12:40:00,2026-08-24 20:40:00,94.831,94.867,94.829,94.847,0.0
2026-08-24 15:45:00,2026-08-24 12:45:00,2026-08-24 20:45:00,94.847,94.858,94.831,94.858,0.0
2026-08-24 15:50:00,2026-08-24 12:50:00,2026-08-24 20:50:00,94.858,94.865,94.847,94.864,0.0
2026-08-24 15:55:00,2026-08-24 12:55:00,2026-08-24 20:55:00,94.864,94.875,94.854,94.86,0.0
2026-08-24 16:00:00,2026-08-24 13:00:00,2026-08-24 21:00:00,94.863,94.894,94.857,94.884,0.0
2026-08-24 16:05:00,2026-08-24 13:05:00,2026-08-24 21:05:00,94.885,94.921,94.883,94.911,0.0
2026-08-24 16:10:00,2026-08-24 13:10:00,2026-08-24 21:10:00,94.911,94.938,94.908,94.929,0.0
2026-08-24 16:15:00,2026-08-24 13:15:00,2026-08-24 21:15:00,94.93,94.96,94.919,94.955,0.0
2026-08-24 16:20:00,2026-08-24 13:20:00,2026-08-24 21:20:00,94.955,94.971,94.947,94.961,0.0
2026-08-24 16:25:00,2026-08-24 13:25:00,2026-08-24 21:25:00,94.961,94.976,94.953,94.954,0.0
2026-08-24 16:30:00,2026-08-24 13:30:00,2026-08-24 21:30:00,94.956,94.99,94.953,94.978,0.0
2026-08-24 16:35:00,2026-08-24 13:35:00,2026-08-24 21:35:00,94.978,94.984,94.926,94.967,0.0
2026-08-24 16:40:00,2026-08-24 13:40:00,2026-08-24 21:40:00,94.964,94.972,94.919,94.922,0.0
2026-08-24 16:45:00,2026-08-24 13:45:00,2026-08-24 21:45:00,94.922,94.962,94.921,94.935,0.0
2026-08-24 16:50:00,2026-08-24 13:50:00,2026-08-24 21:50:00,94.935,94.955,94.911,94.932,0.0
2026-08-24 16:55:00,2026-08-24 13:55:00,2026-08-24 21:55:00,94.933,94.939,94.914,94.936,0.0
2026-08-24 17:00:00,2026-08-24 14:00:00,2026-08-24 22:00:00,94.933,94.938,94.902,94.93,0.0
2026-08-24 17:05:00,2026-08-24 14:05:00,2026-08-24 22:05:00,94.93,94.932,94.907,94.923,0.0
2026-08-24 17:10:00,2026-08-24 14:10:00,2026-08-24 22:10:00,94.925,94.946,94.919,94.944,0.0
2026-08-24 17:15:00,2026-08-24 14:15:00,2026-08-24 22:15:00,94.944,94.946,94.906,94.925,0.0
2026-08-24 17:20:00,2026-08-24 14:20:00,2026-08-24 22:20:00,94.925,94.949,94.924,94.94,0.0
2026-08-24 17:25:00,2026-08-24 14:25:00,2026-08-24 22:25:00,94.94,94.941,94.917,94.925,0.0
2026-08-24 17:30:00,2026-08-24 14:30:00,2026-08-24 22:30:00,94.925,94.934,94.901,94.904,0.0
2026-08-24 17:35:00,2026-08-24 14:35:00,2026-08-24 22:35:00,94.907,94.917,94.879,94.884,0.0
2026-08-24 17:40:00,2026-08-24 14:40:00,2026-08-24 22:40:00,94.883,94.892,94.865,94.873,0.0
2026-08-24 17:45:00,2026-08-24 14:45:00,2026-08-24 22:45:00,94.873,94.892,94.869,94.877,0.0
2026-08-24 17:50:00,2026-08-24 14:50:00,2026-08-24 22:50:00,94.877,94.881,94.841,94.845,0.0
2026-08-24 17:55:00,2026-08-24 14:55:00,2026-08-24 22:55:00,94.847,94.875,94.84,94.847,0.0
2026-08-24 18:00:00,2026-08-24 15:00:00,2026-08-24 23:00:00,94.849,94.886,94.835,94.876,0.0
2026-08-24 18:05:00,2026-08-24 15:05:00,2026-08-24 23:05:00,94.879,94.887,94.844,94.845,0.0
2026-08-24 18:10:00,2026-08-24 15:10:00,2026-08-24 23:10:00,94.845,94.847,94.82,94.826,0.0
2026-08-24 18:15:00,2026-08-24 15:15:00,2026-08-24 23:15:00,94.826,94.832,94.809,94.817,0.0
2026-08-24 18:20:00,2026-08-24 15:20:00,2026-08-24 23:20:00,94.817,94.838,94.803,94.834,0.0
2026-08-24 18:25:00,2026-08-24 15:25:00,2026-08-24 23:25:00,94.836,94.875,94.832,94.853,0.0
2026-08-24 18:30:00,2026-08-24 15:30:00,2026-08-24 23:30:00,94.853,94.857,94.822,94.839,0.0
2026-08-24 18:35:00,2026-08-24 15:35:00,2026-08-24 23:35:00,94.84,94.872,94.832,94.86,0.0
2026-08-24 18:40:00,2026-08-24 15:40:00,2026-08-24 23:40:00,94.86,94.891,94.849,94.851,0.0
2026-08-24 18:45:00,2026-08-24 15:45:00,2026-08-24 23:45:00,94.851,94.854,94.807,94.812,0.0
2026-08-24 18:50:00,2026-08-24 15:50:00,2026-08-24 23:50:00,94.812,94.828,94.802,94.82,0.0
2026-08-24 18:55:00,2026-08-24 15:55:00,2026-08-24 23:55:00,94.819,94.826,94.785,94.795,0.0
2026-08-24 19:00:00,2026-08-24 16:00:00,2026-08-25 00:00:00,94.795,94.827,94.78,94.8,0.0
2026-08-24 19:05:00,2026-08-24 16:05:00,2026-08-25 00:05:00,94.8,94.812,94.771,94.778,0.0
2026-08-24 19:10:00,2026-08-24 16:10:00,2026-08-25 00:10:00,94.779,94.792,94.771,94.776,0.0
2026-08-24 19:15:00,2026-08-24 16:15:00,2026-08-25 00:15:00,94.777,94.782,94.762,94.77,0.0
2026-08-24 19:20:00,2026-08-24 16:20:00,2026-08-25 00:20:00,94.771,94.783,94.764,94.769,0.0
2026-08-24 19:25:00,2026-08-24 16:25:00,2026-08-25 00:25:00,94.769,94.79,94.769,94.779,0.0
2026-08-24 19:30:00,2026-08-24 16:30:00,2026-08-25 00:30:00,94.779,94.79,94.765,94.77,0.0
2026-08-24 19:35:00,2026-08-24 16:35:00,2026-08-25 00:35:00,94.77,94.772,94.748,94.755,0.0
2026-08-24 19:40:00,2026-08-24 16:40:00,2026-08-25 00:40:00,94.755,94.786,94.752,94.781,0.0
2026-08-24 19:45:00,2026-08-24 16:45:00,2026-08-25 00:45:00,94.781,94.791,94.766,94.77,0.0
2026-08-24 19:50:00,2026-08-24 16:50:00,2026-08-25 00:50:00,94.772,94.786,94.766,94.782,0.0
2026-08-24 19:55:00,2026-08-24 16:55:00,2026-08-25 00:55:00,94.782,94.792,94.763,94.766,0.0
2026-08-24 20:00:00,2026-08-24 17:00:00,2026-08-25 01:00:00,94.764,94.77,94.751,94.755,0.0
2026-08-24 20:05:00,2026-08-24 17:05:00,2026-08-25 01:05:00,94.755,94.793,94.738,94.772,0.0
2026-08-24 20:10:00,2026-08-24 17:10:00,2026-08-25 01:10:00,94.772,94.785,94.759,94.785,0.0
2026-08-24 20:15:00,2026-08-24 17:15:00,2026-08-25 01:15:00,94.782,94.785,94.759,94.767,0.0
2026-08-24 20:20:00,2026-08-24 17:20:00,2026-08-25 01:20:00,94.765,94.771,94.728,94.732,0.0
2026-08-24 20:25:00,2026-08-24 17:25:00,2026-08-25 01:25:00,94.732,94.752,94.729,94.734,0.0
2026-08-24 20:30:00,2026-08-24 17:30:00,2026-08-25 01:30:00,94.737,94.771,94.735,94.762,0.0
2026-08-24 20:35:00,2026-08-24 17:35:00,2026-08-25 01:35:00,94.757,94.766,94.75,94.755,0.0
2026-08-24 20:40:00,2026-08-24 17:40:00,2026-08-25 01:40:00,94.755,94.766,94.75,94.751,0.0
2026-08-24 20:45:00,2026-08-24 17:45:00,2026-08-25 01:45:00,94.751,94.751,94.724,94.733,0.0
2026-08-24 20:50:00,2026-08-24 17:50:00,2026-08-25 01:50:00,94.733,94.75,94.731,94.745,0.0
2026-08-24 20:55:00,2026-08-24 17:55:00,2026-08-25 01:55:00,94.745,94.757,94.734,94.749,0.0
2026-08-24 21:00:00,2026-08-24 18:00:00,2026-08-25 02:00:00,94.749,94.769,94.744,94.767,0.0
2026-08-24 21:05:00,2026-08-24 18:05:00,2026-08-25 02:05:00,94.767,94.78,94.755,94.777,0.0
2026-08-24 21:10:00,2026-08-24 18:10:00,2026-08-25 02:10:00,94.776,94.797,94.775,94.789,0.0
2026-08-24 21:15:00,2026-08-24 18:15:00,2026-08-25 02:15:00,94.79,94.807,94.788,94.795,0.0
2026-08-24 21:20:00,2026-08-24 18:20:00,2026-08-25 02:20:00,94.795,94.813,94.792,94.804,0.0
2026-08-24 21:25:00,2026-08-24 18:25:00,2026-08-25 02:25:00,94.805,94.83,94.804,94.824,0.0
2026-08-24 21:30:00,2026-08-24 18:30:00,2026-08-25 02:30:00,94.822,94.831,94.817,94.819,0.0
2026-08-24 21:35:00,2026-08-24 18:35:00,2026-08-25 02:35:00,94.819,94.825,94.8,94.81,0.0
2026-08-24 21:40:00,2026-08-24 18:40:00,2026-08-25 02:40:00,94.811,94.827,94.806,94.825,0.0
2026-08-24 21:45:00,2026-08-24 18:45:00,2026-08-25 02:45:00,94.825,94.829,94.815,94.828,0.0
2026-08-24 21:50:00,2026-08-24 18:50:00,2026-08-25 02:50:00,94.829,94.831,94.806,94.817,0.0
2026-08-24 21:55:00,2026-08-24 18:55:00,2026-08-25 02:55:00,94.816,94.824,94.794,94.813,0.0
2026-08-24 22:00:00,2026-08-24 19:00:00,2026-08-25 03:00:00,94.812,94.817,94.78,94.798,0.0
2026-08-24 22:05:00,2026-08-24 19:05:00,2026-08-25 03:05:00,94.8,94.806,94.788,94.791,0.0
2026-08-24 22:10:00,2026-08-24 19:10:00,2026-08-25 03:10:00,94.791,94.811,94.791,94.801,0.0
2026-08-24 22:15:00,2026-08-24 19:15:00,2026-08-25 03:15:00,94.801,94.822,94.801,94.82,0.0
2026-08-24 22:20:00,2026-08-24 19:20:00,2026-08-25 03:20:00,94.82,94.827,94.804,94.804,0.0
2026-08-24 22:25:00,2026-08-24 19:25:00,2026-08-25 03:25:00,94.804,94.817,94.798,94.804,0.0
2026-08-24 22:30:00,2026-08-24 19:30:00,2026-08-25 03:30:00,94.804,94.811,94.793,94.802,0.0
2026-08-24 22:35:00,2026-08-24 19:35:00,2026-08-25 03:35:00,94.802,94.808,94.788,94.788,0.0
2026-08-24 22:40:00,2026-08-24 19:40:00,2026-08-25 03:40:00,94.788,94.809,94.785,94.798,0.0
2026-08-24 22:45:00,2026-08-24 19:45:00,2026-08-25 03:45:00,94.798,94.809,94.791,94.804,0.0
2026-08-24 22:50:00,2026-08-24 19:50:00,2026-08-25 03:50:00,94.804,94.817,94.792,94.799,0.0
2026-08-24 22:55:00,2026-08-24 19:55:00,2026-08-25 03:55:00,94.802,94.828,94.792,94.807,0.0
2026-08-24 23:00:00,2026-08-24 20:00:00,2026-08-25 04:00:00,94.808,94.83,94.807,94.827,0.0
2026-08-24 23:05:00,2026-08-24 20:05:00,2026-08-25 04:05:00,94.826,94.828,94.815,94.819,0.0
2026-08-24 23:10:00,2026-08-24 20:10:00,2026-08-25 04:10:00,94.82,94.833,94.815,94.823,0.0
2026-08-24 23:15:00,2026-08-24 20:15:00,2026-08-25 04:15:00,94.823,94.832,94.814,94.818,0.0
2026-08-24 23:20:00,2026-08-24 20:20:00,2026-08-25 04:20:00,94.819,94.825,94.811,94.815,0.0
2026-08-24 23:25:00,2026-08-24 20:25:00,2026-08-25 04:25:00,94.815,94.822,94.804,94.813,0.0
2026-08-24 23:30:00,2026-08-24 20:30:00,2026-08-25 04:30:00,94.814,94.824,94.805,94.806,0.0
2026-08-24 23:35:00,2026-08-24 20:35:00,2026-08-25 04:35:00,94.806,94.814,94.796,94.808,0.0
2026-08-24 23:40:00,2026-08-24 20:40:00,2026-08-25 04:40:00,94.808,94.82,94.794,94.796,0.0
2026-08-24 23:45:00,2026-08-24 20:45:00,2026-08-25 04:45:00,94.796,94.819,94.793,94.802,0.0
2026-08-24 23:50:00,2026-08-24 20:50:00,2026-08-25 04:50:00,94.801,94.806,94.783,94.796,0.0
2026-08-24 23:55:00,2026-08-24 20:55:00,2026-08-25 04:55:00,94.796,94.815,94.753,94.769,0.0
2026-08-25 00:00:00,2026-08-24 21:00:00,2026-08-25 05:00:00,94.754,94.815,94.629,94.668,0.0
2026-08-25 00:05:00,2026-08-24 21:05:00,2026-08-25 05:05:00,94.671,94.761,94.653,94.694,0.0
2026-08-25 00:10:00,2026-08-24 21:10:00,2026-08-25 05:10:00,94.654,94.762,94.644,94.694,0.0
2026-08-25 00:15:00,2026-08-24 21:15:00,2026-08-25 05:15:00,94.701,94.762,94.573,94.701,0.0
2026-08-25 00:20:00,2026-08-24 21:20:00,2026-08-25 05:20:00,94.735,94.763,94.574,94.706,0.0
2026-08-25 00:25:00,2026-08-24 21:25:00,2026-08-25 05:25:00,94.712,94.746,94.701,94.73,0.0
2026-08-25 00:30:00,2026-08-24 21:30:00,2026-08-25 05:30:00,94.714,94.752,94.581,94.73,0.0
2026-08-25 00:35:00,2026-08-24 21:35:00,2026-08-25 05:35:00,94.731,94.762,94.581,94.731,0.0
2026-08-25 00:40:00,2026-08-24 21:40:00,2026-08-25 05:40:00,94.726,94.792,94.579,94.746,0.0
2026-08-25 00:45:00,2026-08-24 21:45:00,2026-08-25 05:45:00,94.748,94.817,94.589,94.809,0.0
2026-08-25 00:50:00,2026-08-24 21:50:00,2026-08-25 05:50:00,94.805,94.847,94.626,94.777,0.0
2026-08-25 00:55:00,2026-08-24 21:55:00,2026-08-25 05:55:00,94.784,94.817,94.583,94.792,0.0
2026-08-25 01:00:00,2026-08-24 22:00:00,2026-08-25 06:00:00,94.793,94.803,94.732,94.77,0.0
2026-08-25 01:05:00,2026-08-24 22:05:00,2026-08-25 06:05:00,94.77,94.802,94.767,94.799,0.0
2026-08-25 01:10:00,2026-08-24 22:10:00,2026-08-25 06:10:00,94.802,94.809,94.794,94.806,0.0
2026-08-25 01:15:00,2026-08-24 22:15:00,2026-08-25 06:15:00,94.806,94.82,94.804,94.815,0.0
2026-08-25 01:20:00,2026-08-24 22:20:00,2026-08-25 06:20:00,94.82,94.825,94.812,94.82,0.0
2026-08-25 01:25:00,2026-08-24 22:25:00,2026-08-25 06:25:00,94.824,94.828,94.816,94.823,0.0
2026-08-25 01:30:00,2026-08-24 22:30:00,2026-08-25 06:30:00,94.827,94.831,94.813,94.825,0.0
2026-08-25 01:35:00,2026-08-24 22:35:00,2026-08-25 06:35:00,94.831,94.836,94.824,94.831,0.0
2026-08-25 01:40:00,2026-08-24 22:40:00,2026-08-25 06:40:00,94.831,94.839,94.827,94.827,0.0
2026-08-25 01:45:00,2026-08-24 22:45:00,2026-08-25 06:45:00,94.827,94.841,94.827,94.838,0.0
2026-08-25 01:50:00,2026-08-24 22:50:00,2026-08-25 06:50:00,94.834,94.84,94.826,94.828,0.0
2026-08-25 01:55:00,2026-08-24 22:55:00,2026-08-25 06:55:00,94.827,94.832,94.825,94.829,0.0
2026-08-25 02:00:00,2026-08-24 23:00:00,2026-08-25 07:00:00,94.831,94.84,94.825,94.826,0.0
2026-08-25 02:05:00,2026-08-24 23:05:00,2026-08-25 07:05:00,94.825,94.83,94.816,94.817,0.0
2026-08-25 02:10:00,2026-08-24 23:10:00,2026-08-25 07:10:00,94.817,94.827,94.816,94.823,0.0
2026-08-25 02:15:00,2026-08-24 23:15:00,2026-08-25 07:15:00,94.826,94.836,94.816,94.818,0.0
2026-08-25 02:20:00,2026-08-24 23:20:00,2026-08-25 07:20:00,94.816,94.835,94.816,94.832,0.0
2026-08-25 02:25:00,2026-08-24 23:25:00,2026-08-25 07:25:00,94.83,94.844,94.83,94.835,0.0
2026-08-25 02:30:00,2026-08-24 23:30:00,2026-08-25 07:30:00,94.833,94.85,94.832,94.847,0.0
2026-08-25 02:35:00,2026-08-24 23:35:00,2026-08-25 07:35:00,94.847,94.864,94.847,94.863,0.0
2026-08-25 02:40:00,2026-08-24 23:40:00,2026-08-25 07:40:00,94.862,94.887,94.862,94.885,0.0
2026-08-25 02:45:00,2026-08-24 23:45:00,2026-08-25 07:45:00,94.893,94.904,94.892,94.901,0.0
2026-08-25 02:50:00,2026-08-24 23:50:00,2026-08-25 07:50:00,94.902,94.941,94.894,94.92,0.0
2026-08-25 02:55:00,2026-08-24 23:55:00,2026-08-25 07:55:00,94.92,94.929,94.903,94.92,0.0
2026-08-25 03:00:00,2026-08-25 00:00:00,2026-08-25 08:00:00,94.92,94.952,94.905,94.907,0.0
2026-08-25 03:05:00,2026-08-25 00:05:00,2026-08-25 08:05:00,94.905,94.932,94.901,94.907,0.0
2026-08-25 03:10:00,2026-08-25 00:10:00,2026-08-25 08:10:00,94.905,94.937,94.905,94.923,0.0
2026-08-25 03:15:00,2026-08-25 00:15:00,2026-08-25 08:15:00,94.924,94.929,94.907,94.918,0.0
2026-08-25 03:20:00,2026-08-25 00:20:00,2026-08-25 08:20:00,94.918,94.925,94.909,94.915,0.0
2026-08-25 03:25:00,2026-08-25 00:25:00,2026-08-25 08:25:00,94.916,94.931,94.909,94.921,0.0
2026-08-25 03:30:00,2026-08-25 00:30:00,2026-08-25 08:30:00,94.921,94.928,94.91,94.926,0.0
2026-08-25 03:35:00,2026-08-25 00:35:00,2026-08-25 08:35:00,94.926,94.934,94.901,94.908,0.0
2026-08-25 03:40:00,2026-08-25 00:40:00,2026-08-25 08:40:00,94.908,94.922,94.891,94.915,0.0
2026-08-25 03:45:00,2026-08-25 00:45:00,2026-08-25 08:45:00,94.914,94.917,94.887,94.899,0.0
2026-08-25 03:50:00,2026-08-25 00:50:00,2026-08-25 08:50:00,94.899,94.93,94.887,94.918,0.0
2026-08-25 03:55:00,2026-08-25 00:55:00,2026-08-25 08:55:00,94.919,94.943,94.903,94.941,0.0
2026-08-25 04:00:00,2026-08-25 01:00:00,2026-08-25 09:00:00,94.94,94.942,94.886,94.889,0.0
2026-08-25 04:05:00,2026-08-25 01:05:00,2026-08-25 09:05:00,94.889,94.889,94.855,94.862,0.0
2026-08-25 04:10:00,2026-08-25 01:10:00,2026-08-25 09:10:00,94.863,94.884,94.85,94.876,0.0
2026-08-25 04:15:00,2026-08-25 01:15:00,2026-08-25 09:15:00,94.876,94.884,94.859,94.876,0.0
2026-08-25 04:20:00,2026-08-25 01:20:00,2026-08-25 09:20:00,94.876,94.888,94.845,94.848,0.0
2026-08-25 04:25:00,2026-08-25 01:25:00,2026-08-25 09:25:00,94.849,94.866,94.843,94.858,0.0
2026-08-25 04:30:00,2026-08-25 01:30:00,2026-08-25 09:30:00,94.858,94.886,94.851,94.855,0.0
2026-08-25 04:35:00,2026-08-25 01:35:00,2026-08-25 09:35:00,94.856,94.905,94.85,94.894,0.0
2026-08-25 04:40:00,2026-08-25 01:40:00,2026-08-25 09:40:00,94.895,94.903,94.873,94.876,0.0
2026-08-25 04:45:00,2026-08-25 01:45:00,2026-08-25 09:45:00,94.877,94.897,94.872,94.897,0.0
2026-08-25 04:50:00,2026-08-25 01:50:00,2026-08-25 09:50:00,94.897,94.903,94.88,94.902,0.0
2026-08-25 04:55:00,2026-08-25 01:55:00,2026-08-25 09:55:00,94.903,94.932,94.899,94.906,0.0
2026-08-25 05:00:00,2026-08-25 02:00:00,2026-08-25 10:00:00,94.907,94.919,94.901,94.906,0.0
2026-08-25 05:05:00,2026-08-25 02:05:00,2026-08-25 10:05:00,94.907,94.938,94.9,94.938,0.0
2026-08-25 05:10:00,2026-08-25 02:10:00,2026-08-25 10:10:00,94.937,94.949,94.911,94.915,0.0
2026-08-25 05:15:00,2026-08-25 02:15:00,2026-08-25 10:15:00,94.915,94.934,94.901,94.934,0.0
2026-08-25 05:20:00,2026-08-25 02:20:00,2026-08-25 10:20:00,94.931,94.955,94.922,94.953,0.0
2026-08-25 05:25:00,2026-08-25 02:25:00,2026-08-25 10:25:00,94.953,94.968,94.951,94.967,0.0
2026-08-25 05:30:00,2026-08-25 02:30:00,2026-08-25 10:30:00,94.967,94.975,94.948,94.96,0.0
2026-08-25 05:35:00,2026-08-25 02:35:00,2026-08-25 10:35:00,94.962,94.976,94.951,94.973,0.0
2026-08-25 05:40:00,2026-08-25 02:40:00,2026-08-25 10:40:00,94.976,94.998,94.968,94.97,0.0
2026-08-25 05:45:00,2026-08-25 02:45:00,2026-08-25 10:45:00,94.97,95.001,94.968,94.981,0.0
2026-08-25 05:50:00,2026-08-25 02:50:00,2026-08-25 10:50:00,94.981,95.011,94.972,95.008,0.0
2026-08-25 05:55:00,2026-08-25 02:55:00,2026-08-25 10:55:00,95.008,95.02,94.992,95.0,0.0
2026-08-25 06:00:00,2026-08-25 03:00:00,2026-08-25 11:00:00,95.004,95.013,94.962,94.969,0.0
2026-08-25 06:05:00,2026-08-25 03:05:00,2026-08-25 11:05:00,94.968,95.011,94.965,95.011,0.0
2026-08-25 06:10:00,2026-08-25 03:10:00,2026-08-25 11:10:00,95.009,95.018,94.997,95.013,0.0
2026-08-25 06:15:00,2026-08-25 03:15:00,2026-08-25 11:15:00,95.013,95.034,95.008,95.031,0.0
2026-08-25 06:20:00,2026-08-25 03:20:00,2026-08-25 11:20:00,95.03,95.032,95.019,95.025,0.0
2026-08-25 06:25:00,2026-08-25 03:25:00,2026-08-25 11:25:00,95.024,95.042,95.024,95.032,0.0
2026-08-25 06:30:00,2026-08-25 03:30:00,2026-08-25 11:30:00,95.032,95.045,95.017,95.044,0.0
2026-08-25 06:35:00,2026-08-25 03:35:00,2026-08-25 11:35:00,95.041,95.054,94.996,94.999,0.0
2026-08-25 06:40:00,2026-08-25 03:40:00,2026-08-25 11:40:00,94.999,95.032,94.999,95.004,0.0
2026-08-25 06:45:00,2026-08-25 03:45:00,2026-08-25 11:45:00,95.005,95.005,94.987,94.994,0.0
2026-08-25 06:50:00,2026-08-25 03:50:00,2026-08-25 11:50:00,94.995,94.995,94.955,94.963,0.0
2026-08-25 06:55:00,2026-08-25 03:55:00,2026-08-25 11:55:00,94.963,94.966,94.941,94.947,0.0
2026-08-25 07:00:00,2026-08-25 04:00:00,2026-08-25 12:00:00,94.947,94.961,94.935,94.957,0.0
2026-08-25 07:05:00,2026-08-25 04:05:00,2026-08-25 12:05:00,94.958,94.962,94.937,94.941,0.0
2026-08-25 07:10:00,2026-08-25 04:10:00,2026-08-25 12:10:00,94.941,94.978,94.933,94.971,0.0
2026-08-25 07:15:00,2026-08-25 04:15:00,2026-08-25 12:15:00,94.97,94.973,94.95,94.951,0.0
2026-08-25 07:20:00,2026-08-25 04:20:00,2026-08-25 12:20:00,94.953,94.955,94.932,94.938,0.0
2026-08-25 07:25:00,2026-08-25 04:25:00,2026-08-25 12:25:00,94.937,94.939,94.922,94.93,0.0
2026-08-25 07:30:00,2026-08-25 04:30:00,2026-08-25 12:30:00,94.928,94.928,94.883,94.903,0.0
2026-08-25 07:35:00,2026-08-25 04:35:00,2026-08-25 12:35:00,94.901,94.922,94.898,94.913,0.0
2026-08-25 07:40:00,2026-08-25 04:40:00,2026-08-25 12:40:00,94.911,94.913,94.882,94.884,0.0
2026-08-25 07:45:00,2026-08-25 04:45:00,2026-08-25 12:45:00,94.884,94.885,94.833,94.841,0.0
2026-08-25 07:50:00,2026-08-25 04:50:00,2026-08-25 12:50:00,94.841,94.874,94.834,94.87,0.0
2026-08-25 07:55:00,2026-08-25 04:55:00,2026-08-25 12:55:00,94.87,94.888,94.866,94.885,0.0
2026-08-25 08:00:00,2026-08-25 05:00:00,2026-08-25 13:00:00,94.885,94.898,94.876,94.887,0.0
2026-08-25 08:05:00,2026-08-25 05:05:00,2026-08-25 13:05:00,94.885,94.904,94.877,94.896,0.0
2026-08-25 08:10:00,2026-08-25 05:10:00,2026-08-25 13:10:00,94.896,94.919,94.896,94.908,0.0
2026-08-25 08:15:00,2026-08-25 05:15:00,2026-08-25 13:15:00,94.908,94.918,94.902,94.91,0.0
2026-08-25 08:20:00,2026-08-25 05:20:00,2026-08-25 13:20:00,94.911,94.917,94.892,94.895,0.0
2026-08-25 08:25:00,2026-08-25 05:25:00,2026-08-25 13:25:00,94.894,94.913,94.875,94.901,0.0
2026-08-25 08:30:00,2026-08-25 05:30:00,2026-08-25 13:30:00,94.901,94.909,94.887,94.894,0.0
2026-08-25 08:35:00,2026-08-25 05:35:00,2026-08-25 13:35:00,94.895,94.916,94.892,94.908,0.0
2026-08-25 08:40:00,2026-08-25 05:40:00,2026-08-25 13:40:00,94.908,94.908,94.861,94.866,0.0
2026-08-25 08:45:00,2026-08-25 05:45:00,2026-08-25 13:45:00,94.867,94.881,94.858,94.864,0.0
2026-08-25 08:50:00,2026-08-25 05:50:00,2026-08-25 13:50:00,94.864,94.873,94.849,94.871,0.0
2026-08-25 08:55:00,2026-08-25 05:55:00,2026-08-25 13:55:00,94.873,94.883,94.835,94.849,0.0
2026-08-25 09:00:00,2026-08-25 06:00:00,2026-08-25 14:00:00,94.849,94.871,94.839,94.858,0.0
2026-08-25 09:05:00,2026-08-25 06:05:00,2026-08-25 14:05:00,94.858,94.864,94.835,94.838,0.0
2026-08-25 09:10:00,2026-08-25 06:10:00,2026-08-25 14:10:00,94.836,94.871,94.826,94.867,0.0
2026-08-25 09:15:00,2026-08-25 06:15:00,2026-08-25 14:15:00,94.866,94.89,94.861,94.888,0.0
2026-08-25 09:20:00,2026-08-25 06:20:00,2026-08-25 14:20:00,94.888,94.915,94.873,94.913,0.0
2026-08-25 09:25:00,2026-08-25 06:25:00,2026-08-25 14:25:00,94.913,94.92,94.905,94.912,0.0
2026-08-25 09:30:00,2026-08-25 06:30:00,2026-08-25 14:30:00,94.911,94.917,94.881,94.882,0.0
2026-08-25 09:35:00,2026-08-25 06:35:00,2026-08-25 14:35:00,94.882,94.889,94.869,94.874,0.0
2026-08-25 09:40:00,2026-08-25 06:40:00,2026-08-25 14:40:00,94.874,94.891,94.855,94.883,0.0
2026-08-25 09:45:00,2026-08-25 06:45:00,2026-08-25 14:45:00,94.884,94.893,94.872,94.881,0.0
2026-08-25 09:50:00,2026-08-25 06:50:00,2026-08-25 14:50:00,94.884,94.885,94.841,94.845,0.0
2026-08-25 09:55:00,2026-08-25 06:55:00,2026-08-25 14:55:00,94.845,94.889,94.843,94.886,0.0
2026-08-25 10:00:00,2026-08-25 07:00:00,2026-08-25 15:00:00,94.889,94.902,94.875,94.888,0.0
2026-08-25 10:05:00,2026-08-25 07:05:00,2026-08-25 15:05:00,94.888,94.896,94.857,94.878,0.0
2026-08-25 10:10:00,2026-08-25 07:10:00,2026-08-25 15:10:00,94.877,94.888,94.86,94.873,0.0
2026-08-25 10:15:00,2026-08-25 07:15:00,2026-08-25 15:15:00,94.872,94.899,94.872,94.885,0.0
2026-08-25 10:20:00,2026-08-25 07:20:00,2026-08-25 15:20:00,94.885,94.895,94.873,94.876,0.0
2026-08-25 10:25:00,2026-08-25 07:25:00,2026-08-25 15:25:00,94.876,94.898,94.855,94.882,0.0
2026-08-25 10:30:00,2026-08-25 07:30:00,2026-08-25 15:30:00,94.88,94.889,94.861,94.863,0.0
2026-08-25 10:35:00,2026-08-25 07:35:00,2026-08-25 15:35:00,94.863,94.871,94.837,94.853,0.0
2026-08-25 10:40:00,2026-08-25 07:40:00,2026-08-25 15:40:00,94.855,94.866,94.834,94.858,0.0
2026-08-25 10:45:00,2026-08-25 07:45:00,2026-08-25 15:45:00,94.858,94.878,94.85,94.873,0.0
2026-08-25 10:50:00,2026-08-25 07:50:00,2026-08-25 15:50:00,94.872,94.885,94.865,94.875,0.0
2026-08-25 10:55:00,2026-08-25 07:55:00,2026-08-25 15:55:00,94.875,94.88,94.863,94.876,0.0
2026-08-25 11:00:00,2026-08-25 08:00:00,2026-08-25 16:00:00,94.876,94.892,94.861,94.862,0.0
2026-08-25 11:05:00,2026-08-25 08:05:00,2026-08-25 16:05:00,94.862,94.871,94.846,94.849,0.0
2026-08-25 11:10:00,2026-08-25 08:10:00,2026-08-25 16:10:00,94.847,94.859,94.829,94.852,0.0
2026-08-25 11:15:00,2026-08-25 08:15:00,2026-08-25 16:15:00,94.853,94.916,94.851,94.913,0.0
2026-08-25 11:20:00,2026-08-25 08:20:00,2026-08-25 16:20:00,94.914,94.963,94.9,94.954,0.0
2026-08-25 11:25:00,2026-08-25 08:25:00,2026-08-25 16:25:00,94.954,94.961,94.899,94.913,0.0
2026-08-25 11:30:00,2026-08-25 08:30:00,2026-08-25 16:30:00,94.914,94.919,94.875,94.892,0.0
2026-08-25 11:35:00,2026-08-25 08:35:00,2026-08-25 16:35:00,94.891,94.897,94.867,94.879,0.0
2026-08-25 11:40:00,2026-08-25 08:40:00,2026-08-25 16:40:00,94.878,94.886,94.867,94.872,0.0
2026-08-25 11:45:00,2026-08-25 08:45:00,2026-08-25 16:45:00,94.869,94.876,94.856,94.865,0.0
2026-08-25 11:50:00,2026-08-25 08:50:00,2026-08-25 16:50:00,94.864,94.884,94.863,94.87,0.0
2026-08-25 11:55:00,2026-08-25 08:55:00,2026-08-25 16:55:00,94.869,94.892,94.867,94.877,0.0
2026-08-25 12:00:00,2026-08-25 09:00:00,2026-08-25 17:00:00,94.878,94.89,94.865,94.873,0.0
2026-08-25 12:05:00,2026-08-25 09:05:00,2026-08-25 17:05:00,94.872,94.913,94.869,94.91,0.0
2026-08-25 12:10:00,2026-08-25 09:10:00,2026-08-25 17:10:00,94.91,94.924,94.892,94.901,0.0
2026-08-25 12:15:00,2026-08-25 09:15:00,2026-08-25 17:15:00,94.903,94.914,94.878,94.905,0.0
2026-08-25 12:20:00,2026-08-25 09:20:00,2026-08-25 17:20:00,94.905,94.934,94.901,94.918,0.0
2026-08-25 12:25:00,2026-08-25 09:25:00,2026-08-25 17:25:00,94.919,94.929,94.882,94.887,0.0
2026-08-25 12:30:00,2026-08-25 09:30:00,2026-08-25 17:30:00,94.885,94.955,94.881,94.948,0.0
2026-08-25 12:35:00,2026-08-25 09:35:00,2026-08-25 17:35:00,94.948,94.954,94.907,94.911,0.0
2026-08-25 12:40:00,2026-08-25 09:40:00,2026-08-25 17:40:00,94.911,94.939,94.905,94.927,0.0
2026-08-25 12:45:00,2026-08-25 09:45:00,2026-08-25 17:45:00,94.927,94.971,94.919,94.967,0.0
2026-08-25 12:50:00,2026-08-25 09:50:00,2026-08-25 17:50:00,94.966,94.981,94.958,94.965,0.0
2026-08-25 12:55:00,2026-08-25 09:55:00,2026-08-25 17:55:00,94.967,94.974,94.948,94.948,0.0
2026-08-25 13:00:00,2026-08-25 10:00:00,2026-08-25 18:00:00,94.95,94.952,94.928,94.933,0.0
2026-08-25 13:05:00,2026-08-25 10:05:00,2026-08-25 18:05:00,94.933,94.953,94.926,94.935,0.0
2026-08-25 13:10:00,2026-08-25 10:10:00,2026-08-25 18:10:00,94.935,94.947,94.902,94.92,0.0
2026-08-25 13:15:00,2026-08-25 10:15:00,2026-08-25 18:15:00,94.919,94.934,94.91,94.916,0.0
2026-08-25 13:20:00,2026-08-25 10:20:00,2026-08-25 18:20:00,94.917,94.925,94.896,94.898,0.0
2026-08-25 13:25:00,2026-08-25 10:25:00,2026-08-25 18:25:00,94.9,94.919,94.899,94.903,0.0
2026-08-25 13:30:00,2026-08-25 10:30:00,2026-08-25 18:30:00,94.904,94.919,94.895,94.904,0.0
2026-08-25 13:35:00,2026-08-25 10:35:00,2026-08-25 18:35:00,94.902,94.929,94.897,94.929,0.0
2026-08-25 13:40:00,2026-08-25 10:40:00,2026-08-25 18:40:00,94.927,94.953,94.924,94.947,0.0
2026-08-25 13:45:00,2026-08-25 10:45:00,2026-08-25 18:45:00,94.947,94.953,94.934,94.952,0.0
2026-08-25 13:50:00,2026-08-25 10:50:00,2026-08-25 18:50:00,94.952,94.963,94.945,94.949,0.0
2026-08-25 13:55:00,2026-08-25 10:55:00,2026-08-25 18:55:00,94.951,94.976,94.945,94.968,0.0
2026-08-25 14:00:00,2026-08-25 11:00:00,2026-08-25 19:00:00,94.969,94.982,94.952,94.979,0.0
2026-08-25 14:05:00,2026-08-25 11:05:00,2026-08-25 19:05:00,94.979,94.995,94.965,94.975,0.0
2026-08-25 14:10:00,2026-08-25 11:10:00,2026-08-25 19:10:00,94.975,95.007,94.969,94.995,0.0
2026-08-25 14:15:00,2026-08-25 11:15:00,2026-08-25 19:15:00,94.995,95.002,94.987,94.996,0.0
2026-08-25 14:20:00,2026-08-25 11:20:00,2026-08-25 19:20:00,94.996,95.025,94.991,95.016,0.0
2026-08-25 14:25:00,2026-08-25 11:25:00,2026-08-25 19:25:00,95.017,95.025,95.011,95.018,0.0
2026-08-25 14:30:00,2026-08-25 11:30:00,2026-08-25 19:30:00,95.017,95.022,95.0,95.015,0.0
2026-08-25 14:35:00,2026-08-25 11:35:00,2026-08-25 19:35:00,95.015,95.032,95.003,95.026,0.0
2026-08-25 14:40:00,2026-08-25 11:40:00,2026-08-25 19:40:00,95.027,95.037,95.018,95.032,0.0
2026-08-25 14:45:00,2026-08-25 11:45:00,2026-08-25 19:45:00,95.033,95.047,95.026,95.04,0.0
2026-08-25 14:50:00,2026-08-25 11:50:00,2026-08-25 19:50:00,95.04,95.063,95.016,95.018,0.0
2026-08-25 14:55:00,2026-08-25 11:55:00,2026-08-25 19:55:00,95.018,95.02,94.983,94.992,0.0
2026-08-25 15:00:00,2026-08-25 12:00:00,2026-08-25 20:00:00,94.995,95.0,94.954,94.979,0.0
2026-08-25 15:05:00,2026-08-25 12:05:00,2026-08-25 20:05:00,94.98,95.002,94.974,94.994,0.0
2026-08-25 15:10:00,2026-08-25 12:10:00,2026-08-25 20:10:00,94.994,95.021,94.99,95.008,0.0
2026-08-25 15:15:00,2026-08-25 12:15:00,2026-08-25 20:15:00,95.01,95.014,94.977,94.984,0.0
2026-08-25 15:20:00,2026-08-25 12:20:00,2026-08-25 20:20:00,94.984,94.987,94.958,94.972,0.0
2026-08-25 15:25:00,2026-08-25 12:25:00,2026-08-25 20:25:00,94.972,94.986,94.965,94.98,0.0
2026-08-25 15:30:00,2026-08-25 12:30:00,2026-08-25 20:30:00,94.98,94.984,94.948,94.952,0.0
2026-08-25 15:35:00,2026-08-25 12:35:00,2026-08-25 20:35:00,94.952,94.962,94.93,94.934,0.0
2026-08-25 15:40:00,2026-08-25 12:40:00,2026-08-25 20:40:00,94.935,94.978,94.928,94.961,0.0
2026-08-25 15:45:00,2026-08-25 12:45:00,2026-08-25 20:45:00,94.962,94.967,94.943,94.952,0.0
2026-08-25 15:50:00,2026-08-25 12:50:00,2026-08-25 20:50:00,94.953,94.984,94.949,94.978,0.0
2026-08-25 15:55:00,2026-08-25 12:55:00,2026-08-25 20:55:00,94.978,95.024,94.975,95.018,0.0
2026-08-25 16:00:00,2026-08-25 13:00:00,2026-08-25 21:00:00,95.016,95.017,94.966,94.987,0.0
2026-08-25 16:05:00,2026-08-25 13:05:00,2026-08-25 21:05:00,94.991,95.0,94.977,94.994,0.0
2026-08-25 16:10:00,2026-08-25 13:10:00,2026-08-25 21:10:00,94.99,95.012,94.975,94.983,0.0
2026-08-25 16:15:00,2026-08-25 13:15:00,2026-08-25 21:15:00,94.983,95.006,94.975,94.997,0.0
2026-08-25 16:20:00,2026-08-25 13:20:00,2026-08-25 21:20:00,94.997,94.998,94.974,94.978,0.0
2026-08-25 16:25:00,2026-08-25 13:25:00,2026-08-25 21:25:00,94.978,94.982,94.961,94.968,0.0
2026-08-25 16:30:00,2026-08-25 13:30:00,2026-08-25 21:30:00,94.968,95.028,94.954,95.02,0.0
2026-08-25 16:35:00,2026-08-25 13:35:00,2026-08-25 21:35:00,95.022,95.024,94.973,94.981,0.0
2026-08-25 16:40:00,2026-08-25 13:40:00,2026-08-25 21:40:00,94.981,94.998,94.972,94.993,0.0
2026-08-25 16:45:00,2026-08-25 13:45:00,2026-08-25 21:45:00,94.992,95.001,94.975,94.985,0.0
2026-08-25 16:50:00,2026-08-25 13:50:00,2026-08-25 21:50:00,94.985,94.992,94.973,94.979,0.0
2026-08-25 16:55:00,2026-08-25 13:55:00,2026-08-25 21:55:00,94.979,95.008,94.961,94.996,0.0
2026-08-25 17:00:00,2026-08-25 14:00:00,2026-08-25 22:00:00,94.996,95.013,94.991,94.998,0.0
2026-08-25 17:05:00,2026-08-25 14:05:00,2026-08-25 22:05:00,94.998,95.012,94.989,95.002,0.0
2026-08-25 17:10:00,2026-08-25 14:10:00,2026-08-25 22:10:00,95.002,95.038,94.995,95.034,0.0
2026-08-25 17:15:00,2026-08-25 14:15:00,2026-08-25 22:15:00,95.034,95.056,95.026,95.037,0.0
2026-08-25 17:20:00,2026-08-25 14:20:00,2026-08-25 22:20:00,95.04,95.065,95.034,95.049,0.0
2026-08-25 17:25:00,2026-08-25 14:25:00,2026-08-25 22:25:00,95.049,95.062,95.03,95.055,0.0
2026-08-25 17:30:00,2026-08-25 14:30:00,2026-08-25 22:30:00,95.055,95.061,95.011,95.037,0.0
2026-08-25 17:35:00,2026-08-25 14:35:00,2026-08-25 22:35:00,95.04,95.075,95.036,95.064,0.0
2026-08-25 17:40:00,2026-08-25 14:40:00,2026-08-25 22:40:00,95.063,95.069,95.037,95.068,0.0
2026-08-25 17:45:00,2026-08-25 14:45:00,2026-08-25 22:45:00,95.068,95.086,95.059,95.075,0.0
2026-08-25 17:50:00,2026-08-25 14:50:00,2026-08-25 22:50:00,95.075,95.078,95.041,95.049,0.0
2026-08-25 17:55:00,2026-08-25 14:55:00,2026-08-25 22:55:00,95.046,95.069,95.039,95.051,0.0
2026-08-25 18:00:00,2026-08-25 15:00:00,2026-08-25 23:00:00,95.051,95.058,95.029,95.042,0.0
2026-08-25 18:05:00,2026-08-25 15:05:00,2026-08-25 23:05:00,95.04,95.067,95.023,95.062,0.0
2026-08-25 18:10:00,2026-08-25 15:10:00,2026-08-25 23:10:00,95.062,95.069,95.035,95.04,0.0
2026-08-25 18:15:00,2026-08-25 15:15:00,2026-08-25 23:15:00,95.04,95.055,95.028,95.055,0.0
2026-08-25 18:20:00,2026-08-25 15:20:00,2026-08-25 23:20:00,95.055,95.066,95.038,95.041,0.0
2026-08-25 18:25:00,2026-08-25 15:25:00,2026-08-25 23:25:00,95.041,95.056,95.03,95.05,0.0
2026-08-25 18:30:00,2026-08-25 15:30:00,2026-08-25 23:30:00,95.051,95.099,95.046,95.094,0.0
2026-08-25 18:35:00,2026-08-25 15:35:00,2026-08-25 23:35:00,95.094,95.11,95.082,95.088,0.0
2026-08-25 18:40:00,2026-08-25 15:40:00,2026-08-25 23:40:00,95.087,95.09,95.06,95.071,0.0
2026-08-25 18:45:00,2026-08-25 15:45:00,2026-08-25 23:45:00,95.07,95.074,95.046,95.055,0.0
2026-08-25 18:50:00,2026-08-25 15:50:00,2026-08-25 23:50:00,95.055,95.067,95.045,95.05,0.0
2026-08-25 18:55:00,2026-08-25 15:55:00,2026-08-25 23:55:00,95.05,95.063,95.045,95.06,0.0
2026-08-25 19:00:00,2026-08-25 16:00:00,2026-08-26 00:00:00,95.061,95.067,95.041,95.043,0.0
2026-08-25 19:05:00,2026-08-25 16:05:00,2026-08-26 00:05:00,95.042,95.057,95.029,95.029,0.0
2026-08-25 19:10:00,2026-08-25 16:10:00,2026-08-26 00:10:00,95.03,95.047,95.023,95.046,0.0
2026-08-25 19:15:00,2026-08-25 16:15:00,2026-08-26 00:15:00,95.046,95.065,95.038,95.063,0.0
2026-08-25 19:20:00,2026-08-25 16:20:00,2026-08-26 00:20:00,95.06,95.06,95.045,95.059,0.0
2026-08-25 19:25:00,2026-08-25 16:25:00,2026-08-26 00:25:00,95.059,95.065,95.052,95.057,0.0
2026-08-25 19:30:00,2026-08-25 16:30:00,2026-08-26 00:30:00,95.058,95.067,95.052,95.057,0.0
2026-08-25 19:35:00,2026-08-25 16:35:00,2026-08-26 00:35:00,95.057,95.065,95.048,95.057,0.0
2026-08-25 19:40:00,2026-08-25 16:40:00,2026-08-26 00:40:00,95.056,95.066,95.051,95.057,0.0
2026-08-25 19:45:00,2026-08-25 16:45:00,2026-08-26 00:45:00,95.058,95.068,95.056,95.065,0.0
2026-08-25 19:50:00,2026-08-25 16:50:00,2026-08-26 00:50:00,95.064,95.065,95.055,95.059,0.0
2026-08-25 19:55:00,2026-08-25 16:55:00,2026-08-26 00:55:00,95.059,95.072,95.058,95.07,0.0
2026-08-25 20:00:00,2026-08-25 17:00:00,2026-08-26 01:00:00,95.07,95.08,95.063,95.067,0.0
2026-08-25 20:05:00,2026-08-25 17:05:00,2026-08-26 01:05:00,95.068,95.07,95.044,95.048,0.0
2026-08-25 20:10:00,2026-08-25 17:10:00,2026-08-26 01:10:00,95.047,95.068,95.046,95.06,0.0
2026-08-25 20:15:00,2026-08-25 17:15:00,2026-08-26 01:15:00,95.058,95.093,95.058,95.086,0.0
2026-08-25 20:20:00,2026-08-25 17:20:00,2026-08-26 01:20:00,95.086,95.095,95.075,95.08,0.0
2026-08-25 20:25:00,2026-08-25 17:25:00,2026-08-26 01:25:00,95.077,95.086,95.073,95.08,0.0
2026-08-25 20:30:00,2026-08-25 17:30:00,2026-08-26 01:30:00,95.082,95.084,95.071,95.077,0.0
2026-08-25 20:35:00,2026-08-25 17:35:00,2026-08-26 01:35:00,95.077,95.092,95.077,95.085,0.0
2026-08-25 20:40:00,2026-08-25 17:40:00,2026-08-26 01:40:00,95.086,95.091,95.075,95.084,0.0
2026-08-25 20:45:00,2026-08-25 17:45:00,2026-08-26 01:45:00,95.085,95.102,95.082,95.095,0.0
2026-08-25 20:50:00,2026-08-25 17:50:00,2026-08-26 01:50:00,95.094,95.098,95.079,95.09,0.0
2026-08-25 20:55:00,2026-08-25 17:55:00,2026-08-26 01:55:00,95.088,95.1,95.087,95.094,0.0
2026-08-25 21:00:00,2026-08-25 18:00:00,2026-08-26 02:00:00,95.094,95.097,95.081,95.089,0.0
2026-08-25 21:05:00,2026-08-25 18:05:00,2026-08-26 02:05:00,95.09,95.106,95.087,95.095,0.0
2026-08-25 21:10:00,2026-08-25 18:10:00,2026-08-26 02:10:00,95.094,95.11,95.085,95.086,0.0
2026-08-25 21:15:00,2026-08-25 18:15:00,2026-08-26 02:15:00,95.087,95.092,95.076,95.086,0.0
2026-08-25 21:20:00,2026-08-25 18:20:00,2026-08-26 02:20:00,95.086,95.086,95.071,95.083,0.0
2026-08-25 21:25:00,2026-08-25 18:25:00,2026-08-26 02:25:00,95.084,95.1,95.083,95.099,0.0
2026-08-25 21:30:00,2026-08-25 18:30:00,2026-08-26 02:30:00,95.099,95.102,95.091,95.094,0.0
2026-08-25 21:35:00,2026-08-25 18:35:00,2026-08-26 02:35:00,95.093,95.099,95.087,95.093,0.0
2026-08-25 21:40:00,2026-08-25 18:40:00,2026-08-26 02:40:00,95.092,95.106,95.092,95.106,0.0
2026-08-25 21:45:00,2026-08-25 18:45:00,2026-08-26 02:45:00,95.106,95.112,95.098,95.107,0.0
2026-08-25 21:50:00,2026-08-25 18:50:00,2026-08-26 02:50:00,95.108,95.112,95.095,95.107,0.0
2026-08-25 21:55:00,2026-08-25 18:55:00,2026-08-26 02:55:00,95.107,95.109,95.091,95.1,0.0
2026-08-25 22:00:00,2026-08-25 19:00:00,2026-08-26 03:00:00,95.098,95.106,95.063,95.104,0.0
2026-08-25 22:05:00,2026-08-25 19:05:00,2026-08-26 03:05:00,95.104,95.121,95.102,95.121,0.0
2026-08-25 22:10:00,2026-08-25 19:10:00,2026-08-26 03:10:00,95.121,95.132,95.112,95.117,0.0
2026-08-25 22:15:00,2026-08-25 19:15:00,2026-08-26 03:15:00,95.117,95.128,95.11,95.117,0.0
2026-08-25 22:20:00,2026-08-25 19:20:00,2026-08-26 03:20:00,95.118,95.13,95.101,95.107,0.0
2026-08-25 22:25:00,2026-08-25 19:25:00,2026-08-26 03:25:00,95.107,95.118,95.104,95.108,0.0
2026-08-25 22:30:00,2026-08-25 19:30:00,2026-08-26 03:30:00,95.108,95.126,95.103,95.111,0.0
2026-08-25 22:35:00,2026-08-25 19:35:00,2026-08-26 03:35:00,95.111,95.132,95.11,95.125,0.0
2026-08-25 22:40:00,2026-08-25 19:40:00,2026-08-26 03:40:00,95.125,95.133,95.117,95.118,0.0
2026-08-25 22:45:00,2026-08-25 19:45:00,2026-08-26 03:45:00,95.118,95.123,95.105,95.106,0.0
2026-08-25 22:50:00,2026-08-25 19:50:00,2026-08-26 03:50:00,95.106,95.134,95.103,95.117,0.0
2026-08-25 22:55:00,2026-08-25 19:55:00,2026-08-26 03:55:00,95.117,95.155,95.108,95.154,0.0
2026-08-25 23:00:00,2026-08-25 20:00:00,2026-08-26 04:00:00,95.151,95.167,95.131,95.158,0.0
2026-08-25 23:05:00,2026-08-25 20:05:00,2026-08-26 04:05:00,95.158,95.189,95.156,95.187,0.0
2026-08-25 23:10:00,2026-08-25 20:10:00,2026-08-26 04:10:00,95.189,95.195,95.16,95.166,0.0
2026-08-25 23:15:00,2026-08-25 20:15:00,2026-08-26 04:15:00,95.166,95.176,95.151,95.164,0.0
2026-08-25 23:20:00,2026-08-25 20:20:00,2026-08-26 04:20:00,95.162,95.172,95.147,95.16,0.0
2026-08-25 23:25:00,2026-08-25 20:25:00,2026-08-26 04:25:00,95.161,95.178,95.159,95.168,0.0
2026-08-25 23:30:00,2026-08-25 20:30:00,2026-08-26 04:30:00,95.169,95.194,95.165,95.174,0.0
2026-08-25 23:35:00,2026-08-25 20:35:00,2026-08-26 04:35:00,95.174,95.175,95.145,95.147,0.0
2026-08-25 23:40:00,2026-08-25 20:40:00,2026-08-26 04:40:00,95.147,95.164,95.141,95.141,0.0
2026-08-25 23:45:00,2026-08-25 20:45:00,2026-08-26 04:45:00,95.138,95.146,95.12,95.137,0.0
2026-08-25 23:50:00,2026-08-25 20:50:00,2026-08-26 04:50:00,95.137,95.174,95.135,95.165,0.0
2026-08-25 23:55:00,2026-08-25 20:55:00,2026-08-26 04:55:00,95.161,95.168,95.026,95.055,0.0
2026-08-26 00:00:00,2026-08-25 21:00:00,2026-08-26 05:00:00,95.02,95.164,94.612,94.734,0.0
2026-08-26 00:05:00,2026-08-25 21:05:00,2026-08-26 05:05:00,94.746,95.064,94.733,95.003,0.0
2026-08-26 00:10:00,2026-08-25 21:10:00,2026-08-26 05:10:00,95.047,95.066,94.716,95.009,0.0
2026-08-26 00:15:00,2026-08-25 21:15:00,2026-08-26 05:15:00,94.989,95.17,94.711,94.959,0.0
2026-08-26 00:20:00,2026-08-25 21:20:00,2026-08-26 05:20:00,95.116,95.181,94.745,95.115,0.0
2026-08-26 00:25:00,2026-08-25 21:25:00,2026-08-26 05:25:00,94.958,95.149,94.95,94.96,0.0
2026-08-26 00:30:00,2026-08-25 21:30:00,2026-08-26 05:30:00,95.045,95.18,94.971,95.09,0.0
2026-08-26 00:35:00,2026-08-25 21:35:00,2026-08-26 05:35:00,95.091,95.181,94.979,95.103,0.0
2026-08-26 00:40:00,2026-08-25 21:40:00,2026-08-26 05:40:00,95.104,95.18,94.991,95.055,0.0
2026-08-26 00:45:00,2026-08-25 21:45:00,2026-08-26 05:45:00,95.053,95.127,94.928,95.099,0.0
2026-08-26 00:50:00,2026-08-25 21:50:00,2026-08-26 05:50:00,95.099,95.126,94.927,95.124,0.0
2026-08-26 00:55:00,2026-08-25 21:55:00,2026-08-26 05:55:00,95.126,95.153,94.972,95.093,0.0
2026-08-26 01:00:00,2026-08-25 22:00:00,2026-08-26 06:00:00,95.098,95.157,95.065,95.138,0.0
2026-08-26 01:05:00,2026-08-25 22:05:00,2026-08-26 06:05:00,95.137,95.148,95.117,95.129,0.0
2026-08-26 01:10:00,2026-08-25 22:10:00,2026-08-26 06:10:00,95.13,95.145,95.126,95.127,0.0
2026-08-26 01:15:00,2026-08-25 22:15:00,2026-08-26 06:15:00,95.128,95.142,95.124,95.141,0.0
2026-08-26 01:20:00,2026-08-25 22:20:00,2026-08-26 06:20:00,95.144,95.145,95.122,95.127,0.0
2026-08-26 01:25:00,2026-08-25 22:25:00,2026-08-26 06:25:00,95.127,95.135,95.109,95.13,0.0
2026-08-26 01:30:00,2026-08-25 22:30:00,2026-08-26 06:30:00,95.13,95.146,95.129,95.146,0.0
2026-08-26 01:35:00,2026-08-25 22:35:00,2026-08-26 06:35:00,95.146,95.151,95.14,95.151,0.0
2026-08-26 01:40:00,2026-08-25 22:40:00,2026-08-26 06:40:00,95.149,95.156,95.144,95.15,0.0
2026-08-26 01:45:00,2026-08-25 22:45:00,2026-08-26 06:45:00,95.152,95.163,95.15,95.162,0.0
2026-08-26 01:50:00,2026-08-25 22:50:00,2026-08-26 06:50:00,95.16,95.167,95.158,95.161,0.0
2026-08-26 01:55:00,2026-08-25 22:55:00,2026-08-26 06:55:00,95.161,95.172,95.16,95.164,0.0
2026-08-26 02:00:00,2026-08-25 23:00:00,2026-08-26 07:00:00,95.166,95.171,95.161,95.164,0.0
2026-08-26 02:05:00,2026-08-25 23:05:00,2026-08-26 07:05:00,95.164,95.176,95.16,95.171,0.0
2026-08-26 02:10:00,2026-08-25 23:10:00,2026-08-26 07:10:00,95.171,95.176,95.163,95.168,0.0
2026-08-26 02:15:00,2026-08-25 23:15:00,2026-08-26 07:15:00,95.167,95.173,95.162,95.168,0.0
2026-08-26 02:20:00,2026-08-25 23:20:00,2026-08-26 07:20:00,95.168,95.178,95.167,95.177,0.0
2026-08-26 02:25:00,2026-08-25 23:25:00,2026-08-26 07:25:00,95.177,95.181,95.16,95.167,0.0
2026-08-26 02:30:00,2026-08-25 23:30:00,2026-08-26 07:30:00,95.167,95.172,95.162,95.168,0.0
2026-08-26 02:35:00,2026-08-25 23:35:00,2026-08-26 07:35:00,95.168,95.172,95.154,95.157,0.0
2026-08-26 02:40:00,2026-08-25 23:40:00,2026-08-26 07:40:00,95.157,95.159,95.135,95.152,0.0
2026-08-26 02:45:00,2026-08-25 23:45:00,2026-08-26 07:45:00,95.152,95.158,95.143,95.153,0.0
2026-08-26 02:50:00,2026-08-25 23:50:00,2026-08-26 07:50:00,95.154,95.17,95.143,95.15,0.0
2026-08-26 02:55:00,2026-08-25 23:55:00,2026-08-26 07:55:00,95.15,95.152,95.121,95.122,0.0
2026-08-26 03:00:00,2026-08-26 00:00:00,2026-08-26 08:00:00,95.122,95.143,95.122,95.14,0.0
2026-08-26 03:05:00,2026-08-26 00:05:00,2026-08-26 08:05:00,95.14,95.141,95.112,95.133,0.0
2026-08-26 03:10:00,2026-08-26 00:10:00,2026-08-26 08:10:00,95.132,95.169,95.129,95.164,0.0
2026-08-26 03:15:00,2026-08-26 00:15:00,2026-08-26 08:15:00,95.166,95.181,95.158,95.164,0.0
2026-08-26 03:20:00,2026-08-26 00:20:00,2026-08-26 08:20:00,95.163,95.165,95.141,95.155,0.0
2026-08-26 03:25:00,2026-08-26 00:25:00,2026-08-26 08:25:00,95.155,95.165,95.136,95.14,0.0
2026-08-26 03:30:00,2026-08-26 00:30:00,2026-08-26 08:30:00,95.142,95.153,95.131,95.133,0.0
2026-08-26 03:35:00,2026-08-26 00:35:00,2026-08-26 08:35:00,95.135,95.136,95.101,95.105,0.0
2026-08-26 03:40:00,2026-08-26 00:40:00,2026-08-26 08:40:00,95.105,95.131,95.094,95.124,0.0
2026-08-26 03:45:00,2026-08-26 00:45:00,2026-08-26 08:45:00,95.123,95.136,95.078,95.085,0.0
2026-08-26 03:50:00,2026-08-26 00:50:00,2026-08-26 08:50:00,95.083,95.093,95.062,95.065,0.0
2026-08-26 03:55:00,2026-08-26 00:55:00,2026-08-26 08:55:00,95.065,95.105,95.064,95.098,0.0
2026-08-26 04:00:00,2026-08-26 01:00:00,2026-08-26 09:00:00,95.098,95.115,95.092,95.097,0.0
2026-08-26 04:05:00,2026-08-26 01:05:00,2026-08-26 09:05:00,95.097,95.101,95.077,95.092,0.0
2026-08-26 04:10:00,2026-08-26 01:10:00,2026-08-26 09:10:00,95.093,95.093,95.063,95.068,0.0
2026-08-26 04:15:00,2026-08-26 01:15:00,2026-08-26 09:15:00,95.068,95.085,95.052,95.052,0.0
2026-08-26 04:20:00,2026-08-26 01:20:00,2026-08-26 09:20:00,95.053,95.086,95.052,95.082,0.0
2026-08-26 04:25:00,2026-08-26 01:25:00,2026-08-26 09:25:00,95.08,95.088,95.051,95.056,0.0
2026-08-26 04:30:00,2026-08-26 01:30:00,2026-08-26 09:30:00,95.06,95.095,94.878,94.956,0.0
2026-08-26 04:35:00,2026-08-26 01:35:00,2026-08-26 09:35:00,94.956,94.982,94.935,94.958,0.0
2026-08-26 04:40:00,2026-08-26 01:40:00,2026-08-26 09:40:00,94.958,94.968,94.868,94.896,0.0
2026-08-26 04:45:00,2026-08-26 01:45:00,2026-08-26 09:45:00,94.898,94.901,94.786,94.799,0.0
2026-08-26 04:50:00,2026-08-26 01:50:00,2026-08-26 09:50:00,94.8,94.853,94.735,94.853,0.0
2026-08-26 04:55:00,2026-08-26 01:55:00,2026-08-26 09:55:00,94.853,94.864,94.81,94.839,0.0
2026-08-26 05:00:00,2026-08-26 02:00:00,2026-08-26 10:00:00,94.84,94.849,94.741,94.745,0.0
2026-08-26 05:05:00,2026-08-26 02:05:00,2026-08-26 10:05:00,94.745,94.769,94.73,94.764,0.0
2026-08-26 05:10:00,2026-08-26 02:10:00,2026-08-26 10:10:00,94.764,94.809,94.749,94.808,0.0
2026-08-26 05:15:00,2026-08-26 02:15:00,2026-08-26 10:15:00,94.808,94.821,94.755,94.769,0.0
2026-08-26 05:20:00,2026-08-26 02:20:00,2026-08-26 10:20:00,94.769,94.791,94.748,94.752,0.0
2026-08-26 05:25:00,2026-08-26 02:25:00,2026-08-26 10:25:00,94.75,94.822,94.74,94.82,0.0
2026-08-26 05:30:00,2026-08-26 02:30:00,2026-08-26 10:30:00,94.819,94.853,94.776,94.801,0.0
2026-08-26 05:35:00,2026-08-26 02:35:00,2026-08-26 10:35:00,94.801,94.854,94.8,94.85,0.0
2026-08-26 05:40:00,2026-08-26 02:40:00,2026-08-26 10:40:00,94.851,94.853,94.828,94.844,0.0
2026-08-26 05:45:00,2026-08-26 02:45:00,2026-08-26 10:45:00,94.843,94.848,94.821,94.83,0.0
2026-08-26 05:50:00,2026-08-26 02:50:00,2026-08-26 10:50:00,94.83,94.846,94.809,94.81,0.0
2026-08-26 05:55:00,2026-08-26 02:55:00,2026-08-26 10:55:00,94.809,94.809,94.778,94.792,0.0
2026-08-26 06:00:00,2026-08-26 03:00:00,2026-08-26 11:00:00,94.792,94.792,94.75,94.756,0.0
2026-08-26 06:05:00,2026-08-26 03:05:00,2026-08-26 11:05:00,94.756,94.758,94.723,94.728,0.0
2026-08-26 06:10:00,2026-08-26 03:10:00,2026-08-26 11:10:00,94.728,94.744,94.717,94.741,0.0
2026-08-26 06:15:00,2026-08-26 03:15:00,2026-08-26 11:15:00,94.741,94.767,94.729,94.752,0.0
2026-08-26 06:20:00,2026-08-26 03:20:00,2026-08-26 11:20:00,94.751,94.751,94.701,94.718,0.0
2026-08-26 06:25:00,2026-08-26 03:25:00,2026-08-26 11:25:00,94.719,94.733,94.708,94.732,0.0
2026-08-26 06:30:00,2026-08-26 03:30:00,2026-08-26 11:30:00,94.732,94.734,94.678,94.698,0.0
2026-08-26 06:35:00,2026-08-26 03:35:00,2026-08-26 11:35:00,94.699,94.722,94.688,94.704,0.0
2026-08-26 06:40:00,2026-08-26 03:40:00,2026-08-26 11:40:00,94.706,94.73,94.7,94.707,0.0
2026-08-26 06:45:00,2026-08-26 03:45:00,2026-08-26 11:45:00,94.707,94.725,94.661,94.664,0.0
2026-08-26 06:50:00,2026-08-26 03:50:00,2026-08-26 11:50:00,94.665,94.703,94.658,94.683,0.0
2026-08-26 06:55:00,2026-08-26 03:55:00,2026-08-26 11:55:00,94.685,94.691,94.668,94.686,0.0
2026-08-26 07:00:00,2026-08-26 04:00:00,2026-08-26 12:00:00,94.687,94.712,94.682,94.709,0.0
2026-08-26 07:05:00,2026-08-26 04:05:00,2026-08-26 12:05:00,94.71,94.713,94.681,94.696,0.0
2026-08-26 07:10:00,2026-08-26 04:10:00,2026-08-26 12:10:00,94.697,94.711,94.687,94.699,0.0
2026-08-26 07:15:00,2026-08-26 04:15:00,2026-08-26 12:15:00,94.699,94.709,94.674,94.686,0.0
2026-08-26 07:20:00,2026-08-26 04:20:00,2026-08-26 12:20:00,94.686,94.7,94.673,94.692,0.0
2026-08-26 07:25:00,2026-08-26 04:25:00,2026-08-26 12:25:00,94.693,94.704,94.684,94.695,0.0
2026-08-26 07:30:00,2026-08-26 04:30:00,2026-08-26 12:30:00,94.694,94.696,94.674,94.696,0.0
2026-08-26 07:35:00,2026-08-26 04:35:00,2026-08-26 12:35:00,94.696,94.697,94.655,94.675,0.0
2026-08-26 07:40:00,2026-08-26 04:40:00,2026-08-26 12:40:00,94.676,94.69,94.671,94.677,0.0
2026-08-26 07:45:00,2026-08-26 04:45:00,2026-08-26 12:45:00,94.674,94.683,94.652,94.666,0.0
2026-08-26 07:50:00,2026-08-26 04:50:00,2026-08-26 12:50:00,94.666,94.682,94.663,94.673,0.0
2026-08-26 07:55:00,2026-08-26 04:55:00,2026-08-26 12:55:00,94.673,94.681,94.653,94.677,0.0
2026-08-26 08:00:00,2026-08-26 05:00:00,2026-08-26 13:00:00,94.677,94.714,94.676,94.704,0.0
2026-08-26 08:05:00,2026-08-26 05:05:00,2026-08-26 13:05:00,94.704,94.705,94.67,94.679,0.0
2026-08-26 08:10:00,2026-08-26 05:10:00,2026-08-26 13:10:00,94.677,94.682,94.663,94.67,0.0
2026-08-26 08:15:00,2026-08-26 05:15:00,2026-08-26 13:15:00,94.669,94.681,94.66,94.678,0.0
2026-08-26 08:20:00,2026-08-26 05:20:00,2026-08-26 13:20:00,94.678,94.679,94.66,94.672,0.0
2026-08-26 08:25:00,2026-08-26 05:25:00,2026-08-26 13:25:00,94.672,94.698,94.669,94.683,0.0
2026-08-26 08:30:00,2026-08-26 05:30:00,2026-08-26 13:30:00,94.683,94.692,94.675,94.688,0.0
2026-08-26 08:35:00,2026-08-26 05:35:00,2026-08-26 13:35:00,94.689,94.702,94.682,94.689,0.0
2026-08-26 08:40:00,2026-08-26 05:40:00,2026-08-26 13:40:00,94.687,94.705,94.668,94.671,0.0
2026-08-26 08:45:00,2026-08-26 05:45:00,2026-08-26 13:45:00,94.673,94.692,94.664,94.672,0.0
2026-08-26 08:50:00,2026-08-26 05:50:00,2026-08-26 13:50:00,94.673,94.687,94.653,94.681,0.0
2026-08-26 08:55:00,2026-08-26 05:55:00,2026-08-26 13:55:00,94.681,94.707,94.676,94.681,0.0
2026-08-26 09:00:00,2026-08-26 06:00:00,2026-08-26 14:00:00,94.681,94.683,94.65,94.682,0.0
2026-08-26 09:05:00,2026-08-26 06:05:00,2026-08-26 14:05:00,94.683,94.692,94.658,94.66,0.0
2026-08-26 09:10:00,2026-08-26 06:10:00,2026-08-26 14:10:00,94.661,94.666,94.632,94.634,0.0
2026-08-26 09:15:00,2026-08-26 06:15:00,2026-08-26 14:15:00,94.635,94.668,94.621,94.643,0.0
2026-08-26 09:20:00,2026-08-26 06:20:00,2026-08-26 14:20:00,94.644,94.664,94.608,94.653,0.0
2026-08-26 09:25:00,2026-08-26 06:25:00,2026-08-26 14:25:00,94.655,94.677,94.592,94.595,0.0
2026-08-26 09:30:00,2026-08-26 06:30:00,2026-08-26 14:30:00,94.594,94.603,94.57,94.582,0.0
2026-08-26 09:35:00,2026-08-26 06:35:00,2026-08-26 14:35:00,94.583,94.608,94.575,94.598,0.0
2026-08-26 09:40:00,2026-08-26 06:40:00,2026-08-26 14:40:00,94.598,94.631,94.595,94.616,0.0
2026-08-26 09:45:00,2026-08-26 06:45:00,2026-08-26 14:45:00,94.616,94.616,94.577,94.584,0.0
2026-08-26 09:50:00,2026-08-26 06:50:00,2026-08-26 14:50:00,94.583,94.592,94.554,94.563,0.0
2026-08-26 09:55:00,2026-08-26 06:55:00,2026-08-26 14:55:00,94.561,94.601,94.558,94.591,0.0
2026-08-26 10:00:00,2026-08-26 07:00:00,2026-08-26 15:00:00,94.591,94.603,94.558,94.576,0.0
2026-08-26 10:05:00,2026-08-26 07:05:00,2026-08-26 15:05:00,94.576,94.605,94.565,94.594,0.0
2026-08-26 10:10:00,2026-08-26 07:10:00,2026-08-26 15:10:00,94.591,94.628,94.576,94.627,0.0
2026-08-26 10:15:00,2026-08-26 07:15:00,2026-08-26 15:15:00,94.627,94.637,94.603,94.614,0.0
2026-08-26 10:20:00,2026-08-26 07:20:00,2026-08-26 15:20:00,94.612,94.622,94.589,94.616,0.0
2026-08-26 10:25:00,2026-08-26 07:25:00,2026-08-26 15:25:00,94.616,94.632,94.611,94.621,0.0
2026-08-26 10:30:00,2026-08-26 07:30:00,2026-08-26 15:30:00,94.621,94.64,94.605,94.64,0.0
2026-08-26 10:35:00,2026-08-26 07:35:00,2026-08-26 15:35:00,94.639,94.658,94.631,94.633,0.0
2026-08-26 10:40:00,2026-08-26 07:40:00,2026-08-26 15:40:00,94.634,94.636,94.612,94.63,0.0
2026-08-26 10:45:00,2026-08-26 07:45:00,2026-08-26 15:45:00,94.631,94.67,94.626,94.662,0.0
2026-08-26 10:50:00,2026-08-26 07:50:00,2026-08-26 15:50:00,94.662,94.665,94.635,94.652,0.0
2026-08-26 10:55:00,2026-08-26 07:55:00,2026-08-26 15:55:00,94.652,94.693,94.65,94.69,0.0
2026-08-26 11:00:00,2026-08-26 08:00:00,2026-08-26 16:00:00,94.691,94.695,94.669,94.681,0.0
2026-08-26 11:05:00,2026-08-26 08:05:00,2026-08-26 16:05:00,94.68,94.706,94.675,94.699,0.0
2026-08-26 11:10:00,2026-08-26 08:10:00,2026-08-26 16:10:00,94.699,94.744,94.697,94.742,0.0
2026-08-26 11:15:00,2026-08-26 08:15:00,2026-08-26 16:15:00,94.74,94.749,94.704,94.712,0.0
2026-08-26 11:20:00,2026-08-26 08:20:00,2026-08-26 16:20:00,94.715,94.724,94.704,94.708,0.0
2026-08-26 11:25:00,2026-08-26 08:25:00,2026-08-26 16:25:00,94.707,94.724,94.693,94.717,0.0
2026-08-26 11:30:00,2026-08-26 08:30:00,2026-08-26 16:30:00,94.717,94.72,94.699,94.707,0.0
2026-08-26 11:35:00,2026-08-26 08:35:00,2026-08-26 16:35:00,94.707,94.722,94.695,94.704,0.0
2026-08-26 11:40:00,2026-08-26 08:40:00,2026-08-26 16:40:00,94.703,94.713,94.695,94.699,0.0
2026-08-26 11:45:00,2026-08-26 08:45:00,2026-08-26 16:45:00,94.699,94.71,94.683,94.708,0.0
2026-08-26 11:50:00,2026-08-26 08:50:00,2026-08-26 16:50:00,94.709,94.715,94.702,94.705,0.0
2026-08-26 11:55:00,2026-08-26 08:55:00,2026-08-26 16:55:00,94.705,94.713,94.692,94.704,0.0
2026-08-26 12:00:00,2026-08-26 09:00:00,2026-08-26 17:00:00,94.704,94.721,94.682,94.712,0.0
2026-08-26 12:05:00,2026-08-26 09:05:00,2026-08-26 17:05:00,94.712,94.723,94.696,94.701,0.0
2026-08-26 12:10:00,2026-08-26 09:10:00,2026-08-26 17:10:00,94.701,94.714,94.691,94.698,0.0
2026-08-26 12:15:00,2026-08-26 09:15:00,2026-08-26 17:15:00,94.698,94.704,94.656,94.66,0.0
2026-08-26 12:20:00,2026-08-26 09:20:00,2026-08-26 17:20:00,94.66,94.664,94.642,94.654,0.0
2026-08-26 12:25:00,2026-08-26 09:25:00,2026-08-26 17:25:00,94.652,94.661,94.631,94.651,0.0
2026-08-26 12:30:00,2026-08-26 09:30:00,2026-08-26 17:30:00,94.649,94.67,94.647,94.648,0.0
2026-08-26 12:35:00,2026-08-26 09:35:00,2026-08-26 17:35:00,94.647,94.659,94.636,94.655,0.0
2026-08-26 12:40:00,2026-08-26 09:40:00,2026-08-26 17:40:00,94.657,94.664,94.647,94.66,0.0
2026-08-26 12:45:00,2026-08-26 09:45:00,2026-08-26 17:45:00,94.66,94.676,94.656,94.672,0.0
2026-08-26 12:50:00,2026-08-26 09:50:00,2026-08-26 17:50:00,94.672,94.685,94.659,94.66,0.0
2026-08-26 12:55:00,2026-08-26 09:55:00,2026-08-26 17:55:00,94.662,94.681,94.657,94.674,0.0
2026-08-26 13:00:00,2026-08-26 10:00:00,2026-08-26 18:00:00,94.672,94.681,94.667,94.672,0.0
2026-08-26 13:05:00,2026-08-26 10:05:00,2026-08-26 18:05:00,94.673,94.682,94.668,94.678,0.0
2026-08-26 13:10:00,2026-08-26 10:10:00,2026-08-26 18:10:00,94.678,94.695,94.675,94.686,0.0
2026-08-26 13:15:00,2026-08-26 10:15:00,2026-08-26 18:15:00,94.687,94.693,94.672,94.678,0.0
2026-08-26 13:20:00,2026-08-26 10:20:00,2026-08-26 18:20:00,94.678,94.689,94.672,94.678,0.0
2026-08-26 13:25:00,2026-08-26 10:25:00,2026-08-26 18:25:00,94.677,94.69,94.674,94.677,0.0
2026-08-26 13:30:00,2026-08-26 10:30:00,2026-08-26 18:30:00,94.677,94.698,94.669,94.685,0.0
2026-08-26 13:35:00,2026-08-26 10:35:00,2026-08-26 18:35:00,94.686,94.702,94.674,94.696,0.0
2026-08-26 13:40:00,2026-08-26 10:40:00,2026-08-26 18:40:00,94.696,94.699,94.683,94.698,0.0
2026-08-26 13:45:00,2026-08-26 10:45:00,2026-08-26 18:45:00,94.698,94.719,94.695,94.717,0.0
2026-08-26 13:50:00,2026-08-26 10:50:00,2026-08-26 18:50:00,94.718,94.724,94.711,94.718,0.0
2026-08-26 13:55:00,2026-08-26 10:55:00,2026-08-26 18:55:00,94.718,94.726,94.704,94.706,0.0
2026-08-26 14:00:00,2026-08-26 11:00:00,2026-08-26 19:00:00,94.703,94.72,94.686,94.689,0.0
2026-08-26 14:05:00,2026-08-26 11:05:00,2026-08-26 19:05:00,94.688,94.693,94.68,94.686,0.0
2026-08-26 14:10:00,2026-08-26 11:10:00,2026-08-26 19:10:00,94.686,94.71,94.683,94.708,0.0
2026-08-26 14:15:00,2026-08-26 11:15:00,2026-08-26 19:15:00,94.708,94.717,94.691,94.691,0.0
2026-08-26 14:20:00,2026-08-26 11:20:00,2026-08-26 19:20:00,94.693,94.729,94.692,94.72,0.0
2026-08-26 14:25:00,2026-08-26 11:25:00,2026-08-26 19:25:00,94.718,94.744,94.718,94.721,0.0
2026-08-26 14:30:00,2026-08-26 11:30:00,2026-08-26 19:30:00,94.721,94.741,94.717,94.738,0.0
2026-08-26 14:35:00,2026-08-26 11:35:00,2026-08-26 19:35:00,94.738,94.754,94.726,94.733,0.0
2026-08-26 14:40:00,2026-08-26 11:40:00,2026-08-26 19:40:00,94.731,94.759,94.731,94.749,0.0
2026-08-26 14:45:00,2026-08-26 11:45:00,2026-08-26 19:45:00,94.75,94.763,94.748,94.752,0.0
2026-08-26 14:50:00,2026-08-26 11:50:00,2026-08-26 19:50:00,94.749,94.773,94.745,94.772,0.0
2026-08-26 14:55:00,2026-08-26 11:55:00,2026-08-26 19:55:00,94.771,94.774,94.743,94.761,0.0
2026-08-26 15:00:00,2026-08-26 12:00:00,2026-08-26 20:00:00,94.762,94.779,94.754,94.774,0.0
2026-08-26 15:05:00,2026-08-26 12:05:00,2026-08-26 20:05:00,94.774,94.791,94.769,94.78,0.0
2026-08-26 15:10:00,2026-08-26 12:10:00,2026-08-26 20:10:00,94.781,94.795,94.771,94.791,0.0
2026-08-26 15:15:00,2026-08-26 12:15:00,2026-08-26 20:15:00,94.791,94.8,94.775,94.797,0.0
2026-08-26 15:20:00,2026-08-26 12:20:00,2026-08-26 20:20:00,94.798,94.802,94.761,94.764,0.0
2026-08-26 15:25:00,2026-08-26 12:25:00,2026-08-26 20:25:00,94.765,94.769,94.739,94.748,0.0
2026-08-26 15:30:00,2026-08-26 12:30:00,2026-08-26 20:30:00,94.744,94.766,94.677,94.717,0.0
2026-08-26 15:35:00,2026-08-26 12:35:00,2026-08-26 20:35:00,94.717,94.755,94.705,94.709,0.0
2026-08-26 15:40:00,2026-08-26 12:40:00,2026-08-26 20:40:00,94.709,94.73,94.691,94.7,0.0
2026-08-26 15:45:00,2026-08-26 12:45:00,2026-08-26 20:45:00,94.699,94.733,94.671,94.732,0.0
2026-08-26 15:50:00,2026-08-26 12:50:00,2026-08-26 20:50:00,94.732,94.741,94.685,94.688,0.0
2026-08-26 15:55:00,2026-08-26 12:55:00,2026-08-26 20:55:00,94.686,94.706,94.666,94.675,0.0
2026-08-26 16:00:00,2026-08-26 13:00:00,2026-08-26 21:00:00,94.675,94.704,94.662,94.665,0.0
2026-08-26 16:05:00,2026-08-26 13:05:00,2026-08-26 21:05:00,94.664,94.689,94.662,94.677,0.0
2026-08-26 16:10:00,2026-08-26 13:10:00,2026-08-26 21:10:00,94.675,94.702,94.674,94.69,0.0
2026-08-26 16:15:00,2026-08-26 13:15:00,2026-08-26 21:15:00,94.69,94.709,94.668,94.705,0.0
2026-08-26 16:20:00,2026-08-26 13:20:00,2026-08-26 21:20:00,94.705,94.721,94.688,94.718,0.0
2026-08-26 16:25:00,2026-08-26 13:25:00,2026-08-26 21:25:00,94.718,94.733,94.708,94.729,0.0
2026-08-26 16:30:00,2026-08-26 13:30:00,2026-08-26 21:30:00,94.729,94.754,94.724,94.738,0.0
2026-08-26 16:35:00,2026-08-26 13:35:00,2026-08-26 21:35:00,94.737,94.745,94.686,94.69,0.0
2026-08-26 16:40:00,2026-08-26 13:40:00,2026-08-26 21:40:00,94.689,94.767,94.683,94.749,0.0
2026-08-26 16:45:00,2026-08-26 13:45:00,2026-08-26 21:45:00,94.75,94.772,94.74,94.761,0.0
2026-08-26 16:50:00,2026-08-26 13:50:00,2026-08-26 21:50:00,94.759,94.772,94.737,94.755,0.0
2026-08-26 16:55:00,2026-08-26 13:55:00,2026-08-26 21:55:00,94.756,94.779,94.753,94.761,0.0
2026-08-26 17:00:00,2026-08-26 14:00:00,2026-08-26 22:00:00,94.763,94.765,94.71,94.757,0.0
2026-08-26 17:05:00,2026-08-26 14:05:00,2026-08-26 22:05:00,94.757,94.757,94.724,94.734,0.0
2026-08-26 17:10:00,2026-08-26 14:10:00,2026-08-26 22:10:00,94.733,94.748,94.722,94.735,0.0
2026-08-26 17:15:00,2026-08-26 14:15:00,2026-08-26 22:15:00,94.735,94.736,94.699,94.703,0.0
2026-08-26 17:20:00,2026-08-26 14:20:00,2026-08-26 22:20:00,94.703,94.711,94.66,94.664,0.0
2026-08-26 17:25:00,2026-08-26 14:25:00,2026-08-26 22:25:00,94.664,94.668,94.63,94.636,0.0
2026-08-26 17:30:00,2026-08-26 14:30:00,2026-08-26 22:30:00,94.635,94.663,94.627,94.657,0.0
2026-08-26 17:35:00,2026-08-26 14:35:00,2026-08-26 22:35:00,94.656,94.673,94.647,94.668,0.0
2026-08-26 17:40:00,2026-08-26 14:40:00,2026-08-26 22:40:00,94.668,94.669,94.63,94.637,0.0
2026-08-26 17:45:00,2026-08-26 14:45:00,2026-08-26 22:45:00,94.639,94.639,94.603,94.613,0.0
2026-08-26 17:50:00,2026-08-26 14:50:00,2026-08-26 22:50:00,94.613,94.637,94.587,94.611,0.0
2026-08-26 17:55:00,2026-08-26 14:55:00,2026-08-26 22:55:00,94.612,94.621,94.567,94.573,0.0
2026-08-26 18:00:00,2026-08-26 15:00:00,2026-08-26 23:00:00,94.573,94.613,94.566,94.602,0.0
2026-08-26 18:05:00,2026-08-26 15:05:00,2026-08-26 23:05:00,94.601,94.637,94.587,94.636,0.0
2026-08-26 18:10:00,2026-08-26 15:10:00,2026-08-26 23:10:00,94.636,94.637,94.587,94.591,0.0
2026-08-26 18:15:00,2026-08-26 15:15:00,2026-08-26 23:15:00,94.591,94.596,94.571,94.59,0.0
2026-08-26 18:20:00,2026-08-26 15:20:00,2026-08-26 23:20:00,94.59,94.61,94.585,94.604,0.0
2026-08-26 18:25:00,2026-08-26 15:25:00,2026-08-26 23:25:00,94.604,94.617,94.6,94.616,0.0
2026-08-26 18:30:00,2026-08-26 15:30:00,2026-08-26 23:30:00,94.616,94.634,94.603,94.618,0.0
2026-08-26 18:35:00,2026-08-26 15:35:00,2026-08-26 23:35:00,94.618,94.635,94.611,94.631,0.0
2026-08-26 18:40:00,2026-08-26 15:40:00,2026-08-26 23:40:00,94.63,94.647,94.626,94.638,0.0
2026-08-26 18:45:00,2026-08-26 15:45:00,2026-08-26 23:45:00,94.641,94.646,94.624,94.638,0.0
2026-08-26 18:50:00,2026-08-26 15:50:00,2026-08-26 23:50:00,94.638,94.639,94.583,94.601,0.0
2026-08-26 18:55:00,2026-08-26 15:55:00,2026-08-26 23:55:00,94.601,94.635,94.59,94.614,0.0
2026-08-26 19:00:00,2026-08-26 16:00:00,2026-08-27 00:00:00,94.614,94.626,94.598,94.624,0.0
2026-08-26 19:05:00,2026-08-26 16:05:00,2026-08-27 00:05:00,94.625,94.658,94.623,94.639,0.0
2026-08-26 19:10:00,2026-08-26 16:10:00,2026-08-27 00:10:00,94.639,94.641,94.616,94.627,0.0
2026-08-26 19:15:00,2026-08-26 16:15:00,2026-08-27 00:15:00,94.627,94.635,94.614,94.634,0.0
2026-08-26 19:20:00,2026-08-26 16:20:00,2026-08-27 00:20:00,94.634,94.657,94.619,94.648,0.0
2026-08-26 19:25:00,2026-08-26 16:25:00,2026-08-27 00:25:00,94.65,94.655,94.642,94.651,0.0
2026-08-26 19:30:00,2026-08-26 16:30:00,2026-08-27 00:30:00,94.652,94.668,94.642,94.653,0.0
2026-08-26 19:35:00,2026-08-26 16:35:00,2026-08-27 00:35:00,94.653,94.666,94.638,94.639,0.0
2026-08-26 19:40:00,2026-08-26 16:40:00,2026-08-27 00:40:00,94.639,94.655,94.636,94.639,0.0
2026-08-26 19:45:00,2026-08-26 16:45:00,2026-08-27 00:45:00,94.637,94.671,94.634,94.669,0.0
2026-08-26 19:50:00,2026-08-26 16:50:00,2026-08-27 00:50:00,94.667,94.678,94.654,94.665,0.0
2026-08-26 19:55:00,2026-08-26 16:55:00,2026-08-27 00:55:00,94.664,94.679,94.655,94.675,0.0
2026-08-26 20:00:00,2026-08-26 17:00:00,2026-08-27 01:00:00,94.673,94.694,94.669,94.682,0.0
2026-08-26 20:05:00,2026-08-26 17:05:00,2026-08-27 01:05:00,94.683,94.687,94.675,94.683,0.0
2026-08-26 20:10:00,2026-08-26 17:10:00,2026-08-27 01:10:00,94.682,94.696,94.676,94.695,0.0
2026-08-26 20:15:00,2026-08-26 17:15:00,2026-08-27 01:15:00,94.697,94.71,94.692,94.705,0.0
2026-08-26 20:20:00,2026-08-26 17:20:00,2026-08-27 01:20:00,94.708,94.71,94.7,94.701,0.0
2026-08-26 20:25:00,2026-08-26 17:25:00,2026-08-27 01:25:00,94.701,94.709,94.694,94.706,0.0
2026-08-26 20:30:00,2026-08-26 17:30:00,2026-08-27 01:30:00,94.706,94.718,94.698,94.713,0.0
2026-08-26 20:35:00,2026-08-26 17:35:00,2026-08-27 01:35:00,94.713,94.717,94.7,94.708,0.0
2026-08-26 20:40:00,2026-08-26 17:40:00,2026-08-27 01:40:00,94.706,94.714,94.698,94.711,0.0
2026-08-26 20:45:00,2026-08-26 17:45:00,2026-08-27 01:45:00,94.711,94.724,94.705,94.72,0.0
2026-08-26 20:50:00,2026-08-26 17:50:00,2026-08-27 01:50:00,94.72,94.729,94.718,94.722,0.0
2026-08-26 20:55:00,2026-08-26 17:55:00,2026-08-27 01:55:00,94.722,94.73,94.717,94.724,0.0
2026-08-26 21:00:00,2026-08-26 18:00:00,2026-08-27 02:00:00,94.724,94.738,94.72,94.729,0.0
2026-08-26 21:05:00,2026-08-26 18:05:00,2026-08-27 02:05:00,94.73,94.744,94.726,94.739,0.0
2026-08-26 21:10:00,2026-08-26 18:10:00,2026-08-27 02:10:00,94.739,94.749,94.724,94.728,0.0
2026-08-26 21:15:00,2026-08-26 18:15:00,2026-08-27 02:15:00,94.728,94.732,94.719,94.731,0.0
2026-08-26 21:20:00,2026-08-26 18:20:00,2026-08-27 02:20:00,94.731,94.736,94.712,94.716,0.0
2026-08-26 21:25:00,2026-08-26 18:25:00,2026-08-27 02:25:00,94.714,94.725,94.708,94.711,0.0
2026-08-26 21:30:00,2026-08-26 18:30:00,2026-08-27 02:30:00,94.712,94.725,94.71,94.719,0.0
2026-08-26 21:35:00,2026-08-26 18:35:00,2026-08-27 02:35:00,94.719,94.723,94.706,94.709,0.0
2026-08-26 21:40:00,2026-08-26 18:40:00,2026-08-27 02:40:00,94.708,94.724,94.707,94.721,0.0
2026-08-26 21:45:00,2026-08-26 18:45:00,2026-08-27 02:45:00,94.722,94.724,94.707,94.71,0.0
2026-08-26 21:50:00,2026-08-26 18:50:00,2026-08-27 02:50:00,94.709,94.715,94.704,94.707,0.0
2026-08-26 21:55:00,2026-08-26 18:55:00,2026-08-27 02:55:00,94.707,94.709,94.668,94.695,0.0
2026-08-26 22:00:00,2026-08-26 19:00:00,2026-08-27 03:00:00,94.695,94.735,94.647,94.697,0.0
2026-08-26 22:05:00,2026-08-26 19:05:00,2026-08-27 03:05:00,94.697,94.723,94.695,94.697,0.0
2026-08-26 22:10:00,2026-08-26 19:10:00,2026-08-27 03:10:00,94.697,94.723,94.691,94.692,0.0
2026-08-26 22:15:00,2026-08-26 19:15:00,2026-08-27 03:15:00,94.691,94.728,94.691,94.707,0.0
2026-08-26 22:20:00,2026-08-26 19:20:00,2026-08-27 03:20:00,94.703,94.729,94.696,94.703,0.0
2026-08-26 22:25:00,2026-08-26 19:25:00,2026-08-27 03:25:00,94.704,94.73,94.697,94.702,0.0
2026-08-26 22:30:00,2026-08-26 19:30:00,2026-08-27 03:30:00,94.702,94.725,94.674,94.68,0.0
2026-08-26 22:35:00,2026-08-26 19:35:00,2026-08-27 03:35:00,94.677,94.712,94.676,94.686,0.0
2026-08-26 22:40:00,2026-08-26 19:40:00,2026-08-27 03:40:00,94.686,94.71,94.679,94.682,0.0
2026-08-26 22:45:00,2026-08-26 19:45:00,2026-08-27 03:45:00,94.682,94.712,94.679,94.686,0.0
2026-08-26 22:50:00,2026-08-26 19:50:00,2026-08-27 03:50:00,94.688,94.708,94.665,94.665,0.0
2026-08-26 22:55:00,2026-08-26 19:55:00,2026-08-27 03:55:00,94.666,94.7,94.664,94.678,0.0
2026-08-26 23:00:00,2026-08-26 20:00:00,2026-08-27 04:00:00,94.679,94.714,94.675,94.688,0.0
2026-08-26 23:05:00,2026-08-26 20:05:00,2026-08-27 04:05:00,94.69,94.725,94.687,94.693,0.0
2026-08-26 23:10:00,2026-08-26 20:10:00,2026-08-27 04:10:00,94.69,94.714,94.677,94.677,0.0
2026-08-26 23:15:00,2026-08-26 20:15:00,2026-08-27 04:15:00,94.678,94.703,94.67,94.672,0.0
2026-08-26 23:20:00,2026-08-26 20:20:00,2026-08-27 04:20:00,94.67,94.694,94.657,94.664,0.0
2026-08-26 23:25:00,2026-08-26 20:25:00,2026-08-27 04:25:00,94.664,94.689,94.649,94.65,0.0
2026-08-26 23:30:00,2026-08-26 20:30:00,2026-08-27 04:30:00,94.65,94.708,94.65,94.68,0.0
2026-08-26 23:35:00,2026-08-26 20:35:00,2026-08-27 04:35:00,94.68,94.704,94.667,94.669,0.0
2026-08-26 23:40:00,2026-08-26 20:40:00,2026-08-27 04:40:00,94.666,94.691,94.651,94.655,0.0
2026-08-26 23:45:00,2026-08-26 20:45:00,2026-08-27 04:45:00,94.655,94.668,94.638,94.641,0.0
2026-08-26 23:50:00,2026-08-26 20:50:00,2026-08-27 04:50:00,94.641,94.673,94.634,94.658,0.0
2026-08-26 23:55:00,2026-08-26 20:55:00,2026-08-27 04:55:00,94.655,94.692,94.597,94.597,0.0
2026-08-27 00:00:00,2026-08-26 21:00:00,2026-08-27 05:00:00,94.596,94.68,94.012,94.646,0.0
2026-08-27 00:05:00,2026-08-26 21:05:00,2026-08-27 05:05:00,94.513,94.696,94.481,94.583,0.0
2026-08-27 00:10:00,2026-08-26 21:10:00,2026-08-27 05:10:00,94.659,94.719,94.557,94.598,0.0
2026-08-27 00:15:00,2026-08-26 21:15:00,2026-08-27 05:15:00,94.597,94.707,94.553,94.651,0.0
2026-08-27 00:20:00,2026-08-26 21:20:00,2026-08-27 05:20:00,94.655,94.698,94.51,94.633,0.0
2026-08-27 00:25:00,2026-08-26 21:25:00,2026-08-27 05:25:00,94.626,94.731,94.501,94.623,0.0
2026-08-27 00:30:00,2026-08-26 21:30:00,2026-08-27 05:30:00,94.665,94.677,94.452,94.639,0.0
2026-08-27 00:35:00,2026-08-26 21:35:00,2026-08-27 05:35:00,94.642,94.668,94.503,94.643,0.0
2026-08-27 00:40:00,2026-08-26 21:40:00,2026-08-27 05:40:00,94.503,94.684,94.503,94.648,0.0
2026-08-27 00:45:00,2026-08-26 21:45:00,2026-08-27 05:45:00,94.503,94.662,94.503,94.642,0.0
2026-08-27 00:50:00,2026-08-26 21:50:00,2026-08-27 05:50:00,94.651,94.675,94.502,94.66,0.0
2026-08-27 00:55:00,2026-08-26 21:55:00,2026-08-27 05:55:00,94.663,94.677,94.552,94.663,0.0
2026-08-27 01:00:00,2026-08-26 22:00:00,2026-08-27 06:00:00,94.647,94.725,94.629,94.697,0.0
2026-08-27 01:05:00,2026-08-26 22:05:00,2026-08-27 06:05:00,94.696,94.7,94.66,94.672,0.0
2026-08-27 01:10:00,2026-08-26 22:10:00,2026-08-27 06:10:00,94.672,94.699,94.664,94.695,0.0
2026-08-27 01:15:00,2026-08-26 22:15:00,2026-08-27 06:15:00,94.695,94.709,94.683,94.701,0.0
2026-08-27 01:20:00,2026-08-26 22:20:00,2026-08-27 06:20:00,94.701,94.707,94.687,94.689,0.0
2026-08-27 01:25:00,2026-08-26 22:25:00,2026-08-27 06:25:00,94.689,94.696,94.681,94.689,0.0
2026-08-27 01:30:00,2026-08-26 22:30:00,2026-08-27 06:30:00,94.685,94.704,94.684,94.697,0.0
2026-08-27 01:35:00,2026-08-26 22:35:00,2026-08-27 06:35:00,94.699,94.702,94.678,94.686,0.0
2026-08-27 01:40:00,2026-08-26 22:40:00,2026-08-27 06:40:00,94.686,94.711,94.684,94.703,0.0
2026-08-27 01:45:00,2026-08-26 22:45:00,2026-08-27 06:45:00,94.703,94.712,94.695,94.7,0.0
2026-08-27 01:50:00,2026-08-26 22:50:00,2026-08-27 06:50:00,94.697,94.708,94.689,94.696,0.0
2026-08-27 01:55:00,2026-08-26 22:55:00,2026-08-27 06:55:00,94.693,94.701,94.677,94.689,0.0
2026-08-27 02:00:00,2026-08-26 23:00:00,2026-08-27 07:00:00,94.689,94.704,94.676,94.682,0.0
2026-08-27 02:05:00,2026-08-26 23:05:00,2026-08-27 07:05:00,94.687,94.694,94.684,94.689,0.0
2026-08-27 02:10:00,2026-08-26 23:10:00,2026-08-27 07:10:00,94.689,94.703,94.681,94.7,0.0
2026-08-27 02:15:00,2026-08-26 23:15:00,2026-08-27 07:15:00,94.7,94.733,94.7,94.719,0.0
2026-08-27 02:20:00,2026-08-26 23:20:00,2026-08-27 07:20:00,94.722,94.731,94.701,94.707,0.0
2026-08-27 02:25:00,2026-08-26 23:25:00,2026-08-27 07:25:00,94.706,94.729,94.706,94.719,0.0
2026-08-27 02:30:00,2026-08-26 23:30:00,2026-08-27 07:30:00,94.719,94.739,94.717,94.738,0.0
2026-08-27 02:35:00,2026-08-26 23:35:00,2026-08-27 07:35:00,94.736,94.747,94.736,94.746,0.0
2026-08-27 02:40:00,2026-08-26 23:40:00,2026-08-27 07:40:00,94.746,94.754,94.736,94.739,0.0
2026-08-27 02:45:00,2026-08-26 23:45:00,2026-08-27 07:45:00,94.738,94.749,94.713,94.727,0.0
2026-08-27 02:50:00,2026-08-26 23:50:00,2026-08-27 07:50:00,94.727,94.735,94.711,94.717,0.0
2026-08-27 02:55:00,2026-08-26 23:55:00,2026-08-27 07:55:00,94.714,94.719,94.699,94.701,0.0
2026-08-27 03:00:00,2026-08-27 00:00:00,2026-08-27 08:00:00,94.701,94.712,94.642,94.67,0.0
2026-08-27 03:05:00,2026-08-27 00:05:00,2026-08-27 08:05:00,94.67,94.689,94.634,94.651,0.0
2026-08-27 03:10:00,2026-08-27 00:10:00,2026-08-27 08:10:00,94.65,94.657,94.572,94.587,0.0
2026-08-27 03:15:00,2026-08-27 00:15:00,2026-08-27 08:15:00,94.587,94.61,94.57,94.6,0.0
2026-08-27 03:20:00,2026-08-27 00:20:00,2026-08-27 08:20:00,94.603,94.631,94.6,94.61,0.0
2026-08-27 03:25:00,2026-08-27 00:25:00,2026-08-27 08:25:00,94.61,94.641,94.591,94.633,0.0
2026-08-27 03:30:00,2026-08-27 00:30:00,2026-08-27 08:30:00,94.633,94.665,94.63,94.645,0.0
2026-08-27 03:35:00,2026-08-27 00:35:00,2026-08-27 08:35:00,94.647,94.656,94.62,94.623,0.0
2026-08-27 03:40:00,2026-08-27 00:40:00,2026-08-27 08:40:00,94.623,94.641,94.615,94.625,0.0
2026-08-27 03:45:00,2026-08-27 00:45:00,2026-08-27 08:45:00,94.624,94.646,94.623,94.638,0.0
2026-08-27 03:50:00,2026-08-27 00:50:00,2026-08-27 08:50:00,94.638,94.645,94.593,94.611,0.0
2026-08-27 03:55:00,2026-08-27 00:55:00,2026-08-27 08:55:00,94.615,94.685,94.61,94.675,0.0
2026-08-27 04:00:00,2026-08-27 01:00:00,2026-08-27 09:00:00,94.676,94.715,94.672,94.698,0.0
2026-08-27 04:05:00,2026-08-27 01:05:00,2026-08-27 09:05:00,94.697,94.724,94.694,94.702,0.0
2026-08-27 04:10:00,2026-08-27 01:10:00,2026-08-27 09:10:00,94.702,94.705,94.676,94.68,0.0
2026-08-27 04:15:00,2026-08-27 01:15:00,2026-08-27 09:15:00,94.68,94.692,94.654,94.687,0.0
2026-08-27 04:20:00,2026-08-27 01:20:00,2026-08-27 09:20:00,94.687,94.736,94.684,94.734,0.0
2026-08-27 04:25:00,2026-08-27 01:25:00,2026-08-27 09:25:00,94.734,94.736,94.66,94.664,0.0
2026-08-27 04:30:00,2026-08-27 01:30:00,2026-08-27 09:30:00,94.664,94.724,94.662,94.707,0.0
2026-08-27 04:35:00,2026-08-27 01:35:00,2026-08-27 09:35:00,94.705,94.738,94.683,94.715,0.0
2026-08-27 04:40:00,2026-08-27 01:40:00,2026-08-27 09:40:00,94.716,94.716,94.659,94.66,0.0
2026-08-27 04:45:00,2026-08-27 01:45:00,2026-08-27 09:45:00,94.662,94.692,94.65,94.688,0.0
2026-08-27 04:50:00,2026-08-27 01:50:00,2026-08-27 09:50:00,94.686,94.732,94.686,94.731,0.0
2026-08-27 04:55:00,2026-08-27 01:55:00,2026-08-27 09:55:00,94.732,94.753,94.725,94.751,0.0
2026-08-27 05:00:00,2026-08-27 02:00:00,2026-08-27 10:00:00,94.751,94.782,94.747,94.772,0.0
2026-08-27 05:05:00,2026-08-27 02:05:00,2026-08-27 10:05:00,94.773,94.809,94.772,94.8,0.0
2026-08-27 05:10:00,2026-08-27 02:10:00,2026-08-27 10:10:00,94.799,94.805,94.778,94.801,0.0
2026-08-27 05:15:00,2026-08-27 02:15:00,2026-08-27 10:15:00,94.799,94.837,94.798,94.833,0.0
2026-08-27 05:20:00,2026-08-27 02:20:00,2026-08-27 10:20:00,94.833,94.838,94.812,94.817,0.0
2026-08-27 05:25:00,2026-08-27 02:25:00,2026-08-27 10:25:00,94.817,94.834,94.81,94.821,0.0
2026-08-27 05:30:00,2026-08-27 02:30:00,2026-08-27 10:30:00,94.821,94.848,94.818,94.848,0.0
2026-08-27 05:35:00,2026-08-27 02:35:00,2026-08-27 10:35:00,94.847,94.858,94.801,94.802,0.0
2026-08-27 05:40:00,2026-08-27 02:40:00,2026-08-27 10:40:00,94.801,94.816,94.78,94.811,0.0
2026-08-27 05:45:00,2026-08-27 02:45:00,2026-08-27 10:45:00,94.812,94.832,94.799,94.811,0.0
2026-08-27 05:50:00,2026-08-27 02:50:00,2026-08-27 10:50:00,94.811,94.846,94.807,94.839,0.0
2026-08-27 05:55:00,2026-08-27 02:55:00,2026-08-27 10:55:00,94.838,94.859,94.823,94.843,0.0
2026-08-27 06:00:00,2026-08-27 03:00:00,2026-08-27 11:00:00,94.841,94.856,94.828,94.843,0.0
2026-08-27 06:05:00,2026-08-27 03:05:00,2026-08-27 11:05:00,94.842,94.846,94.819,94.83,0.0
2026-08-27 06:10:00,2026-08-27 03:10:00,2026-08-27 11:10:00,94.831,94.863,94.829,94.863,0.0
2026-08-27 06:15:00,2026-08-27 03:15:00,2026-08-27 11:15:00,94.863,94.868,94.854,94.864,0.0
2026-08-27 06:20:00,2026-08-27 03:20:00,2026-08-27 11:20:00,94.865,94.871,94.858,94.865,0.0
2026-08-27 06:25:00,2026-08-27 03:25:00,2026-08-27 11:25:00,94.865,94.878,94.856,94.866,0.0
2026-08-27 06:30:00,2026-08-27 03:30:00,2026-08-27 11:30:00,94.866,94.873,94.85,94.865,0.0
2026-08-27 06:35:00,2026-08-27 03:35:00,2026-08-27 11:35:00,94.865,94.867,94.847,94.852,0.0
2026-08-27 06:40:00,2026-08-27 03:40:00,2026-08-27 11:40:00,94.853,94.854,94.831,94.837,0.0
2026-08-27 06:45:00,2026-08-27 03:45:00,2026-08-27 11:45:00,94.834,94.859,94.833,94.836,0.0
2026-08-27 06:50:00,2026-08-27 03:50:00,2026-08-27 11:50:00,94.837,94.843,94.828,94.836,0.0
2026-08-27 06:55:00,2026-08-27 03:55:00,2026-08-27 11:55:00,94.837,94.847,94.834,94.839,0.0
2026-08-27 07:00:00,2026-08-27 04:00:00,2026-08-27 12:00:00,94.841,94.863,94.838,94.854,0.0
2026-08-27 07:05:00,2026-08-27 04:05:00,2026-08-27 12:05:00,94.852,94.868,94.842,94.864,0.0
2026-08-27 07:10:00,2026-08-27 04:10:00,2026-08-27 12:10:00,94.864,94.88,94.857,94.859,0.0
2026-08-27 07:15:00,2026-08-27 04:15:00,2026-08-27 12:15:00,94.859,94.867,94.856,94.858,0.0
2026-08-27 07:20:00,2026-08-27 04:20:00,2026-08-27 12:20:00,94.858,94.863,94.842,94.842,0.0
2026-08-27 07:25:00,2026-08-27 04:25:00,2026-08-27 12:25:00,94.843,94.859,94.835,94.85,0.0
2026-08-27 07:30:00,2026-08-27 04:30:00,2026-08-27 12:30:00,94.851,94.855,94.829,94.83,0.0
2026-08-27 07:35:00,2026-08-27 04:35:00,2026-08-27 12:35:00,94.83,94.846,94.827,94.84,0.0
2026-08-27 07:40:00,2026-08-27 04:40:00,2026-08-27 12:40:00,94.844,94.844,94.814,94.816,0.0
2026-08-27 07:45:00,2026-08-27 04:45:00,2026-08-27 12:45:00,94.817,94.847,94.816,94.845,0.0
2026-08-27 07:50:00,2026-08-27 04:50:00,2026-08-27 12:50:00,94.846,94.85,94.826,94.83,0.0
2026-08-27 07:55:00,2026-08-27 04:55:00,2026-08-27 12:55:00,94.83,94.853,94.829,94.841,0.0
2026-08-27 08:00:00,2026-08-27 05:00:00,2026-08-27 13:00:00,94.841,94.846,94.81,94.814,0.0
2026-08-27 08:05:00,2026-08-27 05:05:00,2026-08-27 13:05:00,94.814,94.84,94.805,94.815,0.0
2026-08-27 08:10:00,2026-08-27 05:10:00,2026-08-27 13:10:00,94.816,94.821,94.789,94.795,0.0
2026-08-27 08:15:00,2026-08-27 05:15:00,2026-08-27 13:15:00,94.798,94.798,94.762,94.768,0.0
2026-08-27 08:20:00,2026-08-27 05:20:00,2026-08-27 13:20:00,94.768,94.805,94.765,94.803,0.0
2026-08-27 08:25:00,2026-08-27 05:25:00,2026-08-27 13:25:00,94.801,94.808,94.785,94.791,0.0
2026-08-27 08:30:00,2026-08-27 05:30:00,2026-08-27 13:30:00,94.791,94.795,94.767,94.771,0.0
2026-08-27 08:35:00,2026-08-27 05:35:00,2026-08-27 13:35:00,94.772,94.783,94.765,94.782,0.0
2026-08-27 08:40:00,2026-08-27 05:40:00,2026-08-27 13:40:00,94.782,94.804,94.778,94.791,0.0
2026-08-27 08:45:00,2026-08-27 05:45:00,2026-08-27 13:45:00,94.79,94.809,94.786,94.794,0.0
2026-08-27 08:50:00,2026-08-27 05:50:00,2026-08-27 13:50:00,94.794,94.806,94.779,94.804,0.0
2026-08-27 08:55:00,2026-08-27 05:55:00,2026-08-27 13:55:00,94.804,94.811,94.77,94.789,0.0
2026-08-27 09:00:00,2026-08-27 06:00:00,2026-08-27 14:00:00,94.789,94.801,94.756,94.778,0.0
2026-08-27 09:05:00,2026-08-27 06:05:00,2026-08-27 14:05:00,94.78,94.788,94.765,94.788,0.0
2026-08-27 09:10:00,2026-08-27 06:10:00,2026-08-27 14:10:00,94.788,94.802,94.784,94.79,0.0
2026-08-27 09:15:00,2026-08-27 06:15:00,2026-08-27 14:15:00,94.788,94.803,94.778,94.796,0.0
2026-08-27 09:20:00,2026-08-27 06:20:00,2026-08-27 14:20:00,94.797,94.808,94.781,94.785,0.0
2026-08-27 09:25:00,2026-08-27 06:25:00,2026-08-27 14:25:00,94.782,94.799,94.777,94.796,0.0
2026-08-27 09:30:00,2026-08-27 06:30:00,2026-08-27 14:30:00,94.796,94.802,94.773,94.783,0.0
2026-08-27 09:35:00,2026-08-27 06:35:00,2026-08-27 14:35:00,94.782,94.79,94.774,94.775,0.0
2026-08-27 09:40:00,2026-08-27 06:40:00,2026-08-27 14:40:00,94.775,94.789,94.767,94.782,0.0
2026-08-27 09:45:00,2026-08-27 06:45:00,2026-08-27 14:45:00,94.781,94.805,94.769,94.773,0.0
2026-08-27 09:50:00,2026-08-27 06:50:00,2026-08-27 14:50:00,94.773,94.777,94.755,94.773,0.0
2026-08-27 09:55:00,2026-08-27 06:55:00,2026-08-27 14:55:00,94.775,94.8,94.772,94.795,0.0
2026-08-27 10:00:00,2026-08-27 07:00:00,2026-08-27 15:00:00,94.795,94.801,94.772,94.786,0.0
2026-08-27 10:05:00,2026-08-27 07:05:00,2026-08-27 15:05:00,94.786,94.793,94.749,94.758,0.0
2026-08-27 10:10:00,2026-08-27 07:10:00,2026-08-27 15:10:00,94.758,94.767,94.741,94.752,0.0
2026-08-27 10:15:00,2026-08-27 07:15:00,2026-08-27 15:15:00,94.752,94.752,94.703,94.722,0.0
2026-08-27 10:20:00,2026-08-27 07:20:00,2026-08-27 15:20:00,94.72,94.722,94.67,94.673,0.0
2026-08-27 10:25:00,2026-08-27 07:25:00,2026-08-27 15:25:00,94.675,94.682,94.658,94.67,0.0
2026-08-27 10:30:00,2026-08-27 07:30:00,2026-08-27 15:30:00,94.672,94.686,94.655,94.682,0.0
2026-08-27 10:35:00,2026-08-27 07:35:00,2026-08-27 15:35:00,94.68,94.703,94.678,94.7,0.0
2026-08-27 10:40:00,2026-08-27 07:40:00,2026-08-27 15:40:00,94.696,94.704,94.679,94.692,0.0
2026-08-27 10:45:00,2026-08-27 07:45:00,2026-08-27 15:45:00,94.695,94.708,94.683,94.686,0.0
2026-08-27 10:50:00,2026-08-27 07:50:00,2026-08-27 15:50:00,94.688,94.69,94.659,94.681,0.0
2026-08-27 10:55:00,2026-08-27 07:55:00,2026-08-27 15:55:00,94.681,94.681,94.651,94.658,0.0
2026-08-27 11:00:00,2026-08-27 08:00:00,2026-08-27 16:00:00,94.659,94.704,94.656,94.694,0.0
2026-08-27 11:05:00,2026-08-27 08:05:00,2026-08-27 16:05:00,94.694,94.726,94.689,94.722,0.0
2026-08-27 11:10:00,2026-08-27 08:10:00,2026-08-27 16:10:00,94.722,94.731,94.695,94.699,0.0
2026-08-27 11:15:00,2026-08-27 08:15:00,2026-08-27 16:15:00,94.7,94.721,94.692,94.698,0.0
2026-08-27 11:20:00,2026-08-27 08:20:00,2026-08-27 16:20:00,94.696,94.699,94.673,94.694,0.0
2026-08-27 11:25:00,2026-08-27 08:25:00,2026-08-27 16:25:00,94.694,94.725,94.693,94.716,0.0
2026-08-27 11:30:00,2026-08-27 08:30:00,2026-08-27 16:30:00,94.717,94.727,94.702,94.705,0.0
2026-08-27 11:35:00,2026-08-27 08:35:00,2026-08-27 16:35:00,94.703,94.718,94.687,94.711,0.0
2026-08-27 11:40:00,2026-08-27 08:40:00,2026-08-27 16:40:00,94.712,94.723,94.688,94.694,0.0
2026-08-27 11:45:00,2026-08-27 08:45:00,2026-08-27 16:45:00,94.693,94.7,94.677,94.687,0.0
2026-08-27 11:50:00,2026-08-27 08:50:00,2026-08-27 16:50:00,94.687,94.695,94.665,94.674,0.0
2026-08-27 11:55:00,2026-08-27 08:55:00,2026-08-27 16:55:00,94.674,94.687,94.665,94.669,0.0
2026-08-27 12:00:00,2026-08-27 09:00:00,2026-08-27 17:00:00,94.671,94.68,94.64,94.649,0.0
2026-08-27 12:05:00,2026-08-27 09:05:00,2026-08-27 17:05:00,94.649,94.673,94.643,94.658,0.0
2026-08-27 12:10:00,2026-08-27 09:10:00,2026-08-27 17:10:00,94.659,94.684,94.659,94.672,0.0
2026-08-27 12:15:00,2026-08-27 09:15:00,2026-08-27 17:15:00,94.671,94.691,94.656,94.66,0.0
2026-08-27 12:20:00,2026-08-27 09:20:00,2026-08-27 17:20:00,94.661,94.685,94.66,94.677,0.0
2026-08-27 12:25:00,2026-08-27 09:25:00,2026-08-27 17:25:00,94.677,94.708,94.671,94.703,0.0
2026-08-27 12:30:00,2026-08-27 09:30:00,2026-08-27 17:30:00,94.703,94.706,94.685,94.691,0.0
2026-08-27 12:35:00,2026-08-27 09:35:00,2026-08-27 17:35:00,94.692,94.698,94.672,94.688,0.0
2026-08-27 12:40:00,2026-08-27 09:40:00,2026-08-27 17:40:00,94.688,94.696,94.673,94.691,0.0
2026-08-27 12:45:00,2026-08-27 09:45:00,2026-08-27 17:45:00,94.692,94.715,94.681,94.693,0.0
2026-08-27 12:50:00,2026-08-27 09:50:00,2026-08-27 17:50:00,94.693,94.716,94.689,94.71,0.0
2026-08-27 12:55:00,2026-08-27 09:55:00,2026-08-27 17:55:00,94.712,94.717,94.691,94.696,0.0
2026-08-27 13:00:00,2026-08-27 10:00:00,2026-08-27 18:00:00,94.696,94.712,94.684,94.704,0.0
2026-08-27 13:05:00,2026-08-27 10:05:00,2026-08-27 18:05:00,94.706,94.726,94.7,94.725,0.0
2026-08-27 13:10:00,2026-08-27 10:10:00,2026-08-27 18:10:00,94.725,94.764,94.723,94.758,0.0
2026-08-27 13:15:00,2026-08-27 10:15:00,2026-08-27 18:15:00,94.758,94.764,94.741,94.764,0.0
2026-08-27 13:20:00,2026-08-27 10:20:00,2026-08-27 18:20:00,94.764,94.768,94.731,94.742,0.0
2026-08-27 13:25:00,2026-08-27 10:25:00,2026-08-27 18:25:00,94.742,94.763,94.742,94.754,0.0
2026-08-27 13:30:00,2026-08-27 10:30:00,2026-08-27 18:30:00,94.754,94.76,94.749,94.749,0.0
2026-08-27 13:35:00,2026-08-27 10:35:00,2026-08-27 18:35:00,94.75,94.757,94.735,94.747,0.0
2026-08-27 13:40:00,2026-08-27 10:40:00,2026-08-27 18:40:00,94.748,94.76,94.741,94.76,0.0
2026-08-27 13:45:00,2026-08-27 10:45:00,2026-08-27 18:45:00,94.759,94.767,94.749,94.758,0.0
2026-08-27 13:50:00,2026-08-27 10:50:00,2026-08-27 18:50:00,94.756,94.776,94.75,94.771,0.0
2026-08-27 13:55:00,2026-08-27 10:55:00,2026-08-27 18:55:00,94.772,94.783,94.764,94.775,0.0
2026-08-27 14:00:00,2026-08-27 11:00:00,2026-08-27 19:00:00,94.775,94.778,94.755,94.756,0.0
2026-08-27 14:05:00,2026-08-27 11:05:00,2026-08-27 19:05:00,94.758,94.767,94.75,94.764,0.0
2026-08-27 14:10:00,2026-08-27 11:10:00,2026-08-27 19:10:00,94.764,94.764,94.74,94.752,0.0
2026-08-27 14:15:00,2026-08-27 11:15:00,2026-08-27 19:15:00,94.75,94.777,94.75,94.776,0.0
2026-08-27 14:20:00,2026-08-27 11:20:00,2026-08-27 19:20:00,94.777,94.785,94.767,94.779,0.0
2026-08-27 14:25:00,2026-08-27 11:25:00,2026-08-27 19:25:00,94.778,94.793,94.773,94.779,0.0
2026-08-27 14:30:00,2026-08-27 11:30:00,2026-08-27 19:30:00,94.781,94.804,94.774,94.786,0.0
2026-08-27 14:35:00,2026-08-27 11:35:00,2026-08-27 19:35:00,94.785,94.8,94.77,94.8,0.0
2026-08-27 14:40:00,2026-08-27 11:40:00,2026-08-27 19:40:00,94.8,94.816,94.794,94.811,0.0
2026-08-27 14:45:00,2026-08-27 11:45:00,2026-08-27 19:45:00,94.811,94.827,94.805,94.811,0.0
2026-08-27 14:50:00,2026-08-27 11:50:00,2026-08-27 19:50:00,94.811,94.843,94.807,94.843,0.0
2026-08-27 14:55:00,2026-08-27 11:55:00,2026-08-27 19:55:00,94.842,94.856,94.829,94.846,0.0
2026-08-27 15:00:00,2026-08-27 12:00:00,2026-08-27 20:00:00,94.845,94.879,94.824,94.844,0.0
2026-08-27 15:05:00,2026-08-27 12:05:00,2026-08-27 20:05:00,94.842,94.858,94.833,94.855,0.0
2026-08-27 15:10:00,2026-08-27 12:10:00,2026-08-27 20:10:00,94.855,94.864,94.84,94.844,0.0
2026-08-27 15:15:00,2026-08-27 12:15:00,2026-08-27 20:15:00,94.844,94.857,94.813,94.822,0.0
2026-08-27 15:20:00,2026-08-27 12:20:00,2026-08-27 20:20:00,94.821,94.841,94.807,94.808,0.0
2026-08-27 15:25:00,2026-08-27 12:25:00,2026-08-27 20:25:00,94.808,94.826,94.796,94.818,0.0
2026-08-27 15:30:00,2026-08-27 12:30:00,2026-08-27 20:30:00,94.814,94.843,94.805,94.831,0.0
2026-08-27 15:35:00,2026-08-27 12:35:00,2026-08-27 20:35:00,94.831,94.834,94.776,94.779,0.0
2026-08-27 15:40:00,2026-08-27 12:40:00,2026-08-27 20:40:00,94.779,94.812,94.767,94.802,0.0
2026-08-27 15:45:00,2026-08-27 12:45:00,2026-08-27 20:45:00,94.803,94.811,94.798,94.802,0.0
2026-08-27 15:50:00,2026-08-27 12:50:00,2026-08-27 20:50:00,94.802,94.812,94.781,94.801,0.0
2026-08-27 15:55:00,2026-08-27 12:55:00,2026-08-27 20:55:00,94.801,94.812,94.795,94.8,0.0
2026-08-27 16:00:00,2026-08-27 13:00:00,2026-08-27 21:00:00,94.8,94.852,94.784,94.842,0.0
2026-08-27 16:05:00,2026-08-27 13:05:00,2026-08-27 21:05:00,94.842,94.865,94.825,94.86,0.0
2026-08-27 16:10:00,2026-08-27 13:10:00,2026-08-27 21:10:00,94.859,94.897,94.856,94.887,0.0
2026-08-27 16:15:00,2026-08-27 13:15:00,2026-08-27 21:15:00,94.89,94.897,94.872,94.882,0.0
2026-08-27 16:20:00,2026-08-27 13:20:00,2026-08-27 21:20:00,94.881,94.945,94.875,94.939,0.0
2026-08-27 16:25:00,2026-08-27 13:25:00,2026-08-27 21:25:00,94.939,94.942,94.899,94.899,0.0
2026-08-27 16:30:00,2026-08-27 13:30:00,2026-08-27 21:30:00,94.901,94.905,94.875,94.885,0.0
2026-08-27 16:35:00,2026-08-27 13:35:00,2026-08-27 21:35:00,94.885,94.888,94.861,94.87,0.0
2026-08-27 16:40:00,2026-08-27 13:40:00,2026-08-27 21:40:00,94.87,94.878,94.856,94.864,0.0
2026-08-27 16:45:00,2026-08-27 13:45:00,2026-08-27 21:45:00,94.864,94.866,94.824,94.848,0.0
2026-08-27 16:50:00,2026-08-27 13:50:00,2026-08-27 21:50:00,94.848,94.887,94.84,94.877,0.0
2026-08-27 16:55:00,2026-08-27 13:55:00,2026-08-27 21:55:00,94.877,94.882,94.857,94.859,0.0
2026-08-27 17:00:00,2026-08-27 14:00:00,2026-08-27 22:00:00,94.859,94.869,94.822,94.844,0.0
2026-08-27 17:05:00,2026-08-27 14:05:00,2026-08-27 22:05:00,94.844,94.851,94.816,94.828,0.0
2026-08-27 17:10:00,2026-08-27 14:10:00,2026-08-27 22:10:00,94.827,94.845,94.812,94.824,0.0
2026-08-27 17:15:00,2026-08-27 14:15:00,2026-08-27 22:15:00,94.823,94.85,94.82,94.844,0.0
2026-08-27 17:20:00,2026-08-27 14:20:00,2026-08-27 22:20:00,94.844,94.846,94.794,94.804,0.0
2026-08-27 17:25:00,2026-08-27 14:25:00,2026-08-27 22:25:00,94.804,94.817,94.792,94.795,0.0
2026-08-27 17:30:00,2026-08-27 14:30:00,2026-08-27 22:30:00,94.795,94.799,94.773,94.784,0.0
2026-08-27 17:35:00,2026-08-27 14:35:00,2026-08-27 22:35:00,94.784,94.808,94.766,94.802,0.0
2026-08-27 17:40:00,2026-08-27 14:40:00,2026-08-27 22:40:00,94.8,94.816,94.775,94.812,0.0
2026-08-27 17:45:00,2026-08-27 14:45:00,2026-08-27 22:45:00,94.812,94.825,94.806,94.812,0.0
2026-08-27 17:50:00,2026-08-27 14:50:00,2026-08-27 22:50:00,94.81,94.815,94.776,94.779,0.0
2026-08-27 17:55:00,2026-08-27 14:55:00,2026-08-27 22:55:00,94.78,94.781,94.717,94.752,0.0
2026-08-27 18:00:00,2026-08-27 15:00:00,2026-08-27 23:00:00,94.755,94.763,94.736,94.743,0.0
2026-08-27 18:05:00,2026-08-27 15:05:00,2026-08-27 23:05:00,94.742,94.756,94.724,94.737,0.0
2026-08-27 18:10:00,2026-08-27 15:10:00,2026-08-27 23:10:00,94.736,94.787,94.734,94.781,0.0
2026-08-27 18:15:00,2026-08-27 15:15:00,2026-08-27 23:15:00,94.781,94.79,94.766,94.773,0.0
2026-08-27 18:20:00,2026-08-27 15:20:00,2026-08-27 23:20:00,94.771,94.781,94.76,94.769,0.0
2026-08-27 18:25:00,2026-08-27 15:25:00,2026-08-27 23:25:00,94.769,94.781,94.762,94.773,0.0
2026-08-27 18:30:00,2026-08-27 15:30:00,2026-08-27 23:30:00,94.771,94.793,94.769,94.792,0.0
2026-08-27 18:35:00,2026-08-27 15:35:00,2026-08-27 23:35:00,94.792,94.792,94.775,94.778,0.0
2026-08-27 18:40:00,2026-08-27 15:40:00,2026-08-27 23:40:00,94.778,94.787,94.751,94.753,0.0
2026-08-27 18:45:00,2026-08-27 15:45:00,2026-08-27 23:45:00,94.753,94.764,94.744,94.761,0.0
2026-08-27 18:50:00,2026-08-27 15:50:00,2026-08-27 23:50:00,94.759,94.794,94.757,94.782,0.0
2026-08-27 18:55:00,2026-08-27 15:55:00,2026-08-27 23:55:00,94.778,94.795,94.775,94.788,0.0
2026-08-27 19:00:00,2026-08-27 16:00:00,2026-08-28 00:00:00,94.789,94.797,94.78,94.783,0.0
2026-08-27 19:05:00,2026-08-27 16:05:00,2026-08-28 00:05:00,94.783,94.786,94.756,94.759,0.0
2026-08-27 19:10:00,2026-08-27 16:10:00,2026-08-28 00:10:00,94.758,94.778,94.757,94.778,0.0
2026-08-27 19:15:00,2026-08-27 16:15:00,2026-08-28 00:15:00,94.775,94.778,94.76,94.77,0.0
2026-08-27 19:20:00,2026-08-27 16:20:00,2026-08-28 00:20:00,94.77,94.782,94.761,94.779,0.0
2026-08-27 19:25:00,2026-08-27 16:25:00,2026-08-28 00:25:00,94.778,94.797,94.774,94.774,0.0
2026-08-27 19:30:00,2026-08-27 16:30:00,2026-08-28 00:30:00,94.776,94.783,94.765,94.772,0.0
2026-08-27 19:35:00,2026-08-27 16:35:00,2026-08-28 00:35:00,94.772,94.781,94.765,94.779,0.0
2026-08-27 19:40:00,2026-08-27 16:40:00,2026-08-28 00:40:00,94.778,94.785,94.771,94.784,0.0
2026-08-27 19:45:00,2026-08-27 16:45:00,2026-08-28 00:45:00,94.785,94.801,94.78,94.787,0.0
2026-08-27 19:50:00,2026-08-27 16:50:00,2026-08-28 00:50:00,94.789,94.802,94.782,94.793,0.0
2026-08-27 19:55:00,2026-08-27 16:55:00,2026-08-28 00:55:00,94.793,94.804,94.784,94.802,0.0
2026-08-27 20:00:00,2026-08-27 17:00:00,2026-08-28 01:00:00,94.802,94.811,94.793,94.805,0.0
2026-08-27 20:05:00,2026-08-27 17:05:00,2026-08-28 01:05:00,94.805,94.816,94.797,94.814,0.0
2026-08-27 20:10:00,2026-08-27 17:10:00,2026-08-28 01:10:00,94.814,94.819,94.809,94.815,0.0
2026-08-27 20:15:00,2026-08-27 17:15:00,2026-08-28 01:15:00,94.815,94.817,94.806,94.812,0.0
2026-08-27 20:20:00,2026-08-27 17:20:00,2026-08-28 01:20:00,94.811,94.819,94.795,94.806,0.0
2026-08-27 20:25:00,2026-08-27 17:25:00,2026-08-28 01:25:00,94.808,94.811,94.799,94.806,0.0
2026-08-27 20:30:00,2026-08-27 17:30:00,2026-08-28 01:30:00,94.806,94.819,94.801,94.815,0.0
2026-08-27 20:35:00,2026-08-27 17:35:00,2026-08-28 01:35:00,94.813,94.828,94.811,94.824,0.0
2026-08-27 20:40:00,2026-08-27 17:40:00,2026-08-28 01:40:00,94.824,94.839,94.823,94.827,0.0
2026-08-27 20:45:00,2026-08-27 17:45:00,2026-08-28 01:45:00,94.827,94.833,94.814,94.826,0.0
2026-08-27 20:50:00,2026-08-27 17:50:00,2026-08-28 01:50:00,94.827,94.834,94.82,94.827,0.0
2026-08-27 20:55:00,2026-08-27 17:55:00,2026-08-28 01:55:00,94.827,94.844,94.826,94.837,0.0
2026-08-27 21:00:00,2026-08-27 18:00:00,2026-08-28 02:00:00,94.84,94.852,94.835,94.841,0.0
2026-08-27 21:05:00,2026-08-27 18:05:00,2026-08-28 02:05:00,94.843,94.851,94.838,94.846,0.0
2026-08-27 21:10:00,2026-08-27 18:10:00,2026-08-28 02:10:00,94.845,94.848,94.824,94.829,0.0
2026-08-27 21:15:00,2026-08-27 18:15:00,2026-08-28 02:15:00,94.83,94.834,94.824,94.828,0.0
2026-08-27 21:20:00,2026-08-27 18:20:00,2026-08-28 02:20:00,94.828,94.83,94.812,94.815,0.0
2026-08-27 21:25:00,2026-08-27 18:25:00,2026-08-28 02:25:00,94.813,94.815,94.797,94.801,0.0
2026-08-27 21:30:00,2026-08-27 18:30:00,2026-08-28 02:30:00,94.799,94.807,94.795,94.802,0.0
2026-08-27 21:35:00,2026-08-27 18:35:00,2026-08-28 02:35:00,94.802,94.815,94.8,94.811,0.0
2026-08-27 21:40:00,2026-08-27 18:40:00,2026-08-28 02:40:00,94.811,94.833,94.808,94.823,0.0
2026-08-27 21:45:00,2026-08-27 18:45:00,2026-08-28 02:45:00,94.823,94.836,94.816,94.832,0.0
2026-08-27 21:50:00,2026-08-27 18:50:00,2026-08-28 02:50:00,94.832,94.847,94.828,94.842,0.0
2026-08-27 21:55:00,2026-08-27 18:55:00,2026-08-28 02:55:00,94.842,94.845,94.802,94.842,0.0
2026-08-27 22:00:00,2026-08-27 19:00:00,2026-08-28 03:00:00,94.841,94.844,94.823,94.826,0.0
2026-08-27 22:05:00,2026-08-27 19:05:00,2026-08-28 03:05:00,94.827,94.845,94.825,94.833,0.0
2026-08-27 22:10:00,2026-08-27 19:10:00,2026-08-28 03:10:00,94.833,94.845,94.828,94.837,0.0
2026-08-27 22:15:00,2026-08-27 19:15:00,2026-08-28 03:15:00,94.836,94.854,94.826,94.842,0.0
2026-08-27 22:20:00,2026-08-27 19:20:00,2026-08-28 03:20:00,94.842,94.852,94.831,94.832,0.0
2026-08-27 22:25:00,2026-08-27 19:25:00,2026-08-28 03:25:00,94.832,94.846,94.827,94.833,0.0
2026-08-27 22:30:00,2026-08-27 19:30:00,2026-08-28 03:30:00,94.833,94.844,94.821,94.823,0.0
2026-08-27 22:35:00,2026-08-27 19:35:00,2026-08-28 03:35:00,94.823,94.836,94.822,94.827,0.0
2026-08-27 22:40:00,2026-08-27 19:40:00,2026-08-28 03:40:00,94.829,94.842,94.824,94.83,0.0
2026-08-27 22:45:00,2026-08-27 19:45:00,2026-08-28 03:45:00,94.831,94.845,94.829,94.835,0.0
2026-08-27 22:50:00,2026-08-27 19:50:00,2026-08-28 03:50:00,94.835,94.842,94.815,94.821,0.0
2026-08-27 22:55:00,2026-08-27 19:55:00,2026-08-28 03:55:00,94.821,94.84,94.82,94.836,0.0
2026-08-27 23:00:00,2026-08-27 20:00:00,2026-08-28 04:00:00,94.835,94.85,94.83,94.831,0.0
2026-08-27 23:05:00,2026-08-27 20:05:00,2026-08-28 04:05:00,94.831,94.843,94.825,94.827,0.0
2026-08-27 23:10:00,2026-08-27 20:10:00,2026-08-28 04:10:00,94.826,94.845,94.824,94.827,0.0
2026-08-27 23:15:00,2026-08-27 20:15:00,2026-08-28 04:15:00,94.83,94.839,94.819,94.833,0.0
2026-08-27 23:20:00,2026-08-27 20:20:00,2026-08-28 04:20:00,94.832,94.842,94.825,94.826,0.0
2026-08-27 23:25:00,2026-08-27 20:25:00,2026-08-28 04:25:00,94.826,94.832,94.813,94.815,0.0
2026-08-27 23:30:00,2026-08-27 20:30:00,2026-08-28 04:30:00,94.815,94.832,94.812,94.82,0.0
2026-08-27 23:35:00,2026-08-27 20:35:00,2026-08-28 04:35:00,94.821,94.832,94.814,94.818,0.0
2026-08-27 23:40:00,2026-08-27 20:40:00,2026-08-28 04:40:00,94.818,94.829,94.812,94.813,0.0
2026-08-27 23:45:00,2026-08-27 20:45:00,2026-08-28 04:45:00,94.812,94.834,94.808,94.827,0.0
2026-08-27 23:50:00,2026-08-27 20:50:00,2026-08-28 04:50:00,94.826,94.838,94.823,94.832,0.0
2026-08-27 23:55:00,2026-08-27 20:55:00,2026-08-28 04:55:00,94.832,94.859,94.778,94.793,0.0
2026-08-28 00:00:00,2026-08-27 21:00:00,2026-08-28 05:00:00,94.807,94.83,94.606,94.733,0.0
2026-08-28 00:05:00,2026-08-27 21:05:00,2026-08-28 05:05:00,94.743,94.83,94.628,94.809,0.0
2026-08-28 00:10:00,2026-08-27 21:10:00,2026-08-28 05:10:00,94.799,94.853,94.652,94.8,0.0
2026-08-28 00:15:00,2026-08-27 21:15:00,2026-08-28 05:15:00,94.82,94.847,94.671,94.816,0.0
2026-08-28 00:20:00,2026-08-27 21:20:00,2026-08-28 05:20:00,94.812,94.849,94.69,94.848,0.0
2026-08-28 00:25:00,2026-08-27 21:25:00,2026-08-28 05:25:00,94.849,94.881,94.808,94.87,0.0
2026-08-28 00:30:00,2026-08-27 21:30:00,2026-08-28 05:30:00,94.841,94.879,94.803,94.842,0.0
2026-08-28 00:35:00,2026-08-27 21:35:00,2026-08-28 05:35:00,94.878,94.896,94.777,94.869,0.0
2026-08-28 00:40:00,2026-08-27 21:40:00,2026-08-28 05:40:00,94.865,94.896,94.647,94.829,0.0
2026-08-28 00:45:00,2026-08-27 21:45:00,2026-08-28 05:45:00,94.822,94.848,94.643,94.818,0.0
2026-08-28 00:50:00,2026-08-27 21:50:00,2026-08-28 05:50:00,94.818,94.845,94.777,94.795,0.0
2026-08-28 00:55:00,2026-08-27 21:55:00,2026-08-28 05:55:00,94.82,94.831,94.727,94.809,0.0
2026-08-28 01:00:00,2026-08-27 22:00:00,2026-08-28 06:00:00,94.809,94.841,94.766,94.811,0.0
2026-08-28 01:05:00,2026-08-27 22:05:00,2026-08-28 06:05:00,94.819,94.828,94.809,94.818,0.0
2026-08-28 01:10:00,2026-08-27 22:10:00,2026-08-28 06:10:00,94.819,94.826,94.806,94.824,0.0
2026-08-28 01:15:00,2026-08-27 22:15:00,2026-08-28 06:15:00,94.824,94.842,94.824,94.833,0.0
2026-08-28 01:20:00,2026-08-27 22:20:00,2026-08-28 06:20:00,94.833,94.843,94.83,94.841,0.0
2026-08-28 01:25:00,2026-08-27 22:25:00,2026-08-28 06:25:00,94.841,94.848,94.837,94.846,0.0
2026-08-28 01:30:00,2026-08-27 22:30:00,2026-08-28 06:30:00,94.844,94.87,94.841,94.864,0.0
2026-08-28 01:35:00,2026-08-27 22:35:00,2026-08-28 06:35:00,94.867,94.871,94.856,94.863,0.0
2026-08-28 01:40:00,2026-08-27 22:40:00,2026-08-28 06:40:00,94.864,94.87,94.859,94.862,0.0
2026-08-28 01:45:00,2026-08-27 22:45:00,2026-08-28 06:45:00,94.861,94.864,94.853,94.859,0.0
2026-08-28 01:50:00,2026-08-27 22:50:00,2026-08-28 06:50:00,94.857,94.88,94.855,94.876,0.0
2026-08-28 01:55:00,2026-08-27 22:55:00,2026-08-28 06:55:00,94.873,94.884,94.869,94.875,0.0
2026-08-28 02:00:00,2026-08-27 23:00:00,2026-08-28 07:00:00,94.875,94.891,94.869,94.887,0.0
2026-08-28 02:05:00,2026-08-27 23:05:00,2026-08-28 07:05:00,94.888,94.889,94.876,94.876,0.0
2026-08-28 02:10:00,2026-08-27 23:10:00,2026-08-28 07:10:00,94.879,94.907,94.876,94.895,0.0
2026-08-28 02:15:00,2026-08-27 23:15:00,2026-08-28 07:15:00,94.895,94.903,94.882,94.885,0.0
2026-08-28 02:20:00,2026-08-27 23:20:00,2026-08-28 07:20:00,94.885,94.887,94.867,94.878,0.0
2026-08-28 02:25:00,2026-08-27 23:25:00,2026-08-28 07:25:00,94.879,94.893,94.873,94.874,0.0
2026-08-28 02:30:00,2026-08-27 23:30:00,2026-08-28 07:30:00,94.874,94.89,94.872,94.881,0.0
2026-08-28 02:35:00,2026-08-27 23:35:00,2026-08-28 07:35:00,94.881,94.885,94.855,94.883,0.0
2026-08-28 02:40:00,2026-08-27 23:40:00,2026-08-28 07:40:00,94.884,94.889,94.87,94.878,0.0
2026-08-28 02:45:00,2026-08-27 23:45:00,2026-08-28 07:45:00,94.876,94.886,94.873,94.879,0.0
2026-08-28 02:50:00,2026-08-27 23:50:00,2026-08-28 07:50:00,94.88,94.892,94.867,94.876,0.0
2026-08-28 02:55:00,2026-08-27 23:55:00,2026-08-28 07:55:00,94.877,94.878,94.849,94.855,0.0
2026-08-28 03:00:00,2026-08-28 00:00:00,2026-08-28 08:00:00,94.855,94.883,94.845,94.87,0.0
2026-08-28 03:05:00,2026-08-28 00:05:00,2026-08-28 08:05:00,94.87,94.907,94.864,94.905,0.0
2026-08-28 03:10:00,2026-08-28 00:10:00,2026-08-28 08:10:00,94.905,94.915,94.897,94.904,0.0
2026-08-28 03:15:00,2026-08-28 00:15:00,2026-08-28 08:15:00,94.907,94.913,94.893,94.896,0.0
2026-08-28 03:20:00,2026-08-28 00:20:00,2026-08-28 08:20:00,94.897,94.906,94.893,94.902,0.0
2026-08-28 03:25:00,2026-08-28 00:25:00,2026-08-28 08:25:00,94.902,94.911,94.893,94.911,0.0
2026-08-28 03:30:00,2026-08-28 00:30:00,2026-08-28 08:30:00,94.911,94.914,94.901,94.906,0.0
2026-08-28 03:35:00,2026-08-28 00:35:00,2026-08-28 08:35:00,94.908,94.92,94.898,94.902,0.0
2026-08-28 03:40:00,2026-08-28 00:40:00,2026-08-28 08:40:00,94.899,94.911,94.892,94.911,0.0
2026-08-28 03:45:00,2026-08-28 00:45:00,2026-08-28 08:45:00,94.91,94.917,94.896,94.899,0.0
2026-08-28 03:50:00,2026-08-28 00:50:00,2026-08-28 08:50:00,94.9,94.915,94.874,94.883,0.0
2026-08-28 03:55:00,2026-08-28 00:55:00,2026-08-28 08:55:00,94.879,94.912,94.876,94.907,0.0
2026-08-28 04:00:00,2026-08-28 01:00:00,2026-08-28 09:00:00,94.907,94.949,94.893,94.942,0.0
2026-08-28 04:05:00,2026-08-28 01:05:00,2026-08-28 09:05:00,94.942,94.949,94.931,94.941,0.0
2026-08-28 04:10:00,2026-08-28 01:10:00,2026-08-28 09:10:00,94.942,94.945,94.923,94.926,0.0
2026-08-28 04:15:00,2026-08-28 01:15:00,2026-08-28 09:15:00,94.926,94.954,94.922,94.954,0.0
2026-08-28 04:20:00,2026-08-28 01:20:00,2026-08-28 09:20:00,94.954,94.959,94.942,94.947,0.0
2026-08-28 04:25:00,2026-08-28 01:25:00,2026-08-28 09:25:00,94.944,94.955,94.939,94.953,0.0
2026-08-28 04:30:00,2026-08-28 01:30:00,2026-08-28 09:30:00,94.954,94.986,94.954,94.978,0.0
2026-08-28 04:35:00,2026-08-28 01:35:00,2026-08-28 09:35:00,94.978,95.013,94.97,95.006,0.0
2026-08-28 04:40:00,2026-08-28 01:40:00,2026-08-28 09:40:00,95.008,95.026,94.985,94.989,0.0
2026-08-28 04:45:00,2026-08-28 01:45:00,2026-08-28 09:45:00,94.991,94.993,94.97,94.986,0.0
2026-08-28 04:50:00,2026-08-28 01:50:00,2026-08-28 09:50:00,94.986,95.015,94.984,94.999,0.0
2026-08-28 04:55:00,2026-08-28 01:55:00,2026-08-28 09:55:00,94.999,95.002,94.98,94.993,0.0
2026-08-28 05:00:00,2026-08-28 02:00:00,2026-08-28 10:00:00,94.992,95.006,94.981,94.986,0.0
2026-08-28 05:05:00,2026-08-28 02:05:00,2026-08-28 10:05:00,94.986,94.998,94.985,94.998,0.0
2026-08-28 05:10:00,2026-08-28 02:10:00,2026-08-28 10:10:00,94.997,95.013,94.992,95.001,0.0
2026-08-28 05:15:00,2026-08-28 02:15:00,2026-08-28 10:15:00,95.002,95.009,94.982,95.005,0.0
2026-08-28 05:20:00,2026-08-28 02:20:00,2026-08-28 10:20:00,95.005,95.036,95.0,95.031,0.0
2026-08-28 05:25:00,2026-08-28 02:25:00,2026-08-28 10:25:00,95.033,95.042,95.002,95.011,0.0
2026-08-28 05:30:00,2026-08-28 02:30:00,2026-08-28 10:30:00,95.012,95.054,95.011,95.052,0.0
2026-08-28 05:35:00,2026-08-28 02:35:00,2026-08-28 10:35:00,95.053,95.055,95.024,95.025,0.0
2026-08-28 05:40:00,2026-08-28 02:40:00,2026-08-28 10:40:00,95.026,95.033,95.019,95.025,0.0
2026-08-28 05:45:00,2026-08-28 02:45:00,2026-08-28 10:45:00,95.025,95.078,95.024,95.075,0.0
2026-08-28 05:50:00,2026-08-28 02:50:00,2026-08-28 10:50:00,95.075,95.084,95.066,95.067,0.0
2026-08-28 05:55:00,2026-08-28 02:55:00,2026-08-28 10:55:00,95.065,95.088,95.064,95.083,0.0
2026-08-28 06:00:00,2026-08-28 03:00:00,2026-08-28 11:00:00,95.085,95.113,95.077,95.111,0.0
2026-08-28 06:05:00,2026-08-28 03:05:00,2026-08-28 11:05:00,95.111,95.115,95.091,95.096,0.0
2026-08-28 06:10:00,2026-08-28 03:10:00,2026-08-28 11:10:00,95.095,95.111,95.085,95.104,0.0
2026-08-28 06:15:00,2026-08-28 03:15:00,2026-08-28 11:15:00,95.106,95.111,95.097,95.104,0.0
2026-08-28 06:20:00,2026-08-28 03:20:00,2026-08-28 11:20:00,95.105,95.107,95.094,95.099,0.0
2026-08-28 06:25:00,2026-08-28 03:25:00,2026-08-28 11:25:00,95.101,95.104,95.086,95.096,0.0
2026-08-28 06:30:00,2026-08-28 03:30:00,2026-08-28 11:30:00,95.096,95.117,95.092,95.095,0.0
2026-08-28 06:35:00,2026-08-28 03:35:00,2026-08-28 11:35:00,95.097,95.098,95.068,95.069,0.0
2026-08-28 06:40:00,2026-08-28 03:40:00,2026-08-28 11:40:00,95.069,95.069,95.049,95.05,0.0
2026-08-28 06:45:00,2026-08-28 03:45:00,2026-08-28 11:45:00,95.049,95.054,95.039,95.05,0.0
2026-08-28 06:50:00,2026-08-28 03:50:00,2026-08-28 11:50:00,95.05,95.051,95.038,95.038,0.0
2026-08-28 06:55:00,2026-08-28 03:55:00,2026-08-28 11:55:00,95.04,95.067,95.037,95.065,0.0
2026-08-28 07:00:00,2026-08-28 04:00:00,2026-08-28 12:00:00,95.064,95.076,95.059,95.071,0.0
2026-08-28 07:05:00,2026-08-28 04:05:00,2026-08-28 12:05:00,95.073,95.086,95.069,95.078,0.0
2026-08-28 07:10:00,2026-08-28 04:10:00,2026-08-28 12:10:00,95.078,95.087,95.067,95.085,0.0
2026-08-28 07:15:00,2026-08-28 04:15:00,2026-08-28 12:15:00,95.082,95.112,95.08,95.101,0.0
2026-08-28 07:20:00,2026-08-28 04:20:00,2026-08-28 12:20:00,95.1,95.113,95.098,95.101,0.0
2026-08-28 07:25:00,2026-08-28 04:25:00,2026-08-28 12:25:00,95.101,95.104,95.088,95.095,0.0
2026-08-28 07:30:00,2026-08-28 04:30:00,2026-08-28 12:30:00,95.096,95.105,95.088,95.102,0.0
2026-08-28 07:35:00,2026-08-28 04:35:00,2026-08-28 12:35:00,95.103,95.109,95.086,95.086,0.0
2026-08-28 07:40:00,2026-08-28 04:40:00,2026-08-28 12:40:00,95.086,95.092,95.082,95.084,0.0
2026-08-28 07:45:00,2026-08-28 04:45:00,2026-08-28 12:45:00,95.086,95.106,95.085,95.09,0.0
2026-08-28 07:50:00,2026-08-28 04:50:00,2026-08-28 12:50:00,95.09,95.091,95.078,95.082,0.0
2026-08-28 07:55:00,2026-08-28 04:55:00,2026-08-28 12:55:00,95.08,95.082,95.02,95.023,0.0
2026-08-28 08:00:00,2026-08-28 05:00:00,2026-08-28 13:00:00,95.023,95.063,95.005,95.047,0.0
2026-08-28 08:05:00,2026-08-28 05:05:00,2026-08-28 13:05:00,95.049,95.056,95.032,95.041,0.0
2026-08-28 08:10:00,2026-08-28 05:10:00,2026-08-28 13:10:00,95.044,95.048,95.026,95.038,0.0
2026-08-28 08:15:00,2026-08-28 05:15:00,2026-08-28 13:15:00,95.039,95.06,95.035,95.053,0.0
2026-08-28 08:20:00,2026-08-28 05:20:00,2026-08-28 13:20:00,95.054,95.066,95.048,95.057,0.0
2026-08-28 08:25:00,2026-08-28 05:25:00,2026-08-28 13:25:00,95.058,95.058,95.043,95.054,0.0
2026-08-28 08:30:00,2026-08-28 05:30:00,2026-08-28 13:30:00,95.054,95.077,95.044,95.073,0.0
2026-08-28 08:35:00,2026-08-28 05:35:00,2026-08-28 13:35:00,95.073,95.076,95.022,95.026,0.0
2026-08-28 08:40:00,2026-08-28 05:40:00,2026-08-28 13:40:00,95.028,95.028,95.0,95.006,0.0
2026-08-28 08:45:00,2026-08-28 05:45:00,2026-08-28 13:45:00,95.007,95.02,94.986,95.002,0.0
2026-08-28 08:50:00,2026-08-28 05:50:00,2026-08-28 13:50:00,95.005,95.008,94.99,94.998,0.0
2026-08-28 08:55:00,2026-08-28 05:55:00,2026-08-28 13:55:00,94.998,95.017,94.99,94.992,0.0
2026-08-28 09:00:00,2026-08-28 06:00:00,2026-08-28 14:00:00,94.994,95.031,94.984,95.029,0.0
2026-08-28 09:05:00,2026-08-28 06:05:00,2026-08-28 14:05:00,95.028,95.043,95.023,95.038,0.0
2026-08-28 09:10:00,2026-08-28 06:10:00,2026-08-28 14:10:00,95.039,95.051,95.023,95.046,0.0
2026-08-28 09:15:00,2026-08-28 06:15:00,2026-08-28 14:15:00,95.046,95.056,95.027,95.038,0.0
2026-08-28 09:20:00,2026-08-28 06:20:00,2026-08-28 14:20:00,95.038,95.064,95.028,95.037,0.0
2026-08-28 09:25:00,2026-08-28 06:25:00,2026-08-28 14:25:00,95.037,95.07,95.031,95.058,0.0
2026-08-28 09:30:00,2026-08-28 06:30:00,2026-08-28 14:30:00,95.059,95.063,95.014,95.024,0.0
2026-08-28 09:35:00,2026-08-28 06:35:00,2026-08-28 14:35:00,95.024,95.028,94.993,94.995,0.0
2026-08-28 09:40:00,2026-08-28 06:40:00,2026-08-28 14:40:00,95.001,95.031,94.99,95.026,0.0
2026-08-28 09:45:00,2026-08-28 06:45:00,2026-08-28 14:45:00,95.025,95.039,95.005,95.036,0.0
2026-08-28 09:50:00,2026-08-28 06:50:00,2026-08-28 14:50:00,95.037,95.039,95.023,95.03,0.0
2026-08-28 09:55:00,2026-08-28 06:55:00,2026-08-28 14:55:00,95.029,95.042,95.02,95.025,0.0
2026-08-28 10:00:00,2026-08-28 07:00:00,2026-08-28 15:00:00,95.021,95.035,95.01,95.029,0.0
2026-08-28 10:05:00,2026-08-28 07:05:00,2026-08-28 15:05:00,95.027,95.039,94.994,94.997,0.0
2026-08-28 10:10:00,2026-08-28 07:10:00,2026-08-28 15:10:00,94.994,95.028,94.99,95.012,0.0
2026-08-28 10:15:00,2026-08-28 07:15:00,2026-08-28 15:15:00,95.012,95.017,94.971,94.984,0.0
2026-08-28 10:20:00,2026-08-28 07:20:00,2026-08-28 15:20:00,94.984,95.003,94.973,94.991,0.0
2026-08-28 10:25:00,2026-08-28 07:25:00,2026-08-28 15:25:00,94.993,95.003,94.968,94.979,0.0
2026-08-28 10:30:00,2026-08-28 07:30:00,2026-08-28 15:30:00,94.98,95.039,94.979,95.037,0.0
2026-08-28 10:35:00,2026-08-28 07:35:00,2026-08-28 15:35:00,95.037,95.043,95.002,95.003,0.0
2026-08-28 10:40:00,2026-08-28 07:40:00,2026-08-28 15:40:00,95.003,95.02,94.994,95.014,0.0
2026-08-28 10:45:00,2026-08-28 07:45:00,2026-08-28 15:45:00,95.014,95.035,95.001,95.034,0.0
2026-08-28 10:50:00,2026-08-28 07:50:00,2026-08-28 15:50:00,95.035,95.051,95.032,95.047,0.0
2026-08-28 10:55:00,2026-08-28 07:55:00,2026-08-28 15:55:00,95.047,95.064,95.038,95.041,0.0
2026-08-28 11:00:00,2026-08-28 08:00:00,2026-08-28 16:00:00,95.041,95.067,95.032,95.039,0.0
2026-08-28 11:05:00,2026-08-28 08:05:00,2026-08-28 16:05:00,95.039,95.056,95.028,95.051,0.0
2026-08-28 11:10:00,2026-08-28 08:10:00,2026-08-28 16:10:00,95.051,95.051,95.028,95.049,0.0
2026-08-28 11:15:00,2026-08-28 08:15:00,2026-08-28 16:15:00,95.046,95.071,95.04,95.044,0.0
2026-08-28 11:20:00,2026-08-28 08:20:00,2026-08-28 16:20:00,95.044,95.055,95.021,95.025,0.0
2026-08-28 11:25:00,2026-08-28 08:25:00,2026-08-28 16:25:00,95.025,95.03,95.013,95.026,0.0
2026-08-28 11:30:00,2026-08-28 08:30:00,2026-08-28 16:30:00,95.023,95.029,95.0,95.012,0.0
2026-08-28 11:35:00,2026-08-28 08:35:00,2026-08-28 16:35:00,95.012,95.015,94.987,94.997,0.0
2026-08-28 11:40:00,2026-08-28 08:40:00,2026-08-28 16:40:00,94.997,94.998,94.973,94.983,0.0
2026-08-28 11:45:00,2026-08-28 08:45:00,2026-08-28 16:45:00,94.984,94.991,94.958,94.965,0.0
2026-08-28 11:50:00,2026-08-28 08:50:00,2026-08-28 16:50:00,94.965,94.977,94.957,94.959,0.0
2026-08-28 11:55:00,2026-08-28 08:55:00,2026-08-28 16:55:00,94.959,94.963,94.944,94.946,0.0
2026-08-28 12:00:00,2026-08-28 09:00:00,2026-08-28 17:00:00,94.948,94.969,94.911,94.932,0.0
2026-08-28 12:05:00,2026-08-28 09:05:00,2026-08-28 17:05:00,94.932,94.964,94.93,94.952,0.0
2026-08-28 12:10:00,2026-08-28 09:10:00,2026-08-28 17:10:00,94.952,94.966,94.939,94.953,0.0
2026-08-28 12:15:00,2026-08-28 09:15:00,2026-08-28 17:15:00,94.953,94.985,94.948,94.961,0.0
2026-08-28 12:20:00,2026-08-28 09:20:00,2026-08-28 17:20:00,94.961,94.986,94.952,94.973,0.0
2026-08-28 12:25:00,2026-08-28 09:25:00,2026-08-28 17:25:00,94.973,94.981,94.96,94.961,0.0
2026-08-28 12:30:00,2026-08-28 09:30:00,2026-08-28 17:30:00,94.961,94.977,94.958,94.973,0.0
2026-08-28 12:35:00,2026-08-28 09:35:00,2026-08-28 17:35:00,94.973,94.985,94.961,94.979,0.0
2026-08-28 12:40:00,2026-08-28 09:40:00,2026-08-28 17:40:00,94.979,94.999,94.969,94.998,0.0
2026-08-28 12:45:00,2026-08-28 09:45:00,2026-08-28 17:45:00,94.997,95.001,94.979,94.985,0.0
2026-08-28 12:50:00,2026-08-28 09:50:00,2026-08-28 17:50:00,94.987,94.997,94.978,94.995,0.0
2026-08-28 12:55:00,2026-08-28 09:55:00,2026-08-28 17:55:00,94.996,95.014,94.987,94.991,0.0
2026-08-28 13:00:00,2026-08-28 10:00:00,2026-08-28 18:00:00,94.991,95.01,94.987,95.005,0.0
2026-08-28 13:05:00,2026-08-28 10:05:00,2026-08-28 18:05:00,95.007,95.023,95.002,95.011,0.0
2026-08-28 13:10:00,2026-08-28 10:10:00,2026-08-28 18:10:00,95.011,95.026,95.003,95.018,0.0
2026-08-28 13:15:00,2026-08-28 10:15:00,2026-08-28 18:15:00,95.018,95.022,95.006,95.009,0.0
2026-08-28 13:20:00,2026-08-28 10:20:00,2026-08-28 18:20:00,95.009,95.025,94.998,95.025,0.0
2026-08-28 13:25:00,2026-08-28 10:25:00,2026-08-28 18:25:00,95.025,95.03,95.007,95.025,0.0
2026-08-28 13:30:00,2026-08-28 10:30:00,2026-08-28 18:30:00,95.026,95.039,95.021,95.038,0.0
2026-08-28 13:35:00,2026-08-28 10:35:00,2026-08-28 18:35:00,95.039,95.042,95.022,95.036,0.0
2026-08-28 13:40:00,2026-08-28 10:40:00,2026-08-28 18:40:00,95.036,95.043,95.02,95.034,0.0
2026-08-28 13:45:00,2026-08-28 10:45:00,2026-08-28 18:45:00,95.036,95.044,95.021,95.022,0.0
2026-08-28 13:50:00,2026-08-28 10:50:00,2026-08-28 18:50:00,95.024,95.036,95.013,95.033,0.0
2026-08-28 13:55:00,2026-08-28 10:55:00,2026-08-28 18:55:00,95.033,95.039,95.026,95.032,0.0
2026-08-28 14:00:00,2026-08-28 11:00:00,2026-08-28 19:00:00,95.034,95.039,95.014,95.019,0.0
2026-08-28 14:05:00,2026-08-28 11:05:00,2026-08-28 19:05:00,95.019,95.023,95.001,95.022,0.0
2026-08-28 14:10:00,2026-08-28 11:10:00,2026-08-28 19:10:00,95.022,95.022,94.995,95.003,0.0
2026-08-28 14:15:00,2026-08-28 11:15:00,2026-08-28 19:15:00,95.001,95.005,94.982,94.985,0.0
2026-08-28 14:20:00,2026-08-28 11:20:00,2026-08-28 19:20:00,94.985,94.999,94.976,94.988,0.0
2026-08-28 14:25:00,2026-08-28 11:25:00,2026-08-28 19:25:00,94.988,94.997,94.965,94.987,0.0
2026-08-28 14:30:00,2026-08-28 11:30:00,2026-08-28 19:30:00,94.987,95.001,94.981,94.997,0.0
2026-08-28 14:35:00,2026-08-28 11:35:00,2026-08-28 19:35:00,94.999,94.999,94.959,94.964,0.0
2026-08-28 14:40:00,2026-08-28 11:40:00,2026-08-28 19:40:00,94.963,94.976,94.948,94.948,0.0
2026-08-28 14:45:00,2026-08-28 11:45:00,2026-08-28 19:45:00,94.952,94.961,94.907,94.916,0.0
2026-08-28 14:50:00,2026-08-28 11:50:00,2026-08-28 19:50:00,94.918,94.934,94.9,94.933,0.0
2026-08-28 14:55:00,2026-08-28 11:55:00,2026-08-28 19:55:00,94.933,94.937,94.904,94.904,0.0
2026-08-28 15:00:00,2026-08-28 12:00:00,2026-08-28 20:00:00,94.903,94.915,94.885,94.905,0.0
2026-08-28 15:05:00,2026-08-28 12:05:00,2026-08-28 20:05:00,94.906,94.925,94.905,94.918,0.0
2026-08-28 15:10:00,2026-08-28 12:10:00,2026-08-28 20:10:00,94.918,94.932,94.905,94.924,0.0
2026-08-28 15:15:00,2026-08-28 12:15:00,2026-08-28 20:15:00,94.925,94.925,94.895,94.899,0.0
2026-08-28 15:20:00,2026-08-28 12:20:00,2026-08-28 20:20:00,94.899,94.918,94.899,94.91,0.0
2026-08-28 15:25:00,2026-08-28 12:25:00,2026-08-28 20:25:00,94.909,94.911,94.875,94.878,0.0
2026-08-28 15:30:00,2026-08-28 12:30:00,2026-08-28 20:30:00,94.876,94.879,94.855,94.859,0.0
2026-08-28 15:35:00,2026-08-28 12:35:00,2026-08-28 20:35:00,94.859,94.888,94.858,94.869,0.0
2026-08-28 15:40:00,2026-08-28 12:40:00,2026-08-28 20:40:00,94.867,94.892,94.865,94.885,0.0
2026-08-28 15:45:00,2026-08-28 12:45:00,2026-08-28 20:45:00,94.885,94.904,94.876,94.904,0.0
2026-08-28 15:50:00,2026-08-28 12:50:00,2026-08-28 20:50:00,94.9,94.909,94.886,94.897,0.0
2026-08-28 15:55:00,2026-08-28 12:55:00,2026-08-28 20:55:00,94.897,94.941,94.896,94.932,0.0
2026-08-28 16:00:00,2026-08-28 13:00:00,2026-08-28 21:00:00,94.933,94.982,94.928,94.972,0.0
2026-08-28 16:05:00,2026-08-28 13:05:00,2026-08-28 21:05:00,94.971,94.976,94.946,94.969,0.0
2026-08-28 16:10:00,2026-08-28 13:10:00,2026-08-28 21:10:00,94.969,94.976,94.953,94.959,0.0
2026-08-28 16:15:00,2026-08-28 13:15:00,2026-08-28 21:15:00,94.958,94.971,94.95,94.966,0.0
2026-08-28 16:20:00,2026-08-28 13:20:00,2026-08-28 21:20:00,94.966,94.984,94.959,94.975,0.0
2026-08-28 16:25:00,2026-08-28 13:25:00,2026-08-28 21:25:00,94.975,94.994,94.943,94.948,0.0
2026-08-28 16:30:00,2026-08-28 13:30:00,2026-08-28 21:30:00,94.95,94.981,94.946,94.974,0.0
2026-08-28 16:35:00,2026-08-28 13:35:00,2026-08-28 21:35:00,94.974,94.981,94.953,94.972,0.0
2026-08-28 16:40:00,2026-08-28 13:40:00,2026-08-28 21:40:00,94.972,94.992,94.951,94.977,0.0
2026-08-28 16:45:00,2026-08-28 13:45:00,2026-08-28 21:45:00,94.977,94.982,94.936,94.938,0.0
2026-08-28 16:50:00,2026-08-28 13:50:00,2026-08-28 21:50:00,94.938,94.947,94.917,94.939,0.0
2026-08-28 16:55:00,2026-08-28 13:55:00,2026-08-28 21:55:00,94.942,95.005,94.908,94.92,0.0
2026-08-28 17:00:00,2026-08-28 14:00:00,2026-08-28 22:00:00,94.917,95.026,94.792,94.82,0.0
2026-08-28 17:05:00,2026-08-28 14:05:00,2026-08-28 22:05:00,94.82,94.825,94.652,94.748,0.0
2026-08-28 17:10:00,2026-08-28 14:10:00,2026-08-28 22:10:00,94.745,94.763,94.675,94.732,0.0
2026-08-28 17:15:00,2026-08-28 14:15:00,2026-08-28 22:15:00,94.728,94.791,94.707,94.771,0.0
2026-08-28 17:20:00,2026-08-28 14:20:00,2026-08-28 22:20:00,94.771,94.794,94.696,94.713,0.0
2026-08-28 17:25:00,2026-08-28 14:25:00,2026-08-28 22:25:00,94.711,94.716,94.623,94.698,0.0
2026-08-28 17:30:00,2026-08-28 14:30:00,2026-08-28 22:30:00,94.7,94.771,94.695,94.763,0.0
2026-08-28 17:35:00,2026-08-28 14:35:00,2026-08-28 22:35:00,94.763,94.812,94.732,94.736,0.0
2026-08-28 17:40:00,2026-08-28 14:40:00,2026-08-28 22:40:00,94.737,94.796,94.736,94.772,0.0
2026-08-28 17:45:00,2026-08-28 14:45:00,2026-08-28 22:45:00,94.772,94.783,94.728,94.745,0.0
2026-08-28 17:50:00,2026-08-28 14:50:00,2026-08-28 22:50:00,94.746,94.847,94.734,94.84,0.0
2026-08-28 17:55:00,2026-08-28 14:55:00,2026-08-28 22:55:00,94.84,94.874,94.82,94.826,0.0
2026-08-28 18:00:00,2026-08-28 15:00:00,2026-08-28 23:00:00,94.825,94.849,94.79,94.805,0.0
2026-08-28 18:05:00,2026-08-28 15:05:00,2026-08-28 23:05:00,94.804,94.807,94.764,94.77,0.0
2026-08-28 18:10:00,2026-08-28 15:10:00,2026-08-28 23:10:00,94.771,94.777,94.73,94.743,0.0
2026-08-28 18:15:00,2026-08-28 15:15:00,2026-08-28 23:15:00,94.744,94.76,94.725,94.727,0.0
2026-08-28 18:20:00,2026-08-28 15:20:00,2026-08-28 23:20:00,94.73,94.747,94.71,94.73,0.0
2026-08-28 18:25:00,2026-08-28 15:25:00,2026-08-28 23:25:00,94.731,94.774,94.716,94.731,0.0
2026-08-28 18:30:00,2026-08-28 15:30:00,2026-08-28 23:30:00,94.732,94.746,94.68,94.692,0.0
2026-08-28 18:35:00,2026-08-28 15:35:00,2026-08-28 23:35:00,94.692,94.703,94.657,94.668,0.0
2026-08-28 18:40:00,2026-08-28 15:40:00,2026-08-28 23:40:00,94.668,94.675,94.635,94.666,0.0
2026-08-28 18:45:00,2026-08-28 15:45:00,2026-08-28 23:45:00,94.669,94.689,94.629,94.636,0.0
2026-08-28 18:50:00,2026-08-28 15:50:00,2026-08-28 23:50:00,94.636,94.65,94.61,94.618,0.0
2026-08-28 18:55:00,2026-08-28 15:55:00,2026-08-28 23:55:00,94.62,94.622,94.581,94.596,0.0
2026-08-28 19:00:00,2026-08-28 16:00:00,2026-08-29 00:00:00,94.595,94.597,94.576,94.587,0.0
2026-08-28 19:05:00,2026-08-28 16:05:00,2026-08-29 00:05:00,94.585,94.615,94.573,94.611,0.0
2026-08-28 19:10:00,2026-08-28 16:10:00,2026-08-29 00:10:00,94.61,94.611,94.572,94.575,0.0
2026-08-28 19:15:00,2026-08-28 16:15:00,2026-08-29 00:15:00,94.575,94.589,94.548,94.559,0.0
2026-08-28 19:20:00,2026-08-28 16:20:00,2026-08-29 00:20:00,94.559,94.595,94.549,94.575,0.0
2026-08-28 19:25:00,2026-08-28 16:25:00,2026-08-29 00:25:00,94.575,94.619,94.572,94.611,0.0
2026-08-28 19:30:00,2026-08-28 16:30:00,2026-08-29 00:30:00,94.61,94.647,94.608,94.62,0.0
2026-08-28 19:35:00,2026-08-28 16:35:00,2026-08-29 00:35:00,94.622,94.639,94.616,94.632,0.0
2026-08-28 19:40:00,2026-08-28 16:40:00,2026-08-29 00:40:00,94.631,94.645,94.609,94.621,0.0
2026-08-28 19:45:00,2026-08-28 16:45:00,2026-08-29 00:45:00,94.62,94.661,94.619,94.657,0.0
2026-08-28 19:50:00,2026-08-28 16:50:00,2026-08-29 00:50:00,94.657,94.677,94.645,94.656,0.0
2026-08-28 19:55:00,2026-08-28 16:55:00,2026-08-29 00:55:00,94.658,94.662,94.643,94.653,0.0
2026-08-28 20:00:00,2026-08-28 17:00:00,2026-08-29 01:00:00,94.653,94.657,94.623,94.625,0.0
2026-08-28 20:05:00,2026-08-28 17:05:00,2026-08-29 01:05:00,94.624,94.656,94.615,94.639,0.0
2026-08-28 20:10:00,2026-08-28 17:10:00,2026-08-29 01:10:00,94.64,94.669,94.629,94.666,0.0
2026-08-28 20:15:00,2026-08-28 17:15:00,2026-08-29 01:15:00,94.667,94.672,94.655,94.669,0.0
2026-08-28 20:20:00,2026-08-28 17:20:00,2026-08-29 01:20:00,94.671,94.68,94.659,94.671,0.0
2026-08-28 20:25:00,2026-08-28 17:25:00,2026-08-29 01:25:00,94.671,94.673,94.65,94.653,0.0
2026-08-28 20:30:00,2026-08-28 17:30:00,2026-08-29 01:30:00,94.65,94.656,94.636,94.643,0.0
2026-08-28 20:35:00,2026-08-28 17:35:00,2026-08-29 01:35:00,94.644,94.66,94.62,94.62,0.0
2026-08-28 20:40:00,2026-08-28 17:40:00,2026-08-29 01:40:00,94.62,94.639,94.618,94.637,0.0
2026-08-28 20:45:00,2026-08-28 17:45:00,2026-08-29 01:45:00,94.637,94.652,94.629,94.641,0.0
2026-08-28 20:50:00,2026-08-28 17:50:00,2026-08-29 01:50:00,94.641,94.648,94.633,94.641,0.0
2026-08-28 20:55:00,2026-08-28 17:55:00,2026-08-29 01:55:00,94.641,94.644,94.628,94.639,0.0
2026-08-28 21:00:00,2026-08-28 18:00:00,2026-08-29 02:00:00,94.64,94.641,94.616,94.618,0.0
2026-08-28 21:05:00,2026-08-28 18:05:00,2026-08-29 02:05:00,94.618,94.643,94.616,94.63,0.0
2026-08-28 21:10:00,2026-08-28 18:10:00,2026-08-29 02:10:00,94.629,94.635,94.617,94.618,0.0
2026-08-28 21:15:00,2026-08-28 18:15:00,2026-08-29 02:15:00,94.618,94.635,94.61,94.615,0.0
2026-08-28 21:20:00,2026-08-28 18:20:00,2026-08-29 02:20:00,94.615,94.625,94.609,94.61,0.0
2026-08-28 21:25:00,2026-08-28 18:25:00,2026-08-29 02:25:00,94.608,94.638,94.608,94.626,0.0
2026-08-28 21:30:00,2026-08-28 18:30:00,2026-08-29 02:30:00,94.626,94.632,94.614,94.63,0.0
2026-08-28 21:35:00,2026-08-28 18:35:00,2026-08-29 02:35:00,94.63,94.638,94.611,94.615,0.0
2026-08-28 21:40:00,2026-08-28 18:40:00,2026-08-29 02:40:00,94.615,94.63,94.606,94.62,0.0
2026-08-28 21:45:00,2026-08-28 18:45:00,2026-08-29 02:45:00,94.623,94.625,94.6,94.603,0.0
2026-08-28 21:50:00,2026-08-28 18:50:00,2026-08-29 02:50:00,94.604,94.617,94.599,94.604,0.0
2026-08-28 21:55:00,2026-08-28 18:55:00,2026-08-29 02:55:00,94.604,94.613,94.599,94.61,0.0
2026-08-28 22:00:00,2026-08-28 19:00:00,2026-08-29 03:00:00,94.61,94.619,94.589,94.59,0.0
2026-08-28 22:05:00,2026-08-28 19:05:00,2026-08-29 03:05:00,94.593,94.615,94.589,94.613,0.0
2026-08-28 22:10:00,2026-08-28 19:10:00,2026-08-29 03:10:00,94.614,94.628,94.609,94.623,0.0
2026-08-28 22:15:00,2026-08-28 19:15:00,2026-08-29 03:15:00,94.624,94.633,94.62,94.63,0.0
2026-08-28 22:20:00,2026-08-28 19:20:00,2026-08-29 03:20:00,94.63,94.641,94.629,94.632,0.0
2026-08-28 22:25:00,2026-08-28 19:25:00,2026-08-29 03:25:00,94.636,94.648,94.631,94.642,0.0
2026-08-28 22:30:00,2026-08-28 19:30:00,2026-08-29 03:30:00,94.645,94.662,94.641,94.656,0.0
2026-08-28 22:35:00,2026-08-28 19:35:00,2026-08-29 03:35:00,94.656,94.669,94.645,94.666,0.0
2026-08-28 22:40:00,2026-08-28 19:40:00,2026-08-29 03:40:00,94.666,94.676,94.659,94.667,0.0
2026-08-28 22:45:00,2026-08-28 19:45:00,2026-08-29 03:45:00,94.667,94.67,94.647,94.658,0.0
2026-08-28 22:50:00,2026-08-28 19:50:00,2026-08-29 03:50:00,94.658,94.668,94.651,94.655,0.0
2026-08-28 22:55:00,2026-08-28 19:55:00,2026-08-29 03:55:00,94.654,94.665,94.64,94.65,0.0
2026-08-28 23:00:00,2026-08-28 20:00:00,2026-08-29 04:00:00,94.651,94.66,94.643,94.652,0.0
2026-08-28 23:05:00,2026-08-28 20:05:00,2026-08-29 04:05:00,94.65,94.658,94.631,94.642,0.0
2026-08-28 23:10:00,2026-08-28 20:10:00,2026-08-29 04:10:00,94.642,94.648,94.638,94.642,0.0
2026-08-28 23:15:00,2026-08-28 20:15:00,2026-08-29 04:15:00,94.641,94.647,94.636,94.641,0.0
2026-08-28 23:20:00,2026-08-28 20:20:00,2026-08-29 04:20:00,94.641,94.641,94.616,94.629,0.0
2026-08-28 23:25:00,2026-08-28 20:25:00,2026-08-29 04:25:00,94.63,94.633,94.606,94.612,0.0
2026-08-28 23:30:00,2026-08-28 20:30:00,2026-08-29 04:30:00,94.611,94.625,94.611,94.621,0.0
2026-08-28 23:35:00,2026-08-28 20:35:00,2026-08-29 04:35:00,94.621,94.634,94.617,94.617,0.0
2026-08-28 23:40:00,2026-08-28 20:40:00,2026-08-29 04:40:00,94.617,94.65,94.617,94.643,0.0
2026-08-28 23:45:00,2026-08-28 20:45:00,2026-08-29 04:45:00,94.643,94.655,94.637,94.642,0.0
2026-08-28 23:50:00,2026-08-28 20:50:00,2026-08-29 04:50:00,94.642,94.665,94.641,94.649,0.0
2026-08-28 23:55:00,2026-08-28 20:55:00,2026-08-29 04:55:00,94.646,94.691,94.515,94.597,0.0
2026-08-29 00:00:00,2026-08-28 21:00:00,2026-08-29 05:00:00,94.642,94.642,94.642,94.642,0.0
2026-08-29 00:05:00,2026-08-28 21:05:00,2026-08-29 05:05:00,94.634,94.634,94.634,94.634,0.0
2026-08-29 00:10:00,2026-08-28 21:10:00,2026-08-29 05:10:00,94.634,94.634,94.634,94.634,0.0
2026-08-29 00:15:00,2026-08-28 21:15:00,2026-08-29 05:15:00,94.634,94.634,94.634,94.634,0.0
2026-08-29 00:20:00,2026-08-28 21:20:00,2026-08-29 05:20:00,94.634,94.634,94.634,94.634,0.0
2026-08-29 00:25:00,2026-08-28 21:25:00,2026-08-29 05:25:00,94.634,94.634,94.634,94.634,0.0
2026-08-31 02:00:00,2026-08-30 23:00:00,2026-08-31 07:00:00,94.694,94.713,94.694,94.705,0.0
2026-08-31 02:05:00,2026-08-30 23:05:00,2026-08-31 07:05:00,94.705,94.763,94.701,94.763,0.0
2026-08-31 02:10:00,2026-08-30 23:10:00,2026-08-31 07:10:00,94.756,94.767,94.749,94.754,0.0
2026-08-31 02:15:00,2026-08-30 23:15:00,2026-08-31 07:15:00,94.753,94.766,94.747,94.759,0.0
2026-08-31 02:20:00,2026-08-30 23:20:00,2026-08-31 07:20:00,94.759,94.761,94.747,94.75,0.0
2026-08-31 02:25:00,2026-08-30 23:25:00,2026-08-31 07:25:00,94.75,94.754,94.744,94.747,0.0
2026-08-31 02:30:00,2026-08-30 23:30:00,2026-08-31 07:30:00,94.747,94.762,94.729,94.75,0.0
2026-08-31 02:35:00,2026-08-30 23:35:00,2026-08-31 07:35:00,94.752,94.758,94.745,94.755,0.0
2026-08-31 02:40:00,2026-08-30 23:40:00,2026-08-31 07:40:00,94.755,94.758,94.738,94.752,0.0
2026-08-31 02:45:00,2026-08-30 23:45:00,2026-08-31 07:45:00,94.75,94.766,94.72,94.727,0.0
2026-08-31 02:50:00,2026-08-30 23:50:00,2026-08-31 07:50:00,94.726,94.762,94.723,94.761,0.0
2026-08-31 02:55:00,2026-08-30 23:55:00,2026-08-31 07:55:00,94.761,94.783,94.746,94.768,0.0
2026-08-31 03:00:00,2026-08-31 00:00:00,2026-08-31 08:00:00,94.77,94.775,94.692,94.7,0.0
2026-08-31 03:05:00,2026-08-31 00:05:00,2026-08-31 08:05:00,94.701,94.716,94.685,94.715,0.0
2026-08-31 03:10:00,2026-08-31 00:10:00,2026-08-31 08:10:00,94.714,94.727,94.697,94.699,0.0
2026-08-31 03:15:00,2026-08-31 00:15:00,2026-08-31 08:15:00,94.699,94.703,94.674,94.677,0.0
2026-08-31 03:20:00,2026-08-31 00:20:00,2026-08-31 08:20:00,94.677,94.683,94.656,94.66,0.0
2026-08-31 03:25:00,2026-08-31 00:25:00,2026-08-31 08:25:00,94.659,94.662,94.619,94.633,0.0
2026-08-31 03:30:00,2026-08-31 00:30:00,2026-08-31 08:30:00,94.633,94.677,94.631,94.67,0.0
2026-08-31 03:35:00,2026-08-31 00:35:00,2026-08-31 08:35:00,94.67,94.684,94.662,94.677,0.0
2026-08-31 03:40:00,2026-08-31 00:40:00,2026-08-31 08:40:00,94.678,94.697,94.668,94.686,0.0
2026-08-31 03:45:00,2026-08-31 00:45:00,2026-08-31 08:45:00,94.686,94.687,94.651,94.654,0.0
2026-08-31 03:50:00,2026-08-31 00:50:00,2026-08-31 08:50:00,94.656,94.67,94.62,94.648,0.0
2026-08-31 03:55:00,2026-08-31 00:55:00,2026-08-31 08:55:00,94.646,94.66,94.608,94.614,0.0
2026-08-31 04:00:00,2026-08-31 01:00:00,2026-08-31 09:00:00,94.613,94.619,94.548,94.562,0.0
2026-08-31 04:05:00,2026-08-31 01:05:00,2026-08-31 09:05:00,94.562,94.568,94.486,94.493,0.0
2026-08-31 04:10:00,2026-08-31 01:10:00,2026-08-31 09:10:00,94.491,94.497,94.461,94.471,0.0
2026-08-31 04:15:00,2026-08-31 01:15:00,2026-08-31 09:15:00,94.471,94.481,94.389,94.403,0.0
2026-08-31 04:20:00,2026-08-31 01:20:00,2026-08-31 09:20:00,94.402,94.409,94.326,94.336,0.0
2026-08-31 04:25:00,2026-08-31 01:25:00,2026-08-31 09:25:00,94.337,94.406,94.324,94.398,0.0
2026-08-31 04:30:00,2026-08-31 01:30:00,2026-08-31 09:30:00,94.397,94.428,94.367,94.425,0.0
2026-08-31 04:35:00,2026-08-31 01:35:00,2026-08-31 09:35:00,94.425,94.469,94.418,94.466,0.0
2026-08-31 04:40:00,2026-08-31 01:40:00,2026-08-31 09:40:00,94.467,94.51,94.459,94.509,0.0
2026-08-31 04:45:00,2026-08-31 01:45:00,2026-08-31 09:45:00,94.509,94.521,94.466,94.494,0.0
2026-08-31 04:50:00,2026-08-31 01:50:00,2026-08-31 09:50:00,94.494,94.497,94.477,94.485,0.0
2026-08-31 04:55:00,2026-08-31 01:55:00,2026-08-31 09:55:00,94.485,94.507,94.478,94.502,0.0
2026-08-31 05:00:00,2026-08-31 02:00:00,2026-08-31 10:00:00,94.502,94.536,94.499,94.532,0.0
2026-08-31 05:05:00,2026-08-31 02:05:00,2026-08-31 10:05:00,94.532,94.562,94.531,94.543,0.0
2026-08-31 05:10:00,2026-08-31 02:10:00,2026-08-31 10:10:00,94.543,94.557,94.527,94.531,0.0
2026-08-31 05:15:00,2026-08-31 02:15:00,2026-08-31 10:15:00,94.531,94.546,94.507,94.516,0.0
2026-08-31 05:20:00,2026-08-31 02:20:00,2026-08-31 10:20:00,94.516,94.523,94.49,94.52,0.0
2026-08-31 05:25:00,2026-08-31 02:25:00,2026-08-31 10:25:00,94.521,94.533,94.497,94.528,0.0
2026-08-31 05:30:00,2026-08-31 02:30:00,2026-08-31 10:30:00,94.529,94.553,94.513,94.54,0.0
2026-08-31 05:35:00,2026-08-31 02:35:00,2026-08-31 10:35:00,94.54,94.552,94.511,94.527,0.0
2026-08-31 05:40:00,2026-08-31 02:40:00,2026-08-31 10:40:00,94.526,94.529,94.475,94.502,0.0
2026-08-31 05:45:00,2026-08-31 02:45:00,2026-08-31 10:45:00,94.504,94.533,94.497,94.509,0.0
2026-08-31 05:50:00,2026-08-31 02:50:00,2026-08-31 10:50:00,94.509,94.536,94.509,94.532,0.0
2026-08-31 05:55:00,2026-08-31 02:55:00,2026-08-31 10:55:00,94.531,94.561,94.529,94.547,0.0
2026-08-31 06:00:00,2026-08-31 03:00:00,2026-08-31 11:00:00,94.548,94.558,94.534,94.545,0.0
2026-08-31 06:05:00,2026-08-31 03:05:00,2026-08-31 11:05:00,94.545,94.577,94.545,94.574,0.0
2026-08-31 06:10:00,2026-08-31 03:10:00,2026-08-31 11:10:00,94.574,94.597,94.573,94.592,0.0
2026-08-31 06:15:00,2026-08-31 03:15:00,2026-08-31 11:15:00,94.592,94.611,94.581,94.596,0.0
2026-08-31 06:20:00,2026-08-31 03:20:00,2026-08-31 11:20:00,94.596,94.62,94.589,94.606,0.0
2026-08-31 06:25:00,2026-08-31 03:25:00,2026-08-31 11:25:00,94.606,94.61,94.591,94.599,0.0
2026-08-31 06:30:00,2026-08-31 03:30:00,2026-08-31 11:30:00,94.599,94.61,94.581,94.607,0.0
2026-08-31 06:35:00,2026-08-31 03:35:00,2026-08-31 11:35:00,94.607,94.612,94.583,94.584,0.0
2026-08-31 06:40:00,2026-08-31 03:40:00,2026-08-31 11:40:00,94.585,94.613,94.581,94.604,0.0
2026-08-31 06:45:00,2026-08-31 03:45:00,2026-08-31 11:45:00,94.604,94.604,94.588,94.599,0.0
2026-08-31 06:50:00,2026-08-31 03:50:00,2026-08-31 11:50:00,94.6,94.604,94.589,94.598,0.0
2026-08-31 06:55:00,2026-08-31 03:55:00,2026-08-31 11:55:00,94.598,94.61,94.597,94.605,0.0
2026-08-31 07:00:00,2026-08-31 04:00:00,2026-08-31 12:00:00,94.606,94.609,94.58,94.583,0.0
2026-08-31 07:05:00,2026-08-31 04:05:00,2026-08-31 12:05:00,94.582,94.589,94.564,94.583,0.0
2026-08-31 07:10:00,2026-08-31 04:10:00,2026-08-31 12:10:00,94.585,94.591,94.577,94.584,0.0
2026-08-31 07:15:00,2026-08-31 04:15:00,2026-08-31 12:15:00,94.584,94.599,94.577,94.584,0.0
2026-08-31 07:20:00,2026-08-31 04:20:00,2026-08-31 12:20:00,94.584,94.589,94.566,94.583,0.0
2026-08-31 07:25:00,2026-08-31 04:25:00,2026-08-31 12:25:00,94.583,94.593,94.561,94.581,0.0
2026-08-31 07:30:00,2026-08-31 04:30:00,2026-08-31 12:30:00,94.582,94.587,94.563,94.568,0.0
2026-08-31 07:35:00,2026-08-31 04:35:00,2026-08-31 12:35:00,94.568,94.575,94.561,94.567,0.0
2026-08-31 07:40:00,2026-08-31 04:40:00,2026-08-31 12:40:00,94.568,94.568,94.536,94.542,0.0
2026-08-31 07:45:00,2026-08-31 04:45:00,2026-08-31 12:45:00,94.542,94.56,94.541,94.55,0.0
2026-08-31 07:50:00,2026-08-31 04:50:00,2026-08-31 12:50:00,94.55,94.579,94.549,94.579,0.0
2026-08-31 07:55:00,2026-08-31 04:55:00,2026-08-31 12:55:00,94.578,94.588,94.562,94.587,0.0
2026-08-31 08:00:00,2026-08-31 05:00:00,2026-08-31 13:00:00,94.586,94.589,94.548,94.55,0.0
2026-08-31 08:05:00,2026-08-31 05:05:00,2026-08-31 13:05:00,94.551,94.552,94.529,94.533,0.0
2026-08-31 08:10:00,2026-08-31 05:10:00,2026-08-31 13:10:00,94.535,94.548,94.521,94.546,0.0
2026-08-31 08:15:00,2026-08-31 05:15:00,2026-08-31 13:15:00,94.544,94.572,94.539,94.566,0.0
2026-08-31 08:20:00,2026-08-31 05:20:00,2026-08-31 13:20:00,94.568,94.573,94.543,94.553,0.0
2026-08-31 08:25:00,2026-08-31 05:25:00,2026-08-31 13:25:00,94.553,94.573,94.549,94.56,0.0
2026-08-31 08:30:00,2026-08-31 05:30:00,2026-08-31 13:30:00,94.559,94.562,94.525,94.527,0.0
2026-08-31 08:35:00,2026-08-31 05:35:00,2026-08-31 13:35:00,94.526,94.538,94.512,94.521,0.0
2026-08-31 08:40:00,2026-08-31 05:40:00,2026-08-31 13:40:00,94.521,94.561,94.52,94.555,0.0
2026-08-31 08:45:00,2026-08-31 05:45:00,2026-08-31 13:45:00,94.555,94.562,94.54,94.544,0.0
2026-08-31 08:50:00,2026-08-31 05:50:00,2026-08-31 13:50:00,94.545,94.558,94.532,94.555,0.0
2026-08-31 08:55:00,2026-08-31 05:55:00,2026-08-31 13:55:00,94.557,94.574,94.548,94.572,0.0
2026-08-31 09:00:00,2026-08-31 06:00:00,2026-08-31 14:00:00,94.571,94.581,94.525,94.528,0.0
2026-08-31 09:05:00,2026-08-31 06:05:00,2026-08-31 14:05:00,94.528,94.532,94.511,94.52,0.0
2026-08-31 09:10:00,2026-08-31 06:10:00,2026-08-31 14:10:00,94.52,94.532,94.508,94.526,0.0
2026-08-31 09:15:00,2026-08-31 06:15:00,2026-08-31 14:15:00,94.528,94.552,94.522,94.549,0.0
2026-08-31 09:20:00,2026-08-31 06:20:00,2026-08-31 14:20:00,94.548,94.575,94.541,94.564,0.0
2026-08-31 09:25:00,2026-08-31 06:25:00,2026-08-31 14:25:00,94.563,94.573,94.55,94.569,0.0
2026-08-31 09:30:00,2026-08-31 06:30:00,2026-08-31 14:30:00,94.569,94.585,94.555,94.577,0.0
2026-08-31 09:35:00,2026-08-31 06:35:00,2026-08-31 14:35:00,94.577,94.596,94.573,94.59,0.0
2026-08-31 09:40:00,2026-08-31 06:40:00,2026-08-31 14:40:00,94.59,94.59,94.546,94.552,0.0
2026-08-31 09:45:00,2026-08-31 06:45:00,2026-08-31 14:45:00,94.552,94.574,94.548,94.559,0.0
2026-08-31 09:50:00,2026-08-31 06:50:00,2026-08-31 14:50:00,94.559,94.562,94.535,94.543,0.0
2026-08-31 09:55:00,2026-08-31 06:55:00,2026-08-31 14:55:00,94.543,94.551,94.525,94.525,0.0
2026-08-31 10:00:00,2026-08-31 07:00:00,2026-08-31 15:00:00,94.527,94.536,94.492,94.515,0.0
2026-08-31 10:05:00,2026-08-31 07:05:00,2026-08-31 15:05:00,94.515,94.524,94.492,94.509,0.0
2026-08-31 10:10:00,2026-08-31 07:10:00,2026-08-31 15:10:00,94.509,94.514,94.438,94.439,0.0
2026-08-31 10:15:00,2026-08-31 07:15:00,2026-08-31 15:15:00,94.44,94.442,94.39,94.429,0.0
2026-08-31 10:20:00,2026-08-31 07:20:00,2026-08-31 15:20:00,94.431,94.446,94.418,94.419,0.0
2026-08-31 10:25:00,2026-08-31 07:25:00,2026-08-31 15:25:00,94.425,94.454,94.415,94.451,0.0
2026-08-31 10:30:00,2026-08-31 07:30:00,2026-08-31 15:30:00,94.451,94.459,94.424,94.447,0.0
2026-08-31 10:35:00,2026-08-31 07:35:00,2026-08-31 15:35:00,94.448,94.453,94.415,94.421,0.0
2026-08-31 10:40:00,2026-08-31 07:40:00,2026-08-31 15:40:00,94.422,94.43,94.401,94.421,0.0
2026-08-31 10:45:00,2026-08-31 07:45:00,2026-08-31 15:45:00,94.421,94.437,94.408,94.432,0.0
2026-08-31 10:50:00,2026-08-31 07:50:00,2026-08-31 15:50:00,94.432,94.446,94.41,94.413,0.0
2026-08-31 10:55:00,2026-08-31 07:55:00,2026-08-31 15:55:00,94.412,94.444,94.402,94.437,0.0
2026-08-31 11:00:00,2026-08-31 08:00:00,2026-08-31 16:00:00,94.437,94.452,94.412,94.431,0.0
2026-08-31 11:05:00,2026-08-31 08:05:00,2026-08-31 16:05:00,94.431,94.44,94.405,94.427,0.0
2026-08-31 11:10:00,2026-08-31 08:10:00,2026-08-31 16:10:00,94.427,94.431,94.409,94.414,0.0
2026-08-31 11:15:00,2026-08-31 08:15:00,2026-08-31 16:15:00,94.414,94.431,94.397,94.407,0.0
2026-08-31 11:20:00,2026-08-31 08:20:00,2026-08-31 16:20:00,94.407,94.413,94.384,94.411,0.0
2026-08-31 11:25:00,2026-08-31 08:25:00,2026-08-31 16:25:00,94.411,94.436,94.404,94.424,0.0
2026-08-31 11:30:00,2026-08-31 08:30:00,2026-08-31 16:30:00,94.424,94.43,94.4,94.406,0.0
2026-08-31 11:35:00,2026-08-31 08:35:00,2026-08-31 16:35:00,94.404,94.41,94.384,94.393,0.0
2026-08-31 11:40:00,2026-08-31 08:40:00,2026-08-31 16:40:00,94.394,94.42,94.387,94.413,0.0
2026-08-31 11:45:00,2026-08-31 08:45:00,2026-08-31 16:45:00,94.413,94.425,94.404,94.414,0.0
2026-08-31 11:50:00,2026-08-31 08:50:00,2026-08-31 16:50:00,94.411,94.44,94.41,94.43,0.0
2026-08-31 11:55:00,2026-08-31 08:55:00,2026-08-31 16:55:00,94.432,94.476,94.43,94.47,0.0
2026-08-31 12:00:00,2026-08-31 09:00:00,2026-08-31 17:00:00,94.47,94.498,94.462,94.484,0.0
2026-08-31 12:05:00,2026-08-31 09:05:00,2026-08-31 17:05:00,94.485,94.511,94.476,94.488,0.0
2026-08-31 12:10:00,2026-08-31 09:10:00,2026-08-31 17:10:00,94.488,94.494,94.468,94.475,0.0
2026-08-31 12:15:00,2026-08-31 09:15:00,2026-08-31 17:15:00,94.476,94.484,94.455,94.46,0.0
2026-08-31 12:20:00,2026-08-31 09:20:00,2026-08-31 17:20:00,94.46,94.46,94.443,94.444,0.0
2026-08-31 12:25:00,2026-08-31 09:25:00,2026-08-31 17:25:00,94.444,94.46,94.434,94.437,0.0
2026-08-31 12:30:00,2026-08-31 09:30:00,2026-08-31 17:30:00,94.437,94.452,94.432,94.444,0.0
2026-08-31 12:35:00,2026-08-31 09:35:00,2026-08-31 17:35:00,94.444,94.473,94.434,94.461,0.0
2026-08-31 12:40:00,2026-08-31 09:40:00,2026-08-31 17:40:00,94.461,94.485,94.457,94.484,0.0
2026-08-31 12:45:00,2026-08-31 09:45:00,2026-08-31 17:45:00,94.483,94.498,94.482,94.486,0.0
2026-08-31 12:50:00,2026-08-31 09:50:00,2026-08-31 17:50:00,94.484,94.489,94.469,94.471,0.0
2026-08-31 12:55:00,2026-08-31 09:55:00,2026-08-31 17:55:00,94.471,94.478,94.46,94.473,0.0
2026-08-31 13:00:00,2026-08-31 10:00:00,2026-08-31 18:00:00,94.471,94.487,94.463,94.484,0.0
2026-08-31 13:05:00,2026-08-31 10:05:00,2026-08-31 18:05:00,94.483,94.521,94.48,94.516,0.0
2026-08-31 13:10:00,2026-08-31 10:10:00,2026-08-31 18:10:00,94.519,94.521,94.491,94.494,0.0
2026-08-31 13:15:00,2026-08-31 10:15:00,2026-08-31 18:15:00,94.494,94.506,94.488,94.495,0.0
2026-08-31 13:20:00,2026-08-31 10:20:00,2026-08-31 18:20:00,94.495,94.51,94.49,94.499,0.0
2026-08-31 13:25:00,2026-08-31 10:25:00,2026-08-31 18:25:00,94.499,94.499,94.48,94.483,0.0
2026-08-31 13:30:00,2026-08-31 10:30:00,2026-08-31 18:30:00,94.484,94.485,94.458,94.462,0.0
2026-08-31 13:35:00,2026-08-31 10:35:00,2026-08-31 18:35:00,94.461,94.483,94.46,94.473,0.0
2026-08-31 13:40:00,2026-08-31 10:40:00,2026-08-31 18:40:00,94.475,94.476,94.448,94.458,0.0
2026-08-31 13:45:00,2026-08-31 10:45:00,2026-08-31 18:45:00,94.458,94.459,94.436,94.436,0.0
2026-08-31 13:50:00,2026-08-31 10:50:00,2026-08-31 18:50:00,94.438,94.453,94.431,94.433,0.0
2026-08-31 13:55:00,2026-08-31 10:55:00,2026-08-31 18:55:00,94.433,94.443,94.424,94.429,0.0
2026-08-31 14:00:00,2026-08-31 11:00:00,2026-08-31 19:00:00,94.429,94.433,94.396,94.407,0.0
2026-08-31 14:05:00,2026-08-31 11:05:00,2026-08-31 19:05:00,94.407,94.418,94.393,94.408,0.0
2026-08-31 14:10:00,2026-08-31 11:10:00,2026-08-31 19:10:00,94.408,94.421,94.396,94.4,0.0
2026-08-31 14:15:00,2026-08-31 11:15:00,2026-08-31 19:15:00,94.399,94.422,94.392,94.419,0.0
2026-08-31 14:20:00,2026-08-31 11:20:00,2026-08-31 19:20:00,94.419,94.442,94.41,94.436,0.0
2026-08-31 14:25:00,2026-08-31 11:25:00,2026-08-31 19:25:00,94.434,94.457,94.429,94.45,0.0
2026-08-31 14:30:00,2026-08-31 11:30:00,2026-08-31 19:30:00,94.45,94.465,94.438,94.45,0.0
2026-08-31 14:35:00,2026-08-31 11:35:00,2026-08-31 19:35:00,94.45,94.454,94.428,94.431,0.0
2026-08-31 14:40:00,2026-08-31 11:40:00,2026-08-31 19:40:00,94.431,94.458,94.431,94.44,0.0
2026-08-31 14:45:00,2026-08-31 11:45:00,2026-08-31 19:45:00,94.441,94.451,94.432,94.443,0.0
2026-08-31 14:50:00,2026-08-31 11:50:00,2026-08-31 19:50:00,94.441,94.45,94.426,94.437,0.0
2026-08-31 14:55:00,2026-08-31 11:55:00,2026-08-31 19:55:00,94.437,94.459,94.437,94.455,0.0
2026-08-31 15:00:00,2026-08-31 12:00:00,2026-08-31 20:00:00,94.453,94.488,94.446,94.487,0.0
2026-08-31 15:05:00,2026-08-31 12:05:00,2026-08-31 20:05:00,94.487,94.498,94.459,94.489,0.0
2026-08-31 15:10:00,2026-08-31 12:10:00,2026-08-31 20:10:00,94.49,94.491,94.461,94.491,0.0
2026-08-31 15:15:00,2026-08-31 12:15:00,2026-08-31 20:15:00,94.491,94.514,94.491,94.511,0.0
2026-08-31 15:20:00,2026-08-31 12:20:00,2026-08-31 20:20:00,94.511,94.519,94.479,94.486,0.0
2026-08-31 15:25:00,2026-08-31 12:25:00,2026-08-31 20:25:00,94.483,94.515,94.464,94.506,0.0
2026-08-31 15:30:00,2026-08-31 12:30:00,2026-08-31 20:30:00,94.506,94.518,94.486,94.499,0.0
2026-08-31 15:35:00,2026-08-31 12:35:00,2026-08-31 20:35:00,94.5,94.508,94.475,94.493,0.0
2026-08-31 15:40:00,2026-08-31 12:40:00,2026-08-31 20:40:00,94.494,94.502,94.45,94.451,0.0
2026-08-31 15:45:00,2026-08-31 12:45:00,2026-08-31 20:45:00,94.453,94.467,94.443,94.45,0.0
2026-08-31 15:50:00,2026-08-31 12:50:00,2026-08-31 20:50:00,94.45,94.476,94.45,94.469,0.0
2026-08-31 15:55:00,2026-08-31 12:55:00,2026-08-31 20:55:00,94.47,94.547,94.469,94.539,0.0
2026-08-31 16:00:00,2026-08-31 13:00:00,2026-08-31 21:00:00,94.539,94.555,94.53,94.553,0.0
2026-08-31 16:05:00,2026-08-31 13:05:00,2026-08-31 21:05:00,94.551,94.569,94.542,94.563,0.0
2026-08-31 16:10:00,2026-08-31 13:10:00,2026-08-31 21:10:00,94.564,94.567,94.542,94.564,0.0
2026-08-31 16:15:00,2026-08-31 13:15:00,2026-08-31 21:15:00,94.562,94.574,94.541,94.554,0.0
2026-08-31 16:20:00,2026-08-31 13:20:00,2026-08-31 21:20:00,94.553,94.584,94.552,94.578,0.0
2026-08-31 16:25:00,2026-08-31 13:25:00,2026-08-31 21:25:00,94.583,94.588,94.549,94.573,0.0
2026-08-31 16:30:00,2026-08-31 13:30:00,2026-08-31 21:30:00,94.573,94.579,94.555,94.571,0.0
2026-08-31 16:35:00,2026-08-31 13:35:00,2026-08-31 21:35:00,94.571,94.577,94.551,94.563,0.0
2026-08-31 16:40:00,2026-08-31 13:40:00,2026-08-31 21:40:00,94.561,94.577,94.545,94.553,0.0
2026-08-31 16:45:00,2026-08-31 13:45:00,2026-08-31 21:45:00,94.552,94.57,94.533,94.553,0.0
2026-08-31 16:50:00,2026-08-31 13:50:00,2026-08-31 21:50:00,94.553,94.594,94.537,94.58,0.0
2026-08-31 16:55:00,2026-08-31 13:55:00,2026-08-31 21:55:00,94.581,94.587,94.553,94.587,0.0
2026-08-31 17:00:00,2026-08-31 14:00:00,2026-08-31 22:00:00,94.587,94.589,94.556,94.584,0.0
2026-08-31 17:05:00,2026-08-31 14:05:00,2026-08-31 22:05:00,94.584,94.59,94.568,94.582,0.0
2026-08-31 17:10:00,2026-08-31 14:10:00,2026-08-31 22:10:00,94.582,94.59,94.564,94.574,0.0
2026-08-31 17:15:00,2026-08-31 14:15:00,2026-08-31 22:15:00,94.574,94.619,94.565,94.615,0.0
2026-08-31 17:20:00,2026-08-31 14:20:00,2026-08-31 22:20:00,94.615,94.616,94.59,94.607,0.0
2026-08-31 17:25:00,2026-08-31 14:25:00,2026-08-31 22:25:00,94.607,94.61,94.574,94.577,0.0
2026-08-31 17:30:00,2026-08-31 14:30:00,2026-08-31 22:30:00,94.577,94.585,94.552,94.561,0.0
2026-08-31 17:35:00,2026-08-31 14:35:00,2026-08-31 22:35:00,94.562,94.573,94.485,94.539,0.0
2026-08-31 17:40:00,2026-08-31 14:40:00,2026-08-31 22:40:00,94.538,94.546,94.513,94.527,0.0
2026-08-31 17:45:00,2026-08-31 14:45:00,2026-08-31 22:45:00,94.526,94.555,94.525,94.535,0.0
2026-08-31 17:50:00,2026-08-31 14:50:00,2026-08-31 22:50:00,94.535,94.535,94.486,94.49,0.0
2026-08-31 17:55:00,2026-08-31 14:55:00,2026-08-31 22:55:00,94.491,94.509,94.418,94.433,0.0
2026-08-31 18:00:00,2026-08-31 15:00:00,2026-08-31 23:00:00,94.436,94.474,94.422,94.444,0.0
2026-08-31 18:05:00,2026-08-31 15:05:00,2026-08-31 23:05:00,94.44,94.464,94.424,94.447,0.0
2026-08-31 18:10:00,2026-08-31 15:10:00,2026-08-31 23:10:00,94.447,94.451,94.428,94.442,0.0
2026-08-31 18:15:00,2026-08-31 15:15:00,2026-08-31 23:15:00,94.442,94.446,94.417,94.423,0.0
2026-08-31 18:20:00,2026-08-31 15:20:00,2026-08-31 23:20:00,94.425,94.442,94.406,94.442,0.0
2026-08-31 18:25:00,2026-08-31 15:25:00,2026-08-31 23:25:00,94.44,94.481,94.44,94.462,0.0
2026-08-31 18:30:00,2026-08-31 15:30:00,2026-08-31 23:30:00,94.462,94.478,94.456,94.466,0.0
2026-08-31 18:35:00,2026-08-31 15:35:00,2026-08-31 23:35:00,94.467,94.493,94.463,94.48,0.0
2026-08-31 18:40:00,2026-08-31 15:40:00,2026-08-31 23:40:00,94.481,94.483,94.467,94.472,0.0
2026-08-31 18:45:00,2026-08-31 15:45:00,2026-08-31 23:45:00,94.471,94.499,94.459,94.493,0.0
2026-08-31 18:50:00,2026-08-31 15:50:00,2026-08-31 23:50:00,94.493,94.515,94.492,94.5,0.0
2026-08-31 18:55:00,2026-08-31 15:55:00,2026-08-31 23:55:00,94.499,94.515,94.491,94.495,0.0
2026-08-31 19:00:00,2026-08-31 16:00:00,2026-09-01 00:00:00,94.495,94.501,94.48,94.481,0.0
2026-08-31 19:05:00,2026-08-31 16:05:00,2026-09-01 00:05:00,94.482,94.491,94.46,94.468,0.0
2026-08-31 19:10:00,2026-08-31 16:10:00,2026-09-01 00:10:00,94.468,94.495,94.465,94.493,0.0
2026-08-31 19:15:00,2026-08-31 16:15:00,2026-09-01 00:15:00,94.493,94.499,94.473,94.485,0.0
2026-08-31 19:20:00,2026-08-31 16:20:00,2026-09-01 00:20:00,94.487,94.494,94.471,94.476,0.0
2026-08-31 19:25:00,2026-08-31 16:25:00,2026-09-01 00:25:00,94.476,94.483,94.468,94.479,0.0
2026-08-31 19:30:00,2026-08-31 16:30:00,2026-09-01 00:30:00,94.48,94.499,94.472,94.493,0.0
2026-08-31 19:35:00,2026-08-31 16:35:00,2026-09-01 00:35:00,94.493,94.497,94.486,94.491,0.0
2026-08-31 19:40:00,2026-08-31 16:40:00,2026-09-01 00:40:00,94.492,94.503,94.486,94.488,0.0
2026-08-31 19:45:00,2026-08-31 16:45:00,2026-09-01 00:45:00,94.488,94.496,94.474,94.475,0.0
2026-08-31 19:50:00,2026-08-31 16:50:00,2026-09-01 00:50:00,94.475,94.499,94.475,94.49,0.0
2026-08-31 19:55:00,2026-08-31 16:55:00,2026-09-01 00:55:00,94.491,94.508,94.484,94.507,0.0
2026-08-31 20:00:00,2026-08-31 17:00:00,2026-09-01 01:00:00,94.506,94.517,94.5,94.501,0.0
2026-08-31 20:05:00,2026-08-31 17:05:00,2026-09-01 01:05:00,94.501,94.505,94.485,94.489,0.0
2026-08-31 20:10:00,2026-08-31 17:10:00,2026-09-01 01:10:00,94.489,94.508,94.486,94.502,0.0
2026-08-31 20:15:00,2026-08-31 17:15:00,2026-09-01 01:15:00,94.502,94.508,94.498,94.504,0.0
2026-08-31 20:20:00,2026-08-31 17:20:00,2026-09-01 01:20:00,94.505,94.507,94.482,94.482,0.0
2026-08-31 20:25:00,2026-08-31 17:25:00,2026-09-01 01:25:00,94.483,94.486,94.473,94.476,0.0
2026-08-31 20:30:00,2026-08-31 17:30:00,2026-09-01 01:30:00,94.476,94.488,94.471,94.483,0.0
2026-08-31 20:35:00,2026-08-31 17:35:00,2026-09-01 01:35:00,94.482,94.505,94.48,94.5,0.0
2026-08-31 20:40:00,2026-08-31 17:40:00,2026-09-01 01:40:00,94.5,94.512,94.496,94.509,0.0
2026-08-31 20:45:00,2026-08-31 17:45:00,2026-09-01 01:45:00,94.509,94.519,94.506,94.51,0.0
2026-08-31 20:50:00,2026-08-31 17:50:00,2026-09-01 01:50:00,94.51,94.517,94.502,94.508,0.0
2026-08-31 20:55:00,2026-08-31 17:55:00,2026-09-01 01:55:00,94.507,94.51,94.497,94.497,0.0
2026-08-31 21:00:00,2026-08-31 18:00:00,2026-09-01 02:00:00,94.497,94.501,94.477,94.49,0.0
2026-08-31 21:05:00,2026-08-31 18:05:00,2026-09-01 02:05:00,94.49,94.498,94.486,94.493,0.0
2026-08-31 21:10:00,2026-08-31 18:10:00,2026-09-01 02:10:00,94.493,94.507,94.49,94.507,0.0
2026-08-31 21:15:00,2026-08-31 18:15:00,2026-09-01 02:15:00,94.507,94.507,94.487,94.488,0.0
2026-08-31 21:20:00,2026-08-31 18:20:00,2026-09-01 02:20:00,94.488,94.496,94.482,94.484,0.0
2026-08-31 21:25:00,2026-08-31 18:25:00,2026-09-01 02:25:00,94.484,94.5,94.478,94.489,0.0
2026-08-31 21:30:00,2026-08-31 18:30:00,2026-09-01 02:30:00,94.489,94.512,94.485,94.508,0.0
2026-08-31 21:35:00,2026-08-31 18:35:00,2026-09-01 02:35:00,94.508,94.518,94.498,94.507,0.0
2026-08-31 21:40:00,2026-08-31 18:40:00,2026-09-01 02:40:00,94.507,94.526,94.505,94.525,0.0
2026-08-31 21:45:00,2026-08-31 18:45:00,2026-09-01 02:45:00,94.525,94.531,94.511,94.525,0.0
2026-08-31 21:50:00,2026-08-31 18:50:00,2026-09-01 02:50:00,94.525,94.541,94.519,94.534,0.0
2026-08-31 21:55:00,2026-08-31 18:55:00,2026-09-01 02:55:00,94.533,94.536,94.501,94.528,0.0
2026-08-31 22:00:00,2026-08-31 19:00:00,2026-09-01 03:00:00,94.508,94.537,94.501,94.513,0.0
2026-08-31 22:05:00,2026-08-31 19:05:00,2026-09-01 03:05:00,94.511,94.53,94.51,94.521,0.0
2026-08-31 22:10:00,2026-08-31 19:10:00,2026-09-01 03:10:00,94.521,94.527,94.51,94.511,0.0
2026-08-31 22:15:00,2026-08-31 19:15:00,2026-09-01 03:15:00,94.511,94.521,94.505,94.508,0.0
2026-08-31 22:20:00,2026-08-31 19:20:00,2026-09-01 03:20:00,94.511,94.52,94.505,94.508,0.0
2026-08-31 22:25:00,2026-08-31 19:25:00,2026-09-01 03:25:00,94.508,94.522,94.507,94.51,0.0
2026-08-31 22:30:00,2026-08-31 19:30:00,2026-09-01 03:30:00,94.508,94.519,94.493,94.508,0.0
2026-08-31 22:35:00,2026-08-31 19:35:00,2026-09-01 03:35:00,94.508,94.543,94.508,94.514,0.0
2026-08-31 22:40:00,2026-08-31 19:40:00,2026-09-01 03:40:00,94.514,94.517,94.493,94.502,0.0
2026-08-31 22:45:00,2026-08-31 19:45:00,2026-09-01 03:45:00,94.501,94.53,94.499,94.521,0.0
2026-08-31 22:50:00,2026-08-31 19:50:00,2026-09-01 03:50:00,94.521,94.547,94.521,94.532,0.0
2026-08-31 22:55:00,2026-08-31 19:55:00,2026-09-01 03:55:00,94.533,94.533,94.501,94.504,0.0
2026-08-31 23:00:00,2026-08-31 20:00:00,2026-09-01 04:00:00,94.505,94.513,94.488,94.5,0.0
2026-08-31 23:05:00,2026-08-31 20:05:00,2026-09-01 04:05:00,94.5,94.518,94.495,94.503,0.0
2026-08-31 23:10:00,2026-08-31 20:10:00,2026-09-01 04:10:00,94.504,94.511,94.481,94.482,0.0
2026-08-31 23:15:00,2026-08-31 20:15:00,2026-09-01 04:15:00,94.481,94.498,94.473,94.474,0.0
2026-08-31 23:20:00,2026-08-31 20:20:00,2026-09-01 04:20:00,94.477,94.487,94.47,94.473,0.0
2026-08-31 23:25:00,2026-08-31 20:25:00,2026-09-01 04:25:00,94.472,94.488,94.472,94.481,0.0
2026-08-31 23:30:00,2026-08-31 20:30:00,2026-09-01 04:30:00,94.481,94.513,94.478,94.497,0.0
2026-08-31 23:35:00,2026-08-31 20:35:00,2026-09-01 04:35:00,94.497,94.515,94.496,94.502,0.0
2026-08-31 23:40:00,2026-08-31 20:40:00,2026-09-01 04:40:00,94.502,94.519,94.5,94.502,0.0
2026-08-31 23:45:00,2026-08-31 20:45:00,2026-09-01 04:45:00,94.504,94.511,94.496,94.5,0.0
2026-08-31 23:50:00,2026-08-31 20:50:00,2026-09-01 04:50:00,94.5,94.505,94.486,94.489,0.0
2026-08-31 23:55:00,2026-08-31 20:55:00,2026-09-01 04:55:00,94.489,94.509,94.448,94.469,0.0
2026-09-01 00:00:00,2026-08-31 21:00:00,2026-09-01 05:00:00,94.47,94.514,93.649,94.333,0.0
2026-09-01 00:05:00,2026-08-31 21:05:00,2026-09-01 05:05:00,94.344,94.503,94.344,94.415,0.0
2026-09-01 00:10:00,2026-08-31 21:10:00,2026-09-01 05:10:00,94.43,94.489,94.306,94.442,0.0
2026-09-01 00:15:00,2026-08-31 21:15:00,2026-09-01 05:15:00,94.445,94.473,94.299,94.417,0.0
2026-09-01 00:20:00,2026-08-31 21:20:00,2026-09-01 05:20:00,94.407,94.47,94.317,94.439,0.0
2026-09-01 00:25:00,2026-08-31 21:25:00,2026-09-01 05:25:00,94.442,94.535,94.344,94.506,0.0
2026-09-01 00:30:00,2026-08-31 21:30:00,2026-09-01 05:30:00,94.51,94.564,94.461,94.517,0.0
2026-09-01 00:35:00,2026-08-31 21:35:00,2026-09-01 05:35:00,94.561,94.561,94.462,94.503,0.0
2026-09-01 00:40:00,2026-08-31 21:40:00,2026-09-01 05:40:00,94.479,94.517,94.31,94.464,0.0
2026-09-01 00:45:00,2026-08-31 21:45:00,2026-09-01 05:45:00,94.487,94.496,94.304,94.453,0.0
2026-09-01 00:50:00,2026-08-31 21:50:00,2026-09-01 05:50:00,94.482,94.494,94.295,94.473,0.0
2026-09-01 00:55:00,2026-08-31 21:55:00,2026-09-01 05:55:00,94.479,94.51,94.291,94.414,0.0
2026-09-01 01:00:00,2026-08-31 22:00:00,2026-09-01 06:00:00,94.489,94.524,94.365,94.515,0.0
2026-09-01 01:05:00,2026-08-31 22:05:00,2026-09-01 06:05:00,94.511,94.515,94.494,94.502,0.0
2026-09-01 01:10:00,2026-08-31 22:10:00,2026-09-01 06:10:00,94.503,94.509,94.495,94.502,0.0
2026-09-01 01:15:00,2026-08-31 22:15:00,2026-09-01 06:15:00,94.501,94.506,94.494,94.503,0.0
2026-09-01 01:20:00,2026-08-31 22:20:00,2026-09-01 06:20:00,94.503,94.515,94.502,94.51,0.0
2026-09-01 01:25:00,2026-08-31 22:25:00,2026-09-01 06:25:00,94.511,94.513,94.5,94.504,0.0
2026-09-01 01:30:00,2026-08-31 22:30:00,2026-09-01 06:30:00,94.504,94.519,94.499,94.513,0.0
2026-09-01 01:35:00,2026-08-31 22:35:00,2026-09-01 06:35:00,94.513,94.518,94.509,94.514,0.0
2026-09-01 01:40:00,2026-08-31 22:40:00,2026-09-01 06:40:00,94.514,94.521,94.512,94.515,0.0
2026-09-01 01:45:00,2026-08-31 22:45:00,2026-09-01 06:45:00,94.517,94.519,94.51,94.511,0.0
2026-09-01 01:50:00,2026-08-31 22:50:00,2026-09-01 06:50:00,94.511,94.519,94.509,94.514,0.0
2026-09-01 01:55:00,2026-08-31 22:55:00,2026-09-01 06:55:00,94.511,94.52,94.511,94.517,0.0
2026-09-01 02:00:00,2026-08-31 23:00:00,2026-09-01 07:00:00,94.517,94.54,94.511,94.535,0.0
2026-09-01 02:05:00,2026-08-31 23:05:00,2026-09-01 07:05:00,94.535,94.538,94.523,94.529,0.0
2026-09-01 02:10:00,2026-08-31 23:10:00,2026-09-01 07:10:00,94.529,94.54,94.522,94.537,0.0
2026-09-01 02:15:00,2026-08-31 23:15:00,2026-09-01 07:15:00,94.537,94.54,94.51,94.517,0.0
2026-09-01 02:20:00,2026-08-31 23:20:00,2026-09-01 07:20:00,94.521,94.525,94.513,94.515,0.0
2026-09-01 02:25:00,2026-08-31 23:25:00,2026-09-01 07:25:00,94.515,94.531,94.509,94.529,0.0
2026-09-01 02:30:00,2026-08-31 23:30:00,2026-09-01 07:30:00,94.529,94.557,94.527,94.548,0.0
2026-09-01 02:35:00,2026-08-31 23:35:00,2026-09-01 07:35:00,94.546,94.557,94.545,94.552,0.0
2026-09-01 02:40:00,2026-08-31 23:40:00,2026-09-01 07:40:00,94.552,94.553,94.538,94.543,0.0
2026-09-01 02:45:00,2026-08-31 23:45:00,2026-09-01 07:45:00,94.543,94.56,94.538,94.557,0.0
2026-09-01 02:50:00,2026-08-31 23:50:00,2026-09-01 07:50:00,94.557,94.593,94.549,94.59,0.0
2026-09-01 02:55:00,2026-08-31 23:55:00,2026-09-01 07:55:00,94.59,94.597,94.579,94.589,0.0
2026-09-01 03:00:00,2026-09-01 00:00:00,2026-09-01 08:00:00,94.591,94.685,94.589,94.685,0.0
2026-09-01 03:05:00,2026-09-01 00:05:00,2026-09-01 08:05:00,94.683,94.703,94.663,94.672,0.0
2026-09-01 03:10:00,2026-09-01 00:10:00,2026-09-01 08:10:00,94.67,94.672,94.64,94.643,0.0
2026-09-01 03:15:00,2026-09-01 00:15:00,2026-09-01 08:15:00,94.643,94.672,94.636,94.661,0.0
2026-09-01 03:20:00,2026-09-01 00:20:00,2026-09-01 08:20:00,94.661,94.663,94.634,94.645,0.0
2026-09-01 03:25:00,2026-09-01 00:25:00,2026-09-01 08:25:00,94.645,94.652,94.63,94.647,0.0
2026-09-01 03:30:00,2026-09-01 00:30:00,2026-09-01 08:30:00,94.649,94.655,94.603,94.61,0.0
2026-09-01 03:35:00,2026-09-01 00:35:00,2026-09-01 08:35:00,94.609,94.613,94.591,94.595,0.0
2026-09-01 03:40:00,2026-09-01 00:40:00,2026-09-01 08:40:00,94.597,94.622,94.579,94.583,0.0
2026-09-01 03:45:00,2026-09-01 00:45:00,2026-09-01 08:45:00,94.581,94.587,94.547,94.563,0.0
2026-09-01 03:50:00,2026-09-01 00:50:00,2026-09-01 08:50:00,94.566,94.593,94.564,94.582,0.0
2026-09-01 03:55:00,2026-09-01 00:55:00,2026-09-01 08:55:00,94.584,94.599,94.565,94.599,0.0
2026-09-01 04:00:00,2026-09-01 01:00:00,2026-09-01 09:00:00,94.599,94.608,94.517,94.521,0.0
2026-09-01 04:05:00,2026-09-01 01:05:00,2026-09-01 09:05:00,94.521,94.524,94.495,94.497,0.0
2026-09-01 04:10:00,2026-09-01 01:10:00,2026-09-01 09:10:00,94.498,94.504,94.48,94.493,0.0
2026-09-01 04:15:00,2026-09-01 01:15:00,2026-09-01 09:15:00,94.493,94.516,94.478,94.503,0.0
2026-09-01 04:20:00,2026-09-01 01:20:00,2026-09-01 09:20:00,94.503,94.508,94.479,94.48,0.0
2026-09-01 04:25:00,2026-09-01 01:25:00,2026-09-01 09:25:00,94.482,94.482,94.46,94.467,0.0
2026-09-01 04:30:00,2026-09-01 01:30:00,2026-09-01 09:30:00,94.466,94.505,94.466,94.501,0.0
2026-09-01 04:35:00,2026-09-01 01:35:00,2026-09-01 09:35:00,94.502,94.51,94.488,94.493,0.0
2026-09-01 04:40:00,2026-09-01 01:40:00,2026-09-01 09:40:00,94.491,94.529,94.474,94.525,0.0
2026-09-01 04:45:00,2026-09-01 01:45:00,2026-09-01 09:45:00,94.527,94.528,94.488,94.492,0.0
2026-09-01 04:50:00,2026-09-01 01:50:00,2026-09-01 09:50:00,94.491,94.494,94.438,94.443,0.0
2026-09-01 04:55:00,2026-09-01 01:55:00,2026-09-01 09:55:00,94.442,94.476,94.438,94.464,0.0
2026-09-01 05:00:00,2026-09-01 02:00:00,2026-09-01 10:00:00,94.464,94.495,94.446,94.488,0.0
2026-09-01 05:05:00,2026-09-01 02:05:00,2026-09-01 10:05:00,94.487,94.502,94.478,94.481,0.0
2026-09-01 05:10:00,2026-09-01 02:10:00,2026-09-01 10:10:00,94.481,94.487,94.454,94.458,0.0
2026-09-01 05:15:00,2026-09-01 02:15:00,2026-09-01 10:15:00,94.458,94.481,94.456,94.466,0.0
2026-09-01 05:20:00,2026-09-01 02:20:00,2026-09-01 10:20:00,94.466,94.488,94.465,94.482,0.0
2026-09-01 05:25:00,2026-09-01 02:25:00,2026-09-01 10:25:00,94.484,94.49,94.471,94.473,0.0
2026-09-01 05:30:00,2026-09-01 02:30:00,2026-09-01 10:30:00,94.472,94.479,94.441,94.443,0.0
2026-09-01 05:35:00,2026-09-01 02:35:00,2026-09-01 10:35:00,94.443,94.443,94.415,94.417,0.0
2026-09-01 05:40:00,2026-09-01 02:40:00,2026-09-01 10:40:00,94.417,94.435,94.412,94.421,0.0
2026-09-01 05:45:00,2026-09-01 02:45:00,2026-09-01 10:45:00,94.422,94.437,94.407,94.436,0.0
2026-09-01 05:50:00,2026-09-01 02:50:00,2026-09-01 10:50:00,94.436,94.458,94.43,94.442,0.0
2026-09-01 05:55:00,2026-09-01 02:55:00,2026-09-01 10:55:00,94.442,94.453,94.435,94.45,0.0
2026-09-01 06:00:00,2026-09-01 03:00:00,2026-09-01 11:00:00,94.452,94.455,94.403,94.416,0.0
2026-09-01 06:05:00,2026-09-01 03:05:00,2026-09-01 11:05:00,94.416,94.428,94.394,94.394,0.0
2026-09-01 06:10:00,2026-09-01 03:10:00,2026-09-01 11:10:00,94.397,94.436,94.394,94.426,0.0
2026-09-01 06:15:00,2026-09-01 03:15:00,2026-09-01 11:15:00,94.428,94.433,94.415,94.417,0.0
2026-09-01 06:20:00,2026-09-01 03:20:00,2026-09-01 11:20:00,94.416,94.419,94.375,94.376,0.0
2026-09-01 06:25:00,2026-09-01 03:25:00,2026-09-01 11:25:00,94.377,94.41,94.376,94.383,0.0
2026-09-01 06:30:00,2026-09-01 03:30:00,2026-09-01 11:30:00,94.383,94.425,94.383,94.419,0.0
2026-09-01 06:35:00,2026-09-01 03:35:00,2026-09-01 11:35:00,94.419,94.447,94.415,94.433,0.0
2026-09-01 06:40:00,2026-09-01 03:40:00,2026-09-01 11:40:00,94.433,94.446,94.412,94.413,0.0
2026-09-01 06:45:00,2026-09-01 03:45:00,2026-09-01 11:45:00,94.413,94.422,94.408,94.409,0.0
2026-09-01 06:50:00,2026-09-01 03:50:00,2026-09-01 11:50:00,94.409,94.415,94.395,94.411,0.0
2026-09-01 06:55:00,2026-09-01 03:55:00,2026-09-01 11:55:00,94.41,94.419,94.387,94.387,0.0
2026-09-01 07:00:00,2026-09-01 04:00:00,2026-09-01 12:00:00,94.388,94.406,94.376,94.403,0.0
2026-09-01 07:05:00,2026-09-01 04:05:00,2026-09-01 12:05:00,94.403,94.414,94.392,94.413,0.0
2026-09-01 07:10:00,2026-09-01 04:10:00,2026-09-01 12:10:00,94.413,94.419,94.405,94.415,0.0
2026-09-01 07:15:00,2026-09-01 04:15:00,2026-09-01 12:15:00,94.416,94.421,94.407,94.413,0.0
2026-09-01 07:20:00,2026-09-01 04:20:00,2026-09-01 12:20:00,94.413,94.428,94.411,94.419,0.0
2026-09-01 07:25:00,2026-09-01 04:25:00,2026-09-01 12:25:00,94.419,94.422,94.4,94.404,0.0
2026-09-01 07:30:00,2026-09-01 04:30:00,2026-09-01 12:30:00,94.403,94.41,94.391,94.41,0.0
2026-09-01 07:35:00,2026-09-01 04:35:00,2026-09-01 12:35:00,94.409,94.424,94.406,94.412,0.0
2026-09-01 07:40:00,2026-09-01 04:40:00,2026-09-01 12:40:00,94.412,94.421,94.405,94.413,0.0
2026-09-01 07:45:00,2026-09-01 04:45:00,2026-09-01 12:45:00,94.414,94.428,94.409,94.416,0.0
2026-09-01 07:50:00,2026-09-01 04:50:00,2026-09-01 12:50:00,94.417,94.437,94.414,94.429,0.0
2026-09-01 07:55:00,2026-09-01 04:55:00,2026-09-01 12:55:00,94.428,94.443,94.417,94.442,0.0
2026-09-01 08:00:00,2026-09-01 05:00:00,2026-09-01 13:00:00,94.441,94.464,94.437,94.461,0.0
2026-09-01 08:05:00,2026-09-01 05:05:00,2026-09-01 13:05:00,94.461,94.474,94.457,94.461,0.0
2026-09-01 08:10:00,2026-09-01 05:10:00,2026-09-01 13:10:00,94.461,94.463,94.448,94.462,0.0
2026-09-01 08:15:00,2026-09-01 05:15:00,2026-09-01 13:15:00,94.463,94.465,94.446,94.449,0.0
2026-09-01 08:20:00,2026-09-01 05:20:00,2026-09-01 13:20:00,94.447,94.461,94.447,94.454,0.0
2026-09-01 08:25:00,2026-09-01 05:25:00,2026-09-01 13:25:00,94.456,94.477,94.455,94.471,0.0
2026-09-01 08:30:00,2026-09-01 05:30:00,2026-09-01 13:30:00,94.471,94.501,94.465,94.48,0.0
2026-09-01 08:35:00,2026-09-01 05:35:00,2026-09-01 13:35:00,94.482,94.509,94.479,94.501,0.0
2026-09-01 08:40:00,2026-09-01 05:40:00,2026-09-01 13:40:00,94.499,94.507,94.489,94.502,0.0
2026-09-01 08:45:00,2026-09-01 05:45:00,2026-09-01 13:45:00,94.502,94.512,94.487,94.491,0.0
2026-09-01 08:50:00,2026-09-01 05:50:00,2026-09-01 13:50:00,94.49,94.52,94.482,94.517,0.0
2026-09-01 08:55:00,2026-09-01 05:55:00,2026-09-01 13:55:00,94.517,94.526,94.476,94.479,0.0
2026-09-01 09:00:00,2026-09-01 06:00:00,2026-09-01 14:00:00,94.478,94.51,94.466,94.497,0.0
2026-09-01 09:05:00,2026-09-01 06:05:00,2026-09-01 14:05:00,94.495,94.51,94.49,94.501,0.0
2026-09-01 09:10:00,2026-09-01 06:10:00,2026-09-01 14:10:00,94.501,94.507,94.476,94.49,0.0
2026-09-01 09:15:00,2026-09-01 06:15:00,2026-09-01 14:15:00,94.491,94.507,94.478,94.48,0.0
2026-09-01 09:20:00,2026-09-01 06:20:00,2026-09-01 14:20:00,94.479,94.521,94.467,94.516,0.0
2026-09-01 09:25:00,2026-09-01 06:25:00,2026-09-01 14:25:00,94.516,94.531,94.478,94.484,0.0
2026-09-01 09:30:00,2026-09-01 06:30:00,2026-09-01 14:30:00,94.483,94.515,94.481,94.497,0.0
2026-09-01 09:35:00,2026-09-01 06:35:00,2026-09-01 14:35:00,94.498,94.504,94.458,94.487,0.0
2026-09-01 09:40:00,2026-09-01 06:40:00,2026-09-01 14:40:00,94.489,94.491,94.464,94.483,0.0
2026-09-01 09:45:00,2026-09-01 06:45:00,2026-09-01 14:45:00,94.483,94.488,94.451,94.458,0.0
2026-09-01 09:50:00,2026-09-01 06:50:00,2026-09-01 14:50:00,94.459,94.468,94.445,94.462,0.0
2026-09-01 09:55:00,2026-09-01 06:55:00,2026-09-01 14:55:00,94.464,94.482,94.457,94.477,0.0
2026-09-01 10:00:00,2026-09-01 07:00:00,2026-09-01 15:00:00,94.475,94.531,94.468,94.499,0.0
2026-09-01 10:05:00,2026-09-01 07:05:00,2026-09-01 15:05:00,94.499,94.52,94.498,94.506,0.0
2026-09-01 10:10:00,2026-09-01 07:10:00,2026-09-01 15:10:00,94.507,94.525,94.485,94.522,0.0
2026-09-01 10:15:00,2026-09-01 07:15:00,2026-09-01 15:15:00,94.522,94.539,94.513,94.535,0.0
2026-09-01 10:20:00,2026-09-01 07:20:00,2026-09-01 15:20:00,94.535,94.537,94.494,94.497,0.0
2026-09-01 10:25:00,2026-09-01 07:25:00,2026-09-01 15:25:00,94.497,94.531,94.495,94.5,0.0
2026-09-01 10:30:00,2026-09-01 07:30:00,2026-09-01 15:30:00,94.497,94.509,94.478,94.492,0.0
2026-09-01 10:35:00,2026-09-01 07:35:00,2026-09-01 15:35:00,94.493,94.502,94.439,94.439,0.0
2026-09-01 10:40:00,2026-09-01 07:40:00,2026-09-01 15:40:00,94.439,94.439,94.413,94.413,0.0
2026-09-01 10:45:00,2026-09-01 07:45:00,2026-09-01 15:45:00,94.415,94.444,94.403,94.435,0.0
2026-09-01 10:50:00,2026-09-01 07:50:00,2026-09-01 15:50:00,94.438,94.441,94.409,94.42,0.0
2026-09-01 10:55:00,2026-09-01 07:55:00,2026-09-01 15:55:00,94.42,94.426,94.408,94.423,0.0
2026-09-01 11:00:00,2026-09-01 08:00:00,2026-09-01 16:00:00,94.423,94.426,94.402,94.42,0.0
2026-09-01 11:05:00,2026-09-01 08:05:00,2026-09-01 16:05:00,94.42,94.458,94.405,94.412,0.0
2026-09-01 11:10:00,2026-09-01 08:10:00,2026-09-01 16:10:00,94.412,94.424,94.403,94.409,0.0
2026-09-01 11:15:00,2026-09-01 08:15:00,2026-09-01 16:15:00,94.411,94.422,94.381,94.402,0.0
2026-09-01 11:20:00,2026-09-01 08:20:00,2026-09-01 16:20:00,94.401,94.415,94.383,94.393,0.0
2026-09-01 11:25:00,2026-09-01 08:25:00,2026-09-01 16:25:00,94.393,94.403,94.367,94.393,0.0
2026-09-01 11:30:00,2026-09-01 08:30:00,2026-09-01 16:30:00,94.395,94.395,94.294,94.295,0.0
2026-09-01 11:35:00,2026-09-01 08:35:00,2026-09-01 16:35:00,94.294,94.34,94.285,94.337,0.0
2026-09-01 11:40:00,2026-09-01 08:40:00,2026-09-01 16:40:00,94.337,94.34,94.289,94.305,0.0
2026-09-01 11:45:00,2026-09-01 08:45:00,2026-09-01 16:45:00,94.305,94.32,94.281,94.297,0.0
2026-09-01 11:50:00,2026-09-01 08:50:00,2026-09-01 16:50:00,94.297,94.297,94.276,94.282,0.0
2026-09-01 11:55:00,2026-09-01 08:55:00,2026-09-01 16:55:00,94.28,94.291,94.263,94.264,0.0
2026-09-01 12:00:00,2026-09-01 09:00:00,2026-09-01 17:00:00,94.264,94.272,94.245,94.266,0.0
2026-09-01 12:05:00,2026-09-01 09:05:00,2026-09-01 17:05:00,94.267,94.295,94.255,94.294,0.0
2026-09-01 12:10:00,2026-09-01 09:10:00,2026-09-01 17:10:00,94.292,94.294,94.252,94.255,0.0
2026-09-01 12:15:00,2026-09-01 09:15:00,2026-09-01 17:15:00,94.254,94.262,94.234,94.248,0.0
2026-09-01 12:20:00,2026-09-01 09:20:00,2026-09-01 17:20:00,94.247,94.281,94.236,94.274,0.0
2026-09-01 12:25:00,2026-09-01 09:25:00,2026-09-01 17:25:00,94.274,94.288,94.263,94.285,0.0
2026-09-01 12:30:00,2026-09-01 09:30:00,2026-09-01 17:30:00,94.286,94.292,94.256,94.292,0.0
2026-09-01 12:35:00,2026-09-01 09:35:00,2026-09-01 17:35:00,94.29,94.317,94.286,94.311,0.0
2026-09-01 12:40:00,2026-09-01 09:40:00,2026-09-01 17:40:00,94.311,94.349,94.305,94.341,0.0
2026-09-01 12:45:00,2026-09-01 09:45:00,2026-09-01 17:45:00,94.336,94.374,94.333,94.341,0.0
2026-09-01 12:50:00,2026-09-01 09:50:00,2026-09-01 17:50:00,94.341,94.345,94.334,94.341,0.0
2026-09-01 12:55:00,2026-09-01 09:55:00,2026-09-01 17:55:00,94.339,94.339,94.339,94.339,0.0
