timestamp_mt5,timestamp_utc,timestamp_tpe,open,high,low,close,volume
2026-07-31 03:00:00,2026-07-31 00:00:00,2026-07-31 08:00:00,0.85606,0.85616,0.85601,0.85603,653.0
2026-07-31 03:05:00,2026-07-31 00:05:00,2026-07-31 08:05:00,0.85604,0.8561,0.85598,0.85599,421.0
2026-07-31 03:10:00,2026-07-31 00:10:00,2026-07-31 08:10:00,0.856,0.85604,0.85597,0.85602,660.0
2026-07-31 03:15:00,2026-07-31 00:15:00,2026-07-31 08:15:00,0.856,0.85616,0.85598,0.85609,608.0
2026-07-31 03:20:00,2026-07-31 00:20:00,2026-07-31 08:20:00,0.8561,0.8561,0.856,0.85603,750.0
2026-07-31 03:25:00,2026-07-31 00:25:00,2026-07-31 08:25:00,0.85604,0.85605,0.85599,0.85601,573.0
2026-07-31 03:30:00,2026-07-31 00:30:00,2026-07-31 08:30:00,0.856,0.85601,0.85591,0.85595,818.0
2026-07-31 03:35:00,2026-07-31 00:35:00,2026-07-31 08:35:00,0.85594,0.85595,0.85587,0.85591,944.0
2026-07-31 03:40:00,2026-07-31 00:40:00,2026-07-31 08:40:00,0.85592,0.85597,0.8559,0.85593,546.0
2026-07-31 03:45:00,2026-07-31 00:45:00,2026-07-31 08:45:00,0.85592,0.85604,0.85591,0.85602,674.0
2026-07-31 03:50:00,2026-07-31 00:50:00,2026-07-31 08:50:00,0.85601,0.85604,0.85588,0.8559,735.0
2026-07-31 03:55:00,2026-07-31 00:55:00,2026-07-31 08:55:00,0.85591,0.85591,0.85574,0.85582,719.0
2026-07-31 04:00:00,2026-07-31 01:00:00,2026-07-31 09:00:00,0.85581,0.85581,0.85569,0.85576,710.0
2026-07-31 04:05:00,2026-07-31 01:05:00,2026-07-31 09:05:00,0.85574,0.85577,0.85569,0.85573,786.0
2026-07-31 04:10:00,2026-07-31 01:10:00,2026-07-31 09:10:00,0.85571,0.85578,0.8557,0.85575,1016.0
2026-07-31 04:15:00,2026-07-31 01:15:00,2026-07-31 09:15:00,0.85574,0.85588,0.85574,0.85586,778.0
2026-07-31 04:20:00,2026-07-31 01:20:00,2026-07-31 09:20:00,0.85587,0.85597,0.85581,0.85591,566.0
2026-07-31 04:25:00,2026-07-31 01:25:00,2026-07-31 09:25:00,0.85592,0.85593,0.85586,0.85588,365.0
2026-07-31 04:30:00,2026-07-31 01:30:00,2026-07-31 09:30:00,0.85587,0.85597,0.85586,0.85594,681.0
2026-07-31 04:35:00,2026-07-31 01:35:00,2026-07-31 09:35:00,0.85593,0.85599,0.85591,0.85593,514.0
2026-07-31 04:40:00,2026-07-31 01:40:00,2026-07-31 09:40:00,0.85592,0.85599,0.85591,0.85597,468.0
2026-07-31 04:45:00,2026-07-31 01:45:00,2026-07-31 09:45:00,0.85598,0.85598,0.8559,0.85594,584.0
2026-07-31 04:50:00,2026-07-31 01:50:00,2026-07-31 09:50:00,0.85593,0.85595,0.85581,0.85584,470.0
2026-07-31 04:55:00,2026-07-31 01:55:00,2026-07-31 09:55:00,0.85583,0.85583,0.85571,0.85572,605.0
2026-07-31 05:00:00,2026-07-31 02:00:00,2026-07-31 10:00:00,0.85573,0.85578,0.85568,0.85573,534.0
2026-07-31 05:05:00,2026-07-31 02:05:00,2026-07-31 10:05:00,0.85571,0.85573,0.85564,0.85566,515.0
2026-07-31 05:10:00,2026-07-31 02:10:00,2026-07-31 10:10:00,0.85565,0.85566,0.8556,0.85563,460.0
2026-07-31 05:15:00,2026-07-31 02:15:00,2026-07-31 10:15:00,0.85564,0.8557,0.8556,0.85563,754.0
2026-07-31 05:20:00,2026-07-31 02:20:00,2026-07-31 10:20:00,0.85561,0.85573,0.8556,0.8557,1004.0
2026-07-31 05:25:00,2026-07-31 02:25:00,2026-07-31 10:25:00,0.85571,0.85575,0.85563,0.85566,595.0
2026-07-31 05:30:00,2026-07-31 02:30:00,2026-07-31 10:30:00,0.85565,0.85567,0.85562,0.85564,680.0
2026-07-31 05:35:00,2026-07-31 02:35:00,2026-07-31 10:35:00,0.85562,0.85585,0.85561,0.85584,408.0
2026-07-31 05:40:00,2026-07-31 02:40:00,2026-07-31 10:40:00,0.85583,0.85585,0.8557,0.85574,446.0
2026-07-31 05:45:00,2026-07-31 02:45:00,2026-07-31 10:45:00,0.85575,0.85583,0.85575,0.85579,470.0
2026-07-31 05:50:00,2026-07-31 02:50:00,2026-07-31 10:50:00,0.85578,0.85583,0.85575,0.85579,724.0
2026-07-31 05:55:00,2026-07-31 02:55:00,2026-07-31 10:55:00,0.85577,0.85588,0.85575,0.85586,753.0
2026-07-31 06:00:00,2026-07-31 03:00:00,2026-07-31 11:00:00,0.85588,0.85594,0.85586,0.85589,432.0
2026-07-31 06:05:00,2026-07-31 03:05:00,2026-07-31 11:05:00,0.85588,0.85591,0.85582,0.85587,400.0
2026-07-31 06:10:00,2026-07-31 03:10:00,2026-07-31 11:10:00,0.85588,0.85604,0.85586,0.85599,674.0
2026-07-31 06:15:00,2026-07-31 03:15:00,2026-07-31 11:15:00,0.856,0.85601,0.8559,0.85591,386.0
2026-07-31 06:20:00,2026-07-31 03:20:00,2026-07-31 11:20:00,0.8559,0.85592,0.85583,0.85587,540.0
2026-07-31 06:25:00,2026-07-31 03:25:00,2026-07-31 11:25:00,0.85588,0.85594,0.85581,0.85592,347.0
2026-07-31 06:30:00,2026-07-31 03:30:00,2026-07-31 11:30:00,0.85593,0.85595,0.85577,0.85579,416.0
2026-07-31 06:35:00,2026-07-31 03:35:00,2026-07-31 11:35:00,0.85578,0.85579,0.85569,0.85571,400.0
2026-07-31 06:40:00,2026-07-31 03:40:00,2026-07-31 11:40:00,0.8557,0.85578,0.85568,0.85572,262.0
2026-07-31 06:45:00,2026-07-31 03:45:00,2026-07-31 11:45:00,0.85573,0.85582,0.85571,0.85581,339.0
2026-07-31 06:50:00,2026-07-31 03:50:00,2026-07-31 11:50:00,0.85582,0.8559,0.85581,0.85587,390.0
2026-07-31 06:55:00,2026-07-31 03:55:00,2026-07-31 11:55:00,0.85588,0.85597,0.85586,0.85592,584.0
2026-07-31 07:00:00,2026-07-31 04:00:00,2026-07-31 12:00:00,0.85593,0.85593,0.85588,0.85589,516.0
2026-07-31 07:05:00,2026-07-31 04:05:00,2026-07-31 12:05:00,0.85588,0.856,0.85588,0.85598,544.0
2026-07-31 07:10:00,2026-07-31 04:10:00,2026-07-31 12:10:00,0.85597,0.856,0.85596,0.85598,618.0
2026-07-31 07:15:00,2026-07-31 04:15:00,2026-07-31 12:15:00,0.85599,0.85602,0.85598,0.85599,280.0
2026-07-31 07:20:00,2026-07-31 04:20:00,2026-07-31 12:20:00,0.85598,0.85604,0.85598,0.85602,638.0
2026-07-31 07:25:00,2026-07-31 04:25:00,2026-07-31 12:25:00,0.85603,0.85603,0.85594,0.85596,570.0
2026-07-31 07:30:00,2026-07-31 04:30:00,2026-07-31 12:30:00,0.85595,0.85596,0.85584,0.85584,348.0
2026-07-31 07:35:00,2026-07-31 04:35:00,2026-07-31 12:35:00,0.85586,0.8559,0.8558,0.85585,387.0
2026-07-31 07:40:00,2026-07-31 04:40:00,2026-07-31 12:40:00,0.85584,0.85587,0.85574,0.85586,438.0
2026-07-31 07:45:00,2026-07-31 04:45:00,2026-07-31 12:45:00,0.85585,0.85588,0.85581,0.85584,331.0
2026-07-31 07:50:00,2026-07-31 04:50:00,2026-07-31 12:50:00,0.85583,0.8559,0.85582,0.85588,700.0
2026-07-31 07:55:00,2026-07-31 04:55:00,2026-07-31 12:55:00,0.85589,0.85591,0.85583,0.8559,480.0
2026-07-31 08:00:00,2026-07-31 05:00:00,2026-07-31 13:00:00,0.85589,0.85592,0.85579,0.85583,471.0
2026-07-31 08:05:00,2026-07-31 05:05:00,2026-07-31 13:05:00,0.85584,0.85584,0.85574,0.85575,742.0
2026-07-31 08:10:00,2026-07-31 05:10:00,2026-07-31 13:10:00,0.85574,0.85578,0.85567,0.85573,1006.0
2026-07-31 08:15:00,2026-07-31 05:15:00,2026-07-31 13:15:00,0.85571,0.85578,0.85569,0.85576,588.0
2026-07-31 08:20:00,2026-07-31 05:20:00,2026-07-31 13:20:00,0.85577,0.85583,0.85574,0.85578,482.0
2026-07-31 08:25:00,2026-07-31 05:25:00,2026-07-31 13:25:00,0.85576,0.85585,0.85576,0.85582,383.0
2026-07-31 08:30:00,2026-07-31 05:30:00,2026-07-31 13:30:00,0.85583,0.85597,0.85581,0.85596,603.0
2026-07-31 08:35:00,2026-07-31 05:35:00,2026-07-31 13:35:00,0.85595,0.85605,0.85595,0.85602,420.0
2026-07-31 08:40:00,2026-07-31 05:40:00,2026-07-31 13:40:00,0.85601,0.85602,0.85595,0.85601,633.0
2026-07-31 08:45:00,2026-07-31 05:45:00,2026-07-31 13:45:00,0.856,0.85603,0.85592,0.85595,576.0
2026-07-31 08:50:00,2026-07-31 05:50:00,2026-07-31 13:50:00,0.85596,0.85602,0.85593,0.85597,684.0
2026-07-31 08:55:00,2026-07-31 05:55:00,2026-07-31 13:55:00,0.85596,0.85598,0.85586,0.85592,697.0
2026-07-31 09:00:00,2026-07-31 06:00:00,2026-07-31 14:00:00,0.85593,0.85597,0.85583,0.85595,581.0
2026-07-31 09:05:00,2026-07-31 06:05:00,2026-07-31 14:05:00,0.85593,0.85596,0.8558,0.85593,815.0
2026-07-31 09:10:00,2026-07-31 06:10:00,2026-07-31 14:10:00,0.85591,0.85599,0.85586,0.85597,736.0
2026-07-31 09:15:00,2026-07-31 06:15:00,2026-07-31 14:15:00,0.85599,0.85611,0.85596,0.85601,586.0
2026-07-31 09:20:00,2026-07-31 06:20:00,2026-07-31 14:20:00,0.856,0.85602,0.85592,0.85593,510.0
2026-07-31 09:25:00,2026-07-31 06:25:00,2026-07-31 14:25:00,0.85594,0.85598,0.85587,0.8559,618.0
2026-07-31 09:30:00,2026-07-31 06:30:00,2026-07-31 14:30:00,0.85592,0.85609,0.85586,0.85609,586.0
2026-07-31 09:35:00,2026-07-31 06:35:00,2026-07-31 14:35:00,0.8561,0.85623,0.85603,0.85606,601.0
2026-07-31 09:40:00,2026-07-31 06:40:00,2026-07-31 14:40:00,0.85605,0.85611,0.856,0.85601,745.0
2026-07-31 09:45:00,2026-07-31 06:45:00,2026-07-31 14:45:00,0.85602,0.85617,0.85602,0.85613,580.0
2026-07-31 09:50:00,2026-07-31 06:50:00,2026-07-31 14:50:00,0.85612,0.85617,0.85584,0.85585,1049.0
2026-07-31 09:55:00,2026-07-31 06:55:00,2026-07-31 14:55:00,0.85584,0.85627,0.85569,0.8562,921.0
2026-07-31 10:00:00,2026-07-31 07:00:00,2026-07-31 15:00:00,0.85621,0.85625,0.85594,0.85594,800.0
2026-07-31 10:05:00,2026-07-31 07:05:00,2026-07-31 15:05:00,0.85595,0.85603,0.85582,0.85599,778.0
2026-07-31 10:10:00,2026-07-31 07:10:00,2026-07-31 15:10:00,0.856,0.85607,0.85591,0.85599,704.0
2026-07-31 10:15:00,2026-07-31 07:15:00,2026-07-31 15:15:00,0.85598,0.85628,0.85594,0.85626,962.0
2026-07-31 10:20:00,2026-07-31 07:20:00,2026-07-31 15:20:00,0.85624,0.85631,0.85613,0.85624,833.0
2026-07-31 10:25:00,2026-07-31 07:25:00,2026-07-31 15:25:00,0.85625,0.85632,0.85596,0.85599,704.0
2026-07-31 10:30:00,2026-07-31 07:30:00,2026-07-31 15:30:00,0.856,0.85609,0.85597,0.85605,817.0
2026-07-31 10:35:00,2026-07-31 07:35:00,2026-07-31 15:35:00,0.85603,0.85623,0.856,0.85619,828.0
2026-07-31 10:40:00,2026-07-31 07:40:00,2026-07-31 15:40:00,0.85618,0.85639,0.85617,0.85632,483.0
2026-07-31 10:45:00,2026-07-31 07:45:00,2026-07-31 15:45:00,0.85631,0.85634,0.85599,0.85614,768.0
2026-07-31 10:50:00,2026-07-31 07:50:00,2026-07-31 15:50:00,0.85613,0.85616,0.85602,0.85614,688.0
2026-07-31 10:55:00,2026-07-31 07:55:00,2026-07-31 15:55:00,0.85613,0.85614,0.8558,0.85594,1138.0
2026-07-31 11:00:00,2026-07-31 08:00:00,2026-07-31 16:00:00,0.85593,0.85619,0.8559,0.85609,640.0
2026-07-31 11:05:00,2026-07-31 08:05:00,2026-07-31 16:05:00,0.85608,0.85624,0.85605,0.85617,758.0
2026-07-31 11:10:00,2026-07-31 08:10:00,2026-07-31 16:10:00,0.85616,0.85632,0.85612,0.85627,610.0
2026-07-31 11:15:00,2026-07-31 08:15:00,2026-07-31 16:15:00,0.85628,0.85631,0.85612,0.85613,816.0
2026-07-31 11:20:00,2026-07-31 08:20:00,2026-07-31 16:20:00,0.85612,0.85646,0.8561,0.85643,680.0
2026-07-31 11:25:00,2026-07-31 08:25:00,2026-07-31 16:25:00,0.85644,0.85659,0.85628,0.85638,720.0
2026-07-31 11:30:00,2026-07-31 08:30:00,2026-07-31 16:30:00,0.85636,0.85637,0.85622,0.85627,755.0
2026-07-31 11:35:00,2026-07-31 08:35:00,2026-07-31 16:35:00,0.85626,0.85627,0.85604,0.85612,744.0
2026-07-31 11:40:00,2026-07-31 08:40:00,2026-07-31 16:40:00,0.85611,0.85616,0.85602,0.85604,828.0
2026-07-31 11:45:00,2026-07-31 08:45:00,2026-07-31 16:45:00,0.85605,0.85614,0.85598,0.8561,966.0
2026-07-31 11:50:00,2026-07-31 08:50:00,2026-07-31 16:50:00,0.85609,0.85618,0.85602,0.85604,736.0
2026-07-31 11:55:00,2026-07-31 08:55:00,2026-07-31 16:55:00,0.85605,0.85611,0.85594,0.85602,1184.0
2026-07-31 12:00:00,2026-07-31 09:00:00,2026-07-31 17:00:00,0.85601,0.85608,0.85565,0.8557,1264.0
2026-07-31 12:05:00,2026-07-31 09:05:00,2026-07-31 17:05:00,0.85571,0.85578,0.85546,0.8557,1225.0
2026-07-31 12:10:00,2026-07-31 09:10:00,2026-07-31 17:10:00,0.85571,0.85582,0.85561,0.85573,885.0
2026-07-31 12:15:00,2026-07-31 09:15:00,2026-07-31 17:15:00,0.85574,0.85575,0.85551,0.85564,745.0
2026-07-31 12:20:00,2026-07-31 09:20:00,2026-07-31 17:20:00,0.85563,0.85566,0.85544,0.85547,1102.0
2026-07-31 12:25:00,2026-07-31 09:25:00,2026-07-31 17:25:00,0.85548,0.85561,0.85532,0.85544,974.0
2026-07-31 12:30:00,2026-07-31 09:30:00,2026-07-31 17:30:00,0.85543,0.85555,0.8554,0.85546,868.0
2026-07-31 12:35:00,2026-07-31 09:35:00,2026-07-31 17:35:00,0.85545,0.85546,0.8553,0.85536,974.0
2026-07-31 12:40:00,2026-07-31 09:40:00,2026-07-31 17:40:00,0.85535,0.85551,0.85533,0.8555,803.0
2026-07-31 12:45:00,2026-07-31 09:45:00,2026-07-31 17:45:00,0.85553,0.85563,0.85546,0.85554,542.0
2026-07-31 12:50:00,2026-07-31 09:50:00,2026-07-31 17:50:00,0.85555,0.85556,0.85538,0.85544,530.0
2026-07-31 12:55:00,2026-07-31 09:55:00,2026-07-31 17:55:00,0.85543,0.85548,0.85539,0.85542,876.0
2026-07-31 13:00:00,2026-07-31 10:00:00,2026-07-31 18:00:00,0.85541,0.85565,0.85536,0.85556,616.0
2026-07-31 13:05:00,2026-07-31 10:05:00,2026-07-31 18:05:00,0.85555,0.85586,0.85549,0.85586,476.0
2026-07-31 13:10:00,2026-07-31 10:10:00,2026-07-31 18:10:00,0.85585,0.85586,0.85563,0.85565,580.0
2026-07-31 13:15:00,2026-07-31 10:15:00,2026-07-31 18:15:00,0.85562,0.85567,0.85557,0.85565,770.0
2026-07-31 13:20:00,2026-07-31 10:20:00,2026-07-31 18:20:00,0.85564,0.85568,0.85541,0.85542,846.0
2026-07-31 13:25:00,2026-07-31 10:25:00,2026-07-31 18:25:00,0.85541,0.85545,0.85524,0.85542,741.0
2026-07-31 13:30:00,2026-07-31 10:30:00,2026-07-31 18:30:00,0.85541,0.85552,0.85537,0.85548,595.0
2026-07-31 13:35:00,2026-07-31 10:35:00,2026-07-31 18:35:00,0.8555,0.85552,0.8553,0.85534,620.0
2026-07-31 13:40:00,2026-07-31 10:40:00,2026-07-31 18:40:00,0.85533,0.8554,0.85526,0.85538,682.0
2026-07-31 13:45:00,2026-07-31 10:45:00,2026-07-31 18:45:00,0.85539,0.85557,0.85531,0.85556,604.0
2026-07-31 13:50:00,2026-07-31 10:50:00,2026-07-31 18:50:00,0.85557,0.8556,0.85539,0.85547,606.0
2026-07-31 13:55:00,2026-07-31 10:55:00,2026-07-31 18:55:00,0.85546,0.85553,0.85539,0.85551,1002.0
2026-07-31 14:00:00,2026-07-31 11:00:00,2026-07-31 19:00:00,0.85552,0.85571,0.85551,0.85557,1049.0
2026-07-31 14:05:00,2026-07-31 11:05:00,2026-07-31 19:05:00,0.85556,0.85558,0.85542,0.85557,790.0
2026-07-31 14:10:00,2026-07-31 11:10:00,2026-07-31 19:10:00,0.85556,0.8556,0.85546,0.85549,1018.0
2026-07-31 14:15:00,2026-07-31 11:15:00,2026-07-31 19:15:00,0.85548,0.85557,0.85541,0.85542,1232.0
2026-07-31 14:20:00,2026-07-31 11:20:00,2026-07-31 19:20:00,0.85541,0.85556,0.85537,0.85555,1000.0
2026-07-31 14:25:00,2026-07-31 11:25:00,2026-07-31 19:25:00,0.85556,0.85559,0.85548,0.85554,869.0
2026-07-31 14:30:00,2026-07-31 11:30:00,2026-07-31 19:30:00,0.85553,0.85588,0.8555,0.85583,611.0
2026-07-31 14:35:00,2026-07-31 11:35:00,2026-07-31 19:35:00,0.85584,0.85586,0.85566,0.85573,800.0
2026-07-31 14:40:00,2026-07-31 11:40:00,2026-07-31 19:40:00,0.85574,0.85602,0.85567,0.85596,920.0
2026-07-31 14:45:00,2026-07-31 11:45:00,2026-07-31 19:45:00,0.85597,0.85604,0.85587,0.85591,928.0
2026-07-31 14:50:00,2026-07-31 11:50:00,2026-07-31 19:50:00,0.8559,0.85613,0.85589,0.85608,824.0
2026-07-31 14:55:00,2026-07-31 11:55:00,2026-07-31 19:55:00,0.85607,0.85611,0.85589,0.85596,1046.0
2026-07-31 15:00:00,2026-07-31 12:00:00,2026-07-31 20:00:00,0.85595,0.856,0.85573,0.85578,1312.0
2026-07-31 15:05:00,2026-07-31 12:05:00,2026-07-31 20:05:00,0.85577,0.85582,0.85566,0.85571,1026.0
2026-07-31 15:10:00,2026-07-31 12:10:00,2026-07-31 20:10:00,0.8557,0.85592,0.85568,0.85587,944.0
2026-07-31 15:15:00,2026-07-31 12:15:00,2026-07-31 20:15:00,0.85588,0.85597,0.85583,0.85595,1390.0
2026-07-31 15:20:00,2026-07-31 12:20:00,2026-07-31 20:20:00,0.85596,0.85604,0.85587,0.85597,904.0
2026-07-31 15:25:00,2026-07-31 12:25:00,2026-07-31 20:25:00,0.85599,0.85603,0.85582,0.85584,370.0
2026-07-31 15:30:00,2026-07-31 12:30:00,2026-07-31 20:30:00,0.85583,0.85594,0.85582,0.85582,511.0
2026-07-31 15:35:00,2026-07-31 12:35:00,2026-07-31 20:35:00,0.85583,0.85593,0.85579,0.85588,621.0
2026-07-31 15:40:00,2026-07-31 12:40:00,2026-07-31 20:40:00,0.85587,0.85591,0.85579,0.85585,668.0
2026-07-31 15:45:00,2026-07-31 12:45:00,2026-07-31 20:45:00,0.85586,0.85588,0.85547,0.85564,878.0
2026-07-31 15:50:00,2026-07-31 12:50:00,2026-07-31 20:50:00,0.85563,0.85581,0.85559,0.85576,872.0
2026-07-31 15:55:00,2026-07-31 12:55:00,2026-07-31 20:55:00,0.85577,0.85605,0.85576,0.85601,927.0
2026-07-31 16:00:00,2026-07-31 13:00:00,2026-07-31 21:00:00,0.856,0.85614,0.85594,0.85607,814.0
2026-07-31 16:05:00,2026-07-31 13:05:00,2026-07-31 21:05:00,0.85609,0.85628,0.85595,0.85626,703.0
2026-07-31 16:10:00,2026-07-31 13:10:00,2026-07-31 21:10:00,0.85625,0.8564,0.85625,0.85634,637.0
2026-07-31 16:15:00,2026-07-31 13:15:00,2026-07-31 21:15:00,0.85635,0.8565,0.85633,0.85648,795.0
2026-07-31 16:20:00,2026-07-31 13:20:00,2026-07-31 21:20:00,0.85647,0.85657,0.85632,0.85643,1090.0
2026-07-31 16:25:00,2026-07-31 13:25:00,2026-07-31 21:25:00,0.85644,0.85653,0.85626,0.85628,1132.0
2026-07-31 16:30:00,2026-07-31 13:30:00,2026-07-31 21:30:00,0.85626,0.85644,0.85613,0.85613,1188.0
2026-07-31 16:35:00,2026-07-31 13:35:00,2026-07-31 21:35:00,0.85612,0.85619,0.85491,0.85491,1489.0
2026-07-31 16:40:00,2026-07-31 13:40:00,2026-07-31 21:40:00,0.85495,0.85551,0.85482,0.85527,1303.0
2026-07-31 16:45:00,2026-07-31 13:45:00,2026-07-31 21:45:00,0.85528,0.85557,0.85506,0.85508,1309.0
2026-07-31 16:50:00,2026-07-31 13:50:00,2026-07-31 21:50:00,0.85505,0.85518,0.85492,0.85501,1042.0
2026-07-31 16:55:00,2026-07-31 13:55:00,2026-07-31 21:55:00,0.855,0.85535,0.85491,0.85517,1157.0
2026-07-31 17:00:00,2026-07-31 14:00:00,2026-07-31 22:00:00,0.85516,0.85549,0.85487,0.85514,1322.0
2026-07-31 17:05:00,2026-07-31 14:05:00,2026-07-31 22:05:00,0.85513,0.85522,0.85501,0.85513,1112.0
2026-07-31 17:10:00,2026-07-31 14:10:00,2026-07-31 22:10:00,0.85515,0.85531,0.85511,0.85524,1170.0
2026-07-31 17:15:00,2026-07-31 14:15:00,2026-07-31 22:15:00,0.85523,0.85539,0.85515,0.85529,1186.0
2026-07-31 17:20:00,2026-07-31 14:20:00,2026-07-31 22:20:00,0.85528,0.85533,0.855,0.8551,1192.0
2026-07-31 17:25:00,2026-07-31 14:25:00,2026-07-31 22:25:00,0.85511,0.85531,0.855,0.85524,1066.0
2026-07-31 17:30:00,2026-07-31 14:30:00,2026-07-31 22:30:00,0.85526,0.85536,0.8551,0.85518,903.0
2026-07-31 17:35:00,2026-07-31 14:35:00,2026-07-31 22:35:00,0.85517,0.85524,0.85476,0.8549,1242.0
2026-07-31 17:40:00,2026-07-31 14:40:00,2026-07-31 22:40:00,0.85491,0.85492,0.85457,0.85472,808.0
2026-07-31 17:45:00,2026-07-31 14:45:00,2026-07-31 22:45:00,0.85473,0.85491,0.85425,0.85432,901.0
2026-07-31 17:50:00,2026-07-31 14:50:00,2026-07-31 22:50:00,0.85433,0.85508,0.85431,0.85499,1491.0
2026-07-31 17:55:00,2026-07-31 14:55:00,2026-07-31 22:55:00,0.85498,0.85534,0.85471,0.85494,1379.0
2026-07-31 18:00:00,2026-07-31 15:00:00,2026-07-31 23:00:00,0.85495,0.85496,0.85451,0.85457,1387.0
2026-07-31 18:05:00,2026-07-31 15:05:00,2026-07-31 23:05:00,0.85458,0.85464,0.85434,0.85446,1292.0
2026-07-31 18:10:00,2026-07-31 15:10:00,2026-07-31 23:10:00,0.85447,0.85456,0.8544,0.85445,1302.0
2026-07-31 18:15:00,2026-07-31 15:15:00,2026-07-31 23:15:00,0.85444,0.85453,0.85437,0.85445,1077.0
2026-07-31 18:20:00,2026-07-31 15:20:00,2026-07-31 23:20:00,0.85444,0.85464,0.8544,0.85456,1130.0
2026-07-31 18:25:00,2026-07-31 15:25:00,2026-07-31 23:25:00,0.85457,0.85467,0.85449,0.85457,1116.0
2026-07-31 18:30:00,2026-07-31 15:30:00,2026-07-31 23:30:00,0.85458,0.8547,0.85441,0.85457,920.0
2026-07-31 18:35:00,2026-07-31 15:35:00,2026-07-31 23:35:00,0.85458,0.85463,0.85448,0.85461,996.0
2026-07-31 18:40:00,2026-07-31 15:40:00,2026-07-31 23:40:00,0.85462,0.85475,0.85455,0.85472,832.0
2026-07-31 18:45:00,2026-07-31 15:45:00,2026-07-31 23:45:00,0.85473,0.85491,0.85469,0.85483,782.0
2026-07-31 18:50:00,2026-07-31 15:50:00,2026-07-31 23:50:00,0.85483,0.85491,0.85473,0.85491,844.0
2026-07-31 18:55:00,2026-07-31 15:55:00,2026-07-31 23:55:00,0.85492,0.85523,0.8549,0.85521,795.0
2026-07-31 19:00:00,2026-07-31 16:00:00,2026-08-01 00:00:00,0.85522,0.85524,0.85499,0.85514,729.0
2026-07-31 19:05:00,2026-07-31 16:05:00,2026-08-01 00:05:00,0.85515,0.85518,0.85505,0.85509,760.0
2026-07-31 19:10:00,2026-07-31 16:10:00,2026-08-01 00:10:00,0.8551,0.85525,0.85505,0.85512,694.0
2026-07-31 19:15:00,2026-07-31 16:15:00,2026-08-01 00:15:00,0.85513,0.85524,0.85506,0.85523,924.0
2026-07-31 19:20:00,2026-07-31 16:20:00,2026-08-01 00:20:00,0.85522,0.85534,0.8551,0.85519,1094.0
2026-07-31 19:25:00,2026-07-31 16:25:00,2026-08-01 00:25:00,0.85521,0.85523,0.8551,0.8552,893.0
2026-07-31 19:30:00,2026-07-31 16:30:00,2026-08-01 00:30:00,0.85521,0.85527,0.85513,0.85523,640.0
2026-07-31 19:35:00,2026-07-31 16:35:00,2026-08-01 00:35:00,0.85522,0.85529,0.85518,0.85523,909.0
2026-07-31 19:40:00,2026-07-31 16:40:00,2026-08-01 00:40:00,0.85524,0.85532,0.85514,0.85515,818.0
2026-07-31 19:45:00,2026-07-31 16:45:00,2026-08-01 00:45:00,0.85516,0.85522,0.85514,0.85518,694.0
2026-07-31 19:50:00,2026-07-31 16:50:00,2026-08-01 00:50:00,0.85519,0.85526,0.85512,0.85517,582.0
2026-07-31 19:55:00,2026-07-31 16:55:00,2026-08-01 00:55:00,0.85516,0.85538,0.85514,0.85534,780.0
2026-07-31 20:00:00,2026-07-31 17:00:00,2026-08-01 01:00:00,0.85535,0.85538,0.8553,0.85534,683.0
2026-07-31 20:05:00,2026-07-31 17:05:00,2026-08-01 01:05:00,0.85533,0.85534,0.85516,0.85521,737.0
2026-07-31 20:10:00,2026-07-31 17:10:00,2026-08-01 01:10:00,0.8552,0.85533,0.85518,0.85526,734.0
2026-07-31 20:15:00,2026-07-31 17:15:00,2026-08-01 01:15:00,0.85528,0.85537,0.85525,0.85531,669.0
2026-07-31 20:20:00,2026-07-31 17:20:00,2026-08-01 01:20:00,0.85532,0.85537,0.85526,0.85527,706.0
2026-07-31 20:25:00,2026-07-31 17:25:00,2026-08-01 01:25:00,0.85528,0.85535,0.85524,0.8553,1009.0
2026-07-31 20:30:00,2026-07-31 17:30:00,2026-08-01 01:30:00,0.85531,0.85544,0.85527,0.85536,937.0
2026-07-31 20:35:00,2026-07-31 17:35:00,2026-08-01 01:35:00,0.85535,0.85546,0.85532,0.85544,948.0
2026-07-31 20:40:00,2026-07-31 17:40:00,2026-08-01 01:40:00,0.85545,0.8555,0.85541,0.85548,854.0
2026-07-31 20:45:00,2026-07-31 17:45:00,2026-08-01 01:45:00,0.85546,0.85557,0.85544,0.85546,999.0
2026-07-31 20:50:00,2026-07-31 17:50:00,2026-08-01 01:50:00,0.85545,0.85552,0.85541,0.85542,797.0
2026-07-31 20:55:00,2026-07-31 17:55:00,2026-08-01 01:55:00,0.85539,0.85543,0.85531,0.85534,912.0
2026-07-31 21:00:00,2026-07-31 18:00:00,2026-08-01 02:00:00,0.85536,0.85539,0.85524,0.85538,1348.0
2026-07-31 21:05:00,2026-07-31 18:05:00,2026-08-01 02:05:00,0.85537,0.85555,0.85537,0.85554,866.0
2026-07-31 21:10:00,2026-07-31 18:10:00,2026-08-01 02:10:00,0.85557,0.85559,0.85544,0.85544,880.0
2026-07-31 21:15:00,2026-07-31 18:15:00,2026-08-01 02:15:00,0.85545,0.85553,0.85539,0.85547,826.0
2026-07-31 21:20:00,2026-07-31 18:20:00,2026-08-01 02:20:00,0.85549,0.8555,0.85535,0.85536,986.0
2026-07-31 21:25:00,2026-07-31 18:25:00,2026-08-01 02:25:00,0.85537,0.85543,0.85534,0.85541,888.0
2026-07-31 21:30:00,2026-07-31 18:30:00,2026-08-01 02:30:00,0.8554,0.85545,0.85537,0.85539,896.0
2026-07-31 21:35:00,2026-07-31 18:35:00,2026-08-01 02:35:00,0.8554,0.85547,0.85535,0.85538,668.0
2026-07-31 21:40:00,2026-07-31 18:40:00,2026-08-01 02:40:00,0.85539,0.8554,0.85531,0.85533,652.0
2026-07-31 21:45:00,2026-07-31 18:45:00,2026-08-01 02:45:00,0.8553,0.85535,0.85522,0.85526,569.0
2026-07-31 21:50:00,2026-07-31 18:50:00,2026-08-01 02:50:00,0.85525,0.85531,0.85516,0.85521,859.0
2026-07-31 21:55:00,2026-07-31 18:55:00,2026-08-01 02:55:00,0.8552,0.85527,0.85512,0.85522,983.0
2026-07-31 22:00:00,2026-07-31 19:00:00,2026-08-01 03:00:00,0.85524,0.85529,0.85518,0.85526,766.0
2026-07-31 22:05:00,2026-07-31 19:05:00,2026-08-01 03:05:00,0.85527,0.8553,0.85521,0.85529,764.0
2026-07-31 22:10:00,2026-07-31 19:10:00,2026-08-01 03:10:00,0.85528,0.85532,0.85523,0.85531,610.0
2026-07-31 22:15:00,2026-07-31 19:15:00,2026-08-01 03:15:00,0.85532,0.85533,0.85525,0.85531,542.0
2026-07-31 22:20:00,2026-07-31 19:20:00,2026-08-01 03:20:00,0.8553,0.85531,0.85524,0.85528,574.0
2026-07-31 22:25:00,2026-07-31 19:25:00,2026-08-01 03:25:00,0.85529,0.85529,0.85517,0.85523,776.0
2026-07-31 22:30:00,2026-07-31 19:30:00,2026-08-01 03:30:00,0.85522,0.85525,0.85518,0.8552,770.0
2026-07-31 22:35:00,2026-07-31 19:35:00,2026-08-01 03:35:00,0.85521,0.85528,0.85517,0.85528,725.0
2026-07-31 22:40:00,2026-07-31 19:40:00,2026-08-01 03:40:00,0.85527,0.85536,0.85521,0.85525,738.0
2026-07-31 22:45:00,2026-07-31 19:45:00,2026-08-01 03:45:00,0.85523,0.85535,0.85522,0.85532,882.0
2026-07-31 22:50:00,2026-07-31 19:50:00,2026-08-01 03:50:00,0.85532,0.8554,0.85532,0.8554,514.0
2026-07-31 22:55:00,2026-07-31 19:55:00,2026-08-01 03:55:00,0.85543,0.85566,0.85543,0.85564,762.0
2026-07-31 23:00:00,2026-07-31 20:00:00,2026-08-01 04:00:00,0.85565,0.85568,0.85556,0.85562,586.0
2026-07-31 23:05:00,2026-07-31 20:05:00,2026-08-01 04:05:00,0.85564,0.85564,0.85531,0.85533,664.0
2026-07-31 23:10:00,2026-07-31 20:10:00,2026-08-01 04:10:00,0.85534,0.8555,0.8553,0.85548,682.0
2026-07-31 23:15:00,2026-07-31 20:15:00,2026-08-01 04:15:00,0.85547,0.85549,0.85534,0.85545,939.0
2026-07-31 23:20:00,2026-07-31 20:20:00,2026-08-01 04:20:00,0.85547,0.85549,0.85529,0.85543,1005.0
2026-07-31 23:25:00,2026-07-31 20:25:00,2026-08-01 04:25:00,0.85544,0.85553,0.85536,0.85549,885.0
2026-07-31 23:30:00,2026-07-31 20:30:00,2026-08-01 04:30:00,0.8555,0.85552,0.85529,0.8553,1117.0
2026-07-31 23:35:00,2026-07-31 20:35:00,2026-08-01 04:35:00,0.85531,0.85541,0.85522,0.85528,1426.0
2026-07-31 23:40:00,2026-07-31 20:40:00,2026-08-01 04:40:00,0.8553,0.85541,0.85527,0.85536,995.0
2026-07-31 23:45:00,2026-07-31 20:45:00,2026-08-01 04:45:00,0.85537,0.85557,0.85533,0.85555,1422.0
2026-07-31 23:50:00,2026-07-31 20:50:00,2026-08-01 04:50:00,0.85558,0.85572,0.85519,0.85536,1580.0
2026-08-03 00:00:00,2026-08-02 21:00:00,2026-08-03 05:00:00,0.85546,0.85556,0.85519,0.85543,96.0
2026-08-03 00:05:00,2026-08-02 21:05:00,2026-08-03 05:05:00,0.8554,0.85565,0.8554,0.85563,53.0
2026-08-03 00:10:00,2026-08-02 21:10:00,2026-08-03 05:10:00,0.85569,0.85589,0.85547,0.85563,134.0
2026-08-03 00:15:00,2026-08-02 21:15:00,2026-08-03 05:15:00,0.85573,0.85577,0.85559,0.85559,93.0
2026-08-03 00:20:00,2026-08-02 21:20:00,2026-08-03 05:20:00,0.8556,0.85561,0.85554,0.85555,70.0
2026-08-03 00:25:00,2026-08-02 21:25:00,2026-08-03 05:25:00,0.85556,0.85576,0.85554,0.85567,44.0
2026-08-03 00:30:00,2026-08-02 21:30:00,2026-08-03 05:30:00,0.85568,0.85588,0.85551,0.85562,82.0
2026-08-03 00:35:00,2026-08-02 21:35:00,2026-08-03 05:35:00,0.8556,0.85561,0.85524,0.85526,223.0
2026-08-03 00:40:00,2026-08-02 21:40:00,2026-08-03 05:40:00,0.85527,0.85567,0.85527,0.85567,81.0
2026-08-03 00:45:00,2026-08-02 21:45:00,2026-08-03 05:45:00,0.85564,0.85574,0.85559,0.85561,146.0
2026-08-03 00:50:00,2026-08-02 21:50:00,2026-08-03 05:50:00,0.85564,0.85579,0.85527,0.85551,296.0
2026-08-03 00:55:00,2026-08-02 21:55:00,2026-08-03 05:55:00,0.8555,0.85559,0.85531,0.85551,388.0
2026-08-03 01:00:00,2026-08-02 22:00:00,2026-08-03 06:00:00,0.85571,0.85588,0.85554,0.85574,971.0
2026-08-03 01:05:00,2026-08-02 22:05:00,2026-08-03 06:05:00,0.85575,0.85587,0.85562,0.85587,613.0
2026-08-03 01:10:00,2026-08-02 22:10:00,2026-08-03 06:10:00,0.85585,0.85606,0.85575,0.85581,998.0
2026-08-03 01:15:00,2026-08-02 22:15:00,2026-08-03 06:15:00,0.85583,0.85587,0.85559,0.85571,1111.0
2026-08-03 01:20:00,2026-08-02 22:20:00,2026-08-03 06:20:00,0.8557,0.85576,0.85554,0.85559,954.0
2026-08-03 01:25:00,2026-08-02 22:25:00,2026-08-03 06:25:00,0.85558,0.85561,0.85551,0.85558,930.0
2026-08-03 01:30:00,2026-08-02 22:30:00,2026-08-03 06:30:00,0.85557,0.85572,0.85554,0.85569,685.0
2026-08-03 01:35:00,2026-08-02 22:35:00,2026-08-03 06:35:00,0.85568,0.85572,0.85561,0.85564,464.0
2026-08-03 01:40:00,2026-08-02 22:40:00,2026-08-03 06:40:00,0.85565,0.85576,0.85562,0.85573,326.0
2026-08-03 01:45:00,2026-08-02 22:45:00,2026-08-03 06:45:00,0.85574,0.85586,0.85567,0.85585,492.0
2026-08-03 01:50:00,2026-08-02 22:50:00,2026-08-03 06:50:00,0.85584,0.85586,0.8557,0.85572,346.0
2026-08-03 01:55:00,2026-08-02 22:55:00,2026-08-03 06:55:00,0.85571,0.85573,0.85566,0.8557,398.0
2026-08-03 02:00:00,2026-08-02 23:00:00,2026-08-03 07:00:00,0.85572,0.8558,0.85567,0.85574,464.0
2026-08-03 02:05:00,2026-08-02 23:05:00,2026-08-03 07:05:00,0.85575,0.85575,0.85569,0.85571,519.0
2026-08-03 02:10:00,2026-08-02 23:10:00,2026-08-03 07:10:00,0.85573,0.85576,0.85563,0.85571,666.0
2026-08-03 02:15:00,2026-08-02 23:15:00,2026-08-03 07:15:00,0.85569,0.85573,0.85567,0.85572,358.0
2026-08-03 02:20:00,2026-08-02 23:20:00,2026-08-03 07:20:00,0.8557,0.85575,0.85565,0.85571,334.0
2026-08-03 02:25:00,2026-08-02 23:25:00,2026-08-03 07:25:00,0.85569,0.85577,0.85565,0.85569,716.0
2026-08-03 02:30:00,2026-08-02 23:30:00,2026-08-03 07:30:00,0.85567,0.85572,0.85557,0.8557,1054.0
2026-08-03 02:35:00,2026-08-02 23:35:00,2026-08-03 07:35:00,0.85568,0.85574,0.85562,0.85568,642.0
2026-08-03 02:40:00,2026-08-02 23:40:00,2026-08-03 07:40:00,0.8557,0.85575,0.85558,0.85561,482.0
2026-08-03 02:45:00,2026-08-02 23:45:00,2026-08-03 07:45:00,0.85563,0.8557,0.85558,0.8556,919.0
2026-08-03 02:50:00,2026-08-02 23:50:00,2026-08-03 07:50:00,0.85562,0.85563,0.85554,0.85558,824.0
2026-08-03 02:55:00,2026-08-02 23:55:00,2026-08-03 07:55:00,0.85557,0.85566,0.85557,0.85564,622.0
2026-08-03 03:00:00,2026-08-03 00:00:00,2026-08-03 08:00:00,0.85565,0.85565,0.85537,0.85549,964.0
2026-08-03 03:05:00,2026-08-03 00:05:00,2026-08-03 08:05:00,0.8555,0.85557,0.85547,0.85554,481.0
2026-08-03 03:10:00,2026-08-03 00:10:00,2026-08-03 08:10:00,0.85555,0.8556,0.85553,0.85558,590.0
2026-08-03 03:15:00,2026-08-03 00:15:00,2026-08-03 08:15:00,0.85557,0.85561,0.8555,0.85555,583.0
2026-08-03 03:20:00,2026-08-03 00:20:00,2026-08-03 08:20:00,0.85552,0.85557,0.85551,0.85554,688.0
2026-08-03 03:25:00,2026-08-03 00:25:00,2026-08-03 08:25:00,0.85555,0.85569,0.85554,0.85568,800.0
2026-08-03 03:30:00,2026-08-03 00:30:00,2026-08-03 08:30:00,0.85572,0.85579,0.85564,0.85568,621.0
2026-08-03 03:35:00,2026-08-03 00:35:00,2026-08-03 08:35:00,0.85569,0.85584,0.85563,0.85566,845.0
2026-08-03 03:40:00,2026-08-03 00:40:00,2026-08-03 08:40:00,0.85565,0.85585,0.85562,0.85576,887.0
2026-08-03 03:45:00,2026-08-03 00:45:00,2026-08-03 08:45:00,0.85578,0.85589,0.85566,0.8557,1003.0
2026-08-03 03:50:00,2026-08-03 00:50:00,2026-08-03 08:50:00,0.85569,0.85585,0.85567,0.85583,966.0
2026-08-03 03:55:00,2026-08-03 00:55:00,2026-08-03 08:55:00,0.85582,0.85583,0.85572,0.85578,893.0
2026-08-03 04:00:00,2026-08-03 01:00:00,2026-08-03 09:00:00,0.85579,0.85588,0.85569,0.85581,1056.0
2026-08-03 04:05:00,2026-08-03 01:05:00,2026-08-03 09:05:00,0.85582,0.8561,0.8558,0.85595,692.0
2026-08-03 04:10:00,2026-08-03 01:10:00,2026-08-03 09:10:00,0.85596,0.85613,0.85595,0.85606,512.0
2026-08-03 04:15:00,2026-08-03 01:15:00,2026-08-03 09:15:00,0.85605,0.8562,0.856,0.85614,790.0
2026-08-03 04:20:00,2026-08-03 01:20:00,2026-08-03 09:20:00,0.85613,0.85622,0.85603,0.85604,1088.0
2026-08-03 04:25:00,2026-08-03 01:25:00,2026-08-03 09:25:00,0.85603,0.85606,0.85593,0.85594,1130.0
2026-08-03 04:30:00,2026-08-03 01:30:00,2026-08-03 09:30:00,0.85595,0.85599,0.85583,0.85593,932.0
2026-08-03 04:35:00,2026-08-03 01:35:00,2026-08-03 09:35:00,0.85592,0.85601,0.85589,0.856,720.0
2026-08-03 04:40:00,2026-08-03 01:40:00,2026-08-03 09:40:00,0.85598,0.85606,0.85587,0.85589,948.0
2026-08-03 04:45:00,2026-08-03 01:45:00,2026-08-03 09:45:00,0.8559,0.856,0.85589,0.85597,857.0
2026-08-03 04:50:00,2026-08-03 01:50:00,2026-08-03 09:50:00,0.85595,0.85601,0.85587,0.85592,784.0
2026-08-03 04:55:00,2026-08-03 01:55:00,2026-08-03 09:55:00,0.85591,0.85594,0.85583,0.85589,1024.0
2026-08-03 05:00:00,2026-08-03 02:00:00,2026-08-03 10:00:00,0.8559,0.8559,0.85582,0.85588,814.0
2026-08-03 05:05:00,2026-08-03 02:05:00,2026-08-03 10:05:00,0.85587,0.85596,0.85587,0.85594,878.0
2026-08-03 05:10:00,2026-08-03 02:10:00,2026-08-03 10:10:00,0.85595,0.85595,0.85588,0.85593,625.0
2026-08-03 05:15:00,2026-08-03 02:15:00,2026-08-03 10:15:00,0.85592,0.85594,0.85585,0.85591,549.0
2026-08-03 05:20:00,2026-08-03 02:20:00,2026-08-03 10:20:00,0.85592,0.85604,0.85586,0.85603,426.0
2026-08-03 05:25:00,2026-08-03 02:25:00,2026-08-03 10:25:00,0.85604,0.8561,0.85602,0.85608,362.0
2026-08-03 05:30:00,2026-08-03 02:30:00,2026-08-03 10:30:00,0.85609,0.8561,0.85599,0.85601,404.0
2026-08-03 05:35:00,2026-08-03 02:35:00,2026-08-03 10:35:00,0.85602,0.85605,0.856,0.85603,470.0
2026-08-03 05:40:00,2026-08-03 02:40:00,2026-08-03 10:40:00,0.85604,0.85604,0.85597,0.85603,524.0
2026-08-03 05:45:00,2026-08-03 02:45:00,2026-08-03 10:45:00,0.85602,0.85606,0.85597,0.85606,350.0
2026-08-03 05:50:00,2026-08-03 02:50:00,2026-08-03 10:50:00,0.85605,0.85616,0.85605,0.85612,318.0
2026-08-03 05:55:00,2026-08-03 02:55:00,2026-08-03 10:55:00,0.85611,0.85613,0.85603,0.85604,332.0
2026-08-03 06:00:00,2026-08-03 03:00:00,2026-08-03 11:00:00,0.85603,0.8561,0.85596,0.85606,253.0
2026-08-03 06:05:00,2026-08-03 03:05:00,2026-08-03 11:05:00,0.85607,0.85608,0.85598,0.85601,279.0
2026-08-03 06:10:00,2026-08-03 03:10:00,2026-08-03 11:10:00,0.85599,0.85602,0.85591,0.85596,573.0
2026-08-03 06:15:00,2026-08-03 03:15:00,2026-08-03 11:15:00,0.85595,0.85608,0.85594,0.85603,469.0
2026-08-03 06:20:00,2026-08-03 03:20:00,2026-08-03 11:20:00,0.85601,0.85611,0.85601,0.8561,387.0
2026-08-03 06:25:00,2026-08-03 03:25:00,2026-08-03 11:25:00,0.85607,0.85611,0.856,0.85605,416.0
2026-08-03 06:30:00,2026-08-03 03:30:00,2026-08-03 11:30:00,0.85604,0.85607,0.85601,0.85606,605.0
2026-08-03 06:35:00,2026-08-03 03:35:00,2026-08-03 11:35:00,0.85605,0.85614,0.85604,0.85606,286.0
2026-08-03 06:40:00,2026-08-03 03:40:00,2026-08-03 11:40:00,0.85607,0.85609,0.85603,0.85607,360.0
2026-08-03 06:45:00,2026-08-03 03:45:00,2026-08-03 11:45:00,0.85606,0.85609,0.85602,0.85607,388.0
2026-08-03 06:50:00,2026-08-03 03:50:00,2026-08-03 11:50:00,0.85606,0.8561,0.85604,0.85609,288.0
2026-08-03 06:55:00,2026-08-03 03:55:00,2026-08-03 11:55:00,0.8561,0.85614,0.85607,0.85612,313.0
2026-08-03 07:00:00,2026-08-03 04:00:00,2026-08-03 12:00:00,0.85613,0.85614,0.85606,0.85608,419.0
2026-08-03 07:05:00,2026-08-03 04:05:00,2026-08-03 12:05:00,0.85609,0.85613,0.85605,0.85612,477.0
2026-08-03 07:10:00,2026-08-03 04:10:00,2026-08-03 12:10:00,0.85611,0.85615,0.85608,0.85613,309.0
2026-08-03 07:15:00,2026-08-03 04:15:00,2026-08-03 12:15:00,0.85616,0.85625,0.85612,0.85625,303.0
2026-08-03 07:20:00,2026-08-03 04:20:00,2026-08-03 12:20:00,0.85626,0.85628,0.85622,0.85622,434.0
2026-08-03 07:25:00,2026-08-03 04:25:00,2026-08-03 12:25:00,0.85623,0.85627,0.85622,0.85625,440.0
2026-08-03 07:30:00,2026-08-03 04:30:00,2026-08-03 12:30:00,0.85624,0.85625,0.8562,0.85622,314.0
2026-08-03 07:35:00,2026-08-03 04:35:00,2026-08-03 12:35:00,0.85621,0.85622,0.85616,0.85619,254.0
2026-08-03 07:40:00,2026-08-03 04:40:00,2026-08-03 12:40:00,0.8562,0.85624,0.85618,0.85618,182.0
2026-08-03 07:45:00,2026-08-03 04:45:00,2026-08-03 12:45:00,0.85619,0.8562,0.85612,0.85618,216.0
2026-08-03 07:50:00,2026-08-03 04:50:00,2026-08-03 12:50:00,0.85619,0.8562,0.85614,0.85615,304.0
2026-08-03 07:55:00,2026-08-03 04:55:00,2026-08-03 12:55:00,0.85617,0.8562,0.85614,0.85617,361.0
2026-08-03 08:00:00,2026-08-03 05:00:00,2026-08-03 13:00:00,0.85615,0.85619,0.8561,0.85614,465.0
2026-08-03 08:05:00,2026-08-03 05:05:00,2026-08-03 13:05:00,0.85615,0.85615,0.85609,0.85613,409.0
2026-08-03 08:10:00,2026-08-03 05:10:00,2026-08-03 13:10:00,0.85612,0.85613,0.85606,0.85609,583.0
2026-08-03 08:15:00,2026-08-03 05:15:00,2026-08-03 13:15:00,0.85611,0.85616,0.85606,0.85615,653.0
2026-08-03 08:20:00,2026-08-03 05:20:00,2026-08-03 13:20:00,0.85616,0.85617,0.85607,0.85609,528.0
2026-08-03 08:25:00,2026-08-03 05:25:00,2026-08-03 13:25:00,0.85608,0.85611,0.85606,0.85609,655.0
2026-08-03 08:30:00,2026-08-03 05:30:00,2026-08-03 13:30:00,0.8561,0.85613,0.85604,0.85609,860.0
2026-08-03 08:35:00,2026-08-03 05:35:00,2026-08-03 13:35:00,0.85607,0.85612,0.85606,0.85608,361.0
2026-08-03 08:40:00,2026-08-03 05:40:00,2026-08-03 13:40:00,0.85607,0.85609,0.85603,0.85606,411.0
2026-08-03 08:45:00,2026-08-03 05:45:00,2026-08-03 13:45:00,0.85607,0.85617,0.85604,0.85614,334.0
2026-08-03 08:50:00,2026-08-03 05:50:00,2026-08-03 13:50:00,0.85615,0.85615,0.85609,0.85611,330.0
2026-08-03 08:55:00,2026-08-03 05:55:00,2026-08-03 13:55:00,0.85612,0.85614,0.85603,0.85609,320.0
2026-08-03 09:00:00,2026-08-03 06:00:00,2026-08-03 14:00:00,0.8561,0.85619,0.85605,0.85613,681.0
2026-08-03 09:05:00,2026-08-03 06:05:00,2026-08-03 14:05:00,0.85614,0.85618,0.85605,0.85609,634.0
2026-08-03 09:10:00,2026-08-03 06:10:00,2026-08-03 14:10:00,0.8561,0.85611,0.85596,0.85597,428.0
2026-08-03 09:15:00,2026-08-03 06:15:00,2026-08-03 14:15:00,0.85596,0.8561,0.85593,0.85606,515.0
2026-08-03 09:20:00,2026-08-03 06:20:00,2026-08-03 14:20:00,0.85607,0.85616,0.85605,0.85614,1021.0
2026-08-03 09:25:00,2026-08-03 06:25:00,2026-08-03 14:25:00,0.85615,0.85615,0.85606,0.85614,834.0
2026-08-03 09:30:00,2026-08-03 06:30:00,2026-08-03 14:30:00,0.85613,0.85634,0.85611,0.85634,682.0
2026-08-03 09:35:00,2026-08-03 06:35:00,2026-08-03 14:35:00,0.85633,0.85636,0.85615,0.85619,632.0
2026-08-03 09:40:00,2026-08-03 06:40:00,2026-08-03 14:40:00,0.85618,0.85631,0.85616,0.8563,568.0
2026-08-03 09:45:00,2026-08-03 06:45:00,2026-08-03 14:45:00,0.85629,0.85634,0.85626,0.85633,956.0
2026-08-03 09:50:00,2026-08-03 06:50:00,2026-08-03 14:50:00,0.85632,0.85637,0.85626,0.85631,621.0
2026-08-03 09:55:00,2026-08-03 06:55:00,2026-08-03 14:55:00,0.85629,0.85636,0.85621,0.85634,797.0
2026-08-03 10:00:00,2026-08-03 07:00:00,2026-08-03 15:00:00,0.85634,0.85638,0.85614,0.8562,798.0
2026-08-03 10:05:00,2026-08-03 07:05:00,2026-08-03 15:05:00,0.85619,0.85627,0.85612,0.85626,883.0
2026-08-03 10:10:00,2026-08-03 07:10:00,2026-08-03 15:10:00,0.85625,0.85633,0.8562,0.85624,623.0
2026-08-03 10:15:00,2026-08-03 07:15:00,2026-08-03 15:15:00,0.85626,0.85637,0.8562,0.85636,577.0
2026-08-03 10:20:00,2026-08-03 07:20:00,2026-08-03 15:20:00,0.85635,0.85644,0.85619,0.85626,535.0
2026-08-03 10:25:00,2026-08-03 07:25:00,2026-08-03 15:25:00,0.85625,0.85629,0.85621,0.85626,669.0
2026-08-03 10:30:00,2026-08-03 07:30:00,2026-08-03 15:30:00,0.85627,0.85629,0.85612,0.85614,737.0
2026-08-03 10:35:00,2026-08-03 07:35:00,2026-08-03 15:35:00,0.85615,0.85615,0.85584,0.85586,666.0
2026-08-03 10:40:00,2026-08-03 07:40:00,2026-08-03 15:40:00,0.85585,0.85603,0.85584,0.85599,674.0
2026-08-03 10:45:00,2026-08-03 07:45:00,2026-08-03 15:45:00,0.856,0.8561,0.85597,0.85609,530.0
2026-08-03 10:50:00,2026-08-03 07:50:00,2026-08-03 15:50:00,0.85608,0.85623,0.85606,0.85618,547.0
2026-08-03 10:55:00,2026-08-03 07:55:00,2026-08-03 15:55:00,0.85619,0.85628,0.85617,0.85625,526.0
2026-08-03 11:00:00,2026-08-03 08:00:00,2026-08-03 16:00:00,0.85626,0.85644,0.85625,0.85627,482.0
2026-08-03 11:05:00,2026-08-03 08:05:00,2026-08-03 16:05:00,0.85626,0.85626,0.85608,0.85619,672.0
2026-08-03 11:10:00,2026-08-03 08:10:00,2026-08-03 16:10:00,0.85621,0.85633,0.8562,0.85631,446.0
2026-08-03 11:15:00,2026-08-03 08:15:00,2026-08-03 16:15:00,0.85632,0.85637,0.85617,0.8562,427.0
2026-08-03 11:20:00,2026-08-03 08:20:00,2026-08-03 16:20:00,0.85621,0.85634,0.85618,0.85633,497.0
2026-08-03 11:25:00,2026-08-03 08:25:00,2026-08-03 16:25:00,0.85634,0.85639,0.8563,0.85638,655.0
2026-08-03 11:30:00,2026-08-03 08:30:00,2026-08-03 16:30:00,0.85636,0.85642,0.85627,0.85628,597.0
2026-08-03 11:35:00,2026-08-03 08:35:00,2026-08-03 16:35:00,0.8563,0.85639,0.85626,0.85629,886.0
2026-08-03 11:40:00,2026-08-03 08:40:00,2026-08-03 16:40:00,0.8563,0.85636,0.85624,0.8563,548.0
2026-08-03 11:45:00,2026-08-03 08:45:00,2026-08-03 16:45:00,0.85632,0.8564,0.85629,0.8564,378.0
2026-08-03 11:50:00,2026-08-03 08:50:00,2026-08-03 16:50:00,0.85639,0.8564,0.85621,0.85632,448.0
2026-08-03 11:55:00,2026-08-03 08:55:00,2026-08-03 16:55:00,0.85631,0.85642,0.85628,0.85641,364.0
2026-08-03 12:00:00,2026-08-03 09:00:00,2026-08-03 17:00:00,0.85643,0.85672,0.85641,0.85664,441.0
2026-08-03 12:05:00,2026-08-03 09:05:00,2026-08-03 17:05:00,0.85661,0.85667,0.85637,0.85642,457.0
2026-08-03 12:10:00,2026-08-03 09:10:00,2026-08-03 17:10:00,0.85643,0.85661,0.85643,0.85656,445.0
2026-08-03 12:15:00,2026-08-03 09:15:00,2026-08-03 17:15:00,0.85657,0.85667,0.85654,0.85662,426.0
2026-08-03 12:20:00,2026-08-03 09:20:00,2026-08-03 17:20:00,0.85661,0.85665,0.8564,0.8564,358.0
2026-08-03 12:25:00,2026-08-03 09:25:00,2026-08-03 17:25:00,0.85639,0.85654,0.85639,0.85652,551.0
2026-08-03 12:30:00,2026-08-03 09:30:00,2026-08-03 17:30:00,0.85653,0.85662,0.85649,0.85662,509.0
2026-08-03 12:35:00,2026-08-03 09:35:00,2026-08-03 17:35:00,0.85663,0.85673,0.85658,0.85669,494.0
2026-08-03 12:40:00,2026-08-03 09:40:00,2026-08-03 17:40:00,0.8567,0.85678,0.85668,0.85671,455.0
2026-08-03 12:45:00,2026-08-03 09:45:00,2026-08-03 17:45:00,0.85672,0.85678,0.85668,0.85673,424.0
2026-08-03 12:50:00,2026-08-03 09:50:00,2026-08-03 17:50:00,0.85674,0.8568,0.85664,0.85666,394.0
2026-08-03 12:55:00,2026-08-03 09:55:00,2026-08-03 17:55:00,0.85667,0.85671,0.85654,0.85668,578.0
2026-08-03 13:00:00,2026-08-03 10:00:00,2026-08-03 18:00:00,0.85667,0.8568,0.85666,0.85672,556.0
2026-08-03 13:05:00,2026-08-03 10:05:00,2026-08-03 18:05:00,0.85673,0.85673,0.8565,0.85651,368.0
2026-08-03 13:10:00,2026-08-03 10:10:00,2026-08-03 18:10:00,0.85652,0.85659,0.85645,0.85651,410.0
2026-08-03 13:15:00,2026-08-03 10:15:00,2026-08-03 18:15:00,0.8565,0.85656,0.85633,0.85633,490.0
2026-08-03 13:20:00,2026-08-03 10:20:00,2026-08-03 18:20:00,0.85634,0.85639,0.85624,0.85627,517.0
2026-08-03 13:25:00,2026-08-03 10:25:00,2026-08-03 18:25:00,0.85626,0.85637,0.85624,0.85632,654.0
2026-08-03 13:30:00,2026-08-03 10:30:00,2026-08-03 18:30:00,0.8563,0.85638,0.85598,0.85601,500.0
2026-08-03 13:35:00,2026-08-03 10:35:00,2026-08-03 18:35:00,0.85602,0.85608,0.85594,0.85605,361.0
2026-08-03 13:40:00,2026-08-03 10:40:00,2026-08-03 18:40:00,0.85604,0.85608,0.85592,0.85593,344.0
2026-08-03 13:45:00,2026-08-03 10:45:00,2026-08-03 18:45:00,0.85594,0.85613,0.85593,0.85608,396.0
2026-08-03 13:50:00,2026-08-03 10:50:00,2026-08-03 18:50:00,0.85607,0.85608,0.85599,0.85602,549.0
2026-08-03 13:55:00,2026-08-03 10:55:00,2026-08-03 18:55:00,0.85603,0.85618,0.85602,0.85606,400.0
2026-08-03 14:00:00,2026-08-03 11:00:00,2026-08-03 19:00:00,0.85605,0.85623,0.85602,0.85618,660.0
2026-08-03 14:05:00,2026-08-03 11:05:00,2026-08-03 19:05:00,0.85619,0.8562,0.85602,0.85605,388.0
2026-08-03 14:10:00,2026-08-03 11:10:00,2026-08-03 19:10:00,0.85604,0.85608,0.85596,0.85596,450.0
2026-08-03 14:15:00,2026-08-03 11:15:00,2026-08-03 19:15:00,0.85598,0.85614,0.85598,0.85607,446.0
2026-08-03 14:20:00,2026-08-03 11:20:00,2026-08-03 19:20:00,0.85608,0.85624,0.85606,0.85617,542.0
2026-08-03 14:25:00,2026-08-03 11:25:00,2026-08-03 19:25:00,0.85616,0.8562,0.85609,0.85612,630.0
2026-08-03 14:30:00,2026-08-03 11:30:00,2026-08-03 19:30:00,0.85613,0.8562,0.85606,0.85615,604.0
2026-08-03 14:35:00,2026-08-03 11:35:00,2026-08-03 19:35:00,0.85613,0.85625,0.85613,0.85621,500.0
2026-08-03 14:40:00,2026-08-03 11:40:00,2026-08-03 19:40:00,0.8562,0.85622,0.85608,0.85609,664.0
2026-08-03 14:45:00,2026-08-03 11:45:00,2026-08-03 19:45:00,0.85611,0.85622,0.8561,0.8562,584.0
2026-08-03 14:50:00,2026-08-03 11:50:00,2026-08-03 19:50:00,0.85619,0.85629,0.85614,0.85624,706.0
2026-08-03 14:55:00,2026-08-03 11:55:00,2026-08-03 19:55:00,0.85623,0.85632,0.85618,0.8563,595.0
2026-08-03 15:00:00,2026-08-03 12:00:00,2026-08-03 20:00:00,0.85629,0.85638,0.8562,0.85623,552.0
2026-08-03 15:05:00,2026-08-03 12:05:00,2026-08-03 20:05:00,0.85624,0.85638,0.85618,0.85632,520.0
2026-08-03 15:10:00,2026-08-03 12:10:00,2026-08-03 20:10:00,0.85633,0.85636,0.85624,0.8563,575.0
2026-08-03 15:15:00,2026-08-03 12:15:00,2026-08-03 20:15:00,0.85629,0.85638,0.85623,0.8563,648.0
2026-08-03 15:20:00,2026-08-03 12:20:00,2026-08-03 20:20:00,0.85629,0.85638,0.85628,0.85633,725.0
2026-08-03 15:25:00,2026-08-03 12:25:00,2026-08-03 20:25:00,0.85634,0.85645,0.85632,0.85641,622.0
2026-08-03 15:30:00,2026-08-03 12:30:00,2026-08-03 20:30:00,0.8564,0.85642,0.85612,0.85612,593.0
2026-08-03 15:35:00,2026-08-03 12:35:00,2026-08-03 20:35:00,0.8561,0.85611,0.85595,0.85603,509.0
2026-08-03 15:40:00,2026-08-03 12:40:00,2026-08-03 20:40:00,0.85603,0.85616,0.85603,0.8561,665.0
2026-08-03 15:45:00,2026-08-03 12:45:00,2026-08-03 20:45:00,0.85611,0.85626,0.85605,0.85623,680.0
2026-08-03 15:50:00,2026-08-03 12:50:00,2026-08-03 20:50:00,0.85624,0.85624,0.856,0.85616,554.0
2026-08-03 15:55:00,2026-08-03 12:55:00,2026-08-03 20:55:00,0.85615,0.85626,0.85609,0.85619,462.0
2026-08-03 16:00:00,2026-08-03 13:00:00,2026-08-03 21:00:00,0.8562,0.85648,0.85618,0.85637,614.0
2026-08-03 16:05:00,2026-08-03 13:05:00,2026-08-03 21:05:00,0.85636,0.85648,0.85627,0.85643,555.0
2026-08-03 16:10:00,2026-08-03 13:10:00,2026-08-03 21:10:00,0.85646,0.85653,0.85631,0.85651,469.0
2026-08-03 16:15:00,2026-08-03 13:15:00,2026-08-03 21:15:00,0.8565,0.8565,0.85636,0.85643,556.0
2026-08-03 16:20:00,2026-08-03 13:20:00,2026-08-03 21:20:00,0.85645,0.85645,0.85626,0.8563,604.0
2026-08-03 16:25:00,2026-08-03 13:25:00,2026-08-03 21:25:00,0.85629,0.85639,0.85618,0.85637,762.0
2026-08-03 16:30:00,2026-08-03 13:30:00,2026-08-03 21:30:00,0.85636,0.85678,0.85634,0.85675,663.0
2026-08-03 16:35:00,2026-08-03 13:35:00,2026-08-03 21:35:00,0.85674,0.85675,0.85655,0.85661,682.0
2026-08-03 16:40:00,2026-08-03 13:40:00,2026-08-03 21:40:00,0.85662,0.8567,0.85656,0.85668,656.0
2026-08-03 16:45:00,2026-08-03 13:45:00,2026-08-03 21:45:00,0.85667,0.85705,0.85667,0.85693,607.0
2026-08-03 16:50:00,2026-08-03 13:50:00,2026-08-03 21:50:00,0.85692,0.85706,0.85687,0.85693,665.0
2026-08-03 16:55:00,2026-08-03 13:55:00,2026-08-03 21:55:00,0.85692,0.85695,0.85671,0.85681,636.0
2026-08-03 17:00:00,2026-08-03 14:00:00,2026-08-03 22:00:00,0.85685,0.85686,0.85655,0.8566,718.0
2026-08-03 17:05:00,2026-08-03 14:05:00,2026-08-03 22:05:00,0.85661,0.85674,0.8564,0.85644,716.0
2026-08-03 17:10:00,2026-08-03 14:10:00,2026-08-03 22:10:00,0.85642,0.85662,0.85635,0.85654,831.0
2026-08-03 17:15:00,2026-08-03 14:15:00,2026-08-03 22:15:00,0.85652,0.85662,0.85634,0.85637,868.0
2026-08-03 17:20:00,2026-08-03 14:20:00,2026-08-03 22:20:00,0.85636,0.85647,0.85626,0.85644,816.0
2026-08-03 17:25:00,2026-08-03 14:25:00,2026-08-03 22:25:00,0.85645,0.85651,0.85607,0.85616,734.0
2026-08-03 17:30:00,2026-08-03 14:30:00,2026-08-03 22:30:00,0.85614,0.85649,0.85607,0.85639,583.0
2026-08-03 17:35:00,2026-08-03 14:35:00,2026-08-03 22:35:00,0.85638,0.85639,0.85612,0.85621,690.0
2026-08-03 17:40:00,2026-08-03 14:40:00,2026-08-03 22:40:00,0.8562,0.85626,0.85604,0.85624,861.0
2026-08-03 17:45:00,2026-08-03 14:45:00,2026-08-03 22:45:00,0.85623,0.85642,0.85622,0.85622,664.0
2026-08-03 17:50:00,2026-08-03 14:50:00,2026-08-03 22:50:00,0.85624,0.85645,0.85621,0.85645,730.0
2026-08-03 17:55:00,2026-08-03 14:55:00,2026-08-03 22:55:00,0.85646,0.85685,0.85642,0.85684,872.0
2026-08-03 18:00:00,2026-08-03 15:00:00,2026-08-03 23:00:00,0.85685,0.85686,0.85669,0.85677,664.0
2026-08-03 18:05:00,2026-08-03 15:05:00,2026-08-03 23:05:00,0.85678,0.85688,0.85672,0.85674,832.0
2026-08-03 18:10:00,2026-08-03 15:10:00,2026-08-03 23:10:00,0.85675,0.85687,0.85668,0.85674,858.0
2026-08-03 18:15:00,2026-08-03 15:15:00,2026-08-03 23:15:00,0.85673,0.85682,0.85667,0.85674,812.0
2026-08-03 18:20:00,2026-08-03 15:20:00,2026-08-03 23:20:00,0.85675,0.85693,0.85671,0.85691,654.0
2026-08-03 18:25:00,2026-08-03 15:25:00,2026-08-03 23:25:00,0.8569,0.85697,0.85687,0.85691,743.0
2026-08-03 18:30:00,2026-08-03 15:30:00,2026-08-03 23:30:00,0.85691,0.85693,0.85659,0.85675,695.0
2026-08-03 18:35:00,2026-08-03 15:35:00,2026-08-03 23:35:00,0.85676,0.85687,0.85657,0.85673,682.0
2026-08-03 18:40:00,2026-08-03 15:40:00,2026-08-03 23:40:00,0.85672,0.85684,0.85661,0.85681,970.0
2026-08-03 18:45:00,2026-08-03 15:45:00,2026-08-03 23:45:00,0.8568,0.85688,0.8567,0.85674,894.0
2026-08-03 18:50:00,2026-08-03 15:50:00,2026-08-03 23:50:00,0.85673,0.85682,0.8567,0.85678,824.0
2026-08-03 18:55:00,2026-08-03 15:55:00,2026-08-03 23:55:00,0.85679,0.8568,0.8567,0.85677,743.0
2026-08-03 19:00:00,2026-08-03 16:00:00,2026-08-04 00:00:00,0.85676,0.85679,0.85663,0.85665,554.0
2026-08-03 19:05:00,2026-08-03 16:05:00,2026-08-04 00:05:00,0.85666,0.85676,0.85662,0.85676,558.0
2026-08-03 19:10:00,2026-08-03 16:10:00,2026-08-04 00:10:00,0.85677,0.85685,0.8567,0.85679,550.0
2026-08-03 19:15:00,2026-08-03 16:15:00,2026-08-04 00:15:00,0.8568,0.85692,0.85676,0.85683,504.0
2026-08-03 19:20:00,2026-08-03 16:20:00,2026-08-04 00:20:00,0.85684,0.85694,0.85682,0.85694,393.0
2026-08-03 19:25:00,2026-08-03 16:25:00,2026-08-04 00:25:00,0.85695,0.85695,0.85687,0.8569,674.0
2026-08-03 19:30:00,2026-08-03 16:30:00,2026-08-04 00:30:00,0.85691,0.85696,0.85688,0.8569,616.0
2026-08-03 19:35:00,2026-08-03 16:35:00,2026-08-04 00:35:00,0.85689,0.8569,0.85684,0.85685,568.0
2026-08-03 19:40:00,2026-08-03 16:40:00,2026-08-04 00:40:00,0.85686,0.85693,0.85684,0.8569,562.0
2026-08-03 19:45:00,2026-08-03 16:45:00,2026-08-04 00:45:00,0.85691,0.857,0.85689,0.85698,468.0
2026-08-03 19:50:00,2026-08-03 16:50:00,2026-08-04 00:50:00,0.85699,0.85703,0.85696,0.85702,382.0
2026-08-03 19:55:00,2026-08-03 16:55:00,2026-08-04 00:55:00,0.85701,0.8571,0.85698,0.85709,462.0
2026-08-03 20:00:00,2026-08-03 17:00:00,2026-08-04 01:00:00,0.8571,0.8571,0.85688,0.85696,479.0
2026-08-03 20:05:00,2026-08-03 17:05:00,2026-08-04 01:05:00,0.85697,0.85698,0.85682,0.85684,436.0
2026-08-03 20:10:00,2026-08-03 17:10:00,2026-08-04 01:10:00,0.85685,0.85688,0.8568,0.85682,393.0
2026-08-03 20:15:00,2026-08-03 17:15:00,2026-08-04 01:15:00,0.85683,0.85697,0.85682,0.85692,566.0
2026-08-03 20:20:00,2026-08-03 17:20:00,2026-08-04 01:20:00,0.8569,0.85693,0.85685,0.85692,367.0
2026-08-03 20:25:00,2026-08-03 17:25:00,2026-08-04 01:25:00,0.85691,0.85694,0.85687,0.85691,542.0
2026-08-03 20:30:00,2026-08-03 17:30:00,2026-08-04 01:30:00,0.85692,0.85698,0.85688,0.85694,573.0
2026-08-03 20:35:00,2026-08-03 17:35:00,2026-08-04 01:35:00,0.85693,0.85702,0.8569,0.85701,552.0
2026-08-03 20:40:00,2026-08-03 17:40:00,2026-08-04 01:40:00,0.857,0.85706,0.85698,0.85702,356.0
2026-08-03 20:45:00,2026-08-03 17:45:00,2026-08-04 01:45:00,0.85703,0.8571,0.85702,0.85709,444.0
2026-08-03 20:50:00,2026-08-03 17:50:00,2026-08-04 01:50:00,0.85708,0.85717,0.85708,0.8571,357.0
2026-08-03 20:55:00,2026-08-03 17:55:00,2026-08-04 01:55:00,0.85711,0.85718,0.85709,0.85713,458.0
2026-08-03 21:00:00,2026-08-03 18:00:00,2026-08-04 02:00:00,0.85714,0.85726,0.85711,0.85722,402.0
2026-08-03 21:05:00,2026-08-03 18:05:00,2026-08-04 02:05:00,0.85723,0.85726,0.85719,0.85722,452.0
2026-08-03 21:10:00,2026-08-03 18:10:00,2026-08-04 02:10:00,0.85723,0.85726,0.85721,0.85725,494.0
2026-08-03 21:15:00,2026-08-03 18:15:00,2026-08-04 02:15:00,0.85724,0.8573,0.85723,0.85726,378.0
2026-08-03 21:20:00,2026-08-03 18:20:00,2026-08-04 02:20:00,0.85727,0.8573,0.8572,0.85721,488.0
2026-08-03 21:25:00,2026-08-03 18:25:00,2026-08-04 02:25:00,0.85722,0.85728,0.85721,0.85725,528.0
2026-08-03 21:30:00,2026-08-03 18:30:00,2026-08-04 02:30:00,0.85724,0.85729,0.85718,0.85719,446.0
2026-08-03 21:35:00,2026-08-03 18:35:00,2026-08-04 02:35:00,0.85718,0.85725,0.85715,0.85725,360.0
2026-08-03 21:40:00,2026-08-03 18:40:00,2026-08-04 02:40:00,0.85724,0.8573,0.85721,0.85722,382.0
2026-08-03 21:45:00,2026-08-03 18:45:00,2026-08-04 02:45:00,0.85723,0.85727,0.8572,0.85723,380.0
2026-08-03 21:50:00,2026-08-03 18:50:00,2026-08-04 02:50:00,0.85724,0.85728,0.85719,0.8572,538.0
2026-08-03 21:55:00,2026-08-03 18:55:00,2026-08-04 02:55:00,0.85719,0.85734,0.85719,0.85723,533.0
2026-08-03 22:00:00,2026-08-03 19:00:00,2026-08-04 03:00:00,0.85722,0.85724,0.85709,0.85713,381.0
2026-08-03 22:05:00,2026-08-03 19:05:00,2026-08-04 03:05:00,0.85714,0.85718,0.85708,0.85717,590.0
2026-08-03 22:10:00,2026-08-03 19:10:00,2026-08-04 03:10:00,0.85718,0.85719,0.8571,0.85712,473.0
2026-08-03 22:15:00,2026-08-03 19:15:00,2026-08-04 03:15:00,0.85711,0.85714,0.85704,0.85706,624.0
2026-08-03 22:20:00,2026-08-03 19:20:00,2026-08-04 03:20:00,0.85704,0.85709,0.85699,0.857,496.0
2026-08-03 22:25:00,2026-08-03 19:25:00,2026-08-04 03:25:00,0.85702,0.85705,0.857,0.85702,672.0
2026-08-03 22:30:00,2026-08-03 19:30:00,2026-08-04 03:30:00,0.85703,0.85711,0.85701,0.85711,430.0
2026-08-03 22:35:00,2026-08-03 19:35:00,2026-08-04 03:35:00,0.8571,0.85711,0.85705,0.85706,406.0
2026-08-03 22:40:00,2026-08-03 19:40:00,2026-08-04 03:40:00,0.85707,0.85711,0.85705,0.85707,532.0
2026-08-03 22:45:00,2026-08-03 19:45:00,2026-08-04 03:45:00,0.85708,0.8571,0.85702,0.85703,446.0
2026-08-03 22:50:00,2026-08-03 19:50:00,2026-08-04 03:50:00,0.85704,0.85706,0.85699,0.85704,468.0
2026-08-03 22:55:00,2026-08-03 19:55:00,2026-08-04 03:55:00,0.85706,0.85708,0.85693,0.857,556.0
2026-08-03 23:00:00,2026-08-03 20:00:00,2026-08-04 04:00:00,0.85699,0.857,0.85691,0.85694,552.0
2026-08-03 23:05:00,2026-08-03 20:05:00,2026-08-04 04:05:00,0.85695,0.85695,0.85683,0.85691,297.0
2026-08-03 23:10:00,2026-08-03 20:10:00,2026-08-04 04:10:00,0.85692,0.85697,0.85684,0.85689,257.0
2026-08-03 23:15:00,2026-08-03 20:15:00,2026-08-04 04:15:00,0.85688,0.85693,0.85685,0.85693,292.0
2026-08-03 23:20:00,2026-08-03 20:20:00,2026-08-04 04:20:00,0.85692,0.85693,0.85687,0.85691,170.0
2026-08-03 23:25:00,2026-08-03 20:25:00,2026-08-04 04:25:00,0.8569,0.8569,0.85685,0.85689,316.0
2026-08-03 23:30:00,2026-08-03 20:30:00,2026-08-04 04:30:00,0.8569,0.85696,0.85689,0.85694,291.0
2026-08-03 23:35:00,2026-08-03 20:35:00,2026-08-04 04:35:00,0.85695,0.85695,0.85685,0.85687,207.0
2026-08-03 23:40:00,2026-08-03 20:40:00,2026-08-04 04:40:00,0.85686,0.85692,0.85685,0.85692,114.0
2026-08-03 23:45:00,2026-08-03 20:45:00,2026-08-04 04:45:00,0.85691,0.85693,0.85688,0.85693,142.0
2026-08-03 23:50:00,2026-08-03 20:50:00,2026-08-04 04:50:00,0.85692,0.85696,0.85687,0.85691,115.0
2026-08-03 23:55:00,2026-08-03 20:55:00,2026-08-04 04:55:00,0.85688,0.8569,0.85664,0.85665,476.0
2026-08-04 00:00:00,2026-08-03 21:00:00,2026-08-04 05:00:00,0.85615,0.85633,0.85615,0.85632,17.0
2026-08-04 00:05:00,2026-08-03 21:05:00,2026-08-04 05:05:00,0.85631,0.85677,0.85631,0.85667,94.0
2026-08-04 00:10:00,2026-08-03 21:10:00,2026-08-04 05:10:00,0.85667,0.8568,0.85652,0.85658,105.0
2026-08-04 00:15:00,2026-08-03 21:15:00,2026-08-04 05:15:00,0.85655,0.85655,0.85625,0.85654,174.0
2026-08-04 00:20:00,2026-08-03 21:20:00,2026-08-04 05:20:00,0.85666,0.85676,0.85657,0.85672,135.0
2026-08-04 00:25:00,2026-08-03 21:25:00,2026-08-04 05:25:00,0.85673,0.8568,0.85665,0.85671,78.0
2026-08-04 00:30:00,2026-08-03 21:30:00,2026-08-04 05:30:00,0.85671,0.8569,0.85659,0.85683,258.0
2026-08-04 00:35:00,2026-08-03 21:35:00,2026-08-04 05:35:00,0.85687,0.85693,0.85665,0.85672,498.0
2026-08-04 00:40:00,2026-08-03 21:40:00,2026-08-04 05:40:00,0.85671,0.85697,0.85662,0.85679,663.0
2026-08-04 00:45:00,2026-08-03 21:45:00,2026-08-04 05:45:00,0.8568,0.85705,0.85674,0.85687,335.0
2026-08-04 00:50:00,2026-08-03 21:50:00,2026-08-04 05:50:00,0.85685,0.85705,0.85671,0.85701,315.0
2026-08-04 00:55:00,2026-08-03 21:55:00,2026-08-04 05:55:00,0.85679,0.85688,0.85662,0.85677,601.0
2026-08-04 01:00:00,2026-08-03 22:00:00,2026-08-04 06:00:00,0.85683,0.857,0.85677,0.85693,575.0
2026-08-04 01:05:00,2026-08-03 22:05:00,2026-08-04 06:05:00,0.85688,0.85694,0.85687,0.85689,546.0
2026-08-04 01:10:00,2026-08-03 22:10:00,2026-08-04 06:10:00,0.8569,0.85695,0.85685,0.85695,289.0
2026-08-04 01:15:00,2026-08-03 22:15:00,2026-08-04 06:15:00,0.85693,0.85696,0.85688,0.85688,412.0
2026-08-04 01:20:00,2026-08-03 22:20:00,2026-08-04 06:20:00,0.85691,0.85696,0.85688,0.85695,341.0
2026-08-04 01:25:00,2026-08-03 22:25:00,2026-08-04 06:25:00,0.85693,0.85695,0.8569,0.85693,373.0
2026-08-04 01:30:00,2026-08-03 22:30:00,2026-08-04 06:30:00,0.85692,0.85696,0.85689,0.85694,670.0
2026-08-04 01:35:00,2026-08-03 22:35:00,2026-08-04 06:35:00,0.85695,0.85696,0.85691,0.85693,536.0
2026-08-04 01:40:00,2026-08-03 22:40:00,2026-08-04 06:40:00,0.85695,0.85696,0.85689,0.85689,457.0
2026-08-04 01:45:00,2026-08-03 22:45:00,2026-08-04 06:45:00,0.85692,0.85695,0.85689,0.85692,572.0
2026-08-04 01:50:00,2026-08-03 22:50:00,2026-08-04 06:50:00,0.85695,0.85698,0.85691,0.85695,202.0
2026-08-04 01:55:00,2026-08-03 22:55:00,2026-08-04 06:55:00,0.85694,0.85696,0.85693,0.85695,111.0
2026-08-04 02:00:00,2026-08-03 23:00:00,2026-08-04 07:00:00,0.85696,0.857,0.85694,0.85697,193.0
2026-08-04 02:05:00,2026-08-03 23:05:00,2026-08-04 07:05:00,0.85699,0.85699,0.85694,0.85696,400.0
2026-08-04 02:10:00,2026-08-03 23:10:00,2026-08-04 07:10:00,0.85698,0.85701,0.85695,0.85701,202.0
2026-08-04 02:15:00,2026-08-03 23:15:00,2026-08-04 07:15:00,0.857,0.85702,0.85696,0.85699,256.0
2026-08-04 02:20:00,2026-08-03 23:20:00,2026-08-04 07:20:00,0.85701,0.85703,0.85699,0.85702,87.0
2026-08-04 02:25:00,2026-08-03 23:25:00,2026-08-04 07:25:00,0.85702,0.85705,0.85701,0.85704,85.0
2026-08-04 02:30:00,2026-08-03 23:30:00,2026-08-04 07:30:00,0.85702,0.85706,0.85702,0.85705,102.0
2026-08-04 02:35:00,2026-08-03 23:35:00,2026-08-04 07:35:00,0.85704,0.85708,0.85703,0.85706,132.0
2026-08-04 02:40:00,2026-08-03 23:40:00,2026-08-04 07:40:00,0.85704,0.8571,0.85704,0.85709,111.0
2026-08-04 02:45:00,2026-08-03 23:45:00,2026-08-04 07:45:00,0.85708,0.85713,0.85705,0.85707,153.0
2026-08-04 02:50:00,2026-08-03 23:50:00,2026-08-04 07:50:00,0.85704,0.85704,0.85698,0.85703,175.0
2026-08-04 02:55:00,2026-08-03 23:55:00,2026-08-04 07:55:00,0.85704,0.85704,0.85698,0.857,160.0
2026-08-04 03:00:00,2026-08-04 00:00:00,2026-08-04 08:00:00,0.85701,0.85722,0.85701,0.85719,479.0
2026-08-04 03:05:00,2026-08-04 00:05:00,2026-08-04 08:05:00,0.8572,0.85722,0.8571,0.85714,394.0
2026-08-04 03:10:00,2026-08-04 00:10:00,2026-08-04 08:10:00,0.85715,0.85721,0.85712,0.8572,624.0
2026-08-04 03:15:00,2026-08-04 00:15:00,2026-08-04 08:15:00,0.85717,0.85723,0.85715,0.85722,470.0
2026-08-04 03:20:00,2026-08-04 00:20:00,2026-08-04 08:20:00,0.85723,0.85723,0.85716,0.85721,638.0
2026-08-04 03:25:00,2026-08-04 00:25:00,2026-08-04 08:25:00,0.85722,0.85726,0.8572,0.85725,850.0
2026-08-04 03:30:00,2026-08-04 00:30:00,2026-08-04 08:30:00,0.85726,0.85727,0.85719,0.85724,631.0
2026-08-04 03:35:00,2026-08-04 00:35:00,2026-08-04 08:35:00,0.85723,0.85725,0.85719,0.85724,514.0
2026-08-04 03:40:00,2026-08-04 00:40:00,2026-08-04 08:40:00,0.85723,0.85725,0.85713,0.85714,681.0
2026-08-04 03:45:00,2026-08-04 00:45:00,2026-08-04 08:45:00,0.85715,0.85716,0.85711,0.85714,417.0
2026-08-04 03:50:00,2026-08-04 00:50:00,2026-08-04 08:50:00,0.85713,0.85718,0.85708,0.85712,538.0
2026-08-04 03:55:00,2026-08-04 00:55:00,2026-08-04 08:55:00,0.8571,0.85711,0.85703,0.85708,670.0
2026-08-04 04:00:00,2026-08-04 01:00:00,2026-08-04 09:00:00,0.85707,0.85713,0.85705,0.85712,671.0
2026-08-04 04:05:00,2026-08-04 01:05:00,2026-08-04 09:05:00,0.85713,0.85714,0.85707,0.8571,869.0
2026-08-04 04:10:00,2026-08-04 01:10:00,2026-08-04 09:10:00,0.85708,0.85711,0.85704,0.85707,742.0
2026-08-04 04:15:00,2026-08-04 01:15:00,2026-08-04 09:15:00,0.85709,0.85717,0.85705,0.85716,794.0
2026-08-04 04:20:00,2026-08-04 01:20:00,2026-08-04 09:20:00,0.85715,0.85723,0.85715,0.85717,410.0
2026-08-04 04:25:00,2026-08-04 01:25:00,2026-08-04 09:25:00,0.85716,0.85724,0.85716,0.85723,464.0
2026-08-04 04:30:00,2026-08-04 01:30:00,2026-08-04 09:30:00,0.85722,0.85726,0.8572,0.85724,682.0
2026-08-04 04:35:00,2026-08-04 01:35:00,2026-08-04 09:35:00,0.85725,0.85728,0.85724,0.85728,422.0
2026-08-04 04:40:00,2026-08-04 01:40:00,2026-08-04 09:40:00,0.85727,0.85729,0.85724,0.85729,324.0
2026-08-04 04:45:00,2026-08-04 01:45:00,2026-08-04 09:45:00,0.85728,0.85735,0.85726,0.85734,542.0
2026-08-04 04:50:00,2026-08-04 01:50:00,2026-08-04 09:50:00,0.85733,0.85735,0.85729,0.85734,502.0
2026-08-04 04:55:00,2026-08-04 01:55:00,2026-08-04 09:55:00,0.85735,0.85737,0.85732,0.85735,414.0
2026-08-04 05:00:00,2026-08-04 02:00:00,2026-08-04 10:00:00,0.85736,0.85737,0.85726,0.85727,567.0
2026-08-04 05:05:00,2026-08-04 02:05:00,2026-08-04 10:05:00,0.85728,0.85729,0.85721,0.85723,239.0
2026-08-04 05:10:00,2026-08-04 02:10:00,2026-08-04 10:10:00,0.85724,0.85728,0.85716,0.85718,329.0
2026-08-04 05:15:00,2026-08-04 02:15:00,2026-08-04 10:15:00,0.85719,0.85719,0.85712,0.85715,206.0
2026-08-04 05:20:00,2026-08-04 02:20:00,2026-08-04 10:20:00,0.85714,0.85716,0.85707,0.8571,276.0
2026-08-04 05:25:00,2026-08-04 02:25:00,2026-08-04 10:25:00,0.85711,0.85715,0.85708,0.85712,771.0
2026-08-04 05:30:00,2026-08-04 02:30:00,2026-08-04 10:30:00,0.85714,0.85719,0.85711,0.85717,491.0
2026-08-04 05:35:00,2026-08-04 02:35:00,2026-08-04 10:35:00,0.85718,0.85719,0.85713,0.85717,556.0
2026-08-04 05:40:00,2026-08-04 02:40:00,2026-08-04 10:40:00,0.85718,0.85719,0.85712,0.85714,736.0
2026-08-04 05:45:00,2026-08-04 02:45:00,2026-08-04 10:45:00,0.85715,0.85716,0.85703,0.85705,490.0
2026-08-04 05:50:00,2026-08-04 02:50:00,2026-08-04 10:50:00,0.85706,0.85711,0.85699,0.85709,236.0
2026-08-04 05:55:00,2026-08-04 02:55:00,2026-08-04 10:55:00,0.85708,0.8571,0.85703,0.85707,320.0
2026-08-04 06:00:00,2026-08-04 03:00:00,2026-08-04 11:00:00,0.85709,0.85709,0.85702,0.85706,290.0
2026-08-04 06:05:00,2026-08-04 03:05:00,2026-08-04 11:05:00,0.85707,0.85713,0.85706,0.85713,404.0
2026-08-04 06:10:00,2026-08-04 03:10:00,2026-08-04 11:10:00,0.85712,0.85715,0.8571,0.85715,468.0
2026-08-04 06:15:00,2026-08-04 03:15:00,2026-08-04 11:15:00,0.85714,0.8572,0.85714,0.85719,330.0
2026-08-04 06:20:00,2026-08-04 03:20:00,2026-08-04 11:20:00,0.8572,0.8572,0.85712,0.85712,468.0
2026-08-04 06:25:00,2026-08-04 03:25:00,2026-08-04 11:25:00,0.85713,0.85716,0.85712,0.85713,366.0
2026-08-04 06:30:00,2026-08-04 03:30:00,2026-08-04 11:30:00,0.85712,0.85714,0.85708,0.85714,280.0
2026-08-04 06:35:00,2026-08-04 03:35:00,2026-08-04 11:35:00,0.85713,0.85717,0.8571,0.85715,241.0
2026-08-04 06:40:00,2026-08-04 03:40:00,2026-08-04 11:40:00,0.85713,0.85721,0.85713,0.85719,230.0
2026-08-04 06:45:00,2026-08-04 03:45:00,2026-08-04 11:45:00,0.85718,0.8572,0.85715,0.85718,342.0
2026-08-04 06:50:00,2026-08-04 03:50:00,2026-08-04 11:50:00,0.85717,0.8572,0.85715,0.85716,370.0
2026-08-04 06:55:00,2026-08-04 03:55:00,2026-08-04 11:55:00,0.85715,0.85717,0.85711,0.85713,259.0
2026-08-04 07:00:00,2026-08-04 04:00:00,2026-08-04 12:00:00,0.85714,0.85716,0.85708,0.85713,302.0
2026-08-04 07:05:00,2026-08-04 04:05:00,2026-08-04 12:05:00,0.85714,0.85716,0.8571,0.85713,191.0
2026-08-04 07:10:00,2026-08-04 04:10:00,2026-08-04 12:10:00,0.85712,0.85715,0.85709,0.85712,407.0
2026-08-04 07:15:00,2026-08-04 04:15:00,2026-08-04 12:15:00,0.85711,0.85716,0.85709,0.85715,224.0
2026-08-04 07:20:00,2026-08-04 04:20:00,2026-08-04 12:20:00,0.85716,0.85717,0.85714,0.85716,150.0
2026-08-04 07:25:00,2026-08-04 04:25:00,2026-08-04 12:25:00,0.85715,0.85724,0.85715,0.85723,256.0
2026-08-04 07:30:00,2026-08-04 04:30:00,2026-08-04 12:30:00,0.85724,0.85727,0.85722,0.85726,194.0
2026-08-04 07:35:00,2026-08-04 04:35:00,2026-08-04 12:35:00,0.85725,0.85733,0.85725,0.8573,228.0
2026-08-04 07:40:00,2026-08-04 04:40:00,2026-08-04 12:40:00,0.85731,0.85735,0.85728,0.85733,228.0
2026-08-04 07:45:00,2026-08-04 04:45:00,2026-08-04 12:45:00,0.85734,0.85735,0.85728,0.85731,238.0
2026-08-04 07:50:00,2026-08-04 04:50:00,2026-08-04 12:50:00,0.85732,0.85732,0.85726,0.8573,166.0
2026-08-04 07:55:00,2026-08-04 04:55:00,2026-08-04 12:55:00,0.85729,0.85732,0.85728,0.85732,204.0
2026-08-04 08:00:00,2026-08-04 05:00:00,2026-08-04 13:00:00,0.85731,0.85731,0.85726,0.8573,242.0
2026-08-04 08:05:00,2026-08-04 05:05:00,2026-08-04 13:05:00,0.85729,0.85734,0.85725,0.85733,213.0
2026-08-04 08:10:00,2026-08-04 05:10:00,2026-08-04 13:10:00,0.85732,0.85736,0.8573,0.85735,154.0
2026-08-04 08:15:00,2026-08-04 05:15:00,2026-08-04 13:15:00,0.85734,0.8574,0.85732,0.85735,239.0
2026-08-04 08:20:00,2026-08-04 05:20:00,2026-08-04 13:20:00,0.85734,0.85734,0.85727,0.85728,174.0
2026-08-04 08:25:00,2026-08-04 05:25:00,2026-08-04 13:25:00,0.85727,0.85734,0.85727,0.85732,253.0
2026-08-04 08:30:00,2026-08-04 05:30:00,2026-08-04 13:30:00,0.85731,0.85732,0.85726,0.85731,314.0
2026-08-04 08:35:00,2026-08-04 05:35:00,2026-08-04 13:35:00,0.85729,0.85734,0.85728,0.85731,322.0
2026-08-04 08:40:00,2026-08-04 05:40:00,2026-08-04 13:40:00,0.85729,0.85731,0.85723,0.85725,321.0
2026-08-04 08:45:00,2026-08-04 05:45:00,2026-08-04 13:45:00,0.85726,0.85731,0.85721,0.85724,354.0
2026-08-04 08:50:00,2026-08-04 05:50:00,2026-08-04 13:50:00,0.85725,0.85726,0.85716,0.85717,284.0
2026-08-04 08:55:00,2026-08-04 05:55:00,2026-08-04 13:55:00,0.85716,0.8572,0.85706,0.85715,394.0
2026-08-04 09:00:00,2026-08-04 06:00:00,2026-08-04 14:00:00,0.85718,0.8572,0.85701,0.85703,598.0
2026-08-04 09:05:00,2026-08-04 06:05:00,2026-08-04 14:05:00,0.85704,0.85712,0.857,0.85706,458.0
2026-08-04 09:10:00,2026-08-04 06:10:00,2026-08-04 14:10:00,0.85705,0.85709,0.85697,0.85702,492.0
2026-08-04 09:15:00,2026-08-04 06:15:00,2026-08-04 14:15:00,0.857,0.8571,0.85694,0.85698,619.0
2026-08-04 09:20:00,2026-08-04 06:20:00,2026-08-04 14:20:00,0.85697,0.857,0.85687,0.85694,519.0
2026-08-04 09:25:00,2026-08-04 06:25:00,2026-08-04 14:25:00,0.85693,0.85698,0.85688,0.85689,668.0
2026-08-04 09:30:00,2026-08-04 06:30:00,2026-08-04 14:30:00,0.8569,0.85696,0.85676,0.85678,353.0
2026-08-04 09:35:00,2026-08-04 06:35:00,2026-08-04 14:35:00,0.85679,0.8568,0.85669,0.85672,351.0
2026-08-04 09:40:00,2026-08-04 06:40:00,2026-08-04 14:40:00,0.85671,0.85683,0.85669,0.85675,298.0
2026-08-04 09:45:00,2026-08-04 06:45:00,2026-08-04 14:45:00,0.85674,0.85687,0.85674,0.85683,472.0
2026-08-04 09:50:00,2026-08-04 06:50:00,2026-08-04 14:50:00,0.85684,0.85684,0.85678,0.85679,438.0
2026-08-04 09:55:00,2026-08-04 06:55:00,2026-08-04 14:55:00,0.8568,0.85695,0.85675,0.85694,528.0
2026-08-04 10:00:00,2026-08-04 07:00:00,2026-08-04 15:00:00,0.85693,0.85697,0.8568,0.85684,601.0
2026-08-04 10:05:00,2026-08-04 07:05:00,2026-08-04 15:05:00,0.85683,0.85692,0.85676,0.85684,503.0
2026-08-04 10:10:00,2026-08-04 07:10:00,2026-08-04 15:10:00,0.85683,0.85689,0.85681,0.85685,610.0
2026-08-04 10:15:00,2026-08-04 07:15:00,2026-08-04 15:15:00,0.85684,0.85698,0.85684,0.85695,620.0
2026-08-04 10:20:00,2026-08-04 07:20:00,2026-08-04 15:20:00,0.85694,0.85704,0.85689,0.85699,635.0
2026-08-04 10:25:00,2026-08-04 07:25:00,2026-08-04 15:25:00,0.857,0.85712,0.85695,0.85696,501.0
2026-08-04 10:30:00,2026-08-04 07:30:00,2026-08-04 15:30:00,0.85695,0.85695,0.85683,0.85691,493.0
2026-08-04 10:35:00,2026-08-04 07:35:00,2026-08-04 15:35:00,0.85692,0.85694,0.8568,0.85683,774.0
2026-08-04 10:40:00,2026-08-04 07:40:00,2026-08-04 15:40:00,0.85682,0.85689,0.85675,0.85676,528.0
2026-08-04 10:45:00,2026-08-04 07:45:00,2026-08-04 15:45:00,0.85677,0.85681,0.8567,0.85674,446.0
2026-08-04 10:50:00,2026-08-04 07:50:00,2026-08-04 15:50:00,0.85675,0.85679,0.8567,0.85676,368.0
2026-08-04 10:55:00,2026-08-04 07:55:00,2026-08-04 15:55:00,0.85675,0.85676,0.85664,0.8567,486.0
2026-08-04 11:00:00,2026-08-04 08:00:00,2026-08-04 16:00:00,0.85671,0.85677,0.85668,0.85674,498.0
2026-08-04 11:05:00,2026-08-04 08:05:00,2026-08-04 16:05:00,0.85675,0.85686,0.85673,0.8568,454.0
2026-08-04 11:10:00,2026-08-04 08:10:00,2026-08-04 16:10:00,0.85681,0.85682,0.85672,0.85675,397.0
2026-08-04 11:15:00,2026-08-04 08:15:00,2026-08-04 16:15:00,0.85674,0.85675,0.85658,0.85673,431.0
2026-08-04 11:20:00,2026-08-04 08:20:00,2026-08-04 16:20:00,0.85672,0.85676,0.85665,0.85668,516.0
2026-08-04 11:25:00,2026-08-04 08:25:00,2026-08-04 16:25:00,0.85667,0.85671,0.85656,0.85661,454.0
2026-08-04 11:30:00,2026-08-04 08:30:00,2026-08-04 16:30:00,0.85659,0.8566,0.85644,0.85645,460.0
2026-08-04 11:35:00,2026-08-04 08:35:00,2026-08-04 16:35:00,0.85646,0.85653,0.85641,0.85643,494.0
2026-08-04 11:40:00,2026-08-04 08:40:00,2026-08-04 16:40:00,0.85641,0.85645,0.85631,0.85633,534.0
2026-08-04 11:45:00,2026-08-04 08:45:00,2026-08-04 16:45:00,0.85634,0.85641,0.85628,0.8563,354.0
2026-08-04 11:50:00,2026-08-04 08:50:00,2026-08-04 16:50:00,0.85631,0.85633,0.85615,0.85623,319.0
2026-08-04 11:55:00,2026-08-04 08:55:00,2026-08-04 16:55:00,0.85622,0.85626,0.85606,0.8561,451.0
2026-08-04 12:00:00,2026-08-04 09:00:00,2026-08-04 17:00:00,0.85611,0.85622,0.85606,0.85616,536.0
2026-08-04 12:05:00,2026-08-04 09:05:00,2026-08-04 17:05:00,0.85617,0.8562,0.85606,0.85609,620.0
2026-08-04 12:10:00,2026-08-04 09:10:00,2026-08-04 17:10:00,0.8561,0.85623,0.85607,0.85618,320.0
2026-08-04 12:15:00,2026-08-04 09:15:00,2026-08-04 17:15:00,0.85617,0.85626,0.85615,0.85617,408.0
2026-08-04 12:20:00,2026-08-04 09:20:00,2026-08-04 17:20:00,0.85616,0.8563,0.85616,0.85622,284.0
2026-08-04 12:25:00,2026-08-04 09:25:00,2026-08-04 17:25:00,0.8562,0.85632,0.8562,0.85629,345.0
2026-08-04 12:30:00,2026-08-04 09:30:00,2026-08-04 17:30:00,0.85628,0.85634,0.85624,0.85631,334.0
2026-08-04 12:35:00,2026-08-04 09:35:00,2026-08-04 17:35:00,0.85632,0.85635,0.85626,0.85632,298.0
2026-08-04 12:40:00,2026-08-04 09:40:00,2026-08-04 17:40:00,0.85633,0.85635,0.85625,0.8563,308.0
2026-08-04 12:45:00,2026-08-04 09:45:00,2026-08-04 17:45:00,0.85629,0.85633,0.85616,0.85616,447.0
2026-08-04 12:50:00,2026-08-04 09:50:00,2026-08-04 17:50:00,0.85617,0.85621,0.85611,0.85617,598.0
2026-08-04 12:55:00,2026-08-04 09:55:00,2026-08-04 17:55:00,0.85618,0.85621,0.8561,0.85614,456.0
2026-08-04 13:00:00,2026-08-04 10:00:00,2026-08-04 18:00:00,0.85615,0.85624,0.85613,0.85616,314.0
2026-08-04 13:05:00,2026-08-04 10:05:00,2026-08-04 18:05:00,0.85617,0.85622,0.85608,0.85616,356.0
2026-08-04 13:10:00,2026-08-04 10:10:00,2026-08-04 18:10:00,0.85617,0.85626,0.85615,0.85618,338.0
2026-08-04 13:15:00,2026-08-04 10:15:00,2026-08-04 18:15:00,0.85619,0.85628,0.85618,0.85627,390.0
2026-08-04 13:20:00,2026-08-04 10:20:00,2026-08-04 18:20:00,0.85626,0.85629,0.85624,0.85626,434.0
2026-08-04 13:25:00,2026-08-04 10:25:00,2026-08-04 18:25:00,0.85627,0.8564,0.85622,0.85637,322.0
2026-08-04 13:30:00,2026-08-04 10:30:00,2026-08-04 18:30:00,0.85636,0.85651,0.85636,0.85647,395.0
2026-08-04 13:35:00,2026-08-04 10:35:00,2026-08-04 18:35:00,0.85646,0.8565,0.85637,0.8565,406.0
2026-08-04 13:40:00,2026-08-04 10:40:00,2026-08-04 18:40:00,0.85649,0.85653,0.85641,0.85646,376.0
2026-08-04 13:45:00,2026-08-04 10:45:00,2026-08-04 18:45:00,0.85645,0.85657,0.85643,0.85646,697.0
2026-08-04 13:50:00,2026-08-04 10:50:00,2026-08-04 18:50:00,0.85645,0.85659,0.85644,0.85646,443.0
2026-08-04 13:55:00,2026-08-04 10:55:00,2026-08-04 18:55:00,0.85645,0.85653,0.85637,0.85651,637.0
2026-08-04 14:00:00,2026-08-04 11:00:00,2026-08-04 19:00:00,0.8565,0.85651,0.85641,0.85647,468.0
2026-08-04 14:05:00,2026-08-04 11:05:00,2026-08-04 19:05:00,0.85646,0.8567,0.85646,0.85661,628.0
2026-08-04 14:10:00,2026-08-04 11:10:00,2026-08-04 19:10:00,0.85662,0.85663,0.85655,0.85662,604.0
2026-08-04 14:15:00,2026-08-04 11:15:00,2026-08-04 19:15:00,0.85661,0.85671,0.85659,0.85665,410.0
2026-08-04 14:20:00,2026-08-04 11:20:00,2026-08-04 19:20:00,0.85664,0.85667,0.85652,0.85659,634.0
2026-08-04 14:25:00,2026-08-04 11:25:00,2026-08-04 19:25:00,0.85658,0.85661,0.85646,0.85653,374.0
2026-08-04 14:30:00,2026-08-04 11:30:00,2026-08-04 19:30:00,0.85652,0.85652,0.8563,0.85631,574.0
2026-08-04 14:35:00,2026-08-04 11:35:00,2026-08-04 19:35:00,0.85632,0.85642,0.85632,0.8564,609.0
2026-08-04 14:40:00,2026-08-04 11:40:00,2026-08-04 19:40:00,0.85639,0.85655,0.85636,0.85655,595.0
2026-08-04 14:45:00,2026-08-04 11:45:00,2026-08-04 19:45:00,0.85656,0.85664,0.85648,0.8566,574.0
2026-08-04 14:50:00,2026-08-04 11:50:00,2026-08-04 19:50:00,0.85662,0.85662,0.85646,0.8565,526.0
2026-08-04 14:55:00,2026-08-04 11:55:00,2026-08-04 19:55:00,0.85649,0.85657,0.85642,0.85643,805.0
2026-08-04 15:00:00,2026-08-04 12:00:00,2026-08-04 20:00:00,0.85644,0.85656,0.85638,0.85655,818.0
2026-08-04 15:05:00,2026-08-04 12:05:00,2026-08-04 20:05:00,0.85654,0.8566,0.85636,0.85637,902.0
2026-08-04 15:10:00,2026-08-04 12:10:00,2026-08-04 20:10:00,0.85636,0.85639,0.85626,0.85633,958.0
2026-08-04 15:15:00,2026-08-04 12:15:00,2026-08-04 20:15:00,0.85631,0.85639,0.85627,0.85635,883.0
2026-08-04 15:20:00,2026-08-04 12:20:00,2026-08-04 20:20:00,0.85634,0.85645,0.85633,0.85641,654.0
2026-08-04 15:25:00,2026-08-04 12:25:00,2026-08-04 20:25:00,0.8564,0.85644,0.85637,0.8564,454.0
2026-08-04 15:30:00,2026-08-04 12:30:00,2026-08-04 20:30:00,0.85642,0.85642,0.85627,0.85641,436.0
2026-08-04 15:35:00,2026-08-04 12:35:00,2026-08-04 20:35:00,0.8564,0.85646,0.85638,0.85646,634.0
2026-08-04 15:40:00,2026-08-04 12:40:00,2026-08-04 20:40:00,0.85645,0.85652,0.85643,0.85648,406.0
2026-08-04 15:45:00,2026-08-04 12:45:00,2026-08-04 20:45:00,0.85647,0.85653,0.85638,0.85651,544.0
2026-08-04 15:50:00,2026-08-04 12:50:00,2026-08-04 20:50:00,0.85652,0.85664,0.8564,0.85658,462.0
2026-08-04 15:55:00,2026-08-04 12:55:00,2026-08-04 20:55:00,0.85661,0.85663,0.85654,0.85657,558.0
2026-08-04 16:00:00,2026-08-04 13:00:00,2026-08-04 21:00:00,0.85656,0.85656,0.85642,0.85654,489.0
2026-08-04 16:05:00,2026-08-04 13:05:00,2026-08-04 21:05:00,0.85653,0.85664,0.85651,0.85664,329.0
2026-08-04 16:10:00,2026-08-04 13:10:00,2026-08-04 21:10:00,0.85665,0.85666,0.85647,0.85649,402.0
2026-08-04 16:15:00,2026-08-04 13:15:00,2026-08-04 21:15:00,0.8565,0.85657,0.85642,0.85649,641.0
2026-08-04 16:20:00,2026-08-04 13:20:00,2026-08-04 21:20:00,0.85647,0.85654,0.85632,0.85645,1077.0
2026-08-04 16:25:00,2026-08-04 13:25:00,2026-08-04 21:25:00,0.85644,0.85673,0.85644,0.85663,646.0
2026-08-04 16:30:00,2026-08-04 13:30:00,2026-08-04 21:30:00,0.85664,0.8567,0.85655,0.85665,712.0
2026-08-04 16:35:00,2026-08-04 13:35:00,2026-08-04 21:35:00,0.85664,0.85693,0.8566,0.85693,554.0
2026-08-04 16:40:00,2026-08-04 13:40:00,2026-08-04 21:40:00,0.85692,0.85693,0.85675,0.8568,772.0
2026-08-04 16:45:00,2026-08-04 13:45:00,2026-08-04 21:45:00,0.85678,0.85686,0.85659,0.85681,785.0
2026-08-04 16:50:00,2026-08-04 13:50:00,2026-08-04 21:50:00,0.85682,0.85705,0.85681,0.85692,624.0
2026-08-04 16:55:00,2026-08-04 13:55:00,2026-08-04 21:55:00,0.85693,0.85709,0.85686,0.85698,769.0
2026-08-04 17:00:00,2026-08-04 14:00:00,2026-08-04 22:00:00,0.85701,0.85701,0.85681,0.85686,763.0
2026-08-04 17:05:00,2026-08-04 14:05:00,2026-08-04 22:05:00,0.85687,0.85694,0.85677,0.85693,639.0
2026-08-04 17:10:00,2026-08-04 14:10:00,2026-08-04 22:10:00,0.85694,0.85716,0.85689,0.85712,764.0
2026-08-04 17:15:00,2026-08-04 14:15:00,2026-08-04 22:15:00,0.85713,0.85713,0.8569,0.85701,948.0
2026-08-04 17:20:00,2026-08-04 14:20:00,2026-08-04 22:20:00,0.85702,0.85706,0.85689,0.85699,826.0
2026-08-04 17:25:00,2026-08-04 14:25:00,2026-08-04 22:25:00,0.857,0.85701,0.85691,0.85692,732.0
2026-08-04 17:30:00,2026-08-04 14:30:00,2026-08-04 22:30:00,0.85693,0.85702,0.85691,0.857,786.0
2026-08-04 17:35:00,2026-08-04 14:35:00,2026-08-04 22:35:00,0.85699,0.85703,0.85687,0.85693,902.0
2026-08-04 17:40:00,2026-08-04 14:40:00,2026-08-04 22:40:00,0.85692,0.85696,0.85666,0.85667,674.0
2026-08-04 17:45:00,2026-08-04 14:45:00,2026-08-04 22:45:00,0.85668,0.85681,0.85662,0.85678,674.0
2026-08-04 17:50:00,2026-08-04 14:50:00,2026-08-04 22:50:00,0.85676,0.8569,0.85667,0.85689,696.0
2026-08-04 17:55:00,2026-08-04 14:55:00,2026-08-04 22:55:00,0.8569,0.85698,0.85684,0.8569,665.0
2026-08-04 18:00:00,2026-08-04 15:00:00,2026-08-04 23:00:00,0.85691,0.85704,0.8569,0.85698,664.0
2026-08-04 18:05:00,2026-08-04 15:05:00,2026-08-04 23:05:00,0.85696,0.85701,0.85687,0.85691,754.0
2026-08-04 18:10:00,2026-08-04 15:10:00,2026-08-04 23:10:00,0.85692,0.85692,0.85675,0.85675,684.0
2026-08-04 18:15:00,2026-08-04 15:15:00,2026-08-04 23:15:00,0.85676,0.85681,0.85653,0.85656,746.0
2026-08-04 18:20:00,2026-08-04 15:20:00,2026-08-04 23:20:00,0.85657,0.85666,0.85655,0.85663,689.0
2026-08-04 18:25:00,2026-08-04 15:25:00,2026-08-04 23:25:00,0.85664,0.85666,0.85657,0.85661,606.0
2026-08-04 18:30:00,2026-08-04 15:30:00,2026-08-04 23:30:00,0.85662,0.85666,0.85653,0.85662,610.0
2026-08-04 18:35:00,2026-08-04 15:35:00,2026-08-04 23:35:00,0.85661,0.85668,0.85651,0.85665,614.0
2026-08-04 18:40:00,2026-08-04 15:40:00,2026-08-04 23:40:00,0.85664,0.85667,0.85656,0.85661,674.0
2026-08-04 18:45:00,2026-08-04 15:45:00,2026-08-04 23:45:00,0.8566,0.85664,0.85652,0.85662,562.0
2026-08-04 18:50:00,2026-08-04 15:50:00,2026-08-04 23:50:00,0.8566,0.85676,0.85659,0.85675,700.0
2026-08-04 18:55:00,2026-08-04 15:55:00,2026-08-04 23:55:00,0.85673,0.85676,0.85657,0.8567,710.0
2026-08-04 19:00:00,2026-08-04 16:00:00,2026-08-05 00:00:00,0.85671,0.85677,0.85664,0.85672,467.0
2026-08-04 19:05:00,2026-08-04 16:05:00,2026-08-05 00:05:00,0.85671,0.85675,0.85662,0.85664,398.0
2026-08-04 19:10:00,2026-08-04 16:10:00,2026-08-05 00:10:00,0.85662,0.85664,0.85644,0.85646,405.0
2026-08-04 19:15:00,2026-08-04 16:15:00,2026-08-05 00:15:00,0.85644,0.8565,0.85637,0.85642,434.0
2026-08-04 19:20:00,2026-08-04 16:20:00,2026-08-05 00:20:00,0.85641,0.85655,0.85639,0.85652,381.0
2026-08-04 19:25:00,2026-08-04 16:25:00,2026-08-05 00:25:00,0.85653,0.85653,0.85635,0.85637,634.0
2026-08-04 19:30:00,2026-08-04 16:30:00,2026-08-05 00:30:00,0.8564,0.85644,0.85636,0.85637,702.0
2026-08-04 19:35:00,2026-08-04 16:35:00,2026-08-05 00:35:00,0.85638,0.85642,0.85634,0.85642,622.0
2026-08-04 19:40:00,2026-08-04 16:40:00,2026-08-05 00:40:00,0.85643,0.85649,0.85641,0.85646,326.0
2026-08-04 19:45:00,2026-08-04 16:45:00,2026-08-05 00:45:00,0.85645,0.85647,0.85639,0.85644,446.0
2026-08-04 19:50:00,2026-08-04 16:50:00,2026-08-05 00:50:00,0.85643,0.85657,0.85642,0.85651,330.0
2026-08-04 19:55:00,2026-08-04 16:55:00,2026-08-05 00:55:00,0.8565,0.85666,0.8565,0.85664,492.0
2026-08-04 20:00:00,2026-08-04 17:00:00,2026-08-05 01:00:00,0.85665,0.85687,0.85664,0.85685,424.0
2026-08-04 20:05:00,2026-08-04 17:05:00,2026-08-05 01:05:00,0.85684,0.85692,0.85682,0.85692,426.0
2026-08-04 20:10:00,2026-08-04 17:10:00,2026-08-05 01:10:00,0.85693,0.85694,0.85686,0.8569,480.0
2026-08-04 20:15:00,2026-08-04 17:15:00,2026-08-05 01:15:00,0.85689,0.85698,0.85688,0.85697,412.0
2026-08-04 20:20:00,2026-08-04 17:20:00,2026-08-05 01:20:00,0.85696,0.85701,0.85692,0.85701,412.0
2026-08-04 20:25:00,2026-08-04 17:25:00,2026-08-05 01:25:00,0.85702,0.85717,0.85701,0.85708,487.0
2026-08-04 20:30:00,2026-08-04 17:30:00,2026-08-05 01:30:00,0.85707,0.85715,0.85706,0.85714,541.0
2026-08-04 20:35:00,2026-08-04 17:35:00,2026-08-05 01:35:00,0.85715,0.85715,0.85709,0.85714,258.0
2026-08-04 20:40:00,2026-08-04 17:40:00,2026-08-05 01:40:00,0.85713,0.85726,0.85709,0.85723,316.0
2026-08-04 20:45:00,2026-08-04 17:45:00,2026-08-05 01:45:00,0.85724,0.85728,0.85722,0.85725,352.0
2026-08-04 20:50:00,2026-08-04 17:50:00,2026-08-05 01:50:00,0.85726,0.85727,0.85719,0.85723,434.0
2026-08-04 20:55:00,2026-08-04 17:55:00,2026-08-05 01:55:00,0.85722,0.85729,0.8572,0.85723,410.0
2026-08-04 21:00:00,2026-08-04 18:00:00,2026-08-05 02:00:00,0.85724,0.85735,0.85719,0.85731,476.0
2026-08-04 21:05:00,2026-08-04 18:05:00,2026-08-05 02:05:00,0.85732,0.85737,0.8573,0.85733,516.0
2026-08-04 21:10:00,2026-08-04 18:10:00,2026-08-05 02:10:00,0.85735,0.85737,0.85729,0.85737,342.0
2026-08-04 21:15:00,2026-08-04 18:15:00,2026-08-05 02:15:00,0.85738,0.85738,0.85729,0.85733,401.0
2026-08-04 21:20:00,2026-08-04 18:20:00,2026-08-05 02:20:00,0.85731,0.85743,0.85731,0.8574,543.0
2026-08-04 21:25:00,2026-08-04 18:25:00,2026-08-05 02:25:00,0.85741,0.85744,0.85738,0.85742,259.0
2026-08-04 21:30:00,2026-08-04 18:30:00,2026-08-05 02:30:00,0.85743,0.85753,0.85741,0.85748,376.0
2026-08-04 21:35:00,2026-08-04 18:35:00,2026-08-05 02:35:00,0.85749,0.8575,0.85744,0.85748,417.0
2026-08-04 21:40:00,2026-08-04 18:40:00,2026-08-05 02:40:00,0.85746,0.8575,0.85744,0.85749,614.0
2026-08-04 21:45:00,2026-08-04 18:45:00,2026-08-05 02:45:00,0.85748,0.85751,0.85743,0.85747,512.0
2026-08-04 21:50:00,2026-08-04 18:50:00,2026-08-05 02:50:00,0.85746,0.85755,0.85744,0.8575,566.0
2026-08-04 21:55:00,2026-08-04 18:55:00,2026-08-05 02:55:00,0.85749,0.8575,0.8573,0.85737,553.0
2026-08-04 22:00:00,2026-08-04 19:00:00,2026-08-05 03:00:00,0.85735,0.85735,0.85727,0.85728,516.0
2026-08-04 22:05:00,2026-08-04 19:05:00,2026-08-05 03:05:00,0.85728,0.85731,0.85723,0.85725,762.0
2026-08-04 22:10:00,2026-08-04 19:10:00,2026-08-05 03:10:00,0.85727,0.85732,0.85721,0.85728,832.0
2026-08-04 22:15:00,2026-08-04 19:15:00,2026-08-05 03:15:00,0.85729,0.85732,0.85727,0.85728,726.0
2026-08-04 22:20:00,2026-08-04 19:20:00,2026-08-05 03:20:00,0.85729,0.85731,0.85725,0.85728,769.0
2026-08-04 22:25:00,2026-08-04 19:25:00,2026-08-05 03:25:00,0.8573,0.85736,0.85729,0.85734,675.0
2026-08-04 22:30:00,2026-08-04 19:30:00,2026-08-05 03:30:00,0.85736,0.85738,0.85733,0.85736,614.0
2026-08-04 22:35:00,2026-08-04 19:35:00,2026-08-05 03:35:00,0.85735,0.85736,0.85729,0.85731,452.0
2026-08-04 22:40:00,2026-08-04 19:40:00,2026-08-05 03:40:00,0.85732,0.85735,0.85728,0.85733,663.0
2026-08-04 22:45:00,2026-08-04 19:45:00,2026-08-05 03:45:00,0.85732,0.85733,0.85726,0.85732,590.0
2026-08-04 22:50:00,2026-08-04 19:50:00,2026-08-05 03:50:00,0.85733,0.85734,0.85727,0.85731,471.0
2026-08-04 22:55:00,2026-08-04 19:55:00,2026-08-05 03:55:00,0.85729,0.85731,0.85722,0.85729,374.0
2026-08-04 23:00:00,2026-08-04 20:00:00,2026-08-05 04:00:00,0.85728,0.8573,0.85725,0.85729,286.0
2026-08-04 23:05:00,2026-08-04 20:05:00,2026-08-05 04:05:00,0.8573,0.8573,0.85723,0.85725,600.0
2026-08-04 23:10:00,2026-08-04 20:10:00,2026-08-05 04:10:00,0.85724,0.85728,0.85721,0.85726,632.0
2026-08-04 23:15:00,2026-08-04 20:15:00,2026-08-05 04:15:00,0.85727,0.85733,0.85724,0.85726,546.0
2026-08-04 23:20:00,2026-08-04 20:20:00,2026-08-05 04:20:00,0.85727,0.8573,0.85724,0.85729,276.0
2026-08-04 23:25:00,2026-08-04 20:25:00,2026-08-05 04:25:00,0.85728,0.85729,0.85723,0.85727,300.0
2026-08-04 23:30:00,2026-08-04 20:30:00,2026-08-05 04:30:00,0.85728,0.85732,0.85727,0.85731,286.0
2026-08-04 23:35:00,2026-08-04 20:35:00,2026-08-05 04:35:00,0.8573,0.85731,0.85727,0.85727,128.0
2026-08-04 23:40:00,2026-08-04 20:40:00,2026-08-05 04:40:00,0.85729,0.8573,0.85724,0.85725,70.0
2026-08-04 23:45:00,2026-08-04 20:45:00,2026-08-05 04:45:00,0.85724,0.85729,0.85724,0.85726,127.0
2026-08-04 23:50:00,2026-08-04 20:50:00,2026-08-05 04:50:00,0.85727,0.8573,0.85724,0.85728,162.0
2026-08-04 23:55:00,2026-08-04 20:55:00,2026-08-05 04:55:00,0.85727,0.85732,0.85722,0.85727,267.0
2026-08-05 00:00:00,2026-08-04 21:00:00,2026-08-05 05:00:00,0.85681,0.85691,0.85646,0.85676,36.0
2026-08-05 00:05:00,2026-08-04 21:05:00,2026-08-05 05:05:00,0.85677,0.85713,0.85674,0.85699,144.0
2026-08-05 00:10:00,2026-08-04 21:10:00,2026-08-05 05:10:00,0.857,0.85711,0.85698,0.85705,193.0
2026-08-05 00:15:00,2026-08-04 21:15:00,2026-08-05 05:15:00,0.85705,0.85709,0.8568,0.85688,269.0
2026-08-05 00:20:00,2026-08-04 21:20:00,2026-08-05 05:20:00,0.85689,0.85708,0.8568,0.85703,233.0
2026-08-05 00:25:00,2026-08-04 21:25:00,2026-08-05 05:25:00,0.85704,0.8571,0.85702,0.85709,53.0
2026-08-05 00:30:00,2026-08-04 21:30:00,2026-08-05 05:30:00,0.85709,0.85728,0.85693,0.85721,220.0
2026-08-05 00:35:00,2026-08-04 21:35:00,2026-08-05 05:35:00,0.85717,0.85732,0.85706,0.85715,466.0
2026-08-05 00:40:00,2026-08-04 21:40:00,2026-08-05 05:40:00,0.85716,0.85723,0.85712,0.85717,166.0
2026-08-05 00:45:00,2026-08-04 21:45:00,2026-08-05 05:45:00,0.85719,0.85728,0.85716,0.85726,106.0
2026-08-05 00:50:00,2026-08-04 21:50:00,2026-08-05 05:50:00,0.85727,0.85729,0.85687,0.85699,680.0
2026-08-05 00:55:00,2026-08-04 21:55:00,2026-08-05 05:55:00,0.85697,0.85706,0.85686,0.85704,356.0
2026-08-05 01:00:00,2026-08-04 22:00:00,2026-08-05 06:00:00,0.85713,0.85738,0.85707,0.85729,737.0
2026-08-05 01:05:00,2026-08-04 22:05:00,2026-08-05 06:05:00,0.8573,0.85731,0.85723,0.85728,489.0
2026-08-05 01:10:00,2026-08-04 22:10:00,2026-08-05 06:10:00,0.85727,0.85729,0.85722,0.85728,220.0
2026-08-05 01:15:00,2026-08-04 22:15:00,2026-08-05 06:15:00,0.85729,0.85729,0.85724,0.85726,280.0
2026-08-05 01:20:00,2026-08-04 22:20:00,2026-08-05 06:20:00,0.85727,0.85728,0.85724,0.85724,399.0
2026-08-05 01:25:00,2026-08-04 22:25:00,2026-08-05 06:25:00,0.85727,0.85728,0.85722,0.85727,341.0
2026-08-05 01:30:00,2026-08-04 22:30:00,2026-08-05 06:30:00,0.85725,0.85732,0.85725,0.8573,265.0
2026-08-05 01:35:00,2026-08-04 22:35:00,2026-08-05 06:35:00,0.85727,0.85732,0.85724,0.85728,166.0
2026-08-05 01:40:00,2026-08-04 22:40:00,2026-08-05 06:40:00,0.85726,0.8573,0.85724,0.8573,214.0
2026-08-05 01:45:00,2026-08-04 22:45:00,2026-08-05 06:45:00,0.85729,0.85737,0.85729,0.85736,326.0
2026-08-05 01:50:00,2026-08-04 22:50:00,2026-08-05 06:50:00,0.85735,0.85739,0.85733,0.85738,300.0
2026-08-05 01:55:00,2026-08-04 22:55:00,2026-08-05 06:55:00,0.85736,0.85739,0.85731,0.85736,216.0
2026-08-05 02:00:00,2026-08-04 23:00:00,2026-08-05 07:00:00,0.85737,0.85738,0.85734,0.85737,159.0
2026-08-05 02:05:00,2026-08-04 23:05:00,2026-08-05 07:05:00,0.85737,0.85739,0.85734,0.85735,166.0
2026-08-05 02:10:00,2026-08-04 23:10:00,2026-08-05 07:10:00,0.85734,0.85736,0.85732,0.85734,262.0
2026-08-05 02:15:00,2026-08-04 23:15:00,2026-08-05 07:15:00,0.85733,0.85735,0.85728,0.85733,142.0
2026-08-05 02:20:00,2026-08-04 23:20:00,2026-08-05 07:20:00,0.85732,0.85735,0.85731,0.85733,132.0
2026-08-05 02:25:00,2026-08-04 23:25:00,2026-08-05 07:25:00,0.85732,0.85735,0.8573,0.85734,290.0
2026-08-05 02:30:00,2026-08-04 23:30:00,2026-08-05 07:30:00,0.85735,0.85738,0.85733,0.85737,176.0
2026-08-05 02:35:00,2026-08-04 23:35:00,2026-08-05 07:35:00,0.85736,0.85741,0.85736,0.85737,357.0
2026-08-05 02:40:00,2026-08-04 23:40:00,2026-08-05 07:40:00,0.85738,0.85741,0.85736,0.85738,235.0
2026-08-05 02:45:00,2026-08-04 23:45:00,2026-08-05 07:45:00,0.85737,0.8574,0.85737,0.85739,382.0
2026-08-05 02:50:00,2026-08-04 23:50:00,2026-08-05 07:50:00,0.8574,0.85741,0.85737,0.85738,405.0
2026-08-05 02:55:00,2026-08-04 23:55:00,2026-08-05 07:55:00,0.85737,0.85738,0.85734,0.85736,76.0
2026-08-05 03:00:00,2026-08-05 00:00:00,2026-08-05 08:00:00,0.85737,0.85747,0.85736,0.85742,426.0
2026-08-05 03:05:00,2026-08-05 00:05:00,2026-08-05 08:05:00,0.85744,0.85745,0.85739,0.8574,268.0
2026-08-05 03:10:00,2026-08-05 00:10:00,2026-08-05 08:10:00,0.85741,0.85742,0.85737,0.85738,364.0
2026-08-05 03:15:00,2026-08-05 00:15:00,2026-08-05 08:15:00,0.85737,0.8574,0.85733,0.85734,340.0
2026-08-05 03:20:00,2026-08-05 00:20:00,2026-08-05 08:20:00,0.85733,0.85734,0.85724,0.85726,298.0
2026-08-05 03:25:00,2026-08-05 00:25:00,2026-08-05 08:25:00,0.85727,0.85728,0.85724,0.85727,339.0
2026-08-05 03:30:00,2026-08-05 00:30:00,2026-08-05 08:30:00,0.85726,0.85731,0.85724,0.85728,450.0
2026-08-05 03:35:00,2026-08-05 00:35:00,2026-08-05 08:35:00,0.85729,0.85729,0.85723,0.85723,310.0
2026-08-05 03:40:00,2026-08-05 00:40:00,2026-08-05 08:40:00,0.85724,0.85734,0.85722,0.85732,441.0
2026-08-05 03:45:00,2026-08-05 00:45:00,2026-08-05 08:45:00,0.85729,0.85737,0.85729,0.8573,452.0
2026-08-05 03:50:00,2026-08-05 00:50:00,2026-08-05 08:50:00,0.85731,0.85736,0.85725,0.85732,499.0
2026-08-05 03:55:00,2026-08-05 00:55:00,2026-08-05 08:55:00,0.85731,0.85734,0.85726,0.85732,456.0
2026-08-05 04:00:00,2026-08-05 01:00:00,2026-08-05 09:00:00,0.85731,0.85735,0.85725,0.85732,587.0
2026-08-05 04:05:00,2026-08-05 01:05:00,2026-08-05 09:05:00,0.85731,0.85734,0.85727,0.85729,646.0
2026-08-05 04:10:00,2026-08-05 01:10:00,2026-08-05 09:10:00,0.8573,0.85732,0.85728,0.85731,682.0
2026-08-05 04:15:00,2026-08-05 01:15:00,2026-08-05 09:15:00,0.8573,0.85737,0.85729,0.85737,664.0
2026-08-05 04:20:00,2026-08-05 01:20:00,2026-08-05 09:20:00,0.85736,0.85739,0.85733,0.85734,589.0
2026-08-05 04:25:00,2026-08-05 01:25:00,2026-08-05 09:25:00,0.85736,0.85738,0.85733,0.85737,575.0
2026-08-05 04:30:00,2026-08-05 01:30:00,2026-08-05 09:30:00,0.85736,0.8574,0.85733,0.85736,829.0
2026-08-05 04:35:00,2026-08-05 01:35:00,2026-08-05 09:35:00,0.85737,0.85739,0.85733,0.85736,612.0
2026-08-05 04:40:00,2026-08-05 01:40:00,2026-08-05 09:40:00,0.85737,0.85742,0.85734,0.85739,443.0
2026-08-05 04:45:00,2026-08-05 01:45:00,2026-08-05 09:45:00,0.8574,0.85741,0.85735,0.85738,324.0
2026-08-05 04:50:00,2026-08-05 01:50:00,2026-08-05 09:50:00,0.85737,0.85739,0.85732,0.85733,694.0
2026-08-05 04:55:00,2026-08-05 01:55:00,2026-08-05 09:55:00,0.85734,0.85735,0.85729,0.85732,512.0
2026-08-05 05:00:00,2026-08-05 02:00:00,2026-08-05 10:00:00,0.85731,0.85737,0.8573,0.85737,734.0
2026-08-05 05:05:00,2026-08-05 02:05:00,2026-08-05 10:05:00,0.85736,0.85737,0.85729,0.8573,564.0
2026-08-05 05:10:00,2026-08-05 02:10:00,2026-08-05 10:10:00,0.85732,0.85735,0.85729,0.85734,302.0
2026-08-05 05:15:00,2026-08-05 02:15:00,2026-08-05 10:15:00,0.85733,0.85737,0.85733,0.85736,250.0
2026-08-05 05:20:00,2026-08-05 02:20:00,2026-08-05 10:20:00,0.85735,0.85739,0.85735,0.85737,311.0
2026-08-05 05:25:00,2026-08-05 02:25:00,2026-08-05 10:25:00,0.85738,0.85744,0.85737,0.85742,434.0
2026-08-05 05:30:00,2026-08-05 02:30:00,2026-08-05 10:30:00,0.85743,0.85745,0.85735,0.85738,447.0
2026-08-05 05:35:00,2026-08-05 02:35:00,2026-08-05 10:35:00,0.85737,0.85744,0.85736,0.85744,484.0
2026-08-05 05:40:00,2026-08-05 02:40:00,2026-08-05 10:40:00,0.85745,0.85755,0.85743,0.8575,489.0
2026-08-05 05:45:00,2026-08-05 02:45:00,2026-08-05 10:45:00,0.85751,0.85752,0.85742,0.85744,473.0
2026-08-05 05:50:00,2026-08-05 02:50:00,2026-08-05 10:50:00,0.85745,0.85746,0.85741,0.85746,510.0
2026-08-05 05:55:00,2026-08-05 02:55:00,2026-08-05 10:55:00,0.85745,0.85746,0.85734,0.85741,542.0
2026-08-05 06:00:00,2026-08-05 03:00:00,2026-08-05 11:00:00,0.8574,0.85741,0.8573,0.85733,460.0
2026-08-05 06:05:00,2026-08-05 03:05:00,2026-08-05 11:05:00,0.85732,0.8574,0.85731,0.8574,518.0
2026-08-05 06:10:00,2026-08-05 03:10:00,2026-08-05 11:10:00,0.85739,0.85742,0.85738,0.85739,476.0
2026-08-05 06:15:00,2026-08-05 03:15:00,2026-08-05 11:15:00,0.8574,0.85742,0.85738,0.85741,564.0
2026-08-05 06:20:00,2026-08-05 03:20:00,2026-08-05 11:20:00,0.85742,0.85742,0.85736,0.85737,546.0
2026-08-05 06:25:00,2026-08-05 03:25:00,2026-08-05 11:25:00,0.85738,0.85742,0.85737,0.8574,442.0
2026-08-05 06:30:00,2026-08-05 03:30:00,2026-08-05 11:30:00,0.85739,0.85741,0.85734,0.85736,566.0
2026-08-05 06:35:00,2026-08-05 03:35:00,2026-08-05 11:35:00,0.85735,0.85737,0.85732,0.85736,420.0
2026-08-05 06:40:00,2026-08-05 03:40:00,2026-08-05 11:40:00,0.85737,0.85737,0.85731,0.85733,354.0
2026-08-05 06:45:00,2026-08-05 03:45:00,2026-08-05 11:45:00,0.85732,0.8574,0.85731,0.85739,334.0
2026-08-05 06:50:00,2026-08-05 03:50:00,2026-08-05 11:50:00,0.85737,0.85738,0.85735,0.85737,251.0
2026-08-05 06:55:00,2026-08-05 03:55:00,2026-08-05 11:55:00,0.85736,0.85743,0.85733,0.85742,341.0
2026-08-05 07:00:00,2026-08-05 04:00:00,2026-08-05 12:00:00,0.85743,0.85744,0.85737,0.85739,254.0
2026-08-05 07:05:00,2026-08-05 04:05:00,2026-08-05 12:05:00,0.8574,0.8574,0.85737,0.85738,260.0
2026-08-05 07:10:00,2026-08-05 04:10:00,2026-08-05 12:10:00,0.85737,0.85741,0.85736,0.85738,350.0
2026-08-05 07:15:00,2026-08-05 04:15:00,2026-08-05 12:15:00,0.85739,0.8574,0.85735,0.85737,422.0
2026-08-05 07:20:00,2026-08-05 04:20:00,2026-08-05 12:20:00,0.85738,0.8574,0.85737,0.85738,236.0
2026-08-05 07:25:00,2026-08-05 04:25:00,2026-08-05 12:25:00,0.85739,0.85741,0.85734,0.85736,284.0
2026-08-05 07:30:00,2026-08-05 04:30:00,2026-08-05 12:30:00,0.85737,0.85739,0.85734,0.85738,191.0
2026-08-05 07:35:00,2026-08-05 04:35:00,2026-08-05 12:35:00,0.85739,0.85741,0.85737,0.85738,220.0
2026-08-05 07:40:00,2026-08-05 04:40:00,2026-08-05 12:40:00,0.85739,0.85741,0.85735,0.85736,194.0
2026-08-05 07:45:00,2026-08-05 04:45:00,2026-08-05 12:45:00,0.85737,0.85737,0.85735,0.85735,135.0
2026-08-05 07:50:00,2026-08-05 04:50:00,2026-08-05 12:50:00,0.85736,0.85739,0.85735,0.85737,246.0
2026-08-05 07:55:00,2026-08-05 04:55:00,2026-08-05 12:55:00,0.85738,0.85741,0.85734,0.85741,240.0
2026-08-05 08:00:00,2026-08-05 05:00:00,2026-08-05 13:00:00,0.8574,0.85741,0.85729,0.85731,409.0
2026-08-05 08:05:00,2026-08-05 05:05:00,2026-08-05 13:05:00,0.85732,0.85733,0.85723,0.85725,267.0
2026-08-05 08:10:00,2026-08-05 05:10:00,2026-08-05 13:10:00,0.85727,0.8573,0.85725,0.85728,520.0
2026-08-05 08:15:00,2026-08-05 05:15:00,2026-08-05 13:15:00,0.85726,0.85729,0.85723,0.85724,370.0
2026-08-05 08:20:00,2026-08-05 05:20:00,2026-08-05 13:20:00,0.85726,0.85727,0.85721,0.85725,604.0
2026-08-05 08:25:00,2026-08-05 05:25:00,2026-08-05 13:25:00,0.85724,0.85731,0.85723,0.8573,390.0
2026-08-05 08:30:00,2026-08-05 05:30:00,2026-08-05 13:30:00,0.85731,0.85736,0.85727,0.85733,287.0
2026-08-05 08:35:00,2026-08-05 05:35:00,2026-08-05 13:35:00,0.85732,0.85734,0.8573,0.85733,174.0
2026-08-05 08:40:00,2026-08-05 05:40:00,2026-08-05 13:40:00,0.85732,0.85735,0.85732,0.85732,355.0
2026-08-05 08:45:00,2026-08-05 05:45:00,2026-08-05 13:45:00,0.85731,0.85733,0.85726,0.85731,394.0
2026-08-05 08:50:00,2026-08-05 05:50:00,2026-08-05 13:50:00,0.8573,0.85737,0.85728,0.85736,460.0
2026-08-05 08:55:00,2026-08-05 05:55:00,2026-08-05 13:55:00,0.85737,0.85737,0.85726,0.85729,560.0
2026-08-05 09:00:00,2026-08-05 06:00:00,2026-08-05 14:00:00,0.8573,0.85732,0.85725,0.85727,784.0
2026-08-05 09:05:00,2026-08-05 06:05:00,2026-08-05 14:05:00,0.85728,0.85732,0.85724,0.85726,740.0
2026-08-05 09:10:00,2026-08-05 06:10:00,2026-08-05 14:10:00,0.85724,0.85728,0.85721,0.85724,659.0
2026-08-05 09:15:00,2026-08-05 06:15:00,2026-08-05 14:15:00,0.85726,0.85736,0.85721,0.85734,1003.0
2026-08-05 09:20:00,2026-08-05 06:20:00,2026-08-05 14:20:00,0.85735,0.85736,0.85726,0.85728,910.0
2026-08-05 09:25:00,2026-08-05 06:25:00,2026-08-05 14:25:00,0.85727,0.85742,0.85727,0.85741,744.0
2026-08-05 09:30:00,2026-08-05 06:30:00,2026-08-05 14:30:00,0.85742,0.85742,0.85725,0.85732,604.0
2026-08-05 09:35:00,2026-08-05 06:35:00,2026-08-05 14:35:00,0.8573,0.85739,0.85726,0.85733,691.0
2026-08-05 09:40:00,2026-08-05 06:40:00,2026-08-05 14:40:00,0.85731,0.85739,0.85723,0.85728,636.0
2026-08-05 09:45:00,2026-08-05 06:45:00,2026-08-05 14:45:00,0.85729,0.85743,0.85728,0.85734,427.0
2026-08-05 09:50:00,2026-08-05 06:50:00,2026-08-05 14:50:00,0.85732,0.85746,0.85732,0.85739,580.0
2026-08-05 09:55:00,2026-08-05 06:55:00,2026-08-05 14:55:00,0.8574,0.85741,0.85722,0.85726,772.0
2026-08-05 10:00:00,2026-08-05 07:00:00,2026-08-05 15:00:00,0.85725,0.8574,0.85724,0.85739,922.0
2026-08-05 10:05:00,2026-08-05 07:05:00,2026-08-05 15:05:00,0.85738,0.85739,0.85724,0.85733,869.0
2026-08-05 10:10:00,2026-08-05 07:10:00,2026-08-05 15:10:00,0.85734,0.85736,0.85729,0.85735,622.0
2026-08-05 10:15:00,2026-08-05 07:15:00,2026-08-05 15:15:00,0.85733,0.85739,0.85725,0.85727,793.0
2026-08-05 10:20:00,2026-08-05 07:20:00,2026-08-05 15:20:00,0.85726,0.85737,0.8572,0.85722,710.0
2026-08-05 10:25:00,2026-08-05 07:25:00,2026-08-05 15:25:00,0.85723,0.85723,0.85702,0.85703,494.0
2026-08-05 10:30:00,2026-08-05 07:30:00,2026-08-05 15:30:00,0.85702,0.85719,0.85699,0.85708,483.0
2026-08-05 10:35:00,2026-08-05 07:35:00,2026-08-05 15:35:00,0.8571,0.85718,0.85705,0.85708,638.0
2026-08-05 10:40:00,2026-08-05 07:40:00,2026-08-05 15:40:00,0.85707,0.85708,0.85691,0.85693,507.0
2026-08-05 10:45:00,2026-08-05 07:45:00,2026-08-05 15:45:00,0.85691,0.85705,0.8569,0.85703,579.0
2026-08-05 10:50:00,2026-08-05 07:50:00,2026-08-05 15:50:00,0.85702,0.85708,0.85697,0.85698,589.0
2026-08-05 10:55:00,2026-08-05 07:55:00,2026-08-05 15:55:00,0.85697,0.85701,0.85672,0.85673,779.0
2026-08-05 11:00:00,2026-08-05 08:00:00,2026-08-05 16:00:00,0.85671,0.85692,0.85666,0.85692,547.0
2026-08-05 11:05:00,2026-08-05 08:05:00,2026-08-05 16:05:00,0.85691,0.85697,0.85688,0.8569,403.0
2026-08-05 11:10:00,2026-08-05 08:10:00,2026-08-05 16:10:00,0.85691,0.85707,0.85689,0.85703,422.0
2026-08-05 11:15:00,2026-08-05 08:15:00,2026-08-05 16:15:00,0.85702,0.85703,0.85692,0.85696,638.0
2026-08-05 11:20:00,2026-08-05 08:20:00,2026-08-05 16:20:00,0.85697,0.85714,0.85696,0.85711,510.0
2026-08-05 11:25:00,2026-08-05 08:25:00,2026-08-05 16:25:00,0.8571,0.85715,0.85701,0.85711,515.0
2026-08-05 11:30:00,2026-08-05 08:30:00,2026-08-05 16:30:00,0.8571,0.85715,0.85701,0.85712,652.0
2026-08-05 11:35:00,2026-08-05 08:35:00,2026-08-05 16:35:00,0.85711,0.85722,0.85709,0.8572,424.0
2026-08-05 11:40:00,2026-08-05 08:40:00,2026-08-05 16:40:00,0.85722,0.85722,0.85701,0.85709,948.0
2026-08-05 11:45:00,2026-08-05 08:45:00,2026-08-05 16:45:00,0.8571,0.85716,0.85703,0.85713,841.0
2026-08-05 11:50:00,2026-08-05 08:50:00,2026-08-05 16:50:00,0.85712,0.85728,0.85705,0.85727,768.0
2026-08-05 11:55:00,2026-08-05 08:55:00,2026-08-05 16:55:00,0.85726,0.85737,0.85715,0.85725,927.0
2026-08-05 12:00:00,2026-08-05 09:00:00,2026-08-05 17:00:00,0.85724,0.85726,0.8571,0.85714,798.0
2026-08-05 12:05:00,2026-08-05 09:05:00,2026-08-05 17:05:00,0.85712,0.85725,0.85711,0.85717,711.0
2026-08-05 12:10:00,2026-08-05 09:10:00,2026-08-05 17:10:00,0.85718,0.85719,0.85709,0.85717,461.0
2026-08-05 12:15:00,2026-08-05 09:15:00,2026-08-05 17:15:00,0.85715,0.85737,0.85713,0.85737,656.0
2026-08-05 12:20:00,2026-08-05 09:20:00,2026-08-05 17:20:00,0.85736,0.85739,0.8572,0.85727,542.0
2026-08-05 12:25:00,2026-08-05 09:25:00,2026-08-05 17:25:00,0.85725,0.85727,0.85709,0.85713,680.0
2026-08-05 12:30:00,2026-08-05 09:30:00,2026-08-05 17:30:00,0.85712,0.8572,0.85711,0.85713,799.0
2026-08-05 12:35:00,2026-08-05 09:35:00,2026-08-05 17:35:00,0.85712,0.8572,0.85707,0.85709,465.0
2026-08-05 12:40:00,2026-08-05 09:40:00,2026-08-05 17:40:00,0.8571,0.85716,0.85706,0.85711,684.0
2026-08-05 12:45:00,2026-08-05 09:45:00,2026-08-05 17:45:00,0.85709,0.85715,0.85704,0.85708,627.0
2026-08-05 12:50:00,2026-08-05 09:50:00,2026-08-05 17:50:00,0.85709,0.85711,0.857,0.85703,495.0
2026-08-05 12:55:00,2026-08-05 09:55:00,2026-08-05 17:55:00,0.85701,0.85706,0.8569,0.85691,573.0
2026-08-05 13:00:00,2026-08-05 10:00:00,2026-08-05 18:00:00,0.85692,0.85694,0.85666,0.85683,659.0
2026-08-05 13:05:00,2026-08-05 10:05:00,2026-08-05 18:05:00,0.85684,0.85687,0.85667,0.85677,402.0
2026-08-05 13:10:00,2026-08-05 10:10:00,2026-08-05 18:10:00,0.85676,0.85678,0.85666,0.85675,435.0
2026-08-05 13:15:00,2026-08-05 10:15:00,2026-08-05 18:15:00,0.85674,0.85688,0.85673,0.85683,568.0
2026-08-05 13:20:00,2026-08-05 10:20:00,2026-08-05 18:20:00,0.85682,0.85689,0.85677,0.85683,486.0
2026-08-05 13:25:00,2026-08-05 10:25:00,2026-08-05 18:25:00,0.85684,0.8569,0.85677,0.85687,481.0
2026-08-05 13:30:00,2026-08-05 10:30:00,2026-08-05 18:30:00,0.85686,0.85694,0.85686,0.85687,526.0
2026-08-05 13:35:00,2026-08-05 10:35:00,2026-08-05 18:35:00,0.85686,0.85694,0.85685,0.85694,278.0
2026-08-05 13:40:00,2026-08-05 10:40:00,2026-08-05 18:40:00,0.85692,0.85697,0.85686,0.85689,412.0
2026-08-05 13:45:00,2026-08-05 10:45:00,2026-08-05 18:45:00,0.85688,0.85692,0.85685,0.85687,354.0
2026-08-05 13:50:00,2026-08-05 10:50:00,2026-08-05 18:50:00,0.85688,0.85689,0.85681,0.85683,507.0
2026-08-05 13:55:00,2026-08-05 10:55:00,2026-08-05 18:55:00,0.85682,0.85696,0.85681,0.85688,699.0
2026-08-05 14:00:00,2026-08-05 11:00:00,2026-08-05 19:00:00,0.85689,0.85691,0.85681,0.85682,491.0
2026-08-05 14:05:00,2026-08-05 11:05:00,2026-08-05 19:05:00,0.85684,0.85688,0.85678,0.85684,674.0
2026-08-05 14:10:00,2026-08-05 11:10:00,2026-08-05 19:10:00,0.85683,0.85684,0.8567,0.85679,562.0
2026-08-05 14:15:00,2026-08-05 11:15:00,2026-08-05 19:15:00,0.85678,0.85685,0.85675,0.85684,650.0
2026-08-05 14:20:00,2026-08-05 11:20:00,2026-08-05 19:20:00,0.85683,0.85688,0.85672,0.85686,736.0
2026-08-05 14:25:00,2026-08-05 11:25:00,2026-08-05 19:25:00,0.85687,0.85697,0.85682,0.85694,625.0
2026-08-05 14:30:00,2026-08-05 11:30:00,2026-08-05 19:30:00,0.85695,0.857,0.85688,0.85698,640.0
2026-08-05 14:35:00,2026-08-05 11:35:00,2026-08-05 19:35:00,0.857,0.85708,0.85693,0.85704,650.0
2026-08-05 14:40:00,2026-08-05 11:40:00,2026-08-05 19:40:00,0.85703,0.85715,0.85701,0.85705,604.0
2026-08-05 14:45:00,2026-08-05 11:45:00,2026-08-05 19:45:00,0.85706,0.85708,0.85692,0.85693,665.0
2026-08-05 14:50:00,2026-08-05 11:50:00,2026-08-05 19:50:00,0.85692,0.85696,0.85685,0.85692,624.0
2026-08-05 14:55:00,2026-08-05 11:55:00,2026-08-05 19:55:00,0.85694,0.85712,0.85691,0.85708,610.0
2026-08-05 15:00:00,2026-08-05 12:00:00,2026-08-05 20:00:00,0.85707,0.85719,0.85701,0.85707,646.0
2026-08-05 15:05:00,2026-08-05 12:05:00,2026-08-05 20:05:00,0.85708,0.85724,0.85705,0.85718,685.0
2026-08-05 15:10:00,2026-08-05 12:10:00,2026-08-05 20:10:00,0.85717,0.85734,0.85717,0.85724,644.0
2026-08-05 15:15:00,2026-08-05 12:15:00,2026-08-05 20:15:00,0.85728,0.85738,0.85721,0.85726,689.0
2026-08-05 15:20:00,2026-08-05 12:20:00,2026-08-05 20:20:00,0.85725,0.85725,0.85708,0.85716,796.0
2026-08-05 15:25:00,2026-08-05 12:25:00,2026-08-05 20:25:00,0.85717,0.85717,0.85697,0.85698,1028.0
2026-08-05 15:30:00,2026-08-05 12:30:00,2026-08-05 20:30:00,0.857,0.85711,0.85697,0.85702,948.0
2026-08-05 15:35:00,2026-08-05 12:35:00,2026-08-05 20:35:00,0.85703,0.85706,0.85689,0.85696,708.0
2026-08-05 15:40:00,2026-08-05 12:40:00,2026-08-05 20:40:00,0.85697,0.85702,0.8569,0.85699,614.0
2026-08-05 15:45:00,2026-08-05 12:45:00,2026-08-05 20:45:00,0.85698,0.85713,0.85697,0.85707,642.0
2026-08-05 15:50:00,2026-08-05 12:50:00,2026-08-05 20:50:00,0.85708,0.8572,0.85704,0.85717,716.0
2026-08-05 15:55:00,2026-08-05 12:55:00,2026-08-05 20:55:00,0.85716,0.85726,0.85712,0.85714,559.0
2026-08-05 16:00:00,2026-08-05 13:00:00,2026-08-05 21:00:00,0.85715,0.85715,0.85692,0.85707,968.0
2026-08-05 16:05:00,2026-08-05 13:05:00,2026-08-05 21:05:00,0.85706,0.85714,0.85702,0.85707,513.0
2026-08-05 16:10:00,2026-08-05 13:10:00,2026-08-05 21:10:00,0.85706,0.85717,0.85705,0.85714,522.0
2026-08-05 16:15:00,2026-08-05 13:15:00,2026-08-05 21:15:00,0.85713,0.85752,0.85713,0.85736,802.0
2026-08-05 16:20:00,2026-08-05 13:20:00,2026-08-05 21:20:00,0.85737,0.85739,0.85727,0.85738,992.0
2026-08-05 16:25:00,2026-08-05 13:25:00,2026-08-05 21:25:00,0.85737,0.85744,0.85736,0.85737,826.0
2026-08-05 16:30:00,2026-08-05 13:30:00,2026-08-05 21:30:00,0.85738,0.85746,0.8572,0.85742,831.0
2026-08-05 16:35:00,2026-08-05 13:35:00,2026-08-05 21:35:00,0.85743,0.85743,0.85722,0.8573,1042.0
2026-08-05 16:40:00,2026-08-05 13:40:00,2026-08-05 21:40:00,0.85729,0.85739,0.85722,0.8573,980.0
2026-08-05 16:45:00,2026-08-05 13:45:00,2026-08-05 21:45:00,0.85731,0.85744,0.85723,0.85739,823.0
2026-08-05 16:50:00,2026-08-05 13:50:00,2026-08-05 21:50:00,0.85738,0.8574,0.8572,0.85731,784.0
2026-08-05 16:55:00,2026-08-05 13:55:00,2026-08-05 21:55:00,0.85731,0.85737,0.85719,0.85732,672.0
2026-08-05 17:00:00,2026-08-05 14:00:00,2026-08-05 22:00:00,0.85726,0.85737,0.85702,0.85705,689.0
2026-08-05 17:05:00,2026-08-05 14:05:00,2026-08-05 22:05:00,0.85706,0.8572,0.85701,0.85703,1064.0
2026-08-05 17:10:00,2026-08-05 14:10:00,2026-08-05 22:10:00,0.85704,0.8572,0.85702,0.85714,766.0
2026-08-05 17:15:00,2026-08-05 14:15:00,2026-08-05 22:15:00,0.85713,0.85721,0.85695,0.85698,820.0
2026-08-05 17:20:00,2026-08-05 14:20:00,2026-08-05 22:20:00,0.85699,0.85699,0.85684,0.85695,774.0
2026-08-05 17:25:00,2026-08-05 14:25:00,2026-08-05 22:25:00,0.85696,0.85697,0.85678,0.85683,802.0
2026-08-05 17:30:00,2026-08-05 14:30:00,2026-08-05 22:30:00,0.85684,0.85696,0.8568,0.85694,750.0
2026-08-05 17:35:00,2026-08-05 14:35:00,2026-08-05 22:35:00,0.85693,0.85698,0.85685,0.85696,836.0
2026-08-05 17:40:00,2026-08-05 14:40:00,2026-08-05 22:40:00,0.85697,0.85714,0.85693,0.85712,694.0
2026-08-05 17:45:00,2026-08-05 14:45:00,2026-08-05 22:45:00,0.85713,0.85713,0.85697,0.85698,850.0
2026-08-05 17:50:00,2026-08-05 14:50:00,2026-08-05 22:50:00,0.85699,0.85722,0.85697,0.85712,998.0
2026-08-05 17:55:00,2026-08-05 14:55:00,2026-08-05 22:55:00,0.8571,0.85718,0.85698,0.85717,1004.0
2026-08-05 18:00:00,2026-08-05 15:00:00,2026-08-05 23:00:00,0.85718,0.8572,0.85705,0.85713,974.0
2026-08-05 18:05:00,2026-08-05 15:05:00,2026-08-05 23:05:00,0.85714,0.85729,0.85713,0.85725,801.0
2026-08-05 18:10:00,2026-08-05 15:10:00,2026-08-05 23:10:00,0.85724,0.85745,0.85721,0.85744,722.0
2026-08-05 18:15:00,2026-08-05 15:15:00,2026-08-05 23:15:00,0.85745,0.85748,0.8573,0.85732,902.0
2026-08-05 18:20:00,2026-08-05 15:20:00,2026-08-05 23:20:00,0.85731,0.85741,0.85731,0.85735,857.0
2026-08-05 18:25:00,2026-08-05 15:25:00,2026-08-05 23:25:00,0.85734,0.8575,0.85734,0.85742,710.0
2026-08-05 18:30:00,2026-08-05 15:30:00,2026-08-05 23:30:00,0.85741,0.85748,0.85732,0.85747,722.0
2026-08-05 18:35:00,2026-08-05 15:35:00,2026-08-05 23:35:00,0.85746,0.85768,0.85742,0.8576,634.0
2026-08-05 18:40:00,2026-08-05 15:40:00,2026-08-05 23:40:00,0.85761,0.85769,0.85753,0.85764,796.0
2026-08-05 18:45:00,2026-08-05 15:45:00,2026-08-05 23:45:00,0.85766,0.85785,0.85766,0.85777,741.0
2026-08-05 18:50:00,2026-08-05 15:50:00,2026-08-05 23:50:00,0.85776,0.85785,0.85773,0.85783,782.0
2026-08-05 18:55:00,2026-08-05 15:55:00,2026-08-05 23:55:00,0.85781,0.85788,0.85753,0.85768,1004.0
2026-08-05 19:00:00,2026-08-05 16:00:00,2026-08-06 00:00:00,0.85767,0.85776,0.85755,0.85762,1115.0
2026-08-05 19:05:00,2026-08-05 16:05:00,2026-08-06 00:05:00,0.8576,0.85768,0.85752,0.85752,968.0
2026-08-05 19:10:00,2026-08-05 16:10:00,2026-08-06 00:10:00,0.85755,0.85769,0.85754,0.85763,1050.0
2026-08-05 19:15:00,2026-08-05 16:15:00,2026-08-06 00:15:00,0.85762,0.85766,0.85746,0.85756,598.0
2026-08-05 19:20:00,2026-08-05 16:20:00,2026-08-06 00:20:00,0.85755,0.85758,0.8575,0.85754,626.0
2026-08-05 19:25:00,2026-08-05 16:25:00,2026-08-06 00:25:00,0.85753,0.85765,0.85749,0.85765,652.0
2026-08-05 19:30:00,2026-08-05 16:30:00,2026-08-06 00:30:00,0.85764,0.85769,0.85758,0.8576,666.0
2026-08-05 19:35:00,2026-08-05 16:35:00,2026-08-06 00:35:00,0.85761,0.85761,0.85748,0.85751,762.0
2026-08-05 19:40:00,2026-08-05 16:40:00,2026-08-06 00:40:00,0.85749,0.85758,0.85747,0.85756,724.0
2026-08-05 19:45:00,2026-08-05 16:45:00,2026-08-06 00:45:00,0.85755,0.85767,0.85754,0.85765,580.0
2026-08-05 19:50:00,2026-08-05 16:50:00,2026-08-06 00:50:00,0.85766,0.85768,0.8576,0.85767,809.0
2026-08-05 19:55:00,2026-08-05 16:55:00,2026-08-06 00:55:00,0.85769,0.8578,0.85767,0.85779,622.0
2026-08-05 20:00:00,2026-08-05 17:00:00,2026-08-06 01:00:00,0.8578,0.85789,0.85778,0.85782,588.0
2026-08-05 20:05:00,2026-08-05 17:05:00,2026-08-06 01:05:00,0.85783,0.85788,0.85781,0.85784,718.0
2026-08-05 20:10:00,2026-08-05 17:10:00,2026-08-06 01:10:00,0.85783,0.85785,0.8577,0.85778,704.0
2026-08-05 20:15:00,2026-08-05 17:15:00,2026-08-06 01:15:00,0.85777,0.85782,0.85774,0.85777,896.0
2026-08-05 20:20:00,2026-08-05 17:20:00,2026-08-06 01:20:00,0.85775,0.85777,0.85771,0.85773,718.0
2026-08-05 20:25:00,2026-08-05 17:25:00,2026-08-06 01:25:00,0.85774,0.8578,0.85772,0.85772,454.0
2026-08-05 20:30:00,2026-08-05 17:30:00,2026-08-06 01:30:00,0.85771,0.85778,0.85769,0.85775,462.0
2026-08-05 20:35:00,2026-08-05 17:35:00,2026-08-06 01:35:00,0.85776,0.85781,0.85773,0.8578,406.0
2026-08-05 20:40:00,2026-08-05 17:40:00,2026-08-06 01:40:00,0.85781,0.85783,0.85777,0.8578,468.0
2026-08-05 20:45:00,2026-08-05 17:45:00,2026-08-06 01:45:00,0.85779,0.85788,0.85779,0.85785,574.0
2026-08-05 20:50:00,2026-08-05 17:50:00,2026-08-06 01:50:00,0.85786,0.85792,0.85782,0.85791,397.0
2026-08-05 20:55:00,2026-08-05 17:55:00,2026-08-06 01:55:00,0.8579,0.85799,0.85789,0.85794,570.0
2026-08-05 21:00:00,2026-08-05 18:00:00,2026-08-06 02:00:00,0.85793,0.85799,0.85791,0.85797,542.0
2026-08-05 21:05:00,2026-08-05 18:05:00,2026-08-06 02:05:00,0.85798,0.85802,0.85795,0.85799,591.0
2026-08-05 21:10:00,2026-08-05 18:10:00,2026-08-06 02:10:00,0.85797,0.85801,0.85791,0.85792,729.0
2026-08-05 21:15:00,2026-08-05 18:15:00,2026-08-06 02:15:00,0.85794,0.85805,0.85791,0.85801,588.0
2026-08-05 21:20:00,2026-08-05 18:20:00,2026-08-06 02:20:00,0.858,0.85803,0.85796,0.858,425.0
2026-08-05 21:25:00,2026-08-05 18:25:00,2026-08-06 02:25:00,0.85799,0.85801,0.85794,0.85796,649.0
2026-08-05 21:30:00,2026-08-05 18:30:00,2026-08-06 02:30:00,0.85795,0.85798,0.85792,0.85792,427.0
2026-08-05 21:35:00,2026-08-05 18:35:00,2026-08-06 02:35:00,0.85791,0.85794,0.85789,0.85792,398.0
2026-08-05 21:40:00,2026-08-05 18:40:00,2026-08-06 02:40:00,0.85791,0.85795,0.85788,0.85794,624.0
2026-08-05 21:45:00,2026-08-05 18:45:00,2026-08-06 02:45:00,0.85792,0.85794,0.85783,0.8579,561.0
2026-08-05 21:50:00,2026-08-05 18:50:00,2026-08-06 02:50:00,0.85788,0.85791,0.85782,0.85788,396.0
2026-08-05 21:55:00,2026-08-05 18:55:00,2026-08-06 02:55:00,0.85789,0.8579,0.85777,0.85781,996.0
2026-08-05 22:00:00,2026-08-05 19:00:00,2026-08-06 03:00:00,0.8578,0.85781,0.85773,0.85775,783.0
2026-08-05 22:05:00,2026-08-05 19:05:00,2026-08-06 03:05:00,0.85776,0.85782,0.85774,0.85779,579.0
2026-08-05 22:10:00,2026-08-05 19:10:00,2026-08-06 03:10:00,0.8578,0.8578,0.85774,0.85776,624.0
2026-08-05 22:15:00,2026-08-05 19:15:00,2026-08-06 03:15:00,0.85777,0.85778,0.85771,0.85774,530.0
2026-08-05 22:20:00,2026-08-05 19:20:00,2026-08-06 03:20:00,0.85775,0.85779,0.85769,0.85769,654.0
2026-08-05 22:25:00,2026-08-05 19:25:00,2026-08-06 03:25:00,0.8577,0.85772,0.85767,0.8577,968.0
2026-08-05 22:30:00,2026-08-05 19:30:00,2026-08-06 03:30:00,0.85768,0.85777,0.85768,0.85776,862.0
2026-08-05 22:35:00,2026-08-05 19:35:00,2026-08-06 03:35:00,0.85777,0.85778,0.85773,0.85777,436.0
2026-08-05 22:40:00,2026-08-05 19:40:00,2026-08-06 03:40:00,0.85778,0.85782,0.85776,0.85778,678.0
2026-08-05 22:45:00,2026-08-05 19:45:00,2026-08-06 03:45:00,0.85777,0.85786,0.85776,0.85779,428.0
2026-08-05 22:50:00,2026-08-05 19:50:00,2026-08-06 03:50:00,0.85778,0.85791,0.85778,0.85788,781.0
2026-08-05 22:55:00,2026-08-05 19:55:00,2026-08-06 03:55:00,0.85786,0.85794,0.85785,0.85792,677.0
2026-08-05 23:00:00,2026-08-05 20:00:00,2026-08-06 04:00:00,0.85791,0.85793,0.85783,0.85785,267.0
2026-08-05 23:05:00,2026-08-05 20:05:00,2026-08-06 04:05:00,0.85786,0.8579,0.85785,0.85786,276.0
2026-08-05 23:10:00,2026-08-05 20:10:00,2026-08-06 04:10:00,0.85784,0.85788,0.8578,0.85787,432.0
2026-08-05 23:15:00,2026-08-05 20:15:00,2026-08-06 04:15:00,0.85786,0.85794,0.85784,0.8579,228.0
2026-08-05 23:20:00,2026-08-05 20:20:00,2026-08-06 04:20:00,0.85792,0.85795,0.85789,0.85794,272.0
2026-08-05 23:25:00,2026-08-05 20:25:00,2026-08-06 04:25:00,0.85793,0.85793,0.85785,0.85787,446.0
2026-08-05 23:30:00,2026-08-05 20:30:00,2026-08-06 04:30:00,0.85788,0.85798,0.85787,0.85798,256.0
2026-08-05 23:35:00,2026-08-05 20:35:00,2026-08-06 04:35:00,0.85797,0.85799,0.85791,0.85794,206.0
2026-08-05 23:40:00,2026-08-05 20:40:00,2026-08-06 04:40:00,0.85793,0.85794,0.85786,0.85788,149.0
2026-08-05 23:45:00,2026-08-05 20:45:00,2026-08-06 04:45:00,0.85787,0.8579,0.85784,0.85784,128.0
2026-08-05 23:50:00,2026-08-05 20:50:00,2026-08-06 04:50:00,0.85783,0.85788,0.85782,0.85786,207.0
2026-08-05 23:55:00,2026-08-05 20:55:00,2026-08-06 04:55:00,0.85783,0.85785,0.85775,0.85781,436.0
2026-08-06 00:00:00,2026-08-05 21:00:00,2026-08-06 05:00:00,0.85714,0.85717,0.85714,0.85715,13.0
2026-08-06 00:05:00,2026-08-05 21:05:00,2026-08-06 05:05:00,0.85708,0.85788,0.85708,0.85777,236.0
2026-08-06 00:10:00,2026-08-05 21:10:00,2026-08-06 05:10:00,0.85778,0.85792,0.8577,0.85777,83.0
2026-08-06 00:15:00,2026-08-05 21:15:00,2026-08-06 05:15:00,0.85778,0.8579,0.8574,0.8575,318.0
2026-08-06 00:20:00,2026-08-05 21:20:00,2026-08-06 05:20:00,0.85752,0.85791,0.8575,0.85776,239.0
2026-08-06 00:25:00,2026-08-05 21:25:00,2026-08-06 05:25:00,0.85776,0.85781,0.85742,0.85762,220.0
2026-08-06 00:30:00,2026-08-05 21:30:00,2026-08-06 05:30:00,0.85777,0.85777,0.85757,0.85768,207.0
2026-08-06 00:35:00,2026-08-05 21:35:00,2026-08-06 05:35:00,0.85769,0.85776,0.85758,0.85769,428.0
2026-08-06 00:40:00,2026-08-05 21:40:00,2026-08-06 05:40:00,0.85768,0.85775,0.85753,0.85771,389.0
2026-08-06 00:45:00,2026-08-05 21:45:00,2026-08-06 05:45:00,0.8577,0.85778,0.85761,0.85772,316.0
2026-08-06 00:50:00,2026-08-05 21:50:00,2026-08-06 05:50:00,0.85771,0.85776,0.85756,0.85758,503.0
2026-08-06 00:55:00,2026-08-05 21:55:00,2026-08-06 05:55:00,0.85757,0.85783,0.85744,0.85765,591.0
2026-08-06 01:00:00,2026-08-05 22:00:00,2026-08-06 06:00:00,0.85764,0.85803,0.85763,0.85794,800.0
2026-08-06 01:05:00,2026-08-05 22:05:00,2026-08-06 06:05:00,0.85793,0.85799,0.85781,0.85794,593.0
2026-08-06 01:10:00,2026-08-05 22:10:00,2026-08-06 06:10:00,0.85795,0.85801,0.8579,0.85794,736.0
2026-08-06 01:15:00,2026-08-05 22:15:00,2026-08-06 06:15:00,0.85795,0.858,0.85789,0.85793,421.0
2026-08-06 01:20:00,2026-08-05 22:20:00,2026-08-06 06:20:00,0.85795,0.85797,0.85792,0.85795,351.0
2026-08-06 01:25:00,2026-08-05 22:25:00,2026-08-06 06:25:00,0.85793,0.85797,0.85792,0.85795,292.0
2026-08-06 01:30:00,2026-08-05 22:30:00,2026-08-06 06:30:00,0.85794,0.85801,0.85793,0.858,370.0
2026-08-06 01:35:00,2026-08-05 22:35:00,2026-08-06 06:35:00,0.85799,0.858,0.85796,0.85798,102.0
2026-08-06 01:40:00,2026-08-05 22:40:00,2026-08-06 06:40:00,0.85796,0.85799,0.85796,0.85798,240.0
2026-08-06 01:45:00,2026-08-05 22:45:00,2026-08-06 06:45:00,0.85799,0.858,0.85796,0.85799,301.0
2026-08-06 01:50:00,2026-08-05 22:50:00,2026-08-06 06:50:00,0.85796,0.85803,0.85796,0.85802,206.0
2026-08-06 01:55:00,2026-08-05 22:55:00,2026-08-06 06:55:00,0.85803,0.85803,0.85797,0.85802,317.0
2026-08-06 02:00:00,2026-08-05 23:00:00,2026-08-06 07:00:00,0.858,0.85802,0.85795,0.85799,390.0
2026-08-06 02:05:00,2026-08-05 23:05:00,2026-08-06 07:05:00,0.85798,0.85801,0.85797,0.85797,108.0
2026-08-06 02:10:00,2026-08-05 23:10:00,2026-08-06 07:10:00,0.85799,0.858,0.85795,0.85798,362.0
2026-08-06 02:15:00,2026-08-05 23:15:00,2026-08-06 07:15:00,0.85796,0.85799,0.85793,0.85797,252.0
2026-08-06 02:20:00,2026-08-05 23:20:00,2026-08-06 07:20:00,0.85796,0.85799,0.85795,0.85798,117.0
2026-08-06 02:25:00,2026-08-05 23:25:00,2026-08-06 07:25:00,0.85799,0.858,0.85796,0.85799,260.0
2026-08-06 02:30:00,2026-08-05 23:30:00,2026-08-06 07:30:00,0.858,0.85801,0.85797,0.85799,150.0
2026-08-06 02:35:00,2026-08-05 23:35:00,2026-08-06 07:35:00,0.85798,0.858,0.85795,0.85798,370.0
2026-08-06 02:40:00,2026-08-05 23:40:00,2026-08-06 07:40:00,0.85797,0.85799,0.85796,0.85798,247.0
2026-08-06 02:45:00,2026-08-05 23:45:00,2026-08-06 07:45:00,0.85796,0.858,0.85796,0.85799,154.0
2026-08-06 02:50:00,2026-08-05 23:50:00,2026-08-06 07:50:00,0.858,0.858,0.85795,0.85798,312.0
2026-08-06 02:55:00,2026-08-05 23:55:00,2026-08-06 07:55:00,0.85799,0.85804,0.85796,0.85803,238.0
2026-08-06 03:00:00,2026-08-06 00:00:00,2026-08-06 08:00:00,0.85805,0.85808,0.85801,0.85803,326.0
2026-08-06 03:05:00,2026-08-06 00:05:00,2026-08-06 08:05:00,0.85802,0.85806,0.858,0.85803,327.0
2026-08-06 03:10:00,2026-08-06 00:10:00,2026-08-06 08:10:00,0.85804,0.85808,0.85802,0.85808,242.0
2026-08-06 03:15:00,2026-08-06 00:15:00,2026-08-06 08:15:00,0.85807,0.85808,0.85803,0.85808,429.0
2026-08-06 03:20:00,2026-08-06 00:20:00,2026-08-06 08:20:00,0.85807,0.85812,0.85805,0.85807,427.0
2026-08-06 03:25:00,2026-08-06 00:25:00,2026-08-06 08:25:00,0.85806,0.85815,0.85805,0.85814,416.0
2026-08-06 03:30:00,2026-08-06 00:30:00,2026-08-06 08:30:00,0.85812,0.85815,0.85809,0.85811,502.0
2026-08-06 03:35:00,2026-08-06 00:35:00,2026-08-06 08:35:00,0.85812,0.85812,0.85805,0.85806,232.0
2026-08-06 03:40:00,2026-08-06 00:40:00,2026-08-06 08:40:00,0.85805,0.85807,0.85802,0.85806,258.0
2026-08-06 03:45:00,2026-08-06 00:45:00,2026-08-06 08:45:00,0.85807,0.85809,0.85803,0.85807,294.0
2026-08-06 03:50:00,2026-08-06 00:50:00,2026-08-06 08:50:00,0.85808,0.85815,0.85807,0.8581,561.0
2026-08-06 03:55:00,2026-08-06 00:55:00,2026-08-06 08:55:00,0.85811,0.8582,0.85809,0.85814,404.0
2026-08-06 04:00:00,2026-08-06 01:00:00,2026-08-06 09:00:00,0.85815,0.85818,0.85805,0.85815,642.0
2026-08-06 04:05:00,2026-08-06 01:05:00,2026-08-06 09:05:00,0.85814,0.85819,0.85809,0.85811,380.0
2026-08-06 04:10:00,2026-08-06 01:10:00,2026-08-06 09:10:00,0.8581,0.85812,0.85804,0.85806,570.0
2026-08-06 04:15:00,2026-08-06 01:15:00,2026-08-06 09:15:00,0.85803,0.85806,0.85793,0.85797,645.0
2026-08-06 04:20:00,2026-08-06 01:20:00,2026-08-06 09:20:00,0.85798,0.85801,0.85795,0.85795,909.0
2026-08-06 04:25:00,2026-08-06 01:25:00,2026-08-06 09:25:00,0.85796,0.85799,0.85793,0.85797,656.0
2026-08-06 04:30:00,2026-08-06 01:30:00,2026-08-06 09:30:00,0.85795,0.85799,0.85792,0.85796,742.0
2026-08-06 04:35:00,2026-08-06 01:35:00,2026-08-06 09:35:00,0.85795,0.85798,0.85791,0.85795,730.0
2026-08-06 04:40:00,2026-08-06 01:40:00,2026-08-06 09:40:00,0.85794,0.85796,0.85791,0.85796,688.0
2026-08-06 04:45:00,2026-08-06 01:45:00,2026-08-06 09:45:00,0.85795,0.85797,0.85789,0.8579,622.0
2026-08-06 04:50:00,2026-08-06 01:50:00,2026-08-06 09:50:00,0.85791,0.85792,0.85788,0.85789,385.0
2026-08-06 04:55:00,2026-08-06 01:55:00,2026-08-06 09:55:00,0.8579,0.85794,0.85788,0.85792,242.0
2026-08-06 05:00:00,2026-08-06 02:00:00,2026-08-06 10:00:00,0.85793,0.85793,0.85785,0.85786,448.0
2026-08-06 05:05:00,2026-08-06 02:05:00,2026-08-06 10:05:00,0.85788,0.85789,0.85784,0.85788,401.0
2026-08-06 05:10:00,2026-08-06 02:10:00,2026-08-06 10:10:00,0.85786,0.85796,0.85785,0.85794,388.0
2026-08-06 05:15:00,2026-08-06 02:15:00,2026-08-06 10:15:00,0.85795,0.85797,0.85793,0.85794,230.0
2026-08-06 05:20:00,2026-08-06 02:20:00,2026-08-06 10:20:00,0.85793,0.85797,0.85792,0.85793,341.0
2026-08-06 05:25:00,2026-08-06 02:25:00,2026-08-06 10:25:00,0.85794,0.85795,0.85788,0.85795,387.0
2026-08-06 05:30:00,2026-08-06 02:30:00,2026-08-06 10:30:00,0.85794,0.85798,0.85792,0.85796,398.0
2026-08-06 05:35:00,2026-08-06 02:35:00,2026-08-06 10:35:00,0.85797,0.858,0.85796,0.85799,212.0
2026-08-06 05:40:00,2026-08-06 02:40:00,2026-08-06 10:40:00,0.858,0.858,0.85796,0.85797,384.0
2026-08-06 05:45:00,2026-08-06 02:45:00,2026-08-06 10:45:00,0.85798,0.858,0.85796,0.85799,267.0
2026-08-06 05:50:00,2026-08-06 02:50:00,2026-08-06 10:50:00,0.85797,0.858,0.85795,0.85796,337.0
2026-08-06 05:55:00,2026-08-06 02:55:00,2026-08-06 10:55:00,0.85795,0.85798,0.85785,0.85792,267.0
2026-08-06 06:00:00,2026-08-06 03:00:00,2026-08-06 11:00:00,0.85793,0.85794,0.85788,0.85793,240.0
2026-08-06 06:05:00,2026-08-06 03:05:00,2026-08-06 11:05:00,0.85792,0.85797,0.85791,0.85796,370.0
2026-08-06 06:10:00,2026-08-06 03:10:00,2026-08-06 11:10:00,0.85795,0.85798,0.85793,0.85796,362.0
2026-08-06 06:15:00,2026-08-06 03:15:00,2026-08-06 11:15:00,0.85797,0.858,0.85796,0.85799,271.0
2026-08-06 06:20:00,2026-08-06 03:20:00,2026-08-06 11:20:00,0.85798,0.85803,0.85796,0.85801,238.0
2026-08-06 06:25:00,2026-08-06 03:25:00,2026-08-06 11:25:00,0.85802,0.85805,0.85799,0.85801,224.0
2026-08-06 06:30:00,2026-08-06 03:30:00,2026-08-06 11:30:00,0.85802,0.85802,0.85795,0.85797,455.0
2026-08-06 06:35:00,2026-08-06 03:35:00,2026-08-06 11:35:00,0.85795,0.858,0.85794,0.85798,493.0
2026-08-06 06:40:00,2026-08-06 03:40:00,2026-08-06 11:40:00,0.85799,0.858,0.85794,0.85799,430.0
2026-08-06 06:45:00,2026-08-06 03:45:00,2026-08-06 11:45:00,0.85798,0.85802,0.85794,0.85801,186.0
2026-08-06 06:50:00,2026-08-06 03:50:00,2026-08-06 11:50:00,0.858,0.85803,0.85798,0.85801,498.0
2026-08-06 06:55:00,2026-08-06 03:55:00,2026-08-06 11:55:00,0.85799,0.85801,0.85795,0.85801,356.0
2026-08-06 07:00:00,2026-08-06 04:00:00,2026-08-06 12:00:00,0.858,0.85801,0.85795,0.85798,174.0
2026-08-06 07:05:00,2026-08-06 04:05:00,2026-08-06 12:05:00,0.85796,0.85799,0.85794,0.85796,244.0
2026-08-06 07:10:00,2026-08-06 04:10:00,2026-08-06 12:10:00,0.85794,0.85798,0.85794,0.85796,476.0
2026-08-06 07:15:00,2026-08-06 04:15:00,2026-08-06 12:15:00,0.85794,0.85797,0.85793,0.85796,292.0
2026-08-06 07:20:00,2026-08-06 04:20:00,2026-08-06 12:20:00,0.85794,0.85797,0.85793,0.85795,320.0
2026-08-06 07:25:00,2026-08-06 04:25:00,2026-08-06 12:25:00,0.85796,0.85799,0.85793,0.85798,272.0
2026-08-06 07:30:00,2026-08-06 04:30:00,2026-08-06 12:30:00,0.85797,0.85802,0.85796,0.858,262.0
2026-08-06 07:35:00,2026-08-06 04:35:00,2026-08-06 12:35:00,0.85801,0.85803,0.858,0.85801,64.0
2026-08-06 07:40:00,2026-08-06 04:40:00,2026-08-06 12:40:00,0.858,0.85802,0.85796,0.85798,144.0
2026-08-06 07:45:00,2026-08-06 04:45:00,2026-08-06 12:45:00,0.85796,0.85801,0.85795,0.85798,126.0
2026-08-06 07:50:00,2026-08-06 04:50:00,2026-08-06 12:50:00,0.85799,0.85801,0.85796,0.85799,189.0
2026-08-06 07:55:00,2026-08-06 04:55:00,2026-08-06 12:55:00,0.85798,0.85803,0.85797,0.85801,241.0
2026-08-06 08:00:00,2026-08-06 05:00:00,2026-08-06 13:00:00,0.85802,0.85802,0.85796,0.85802,306.0
2026-08-06 08:05:00,2026-08-06 05:05:00,2026-08-06 13:05:00,0.85801,0.85801,0.85796,0.85799,130.0
2026-08-06 08:10:00,2026-08-06 05:10:00,2026-08-06 13:10:00,0.85798,0.85799,0.85796,0.85798,147.0
2026-08-06 08:15:00,2026-08-06 05:15:00,2026-08-06 13:15:00,0.85797,0.858,0.85796,0.85797,175.0
2026-08-06 08:20:00,2026-08-06 05:20:00,2026-08-06 13:20:00,0.858,0.85804,0.85796,0.85803,336.0
2026-08-06 08:25:00,2026-08-06 05:25:00,2026-08-06 13:25:00,0.85804,0.85805,0.85802,0.85803,184.0
2026-08-06 08:30:00,2026-08-06 05:30:00,2026-08-06 13:30:00,0.85802,0.85808,0.85801,0.85803,167.0
2026-08-06 08:35:00,2026-08-06 05:35:00,2026-08-06 13:35:00,0.85804,0.85804,0.85798,0.85798,192.0
2026-08-06 08:40:00,2026-08-06 05:40:00,2026-08-06 13:40:00,0.85799,0.858,0.85791,0.85792,100.0
2026-08-06 08:45:00,2026-08-06 05:45:00,2026-08-06 13:45:00,0.85793,0.85795,0.85789,0.85791,256.0
2026-08-06 08:50:00,2026-08-06 05:50:00,2026-08-06 13:50:00,0.85792,0.85795,0.85789,0.85791,323.0
2026-08-06 08:55:00,2026-08-06 05:55:00,2026-08-06 13:55:00,0.85792,0.85792,0.85785,0.85785,286.0
2026-08-06 09:00:00,2026-08-06 06:00:00,2026-08-06 14:00:00,0.85786,0.85792,0.85781,0.85783,836.0
2026-08-06 09:05:00,2026-08-06 06:05:00,2026-08-06 14:05:00,0.85784,0.85786,0.85774,0.85774,723.0
2026-08-06 09:10:00,2026-08-06 06:10:00,2026-08-06 14:10:00,0.85777,0.85779,0.85772,0.85776,812.0
2026-08-06 09:15:00,2026-08-06 06:15:00,2026-08-06 14:15:00,0.85777,0.85785,0.85776,0.85778,601.0
2026-08-06 09:20:00,2026-08-06 06:20:00,2026-08-06 14:20:00,0.85779,0.85783,0.85777,0.85781,606.0
2026-08-06 09:25:00,2026-08-06 06:25:00,2026-08-06 14:25:00,0.85782,0.85784,0.85772,0.85778,620.0
2026-08-06 09:30:00,2026-08-06 06:30:00,2026-08-06 14:30:00,0.85776,0.85784,0.85775,0.85779,527.0
2026-08-06 09:35:00,2026-08-06 06:35:00,2026-08-06 14:35:00,0.85778,0.85789,0.85774,0.85788,579.0
2026-08-06 09:40:00,2026-08-06 06:40:00,2026-08-06 14:40:00,0.85787,0.85798,0.85785,0.85788,584.0
2026-08-06 09:45:00,2026-08-06 06:45:00,2026-08-06 14:45:00,0.85789,0.85797,0.85784,0.85796,590.0
2026-08-06 09:50:00,2026-08-06 06:50:00,2026-08-06 14:50:00,0.85797,0.85797,0.85778,0.85784,444.0
2026-08-06 09:55:00,2026-08-06 06:55:00,2026-08-06 14:55:00,0.85783,0.85785,0.8577,0.85773,575.0
2026-08-06 10:00:00,2026-08-06 07:00:00,2026-08-06 15:00:00,0.85772,0.85783,0.8577,0.85782,1015.0
2026-08-06 10:05:00,2026-08-06 07:05:00,2026-08-06 15:05:00,0.8578,0.85784,0.85776,0.8578,684.0
2026-08-06 10:10:00,2026-08-06 07:10:00,2026-08-06 15:10:00,0.85779,0.85781,0.85767,0.85769,780.0
2026-08-06 10:15:00,2026-08-06 07:15:00,2026-08-06 15:15:00,0.85768,0.85773,0.85762,0.85767,541.0
2026-08-06 10:20:00,2026-08-06 07:20:00,2026-08-06 15:20:00,0.85768,0.85773,0.85757,0.85757,634.0
2026-08-06 10:25:00,2026-08-06 07:25:00,2026-08-06 15:25:00,0.85758,0.85768,0.85752,0.85765,585.0
2026-08-06 10:30:00,2026-08-06 07:30:00,2026-08-06 15:30:00,0.85766,0.85774,0.85765,0.85774,561.0
2026-08-06 10:35:00,2026-08-06 07:35:00,2026-08-06 15:35:00,0.85775,0.85784,0.85772,0.8578,579.0
2026-08-06 10:40:00,2026-08-06 07:40:00,2026-08-06 15:40:00,0.85781,0.8579,0.85776,0.85784,920.0
2026-08-06 10:45:00,2026-08-06 07:45:00,2026-08-06 15:45:00,0.85783,0.85787,0.85768,0.85771,1027.0
2026-08-06 10:50:00,2026-08-06 07:50:00,2026-08-06 15:50:00,0.85772,0.85776,0.85764,0.85776,873.0
2026-08-06 10:55:00,2026-08-06 07:55:00,2026-08-06 15:55:00,0.85774,0.85778,0.85761,0.85769,911.0
2026-08-06 11:00:00,2026-08-06 08:00:00,2026-08-06 16:00:00,0.85767,0.85773,0.85746,0.85757,1106.0
2026-08-06 11:05:00,2026-08-06 08:05:00,2026-08-06 16:05:00,0.85758,0.8576,0.85741,0.8575,831.0
2026-08-06 11:10:00,2026-08-06 08:10:00,2026-08-06 16:10:00,0.85751,0.85752,0.8574,0.85744,938.0
2026-08-06 11:15:00,2026-08-06 08:15:00,2026-08-06 16:15:00,0.85745,0.85749,0.85734,0.8574,882.0
2026-08-06 11:20:00,2026-08-06 08:20:00,2026-08-06 16:20:00,0.85739,0.85749,0.8573,0.85732,820.0
2026-08-06 11:25:00,2026-08-06 08:25:00,2026-08-06 16:25:00,0.8573,0.85736,0.85723,0.85729,542.0
2026-08-06 11:30:00,2026-08-06 08:30:00,2026-08-06 16:30:00,0.85731,0.85743,0.85721,0.85736,521.0
2026-08-06 11:35:00,2026-08-06 08:35:00,2026-08-06 16:35:00,0.85734,0.85734,0.85722,0.85731,497.0
2026-08-06 11:40:00,2026-08-06 08:40:00,2026-08-06 16:40:00,0.8573,0.85737,0.85727,0.85732,497.0
2026-08-06 11:45:00,2026-08-06 08:45:00,2026-08-06 16:45:00,0.85731,0.85741,0.85725,0.85726,627.0
2026-08-06 11:50:00,2026-08-06 08:50:00,2026-08-06 16:50:00,0.85728,0.85738,0.85726,0.85733,528.0
2026-08-06 11:55:00,2026-08-06 08:55:00,2026-08-06 16:55:00,0.85732,0.85743,0.85729,0.8573,551.0
2026-08-06 12:00:00,2026-08-06 09:00:00,2026-08-06 17:00:00,0.85731,0.85732,0.85719,0.85723,661.0
2026-08-06 12:05:00,2026-08-06 09:05:00,2026-08-06 17:05:00,0.85722,0.85739,0.85722,0.85735,410.0
2026-08-06 12:10:00,2026-08-06 09:10:00,2026-08-06 17:10:00,0.85734,0.85738,0.85726,0.85733,511.0
2026-08-06 12:15:00,2026-08-06 09:15:00,2026-08-06 17:15:00,0.85732,0.85734,0.85718,0.85727,725.0
2026-08-06 12:20:00,2026-08-06 09:20:00,2026-08-06 17:20:00,0.85728,0.85728,0.85718,0.85723,672.0
2026-08-06 12:25:00,2026-08-06 09:25:00,2026-08-06 17:25:00,0.85725,0.85736,0.85723,0.85735,469.0
2026-08-06 12:30:00,2026-08-06 09:30:00,2026-08-06 17:30:00,0.85734,0.85742,0.8573,0.85732,361.0
2026-08-06 12:35:00,2026-08-06 09:35:00,2026-08-06 17:35:00,0.85731,0.85752,0.8573,0.85751,565.0
2026-08-06 12:40:00,2026-08-06 09:40:00,2026-08-06 17:40:00,0.85752,0.85765,0.85751,0.85764,479.0
2026-08-06 12:45:00,2026-08-06 09:45:00,2026-08-06 17:45:00,0.85765,0.85765,0.85742,0.85755,441.0
2026-08-06 12:50:00,2026-08-06 09:50:00,2026-08-06 17:50:00,0.85754,0.85759,0.85751,0.85758,334.0
2026-08-06 12:55:00,2026-08-06 09:55:00,2026-08-06 17:55:00,0.85759,0.85763,0.85745,0.85747,553.0
2026-08-06 13:00:00,2026-08-06 10:00:00,2026-08-06 18:00:00,0.85748,0.85753,0.85745,0.85747,638.0
2026-08-06 13:05:00,2026-08-06 10:05:00,2026-08-06 18:05:00,0.85748,0.8576,0.85746,0.8576,461.0
2026-08-06 13:10:00,2026-08-06 10:10:00,2026-08-06 18:10:00,0.85759,0.85765,0.85743,0.85744,508.0
2026-08-06 13:15:00,2026-08-06 10:15:00,2026-08-06 18:15:00,0.85745,0.85751,0.85733,0.8575,506.0
2026-08-06 13:20:00,2026-08-06 10:20:00,2026-08-06 18:20:00,0.85749,0.8575,0.8574,0.85741,438.0
2026-08-06 13:25:00,2026-08-06 10:25:00,2026-08-06 18:25:00,0.8574,0.85748,0.8574,0.85745,494.0
2026-08-06 13:30:00,2026-08-06 10:30:00,2026-08-06 18:30:00,0.85744,0.85756,0.85743,0.85748,507.0
2026-08-06 13:35:00,2026-08-06 10:35:00,2026-08-06 18:35:00,0.85747,0.85755,0.85746,0.85751,350.0
2026-08-06 13:40:00,2026-08-06 10:40:00,2026-08-06 18:40:00,0.85752,0.85752,0.85742,0.85746,316.0
2026-08-06 13:45:00,2026-08-06 10:45:00,2026-08-06 18:45:00,0.85745,0.85747,0.85737,0.85738,433.0
2026-08-06 13:50:00,2026-08-06 10:50:00,2026-08-06 18:50:00,0.85739,0.85741,0.8573,0.85733,402.0
2026-08-06 13:55:00,2026-08-06 10:55:00,2026-08-06 18:55:00,0.85734,0.85737,0.85725,0.85736,639.0
2026-08-06 14:00:00,2026-08-06 11:00:00,2026-08-06 19:00:00,0.85735,0.85738,0.85728,0.85731,683.0
2026-08-06 14:05:00,2026-08-06 11:05:00,2026-08-06 19:05:00,0.8573,0.85746,0.85729,0.85735,752.0
2026-08-06 14:10:00,2026-08-06 11:10:00,2026-08-06 19:10:00,0.85736,0.85744,0.85735,0.85736,610.0
2026-08-06 14:15:00,2026-08-06 11:15:00,2026-08-06 19:15:00,0.85738,0.8574,0.85732,0.85738,736.0
2026-08-06 14:20:00,2026-08-06 11:20:00,2026-08-06 19:20:00,0.85741,0.85746,0.85737,0.85743,710.0
2026-08-06 14:25:00,2026-08-06 11:25:00,2026-08-06 19:25:00,0.85745,0.85753,0.8574,0.85746,626.0
2026-08-06 14:30:00,2026-08-06 11:30:00,2026-08-06 19:30:00,0.85748,0.85752,0.85743,0.8575,754.0
2026-08-06 14:35:00,2026-08-06 11:35:00,2026-08-06 19:35:00,0.85751,0.85752,0.85735,0.85738,644.0
2026-08-06 14:40:00,2026-08-06 11:40:00,2026-08-06 19:40:00,0.85737,0.8574,0.85729,0.8573,611.0
2026-08-06 14:45:00,2026-08-06 11:45:00,2026-08-06 19:45:00,0.85732,0.85735,0.85724,0.8573,654.0
2026-08-06 14:50:00,2026-08-06 11:50:00,2026-08-06 19:50:00,0.85729,0.85733,0.85719,0.85724,711.0
2026-08-06 14:55:00,2026-08-06 11:55:00,2026-08-06 19:55:00,0.85723,0.85727,0.85716,0.85719,699.0
2026-08-06 15:00:00,2026-08-06 12:00:00,2026-08-06 20:00:00,0.8572,0.85724,0.85709,0.85723,581.0
2026-08-06 15:05:00,2026-08-06 12:05:00,2026-08-06 20:05:00,0.85722,0.85723,0.857,0.85705,479.0
2026-08-06 15:10:00,2026-08-06 12:10:00,2026-08-06 20:10:00,0.85704,0.85719,0.85693,0.85712,627.0
2026-08-06 15:15:00,2026-08-06 12:15:00,2026-08-06 20:15:00,0.85713,0.85715,0.85697,0.85701,470.0
2026-08-06 15:20:00,2026-08-06 12:20:00,2026-08-06 20:20:00,0.85702,0.85707,0.8569,0.85697,668.0
2026-08-06 15:25:00,2026-08-06 12:25:00,2026-08-06 20:25:00,0.85698,0.85701,0.85688,0.85695,678.0
2026-08-06 15:30:00,2026-08-06 12:30:00,2026-08-06 20:30:00,0.85691,0.85715,0.85689,0.85712,456.0
2026-08-06 15:35:00,2026-08-06 12:35:00,2026-08-06 20:35:00,0.85713,0.85713,0.85682,0.85682,640.0
2026-08-06 15:40:00,2026-08-06 12:40:00,2026-08-06 20:40:00,0.85684,0.85687,0.85671,0.8568,707.0
2026-08-06 15:45:00,2026-08-06 12:45:00,2026-08-06 20:45:00,0.85681,0.85691,0.85679,0.85679,699.0
2026-08-06 15:50:00,2026-08-06 12:50:00,2026-08-06 20:50:00,0.85678,0.85687,0.85672,0.85676,595.0
2026-08-06 15:55:00,2026-08-06 12:55:00,2026-08-06 20:55:00,0.85677,0.8569,0.85663,0.85666,830.0
2026-08-06 16:00:00,2026-08-06 13:00:00,2026-08-06 21:00:00,0.85667,0.85677,0.85662,0.85674,816.0
2026-08-06 16:05:00,2026-08-06 13:05:00,2026-08-06 21:05:00,0.85672,0.8568,0.85664,0.8567,689.0
2026-08-06 16:10:00,2026-08-06 13:10:00,2026-08-06 21:10:00,0.85671,0.85687,0.85664,0.85684,444.0
2026-08-06 16:15:00,2026-08-06 13:15:00,2026-08-06 21:15:00,0.85685,0.85688,0.85668,0.85669,443.0
2026-08-06 16:20:00,2026-08-06 13:20:00,2026-08-06 21:20:00,0.85667,0.85684,0.85667,0.85677,592.0
2026-08-06 16:25:00,2026-08-06 13:25:00,2026-08-06 21:25:00,0.85676,0.85681,0.85667,0.85669,672.0
2026-08-06 16:30:00,2026-08-06 13:30:00,2026-08-06 21:30:00,0.8567,0.85673,0.85648,0.85652,621.0
2026-08-06 16:35:00,2026-08-06 13:35:00,2026-08-06 21:35:00,0.85651,0.85677,0.85651,0.85671,552.0
2026-08-06 16:40:00,2026-08-06 13:40:00,2026-08-06 21:40:00,0.8567,0.8567,0.85654,0.85661,552.0
2026-08-06 16:45:00,2026-08-06 13:45:00,2026-08-06 21:45:00,0.85663,0.85664,0.85653,0.85656,645.0
2026-08-06 16:50:00,2026-08-06 13:50:00,2026-08-06 21:50:00,0.85655,0.85667,0.85648,0.85652,561.0
2026-08-06 16:55:00,2026-08-06 13:55:00,2026-08-06 21:55:00,0.85651,0.85653,0.85638,0.85646,822.0
2026-08-06 17:00:00,2026-08-06 14:00:00,2026-08-06 22:00:00,0.85645,0.85651,0.85631,0.85631,543.0
2026-08-06 17:05:00,2026-08-06 14:05:00,2026-08-06 22:05:00,0.8563,0.85636,0.85621,0.85633,726.0
2026-08-06 17:10:00,2026-08-06 14:10:00,2026-08-06 22:10:00,0.85632,0.85651,0.8563,0.85649,850.0
2026-08-06 17:15:00,2026-08-06 14:15:00,2026-08-06 22:15:00,0.8565,0.85675,0.85648,0.85654,969.0
2026-08-06 17:20:00,2026-08-06 14:20:00,2026-08-06 22:20:00,0.85653,0.85657,0.85643,0.85646,681.0
2026-08-06 17:25:00,2026-08-06 14:25:00,2026-08-06 22:25:00,0.85645,0.85648,0.85634,0.85638,666.0
2026-08-06 17:30:00,2026-08-06 14:30:00,2026-08-06 22:30:00,0.85639,0.85645,0.8563,0.85642,630.0
2026-08-06 17:35:00,2026-08-06 14:35:00,2026-08-06 22:35:00,0.85641,0.85663,0.85641,0.85652,722.0
2026-08-06 17:40:00,2026-08-06 14:40:00,2026-08-06 22:40:00,0.85651,0.85657,0.85632,0.85636,713.0
2026-08-06 17:45:00,2026-08-06 14:45:00,2026-08-06 22:45:00,0.85637,0.85654,0.85635,0.85641,762.0
2026-08-06 17:50:00,2026-08-06 14:50:00,2026-08-06 22:50:00,0.85639,0.85653,0.8563,0.85633,675.0
2026-08-06 17:55:00,2026-08-06 14:55:00,2026-08-06 22:55:00,0.85632,0.85665,0.85632,0.85662,684.0
2026-08-06 18:00:00,2026-08-06 15:00:00,2026-08-06 23:00:00,0.85663,0.85668,0.85657,0.85665,673.0
2026-08-06 18:05:00,2026-08-06 15:05:00,2026-08-06 23:05:00,0.85664,0.8568,0.85664,0.85677,744.0
2026-08-06 18:10:00,2026-08-06 15:10:00,2026-08-06 23:10:00,0.85678,0.85679,0.85659,0.8566,840.0
2026-08-06 18:15:00,2026-08-06 15:15:00,2026-08-06 23:15:00,0.85662,0.85662,0.8564,0.85644,1016.0
2026-08-06 18:20:00,2026-08-06 15:20:00,2026-08-06 23:20:00,0.85642,0.85654,0.85636,0.85654,1134.0
2026-08-06 18:25:00,2026-08-06 15:25:00,2026-08-06 23:25:00,0.85652,0.85661,0.85647,0.85658,859.0
2026-08-06 18:30:00,2026-08-06 15:30:00,2026-08-06 23:30:00,0.85659,0.85661,0.85644,0.85648,1035.0
2026-08-06 18:35:00,2026-08-06 15:35:00,2026-08-06 23:35:00,0.85645,0.85653,0.85642,0.85649,926.0
2026-08-06 18:40:00,2026-08-06 15:40:00,2026-08-06 23:40:00,0.85648,0.85653,0.85643,0.85649,700.0
2026-08-06 18:45:00,2026-08-06 15:45:00,2026-08-06 23:45:00,0.8565,0.85655,0.85637,0.85638,792.0
2026-08-06 18:50:00,2026-08-06 15:50:00,2026-08-06 23:50:00,0.85639,0.85644,0.85634,0.8564,880.0
2026-08-06 18:55:00,2026-08-06 15:55:00,2026-08-06 23:55:00,0.85641,0.85641,0.85624,0.85633,786.0
2026-08-06 19:00:00,2026-08-06 16:00:00,2026-08-07 00:00:00,0.85631,0.85637,0.85625,0.85628,749.0
2026-08-06 19:05:00,2026-08-06 16:05:00,2026-08-07 00:05:00,0.85629,0.8563,0.85609,0.85618,850.0
2026-08-06 19:10:00,2026-08-06 16:10:00,2026-08-07 00:10:00,0.85617,0.85627,0.85614,0.85625,714.0
2026-08-06 19:15:00,2026-08-06 16:15:00,2026-08-07 00:15:00,0.85624,0.85631,0.85605,0.85608,970.0
2026-08-06 19:20:00,2026-08-06 16:20:00,2026-08-07 00:20:00,0.85607,0.85614,0.85606,0.85609,617.0
2026-08-06 19:25:00,2026-08-06 16:25:00,2026-08-07 00:25:00,0.85608,0.85614,0.85608,0.8561,658.0
2026-08-06 19:30:00,2026-08-06 16:30:00,2026-08-07 00:30:00,0.85611,0.85624,0.85609,0.8562,716.0
2026-08-06 19:35:00,2026-08-06 16:35:00,2026-08-07 00:35:00,0.85618,0.85627,0.85617,0.85625,582.0
2026-08-06 19:40:00,2026-08-06 16:40:00,2026-08-07 00:40:00,0.85628,0.85628,0.8562,0.85623,632.0
2026-08-06 19:45:00,2026-08-06 16:45:00,2026-08-07 00:45:00,0.85624,0.85629,0.85622,0.85626,495.0
2026-08-06 19:50:00,2026-08-06 16:50:00,2026-08-07 00:50:00,0.85625,0.85631,0.85622,0.85624,418.0
2026-08-06 19:55:00,2026-08-06 16:55:00,2026-08-07 00:55:00,0.85622,0.85625,0.85615,0.85618,647.0
2026-08-06 20:00:00,2026-08-06 17:00:00,2026-08-07 01:00:00,0.85617,0.85624,0.85615,0.85619,617.0
2026-08-06 20:05:00,2026-08-06 17:05:00,2026-08-07 01:05:00,0.85618,0.85618,0.85606,0.8561,503.0
2026-08-06 20:10:00,2026-08-06 17:10:00,2026-08-07 01:10:00,0.85609,0.85612,0.85605,0.85609,624.0
2026-08-06 20:15:00,2026-08-06 17:15:00,2026-08-07 01:15:00,0.85608,0.85624,0.85606,0.85623,518.0
2026-08-06 20:20:00,2026-08-06 17:20:00,2026-08-07 01:20:00,0.85622,0.85625,0.85617,0.85622,572.0
2026-08-06 20:25:00,2026-08-06 17:25:00,2026-08-07 01:25:00,0.85623,0.85623,0.85613,0.85615,704.0
2026-08-06 20:30:00,2026-08-06 17:30:00,2026-08-07 01:30:00,0.85613,0.8562,0.8561,0.85618,960.0
2026-08-06 20:35:00,2026-08-06 17:35:00,2026-08-07 01:35:00,0.85616,0.85624,0.85615,0.85623,846.0
2026-08-06 20:40:00,2026-08-06 17:40:00,2026-08-07 01:40:00,0.85622,0.85625,0.85619,0.85624,562.0
2026-08-06 20:45:00,2026-08-06 17:45:00,2026-08-07 01:45:00,0.85622,0.85631,0.85621,0.85627,663.0
2026-08-06 20:50:00,2026-08-06 17:50:00,2026-08-07 01:50:00,0.85629,0.8563,0.85623,0.85629,495.0
2026-08-06 20:55:00,2026-08-06 17:55:00,2026-08-07 01:55:00,0.8563,0.85634,0.85627,0.85632,550.0
2026-08-06 21:00:00,2026-08-06 18:00:00,2026-08-07 02:00:00,0.85633,0.85635,0.85628,0.85631,434.0
2026-08-06 21:05:00,2026-08-06 18:05:00,2026-08-07 02:05:00,0.85632,0.85633,0.85627,0.85629,494.0
2026-08-06 21:10:00,2026-08-06 18:10:00,2026-08-07 02:10:00,0.8563,0.85632,0.85627,0.85629,438.0
2026-08-06 21:15:00,2026-08-06 18:15:00,2026-08-07 02:15:00,0.8563,0.85632,0.85622,0.85624,432.0
2026-08-06 21:20:00,2026-08-06 18:20:00,2026-08-07 02:20:00,0.85625,0.8563,0.85622,0.85629,722.0
2026-08-06 21:25:00,2026-08-06 18:25:00,2026-08-07 02:25:00,0.8563,0.8564,0.85629,0.85634,227.0
2026-08-06 21:30:00,2026-08-06 18:30:00,2026-08-07 02:30:00,0.85633,0.85638,0.8563,0.85633,314.0
2026-08-06 21:35:00,2026-08-06 18:35:00,2026-08-07 02:35:00,0.85635,0.85638,0.85631,0.85638,308.0
2026-08-06 21:40:00,2026-08-06 18:40:00,2026-08-07 02:40:00,0.85637,0.85645,0.85635,0.85644,517.0
2026-08-06 21:45:00,2026-08-06 18:45:00,2026-08-07 02:45:00,0.85645,0.85654,0.85645,0.85649,359.0
2026-08-06 21:50:00,2026-08-06 18:50:00,2026-08-07 02:50:00,0.85648,0.85652,0.85641,0.85644,340.0
2026-08-06 21:55:00,2026-08-06 18:55:00,2026-08-07 02:55:00,0.85642,0.85644,0.85631,0.85636,412.0
2026-08-06 22:00:00,2026-08-06 19:00:00,2026-08-07 03:00:00,0.85635,0.85635,0.85629,0.85634,709.0
2026-08-06 22:05:00,2026-08-06 19:05:00,2026-08-07 03:05:00,0.85633,0.85639,0.85633,0.85635,538.0
2026-08-06 22:10:00,2026-08-06 19:10:00,2026-08-07 03:10:00,0.85634,0.85635,0.8563,0.85632,327.0
2026-08-06 22:15:00,2026-08-06 19:15:00,2026-08-07 03:15:00,0.8563,0.85632,0.85628,0.85629,452.0
2026-08-06 22:20:00,2026-08-06 19:20:00,2026-08-07 03:20:00,0.85628,0.85637,0.85628,0.85634,456.0
2026-08-06 22:25:00,2026-08-06 19:25:00,2026-08-07 03:25:00,0.85636,0.85636,0.85629,0.85632,363.0
2026-08-06 22:30:00,2026-08-06 19:30:00,2026-08-07 03:30:00,0.85631,0.85641,0.85631,0.85639,222.0
2026-08-06 22:35:00,2026-08-06 19:35:00,2026-08-07 03:35:00,0.8564,0.85646,0.85637,0.85645,296.0
2026-08-06 22:40:00,2026-08-06 19:40:00,2026-08-07 03:40:00,0.85646,0.85648,0.85641,0.85647,352.0
2026-08-06 22:45:00,2026-08-06 19:45:00,2026-08-07 03:45:00,0.85648,0.8565,0.85643,0.85647,318.0
2026-08-06 22:50:00,2026-08-06 19:50:00,2026-08-07 03:50:00,0.85646,0.85654,0.85643,0.85654,465.0
2026-08-06 22:55:00,2026-08-06 19:55:00,2026-08-07 03:55:00,0.85653,0.85654,0.85642,0.85643,327.0
2026-08-06 23:00:00,2026-08-06 20:00:00,2026-08-07 04:00:00,0.85642,0.85646,0.85641,0.85644,207.0
2026-08-06 23:05:00,2026-08-06 20:05:00,2026-08-07 04:05:00,0.85643,0.85651,0.85642,0.85647,303.0
2026-08-06 23:10:00,2026-08-06 20:10:00,2026-08-07 04:10:00,0.85645,0.85648,0.85641,0.85644,322.0
2026-08-06 23:15:00,2026-08-06 20:15:00,2026-08-07 04:15:00,0.85643,0.85648,0.85642,0.85648,140.0
2026-08-06 23:20:00,2026-08-06 20:20:00,2026-08-07 04:20:00,0.85649,0.85659,0.85646,0.85657,347.0
2026-08-06 23:25:00,2026-08-06 20:25:00,2026-08-07 04:25:00,0.85655,0.85661,0.85649,0.8566,224.0
2026-08-06 23:30:00,2026-08-06 20:30:00,2026-08-07 04:30:00,0.85659,0.85665,0.85659,0.85663,250.0
2026-08-06 23:35:00,2026-08-06 20:35:00,2026-08-07 04:35:00,0.85662,0.85665,0.85658,0.8566,278.0
2026-08-06 23:40:00,2026-08-06 20:40:00,2026-08-07 04:40:00,0.85658,0.85661,0.85656,0.8566,90.0
2026-08-06 23:45:00,2026-08-06 20:45:00,2026-08-07 04:45:00,0.85661,0.85663,0.85656,0.85661,166.0
2026-08-06 23:50:00,2026-08-06 20:50:00,2026-08-07 04:50:00,0.85658,0.85659,0.8565,0.85654,256.0
2026-08-06 23:55:00,2026-08-06 20:55:00,2026-08-07 04:55:00,0.85653,0.85657,0.85649,0.85655,674.0
2026-08-07 00:00:00,2026-08-06 21:00:00,2026-08-07 05:00:00,0.8559,0.85591,0.85575,0.85585,38.0
2026-08-07 00:05:00,2026-08-06 21:05:00,2026-08-07 05:05:00,0.8558,0.85581,0.85578,0.85581,14.0
2026-08-07 00:10:00,2026-08-06 21:10:00,2026-08-07 05:10:00,0.85586,0.85595,0.85571,0.85585,408.0
2026-08-07 00:15:00,2026-08-06 21:15:00,2026-08-07 05:15:00,0.85593,0.85643,0.85585,0.85636,202.0
2026-08-07 00:20:00,2026-08-06 21:20:00,2026-08-07 05:20:00,0.85635,0.85652,0.85588,0.85595,168.0
2026-08-07 00:25:00,2026-08-06 21:25:00,2026-08-07 05:25:00,0.85592,0.85599,0.85587,0.85587,103.0
2026-08-07 00:30:00,2026-08-06 21:30:00,2026-08-07 05:30:00,0.8558,0.85617,0.8558,0.85605,241.0
2026-08-07 00:35:00,2026-08-06 21:35:00,2026-08-07 05:35:00,0.85607,0.85631,0.85599,0.85622,267.0
2026-08-07 00:40:00,2026-08-06 21:40:00,2026-08-07 05:40:00,0.8562,0.85655,0.85617,0.85649,369.0
2026-08-07 00:45:00,2026-08-06 21:45:00,2026-08-07 05:45:00,0.85645,0.8566,0.85629,0.85649,536.0
2026-08-07 00:50:00,2026-08-06 21:50:00,2026-08-07 05:50:00,0.85647,0.85654,0.85634,0.85652,333.0
2026-08-07 00:55:00,2026-08-06 21:55:00,2026-08-07 05:55:00,0.8565,0.85655,0.85573,0.85587,387.0
2026-08-07 01:00:00,2026-08-06 22:00:00,2026-08-07 06:00:00,0.85624,0.85661,0.85624,0.85653,725.0
2026-08-07 01:05:00,2026-08-06 22:05:00,2026-08-07 06:05:00,0.85652,0.85656,0.85651,0.85655,226.0
2026-08-07 01:10:00,2026-08-06 22:10:00,2026-08-07 06:10:00,0.85653,0.85656,0.85651,0.85652,214.0
2026-08-07 01:15:00,2026-08-06 22:15:00,2026-08-07 06:15:00,0.85652,0.85658,0.8565,0.85656,215.0
2026-08-07 01:20:00,2026-08-06 22:20:00,2026-08-07 06:20:00,0.85655,0.85658,0.85654,0.85656,313.0
2026-08-07 01:25:00,2026-08-06 22:25:00,2026-08-07 06:25:00,0.85657,0.85658,0.85653,0.85656,213.0
2026-08-07 01:30:00,2026-08-06 22:30:00,2026-08-07 06:30:00,0.85655,0.8566,0.85654,0.85655,297.0
2026-08-07 01:35:00,2026-08-06 22:35:00,2026-08-07 06:35:00,0.85658,0.85659,0.85655,0.85656,214.0
2026-08-07 01:40:00,2026-08-06 22:40:00,2026-08-07 06:40:00,0.85655,0.8566,0.85654,0.85657,203.0
2026-08-07 01:45:00,2026-08-06 22:45:00,2026-08-07 06:45:00,0.8566,0.8566,0.85654,0.85659,294.0
2026-08-07 01:50:00,2026-08-06 22:50:00,2026-08-07 06:50:00,0.85658,0.8566,0.85652,0.85654,207.0
2026-08-07 01:55:00,2026-08-06 22:55:00,2026-08-07 06:55:00,0.85656,0.85657,0.85652,0.85655,267.0
2026-08-07 02:00:00,2026-08-06 23:00:00,2026-08-07 07:00:00,0.85656,0.85657,0.85652,0.85657,266.0
2026-08-07 02:05:00,2026-08-06 23:05:00,2026-08-07 07:05:00,0.85656,0.85657,0.85651,0.85653,328.0
2026-08-07 02:10:00,2026-08-06 23:10:00,2026-08-07 07:10:00,0.85652,0.85657,0.85651,0.85652,260.0
2026-08-07 02:15:00,2026-08-06 23:15:00,2026-08-07 07:15:00,0.85655,0.85656,0.85649,0.85654,392.0
2026-08-07 02:20:00,2026-08-06 23:20:00,2026-08-07 07:20:00,0.85652,0.85655,0.85647,0.85651,350.0
2026-08-07 02:25:00,2026-08-06 23:25:00,2026-08-07 07:25:00,0.85652,0.85652,0.85648,0.85652,177.0
2026-08-07 02:30:00,2026-08-06 23:30:00,2026-08-07 07:30:00,0.8565,0.85652,0.85646,0.85651,343.0
2026-08-07 02:35:00,2026-08-06 23:35:00,2026-08-07 07:35:00,0.85649,0.85652,0.85649,0.85651,258.0
2026-08-07 02:40:00,2026-08-06 23:40:00,2026-08-07 07:40:00,0.8565,0.85652,0.85648,0.85651,289.0
2026-08-07 02:45:00,2026-08-06 23:45:00,2026-08-07 07:45:00,0.85652,0.85652,0.85647,0.8565,126.0
2026-08-07 02:50:00,2026-08-06 23:50:00,2026-08-07 07:50:00,0.85647,0.85653,0.85647,0.85652,123.0
2026-08-07 02:55:00,2026-08-06 23:55:00,2026-08-07 07:55:00,0.85653,0.85655,0.8565,0.85652,131.0
2026-08-07 03:00:00,2026-08-07 00:00:00,2026-08-07 08:00:00,0.85651,0.85651,0.85644,0.85645,196.0
2026-08-07 03:05:00,2026-08-07 00:05:00,2026-08-07 08:05:00,0.85646,0.85651,0.85644,0.85651,184.0
2026-08-07 03:10:00,2026-08-07 00:10:00,2026-08-07 08:10:00,0.85652,0.85652,0.85648,0.8565,419.0
2026-08-07 03:15:00,2026-08-07 00:15:00,2026-08-07 08:15:00,0.85651,0.85653,0.85647,0.85652,317.0
2026-08-07 03:20:00,2026-08-07 00:20:00,2026-08-07 08:20:00,0.85653,0.85653,0.85649,0.85651,233.0
2026-08-07 03:25:00,2026-08-07 00:25:00,2026-08-07 08:25:00,0.85649,0.85657,0.85649,0.85657,273.0
2026-08-07 03:30:00,2026-08-07 00:30:00,2026-08-07 08:30:00,0.85656,0.85657,0.85647,0.85647,249.0
2026-08-07 03:35:00,2026-08-07 00:35:00,2026-08-07 08:35:00,0.8565,0.85654,0.85647,0.85653,213.0
2026-08-07 03:40:00,2026-08-07 00:40:00,2026-08-07 08:40:00,0.85654,0.85655,0.85651,0.85653,223.0
2026-08-07 03:45:00,2026-08-07 00:45:00,2026-08-07 08:45:00,0.85652,0.85657,0.85652,0.85655,248.0
2026-08-07 03:50:00,2026-08-07 00:50:00,2026-08-07 08:50:00,0.85656,0.85665,0.85653,0.85661,372.0
2026-08-07 03:55:00,2026-08-07 00:55:00,2026-08-07 08:55:00,0.8566,0.85664,0.85644,0.85647,794.0
2026-08-07 04:00:00,2026-08-07 01:00:00,2026-08-07 09:00:00,0.85645,0.85652,0.85644,0.8565,758.0
2026-08-07 04:05:00,2026-08-07 01:05:00,2026-08-07 09:05:00,0.85649,0.85651,0.85646,0.8565,453.0
2026-08-07 04:10:00,2026-08-07 01:10:00,2026-08-07 09:10:00,0.85649,0.85654,0.85648,0.85651,277.0
2026-08-07 04:15:00,2026-08-07 01:15:00,2026-08-07 09:15:00,0.8565,0.85652,0.85648,0.8565,312.0
2026-08-07 04:20:00,2026-08-07 01:20:00,2026-08-07 09:20:00,0.85649,0.85651,0.85645,0.8565,352.0
2026-08-07 04:25:00,2026-08-07 01:25:00,2026-08-07 09:25:00,0.85649,0.85651,0.85646,0.85647,244.0
2026-08-07 04:30:00,2026-08-07 01:30:00,2026-08-07 09:30:00,0.85646,0.8565,0.85645,0.85647,196.0
2026-08-07 04:35:00,2026-08-07 01:35:00,2026-08-07 09:35:00,0.85648,0.85651,0.85644,0.8565,538.0
2026-08-07 04:40:00,2026-08-07 01:40:00,2026-08-07 09:40:00,0.85651,0.85653,0.85648,0.85651,378.0
2026-08-07 04:45:00,2026-08-07 01:45:00,2026-08-07 09:45:00,0.85653,0.85653,0.85649,0.85649,138.0
2026-08-07 04:50:00,2026-08-07 01:50:00,2026-08-07 09:50:00,0.85648,0.85649,0.85645,0.85646,326.0
2026-08-07 04:55:00,2026-08-07 01:55:00,2026-08-07 09:55:00,0.85645,0.85646,0.8564,0.85643,390.0
2026-08-07 05:00:00,2026-08-07 02:00:00,2026-08-07 10:00:00,0.85644,0.85646,0.85642,0.85642,378.0
2026-08-07 05:05:00,2026-08-07 02:05:00,2026-08-07 10:05:00,0.85643,0.85647,0.8564,0.85646,190.0
2026-08-07 05:10:00,2026-08-07 02:10:00,2026-08-07 10:10:00,0.85647,0.8565,0.85645,0.85645,296.0
2026-08-07 05:15:00,2026-08-07 02:15:00,2026-08-07 10:15:00,0.85644,0.85647,0.85643,0.85644,296.0
2026-08-07 05:20:00,2026-08-07 02:20:00,2026-08-07 10:20:00,0.85645,0.85649,0.85644,0.85647,300.0
2026-08-07 05:25:00,2026-08-07 02:25:00,2026-08-07 10:25:00,0.85648,0.85649,0.85645,0.85647,236.0
2026-08-07 05:30:00,2026-08-07 02:30:00,2026-08-07 10:30:00,0.85646,0.85648,0.85643,0.85647,201.0
2026-08-07 05:35:00,2026-08-07 02:35:00,2026-08-07 10:35:00,0.85648,0.85652,0.85646,0.85652,326.0
2026-08-07 05:40:00,2026-08-07 02:40:00,2026-08-07 10:40:00,0.85651,0.85653,0.85649,0.85652,316.0
2026-08-07 05:45:00,2026-08-07 02:45:00,2026-08-07 10:45:00,0.85651,0.85655,0.8565,0.85652,204.0
2026-08-07 05:50:00,2026-08-07 02:50:00,2026-08-07 10:50:00,0.8565,0.85652,0.85647,0.8565,235.0
2026-08-07 05:55:00,2026-08-07 02:55:00,2026-08-07 10:55:00,0.85651,0.85652,0.85648,0.8565,112.0
2026-08-07 06:00:00,2026-08-07 03:00:00,2026-08-07 11:00:00,0.85651,0.85652,0.85648,0.8565,202.0
2026-08-07 06:05:00,2026-08-07 03:05:00,2026-08-07 11:05:00,0.85651,0.85651,0.85645,0.85646,388.0
2026-08-07 06:10:00,2026-08-07 03:10:00,2026-08-07 11:10:00,0.85647,0.85649,0.85644,0.85648,220.0
2026-08-07 06:15:00,2026-08-07 03:15:00,2026-08-07 11:15:00,0.85647,0.8565,0.85646,0.85649,370.0
2026-08-07 06:20:00,2026-08-07 03:20:00,2026-08-07 11:20:00,0.85651,0.85653,0.8565,0.85652,244.0
2026-08-07 06:25:00,2026-08-07 03:25:00,2026-08-07 11:25:00,0.85651,0.85656,0.85651,0.85655,144.0
2026-08-07 06:30:00,2026-08-07 03:30:00,2026-08-07 11:30:00,0.85654,0.85655,0.85652,0.85654,314.0
2026-08-07 06:35:00,2026-08-07 03:35:00,2026-08-07 11:35:00,0.85653,0.85655,0.85652,0.85654,318.0
2026-08-07 06:40:00,2026-08-07 03:40:00,2026-08-07 11:40:00,0.85653,0.85656,0.85651,0.85655,190.0
2026-08-07 06:45:00,2026-08-07 03:45:00,2026-08-07 11:45:00,0.85656,0.85658,0.85655,0.85657,222.0
2026-08-07 06:50:00,2026-08-07 03:50:00,2026-08-07 11:50:00,0.85656,0.85658,0.85656,0.85657,229.0
2026-08-07 06:55:00,2026-08-07 03:55:00,2026-08-07 11:55:00,0.85658,0.85659,0.85655,0.85656,162.0
2026-08-07 07:00:00,2026-08-07 04:00:00,2026-08-07 12:00:00,0.85657,0.85657,0.8565,0.85652,122.0
2026-08-07 07:05:00,2026-08-07 04:05:00,2026-08-07 12:05:00,0.85651,0.85652,0.85649,0.85649,77.0
2026-08-07 07:10:00,2026-08-07 04:10:00,2026-08-07 12:10:00,0.8565,0.85651,0.85647,0.8565,132.0
2026-08-07 07:15:00,2026-08-07 04:15:00,2026-08-07 12:15:00,0.85648,0.85651,0.85648,0.8565,264.0
2026-08-07 07:20:00,2026-08-07 04:20:00,2026-08-07 12:20:00,0.85651,0.85651,0.85646,0.8565,205.0
2026-08-07 07:25:00,2026-08-07 04:25:00,2026-08-07 12:25:00,0.85648,0.8565,0.85641,0.85646,496.0
2026-08-07 07:30:00,2026-08-07 04:30:00,2026-08-07 12:30:00,0.85644,0.85648,0.85643,0.85646,278.0
2026-08-07 07:35:00,2026-08-07 04:35:00,2026-08-07 12:35:00,0.85647,0.85648,0.85644,0.85647,192.0
2026-08-07 07:40:00,2026-08-07 04:40:00,2026-08-07 12:40:00,0.85646,0.85655,0.85645,0.85655,210.0
2026-08-07 07:45:00,2026-08-07 04:45:00,2026-08-07 12:45:00,0.85654,0.85655,0.85651,0.85652,352.0
2026-08-07 07:50:00,2026-08-07 04:50:00,2026-08-07 12:50:00,0.85653,0.85657,0.8565,0.85655,172.0
2026-08-07 07:55:00,2026-08-07 04:55:00,2026-08-07 12:55:00,0.85654,0.85656,0.85649,0.85654,152.0
2026-08-07 08:00:00,2026-08-07 05:00:00,2026-08-07 13:00:00,0.85653,0.85656,0.85649,0.8565,166.0
2026-08-07 08:05:00,2026-08-07 05:05:00,2026-08-07 13:05:00,0.85651,0.85653,0.85647,0.85652,236.0
2026-08-07 08:10:00,2026-08-07 05:10:00,2026-08-07 13:10:00,0.85651,0.85656,0.85651,0.85652,276.0
2026-08-07 08:15:00,2026-08-07 05:15:00,2026-08-07 13:15:00,0.85651,0.85655,0.8565,0.85653,186.0
2026-08-07 08:20:00,2026-08-07 05:20:00,2026-08-07 13:20:00,0.85654,0.85654,0.85649,0.85651,112.0
2026-08-07 08:25:00,2026-08-07 05:25:00,2026-08-07 13:25:00,0.85652,0.85656,0.85649,0.85652,407.0
2026-08-07 08:30:00,2026-08-07 05:30:00,2026-08-07 13:30:00,0.85651,0.85655,0.85647,0.85655,155.0
2026-08-07 08:35:00,2026-08-07 05:35:00,2026-08-07 13:35:00,0.85656,0.85658,0.85653,0.85657,94.0
2026-08-07 08:40:00,2026-08-07 05:40:00,2026-08-07 13:40:00,0.85656,0.85662,0.85656,0.85661,123.0
2026-08-07 08:45:00,2026-08-07 05:45:00,2026-08-07 13:45:00,0.85662,0.85662,0.85657,0.85659,223.0
2026-08-07 08:50:00,2026-08-07 05:50:00,2026-08-07 13:50:00,0.85658,0.85659,0.85656,0.85658,142.0
2026-08-07 08:55:00,2026-08-07 05:55:00,2026-08-07 13:55:00,0.85657,0.85657,0.8565,0.85651,250.0
2026-08-07 09:00:00,2026-08-07 06:00:00,2026-08-07 14:00:00,0.8565,0.8565,0.85639,0.85641,679.0
2026-08-07 09:05:00,2026-08-07 06:05:00,2026-08-07 14:05:00,0.85643,0.85653,0.85641,0.85649,781.0
2026-08-07 09:10:00,2026-08-07 06:10:00,2026-08-07 14:10:00,0.85648,0.8565,0.8564,0.85642,445.0
2026-08-07 09:15:00,2026-08-07 06:15:00,2026-08-07 14:15:00,0.85643,0.85646,0.85634,0.85638,761.0
2026-08-07 09:20:00,2026-08-07 06:20:00,2026-08-07 14:20:00,0.8564,0.85644,0.85635,0.85637,525.0
2026-08-07 09:25:00,2026-08-07 06:25:00,2026-08-07 14:25:00,0.85636,0.85647,0.85634,0.85643,486.0
2026-08-07 09:30:00,2026-08-07 06:30:00,2026-08-07 14:30:00,0.85644,0.85653,0.85641,0.85651,583.0
2026-08-07 09:35:00,2026-08-07 06:35:00,2026-08-07 14:35:00,0.85652,0.85653,0.85644,0.85649,610.0
2026-08-07 09:40:00,2026-08-07 06:40:00,2026-08-07 14:40:00,0.85648,0.85652,0.85642,0.85643,569.0
2026-08-07 09:45:00,2026-08-07 06:45:00,2026-08-07 14:45:00,0.85645,0.85647,0.85634,0.85645,698.0
2026-08-07 09:50:00,2026-08-07 06:50:00,2026-08-07 14:50:00,0.85644,0.85654,0.85644,0.8565,412.0
2026-08-07 09:55:00,2026-08-07 06:55:00,2026-08-07 14:55:00,0.85651,0.85652,0.8564,0.85643,517.0
2026-08-07 10:00:00,2026-08-07 07:00:00,2026-08-07 15:00:00,0.85642,0.85647,0.85633,0.85637,677.0
2026-08-07 10:05:00,2026-08-07 07:05:00,2026-08-07 15:05:00,0.85639,0.85667,0.85637,0.85661,722.0
2026-08-07 10:10:00,2026-08-07 07:10:00,2026-08-07 15:10:00,0.8566,0.85666,0.85655,0.85664,575.0
2026-08-07 10:15:00,2026-08-07 07:15:00,2026-08-07 15:15:00,0.85663,0.85669,0.85659,0.85665,619.0
2026-08-07 10:20:00,2026-08-07 07:20:00,2026-08-07 15:20:00,0.85663,0.85678,0.85661,0.85673,566.0
2026-08-07 10:25:00,2026-08-07 07:25:00,2026-08-07 15:25:00,0.85672,0.8568,0.85672,0.8568,442.0
2026-08-07 10:30:00,2026-08-07 07:30:00,2026-08-07 15:30:00,0.85679,0.85679,0.85667,0.85672,705.0
2026-08-07 10:35:00,2026-08-07 07:35:00,2026-08-07 15:35:00,0.85673,0.85679,0.85667,0.85678,550.0
2026-08-07 10:40:00,2026-08-07 07:40:00,2026-08-07 15:40:00,0.85679,0.85679,0.85667,0.85674,478.0
2026-08-07 10:45:00,2026-08-07 07:45:00,2026-08-07 15:45:00,0.85672,0.85675,0.85662,0.85665,314.0
2026-08-07 10:50:00,2026-08-07 07:50:00,2026-08-07 15:50:00,0.85663,0.85675,0.8566,0.85674,371.0
2026-08-07 10:55:00,2026-08-07 07:55:00,2026-08-07 15:55:00,0.85675,0.85683,0.85673,0.85681,387.0
2026-08-07 11:00:00,2026-08-07 08:00:00,2026-08-07 16:00:00,0.8568,0.85683,0.85668,0.85673,536.0
2026-08-07 11:05:00,2026-08-07 08:05:00,2026-08-07 16:05:00,0.85674,0.85682,0.85671,0.85675,488.0
2026-08-07 11:10:00,2026-08-07 08:10:00,2026-08-07 16:10:00,0.85673,0.85677,0.85668,0.85668,572.0
2026-08-07 11:15:00,2026-08-07 08:15:00,2026-08-07 16:15:00,0.8567,0.85682,0.85668,0.85682,458.0
2026-08-07 11:20:00,2026-08-07 08:20:00,2026-08-07 16:20:00,0.8568,0.85689,0.8568,0.8568,303.0
2026-08-07 11:25:00,2026-08-07 08:25:00,2026-08-07 16:25:00,0.85681,0.85685,0.85677,0.85679,450.0
2026-08-07 11:30:00,2026-08-07 08:30:00,2026-08-07 16:30:00,0.8568,0.85687,0.85675,0.85677,450.0
2026-08-07 11:35:00,2026-08-07 08:35:00,2026-08-07 16:35:00,0.85676,0.85696,0.85675,0.85696,517.0
2026-08-07 11:40:00,2026-08-07 08:40:00,2026-08-07 16:40:00,0.85695,0.857,0.85683,0.85694,442.0
2026-08-07 11:45:00,2026-08-07 08:45:00,2026-08-07 16:45:00,0.85695,0.857,0.85689,0.85692,455.0
2026-08-07 11:50:00,2026-08-07 08:50:00,2026-08-07 16:50:00,0.85693,0.857,0.8569,0.85699,314.0
2026-08-07 11:55:00,2026-08-07 08:55:00,2026-08-07 16:55:00,0.85702,0.85724,0.85698,0.8572,500.0
2026-08-07 12:00:00,2026-08-07 09:00:00,2026-08-07 17:00:00,0.85724,0.85738,0.8572,0.85736,357.0
2026-08-07 12:05:00,2026-08-07 09:05:00,2026-08-07 17:05:00,0.85735,0.85739,0.85726,0.85733,502.0
2026-08-07 12:10:00,2026-08-07 09:10:00,2026-08-07 17:10:00,0.85732,0.85745,0.85732,0.85741,448.0
2026-08-07 12:15:00,2026-08-07 09:15:00,2026-08-07 17:15:00,0.8574,0.85748,0.8574,0.85745,396.0
2026-08-07 12:20:00,2026-08-07 09:20:00,2026-08-07 17:20:00,0.85746,0.85752,0.8574,0.85746,349.0
2026-08-07 12:25:00,2026-08-07 09:25:00,2026-08-07 17:25:00,0.85747,0.85749,0.85738,0.85742,684.0
2026-08-07 12:30:00,2026-08-07 09:30:00,2026-08-07 17:30:00,0.85741,0.85761,0.85741,0.85755,517.0
2026-08-07 12:35:00,2026-08-07 09:35:00,2026-08-07 17:35:00,0.85756,0.85763,0.85752,0.85761,371.0
2026-08-07 12:40:00,2026-08-07 09:40:00,2026-08-07 17:40:00,0.8576,0.85776,0.85756,0.85772,478.0
2026-08-07 12:45:00,2026-08-07 09:45:00,2026-08-07 17:45:00,0.85771,0.85778,0.85768,0.85771,470.0
2026-08-07 12:50:00,2026-08-07 09:50:00,2026-08-07 17:50:00,0.8577,0.85777,0.85764,0.85775,502.0
2026-08-07 12:55:00,2026-08-07 09:55:00,2026-08-07 17:55:00,0.85776,0.85781,0.85765,0.85771,714.0
2026-08-07 13:00:00,2026-08-07 10:00:00,2026-08-07 18:00:00,0.8577,0.85772,0.85763,0.8577,651.0
2026-08-07 13:05:00,2026-08-07 10:05:00,2026-08-07 18:05:00,0.85771,0.85779,0.85763,0.85767,638.0
2026-08-07 13:10:00,2026-08-07 10:10:00,2026-08-07 18:10:00,0.85766,0.85782,0.85761,0.85782,482.0
2026-08-07 13:15:00,2026-08-07 10:15:00,2026-08-07 18:15:00,0.85783,0.85786,0.85773,0.8578,506.0
2026-08-07 13:20:00,2026-08-07 10:20:00,2026-08-07 18:20:00,0.85781,0.8579,0.85779,0.85784,424.0
2026-08-07 13:25:00,2026-08-07 10:25:00,2026-08-07 18:25:00,0.85786,0.85786,0.85777,0.85785,422.0
2026-08-07 13:30:00,2026-08-07 10:30:00,2026-08-07 18:30:00,0.85786,0.85794,0.85783,0.85788,366.0
2026-08-07 13:35:00,2026-08-07 10:35:00,2026-08-07 18:35:00,0.85789,0.85789,0.85781,0.85783,510.0
2026-08-07 13:40:00,2026-08-07 10:40:00,2026-08-07 18:40:00,0.85782,0.85794,0.8578,0.85792,464.0
2026-08-07 13:45:00,2026-08-07 10:45:00,2026-08-07 18:45:00,0.85793,0.85797,0.85788,0.85795,431.0
2026-08-07 13:50:00,2026-08-07 10:50:00,2026-08-07 18:50:00,0.85794,0.85795,0.85779,0.85782,384.0
2026-08-07 13:55:00,2026-08-07 10:55:00,2026-08-07 18:55:00,0.85783,0.85786,0.85779,0.85783,412.0
2026-08-07 14:00:00,2026-08-07 11:00:00,2026-08-07 19:00:00,0.85782,0.85784,0.85773,0.85774,616.0
2026-08-07 14:05:00,2026-08-07 11:05:00,2026-08-07 19:05:00,0.85772,0.85774,0.85758,0.85766,528.0
2026-08-07 14:10:00,2026-08-07 11:10:00,2026-08-07 19:10:00,0.85767,0.85768,0.85761,0.85763,598.0
2026-08-07 14:15:00,2026-08-07 11:15:00,2026-08-07 19:15:00,0.85764,0.85764,0.85751,0.85758,334.0
2026-08-07 14:20:00,2026-08-07 11:20:00,2026-08-07 19:20:00,0.85756,0.85767,0.85755,0.85761,676.0
2026-08-07 14:25:00,2026-08-07 11:25:00,2026-08-07 19:25:00,0.85762,0.8577,0.8576,0.85767,488.0
2026-08-07 14:30:00,2026-08-07 11:30:00,2026-08-07 19:30:00,0.85766,0.85767,0.85756,0.85762,786.0
2026-08-07 14:35:00,2026-08-07 11:35:00,2026-08-07 19:35:00,0.85763,0.85764,0.85759,0.85761,590.0
2026-08-07 14:40:00,2026-08-07 11:40:00,2026-08-07 19:40:00,0.85759,0.85762,0.85752,0.85758,905.0
2026-08-07 14:45:00,2026-08-07 11:45:00,2026-08-07 19:45:00,0.85759,0.85766,0.85756,0.85765,886.0
2026-08-07 14:50:00,2026-08-07 11:50:00,2026-08-07 19:50:00,0.85766,0.85766,0.85753,0.85757,990.0
2026-08-07 14:55:00,2026-08-07 11:55:00,2026-08-07 19:55:00,0.85756,0.85757,0.85748,0.85751,774.0
2026-08-07 15:00:00,2026-08-07 12:00:00,2026-08-07 20:00:00,0.8575,0.85768,0.85749,0.85763,795.0
2026-08-07 15:05:00,2026-08-07 12:05:00,2026-08-07 20:05:00,0.85761,0.85776,0.85758,0.85765,584.0
2026-08-07 15:10:00,2026-08-07 12:10:00,2026-08-07 20:10:00,0.85764,0.85777,0.85763,0.85773,566.0
2026-08-07 15:15:00,2026-08-07 12:15:00,2026-08-07 20:15:00,0.85774,0.85774,0.85752,0.85761,796.0
2026-08-07 15:20:00,2026-08-07 12:20:00,2026-08-07 20:20:00,0.8576,0.85762,0.85737,0.8574,976.0
2026-08-07 15:25:00,2026-08-07 12:25:00,2026-08-07 20:25:00,0.85738,0.85745,0.85726,0.85731,560.0
2026-08-07 15:30:00,2026-08-07 12:30:00,2026-08-07 20:30:00,0.85727,0.85777,0.85709,0.85741,1737.0
2026-08-07 15:35:00,2026-08-07 12:35:00,2026-08-07 20:35:00,0.85743,0.8576,0.85721,0.85756,1276.0
2026-08-07 15:40:00,2026-08-07 12:40:00,2026-08-07 20:40:00,0.85755,0.85761,0.85732,0.85739,1261.0
2026-08-07 15:45:00,2026-08-07 12:45:00,2026-08-07 20:45:00,0.8574,0.85742,0.85719,0.85738,1159.0
2026-08-07 15:50:00,2026-08-07 12:50:00,2026-08-07 20:50:00,0.85736,0.85741,0.85718,0.85728,1364.0
2026-08-07 15:55:00,2026-08-07 12:55:00,2026-08-07 20:55:00,0.85727,0.85744,0.85722,0.85724,1222.0
2026-08-07 16:00:00,2026-08-07 13:00:00,2026-08-07 21:00:00,0.85723,0.85737,0.85718,0.85727,1096.0
2026-08-07 16:05:00,2026-08-07 13:05:00,2026-08-07 21:05:00,0.85726,0.85729,0.85717,0.85724,1052.0
2026-08-07 16:10:00,2026-08-07 13:10:00,2026-08-07 21:10:00,0.85723,0.85728,0.85712,0.85716,678.0
2026-08-07 16:15:00,2026-08-07 13:15:00,2026-08-07 21:15:00,0.85717,0.85722,0.85708,0.85709,676.0
2026-08-07 16:20:00,2026-08-07 13:20:00,2026-08-07 21:20:00,0.85708,0.8571,0.85682,0.85689,948.0
2026-08-07 16:25:00,2026-08-07 13:25:00,2026-08-07 21:25:00,0.8569,0.85691,0.85674,0.85678,900.0
2026-08-07 16:30:00,2026-08-07 13:30:00,2026-08-07 21:30:00,0.85679,0.85689,0.85665,0.85683,940.0
2026-08-07 16:35:00,2026-08-07 13:35:00,2026-08-07 21:35:00,0.85684,0.85694,0.85673,0.85678,1018.0
2026-08-07 16:40:00,2026-08-07 13:40:00,2026-08-07 21:40:00,0.85679,0.85696,0.85673,0.85692,898.0
2026-08-07 16:45:00,2026-08-07 13:45:00,2026-08-07 21:45:00,0.85691,0.85695,0.85683,0.85689,620.0
2026-08-07 16:50:00,2026-08-07 13:50:00,2026-08-07 21:50:00,0.85688,0.85705,0.85687,0.85695,746.0
2026-08-07 16:55:00,2026-08-07 13:55:00,2026-08-07 21:55:00,0.85694,0.857,0.85675,0.85679,1008.0
2026-08-07 17:00:00,2026-08-07 14:00:00,2026-08-07 22:00:00,0.8568,0.85685,0.85666,0.85672,1013.0
2026-08-07 17:05:00,2026-08-07 14:05:00,2026-08-07 22:05:00,0.85673,0.85681,0.85656,0.85657,1158.0
2026-08-07 17:10:00,2026-08-07 14:10:00,2026-08-07 22:10:00,0.85655,0.85667,0.85652,0.85653,1066.0
2026-08-07 17:15:00,2026-08-07 14:15:00,2026-08-07 22:15:00,0.85654,0.8566,0.85644,0.85651,990.0
2026-08-07 17:20:00,2026-08-07 14:20:00,2026-08-07 22:20:00,0.85649,0.85657,0.8564,0.85646,916.0
2026-08-07 17:25:00,2026-08-07 14:25:00,2026-08-07 22:25:00,0.85645,0.85647,0.85634,0.85644,1048.0
2026-08-07 17:30:00,2026-08-07 14:30:00,2026-08-07 22:30:00,0.85645,0.85657,0.85644,0.8565,754.0
2026-08-07 17:35:00,2026-08-07 14:35:00,2026-08-07 22:35:00,0.85651,0.85663,0.85648,0.85653,810.0
2026-08-07 17:40:00,2026-08-07 14:40:00,2026-08-07 22:40:00,0.85654,0.85654,0.8563,0.85634,818.0
2026-08-07 17:45:00,2026-08-07 14:45:00,2026-08-07 22:45:00,0.85632,0.85663,0.85632,0.85662,816.0
2026-08-07 17:50:00,2026-08-07 14:50:00,2026-08-07 22:50:00,0.85659,0.85678,0.85652,0.85677,756.0
2026-08-07 17:55:00,2026-08-07 14:55:00,2026-08-07 22:55:00,0.85671,0.85671,0.85643,0.85651,1072.0
2026-08-07 18:00:00,2026-08-07 15:00:00,2026-08-07 23:00:00,0.85652,0.85669,0.85651,0.85667,912.0
2026-08-07 18:05:00,2026-08-07 15:05:00,2026-08-07 23:05:00,0.85668,0.85677,0.85664,0.85676,700.0
2026-08-07 18:10:00,2026-08-07 15:10:00,2026-08-07 23:10:00,0.85677,0.85681,0.85662,0.85662,810.0
2026-08-07 18:15:00,2026-08-07 15:15:00,2026-08-07 23:15:00,0.85663,0.85669,0.85656,0.85657,792.0
2026-08-07 18:20:00,2026-08-07 15:20:00,2026-08-07 23:20:00,0.85658,0.85661,0.85645,0.85649,874.0
2026-08-07 18:25:00,2026-08-07 15:25:00,2026-08-07 23:25:00,0.85651,0.85651,0.85636,0.85641,1114.0
2026-08-07 18:30:00,2026-08-07 15:30:00,2026-08-07 23:30:00,0.8564,0.85647,0.85636,0.85642,954.0
2026-08-07 18:35:00,2026-08-07 15:35:00,2026-08-07 23:35:00,0.85641,0.85644,0.8563,0.85641,990.0
2026-08-07 18:40:00,2026-08-07 15:40:00,2026-08-07 23:40:00,0.8564,0.85659,0.85638,0.85652,820.0
2026-08-07 18:45:00,2026-08-07 15:45:00,2026-08-07 23:45:00,0.85653,0.85661,0.85651,0.85656,882.0
2026-08-07 18:50:00,2026-08-07 15:50:00,2026-08-07 23:50:00,0.85655,0.85661,0.85642,0.85643,1104.0
2026-08-07 18:55:00,2026-08-07 15:55:00,2026-08-07 23:55:00,0.85644,0.85651,0.85639,0.85646,862.0
2026-08-07 19:00:00,2026-08-07 16:00:00,2026-08-08 00:00:00,0.85645,0.85654,0.85642,0.85647,908.0
2026-08-07 19:05:00,2026-08-07 16:05:00,2026-08-08 00:05:00,0.85645,0.85659,0.85643,0.85656,702.0
2026-08-07 19:10:00,2026-08-07 16:10:00,2026-08-08 00:10:00,0.85657,0.85661,0.85653,0.85659,830.0
2026-08-07 19:15:00,2026-08-07 16:15:00,2026-08-08 00:15:00,0.85658,0.85668,0.85657,0.85662,718.0
2026-08-07 19:20:00,2026-08-07 16:20:00,2026-08-08 00:20:00,0.85661,0.85662,0.85637,0.85641,650.0
2026-08-07 19:25:00,2026-08-07 16:25:00,2026-08-08 00:25:00,0.85642,0.85653,0.85639,0.85651,746.0
2026-08-07 19:30:00,2026-08-07 16:30:00,2026-08-08 00:30:00,0.85652,0.85661,0.85652,0.85659,892.0
2026-08-07 19:35:00,2026-08-07 16:35:00,2026-08-08 00:35:00,0.85658,0.85663,0.85653,0.85658,596.0
2026-08-07 19:40:00,2026-08-07 16:40:00,2026-08-08 00:40:00,0.85659,0.85659,0.85651,0.85656,680.0
2026-08-07 19:45:00,2026-08-07 16:45:00,2026-08-08 00:45:00,0.85657,0.85663,0.85655,0.85658,622.0
2026-08-07 19:50:00,2026-08-07 16:50:00,2026-08-08 00:50:00,0.85659,0.85661,0.85649,0.8565,704.0
2026-08-07 19:55:00,2026-08-07 16:55:00,2026-08-08 00:55:00,0.85647,0.85652,0.85643,0.85646,585.0
2026-08-07 20:00:00,2026-08-07 17:00:00,2026-08-08 01:00:00,0.85645,0.85657,0.85642,0.85654,662.0
2026-08-07 20:05:00,2026-08-07 17:05:00,2026-08-08 01:05:00,0.85655,0.85658,0.85651,0.85656,626.0
2026-08-07 20:10:00,2026-08-07 17:10:00,2026-08-08 01:10:00,0.85657,0.85661,0.85653,0.85658,532.0
2026-08-07 20:15:00,2026-08-07 17:15:00,2026-08-08 01:15:00,0.85659,0.85664,0.85657,0.8566,500.0
2026-08-07 20:20:00,2026-08-07 17:20:00,2026-08-08 01:20:00,0.85661,0.85665,0.85658,0.85662,494.0
2026-08-07 20:25:00,2026-08-07 17:25:00,2026-08-08 01:25:00,0.85663,0.85666,0.85659,0.85661,306.0
2026-08-07 20:30:00,2026-08-07 17:30:00,2026-08-08 01:30:00,0.85662,0.85665,0.85658,0.85665,423.0
2026-08-07 20:35:00,2026-08-07 17:35:00,2026-08-08 01:35:00,0.85664,0.85668,0.85663,0.85665,322.0
2026-08-07 20:40:00,2026-08-07 17:40:00,2026-08-08 01:40:00,0.85664,0.85666,0.85661,0.85663,344.0
2026-08-07 20:45:00,2026-08-07 17:45:00,2026-08-08 01:45:00,0.85662,0.85664,0.85659,0.8566,332.0
2026-08-07 20:50:00,2026-08-07 17:50:00,2026-08-08 01:50:00,0.85659,0.85667,0.85659,0.85665,360.0
2026-08-07 20:55:00,2026-08-07 17:55:00,2026-08-08 01:55:00,0.85666,0.85669,0.85664,0.85667,293.0
2026-08-07 21:00:00,2026-08-07 18:00:00,2026-08-08 02:00:00,0.85666,0.85673,0.85664,0.85673,277.0
2026-08-07 21:05:00,2026-08-07 18:05:00,2026-08-08 02:05:00,0.85672,0.85677,0.85671,0.85674,286.0
2026-08-07 21:10:00,2026-08-07 18:10:00,2026-08-08 02:10:00,0.85675,0.8568,0.85674,0.85678,236.0
2026-08-07 21:15:00,2026-08-07 18:15:00,2026-08-08 02:15:00,0.85677,0.85682,0.85674,0.85676,275.0
2026-08-07 21:20:00,2026-08-07 18:20:00,2026-08-08 02:20:00,0.85677,0.85683,0.85673,0.8568,300.0
2026-08-07 21:25:00,2026-08-07 18:25:00,2026-08-08 02:25:00,0.85679,0.85682,0.85673,0.85674,416.0
2026-08-07 21:30:00,2026-08-07 18:30:00,2026-08-08 02:30:00,0.85673,0.85676,0.85671,0.85674,362.0
2026-08-07 21:35:00,2026-08-07 18:35:00,2026-08-08 02:35:00,0.85675,0.85675,0.85673,0.85674,227.0
2026-08-07 21:40:00,2026-08-07 18:40:00,2026-08-08 02:40:00,0.85673,0.85679,0.85665,0.85667,272.0
2026-08-07 21:45:00,2026-08-07 18:45:00,2026-08-08 02:45:00,0.85666,0.85677,0.85665,0.85677,218.0
2026-08-07 21:50:00,2026-08-07 18:50:00,2026-08-08 02:50:00,0.85676,0.85678,0.8567,0.85674,228.0
2026-08-07 21:55:00,2026-08-07 18:55:00,2026-08-08 02:55:00,0.85673,0.85676,0.85667,0.85669,448.0
2026-08-07 22:00:00,2026-08-07 19:00:00,2026-08-08 03:00:00,0.85668,0.85672,0.85666,0.85669,318.0
2026-08-07 22:05:00,2026-08-07 19:05:00,2026-08-08 03:05:00,0.85667,0.85672,0.85667,0.8567,700.0
2026-08-07 22:10:00,2026-08-07 19:10:00,2026-08-08 03:10:00,0.85669,0.85673,0.85666,0.85669,584.0
2026-08-07 22:15:00,2026-08-07 19:15:00,2026-08-08 03:15:00,0.8567,0.8567,0.85665,0.85669,543.0
2026-08-07 22:20:00,2026-08-07 19:20:00,2026-08-08 03:20:00,0.85668,0.85674,0.85665,0.85673,368.0
2026-08-07 22:25:00,2026-08-07 19:25:00,2026-08-08 03:25:00,0.85674,0.85685,0.85672,0.85682,663.0
2026-08-07 22:30:00,2026-08-07 19:30:00,2026-08-08 03:30:00,0.85684,0.85685,0.85678,0.8568,467.0
2026-08-07 22:35:00,2026-08-07 19:35:00,2026-08-08 03:35:00,0.85681,0.85683,0.85676,0.85679,374.0
2026-08-07 22:40:00,2026-08-07 19:40:00,2026-08-08 03:40:00,0.85678,0.85685,0.85676,0.85678,363.0
2026-08-07 22:45:00,2026-08-07 19:45:00,2026-08-08 03:45:00,0.85677,0.85678,0.85671,0.85673,290.0
2026-08-07 22:50:00,2026-08-07 19:50:00,2026-08-08 03:50:00,0.85674,0.85678,0.85672,0.85673,560.0
2026-08-07 22:55:00,2026-08-07 19:55:00,2026-08-08 03:55:00,0.85672,0.85673,0.85653,0.85656,792.0
2026-08-07 23:00:00,2026-08-07 20:00:00,2026-08-08 04:00:00,0.85657,0.85658,0.85648,0.85657,495.0
2026-08-07 23:05:00,2026-08-07 20:05:00,2026-08-08 04:05:00,0.85658,0.85659,0.85653,0.85658,748.0
2026-08-07 23:10:00,2026-08-07 20:10:00,2026-08-08 04:10:00,0.85657,0.85663,0.85655,0.85663,703.0
2026-08-07 23:15:00,2026-08-07 20:15:00,2026-08-08 04:15:00,0.85661,0.85668,0.85648,0.85654,368.0
2026-08-07 23:20:00,2026-08-07 20:20:00,2026-08-08 04:20:00,0.85653,0.85662,0.85651,0.8566,524.0
2026-08-07 23:25:00,2026-08-07 20:25:00,2026-08-08 04:25:00,0.85659,0.85665,0.85657,0.85661,609.0
2026-08-07 23:30:00,2026-08-07 20:30:00,2026-08-08 04:30:00,0.8566,0.85672,0.85659,0.85671,420.0
2026-08-07 23:35:00,2026-08-07 20:35:00,2026-08-08 04:35:00,0.8567,0.85678,0.85669,0.85676,390.0
2026-08-07 23:40:00,2026-08-07 20:40:00,2026-08-08 04:40:00,0.85677,0.85678,0.85669,0.85671,151.0
2026-08-07 23:45:00,2026-08-07 20:45:00,2026-08-08 04:45:00,0.85673,0.85673,0.85661,0.85663,573.0
2026-08-07 23:50:00,2026-08-07 20:50:00,2026-08-08 04:50:00,0.85664,0.85668,0.8566,0.85662,829.0
2026-08-10 00:00:00,2026-08-09 21:00:00,2026-08-10 05:00:00,0.85629,0.85632,0.8562,0.8562,9.0
2026-08-10 00:05:00,2026-08-09 21:05:00,2026-08-10 05:05:00,0.85622,0.85654,0.85622,0.85651,77.0
2026-08-10 00:10:00,2026-08-09 21:10:00,2026-08-10 05:10:00,0.85656,0.85663,0.85651,0.85661,68.0
2026-08-10 00:15:00,2026-08-09 21:15:00,2026-08-10 05:15:00,0.8566,0.85668,0.85628,0.85661,914.0
2026-08-10 00:20:00,2026-08-09 21:20:00,2026-08-10 05:20:00,0.8566,0.85663,0.85647,0.85659,750.0
2026-08-10 00:25:00,2026-08-09 21:25:00,2026-08-10 05:25:00,0.85658,0.85663,0.85636,0.85651,274.0
2026-08-10 00:30:00,2026-08-09 21:30:00,2026-08-10 05:30:00,0.85657,0.85665,0.85634,0.8565,177.0
2026-08-10 00:35:00,2026-08-09 21:35:00,2026-08-10 05:35:00,0.85652,0.85667,0.85628,0.85649,372.0
2026-08-10 00:40:00,2026-08-09 21:40:00,2026-08-10 05:40:00,0.85649,0.85664,0.85634,0.85651,176.0
2026-08-10 00:45:00,2026-08-09 21:45:00,2026-08-10 05:45:00,0.85653,0.85672,0.85634,0.85664,627.0
2026-08-10 00:50:00,2026-08-09 21:50:00,2026-08-10 05:50:00,0.85665,0.85671,0.85649,0.85665,172.0
2026-08-10 00:55:00,2026-08-09 21:55:00,2026-08-10 05:55:00,0.85667,0.85678,0.85642,0.85667,1053.0
2026-08-10 01:00:00,2026-08-09 22:00:00,2026-08-10 06:00:00,0.85676,0.85689,0.8567,0.85675,641.0
2026-08-10 01:05:00,2026-08-09 22:05:00,2026-08-10 06:05:00,0.85676,0.85678,0.85667,0.85671,182.0
2026-08-10 01:10:00,2026-08-09 22:10:00,2026-08-10 06:10:00,0.8567,0.85672,0.85659,0.8566,173.0
2026-08-10 01:15:00,2026-08-09 22:15:00,2026-08-10 06:15:00,0.8566,0.85668,0.85659,0.85662,414.0
2026-08-10 01:20:00,2026-08-09 22:20:00,2026-08-10 06:20:00,0.85661,0.85663,0.85657,0.85659,234.0
2026-08-10 01:25:00,2026-08-09 22:25:00,2026-08-10 06:25:00,0.85658,0.85668,0.85658,0.85667,178.0
2026-08-10 01:30:00,2026-08-09 22:30:00,2026-08-10 06:30:00,0.85668,0.85669,0.85664,0.85667,132.0
2026-08-10 01:35:00,2026-08-09 22:35:00,2026-08-10 06:35:00,0.85668,0.8567,0.85665,0.85669,61.0
2026-08-10 01:40:00,2026-08-09 22:40:00,2026-08-10 06:40:00,0.85668,0.8567,0.85664,0.85667,175.0
2026-08-10 01:45:00,2026-08-09 22:45:00,2026-08-10 06:45:00,0.85666,0.85668,0.85664,0.85667,231.0
2026-08-10 01:50:00,2026-08-09 22:50:00,2026-08-10 06:50:00,0.85668,0.85668,0.85662,0.85665,268.0
2026-08-10 01:55:00,2026-08-09 22:55:00,2026-08-10 06:55:00,0.85664,0.85666,0.85662,0.85664,156.0
2026-08-10 02:00:00,2026-08-09 23:00:00,2026-08-10 07:00:00,0.85665,0.85668,0.85663,0.85665,423.0
2026-08-10 02:05:00,2026-08-09 23:05:00,2026-08-10 07:05:00,0.85664,0.85667,0.8566,0.85665,293.0
2026-08-10 02:10:00,2026-08-09 23:10:00,2026-08-10 07:10:00,0.85667,0.85668,0.85659,0.85662,416.0
2026-08-10 02:15:00,2026-08-09 23:15:00,2026-08-10 07:15:00,0.85661,0.85663,0.8566,0.8566,278.0
2026-08-10 02:20:00,2026-08-09 23:20:00,2026-08-10 07:20:00,0.85661,0.85663,0.85658,0.85659,366.0
2026-08-10 02:25:00,2026-08-09 23:25:00,2026-08-10 07:25:00,0.8566,0.85663,0.85658,0.85662,229.0
2026-08-10 02:30:00,2026-08-09 23:30:00,2026-08-10 07:30:00,0.85661,0.85664,0.8566,0.85663,304.0
2026-08-10 02:35:00,2026-08-09 23:35:00,2026-08-10 07:35:00,0.85664,0.85664,0.85659,0.85661,379.0
2026-08-10 02:40:00,2026-08-09 23:40:00,2026-08-10 07:40:00,0.85663,0.85667,0.85662,0.85664,145.0
2026-08-10 02:45:00,2026-08-09 23:45:00,2026-08-10 07:45:00,0.85665,0.85665,0.85662,0.85663,152.0
2026-08-10 02:50:00,2026-08-09 23:50:00,2026-08-10 07:50:00,0.85662,0.85664,0.8566,0.85662,374.0
2026-08-10 02:55:00,2026-08-09 23:55:00,2026-08-10 07:55:00,0.85663,0.8567,0.8566,0.85668,297.0
2026-08-10 03:00:00,2026-08-10 00:00:00,2026-08-10 08:00:00,0.85667,0.85671,0.85662,0.85665,546.0
2026-08-10 03:05:00,2026-08-10 00:05:00,2026-08-10 08:05:00,0.85664,0.85668,0.85663,0.85664,381.0
2026-08-10 03:10:00,2026-08-10 00:10:00,2026-08-10 08:10:00,0.85665,0.85666,0.85659,0.8566,480.0
2026-08-10 03:15:00,2026-08-10 00:15:00,2026-08-10 08:15:00,0.85661,0.85667,0.85657,0.85657,346.0
2026-08-10 03:20:00,2026-08-10 00:20:00,2026-08-10 08:20:00,0.85658,0.85667,0.85657,0.85663,325.0
2026-08-10 03:25:00,2026-08-10 00:25:00,2026-08-10 08:25:00,0.85662,0.85663,0.85659,0.85661,473.0
2026-08-10 03:30:00,2026-08-10 00:30:00,2026-08-10 08:30:00,0.85662,0.85662,0.85653,0.85657,535.0
2026-08-10 03:35:00,2026-08-10 00:35:00,2026-08-10 08:35:00,0.85656,0.85661,0.85656,0.8566,722.0
2026-08-10 03:40:00,2026-08-10 00:40:00,2026-08-10 08:40:00,0.85659,0.85663,0.85659,0.8566,558.0
2026-08-10 03:45:00,2026-08-10 00:45:00,2026-08-10 08:45:00,0.85661,0.85664,0.85658,0.85662,378.0
2026-08-10 03:50:00,2026-08-10 00:50:00,2026-08-10 08:50:00,0.85663,0.85672,0.85662,0.85669,564.0
2026-08-10 03:55:00,2026-08-10 00:55:00,2026-08-10 08:55:00,0.8567,0.85678,0.85668,0.85677,212.0
2026-08-10 04:00:00,2026-08-10 01:00:00,2026-08-10 09:00:00,0.85676,0.85681,0.85673,0.8568,390.0
2026-08-10 04:05:00,2026-08-10 01:05:00,2026-08-10 09:05:00,0.85679,0.8568,0.85671,0.85674,515.0
2026-08-10 04:10:00,2026-08-10 01:10:00,2026-08-10 09:10:00,0.85673,0.85677,0.8567,0.85675,480.0
2026-08-10 04:15:00,2026-08-10 01:15:00,2026-08-10 09:15:00,0.85674,0.85676,0.8567,0.85673,359.0
2026-08-10 04:20:00,2026-08-10 01:20:00,2026-08-10 09:20:00,0.85674,0.85674,0.85667,0.8567,516.0
2026-08-10 04:25:00,2026-08-10 01:25:00,2026-08-10 09:25:00,0.85671,0.85673,0.85663,0.85666,260.0
2026-08-10 04:30:00,2026-08-10 01:30:00,2026-08-10 09:30:00,0.85665,0.85671,0.85665,0.85669,301.0
2026-08-10 04:35:00,2026-08-10 01:35:00,2026-08-10 09:35:00,0.85668,0.85671,0.85665,0.85671,406.0
2026-08-10 04:40:00,2026-08-10 01:40:00,2026-08-10 09:40:00,0.8567,0.85675,0.85667,0.85668,239.0
2026-08-10 04:45:00,2026-08-10 01:45:00,2026-08-10 09:45:00,0.85667,0.85667,0.85657,0.85659,486.0
2026-08-10 04:50:00,2026-08-10 01:50:00,2026-08-10 09:50:00,0.85658,0.8566,0.85651,0.85658,366.0
2026-08-10 04:55:00,2026-08-10 01:55:00,2026-08-10 09:55:00,0.85659,0.8566,0.85655,0.85655,288.0
2026-08-10 05:00:00,2026-08-10 02:00:00,2026-08-10 10:00:00,0.85656,0.8566,0.85654,0.85659,294.0
2026-08-10 05:05:00,2026-08-10 02:05:00,2026-08-10 10:05:00,0.85658,0.85662,0.85655,0.85658,642.0
2026-08-10 05:10:00,2026-08-10 02:10:00,2026-08-10 10:10:00,0.85656,0.85659,0.85654,0.85658,418.0
2026-08-10 05:15:00,2026-08-10 02:15:00,2026-08-10 10:15:00,0.85659,0.85662,0.85656,0.85661,364.0
2026-08-10 05:20:00,2026-08-10 02:20:00,2026-08-10 10:20:00,0.8566,0.85663,0.85657,0.85659,348.0
2026-08-10 05:25:00,2026-08-10 02:25:00,2026-08-10 10:25:00,0.85658,0.85665,0.85658,0.85661,262.0
2026-08-10 05:30:00,2026-08-10 02:30:00,2026-08-10 10:30:00,0.8566,0.85663,0.85656,0.85657,390.0
2026-08-10 05:35:00,2026-08-10 02:35:00,2026-08-10 10:35:00,0.85658,0.85659,0.85654,0.85654,200.0
2026-08-10 05:40:00,2026-08-10 02:40:00,2026-08-10 10:40:00,0.85656,0.85659,0.85654,0.85657,449.0
2026-08-10 05:45:00,2026-08-10 02:45:00,2026-08-10 10:45:00,0.85656,0.85658,0.85652,0.85655,198.0
2026-08-10 05:50:00,2026-08-10 02:50:00,2026-08-10 10:50:00,0.85656,0.85659,0.85655,0.85656,198.0
2026-08-10 05:55:00,2026-08-10 02:55:00,2026-08-10 10:55:00,0.85655,0.85658,0.85654,0.85655,207.0
2026-08-10 06:00:00,2026-08-10 03:00:00,2026-08-10 11:00:00,0.85656,0.85657,0.85651,0.85653,202.0
2026-08-10 06:05:00,2026-08-10 03:05:00,2026-08-10 11:05:00,0.85652,0.85657,0.8565,0.85655,252.0
2026-08-10 06:10:00,2026-08-10 03:10:00,2026-08-10 11:10:00,0.85656,0.85659,0.85655,0.85657,418.0
2026-08-10 06:15:00,2026-08-10 03:15:00,2026-08-10 11:15:00,0.85658,0.85659,0.85655,0.85658,446.0
2026-08-10 06:20:00,2026-08-10 03:20:00,2026-08-10 11:20:00,0.85657,0.85664,0.85657,0.85659,264.0
2026-08-10 06:25:00,2026-08-10 03:25:00,2026-08-10 11:25:00,0.85658,0.85662,0.85655,0.85657,364.0
2026-08-10 06:30:00,2026-08-10 03:30:00,2026-08-10 11:30:00,0.85658,0.85659,0.85655,0.85658,227.0
2026-08-10 06:35:00,2026-08-10 03:35:00,2026-08-10 11:35:00,0.85657,0.85658,0.85651,0.85652,174.0
2026-08-10 06:40:00,2026-08-10 03:40:00,2026-08-10 11:40:00,0.85653,0.85656,0.8565,0.85651,195.0
2026-08-10 06:45:00,2026-08-10 03:45:00,2026-08-10 11:45:00,0.85652,0.85652,0.85646,0.85647,122.0
2026-08-10 06:50:00,2026-08-10 03:50:00,2026-08-10 11:50:00,0.85646,0.85648,0.8564,0.85641,134.0
2026-08-10 06:55:00,2026-08-10 03:55:00,2026-08-10 11:55:00,0.85642,0.85643,0.8564,0.85642,80.0
2026-08-10 07:00:00,2026-08-10 04:00:00,2026-08-10 12:00:00,0.85643,0.85647,0.85641,0.85642,159.0
2026-08-10 07:05:00,2026-08-10 04:05:00,2026-08-10 12:05:00,0.85643,0.85644,0.8564,0.85642,270.0
2026-08-10 07:10:00,2026-08-10 04:10:00,2026-08-10 12:10:00,0.85641,0.85648,0.85641,0.85645,231.0
2026-08-10 07:15:00,2026-08-10 04:15:00,2026-08-10 12:15:00,0.85644,0.85647,0.85642,0.85642,218.0
2026-08-10 07:20:00,2026-08-10 04:20:00,2026-08-10 12:20:00,0.85642,0.85644,0.85641,0.85642,252.0
2026-08-10 07:25:00,2026-08-10 04:25:00,2026-08-10 12:25:00,0.85641,0.85643,0.85641,0.85642,168.0
2026-08-10 07:30:00,2026-08-10 04:30:00,2026-08-10 12:30:00,0.8564,0.85642,0.85638,0.85638,306.0
2026-08-10 07:35:00,2026-08-10 04:35:00,2026-08-10 12:35:00,0.85637,0.85641,0.85637,0.8564,126.0
2026-08-10 07:40:00,2026-08-10 04:40:00,2026-08-10 12:40:00,0.85642,0.85643,0.8564,0.85641,217.0
2026-08-10 07:45:00,2026-08-10 04:45:00,2026-08-10 12:45:00,0.85642,0.85642,0.85637,0.85638,198.0
2026-08-10 07:50:00,2026-08-10 04:50:00,2026-08-10 12:50:00,0.85639,0.85639,0.85636,0.85638,272.0
2026-08-10 07:55:00,2026-08-10 04:55:00,2026-08-10 12:55:00,0.85639,0.8564,0.85636,0.85639,276.0
2026-08-10 08:00:00,2026-08-10 05:00:00,2026-08-10 13:00:00,0.8564,0.85643,0.85637,0.85637,327.0
2026-08-10 08:05:00,2026-08-10 05:05:00,2026-08-10 13:05:00,0.85638,0.85638,0.85631,0.85632,108.0
2026-08-10 08:10:00,2026-08-10 05:10:00,2026-08-10 13:10:00,0.85631,0.85633,0.8563,0.85631,84.0
2026-08-10 08:15:00,2026-08-10 05:15:00,2026-08-10 13:15:00,0.85632,0.85636,0.85631,0.85635,270.0
2026-08-10 08:20:00,2026-08-10 05:20:00,2026-08-10 13:20:00,0.85636,0.85641,0.85636,0.85639,326.0
2026-08-10 08:25:00,2026-08-10 05:25:00,2026-08-10 13:25:00,0.85638,0.85641,0.85636,0.85637,304.0
2026-08-10 08:30:00,2026-08-10 05:30:00,2026-08-10 13:30:00,0.85638,0.8564,0.85635,0.85636,181.0
2026-08-10 08:35:00,2026-08-10 05:35:00,2026-08-10 13:35:00,0.85637,0.85639,0.85631,0.85634,292.0
2026-08-10 08:40:00,2026-08-10 05:40:00,2026-08-10 13:40:00,0.85633,0.85635,0.8563,0.85632,358.0
2026-08-10 08:45:00,2026-08-10 05:45:00,2026-08-10 13:45:00,0.85633,0.85638,0.85632,0.85633,215.0
2026-08-10 08:50:00,2026-08-10 05:50:00,2026-08-10 13:50:00,0.85634,0.8564,0.85633,0.85638,323.0
2026-08-10 08:55:00,2026-08-10 05:55:00,2026-08-10 13:55:00,0.85637,0.85643,0.85627,0.85629,409.0
2026-08-10 09:00:00,2026-08-10 06:00:00,2026-08-10 14:00:00,0.85628,0.85628,0.85614,0.85616,534.0
2026-08-10 09:05:00,2026-08-10 06:05:00,2026-08-10 14:05:00,0.85615,0.85616,0.85606,0.85608,485.0
2026-08-10 09:10:00,2026-08-10 06:10:00,2026-08-10 14:10:00,0.85609,0.85625,0.85607,0.85623,644.0
2026-08-10 09:15:00,2026-08-10 06:15:00,2026-08-10 14:15:00,0.85624,0.85629,0.85613,0.85623,489.0
2026-08-10 09:20:00,2026-08-10 06:20:00,2026-08-10 14:20:00,0.85624,0.85626,0.85617,0.85625,531.0
2026-08-10 09:25:00,2026-08-10 06:25:00,2026-08-10 14:25:00,0.85624,0.85632,0.85623,0.85627,469.0
2026-08-10 09:30:00,2026-08-10 06:30:00,2026-08-10 14:30:00,0.85626,0.85628,0.85618,0.85621,462.0
2026-08-10 09:35:00,2026-08-10 06:35:00,2026-08-10 14:35:00,0.85622,0.85631,0.85619,0.85629,781.0
2026-08-10 09:40:00,2026-08-10 06:40:00,2026-08-10 14:40:00,0.85628,0.85636,0.85625,0.85635,455.0
2026-08-10 09:45:00,2026-08-10 06:45:00,2026-08-10 14:45:00,0.85634,0.85635,0.85625,0.85626,671.0
2026-08-10 09:50:00,2026-08-10 06:50:00,2026-08-10 14:50:00,0.85625,0.8563,0.85615,0.85616,611.0
2026-08-10 09:55:00,2026-08-10 06:55:00,2026-08-10 14:55:00,0.85615,0.85634,0.85615,0.85625,654.0
2026-08-10 10:00:00,2026-08-10 07:00:00,2026-08-10 15:00:00,0.85624,0.85625,0.85616,0.85623,649.0
2026-08-10 10:05:00,2026-08-10 07:05:00,2026-08-10 15:05:00,0.85621,0.85631,0.85619,0.85619,603.0
2026-08-10 10:10:00,2026-08-10 07:10:00,2026-08-10 15:10:00,0.8562,0.85622,0.8561,0.85617,740.0
2026-08-10 10:15:00,2026-08-10 07:15:00,2026-08-10 15:15:00,0.85619,0.85632,0.85617,0.85628,847.0
2026-08-10 10:20:00,2026-08-10 07:20:00,2026-08-10 15:20:00,0.85629,0.85645,0.85629,0.8564,899.0
2026-08-10 10:25:00,2026-08-10 07:25:00,2026-08-10 15:25:00,0.85641,0.85653,0.85638,0.85651,531.0
2026-08-10 10:30:00,2026-08-10 07:30:00,2026-08-10 15:30:00,0.85652,0.85658,0.85646,0.85648,609.0
2026-08-10 10:35:00,2026-08-10 07:35:00,2026-08-10 15:35:00,0.8565,0.85658,0.85643,0.85658,1022.0
2026-08-10 10:40:00,2026-08-10 07:40:00,2026-08-10 15:40:00,0.85657,0.85662,0.85648,0.85661,496.0
2026-08-10 10:45:00,2026-08-10 07:45:00,2026-08-10 15:45:00,0.8566,0.85667,0.85658,0.85665,598.0
2026-08-10 10:50:00,2026-08-10 07:50:00,2026-08-10 15:50:00,0.85664,0.85667,0.85649,0.85654,585.0
2026-08-10 10:55:00,2026-08-10 07:55:00,2026-08-10 15:55:00,0.85655,0.85668,0.85652,0.85661,608.0
2026-08-10 11:00:00,2026-08-10 08:00:00,2026-08-10 16:00:00,0.85662,0.85666,0.85656,0.8566,574.0
2026-08-10 11:05:00,2026-08-10 08:05:00,2026-08-10 16:05:00,0.85659,0.85663,0.85637,0.85642,770.0
2026-08-10 11:10:00,2026-08-10 08:10:00,2026-08-10 16:10:00,0.85644,0.85654,0.85636,0.85638,632.0
2026-08-10 11:15:00,2026-08-10 08:15:00,2026-08-10 16:15:00,0.85635,0.85647,0.85633,0.85639,626.0
2026-08-10 11:20:00,2026-08-10 08:20:00,2026-08-10 16:20:00,0.8564,0.85641,0.85633,0.85641,696.0
2026-08-10 11:25:00,2026-08-10 08:25:00,2026-08-10 16:25:00,0.85642,0.85649,0.85639,0.85645,530.0
2026-08-10 11:30:00,2026-08-10 08:30:00,2026-08-10 16:30:00,0.85646,0.85646,0.8563,0.85638,638.0
2026-08-10 11:35:00,2026-08-10 08:35:00,2026-08-10 16:35:00,0.85639,0.85642,0.85633,0.85638,488.0
2026-08-10 11:40:00,2026-08-10 08:40:00,2026-08-10 16:40:00,0.85636,0.85639,0.85632,0.85638,643.0
2026-08-10 11:45:00,2026-08-10 08:45:00,2026-08-10 16:45:00,0.85636,0.85642,0.85635,0.85642,578.0
2026-08-10 11:50:00,2026-08-10 08:50:00,2026-08-10 16:50:00,0.85641,0.85642,0.85622,0.85623,502.0
2026-08-10 11:55:00,2026-08-10 08:55:00,2026-08-10 16:55:00,0.85624,0.85631,0.85615,0.85616,431.0
2026-08-10 12:00:00,2026-08-10 09:00:00,2026-08-10 17:00:00,0.85615,0.85617,0.85605,0.85616,568.0
2026-08-10 12:05:00,2026-08-10 09:05:00,2026-08-10 17:05:00,0.85614,0.8562,0.85607,0.8562,420.0
2026-08-10 12:10:00,2026-08-10 09:10:00,2026-08-10 17:10:00,0.85619,0.85626,0.85611,0.85612,493.0
2026-08-10 12:15:00,2026-08-10 09:15:00,2026-08-10 17:15:00,0.85613,0.85618,0.85612,0.85617,508.0
2026-08-10 12:20:00,2026-08-10 09:20:00,2026-08-10 17:20:00,0.85618,0.8562,0.85612,0.85613,469.0
2026-08-10 12:25:00,2026-08-10 09:25:00,2026-08-10 17:25:00,0.85612,0.85615,0.85608,0.85613,431.0
2026-08-10 12:30:00,2026-08-10 09:30:00,2026-08-10 17:30:00,0.85614,0.8562,0.8561,0.85617,681.0
2026-08-10 12:35:00,2026-08-10 09:35:00,2026-08-10 17:35:00,0.85616,0.85637,0.85615,0.85634,613.0
2026-08-10 12:40:00,2026-08-10 09:40:00,2026-08-10 17:40:00,0.85635,0.85654,0.8563,0.8565,601.0
2026-08-10 12:45:00,2026-08-10 09:45:00,2026-08-10 17:45:00,0.85649,0.8565,0.85636,0.85639,488.0
2026-08-10 12:50:00,2026-08-10 09:50:00,2026-08-10 17:50:00,0.8564,0.85648,0.85637,0.85646,546.0
2026-08-10 12:55:00,2026-08-10 09:55:00,2026-08-10 17:55:00,0.85647,0.85649,0.85632,0.85636,620.0
2026-08-10 13:00:00,2026-08-10 10:00:00,2026-08-10 18:00:00,0.85637,0.85651,0.85631,0.85631,870.0
2026-08-10 13:05:00,2026-08-10 10:05:00,2026-08-10 18:05:00,0.85632,0.85634,0.85621,0.85624,677.0
2026-08-10 13:10:00,2026-08-10 10:10:00,2026-08-10 18:10:00,0.85623,0.85624,0.85616,0.85621,706.0
2026-08-10 13:15:00,2026-08-10 10:15:00,2026-08-10 18:15:00,0.8562,0.85626,0.85617,0.85623,502.0
2026-08-10 13:20:00,2026-08-10 10:20:00,2026-08-10 18:20:00,0.85621,0.85625,0.85616,0.85623,588.0
2026-08-10 13:25:00,2026-08-10 10:25:00,2026-08-10 18:25:00,0.85621,0.85626,0.85617,0.85625,572.0
2026-08-10 13:30:00,2026-08-10 10:30:00,2026-08-10 18:30:00,0.85623,0.85631,0.85606,0.85607,606.0
2026-08-10 13:35:00,2026-08-10 10:35:00,2026-08-10 18:35:00,0.85608,0.85609,0.856,0.85604,504.0
2026-08-10 13:40:00,2026-08-10 10:40:00,2026-08-10 18:40:00,0.85603,0.85605,0.85597,0.85604,483.0
2026-08-10 13:45:00,2026-08-10 10:45:00,2026-08-10 18:45:00,0.85603,0.85605,0.85594,0.85598,422.0
2026-08-10 13:50:00,2026-08-10 10:50:00,2026-08-10 18:50:00,0.85597,0.85606,0.85597,0.85601,414.0
2026-08-10 13:55:00,2026-08-10 10:55:00,2026-08-10 18:55:00,0.856,0.85604,0.85589,0.85589,510.0
2026-08-10 14:00:00,2026-08-10 11:00:00,2026-08-10 19:00:00,0.8559,0.85593,0.8558,0.85591,564.0
2026-08-10 14:05:00,2026-08-10 11:05:00,2026-08-10 19:05:00,0.8559,0.85596,0.85583,0.85588,528.0
2026-08-10 14:10:00,2026-08-10 11:10:00,2026-08-10 19:10:00,0.85586,0.85588,0.85581,0.85583,440.0
2026-08-10 14:15:00,2026-08-10 11:15:00,2026-08-10 19:15:00,0.85582,0.85588,0.85571,0.85572,436.0
2026-08-10 14:20:00,2026-08-10 11:20:00,2026-08-10 19:20:00,0.85571,0.85575,0.85562,0.85572,553.0
2026-08-10 14:25:00,2026-08-10 11:25:00,2026-08-10 19:25:00,0.85573,0.85575,0.85565,0.85573,490.0
2026-08-10 14:30:00,2026-08-10 11:30:00,2026-08-10 19:30:00,0.85574,0.85581,0.85566,0.85566,475.0
2026-08-10 14:35:00,2026-08-10 11:35:00,2026-08-10 19:35:00,0.85565,0.85568,0.85552,0.85553,398.0
2026-08-10 14:40:00,2026-08-10 11:40:00,2026-08-10 19:40:00,0.85554,0.85562,0.85553,0.85555,480.0
2026-08-10 14:45:00,2026-08-10 11:45:00,2026-08-10 19:45:00,0.85554,0.85569,0.85554,0.85565,654.0
2026-08-10 14:50:00,2026-08-10 11:50:00,2026-08-10 19:50:00,0.85566,0.85566,0.85558,0.8556,558.0
2026-08-10 14:55:00,2026-08-10 11:55:00,2026-08-10 19:55:00,0.85561,0.8557,0.85558,0.85566,420.0
2026-08-10 15:00:00,2026-08-10 12:00:00,2026-08-10 20:00:00,0.85565,0.85576,0.85564,0.85575,465.0
2026-08-10 15:05:00,2026-08-10 12:05:00,2026-08-10 20:05:00,0.85574,0.85585,0.85564,0.85565,608.0
2026-08-10 15:10:00,2026-08-10 12:10:00,2026-08-10 20:10:00,0.85566,0.85581,0.85563,0.85578,570.0
2026-08-10 15:15:00,2026-08-10 12:15:00,2026-08-10 20:15:00,0.85579,0.85583,0.85568,0.85577,586.0
2026-08-10 15:20:00,2026-08-10 12:20:00,2026-08-10 20:20:00,0.85576,0.85588,0.85576,0.85586,734.0
2026-08-10 15:25:00,2026-08-10 12:25:00,2026-08-10 20:25:00,0.85587,0.85589,0.85576,0.85581,864.0
2026-08-10 15:30:00,2026-08-10 12:30:00,2026-08-10 20:30:00,0.8558,0.85587,0.85576,0.85577,870.0
2026-08-10 15:35:00,2026-08-10 12:35:00,2026-08-10 20:35:00,0.85576,0.85597,0.85575,0.85591,619.0
2026-08-10 15:40:00,2026-08-10 12:40:00,2026-08-10 20:40:00,0.8559,0.85591,0.85565,0.85574,550.0
2026-08-10 15:45:00,2026-08-10 12:45:00,2026-08-10 20:45:00,0.85573,0.85581,0.85568,0.8557,816.0
2026-08-10 15:50:00,2026-08-10 12:50:00,2026-08-10 20:50:00,0.85571,0.85579,0.85568,0.85569,1008.0
2026-08-10 15:55:00,2026-08-10 12:55:00,2026-08-10 20:55:00,0.8557,0.85572,0.85558,0.85566,741.0
2026-08-10 16:00:00,2026-08-10 13:00:00,2026-08-10 21:00:00,0.85565,0.85565,0.85555,0.85556,842.0
2026-08-10 16:05:00,2026-08-10 13:05:00,2026-08-10 21:05:00,0.85557,0.8556,0.85552,0.85556,934.0
2026-08-10 16:10:00,2026-08-10 13:10:00,2026-08-10 21:10:00,0.85557,0.85561,0.85546,0.85548,1129.0
2026-08-10 16:15:00,2026-08-10 13:15:00,2026-08-10 21:15:00,0.85546,0.8555,0.85534,0.85543,1063.0
2026-08-10 16:20:00,2026-08-10 13:20:00,2026-08-10 21:20:00,0.85542,0.85546,0.85533,0.85545,850.0
2026-08-10 16:25:00,2026-08-10 13:25:00,2026-08-10 21:25:00,0.85544,0.85552,0.85538,0.8555,884.0
2026-08-10 16:30:00,2026-08-10 13:30:00,2026-08-10 21:30:00,0.85549,0.85549,0.85529,0.8553,856.0
2026-08-10 16:35:00,2026-08-10 13:35:00,2026-08-10 21:35:00,0.85532,0.85536,0.85518,0.85528,977.0
2026-08-10 16:40:00,2026-08-10 13:40:00,2026-08-10 21:40:00,0.85527,0.8554,0.85521,0.85522,1012.0
2026-08-10 16:45:00,2026-08-10 13:45:00,2026-08-10 21:45:00,0.85523,0.85529,0.8552,0.85523,692.0
2026-08-10 16:50:00,2026-08-10 13:50:00,2026-08-10 21:50:00,0.85522,0.85531,0.85513,0.85514,785.0
2026-08-10 16:55:00,2026-08-10 13:55:00,2026-08-10 21:55:00,0.85513,0.8552,0.85486,0.85488,727.0
2026-08-10 17:00:00,2026-08-10 14:00:00,2026-08-10 22:00:00,0.85489,0.85495,0.85461,0.85468,970.0
2026-08-10 17:05:00,2026-08-10 14:05:00,2026-08-10 22:05:00,0.85467,0.85468,0.85441,0.85452,942.0
2026-08-10 17:10:00,2026-08-10 14:10:00,2026-08-10 22:10:00,0.85451,0.85457,0.85436,0.85441,799.0
2026-08-10 17:15:00,2026-08-10 14:15:00,2026-08-10 22:15:00,0.85443,0.85473,0.85439,0.85466,902.0
2026-08-10 17:20:00,2026-08-10 14:20:00,2026-08-10 22:20:00,0.85465,0.85475,0.85463,0.85473,762.0
2026-08-10 17:25:00,2026-08-10 14:25:00,2026-08-10 22:25:00,0.85472,0.85482,0.8546,0.85462,764.0
2026-08-10 17:30:00,2026-08-10 14:30:00,2026-08-10 22:30:00,0.85462,0.8547,0.85453,0.85468,694.0
2026-08-10 17:35:00,2026-08-10 14:35:00,2026-08-10 22:35:00,0.85469,0.8547,0.85451,0.85466,752.0
2026-08-10 17:40:00,2026-08-10 14:40:00,2026-08-10 22:40:00,0.85467,0.85471,0.85422,0.85425,853.0
2026-08-10 17:45:00,2026-08-10 14:45:00,2026-08-10 22:45:00,0.85426,0.85432,0.854,0.85407,680.0
2026-08-10 17:50:00,2026-08-10 14:50:00,2026-08-10 22:50:00,0.85408,0.85445,0.85408,0.85442,790.0
2026-08-10 17:55:00,2026-08-10 14:55:00,2026-08-10 22:55:00,0.85443,0.85455,0.85431,0.85437,823.0
2026-08-10 18:00:00,2026-08-10 15:00:00,2026-08-10 23:00:00,0.85438,0.85445,0.85426,0.85436,748.0
2026-08-10 18:05:00,2026-08-10 15:05:00,2026-08-10 23:05:00,0.85437,0.85444,0.85425,0.85431,680.0
2026-08-10 18:10:00,2026-08-10 15:10:00,2026-08-10 23:10:00,0.85429,0.85433,0.85416,0.85421,816.0
2026-08-10 18:15:00,2026-08-10 15:15:00,2026-08-10 23:15:00,0.8542,0.85437,0.85417,0.85424,956.0
2026-08-10 18:20:00,2026-08-10 15:20:00,2026-08-10 23:20:00,0.85421,0.85425,0.85399,0.85406,766.0
2026-08-10 18:25:00,2026-08-10 15:25:00,2026-08-10 23:25:00,0.85405,0.85418,0.85404,0.85406,965.0
2026-08-10 18:30:00,2026-08-10 15:30:00,2026-08-10 23:30:00,0.85408,0.85412,0.85391,0.85391,767.0
2026-08-10 18:35:00,2026-08-10 15:35:00,2026-08-10 23:35:00,0.85392,0.85392,0.85373,0.85375,626.0
2026-08-10 18:40:00,2026-08-10 15:40:00,2026-08-10 23:40:00,0.85376,0.85384,0.85365,0.85371,760.0
2026-08-10 18:45:00,2026-08-10 15:45:00,2026-08-10 23:45:00,0.85369,0.85384,0.85368,0.85384,720.0
2026-08-10 18:50:00,2026-08-10 15:50:00,2026-08-10 23:50:00,0.85382,0.85422,0.85379,0.85416,712.0
2026-08-10 18:55:00,2026-08-10 15:55:00,2026-08-10 23:55:00,0.85417,0.85418,0.85399,0.85406,492.0
2026-08-10 19:00:00,2026-08-10 16:00:00,2026-08-11 00:00:00,0.85405,0.85429,0.85403,0.85422,587.0
2026-08-10 19:05:00,2026-08-10 16:05:00,2026-08-11 00:05:00,0.85424,0.85428,0.85413,0.85427,436.0
2026-08-10 19:10:00,2026-08-10 16:10:00,2026-08-11 00:10:00,0.85426,0.85431,0.8542,0.85423,384.0
2026-08-10 19:15:00,2026-08-10 16:15:00,2026-08-11 00:15:00,0.85422,0.85436,0.85422,0.85432,430.0
2026-08-10 19:20:00,2026-08-10 16:20:00,2026-08-11 00:20:00,0.85432,0.85434,0.85427,0.85429,661.0
2026-08-10 19:25:00,2026-08-10 16:25:00,2026-08-11 00:25:00,0.8543,0.85431,0.85422,0.85427,650.0
2026-08-10 19:30:00,2026-08-10 16:30:00,2026-08-11 00:30:00,0.85428,0.85439,0.85422,0.85435,614.0
2026-08-10 19:35:00,2026-08-10 16:35:00,2026-08-11 00:35:00,0.85434,0.8544,0.8543,0.85439,524.0
2026-08-10 19:40:00,2026-08-10 16:40:00,2026-08-11 00:40:00,0.85438,0.85447,0.85426,0.85428,705.0
2026-08-10 19:45:00,2026-08-10 16:45:00,2026-08-11 00:45:00,0.85429,0.85435,0.85424,0.85433,560.0
2026-08-10 19:50:00,2026-08-10 16:50:00,2026-08-11 00:50:00,0.85434,0.85446,0.8543,0.85444,683.0
2026-08-10 19:55:00,2026-08-10 16:55:00,2026-08-11 00:55:00,0.85443,0.85448,0.8544,0.85446,514.0
2026-08-10 20:00:00,2026-08-10 17:00:00,2026-08-11 01:00:00,0.85445,0.85448,0.8544,0.85445,550.0
2026-08-10 20:05:00,2026-08-10 17:05:00,2026-08-11 01:05:00,0.85446,0.85452,0.85445,0.85448,419.0
2026-08-10 20:10:00,2026-08-10 17:10:00,2026-08-11 01:10:00,0.85449,0.85449,0.85441,0.85445,570.0
2026-08-10 20:15:00,2026-08-10 17:15:00,2026-08-11 01:15:00,0.85446,0.85449,0.85439,0.85443,736.0
2026-08-10 20:20:00,2026-08-10 17:20:00,2026-08-11 01:20:00,0.85441,0.85446,0.8544,0.85445,629.0
2026-08-10 20:25:00,2026-08-10 17:25:00,2026-08-11 01:25:00,0.85444,0.8545,0.85441,0.85448,668.0
2026-08-10 20:30:00,2026-08-10 17:30:00,2026-08-11 01:30:00,0.85449,0.85464,0.85447,0.8546,586.0
2026-08-10 20:35:00,2026-08-10 17:35:00,2026-08-11 01:35:00,0.85459,0.85462,0.85456,0.85459,542.0
2026-08-10 20:40:00,2026-08-10 17:40:00,2026-08-11 01:40:00,0.8546,0.85466,0.85456,0.85462,518.0
2026-08-10 20:45:00,2026-08-10 17:45:00,2026-08-11 01:45:00,0.85463,0.85469,0.8546,0.85464,475.0
2026-08-10 20:50:00,2026-08-10 17:50:00,2026-08-11 01:50:00,0.85463,0.85464,0.85457,0.8546,411.0
2026-08-10 20:55:00,2026-08-10 17:55:00,2026-08-11 01:55:00,0.85459,0.85463,0.85455,0.85461,538.0
2026-08-10 21:00:00,2026-08-10 18:00:00,2026-08-11 02:00:00,0.85459,0.85468,0.85456,0.85468,633.0
2026-08-10 21:05:00,2026-08-10 18:05:00,2026-08-11 02:05:00,0.85466,0.8547,0.85465,0.85468,399.0
2026-08-10 21:10:00,2026-08-10 18:10:00,2026-08-11 02:10:00,0.85467,0.85469,0.85457,0.85457,381.0
2026-08-10 21:15:00,2026-08-10 18:15:00,2026-08-11 02:15:00,0.85459,0.85459,0.85445,0.85449,338.0
2026-08-10 21:20:00,2026-08-10 18:20:00,2026-08-11 02:20:00,0.8545,0.85452,0.85443,0.85451,274.0
2026-08-10 21:25:00,2026-08-10 18:25:00,2026-08-11 02:25:00,0.85452,0.85455,0.85446,0.85448,436.0
2026-08-10 21:30:00,2026-08-10 18:30:00,2026-08-11 02:30:00,0.85446,0.85451,0.85443,0.85445,518.0
2026-08-10 21:35:00,2026-08-10 18:35:00,2026-08-11 02:35:00,0.85444,0.85453,0.85443,0.8545,300.0
2026-08-10 21:40:00,2026-08-10 18:40:00,2026-08-11 02:40:00,0.85451,0.85451,0.85441,0.85442,477.0
2026-08-10 21:45:00,2026-08-10 18:45:00,2026-08-11 02:45:00,0.85443,0.85444,0.8544,0.85441,322.0
2026-08-10 21:50:00,2026-08-10 18:50:00,2026-08-11 02:50:00,0.85442,0.85445,0.85436,0.85436,477.0
2026-08-10 21:55:00,2026-08-10 18:55:00,2026-08-11 02:55:00,0.85437,0.85441,0.85434,0.8544,405.0
2026-08-10 22:00:00,2026-08-10 19:00:00,2026-08-11 03:00:00,0.85441,0.85444,0.85438,0.85443,364.0
2026-08-10 22:05:00,2026-08-10 19:05:00,2026-08-11 03:05:00,0.85441,0.85448,0.85441,0.85443,419.0
2026-08-10 22:10:00,2026-08-10 19:10:00,2026-08-11 03:10:00,0.85444,0.85448,0.85441,0.85442,512.0
2026-08-10 22:15:00,2026-08-10 19:15:00,2026-08-11 03:15:00,0.85443,0.85447,0.85441,0.85446,457.0
2026-08-10 22:20:00,2026-08-10 19:20:00,2026-08-11 03:20:00,0.85444,0.85446,0.85441,0.85445,374.0
2026-08-10 22:25:00,2026-08-10 19:25:00,2026-08-11 03:25:00,0.85446,0.85449,0.85444,0.85449,470.0
2026-08-10 22:30:00,2026-08-10 19:30:00,2026-08-11 03:30:00,0.85449,0.85455,0.85448,0.85454,469.0
2026-08-10 22:35:00,2026-08-10 19:35:00,2026-08-11 03:35:00,0.85455,0.85458,0.8545,0.85452,542.0
2026-08-10 22:40:00,2026-08-10 19:40:00,2026-08-11 03:40:00,0.8545,0.85456,0.85449,0.85452,523.0
2026-08-10 22:45:00,2026-08-10 19:45:00,2026-08-11 03:45:00,0.85454,0.85456,0.85445,0.85452,342.0
2026-08-10 22:50:00,2026-08-10 19:50:00,2026-08-11 03:50:00,0.85453,0.85453,0.85444,0.85444,387.0
2026-08-10 22:55:00,2026-08-10 19:55:00,2026-08-11 03:55:00,0.85443,0.85449,0.85439,0.85442,666.0
2026-08-10 23:00:00,2026-08-10 20:00:00,2026-08-11 04:00:00,0.85443,0.85443,0.85437,0.8544,292.0
2026-08-10 23:05:00,2026-08-10 20:05:00,2026-08-11 04:05:00,0.85441,0.85442,0.85437,0.85442,336.0
2026-08-10 23:10:00,2026-08-10 20:10:00,2026-08-11 04:10:00,0.85441,0.85449,0.8544,0.85447,412.0
2026-08-10 23:15:00,2026-08-10 20:15:00,2026-08-11 04:15:00,0.85449,0.85453,0.85446,0.85451,344.0
2026-08-10 23:20:00,2026-08-10 20:20:00,2026-08-11 04:20:00,0.85452,0.85453,0.85447,0.85452,248.0
2026-08-10 23:25:00,2026-08-10 20:25:00,2026-08-11 04:25:00,0.8545,0.85454,0.85447,0.85454,393.0
2026-08-10 23:30:00,2026-08-10 20:30:00,2026-08-11 04:30:00,0.85455,0.85455,0.85449,0.85451,168.0
2026-08-10 23:35:00,2026-08-10 20:35:00,2026-08-11 04:35:00,0.8545,0.85456,0.8545,0.85454,168.0
2026-08-10 23:40:00,2026-08-10 20:40:00,2026-08-11 04:40:00,0.85453,0.85453,0.85449,0.85449,72.0
2026-08-10 23:45:00,2026-08-10 20:45:00,2026-08-11 04:45:00,0.8545,0.85453,0.85448,0.85453,254.0
2026-08-10 23:50:00,2026-08-10 20:50:00,2026-08-11 04:50:00,0.85454,0.85459,0.85451,0.85458,92.0
2026-08-10 23:55:00,2026-08-10 20:55:00,2026-08-11 04:55:00,0.85457,0.85457,0.85449,0.8545,339.0
2026-08-11 00:00:00,2026-08-10 21:00:00,2026-08-11 05:00:00,0.85434,0.85446,0.85422,0.85433,21.0
2026-08-11 00:05:00,2026-08-10 21:05:00,2026-08-11 05:05:00,0.85432,0.85447,0.85431,0.85445,41.0
2026-08-11 00:10:00,2026-08-10 21:10:00,2026-08-11 05:10:00,0.85445,0.85453,0.85432,0.8545,35.0
2026-08-11 00:15:00,2026-08-10 21:15:00,2026-08-11 05:15:00,0.85449,0.85453,0.85442,0.8545,37.0
2026-08-11 00:20:00,2026-08-10 21:20:00,2026-08-11 05:20:00,0.8544,0.85442,0.85432,0.85439,32.0
2026-08-11 00:25:00,2026-08-10 21:25:00,2026-08-11 05:25:00,0.8544,0.8544,0.85404,0.85432,133.0
2026-08-11 00:30:00,2026-08-10 21:30:00,2026-08-11 05:30:00,0.85433,0.85452,0.85428,0.85444,212.0
2026-08-11 00:35:00,2026-08-10 21:35:00,2026-08-11 05:35:00,0.85444,0.85445,0.85427,0.8544,40.0
2026-08-11 00:40:00,2026-08-10 21:40:00,2026-08-11 05:40:00,0.8544,0.85442,0.85437,0.8544,103.0
2026-08-11 00:45:00,2026-08-10 21:45:00,2026-08-11 05:45:00,0.85439,0.85442,0.85439,0.85441,23.0
2026-08-11 00:50:00,2026-08-10 21:50:00,2026-08-11 05:50:00,0.85442,0.85446,0.85431,0.85445,78.0
2026-08-11 00:55:00,2026-08-10 21:55:00,2026-08-11 05:55:00,0.85444,0.85444,0.85429,0.85429,103.0
2026-08-11 01:00:00,2026-08-10 22:00:00,2026-08-11 06:00:00,0.8543,0.85463,0.8543,0.85454,761.0
2026-08-11 01:05:00,2026-08-10 22:05:00,2026-08-11 06:05:00,0.85457,0.85461,0.85452,0.85455,497.0
2026-08-11 01:10:00,2026-08-10 22:10:00,2026-08-11 06:10:00,0.85457,0.85458,0.85451,0.85454,293.0
2026-08-11 01:15:00,2026-08-10 22:15:00,2026-08-11 06:15:00,0.85453,0.85456,0.85452,0.85454,171.0
2026-08-11 01:20:00,2026-08-10 22:20:00,2026-08-11 06:20:00,0.85453,0.85459,0.85453,0.85456,456.0
2026-08-11 01:25:00,2026-08-10 22:25:00,2026-08-11 06:25:00,0.85456,0.8546,0.85456,0.85459,295.0
2026-08-11 01:30:00,2026-08-10 22:30:00,2026-08-11 06:30:00,0.85458,0.8546,0.85454,0.85458,219.0
2026-08-11 01:35:00,2026-08-10 22:35:00,2026-08-11 06:35:00,0.85457,0.85459,0.85454,0.85455,137.0
2026-08-11 01:40:00,2026-08-10 22:40:00,2026-08-11 06:40:00,0.85456,0.85457,0.85454,0.85455,159.0
2026-08-11 01:45:00,2026-08-10 22:45:00,2026-08-11 06:45:00,0.85456,0.85457,0.8545,0.85453,249.0
2026-08-11 01:50:00,2026-08-10 22:50:00,2026-08-11 06:50:00,0.85451,0.85454,0.8545,0.85451,197.0
2026-08-11 01:55:00,2026-08-10 22:55:00,2026-08-11 06:55:00,0.85453,0.85454,0.8545,0.85453,95.0
2026-08-11 02:00:00,2026-08-10 23:00:00,2026-08-11 07:00:00,0.85454,0.85455,0.8545,0.85453,236.0
2026-08-11 02:05:00,2026-08-10 23:05:00,2026-08-11 07:05:00,0.85454,0.85455,0.85453,0.85453,112.0
2026-08-11 02:10:00,2026-08-10 23:10:00,2026-08-11 07:10:00,0.85454,0.85454,0.85452,0.85453,108.0
2026-08-11 02:15:00,2026-08-10 23:15:00,2026-08-11 07:15:00,0.85454,0.85454,0.85453,0.85453,100.0
2026-08-11 02:20:00,2026-08-10 23:20:00,2026-08-11 07:20:00,0.85454,0.85454,0.85452,0.85453,164.0
2026-08-11 02:25:00,2026-08-10 23:25:00,2026-08-11 07:25:00,0.85454,0.85455,0.85453,0.85455,96.0
2026-08-11 02:30:00,2026-08-10 23:30:00,2026-08-11 07:30:00,0.85454,0.85457,0.85454,0.85455,102.0
2026-08-11 02:35:00,2026-08-10 23:35:00,2026-08-11 07:35:00,0.85457,0.85457,0.8545,0.85452,148.0
2026-08-11 02:40:00,2026-08-10 23:40:00,2026-08-11 07:40:00,0.85451,0.85462,0.8545,0.8546,222.0
2026-08-11 02:45:00,2026-08-10 23:45:00,2026-08-11 07:45:00,0.85461,0.85463,0.85455,0.85455,114.0
2026-08-11 02:50:00,2026-08-10 23:50:00,2026-08-11 07:50:00,0.85456,0.85458,0.85456,0.85456,96.0
2026-08-11 02:55:00,2026-08-10 23:55:00,2026-08-11 07:55:00,0.85458,0.8546,0.85455,0.85458,74.0
2026-08-11 03:00:00,2026-08-11 00:00:00,2026-08-11 08:00:00,0.85456,0.85461,0.85453,0.85455,343.0
2026-08-11 03:05:00,2026-08-11 00:05:00,2026-08-11 08:05:00,0.85454,0.85455,0.85451,0.85453,166.0
2026-08-11 03:10:00,2026-08-11 00:10:00,2026-08-11 08:10:00,0.85452,0.85458,0.85452,0.85458,408.0
2026-08-11 03:15:00,2026-08-11 00:15:00,2026-08-11 08:15:00,0.85459,0.85464,0.85458,0.85458,283.0
2026-08-11 03:20:00,2026-08-11 00:20:00,2026-08-11 08:20:00,0.85459,0.85461,0.85458,0.8546,160.0
2026-08-11 03:25:00,2026-08-11 00:25:00,2026-08-11 08:25:00,0.85459,0.85462,0.85458,0.85459,374.0
2026-08-11 03:30:00,2026-08-11 00:30:00,2026-08-11 08:30:00,0.85458,0.85461,0.85455,0.85456,370.0
2026-08-11 03:35:00,2026-08-11 00:35:00,2026-08-11 08:35:00,0.85457,0.85459,0.85454,0.85458,402.0
2026-08-11 03:40:00,2026-08-11 00:40:00,2026-08-11 08:40:00,0.85459,0.85459,0.85455,0.85455,288.0
2026-08-11 03:45:00,2026-08-11 00:45:00,2026-08-11 08:45:00,0.85454,0.85458,0.85453,0.85457,279.0
2026-08-11 03:50:00,2026-08-11 00:50:00,2026-08-11 08:50:00,0.85458,0.85463,0.85457,0.85462,179.0
2026-08-11 03:55:00,2026-08-11 00:55:00,2026-08-11 08:55:00,0.85461,0.85463,0.85455,0.85457,291.0
2026-08-11 04:00:00,2026-08-11 01:00:00,2026-08-11 09:00:00,0.85458,0.85467,0.85456,0.85466,310.0
2026-08-11 04:05:00,2026-08-11 01:05:00,2026-08-11 09:05:00,0.85465,0.85468,0.85463,0.85465,246.0
2026-08-11 04:10:00,2026-08-11 01:10:00,2026-08-11 09:10:00,0.85464,0.85464,0.8546,0.85462,415.0
2026-08-11 04:15:00,2026-08-11 01:15:00,2026-08-11 09:15:00,0.85461,0.85467,0.85461,0.85465,485.0
2026-08-11 04:20:00,2026-08-11 01:20:00,2026-08-11 09:20:00,0.85466,0.85466,0.85458,0.85462,767.0
2026-08-11 04:25:00,2026-08-11 01:25:00,2026-08-11 09:25:00,0.8546,0.85463,0.85458,0.85461,764.0
2026-08-11 04:30:00,2026-08-11 01:30:00,2026-08-11 09:30:00,0.8546,0.85463,0.85457,0.85458,548.0
2026-08-11 04:35:00,2026-08-11 01:35:00,2026-08-11 09:35:00,0.85459,0.85463,0.85454,0.85462,604.0
2026-08-11 04:40:00,2026-08-11 01:40:00,2026-08-11 09:40:00,0.85463,0.85464,0.8546,0.85462,594.0
2026-08-11 04:45:00,2026-08-11 01:45:00,2026-08-11 09:45:00,0.85461,0.85462,0.85456,0.85456,535.0
2026-08-11 04:50:00,2026-08-11 01:50:00,2026-08-11 09:50:00,0.85457,0.85459,0.85454,0.85457,260.0
2026-08-11 04:55:00,2026-08-11 01:55:00,2026-08-11 09:55:00,0.85458,0.85462,0.85457,0.8546,492.0
2026-08-11 05:00:00,2026-08-11 02:00:00,2026-08-11 10:00:00,0.85459,0.85461,0.85456,0.85457,459.0
2026-08-11 05:05:00,2026-08-11 02:05:00,2026-08-11 10:05:00,0.85458,0.85458,0.85451,0.85453,154.0
2026-08-11 05:10:00,2026-08-11 02:10:00,2026-08-11 10:10:00,0.85454,0.85455,0.85451,0.85452,321.0
2026-08-11 05:15:00,2026-08-11 02:15:00,2026-08-11 10:15:00,0.85451,0.85454,0.85449,0.85453,288.0
2026-08-11 05:20:00,2026-08-11 02:20:00,2026-08-11 10:20:00,0.85452,0.85454,0.85445,0.85447,416.0
2026-08-11 05:25:00,2026-08-11 02:25:00,2026-08-11 10:25:00,0.85446,0.85453,0.85446,0.85448,414.0
2026-08-11 05:30:00,2026-08-11 02:30:00,2026-08-11 10:30:00,0.85447,0.8545,0.85444,0.85447,174.0
2026-08-11 05:35:00,2026-08-11 02:35:00,2026-08-11 10:35:00,0.85448,0.85449,0.85444,0.85447,252.0
2026-08-11 05:40:00,2026-08-11 02:40:00,2026-08-11 10:40:00,0.85446,0.85449,0.85444,0.85447,650.0
2026-08-11 05:45:00,2026-08-11 02:45:00,2026-08-11 10:45:00,0.85449,0.85449,0.85445,0.85446,596.0
2026-08-11 05:50:00,2026-08-11 02:50:00,2026-08-11 10:50:00,0.85447,0.8545,0.85445,0.85447,327.0
2026-08-11 05:55:00,2026-08-11 02:55:00,2026-08-11 10:55:00,0.85446,0.8546,0.85444,0.85452,439.0
2026-08-11 06:00:00,2026-08-11 03:00:00,2026-08-11 11:00:00,0.85451,0.85452,0.85443,0.85447,250.0
2026-08-11 06:05:00,2026-08-11 03:05:00,2026-08-11 11:05:00,0.85445,0.85447,0.8544,0.85443,568.0
2026-08-11 06:10:00,2026-08-11 03:10:00,2026-08-11 11:10:00,0.85442,0.85445,0.85441,0.85443,344.0
2026-08-11 06:15:00,2026-08-11 03:15:00,2026-08-11 11:15:00,0.85442,0.85448,0.85442,0.85445,545.0
2026-08-11 06:20:00,2026-08-11 03:20:00,2026-08-11 11:20:00,0.85443,0.85447,0.85439,0.85441,521.0
2026-08-11 06:25:00,2026-08-11 03:25:00,2026-08-11 11:25:00,0.85443,0.85443,0.85433,0.85437,421.0
2026-08-11 06:30:00,2026-08-11 03:30:00,2026-08-11 11:30:00,0.85435,0.85439,0.85434,0.85438,305.0
2026-08-11 06:35:00,2026-08-11 03:35:00,2026-08-11 11:35:00,0.85436,0.85441,0.85435,0.85437,423.0
2026-08-11 06:40:00,2026-08-11 03:40:00,2026-08-11 11:40:00,0.85435,0.85439,0.85434,0.85438,383.0
2026-08-11 06:45:00,2026-08-11 03:45:00,2026-08-11 11:45:00,0.85439,0.85439,0.85435,0.85436,430.0
2026-08-11 06:50:00,2026-08-11 03:50:00,2026-08-11 11:50:00,0.85437,0.85439,0.85435,0.85437,364.0
2026-08-11 06:55:00,2026-08-11 03:55:00,2026-08-11 11:55:00,0.85438,0.8544,0.85434,0.85437,530.0
2026-08-11 07:00:00,2026-08-11 04:00:00,2026-08-11 12:00:00,0.85438,0.85442,0.85436,0.85441,260.0
2026-08-11 07:05:00,2026-08-11 04:05:00,2026-08-11 12:05:00,0.8544,0.85441,0.85435,0.85439,240.0
2026-08-11 07:10:00,2026-08-11 04:10:00,2026-08-11 12:10:00,0.8544,0.85441,0.85438,0.8544,298.0
2026-08-11 07:15:00,2026-08-11 04:15:00,2026-08-11 12:15:00,0.85439,0.85441,0.85436,0.85439,470.0
2026-08-11 07:20:00,2026-08-11 04:20:00,2026-08-11 12:20:00,0.85438,0.8544,0.85436,0.85439,396.0
2026-08-11 07:25:00,2026-08-11 04:25:00,2026-08-11 12:25:00,0.85438,0.85439,0.85434,0.85435,210.0
2026-08-11 07:30:00,2026-08-11 04:30:00,2026-08-11 12:30:00,0.85437,0.85444,0.8543,0.85436,482.0
2026-08-11 07:35:00,2026-08-11 04:35:00,2026-08-11 12:35:00,0.85435,0.85438,0.85431,0.85438,337.0
2026-08-11 07:40:00,2026-08-11 04:40:00,2026-08-11 12:40:00,0.85437,0.85438,0.85429,0.85433,443.0
2026-08-11 07:45:00,2026-08-11 04:45:00,2026-08-11 12:45:00,0.85431,0.85437,0.85429,0.85432,686.0
2026-08-11 07:50:00,2026-08-11 04:50:00,2026-08-11 12:50:00,0.85434,0.85434,0.85426,0.85426,798.0
2026-08-11 07:55:00,2026-08-11 04:55:00,2026-08-11 12:55:00,0.85427,0.85431,0.85426,0.85428,762.0
2026-08-11 08:00:00,2026-08-11 05:00:00,2026-08-11 13:00:00,0.8543,0.8543,0.85425,0.85429,574.0
2026-08-11 08:05:00,2026-08-11 05:05:00,2026-08-11 13:05:00,0.8543,0.85433,0.85427,0.85433,446.0
2026-08-11 08:10:00,2026-08-11 05:10:00,2026-08-11 13:10:00,0.85431,0.85436,0.85428,0.85434,238.0
2026-08-11 08:15:00,2026-08-11 05:15:00,2026-08-11 13:15:00,0.85436,0.85437,0.8543,0.85432,374.0
2026-08-11 08:20:00,2026-08-11 05:20:00,2026-08-11 13:20:00,0.85433,0.85435,0.85431,0.85433,238.0
2026-08-11 08:25:00,2026-08-11 05:25:00,2026-08-11 13:25:00,0.85432,0.85438,0.85431,0.85438,264.0
2026-08-11 08:30:00,2026-08-11 05:30:00,2026-08-11 13:30:00,0.85437,0.85438,0.85427,0.8543,619.0
2026-08-11 08:35:00,2026-08-11 05:35:00,2026-08-11 13:35:00,0.85429,0.85431,0.85413,0.85415,442.0
2026-08-11 08:40:00,2026-08-11 05:40:00,2026-08-11 13:40:00,0.85414,0.85417,0.8541,0.85414,309.0
2026-08-11 08:45:00,2026-08-11 05:45:00,2026-08-11 13:45:00,0.85415,0.85417,0.85411,0.85413,364.0
2026-08-11 08:50:00,2026-08-11 05:50:00,2026-08-11 13:50:00,0.85411,0.85414,0.85405,0.85408,395.0
2026-08-11 08:55:00,2026-08-11 05:55:00,2026-08-11 13:55:00,0.85409,0.85414,0.85406,0.85412,288.0
2026-08-11 09:00:00,2026-08-11 06:00:00,2026-08-11 14:00:00,0.8541,0.85411,0.85403,0.85406,492.0
2026-08-11 09:05:00,2026-08-11 06:05:00,2026-08-11 14:05:00,0.85405,0.85407,0.85399,0.85402,657.0
2026-08-11 09:10:00,2026-08-11 06:10:00,2026-08-11 14:10:00,0.854,0.85404,0.85394,0.85399,820.0
2026-08-11 09:15:00,2026-08-11 06:15:00,2026-08-11 14:15:00,0.85398,0.85418,0.85393,0.85418,599.0
2026-08-11 09:20:00,2026-08-11 06:20:00,2026-08-11 14:20:00,0.85419,0.85422,0.85413,0.85414,456.0
2026-08-11 09:25:00,2026-08-11 06:25:00,2026-08-11 14:25:00,0.85413,0.85422,0.85412,0.85414,693.0
2026-08-11 09:30:00,2026-08-11 06:30:00,2026-08-11 14:30:00,0.85412,0.85421,0.85409,0.8542,755.0
2026-08-11 09:35:00,2026-08-11 06:35:00,2026-08-11 14:35:00,0.85419,0.85426,0.85406,0.85412,619.0
2026-08-11 09:40:00,2026-08-11 06:40:00,2026-08-11 14:40:00,0.8541,0.85417,0.85407,0.85416,610.0
2026-08-11 09:45:00,2026-08-11 06:45:00,2026-08-11 14:45:00,0.85415,0.85421,0.85412,0.85415,632.0
2026-08-11 09:50:00,2026-08-11 06:50:00,2026-08-11 14:50:00,0.85414,0.85424,0.85413,0.85423,603.0
2026-08-11 09:55:00,2026-08-11 06:55:00,2026-08-11 14:55:00,0.85421,0.85428,0.85419,0.85424,624.0
2026-08-11 10:00:00,2026-08-11 07:00:00,2026-08-11 15:00:00,0.85422,0.85438,0.85417,0.85433,592.0
2026-08-11 10:05:00,2026-08-11 07:05:00,2026-08-11 15:05:00,0.85434,0.85434,0.85419,0.85432,551.0
2026-08-11 10:10:00,2026-08-11 07:10:00,2026-08-11 15:10:00,0.85431,0.85441,0.85429,0.85433,610.0
2026-08-11 10:15:00,2026-08-11 07:15:00,2026-08-11 15:15:00,0.85435,0.85448,0.85432,0.85444,365.0
2026-08-11 10:20:00,2026-08-11 07:20:00,2026-08-11 15:20:00,0.85445,0.85462,0.85443,0.85458,575.0
2026-08-11 10:25:00,2026-08-11 07:25:00,2026-08-11 15:25:00,0.85459,0.85463,0.85449,0.85459,577.0
2026-08-11 10:30:00,2026-08-11 07:30:00,2026-08-11 15:30:00,0.85458,0.85462,0.85445,0.85447,548.0
2026-08-11 10:35:00,2026-08-11 07:35:00,2026-08-11 15:35:00,0.85444,0.85458,0.8544,0.85457,496.0
2026-08-11 10:40:00,2026-08-11 07:40:00,2026-08-11 15:40:00,0.85458,0.85464,0.85447,0.85449,471.0
2026-08-11 10:45:00,2026-08-11 07:45:00,2026-08-11 15:45:00,0.85447,0.85456,0.85442,0.85443,745.0
2026-08-11 10:50:00,2026-08-11 07:50:00,2026-08-11 15:50:00,0.85444,0.85453,0.85439,0.85449,537.0
2026-08-11 10:55:00,2026-08-11 07:55:00,2026-08-11 15:55:00,0.85448,0.85453,0.85442,0.85445,791.0
2026-08-11 11:00:00,2026-08-11 08:00:00,2026-08-11 16:00:00,0.85444,0.85447,0.85438,0.85446,657.0
2026-08-11 11:05:00,2026-08-11 08:05:00,2026-08-11 16:05:00,0.85447,0.8545,0.8543,0.85436,566.0
2026-08-11 11:10:00,2026-08-11 08:10:00,2026-08-11 16:10:00,0.85437,0.85443,0.85431,0.85434,454.0
2026-08-11 11:15:00,2026-08-11 08:15:00,2026-08-11 16:15:00,0.85433,0.85435,0.8542,0.85423,535.0
2026-08-11 11:20:00,2026-08-11 08:20:00,2026-08-11 16:20:00,0.85424,0.85428,0.85421,0.85425,495.0
2026-08-11 11:25:00,2026-08-11 08:25:00,2026-08-11 16:25:00,0.85424,0.85429,0.8542,0.85427,452.0
2026-08-11 11:30:00,2026-08-11 08:30:00,2026-08-11 16:30:00,0.85428,0.85429,0.85412,0.85414,397.0
2026-08-11 11:35:00,2026-08-11 08:35:00,2026-08-11 16:35:00,0.85412,0.8542,0.85409,0.85417,385.0
2026-08-11 11:40:00,2026-08-11 08:40:00,2026-08-11 16:40:00,0.85418,0.85428,0.85416,0.85428,384.0
2026-08-11 11:45:00,2026-08-11 08:45:00,2026-08-11 16:45:00,0.85429,0.85431,0.85418,0.85422,320.0
2026-08-11 11:50:00,2026-08-11 08:50:00,2026-08-11 16:50:00,0.85423,0.85434,0.85422,0.85432,444.0
2026-08-11 11:55:00,2026-08-11 08:55:00,2026-08-11 16:55:00,0.85433,0.85436,0.85426,0.85428,371.0
2026-08-11 12:00:00,2026-08-11 09:00:00,2026-08-11 17:00:00,0.85427,0.85436,0.85425,0.85432,437.0
2026-08-11 12:05:00,2026-08-11 09:05:00,2026-08-11 17:05:00,0.85433,0.85434,0.85427,0.85433,360.0
2026-08-11 12:10:00,2026-08-11 09:10:00,2026-08-11 17:10:00,0.85434,0.85444,0.85429,0.85442,358.0
2026-08-11 12:15:00,2026-08-11 09:15:00,2026-08-11 17:15:00,0.85443,0.85449,0.85437,0.85439,408.0
2026-08-11 12:20:00,2026-08-11 09:20:00,2026-08-11 17:20:00,0.85438,0.85441,0.8543,0.85433,331.0
2026-08-11 12:25:00,2026-08-11 09:25:00,2026-08-11 17:25:00,0.85432,0.85438,0.85429,0.85434,344.0
2026-08-11 12:30:00,2026-08-11 09:30:00,2026-08-11 17:30:00,0.85433,0.85433,0.85424,0.85428,356.0
2026-08-11 12:35:00,2026-08-11 09:35:00,2026-08-11 17:35:00,0.85429,0.85432,0.85425,0.85428,288.0
2026-08-11 12:40:00,2026-08-11 09:40:00,2026-08-11 17:40:00,0.85429,0.85433,0.85422,0.85424,288.0
2026-08-11 12:45:00,2026-08-11 09:45:00,2026-08-11 17:45:00,0.85423,0.85427,0.85421,0.85423,238.0
2026-08-11 12:50:00,2026-08-11 09:50:00,2026-08-11 17:50:00,0.85422,0.85429,0.8542,0.85427,212.0
2026-08-11 12:55:00,2026-08-11 09:55:00,2026-08-11 17:55:00,0.85429,0.85434,0.85424,0.85434,427.0
2026-08-11 13:00:00,2026-08-11 10:00:00,2026-08-11 18:00:00,0.85433,0.85439,0.85426,0.85434,436.0
2026-08-11 13:05:00,2026-08-11 10:05:00,2026-08-11 18:05:00,0.85435,0.8544,0.85434,0.85435,412.0
2026-08-11 13:10:00,2026-08-11 10:10:00,2026-08-11 18:10:00,0.85436,0.85445,0.85435,0.85444,324.0
2026-08-11 13:15:00,2026-08-11 10:15:00,2026-08-11 18:15:00,0.85443,0.85448,0.85439,0.85443,425.0
2026-08-11 13:20:00,2026-08-11 10:20:00,2026-08-11 18:20:00,0.85444,0.85449,0.85441,0.85443,466.0
2026-08-11 13:25:00,2026-08-11 10:25:00,2026-08-11 18:25:00,0.85442,0.85454,0.85442,0.85454,485.0
2026-08-11 13:30:00,2026-08-11 10:30:00,2026-08-11 18:30:00,0.85455,0.85455,0.85441,0.85447,487.0
2026-08-11 13:35:00,2026-08-11 10:35:00,2026-08-11 18:35:00,0.85446,0.85454,0.85446,0.85451,338.0
2026-08-11 13:40:00,2026-08-11 10:40:00,2026-08-11 18:40:00,0.8545,0.85454,0.85447,0.85448,412.0
2026-08-11 13:45:00,2026-08-11 10:45:00,2026-08-11 18:45:00,0.85446,0.85454,0.85441,0.85454,355.0
2026-08-11 13:50:00,2026-08-11 10:50:00,2026-08-11 18:50:00,0.85453,0.85463,0.85451,0.85461,303.0
2026-08-11 13:55:00,2026-08-11 10:55:00,2026-08-11 18:55:00,0.8546,0.85469,0.85458,0.85467,503.0
2026-08-11 14:00:00,2026-08-11 11:00:00,2026-08-11 19:00:00,0.85466,0.85473,0.85446,0.85471,815.0
2026-08-11 14:05:00,2026-08-11 11:05:00,2026-08-11 19:05:00,0.85472,0.85488,0.85472,0.85482,792.0
2026-08-11 14:10:00,2026-08-11 11:10:00,2026-08-11 19:10:00,0.85483,0.85498,0.85483,0.85497,584.0
2026-08-11 14:15:00,2026-08-11 11:15:00,2026-08-11 19:15:00,0.85496,0.85497,0.85482,0.8549,504.0
2026-08-11 14:20:00,2026-08-11 11:20:00,2026-08-11 19:20:00,0.85489,0.8549,0.85479,0.8548,532.0
2026-08-11 14:25:00,2026-08-11 11:25:00,2026-08-11 19:25:00,0.85481,0.85482,0.85467,0.85472,588.0
2026-08-11 14:30:00,2026-08-11 11:30:00,2026-08-11 19:30:00,0.85473,0.85473,0.85466,0.85472,384.0
2026-08-11 14:35:00,2026-08-11 11:35:00,2026-08-11 19:35:00,0.85471,0.85483,0.85468,0.8548,480.0
2026-08-11 14:40:00,2026-08-11 11:40:00,2026-08-11 19:40:00,0.85478,0.85481,0.85468,0.85473,558.0
2026-08-11 14:45:00,2026-08-11 11:45:00,2026-08-11 19:45:00,0.85474,0.85485,0.85469,0.85485,450.0
2026-08-11 14:50:00,2026-08-11 11:50:00,2026-08-11 19:50:00,0.85486,0.8549,0.85478,0.8549,448.0
2026-08-11 14:55:00,2026-08-11 11:55:00,2026-08-11 19:55:00,0.85489,0.85499,0.85488,0.85496,418.0
2026-08-11 15:00:00,2026-08-11 12:00:00,2026-08-11 20:00:00,0.85497,0.855,0.85494,0.85498,431.0
2026-08-11 15:05:00,2026-08-11 12:05:00,2026-08-11 20:05:00,0.85499,0.85499,0.8548,0.85482,547.0
2026-08-11 15:10:00,2026-08-11 12:10:00,2026-08-11 20:10:00,0.85481,0.85494,0.85479,0.85489,777.0
2026-08-11 15:15:00,2026-08-11 12:15:00,2026-08-11 20:15:00,0.85487,0.85492,0.85484,0.85487,604.0
2026-08-11 15:20:00,2026-08-11 12:20:00,2026-08-11 20:20:00,0.85486,0.85488,0.85476,0.85482,774.0
2026-08-11 15:25:00,2026-08-11 12:25:00,2026-08-11 20:25:00,0.85481,0.85484,0.85474,0.85481,482.0
2026-08-11 15:30:00,2026-08-11 12:30:00,2026-08-11 20:30:00,0.85482,0.85486,0.85475,0.85481,548.0
2026-08-11 15:35:00,2026-08-11 12:35:00,2026-08-11 20:35:00,0.85482,0.85494,0.85478,0.85492,554.0
2026-08-11 15:40:00,2026-08-11 12:40:00,2026-08-11 20:40:00,0.85494,0.85501,0.85488,0.85498,672.0
2026-08-11 15:45:00,2026-08-11 12:45:00,2026-08-11 20:45:00,0.85497,0.85508,0.85494,0.85507,378.0
2026-08-11 15:50:00,2026-08-11 12:50:00,2026-08-11 20:50:00,0.85506,0.85508,0.85497,0.85498,724.0
2026-08-11 15:55:00,2026-08-11 12:55:00,2026-08-11 20:55:00,0.85495,0.85507,0.85491,0.85498,586.0
2026-08-11 16:00:00,2026-08-11 13:00:00,2026-08-11 21:00:00,0.85497,0.85502,0.85485,0.85502,443.0
2026-08-11 16:05:00,2026-08-11 13:05:00,2026-08-11 21:05:00,0.85501,0.85507,0.85498,0.85501,487.0
2026-08-11 16:10:00,2026-08-11 13:10:00,2026-08-11 21:10:00,0.85502,0.85502,0.85487,0.855,562.0
2026-08-11 16:15:00,2026-08-11 13:15:00,2026-08-11 21:15:00,0.85501,0.85504,0.85495,0.85499,622.0
2026-08-11 16:20:00,2026-08-11 13:20:00,2026-08-11 21:20:00,0.855,0.85509,0.85497,0.85506,634.0
2026-08-11 16:25:00,2026-08-11 13:25:00,2026-08-11 21:25:00,0.85505,0.85505,0.85488,0.8549,811.0
2026-08-11 16:30:00,2026-08-11 13:30:00,2026-08-11 21:30:00,0.85487,0.85501,0.85484,0.85496,1132.0
2026-08-11 16:35:00,2026-08-11 13:35:00,2026-08-11 21:35:00,0.85497,0.85498,0.85485,0.85492,520.0
2026-08-11 16:40:00,2026-08-11 13:40:00,2026-08-11 21:40:00,0.85491,0.85496,0.8548,0.85489,398.0
2026-08-11 16:45:00,2026-08-11 13:45:00,2026-08-11 21:45:00,0.85488,0.85498,0.85487,0.85495,497.0
2026-08-11 16:50:00,2026-08-11 13:50:00,2026-08-11 21:50:00,0.85496,0.85511,0.85493,0.855,431.0
2026-08-11 16:55:00,2026-08-11 13:55:00,2026-08-11 21:55:00,0.85497,0.85504,0.85491,0.85504,559.0
2026-08-11 17:00:00,2026-08-11 14:00:00,2026-08-11 22:00:00,0.85503,0.85505,0.85486,0.85487,648.0
2026-08-11 17:05:00,2026-08-11 14:05:00,2026-08-11 22:05:00,0.85489,0.85489,0.85481,0.85483,664.0
2026-08-11 17:10:00,2026-08-11 14:10:00,2026-08-11 22:10:00,0.85484,0.8549,0.85477,0.85481,638.0
2026-08-11 17:15:00,2026-08-11 14:15:00,2026-08-11 22:15:00,0.85483,0.85483,0.85459,0.85466,918.0
2026-08-11 17:20:00,2026-08-11 14:20:00,2026-08-11 22:20:00,0.85467,0.85471,0.85461,0.85468,671.0
2026-08-11 17:25:00,2026-08-11 14:25:00,2026-08-11 22:25:00,0.85469,0.85469,0.85453,0.85456,598.0
2026-08-11 17:30:00,2026-08-11 14:30:00,2026-08-11 22:30:00,0.85455,0.85457,0.8545,0.85453,672.0
2026-08-11 17:35:00,2026-08-11 14:35:00,2026-08-11 22:35:00,0.85452,0.85462,0.85444,0.85458,659.0
2026-08-11 17:40:00,2026-08-11 14:40:00,2026-08-11 22:40:00,0.85457,0.8546,0.85442,0.85444,616.0
2026-08-11 17:45:00,2026-08-11 14:45:00,2026-08-11 22:45:00,0.85443,0.85449,0.85439,0.85445,590.0
2026-08-11 17:50:00,2026-08-11 14:50:00,2026-08-11 22:50:00,0.85446,0.85451,0.85438,0.85445,622.0
2026-08-11 17:55:00,2026-08-11 14:55:00,2026-08-11 22:55:00,0.85446,0.85452,0.85441,0.85447,642.0
2026-08-11 18:00:00,2026-08-11 15:00:00,2026-08-11 23:00:00,0.85446,0.85455,0.85444,0.85453,749.0
2026-08-11 18:05:00,2026-08-11 15:05:00,2026-08-11 23:05:00,0.85452,0.85453,0.85435,0.85439,544.0
2026-08-11 18:10:00,2026-08-11 15:10:00,2026-08-11 23:10:00,0.8544,0.85449,0.85433,0.85443,436.0
2026-08-11 18:15:00,2026-08-11 15:15:00,2026-08-11 23:15:00,0.85442,0.85444,0.85437,0.85442,724.0
2026-08-11 18:20:00,2026-08-11 15:20:00,2026-08-11 23:20:00,0.85441,0.85447,0.85431,0.85436,611.0
2026-08-11 18:25:00,2026-08-11 15:25:00,2026-08-11 23:25:00,0.85438,0.85438,0.85419,0.85426,658.0
2026-08-11 18:30:00,2026-08-11 15:30:00,2026-08-11 23:30:00,0.85425,0.85431,0.8541,0.85417,1170.0
2026-08-11 18:35:00,2026-08-11 15:35:00,2026-08-11 23:35:00,0.85416,0.85424,0.85407,0.8542,740.0
2026-08-11 18:40:00,2026-08-11 15:40:00,2026-08-11 23:40:00,0.85419,0.8544,0.85419,0.85433,648.0
2026-08-11 18:45:00,2026-08-11 15:45:00,2026-08-11 23:45:00,0.85432,0.85439,0.85428,0.85437,588.0
2026-08-11 18:50:00,2026-08-11 15:50:00,2026-08-11 23:50:00,0.85436,0.85446,0.85436,0.85442,658.0
2026-08-11 18:55:00,2026-08-11 15:55:00,2026-08-11 23:55:00,0.85443,0.85446,0.85411,0.85411,707.0
2026-08-11 19:00:00,2026-08-11 16:00:00,2026-08-12 00:00:00,0.8541,0.85425,0.8541,0.85425,1033.0
2026-08-11 19:05:00,2026-08-11 16:05:00,2026-08-12 00:05:00,0.85424,0.85439,0.85422,0.85435,632.0
2026-08-11 19:10:00,2026-08-11 16:10:00,2026-08-12 00:10:00,0.85434,0.85441,0.85434,0.85441,406.0
2026-08-11 19:15:00,2026-08-11 16:15:00,2026-08-12 00:15:00,0.8544,0.85441,0.85436,0.8544,332.0
2026-08-11 19:20:00,2026-08-11 16:20:00,2026-08-12 00:20:00,0.85439,0.85442,0.85437,0.85441,540.0
2026-08-11 19:25:00,2026-08-11 16:25:00,2026-08-12 00:25:00,0.8544,0.8545,0.85437,0.85446,766.0
2026-08-11 19:30:00,2026-08-11 16:30:00,2026-08-12 00:30:00,0.85447,0.85456,0.85445,0.85456,531.0
2026-08-11 19:35:00,2026-08-11 16:35:00,2026-08-12 00:35:00,0.85457,0.85464,0.85456,0.85464,554.0
2026-08-11 19:40:00,2026-08-11 16:40:00,2026-08-12 00:40:00,0.85463,0.85466,0.85459,0.8546,658.0
2026-08-11 19:45:00,2026-08-11 16:45:00,2026-08-12 00:45:00,0.85461,0.85461,0.85443,0.85445,608.0
2026-08-11 19:50:00,2026-08-11 16:50:00,2026-08-12 00:50:00,0.85444,0.8545,0.85443,0.85446,786.0
2026-08-11 19:55:00,2026-08-11 16:55:00,2026-08-12 00:55:00,0.85448,0.85448,0.85436,0.85441,710.0
2026-08-11 20:00:00,2026-08-11 17:00:00,2026-08-12 01:00:00,0.85442,0.85452,0.85433,0.85448,711.0
2026-08-11 20:05:00,2026-08-11 17:05:00,2026-08-12 01:05:00,0.85449,0.85456,0.85448,0.8545,573.0
2026-08-11 20:10:00,2026-08-11 17:10:00,2026-08-12 01:10:00,0.85451,0.85462,0.85449,0.85461,540.0
2026-08-11 20:15:00,2026-08-11 17:15:00,2026-08-12 01:15:00,0.8546,0.85465,0.85457,0.85459,222.0
2026-08-11 20:20:00,2026-08-11 17:20:00,2026-08-12 01:20:00,0.85458,0.85461,0.85452,0.8546,430.0
2026-08-11 20:25:00,2026-08-11 17:25:00,2026-08-12 01:25:00,0.85458,0.85459,0.85453,0.85454,538.0
2026-08-11 20:30:00,2026-08-11 17:30:00,2026-08-12 01:30:00,0.85455,0.85458,0.8545,0.85457,424.0
2026-08-11 20:35:00,2026-08-11 17:35:00,2026-08-12 01:35:00,0.85456,0.85461,0.85454,0.85454,416.0
2026-08-11 20:40:00,2026-08-11 17:40:00,2026-08-12 01:40:00,0.85453,0.85455,0.85448,0.8545,498.0
2026-08-11 20:45:00,2026-08-11 17:45:00,2026-08-12 01:45:00,0.85449,0.85452,0.85446,0.85446,437.0
2026-08-11 20:50:00,2026-08-11 17:50:00,2026-08-12 01:50:00,0.85447,0.85453,0.85445,0.85453,349.0
2026-08-11 20:55:00,2026-08-11 17:55:00,2026-08-12 01:55:00,0.85454,0.85459,0.8545,0.85453,477.0
2026-08-11 21:00:00,2026-08-11 18:00:00,2026-08-12 02:00:00,0.85452,0.85461,0.85451,0.85461,599.0
2026-08-11 21:05:00,2026-08-11 18:05:00,2026-08-12 02:05:00,0.85459,0.85464,0.85459,0.8546,464.0
2026-08-11 21:10:00,2026-08-11 18:10:00,2026-08-12 02:10:00,0.85461,0.85463,0.85458,0.85459,460.0
2026-08-11 21:15:00,2026-08-11 18:15:00,2026-08-12 02:15:00,0.8546,0.85469,0.85458,0.85466,380.0
2026-08-11 21:20:00,2026-08-11 18:20:00,2026-08-12 02:20:00,0.85465,0.8547,0.85464,0.8547,326.0
2026-08-11 21:25:00,2026-08-11 18:25:00,2026-08-12 02:25:00,0.85471,0.85476,0.85469,0.85475,474.0
2026-08-11 21:30:00,2026-08-11 18:30:00,2026-08-12 02:30:00,0.85474,0.85479,0.85471,0.85477,309.0
2026-08-11 21:35:00,2026-08-11 18:35:00,2026-08-12 02:35:00,0.85476,0.85478,0.85471,0.85473,246.0
2026-08-11 21:40:00,2026-08-11 18:40:00,2026-08-12 02:40:00,0.85472,0.85477,0.8547,0.85472,509.0
2026-08-11 21:45:00,2026-08-11 18:45:00,2026-08-12 02:45:00,0.85473,0.85476,0.8547,0.85471,320.0
2026-08-11 21:50:00,2026-08-11 18:50:00,2026-08-12 02:50:00,0.8547,0.85476,0.85468,0.85468,409.0
2026-08-11 21:55:00,2026-08-11 18:55:00,2026-08-12 02:55:00,0.85469,0.85471,0.85462,0.85465,417.0
2026-08-11 22:00:00,2026-08-11 19:00:00,2026-08-12 03:00:00,0.85464,0.85468,0.85458,0.85465,759.0
2026-08-11 22:05:00,2026-08-11 19:05:00,2026-08-12 03:05:00,0.85467,0.85472,0.85462,0.8547,934.0
2026-08-11 22:10:00,2026-08-11 19:10:00,2026-08-12 03:10:00,0.85469,0.85471,0.85462,0.85463,550.0
2026-08-11 22:15:00,2026-08-11 19:15:00,2026-08-12 03:15:00,0.85464,0.85467,0.85461,0.85464,570.0
2026-08-11 22:20:00,2026-08-11 19:20:00,2026-08-12 03:20:00,0.85463,0.85468,0.85463,0.85465,561.0
2026-08-11 22:25:00,2026-08-11 19:25:00,2026-08-12 03:25:00,0.85467,0.85467,0.85457,0.85462,457.0
2026-08-11 22:30:00,2026-08-11 19:30:00,2026-08-12 03:30:00,0.85464,0.85466,0.85461,0.85463,759.0
2026-08-11 22:35:00,2026-08-11 19:35:00,2026-08-12 03:35:00,0.85464,0.85465,0.85457,0.85459,700.0
2026-08-11 22:40:00,2026-08-11 19:40:00,2026-08-12 03:40:00,0.8546,0.85461,0.85457,0.85459,730.0
2026-08-11 22:45:00,2026-08-11 19:45:00,2026-08-12 03:45:00,0.8546,0.85462,0.85457,0.85457,688.0
2026-08-11 22:50:00,2026-08-11 19:50:00,2026-08-12 03:50:00,0.85458,0.85459,0.85454,0.85456,768.0
2026-08-11 22:55:00,2026-08-11 19:55:00,2026-08-12 03:55:00,0.85457,0.85459,0.85447,0.85451,738.0
2026-08-11 23:00:00,2026-08-11 20:00:00,2026-08-12 04:00:00,0.8545,0.85452,0.85444,0.85451,666.0
2026-08-11 23:05:00,2026-08-11 20:05:00,2026-08-12 04:05:00,0.8545,0.85454,0.85448,0.85451,264.0
2026-08-11 23:10:00,2026-08-11 20:10:00,2026-08-12 04:10:00,0.8545,0.85456,0.8545,0.85452,208.0
2026-08-11 23:15:00,2026-08-11 20:15:00,2026-08-12 04:15:00,0.85453,0.85455,0.85451,0.85451,278.0
2026-08-11 23:20:00,2026-08-11 20:20:00,2026-08-12 04:20:00,0.85452,0.85454,0.85451,0.85452,118.0
2026-08-11 23:25:00,2026-08-11 20:25:00,2026-08-12 04:25:00,0.85453,0.8546,0.85451,0.85459,188.0
2026-08-11 23:30:00,2026-08-11 20:30:00,2026-08-12 04:30:00,0.85458,0.85465,0.85458,0.85461,138.0
2026-08-11 23:35:00,2026-08-11 20:35:00,2026-08-12 04:35:00,0.85462,0.85462,0.85454,0.85456,174.0
2026-08-11 23:40:00,2026-08-11 20:40:00,2026-08-12 04:40:00,0.85455,0.85456,0.8545,0.8545,233.0
2026-08-11 23:45:00,2026-08-11 20:45:00,2026-08-12 04:45:00,0.85452,0.85456,0.85445,0.85448,279.0
2026-08-11 23:50:00,2026-08-11 20:50:00,2026-08-12 04:50:00,0.85447,0.85447,0.8544,0.85444,642.0
2026-08-11 23:55:00,2026-08-11 20:55:00,2026-08-12 04:55:00,0.85443,0.85454,0.85443,0.8545,207.0
2026-08-12 00:00:00,2026-08-11 21:00:00,2026-08-12 05:00:00,0.85422,0.85425,0.85422,0.85423,8.0
2026-08-12 00:05:00,2026-08-11 21:05:00,2026-08-12 05:05:00,0.85424,0.85451,0.85419,0.85435,79.0
2026-08-12 00:10:00,2026-08-11 21:10:00,2026-08-12 05:10:00,0.85435,0.85436,0.85432,0.85436,37.0
2026-08-12 00:15:00,2026-08-11 21:15:00,2026-08-12 05:15:00,0.85437,0.85437,0.8543,0.85434,80.0
2026-08-12 00:20:00,2026-08-11 21:20:00,2026-08-12 05:20:00,0.85439,0.85445,0.85439,0.85443,102.0
2026-08-12 00:25:00,2026-08-11 21:25:00,2026-08-12 05:25:00,0.85442,0.85443,0.85425,0.85425,131.0
2026-08-12 00:30:00,2026-08-11 21:30:00,2026-08-12 05:30:00,0.85426,0.85434,0.85425,0.85432,114.0
2026-08-12 00:35:00,2026-08-11 21:35:00,2026-08-12 05:35:00,0.85433,0.85441,0.85432,0.8544,47.0
2026-08-12 00:40:00,2026-08-11 21:40:00,2026-08-12 05:40:00,0.85439,0.85441,0.85436,0.8544,46.0
2026-08-12 00:45:00,2026-08-11 21:45:00,2026-08-12 05:45:00,0.85439,0.8544,0.85435,0.85436,93.0
2026-08-12 00:50:00,2026-08-11 21:50:00,2026-08-12 05:50:00,0.85437,0.85437,0.85433,0.85434,40.0
2026-08-12 00:55:00,2026-08-11 21:55:00,2026-08-12 05:55:00,0.85433,0.85434,0.85416,0.85416,41.0
2026-08-12 01:00:00,2026-08-11 22:00:00,2026-08-12 06:00:00,0.85424,0.85458,0.85424,0.85451,611.0
2026-08-12 01:05:00,2026-08-11 22:05:00,2026-08-12 06:05:00,0.8545,0.85459,0.85449,0.85449,174.0
2026-08-12 01:10:00,2026-08-11 22:10:00,2026-08-12 06:10:00,0.8545,0.85458,0.85437,0.85438,240.0
2026-08-12 01:15:00,2026-08-11 22:15:00,2026-08-12 06:15:00,0.85438,0.85438,0.85433,0.85434,74.0
2026-08-12 01:20:00,2026-08-11 22:20:00,2026-08-12 06:20:00,0.85436,0.85437,0.85434,0.85436,85.0
2026-08-12 01:25:00,2026-08-11 22:25:00,2026-08-12 06:25:00,0.85435,0.85439,0.85433,0.85436,82.0
2026-08-12 01:30:00,2026-08-11 22:30:00,2026-08-12 06:30:00,0.85436,0.85439,0.85434,0.85435,83.0
2026-08-12 01:35:00,2026-08-11 22:35:00,2026-08-12 06:35:00,0.85434,0.85437,0.8543,0.85436,142.0
2026-08-12 01:40:00,2026-08-11 22:40:00,2026-08-12 06:40:00,0.85437,0.85439,0.85434,0.85438,283.0
2026-08-12 01:45:00,2026-08-11 22:45:00,2026-08-12 06:45:00,0.85439,0.85442,0.85437,0.8544,126.0
2026-08-12 01:50:00,2026-08-11 22:50:00,2026-08-12 06:50:00,0.85439,0.85442,0.85436,0.85438,285.0
2026-08-12 01:55:00,2026-08-11 22:55:00,2026-08-12 06:55:00,0.85441,0.85443,0.85438,0.85443,120.0
2026-08-12 02:00:00,2026-08-11 23:00:00,2026-08-12 07:00:00,0.85442,0.85443,0.85439,0.8544,118.0
2026-08-12 02:05:00,2026-08-11 23:05:00,2026-08-12 07:05:00,0.85441,0.85443,0.85438,0.8544,207.0
2026-08-12 02:10:00,2026-08-11 23:10:00,2026-08-12 07:10:00,0.85438,0.85442,0.85438,0.8544,294.0
2026-08-12 02:15:00,2026-08-11 23:15:00,2026-08-12 07:15:00,0.85441,0.85441,0.85437,0.85441,331.0
2026-08-12 02:20:00,2026-08-11 23:20:00,2026-08-12 07:20:00,0.85442,0.85445,0.8544,0.85442,83.0
2026-08-12 02:25:00,2026-08-11 23:25:00,2026-08-12 07:25:00,0.85441,0.85441,0.85438,0.85439,150.0
2026-08-12 02:30:00,2026-08-11 23:30:00,2026-08-12 07:30:00,0.85438,0.85443,0.85438,0.8544,162.0
2026-08-12 02:35:00,2026-08-11 23:35:00,2026-08-12 07:35:00,0.85441,0.85442,0.85439,0.85442,134.0
2026-08-12 02:40:00,2026-08-11 23:40:00,2026-08-12 07:40:00,0.85441,0.85453,0.8544,0.85453,200.0
2026-08-12 02:45:00,2026-08-11 23:45:00,2026-08-12 07:45:00,0.8545,0.85452,0.85446,0.85448,121.0
2026-08-12 02:50:00,2026-08-11 23:50:00,2026-08-12 07:50:00,0.85449,0.85451,0.85448,0.85449,142.0
2026-08-12 02:55:00,2026-08-11 23:55:00,2026-08-12 07:55:00,0.85448,0.85451,0.85448,0.85448,78.0
2026-08-12 03:00:00,2026-08-12 00:00:00,2026-08-12 08:00:00,0.85449,0.8545,0.85443,0.85445,375.0
2026-08-12 03:05:00,2026-08-12 00:05:00,2026-08-12 08:05:00,0.85446,0.85446,0.85441,0.85444,156.0
2026-08-12 03:10:00,2026-08-12 00:10:00,2026-08-12 08:10:00,0.85446,0.85447,0.85442,0.85443,94.0
2026-08-12 03:15:00,2026-08-12 00:15:00,2026-08-12 08:15:00,0.85442,0.85446,0.85442,0.85445,230.0
2026-08-12 03:20:00,2026-08-12 00:20:00,2026-08-12 08:20:00,0.85444,0.85447,0.85442,0.85444,258.0
2026-08-12 03:25:00,2026-08-12 00:25:00,2026-08-12 08:25:00,0.85443,0.85445,0.85442,0.85444,162.0
2026-08-12 03:30:00,2026-08-12 00:30:00,2026-08-12 08:30:00,0.85445,0.85446,0.85436,0.85438,326.0
2026-08-12 03:35:00,2026-08-12 00:35:00,2026-08-12 08:35:00,0.85437,0.85443,0.85437,0.85441,174.0
2026-08-12 03:40:00,2026-08-12 00:40:00,2026-08-12 08:40:00,0.8544,0.85445,0.85439,0.85439,274.0
2026-08-12 03:45:00,2026-08-12 00:45:00,2026-08-12 08:45:00,0.8544,0.85442,0.85437,0.85437,168.0
2026-08-12 03:50:00,2026-08-12 00:50:00,2026-08-12 08:50:00,0.85438,0.8544,0.85435,0.85435,270.0
2026-08-12 03:55:00,2026-08-12 00:55:00,2026-08-12 08:55:00,0.85436,0.85437,0.85433,0.85436,197.0
2026-08-12 04:00:00,2026-08-12 01:00:00,2026-08-12 09:00:00,0.85437,0.85441,0.85434,0.8544,219.0
2026-08-12 04:05:00,2026-08-12 01:05:00,2026-08-12 09:05:00,0.85439,0.85441,0.85432,0.85436,314.0
2026-08-12 04:10:00,2026-08-12 01:10:00,2026-08-12 09:10:00,0.85437,0.8544,0.85433,0.8544,326.0
2026-08-12 04:15:00,2026-08-12 01:15:00,2026-08-12 09:15:00,0.85439,0.85443,0.85436,0.85436,281.0
2026-08-12 04:20:00,2026-08-12 01:20:00,2026-08-12 09:20:00,0.85438,0.85438,0.8543,0.85432,651.0
2026-08-12 04:25:00,2026-08-12 01:25:00,2026-08-12 09:25:00,0.85431,0.85438,0.8543,0.85438,338.0
2026-08-12 04:30:00,2026-08-12 01:30:00,2026-08-12 09:30:00,0.85437,0.85439,0.85435,0.85437,328.0
2026-08-12 04:35:00,2026-08-12 01:35:00,2026-08-12 09:35:00,0.85436,0.85439,0.85435,0.85437,210.0
2026-08-12 04:40:00,2026-08-12 01:40:00,2026-08-12 09:40:00,0.85436,0.8544,0.85435,0.85438,250.0
2026-08-12 04:45:00,2026-08-12 01:45:00,2026-08-12 09:45:00,0.85437,0.85439,0.85425,0.85427,285.0
2026-08-12 04:50:00,2026-08-12 01:50:00,2026-08-12 09:50:00,0.85426,0.85429,0.85423,0.85428,194.0
2026-08-12 04:55:00,2026-08-12 01:55:00,2026-08-12 09:55:00,0.85429,0.85434,0.85428,0.85428,253.0
2026-08-12 05:00:00,2026-08-12 02:00:00,2026-08-12 10:00:00,0.85427,0.85435,0.85427,0.85434,158.0
2026-08-12 05:05:00,2026-08-12 02:05:00,2026-08-12 10:05:00,0.85435,0.85439,0.85434,0.85436,192.0
2026-08-12 05:10:00,2026-08-12 02:10:00,2026-08-12 10:10:00,0.85437,0.85438,0.85433,0.85435,312.0
2026-08-12 05:15:00,2026-08-12 02:15:00,2026-08-12 10:15:00,0.85436,0.85437,0.85431,0.85434,254.0
2026-08-12 05:20:00,2026-08-12 02:20:00,2026-08-12 10:20:00,0.85436,0.85436,0.85432,0.85435,216.0
2026-08-12 05:25:00,2026-08-12 02:25:00,2026-08-12 10:25:00,0.85434,0.85436,0.85428,0.85429,498.0
2026-08-12 05:30:00,2026-08-12 02:30:00,2026-08-12 10:30:00,0.8543,0.85434,0.85429,0.85433,246.0
2026-08-12 05:35:00,2026-08-12 02:35:00,2026-08-12 10:35:00,0.85432,0.85435,0.85429,0.85432,424.0
2026-08-12 05:40:00,2026-08-12 02:40:00,2026-08-12 10:40:00,0.85431,0.85432,0.85426,0.85429,382.0
2026-08-12 05:45:00,2026-08-12 02:45:00,2026-08-12 10:45:00,0.8543,0.8543,0.85424,0.85426,207.0
2026-08-12 05:50:00,2026-08-12 02:50:00,2026-08-12 10:50:00,0.85425,0.85427,0.85421,0.85422,440.0
2026-08-12 05:55:00,2026-08-12 02:55:00,2026-08-12 10:55:00,0.85423,0.85426,0.85422,0.85426,278.0
2026-08-12 06:00:00,2026-08-12 03:00:00,2026-08-12 11:00:00,0.85425,0.85426,0.85421,0.85423,202.0
2026-08-12 06:05:00,2026-08-12 03:05:00,2026-08-12 11:05:00,0.85424,0.85424,0.85419,0.85421,245.0
2026-08-12 06:10:00,2026-08-12 03:10:00,2026-08-12 11:10:00,0.8542,0.85421,0.85415,0.85415,346.0
2026-08-12 06:15:00,2026-08-12 03:15:00,2026-08-12 11:15:00,0.85416,0.85418,0.85415,0.85417,296.0
2026-08-12 06:20:00,2026-08-12 03:20:00,2026-08-12 11:20:00,0.85418,0.85419,0.85414,0.85414,192.0
2026-08-12 06:25:00,2026-08-12 03:25:00,2026-08-12 11:25:00,0.85413,0.85413,0.8541,0.85411,202.0
2026-08-12 06:30:00,2026-08-12 03:30:00,2026-08-12 11:30:00,0.85412,0.85413,0.8541,0.85411,222.0
2026-08-12 06:35:00,2026-08-12 03:35:00,2026-08-12 11:35:00,0.8541,0.85415,0.8541,0.85412,326.0
2026-08-12 06:40:00,2026-08-12 03:40:00,2026-08-12 11:40:00,0.85413,0.85418,0.85411,0.85415,210.0
2026-08-12 06:45:00,2026-08-12 03:45:00,2026-08-12 11:45:00,0.85416,0.85416,0.85411,0.85412,54.0
2026-08-12 06:50:00,2026-08-12 03:50:00,2026-08-12 11:50:00,0.85411,0.85413,0.8541,0.85413,102.0
2026-08-12 06:55:00,2026-08-12 03:55:00,2026-08-12 11:55:00,0.85414,0.85415,0.85411,0.85412,118.0
2026-08-12 07:00:00,2026-08-12 04:00:00,2026-08-12 12:00:00,0.85411,0.85414,0.8541,0.85412,161.0
2026-08-12 07:05:00,2026-08-12 04:05:00,2026-08-12 12:05:00,0.85411,0.85412,0.8541,0.85411,150.0
2026-08-12 07:10:00,2026-08-12 04:10:00,2026-08-12 12:10:00,0.8541,0.85412,0.85409,0.8541,194.0
2026-08-12 07:15:00,2026-08-12 04:15:00,2026-08-12 12:15:00,0.85411,0.85411,0.85405,0.8541,110.0
2026-08-12 07:20:00,2026-08-12 04:20:00,2026-08-12 12:20:00,0.85409,0.8541,0.85404,0.85407,114.0
2026-08-12 07:25:00,2026-08-12 04:25:00,2026-08-12 12:25:00,0.85406,0.85408,0.85403,0.85404,156.0
2026-08-12 07:30:00,2026-08-12 04:30:00,2026-08-12 12:30:00,0.85405,0.85409,0.85405,0.85405,170.0
2026-08-12 07:35:00,2026-08-12 04:35:00,2026-08-12 12:35:00,0.85406,0.85408,0.85404,0.85408,178.0
2026-08-12 07:40:00,2026-08-12 04:40:00,2026-08-12 12:40:00,0.85407,0.8541,0.85405,0.85407,302.0
2026-08-12 07:45:00,2026-08-12 04:45:00,2026-08-12 12:45:00,0.85406,0.85407,0.85402,0.85402,104.0
2026-08-12 07:50:00,2026-08-12 04:50:00,2026-08-12 12:50:00,0.85403,0.85406,0.854,0.85404,256.0
2026-08-12 07:55:00,2026-08-12 04:55:00,2026-08-12 12:55:00,0.85405,0.85408,0.85403,0.85404,170.0
2026-08-12 08:00:00,2026-08-12 05:00:00,2026-08-12 13:00:00,0.85403,0.85405,0.85402,0.85403,140.0
2026-08-12 08:05:00,2026-08-12 05:05:00,2026-08-12 13:05:00,0.85402,0.85404,0.85399,0.85402,204.0
2026-08-12 08:10:00,2026-08-12 05:10:00,2026-08-12 13:10:00,0.854,0.85402,0.85398,0.85399,66.0
2026-08-12 08:15:00,2026-08-12 05:15:00,2026-08-12 13:15:00,0.85399,0.85399,0.85394,0.85395,132.0
2026-08-12 08:20:00,2026-08-12 05:20:00,2026-08-12 13:20:00,0.85396,0.85406,0.85393,0.85403,207.0
2026-08-12 08:25:00,2026-08-12 05:25:00,2026-08-12 13:25:00,0.85404,0.85411,0.85402,0.85408,174.0
2026-08-12 08:30:00,2026-08-12 05:30:00,2026-08-12 13:30:00,0.85407,0.85413,0.85405,0.8541,154.0
2026-08-12 08:35:00,2026-08-12 05:35:00,2026-08-12 13:35:00,0.85411,0.85413,0.85409,0.85411,214.0
2026-08-12 08:40:00,2026-08-12 05:40:00,2026-08-12 13:40:00,0.85412,0.85412,0.85407,0.85411,302.0
2026-08-12 08:45:00,2026-08-12 05:45:00,2026-08-12 13:45:00,0.8541,0.85412,0.85404,0.85406,418.0
2026-08-12 08:50:00,2026-08-12 05:50:00,2026-08-12 13:50:00,0.85408,0.85408,0.854,0.85402,340.0
2026-08-12 08:55:00,2026-08-12 05:55:00,2026-08-12 13:55:00,0.85401,0.85403,0.85395,0.85396,346.0
2026-08-12 09:00:00,2026-08-12 06:00:00,2026-08-12 14:00:00,0.85395,0.85407,0.85392,0.85402,417.0
2026-08-12 09:05:00,2026-08-12 06:05:00,2026-08-12 14:05:00,0.85403,0.8541,0.85403,0.85405,354.0
2026-08-12 09:10:00,2026-08-12 06:10:00,2026-08-12 14:10:00,0.85406,0.85408,0.854,0.85406,327.0
2026-08-12 09:15:00,2026-08-12 06:15:00,2026-08-12 14:15:00,0.85405,0.85413,0.85403,0.85408,887.0
2026-08-12 09:20:00,2026-08-12 06:20:00,2026-08-12 14:20:00,0.85409,0.85414,0.85406,0.85414,828.0
2026-08-12 09:25:00,2026-08-12 06:25:00,2026-08-12 14:25:00,0.85415,0.85419,0.85414,0.85417,713.0
2026-08-12 09:30:00,2026-08-12 06:30:00,2026-08-12 14:30:00,0.85416,0.85423,0.85409,0.85414,444.0
2026-08-12 09:35:00,2026-08-12 06:35:00,2026-08-12 14:35:00,0.85415,0.85415,0.85403,0.85403,619.0
2026-08-12 09:40:00,2026-08-12 06:40:00,2026-08-12 14:40:00,0.85404,0.85409,0.85398,0.854,647.0
2026-08-12 09:45:00,2026-08-12 06:45:00,2026-08-12 14:45:00,0.85399,0.85408,0.85397,0.85404,797.0
2026-08-12 09:50:00,2026-08-12 06:50:00,2026-08-12 14:50:00,0.85406,0.85411,0.85402,0.85408,570.0
2026-08-12 09:55:00,2026-08-12 06:55:00,2026-08-12 14:55:00,0.85409,0.85415,0.85402,0.85404,801.0
2026-08-12 10:00:00,2026-08-12 07:00:00,2026-08-12 15:00:00,0.85403,0.85406,0.85395,0.85403,627.0
2026-08-12 10:05:00,2026-08-12 07:05:00,2026-08-12 15:05:00,0.85402,0.85403,0.85394,0.854,608.0
2026-08-12 10:10:00,2026-08-12 07:10:00,2026-08-12 15:10:00,0.85401,0.85406,0.854,0.85401,707.0
2026-08-12 10:15:00,2026-08-12 07:15:00,2026-08-12 15:15:00,0.85403,0.85406,0.85398,0.85401,671.0
2026-08-12 10:20:00,2026-08-12 07:20:00,2026-08-12 15:20:00,0.854,0.85406,0.85399,0.85402,436.0
2026-08-12 10:25:00,2026-08-12 07:25:00,2026-08-12 15:25:00,0.85403,0.85408,0.85394,0.85396,422.0
2026-08-12 10:30:00,2026-08-12 07:30:00,2026-08-12 15:30:00,0.85395,0.85405,0.85394,0.85404,707.0
2026-08-12 10:35:00,2026-08-12 07:35:00,2026-08-12 15:35:00,0.85403,0.85411,0.854,0.8541,515.0
2026-08-12 10:40:00,2026-08-12 07:40:00,2026-08-12 15:40:00,0.85411,0.85416,0.85406,0.8541,552.0
2026-08-12 10:45:00,2026-08-12 07:45:00,2026-08-12 15:45:00,0.85409,0.85411,0.85402,0.85403,566.0
2026-08-12 10:50:00,2026-08-12 07:50:00,2026-08-12 15:50:00,0.85404,0.8541,0.85401,0.8541,536.0
2026-08-12 10:55:00,2026-08-12 07:55:00,2026-08-12 15:55:00,0.85411,0.85414,0.85401,0.85407,457.0
2026-08-12 11:00:00,2026-08-12 08:00:00,2026-08-12 16:00:00,0.85408,0.8541,0.85393,0.85396,486.0
2026-08-12 11:05:00,2026-08-12 08:05:00,2026-08-12 16:05:00,0.85397,0.85405,0.85395,0.85405,508.0
2026-08-12 11:10:00,2026-08-12 08:10:00,2026-08-12 16:10:00,0.85404,0.85408,0.85396,0.854,397.0
2026-08-12 11:15:00,2026-08-12 08:15:00,2026-08-12 16:15:00,0.85399,0.85401,0.8539,0.85398,435.0
2026-08-12 11:20:00,2026-08-12 08:20:00,2026-08-12 16:20:00,0.85399,0.85406,0.85398,0.85405,576.0
2026-08-12 11:25:00,2026-08-12 08:25:00,2026-08-12 16:25:00,0.85404,0.85406,0.85399,0.85401,498.0
2026-08-12 11:30:00,2026-08-12 08:30:00,2026-08-12 16:30:00,0.854,0.85408,0.85397,0.85404,560.0
2026-08-12 11:35:00,2026-08-12 08:35:00,2026-08-12 16:35:00,0.85403,0.85408,0.85402,0.85407,424.0
2026-08-12 11:40:00,2026-08-12 08:40:00,2026-08-12 16:40:00,0.85408,0.85411,0.85401,0.85407,470.0
2026-08-12 11:45:00,2026-08-12 08:45:00,2026-08-12 16:45:00,0.85408,0.8541,0.85392,0.85397,576.0
2026-08-12 11:50:00,2026-08-12 08:50:00,2026-08-12 16:50:00,0.85396,0.85403,0.85395,0.85401,587.0
2026-08-12 11:55:00,2026-08-12 08:55:00,2026-08-12 16:55:00,0.854,0.85403,0.85392,0.85392,393.0
2026-08-12 12:00:00,2026-08-12 09:00:00,2026-08-12 17:00:00,0.85391,0.85395,0.85376,0.8538,637.0
2026-08-12 12:05:00,2026-08-12 09:05:00,2026-08-12 17:05:00,0.85381,0.85385,0.85375,0.85379,573.0
2026-08-12 12:10:00,2026-08-12 09:10:00,2026-08-12 17:10:00,0.8538,0.85381,0.8536,0.85371,487.0
2026-08-12 12:15:00,2026-08-12 09:15:00,2026-08-12 17:15:00,0.85372,0.85379,0.85362,0.85364,546.0
2026-08-12 12:20:00,2026-08-12 09:20:00,2026-08-12 17:20:00,0.85365,0.85372,0.85358,0.85372,814.0
2026-08-12 12:25:00,2026-08-12 09:25:00,2026-08-12 17:25:00,0.85371,0.8539,0.85371,0.85385,831.0
2026-08-12 12:30:00,2026-08-12 09:30:00,2026-08-12 17:30:00,0.85386,0.85398,0.85383,0.85391,512.0
2026-08-12 12:35:00,2026-08-12 09:35:00,2026-08-12 17:35:00,0.85393,0.85396,0.85381,0.85384,514.0
2026-08-12 12:40:00,2026-08-12 09:40:00,2026-08-12 17:40:00,0.85385,0.8539,0.85372,0.85372,468.0
2026-08-12 12:45:00,2026-08-12 09:45:00,2026-08-12 17:45:00,0.8537,0.85377,0.85369,0.85373,525.0
2026-08-12 12:50:00,2026-08-12 09:50:00,2026-08-12 17:50:00,0.85372,0.85378,0.85366,0.85375,704.0
2026-08-12 12:55:00,2026-08-12 09:55:00,2026-08-12 17:55:00,0.85376,0.85381,0.85366,0.8537,820.0
2026-08-12 13:00:00,2026-08-12 10:00:00,2026-08-12 18:00:00,0.85368,0.85368,0.85351,0.85352,765.0
2026-08-12 13:05:00,2026-08-12 10:05:00,2026-08-12 18:05:00,0.85353,0.85355,0.85337,0.85339,664.0
2026-08-12 13:10:00,2026-08-12 10:10:00,2026-08-12 18:10:00,0.85338,0.8534,0.8533,0.85331,456.0
2026-08-12 13:15:00,2026-08-12 10:15:00,2026-08-12 18:15:00,0.8533,0.85333,0.85325,0.85332,546.0
2026-08-12 13:20:00,2026-08-12 10:20:00,2026-08-12 18:20:00,0.85331,0.8534,0.85331,0.8534,363.0
2026-08-12 13:25:00,2026-08-12 10:25:00,2026-08-12 18:25:00,0.85338,0.85349,0.85332,0.85333,537.0
2026-08-12 13:30:00,2026-08-12 10:30:00,2026-08-12 18:30:00,0.85332,0.85334,0.85324,0.85326,506.0
2026-08-12 13:35:00,2026-08-12 10:35:00,2026-08-12 18:35:00,0.85324,0.85333,0.85323,0.85331,291.0
2026-08-12 13:40:00,2026-08-12 10:40:00,2026-08-12 18:40:00,0.85332,0.85332,0.8532,0.85321,406.0
2026-08-12 13:45:00,2026-08-12 10:45:00,2026-08-12 18:45:00,0.85322,0.85341,0.8532,0.85329,521.0
2026-08-12 13:50:00,2026-08-12 10:50:00,2026-08-12 18:50:00,0.8533,0.85338,0.85328,0.85334,609.0
2026-08-12 13:55:00,2026-08-12 10:55:00,2026-08-12 18:55:00,0.85335,0.85348,0.85333,0.85348,479.0
2026-08-12 14:00:00,2026-08-12 11:00:00,2026-08-12 19:00:00,0.85347,0.85354,0.85341,0.85347,500.0
2026-08-12 14:05:00,2026-08-12 11:05:00,2026-08-12 19:05:00,0.85349,0.85352,0.85333,0.85334,386.0
2026-08-12 14:10:00,2026-08-12 11:10:00,2026-08-12 19:10:00,0.85333,0.85339,0.85328,0.85337,512.0
2026-08-12 14:15:00,2026-08-12 11:15:00,2026-08-12 19:15:00,0.85336,0.85345,0.85333,0.85343,448.0
2026-08-12 14:20:00,2026-08-12 11:20:00,2026-08-12 19:20:00,0.85342,0.85353,0.85341,0.85351,462.0
2026-08-12 14:25:00,2026-08-12 11:25:00,2026-08-12 19:25:00,0.85352,0.85355,0.85347,0.85348,468.0
2026-08-12 14:30:00,2026-08-12 11:30:00,2026-08-12 19:30:00,0.85349,0.85354,0.85341,0.85354,476.0
2026-08-12 14:35:00,2026-08-12 11:35:00,2026-08-12 19:35:00,0.85353,0.85356,0.85337,0.85344,482.0
2026-08-12 14:40:00,2026-08-12 11:40:00,2026-08-12 19:40:00,0.85345,0.8535,0.85342,0.85348,574.0
2026-08-12 14:45:00,2026-08-12 11:45:00,2026-08-12 19:45:00,0.85349,0.85352,0.85337,0.85345,530.0
2026-08-12 14:50:00,2026-08-12 11:50:00,2026-08-12 19:50:00,0.85344,0.85361,0.85343,0.85359,562.0
2026-08-12 14:55:00,2026-08-12 11:55:00,2026-08-12 19:55:00,0.85361,0.85361,0.85335,0.8534,654.0
2026-08-12 15:00:00,2026-08-12 12:00:00,2026-08-12 20:00:00,0.85341,0.8535,0.85331,0.8535,808.0
2026-08-12 15:05:00,2026-08-12 12:05:00,2026-08-12 20:05:00,0.85349,0.85358,0.85344,0.85356,624.0
2026-08-12 15:10:00,2026-08-12 12:10:00,2026-08-12 20:10:00,0.85358,0.85367,0.85347,0.85349,779.0
2026-08-12 15:15:00,2026-08-12 12:15:00,2026-08-12 20:15:00,0.85347,0.85367,0.85347,0.85365,531.0
2026-08-12 15:20:00,2026-08-12 12:20:00,2026-08-12 20:20:00,0.85366,0.85377,0.85362,0.85372,671.0
2026-08-12 15:25:00,2026-08-12 12:25:00,2026-08-12 20:25:00,0.85371,0.85374,0.85354,0.85356,541.0
2026-08-12 15:30:00,2026-08-12 12:30:00,2026-08-12 20:30:00,0.85351,0.85381,0.85343,0.85353,1653.0
2026-08-12 15:35:00,2026-08-12 12:35:00,2026-08-12 20:35:00,0.85352,0.85364,0.85338,0.85357,1235.0
2026-08-12 15:40:00,2026-08-12 12:40:00,2026-08-12 20:40:00,0.85358,0.85385,0.85357,0.85377,1026.0
2026-08-12 15:45:00,2026-08-12 12:45:00,2026-08-12 20:45:00,0.85376,0.85399,0.85373,0.85397,964.0
2026-08-12 15:50:00,2026-08-12 12:50:00,2026-08-12 20:50:00,0.85398,0.85403,0.85375,0.85388,972.0
2026-08-12 15:55:00,2026-08-12 12:55:00,2026-08-12 20:55:00,0.85385,0.85396,0.85379,0.85388,910.0
2026-08-12 16:00:00,2026-08-12 13:00:00,2026-08-12 21:00:00,0.85389,0.85398,0.85379,0.85392,985.0
2026-08-12 16:05:00,2026-08-12 13:05:00,2026-08-12 21:05:00,0.85391,0.85401,0.85379,0.85397,1103.0
2026-08-12 16:10:00,2026-08-12 13:10:00,2026-08-12 21:10:00,0.85398,0.85407,0.85392,0.85394,1021.0
2026-08-12 16:15:00,2026-08-12 13:15:00,2026-08-12 21:15:00,0.85393,0.85404,0.85385,0.85403,1046.0
2026-08-12 16:20:00,2026-08-12 13:20:00,2026-08-12 21:20:00,0.85402,0.85412,0.85395,0.85408,1094.0
2026-08-12 16:25:00,2026-08-12 13:25:00,2026-08-12 21:25:00,0.85409,0.85411,0.85391,0.85394,982.0
2026-08-12 16:30:00,2026-08-12 13:30:00,2026-08-12 21:30:00,0.85395,0.85402,0.85388,0.85398,1072.0
2026-08-12 16:35:00,2026-08-12 13:35:00,2026-08-12 21:35:00,0.85399,0.85418,0.85395,0.85416,1004.0
2026-08-12 16:40:00,2026-08-12 13:40:00,2026-08-12 21:40:00,0.85415,0.85421,0.85395,0.85415,930.0
2026-08-12 16:45:00,2026-08-12 13:45:00,2026-08-12 21:45:00,0.85416,0.85422,0.85404,0.85412,830.0
2026-08-12 16:50:00,2026-08-12 13:50:00,2026-08-12 21:50:00,0.85413,0.85417,0.854,0.85405,728.0
2026-08-12 16:55:00,2026-08-12 13:55:00,2026-08-12 21:55:00,0.85407,0.85417,0.85404,0.85414,744.0
2026-08-12 17:00:00,2026-08-12 14:00:00,2026-08-12 22:00:00,0.85413,0.85415,0.85397,0.854,974.0
2026-08-12 17:05:00,2026-08-12 14:05:00,2026-08-12 22:05:00,0.85399,0.85409,0.85396,0.85401,1064.0
2026-08-12 17:10:00,2026-08-12 14:10:00,2026-08-12 22:10:00,0.85403,0.85424,0.854,0.85417,750.0
2026-08-12 17:15:00,2026-08-12 14:15:00,2026-08-12 22:15:00,0.85418,0.85428,0.85413,0.85426,756.0
2026-08-12 17:20:00,2026-08-12 14:20:00,2026-08-12 22:20:00,0.85427,0.85433,0.85419,0.8543,722.0
2026-08-12 17:25:00,2026-08-12 14:25:00,2026-08-12 22:25:00,0.85431,0.85444,0.85427,0.85437,575.0
2026-08-12 17:30:00,2026-08-12 14:30:00,2026-08-12 22:30:00,0.85435,0.8546,0.85435,0.85445,739.0
2026-08-12 17:35:00,2026-08-12 14:35:00,2026-08-12 22:35:00,0.85446,0.85446,0.85434,0.85441,606.0
2026-08-12 17:40:00,2026-08-12 14:40:00,2026-08-12 22:40:00,0.8544,0.85443,0.85434,0.85439,640.0
2026-08-12 17:45:00,2026-08-12 14:45:00,2026-08-12 22:45:00,0.85441,0.85444,0.85422,0.85432,806.0
2026-08-12 17:50:00,2026-08-12 14:50:00,2026-08-12 22:50:00,0.85433,0.85449,0.85429,0.85441,716.0
2026-08-12 17:55:00,2026-08-12 14:55:00,2026-08-12 22:55:00,0.85442,0.85447,0.85433,0.85447,735.0
2026-08-12 18:00:00,2026-08-12 15:00:00,2026-08-12 23:00:00,0.85446,0.85463,0.85444,0.85457,782.0
2026-08-12 18:05:00,2026-08-12 15:05:00,2026-08-12 23:05:00,0.85456,0.85458,0.85443,0.85443,622.0
2026-08-12 18:10:00,2026-08-12 15:10:00,2026-08-12 23:10:00,0.85444,0.85452,0.8544,0.85447,916.0
2026-08-12 18:15:00,2026-08-12 15:15:00,2026-08-12 23:15:00,0.85448,0.85448,0.85434,0.85442,742.0
2026-08-12 18:20:00,2026-08-12 15:20:00,2026-08-12 23:20:00,0.85443,0.85453,0.85441,0.85447,752.0
2026-08-12 18:25:00,2026-08-12 15:25:00,2026-08-12 23:25:00,0.85448,0.85449,0.85435,0.85438,678.0
2026-08-12 18:30:00,2026-08-12 15:30:00,2026-08-12 23:30:00,0.85439,0.85439,0.85429,0.85431,614.0
2026-08-12 18:35:00,2026-08-12 15:35:00,2026-08-12 23:35:00,0.8543,0.85438,0.85428,0.85435,552.0
2026-08-12 18:40:00,2026-08-12 15:40:00,2026-08-12 23:40:00,0.85434,0.85443,0.85427,0.8543,608.0
2026-08-12 18:45:00,2026-08-12 15:45:00,2026-08-12 23:45:00,0.85428,0.85431,0.85423,0.85425,480.0
2026-08-12 18:50:00,2026-08-12 15:50:00,2026-08-12 23:50:00,0.85424,0.85425,0.85402,0.85413,780.0
2026-08-12 18:55:00,2026-08-12 15:55:00,2026-08-12 23:55:00,0.85412,0.85418,0.85407,0.85417,650.0
2026-08-12 19:00:00,2026-08-12 16:00:00,2026-08-13 00:00:00,0.85418,0.85419,0.85407,0.85414,458.0
2026-08-12 19:05:00,2026-08-12 16:05:00,2026-08-13 00:05:00,0.85415,0.85419,0.85402,0.85406,421.0
2026-08-12 19:10:00,2026-08-12 16:10:00,2026-08-13 00:10:00,0.85403,0.85412,0.85393,0.85394,440.0
2026-08-12 19:15:00,2026-08-12 16:15:00,2026-08-13 00:15:00,0.85395,0.854,0.85391,0.85394,533.0
2026-08-12 19:20:00,2026-08-12 16:20:00,2026-08-13 00:20:00,0.85396,0.85402,0.85389,0.85401,607.0
2026-08-12 19:25:00,2026-08-12 16:25:00,2026-08-13 00:25:00,0.85399,0.85409,0.85399,0.85401,710.0
2026-08-12 19:30:00,2026-08-12 16:30:00,2026-08-13 00:30:00,0.85403,0.85408,0.85396,0.85397,806.0
2026-08-12 19:35:00,2026-08-12 16:35:00,2026-08-13 00:35:00,0.85396,0.85404,0.85396,0.85404,701.0
2026-08-12 19:40:00,2026-08-12 16:40:00,2026-08-13 00:40:00,0.85403,0.85406,0.85398,0.85402,644.0
2026-08-12 19:45:00,2026-08-12 16:45:00,2026-08-13 00:45:00,0.85403,0.85408,0.85397,0.85403,465.0
2026-08-12 19:50:00,2026-08-12 16:50:00,2026-08-13 00:50:00,0.85402,0.85405,0.85399,0.85402,470.0
2026-08-12 19:55:00,2026-08-12 16:55:00,2026-08-13 00:55:00,0.85403,0.85418,0.85402,0.85412,714.0
2026-08-12 20:00:00,2026-08-12 17:00:00,2026-08-13 01:00:00,0.85411,0.85413,0.85397,0.85404,433.0
2026-08-12 20:05:00,2026-08-12 17:05:00,2026-08-13 01:05:00,0.85405,0.85411,0.85401,0.85411,475.0
2026-08-12 20:10:00,2026-08-12 17:10:00,2026-08-13 01:10:00,0.85409,0.85418,0.85405,0.85415,508.0
2026-08-12 20:15:00,2026-08-12 17:15:00,2026-08-13 01:15:00,0.85416,0.85418,0.85409,0.85411,412.0
2026-08-12 20:20:00,2026-08-12 17:20:00,2026-08-13 01:20:00,0.8541,0.85416,0.85408,0.85415,700.0
2026-08-12 20:25:00,2026-08-12 17:25:00,2026-08-13 01:25:00,0.85416,0.85419,0.85414,0.85417,464.0
2026-08-12 20:30:00,2026-08-12 17:30:00,2026-08-13 01:30:00,0.85416,0.85418,0.8541,0.85412,652.0
2026-08-12 20:35:00,2026-08-12 17:35:00,2026-08-13 01:35:00,0.85413,0.85416,0.8541,0.85411,444.0
2026-08-12 20:40:00,2026-08-12 17:40:00,2026-08-13 01:40:00,0.85412,0.85415,0.85398,0.854,522.0
2026-08-12 20:45:00,2026-08-12 17:45:00,2026-08-13 01:45:00,0.85398,0.85409,0.85398,0.85408,371.0
2026-08-12 20:50:00,2026-08-12 17:50:00,2026-08-13 01:50:00,0.85407,0.85409,0.85403,0.85404,485.0
2026-08-12 20:55:00,2026-08-12 17:55:00,2026-08-13 01:55:00,0.85405,0.85405,0.85389,0.85391,400.0
2026-08-12 21:00:00,2026-08-12 18:00:00,2026-08-13 02:00:00,0.85391,0.85402,0.85385,0.854,410.0
2026-08-12 21:05:00,2026-08-12 18:05:00,2026-08-13 02:05:00,0.85401,0.85403,0.85392,0.85393,265.0
2026-08-12 21:10:00,2026-08-12 18:10:00,2026-08-13 02:10:00,0.85394,0.85401,0.85394,0.85401,373.0
2026-08-12 21:15:00,2026-08-12 18:15:00,2026-08-13 02:15:00,0.854,0.85405,0.85398,0.85401,290.0
2026-08-12 21:20:00,2026-08-12 18:20:00,2026-08-13 02:20:00,0.85402,0.85405,0.85396,0.85396,426.0
2026-08-12 21:25:00,2026-08-12 18:25:00,2026-08-13 02:25:00,0.85398,0.85402,0.85396,0.85399,458.0
2026-08-12 21:30:00,2026-08-12 18:30:00,2026-08-13 02:30:00,0.854,0.85403,0.85397,0.85402,411.0
2026-08-12 21:35:00,2026-08-12 18:35:00,2026-08-13 02:35:00,0.85401,0.85408,0.85401,0.85406,260.0
2026-08-12 21:40:00,2026-08-12 18:40:00,2026-08-13 02:40:00,0.85407,0.85415,0.85406,0.85414,234.0
2026-08-12 21:45:00,2026-08-12 18:45:00,2026-08-13 02:45:00,0.85415,0.85419,0.85414,0.85417,262.0
2026-08-12 21:50:00,2026-08-12 18:50:00,2026-08-13 02:50:00,0.85416,0.8542,0.85411,0.85413,184.0
2026-08-12 21:55:00,2026-08-12 18:55:00,2026-08-13 02:55:00,0.85412,0.85418,0.85404,0.85417,485.0
2026-08-12 22:00:00,2026-08-12 19:00:00,2026-08-13 03:00:00,0.85418,0.85421,0.85411,0.85414,308.0
2026-08-12 22:05:00,2026-08-12 19:05:00,2026-08-13 03:05:00,0.85415,0.85418,0.85411,0.85415,263.0
2026-08-12 22:10:00,2026-08-12 19:10:00,2026-08-13 03:10:00,0.85414,0.85416,0.85411,0.85415,308.0
2026-08-12 22:15:00,2026-08-12 19:15:00,2026-08-13 03:15:00,0.85414,0.85416,0.85407,0.85409,640.0
2026-08-12 22:20:00,2026-08-12 19:20:00,2026-08-13 03:20:00,0.85411,0.85412,0.85406,0.8541,262.0
2026-08-12 22:25:00,2026-08-12 19:25:00,2026-08-13 03:25:00,0.85411,0.85412,0.85405,0.85407,434.0
2026-08-12 22:30:00,2026-08-12 19:30:00,2026-08-13 03:30:00,0.85406,0.85408,0.854,0.85405,320.0
2026-08-12 22:35:00,2026-08-12 19:35:00,2026-08-13 03:35:00,0.85404,0.85413,0.85403,0.85413,422.0
2026-08-12 22:40:00,2026-08-12 19:40:00,2026-08-13 03:40:00,0.85411,0.85413,0.85406,0.85408,447.0
2026-08-12 22:45:00,2026-08-12 19:45:00,2026-08-13 03:45:00,0.85409,0.85411,0.85405,0.85406,276.0
2026-08-12 22:50:00,2026-08-12 19:50:00,2026-08-13 03:50:00,0.85407,0.85409,0.85404,0.85407,210.0
2026-08-12 22:55:00,2026-08-12 19:55:00,2026-08-13 03:55:00,0.85404,0.85409,0.85396,0.85401,528.0
2026-08-12 23:00:00,2026-08-12 20:00:00,2026-08-13 04:00:00,0.85399,0.85409,0.85398,0.85409,643.0
2026-08-12 23:05:00,2026-08-12 20:05:00,2026-08-13 04:05:00,0.85408,0.85412,0.85405,0.85409,268.0
2026-08-12 23:10:00,2026-08-12 20:10:00,2026-08-13 04:10:00,0.85407,0.85413,0.85407,0.85411,376.0
2026-08-12 23:15:00,2026-08-12 20:15:00,2026-08-13 04:15:00,0.8541,0.85413,0.85409,0.8541,276.0
2026-08-12 23:20:00,2026-08-12 20:20:00,2026-08-13 04:20:00,0.85411,0.85411,0.85406,0.85407,230.0
2026-08-12 23:25:00,2026-08-12 20:25:00,2026-08-13 04:25:00,0.85409,0.8541,0.85405,0.85409,197.0
2026-08-12 23:30:00,2026-08-12 20:30:00,2026-08-13 04:30:00,0.85408,0.85409,0.85403,0.85405,161.0
2026-08-12 23:35:00,2026-08-12 20:35:00,2026-08-13 04:35:00,0.85406,0.8541,0.85404,0.85406,193.0
2026-08-12 23:40:00,2026-08-12 20:40:00,2026-08-13 04:40:00,0.85407,0.85409,0.85406,0.85408,144.0
2026-08-12 23:45:00,2026-08-12 20:45:00,2026-08-13 04:45:00,0.85406,0.85408,0.85402,0.85407,218.0
2026-08-12 23:50:00,2026-08-12 20:50:00,2026-08-13 04:50:00,0.85408,0.85408,0.85402,0.85403,326.0
2026-08-12 23:55:00,2026-08-12 20:55:00,2026-08-13 04:55:00,0.85402,0.85404,0.85394,0.85399,365.0
2026-08-13 00:00:00,2026-08-12 21:00:00,2026-08-13 05:00:00,0.85359,0.85369,0.85304,0.85362,26.0
2026-08-13 00:05:00,2026-08-12 21:05:00,2026-08-13 05:05:00,0.85369,0.8538,0.85369,0.85379,24.0
2026-08-13 00:10:00,2026-08-12 21:10:00,2026-08-13 05:10:00,0.85375,0.85375,0.85366,0.85366,30.0
2026-08-13 00:15:00,2026-08-12 21:15:00,2026-08-13 05:15:00,0.85365,0.85373,0.8536,0.85363,60.0
2026-08-13 00:20:00,2026-08-12 21:20:00,2026-08-13 05:20:00,0.85365,0.85377,0.85357,0.85367,223.0
2026-08-13 00:25:00,2026-08-12 21:25:00,2026-08-13 05:25:00,0.85366,0.85389,0.85339,0.8536,277.0
2026-08-13 00:30:00,2026-08-12 21:30:00,2026-08-13 05:30:00,0.85362,0.85397,0.85358,0.85363,222.0
2026-08-13 00:35:00,2026-08-12 21:35:00,2026-08-13 05:35:00,0.85362,0.8537,0.85362,0.85362,101.0
2026-08-13 00:40:00,2026-08-12 21:40:00,2026-08-13 05:40:00,0.85363,0.85374,0.8536,0.85362,75.0
2026-08-13 00:45:00,2026-08-12 21:45:00,2026-08-13 05:45:00,0.85362,0.85367,0.85345,0.85346,86.0
2026-08-13 00:50:00,2026-08-12 21:50:00,2026-08-13 05:50:00,0.85347,0.85367,0.85344,0.85362,237.0
2026-08-13 00:55:00,2026-08-12 21:55:00,2026-08-13 05:55:00,0.85363,0.85365,0.85352,0.85359,147.0
2026-08-13 01:00:00,2026-08-12 22:00:00,2026-08-13 06:00:00,0.85363,0.8542,0.85363,0.85415,427.0
2026-08-13 01:05:00,2026-08-12 22:05:00,2026-08-13 06:05:00,0.85416,0.85418,0.85412,0.85414,163.0
2026-08-13 01:10:00,2026-08-12 22:10:00,2026-08-13 06:10:00,0.85413,0.85416,0.8541,0.85412,167.0
2026-08-13 01:15:00,2026-08-12 22:15:00,2026-08-13 06:15:00,0.85413,0.85413,0.8541,0.8541,94.0
2026-08-13 01:20:00,2026-08-12 22:20:00,2026-08-13 06:20:00,0.85411,0.85413,0.85408,0.85413,101.0
2026-08-13 01:25:00,2026-08-12 22:25:00,2026-08-13 06:25:00,0.85411,0.85413,0.85408,0.85412,260.0
2026-08-13 01:30:00,2026-08-12 22:30:00,2026-08-13 06:30:00,0.8541,0.85412,0.85408,0.8541,422.0
2026-08-13 01:35:00,2026-08-12 22:35:00,2026-08-13 06:35:00,0.85411,0.85411,0.85409,0.8541,28.0
2026-08-13 01:40:00,2026-08-12 22:40:00,2026-08-13 06:40:00,0.8541,0.85412,0.85409,0.85412,45.0
2026-08-13 01:45:00,2026-08-12 22:45:00,2026-08-13 06:45:00,0.85411,0.85412,0.85409,0.85409,32.0
2026-08-13 01:50:00,2026-08-12 22:50:00,2026-08-13 06:50:00,0.85409,0.8541,0.85407,0.85408,71.0
2026-08-13 01:55:00,2026-08-12 22:55:00,2026-08-13 06:55:00,0.85408,0.85409,0.85405,0.85407,151.0
2026-08-13 02:00:00,2026-08-12 23:00:00,2026-08-13 07:00:00,0.85408,0.85411,0.85404,0.85409,187.0
2026-08-13 02:05:00,2026-08-12 23:05:00,2026-08-13 07:05:00,0.8541,0.8541,0.85407,0.85407,107.0
2026-08-13 02:10:00,2026-08-12 23:10:00,2026-08-13 07:10:00,0.85408,0.85409,0.85405,0.85409,160.0
2026-08-13 02:15:00,2026-08-12 23:15:00,2026-08-13 07:15:00,0.85407,0.85409,0.85404,0.85405,220.0
2026-08-13 02:20:00,2026-08-12 23:20:00,2026-08-13 07:20:00,0.85404,0.85407,0.85402,0.85405,208.0
2026-08-13 02:25:00,2026-08-12 23:25:00,2026-08-13 07:25:00,0.85407,0.85408,0.85403,0.85405,82.0
2026-08-13 02:30:00,2026-08-12 23:30:00,2026-08-13 07:30:00,0.85403,0.85407,0.85403,0.85405,95.0
2026-08-13 02:35:00,2026-08-12 23:35:00,2026-08-13 07:35:00,0.85402,0.85408,0.85402,0.85404,218.0
2026-08-13 02:40:00,2026-08-12 23:40:00,2026-08-13 07:40:00,0.85405,0.85413,0.85403,0.85411,240.0
2026-08-13 02:45:00,2026-08-12 23:45:00,2026-08-13 07:45:00,0.8541,0.85413,0.85407,0.8541,176.0
2026-08-13 02:50:00,2026-08-12 23:50:00,2026-08-13 07:50:00,0.85408,0.85413,0.85406,0.85407,377.0
2026-08-13 02:55:00,2026-08-12 23:55:00,2026-08-13 07:55:00,0.85408,0.8541,0.85405,0.8541,363.0
2026-08-13 03:00:00,2026-08-13 00:00:00,2026-08-13 08:00:00,0.85411,0.85413,0.85406,0.8541,571.0
2026-08-13 03:05:00,2026-08-13 00:05:00,2026-08-13 08:05:00,0.85409,0.85413,0.85406,0.85409,299.0
2026-08-13 03:10:00,2026-08-13 00:10:00,2026-08-13 08:10:00,0.85412,0.85414,0.85408,0.85412,537.0
2026-08-13 03:15:00,2026-08-13 00:15:00,2026-08-13 08:15:00,0.85413,0.85414,0.85408,0.8541,676.0
2026-08-13 03:20:00,2026-08-13 00:20:00,2026-08-13 08:20:00,0.85409,0.85411,0.85407,0.85409,586.0
2026-08-13 03:25:00,2026-08-13 00:25:00,2026-08-13 08:25:00,0.8541,0.85414,0.85408,0.85413,382.0
2026-08-13 03:30:00,2026-08-13 00:30:00,2026-08-13 08:30:00,0.85414,0.85416,0.85409,0.85413,384.0
2026-08-13 03:35:00,2026-08-13 00:35:00,2026-08-13 08:35:00,0.85414,0.85418,0.8541,0.85417,359.0
2026-08-13 03:40:00,2026-08-13 00:40:00,2026-08-13 08:40:00,0.85418,0.85419,0.85413,0.85415,602.0
2026-08-13 03:45:00,2026-08-13 00:45:00,2026-08-13 08:45:00,0.85417,0.8542,0.85414,0.85415,407.0
2026-08-13 03:50:00,2026-08-13 00:50:00,2026-08-13 08:50:00,0.85416,0.85419,0.85414,0.85417,226.0
2026-08-13 03:55:00,2026-08-13 00:55:00,2026-08-13 08:55:00,0.85415,0.8542,0.85413,0.85415,254.0
2026-08-13 04:00:00,2026-08-13 01:00:00,2026-08-13 09:00:00,0.85416,0.85416,0.8541,0.85412,365.0
2026-08-13 04:05:00,2026-08-13 01:05:00,2026-08-13 09:05:00,0.85412,0.85416,0.85411,0.85413,476.0
2026-08-13 04:10:00,2026-08-13 01:10:00,2026-08-13 09:10:00,0.85415,0.8542,0.85411,0.85419,728.0
2026-08-13 04:15:00,2026-08-13 01:15:00,2026-08-13 09:15:00,0.85417,0.85421,0.85416,0.85417,804.0
2026-08-13 04:20:00,2026-08-13 01:20:00,2026-08-13 09:20:00,0.85418,0.85419,0.85413,0.85415,652.0
2026-08-13 04:25:00,2026-08-13 01:25:00,2026-08-13 09:25:00,0.85414,0.85421,0.85414,0.85418,458.0
2026-08-13 04:30:00,2026-08-13 01:30:00,2026-08-13 09:30:00,0.85419,0.8542,0.85414,0.85419,448.0
2026-08-13 04:35:00,2026-08-13 01:35:00,2026-08-13 09:35:00,0.8542,0.85424,0.85417,0.85421,240.0
2026-08-13 04:40:00,2026-08-13 01:40:00,2026-08-13 09:40:00,0.85422,0.85425,0.8542,0.85423,306.0
2026-08-13 04:45:00,2026-08-13 01:45:00,2026-08-13 09:45:00,0.85424,0.85424,0.8542,0.8542,206.0
2026-08-13 04:50:00,2026-08-13 01:50:00,2026-08-13 09:50:00,0.85419,0.85425,0.85417,0.85418,272.0
2026-08-13 04:55:00,2026-08-13 01:55:00,2026-08-13 09:55:00,0.85419,0.85419,0.85414,0.85418,276.0
2026-08-13 05:00:00,2026-08-13 02:00:00,2026-08-13 10:00:00,0.85416,0.85424,0.85415,0.85422,380.0
2026-08-13 05:05:00,2026-08-13 02:05:00,2026-08-13 10:05:00,0.85421,0.85425,0.8542,0.85423,308.0
2026-08-13 05:10:00,2026-08-13 02:10:00,2026-08-13 10:10:00,0.85424,0.85425,0.85419,0.85421,254.0
2026-08-13 05:15:00,2026-08-13 02:15:00,2026-08-13 10:15:00,0.8542,0.85422,0.85418,0.8542,220.0
2026-08-13 05:20:00,2026-08-13 02:20:00,2026-08-13 10:20:00,0.85419,0.85422,0.85419,0.85421,342.0
2026-08-13 05:25:00,2026-08-13 02:25:00,2026-08-13 10:25:00,0.85422,0.85423,0.85417,0.85418,234.0
2026-08-13 05:30:00,2026-08-13 02:30:00,2026-08-13 10:30:00,0.8542,0.85423,0.85417,0.85417,433.0
2026-08-13 05:35:00,2026-08-13 02:35:00,2026-08-13 10:35:00,0.85418,0.85419,0.85415,0.85418,221.0
2026-08-13 05:40:00,2026-08-13 02:40:00,2026-08-13 10:40:00,0.85419,0.8542,0.85417,0.85419,236.0
2026-08-13 05:45:00,2026-08-13 02:45:00,2026-08-13 10:45:00,0.8542,0.85424,0.85418,0.8542,304.0
2026-08-13 05:50:00,2026-08-13 02:50:00,2026-08-13 10:50:00,0.85421,0.85423,0.85418,0.85423,240.0
2026-08-13 05:55:00,2026-08-13 02:55:00,2026-08-13 10:55:00,0.85421,0.85423,0.85419,0.85422,272.0
2026-08-13 06:00:00,2026-08-13 03:00:00,2026-08-13 11:00:00,0.85423,0.85423,0.85411,0.85413,292.0
2026-08-13 06:05:00,2026-08-13 03:05:00,2026-08-13 11:05:00,0.85414,0.85428,0.85409,0.85428,339.0
2026-08-13 06:10:00,2026-08-13 03:10:00,2026-08-13 11:10:00,0.85427,0.85432,0.85417,0.85418,339.0
2026-08-13 06:15:00,2026-08-13 03:15:00,2026-08-13 11:15:00,0.85417,0.85419,0.85414,0.85416,282.0
2026-08-13 06:20:00,2026-08-13 03:20:00,2026-08-13 11:20:00,0.85417,0.8542,0.85412,0.85418,331.0
2026-08-13 06:25:00,2026-08-13 03:25:00,2026-08-13 11:25:00,0.85417,0.85422,0.85415,0.85418,416.0
2026-08-13 06:30:00,2026-08-13 03:30:00,2026-08-13 11:30:00,0.85419,0.85421,0.85416,0.8542,788.0
2026-08-13 06:35:00,2026-08-13 03:35:00,2026-08-13 11:35:00,0.85419,0.85421,0.85412,0.85416,910.0
2026-08-13 06:40:00,2026-08-13 03:40:00,2026-08-13 11:40:00,0.85415,0.85418,0.85412,0.85414,666.0
2026-08-13 06:45:00,2026-08-13 03:45:00,2026-08-13 11:45:00,0.85413,0.85414,0.85408,0.8541,354.0
2026-08-13 06:50:00,2026-08-13 03:50:00,2026-08-13 11:50:00,0.85409,0.85414,0.85407,0.85414,364.0
2026-08-13 06:55:00,2026-08-13 03:55:00,2026-08-13 11:55:00,0.85412,0.85414,0.85409,0.85413,352.0
2026-08-13 07:00:00,2026-08-13 04:00:00,2026-08-13 12:00:00,0.85414,0.85416,0.85409,0.85415,418.0
2026-08-13 07:05:00,2026-08-13 04:05:00,2026-08-13 12:05:00,0.85416,0.85416,0.85412,0.85415,218.0
2026-08-13 07:10:00,2026-08-13 04:10:00,2026-08-13 12:10:00,0.85416,0.85418,0.85413,0.85418,214.0
2026-08-13 07:15:00,2026-08-13 04:15:00,2026-08-13 12:15:00,0.85416,0.85419,0.85416,0.85418,124.0
2026-08-13 07:20:00,2026-08-13 04:20:00,2026-08-13 12:20:00,0.85419,0.8542,0.85415,0.85418,216.0
2026-08-13 07:25:00,2026-08-13 04:25:00,2026-08-13 12:25:00,0.85419,0.8542,0.85418,0.8542,88.0
2026-08-13 07:30:00,2026-08-13 04:30:00,2026-08-13 12:30:00,0.85419,0.8542,0.85415,0.85416,304.0
2026-08-13 07:35:00,2026-08-13 04:35:00,2026-08-13 12:35:00,0.85418,0.85418,0.8541,0.85413,207.0
2026-08-13 07:40:00,2026-08-13 04:40:00,2026-08-13 12:40:00,0.85411,0.85415,0.85411,0.85414,118.0
2026-08-13 07:45:00,2026-08-13 04:45:00,2026-08-13 12:45:00,0.85412,0.85413,0.85399,0.85406,453.0
2026-08-13 07:50:00,2026-08-13 04:50:00,2026-08-13 12:50:00,0.85407,0.85409,0.85403,0.85406,512.0
2026-08-13 07:55:00,2026-08-13 04:55:00,2026-08-13 12:55:00,0.85408,0.85409,0.85403,0.85406,578.0
2026-08-13 08:00:00,2026-08-13 05:00:00,2026-08-13 13:00:00,0.85404,0.85411,0.85403,0.85408,328.0
2026-08-13 08:05:00,2026-08-13 05:05:00,2026-08-13 13:05:00,0.85407,0.85409,0.85402,0.85405,453.0
2026-08-13 08:10:00,2026-08-13 05:10:00,2026-08-13 13:10:00,0.85404,0.85407,0.85402,0.85406,412.0
2026-08-13 08:15:00,2026-08-13 05:15:00,2026-08-13 13:15:00,0.85405,0.85408,0.85402,0.85407,614.0
2026-08-13 08:20:00,2026-08-13 05:20:00,2026-08-13 13:20:00,0.85406,0.85409,0.85398,0.85403,371.0
2026-08-13 08:25:00,2026-08-13 05:25:00,2026-08-13 13:25:00,0.85404,0.85405,0.854,0.85404,241.0
2026-08-13 08:30:00,2026-08-13 05:30:00,2026-08-13 13:30:00,0.85405,0.85408,0.85402,0.85406,505.0
2026-08-13 08:35:00,2026-08-13 05:35:00,2026-08-13 13:35:00,0.85407,0.85409,0.85405,0.85408,488.0
2026-08-13 08:40:00,2026-08-13 05:40:00,2026-08-13 13:40:00,0.85407,0.8541,0.85405,0.85409,464.0
2026-08-13 08:45:00,2026-08-13 05:45:00,2026-08-13 13:45:00,0.8541,0.85412,0.85407,0.85409,576.0
2026-08-13 08:50:00,2026-08-13 05:50:00,2026-08-13 13:50:00,0.85407,0.8541,0.85405,0.85408,473.0
2026-08-13 08:55:00,2026-08-13 05:55:00,2026-08-13 13:55:00,0.85411,0.85412,0.85398,0.85405,273.0
2026-08-13 09:00:00,2026-08-13 06:00:00,2026-08-13 14:00:00,0.85403,0.85403,0.85389,0.85399,531.0
2026-08-13 09:05:00,2026-08-13 06:05:00,2026-08-13 14:05:00,0.85398,0.85401,0.85389,0.85398,510.0
2026-08-13 09:10:00,2026-08-13 06:10:00,2026-08-13 14:10:00,0.85397,0.85404,0.85395,0.85401,417.0
2026-08-13 09:15:00,2026-08-13 06:15:00,2026-08-13 14:15:00,0.854,0.85402,0.85385,0.85387,600.0
2026-08-13 09:20:00,2026-08-13 06:20:00,2026-08-13 14:20:00,0.85386,0.85401,0.85386,0.85395,465.0
2026-08-13 09:25:00,2026-08-13 06:25:00,2026-08-13 14:25:00,0.85396,0.8541,0.85393,0.85404,575.0
2026-08-13 09:30:00,2026-08-13 06:30:00,2026-08-13 14:30:00,0.85405,0.85434,0.85402,0.85433,607.0
2026-08-13 09:35:00,2026-08-13 06:35:00,2026-08-13 14:35:00,0.85432,0.85437,0.85423,0.85428,410.0
2026-08-13 09:40:00,2026-08-13 06:40:00,2026-08-13 14:40:00,0.85427,0.85443,0.85424,0.85436,472.0
2026-08-13 09:45:00,2026-08-13 06:45:00,2026-08-13 14:45:00,0.85437,0.85437,0.85426,0.85431,392.0
2026-08-13 09:50:00,2026-08-13 06:50:00,2026-08-13 14:50:00,0.8543,0.85432,0.85421,0.85428,433.0
2026-08-13 09:55:00,2026-08-13 06:55:00,2026-08-13 14:55:00,0.85427,0.85436,0.85423,0.8543,695.0
2026-08-13 10:00:00,2026-08-13 07:00:00,2026-08-13 15:00:00,0.85429,0.85438,0.85425,0.85436,589.0
2026-08-13 10:05:00,2026-08-13 07:05:00,2026-08-13 15:05:00,0.85437,0.85461,0.85436,0.85458,476.0
2026-08-13 10:10:00,2026-08-13 07:10:00,2026-08-13 15:10:00,0.85459,0.85469,0.85458,0.85458,520.0
2026-08-13 10:15:00,2026-08-13 07:15:00,2026-08-13 15:15:00,0.85459,0.85459,0.85445,0.85446,463.0
2026-08-13 10:20:00,2026-08-13 07:20:00,2026-08-13 15:20:00,0.85447,0.85454,0.85442,0.85449,452.0
2026-08-13 10:25:00,2026-08-13 07:25:00,2026-08-13 15:25:00,0.8545,0.85456,0.85443,0.85446,559.0
2026-08-13 10:30:00,2026-08-13 07:30:00,2026-08-13 15:30:00,0.85447,0.85464,0.85443,0.85462,499.0
2026-08-13 10:35:00,2026-08-13 07:35:00,2026-08-13 15:35:00,0.85464,0.85468,0.85457,0.85467,570.0
2026-08-13 10:40:00,2026-08-13 07:40:00,2026-08-13 15:40:00,0.85468,0.85468,0.85451,0.85465,578.0
2026-08-13 10:45:00,2026-08-13 07:45:00,2026-08-13 15:45:00,0.85463,0.85472,0.85456,0.85463,658.0
2026-08-13 10:50:00,2026-08-13 07:50:00,2026-08-13 15:50:00,0.85464,0.85489,0.85454,0.85484,788.0
2026-08-13 10:55:00,2026-08-13 07:55:00,2026-08-13 15:55:00,0.85482,0.85491,0.85479,0.85487,853.0
2026-08-13 11:00:00,2026-08-13 08:00:00,2026-08-13 16:00:00,0.85486,0.85501,0.85478,0.8548,915.0
2026-08-13 11:05:00,2026-08-13 08:05:00,2026-08-13 16:05:00,0.85481,0.85492,0.85474,0.85491,642.0
2026-08-13 11:10:00,2026-08-13 08:10:00,2026-08-13 16:10:00,0.85489,0.85502,0.85487,0.85497,476.0
2026-08-13 11:15:00,2026-08-13 08:15:00,2026-08-13 16:15:00,0.85498,0.85505,0.8549,0.85501,430.0
2026-08-13 11:20:00,2026-08-13 08:20:00,2026-08-13 16:20:00,0.855,0.85502,0.85496,0.85499,264.0
2026-08-13 11:25:00,2026-08-13 08:25:00,2026-08-13 16:25:00,0.85497,0.85503,0.85497,0.85501,429.0
2026-08-13 11:30:00,2026-08-13 08:30:00,2026-08-13 16:30:00,0.85502,0.85507,0.8549,0.85492,440.0
2026-08-13 11:35:00,2026-08-13 08:35:00,2026-08-13 16:35:00,0.85493,0.85494,0.85485,0.85489,439.0
2026-08-13 11:40:00,2026-08-13 08:40:00,2026-08-13 16:40:00,0.85488,0.85499,0.85488,0.85499,408.0
2026-08-13 11:45:00,2026-08-13 08:45:00,2026-08-13 16:45:00,0.85501,0.85513,0.85497,0.85511,627.0
2026-08-13 11:50:00,2026-08-13 08:50:00,2026-08-13 16:50:00,0.8551,0.85512,0.85498,0.855,339.0
2026-08-13 11:55:00,2026-08-13 08:55:00,2026-08-13 16:55:00,0.85499,0.85503,0.85495,0.85497,396.0
2026-08-13 12:00:00,2026-08-13 09:00:00,2026-08-13 17:00:00,0.85498,0.85515,0.85498,0.85513,406.0
2026-08-13 12:05:00,2026-08-13 09:05:00,2026-08-13 17:05:00,0.85514,0.85519,0.85505,0.85508,386.0
2026-08-13 12:10:00,2026-08-13 09:10:00,2026-08-13 17:10:00,0.85509,0.85514,0.85504,0.85513,320.0
2026-08-13 12:15:00,2026-08-13 09:15:00,2026-08-13 17:15:00,0.85514,0.85519,0.85506,0.85507,514.0
2026-08-13 12:20:00,2026-08-13 09:20:00,2026-08-13 17:20:00,0.85508,0.85508,0.855,0.85503,472.0
2026-08-13 12:25:00,2026-08-13 09:25:00,2026-08-13 17:25:00,0.85502,0.85506,0.85495,0.85496,495.0
2026-08-13 12:30:00,2026-08-13 09:30:00,2026-08-13 17:30:00,0.85494,0.85498,0.8549,0.85491,481.0
2026-08-13 12:35:00,2026-08-13 09:35:00,2026-08-13 17:35:00,0.8549,0.85497,0.85488,0.85494,409.0
2026-08-13 12:40:00,2026-08-13 09:40:00,2026-08-13 17:40:00,0.85493,0.85499,0.85492,0.85496,298.0
2026-08-13 12:45:00,2026-08-13 09:45:00,2026-08-13 17:45:00,0.85497,0.85497,0.85486,0.85496,246.0
2026-08-13 12:50:00,2026-08-13 09:50:00,2026-08-13 17:50:00,0.85495,0.85501,0.85495,0.85499,421.0
2026-08-13 12:55:00,2026-08-13 09:55:00,2026-08-13 17:55:00,0.855,0.85501,0.85491,0.85495,392.0
2026-08-13 13:00:00,2026-08-13 10:00:00,2026-08-13 18:00:00,0.85493,0.85498,0.85485,0.85491,509.0
2026-08-13 13:05:00,2026-08-13 10:05:00,2026-08-13 18:05:00,0.85489,0.85491,0.85476,0.85479,367.0
2026-08-13 13:10:00,2026-08-13 10:10:00,2026-08-13 18:10:00,0.85478,0.85485,0.85467,0.85469,436.0
2026-08-13 13:15:00,2026-08-13 10:15:00,2026-08-13 18:15:00,0.85468,0.85469,0.85458,0.85465,463.0
2026-08-13 13:20:00,2026-08-13 10:20:00,2026-08-13 18:20:00,0.85464,0.85477,0.85462,0.85476,466.0
2026-08-13 13:25:00,2026-08-13 10:25:00,2026-08-13 18:25:00,0.85475,0.85476,0.85466,0.85472,428.0
2026-08-13 13:30:00,2026-08-13 10:30:00,2026-08-13 18:30:00,0.85471,0.8548,0.85463,0.85463,470.0
2026-08-13 13:35:00,2026-08-13 10:35:00,2026-08-13 18:35:00,0.85464,0.85469,0.8546,0.85464,401.0
2026-08-13 13:40:00,2026-08-13 10:40:00,2026-08-13 18:40:00,0.85465,0.85479,0.85462,0.85476,409.0
2026-08-13 13:45:00,2026-08-13 10:45:00,2026-08-13 18:45:00,0.85475,0.8549,0.85474,0.85486,323.0
2026-08-13 13:50:00,2026-08-13 10:50:00,2026-08-13 18:50:00,0.85486,0.85502,0.85486,0.855,254.0
2026-08-13 13:55:00,2026-08-13 10:55:00,2026-08-13 18:55:00,0.85501,0.8552,0.855,0.85516,493.0
2026-08-13 14:00:00,2026-08-13 11:00:00,2026-08-13 19:00:00,0.85515,0.85526,0.85505,0.85525,406.0
2026-08-13 14:05:00,2026-08-13 11:05:00,2026-08-13 19:05:00,0.85524,0.85529,0.85516,0.85518,440.0
2026-08-13 14:10:00,2026-08-13 11:10:00,2026-08-13 19:10:00,0.85517,0.8552,0.85504,0.8551,468.0
2026-08-13 14:15:00,2026-08-13 11:15:00,2026-08-13 19:15:00,0.85509,0.85512,0.85498,0.85504,550.0
2026-08-13 14:20:00,2026-08-13 11:20:00,2026-08-13 19:20:00,0.85503,0.85509,0.85501,0.85507,402.0
2026-08-13 14:25:00,2026-08-13 11:25:00,2026-08-13 19:25:00,0.85506,0.85507,0.85495,0.85495,516.0
2026-08-13 14:30:00,2026-08-13 11:30:00,2026-08-13 19:30:00,0.85496,0.855,0.8549,0.85491,566.0
2026-08-13 14:35:00,2026-08-13 11:35:00,2026-08-13 19:35:00,0.8549,0.85492,0.85479,0.85486,520.0
2026-08-13 14:40:00,2026-08-13 11:40:00,2026-08-13 19:40:00,0.85487,0.8549,0.85478,0.85489,427.0
2026-08-13 14:45:00,2026-08-13 11:45:00,2026-08-13 19:45:00,0.8549,0.85491,0.8548,0.85482,472.0
2026-08-13 14:50:00,2026-08-13 11:50:00,2026-08-13 19:50:00,0.85481,0.85488,0.85477,0.85486,545.0
2026-08-13 14:55:00,2026-08-13 11:55:00,2026-08-13 19:55:00,0.85485,0.8549,0.85479,0.85487,699.0
2026-08-13 15:00:00,2026-08-13 12:00:00,2026-08-13 20:00:00,0.85488,0.85494,0.85483,0.85489,822.0
2026-08-13 15:05:00,2026-08-13 12:05:00,2026-08-13 20:05:00,0.8549,0.85495,0.85483,0.85488,710.0
2026-08-13 15:10:00,2026-08-13 12:10:00,2026-08-13 20:10:00,0.85489,0.8549,0.85483,0.85485,502.0
2026-08-13 15:15:00,2026-08-13 12:15:00,2026-08-13 20:15:00,0.85486,0.85488,0.85475,0.85477,579.0
2026-08-13 15:20:00,2026-08-13 12:20:00,2026-08-13 20:20:00,0.85476,0.85477,0.85465,0.85476,376.0
2026-08-13 15:25:00,2026-08-13 12:25:00,2026-08-13 20:25:00,0.85477,0.85493,0.85471,0.85473,475.0
2026-08-13 15:30:00,2026-08-13 12:30:00,2026-08-13 20:30:00,0.85475,0.85482,0.85448,0.85455,1045.0
2026-08-13 15:35:00,2026-08-13 12:35:00,2026-08-13 20:35:00,0.85457,0.8546,0.85448,0.85454,940.0
2026-08-13 15:40:00,2026-08-13 12:40:00,2026-08-13 20:40:00,0.85453,0.85457,0.85436,0.85441,825.0
2026-08-13 15:45:00,2026-08-13 12:45:00,2026-08-13 20:45:00,0.85442,0.8547,0.85441,0.85463,793.0
2026-08-13 15:50:00,2026-08-13 12:50:00,2026-08-13 20:50:00,0.85462,0.85463,0.85441,0.85445,664.0
2026-08-13 15:55:00,2026-08-13 12:55:00,2026-08-13 20:55:00,0.85446,0.85458,0.85442,0.85453,980.0
2026-08-13 16:00:00,2026-08-13 13:00:00,2026-08-13 21:00:00,0.85454,0.85461,0.8545,0.85458,908.0
2026-08-13 16:05:00,2026-08-13 13:05:00,2026-08-13 21:05:00,0.85459,0.85465,0.85441,0.85446,788.0
2026-08-13 16:10:00,2026-08-13 13:10:00,2026-08-13 21:10:00,0.85445,0.85455,0.85439,0.8544,862.0
2026-08-13 16:15:00,2026-08-13 13:15:00,2026-08-13 21:15:00,0.85441,0.85443,0.85434,0.85435,644.0
2026-08-13 16:20:00,2026-08-13 13:20:00,2026-08-13 21:20:00,0.85434,0.85447,0.85433,0.85434,890.0
2026-08-13 16:25:00,2026-08-13 13:25:00,2026-08-13 21:25:00,0.85435,0.85438,0.85427,0.85427,968.0
2026-08-13 16:30:00,2026-08-13 13:30:00,2026-08-13 21:30:00,0.8543,0.85435,0.85424,0.85426,806.0
2026-08-13 16:35:00,2026-08-13 13:35:00,2026-08-13 21:35:00,0.8543,0.85435,0.85421,0.85428,732.0
2026-08-13 16:40:00,2026-08-13 13:40:00,2026-08-13 21:40:00,0.85429,0.85448,0.85427,0.8543,774.0
2026-08-13 16:45:00,2026-08-13 13:45:00,2026-08-13 21:45:00,0.85431,0.85444,0.85428,0.85431,800.0
2026-08-13 16:50:00,2026-08-13 13:50:00,2026-08-13 21:50:00,0.8543,0.85449,0.85428,0.85448,629.0
2026-08-13 16:55:00,2026-08-13 13:55:00,2026-08-13 21:55:00,0.85449,0.85455,0.85436,0.85447,761.0
2026-08-13 17:00:00,2026-08-13 14:00:00,2026-08-13 22:00:00,0.85448,0.85449,0.85418,0.85424,795.0
2026-08-13 17:05:00,2026-08-13 14:05:00,2026-08-13 22:05:00,0.85425,0.85435,0.8542,0.8543,654.0
2026-08-13 17:10:00,2026-08-13 14:10:00,2026-08-13 22:10:00,0.85431,0.85457,0.85429,0.85454,710.0
2026-08-13 17:15:00,2026-08-13 14:15:00,2026-08-13 22:15:00,0.85453,0.85456,0.85437,0.85441,699.0
2026-08-13 17:20:00,2026-08-13 14:20:00,2026-08-13 22:20:00,0.85442,0.85446,0.85431,0.85442,888.0
2026-08-13 17:25:00,2026-08-13 14:25:00,2026-08-13 22:25:00,0.85441,0.85446,0.85435,0.85445,966.0
2026-08-13 17:30:00,2026-08-13 14:30:00,2026-08-13 22:30:00,0.85444,0.85469,0.85444,0.85449,716.0
2026-08-13 17:35:00,2026-08-13 14:35:00,2026-08-13 22:35:00,0.85449,0.85468,0.85445,0.85465,688.0
2026-08-13 17:40:00,2026-08-13 14:40:00,2026-08-13 22:40:00,0.85466,0.85471,0.85455,0.85467,680.0
2026-08-13 17:45:00,2026-08-13 14:45:00,2026-08-13 22:45:00,0.85468,0.8548,0.85466,0.85479,599.0
2026-08-13 17:50:00,2026-08-13 14:50:00,2026-08-13 22:50:00,0.85478,0.85483,0.85443,0.85444,709.0
2026-08-13 17:55:00,2026-08-13 14:55:00,2026-08-13 22:55:00,0.85443,0.85463,0.85439,0.85462,866.0
2026-08-13 18:00:00,2026-08-13 15:00:00,2026-08-13 23:00:00,0.85463,0.85471,0.85457,0.85461,721.0
2026-08-13 18:05:00,2026-08-13 15:05:00,2026-08-13 23:05:00,0.8546,0.85464,0.85446,0.85454,728.0
2026-08-13 18:10:00,2026-08-13 15:10:00,2026-08-13 23:10:00,0.85455,0.85464,0.85448,0.85449,680.0
2026-08-13 18:15:00,2026-08-13 15:15:00,2026-08-13 23:15:00,0.85448,0.85459,0.85444,0.85459,708.0
2026-08-13 18:20:00,2026-08-13 15:20:00,2026-08-13 23:20:00,0.85457,0.85466,0.85456,0.85461,622.0
2026-08-13 18:25:00,2026-08-13 15:25:00,2026-08-13 23:25:00,0.85462,0.85463,0.85449,0.85457,804.0
2026-08-13 18:30:00,2026-08-13 15:30:00,2026-08-13 23:30:00,0.85458,0.85461,0.85449,0.85457,1030.0
2026-08-13 18:35:00,2026-08-13 15:35:00,2026-08-13 23:35:00,0.85458,0.85464,0.85454,0.85461,742.0
2026-08-13 18:40:00,2026-08-13 15:40:00,2026-08-13 23:40:00,0.8546,0.85466,0.85454,0.85459,794.0
2026-08-13 18:45:00,2026-08-13 15:45:00,2026-08-13 23:45:00,0.85461,0.85464,0.85453,0.85453,750.0
2026-08-13 18:50:00,2026-08-13 15:50:00,2026-08-13 23:50:00,0.85454,0.8546,0.85443,0.85448,588.0
2026-08-13 18:55:00,2026-08-13 15:55:00,2026-08-13 23:55:00,0.85447,0.85448,0.85435,0.85438,624.0
2026-08-13 19:00:00,2026-08-13 16:00:00,2026-08-14 00:00:00,0.85439,0.85452,0.85437,0.8545,444.0
2026-08-13 19:05:00,2026-08-13 16:05:00,2026-08-14 00:05:00,0.85451,0.85469,0.85449,0.85467,340.0
2026-08-13 19:10:00,2026-08-13 16:10:00,2026-08-14 00:10:00,0.85468,0.85475,0.85465,0.85469,450.0
2026-08-13 19:15:00,2026-08-13 16:15:00,2026-08-14 00:15:00,0.8547,0.85473,0.85463,0.85468,504.0
2026-08-13 19:20:00,2026-08-13 16:20:00,2026-08-14 00:20:00,0.85469,0.8548,0.85466,0.85474,471.0
2026-08-13 19:25:00,2026-08-13 16:25:00,2026-08-14 00:25:00,0.85475,0.85476,0.85469,0.85474,493.0
2026-08-13 19:30:00,2026-08-13 16:30:00,2026-08-14 00:30:00,0.85473,0.8549,0.85468,0.8549,792.0
2026-08-13 19:35:00,2026-08-13 16:35:00,2026-08-14 00:35:00,0.85489,0.85493,0.85481,0.85493,774.0
2026-08-13 19:40:00,2026-08-13 16:40:00,2026-08-14 00:40:00,0.85491,0.85502,0.85488,0.85502,910.0
2026-08-13 19:45:00,2026-08-13 16:45:00,2026-08-14 00:45:00,0.855,0.85503,0.8549,0.85492,682.0
2026-08-13 19:50:00,2026-08-13 16:50:00,2026-08-14 00:50:00,0.85493,0.85497,0.85489,0.85492,542.0
2026-08-13 19:55:00,2026-08-13 16:55:00,2026-08-14 00:55:00,0.85493,0.85496,0.85488,0.85494,494.0
2026-08-13 20:00:00,2026-08-13 17:00:00,2026-08-14 01:00:00,0.85493,0.85496,0.85484,0.85493,560.0
2026-08-13 20:05:00,2026-08-13 17:05:00,2026-08-14 01:05:00,0.85494,0.85503,0.8549,0.85503,427.0
2026-08-13 20:10:00,2026-08-13 17:10:00,2026-08-14 01:10:00,0.85502,0.85513,0.855,0.8551,674.0
2026-08-13 20:15:00,2026-08-13 17:15:00,2026-08-14 01:15:00,0.85509,0.85513,0.85496,0.85498,538.0
2026-08-13 20:20:00,2026-08-13 17:20:00,2026-08-14 01:20:00,0.85497,0.85499,0.85494,0.85497,432.0
2026-08-13 20:25:00,2026-08-13 17:25:00,2026-08-14 01:25:00,0.85496,0.85501,0.85494,0.85497,490.0
2026-08-13 20:30:00,2026-08-13 17:30:00,2026-08-14 01:30:00,0.85496,0.85511,0.85496,0.85505,482.0
2026-08-13 20:35:00,2026-08-13 17:35:00,2026-08-14 01:35:00,0.85506,0.85507,0.85501,0.85502,466.0
2026-08-13 20:40:00,2026-08-13 17:40:00,2026-08-14 01:40:00,0.85501,0.85508,0.85501,0.85505,502.0
2026-08-13 20:45:00,2026-08-13 17:45:00,2026-08-14 01:45:00,0.85506,0.85511,0.855,0.85501,438.0
2026-08-13 20:50:00,2026-08-13 17:50:00,2026-08-14 01:50:00,0.855,0.85503,0.85496,0.855,331.0
2026-08-13 20:55:00,2026-08-13 17:55:00,2026-08-14 01:55:00,0.85501,0.85507,0.85497,0.85506,262.0
2026-08-13 21:00:00,2026-08-13 18:00:00,2026-08-14 02:00:00,0.85507,0.85513,0.85505,0.8551,663.0
2026-08-13 21:05:00,2026-08-13 18:05:00,2026-08-14 02:05:00,0.85509,0.85512,0.85504,0.85507,500.0
2026-08-13 21:10:00,2026-08-13 18:10:00,2026-08-14 02:10:00,0.85506,0.85509,0.85502,0.85508,396.0
2026-08-13 21:15:00,2026-08-13 18:15:00,2026-08-14 02:15:00,0.85509,0.85511,0.855,0.85502,304.0
2026-08-13 21:20:00,2026-08-13 18:20:00,2026-08-14 02:20:00,0.855,0.85506,0.855,0.85503,456.0
2026-08-13 21:25:00,2026-08-13 18:25:00,2026-08-14 02:25:00,0.85502,0.85504,0.85492,0.85495,279.0
2026-08-13 21:30:00,2026-08-13 18:30:00,2026-08-14 02:30:00,0.85494,0.855,0.85492,0.85499,262.0
2026-08-13 21:35:00,2026-08-13 18:35:00,2026-08-14 02:35:00,0.85498,0.85501,0.85496,0.85499,370.0
2026-08-13 21:40:00,2026-08-13 18:40:00,2026-08-14 02:40:00,0.85498,0.85499,0.85491,0.85495,314.0
2026-08-13 21:45:00,2026-08-13 18:45:00,2026-08-14 02:45:00,0.85496,0.85503,0.85495,0.85503,414.0
2026-08-13 21:50:00,2026-08-13 18:50:00,2026-08-14 02:50:00,0.85502,0.85505,0.85497,0.85504,384.0
2026-08-13 21:55:00,2026-08-13 18:55:00,2026-08-14 02:55:00,0.85505,0.85509,0.85495,0.85501,596.0
2026-08-13 22:00:00,2026-08-13 19:00:00,2026-08-14 03:00:00,0.85503,0.85506,0.85497,0.85503,466.0
2026-08-13 22:05:00,2026-08-13 19:05:00,2026-08-14 03:05:00,0.85502,0.85505,0.85491,0.85499,489.0
2026-08-13 22:10:00,2026-08-13 19:10:00,2026-08-14 03:10:00,0.855,0.85505,0.85495,0.85504,357.0
2026-08-13 22:15:00,2026-08-13 19:15:00,2026-08-14 03:15:00,0.85505,0.85508,0.85503,0.85503,297.0
2026-08-13 22:20:00,2026-08-13 19:20:00,2026-08-14 03:20:00,0.85504,0.85506,0.85496,0.85496,199.0
2026-08-13 22:25:00,2026-08-13 19:25:00,2026-08-14 03:25:00,0.85497,0.85499,0.85492,0.85497,320.0
2026-08-13 22:30:00,2026-08-13 19:30:00,2026-08-14 03:30:00,0.85498,0.85498,0.8549,0.85495,468.0
2026-08-13 22:35:00,2026-08-13 19:35:00,2026-08-14 03:35:00,0.85494,0.85496,0.85489,0.85491,432.0
2026-08-13 22:40:00,2026-08-13 19:40:00,2026-08-14 03:40:00,0.85492,0.85498,0.85488,0.85492,196.0
2026-08-13 22:45:00,2026-08-13 19:45:00,2026-08-14 03:45:00,0.85493,0.85495,0.85491,0.85493,217.0
2026-08-13 22:50:00,2026-08-13 19:50:00,2026-08-14 03:50:00,0.85491,0.85497,0.85485,0.85488,438.0
2026-08-13 22:55:00,2026-08-13 19:55:00,2026-08-14 03:55:00,0.85486,0.85486,0.85476,0.8548,542.0
2026-08-13 23:00:00,2026-08-13 20:00:00,2026-08-14 04:00:00,0.85481,0.85484,0.85479,0.85482,312.0
2026-08-13 23:05:00,2026-08-13 20:05:00,2026-08-14 04:05:00,0.85483,0.85491,0.85481,0.85485,370.0
2026-08-13 23:10:00,2026-08-13 20:10:00,2026-08-14 04:10:00,0.85484,0.85485,0.85474,0.85475,330.0
2026-08-13 23:15:00,2026-08-13 20:15:00,2026-08-14 04:15:00,0.85476,0.8548,0.85473,0.85479,176.0
2026-08-13 23:20:00,2026-08-13 20:20:00,2026-08-14 04:20:00,0.85478,0.85481,0.85478,0.8548,162.0
2026-08-13 23:25:00,2026-08-13 20:25:00,2026-08-14 04:25:00,0.85479,0.85481,0.85475,0.8548,275.0
2026-08-13 23:30:00,2026-08-13 20:30:00,2026-08-14 04:30:00,0.85481,0.85485,0.85477,0.85483,192.0
2026-08-13 23:35:00,2026-08-13 20:35:00,2026-08-14 04:35:00,0.85484,0.85485,0.85482,0.85483,164.0
2026-08-13 23:40:00,2026-08-13 20:40:00,2026-08-14 04:40:00,0.85484,0.85487,0.85483,0.85485,115.0
2026-08-13 23:45:00,2026-08-13 20:45:00,2026-08-14 04:45:00,0.85486,0.85487,0.85475,0.85478,190.0
2026-08-13 23:50:00,2026-08-13 20:50:00,2026-08-14 04:50:00,0.85479,0.85486,0.85477,0.85485,134.0
2026-08-13 23:55:00,2026-08-13 20:55:00,2026-08-14 04:55:00,0.85483,0.85487,0.85482,0.85484,414.0
2026-08-14 00:00:00,2026-08-13 21:00:00,2026-08-14 05:00:00,0.85433,0.85455,0.85433,0.85452,258.0
2026-08-14 00:05:00,2026-08-13 21:05:00,2026-08-14 05:05:00,0.85444,0.85466,0.85427,0.8545,588.0
2026-08-14 00:10:00,2026-08-13 21:10:00,2026-08-14 05:10:00,0.85445,0.85476,0.85437,0.85449,249.0
2026-08-14 00:15:00,2026-08-13 21:15:00,2026-08-14 05:15:00,0.85446,0.85461,0.85446,0.85454,63.0
2026-08-14 00:20:00,2026-08-13 21:20:00,2026-08-14 05:20:00,0.85457,0.85458,0.85444,0.85454,46.0
2026-08-14 00:25:00,2026-08-13 21:25:00,2026-08-14 05:25:00,0.85452,0.85456,0.85444,0.85455,51.0
2026-08-14 00:30:00,2026-08-13 21:30:00,2026-08-14 05:30:00,0.85457,0.85462,0.85432,0.85458,260.0
2026-08-14 00:35:00,2026-08-13 21:35:00,2026-08-14 05:35:00,0.85459,0.8547,0.85451,0.85465,124.0
2026-08-14 00:40:00,2026-08-13 21:40:00,2026-08-14 05:40:00,0.85467,0.85467,0.85442,0.85447,647.0
2026-08-14 00:45:00,2026-08-13 21:45:00,2026-08-14 05:45:00,0.85446,0.85472,0.85445,0.85453,276.0
2026-08-14 00:50:00,2026-08-13 21:50:00,2026-08-14 05:50:00,0.85452,0.8546,0.85452,0.85456,63.0
2026-08-14 00:55:00,2026-08-13 21:55:00,2026-08-14 05:55:00,0.85456,0.8547,0.85448,0.85451,135.0
2026-08-14 01:00:00,2026-08-13 22:00:00,2026-08-14 06:00:00,0.85477,0.85495,0.85472,0.85494,224.0
2026-08-14 01:05:00,2026-08-13 22:05:00,2026-08-14 06:05:00,0.85495,0.85498,0.85493,0.85496,101.0
2026-08-14 01:10:00,2026-08-13 22:10:00,2026-08-14 06:10:00,0.85497,0.85498,0.8549,0.85495,411.0
2026-08-14 01:15:00,2026-08-13 22:15:00,2026-08-14 06:15:00,0.85492,0.85496,0.85491,0.85493,415.0
2026-08-14 01:20:00,2026-08-13 22:20:00,2026-08-14 06:20:00,0.85494,0.85497,0.8549,0.85497,281.0
2026-08-14 01:25:00,2026-08-13 22:25:00,2026-08-14 06:25:00,0.85496,0.85497,0.85491,0.85492,265.0
2026-08-14 01:30:00,2026-08-13 22:30:00,2026-08-14 06:30:00,0.85494,0.85495,0.85491,0.85493,180.0
2026-08-14 01:35:00,2026-08-13 22:35:00,2026-08-14 06:35:00,0.85494,0.85494,0.85491,0.85493,133.0
2026-08-14 01:40:00,2026-08-13 22:40:00,2026-08-14 06:40:00,0.85494,0.85496,0.85493,0.85494,94.0
2026-08-14 01:45:00,2026-08-13 22:45:00,2026-08-14 06:45:00,0.85495,0.85495,0.85491,0.85494,160.0
2026-08-14 01:50:00,2026-08-13 22:50:00,2026-08-14 06:50:00,0.85493,0.85496,0.85492,0.85493,167.0
2026-08-14 01:55:00,2026-08-13 22:55:00,2026-08-14 06:55:00,0.85495,0.85496,0.85489,0.85491,380.0
2026-08-14 02:00:00,2026-08-13 23:00:00,2026-08-14 07:00:00,0.85489,0.855,0.85487,0.85499,349.0
2026-08-14 02:05:00,2026-08-13 23:05:00,2026-08-14 07:05:00,0.85498,0.85499,0.85492,0.85493,355.0
2026-08-14 02:10:00,2026-08-13 23:10:00,2026-08-14 07:10:00,0.85492,0.85495,0.85492,0.85494,364.0
2026-08-14 02:15:00,2026-08-13 23:15:00,2026-08-14 07:15:00,0.85493,0.85497,0.85491,0.85496,173.0
2026-08-14 02:20:00,2026-08-13 23:20:00,2026-08-14 07:20:00,0.85497,0.85501,0.85496,0.85501,102.0
2026-08-14 02:25:00,2026-08-13 23:25:00,2026-08-14 07:25:00,0.855,0.85502,0.85498,0.855,130.0
2026-08-14 02:30:00,2026-08-13 23:30:00,2026-08-14 07:30:00,0.85499,0.855,0.85495,0.85499,102.0
2026-08-14 02:35:00,2026-08-13 23:35:00,2026-08-14 07:35:00,0.85498,0.855,0.85497,0.85499,238.0
2026-08-14 02:40:00,2026-08-13 23:40:00,2026-08-14 07:40:00,0.855,0.855,0.85496,0.855,294.0
2026-08-14 02:45:00,2026-08-13 23:45:00,2026-08-14 07:45:00,0.85499,0.855,0.85495,0.85495,225.0
2026-08-14 02:50:00,2026-08-13 23:50:00,2026-08-14 07:50:00,0.85496,0.85497,0.85494,0.85495,60.0
2026-08-14 02:55:00,2026-08-13 23:55:00,2026-08-14 07:55:00,0.85496,0.85498,0.85495,0.85498,248.0
2026-08-14 03:00:00,2026-08-14 00:00:00,2026-08-14 08:00:00,0.85496,0.85499,0.85492,0.85494,370.0
2026-08-14 03:05:00,2026-08-14 00:05:00,2026-08-14 08:05:00,0.85493,0.85497,0.85493,0.85494,294.0
2026-08-14 03:10:00,2026-08-14 00:10:00,2026-08-14 08:10:00,0.85493,0.85497,0.85492,0.85497,234.0
2026-08-14 03:15:00,2026-08-14 00:15:00,2026-08-14 08:15:00,0.85496,0.85498,0.85496,0.85497,152.0
2026-08-14 03:20:00,2026-08-14 00:20:00,2026-08-14 08:20:00,0.85498,0.85498,0.85495,0.85497,224.0
2026-08-14 03:25:00,2026-08-14 00:25:00,2026-08-14 08:25:00,0.85498,0.85498,0.85489,0.85492,304.0
2026-08-14 03:30:00,2026-08-14 00:30:00,2026-08-14 08:30:00,0.85491,0.85493,0.85488,0.8549,301.0
2026-08-14 03:35:00,2026-08-14 00:35:00,2026-08-14 08:35:00,0.85489,0.85492,0.85488,0.85491,182.0
2026-08-14 03:40:00,2026-08-14 00:40:00,2026-08-14 08:40:00,0.8549,0.85491,0.85487,0.8549,421.0
2026-08-14 03:45:00,2026-08-14 00:45:00,2026-08-14 08:45:00,0.85489,0.8549,0.85484,0.85488,444.0
2026-08-14 03:50:00,2026-08-14 00:50:00,2026-08-14 08:50:00,0.85487,0.85489,0.85485,0.85488,457.0
2026-08-14 03:55:00,2026-08-14 00:55:00,2026-08-14 08:55:00,0.85487,0.85489,0.8548,0.85483,348.0
2026-08-14 04:00:00,2026-08-14 01:00:00,2026-08-14 09:00:00,0.85482,0.85485,0.85479,0.85483,460.0
2026-08-14 04:05:00,2026-08-14 01:05:00,2026-08-14 09:05:00,0.85482,0.85485,0.8548,0.85482,339.0
2026-08-14 04:10:00,2026-08-14 01:10:00,2026-08-14 09:10:00,0.85481,0.85489,0.85481,0.85487,472.0
2026-08-14 04:15:00,2026-08-14 01:15:00,2026-08-14 09:15:00,0.85489,0.85491,0.85483,0.85484,448.0
2026-08-14 04:20:00,2026-08-14 01:20:00,2026-08-14 09:20:00,0.85485,0.85489,0.85484,0.85487,832.0
2026-08-14 04:25:00,2026-08-14 01:25:00,2026-08-14 09:25:00,0.85486,0.85492,0.85486,0.85491,458.0
2026-08-14 04:30:00,2026-08-14 01:30:00,2026-08-14 09:30:00,0.85492,0.85497,0.85492,0.85494,456.0
2026-08-14 04:35:00,2026-08-14 01:35:00,2026-08-14 09:35:00,0.85495,0.85498,0.85493,0.85498,394.0
2026-08-14 04:40:00,2026-08-14 01:40:00,2026-08-14 09:40:00,0.85497,0.85497,0.85493,0.85494,284.0
2026-08-14 04:45:00,2026-08-14 01:45:00,2026-08-14 09:45:00,0.85493,0.85496,0.85492,0.85493,512.0
2026-08-14 04:50:00,2026-08-14 01:50:00,2026-08-14 09:50:00,0.85494,0.85498,0.85493,0.85497,324.0
2026-08-14 04:55:00,2026-08-14 01:55:00,2026-08-14 09:55:00,0.85498,0.85506,0.85496,0.85504,282.0
2026-08-14 05:00:00,2026-08-14 02:00:00,2026-08-14 10:00:00,0.85503,0.85509,0.85503,0.85509,217.0
2026-08-14 05:05:00,2026-08-14 02:05:00,2026-08-14 10:05:00,0.85508,0.85511,0.85504,0.85506,260.0
2026-08-14 05:10:00,2026-08-14 02:10:00,2026-08-14 10:10:00,0.85505,0.85509,0.85503,0.85508,357.0
2026-08-14 05:15:00,2026-08-14 02:15:00,2026-08-14 10:15:00,0.85509,0.85509,0.85504,0.85505,226.0
2026-08-14 05:20:00,2026-08-14 02:20:00,2026-08-14 10:20:00,0.85504,0.85505,0.85499,0.85501,326.0
2026-08-14 05:25:00,2026-08-14 02:25:00,2026-08-14 10:25:00,0.85502,0.85505,0.85498,0.85504,265.0
2026-08-14 05:30:00,2026-08-14 02:30:00,2026-08-14 10:30:00,0.85506,0.85507,0.85502,0.85504,207.0
2026-08-14 05:35:00,2026-08-14 02:35:00,2026-08-14 10:35:00,0.85503,0.85504,0.85496,0.85503,223.0
2026-08-14 05:40:00,2026-08-14 02:40:00,2026-08-14 10:40:00,0.85502,0.85503,0.85498,0.855,211.0
2026-08-14 05:45:00,2026-08-14 02:45:00,2026-08-14 10:45:00,0.85497,0.85504,0.85496,0.85502,295.0
2026-08-14 05:50:00,2026-08-14 02:50:00,2026-08-14 10:50:00,0.85503,0.85505,0.855,0.85503,270.0
2026-08-14 05:55:00,2026-08-14 02:55:00,2026-08-14 10:55:00,0.85502,0.85507,0.85502,0.85503,293.0
2026-08-14 06:00:00,2026-08-14 03:00:00,2026-08-14 11:00:00,0.85502,0.85505,0.855,0.85503,330.0
2026-08-14 06:05:00,2026-08-14 03:05:00,2026-08-14 11:05:00,0.85501,0.85503,0.85494,0.85495,377.0
2026-08-14 06:10:00,2026-08-14 03:10:00,2026-08-14 11:10:00,0.85496,0.85498,0.85494,0.85496,222.0
2026-08-14 06:15:00,2026-08-14 03:15:00,2026-08-14 11:15:00,0.85497,0.85498,0.85493,0.85495,356.0
2026-08-14 06:20:00,2026-08-14 03:20:00,2026-08-14 11:20:00,0.85494,0.85499,0.85488,0.85491,496.0
2026-08-14 06:25:00,2026-08-14 03:25:00,2026-08-14 11:25:00,0.85489,0.85492,0.85487,0.85489,468.0
2026-08-14 06:30:00,2026-08-14 03:30:00,2026-08-14 11:30:00,0.85488,0.8549,0.85485,0.85488,762.0
2026-08-14 06:35:00,2026-08-14 03:35:00,2026-08-14 11:35:00,0.85487,0.85492,0.85486,0.85492,385.0
2026-08-14 06:40:00,2026-08-14 03:40:00,2026-08-14 11:40:00,0.85491,0.85494,0.85487,0.8549,358.0
2026-08-14 06:45:00,2026-08-14 03:45:00,2026-08-14 11:45:00,0.85489,0.85494,0.85488,0.85494,244.0
2026-08-14 06:50:00,2026-08-14 03:50:00,2026-08-14 11:50:00,0.85493,0.85498,0.85492,0.85495,378.0
2026-08-14 06:55:00,2026-08-14 03:55:00,2026-08-14 11:55:00,0.85496,0.85496,0.8549,0.85492,365.0
2026-08-14 07:00:00,2026-08-14 04:00:00,2026-08-14 12:00:00,0.85493,0.85494,0.8549,0.85493,473.0
2026-08-14 07:05:00,2026-08-14 04:05:00,2026-08-14 12:05:00,0.85494,0.85495,0.85492,0.85493,442.0
2026-08-14 07:10:00,2026-08-14 04:10:00,2026-08-14 12:10:00,0.85494,0.85499,0.85492,0.85496,260.0
2026-08-14 07:15:00,2026-08-14 04:15:00,2026-08-14 12:15:00,0.85497,0.85498,0.8549,0.85492,481.0
2026-08-14 07:20:00,2026-08-14 04:20:00,2026-08-14 12:20:00,0.8549,0.85492,0.85488,0.85492,537.0
2026-08-14 07:25:00,2026-08-14 04:25:00,2026-08-14 12:25:00,0.85491,0.85492,0.85486,0.85489,481.0
2026-08-14 07:30:00,2026-08-14 04:30:00,2026-08-14 12:30:00,0.85488,0.85492,0.85475,0.8548,351.0
2026-08-14 07:35:00,2026-08-14 04:35:00,2026-08-14 12:35:00,0.85479,0.85491,0.85477,0.85489,463.0
2026-08-14 07:40:00,2026-08-14 04:40:00,2026-08-14 12:40:00,0.85491,0.85494,0.85489,0.85494,338.0
2026-08-14 07:45:00,2026-08-14 04:45:00,2026-08-14 12:45:00,0.85493,0.85495,0.85491,0.85494,348.0
2026-08-14 07:50:00,2026-08-14 04:50:00,2026-08-14 12:50:00,0.85493,0.85498,0.85491,0.85498,279.0
2026-08-14 07:55:00,2026-08-14 04:55:00,2026-08-14 12:55:00,0.85497,0.85498,0.85489,0.85489,274.0
2026-08-14 08:00:00,2026-08-14 05:00:00,2026-08-14 13:00:00,0.8549,0.85491,0.85483,0.85484,311.0
2026-08-14 08:05:00,2026-08-14 05:05:00,2026-08-14 13:05:00,0.85485,0.85491,0.85485,0.8549,243.0
2026-08-14 08:10:00,2026-08-14 05:10:00,2026-08-14 13:10:00,0.85491,0.85494,0.8549,0.85492,168.0
2026-08-14 08:15:00,2026-08-14 05:15:00,2026-08-14 13:15:00,0.85493,0.85496,0.8549,0.85495,216.0
2026-08-14 08:20:00,2026-08-14 05:20:00,2026-08-14 13:20:00,0.85494,0.85495,0.85489,0.85493,189.0
2026-08-14 08:25:00,2026-08-14 05:25:00,2026-08-14 13:25:00,0.85492,0.85494,0.85489,0.8549,252.0
2026-08-14 08:30:00,2026-08-14 05:30:00,2026-08-14 13:30:00,0.85489,0.85495,0.85488,0.85491,304.0
2026-08-14 08:35:00,2026-08-14 05:35:00,2026-08-14 13:35:00,0.8549,0.85493,0.85489,0.85491,210.0
2026-08-14 08:40:00,2026-08-14 05:40:00,2026-08-14 13:40:00,0.85492,0.85494,0.85486,0.85493,442.0
2026-08-14 08:45:00,2026-08-14 05:45:00,2026-08-14 13:45:00,0.85495,0.85499,0.85492,0.85495,185.0
2026-08-14 08:50:00,2026-08-14 05:50:00,2026-08-14 13:50:00,0.85496,0.85496,0.85489,0.8549,291.0
2026-08-14 08:55:00,2026-08-14 05:55:00,2026-08-14 13:55:00,0.85489,0.85493,0.85488,0.85489,252.0
2026-08-14 09:00:00,2026-08-14 06:00:00,2026-08-14 14:00:00,0.8549,0.85497,0.85488,0.85492,684.0
2026-08-14 09:05:00,2026-08-14 06:05:00,2026-08-14 14:05:00,0.85491,0.85496,0.85484,0.85485,779.0
2026-08-14 09:10:00,2026-08-14 06:10:00,2026-08-14 14:10:00,0.85484,0.85489,0.85479,0.8548,552.0
2026-08-14 09:15:00,2026-08-14 06:15:00,2026-08-14 14:15:00,0.85481,0.85483,0.85474,0.85481,488.0
2026-08-14 09:20:00,2026-08-14 06:20:00,2026-08-14 14:20:00,0.85482,0.85488,0.85479,0.85484,314.0
2026-08-14 09:25:00,2026-08-14 06:25:00,2026-08-14 14:25:00,0.85483,0.85486,0.85478,0.85482,425.0
2026-08-14 09:30:00,2026-08-14 06:30:00,2026-08-14 14:30:00,0.85481,0.85487,0.85479,0.85483,323.0
2026-08-14 09:35:00,2026-08-14 06:35:00,2026-08-14 14:35:00,0.85484,0.85486,0.85477,0.85481,474.0
2026-08-14 09:40:00,2026-08-14 06:40:00,2026-08-14 14:40:00,0.8548,0.85491,0.85476,0.8548,521.0
2026-08-14 09:45:00,2026-08-14 06:45:00,2026-08-14 14:45:00,0.85481,0.85484,0.85477,0.85481,630.0
2026-08-14 09:50:00,2026-08-14 06:50:00,2026-08-14 14:50:00,0.8548,0.85485,0.85478,0.85484,498.0
2026-08-14 09:55:00,2026-08-14 06:55:00,2026-08-14 14:55:00,0.85483,0.85493,0.85478,0.85484,667.0
2026-08-14 10:00:00,2026-08-14 07:00:00,2026-08-14 15:00:00,0.85483,0.8549,0.85473,0.85478,546.0
2026-08-14 10:05:00,2026-08-14 07:05:00,2026-08-14 15:05:00,0.85479,0.85481,0.85471,0.85478,345.0
2026-08-14 10:10:00,2026-08-14 07:10:00,2026-08-14 15:10:00,0.85479,0.85489,0.85478,0.85483,356.0
2026-08-14 10:15:00,2026-08-14 07:15:00,2026-08-14 15:15:00,0.85484,0.85488,0.85481,0.85487,315.0
2026-08-14 10:20:00,2026-08-14 07:20:00,2026-08-14 15:20:00,0.85486,0.85492,0.85486,0.85491,305.0
2026-08-14 10:25:00,2026-08-14 07:25:00,2026-08-14 15:25:00,0.8549,0.85504,0.8549,0.85499,524.0
2026-08-14 10:30:00,2026-08-14 07:30:00,2026-08-14 15:30:00,0.85501,0.85503,0.85487,0.85487,422.0
2026-08-14 10:35:00,2026-08-14 07:35:00,2026-08-14 15:35:00,0.85488,0.85494,0.85487,0.85489,348.0
2026-08-14 10:40:00,2026-08-14 07:40:00,2026-08-14 15:40:00,0.85491,0.85493,0.85482,0.85493,444.0
2026-08-14 10:45:00,2026-08-14 07:45:00,2026-08-14 15:45:00,0.85495,0.85497,0.85478,0.8548,484.0
2026-08-14 10:50:00,2026-08-14 07:50:00,2026-08-14 15:50:00,0.85479,0.85486,0.85473,0.85481,433.0
2026-08-14 10:55:00,2026-08-14 07:55:00,2026-08-14 15:55:00,0.8548,0.85492,0.85476,0.85483,516.0
2026-08-14 11:00:00,2026-08-14 08:00:00,2026-08-14 16:00:00,0.85482,0.85484,0.85464,0.85473,642.0
2026-08-14 11:05:00,2026-08-14 08:05:00,2026-08-14 16:05:00,0.85474,0.85483,0.85467,0.85468,557.0
2026-08-14 11:10:00,2026-08-14 08:10:00,2026-08-14 16:10:00,0.85469,0.85484,0.85466,0.85477,472.0
2026-08-14 11:15:00,2026-08-14 08:15:00,2026-08-14 16:15:00,0.85479,0.85479,0.85461,0.85468,432.0
2026-08-14 11:20:00,2026-08-14 08:20:00,2026-08-14 16:20:00,0.85466,0.85467,0.85454,0.85455,328.0
2026-08-14 11:25:00,2026-08-14 08:25:00,2026-08-14 16:25:00,0.85456,0.85457,0.85434,0.85436,467.0
2026-08-14 11:30:00,2026-08-14 08:30:00,2026-08-14 16:30:00,0.85435,0.85438,0.85428,0.8543,562.0
2026-08-14 11:35:00,2026-08-14 08:35:00,2026-08-14 16:35:00,0.85431,0.85447,0.85429,0.85445,428.0
2026-08-14 11:40:00,2026-08-14 08:40:00,2026-08-14 16:40:00,0.85443,0.85449,0.85439,0.85446,528.0
2026-08-14 11:45:00,2026-08-14 08:45:00,2026-08-14 16:45:00,0.85447,0.85452,0.85437,0.85451,424.0
2026-08-14 11:50:00,2026-08-14 08:50:00,2026-08-14 16:50:00,0.8545,0.8546,0.85448,0.85448,509.0
2026-08-14 11:55:00,2026-08-14 08:55:00,2026-08-14 16:55:00,0.85449,0.85461,0.85447,0.85453,510.0
2026-08-14 12:00:00,2026-08-14 09:00:00,2026-08-14 17:00:00,0.85454,0.85454,0.85441,0.85447,750.0
2026-08-14 12:05:00,2026-08-14 09:05:00,2026-08-14 17:05:00,0.85448,0.85458,0.85446,0.85456,380.0
2026-08-14 12:10:00,2026-08-14 09:10:00,2026-08-14 17:10:00,0.85455,0.85464,0.85449,0.85452,337.0
2026-08-14 12:15:00,2026-08-14 09:15:00,2026-08-14 17:15:00,0.85456,0.85457,0.85448,0.8545,306.0
2026-08-14 12:20:00,2026-08-14 09:20:00,2026-08-14 17:20:00,0.85449,0.85451,0.85446,0.85449,330.0
2026-08-14 12:25:00,2026-08-14 09:25:00,2026-08-14 17:25:00,0.8545,0.85453,0.8544,0.8544,353.0
2026-08-14 12:30:00,2026-08-14 09:30:00,2026-08-14 17:30:00,0.85441,0.85445,0.85433,0.85434,641.0
2026-08-14 12:35:00,2026-08-14 09:35:00,2026-08-14 17:35:00,0.85435,0.85441,0.85432,0.85435,255.0
2026-08-14 12:40:00,2026-08-14 09:40:00,2026-08-14 17:40:00,0.85434,0.85435,0.8543,0.85432,429.0
2026-08-14 12:45:00,2026-08-14 09:45:00,2026-08-14 17:45:00,0.85431,0.85432,0.85422,0.85427,290.0
2026-08-14 12:50:00,2026-08-14 09:50:00,2026-08-14 17:50:00,0.85428,0.85434,0.85422,0.8543,286.0
2026-08-14 12:55:00,2026-08-14 09:55:00,2026-08-14 17:55:00,0.85431,0.85439,0.85426,0.85431,427.0
2026-08-14 13:00:00,2026-08-14 10:00:00,2026-08-14 18:00:00,0.8543,0.85431,0.85415,0.85418,454.0
2026-08-14 13:05:00,2026-08-14 10:05:00,2026-08-14 18:05:00,0.85417,0.85425,0.8541,0.85415,347.0
2026-08-14 13:10:00,2026-08-14 10:10:00,2026-08-14 18:10:00,0.85416,0.85422,0.85415,0.85419,376.0
2026-08-14 13:15:00,2026-08-14 10:15:00,2026-08-14 18:15:00,0.8542,0.85423,0.85419,0.85419,146.0
2026-08-14 13:20:00,2026-08-14 10:20:00,2026-08-14 18:20:00,0.8542,0.85423,0.85415,0.8542,290.0
2026-08-14 13:25:00,2026-08-14 10:25:00,2026-08-14 18:25:00,0.85419,0.8542,0.85408,0.8541,593.0
2026-08-14 13:30:00,2026-08-14 10:30:00,2026-08-14 18:30:00,0.85409,0.85413,0.85405,0.85412,606.0
2026-08-14 13:35:00,2026-08-14 10:35:00,2026-08-14 18:35:00,0.85411,0.85412,0.85401,0.85407,447.0
2026-08-14 13:40:00,2026-08-14 10:40:00,2026-08-14 18:40:00,0.85409,0.85413,0.85405,0.8541,208.0
2026-08-14 13:45:00,2026-08-14 10:45:00,2026-08-14 18:45:00,0.85411,0.85414,0.85409,0.8541,246.0
2026-08-14 13:50:00,2026-08-14 10:50:00,2026-08-14 18:50:00,0.85409,0.85419,0.85408,0.85416,340.0
2026-08-14 13:55:00,2026-08-14 10:55:00,2026-08-14 18:55:00,0.85415,0.85424,0.85413,0.85421,386.0
2026-08-14 14:00:00,2026-08-14 11:00:00,2026-08-14 19:00:00,0.8542,0.8543,0.85415,0.85426,456.0
2026-08-14 14:05:00,2026-08-14 11:05:00,2026-08-14 19:05:00,0.85427,0.8543,0.85419,0.85421,310.0
2026-08-14 14:10:00,2026-08-14 11:10:00,2026-08-14 19:10:00,0.8542,0.85428,0.8542,0.85425,398.0
2026-08-14 14:15:00,2026-08-14 11:15:00,2026-08-14 19:15:00,0.85424,0.85435,0.85424,0.85431,465.0
2026-08-14 14:20:00,2026-08-14 11:20:00,2026-08-14 19:20:00,0.8543,0.85432,0.85421,0.85428,392.0
2026-08-14 14:25:00,2026-08-14 11:25:00,2026-08-14 19:25:00,0.85429,0.85434,0.85423,0.85429,355.0
2026-08-14 14:30:00,2026-08-14 11:30:00,2026-08-14 19:30:00,0.8543,0.85442,0.8542,0.8544,540.0
2026-08-14 14:35:00,2026-08-14 11:35:00,2026-08-14 19:35:00,0.85439,0.85449,0.85431,0.85449,430.0
2026-08-14 14:40:00,2026-08-14 11:40:00,2026-08-14 19:40:00,0.85448,0.8545,0.85439,0.85443,492.0
2026-08-14 14:45:00,2026-08-14 11:45:00,2026-08-14 19:45:00,0.85442,0.85449,0.8544,0.85445,488.0
2026-08-14 14:50:00,2026-08-14 11:50:00,2026-08-14 19:50:00,0.85446,0.85458,0.8544,0.85455,612.0
2026-08-14 14:55:00,2026-08-14 11:55:00,2026-08-14 19:55:00,0.85454,0.85457,0.85444,0.85449,441.0
2026-08-14 15:00:00,2026-08-14 12:00:00,2026-08-14 20:00:00,0.85451,0.85461,0.85449,0.85452,417.0
2026-08-14 15:05:00,2026-08-14 12:05:00,2026-08-14 20:05:00,0.85451,0.85457,0.85446,0.85449,560.0
2026-08-14 15:10:00,2026-08-14 12:10:00,2026-08-14 20:10:00,0.8545,0.85452,0.85432,0.85435,637.0
2026-08-14 15:15:00,2026-08-14 12:15:00,2026-08-14 20:15:00,0.85436,0.85446,0.85434,0.85445,404.0
2026-08-14 15:20:00,2026-08-14 12:20:00,2026-08-14 20:20:00,0.85446,0.85453,0.85429,0.8543,647.0
2026-08-14 15:25:00,2026-08-14 12:25:00,2026-08-14 20:25:00,0.85428,0.85433,0.85421,0.85427,543.0
2026-08-14 15:30:00,2026-08-14 12:30:00,2026-08-14 20:30:00,0.85428,0.85449,0.8541,0.85448,852.0
2026-08-14 15:35:00,2026-08-14 12:35:00,2026-08-14 20:35:00,0.85446,0.85453,0.85437,0.8545,589.0
2026-08-14 15:40:00,2026-08-14 12:40:00,2026-08-14 20:40:00,0.85449,0.8545,0.85437,0.85449,444.0
2026-08-14 15:45:00,2026-08-14 12:45:00,2026-08-14 20:45:00,0.85448,0.85453,0.85437,0.85442,638.0
2026-08-14 15:50:00,2026-08-14 12:50:00,2026-08-14 20:50:00,0.85444,0.85451,0.85442,0.85446,638.0
2026-08-14 15:55:00,2026-08-14 12:55:00,2026-08-14 20:55:00,0.85447,0.85448,0.8543,0.85433,794.0
2026-08-14 16:00:00,2026-08-14 13:00:00,2026-08-14 21:00:00,0.85434,0.85441,0.85423,0.85427,950.0
2026-08-14 16:05:00,2026-08-14 13:05:00,2026-08-14 21:05:00,0.85428,0.85428,0.85411,0.85417,681.0
2026-08-14 16:10:00,2026-08-14 13:10:00,2026-08-14 21:10:00,0.85416,0.85424,0.85415,0.85421,714.0
2026-08-14 16:15:00,2026-08-14 13:15:00,2026-08-14 21:15:00,0.85422,0.85428,0.85418,0.85424,600.0
2026-08-14 16:20:00,2026-08-14 13:20:00,2026-08-14 21:20:00,0.85422,0.8543,0.85414,0.85421,630.0
2026-08-14 16:25:00,2026-08-14 13:25:00,2026-08-14 21:25:00,0.85422,0.85424,0.8541,0.85414,684.0
2026-08-14 16:30:00,2026-08-14 13:30:00,2026-08-14 21:30:00,0.85413,0.85422,0.8541,0.85415,859.0
2026-08-14 16:35:00,2026-08-14 13:35:00,2026-08-14 21:35:00,0.85414,0.85436,0.85414,0.85432,692.0
2026-08-14 16:40:00,2026-08-14 13:40:00,2026-08-14 21:40:00,0.85434,0.85444,0.85426,0.8544,762.0
2026-08-14 16:45:00,2026-08-14 13:45:00,2026-08-14 21:45:00,0.85436,0.85442,0.85415,0.85432,778.0
2026-08-14 16:50:00,2026-08-14 13:50:00,2026-08-14 21:50:00,0.85431,0.85446,0.8542,0.85442,960.0
2026-08-14 16:55:00,2026-08-14 13:55:00,2026-08-14 21:55:00,0.85441,0.85451,0.8541,0.85451,770.0
2026-08-14 17:00:00,2026-08-14 14:00:00,2026-08-14 22:00:00,0.85449,0.85452,0.85433,0.85434,678.0
2026-08-14 17:05:00,2026-08-14 14:05:00,2026-08-14 22:05:00,0.85435,0.85442,0.85427,0.8543,920.0
2026-08-14 17:10:00,2026-08-14 14:10:00,2026-08-14 22:10:00,0.85432,0.85456,0.85426,0.85451,1094.0
2026-08-14 17:15:00,2026-08-14 14:15:00,2026-08-14 22:15:00,0.8545,0.85451,0.8543,0.8544,818.0
2026-08-14 17:20:00,2026-08-14 14:20:00,2026-08-14 22:20:00,0.85438,0.85447,0.85431,0.85432,1046.0
2026-08-14 17:25:00,2026-08-14 14:25:00,2026-08-14 22:25:00,0.85433,0.85437,0.85427,0.85434,990.0
2026-08-14 17:30:00,2026-08-14 14:30:00,2026-08-14 22:30:00,0.85433,0.85461,0.85433,0.85452,646.0
2026-08-14 17:35:00,2026-08-14 14:35:00,2026-08-14 22:35:00,0.85453,0.8546,0.85442,0.85452,622.0
2026-08-14 17:40:00,2026-08-14 14:40:00,2026-08-14 22:40:00,0.8545,0.85468,0.85444,0.85467,657.0
2026-08-14 17:45:00,2026-08-14 14:45:00,2026-08-14 22:45:00,0.85466,0.85478,0.85456,0.85468,677.0
2026-08-14 17:50:00,2026-08-14 14:50:00,2026-08-14 22:50:00,0.85469,0.85482,0.85461,0.85471,571.0
2026-08-14 17:55:00,2026-08-14 14:55:00,2026-08-14 22:55:00,0.85472,0.85482,0.85457,0.85477,834.0
2026-08-14 18:00:00,2026-08-14 15:00:00,2026-08-14 23:00:00,0.85476,0.85489,0.8547,0.85474,783.0
2026-08-14 18:05:00,2026-08-14 15:05:00,2026-08-14 23:05:00,0.85473,0.85486,0.85472,0.85478,792.0
2026-08-14 18:10:00,2026-08-14 15:10:00,2026-08-14 23:10:00,0.85477,0.85483,0.85471,0.85476,544.0
2026-08-14 18:15:00,2026-08-14 15:15:00,2026-08-14 23:15:00,0.85475,0.85492,0.85474,0.85489,624.0
2026-08-14 18:20:00,2026-08-14 15:20:00,2026-08-14 23:20:00,0.8549,0.85507,0.85484,0.85491,658.0
2026-08-14 18:25:00,2026-08-14 15:25:00,2026-08-14 23:25:00,0.8549,0.85492,0.85475,0.8548,846.0
2026-08-14 18:30:00,2026-08-14 15:30:00,2026-08-14 23:30:00,0.85479,0.85481,0.85467,0.85468,712.0
2026-08-14 18:35:00,2026-08-14 15:35:00,2026-08-14 23:35:00,0.85469,0.85479,0.85463,0.85473,724.0
2026-08-14 18:40:00,2026-08-14 15:40:00,2026-08-14 23:40:00,0.85472,0.85476,0.85463,0.85466,582.0
2026-08-14 18:45:00,2026-08-14 15:45:00,2026-08-14 23:45:00,0.85465,0.85467,0.85456,0.85461,706.0
2026-08-14 18:50:00,2026-08-14 15:50:00,2026-08-14 23:50:00,0.85459,0.85461,0.85438,0.85444,763.0
2026-08-14 18:55:00,2026-08-14 15:55:00,2026-08-14 23:55:00,0.85443,0.85447,0.85433,0.85437,868.0
2026-08-14 19:00:00,2026-08-14 16:00:00,2026-08-15 00:00:00,0.85439,0.85441,0.8543,0.85434,738.0
2026-08-14 19:05:00,2026-08-14 16:05:00,2026-08-15 00:05:00,0.85433,0.85441,0.85428,0.85434,654.0
2026-08-14 19:10:00,2026-08-14 16:10:00,2026-08-15 00:10:00,0.85433,0.8544,0.8543,0.85439,497.0
2026-08-14 19:15:00,2026-08-14 16:15:00,2026-08-15 00:15:00,0.8544,0.8544,0.85431,0.85439,496.0
2026-08-14 19:20:00,2026-08-14 16:20:00,2026-08-15 00:20:00,0.85437,0.85445,0.85435,0.85442,495.0
2026-08-14 19:25:00,2026-08-14 16:25:00,2026-08-15 00:25:00,0.85443,0.85444,0.85434,0.85436,499.0
2026-08-14 19:30:00,2026-08-14 16:30:00,2026-08-15 00:30:00,0.85435,0.85442,0.85433,0.85438,573.0
2026-08-14 19:35:00,2026-08-14 16:35:00,2026-08-15 00:35:00,0.85437,0.85439,0.85428,0.85431,554.0
2026-08-14 19:40:00,2026-08-14 16:40:00,2026-08-15 00:40:00,0.85429,0.85442,0.85428,0.85439,693.0
2026-08-14 19:45:00,2026-08-14 16:45:00,2026-08-15 00:45:00,0.8544,0.85452,0.85437,0.8545,484.0
2026-08-14 19:50:00,2026-08-14 16:50:00,2026-08-15 00:50:00,0.85451,0.85463,0.85449,0.85461,468.0
2026-08-14 19:55:00,2026-08-14 16:55:00,2026-08-15 00:55:00,0.85462,0.85466,0.85459,0.85462,500.0
2026-08-14 20:00:00,2026-08-14 17:00:00,2026-08-15 01:00:00,0.85463,0.85474,0.85462,0.85468,457.0
2026-08-14 20:05:00,2026-08-14 17:05:00,2026-08-15 01:05:00,0.85469,0.8548,0.85467,0.85479,440.0
2026-08-14 20:10:00,2026-08-14 17:10:00,2026-08-15 01:10:00,0.85478,0.85482,0.85471,0.8548,330.0
2026-08-14 20:15:00,2026-08-14 17:15:00,2026-08-15 01:15:00,0.85479,0.85483,0.85474,0.85479,547.0
2026-08-14 20:20:00,2026-08-14 17:20:00,2026-08-15 01:20:00,0.85481,0.85488,0.85477,0.85482,346.0
2026-08-14 20:25:00,2026-08-14 17:25:00,2026-08-15 01:25:00,0.85483,0.85486,0.85476,0.85476,522.0
2026-08-14 20:30:00,2026-08-14 17:30:00,2026-08-15 01:30:00,0.85475,0.85476,0.85465,0.85468,493.0
2026-08-14 20:35:00,2026-08-14 17:35:00,2026-08-15 01:35:00,0.85467,0.85472,0.85466,0.85469,423.0
2026-08-14 20:40:00,2026-08-14 17:40:00,2026-08-15 01:40:00,0.85468,0.85474,0.85467,0.85473,375.0
2026-08-14 20:45:00,2026-08-14 17:45:00,2026-08-15 01:45:00,0.85474,0.85474,0.85462,0.85467,415.0
2026-08-14 20:50:00,2026-08-14 17:50:00,2026-08-15 01:50:00,0.85465,0.85471,0.85462,0.85463,532.0
2026-08-14 20:55:00,2026-08-14 17:55:00,2026-08-15 01:55:00,0.85464,0.85464,0.85455,0.85461,481.0
2026-08-14 21:00:00,2026-08-14 18:00:00,2026-08-15 02:00:00,0.85462,0.85466,0.85459,0.85463,542.0
2026-08-14 21:05:00,2026-08-14 18:05:00,2026-08-15 02:05:00,0.85462,0.85467,0.8546,0.85467,406.0
2026-08-14 21:10:00,2026-08-14 18:10:00,2026-08-15 02:10:00,0.85466,0.85469,0.85463,0.85463,373.0
2026-08-14 21:15:00,2026-08-14 18:15:00,2026-08-15 02:15:00,0.85464,0.85465,0.85449,0.8545,429.0
2026-08-14 21:20:00,2026-08-14 18:20:00,2026-08-15 02:20:00,0.85452,0.85453,0.85447,0.85452,404.0
2026-08-14 21:25:00,2026-08-14 18:25:00,2026-08-15 02:25:00,0.8545,0.85459,0.8545,0.85458,382.0
2026-08-14 21:30:00,2026-08-14 18:30:00,2026-08-15 02:30:00,0.85456,0.85459,0.85452,0.85455,354.0
2026-08-14 21:35:00,2026-08-14 18:35:00,2026-08-15 02:35:00,0.85456,0.85458,0.85453,0.85455,188.0
2026-08-14 21:40:00,2026-08-14 18:40:00,2026-08-15 02:40:00,0.85454,0.85456,0.85451,0.85454,208.0
2026-08-14 21:45:00,2026-08-14 18:45:00,2026-08-15 02:45:00,0.85453,0.85457,0.8545,0.85453,314.0
2026-08-14 21:50:00,2026-08-14 18:50:00,2026-08-15 02:50:00,0.85452,0.85455,0.85451,0.85453,165.0
2026-08-14 21:55:00,2026-08-14 18:55:00,2026-08-15 02:55:00,0.85451,0.85463,0.85451,0.8546,364.0
2026-08-14 22:00:00,2026-08-14 19:00:00,2026-08-15 03:00:00,0.85461,0.85466,0.85456,0.85459,356.0
2026-08-14 22:05:00,2026-08-14 19:05:00,2026-08-15 03:05:00,0.85458,0.85466,0.85457,0.85465,362.0
2026-08-14 22:10:00,2026-08-14 19:10:00,2026-08-15 03:10:00,0.85464,0.85466,0.85458,0.85461,422.0
2026-08-14 22:15:00,2026-08-14 19:15:00,2026-08-15 03:15:00,0.85462,0.85462,0.85456,0.85459,364.0
2026-08-14 22:20:00,2026-08-14 19:20:00,2026-08-15 03:20:00,0.85458,0.85464,0.85458,0.85462,300.0
2026-08-14 22:25:00,2026-08-14 19:25:00,2026-08-15 03:25:00,0.85463,0.85463,0.85456,0.85459,390.0
2026-08-14 22:30:00,2026-08-14 19:30:00,2026-08-15 03:30:00,0.8546,0.85466,0.85459,0.85463,447.0
2026-08-14 22:35:00,2026-08-14 19:35:00,2026-08-15 03:35:00,0.85462,0.85465,0.85455,0.85461,449.0
2026-08-14 22:40:00,2026-08-14 19:40:00,2026-08-15 03:40:00,0.85462,0.85464,0.85457,0.85458,360.0
2026-08-14 22:45:00,2026-08-14 19:45:00,2026-08-15 03:45:00,0.85457,0.8546,0.85453,0.8546,311.0
2026-08-14 22:50:00,2026-08-14 19:50:00,2026-08-15 03:50:00,0.85461,0.85469,0.8546,0.85465,376.0
2026-08-14 22:55:00,2026-08-14 19:55:00,2026-08-15 03:55:00,0.85464,0.85475,0.85463,0.85472,514.0
2026-08-14 23:00:00,2026-08-14 20:00:00,2026-08-15 04:00:00,0.85471,0.85478,0.8547,0.85475,376.0
2026-08-14 23:05:00,2026-08-14 20:05:00,2026-08-15 04:05:00,0.85474,0.85475,0.85468,0.85471,481.0
2026-08-14 23:10:00,2026-08-14 20:10:00,2026-08-15 04:10:00,0.8547,0.85473,0.85466,0.85472,232.0
2026-08-14 23:15:00,2026-08-14 20:15:00,2026-08-15 04:15:00,0.85471,0.85471,0.85465,0.85466,204.0
2026-08-14 23:20:00,2026-08-14 20:20:00,2026-08-15 04:20:00,0.85467,0.85469,0.85461,0.85468,495.0
2026-08-14 23:25:00,2026-08-14 20:25:00,2026-08-15 04:25:00,0.85469,0.85469,0.8546,0.85468,461.0
2026-08-14 23:30:00,2026-08-14 20:30:00,2026-08-15 04:30:00,0.8547,0.85479,0.85469,0.85476,176.0
2026-08-14 23:35:00,2026-08-14 20:35:00,2026-08-15 04:35:00,0.85477,0.8548,0.85474,0.85476,200.0
2026-08-14 23:40:00,2026-08-14 20:40:00,2026-08-15 04:40:00,0.85477,0.85478,0.85466,0.85467,172.0
2026-08-14 23:45:00,2026-08-14 20:45:00,2026-08-15 04:45:00,0.85466,0.85479,0.85466,0.85474,643.0
2026-08-14 23:50:00,2026-08-14 20:50:00,2026-08-15 04:50:00,0.85474,0.85486,0.85469,0.85484,1407.0
2026-08-17 00:00:00,2026-08-16 21:00:00,2026-08-17 05:00:00,0.85328,0.85356,0.85328,0.85356,17.0
2026-08-17 00:05:00,2026-08-16 21:05:00,2026-08-17 05:05:00,0.85361,0.85376,0.85351,0.85351,47.0
2026-08-17 00:10:00,2026-08-16 21:10:00,2026-08-17 05:10:00,0.85352,0.85394,0.85346,0.85394,80.0
2026-08-17 00:15:00,2026-08-16 21:15:00,2026-08-17 05:15:00,0.85394,0.85394,0.85392,0.85394,11.0
2026-08-17 00:20:00,2026-08-16 21:20:00,2026-08-17 05:20:00,0.85394,0.85399,0.85393,0.85397,122.0
2026-08-17 00:25:00,2026-08-16 21:25:00,2026-08-17 05:25:00,0.85396,0.85403,0.85359,0.85365,218.0
2026-08-17 00:30:00,2026-08-16 21:30:00,2026-08-17 05:30:00,0.85363,0.85393,0.85359,0.85389,232.0
2026-08-17 00:35:00,2026-08-16 21:35:00,2026-08-17 05:35:00,0.85389,0.85415,0.85355,0.85389,78.0
2026-08-17 00:40:00,2026-08-16 21:40:00,2026-08-17 05:40:00,0.85389,0.85391,0.85387,0.85389,32.0
2026-08-17 00:45:00,2026-08-16 21:45:00,2026-08-17 05:45:00,0.85391,0.85419,0.85386,0.85415,94.0
2026-08-17 00:50:00,2026-08-16 21:50:00,2026-08-17 05:50:00,0.85414,0.85439,0.854,0.85439,223.0
2026-08-17 00:55:00,2026-08-16 21:55:00,2026-08-17 05:55:00,0.85441,0.85453,0.85372,0.85401,104.0
2026-08-17 01:00:00,2026-08-16 22:00:00,2026-08-17 06:00:00,0.854,0.85481,0.854,0.85477,495.0
2026-08-17 01:05:00,2026-08-16 22:05:00,2026-08-17 06:05:00,0.85476,0.85481,0.85473,0.85478,227.0
2026-08-17 01:10:00,2026-08-16 22:10:00,2026-08-17 06:10:00,0.85479,0.85482,0.85469,0.85475,344.0
2026-08-17 01:15:00,2026-08-16 22:15:00,2026-08-17 06:15:00,0.85476,0.85476,0.85465,0.85466,397.0
2026-08-17 01:20:00,2026-08-16 22:20:00,2026-08-17 06:20:00,0.85469,0.85473,0.85464,0.85465,475.0
2026-08-17 01:25:00,2026-08-16 22:25:00,2026-08-17 06:25:00,0.85464,0.85465,0.8546,0.85461,249.0
2026-08-17 01:30:00,2026-08-16 22:30:00,2026-08-17 06:30:00,0.85463,0.85464,0.85457,0.85464,433.0
2026-08-17 01:35:00,2026-08-16 22:35:00,2026-08-17 06:35:00,0.85462,0.85466,0.85461,0.85464,322.0
2026-08-17 01:40:00,2026-08-16 22:40:00,2026-08-17 06:40:00,0.85463,0.85467,0.85461,0.85466,289.0
2026-08-17 01:45:00,2026-08-16 22:45:00,2026-08-17 06:45:00,0.85467,0.85469,0.85462,0.85465,385.0
2026-08-17 01:50:00,2026-08-16 22:50:00,2026-08-17 06:50:00,0.85463,0.85467,0.8546,0.85461,204.0
2026-08-17 01:55:00,2026-08-16 22:55:00,2026-08-17 06:55:00,0.85463,0.85469,0.8546,0.85466,351.0
2026-08-17 02:00:00,2026-08-16 23:00:00,2026-08-17 07:00:00,0.85467,0.85467,0.85459,0.85459,269.0
2026-08-17 02:05:00,2026-08-16 23:05:00,2026-08-17 07:05:00,0.85462,0.85462,0.85453,0.85455,329.0
2026-08-17 02:10:00,2026-08-16 23:10:00,2026-08-17 07:10:00,0.85458,0.85463,0.85455,0.85462,587.0
2026-08-17 02:15:00,2026-08-16 23:15:00,2026-08-17 07:15:00,0.8546,0.85466,0.85458,0.85464,268.0
2026-08-17 02:20:00,2026-08-16 23:20:00,2026-08-17 07:20:00,0.85465,0.85465,0.85457,0.85459,270.0
2026-08-17 02:25:00,2026-08-16 23:25:00,2026-08-17 07:25:00,0.85457,0.85461,0.85456,0.85459,314.0
2026-08-17 02:30:00,2026-08-16 23:30:00,2026-08-17 07:30:00,0.85458,0.85463,0.85457,0.85462,313.0
2026-08-17 02:35:00,2026-08-16 23:35:00,2026-08-17 07:35:00,0.85461,0.85463,0.85456,0.8546,293.0
2026-08-17 02:40:00,2026-08-16 23:40:00,2026-08-17 07:40:00,0.85458,0.85459,0.85453,0.85456,314.0
2026-08-17 02:45:00,2026-08-16 23:45:00,2026-08-17 07:45:00,0.85454,0.85459,0.85447,0.8545,281.0
2026-08-17 02:50:00,2026-08-16 23:50:00,2026-08-17 07:50:00,0.85449,0.85449,0.85438,0.85441,366.0
2026-08-17 02:55:00,2026-08-16 23:55:00,2026-08-17 07:55:00,0.8544,0.85444,0.85436,0.85439,345.0
2026-08-17 03:00:00,2026-08-17 00:00:00,2026-08-17 08:00:00,0.8544,0.85442,0.85425,0.85439,724.0
2026-08-17 03:05:00,2026-08-17 00:05:00,2026-08-17 08:05:00,0.85438,0.8545,0.85437,0.85448,701.0
2026-08-17 03:10:00,2026-08-17 00:10:00,2026-08-17 08:10:00,0.8545,0.85452,0.85444,0.85445,284.0
2026-08-17 03:15:00,2026-08-17 00:15:00,2026-08-17 08:15:00,0.85446,0.85448,0.85438,0.85442,784.0
2026-08-17 03:20:00,2026-08-17 00:20:00,2026-08-17 08:20:00,0.85441,0.85443,0.85435,0.85436,708.0
2026-08-17 03:25:00,2026-08-17 00:25:00,2026-08-17 08:25:00,0.85437,0.85443,0.85436,0.85439,637.0
2026-08-17 03:30:00,2026-08-17 00:30:00,2026-08-17 08:30:00,0.8544,0.8544,0.85427,0.85433,807.0
2026-08-17 03:35:00,2026-08-17 00:35:00,2026-08-17 08:35:00,0.85434,0.85436,0.85431,0.85434,717.0
2026-08-17 03:40:00,2026-08-17 00:40:00,2026-08-17 08:40:00,0.85435,0.85437,0.85432,0.85435,850.0
2026-08-17 03:45:00,2026-08-17 00:45:00,2026-08-17 08:45:00,0.85436,0.85439,0.85432,0.85437,684.0
2026-08-17 03:50:00,2026-08-17 00:50:00,2026-08-17 08:50:00,0.85436,0.85437,0.85427,0.85431,902.0
2026-08-17 03:55:00,2026-08-17 00:55:00,2026-08-17 08:55:00,0.85432,0.85437,0.85427,0.85429,717.0
2026-08-17 04:00:00,2026-08-17 01:00:00,2026-08-17 09:00:00,0.8543,0.8544,0.85428,0.85437,1057.0
2026-08-17 04:05:00,2026-08-17 01:05:00,2026-08-17 09:05:00,0.85435,0.85439,0.85433,0.85437,568.0
2026-08-17 04:10:00,2026-08-17 01:10:00,2026-08-17 09:10:00,0.85436,0.85441,0.85435,0.85439,598.0
2026-08-17 04:15:00,2026-08-17 01:15:00,2026-08-17 09:15:00,0.8544,0.85441,0.85437,0.85439,601.0
2026-08-17 04:20:00,2026-08-17 01:20:00,2026-08-17 09:20:00,0.8544,0.85446,0.85437,0.85446,469.0
2026-08-17 04:25:00,2026-08-17 01:25:00,2026-08-17 09:25:00,0.85445,0.85453,0.85442,0.85451,387.0
2026-08-17 04:30:00,2026-08-17 01:30:00,2026-08-17 09:30:00,0.8545,0.85451,0.85443,0.85445,743.0
2026-08-17 04:35:00,2026-08-17 01:35:00,2026-08-17 09:35:00,0.85445,0.85455,0.85443,0.85454,573.0
2026-08-17 04:40:00,2026-08-17 01:40:00,2026-08-17 09:40:00,0.85452,0.85455,0.85451,0.85453,431.0
2026-08-17 04:45:00,2026-08-17 01:45:00,2026-08-17 09:45:00,0.85452,0.85455,0.85448,0.8545,539.0
2026-08-17 04:50:00,2026-08-17 01:50:00,2026-08-17 09:50:00,0.85449,0.85452,0.85448,0.85451,429.0
2026-08-17 04:55:00,2026-08-17 01:55:00,2026-08-17 09:55:00,0.85452,0.85456,0.85449,0.85454,364.0
2026-08-17 05:00:00,2026-08-17 02:00:00,2026-08-17 10:00:00,0.85453,0.8546,0.85452,0.85455,374.0
2026-08-17 05:05:00,2026-08-17 02:05:00,2026-08-17 10:05:00,0.85456,0.85462,0.85452,0.85459,410.0
2026-08-17 05:10:00,2026-08-17 02:10:00,2026-08-17 10:10:00,0.85457,0.85465,0.85457,0.85461,496.0
2026-08-17 05:15:00,2026-08-17 02:15:00,2026-08-17 10:15:00,0.8546,0.85462,0.85457,0.85458,554.0
2026-08-17 05:20:00,2026-08-17 02:20:00,2026-08-17 10:20:00,0.85459,0.85461,0.85457,0.85459,479.0
2026-08-17 05:25:00,2026-08-17 02:25:00,2026-08-17 10:25:00,0.85461,0.85462,0.85458,0.85459,343.0
2026-08-17 05:30:00,2026-08-17 02:30:00,2026-08-17 10:30:00,0.8546,0.85468,0.85453,0.85467,641.0
2026-08-17 05:35:00,2026-08-17 02:35:00,2026-08-17 10:35:00,0.85466,0.85467,0.8546,0.85463,470.0
2026-08-17 05:40:00,2026-08-17 02:40:00,2026-08-17 10:40:00,0.85462,0.85464,0.85457,0.85463,394.0
2026-08-17 05:45:00,2026-08-17 02:45:00,2026-08-17 10:45:00,0.85462,0.85463,0.85457,0.85458,267.0
2026-08-17 05:50:00,2026-08-17 02:50:00,2026-08-17 10:50:00,0.85457,0.85459,0.85456,0.85457,244.0
2026-08-17 05:55:00,2026-08-17 02:55:00,2026-08-17 10:55:00,0.85458,0.85462,0.85456,0.85461,232.0
2026-08-17 06:00:00,2026-08-17 03:00:00,2026-08-17 11:00:00,0.8546,0.85466,0.8546,0.85463,459.0
2026-08-17 06:05:00,2026-08-17 03:05:00,2026-08-17 11:05:00,0.85464,0.85467,0.85462,0.85464,402.0
2026-08-17 06:10:00,2026-08-17 03:10:00,2026-08-17 11:10:00,0.85465,0.85466,0.85458,0.85459,438.0
2026-08-17 06:15:00,2026-08-17 03:15:00,2026-08-17 11:15:00,0.8546,0.85461,0.85457,0.8546,410.0
2026-08-17 06:20:00,2026-08-17 03:20:00,2026-08-17 11:20:00,0.85461,0.85467,0.8546,0.85466,262.0
2026-08-17 06:25:00,2026-08-17 03:25:00,2026-08-17 11:25:00,0.85465,0.85468,0.85463,0.85465,258.0
2026-08-17 06:30:00,2026-08-17 03:30:00,2026-08-17 11:30:00,0.85466,0.85467,0.85463,0.85467,258.0
2026-08-17 06:35:00,2026-08-17 03:35:00,2026-08-17 11:35:00,0.85466,0.85474,0.85464,0.85471,450.0
2026-08-17 06:40:00,2026-08-17 03:40:00,2026-08-17 11:40:00,0.85472,0.85475,0.8547,0.85471,210.0
2026-08-17 06:45:00,2026-08-17 03:45:00,2026-08-17 11:45:00,0.85472,0.85476,0.8547,0.85472,188.0
2026-08-17 06:50:00,2026-08-17 03:50:00,2026-08-17 11:50:00,0.85471,0.85476,0.85469,0.85471,267.0
2026-08-17 06:55:00,2026-08-17 03:55:00,2026-08-17 11:55:00,0.85472,0.85477,0.8547,0.85475,422.0
2026-08-17 07:00:00,2026-08-17 04:00:00,2026-08-17 12:00:00,0.85474,0.8548,0.85474,0.8548,382.0
2026-08-17 07:05:00,2026-08-17 04:05:00,2026-08-17 12:05:00,0.85478,0.85481,0.85476,0.85478,453.0
2026-08-17 07:10:00,2026-08-17 04:10:00,2026-08-17 12:10:00,0.85477,0.85482,0.85476,0.85478,474.0
2026-08-17 07:15:00,2026-08-17 04:15:00,2026-08-17 12:15:00,0.85477,0.85482,0.85477,0.85481,436.0
2026-08-17 07:20:00,2026-08-17 04:20:00,2026-08-17 12:20:00,0.85482,0.85482,0.85477,0.8548,326.0
2026-08-17 07:25:00,2026-08-17 04:25:00,2026-08-17 12:25:00,0.85479,0.85482,0.85477,0.85481,387.0
2026-08-17 07:30:00,2026-08-17 04:30:00,2026-08-17 12:30:00,0.8548,0.85481,0.85475,0.85477,436.0
2026-08-17 07:35:00,2026-08-17 04:35:00,2026-08-17 12:35:00,0.85478,0.85482,0.85477,0.85479,418.0
2026-08-17 07:40:00,2026-08-17 04:40:00,2026-08-17 12:40:00,0.8548,0.85481,0.85477,0.85479,332.0
2026-08-17 07:45:00,2026-08-17 04:45:00,2026-08-17 12:45:00,0.85478,0.85484,0.85477,0.85483,279.0
2026-08-17 07:50:00,2026-08-17 04:50:00,2026-08-17 12:50:00,0.85482,0.85487,0.8548,0.85486,331.0
2026-08-17 07:55:00,2026-08-17 04:55:00,2026-08-17 12:55:00,0.85485,0.85489,0.85485,0.85489,245.0
2026-08-17 08:00:00,2026-08-17 05:00:00,2026-08-17 13:00:00,0.85488,0.85492,0.85485,0.85488,371.0
2026-08-17 08:05:00,2026-08-17 05:05:00,2026-08-17 13:05:00,0.85489,0.85489,0.85484,0.85485,342.0
2026-08-17 08:10:00,2026-08-17 05:10:00,2026-08-17 13:10:00,0.85484,0.85486,0.85482,0.85484,287.0
2026-08-17 08:15:00,2026-08-17 05:15:00,2026-08-17 13:15:00,0.85483,0.85492,0.85483,0.8549,391.0
2026-08-17 08:20:00,2026-08-17 05:20:00,2026-08-17 13:20:00,0.85489,0.8549,0.85485,0.85489,373.0
2026-08-17 08:25:00,2026-08-17 05:25:00,2026-08-17 13:25:00,0.85488,0.8549,0.85483,0.85487,388.0
2026-08-17 08:30:00,2026-08-17 05:30:00,2026-08-17 13:30:00,0.85486,0.85489,0.85481,0.85483,499.0
2026-08-17 08:35:00,2026-08-17 05:35:00,2026-08-17 13:35:00,0.85481,0.85489,0.85478,0.85486,387.0
2026-08-17 08:40:00,2026-08-17 05:40:00,2026-08-17 13:40:00,0.85485,0.85493,0.85483,0.85492,408.0
2026-08-17 08:45:00,2026-08-17 05:45:00,2026-08-17 13:45:00,0.85494,0.85495,0.85473,0.85475,489.0
2026-08-17 08:50:00,2026-08-17 05:50:00,2026-08-17 13:50:00,0.85476,0.85485,0.85471,0.85479,774.0
2026-08-17 08:55:00,2026-08-17 05:55:00,2026-08-17 13:55:00,0.85481,0.85496,0.85479,0.85491,591.0
2026-08-17 09:00:00,2026-08-17 06:00:00,2026-08-17 14:00:00,0.85489,0.85496,0.85486,0.85489,631.0
2026-08-17 09:05:00,2026-08-17 06:05:00,2026-08-17 14:05:00,0.85487,0.85496,0.85486,0.85491,792.0
2026-08-17 09:10:00,2026-08-17 06:10:00,2026-08-17 14:10:00,0.8549,0.8549,0.85478,0.85485,922.0
2026-08-17 09:15:00,2026-08-17 06:15:00,2026-08-17 14:15:00,0.85486,0.85495,0.85483,0.85494,540.0
2026-08-17 09:20:00,2026-08-17 06:20:00,2026-08-17 14:20:00,0.85493,0.85498,0.85485,0.85489,597.0
2026-08-17 09:25:00,2026-08-17 06:25:00,2026-08-17 14:25:00,0.8549,0.85516,0.85489,0.85516,546.0
2026-08-17 09:30:00,2026-08-17 06:30:00,2026-08-17 14:30:00,0.85515,0.85515,0.855,0.85514,456.0
2026-08-17 09:35:00,2026-08-17 06:35:00,2026-08-17 14:35:00,0.85512,0.85526,0.85512,0.85519,391.0
2026-08-17 09:40:00,2026-08-17 06:40:00,2026-08-17 14:40:00,0.85518,0.85522,0.85516,0.85519,310.0
2026-08-17 09:45:00,2026-08-17 06:45:00,2026-08-17 14:45:00,0.85517,0.85528,0.85516,0.85519,693.0
2026-08-17 09:50:00,2026-08-17 06:50:00,2026-08-17 14:50:00,0.85518,0.85525,0.85512,0.85515,907.0
2026-08-17 09:55:00,2026-08-17 06:55:00,2026-08-17 14:55:00,0.85514,0.85531,0.85512,0.85524,785.0
2026-08-17 10:00:00,2026-08-17 07:00:00,2026-08-17 15:00:00,0.85523,0.85537,0.85516,0.85525,652.0
2026-08-17 10:05:00,2026-08-17 07:05:00,2026-08-17 15:05:00,0.85523,0.85538,0.8552,0.85535,789.0
2026-08-17 10:10:00,2026-08-17 07:10:00,2026-08-17 15:10:00,0.85536,0.85542,0.85526,0.85537,726.0
2026-08-17 10:15:00,2026-08-17 07:15:00,2026-08-17 15:15:00,0.85536,0.85542,0.8553,0.8554,712.0
2026-08-17 10:20:00,2026-08-17 07:20:00,2026-08-17 15:20:00,0.85539,0.85549,0.85535,0.85544,766.0
2026-08-17 10:25:00,2026-08-17 07:25:00,2026-08-17 15:25:00,0.85546,0.85567,0.85541,0.8556,734.0
2026-08-17 10:30:00,2026-08-17 07:30:00,2026-08-17 15:30:00,0.85557,0.85576,0.85551,0.85567,888.0
2026-08-17 10:35:00,2026-08-17 07:35:00,2026-08-17 15:35:00,0.85567,0.85572,0.85558,0.85567,901.0
2026-08-17 10:40:00,2026-08-17 07:40:00,2026-08-17 15:40:00,0.85566,0.85569,0.85552,0.85564,803.0
2026-08-17 10:45:00,2026-08-17 07:45:00,2026-08-17 15:45:00,0.85562,0.85589,0.85562,0.85584,628.0
2026-08-17 10:50:00,2026-08-17 07:50:00,2026-08-17 15:50:00,0.85583,0.85585,0.85574,0.85585,729.0
2026-08-17 10:55:00,2026-08-17 07:55:00,2026-08-17 15:55:00,0.85584,0.85586,0.85569,0.85575,724.0
2026-08-17 11:00:00,2026-08-17 08:00:00,2026-08-17 16:00:00,0.85576,0.8559,0.85561,0.85561,953.0
2026-08-17 11:05:00,2026-08-17 08:05:00,2026-08-17 16:05:00,0.85559,0.8557,0.85552,0.85568,507.0
2026-08-17 11:10:00,2026-08-17 08:10:00,2026-08-17 16:10:00,0.85567,0.85573,0.85561,0.85563,459.0
2026-08-17 11:15:00,2026-08-17 08:15:00,2026-08-17 16:15:00,0.85564,0.85574,0.85557,0.85569,690.0
2026-08-17 11:20:00,2026-08-17 08:20:00,2026-08-17 16:20:00,0.8557,0.85587,0.8557,0.85585,444.0
2026-08-17 11:25:00,2026-08-17 08:25:00,2026-08-17 16:25:00,0.85584,0.8559,0.85579,0.85581,523.0
2026-08-17 11:30:00,2026-08-17 08:30:00,2026-08-17 16:30:00,0.85579,0.85587,0.85574,0.85577,740.0
2026-08-17 11:35:00,2026-08-17 08:35:00,2026-08-17 16:35:00,0.85578,0.85579,0.85567,0.85574,740.0
2026-08-17 11:40:00,2026-08-17 08:40:00,2026-08-17 16:40:00,0.85575,0.85586,0.85572,0.85583,858.0
2026-08-17 11:45:00,2026-08-17 08:45:00,2026-08-17 16:45:00,0.85584,0.85588,0.85577,0.85586,642.0
2026-08-17 11:50:00,2026-08-17 08:50:00,2026-08-17 16:50:00,0.85585,0.85596,0.85577,0.85581,609.0
2026-08-17 11:55:00,2026-08-17 08:55:00,2026-08-17 16:55:00,0.85579,0.85591,0.85572,0.85577,984.0
2026-08-17 12:00:00,2026-08-17 09:00:00,2026-08-17 17:00:00,0.85578,0.85587,0.85568,0.85575,533.0
2026-08-17 12:05:00,2026-08-17 09:05:00,2026-08-17 17:05:00,0.85576,0.85578,0.85563,0.85565,524.0
2026-08-17 12:10:00,2026-08-17 09:10:00,2026-08-17 17:10:00,0.85564,0.85568,0.85556,0.85561,496.0
2026-08-17 12:15:00,2026-08-17 09:15:00,2026-08-17 17:15:00,0.85562,0.85575,0.85562,0.85574,371.0
2026-08-17 12:20:00,2026-08-17 09:20:00,2026-08-17 17:20:00,0.85573,0.85578,0.85567,0.85571,438.0
2026-08-17 12:25:00,2026-08-17 09:25:00,2026-08-17 17:25:00,0.8557,0.85573,0.85562,0.8557,515.0
2026-08-17 12:30:00,2026-08-17 09:30:00,2026-08-17 17:30:00,0.85569,0.85571,0.85559,0.85559,390.0
2026-08-17 12:35:00,2026-08-17 09:35:00,2026-08-17 17:35:00,0.85558,0.85561,0.85549,0.85553,340.0
2026-08-17 12:40:00,2026-08-17 09:40:00,2026-08-17 17:40:00,0.8555,0.85554,0.85536,0.85538,675.0
2026-08-17 12:45:00,2026-08-17 09:45:00,2026-08-17 17:45:00,0.85537,0.8555,0.85536,0.85545,514.0
2026-08-17 12:50:00,2026-08-17 09:50:00,2026-08-17 17:50:00,0.85544,0.85547,0.8553,0.85536,485.0
2026-08-17 12:55:00,2026-08-17 09:55:00,2026-08-17 17:55:00,0.85537,0.85538,0.85525,0.8553,658.0
2026-08-17 13:00:00,2026-08-17 10:00:00,2026-08-17 18:00:00,0.85529,0.85534,0.85518,0.85524,689.0
2026-08-17 13:05:00,2026-08-17 10:05:00,2026-08-17 18:05:00,0.85523,0.85531,0.85515,0.85523,655.0
2026-08-17 13:10:00,2026-08-17 10:10:00,2026-08-17 18:10:00,0.85522,0.85524,0.85507,0.85511,625.0
2026-08-17 13:15:00,2026-08-17 10:15:00,2026-08-17 18:15:00,0.85512,0.85522,0.85511,0.85517,575.0
2026-08-17 13:20:00,2026-08-17 10:20:00,2026-08-17 18:20:00,0.85516,0.85523,0.85513,0.85522,357.0
2026-08-17 13:25:00,2026-08-17 10:25:00,2026-08-17 18:25:00,0.85523,0.85523,0.85501,0.85506,589.0
2026-08-17 13:30:00,2026-08-17 10:30:00,2026-08-17 18:30:00,0.85507,0.85509,0.85491,0.85501,825.0
2026-08-17 13:35:00,2026-08-17 10:35:00,2026-08-17 18:35:00,0.85502,0.85504,0.85493,0.85495,476.0
2026-08-17 13:40:00,2026-08-17 10:40:00,2026-08-17 18:40:00,0.85496,0.85496,0.85483,0.85494,453.0
2026-08-17 13:45:00,2026-08-17 10:45:00,2026-08-17 18:45:00,0.85495,0.85508,0.85489,0.85505,404.0
2026-08-17 13:50:00,2026-08-17 10:50:00,2026-08-17 18:50:00,0.85506,0.85511,0.85499,0.85501,456.0
2026-08-17 13:55:00,2026-08-17 10:55:00,2026-08-17 18:55:00,0.85502,0.85508,0.85498,0.85499,484.0
2026-08-17 14:00:00,2026-08-17 11:00:00,2026-08-17 19:00:00,0.85498,0.8551,0.85494,0.85509,516.0
2026-08-17 14:05:00,2026-08-17 11:05:00,2026-08-17 19:05:00,0.85508,0.85512,0.855,0.85503,544.0
2026-08-17 14:10:00,2026-08-17 11:10:00,2026-08-17 19:10:00,0.85502,0.85506,0.85498,0.85504,634.0
2026-08-17 14:15:00,2026-08-17 11:15:00,2026-08-17 19:15:00,0.85505,0.8551,0.85503,0.85504,560.0
2026-08-17 14:20:00,2026-08-17 11:20:00,2026-08-17 19:20:00,0.85505,0.85508,0.85477,0.85481,398.0
2026-08-17 14:25:00,2026-08-17 11:25:00,2026-08-17 19:25:00,0.8548,0.85486,0.85477,0.85481,599.0
2026-08-17 14:30:00,2026-08-17 11:30:00,2026-08-17 19:30:00,0.85482,0.85496,0.85481,0.85491,650.0
2026-08-17 14:35:00,2026-08-17 11:35:00,2026-08-17 19:35:00,0.85492,0.85506,0.8549,0.85499,579.0
2026-08-17 14:40:00,2026-08-17 11:40:00,2026-08-17 19:40:00,0.85498,0.85506,0.85491,0.855,523.0
2026-08-17 14:45:00,2026-08-17 11:45:00,2026-08-17 19:45:00,0.85501,0.85508,0.855,0.85503,552.0
2026-08-17 14:50:00,2026-08-17 11:50:00,2026-08-17 19:50:00,0.85504,0.85512,0.85504,0.85511,650.0
2026-08-17 14:55:00,2026-08-17 11:55:00,2026-08-17 19:55:00,0.8551,0.85515,0.85504,0.85513,475.0
2026-08-17 15:00:00,2026-08-17 12:00:00,2026-08-17 20:00:00,0.85512,0.85518,0.8551,0.85516,552.0
2026-08-17 15:05:00,2026-08-17 12:05:00,2026-08-17 20:05:00,0.85517,0.85517,0.85497,0.85502,493.0
2026-08-17 15:10:00,2026-08-17 12:10:00,2026-08-17 20:10:00,0.85499,0.85502,0.85488,0.85493,632.0
2026-08-17 15:15:00,2026-08-17 12:15:00,2026-08-17 20:15:00,0.85494,0.85499,0.85484,0.85497,825.0
2026-08-17 15:20:00,2026-08-17 12:20:00,2026-08-17 20:20:00,0.85498,0.855,0.85488,0.85498,709.0
2026-08-17 15:25:00,2026-08-17 12:25:00,2026-08-17 20:25:00,0.85499,0.85515,0.85491,0.85503,695.0
2026-08-17 15:30:00,2026-08-17 12:30:00,2026-08-17 20:30:00,0.85504,0.85511,0.85496,0.85505,604.0
2026-08-17 15:35:00,2026-08-17 12:35:00,2026-08-17 20:35:00,0.85504,0.85516,0.85503,0.85513,749.0
2026-08-17 15:40:00,2026-08-17 12:40:00,2026-08-17 20:40:00,0.85512,0.85519,0.8551,0.85513,672.0
2026-08-17 15:45:00,2026-08-17 12:45:00,2026-08-17 20:45:00,0.85514,0.85523,0.8551,0.85521,730.0
2026-08-17 15:50:00,2026-08-17 12:50:00,2026-08-17 20:50:00,0.8552,0.85533,0.85511,0.85531,608.0
2026-08-17 15:55:00,2026-08-17 12:55:00,2026-08-17 20:55:00,0.85532,0.85539,0.85521,0.85524,538.0
2026-08-17 16:00:00,2026-08-17 13:00:00,2026-08-17 21:00:00,0.85525,0.85526,0.85512,0.85515,840.0
2026-08-17 16:05:00,2026-08-17 13:05:00,2026-08-17 21:05:00,0.85516,0.85524,0.85507,0.85508,619.0
2026-08-17 16:10:00,2026-08-17 13:10:00,2026-08-17 21:10:00,0.85505,0.85515,0.85501,0.85505,902.0
2026-08-17 16:15:00,2026-08-17 13:15:00,2026-08-17 21:15:00,0.85504,0.85509,0.855,0.85503,860.0
2026-08-17 16:20:00,2026-08-17 13:20:00,2026-08-17 21:20:00,0.85502,0.85509,0.85495,0.85505,966.0
2026-08-17 16:25:00,2026-08-17 13:25:00,2026-08-17 21:25:00,0.85504,0.85508,0.85499,0.85505,1036.0
2026-08-17 16:30:00,2026-08-17 13:30:00,2026-08-17 21:30:00,0.85504,0.8551,0.85491,0.85509,1083.0
2026-08-17 16:35:00,2026-08-17 13:35:00,2026-08-17 21:35:00,0.8551,0.85514,0.85497,0.85498,708.0
2026-08-17 16:40:00,2026-08-17 13:40:00,2026-08-17 21:40:00,0.85496,0.85514,0.85496,0.85505,791.0
2026-08-17 16:45:00,2026-08-17 13:45:00,2026-08-17 21:45:00,0.85504,0.85519,0.85496,0.85515,768.0
2026-08-17 16:50:00,2026-08-17 13:50:00,2026-08-17 21:50:00,0.85516,0.85526,0.85511,0.85525,669.0
2026-08-17 16:55:00,2026-08-17 13:55:00,2026-08-17 21:55:00,0.85524,0.8553,0.85505,0.85509,741.0
2026-08-17 17:00:00,2026-08-17 14:00:00,2026-08-17 22:00:00,0.8551,0.8551,0.85482,0.85483,1144.0
2026-08-17 17:05:00,2026-08-17 14:05:00,2026-08-17 22:05:00,0.85482,0.85497,0.85481,0.85487,1114.0
2026-08-17 17:10:00,2026-08-17 14:10:00,2026-08-17 22:10:00,0.85486,0.85499,0.8548,0.85485,862.0
2026-08-17 17:15:00,2026-08-17 14:15:00,2026-08-17 22:15:00,0.85486,0.85492,0.85479,0.85482,833.0
2026-08-17 17:20:00,2026-08-17 14:20:00,2026-08-17 22:20:00,0.85484,0.85496,0.85475,0.85495,738.0
2026-08-17 17:25:00,2026-08-17 14:25:00,2026-08-17 22:25:00,0.85494,0.85498,0.85482,0.8549,674.0
2026-08-17 17:30:00,2026-08-17 14:30:00,2026-08-17 22:30:00,0.85488,0.85495,0.85482,0.85488,531.0
2026-08-17 17:35:00,2026-08-17 14:35:00,2026-08-17 22:35:00,0.85487,0.85489,0.85478,0.85481,608.0
2026-08-17 17:40:00,2026-08-17 14:40:00,2026-08-17 22:40:00,0.8548,0.85492,0.85474,0.8549,690.0
2026-08-17 17:45:00,2026-08-17 14:45:00,2026-08-17 22:45:00,0.85491,0.85494,0.85482,0.8549,772.0
2026-08-17 17:50:00,2026-08-17 14:50:00,2026-08-17 22:50:00,0.85491,0.85513,0.8549,0.85503,692.0
2026-08-17 17:55:00,2026-08-17 14:55:00,2026-08-17 22:55:00,0.85502,0.8551,0.85485,0.85494,925.0
2026-08-17 18:00:00,2026-08-17 15:00:00,2026-08-17 23:00:00,0.85495,0.85504,0.85485,0.85486,793.0
2026-08-17 18:05:00,2026-08-17 15:05:00,2026-08-17 23:05:00,0.85485,0.85489,0.85467,0.85469,778.0
2026-08-17 18:10:00,2026-08-17 15:10:00,2026-08-17 23:10:00,0.8547,0.85483,0.85468,0.85476,902.0
2026-08-17 18:15:00,2026-08-17 15:15:00,2026-08-17 23:15:00,0.85475,0.85478,0.85463,0.85468,690.0
2026-08-17 18:20:00,2026-08-17 15:20:00,2026-08-17 23:20:00,0.85467,0.85468,0.8546,0.85465,594.0
2026-08-17 18:25:00,2026-08-17 15:25:00,2026-08-17 23:25:00,0.85464,0.8547,0.85455,0.85458,714.0
2026-08-17 18:30:00,2026-08-17 15:30:00,2026-08-17 23:30:00,0.85457,0.85465,0.85455,0.85458,932.0
2026-08-17 18:35:00,2026-08-17 15:35:00,2026-08-17 23:35:00,0.85457,0.85457,0.85446,0.85453,766.0
2026-08-17 18:40:00,2026-08-17 15:40:00,2026-08-17 23:40:00,0.85452,0.85465,0.85447,0.85463,752.0
2026-08-17 18:45:00,2026-08-17 15:45:00,2026-08-17 23:45:00,0.85464,0.8547,0.85461,0.85467,778.0
2026-08-17 18:50:00,2026-08-17 15:50:00,2026-08-17 23:50:00,0.85466,0.85466,0.85455,0.85461,474.0
2026-08-17 18:55:00,2026-08-17 15:55:00,2026-08-17 23:55:00,0.85462,0.85465,0.85455,0.8546,510.0
2026-08-17 19:00:00,2026-08-17 16:00:00,2026-08-18 00:00:00,0.85459,0.85461,0.85448,0.85455,407.0
2026-08-17 19:05:00,2026-08-17 16:05:00,2026-08-18 00:05:00,0.85454,0.85461,0.85449,0.85459,529.0
2026-08-17 19:10:00,2026-08-17 16:10:00,2026-08-18 00:10:00,0.85458,0.8546,0.85453,0.85457,449.0
2026-08-17 19:15:00,2026-08-17 16:15:00,2026-08-18 00:15:00,0.85458,0.85462,0.85448,0.85449,619.0
2026-08-17 19:20:00,2026-08-17 16:20:00,2026-08-18 00:20:00,0.8545,0.85457,0.85449,0.85456,585.0
2026-08-17 19:25:00,2026-08-17 16:25:00,2026-08-18 00:25:00,0.85457,0.85459,0.85452,0.85454,444.0
2026-08-17 19:30:00,2026-08-17 16:30:00,2026-08-18 00:30:00,0.85455,0.85458,0.85447,0.85448,406.0
2026-08-17 19:35:00,2026-08-17 16:35:00,2026-08-18 00:35:00,0.85449,0.85457,0.85448,0.85453,369.0
2026-08-17 19:40:00,2026-08-17 16:40:00,2026-08-18 00:40:00,0.85454,0.85468,0.85451,0.85466,543.0
2026-08-17 19:45:00,2026-08-17 16:45:00,2026-08-18 00:45:00,0.85467,0.85469,0.85461,0.85462,406.0
2026-08-17 19:50:00,2026-08-17 16:50:00,2026-08-18 00:50:00,0.85464,0.85464,0.85457,0.8546,345.0
2026-08-17 19:55:00,2026-08-17 16:55:00,2026-08-18 00:55:00,0.85459,0.85471,0.85459,0.85467,594.0
2026-08-17 20:00:00,2026-08-17 17:00:00,2026-08-18 01:00:00,0.85465,0.85471,0.85463,0.8547,692.0
2026-08-17 20:05:00,2026-08-17 17:05:00,2026-08-18 01:05:00,0.85469,0.8547,0.85459,0.85463,578.0
2026-08-17 20:10:00,2026-08-17 17:10:00,2026-08-18 01:10:00,0.85464,0.85465,0.85458,0.8546,368.0
2026-08-17 20:15:00,2026-08-17 17:15:00,2026-08-18 01:15:00,0.85461,0.85462,0.85454,0.85459,492.0
2026-08-17 20:20:00,2026-08-17 17:20:00,2026-08-18 01:20:00,0.85458,0.85471,0.85457,0.85466,447.0
2026-08-17 20:25:00,2026-08-17 17:25:00,2026-08-18 01:25:00,0.85465,0.85468,0.85464,0.85465,456.0
2026-08-17 20:30:00,2026-08-17 17:30:00,2026-08-18 01:30:00,0.85466,0.8547,0.85459,0.8547,534.0
2026-08-17 20:35:00,2026-08-17 17:35:00,2026-08-18 01:35:00,0.85471,0.85484,0.85468,0.85472,739.0
2026-08-17 20:40:00,2026-08-17 17:40:00,2026-08-18 01:40:00,0.85473,0.85475,0.85466,0.85472,813.0
2026-08-17 20:45:00,2026-08-17 17:45:00,2026-08-18 01:45:00,0.85473,0.85477,0.85469,0.85473,641.0
2026-08-17 20:50:00,2026-08-17 17:50:00,2026-08-18 01:50:00,0.85474,0.85475,0.8547,0.85472,470.0
2026-08-17 20:55:00,2026-08-17 17:55:00,2026-08-18 01:55:00,0.85471,0.85478,0.8547,0.85476,579.0
2026-08-17 21:00:00,2026-08-17 18:00:00,2026-08-18 02:00:00,0.85475,0.85482,0.8547,0.85479,489.0
2026-08-17 21:05:00,2026-08-17 18:05:00,2026-08-18 02:05:00,0.85478,0.85482,0.85471,0.85472,462.0
2026-08-17 21:10:00,2026-08-17 18:10:00,2026-08-18 02:10:00,0.85473,0.8548,0.85471,0.8548,508.0
2026-08-17 21:15:00,2026-08-17 18:15:00,2026-08-18 02:15:00,0.85479,0.85483,0.85472,0.85472,409.0
2026-08-17 21:20:00,2026-08-17 18:20:00,2026-08-18 02:20:00,0.85478,0.85483,0.85475,0.85481,402.0
2026-08-17 21:25:00,2026-08-17 18:25:00,2026-08-18 02:25:00,0.85483,0.85486,0.85481,0.85482,372.0
2026-08-17 21:30:00,2026-08-17 18:30:00,2026-08-18 02:30:00,0.85481,0.85483,0.85473,0.85477,603.0
2026-08-17 21:35:00,2026-08-17 18:35:00,2026-08-18 02:35:00,0.85478,0.85479,0.85473,0.85476,641.0
2026-08-17 21:40:00,2026-08-17 18:40:00,2026-08-18 02:40:00,0.85475,0.85482,0.85474,0.8548,517.0
2026-08-17 21:45:00,2026-08-17 18:45:00,2026-08-18 02:45:00,0.85479,0.85487,0.85479,0.85486,298.0
2026-08-17 21:50:00,2026-08-17 18:50:00,2026-08-18 02:50:00,0.85485,0.85488,0.85481,0.85486,433.0
2026-08-17 21:55:00,2026-08-17 18:55:00,2026-08-18 02:55:00,0.85485,0.85487,0.8548,0.85483,416.0
2026-08-17 22:00:00,2026-08-17 19:00:00,2026-08-18 03:00:00,0.85482,0.85493,0.85479,0.85492,420.0
2026-08-17 22:05:00,2026-08-17 19:05:00,2026-08-18 03:05:00,0.85491,0.85497,0.85485,0.85489,318.0
2026-08-17 22:10:00,2026-08-17 19:10:00,2026-08-18 03:10:00,0.85488,0.85497,0.85488,0.85495,363.0
2026-08-17 22:15:00,2026-08-17 19:15:00,2026-08-18 03:15:00,0.85496,0.85499,0.85493,0.85498,416.0
2026-08-17 22:20:00,2026-08-17 19:20:00,2026-08-18 03:20:00,0.85499,0.85499,0.85492,0.85497,279.0
2026-08-17 22:25:00,2026-08-17 19:25:00,2026-08-18 03:25:00,0.85496,0.85499,0.85494,0.85498,462.0
2026-08-17 22:30:00,2026-08-17 19:30:00,2026-08-18 03:30:00,0.85497,0.85499,0.85492,0.85495,504.0
2026-08-17 22:35:00,2026-08-17 19:35:00,2026-08-18 03:35:00,0.85493,0.85498,0.85493,0.85497,343.0
2026-08-17 22:40:00,2026-08-17 19:40:00,2026-08-18 03:40:00,0.85496,0.85499,0.85495,0.85497,415.0
2026-08-17 22:45:00,2026-08-17 19:45:00,2026-08-18 03:45:00,0.85496,0.85499,0.85491,0.85494,284.0
2026-08-17 22:50:00,2026-08-17 19:50:00,2026-08-18 03:50:00,0.85493,0.85499,0.85493,0.85499,262.0
2026-08-17 22:55:00,2026-08-17 19:55:00,2026-08-18 03:55:00,0.85498,0.85498,0.8549,0.85494,392.0
2026-08-17 23:00:00,2026-08-17 20:00:00,2026-08-18 04:00:00,0.85491,0.85495,0.8549,0.85495,286.0
2026-08-17 23:05:00,2026-08-17 20:05:00,2026-08-18 04:05:00,0.85494,0.85496,0.85492,0.85495,197.0
2026-08-17 23:10:00,2026-08-17 20:10:00,2026-08-18 04:10:00,0.85494,0.85498,0.85494,0.85498,171.0
2026-08-17 23:15:00,2026-08-17 20:15:00,2026-08-18 04:15:00,0.85497,0.85498,0.85488,0.85488,193.0
2026-08-17 23:20:00,2026-08-17 20:20:00,2026-08-18 04:20:00,0.85487,0.85488,0.85482,0.85482,184.0
2026-08-17 23:25:00,2026-08-17 20:25:00,2026-08-18 04:25:00,0.85483,0.85483,0.8548,0.85482,44.0
2026-08-17 23:30:00,2026-08-17 20:30:00,2026-08-18 04:30:00,0.85483,0.85489,0.85479,0.85488,310.0
2026-08-17 23:35:00,2026-08-17 20:35:00,2026-08-18 04:35:00,0.85487,0.85492,0.85487,0.85488,262.0
2026-08-17 23:40:00,2026-08-17 20:40:00,2026-08-18 04:40:00,0.85489,0.85493,0.85487,0.85492,184.0
2026-08-17 23:45:00,2026-08-17 20:45:00,2026-08-18 04:45:00,0.85491,0.85493,0.85488,0.85492,242.0
2026-08-17 23:50:00,2026-08-17 20:50:00,2026-08-18 04:50:00,0.85491,0.85494,0.85488,0.85494,111.0
2026-08-17 23:55:00,2026-08-17 20:55:00,2026-08-18 04:55:00,0.85493,0.8551,0.85492,0.855,340.0
2026-08-18 00:05:00,2026-08-17 21:05:00,2026-08-18 05:05:00,0.85433,0.85467,0.85414,0.85448,90.0
2026-08-18 00:10:00,2026-08-17 21:10:00,2026-08-18 05:10:00,0.85452,0.85453,0.85421,0.85435,112.0
2026-08-18 00:15:00,2026-08-17 21:15:00,2026-08-18 05:15:00,0.85435,0.85477,0.85434,0.85467,361.0
2026-08-18 00:20:00,2026-08-17 21:20:00,2026-08-18 05:20:00,0.85462,0.85471,0.85438,0.85468,169.0
2026-08-18 00:25:00,2026-08-17 21:25:00,2026-08-18 05:25:00,0.85467,0.85471,0.85448,0.85448,101.0
2026-08-18 00:30:00,2026-08-17 21:30:00,2026-08-18 05:30:00,0.85447,0.85478,0.85446,0.85475,95.0
2026-08-18 00:35:00,2026-08-17 21:35:00,2026-08-18 05:35:00,0.85474,0.85474,0.85461,0.85471,97.0
2026-08-18 00:40:00,2026-08-17 21:40:00,2026-08-18 05:40:00,0.8547,0.85478,0.85458,0.85467,134.0
2026-08-18 00:45:00,2026-08-17 21:45:00,2026-08-18 05:45:00,0.85466,0.85469,0.85457,0.85461,107.0
2026-08-18 00:50:00,2026-08-17 21:50:00,2026-08-18 05:50:00,0.85458,0.85481,0.85448,0.85471,215.0
2026-08-18 00:55:00,2026-08-17 21:55:00,2026-08-18 05:55:00,0.8547,0.85481,0.85468,0.85469,275.0
2026-08-18 01:00:00,2026-08-17 22:00:00,2026-08-18 06:00:00,0.85486,0.85497,0.85478,0.85493,415.0
2026-08-18 01:05:00,2026-08-17 22:05:00,2026-08-18 06:05:00,0.85492,0.85495,0.8549,0.85491,165.0
2026-08-18 01:10:00,2026-08-17 22:10:00,2026-08-18 06:10:00,0.85492,0.85493,0.85487,0.85489,233.0
2026-08-18 01:15:00,2026-08-17 22:15:00,2026-08-18 06:15:00,0.85488,0.85493,0.85484,0.85486,230.0
2026-08-18 01:20:00,2026-08-17 22:20:00,2026-08-18 06:20:00,0.85487,0.85487,0.85484,0.85487,160.0
2026-08-18 01:25:00,2026-08-17 22:25:00,2026-08-18 06:25:00,0.85489,0.85494,0.85487,0.8549,285.0
2026-08-18 01:30:00,2026-08-17 22:30:00,2026-08-18 06:30:00,0.85491,0.85494,0.85488,0.85491,129.0
2026-08-18 01:35:00,2026-08-17 22:35:00,2026-08-18 06:35:00,0.85492,0.85496,0.8549,0.85494,142.0
2026-08-18 01:40:00,2026-08-17 22:40:00,2026-08-18 06:40:00,0.85495,0.85496,0.85489,0.8549,201.0
2026-08-18 01:45:00,2026-08-17 22:45:00,2026-08-18 06:45:00,0.85491,0.85493,0.85489,0.85493,86.0
2026-08-18 01:50:00,2026-08-17 22:50:00,2026-08-18 06:50:00,0.85492,0.85493,0.85491,0.85493,94.0
2026-08-18 01:55:00,2026-08-17 22:55:00,2026-08-18 06:55:00,0.85492,0.85492,0.85488,0.85489,109.0
2026-08-18 02:00:00,2026-08-17 23:00:00,2026-08-18 07:00:00,0.85486,0.85493,0.85484,0.85487,0.0
2026-08-18 02:05:00,2026-08-17 23:05:00,2026-08-18 07:05:00,0.85487,0.85491,0.85484,0.85487,0.0
2026-08-18 02:10:00,2026-08-17 23:10:00,2026-08-18 07:10:00,0.85486,0.8549,0.8548,0.85484,0.0
2026-08-18 02:15:00,2026-08-17 23:15:00,2026-08-18 07:15:00,0.85484,0.8549,0.8548,0.85483,0.0
2026-08-18 02:20:00,2026-08-17 23:20:00,2026-08-18 07:20:00,0.85483,0.8549,0.8548,0.85485,0.0
2026-08-18 02:25:00,2026-08-17 23:25:00,2026-08-18 07:25:00,0.85483,0.8549,0.8548,0.85482,0.0
2026-08-18 02:30:00,2026-08-17 23:30:00,2026-08-18 07:30:00,0.85482,0.85484,0.8548,0.85482,0.0
2026-08-18 02:35:00,2026-08-17 23:35:00,2026-08-18 07:35:00,0.85483,0.85484,0.85476,0.85476,0.0
2026-08-18 02:40:00,2026-08-17 23:40:00,2026-08-18 07:40:00,0.85476,0.8548,0.8547,0.8547,0.0
2026-08-18 02:45:00,2026-08-17 23:45:00,2026-08-18 07:45:00,0.85472,0.85478,0.8547,0.85475,0.0
2026-08-18 02:50:00,2026-08-17 23:50:00,2026-08-18 07:50:00,0.85474,0.85483,0.8547,0.85478,0.0
2026-08-18 02:55:00,2026-08-17 23:55:00,2026-08-18 07:55:00,0.85478,0.85485,0.85473,0.85475,0.0
2026-08-18 03:00:00,2026-08-18 00:00:00,2026-08-18 08:00:00,0.85475,0.8548,0.85466,0.85468,0.0
2026-08-18 03:05:00,2026-08-18 00:05:00,2026-08-18 08:05:00,0.85469,0.85475,0.85466,0.85472,0.0
2026-08-18 03:10:00,2026-08-18 00:10:00,2026-08-18 08:10:00,0.85474,0.85474,0.85466,0.85469,0.0
2026-08-18 03:15:00,2026-08-18 00:15:00,2026-08-18 08:15:00,0.85468,0.8547,0.85464,0.85468,0.0
2026-08-18 03:20:00,2026-08-18 00:20:00,2026-08-18 08:20:00,0.85468,0.85472,0.85466,0.85472,0.0
2026-08-18 03:25:00,2026-08-18 00:25:00,2026-08-18 08:25:00,0.85471,0.85472,0.85464,0.85469,0.0
2026-08-18 03:30:00,2026-08-18 00:30:00,2026-08-18 08:30:00,0.85469,0.85475,0.85467,0.85472,0.0
2026-08-18 03:35:00,2026-08-18 00:35:00,2026-08-18 08:35:00,0.85471,0.8548,0.85467,0.85474,0.0
2026-08-18 03:40:00,2026-08-18 00:40:00,2026-08-18 08:40:00,0.85474,0.8548,0.85468,0.85473,0.0
2026-08-18 03:45:00,2026-08-18 00:45:00,2026-08-18 08:45:00,0.85472,0.8548,0.8547,0.85477,0.0
2026-08-18 03:50:00,2026-08-18 00:50:00,2026-08-18 08:50:00,0.85477,0.8548,0.85472,0.85475,0.0
2026-08-18 03:55:00,2026-08-18 00:55:00,2026-08-18 08:55:00,0.85475,0.8548,0.8547,0.85474,0.0
2026-08-18 04:00:00,2026-08-18 01:00:00,2026-08-18 09:00:00,0.85474,0.8548,0.8547,0.85479,0.0
2026-08-18 04:05:00,2026-08-18 01:05:00,2026-08-18 09:05:00,0.85479,0.85482,0.85477,0.85479,0.0
2026-08-18 04:10:00,2026-08-18 01:10:00,2026-08-18 09:10:00,0.85478,0.85482,0.85476,0.85479,0.0
2026-08-18 04:15:00,2026-08-18 01:15:00,2026-08-18 09:15:00,0.85479,0.85481,0.85474,0.85478,0.0
2026-08-18 04:20:00,2026-08-18 01:20:00,2026-08-18 09:20:00,0.85478,0.85481,0.85476,0.85478,0.0
2026-08-18 04:25:00,2026-08-18 01:25:00,2026-08-18 09:25:00,0.85478,0.85482,0.85476,0.8548,0.0
2026-08-18 04:30:00,2026-08-18 01:30:00,2026-08-18 09:30:00,0.8548,0.85483,0.85476,0.85477,0.0
2026-08-18 04:35:00,2026-08-18 01:35:00,2026-08-18 09:35:00,0.85479,0.8548,0.85473,0.85474,0.0
2026-08-18 04:40:00,2026-08-18 01:40:00,2026-08-18 09:40:00,0.85473,0.8548,0.85471,0.85476,0.0
2026-08-18 04:45:00,2026-08-18 01:45:00,2026-08-18 09:45:00,0.85476,0.8548,0.8547,0.85473,0.0
2026-08-18 04:50:00,2026-08-18 01:50:00,2026-08-18 09:50:00,0.8547,0.8548,0.8547,0.85476,0.0
2026-08-18 04:55:00,2026-08-18 01:55:00,2026-08-18 09:55:00,0.85476,0.85481,0.85474,0.85479,0.0
2026-08-18 05:00:00,2026-08-18 02:00:00,2026-08-18 10:00:00,0.85479,0.85481,0.8547,0.85475,0.0
2026-08-18 05:05:00,2026-08-18 02:05:00,2026-08-18 10:05:00,0.8547,0.8548,0.85468,0.85474,0.0
2026-08-18 05:10:00,2026-08-18 02:10:00,2026-08-18 10:10:00,0.85474,0.8548,0.85469,0.85474,0.0
2026-08-18 05:15:00,2026-08-18 02:15:00,2026-08-18 10:15:00,0.85474,0.8548,0.85468,0.85474,0.0
2026-08-18 05:20:00,2026-08-18 02:20:00,2026-08-18 10:20:00,0.85474,0.85484,0.8547,0.85482,0.0
2026-08-18 05:25:00,2026-08-18 02:25:00,2026-08-18 10:25:00,0.85482,0.8549,0.85478,0.85485,0.0
2026-08-18 05:30:00,2026-08-18 02:30:00,2026-08-18 10:30:00,0.85485,0.85491,0.85484,0.85487,0.0
2026-08-18 05:35:00,2026-08-18 02:35:00,2026-08-18 10:35:00,0.85487,0.8549,0.8548,0.85484,0.0
2026-08-18 05:40:00,2026-08-18 02:40:00,2026-08-18 10:40:00,0.85484,0.8549,0.8548,0.85483,0.0
2026-08-18 05:45:00,2026-08-18 02:45:00,2026-08-18 10:45:00,0.85483,0.8549,0.85478,0.85485,0.0
2026-08-18 05:50:00,2026-08-18 02:50:00,2026-08-18 10:50:00,0.85485,0.8549,0.8548,0.85485,0.0
2026-08-18 05:55:00,2026-08-18 02:55:00,2026-08-18 10:55:00,0.85485,0.8549,0.8548,0.85485,0.0
2026-08-18 06:00:00,2026-08-18 03:00:00,2026-08-18 11:00:00,0.85485,0.8549,0.8548,0.85487,0.0
2026-08-18 06:05:00,2026-08-18 03:05:00,2026-08-18 11:05:00,0.85487,0.855,0.85485,0.85494,0.0
2026-08-18 06:10:00,2026-08-18 03:10:00,2026-08-18 11:10:00,0.85494,0.855,0.8549,0.85491,0.0
2026-08-18 06:15:00,2026-08-18 03:15:00,2026-08-18 11:15:00,0.85491,0.855,0.85489,0.85499,0.0
2026-08-18 06:20:00,2026-08-18 03:20:00,2026-08-18 11:20:00,0.85499,0.85501,0.85497,0.85499,0.0
2026-08-18 06:25:00,2026-08-18 03:25:00,2026-08-18 11:25:00,0.85499,0.85504,0.85497,0.85501,0.0
2026-08-18 06:30:00,2026-08-18 03:30:00,2026-08-18 11:30:00,0.85503,0.85503,0.85492,0.85495,0.0
2026-08-18 06:35:00,2026-08-18 03:35:00,2026-08-18 11:35:00,0.85495,0.855,0.8549,0.85493,0.0
2026-08-18 06:40:00,2026-08-18 03:40:00,2026-08-18 11:40:00,0.85493,0.85495,0.85489,0.85494,0.0
2026-08-18 06:45:00,2026-08-18 03:45:00,2026-08-18 11:45:00,0.85494,0.855,0.85489,0.85497,0.0
2026-08-18 06:50:00,2026-08-18 03:50:00,2026-08-18 11:50:00,0.85498,0.855,0.8549,0.85499,0.0
2026-08-18 06:55:00,2026-08-18 03:55:00,2026-08-18 11:55:00,0.85499,0.85503,0.85497,0.85501,0.0
2026-08-18 07:00:00,2026-08-18 04:00:00,2026-08-18 12:00:00,0.85501,0.85505,0.85499,0.85503,0.0
2026-08-18 07:05:00,2026-08-18 04:05:00,2026-08-18 12:05:00,0.85502,0.8551,0.85499,0.85504,0.0
2026-08-18 07:10:00,2026-08-18 04:10:00,2026-08-18 12:10:00,0.85504,0.8551,0.855,0.85504,0.0
2026-08-18 07:15:00,2026-08-18 04:15:00,2026-08-18 12:15:00,0.85504,0.8551,0.855,0.85505,0.0
2026-08-18 07:20:00,2026-08-18 04:20:00,2026-08-18 12:20:00,0.85505,0.8551,0.8548,0.85483,0.0
2026-08-18 07:25:00,2026-08-18 04:25:00,2026-08-18 12:25:00,0.85484,0.85494,0.85477,0.85488,0.0
2026-08-18 07:30:00,2026-08-18 04:30:00,2026-08-18 12:30:00,0.85488,0.85494,0.85484,0.85492,0.0
2026-08-18 07:35:00,2026-08-18 04:35:00,2026-08-18 12:35:00,0.85492,0.85494,0.85487,0.85493,0.0
2026-08-18 07:40:00,2026-08-18 04:40:00,2026-08-18 12:40:00,0.85493,0.85494,0.85488,0.85492,0.0
2026-08-18 07:45:00,2026-08-18 04:45:00,2026-08-18 12:45:00,0.85493,0.855,0.85489,0.85495,0.0
2026-08-18 07:50:00,2026-08-18 04:50:00,2026-08-18 12:50:00,0.85494,0.855,0.85492,0.85493,0.0
2026-08-18 07:55:00,2026-08-18 04:55:00,2026-08-18 12:55:00,0.85493,0.855,0.85487,0.85488,0.0
2026-08-18 08:00:00,2026-08-18 05:00:00,2026-08-18 13:00:00,0.85488,0.85491,0.85483,0.8549,0.0
2026-08-18 08:05:00,2026-08-18 05:05:00,2026-08-18 13:05:00,0.8549,0.8549,0.8548,0.85488,0.0
2026-08-18 08:10:00,2026-08-18 05:10:00,2026-08-18 13:10:00,0.85488,0.8549,0.8548,0.85486,0.0
2026-08-18 08:15:00,2026-08-18 05:15:00,2026-08-18 13:15:00,0.85485,0.8549,0.85477,0.85483,0.0
2026-08-18 08:20:00,2026-08-18 05:20:00,2026-08-18 13:20:00,0.85483,0.85485,0.8548,0.85483,0.0
2026-08-18 08:25:00,2026-08-18 05:25:00,2026-08-18 13:25:00,0.85483,0.8549,0.85475,0.85479,0.0
2026-08-18 08:30:00,2026-08-18 05:30:00,2026-08-18 13:30:00,0.85479,0.85481,0.85475,0.85479,0.0
2026-08-18 08:35:00,2026-08-18 05:35:00,2026-08-18 13:35:00,0.85479,0.8549,0.85476,0.8548,0.0
2026-08-18 08:40:00,2026-08-18 05:40:00,2026-08-18 13:40:00,0.8548,0.8549,0.85478,0.85483,0.0
2026-08-18 08:45:00,2026-08-18 05:45:00,2026-08-18 13:45:00,0.85484,0.8549,0.85482,0.85483,0.0
2026-08-18 08:50:00,2026-08-18 05:50:00,2026-08-18 13:50:00,0.85483,0.8549,0.8548,0.85485,0.0
2026-08-18 08:55:00,2026-08-18 05:55:00,2026-08-18 13:55:00,0.85485,0.855,0.85478,0.85492,0.0
2026-08-18 09:00:00,2026-08-18 06:00:00,2026-08-18 14:00:00,0.85492,0.85539,0.85436,0.85534,0.0
2026-08-18 09:05:00,2026-08-18 06:05:00,2026-08-18 14:05:00,0.85532,0.85546,0.85528,0.8553,0.0
2026-08-18 09:10:00,2026-08-18 06:10:00,2026-08-18 14:10:00,0.8553,0.8553,0.85512,0.8552,0.0
2026-08-18 09:15:00,2026-08-18 06:15:00,2026-08-18 14:15:00,0.8552,0.85532,0.85514,0.85516,0.0
2026-08-18 09:20:00,2026-08-18 06:20:00,2026-08-18 14:20:00,0.85515,0.85526,0.85509,0.85513,0.0
2026-08-18 09:25:00,2026-08-18 06:25:00,2026-08-18 14:25:00,0.85514,0.85516,0.85508,0.85512,0.0
2026-08-18 09:30:00,2026-08-18 06:30:00,2026-08-18 14:30:00,0.85512,0.85521,0.85508,0.85512,0.0
2026-08-18 09:35:00,2026-08-18 06:35:00,2026-08-18 14:35:00,0.85516,0.8552,0.85509,0.85513,0.0
2026-08-18 09:40:00,2026-08-18 06:40:00,2026-08-18 14:40:00,0.85513,0.8553,0.8551,0.85526,0.0
2026-08-18 09:45:00,2026-08-18 06:45:00,2026-08-18 14:45:00,0.85527,0.85532,0.8552,0.85526,0.0
2026-08-18 09:50:00,2026-08-18 06:50:00,2026-08-18 14:50:00,0.85525,0.85554,0.85525,0.85553,0.0
2026-08-18 09:55:00,2026-08-18 06:55:00,2026-08-18 14:55:00,0.85552,0.8556,0.85532,0.85545,0.0
2026-08-18 10:00:00,2026-08-18 07:00:00,2026-08-18 15:00:00,0.85545,0.85556,0.85543,0.85551,0.0
2026-08-18 10:05:00,2026-08-18 07:05:00,2026-08-18 15:05:00,0.85548,0.8558,0.85548,0.85576,0.0
2026-08-18 10:10:00,2026-08-18 07:10:00,2026-08-18 15:10:00,0.85576,0.8558,0.85564,0.8557,0.0
2026-08-18 10:15:00,2026-08-18 07:15:00,2026-08-18 15:15:00,0.8557,0.8558,0.85564,0.85568,0.0
2026-08-18 10:20:00,2026-08-18 07:20:00,2026-08-18 15:20:00,0.85568,0.8558,0.85558,0.85568,0.0
2026-08-18 10:25:00,2026-08-18 07:25:00,2026-08-18 15:25:00,0.85568,0.8558,0.85565,0.85576,0.0
2026-08-18 10:30:00,2026-08-18 07:30:00,2026-08-18 15:30:00,0.85576,0.8558,0.85565,0.85576,0.0
2026-08-18 10:35:00,2026-08-18 07:35:00,2026-08-18 15:35:00,0.85576,0.8558,0.85555,0.85556,0.0
2026-08-18 10:40:00,2026-08-18 07:40:00,2026-08-18 15:40:00,0.85558,0.85562,0.8555,0.85559,0.0
2026-08-18 10:45:00,2026-08-18 07:45:00,2026-08-18 15:45:00,0.85558,0.8557,0.85552,0.85564,0.0
2026-08-18 10:50:00,2026-08-18 07:50:00,2026-08-18 15:50:00,0.85564,0.85572,0.85555,0.85569,0.0
2026-08-18 10:55:00,2026-08-18 07:55:00,2026-08-18 15:55:00,0.85569,0.8557,0.85545,0.85548,0.0
2026-08-18 11:00:00,2026-08-18 08:00:00,2026-08-18 16:00:00,0.85547,0.8556,0.85546,0.85551,0.0
2026-08-18 11:05:00,2026-08-18 08:05:00,2026-08-18 16:05:00,0.85551,0.8556,0.85544,0.85551,0.0
2026-08-18 11:10:00,2026-08-18 08:10:00,2026-08-18 16:10:00,0.85552,0.85553,0.8554,0.85552,0.0
2026-08-18 11:15:00,2026-08-18 08:15:00,2026-08-18 16:15:00,0.85552,0.85554,0.8554,0.85541,0.0
2026-08-18 11:20:00,2026-08-18 08:20:00,2026-08-18 16:20:00,0.85541,0.85553,0.85539,0.85545,0.0
2026-08-18 11:25:00,2026-08-18 08:25:00,2026-08-18 16:25:00,0.85544,0.8555,0.8553,0.85533,0.0
2026-08-18 11:30:00,2026-08-18 08:30:00,2026-08-18 16:30:00,0.85534,0.85545,0.85529,0.8554,0.0
2026-08-18 11:35:00,2026-08-18 08:35:00,2026-08-18 16:35:00,0.8554,0.8555,0.85535,0.85545,0.0
2026-08-18 11:40:00,2026-08-18 08:40:00,2026-08-18 16:40:00,0.85545,0.85552,0.8554,0.85549,0.0
2026-08-18 11:45:00,2026-08-18 08:45:00,2026-08-18 16:45:00,0.85549,0.85551,0.8554,0.85549,0.0
2026-08-18 11:50:00,2026-08-18 08:50:00,2026-08-18 16:50:00,0.85549,0.8556,0.85545,0.85552,0.0
2026-08-18 11:55:00,2026-08-18 08:55:00,2026-08-18 16:55:00,0.85552,0.85553,0.8554,0.85544,0.0
2026-08-18 12:00:00,2026-08-18 09:00:00,2026-08-18 17:00:00,0.85544,0.85551,0.85531,0.85545,0.0
2026-08-18 12:05:00,2026-08-18 09:05:00,2026-08-18 17:05:00,0.85545,0.8555,0.85537,0.85549,0.0
2026-08-18 12:10:00,2026-08-18 09:10:00,2026-08-18 17:10:00,0.85549,0.85551,0.85544,0.85549,0.0
2026-08-18 12:15:00,2026-08-18 09:15:00,2026-08-18 17:15:00,0.85549,0.8556,0.85547,0.85555,0.0
2026-08-18 12:20:00,2026-08-18 09:20:00,2026-08-18 17:20:00,0.8556,0.8556,0.85545,0.8555,0.0
2026-08-18 12:25:00,2026-08-18 09:25:00,2026-08-18 17:25:00,0.8555,0.8556,0.85549,0.85553,0.0
2026-08-18 12:30:00,2026-08-18 09:30:00,2026-08-18 17:30:00,0.85553,0.85563,0.8555,0.85556,0.0
2026-08-18 12:35:00,2026-08-18 09:35:00,2026-08-18 17:35:00,0.85557,0.85563,0.85547,0.85559,0.0
2026-08-18 12:40:00,2026-08-18 09:40:00,2026-08-18 17:40:00,0.85559,0.85561,0.8555,0.85554,0.0
2026-08-18 12:45:00,2026-08-18 09:45:00,2026-08-18 17:45:00,0.85554,0.8556,0.85547,0.85553,0.0
2026-08-18 12:50:00,2026-08-18 09:50:00,2026-08-18 17:50:00,0.85552,0.85562,0.85549,0.8556,0.0
2026-08-18 12:55:00,2026-08-18 09:55:00,2026-08-18 17:55:00,0.85561,0.8557,0.85548,0.85567,0.0
2026-08-18 13:00:00,2026-08-18 10:00:00,2026-08-18 18:00:00,0.85567,0.85575,0.8556,0.85564,0.0
2026-08-18 13:05:00,2026-08-18 10:05:00,2026-08-18 18:05:00,0.85564,0.85574,0.85564,0.8557,0.0
2026-08-18 13:10:00,2026-08-18 10:10:00,2026-08-18 18:10:00,0.85572,0.8558,0.85567,0.85572,0.0
2026-08-18 13:15:00,2026-08-18 10:15:00,2026-08-18 18:15:00,0.85571,0.8558,0.85564,0.85579,0.0
2026-08-18 13:20:00,2026-08-18 10:20:00,2026-08-18 18:20:00,0.85579,0.85581,0.8557,0.85575,0.0
2026-08-18 13:25:00,2026-08-18 10:25:00,2026-08-18 18:25:00,0.85575,0.8558,0.85565,0.85567,0.0
2026-08-18 13:30:00,2026-08-18 10:30:00,2026-08-18 18:30:00,0.85567,0.8557,0.85558,0.85563,0.0
2026-08-18 13:35:00,2026-08-18 10:35:00,2026-08-18 18:35:00,0.85562,0.85563,0.85556,0.85557,0.0
2026-08-18 13:40:00,2026-08-18 10:40:00,2026-08-18 18:40:00,0.85557,0.8557,0.85554,0.85567,0.0
2026-08-18 13:45:00,2026-08-18 10:45:00,2026-08-18 18:45:00,0.85568,0.8557,0.85558,0.85562,0.0
2026-08-18 13:50:00,2026-08-18 10:50:00,2026-08-18 18:50:00,0.85562,0.8558,0.85553,0.85575,0.0
2026-08-18 13:55:00,2026-08-18 10:55:00,2026-08-18 18:55:00,0.85575,0.8559,0.8557,0.85583,0.0
2026-08-18 14:00:00,2026-08-18 11:00:00,2026-08-18 19:00:00,0.85582,0.85595,0.85573,0.85595,0.0
2026-08-18 14:05:00,2026-08-18 11:05:00,2026-08-18 19:05:00,0.85595,0.85596,0.85584,0.8559,0.0
2026-08-18 14:10:00,2026-08-18 11:10:00,2026-08-18 19:10:00,0.85589,0.8559,0.85575,0.85581,0.0
2026-08-18 14:15:00,2026-08-18 11:15:00,2026-08-18 19:15:00,0.85581,0.8559,0.85579,0.85587,0.0
2026-08-18 14:20:00,2026-08-18 11:20:00,2026-08-18 19:20:00,0.85587,0.85594,0.8558,0.85594,0.0
2026-08-18 14:25:00,2026-08-18 11:25:00,2026-08-18 19:25:00,0.85593,0.856,0.85582,0.85594,0.0
2026-08-18 14:30:00,2026-08-18 11:30:00,2026-08-18 19:30:00,0.85593,0.85596,0.8558,0.85582,0.0
2026-08-18 14:35:00,2026-08-18 11:35:00,2026-08-18 19:35:00,0.8558,0.85595,0.8558,0.85595,0.0
2026-08-18 14:40:00,2026-08-18 11:40:00,2026-08-18 19:40:00,0.85595,0.856,0.8559,0.85595,0.0
2026-08-18 14:45:00,2026-08-18 11:45:00,2026-08-18 19:45:00,0.85595,0.85595,0.85582,0.85585,0.0
2026-08-18 14:50:00,2026-08-18 11:50:00,2026-08-18 19:50:00,0.85583,0.85584,0.8557,0.85577,0.0
2026-08-18 14:55:00,2026-08-18 11:55:00,2026-08-18 19:55:00,0.85577,0.85581,0.8557,0.85578,0.0
2026-08-18 15:00:00,2026-08-18 12:00:00,2026-08-18 20:00:00,0.85578,0.85591,0.85573,0.8559,0.0
2026-08-18 15:05:00,2026-08-18 12:05:00,2026-08-18 20:05:00,0.85587,0.8559,0.8558,0.85583,0.0
2026-08-18 15:10:00,2026-08-18 12:10:00,2026-08-18 20:10:00,0.85583,0.85585,0.85565,0.85579,0.0
2026-08-18 15:15:00,2026-08-18 12:15:00,2026-08-18 20:15:00,0.85578,0.8558,0.85565,0.8557,0.0
2026-08-18 15:20:00,2026-08-18 12:20:00,2026-08-18 20:20:00,0.85569,0.85573,0.8556,0.85566,0.0
2026-08-18 15:25:00,2026-08-18 12:25:00,2026-08-18 20:25:00,0.85566,0.85571,0.85557,0.85558,0.0
2026-08-18 15:30:00,2026-08-18 12:30:00,2026-08-18 20:30:00,0.85559,0.8556,0.8555,0.85557,0.0
2026-08-18 15:35:00,2026-08-18 12:35:00,2026-08-18 20:35:00,0.85556,0.8557,0.85555,0.85559,0.0
2026-08-18 15:40:00,2026-08-18 12:40:00,2026-08-18 20:40:00,0.85559,0.85561,0.8555,0.85554,0.0
2026-08-18 15:45:00,2026-08-18 12:45:00,2026-08-18 20:45:00,0.85554,0.85556,0.85541,0.85544,0.0
2026-08-18 15:50:00,2026-08-18 12:50:00,2026-08-18 20:50:00,0.85545,0.8556,0.85544,0.85553,0.0
2026-08-18 15:55:00,2026-08-18 12:55:00,2026-08-18 20:55:00,0.85553,0.85553,0.85534,0.85534,0.0
2026-08-18 16:00:00,2026-08-18 13:00:00,2026-08-18 21:00:00,0.85532,0.85536,0.85527,0.85531,0.0
2026-08-18 16:05:00,2026-08-18 13:05:00,2026-08-18 21:05:00,0.85531,0.85534,0.8552,0.85528,0.0
2026-08-18 16:10:00,2026-08-18 13:10:00,2026-08-18 21:10:00,0.85528,0.85533,0.8552,0.85529,0.0
2026-08-18 16:15:00,2026-08-18 13:15:00,2026-08-18 21:15:00,0.85528,0.8554,0.85526,0.85532,0.0
2026-08-18 16:20:00,2026-08-18 13:20:00,2026-08-18 21:20:00,0.85532,0.85532,0.8552,0.85528,0.0
2026-08-18 16:25:00,2026-08-18 13:25:00,2026-08-18 21:25:00,0.85529,0.8553,0.85519,0.85526,0.0
2026-08-18 16:30:00,2026-08-18 13:30:00,2026-08-18 21:30:00,0.85526,0.8553,0.85517,0.85524,0.0
2026-08-18 16:35:00,2026-08-18 13:35:00,2026-08-18 21:35:00,0.85524,0.8554,0.8552,0.85534,0.0
2026-08-18 16:40:00,2026-08-18 13:40:00,2026-08-18 21:40:00,0.85534,0.8554,0.85522,0.8553,0.0
2026-08-18 16:45:00,2026-08-18 13:45:00,2026-08-18 21:45:00,0.8553,0.8556,0.85529,0.85556,0.0
2026-08-18 16:50:00,2026-08-18 13:50:00,2026-08-18 21:50:00,0.85555,0.8556,0.85537,0.85541,0.0
2026-08-18 16:55:00,2026-08-18 13:55:00,2026-08-18 21:55:00,0.85541,0.85541,0.85516,0.8552,0.0
2026-08-18 17:00:00,2026-08-18 14:00:00,2026-08-18 22:00:00,0.8552,0.85533,0.8551,0.85522,0.0
2026-08-18 17:05:00,2026-08-18 14:05:00,2026-08-18 22:05:00,0.85522,0.85526,0.85512,0.85526,0.0
2026-08-18 17:10:00,2026-08-18 14:10:00,2026-08-18 22:10:00,0.85526,0.8555,0.85525,0.85531,0.0
2026-08-18 17:15:00,2026-08-18 14:15:00,2026-08-18 22:15:00,0.85531,0.8554,0.85527,0.85534,0.0
2026-08-18 17:20:00,2026-08-18 14:20:00,2026-08-18 22:20:00,0.85533,0.8555,0.85521,0.85524,0.0
2026-08-18 17:25:00,2026-08-18 14:25:00,2026-08-18 22:25:00,0.85525,0.8554,0.85521,0.85535,0.0
2026-08-18 17:30:00,2026-08-18 14:30:00,2026-08-18 22:30:00,0.85533,0.85543,0.85525,0.85529,0.0
2026-08-18 17:35:00,2026-08-18 14:35:00,2026-08-18 22:35:00,0.85529,0.85536,0.85524,0.85536,0.0
2026-08-18 17:40:00,2026-08-18 14:40:00,2026-08-18 22:40:00,0.85533,0.8554,0.85514,0.85517,0.0
2026-08-18 17:45:00,2026-08-18 14:45:00,2026-08-18 22:45:00,0.85517,0.8553,0.85508,0.85515,0.0
2026-08-18 17:50:00,2026-08-18 14:50:00,2026-08-18 22:50:00,0.85515,0.8552,0.85506,0.85506,0.0
2026-08-18 17:55:00,2026-08-18 14:55:00,2026-08-18 22:55:00,0.85509,0.85523,0.85507,0.85512,0.0
2026-08-18 18:00:00,2026-08-18 15:00:00,2026-08-18 23:00:00,0.85513,0.85521,0.85506,0.85513,0.0
2026-08-18 18:05:00,2026-08-18 15:05:00,2026-08-18 23:05:00,0.85513,0.8552,0.8551,0.85516,0.0
2026-08-18 18:10:00,2026-08-18 15:10:00,2026-08-18 23:10:00,0.85516,0.8553,0.8551,0.85522,0.0
2026-08-18 18:15:00,2026-08-18 15:15:00,2026-08-18 23:15:00,0.85522,0.8553,0.85504,0.85517,0.0
2026-08-18 18:20:00,2026-08-18 15:20:00,2026-08-18 23:20:00,0.85517,0.8553,0.85514,0.85525,0.0
2026-08-18 18:25:00,2026-08-18 15:25:00,2026-08-18 23:25:00,0.85525,0.85525,0.85509,0.85511,0.0
2026-08-18 18:30:00,2026-08-18 15:30:00,2026-08-18 23:30:00,0.8551,0.85523,0.85509,0.85518,0.0
2026-08-18 18:35:00,2026-08-18 15:35:00,2026-08-18 23:35:00,0.85516,0.8553,0.85514,0.85526,0.0
2026-08-18 18:40:00,2026-08-18 15:40:00,2026-08-18 23:40:00,0.85527,0.8553,0.85517,0.85525,0.0
2026-08-18 18:45:00,2026-08-18 15:45:00,2026-08-18 23:45:00,0.85524,0.8553,0.85518,0.85524,0.0
2026-08-18 18:50:00,2026-08-18 15:50:00,2026-08-18 23:50:00,0.85525,0.8553,0.85515,0.85516,0.0
2026-08-18 18:55:00,2026-08-18 15:55:00,2026-08-18 23:55:00,0.85516,0.8552,0.85496,0.85499,0.0
2026-08-18 19:00:00,2026-08-18 16:00:00,2026-08-19 00:00:00,0.85499,0.8551,0.85496,0.85505,0.0
2026-08-18 19:05:00,2026-08-18 16:05:00,2026-08-19 00:05:00,0.85505,0.8552,0.85499,0.85515,0.0
2026-08-18 19:10:00,2026-08-18 16:10:00,2026-08-19 00:10:00,0.85515,0.8553,0.85512,0.85521,0.0
2026-08-18 19:15:00,2026-08-18 16:15:00,2026-08-19 00:15:00,0.85521,0.85534,0.85516,0.85524,0.0
2026-08-18 19:20:00,2026-08-18 16:20:00,2026-08-19 00:20:00,0.85524,0.85524,0.85516,0.85517,0.0
2026-08-18 19:25:00,2026-08-18 16:25:00,2026-08-19 00:25:00,0.85517,0.85522,0.8551,0.85516,0.0
2026-08-18 19:30:00,2026-08-18 16:30:00,2026-08-19 00:30:00,0.85516,0.8552,0.85504,0.85507,0.0
2026-08-18 19:35:00,2026-08-18 16:35:00,2026-08-19 00:35:00,0.85508,0.8551,0.85498,0.85501,0.0
2026-08-18 19:40:00,2026-08-18 16:40:00,2026-08-19 00:40:00,0.855,0.8551,0.855,0.85509,0.0
2026-08-18 19:45:00,2026-08-18 16:45:00,2026-08-19 00:45:00,0.85509,0.85515,0.85506,0.8551,0.0
2026-08-18 19:50:00,2026-08-18 16:50:00,2026-08-19 00:50:00,0.85511,0.85513,0.85506,0.85512,0.0
2026-08-18 19:55:00,2026-08-18 16:55:00,2026-08-19 00:55:00,0.85511,0.8552,0.8551,0.85514,0.0
2026-08-18 20:00:00,2026-08-18 17:00:00,2026-08-19 01:00:00,0.85515,0.85521,0.8551,0.85514,0.0
2026-08-18 20:05:00,2026-08-18 17:05:00,2026-08-19 01:05:00,0.85514,0.8553,0.85513,0.85528,0.0
2026-08-18 20:10:00,2026-08-18 17:10:00,2026-08-19 01:10:00,0.85528,0.85531,0.85523,0.85527,0.0
2026-08-18 20:15:00,2026-08-18 17:15:00,2026-08-19 01:15:00,0.85528,0.8553,0.8552,0.85524,0.0
2026-08-18 20:20:00,2026-08-18 17:20:00,2026-08-19 01:20:00,0.85524,0.8553,0.85519,0.8552,0.0
2026-08-18 20:25:00,2026-08-18 17:25:00,2026-08-19 01:25:00,0.85521,0.8553,0.85517,0.85526,0.0
2026-08-18 20:30:00,2026-08-18 17:30:00,2026-08-19 01:30:00,0.85526,0.8553,0.8552,0.85523,0.0
2026-08-18 20:35:00,2026-08-18 17:35:00,2026-08-19 01:35:00,0.85523,0.85531,0.8552,0.85529,0.0
2026-08-18 20:40:00,2026-08-18 17:40:00,2026-08-19 01:40:00,0.85529,0.85532,0.85527,0.85529,0.0
2026-08-18 20:45:00,2026-08-18 17:45:00,2026-08-19 01:45:00,0.85528,0.8553,0.85524,0.85526,0.0
2026-08-18 20:50:00,2026-08-18 17:50:00,2026-08-19 01:50:00,0.85526,0.8553,0.8552,0.85524,0.0
2026-08-18 20:55:00,2026-08-18 17:55:00,2026-08-19 01:55:00,0.85524,0.85533,0.8552,0.85528,0.0
2026-08-18 21:00:00,2026-08-18 18:00:00,2026-08-19 02:00:00,0.85529,0.85532,0.85526,0.8553,0.0
2026-08-18 21:05:00,2026-08-18 18:05:00,2026-08-19 02:05:00,0.8553,0.85533,0.85527,0.85531,0.0
2026-08-18 21:10:00,2026-08-18 18:10:00,2026-08-19 02:10:00,0.85531,0.85534,0.85527,0.85534,0.0
2026-08-18 21:15:00,2026-08-18 18:15:00,2026-08-19 02:15:00,0.85534,0.85535,0.85526,0.85528,0.0
2026-08-18 21:20:00,2026-08-18 18:20:00,2026-08-19 02:20:00,0.85528,0.8553,0.85522,0.85526,0.0
2026-08-18 21:25:00,2026-08-18 18:25:00,2026-08-19 02:25:00,0.85526,0.85526,0.85515,0.85518,0.0
2026-08-18 21:30:00,2026-08-18 18:30:00,2026-08-19 02:30:00,0.85518,0.85523,0.85517,0.85521,0.0
2026-08-18 21:35:00,2026-08-18 18:35:00,2026-08-19 02:35:00,0.85521,0.85523,0.85518,0.85522,0.0
2026-08-18 21:40:00,2026-08-18 18:40:00,2026-08-19 02:40:00,0.85522,0.85527,0.85517,0.85522,0.0
2026-08-18 21:45:00,2026-08-18 18:45:00,2026-08-19 02:45:00,0.85521,0.8553,0.85517,0.85526,0.0
2026-08-18 21:50:00,2026-08-18 18:50:00,2026-08-19 02:50:00,0.85526,0.8553,0.85524,0.8553,0.0
2026-08-18 21:55:00,2026-08-18 18:55:00,2026-08-19 02:55:00,0.85529,0.8554,0.85526,0.85528,0.0
2026-08-18 22:00:00,2026-08-18 19:00:00,2026-08-19 03:00:00,0.85528,0.8553,0.85524,0.85524,0.0
2026-08-18 22:05:00,2026-08-18 19:05:00,2026-08-19 03:05:00,0.85524,0.85531,0.8552,0.85529,0.0
2026-08-18 22:10:00,2026-08-18 19:10:00,2026-08-19 03:10:00,0.85528,0.8553,0.8552,0.85524,0.0
2026-08-18 22:15:00,2026-08-18 19:15:00,2026-08-19 03:15:00,0.85525,0.8553,0.85524,0.85526,0.0
2026-08-18 22:20:00,2026-08-18 19:20:00,2026-08-19 03:20:00,0.85526,0.8553,0.85523,0.85526,0.0
2026-08-18 22:25:00,2026-08-18 19:25:00,2026-08-19 03:25:00,0.85526,0.8553,0.85522,0.85527,0.0
2026-08-18 22:30:00,2026-08-18 19:30:00,2026-08-19 03:30:00,0.85527,0.85532,0.85526,0.85532,0.0
2026-08-18 22:35:00,2026-08-18 19:35:00,2026-08-19 03:35:00,0.8553,0.85533,0.85526,0.85531,0.0
2026-08-18 22:40:00,2026-08-18 19:40:00,2026-08-19 03:40:00,0.85533,0.85534,0.85527,0.85531,0.0
2026-08-18 22:45:00,2026-08-18 19:45:00,2026-08-19 03:45:00,0.85531,0.85533,0.85529,0.85531,0.0
2026-08-18 22:50:00,2026-08-18 19:50:00,2026-08-19 03:50:00,0.85531,0.85532,0.85524,0.85528,0.0
2026-08-18 22:55:00,2026-08-18 19:55:00,2026-08-19 03:55:00,0.85528,0.85534,0.8552,0.85529,0.0
2026-08-18 23:00:00,2026-08-18 20:00:00,2026-08-19 04:00:00,0.85529,0.85532,0.85523,0.85527,0.0
2026-08-18 23:05:00,2026-08-18 20:05:00,2026-08-19 04:05:00,0.85526,0.8553,0.85522,0.85526,0.0
2026-08-18 23:10:00,2026-08-18 20:10:00,2026-08-19 04:10:00,0.85526,0.85531,0.85526,0.85526,0.0
2026-08-18 23:15:00,2026-08-18 20:15:00,2026-08-19 04:15:00,0.85527,0.85531,0.85526,0.85529,0.0
2026-08-18 23:20:00,2026-08-18 20:20:00,2026-08-19 04:20:00,0.8553,0.8554,0.85527,0.85537,0.0
2026-08-18 23:25:00,2026-08-18 20:25:00,2026-08-19 04:25:00,0.85539,0.8554,0.85532,0.85535,0.0
2026-08-18 23:30:00,2026-08-18 20:30:00,2026-08-19 04:30:00,0.85535,0.8554,0.8553,0.85533,0.0
2026-08-18 23:35:00,2026-08-18 20:35:00,2026-08-19 04:35:00,0.85533,0.8554,0.8553,0.85531,0.0
2026-08-18 23:40:00,2026-08-18 20:40:00,2026-08-19 04:40:00,0.85531,0.8554,0.85529,0.85529,0.0
2026-08-18 23:45:00,2026-08-18 20:45:00,2026-08-19 04:45:00,0.85529,0.85533,0.85524,0.8553,0.0
2026-08-18 23:50:00,2026-08-18 20:50:00,2026-08-19 04:50:00,0.85531,0.8554,0.85521,0.85533,0.0
2026-08-18 23:55:00,2026-08-18 20:55:00,2026-08-19 04:55:00,0.85532,0.85546,0.85514,0.85519,0.0
2026-08-19 00:00:00,2026-08-18 21:00:00,2026-08-19 05:00:00,0.85509,0.85543,0.85483,0.8549,0.0
2026-08-19 00:05:00,2026-08-18 21:05:00,2026-08-19 05:05:00,0.8552,0.85559,0.85493,0.8555,0.0
2026-08-19 00:10:00,2026-08-18 21:10:00,2026-08-19 05:10:00,0.85531,0.85543,0.85493,0.8551,0.0
2026-08-19 00:15:00,2026-08-18 21:15:00,2026-08-19 05:15:00,0.85512,0.85535,0.85507,0.85535,0.0
2026-08-19 00:20:00,2026-08-18 21:20:00,2026-08-19 05:20:00,0.85493,0.85534,0.85493,0.85524,0.0
2026-08-19 00:25:00,2026-08-18 21:25:00,2026-08-19 05:25:00,0.85506,0.8557,0.85506,0.85527,0.0
2026-08-19 00:30:00,2026-08-18 21:30:00,2026-08-19 05:30:00,0.85522,0.85548,0.85516,0.8553,0.0
2026-08-19 00:35:00,2026-08-18 21:35:00,2026-08-19 05:35:00,0.85521,0.85546,0.85516,0.85535,0.0
2026-08-19 00:40:00,2026-08-18 21:40:00,2026-08-19 05:40:00,0.85538,0.85543,0.855,0.85523,0.0
2026-08-19 00:45:00,2026-08-18 21:45:00,2026-08-19 05:45:00,0.85521,0.8554,0.85497,0.85513,0.0
2026-08-19 00:50:00,2026-08-18 21:50:00,2026-08-19 05:50:00,0.85514,0.85544,0.85485,0.8552,0.0
2026-08-19 00:55:00,2026-08-18 21:55:00,2026-08-19 05:55:00,0.85519,0.85545,0.85488,0.85503,0.0
2026-08-19 01:00:00,2026-08-18 22:00:00,2026-08-19 06:00:00,0.85503,0.85541,0.85502,0.85537,0.0
2026-08-19 01:05:00,2026-08-18 22:05:00,2026-08-19 06:05:00,0.85536,0.8554,0.85526,0.85537,0.0
2026-08-19 01:10:00,2026-08-18 22:10:00,2026-08-19 06:10:00,0.85537,0.8554,0.85522,0.85533,0.0
2026-08-19 01:15:00,2026-08-18 22:15:00,2026-08-19 06:15:00,0.85533,0.85542,0.85529,0.85536,0.0
2026-08-19 01:20:00,2026-08-18 22:20:00,2026-08-19 06:20:00,0.85539,0.85541,0.85536,0.85536,0.0
2026-08-19 01:25:00,2026-08-18 22:25:00,2026-08-19 06:25:00,0.85536,0.85542,0.85534,0.85536,0.0
2026-08-19 01:30:00,2026-08-18 22:30:00,2026-08-19 06:30:00,0.85535,0.8554,0.85534,0.85536,0.0
2026-08-19 01:35:00,2026-08-18 22:35:00,2026-08-19 06:35:00,0.85537,0.8554,0.85535,0.85537,0.0
2026-08-19 01:40:00,2026-08-18 22:40:00,2026-08-19 06:40:00,0.85536,0.8554,0.85534,0.85538,0.0
2026-08-19 01:45:00,2026-08-18 22:45:00,2026-08-19 06:45:00,0.85538,0.8554,0.85534,0.85537,0.0
2026-08-19 01:50:00,2026-08-18 22:50:00,2026-08-19 06:50:00,0.85537,0.8554,0.8553,0.85533,0.0
2026-08-19 01:55:00,2026-08-18 22:55:00,2026-08-19 06:55:00,0.85533,0.85534,0.8553,0.85532,0.0
2026-08-19 02:00:00,2026-08-18 23:00:00,2026-08-19 07:00:00,0.85533,0.85535,0.85529,0.85533,0.0
2026-08-19 02:05:00,2026-08-18 23:05:00,2026-08-19 07:05:00,0.85533,0.85536,0.85529,0.85531,0.0
2026-08-19 02:10:00,2026-08-18 23:10:00,2026-08-19 07:10:00,0.8553,0.85531,0.85527,0.85527,0.0
2026-08-19 02:15:00,2026-08-18 23:15:00,2026-08-19 07:15:00,0.85526,0.85531,0.85526,0.85527,0.0
2026-08-19 02:20:00,2026-08-18 23:20:00,2026-08-19 07:20:00,0.85527,0.8553,0.85525,0.85527,0.0
2026-08-19 02:25:00,2026-08-18 23:25:00,2026-08-19 07:25:00,0.85527,0.85533,0.85526,0.85528,0.0
2026-08-19 02:30:00,2026-08-18 23:30:00,2026-08-19 07:30:00,0.85529,0.8553,0.8552,0.85523,0.0
2026-08-19 02:35:00,2026-08-18 23:35:00,2026-08-19 07:35:00,0.85523,0.8553,0.8552,0.85522,0.0
2026-08-19 02:40:00,2026-08-18 23:40:00,2026-08-19 07:40:00,0.85522,0.8553,0.8552,0.85524,0.0
2026-08-19 02:45:00,2026-08-18 23:45:00,2026-08-19 07:45:00,0.85525,0.85526,0.8552,0.85522,0.0
2026-08-19 02:50:00,2026-08-18 23:50:00,2026-08-19 07:50:00,0.85523,0.85523,0.85516,0.85519,0.0
2026-08-19 02:55:00,2026-08-18 23:55:00,2026-08-19 07:55:00,0.85518,0.8552,0.85515,0.85517,0.0
2026-08-19 03:00:00,2026-08-19 00:00:00,2026-08-19 08:00:00,0.85517,0.8552,0.85508,0.85517,0.0
2026-08-19 03:05:00,2026-08-19 00:05:00,2026-08-19 08:05:00,0.85516,0.8553,0.85514,0.85524,0.0
2026-08-19 03:10:00,2026-08-19 00:10:00,2026-08-19 08:10:00,0.85524,0.8553,0.85518,0.85524,0.0
2026-08-19 03:15:00,2026-08-19 00:15:00,2026-08-19 08:15:00,0.85524,0.85531,0.85522,0.85529,0.0
2026-08-19 03:20:00,2026-08-19 00:20:00,2026-08-19 08:20:00,0.85529,0.8554,0.85528,0.85533,0.0
2026-08-19 03:25:00,2026-08-19 00:25:00,2026-08-19 08:25:00,0.85533,0.85534,0.85526,0.85527,0.0
2026-08-19 03:30:00,2026-08-19 00:30:00,2026-08-19 08:30:00,0.85527,0.85536,0.8552,0.85526,0.0
2026-08-19 03:35:00,2026-08-19 00:35:00,2026-08-19 08:35:00,0.85526,0.8553,0.85522,0.85525,0.0
2026-08-19 03:40:00,2026-08-19 00:40:00,2026-08-19 08:40:00,0.85525,0.8553,0.85519,0.85523,0.0
2026-08-19 03:45:00,2026-08-19 00:45:00,2026-08-19 08:45:00,0.85521,0.8553,0.8552,0.85526,0.0
2026-08-19 03:50:00,2026-08-19 00:50:00,2026-08-19 08:50:00,0.85526,0.85552,0.85523,0.85547,0.0
2026-08-19 03:55:00,2026-08-19 00:55:00,2026-08-19 08:55:00,0.85547,0.85552,0.8554,0.85546,0.0
2026-08-19 04:00:00,2026-08-19 01:00:00,2026-08-19 09:00:00,0.85547,0.8555,0.85537,0.85543,0.0
2026-08-19 04:05:00,2026-08-19 01:05:00,2026-08-19 09:05:00,0.85543,0.8555,0.85534,0.85543,0.0
2026-08-19 04:10:00,2026-08-19 01:10:00,2026-08-19 09:10:00,0.85544,0.85552,0.85544,0.85551,0.0
2026-08-19 04:15:00,2026-08-19 01:15:00,2026-08-19 09:15:00,0.8555,0.8556,0.85549,0.85555,0.0
2026-08-19 04:20:00,2026-08-19 01:20:00,2026-08-19 09:20:00,0.85554,0.85562,0.85554,0.85557,0.0
2026-08-19 04:25:00,2026-08-19 01:25:00,2026-08-19 09:25:00,0.85557,0.8556,0.85549,0.85551,0.0
2026-08-19 04:30:00,2026-08-19 01:30:00,2026-08-19 09:30:00,0.85551,0.85562,0.8555,0.85562,0.0
2026-08-19 04:35:00,2026-08-19 01:35:00,2026-08-19 09:35:00,0.85562,0.85573,0.85559,0.85571,0.0
2026-08-19 04:40:00,2026-08-19 01:40:00,2026-08-19 09:40:00,0.85571,0.85573,0.85565,0.85568,0.0
2026-08-19 04:45:00,2026-08-19 01:45:00,2026-08-19 09:45:00,0.85567,0.8557,0.8556,0.85568,0.0
2026-08-19 04:50:00,2026-08-19 01:50:00,2026-08-19 09:50:00,0.85566,0.8557,0.8556,0.85567,0.0
2026-08-19 04:55:00,2026-08-19 01:55:00,2026-08-19 09:55:00,0.85565,0.85568,0.85556,0.85559,0.0
2026-08-19 05:00:00,2026-08-19 02:00:00,2026-08-19 10:00:00,0.85559,0.85562,0.85554,0.85556,0.0
2026-08-19 05:05:00,2026-08-19 02:05:00,2026-08-19 10:05:00,0.85556,0.8556,0.8555,0.85557,0.0
2026-08-19 05:10:00,2026-08-19 02:10:00,2026-08-19 10:10:00,0.85556,0.8556,0.85549,0.8555,0.0
2026-08-19 05:15:00,2026-08-19 02:15:00,2026-08-19 10:15:00,0.85552,0.85561,0.85547,0.8556,0.0
2026-08-19 05:20:00,2026-08-19 02:20:00,2026-08-19 10:20:00,0.8556,0.85561,0.85549,0.85557,0.0
2026-08-19 05:25:00,2026-08-19 02:25:00,2026-08-19 10:25:00,0.85557,0.8557,0.85555,0.8556,0.0
2026-08-19 05:30:00,2026-08-19 02:30:00,2026-08-19 10:30:00,0.85559,0.85561,0.85553,0.85557,0.0
2026-08-19 05:35:00,2026-08-19 02:35:00,2026-08-19 10:35:00,0.85556,0.8556,0.85548,0.85551,0.0
2026-08-19 05:40:00,2026-08-19 02:40:00,2026-08-19 10:40:00,0.85551,0.85553,0.85544,0.85549,0.0
2026-08-19 05:45:00,2026-08-19 02:45:00,2026-08-19 10:45:00,0.85549,0.8556,0.85547,0.85551,0.0
2026-08-19 05:50:00,2026-08-19 02:50:00,2026-08-19 10:50:00,0.85551,0.85553,0.8554,0.85545,0.0
2026-08-19 05:55:00,2026-08-19 02:55:00,2026-08-19 10:55:00,0.85544,0.85545,0.85536,0.85541,0.0
2026-08-19 06:00:00,2026-08-19 03:00:00,2026-08-19 11:00:00,0.85539,0.85552,0.85539,0.8555,0.0
2026-08-19 06:05:00,2026-08-19 03:05:00,2026-08-19 11:05:00,0.85548,0.85554,0.85546,0.85553,0.0
2026-08-19 06:10:00,2026-08-19 03:10:00,2026-08-19 11:10:00,0.85553,0.85561,0.85549,0.85559,0.0
2026-08-19 06:15:00,2026-08-19 03:15:00,2026-08-19 11:15:00,0.85559,0.85561,0.85544,0.85547,0.0
2026-08-19 06:20:00,2026-08-19 03:20:00,2026-08-19 11:20:00,0.85547,0.8555,0.85543,0.85546,0.0
2026-08-19 06:25:00,2026-08-19 03:25:00,2026-08-19 11:25:00,0.85546,0.8555,0.85543,0.85547,0.0
2026-08-19 06:30:00,2026-08-19 03:30:00,2026-08-19 11:30:00,0.85547,0.8555,0.85543,0.85546,0.0
2026-08-19 06:35:00,2026-08-19 03:35:00,2026-08-19 11:35:00,0.85546,0.8555,0.85543,0.85546,0.0
2026-08-19 06:40:00,2026-08-19 03:40:00,2026-08-19 11:40:00,0.85546,0.85552,0.85544,0.85548,0.0
2026-08-19 06:45:00,2026-08-19 03:45:00,2026-08-19 11:45:00,0.85548,0.85551,0.85547,0.85549,0.0
2026-08-19 06:50:00,2026-08-19 03:50:00,2026-08-19 11:50:00,0.85549,0.85551,0.85544,0.85546,0.0
2026-08-19 06:55:00,2026-08-19 03:55:00,2026-08-19 11:55:00,0.85545,0.8555,0.85543,0.85548,0.0
2026-08-19 07:00:00,2026-08-19 04:00:00,2026-08-19 12:00:00,0.85548,0.85551,0.85546,0.85551,0.0
2026-08-19 07:05:00,2026-08-19 04:05:00,2026-08-19 12:05:00,0.8555,0.85552,0.85547,0.85549,0.0
2026-08-19 07:10:00,2026-08-19 04:10:00,2026-08-19 12:10:00,0.85549,0.85554,0.85547,0.85548,0.0
2026-08-19 07:15:00,2026-08-19 04:15:00,2026-08-19 12:15:00,0.85548,0.85554,0.85547,0.85551,0.0
2026-08-19 07:20:00,2026-08-19 04:20:00,2026-08-19 12:20:00,0.85552,0.8556,0.8555,0.85553,0.0
2026-08-19 07:25:00,2026-08-19 04:25:00,2026-08-19 12:25:00,0.85553,0.8556,0.85549,0.85552,0.0
2026-08-19 07:30:00,2026-08-19 04:30:00,2026-08-19 12:30:00,0.85554,0.85561,0.85552,0.85561,0.0
2026-08-19 07:35:00,2026-08-19 04:35:00,2026-08-19 12:35:00,0.85561,0.85563,0.85558,0.8556,0.0
2026-08-19 07:40:00,2026-08-19 04:40:00,2026-08-19 12:40:00,0.85559,0.85562,0.85553,0.85554,0.0
2026-08-19 07:45:00,2026-08-19 04:45:00,2026-08-19 12:45:00,0.85554,0.8556,0.8555,0.85554,0.0
2026-08-19 07:50:00,2026-08-19 04:50:00,2026-08-19 12:50:00,0.85554,0.8556,0.8555,0.85553,0.0
2026-08-19 07:55:00,2026-08-19 04:55:00,2026-08-19 12:55:00,0.85553,0.8556,0.8555,0.85553,0.0
2026-08-19 08:00:00,2026-08-19 05:00:00,2026-08-19 13:00:00,0.85553,0.8556,0.8555,0.85553,0.0
2026-08-19 08:05:00,2026-08-19 05:05:00,2026-08-19 13:05:00,0.85553,0.8556,0.8555,0.85557,0.0
2026-08-19 08:10:00,2026-08-19 05:10:00,2026-08-19 13:10:00,0.85557,0.8556,0.85553,0.85557,0.0
2026-08-19 08:15:00,2026-08-19 05:15:00,2026-08-19 13:15:00,0.85556,0.8556,0.85555,0.85559,0.0
2026-08-19 08:20:00,2026-08-19 05:20:00,2026-08-19 13:20:00,0.85558,0.8557,0.85555,0.85559,0.0
2026-08-19 08:25:00,2026-08-19 05:25:00,2026-08-19 13:25:00,0.85558,0.8556,0.85555,0.85557,0.0
2026-08-19 08:30:00,2026-08-19 05:30:00,2026-08-19 13:30:00,0.85557,0.8556,0.8555,0.85555,0.0
2026-08-19 08:35:00,2026-08-19 05:35:00,2026-08-19 13:35:00,0.85556,0.85561,0.85553,0.85556,0.0
2026-08-19 08:40:00,2026-08-19 05:40:00,2026-08-19 13:40:00,0.85556,0.8556,0.8555,0.85553,0.0
2026-08-19 08:45:00,2026-08-19 05:45:00,2026-08-19 13:45:00,0.85553,0.8556,0.85549,0.85554,0.0
2026-08-19 08:50:00,2026-08-19 05:50:00,2026-08-19 13:50:00,0.85555,0.8556,0.85548,0.8556,0.0
2026-08-19 08:55:00,2026-08-19 05:55:00,2026-08-19 13:55:00,0.8556,0.85564,0.85518,0.85552,0.0
2026-08-19 09:00:00,2026-08-19 06:00:00,2026-08-19 14:00:00,0.85555,0.85575,0.85518,0.8555,0.0
2026-08-19 09:05:00,2026-08-19 06:05:00,2026-08-19 14:05:00,0.8555,0.85566,0.85545,0.85565,0.0
2026-08-19 09:10:00,2026-08-19 06:10:00,2026-08-19 14:10:00,0.85565,0.8558,0.85561,0.85569,0.0
2026-08-19 09:15:00,2026-08-19 06:15:00,2026-08-19 14:15:00,0.85569,0.85573,0.85554,0.85558,0.0
2026-08-19 09:20:00,2026-08-19 06:20:00,2026-08-19 14:20:00,0.85555,0.85558,0.85539,0.85546,0.0
2026-08-19 09:25:00,2026-08-19 06:25:00,2026-08-19 14:25:00,0.85545,0.8557,0.85541,0.85564,0.0
2026-08-19 09:30:00,2026-08-19 06:30:00,2026-08-19 14:30:00,0.85564,0.85574,0.85557,0.85566,0.0
2026-08-19 09:35:00,2026-08-19 06:35:00,2026-08-19 14:35:00,0.85566,0.8557,0.85561,0.85565,0.0
2026-08-19 09:40:00,2026-08-19 06:40:00,2026-08-19 14:40:00,0.85564,0.8558,0.85561,0.85564,0.0
2026-08-19 09:45:00,2026-08-19 06:45:00,2026-08-19 14:45:00,0.85565,0.8558,0.8556,0.85572,0.0
2026-08-19 09:50:00,2026-08-19 06:50:00,2026-08-19 14:50:00,0.85572,0.85572,0.8556,0.85567,0.0
2026-08-19 09:55:00,2026-08-19 06:55:00,2026-08-19 14:55:00,0.85568,0.85573,0.85555,0.85559,0.0
2026-08-19 10:00:00,2026-08-19 07:00:00,2026-08-19 15:00:00,0.85557,0.85565,0.85541,0.85553,0.0
2026-08-19 10:05:00,2026-08-19 07:05:00,2026-08-19 15:05:00,0.85552,0.8556,0.8554,0.85542,0.0
2026-08-19 10:10:00,2026-08-19 07:10:00,2026-08-19 15:10:00,0.85542,0.8557,0.8554,0.85568,0.0
2026-08-19 10:15:00,2026-08-19 07:15:00,2026-08-19 15:15:00,0.85567,0.85583,0.85565,0.8558,0.0
2026-08-19 10:20:00,2026-08-19 07:20:00,2026-08-19 15:20:00,0.85581,0.85582,0.85553,0.85561,0.0
2026-08-19 10:25:00,2026-08-19 07:25:00,2026-08-19 15:25:00,0.85561,0.8557,0.85556,0.85568,0.0
2026-08-19 10:30:00,2026-08-19 07:30:00,2026-08-19 15:30:00,0.85568,0.8558,0.85561,0.85563,0.0
2026-08-19 10:35:00,2026-08-19 07:35:00,2026-08-19 15:35:00,0.85563,0.85572,0.85554,0.85562,0.0
2026-08-19 10:40:00,2026-08-19 07:40:00,2026-08-19 15:40:00,0.85562,0.85562,0.85545,0.85551,0.0
2026-08-19 10:45:00,2026-08-19 07:45:00,2026-08-19 15:45:00,0.85551,0.85554,0.85546,0.85552,0.0
2026-08-19 10:50:00,2026-08-19 07:50:00,2026-08-19 15:50:00,0.85552,0.85555,0.85547,0.85551,0.0
2026-08-19 10:55:00,2026-08-19 07:55:00,2026-08-19 15:55:00,0.85551,0.85554,0.8554,0.85545,0.0
2026-08-19 11:00:00,2026-08-19 08:00:00,2026-08-19 16:00:00,0.85543,0.85553,0.8554,0.85542,0.0
2026-08-19 11:05:00,2026-08-19 08:05:00,2026-08-19 16:05:00,0.85542,0.85556,0.85538,0.85551,0.0
2026-08-19 11:10:00,2026-08-19 08:10:00,2026-08-19 16:10:00,0.85553,0.85564,0.85542,0.85552,0.0
2026-08-19 11:15:00,2026-08-19 08:15:00,2026-08-19 16:15:00,0.85552,0.85557,0.85539,0.85552,0.0
2026-08-19 11:20:00,2026-08-19 08:20:00,2026-08-19 16:20:00,0.85552,0.85554,0.85542,0.85553,0.0
2026-08-19 11:25:00,2026-08-19 08:25:00,2026-08-19 16:25:00,0.85553,0.8556,0.85543,0.85554,0.0
2026-08-19 11:30:00,2026-08-19 08:30:00,2026-08-19 16:30:00,0.85554,0.8557,0.85551,0.8556,0.0
2026-08-19 11:35:00,2026-08-19 08:35:00,2026-08-19 16:35:00,0.85559,0.85563,0.8555,0.85555,0.0
2026-08-19 11:40:00,2026-08-19 08:40:00,2026-08-19 16:40:00,0.85555,0.85562,0.8555,0.85554,0.0
2026-08-19 11:45:00,2026-08-19 08:45:00,2026-08-19 16:45:00,0.85555,0.8556,0.85543,0.85545,0.0
2026-08-19 11:50:00,2026-08-19 08:50:00,2026-08-19 16:50:00,0.85545,0.85554,0.8554,0.85544,0.0
2026-08-19 11:55:00,2026-08-19 08:55:00,2026-08-19 16:55:00,0.85543,0.85574,0.85541,0.85571,0.0
2026-08-19 12:00:00,2026-08-19 09:00:00,2026-08-19 17:00:00,0.85571,0.85585,0.85565,0.85568,0.0
2026-08-19 12:05:00,2026-08-19 09:05:00,2026-08-19 17:05:00,0.85568,0.8558,0.85565,0.85579,0.0
2026-08-19 12:10:00,2026-08-19 09:10:00,2026-08-19 17:10:00,0.85578,0.8559,0.85571,0.85578,0.0
2026-08-19 12:15:00,2026-08-19 09:15:00,2026-08-19 17:15:00,0.8558,0.8559,0.85577,0.85586,0.0
2026-08-19 12:20:00,2026-08-19 09:20:00,2026-08-19 17:20:00,0.85586,0.856,0.85582,0.85597,0.0
2026-08-19 12:25:00,2026-08-19 09:25:00,2026-08-19 17:25:00,0.85597,0.85613,0.85591,0.85604,0.0
2026-08-19 12:30:00,2026-08-19 09:30:00,2026-08-19 17:30:00,0.85604,0.85614,0.856,0.8561,0.0
2026-08-19 12:35:00,2026-08-19 09:35:00,2026-08-19 17:35:00,0.8561,0.85622,0.85608,0.8562,0.0
2026-08-19 12:40:00,2026-08-19 09:40:00,2026-08-19 17:40:00,0.8562,0.85623,0.85612,0.85617,0.0
2026-08-19 12:45:00,2026-08-19 09:45:00,2026-08-19 17:45:00,0.85616,0.8562,0.856,0.85604,0.0
2026-08-19 12:50:00,2026-08-19 09:50:00,2026-08-19 17:50:00,0.85604,0.85615,0.856,0.85611,0.0
2026-08-19 12:55:00,2026-08-19 09:55:00,2026-08-19 17:55:00,0.85611,0.85613,0.85597,0.85602,0.0
2026-08-19 13:00:00,2026-08-19 10:00:00,2026-08-19 18:00:00,0.85601,0.8561,0.856,0.85608,0.0
2026-08-19 13:05:00,2026-08-19 10:05:00,2026-08-19 18:05:00,0.85608,0.8562,0.85606,0.85615,0.0
2026-08-19 13:10:00,2026-08-19 10:10:00,2026-08-19 18:10:00,0.85615,0.85615,0.85602,0.85604,0.0
2026-08-19 13:15:00,2026-08-19 10:15:00,2026-08-19 18:15:00,0.85604,0.8561,0.85597,0.85606,0.0
2026-08-19 13:20:00,2026-08-19 10:20:00,2026-08-19 18:20:00,0.85608,0.85613,0.85603,0.85609,0.0
2026-08-19 13:25:00,2026-08-19 10:25:00,2026-08-19 18:25:00,0.85609,0.85611,0.856,0.85604,0.0
2026-08-19 13:30:00,2026-08-19 10:30:00,2026-08-19 18:30:00,0.85604,0.8561,0.85598,0.85603,0.0
2026-08-19 13:35:00,2026-08-19 10:35:00,2026-08-19 18:35:00,0.85603,0.85604,0.85597,0.85601,0.0
2026-08-19 13:40:00,2026-08-19 10:40:00,2026-08-19 18:40:00,0.85601,0.8561,0.85597,0.85606,0.0
2026-08-19 13:45:00,2026-08-19 10:45:00,2026-08-19 18:45:00,0.85605,0.8561,0.85597,0.856,0.0
2026-08-19 13:50:00,2026-08-19 10:50:00,2026-08-19 18:50:00,0.856,0.8561,0.85597,0.85606,0.0
2026-08-19 13:55:00,2026-08-19 10:55:00,2026-08-19 18:55:00,0.85606,0.85621,0.85603,0.85615,0.0
2026-08-19 14:00:00,2026-08-19 11:00:00,2026-08-19 19:00:00,0.85615,0.85616,0.856,0.85607,0.0
2026-08-19 14:05:00,2026-08-19 11:05:00,2026-08-19 19:05:00,0.85607,0.85615,0.85603,0.85611,0.0
2026-08-19 14:10:00,2026-08-19 11:10:00,2026-08-19 19:10:00,0.85611,0.8562,0.85608,0.85613,0.0
2026-08-19 14:15:00,2026-08-19 11:15:00,2026-08-19 19:15:00,0.85613,0.8562,0.85607,0.85611,0.0
2026-08-19 14:20:00,2026-08-19 11:20:00,2026-08-19 19:20:00,0.85611,0.8562,0.85605,0.85616,0.0
2026-08-19 14:25:00,2026-08-19 11:25:00,2026-08-19 19:25:00,0.85616,0.8562,0.85608,0.85615,0.0
2026-08-19 14:30:00,2026-08-19 11:30:00,2026-08-19 19:30:00,0.85615,0.8562,0.85609,0.85619,0.0
2026-08-19 14:35:00,2026-08-19 11:35:00,2026-08-19 19:35:00,0.85619,0.85622,0.85614,0.85621,0.0
2026-08-19 14:40:00,2026-08-19 11:40:00,2026-08-19 19:40:00,0.85621,0.85621,0.8561,0.85615,0.0
2026-08-19 14:45:00,2026-08-19 11:45:00,2026-08-19 19:45:00,0.85614,0.8562,0.85607,0.85613,0.0
2026-08-19 14:50:00,2026-08-19 11:50:00,2026-08-19 19:50:00,0.85613,0.8562,0.85608,0.85614,0.0
2026-08-19 14:55:00,2026-08-19 11:55:00,2026-08-19 19:55:00,0.85614,0.85616,0.85606,0.85609,0.0
2026-08-19 15:00:00,2026-08-19 12:00:00,2026-08-19 20:00:00,0.85609,0.8561,0.856,0.85605,0.0
2026-08-19 15:05:00,2026-08-19 12:05:00,2026-08-19 20:05:00,0.85605,0.8561,0.85599,0.85604,0.0
2026-08-19 15:10:00,2026-08-19 12:10:00,2026-08-19 20:10:00,0.85604,0.8561,0.85592,0.85599,0.0
2026-08-19 15:15:00,2026-08-19 12:15:00,2026-08-19 20:15:00,0.85598,0.856,0.85593,0.85595,0.0
2026-08-19 15:20:00,2026-08-19 12:20:00,2026-08-19 20:20:00,0.85596,0.856,0.85583,0.8559,0.0
2026-08-19 15:25:00,2026-08-19 12:25:00,2026-08-19 20:25:00,0.85592,0.85595,0.85583,0.85587,0.0
2026-08-19 15:30:00,2026-08-19 12:30:00,2026-08-19 20:30:00,0.85587,0.8559,0.85556,0.85575,0.0
2026-08-19 15:35:00,2026-08-19 12:35:00,2026-08-19 20:35:00,0.85575,0.85613,0.85572,0.85613,0.0
2026-08-19 15:40:00,2026-08-19 12:40:00,2026-08-19 20:40:00,0.85613,0.85614,0.85569,0.85572,0.0
2026-08-19 15:45:00,2026-08-19 12:45:00,2026-08-19 20:45:00,0.85574,0.85582,0.85548,0.85575,0.0
2026-08-19 15:50:00,2026-08-19 12:50:00,2026-08-19 20:50:00,0.85575,0.85587,0.85561,0.85584,0.0
2026-08-19 15:55:00,2026-08-19 12:55:00,2026-08-19 20:55:00,0.85584,0.85597,0.85573,0.85585,0.0
2026-08-19 16:00:00,2026-08-19 13:00:00,2026-08-19 21:00:00,0.85583,0.85601,0.85578,0.85598,0.0
2026-08-19 16:05:00,2026-08-19 13:05:00,2026-08-19 21:05:00,0.85598,0.856,0.85579,0.85581,0.0
2026-08-19 16:10:00,2026-08-19 13:10:00,2026-08-19 21:10:00,0.85581,0.85586,0.8555,0.85554,0.0
2026-08-19 16:15:00,2026-08-19 13:15:00,2026-08-19 21:15:00,0.85554,0.85558,0.8552,0.85524,0.0
2026-08-19 16:20:00,2026-08-19 13:20:00,2026-08-19 21:20:00,0.85523,0.85546,0.85509,0.85545,0.0
2026-08-19 16:25:00,2026-08-19 13:25:00,2026-08-19 21:25:00,0.85545,0.8555,0.85527,0.8554,0.0
2026-08-19 16:30:00,2026-08-19 13:30:00,2026-08-19 21:30:00,0.8554,0.8558,0.85538,0.85556,0.0
2026-08-19 16:35:00,2026-08-19 13:35:00,2026-08-19 21:35:00,0.85557,0.85572,0.85554,0.85562,0.0
2026-08-19 16:40:00,2026-08-19 13:40:00,2026-08-19 21:40:00,0.85562,0.85582,0.8555,0.85581,0.0
2026-08-19 16:45:00,2026-08-19 13:45:00,2026-08-19 21:45:00,0.85581,0.85598,0.85574,0.85583,0.0
2026-08-19 16:50:00,2026-08-19 13:50:00,2026-08-19 21:50:00,0.85582,0.8561,0.85579,0.85591,0.0
2026-08-19 16:55:00,2026-08-19 13:55:00,2026-08-19 21:55:00,0.85592,0.85599,0.8557,0.85597,0.0
2026-08-19 17:00:00,2026-08-19 14:00:00,2026-08-19 22:00:00,0.85596,0.85612,0.8559,0.85608,0.0
2026-08-19 17:05:00,2026-08-19 14:05:00,2026-08-19 22:05:00,0.85608,0.85617,0.856,0.85609,0.0
2026-08-19 17:10:00,2026-08-19 14:10:00,2026-08-19 22:10:00,0.8561,0.85641,0.85599,0.85637,0.0
2026-08-19 17:15:00,2026-08-19 14:15:00,2026-08-19 22:15:00,0.85639,0.85652,0.85629,0.8565,0.0
2026-08-19 17:20:00,2026-08-19 14:20:00,2026-08-19 22:20:00,0.8565,0.8567,0.85639,0.85656,0.0
2026-08-19 17:25:00,2026-08-19 14:25:00,2026-08-19 22:25:00,0.85656,0.85673,0.85654,0.8567,0.0
2026-08-19 17:30:00,2026-08-19 14:30:00,2026-08-19 22:30:00,0.85671,0.85692,0.85664,0.85672,0.0
2026-08-19 17:35:00,2026-08-19 14:35:00,2026-08-19 22:35:00,0.85672,0.85687,0.85659,0.85686,0.0
2026-08-19 17:40:00,2026-08-19 14:40:00,2026-08-19 22:40:00,0.85683,0.857,0.85681,0.85695,0.0
2026-08-19 17:45:00,2026-08-19 14:45:00,2026-08-19 22:45:00,0.85695,0.85702,0.85683,0.85685,0.0
2026-08-19 17:50:00,2026-08-19 14:50:00,2026-08-19 22:50:00,0.85683,0.85721,0.85681,0.85689,0.0
2026-08-19 17:55:00,2026-08-19 14:55:00,2026-08-19 22:55:00,0.85689,0.85717,0.85689,0.85702,0.0
2026-08-19 18:00:00,2026-08-19 15:00:00,2026-08-19 23:00:00,0.85702,0.85713,0.85694,0.85711,0.0
2026-08-19 18:05:00,2026-08-19 15:05:00,2026-08-19 23:05:00,0.85708,0.85711,0.85687,0.85691,0.0
2026-08-19 18:10:00,2026-08-19 15:10:00,2026-08-19 23:10:00,0.85691,0.85693,0.8567,0.85677,0.0
2026-08-19 18:15:00,2026-08-19 15:15:00,2026-08-19 23:15:00,0.85678,0.85693,0.8567,0.85686,0.0
2026-08-19 18:20:00,2026-08-19 15:20:00,2026-08-19 23:20:00,0.85687,0.8571,0.85684,0.85688,0.0
2026-08-19 18:25:00,2026-08-19 15:25:00,2026-08-19 23:25:00,0.85688,0.85711,0.85684,0.85686,0.0
2026-08-19 18:30:00,2026-08-19 15:30:00,2026-08-19 23:30:00,0.85688,0.8571,0.85675,0.85704,0.0
2026-08-19 18:35:00,2026-08-19 15:35:00,2026-08-19 23:35:00,0.85703,0.85724,0.857,0.85718,0.0
2026-08-19 18:40:00,2026-08-19 15:40:00,2026-08-19 23:40:00,0.85718,0.8573,0.85714,0.85725,0.0
2026-08-19 18:45:00,2026-08-19 15:45:00,2026-08-19 23:45:00,0.85725,0.8574,0.8571,0.85713,0.0
2026-08-19 18:50:00,2026-08-19 15:50:00,2026-08-19 23:50:00,0.85713,0.8573,0.85709,0.85721,0.0
2026-08-19 18:55:00,2026-08-19 15:55:00,2026-08-19 23:55:00,0.85722,0.8574,0.85718,0.85719,0.0
2026-08-19 19:00:00,2026-08-19 16:00:00,2026-08-20 00:00:00,0.8572,0.85735,0.85719,0.85729,0.0
2026-08-19 19:05:00,2026-08-19 16:05:00,2026-08-20 00:05:00,0.8573,0.85745,0.85726,0.85743,0.0
2026-08-19 19:10:00,2026-08-19 16:10:00,2026-08-20 00:10:00,0.85743,0.8575,0.85736,0.85744,0.0
2026-08-19 19:15:00,2026-08-19 16:15:00,2026-08-20 00:15:00,0.85746,0.8575,0.8573,0.85737,0.0
2026-08-19 19:20:00,2026-08-19 16:20:00,2026-08-20 00:20:00,0.85737,0.8574,0.85729,0.85731,0.0
2026-08-19 19:25:00,2026-08-19 16:25:00,2026-08-20 00:25:00,0.85732,0.85742,0.85728,0.85738,0.0
2026-08-19 19:30:00,2026-08-19 16:30:00,2026-08-20 00:30:00,0.85737,0.85745,0.85735,0.85743,0.0
2026-08-19 19:35:00,2026-08-19 16:35:00,2026-08-20 00:35:00,0.85744,0.85745,0.85734,0.85736,0.0
2026-08-19 19:40:00,2026-08-19 16:40:00,2026-08-20 00:40:00,0.85736,0.85745,0.85734,0.8574,0.0
2026-08-19 19:45:00,2026-08-19 16:45:00,2026-08-20 00:45:00,0.85739,0.85742,0.85734,0.8574,0.0
2026-08-19 19:50:00,2026-08-19 16:50:00,2026-08-20 00:50:00,0.8574,0.85742,0.8572,0.85724,0.0
2026-08-19 19:55:00,2026-08-19 16:55:00,2026-08-20 00:55:00,0.85722,0.8574,0.8572,0.85731,0.0
2026-08-19 20:00:00,2026-08-19 17:00:00,2026-08-20 01:00:00,0.85731,0.8574,0.8572,0.85731,0.0
2026-08-19 20:05:00,2026-08-19 17:05:00,2026-08-20 01:05:00,0.85731,0.85742,0.85729,0.85739,0.0
2026-08-19 20:10:00,2026-08-19 17:10:00,2026-08-20 01:10:00,0.85738,0.85752,0.85735,0.8575,0.0
2026-08-19 20:15:00,2026-08-19 17:15:00,2026-08-20 01:15:00,0.8575,0.8576,0.85749,0.85755,0.0
2026-08-19 20:20:00,2026-08-19 17:20:00,2026-08-20 01:20:00,0.85755,0.85765,0.85754,0.85764,0.0
2026-08-19 20:25:00,2026-08-19 17:25:00,2026-08-20 01:25:00,0.85764,0.8578,0.85763,0.85773,0.0
2026-08-19 20:30:00,2026-08-19 17:30:00,2026-08-20 01:30:00,0.85773,0.85783,0.8577,0.85779,0.0
2026-08-19 20:35:00,2026-08-19 17:35:00,2026-08-20 01:35:00,0.85779,0.85784,0.85771,0.85774,0.0
2026-08-19 20:40:00,2026-08-19 17:40:00,2026-08-20 01:40:00,0.85774,0.85782,0.85765,0.85777,0.0
2026-08-19 20:45:00,2026-08-19 17:45:00,2026-08-20 01:45:00,0.85777,0.85777,0.8576,0.85765,0.0
2026-08-19 20:50:00,2026-08-19 17:50:00,2026-08-20 01:50:00,0.85766,0.8578,0.85763,0.85774,0.0
2026-08-19 20:55:00,2026-08-19 17:55:00,2026-08-20 01:55:00,0.85775,0.85791,0.85755,0.85779,0.0
2026-08-19 21:00:00,2026-08-19 18:00:00,2026-08-20 02:00:00,0.85755,0.85802,0.85754,0.85799,0.0
2026-08-19 21:05:00,2026-08-19 18:05:00,2026-08-20 02:05:00,0.858,0.85802,0.8579,0.85796,0.0
2026-08-19 21:10:00,2026-08-19 18:10:00,2026-08-20 02:10:00,0.85796,0.85802,0.85789,0.85799,0.0
2026-08-19 21:15:00,2026-08-19 18:15:00,2026-08-20 02:15:00,0.85801,0.85802,0.85786,0.8579,0.0
2026-08-19 21:20:00,2026-08-19 18:20:00,2026-08-20 02:20:00,0.85791,0.858,0.85784,0.85795,0.0
2026-08-19 21:25:00,2026-08-19 18:25:00,2026-08-20 02:25:00,0.85795,0.85801,0.8579,0.85796,0.0
2026-08-19 21:30:00,2026-08-19 18:30:00,2026-08-20 02:30:00,0.85797,0.85804,0.8579,0.85799,0.0
2026-08-19 21:35:00,2026-08-19 18:35:00,2026-08-20 02:35:00,0.85799,0.85801,0.85786,0.85792,0.0
2026-08-19 21:40:00,2026-08-19 18:40:00,2026-08-20 02:40:00,0.85791,0.858,0.85782,0.85784,0.0
2026-08-19 21:45:00,2026-08-19 18:45:00,2026-08-20 02:45:00,0.85785,0.8579,0.8577,0.85776,0.0
2026-08-19 21:50:00,2026-08-19 18:50:00,2026-08-20 02:50:00,0.85776,0.8578,0.85767,0.85779,0.0
2026-08-19 21:55:00,2026-08-19 18:55:00,2026-08-20 02:55:00,0.85777,0.85792,0.85777,0.85786,0.0
2026-08-19 22:00:00,2026-08-19 19:00:00,2026-08-20 03:00:00,0.85786,0.85791,0.8578,0.85784,0.0
2026-08-19 22:05:00,2026-08-19 19:05:00,2026-08-20 03:05:00,0.85786,0.858,0.85782,0.85786,0.0
2026-08-19 22:10:00,2026-08-19 19:10:00,2026-08-20 03:10:00,0.85786,0.858,0.85783,0.85789,0.0
2026-08-19 22:15:00,2026-08-19 19:15:00,2026-08-20 03:15:00,0.85789,0.858,0.85786,0.8579,0.0
2026-08-19 22:20:00,2026-08-19 19:20:00,2026-08-20 03:20:00,0.85791,0.858,0.85789,0.85794,0.0
2026-08-19 22:25:00,2026-08-19 19:25:00,2026-08-20 03:25:00,0.85794,0.858,0.85786,0.85793,0.0
2026-08-19 22:30:00,2026-08-19 19:30:00,2026-08-20 03:30:00,0.85792,0.85802,0.85792,0.85797,0.0
2026-08-19 22:35:00,2026-08-19 19:35:00,2026-08-20 03:35:00,0.85797,0.85806,0.85792,0.85803,0.0
2026-08-19 22:40:00,2026-08-19 19:40:00,2026-08-20 03:40:00,0.85801,0.85806,0.85787,0.85788,0.0
2026-08-19 22:45:00,2026-08-19 19:45:00,2026-08-20 03:45:00,0.85789,0.858,0.85783,0.85794,0.0
2026-08-19 22:50:00,2026-08-19 19:50:00,2026-08-20 03:50:00,0.85792,0.858,0.85786,0.8579,0.0
2026-08-19 22:55:00,2026-08-19 19:55:00,2026-08-20 03:55:00,0.85792,0.85812,0.8579,0.85812,0.0
2026-08-19 23:00:00,2026-08-19 20:00:00,2026-08-20 04:00:00,0.8581,0.8582,0.85798,0.85801,0.0
2026-08-19 23:05:00,2026-08-19 20:05:00,2026-08-20 04:05:00,0.85801,0.8582,0.85798,0.85815,0.0
2026-08-19 23:10:00,2026-08-19 20:10:00,2026-08-20 04:10:00,0.85816,0.85826,0.8581,0.85822,0.0
2026-08-19 23:15:00,2026-08-19 20:15:00,2026-08-20 04:15:00,0.85822,0.8583,0.8582,0.85826,0.0
2026-08-19 23:20:00,2026-08-19 20:20:00,2026-08-20 04:20:00,0.85827,0.8584,0.85825,0.85836,0.0
2026-08-19 23:25:00,2026-08-19 20:25:00,2026-08-20 04:25:00,0.85837,0.85845,0.8582,0.85828,0.0
2026-08-19 23:30:00,2026-08-19 20:30:00,2026-08-20 04:30:00,0.85828,0.8584,0.85827,0.85839,0.0
2026-08-19 23:35:00,2026-08-19 20:35:00,2026-08-20 04:35:00,0.85839,0.85842,0.85829,0.85831,0.0
2026-08-19 23:40:00,2026-08-19 20:40:00,2026-08-20 04:40:00,0.8583,0.85834,0.85822,0.85828,0.0
2026-08-19 23:45:00,2026-08-19 20:45:00,2026-08-20 04:45:00,0.85828,0.85834,0.85825,0.85829,0.0
2026-08-19 23:50:00,2026-08-19 20:50:00,2026-08-20 04:50:00,0.8583,0.85832,0.85814,0.8582,0.0
2026-08-19 23:55:00,2026-08-19 20:55:00,2026-08-20 04:55:00,0.8582,0.85823,0.85785,0.85807,0.0
2026-08-20 00:00:00,2026-08-19 21:00:00,2026-08-20 05:00:00,0.85804,0.8582,0.8576,0.8576,0.0
2026-08-20 00:05:00,2026-08-19 21:05:00,2026-08-20 05:05:00,0.8576,0.85813,0.8576,0.8581,0.0
2026-08-20 00:10:00,2026-08-19 21:10:00,2026-08-20 05:10:00,0.85779,0.85807,0.85758,0.85775,0.0
2026-08-20 00:15:00,2026-08-19 21:15:00,2026-08-20 05:15:00,0.85773,0.85805,0.85752,0.85766,0.0
2026-08-20 00:20:00,2026-08-19 21:20:00,2026-08-20 05:20:00,0.85771,0.85821,0.85748,0.85769,0.0
2026-08-20 00:25:00,2026-08-19 21:25:00,2026-08-20 05:25:00,0.8577,0.85786,0.85745,0.85749,0.0
2026-08-20 00:30:00,2026-08-19 21:30:00,2026-08-20 05:30:00,0.85749,0.85794,0.85747,0.85778,0.0
2026-08-20 00:35:00,2026-08-19 21:35:00,2026-08-20 05:35:00,0.85778,0.85806,0.85765,0.8578,0.0
2026-08-20 00:40:00,2026-08-19 21:40:00,2026-08-20 05:40:00,0.85784,0.85809,0.85764,0.85785,0.0
2026-08-20 00:45:00,2026-08-19 21:45:00,2026-08-20 05:45:00,0.85784,0.85831,0.85763,0.85812,0.0
2026-08-20 00:50:00,2026-08-19 21:50:00,2026-08-20 05:50:00,0.85815,0.85835,0.85805,0.85814,0.0
2026-08-20 00:55:00,2026-08-19 21:55:00,2026-08-20 05:55:00,0.85807,0.85833,0.85768,0.85795,0.0
2026-08-20 01:00:00,2026-08-19 22:00:00,2026-08-20 06:00:00,0.85796,0.85825,0.85768,0.85819,0.0
2026-08-20 01:05:00,2026-08-19 22:05:00,2026-08-20 06:05:00,0.85816,0.85823,0.8581,0.8582,0.0
2026-08-20 01:10:00,2026-08-19 22:10:00,2026-08-20 06:10:00,0.8582,0.8583,0.85816,0.85821,0.0
2026-08-20 01:15:00,2026-08-19 22:15:00,2026-08-20 06:15:00,0.85821,0.85823,0.85814,0.85816,0.0
2026-08-20 01:20:00,2026-08-19 22:20:00,2026-08-20 06:20:00,0.85815,0.8582,0.8581,0.85814,0.0
2026-08-20 01:25:00,2026-08-19 22:25:00,2026-08-20 06:25:00,0.85814,0.8582,0.8581,0.85811,0.0
2026-08-20 01:30:00,2026-08-19 22:30:00,2026-08-20 06:30:00,0.85812,0.8582,0.85807,0.85812,0.0
2026-08-20 01:35:00,2026-08-19 22:35:00,2026-08-20 06:35:00,0.8581,0.8582,0.8581,0.85817,0.0
2026-08-20 01:40:00,2026-08-19 22:40:00,2026-08-20 06:40:00,0.85816,0.8582,0.8581,0.85818,0.0
2026-08-20 01:45:00,2026-08-19 22:45:00,2026-08-20 06:45:00,0.85816,0.8582,0.85809,0.85811,0.0
2026-08-20 01:50:00,2026-08-19 22:50:00,2026-08-20 06:50:00,0.85811,0.85823,0.85808,0.85818,0.0
2026-08-20 01:55:00,2026-08-19 22:55:00,2026-08-20 06:55:00,0.85818,0.8582,0.85814,0.85816,0.0
2026-08-20 02:00:00,2026-08-19 23:00:00,2026-08-20 07:00:00,0.85821,0.85825,0.85816,0.8582,0.0
2026-08-20 02:05:00,2026-08-19 23:05:00,2026-08-20 07:05:00,0.85819,0.8583,0.85815,0.85821,0.0
2026-08-20 02:10:00,2026-08-19 23:10:00,2026-08-20 07:10:00,0.85821,0.85826,0.85819,0.85822,0.0
2026-08-20 02:15:00,2026-08-19 23:15:00,2026-08-20 07:15:00,0.85822,0.85823,0.85817,0.8582,0.0
2026-08-20 02:20:00,2026-08-19 23:20:00,2026-08-20 07:20:00,0.8582,0.8583,0.85816,0.85826,0.0
2026-08-20 02:25:00,2026-08-19 23:25:00,2026-08-20 07:25:00,0.85824,0.8583,0.85819,0.85826,0.0
2026-08-20 02:30:00,2026-08-19 23:30:00,2026-08-20 07:30:00,0.85824,0.85832,0.85824,0.8583,0.0
2026-08-20 02:35:00,2026-08-19 23:35:00,2026-08-20 07:35:00,0.85829,0.85832,0.85827,0.85828,0.0
2026-08-20 02:40:00,2026-08-19 23:40:00,2026-08-20 07:40:00,0.85828,0.8583,0.85826,0.85827,0.0
2026-08-20 02:45:00,2026-08-19 23:45:00,2026-08-20 07:45:00,0.85828,0.85832,0.85823,0.85827,0.0
2026-08-20 02:50:00,2026-08-19 23:50:00,2026-08-20 07:50:00,0.85826,0.85831,0.85824,0.85829,0.0
2026-08-20 02:55:00,2026-08-19 23:55:00,2026-08-20 07:55:00,0.85828,0.8584,0.85828,0.85836,0.0
2026-08-20 03:00:00,2026-08-20 00:00:00,2026-08-20 08:00:00,0.85837,0.8584,0.85825,0.85833,0.0
2026-08-20 03:05:00,2026-08-20 00:05:00,2026-08-20 08:05:00,0.85833,0.85846,0.85829,0.8584,0.0
2026-08-20 03:10:00,2026-08-20 00:10:00,2026-08-20 08:10:00,0.8584,0.85843,0.85838,0.8584,0.0
2026-08-20 03:15:00,2026-08-20 00:15:00,2026-08-20 08:15:00,0.8584,0.85841,0.85833,0.8584,0.0
2026-08-20 03:20:00,2026-08-20 00:20:00,2026-08-20 08:20:00,0.8584,0.8584,0.8583,0.85833,0.0
2026-08-20 03:25:00,2026-08-20 00:25:00,2026-08-20 08:25:00,0.85833,0.8584,0.8583,0.85837,0.0
2026-08-20 03:30:00,2026-08-20 00:30:00,2026-08-20 08:30:00,0.85837,0.8584,0.85826,0.85833,0.0
2026-08-20 03:35:00,2026-08-20 00:35:00,2026-08-20 08:35:00,0.85832,0.85834,0.85827,0.85831,0.0
2026-08-20 03:40:00,2026-08-20 00:40:00,2026-08-20 08:40:00,0.85831,0.8584,0.85829,0.85837,0.0
2026-08-20 03:45:00,2026-08-20 00:45:00,2026-08-20 08:45:00,0.85837,0.8584,0.8583,0.85835,0.0
2026-08-20 03:50:00,2026-08-20 00:50:00,2026-08-20 08:50:00,0.85835,0.85843,0.85832,0.85841,0.0
2026-08-20 03:55:00,2026-08-20 00:55:00,2026-08-20 08:55:00,0.8584,0.8585,0.85838,0.85841,0.0
2026-08-20 04:00:00,2026-08-20 01:00:00,2026-08-20 09:00:00,0.85841,0.8585,0.85835,0.85837,0.0
2026-08-20 04:05:00,2026-08-20 01:05:00,2026-08-20 09:05:00,0.85836,0.85842,0.85833,0.85836,0.0
2026-08-20 04:10:00,2026-08-20 01:10:00,2026-08-20 09:10:00,0.85837,0.85843,0.85833,0.85837,0.0
2026-08-20 04:15:00,2026-08-20 01:15:00,2026-08-20 09:15:00,0.85837,0.85844,0.85829,0.85833,0.0
2026-08-20 04:20:00,2026-08-20 01:20:00,2026-08-20 09:20:00,0.85834,0.8584,0.85832,0.85837,0.0
2026-08-20 04:25:00,2026-08-20 01:25:00,2026-08-20 09:25:00,0.85838,0.8584,0.85833,0.85837,0.0
2026-08-20 04:30:00,2026-08-20 01:30:00,2026-08-20 09:30:00,0.85838,0.8585,0.85834,0.85844,0.0
2026-08-20 04:35:00,2026-08-20 01:35:00,2026-08-20 09:35:00,0.85845,0.8585,0.8584,0.85843,0.0
2026-08-20 04:40:00,2026-08-20 01:40:00,2026-08-20 09:40:00,0.85843,0.85844,0.85829,0.85831,0.0
2026-08-20 04:45:00,2026-08-20 01:45:00,2026-08-20 09:45:00,0.85831,0.85832,0.85816,0.8582,0.0
2026-08-20 04:50:00,2026-08-20 01:50:00,2026-08-20 09:50:00,0.85819,0.8582,0.8581,0.85815,0.0
2026-08-20 04:55:00,2026-08-20 01:55:00,2026-08-20 09:55:00,0.85814,0.85815,0.858,0.85806,0.0
2026-08-20 05:00:00,2026-08-20 02:00:00,2026-08-20 10:00:00,0.85805,0.85823,0.85798,0.8581,0.0
2026-08-20 05:05:00,2026-08-20 02:05:00,2026-08-20 10:05:00,0.85812,0.85813,0.85803,0.85809,0.0
2026-08-20 05:10:00,2026-08-20 02:10:00,2026-08-20 10:10:00,0.85809,0.85812,0.85804,0.85807,0.0
2026-08-20 05:15:00,2026-08-20 02:15:00,2026-08-20 10:15:00,0.85807,0.8581,0.858,0.85808,0.0
2026-08-20 05:20:00,2026-08-20 02:20:00,2026-08-20 10:20:00,0.85808,0.8582,0.85806,0.85814,0.0
2026-08-20 05:25:00,2026-08-20 02:25:00,2026-08-20 10:25:00,0.85813,0.85821,0.85812,0.85815,0.0
2026-08-20 05:30:00,2026-08-20 02:30:00,2026-08-20 10:30:00,0.85815,0.8582,0.85811,0.85814,0.0
2026-08-20 05:35:00,2026-08-20 02:35:00,2026-08-20 10:35:00,0.85815,0.8582,0.85812,0.85817,0.0
2026-08-20 05:40:00,2026-08-20 02:40:00,2026-08-20 10:40:00,0.85818,0.85822,0.85814,0.85822,0.0
2026-08-20 05:45:00,2026-08-20 02:45:00,2026-08-20 10:45:00,0.85821,0.85821,0.85816,0.8582,0.0
2026-08-20 05:50:00,2026-08-20 02:50:00,2026-08-20 10:50:00,0.8582,0.85821,0.85813,0.85815,0.0
2026-08-20 05:55:00,2026-08-20 02:55:00,2026-08-20 10:55:00,0.85813,0.8582,0.85807,0.85809,0.0
2026-08-20 06:00:00,2026-08-20 03:00:00,2026-08-20 11:00:00,0.85812,0.85812,0.858,0.85803,0.0
2026-08-20 06:05:00,2026-08-20 03:05:00,2026-08-20 11:05:00,0.85804,0.8581,0.85798,0.85802,0.0
2026-08-20 06:10:00,2026-08-20 03:10:00,2026-08-20 11:10:00,0.85801,0.8581,0.85798,0.85802,0.0
2026-08-20 06:15:00,2026-08-20 03:15:00,2026-08-20 11:15:00,0.85802,0.85804,0.85799,0.85801,0.0
2026-08-20 06:20:00,2026-08-20 03:20:00,2026-08-20 11:20:00,0.85801,0.8581,0.85798,0.85803,0.0
2026-08-20 06:25:00,2026-08-20 03:25:00,2026-08-20 11:25:00,0.85802,0.85803,0.85783,0.85788,0.0
2026-08-20 06:30:00,2026-08-20 03:30:00,2026-08-20 11:30:00,0.85791,0.85793,0.85786,0.8579,0.0
2026-08-20 06:35:00,2026-08-20 03:35:00,2026-08-20 11:35:00,0.85791,0.85791,0.8578,0.85785,0.0
2026-08-20 06:40:00,2026-08-20 03:40:00,2026-08-20 11:40:00,0.85787,0.8579,0.8578,0.85785,0.0
2026-08-20 06:45:00,2026-08-20 03:45:00,2026-08-20 11:45:00,0.85785,0.8579,0.8578,0.85783,0.0
2026-08-20 06:50:00,2026-08-20 03:50:00,2026-08-20 11:50:00,0.85783,0.8579,0.8578,0.85789,0.0
2026-08-20 06:55:00,2026-08-20 03:55:00,2026-08-20 11:55:00,0.85789,0.8579,0.85783,0.85787,0.0
2026-08-20 07:00:00,2026-08-20 04:00:00,2026-08-20 12:00:00,0.85787,0.85791,0.85785,0.85791,0.0
2026-08-20 07:05:00,2026-08-20 04:05:00,2026-08-20 12:05:00,0.85791,0.85792,0.8578,0.85782,0.0
2026-08-20 07:10:00,2026-08-20 04:10:00,2026-08-20 12:10:00,0.85782,0.85784,0.85775,0.85778,0.0
2026-08-20 07:15:00,2026-08-20 04:15:00,2026-08-20 12:15:00,0.85778,0.85784,0.85774,0.85783,0.0
2026-08-20 07:20:00,2026-08-20 04:20:00,2026-08-20 12:20:00,0.85783,0.85784,0.85776,0.85782,0.0
2026-08-20 07:25:00,2026-08-20 04:25:00,2026-08-20 12:25:00,0.85781,0.85782,0.85776,0.8578,0.0
2026-08-20 07:30:00,2026-08-20 04:30:00,2026-08-20 12:30:00,0.85779,0.85783,0.85775,0.85778,0.0
2026-08-20 07:35:00,2026-08-20 04:35:00,2026-08-20 12:35:00,0.85778,0.85784,0.85777,0.85782,0.0
2026-08-20 07:40:00,2026-08-20 04:40:00,2026-08-20 12:40:00,0.85783,0.85785,0.8578,0.85783,0.0
2026-08-20 07:45:00,2026-08-20 04:45:00,2026-08-20 12:45:00,0.85784,0.8579,0.8578,0.85784,0.0
2026-08-20 07:50:00,2026-08-20 04:50:00,2026-08-20 12:50:00,0.85784,0.85792,0.8578,0.85791,0.0
2026-08-20 07:55:00,2026-08-20 04:55:00,2026-08-20 12:55:00,0.85791,0.85791,0.85779,0.85781,0.0
2026-08-20 08:00:00,2026-08-20 05:00:00,2026-08-20 13:00:00,0.8578,0.85784,0.85777,0.85781,0.0
2026-08-20 08:05:00,2026-08-20 05:05:00,2026-08-20 13:05:00,0.85781,0.8579,0.85779,0.85781,0.0
2026-08-20 08:10:00,2026-08-20 05:10:00,2026-08-20 13:10:00,0.85782,0.8579,0.85779,0.85783,0.0
2026-08-20 08:15:00,2026-08-20 05:15:00,2026-08-20 13:15:00,0.85783,0.8579,0.85781,0.85787,0.0
2026-08-20 08:20:00,2026-08-20 05:20:00,2026-08-20 13:20:00,0.85788,0.8579,0.85784,0.85788,0.0
2026-08-20 08:25:00,2026-08-20 05:25:00,2026-08-20 13:25:00,0.85789,0.85792,0.85784,0.85787,0.0
2026-08-20 08:30:00,2026-08-20 05:30:00,2026-08-20 13:30:00,0.85789,0.85792,0.85786,0.8579,0.0
2026-08-20 08:35:00,2026-08-20 05:35:00,2026-08-20 13:35:00,0.8579,0.858,0.85787,0.85796,0.0
2026-08-20 08:40:00,2026-08-20 05:40:00,2026-08-20 13:40:00,0.85795,0.85801,0.85792,0.858,0.0
2026-08-20 08:45:00,2026-08-20 05:45:00,2026-08-20 13:45:00,0.858,0.85805,0.85795,0.85802,0.0
2026-08-20 08:50:00,2026-08-20 05:50:00,2026-08-20 13:50:00,0.85804,0.85813,0.858,0.85811,0.0
2026-08-20 08:55:00,2026-08-20 05:55:00,2026-08-20 13:55:00,0.85813,0.85823,0.85806,0.85821,0.0
2026-08-20 09:00:00,2026-08-20 06:00:00,2026-08-20 14:00:00,0.85821,0.8583,0.8581,0.85813,0.0
2026-08-20 09:05:00,2026-08-20 06:05:00,2026-08-20 14:05:00,0.85814,0.85814,0.85805,0.8581,0.0
2026-08-20 09:10:00,2026-08-20 06:10:00,2026-08-20 14:10:00,0.8581,0.8582,0.85801,0.85807,0.0
2026-08-20 09:15:00,2026-08-20 06:15:00,2026-08-20 14:15:00,0.85807,0.85814,0.85802,0.85808,0.0
2026-08-20 09:20:00,2026-08-20 06:20:00,2026-08-20 14:20:00,0.85806,0.85823,0.85803,0.85819,0.0
2026-08-20 09:25:00,2026-08-20 06:25:00,2026-08-20 14:25:00,0.85819,0.85822,0.85809,0.85812,0.0
2026-08-20 09:30:00,2026-08-20 06:30:00,2026-08-20 14:30:00,0.85813,0.8582,0.85808,0.85811,0.0
2026-08-20 09:35:00,2026-08-20 06:35:00,2026-08-20 14:35:00,0.85811,0.8583,0.85809,0.8583,0.0
2026-08-20 09:40:00,2026-08-20 06:40:00,2026-08-20 14:40:00,0.8583,0.85831,0.85819,0.85822,0.0
2026-08-20 09:45:00,2026-08-20 06:45:00,2026-08-20 14:45:00,0.85822,0.85841,0.85818,0.85835,0.0
2026-08-20 09:50:00,2026-08-20 06:50:00,2026-08-20 14:50:00,0.85836,0.85841,0.85825,0.85841,0.0
2026-08-20 09:55:00,2026-08-20 06:55:00,2026-08-20 14:55:00,0.85841,0.85841,0.85825,0.85832,0.0
2026-08-20 10:00:00,2026-08-20 07:00:00,2026-08-20 15:00:00,0.85833,0.85841,0.8582,0.85836,0.0
2026-08-20 10:05:00,2026-08-20 07:05:00,2026-08-20 15:05:00,0.85836,0.85842,0.8582,0.85823,0.0
2026-08-20 10:10:00,2026-08-20 07:10:00,2026-08-20 15:10:00,0.85823,0.85825,0.85806,0.85812,0.0
2026-08-20 10:15:00,2026-08-20 07:15:00,2026-08-20 15:15:00,0.85811,0.85817,0.85803,0.85808,0.0
2026-08-20 10:20:00,2026-08-20 07:20:00,2026-08-20 15:20:00,0.85808,0.8581,0.85793,0.858,0.0
2026-08-20 10:25:00,2026-08-20 07:25:00,2026-08-20 15:25:00,0.858,0.85803,0.85792,0.85795,0.0
2026-08-20 10:30:00,2026-08-20 07:30:00,2026-08-20 15:30:00,0.85794,0.85806,0.8579,0.85796,0.0
2026-08-20 10:35:00,2026-08-20 07:35:00,2026-08-20 15:35:00,0.85796,0.85796,0.85779,0.85785,0.0
2026-08-20 10:40:00,2026-08-20 07:40:00,2026-08-20 15:40:00,0.85786,0.85786,0.85768,0.85782,0.0
2026-08-20 10:45:00,2026-08-20 07:45:00,2026-08-20 15:45:00,0.85782,0.858,0.85774,0.85797,0.0
2026-08-20 10:50:00,2026-08-20 07:50:00,2026-08-20 15:50:00,0.85798,0.85802,0.85785,0.85797,0.0
2026-08-20 10:55:00,2026-08-20 07:55:00,2026-08-20 15:55:00,0.85797,0.8582,0.85787,0.85816,0.0
2026-08-20 11:00:00,2026-08-20 08:00:00,2026-08-20 16:00:00,0.85816,0.85821,0.85797,0.85801,0.0
2026-08-20 11:05:00,2026-08-20 08:05:00,2026-08-20 16:05:00,0.85801,0.8581,0.85796,0.85802,0.0
2026-08-20 11:10:00,2026-08-20 08:10:00,2026-08-20 16:10:00,0.85802,0.85811,0.8579,0.85796,0.0
2026-08-20 11:15:00,2026-08-20 08:15:00,2026-08-20 16:15:00,0.85796,0.858,0.85756,0.85761,0.0
2026-08-20 11:20:00,2026-08-20 08:20:00,2026-08-20 16:20:00,0.85761,0.85765,0.85754,0.85759,0.0
2026-08-20 11:25:00,2026-08-20 08:25:00,2026-08-20 16:25:00,0.85759,0.8576,0.85744,0.85752,0.0
2026-08-20 11:30:00,2026-08-20 08:30:00,2026-08-20 16:30:00,0.85752,0.8577,0.85748,0.85763,0.0
2026-08-20 11:35:00,2026-08-20 08:35:00,2026-08-20 16:35:00,0.85763,0.85783,0.8576,0.85782,0.0
2026-08-20 11:40:00,2026-08-20 08:40:00,2026-08-20 16:40:00,0.85782,0.85803,0.85777,0.85803,0.0
2026-08-20 11:45:00,2026-08-20 08:45:00,2026-08-20 16:45:00,0.85803,0.85804,0.85779,0.85789,0.0
2026-08-20 11:50:00,2026-08-20 08:50:00,2026-08-20 16:50:00,0.85789,0.85797,0.85782,0.85787,0.0
2026-08-20 11:55:00,2026-08-20 08:55:00,2026-08-20 16:55:00,0.85785,0.858,0.85784,0.85793,0.0
2026-08-20 12:00:00,2026-08-20 09:00:00,2026-08-20 17:00:00,0.85793,0.858,0.85788,0.85795,0.0
2026-08-20 12:05:00,2026-08-20 09:05:00,2026-08-20 17:05:00,0.85795,0.858,0.85787,0.85797,0.0
2026-08-20 12:10:00,2026-08-20 09:10:00,2026-08-20 17:10:00,0.85797,0.85811,0.85792,0.85802,0.0
2026-08-20 12:15:00,2026-08-20 09:15:00,2026-08-20 17:15:00,0.85805,0.85814,0.85799,0.85809,0.0
2026-08-20 12:20:00,2026-08-20 09:20:00,2026-08-20 17:20:00,0.85809,0.8582,0.85799,0.8581,0.0
2026-08-20 12:25:00,2026-08-20 09:25:00,2026-08-20 17:25:00,0.8581,0.85812,0.85792,0.85796,0.0
2026-08-20 12:30:00,2026-08-20 09:30:00,2026-08-20 17:30:00,0.85797,0.858,0.85787,0.85791,0.0
2026-08-20 12:35:00,2026-08-20 09:35:00,2026-08-20 17:35:00,0.85791,0.858,0.8578,0.85786,0.0
2026-08-20 12:40:00,2026-08-20 09:40:00,2026-08-20 17:40:00,0.85786,0.8579,0.85773,0.85777,0.0
2026-08-20 12:45:00,2026-08-20 09:45:00,2026-08-20 17:45:00,0.85777,0.85783,0.85763,0.85766,0.0
2026-08-20 12:50:00,2026-08-20 09:50:00,2026-08-20 17:50:00,0.85766,0.85791,0.85763,0.85791,0.0
2026-08-20 12:55:00,2026-08-20 09:55:00,2026-08-20 17:55:00,0.85789,0.85796,0.85774,0.85777,0.0
2026-08-20 13:00:00,2026-08-20 10:00:00,2026-08-20 18:00:00,0.85778,0.85793,0.85776,0.8578,0.0
2026-08-20 13:05:00,2026-08-20 10:05:00,2026-08-20 18:05:00,0.85781,0.8579,0.85764,0.85766,0.0
2026-08-20 13:10:00,2026-08-20 10:10:00,2026-08-20 18:10:00,0.85766,0.8577,0.85726,0.85747,0.0
2026-08-20 13:15:00,2026-08-20 10:15:00,2026-08-20 18:15:00,0.85746,0.85753,0.85741,0.85752,0.0
2026-08-20 13:20:00,2026-08-20 10:20:00,2026-08-20 18:20:00,0.85752,0.85753,0.85736,0.85743,0.0
2026-08-20 13:25:00,2026-08-20 10:25:00,2026-08-20 18:25:00,0.85743,0.85743,0.85724,0.85738,0.0
2026-08-20 13:30:00,2026-08-20 10:30:00,2026-08-20 18:30:00,0.85738,0.8574,0.85724,0.85727,0.0
2026-08-20 13:35:00,2026-08-20 10:35:00,2026-08-20 18:35:00,0.85727,0.8574,0.85724,0.85728,0.0
2026-08-20 13:40:00,2026-08-20 10:40:00,2026-08-20 18:40:00,0.85728,0.8575,0.85726,0.85744,0.0
2026-08-20 13:45:00,2026-08-20 10:45:00,2026-08-20 18:45:00,0.85744,0.85746,0.85728,0.85735,0.0
2026-08-20 13:50:00,2026-08-20 10:50:00,2026-08-20 18:50:00,0.85735,0.8574,0.85725,0.8573,0.0
2026-08-20 13:55:00,2026-08-20 10:55:00,2026-08-20 18:55:00,0.85728,0.8574,0.85719,0.85725,0.0
2026-08-20 14:00:00,2026-08-20 11:00:00,2026-08-20 19:00:00,0.85725,0.85741,0.85717,0.8574,0.0
2026-08-20 14:05:00,2026-08-20 11:05:00,2026-08-20 19:05:00,0.8574,0.85762,0.85737,0.85761,0.0
2026-08-20 14:10:00,2026-08-20 11:10:00,2026-08-20 19:10:00,0.85759,0.85761,0.8574,0.85742,0.0
2026-08-20 14:15:00,2026-08-20 11:15:00,2026-08-20 19:15:00,0.85742,0.8575,0.85731,0.85735,0.0
2026-08-20 14:20:00,2026-08-20 11:20:00,2026-08-20 19:20:00,0.85738,0.85748,0.85731,0.85739,0.0
2026-08-20 14:25:00,2026-08-20 11:25:00,2026-08-20 19:25:00,0.85738,0.85754,0.85737,0.85738,0.0
2026-08-20 14:30:00,2026-08-20 11:30:00,2026-08-20 19:30:00,0.85738,0.85742,0.85721,0.85732,0.0
2026-08-20 14:35:00,2026-08-20 11:35:00,2026-08-20 19:35:00,0.85731,0.8574,0.85722,0.85733,0.0
2026-08-20 14:40:00,2026-08-20 11:40:00,2026-08-20 19:40:00,0.85733,0.8574,0.85724,0.85731,0.0
2026-08-20 14:45:00,2026-08-20 11:45:00,2026-08-20 19:45:00,0.85731,0.85734,0.85714,0.85724,0.0
2026-08-20 14:50:00,2026-08-20 11:50:00,2026-08-20 19:50:00,0.85724,0.8573,0.85702,0.85707,0.0
2026-08-20 14:55:00,2026-08-20 11:55:00,2026-08-20 19:55:00,0.85707,0.85714,0.85695,0.85712,0.0
2026-08-20 15:00:00,2026-08-20 12:00:00,2026-08-20 20:00:00,0.85713,0.85722,0.85701,0.85718,0.0
2026-08-20 15:05:00,2026-08-20 12:05:00,2026-08-20 20:05:00,0.85718,0.85742,0.8571,0.85723,0.0
2026-08-20 15:10:00,2026-08-20 12:10:00,2026-08-20 20:10:00,0.85723,0.8573,0.85697,0.85701,0.0
2026-08-20 15:15:00,2026-08-20 12:15:00,2026-08-20 20:15:00,0.85701,0.85702,0.85683,0.85694,0.0
2026-08-20 15:20:00,2026-08-20 12:20:00,2026-08-20 20:20:00,0.85694,0.85705,0.85686,0.85705,0.0
2026-08-20 15:25:00,2026-08-20 12:25:00,2026-08-20 20:25:00,0.85705,0.85711,0.85674,0.85695,0.0
2026-08-20 15:30:00,2026-08-20 12:30:00,2026-08-20 20:30:00,0.85699,0.85714,0.85673,0.8571,0.0
2026-08-20 15:35:00,2026-08-20 12:35:00,2026-08-20 20:35:00,0.8571,0.85724,0.85706,0.85716,0.0
2026-08-20 15:40:00,2026-08-20 12:40:00,2026-08-20 20:40:00,0.85716,0.85718,0.85693,0.85698,0.0
2026-08-20 15:45:00,2026-08-20 12:45:00,2026-08-20 20:45:00,0.85698,0.85704,0.8569,0.85696,0.0
2026-08-20 15:50:00,2026-08-20 12:50:00,2026-08-20 20:50:00,0.85696,0.857,0.85676,0.85681,0.0
2026-08-20 15:55:00,2026-08-20 12:55:00,2026-08-20 20:55:00,0.85681,0.85687,0.85664,0.85677,0.0
2026-08-20 16:00:00,2026-08-20 13:00:00,2026-08-20 21:00:00,0.85677,0.85682,0.85646,0.85654,0.0
2026-08-20 16:05:00,2026-08-20 13:05:00,2026-08-20 21:05:00,0.85654,0.8567,0.85646,0.85662,0.0
2026-08-20 16:10:00,2026-08-20 13:10:00,2026-08-20 21:10:00,0.85662,0.85665,0.85653,0.85661,0.0
2026-08-20 16:15:00,2026-08-20 13:15:00,2026-08-20 21:15:00,0.85661,0.85664,0.85643,0.85648,0.0
2026-08-20 16:20:00,2026-08-20 13:20:00,2026-08-20 21:20:00,0.85648,0.8567,0.85646,0.85668,0.0
2026-08-20 16:25:00,2026-08-20 13:25:00,2026-08-20 21:25:00,0.85668,0.85674,0.85662,0.85665,0.0
2026-08-20 16:30:00,2026-08-20 13:30:00,2026-08-20 21:30:00,0.85664,0.85672,0.85657,0.85662,0.0
2026-08-20 16:35:00,2026-08-20 13:35:00,2026-08-20 21:35:00,0.85662,0.8568,0.85654,0.85664,0.0
2026-08-20 16:40:00,2026-08-20 13:40:00,2026-08-20 21:40:00,0.85664,0.85671,0.8565,0.85656,0.0
2026-08-20 16:45:00,2026-08-20 13:45:00,2026-08-20 21:45:00,0.85656,0.85657,0.85639,0.85641,0.0
2026-08-20 16:50:00,2026-08-20 13:50:00,2026-08-20 21:50:00,0.85639,0.85652,0.85634,0.85644,0.0
2026-08-20 16:55:00,2026-08-20 13:55:00,2026-08-20 21:55:00,0.85645,0.85645,0.85626,0.85632,0.0
2026-08-20 17:00:00,2026-08-20 14:00:00,2026-08-20 22:00:00,0.85632,0.8564,0.85619,0.85625,0.0
2026-08-20 17:05:00,2026-08-20 14:05:00,2026-08-20 22:05:00,0.85625,0.8564,0.85621,0.85633,0.0
2026-08-20 17:10:00,2026-08-20 14:10:00,2026-08-20 22:10:00,0.85633,0.8566,0.8563,0.85642,0.0
2026-08-20 17:15:00,2026-08-20 14:15:00,2026-08-20 22:15:00,0.85642,0.8565,0.85636,0.85644,0.0
2026-08-20 17:20:00,2026-08-20 14:20:00,2026-08-20 22:20:00,0.85643,0.8567,0.85643,0.85655,0.0
2026-08-20 17:25:00,2026-08-20 14:25:00,2026-08-20 22:25:00,0.85656,0.8566,0.85636,0.8565,0.0
2026-08-20 17:30:00,2026-08-20 14:30:00,2026-08-20 22:30:00,0.8565,0.85673,0.85644,0.85667,0.0
2026-08-20 17:35:00,2026-08-20 14:35:00,2026-08-20 22:35:00,0.85666,0.85683,0.8566,0.85681,0.0
2026-08-20 17:40:00,2026-08-20 14:40:00,2026-08-20 22:40:00,0.85682,0.8569,0.85676,0.85685,0.0
2026-08-20 17:45:00,2026-08-20 14:45:00,2026-08-20 22:45:00,0.85685,0.85693,0.85677,0.85688,0.0
2026-08-20 17:50:00,2026-08-20 14:50:00,2026-08-20 22:50:00,0.85688,0.85711,0.85688,0.85701,0.0
2026-08-20 17:55:00,2026-08-20 14:55:00,2026-08-20 22:55:00,0.85701,0.85708,0.85688,0.85701,0.0
2026-08-20 18:00:00,2026-08-20 15:00:00,2026-08-20 23:00:00,0.85701,0.85702,0.85675,0.85683,0.0
2026-08-20 18:05:00,2026-08-20 15:05:00,2026-08-20 23:05:00,0.85683,0.8569,0.85659,0.85665,0.0
2026-08-20 18:10:00,2026-08-20 15:10:00,2026-08-20 23:10:00,0.85665,0.85675,0.85657,0.85668,0.0
2026-08-20 18:15:00,2026-08-20 15:15:00,2026-08-20 23:15:00,0.85665,0.85672,0.8565,0.85657,0.0
2026-08-20 18:20:00,2026-08-20 15:20:00,2026-08-20 23:20:00,0.85658,0.85677,0.8565,0.85668,0.0
2026-08-20 18:25:00,2026-08-20 15:25:00,2026-08-20 23:25:00,0.85668,0.8567,0.85641,0.85648,0.0
2026-08-20 18:30:00,2026-08-20 15:30:00,2026-08-20 23:30:00,0.85647,0.85653,0.85634,0.85643,0.0
2026-08-20 18:35:00,2026-08-20 15:35:00,2026-08-20 23:35:00,0.85642,0.8565,0.85634,0.85646,0.0
2026-08-20 18:40:00,2026-08-20 15:40:00,2026-08-20 23:40:00,0.85645,0.85662,0.85638,0.85643,0.0
2026-08-20 18:45:00,2026-08-20 15:45:00,2026-08-20 23:45:00,0.85643,0.85651,0.85637,0.85645,0.0
2026-08-20 18:50:00,2026-08-20 15:50:00,2026-08-20 23:50:00,0.85645,0.85646,0.8563,0.85635,0.0
2026-08-20 18:55:00,2026-08-20 15:55:00,2026-08-20 23:55:00,0.85633,0.85642,0.85626,0.8564,0.0
2026-08-20 19:00:00,2026-08-20 16:00:00,2026-08-21 00:00:00,0.8564,0.8566,0.85639,0.85654,0.0
2026-08-20 19:05:00,2026-08-20 16:05:00,2026-08-21 00:05:00,0.85654,0.85654,0.85643,0.85649,0.0
2026-08-20 19:10:00,2026-08-20 16:10:00,2026-08-21 00:10:00,0.85649,0.85651,0.85639,0.85644,0.0
2026-08-20 19:15:00,2026-08-20 16:15:00,2026-08-21 00:15:00,0.85644,0.85652,0.85638,0.85642,0.0
2026-08-20 19:20:00,2026-08-20 16:20:00,2026-08-21 00:20:00,0.85644,0.8565,0.85634,0.85649,0.0
2026-08-20 19:25:00,2026-08-20 16:25:00,2026-08-21 00:25:00,0.85649,0.85657,0.85645,0.85652,0.0
2026-08-20 19:30:00,2026-08-20 16:30:00,2026-08-21 00:30:00,0.85651,0.8566,0.85643,0.85656,0.0
2026-08-20 19:35:00,2026-08-20 16:35:00,2026-08-21 00:35:00,0.85656,0.8566,0.8564,0.85651,0.0
2026-08-20 19:40:00,2026-08-20 16:40:00,2026-08-21 00:40:00,0.85652,0.85652,0.85634,0.85638,0.0
2026-08-20 19:45:00,2026-08-20 16:45:00,2026-08-21 00:45:00,0.85638,0.85644,0.8563,0.85632,0.0
2026-08-20 19:50:00,2026-08-20 16:50:00,2026-08-21 00:50:00,0.8563,0.85634,0.8562,0.85623,0.0
2026-08-20 19:55:00,2026-08-20 16:55:00,2026-08-21 00:55:00,0.85624,0.85641,0.85622,0.85637,0.0
2026-08-20 20:00:00,2026-08-20 17:00:00,2026-08-21 01:00:00,0.85636,0.85653,0.85631,0.8565,0.0
2026-08-20 20:05:00,2026-08-20 17:05:00,2026-08-21 01:05:00,0.8565,0.8566,0.8564,0.85656,0.0
2026-08-20 20:10:00,2026-08-20 17:10:00,2026-08-21 01:10:00,0.85656,0.8566,0.85648,0.85657,0.0
2026-08-20 20:15:00,2026-08-20 17:15:00,2026-08-21 01:15:00,0.85657,0.8566,0.8565,0.85656,0.0
2026-08-20 20:20:00,2026-08-20 17:20:00,2026-08-21 01:20:00,0.85657,0.85661,0.8565,0.8566,0.0
2026-08-20 20:25:00,2026-08-20 17:25:00,2026-08-21 01:25:00,0.8566,0.8567,0.85657,0.85662,0.0
2026-08-20 20:30:00,2026-08-20 17:30:00,2026-08-21 01:30:00,0.85663,0.8567,0.85659,0.85665,0.0
2026-08-20 20:35:00,2026-08-20 17:35:00,2026-08-21 01:35:00,0.85664,0.85672,0.85663,0.85669,0.0
2026-08-20 20:40:00,2026-08-20 17:40:00,2026-08-21 01:40:00,0.85669,0.8567,0.8566,0.85668,0.0
2026-08-20 20:45:00,2026-08-20 17:45:00,2026-08-21 01:45:00,0.85667,0.8567,0.8566,0.85663,0.0
2026-08-20 20:50:00,2026-08-20 17:50:00,2026-08-21 01:50:00,0.85663,0.85664,0.85658,0.85663,0.0
2026-08-20 20:55:00,2026-08-20 17:55:00,2026-08-21 01:55:00,0.85664,0.8567,0.8566,0.85666,0.0
2026-08-20 21:00:00,2026-08-20 18:00:00,2026-08-21 02:00:00,0.85666,0.85672,0.85664,0.85671,0.0
2026-08-20 21:05:00,2026-08-20 18:05:00,2026-08-21 02:05:00,0.85671,0.8568,0.85668,0.85677,0.0
2026-08-20 21:10:00,2026-08-20 18:10:00,2026-08-21 02:10:00,0.85676,0.85683,0.85674,0.85681,0.0
2026-08-20 21:15:00,2026-08-20 18:15:00,2026-08-21 02:15:00,0.8568,0.8569,0.85677,0.85678,0.0
2026-08-20 21:20:00,2026-08-20 18:20:00,2026-08-21 02:20:00,0.85678,0.8568,0.85675,0.85678,0.0
2026-08-20 21:25:00,2026-08-20 18:25:00,2026-08-21 02:25:00,0.85678,0.8568,0.8567,0.85676,0.0
2026-08-20 21:30:00,2026-08-20 18:30:00,2026-08-21 02:30:00,0.85676,0.8568,0.85673,0.85677,0.0
2026-08-20 21:35:00,2026-08-20 18:35:00,2026-08-21 02:35:00,0.85678,0.85682,0.85676,0.85681,0.0
2026-08-20 21:40:00,2026-08-20 18:40:00,2026-08-21 02:40:00,0.85682,0.85685,0.85677,0.85683,0.0
2026-08-20 21:45:00,2026-08-20 18:45:00,2026-08-21 02:45:00,0.85683,0.8569,0.85673,0.85678,0.0
2026-08-20 21:50:00,2026-08-20 18:50:00,2026-08-21 02:50:00,0.85678,0.8568,0.85673,0.85677,0.0
2026-08-20 21:55:00,2026-08-20 18:55:00,2026-08-21 02:55:00,0.85677,0.8568,0.8567,0.85676,0.0
2026-08-20 22:00:00,2026-08-20 19:00:00,2026-08-21 03:00:00,0.85677,0.85677,0.85667,0.85669,0.0
2026-08-20 22:05:00,2026-08-20 19:05:00,2026-08-21 03:05:00,0.85669,0.8567,0.8566,0.85663,0.0
2026-08-20 22:10:00,2026-08-20 19:10:00,2026-08-21 03:10:00,0.85664,0.8567,0.8566,0.85667,0.0
2026-08-20 22:15:00,2026-08-20 19:15:00,2026-08-21 03:15:00,0.85667,0.85672,0.85663,0.85671,0.0
2026-08-20 22:20:00,2026-08-20 19:20:00,2026-08-21 03:20:00,0.85672,0.85673,0.85665,0.8567,0.0
2026-08-20 22:25:00,2026-08-20 19:25:00,2026-08-21 03:25:00,0.85671,0.85675,0.85666,0.85669,0.0
2026-08-20 22:30:00,2026-08-20 19:30:00,2026-08-21 03:30:00,0.85669,0.8568,0.85667,0.85675,0.0
2026-08-20 22:35:00,2026-08-20 19:35:00,2026-08-21 03:35:00,0.85675,0.8568,0.8567,0.85674,0.0
2026-08-20 22:40:00,2026-08-20 19:40:00,2026-08-21 03:40:00,0.85674,0.85674,0.85668,0.85669,0.0
2026-08-20 22:45:00,2026-08-20 19:45:00,2026-08-21 03:45:00,0.8567,0.8567,0.85664,0.85665,0.0
2026-08-20 22:50:00,2026-08-20 19:50:00,2026-08-21 03:50:00,0.85665,0.8567,0.8566,0.85667,0.0
2026-08-20 22:55:00,2026-08-20 19:55:00,2026-08-21 03:55:00,0.85667,0.8569,0.85665,0.85685,0.0
2026-08-20 23:00:00,2026-08-20 20:00:00,2026-08-21 04:00:00,0.85685,0.8569,0.85675,0.85678,0.0
2026-08-20 23:05:00,2026-08-20 20:05:00,2026-08-21 04:05:00,0.85678,0.8568,0.8567,0.85673,0.0
2026-08-20 23:10:00,2026-08-20 20:10:00,2026-08-21 04:10:00,0.85673,0.8568,0.8567,0.85674,0.0
2026-08-20 23:15:00,2026-08-20 20:15:00,2026-08-21 04:15:00,0.85674,0.8568,0.8567,0.85672,0.0
2026-08-20 23:20:00,2026-08-20 20:20:00,2026-08-21 04:20:00,0.85673,0.8568,0.85669,0.85678,0.0
2026-08-20 23:25:00,2026-08-20 20:25:00,2026-08-21 04:25:00,0.85678,0.85681,0.85675,0.85677,0.0
2026-08-20 23:30:00,2026-08-20 20:30:00,2026-08-21 04:30:00,0.85677,0.8568,0.85675,0.85678,0.0
2026-08-20 23:35:00,2026-08-20 20:35:00,2026-08-21 04:35:00,0.85678,0.85682,0.85674,0.85678,0.0
2026-08-20 23:40:00,2026-08-20 20:40:00,2026-08-21 04:40:00,0.85679,0.8568,0.85665,0.85669,0.0
2026-08-20 23:45:00,2026-08-20 20:45:00,2026-08-21 04:45:00,0.85669,0.85673,0.85665,0.8567,0.0
2026-08-20 23:50:00,2026-08-20 20:50:00,2026-08-21 04:50:00,0.8567,0.85672,0.85659,0.85668,0.0
2026-08-20 23:55:00,2026-08-20 20:55:00,2026-08-21 04:55:00,0.85668,0.8568,0.85661,0.85671,0.0
2026-08-21 00:00:00,2026-08-20 21:00:00,2026-08-21 05:00:00,0.85665,0.85684,0.85638,0.85665,0.0
2026-08-21 00:05:00,2026-08-20 21:05:00,2026-08-21 05:05:00,0.85666,0.85708,0.85638,0.8568,0.0
2026-08-21 00:10:00,2026-08-20 21:10:00,2026-08-21 05:10:00,0.85683,0.85689,0.85632,0.8566,0.0
2026-08-21 00:15:00,2026-08-20 21:15:00,2026-08-21 05:15:00,0.85654,0.85675,0.85626,0.8565,0.0
2026-08-21 00:20:00,2026-08-20 21:20:00,2026-08-21 05:20:00,0.8563,0.85668,0.85614,0.8565,0.0
2026-08-21 00:25:00,2026-08-20 21:25:00,2026-08-21 05:25:00,0.8565,0.85672,0.85614,0.85625,0.0
2026-08-21 00:30:00,2026-08-20 21:30:00,2026-08-21 05:30:00,0.85662,0.85671,0.85622,0.85647,0.0
2026-08-21 00:35:00,2026-08-20 21:35:00,2026-08-21 05:35:00,0.85669,0.85682,0.8563,0.8565,0.0
2026-08-21 00:40:00,2026-08-20 21:40:00,2026-08-21 05:40:00,0.85672,0.85678,0.85635,0.85673,0.0
2026-08-21 00:45:00,2026-08-20 21:45:00,2026-08-21 05:45:00,0.85673,0.85678,0.85627,0.85668,0.0
2026-08-21 00:50:00,2026-08-20 21:50:00,2026-08-21 05:50:00,0.85668,0.85675,0.8563,0.85663,0.0
2026-08-21 00:55:00,2026-08-20 21:55:00,2026-08-21 05:55:00,0.85672,0.85676,0.85629,0.85655,0.0
2026-08-21 01:00:00,2026-08-20 22:00:00,2026-08-21 06:00:00,0.85657,0.85678,0.85622,0.8567,0.0
2026-08-21 01:05:00,2026-08-20 22:05:00,2026-08-21 06:05:00,0.85673,0.85676,0.85667,0.85674,0.0
2026-08-21 01:10:00,2026-08-20 22:10:00,2026-08-21 06:10:00,0.85671,0.8568,0.85667,0.85674,0.0
2026-08-21 01:15:00,2026-08-20 22:15:00,2026-08-21 06:15:00,0.85675,0.85683,0.85669,0.8568,0.0
2026-08-21 01:20:00,2026-08-20 22:20:00,2026-08-21 06:20:00,0.8568,0.85681,0.85671,0.85674,0.0
2026-08-21 01:25:00,2026-08-20 22:25:00,2026-08-21 06:25:00,0.85674,0.85681,0.85671,0.8568,0.0
2026-08-21 01:30:00,2026-08-20 22:30:00,2026-08-21 06:30:00,0.8568,0.85682,0.85675,0.85679,0.0
2026-08-21 01:35:00,2026-08-20 22:35:00,2026-08-21 06:35:00,0.85679,0.8568,0.85674,0.85677,0.0
2026-08-21 01:40:00,2026-08-20 22:40:00,2026-08-21 06:40:00,0.85677,0.8568,0.85674,0.85675,0.0
2026-08-21 01:45:00,2026-08-20 22:45:00,2026-08-21 06:45:00,0.85675,0.85683,0.85674,0.85681,0.0
2026-08-21 01:50:00,2026-08-20 22:50:00,2026-08-21 06:50:00,0.85678,0.8568,0.8567,0.85676,0.0
2026-08-21 01:55:00,2026-08-20 22:55:00,2026-08-21 06:55:00,0.85676,0.8568,0.8567,0.85675,0.0
2026-08-21 02:00:00,2026-08-20 23:00:00,2026-08-21 07:00:00,0.85675,0.8568,0.85669,0.85674,0.0
2026-08-21 02:05:00,2026-08-20 23:05:00,2026-08-21 07:05:00,0.85674,0.8568,0.8567,0.85675,0.0
2026-08-21 02:10:00,2026-08-20 23:10:00,2026-08-21 07:10:00,0.85673,0.8568,0.85669,0.85673,0.0
2026-08-21 02:15:00,2026-08-20 23:15:00,2026-08-21 07:15:00,0.85674,0.8568,0.85673,0.85676,0.0
2026-08-21 02:20:00,2026-08-20 23:20:00,2026-08-21 07:20:00,0.85676,0.85676,0.8567,0.85671,0.0
2026-08-21 02:25:00,2026-08-20 23:25:00,2026-08-21 07:25:00,0.85671,0.85673,0.85666,0.85673,0.0
2026-08-21 02:30:00,2026-08-20 23:30:00,2026-08-21 07:30:00,0.8567,0.85675,0.85666,0.85667,0.0
2026-08-21 02:35:00,2026-08-20 23:35:00,2026-08-21 07:35:00,0.85667,0.8568,0.85667,0.85673,0.0
2026-08-21 02:40:00,2026-08-20 23:40:00,2026-08-21 07:40:00,0.85673,0.8568,0.8567,0.85671,0.0
2026-08-21 02:45:00,2026-08-20 23:45:00,2026-08-21 07:45:00,0.85671,0.85675,0.85668,0.85671,0.0
2026-08-21 02:50:00,2026-08-20 23:50:00,2026-08-21 07:50:00,0.85669,0.85673,0.85664,0.85668,0.0
2026-08-21 02:55:00,2026-08-20 23:55:00,2026-08-21 07:55:00,0.85669,0.8567,0.8566,0.85663,0.0
2026-08-21 03:00:00,2026-08-21 00:00:00,2026-08-21 08:00:00,0.85664,0.8567,0.8566,0.85663,0.0
2026-08-21 03:05:00,2026-08-21 00:05:00,2026-08-21 08:05:00,0.85663,0.8567,0.8566,0.85664,0.0
2026-08-21 03:10:00,2026-08-21 00:10:00,2026-08-21 08:10:00,0.85665,0.85665,0.85657,0.85662,0.0
2026-08-21 03:15:00,2026-08-21 00:15:00,2026-08-21 08:15:00,0.85662,0.85663,0.85655,0.85658,0.0
2026-08-21 03:20:00,2026-08-21 00:20:00,2026-08-21 08:20:00,0.85657,0.8566,0.85653,0.85659,0.0
2026-08-21 03:25:00,2026-08-21 00:25:00,2026-08-21 08:25:00,0.85659,0.85672,0.85657,0.85671,0.0
2026-08-21 03:30:00,2026-08-21 00:30:00,2026-08-21 08:30:00,0.85672,0.85673,0.8566,0.85665,0.0
2026-08-21 03:35:00,2026-08-21 00:35:00,2026-08-21 08:35:00,0.85665,0.8567,0.85662,0.85664,0.0
2026-08-21 03:40:00,2026-08-21 00:40:00,2026-08-21 08:40:00,0.85666,0.8567,0.85664,0.85667,0.0
2026-08-21 03:45:00,2026-08-21 00:45:00,2026-08-21 08:45:00,0.85668,0.8567,0.85663,0.85666,0.0
2026-08-21 03:50:00,2026-08-21 00:50:00,2026-08-21 08:50:00,0.85664,0.8567,0.85662,0.85669,0.0
2026-08-21 03:55:00,2026-08-21 00:55:00,2026-08-21 08:55:00,0.85668,0.8567,0.8566,0.85666,0.0
2026-08-21 04:00:00,2026-08-21 01:00:00,2026-08-21 09:00:00,0.85665,0.8567,0.8566,0.85667,0.0
2026-08-21 04:05:00,2026-08-21 01:05:00,2026-08-21 09:05:00,0.85667,0.85674,0.85666,0.85674,0.0
2026-08-21 04:10:00,2026-08-21 01:10:00,2026-08-21 09:10:00,0.85674,0.8568,0.8567,0.85674,0.0
2026-08-21 04:15:00,2026-08-21 01:15:00,2026-08-21 09:15:00,0.85673,0.8568,0.8567,0.85678,0.0
2026-08-21 04:20:00,2026-08-21 01:20:00,2026-08-21 09:20:00,0.85677,0.8568,0.8567,0.85674,0.0
2026-08-21 04:25:00,2026-08-21 01:25:00,2026-08-21 09:25:00,0.85673,0.85674,0.85666,0.85671,0.0
2026-08-21 04:30:00,2026-08-21 01:30:00,2026-08-21 09:30:00,0.85671,0.85673,0.8566,0.85664,0.0
2026-08-21 04:35:00,2026-08-21 01:35:00,2026-08-21 09:35:00,0.85664,0.8567,0.85659,0.85666,0.0
2026-08-21 04:40:00,2026-08-21 01:40:00,2026-08-21 09:40:00,0.85667,0.8567,0.8566,0.85667,0.0
2026-08-21 04:45:00,2026-08-21 01:45:00,2026-08-21 09:45:00,0.85667,0.85672,0.85664,0.85671,0.0
2026-08-21 04:50:00,2026-08-21 01:50:00,2026-08-21 09:50:00,0.85671,0.8568,0.85669,0.85673,0.0
2026-08-21 04:55:00,2026-08-21 01:55:00,2026-08-21 09:55:00,0.85673,0.8568,0.8567,0.85675,0.0
2026-08-21 05:00:00,2026-08-21 02:00:00,2026-08-21 10:00:00,0.85675,0.85682,0.85672,0.85681,0.0
2026-08-21 05:05:00,2026-08-21 02:05:00,2026-08-21 10:05:00,0.85681,0.8569,0.85679,0.8568,0.0
2026-08-21 05:10:00,2026-08-21 02:10:00,2026-08-21 10:10:00,0.85681,0.8569,0.85677,0.8569,0.0
2026-08-21 05:15:00,2026-08-21 02:15:00,2026-08-21 10:15:00,0.85684,0.8569,0.85679,0.85683,0.0
2026-08-21 05:20:00,2026-08-21 02:20:00,2026-08-21 10:20:00,0.85683,0.8569,0.85676,0.85686,0.0
2026-08-21 05:25:00,2026-08-21 02:25:00,2026-08-21 10:25:00,0.85685,0.8569,0.8568,0.85684,0.0
2026-08-21 05:30:00,2026-08-21 02:30:00,2026-08-21 10:30:00,0.85684,0.85684,0.85673,0.85679,0.0
2026-08-21 05:35:00,2026-08-21 02:35:00,2026-08-21 10:35:00,0.8568,0.85682,0.85675,0.85681,0.0
2026-08-21 05:40:00,2026-08-21 02:40:00,2026-08-21 10:40:00,0.8568,0.85685,0.85675,0.85685,0.0
2026-08-21 05:45:00,2026-08-21 02:45:00,2026-08-21 10:45:00,0.85684,0.8569,0.85679,0.8568,0.0
2026-08-21 05:50:00,2026-08-21 02:50:00,2026-08-21 10:50:00,0.85682,0.8569,0.85679,0.85684,0.0
2026-08-21 05:55:00,2026-08-21 02:55:00,2026-08-21 10:55:00,0.85685,0.85695,0.85683,0.8569,0.0
2026-08-21 06:00:00,2026-08-21 03:00:00,2026-08-21 11:00:00,0.8569,0.857,0.85687,0.85693,0.0
2026-08-21 06:05:00,2026-08-21 03:05:00,2026-08-21 11:05:00,0.85693,0.857,0.85689,0.85696,0.0
2026-08-21 06:10:00,2026-08-21 03:10:00,2026-08-21 11:10:00,0.85696,0.85701,0.85689,0.85694,0.0
2026-08-21 06:15:00,2026-08-21 03:15:00,2026-08-21 11:15:00,0.85694,0.857,0.85689,0.85695,0.0
2026-08-21 06:20:00,2026-08-21 03:20:00,2026-08-21 11:20:00,0.85694,0.857,0.8569,0.85692,0.0
2026-08-21 06:25:00,2026-08-21 03:25:00,2026-08-21 11:25:00,0.85691,0.857,0.85688,0.85696,0.0
2026-08-21 06:30:00,2026-08-21 03:30:00,2026-08-21 11:30:00,0.85696,0.857,0.85692,0.85698,0.0
2026-08-21 06:35:00,2026-08-21 03:35:00,2026-08-21 11:35:00,0.85698,0.857,0.85693,0.85695,0.0
2026-08-21 06:40:00,2026-08-21 03:40:00,2026-08-21 11:40:00,0.85695,0.857,0.85688,0.85692,0.0
2026-08-21 06:45:00,2026-08-21 03:45:00,2026-08-21 11:45:00,0.85692,0.85693,0.85688,0.85689,0.0
2026-08-21 06:50:00,2026-08-21 03:50:00,2026-08-21 11:50:00,0.8569,0.857,0.85688,0.85693,0.0
2026-08-21 06:55:00,2026-08-21 03:55:00,2026-08-21 11:55:00,0.85694,0.857,0.85692,0.85696,0.0
2026-08-21 07:00:00,2026-08-21 04:00:00,2026-08-21 12:00:00,0.85696,0.85701,0.85692,0.85701,0.0
2026-08-21 07:05:00,2026-08-21 04:05:00,2026-08-21 12:05:00,0.857,0.85704,0.85698,0.85702,0.0
2026-08-21 07:10:00,2026-08-21 04:10:00,2026-08-21 12:10:00,0.85702,0.8571,0.85699,0.85703,0.0
2026-08-21 07:15:00,2026-08-21 04:15:00,2026-08-21 12:15:00,0.85701,0.8571,0.857,0.85706,0.0
2026-08-21 07:20:00,2026-08-21 04:20:00,2026-08-21 12:20:00,0.85706,0.8571,0.857,0.85709,0.0
2026-08-21 07:25:00,2026-08-21 04:25:00,2026-08-21 12:25:00,0.85709,0.85714,0.85706,0.85714,0.0
2026-08-21 07:30:00,2026-08-21 04:30:00,2026-08-21 12:30:00,0.85711,0.8572,0.85709,0.85716,0.0
2026-08-21 07:35:00,2026-08-21 04:35:00,2026-08-21 12:35:00,0.85717,0.8572,0.8571,0.85714,0.0
2026-08-21 07:40:00,2026-08-21 04:40:00,2026-08-21 12:40:00,0.85714,0.85715,0.857,0.85703,0.0
2026-08-21 07:45:00,2026-08-21 04:45:00,2026-08-21 12:45:00,0.85704,0.85704,0.85696,0.85702,0.0
2026-08-21 07:50:00,2026-08-21 04:50:00,2026-08-21 12:50:00,0.85702,0.8571,0.85699,0.85705,0.0
2026-08-21 07:55:00,2026-08-21 04:55:00,2026-08-21 12:55:00,0.85705,0.85712,0.857,0.85702,0.0
2026-08-21 08:00:00,2026-08-21 05:00:00,2026-08-21 13:00:00,0.85702,0.85705,0.85699,0.85702,0.0
2026-08-21 08:05:00,2026-08-21 05:05:00,2026-08-21 13:05:00,0.85702,0.85703,0.85695,0.857,0.0
2026-08-21 08:10:00,2026-08-21 05:10:00,2026-08-21 13:10:00,0.857,0.8571,0.85698,0.85703,0.0
2026-08-21 08:15:00,2026-08-21 05:15:00,2026-08-21 13:15:00,0.85703,0.85704,0.85697,0.857,0.0
2026-08-21 08:20:00,2026-08-21 05:20:00,2026-08-21 13:20:00,0.857,0.85701,0.85693,0.857,0.0
2026-08-21 08:25:00,2026-08-21 05:25:00,2026-08-21 13:25:00,0.85696,0.85701,0.85695,0.85699,0.0
2026-08-21 08:30:00,2026-08-21 05:30:00,2026-08-21 13:30:00,0.85698,0.857,0.8569,0.85693,0.0
2026-08-21 08:35:00,2026-08-21 05:35:00,2026-08-21 13:35:00,0.85693,0.857,0.85689,0.85695,0.0
2026-08-21 08:40:00,2026-08-21 05:40:00,2026-08-21 13:40:00,0.85696,0.8571,0.85693,0.85698,0.0
2026-08-21 08:45:00,2026-08-21 05:45:00,2026-08-21 13:45:00,0.85699,0.8571,0.85697,0.857,0.0
2026-08-21 08:50:00,2026-08-21 05:50:00,2026-08-21 13:50:00,0.85701,0.85703,0.85685,0.85687,0.0
2026-08-21 08:55:00,2026-08-21 05:55:00,2026-08-21 13:55:00,0.85686,0.8569,0.85656,0.85679,0.0
2026-08-21 09:00:00,2026-08-21 06:00:00,2026-08-21 14:00:00,0.85679,0.85704,0.85665,0.857,0.0
2026-08-21 09:05:00,2026-08-21 06:05:00,2026-08-21 14:05:00,0.857,0.85701,0.8569,0.85698,0.0
2026-08-21 09:10:00,2026-08-21 06:10:00,2026-08-21 14:10:00,0.85698,0.857,0.85687,0.85691,0.0
2026-08-21 09:15:00,2026-08-21 06:15:00,2026-08-21 14:15:00,0.85691,0.85697,0.85685,0.85692,0.0
2026-08-21 09:20:00,2026-08-21 06:20:00,2026-08-21 14:20:00,0.85692,0.85702,0.85689,0.85692,0.0
2026-08-21 09:25:00,2026-08-21 06:25:00,2026-08-21 14:25:00,0.85692,0.85707,0.85684,0.85688,0.0
2026-08-21 09:30:00,2026-08-21 06:30:00,2026-08-21 14:30:00,0.85687,0.8569,0.8568,0.85683,0.0
2026-08-21 09:35:00,2026-08-21 06:35:00,2026-08-21 14:35:00,0.85683,0.85697,0.85679,0.85693,0.0
2026-08-21 09:40:00,2026-08-21 06:40:00,2026-08-21 14:40:00,0.85693,0.85701,0.85692,0.85694,0.0
2026-08-21 09:45:00,2026-08-21 06:45:00,2026-08-21 14:45:00,0.85693,0.857,0.85686,0.85688,0.0
2026-08-21 09:50:00,2026-08-21 06:50:00,2026-08-21 14:50:00,0.85689,0.8571,0.85687,0.85701,0.0
2026-08-21 09:55:00,2026-08-21 06:55:00,2026-08-21 14:55:00,0.85704,0.85706,0.85692,0.857,0.0
2026-08-21 10:00:00,2026-08-21 07:00:00,2026-08-21 15:00:00,0.857,0.85703,0.85685,0.857,0.0
2026-08-21 10:05:00,2026-08-21 07:05:00,2026-08-21 15:05:00,0.857,0.85714,0.85692,0.85707,0.0
2026-08-21 10:10:00,2026-08-21 07:10:00,2026-08-21 15:10:00,0.85707,0.8571,0.8568,0.85695,0.0
2026-08-21 10:15:00,2026-08-21 07:15:00,2026-08-21 15:15:00,0.85678,0.857,0.85676,0.85685,0.0
2026-08-21 10:20:00,2026-08-21 07:20:00,2026-08-21 15:20:00,0.85685,0.857,0.8567,0.85675,0.0
2026-08-21 10:25:00,2026-08-21 07:25:00,2026-08-21 15:25:00,0.85676,0.8568,0.85656,0.85665,0.0
2026-08-21 10:30:00,2026-08-21 07:30:00,2026-08-21 15:30:00,0.85665,0.85675,0.85653,0.85671,0.0
2026-08-21 10:35:00,2026-08-21 07:35:00,2026-08-21 15:35:00,0.85671,0.8568,0.8565,0.85652,0.0
2026-08-21 10:40:00,2026-08-21 07:40:00,2026-08-21 15:40:00,0.85652,0.8568,0.85649,0.85675,0.0
2026-08-21 10:45:00,2026-08-21 07:45:00,2026-08-21 15:45:00,0.85675,0.85692,0.8567,0.85684,0.0
2026-08-21 10:50:00,2026-08-21 07:50:00,2026-08-21 15:50:00,0.85684,0.857,0.8568,0.85695,0.0
2026-08-21 10:55:00,2026-08-21 07:55:00,2026-08-21 15:55:00,0.85695,0.8571,0.85685,0.85699,0.0
2026-08-21 11:00:00,2026-08-21 08:00:00,2026-08-21 16:00:00,0.85698,0.85713,0.85689,0.85709,0.0
2026-08-21 11:05:00,2026-08-21 08:05:00,2026-08-21 16:05:00,0.85709,0.8573,0.85704,0.85724,0.0
2026-08-21 11:10:00,2026-08-21 08:10:00,2026-08-21 16:10:00,0.85724,0.85733,0.85713,0.85729,0.0
2026-08-21 11:15:00,2026-08-21 08:15:00,2026-08-21 16:15:00,0.85728,0.85733,0.85719,0.85726,0.0
2026-08-21 11:20:00,2026-08-21 08:20:00,2026-08-21 16:20:00,0.85723,0.85726,0.8571,0.85716,0.0
2026-08-21 11:25:00,2026-08-21 08:25:00,2026-08-21 16:25:00,0.85716,0.85723,0.85689,0.85702,0.0
2026-08-21 11:30:00,2026-08-21 08:30:00,2026-08-21 16:30:00,0.857,0.85704,0.85637,0.85699,0.0
2026-08-21 11:35:00,2026-08-21 08:35:00,2026-08-21 16:35:00,0.85699,0.85703,0.85683,0.85685,0.0
2026-08-21 11:40:00,2026-08-21 08:40:00,2026-08-21 16:40:00,0.85685,0.857,0.85674,0.85697,0.0
2026-08-21 11:45:00,2026-08-21 08:45:00,2026-08-21 16:45:00,0.85697,0.8571,0.85687,0.85691,0.0
2026-08-21 11:50:00,2026-08-21 08:50:00,2026-08-21 16:50:00,0.85691,0.85695,0.85678,0.85689,0.0
2026-08-21 11:55:00,2026-08-21 08:55:00,2026-08-21 16:55:00,0.85689,0.8569,0.85656,0.85658,0.0
2026-08-21 12:00:00,2026-08-21 09:00:00,2026-08-21 17:00:00,0.85658,0.8567,0.85634,0.85636,0.0
2026-08-21 12:05:00,2026-08-21 09:05:00,2026-08-21 17:05:00,0.85637,0.85641,0.85623,0.85628,0.0
2026-08-21 12:10:00,2026-08-21 09:10:00,2026-08-21 17:10:00,0.85628,0.85644,0.85624,0.85641,0.0
2026-08-21 12:15:00,2026-08-21 09:15:00,2026-08-21 17:15:00,0.85643,0.85662,0.85636,0.8566,0.0
2026-08-21 12:20:00,2026-08-21 09:20:00,2026-08-21 17:20:00,0.8566,0.85673,0.85656,0.85667,0.0
2026-08-21 12:25:00,2026-08-21 09:25:00,2026-08-21 17:25:00,0.85667,0.8568,0.85661,0.85673,0.0
2026-08-21 12:30:00,2026-08-21 09:30:00,2026-08-21 17:30:00,0.85675,0.85691,0.85668,0.85676,0.0
2026-08-21 12:35:00,2026-08-21 09:35:00,2026-08-21 17:35:00,0.85676,0.8569,0.85675,0.85683,0.0
2026-08-21 12:40:00,2026-08-21 09:40:00,2026-08-21 17:40:00,0.85683,0.85692,0.85678,0.8569,0.0
2026-08-21 12:45:00,2026-08-21 09:45:00,2026-08-21 17:45:00,0.8569,0.85695,0.85674,0.85677,0.0
2026-08-21 12:50:00,2026-08-21 09:50:00,2026-08-21 17:50:00,0.85677,0.8569,0.85675,0.85683,0.0
2026-08-21 12:55:00,2026-08-21 09:55:00,2026-08-21 17:55:00,0.85683,0.8569,0.85677,0.8568,0.0
2026-08-21 13:00:00,2026-08-21 10:00:00,2026-08-21 18:00:00,0.85679,0.85683,0.85665,0.85677,0.0
2026-08-21 13:05:00,2026-08-21 10:05:00,2026-08-21 18:05:00,0.85677,0.8568,0.85664,0.8567,0.0
2026-08-21 13:10:00,2026-08-21 10:10:00,2026-08-21 18:10:00,0.85669,0.85684,0.85665,0.85683,0.0
2026-08-21 13:15:00,2026-08-21 10:15:00,2026-08-21 18:15:00,0.85683,0.85683,0.85671,0.85674,0.0
2026-08-21 13:20:00,2026-08-21 10:20:00,2026-08-21 18:20:00,0.85675,0.8569,0.85673,0.85682,0.0
2026-08-21 13:25:00,2026-08-21 10:25:00,2026-08-21 18:25:00,0.85681,0.85682,0.8567,0.85682,0.0
2026-08-21 13:30:00,2026-08-21 10:30:00,2026-08-21 18:30:00,0.85682,0.857,0.85679,0.8569,0.0
2026-08-21 13:35:00,2026-08-21 10:35:00,2026-08-21 18:35:00,0.85689,0.85695,0.85684,0.85688,0.0
2026-08-21 13:40:00,2026-08-21 10:40:00,2026-08-21 18:40:00,0.85687,0.85702,0.85686,0.85696,0.0
2026-08-21 13:45:00,2026-08-21 10:45:00,2026-08-21 18:45:00,0.85696,0.85704,0.85694,0.85704,0.0
2026-08-21 13:50:00,2026-08-21 10:50:00,2026-08-21 18:50:00,0.85704,0.85713,0.85697,0.85711,0.0
2026-08-21 13:55:00,2026-08-21 10:55:00,2026-08-21 18:55:00,0.8571,0.85762,0.85708,0.85736,0.0
2026-08-21 14:00:00,2026-08-21 11:00:00,2026-08-21 19:00:00,0.85736,0.85744,0.85731,0.85739,0.0
2026-08-21 14:05:00,2026-08-21 11:05:00,2026-08-21 19:05:00,0.85736,0.8574,0.85718,0.85719,0.0
2026-08-21 14:10:00,2026-08-21 11:10:00,2026-08-21 19:10:00,0.8572,0.8573,0.8571,0.85714,0.0
2026-08-21 14:15:00,2026-08-21 11:15:00,2026-08-21 19:15:00,0.85714,0.8572,0.857,0.85714,0.0
2026-08-21 14:20:00,2026-08-21 11:20:00,2026-08-21 19:20:00,0.85714,0.85717,0.85688,0.85691,0.0
2026-08-21 14:25:00,2026-08-21 11:25:00,2026-08-21 19:25:00,0.85692,0.85703,0.85683,0.85696,0.0
2026-08-21 14:30:00,2026-08-21 11:30:00,2026-08-21 19:30:00,0.85695,0.857,0.85664,0.8567,0.0
2026-08-21 14:35:00,2026-08-21 11:35:00,2026-08-21 19:35:00,0.8567,0.85677,0.85645,0.85661,0.0
2026-08-21 14:40:00,2026-08-21 11:40:00,2026-08-21 19:40:00,0.85661,0.85673,0.85659,0.85671,0.0
2026-08-21 14:45:00,2026-08-21 11:45:00,2026-08-21 19:45:00,0.85671,0.85682,0.8567,0.85677,0.0
2026-08-21 14:50:00,2026-08-21 11:50:00,2026-08-21 19:50:00,0.85677,0.8569,0.85673,0.85683,0.0
2026-08-21 14:55:00,2026-08-21 11:55:00,2026-08-21 19:55:00,0.85683,0.8569,0.85665,0.85671,0.0
2026-08-21 15:00:00,2026-08-21 12:00:00,2026-08-21 20:00:00,0.85671,0.8568,0.85667,0.85678,0.0
2026-08-21 15:05:00,2026-08-21 12:05:00,2026-08-21 20:05:00,0.85677,0.85681,0.85665,0.85667,0.0
2026-08-21 15:10:00,2026-08-21 12:10:00,2026-08-21 20:10:00,0.85668,0.85673,0.8566,0.85671,0.0
2026-08-21 15:15:00,2026-08-21 12:15:00,2026-08-21 20:15:00,0.85671,0.85671,0.85636,0.85638,0.0
2026-08-21 15:20:00,2026-08-21 12:20:00,2026-08-21 20:20:00,0.85639,0.8565,0.8563,0.85644,0.0
2026-08-21 15:25:00,2026-08-21 12:25:00,2026-08-21 20:25:00,0.85644,0.85663,0.85642,0.85648,0.0
2026-08-21 15:30:00,2026-08-21 12:30:00,2026-08-21 20:30:00,0.85648,0.8567,0.85647,0.85664,0.0
2026-08-21 15:35:00,2026-08-21 12:35:00,2026-08-21 20:35:00,0.85664,0.85705,0.85661,0.85693,0.0
2026-08-21 15:40:00,2026-08-21 12:40:00,2026-08-21 20:40:00,0.85692,0.85696,0.85662,0.85671,0.0
2026-08-21 15:45:00,2026-08-21 12:45:00,2026-08-21 20:45:00,0.85671,0.8568,0.85663,0.85666,0.0
2026-08-21 15:50:00,2026-08-21 12:50:00,2026-08-21 20:50:00,0.85666,0.8569,0.8566,0.85676,0.0
2026-08-21 15:55:00,2026-08-21 12:55:00,2026-08-21 20:55:00,0.85676,0.85693,0.85674,0.85685,0.0
2026-08-21 16:00:00,2026-08-21 13:00:00,2026-08-21 21:00:00,0.85684,0.85684,0.85669,0.85672,0.0
2026-08-21 16:05:00,2026-08-21 13:05:00,2026-08-21 21:05:00,0.8567,0.85685,0.85667,0.85678,0.0
2026-08-21 16:10:00,2026-08-21 13:10:00,2026-08-21 21:10:00,0.85678,0.85704,0.85674,0.85695,0.0
2026-08-21 16:15:00,2026-08-21 13:15:00,2026-08-21 21:15:00,0.85695,0.85701,0.85686,0.85694,0.0
2026-08-21 16:20:00,2026-08-21 13:20:00,2026-08-21 21:20:00,0.85694,0.857,0.8567,0.85673,0.0
2026-08-21 16:25:00,2026-08-21 13:25:00,2026-08-21 21:25:00,0.85674,0.85682,0.85667,0.85681,0.0
2026-08-21 16:30:00,2026-08-21 13:30:00,2026-08-21 21:30:00,0.85681,0.85682,0.85649,0.85649,0.0
2026-08-21 16:35:00,2026-08-21 13:35:00,2026-08-21 21:35:00,0.85649,0.85667,0.85646,0.85659,0.0
2026-08-21 16:40:00,2026-08-21 13:40:00,2026-08-21 21:40:00,0.8566,0.85667,0.85648,0.85651,0.0
2026-08-21 16:45:00,2026-08-21 13:45:00,2026-08-21 21:45:00,0.85645,0.85653,0.85633,0.85636,0.0
2026-08-21 16:50:00,2026-08-21 13:50:00,2026-08-21 21:50:00,0.85636,0.85642,0.85628,0.8563,0.0
2026-08-21 16:55:00,2026-08-21 13:55:00,2026-08-21 21:55:00,0.85629,0.85631,0.85616,0.85624,0.0
2026-08-21 17:00:00,2026-08-21 14:00:00,2026-08-21 22:00:00,0.85624,0.8563,0.85614,0.8562,0.0
2026-08-21 17:05:00,2026-08-21 14:05:00,2026-08-21 22:05:00,0.8562,0.8563,0.8561,0.85619,0.0
2026-08-21 17:10:00,2026-08-21 14:10:00,2026-08-21 22:10:00,0.85619,0.85624,0.8561,0.85617,0.0
2026-08-21 17:15:00,2026-08-21 14:15:00,2026-08-21 22:15:00,0.85617,0.8562,0.85606,0.85608,0.0
2026-08-21 17:20:00,2026-08-21 14:20:00,2026-08-21 22:20:00,0.85607,0.8563,0.85602,0.85619,0.0
2026-08-21 17:25:00,2026-08-21 14:25:00,2026-08-21 22:25:00,0.85619,0.85624,0.8561,0.85622,0.0
2026-08-21 17:30:00,2026-08-21 14:30:00,2026-08-21 22:30:00,0.85622,0.85666,0.85621,0.85656,0.0
2026-08-21 17:35:00,2026-08-21 14:35:00,2026-08-21 22:35:00,0.85655,0.85687,0.85651,0.85674,0.0
2026-08-21 17:40:00,2026-08-21 14:40:00,2026-08-21 22:40:00,0.85674,0.85682,0.8566,0.85676,0.0
2026-08-21 17:45:00,2026-08-21 14:45:00,2026-08-21 22:45:00,0.85676,0.85683,0.8566,0.8568,0.0
2026-08-21 17:50:00,2026-08-21 14:50:00,2026-08-21 22:50:00,0.85681,0.85685,0.8565,0.85661,0.0
2026-08-21 17:55:00,2026-08-21 14:55:00,2026-08-21 22:55:00,0.85658,0.85683,0.85658,0.85677,0.0
2026-08-21 18:00:00,2026-08-21 15:00:00,2026-08-21 23:00:00,0.85677,0.8568,0.85659,0.85674,0.0
2026-08-21 18:05:00,2026-08-21 15:05:00,2026-08-21 23:05:00,0.85675,0.85675,0.85657,0.85671,0.0
2026-08-21 18:10:00,2026-08-21 15:10:00,2026-08-21 23:10:00,0.85671,0.8568,0.85655,0.85672,0.0
2026-08-21 18:15:00,2026-08-21 15:15:00,2026-08-21 23:15:00,0.85672,0.85683,0.85665,0.85676,0.0
2026-08-21 18:20:00,2026-08-21 15:20:00,2026-08-21 23:20:00,0.85676,0.8568,0.85664,0.85668,0.0
2026-08-21 18:25:00,2026-08-21 15:25:00,2026-08-21 23:25:00,0.85668,0.8567,0.85656,0.85667,0.0
2026-08-21 18:30:00,2026-08-21 15:30:00,2026-08-21 23:30:00,0.85667,0.85669,0.85643,0.85649,0.0
2026-08-21 18:35:00,2026-08-21 15:35:00,2026-08-21 23:35:00,0.85647,0.85652,0.85636,0.85651,0.0
2026-08-21 18:40:00,2026-08-21 15:40:00,2026-08-21 23:40:00,0.85652,0.85653,0.85639,0.85645,0.0
2026-08-21 18:45:00,2026-08-21 15:45:00,2026-08-21 23:45:00,0.85645,0.85653,0.85639,0.85652,0.0
2026-08-21 18:50:00,2026-08-21 15:50:00,2026-08-21 23:50:00,0.8565,0.8566,0.85647,0.85649,0.0
2026-08-21 18:55:00,2026-08-21 15:55:00,2026-08-21 23:55:00,0.85649,0.85655,0.85638,0.8564,0.0
2026-08-21 19:00:00,2026-08-21 16:00:00,2026-08-22 00:00:00,0.8564,0.8564,0.85627,0.85632,0.0
2026-08-21 19:05:00,2026-08-21 16:05:00,2026-08-22 00:05:00,0.85632,0.8565,0.85632,0.85637,0.0
2026-08-21 19:10:00,2026-08-21 16:10:00,2026-08-22 00:10:00,0.85637,0.85651,0.85634,0.8565,0.0
2026-08-21 19:15:00,2026-08-21 16:15:00,2026-08-22 00:15:00,0.85649,0.85654,0.85643,0.85652,0.0
2026-08-21 19:20:00,2026-08-21 16:20:00,2026-08-22 00:20:00,0.85652,0.85653,0.85634,0.85644,0.0
2026-08-21 19:25:00,2026-08-21 16:25:00,2026-08-22 00:25:00,0.85644,0.8565,0.85635,0.8564,0.0
2026-08-21 19:30:00,2026-08-21 16:30:00,2026-08-22 00:30:00,0.85641,0.85642,0.8563,0.85632,0.0
2026-08-21 19:35:00,2026-08-21 16:35:00,2026-08-22 00:35:00,0.85631,0.85634,0.85626,0.85631,0.0
2026-08-21 19:40:00,2026-08-21 16:40:00,2026-08-22 00:40:00,0.8563,0.85634,0.85623,0.8563,0.0
2026-08-21 19:45:00,2026-08-21 16:45:00,2026-08-22 00:45:00,0.8563,0.8564,0.85628,0.85638,0.0
2026-08-21 19:50:00,2026-08-21 16:50:00,2026-08-22 00:50:00,0.85638,0.8564,0.8563,0.85638,0.0
2026-08-21 19:55:00,2026-08-21 16:55:00,2026-08-22 00:55:00,0.85639,0.8564,0.85623,0.85628,0.0
2026-08-21 20:00:00,2026-08-21 17:00:00,2026-08-22 01:00:00,0.85628,0.8563,0.85617,0.8562,0.0
2026-08-21 20:05:00,2026-08-21 17:05:00,2026-08-22 01:05:00,0.85619,0.8562,0.85607,0.85609,0.0
2026-08-21 20:10:00,2026-08-21 17:10:00,2026-08-22 01:10:00,0.85608,0.85612,0.85604,0.85612,0.0
2026-08-21 20:15:00,2026-08-21 17:15:00,2026-08-22 01:15:00,0.8561,0.8562,0.85603,0.85606,0.0
2026-08-21 20:20:00,2026-08-21 17:20:00,2026-08-22 01:20:00,0.85606,0.85611,0.856,0.85606,0.0
2026-08-21 20:25:00,2026-08-21 17:25:00,2026-08-22 01:25:00,0.85607,0.8561,0.856,0.85606,0.0
2026-08-21 20:30:00,2026-08-21 17:30:00,2026-08-22 01:30:00,0.85606,0.8561,0.856,0.85602,0.0
2026-08-21 20:35:00,2026-08-21 17:35:00,2026-08-22 01:35:00,0.85603,0.85603,0.85588,0.85596,0.0
2026-08-21 20:40:00,2026-08-21 17:40:00,2026-08-22 01:40:00,0.85596,0.85602,0.85592,0.85599,0.0
2026-08-21 20:45:00,2026-08-21 17:45:00,2026-08-22 01:45:00,0.85599,0.856,0.85586,0.85589,0.0
2026-08-21 20:50:00,2026-08-21 17:50:00,2026-08-22 01:50:00,0.85589,0.8559,0.85577,0.85581,0.0
2026-08-21 20:55:00,2026-08-21 17:55:00,2026-08-22 01:55:00,0.85581,0.85581,0.85573,0.85576,0.0
2026-08-21 21:00:00,2026-08-21 18:00:00,2026-08-22 02:00:00,0.85576,0.8558,0.85569,0.85571,0.0
2026-08-21 21:05:00,2026-08-21 18:05:00,2026-08-22 02:05:00,0.85572,0.85573,0.8556,0.85566,0.0
2026-08-21 21:10:00,2026-08-21 18:10:00,2026-08-22 02:10:00,0.85565,0.85573,0.85563,0.85573,0.0
2026-08-21 21:15:00,2026-08-21 18:15:00,2026-08-22 02:15:00,0.85573,0.8558,0.8557,0.85574,0.0
2026-08-21 21:20:00,2026-08-21 18:20:00,2026-08-22 02:20:00,0.85574,0.8558,0.85567,0.85571,0.0
2026-08-21 21:25:00,2026-08-21 18:25:00,2026-08-22 02:25:00,0.85571,0.85573,0.85564,0.85572,0.0
2026-08-21 21:30:00,2026-08-21 18:30:00,2026-08-22 02:30:00,0.85572,0.85573,0.85566,0.85568,0.0
2026-08-21 21:35:00,2026-08-21 18:35:00,2026-08-22 02:35:00,0.85569,0.8558,0.85567,0.85573,0.0
2026-08-21 21:40:00,2026-08-21 18:40:00,2026-08-22 02:40:00,0.85572,0.8558,0.8557,0.85577,0.0
2026-08-21 21:45:00,2026-08-21 18:45:00,2026-08-22 02:45:00,0.85578,0.8558,0.85569,0.85573,0.0
2026-08-21 21:50:00,2026-08-21 18:50:00,2026-08-22 02:50:00,0.85573,0.8558,0.85567,0.85569,0.0
2026-08-21 21:55:00,2026-08-21 18:55:00,2026-08-22 02:55:00,0.85569,0.8558,0.85567,0.85576,0.0
2026-08-21 22:00:00,2026-08-21 19:00:00,2026-08-22 03:00:00,0.85576,0.85576,0.85564,0.85573,0.0
2026-08-21 22:05:00,2026-08-21 19:05:00,2026-08-22 03:05:00,0.85573,0.8558,0.85568,0.85575,0.0
2026-08-21 22:10:00,2026-08-21 19:10:00,2026-08-22 03:10:00,0.85575,0.8558,0.8557,0.85574,0.0
2026-08-21 22:15:00,2026-08-21 19:15:00,2026-08-22 03:15:00,0.85573,0.8558,0.85569,0.85573,0.0
2026-08-21 22:20:00,2026-08-21 19:20:00,2026-08-22 03:20:00,0.85571,0.85575,0.85569,0.85572,0.0
2026-08-21 22:25:00,2026-08-21 19:25:00,2026-08-22 03:25:00,0.85573,0.8558,0.85567,0.85571,0.0
2026-08-21 22:30:00,2026-08-21 19:30:00,2026-08-22 03:30:00,0.85569,0.85572,0.85565,0.85571,0.0
2026-08-21 22:35:00,2026-08-21 19:35:00,2026-08-22 03:35:00,0.85572,0.8558,0.8557,0.85574,0.0
2026-08-21 22:40:00,2026-08-21 19:40:00,2026-08-22 03:40:00,0.85574,0.85581,0.85574,0.85578,0.0
2026-08-21 22:45:00,2026-08-21 19:45:00,2026-08-22 03:45:00,0.85577,0.8558,0.8557,0.85572,0.0
2026-08-21 22:50:00,2026-08-21 19:50:00,2026-08-22 03:50:00,0.85573,0.8558,0.85564,0.85571,0.0
2026-08-21 22:55:00,2026-08-21 19:55:00,2026-08-22 03:55:00,0.85571,0.8558,0.8557,0.85575,0.0
2026-08-21 23:00:00,2026-08-21 20:00:00,2026-08-22 04:00:00,0.85575,0.8558,0.85568,0.85569,0.0
2026-08-21 23:05:00,2026-08-21 20:05:00,2026-08-22 04:05:00,0.85568,0.85573,0.8556,0.85562,0.0
2026-08-21 23:10:00,2026-08-21 20:10:00,2026-08-22 04:10:00,0.85562,0.8557,0.85562,0.85566,0.0
2026-08-21 23:15:00,2026-08-21 20:15:00,2026-08-22 04:15:00,0.85568,0.8557,0.85563,0.85566,0.0
2026-08-21 23:20:00,2026-08-21 20:20:00,2026-08-22 04:20:00,0.85567,0.85571,0.85563,0.85566,0.0
2026-08-21 23:25:00,2026-08-21 20:25:00,2026-08-22 04:25:00,0.85566,0.8557,0.85558,0.85566,0.0
2026-08-21 23:30:00,2026-08-21 20:30:00,2026-08-22 04:30:00,0.85567,0.85571,0.85562,0.8557,0.0
2026-08-21 23:35:00,2026-08-21 20:35:00,2026-08-22 04:35:00,0.8557,0.8558,0.85565,0.85574,0.0
2026-08-21 23:40:00,2026-08-21 20:40:00,2026-08-22 04:40:00,0.85575,0.8558,0.85566,0.85568,0.0
2026-08-21 23:45:00,2026-08-21 20:45:00,2026-08-22 04:45:00,0.85568,0.8558,0.85562,0.85574,0.0
2026-08-21 23:50:00,2026-08-21 20:50:00,2026-08-22 04:50:00,0.85574,0.85583,0.85565,0.85578,0.0
2026-08-21 23:55:00,2026-08-21 20:55:00,2026-08-22 04:55:00,0.85576,0.85598,0.85546,0.85553,0.0
2026-08-22 00:00:00,2026-08-21 21:00:00,2026-08-22 05:00:00,0.85608,0.85608,0.85608,0.85608,0.0
2026-08-22 00:05:00,2026-08-21 21:05:00,2026-08-22 05:05:00,0.85608,0.85608,0.85608,0.85608,0.0
2026-08-22 00:10:00,2026-08-21 21:10:00,2026-08-22 05:10:00,0.85608,0.85608,0.85608,0.85608,0.0
2026-08-22 00:15:00,2026-08-21 21:15:00,2026-08-22 05:15:00,0.85608,0.85608,0.85608,0.85608,0.0
2026-08-22 00:20:00,2026-08-21 21:20:00,2026-08-22 05:20:00,0.85608,0.85608,0.85608,0.85608,0.0
2026-08-22 00:25:00,2026-08-21 21:25:00,2026-08-22 05:25:00,0.85608,0.85608,0.85608,0.85608,0.0
2026-08-24 00:00:00,2026-08-23 21:00:00,2026-08-24 05:00:00,0.85607,0.85607,0.85601,0.85602,17.0
2026-08-24 00:05:00,2026-08-23 21:05:00,2026-08-24 05:05:00,0.85602,0.85612,0.85601,0.85609,32.0
2026-08-24 00:10:00,2026-08-23 21:10:00,2026-08-24 05:10:00,0.85609,0.85614,0.85608,0.85614,22.0
2026-08-24 00:15:00,2026-08-23 21:15:00,2026-08-24 05:15:00,0.85615,0.85632,0.85611,0.85629,104.0
2026-08-24 00:20:00,2026-08-23 21:20:00,2026-08-24 05:20:00,0.8563,0.85631,0.85618,0.85627,107.0
2026-08-24 00:25:00,2026-08-23 21:25:00,2026-08-24 05:25:00,0.85628,0.85629,0.85623,0.85628,22.0
2026-08-24 00:30:00,2026-08-23 21:30:00,2026-08-24 05:30:00,0.85629,0.8563,0.85546,0.85553,263.0
2026-08-24 00:35:00,2026-08-23 21:35:00,2026-08-24 05:35:00,0.85552,0.85607,0.85547,0.85595,262.0
2026-08-24 00:40:00,2026-08-23 21:40:00,2026-08-24 05:40:00,0.85609,0.85621,0.85597,0.85606,93.0
2026-08-24 00:45:00,2026-08-23 21:45:00,2026-08-24 05:45:00,0.85603,0.85623,0.856,0.85621,305.0
2026-08-24 00:50:00,2026-08-23 21:50:00,2026-08-24 05:50:00,0.85621,0.85626,0.85611,0.85615,135.0
2026-08-24 00:55:00,2026-08-23 21:55:00,2026-08-24 05:55:00,0.85616,0.85637,0.85601,0.85601,34.0
2026-08-24 01:00:00,2026-08-23 22:00:00,2026-08-24 06:00:00,0.85633,0.85633,0.85589,0.856,668.0
2026-08-24 01:05:00,2026-08-23 22:05:00,2026-08-24 06:05:00,0.85599,0.85602,0.85594,0.85598,206.0
2026-08-24 01:10:00,2026-08-23 22:10:00,2026-08-24 06:10:00,0.85597,0.85601,0.85587,0.85592,337.0
2026-08-24 01:15:00,2026-08-23 22:15:00,2026-08-24 06:15:00,0.85593,0.85593,0.85589,0.85593,441.0
2026-08-24 01:20:00,2026-08-23 22:20:00,2026-08-24 06:20:00,0.85591,0.85593,0.85585,0.85588,295.0
2026-08-24 01:25:00,2026-08-23 22:25:00,2026-08-24 06:25:00,0.8559,0.85591,0.85585,0.85589,394.0
2026-08-24 01:30:00,2026-08-23 22:30:00,2026-08-24 06:30:00,0.85589,0.8559,0.85582,0.85583,335.0
2026-08-24 01:35:00,2026-08-23 22:35:00,2026-08-24 06:35:00,0.85584,0.85585,0.85567,0.85567,216.0
2026-08-24 01:40:00,2026-08-23 22:40:00,2026-08-24 06:40:00,0.85568,0.85578,0.85567,0.85578,302.0
2026-08-24 01:45:00,2026-08-23 22:45:00,2026-08-24 06:45:00,0.85576,0.85579,0.85574,0.85577,286.0
2026-08-24 01:50:00,2026-08-23 22:50:00,2026-08-24 06:50:00,0.85576,0.85578,0.85575,0.85577,170.0
2026-08-24 01:55:00,2026-08-23 22:55:00,2026-08-24 06:55:00,0.85578,0.85582,0.85576,0.85581,140.0
2026-08-24 02:00:00,2026-08-23 23:00:00,2026-08-24 07:00:00,0.85576,0.8558,0.8557,0.85576,0.0
2026-08-24 02:05:00,2026-08-23 23:05:00,2026-08-24 07:05:00,0.8558,0.8558,0.85573,0.85574,0.0
2026-08-24 02:10:00,2026-08-23 23:10:00,2026-08-24 07:10:00,0.85575,0.8558,0.85569,0.85571,0.0
2026-08-24 02:15:00,2026-08-23 23:15:00,2026-08-24 07:15:00,0.85569,0.85572,0.85566,0.8557,0.0
2026-08-24 02:20:00,2026-08-23 23:20:00,2026-08-24 07:20:00,0.85568,0.8557,0.8556,0.85563,0.0
2026-08-24 02:25:00,2026-08-23 23:25:00,2026-08-24 07:25:00,0.85563,0.85564,0.8556,0.85564,0.0
2026-08-24 02:30:00,2026-08-23 23:30:00,2026-08-24 07:30:00,0.85563,0.85564,0.85558,0.8556,0.0
2026-08-24 02:35:00,2026-08-23 23:35:00,2026-08-24 07:35:00,0.85559,0.85561,0.85557,0.85558,0.0
2026-08-24 02:40:00,2026-08-23 23:40:00,2026-08-24 07:40:00,0.85558,0.8556,0.85553,0.85558,0.0
2026-08-24 02:45:00,2026-08-23 23:45:00,2026-08-24 07:45:00,0.8556,0.85561,0.8555,0.85554,0.0
2026-08-24 02:50:00,2026-08-23 23:50:00,2026-08-24 07:50:00,0.85555,0.8556,0.8555,0.85554,0.0
2026-08-24 02:55:00,2026-08-23 23:55:00,2026-08-24 07:55:00,0.85554,0.8556,0.8555,0.85559,0.0
2026-08-24 03:00:00,2026-08-24 00:00:00,2026-08-24 08:00:00,0.85558,0.8558,0.85556,0.85575,0.0
2026-08-24 03:05:00,2026-08-24 00:05:00,2026-08-24 08:05:00,0.85575,0.8558,0.85568,0.85573,0.0
2026-08-24 03:10:00,2026-08-24 00:10:00,2026-08-24 08:10:00,0.85573,0.85582,0.8557,0.85578,0.0
2026-08-24 03:15:00,2026-08-24 00:15:00,2026-08-24 08:15:00,0.8558,0.85583,0.85575,0.85581,0.0
2026-08-24 03:20:00,2026-08-24 00:20:00,2026-08-24 08:20:00,0.8558,0.85591,0.85579,0.85586,0.0
2026-08-24 03:25:00,2026-08-24 00:25:00,2026-08-24 08:25:00,0.85585,0.8559,0.85582,0.85585,0.0
2026-08-24 03:30:00,2026-08-24 00:30:00,2026-08-24 08:30:00,0.85585,0.8559,0.8558,0.85583,0.0
2026-08-24 03:35:00,2026-08-24 00:35:00,2026-08-24 08:35:00,0.85583,0.8559,0.85577,0.85582,0.0
2026-08-24 03:40:00,2026-08-24 00:40:00,2026-08-24 08:40:00,0.85583,0.8559,0.85579,0.85584,0.0
2026-08-24 03:45:00,2026-08-24 00:45:00,2026-08-24 08:45:00,0.85584,0.8559,0.8558,0.85586,0.0
2026-08-24 03:50:00,2026-08-24 00:50:00,2026-08-24 08:50:00,0.85586,0.8559,0.85573,0.85575,0.0
2026-08-24 03:55:00,2026-08-24 00:55:00,2026-08-24 08:55:00,0.85576,0.8558,0.85568,0.85573,0.0
2026-08-24 04:00:00,2026-08-24 01:00:00,2026-08-24 09:00:00,0.85572,0.8559,0.8557,0.85583,0.0
2026-08-24 04:05:00,2026-08-24 01:05:00,2026-08-24 09:05:00,0.85583,0.8559,0.8558,0.85587,0.0
2026-08-24 04:10:00,2026-08-24 01:10:00,2026-08-24 09:10:00,0.85585,0.8559,0.85583,0.85588,0.0
2026-08-24 04:15:00,2026-08-24 01:15:00,2026-08-24 09:15:00,0.85588,0.8559,0.85577,0.85579,0.0
2026-08-24 04:20:00,2026-08-24 01:20:00,2026-08-24 09:20:00,0.85579,0.8559,0.85577,0.85584,0.0
2026-08-24 04:25:00,2026-08-24 01:25:00,2026-08-24 09:25:00,0.85583,0.8559,0.85582,0.85587,0.0
2026-08-24 04:30:00,2026-08-24 01:30:00,2026-08-24 09:30:00,0.85587,0.85594,0.85586,0.85591,0.0
2026-08-24 04:35:00,2026-08-24 01:35:00,2026-08-24 09:35:00,0.85593,0.85594,0.85589,0.85593,0.0
2026-08-24 04:40:00,2026-08-24 01:40:00,2026-08-24 09:40:00,0.85593,0.856,0.8559,0.85594,0.0
2026-08-24 04:45:00,2026-08-24 01:45:00,2026-08-24 09:45:00,0.85594,0.85603,0.85593,0.85601,0.0
2026-08-24 04:50:00,2026-08-24 01:50:00,2026-08-24 09:50:00,0.85602,0.85603,0.85588,0.85591,0.0
2026-08-24 04:55:00,2026-08-24 01:55:00,2026-08-24 09:55:00,0.8559,0.85595,0.85587,0.85591,0.0
2026-08-24 05:00:00,2026-08-24 02:00:00,2026-08-24 10:00:00,0.85591,0.856,0.85588,0.85591,0.0
2026-08-24 05:05:00,2026-08-24 02:05:00,2026-08-24 10:05:00,0.85591,0.856,0.85589,0.85593,0.0
2026-08-24 05:10:00,2026-08-24 02:10:00,2026-08-24 10:10:00,0.85593,0.85594,0.85586,0.8559,0.0
2026-08-24 05:15:00,2026-08-24 02:15:00,2026-08-24 10:15:00,0.85589,0.85591,0.85584,0.85588,0.0
2026-08-24 05:20:00,2026-08-24 02:20:00,2026-08-24 10:20:00,0.85588,0.8559,0.85584,0.85586,0.0
2026-08-24 05:25:00,2026-08-24 02:25:00,2026-08-24 10:25:00,0.85584,0.8559,0.85579,0.85582,0.0
2026-08-24 05:30:00,2026-08-24 02:30:00,2026-08-24 10:30:00,0.85582,0.85597,0.85579,0.85595,0.0
2026-08-24 05:35:00,2026-08-24 02:35:00,2026-08-24 10:35:00,0.85594,0.85596,0.85588,0.85591,0.0
2026-08-24 05:40:00,2026-08-24 02:40:00,2026-08-24 10:40:00,0.85591,0.85593,0.85586,0.85588,0.0
2026-08-24 05:45:00,2026-08-24 02:45:00,2026-08-24 10:45:00,0.85588,0.8559,0.85583,0.85585,0.0
2026-08-24 05:50:00,2026-08-24 02:50:00,2026-08-24 10:50:00,0.85585,0.8559,0.85577,0.85583,0.0
2026-08-24 05:55:00,2026-08-24 02:55:00,2026-08-24 10:55:00,0.85583,0.8559,0.85579,0.85581,0.0
2026-08-24 06:00:00,2026-08-24 03:00:00,2026-08-24 11:00:00,0.85581,0.85584,0.85575,0.85584,0.0
2026-08-24 06:05:00,2026-08-24 03:05:00,2026-08-24 11:05:00,0.85582,0.8559,0.8558,0.85585,0.0
2026-08-24 06:10:00,2026-08-24 03:10:00,2026-08-24 11:10:00,0.85585,0.8559,0.85584,0.85586,0.0
2026-08-24 06:15:00,2026-08-24 03:15:00,2026-08-24 11:15:00,0.85586,0.8559,0.8558,0.85585,0.0
2026-08-24 06:20:00,2026-08-24 03:20:00,2026-08-24 11:20:00,0.85585,0.8559,0.8558,0.85584,0.0
2026-08-24 06:25:00,2026-08-24 03:25:00,2026-08-24 11:25:00,0.85583,0.8559,0.8558,0.85589,0.0
2026-08-24 06:30:00,2026-08-24 03:30:00,2026-08-24 11:30:00,0.8559,0.85591,0.85583,0.85586,0.0
2026-08-24 06:35:00,2026-08-24 03:35:00,2026-08-24 11:35:00,0.85586,0.8559,0.85583,0.85586,0.0
2026-08-24 06:40:00,2026-08-24 03:40:00,2026-08-24 11:40:00,0.85586,0.8559,0.85584,0.85589,0.0
2026-08-24 06:45:00,2026-08-24 03:45:00,2026-08-24 11:45:00,0.8559,0.85594,0.85588,0.8559,0.0
2026-08-24 06:50:00,2026-08-24 03:50:00,2026-08-24 11:50:00,0.85591,0.85593,0.85589,0.85591,0.0
2026-08-24 06:55:00,2026-08-24 03:55:00,2026-08-24 11:55:00,0.85591,0.85593,0.85586,0.85592,0.0
2026-08-24 07:00:00,2026-08-24 04:00:00,2026-08-24 12:00:00,0.85592,0.85592,0.85585,0.8559,0.0
2026-08-24 07:05:00,2026-08-24 04:05:00,2026-08-24 12:05:00,0.85588,0.8559,0.85583,0.85588,0.0
2026-08-24 07:10:00,2026-08-24 04:10:00,2026-08-24 12:10:00,0.85588,0.8559,0.8558,0.85586,0.0
2026-08-24 07:15:00,2026-08-24 04:15:00,2026-08-24 12:15:00,0.85586,0.85594,0.85585,0.85592,0.0
2026-08-24 07:20:00,2026-08-24 04:20:00,2026-08-24 12:20:00,0.85592,0.85593,0.85587,0.85592,0.0
2026-08-24 07:25:00,2026-08-24 04:25:00,2026-08-24 12:25:00,0.85592,0.856,0.85589,0.85591,0.0
2026-08-24 07:30:00,2026-08-24 04:30:00,2026-08-24 12:30:00,0.85591,0.856,0.85588,0.85593,0.0
2026-08-24 07:35:00,2026-08-24 04:35:00,2026-08-24 12:35:00,0.85593,0.856,0.8559,0.85596,0.0
2026-08-24 07:40:00,2026-08-24 04:40:00,2026-08-24 12:40:00,0.85596,0.856,0.85594,0.85598,0.0
2026-08-24 07:45:00,2026-08-24 04:45:00,2026-08-24 12:45:00,0.85597,0.856,0.85594,0.85599,0.0
2026-08-24 07:50:00,2026-08-24 04:50:00,2026-08-24 12:50:00,0.85599,0.85601,0.85597,0.856,0.0
2026-08-24 07:55:00,2026-08-24 04:55:00,2026-08-24 12:55:00,0.856,0.85603,0.85597,0.85601,0.0
2026-08-24 08:00:00,2026-08-24 05:00:00,2026-08-24 13:00:00,0.85601,0.8561,0.85597,0.85598,0.0
2026-08-24 08:05:00,2026-08-24 05:05:00,2026-08-24 13:05:00,0.856,0.85603,0.85597,0.856,0.0
2026-08-24 08:10:00,2026-08-24 05:10:00,2026-08-24 13:10:00,0.856,0.85602,0.85597,0.85599,0.0
2026-08-24 08:15:00,2026-08-24 05:15:00,2026-08-24 13:15:00,0.85599,0.856,0.85594,0.85596,0.0
2026-08-24 08:20:00,2026-08-24 05:20:00,2026-08-24 13:20:00,0.85597,0.856,0.85595,0.856,0.0
2026-08-24 08:25:00,2026-08-24 05:25:00,2026-08-24 13:25:00,0.85599,0.85601,0.85596,0.85599,0.0
2026-08-24 08:30:00,2026-08-24 05:30:00,2026-08-24 13:30:00,0.85598,0.8561,0.85597,0.85605,0.0
2026-08-24 08:35:00,2026-08-24 05:35:00,2026-08-24 13:35:00,0.85605,0.8561,0.85603,0.85606,0.0
2026-08-24 08:40:00,2026-08-24 05:40:00,2026-08-24 13:40:00,0.85606,0.8561,0.856,0.85601,0.0
2026-08-24 08:45:00,2026-08-24 05:45:00,2026-08-24 13:45:00,0.85601,0.8561,0.856,0.85602,0.0
2026-08-24 08:50:00,2026-08-24 05:50:00,2026-08-24 13:50:00,0.85602,0.85603,0.85596,0.85599,0.0
2026-08-24 08:55:00,2026-08-24 05:55:00,2026-08-24 13:55:00,0.85599,0.85611,0.85599,0.85608,0.0
2026-08-24 09:00:00,2026-08-24 06:00:00,2026-08-24 14:00:00,0.85607,0.8561,0.85598,0.85605,0.0
2026-08-24 09:05:00,2026-08-24 06:05:00,2026-08-24 14:05:00,0.85604,0.85605,0.85593,0.85599,0.0
2026-08-24 09:10:00,2026-08-24 06:10:00,2026-08-24 14:10:00,0.85599,0.856,0.85588,0.85597,0.0
2026-08-24 09:15:00,2026-08-24 06:15:00,2026-08-24 14:15:00,0.85597,0.85601,0.85586,0.856,0.0
2026-08-24 09:20:00,2026-08-24 06:20:00,2026-08-24 14:20:00,0.856,0.856,0.85586,0.85587,0.0
2026-08-24 09:25:00,2026-08-24 06:25:00,2026-08-24 14:25:00,0.85587,0.856,0.85582,0.85595,0.0
2026-08-24 09:30:00,2026-08-24 06:30:00,2026-08-24 14:30:00,0.85595,0.85602,0.8559,0.85597,0.0
2026-08-24 09:35:00,2026-08-24 06:35:00,2026-08-24 14:35:00,0.85595,0.85605,0.85594,0.85596,0.0
2026-08-24 09:40:00,2026-08-24 06:40:00,2026-08-24 14:40:00,0.85599,0.8561,0.85592,0.85601,0.0
2026-08-24 09:45:00,2026-08-24 06:45:00,2026-08-24 14:45:00,0.85601,0.85612,0.85597,0.85609,0.0
2026-08-24 09:50:00,2026-08-24 06:50:00,2026-08-24 14:50:00,0.85608,0.8561,0.85582,0.85587,0.0
2026-08-24 09:55:00,2026-08-24 06:55:00,2026-08-24 14:55:00,0.85587,0.85596,0.85585,0.85589,0.0
2026-08-24 10:00:00,2026-08-24 07:00:00,2026-08-24 15:00:00,0.85588,0.8559,0.85569,0.85569,0.0
2026-08-24 10:05:00,2026-08-24 07:05:00,2026-08-24 15:05:00,0.8557,0.8558,0.8556,0.85571,0.0
2026-08-24 10:10:00,2026-08-24 07:10:00,2026-08-24 15:10:00,0.85571,0.85571,0.85549,0.85553,0.0
2026-08-24 10:15:00,2026-08-24 07:15:00,2026-08-24 15:15:00,0.85554,0.8556,0.85547,0.85551,0.0
2026-08-24 10:20:00,2026-08-24 07:20:00,2026-08-24 15:20:00,0.85551,0.85562,0.85539,0.85558,0.0
2026-08-24 10:25:00,2026-08-24 07:25:00,2026-08-24 15:25:00,0.85558,0.8557,0.85545,0.85565,0.0
2026-08-24 10:30:00,2026-08-24 07:30:00,2026-08-24 15:30:00,0.85565,0.85565,0.85544,0.85548,0.0
2026-08-24 10:35:00,2026-08-24 07:35:00,2026-08-24 15:35:00,0.85549,0.8555,0.85538,0.85541,0.0
2026-08-24 10:40:00,2026-08-24 07:40:00,2026-08-24 15:40:00,0.85541,0.8557,0.85538,0.85566,0.0
2026-08-24 10:45:00,2026-08-24 07:45:00,2026-08-24 15:45:00,0.85565,0.85574,0.85555,0.85558,0.0
2026-08-24 10:50:00,2026-08-24 07:50:00,2026-08-24 15:50:00,0.85559,0.85562,0.85546,0.85554,0.0
2026-08-24 10:55:00,2026-08-24 07:55:00,2026-08-24 15:55:00,0.85554,0.8558,0.85548,0.85578,0.0
2026-08-24 11:00:00,2026-08-24 08:00:00,2026-08-24 16:00:00,0.8558,0.8559,0.85558,0.85563,0.0
2026-08-24 11:05:00,2026-08-24 08:05:00,2026-08-24 16:05:00,0.85562,0.85566,0.85543,0.85551,0.0
2026-08-24 11:10:00,2026-08-24 08:10:00,2026-08-24 16:10:00,0.85551,0.85572,0.85542,0.85571,0.0
2026-08-24 11:15:00,2026-08-24 08:15:00,2026-08-24 16:15:00,0.85572,0.85574,0.85557,0.85561,0.0
2026-08-24 11:20:00,2026-08-24 08:20:00,2026-08-24 16:20:00,0.85562,0.8558,0.85559,0.85576,0.0
2026-08-24 11:25:00,2026-08-24 08:25:00,2026-08-24 16:25:00,0.85577,0.85584,0.85569,0.85574,0.0
2026-08-24 11:30:00,2026-08-24 08:30:00,2026-08-24 16:30:00,0.85574,0.85575,0.8556,0.85566,0.0
2026-08-24 11:35:00,2026-08-24 08:35:00,2026-08-24 16:35:00,0.85566,0.85574,0.85562,0.85571,0.0
2026-08-24 11:40:00,2026-08-24 08:40:00,2026-08-24 16:40:00,0.85573,0.85582,0.8556,0.85577,0.0
2026-08-24 11:45:00,2026-08-24 08:45:00,2026-08-24 16:45:00,0.85578,0.8559,0.85572,0.85579,0.0
2026-08-24 11:50:00,2026-08-24 08:50:00,2026-08-24 16:50:00,0.85579,0.85594,0.85569,0.85591,0.0
2026-08-24 11:55:00,2026-08-24 08:55:00,2026-08-24 16:55:00,0.85592,0.8562,0.85588,0.85619,0.0
2026-08-24 12:00:00,2026-08-24 09:00:00,2026-08-24 17:00:00,0.85618,0.8562,0.85596,0.85599,0.0
2026-08-24 12:05:00,2026-08-24 09:05:00,2026-08-24 17:05:00,0.85599,0.85603,0.85588,0.85603,0.0
2026-08-24 12:10:00,2026-08-24 09:10:00,2026-08-24 17:10:00,0.85603,0.85604,0.85572,0.8558,0.0
2026-08-24 12:15:00,2026-08-24 09:15:00,2026-08-24 17:15:00,0.8558,0.85584,0.85562,0.85565,0.0
2026-08-24 12:20:00,2026-08-24 09:20:00,2026-08-24 17:20:00,0.85565,0.8558,0.85562,0.85572,0.0
2026-08-24 12:25:00,2026-08-24 09:25:00,2026-08-24 17:25:00,0.85571,0.8558,0.85566,0.8557,0.0
2026-08-24 12:30:00,2026-08-24 09:30:00,2026-08-24 17:30:00,0.8557,0.8558,0.85563,0.85566,0.0
2026-08-24 12:35:00,2026-08-24 09:35:00,2026-08-24 17:35:00,0.85566,0.85576,0.85565,0.8557,0.0
2026-08-24 12:40:00,2026-08-24 09:40:00,2026-08-24 17:40:00,0.85569,0.8558,0.85566,0.85568,0.0
2026-08-24 12:45:00,2026-08-24 09:45:00,2026-08-24 17:45:00,0.85568,0.85572,0.85562,0.85566,0.0
2026-08-24 12:50:00,2026-08-24 09:50:00,2026-08-24 17:50:00,0.85566,0.8557,0.85557,0.8556,0.0
2026-08-24 12:55:00,2026-08-24 09:55:00,2026-08-24 17:55:00,0.85561,0.85561,0.85546,0.8555,0.0
2026-08-24 13:00:00,2026-08-24 10:00:00,2026-08-24 18:00:00,0.85549,0.85564,0.85548,0.85558,0.0
2026-08-24 13:05:00,2026-08-24 10:05:00,2026-08-24 18:05:00,0.85558,0.85572,0.85555,0.85572,0.0
2026-08-24 13:10:00,2026-08-24 10:10:00,2026-08-24 18:10:00,0.85572,0.85574,0.85563,0.85566,0.0
2026-08-24 13:15:00,2026-08-24 10:15:00,2026-08-24 18:15:00,0.85566,0.85571,0.85562,0.85565,0.0
2026-08-24 13:20:00,2026-08-24 10:20:00,2026-08-24 18:20:00,0.85566,0.8557,0.85559,0.85559,0.0
2026-08-24 13:25:00,2026-08-24 10:25:00,2026-08-24 18:25:00,0.85559,0.85566,0.8555,0.85566,0.0
2026-08-24 13:30:00,2026-08-24 10:30:00,2026-08-24 18:30:00,0.85566,0.8558,0.85563,0.85575,0.0
2026-08-24 13:35:00,2026-08-24 10:35:00,2026-08-24 18:35:00,0.85575,0.8558,0.85569,0.85572,0.0
2026-08-24 13:40:00,2026-08-24 10:40:00,2026-08-24 18:40:00,0.85572,0.8559,0.85569,0.85584,0.0
2026-08-24 13:45:00,2026-08-24 10:45:00,2026-08-24 18:45:00,0.85584,0.8559,0.8557,0.85588,0.0
2026-08-24 13:50:00,2026-08-24 10:50:00,2026-08-24 18:50:00,0.85588,0.85604,0.85584,0.85604,0.0
2026-08-24 13:55:00,2026-08-24 10:55:00,2026-08-24 18:55:00,0.85604,0.85605,0.85592,0.85601,0.0
2026-08-24 14:00:00,2026-08-24 11:00:00,2026-08-24 19:00:00,0.85601,0.85612,0.85588,0.85606,0.0
2026-08-24 14:05:00,2026-08-24 11:05:00,2026-08-24 19:05:00,0.85606,0.8561,0.85589,0.85593,0.0
2026-08-24 14:10:00,2026-08-24 11:10:00,2026-08-24 19:10:00,0.85593,0.856,0.85587,0.85591,0.0
2026-08-24 14:15:00,2026-08-24 11:15:00,2026-08-24 19:15:00,0.85592,0.856,0.8559,0.85593,0.0
2026-08-24 14:20:00,2026-08-24 11:20:00,2026-08-24 19:20:00,0.85594,0.856,0.8559,0.85596,0.0
2026-08-24 14:25:00,2026-08-24 11:25:00,2026-08-24 19:25:00,0.85596,0.85604,0.85593,0.85595,0.0
2026-08-24 14:30:00,2026-08-24 11:30:00,2026-08-24 19:30:00,0.85594,0.85595,0.8558,0.8558,0.0
2026-08-24 14:35:00,2026-08-24 11:35:00,2026-08-24 19:35:00,0.85582,0.85584,0.85563,0.85565,0.0
2026-08-24 14:40:00,2026-08-24 11:40:00,2026-08-24 19:40:00,0.85565,0.8557,0.85552,0.85559,0.0
2026-08-24 14:45:00,2026-08-24 11:45:00,2026-08-24 19:45:00,0.85559,0.8557,0.85552,0.85566,0.0
2026-08-24 14:50:00,2026-08-24 11:50:00,2026-08-24 19:50:00,0.85565,0.85566,0.85544,0.85549,0.0
2026-08-24 14:55:00,2026-08-24 11:55:00,2026-08-24 19:55:00,0.85549,0.85552,0.85532,0.8554,0.0
2026-08-24 15:00:00,2026-08-24 12:00:00,2026-08-24 20:00:00,0.85539,0.85555,0.85534,0.85553,0.0
2026-08-24 15:05:00,2026-08-24 12:05:00,2026-08-24 20:05:00,0.85552,0.85555,0.85537,0.85548,0.0
2026-08-24 15:10:00,2026-08-24 12:10:00,2026-08-24 20:10:00,0.85548,0.8555,0.85543,0.8555,0.0
2026-08-24 15:15:00,2026-08-24 12:15:00,2026-08-24 20:15:00,0.85549,0.8557,0.85547,0.85558,0.0
2026-08-24 15:20:00,2026-08-24 12:20:00,2026-08-24 20:20:00,0.8556,0.8556,0.85547,0.85557,0.0
2026-08-24 15:25:00,2026-08-24 12:25:00,2026-08-24 20:25:00,0.85558,0.85558,0.85543,0.85548,0.0
2026-08-24 15:30:00,2026-08-24 12:30:00,2026-08-24 20:30:00,0.85549,0.8555,0.85533,0.85537,0.0
2026-08-24 15:35:00,2026-08-24 12:35:00,2026-08-24 20:35:00,0.85537,0.85543,0.85527,0.8553,0.0
2026-08-24 15:40:00,2026-08-24 12:40:00,2026-08-24 20:40:00,0.85532,0.85545,0.85529,0.85543,0.0
2026-08-24 15:45:00,2026-08-24 12:45:00,2026-08-24 20:45:00,0.85544,0.8555,0.85536,0.85542,0.0
2026-08-24 15:50:00,2026-08-24 12:50:00,2026-08-24 20:50:00,0.85543,0.8555,0.8552,0.85524,0.0
2026-08-24 15:55:00,2026-08-24 12:55:00,2026-08-24 20:55:00,0.85526,0.8554,0.85522,0.85533,0.0
2026-08-24 16:00:00,2026-08-24 13:00:00,2026-08-24 21:00:00,0.85533,0.85534,0.85523,0.8553,0.0
2026-08-24 16:05:00,2026-08-24 13:05:00,2026-08-24 21:05:00,0.85531,0.85536,0.8551,0.85515,0.0
2026-08-24 16:10:00,2026-08-24 13:10:00,2026-08-24 21:10:00,0.85515,0.85533,0.85513,0.85529,0.0
2026-08-24 16:15:00,2026-08-24 13:15:00,2026-08-24 21:15:00,0.85529,0.8554,0.85519,0.85524,0.0
2026-08-24 16:20:00,2026-08-24 13:20:00,2026-08-24 21:20:00,0.8552,0.85537,0.8552,0.85526,0.0
2026-08-24 16:25:00,2026-08-24 13:25:00,2026-08-24 21:25:00,0.85527,0.8554,0.85525,0.85537,0.0
2026-08-24 16:30:00,2026-08-24 13:30:00,2026-08-24 21:30:00,0.85537,0.85546,0.85534,0.85536,0.0
2026-08-24 16:35:00,2026-08-24 13:35:00,2026-08-24 21:35:00,0.85536,0.85538,0.85515,0.85522,0.0
2026-08-24 16:40:00,2026-08-24 13:40:00,2026-08-24 21:40:00,0.85521,0.85525,0.85501,0.85525,0.0
2026-08-24 16:45:00,2026-08-24 13:45:00,2026-08-24 21:45:00,0.85523,0.8553,0.85515,0.85518,0.0
2026-08-24 16:50:00,2026-08-24 13:50:00,2026-08-24 21:50:00,0.8552,0.85531,0.8551,0.85517,0.0
2026-08-24 16:55:00,2026-08-24 13:55:00,2026-08-24 21:55:00,0.85517,0.85525,0.85508,0.85513,0.0
2026-08-24 17:00:00,2026-08-24 14:00:00,2026-08-24 22:00:00,0.85513,0.8553,0.85508,0.8552,0.0
2026-08-24 17:05:00,2026-08-24 14:05:00,2026-08-24 22:05:00,0.85519,0.85534,0.85516,0.85529,0.0
2026-08-24 17:10:00,2026-08-24 14:10:00,2026-08-24 22:10:00,0.85528,0.8554,0.85513,0.85538,0.0
2026-08-24 17:15:00,2026-08-24 14:15:00,2026-08-24 22:15:00,0.85538,0.8555,0.85533,0.85547,0.0
2026-08-24 17:20:00,2026-08-24 14:20:00,2026-08-24 22:20:00,0.85547,0.8555,0.85533,0.85536,0.0
2026-08-24 17:25:00,2026-08-24 14:25:00,2026-08-24 22:25:00,0.85536,0.85554,0.85533,0.85551,0.0
2026-08-24 17:30:00,2026-08-24 14:30:00,2026-08-24 22:30:00,0.85551,0.85564,0.85549,0.85558,0.0
2026-08-24 17:35:00,2026-08-24 14:35:00,2026-08-24 22:35:00,0.85557,0.8556,0.85539,0.85541,0.0
2026-08-24 17:40:00,2026-08-24 14:40:00,2026-08-24 22:40:00,0.85541,0.85544,0.8553,0.85532,0.0
2026-08-24 17:45:00,2026-08-24 14:45:00,2026-08-24 22:45:00,0.85532,0.85552,0.85531,0.85551,0.0
2026-08-24 17:50:00,2026-08-24 14:50:00,2026-08-24 22:50:00,0.8555,0.8556,0.8553,0.85554,0.0
2026-08-24 17:55:00,2026-08-24 14:55:00,2026-08-24 22:55:00,0.85554,0.85571,0.85549,0.85559,0.0
2026-08-24 18:00:00,2026-08-24 15:00:00,2026-08-24 23:00:00,0.85559,0.85561,0.85537,0.85544,0.0
2026-08-24 18:05:00,2026-08-24 15:05:00,2026-08-24 23:05:00,0.85544,0.8555,0.85534,0.85546,0.0
2026-08-24 18:10:00,2026-08-24 15:10:00,2026-08-24 23:10:00,0.85546,0.85552,0.85537,0.85541,0.0
2026-08-24 18:15:00,2026-08-24 15:15:00,2026-08-24 23:15:00,0.85541,0.8555,0.85535,0.85548,0.0
2026-08-24 18:20:00,2026-08-24 15:20:00,2026-08-24 23:20:00,0.85548,0.8556,0.85546,0.85554,0.0
2026-08-24 18:25:00,2026-08-24 15:25:00,2026-08-24 23:25:00,0.85554,0.8556,0.85538,0.85546,0.0
2026-08-24 18:30:00,2026-08-24 15:30:00,2026-08-24 23:30:00,0.85546,0.85551,0.85541,0.85549,0.0
2026-08-24 18:35:00,2026-08-24 15:35:00,2026-08-24 23:35:00,0.8555,0.8557,0.85548,0.85565,0.0
2026-08-24 18:40:00,2026-08-24 15:40:00,2026-08-24 23:40:00,0.85565,0.8558,0.85564,0.85574,0.0
2026-08-24 18:45:00,2026-08-24 15:45:00,2026-08-24 23:45:00,0.85576,0.85582,0.8557,0.8558,0.0
2026-08-24 18:50:00,2026-08-24 15:50:00,2026-08-24 23:50:00,0.8558,0.85583,0.85574,0.85581,0.0
2026-08-24 18:55:00,2026-08-24 15:55:00,2026-08-24 23:55:00,0.85581,0.8559,0.85578,0.85579,0.0
2026-08-24 19:00:00,2026-08-24 16:00:00,2026-08-25 00:00:00,0.85579,0.8558,0.85567,0.85575,0.0
2026-08-24 19:05:00,2026-08-24 16:05:00,2026-08-25 00:05:00,0.85575,0.8558,0.85569,0.85576,0.0
2026-08-24 19:10:00,2026-08-24 16:10:00,2026-08-25 00:10:00,0.85575,0.85587,0.85573,0.85578,0.0
2026-08-24 19:15:00,2026-08-24 16:15:00,2026-08-25 00:15:00,0.85579,0.8558,0.85567,0.85569,0.0
2026-08-24 19:20:00,2026-08-24 16:20:00,2026-08-25 00:20:00,0.85569,0.85571,0.8556,0.85563,0.0
2026-08-24 19:25:00,2026-08-24 16:25:00,2026-08-25 00:25:00,0.85563,0.85564,0.85556,0.85561,0.0
2026-08-24 19:30:00,2026-08-24 16:30:00,2026-08-25 00:30:00,0.85561,0.85561,0.85547,0.85556,0.0
2026-08-24 19:35:00,2026-08-24 16:35:00,2026-08-25 00:35:00,0.85555,0.85561,0.85553,0.85558,0.0
2026-08-24 19:40:00,2026-08-24 16:40:00,2026-08-25 00:40:00,0.85558,0.85563,0.85555,0.85558,0.0
2026-08-24 19:45:00,2026-08-24 16:45:00,2026-08-25 00:45:00,0.85559,0.85561,0.8555,0.85561,0.0
2026-08-24 19:50:00,2026-08-24 16:50:00,2026-08-25 00:50:00,0.85561,0.85571,0.85557,0.85566,0.0
2026-08-24 19:55:00,2026-08-24 16:55:00,2026-08-25 00:55:00,0.85566,0.85571,0.8555,0.8555,0.0
2026-08-24 20:00:00,2026-08-24 17:00:00,2026-08-25 01:00:00,0.85551,0.85555,0.85543,0.85551,0.0
2026-08-24 20:05:00,2026-08-24 17:05:00,2026-08-25 01:05:00,0.85551,0.8556,0.85542,0.85549,0.0
2026-08-24 20:10:00,2026-08-24 17:10:00,2026-08-25 01:10:00,0.85549,0.85554,0.85542,0.85546,0.0
2026-08-24 20:15:00,2026-08-24 17:15:00,2026-08-25 01:15:00,0.85546,0.8555,0.85539,0.85544,0.0
2026-08-24 20:20:00,2026-08-24 17:20:00,2026-08-25 01:20:00,0.85544,0.8555,0.85534,0.85539,0.0
2026-08-24 20:25:00,2026-08-24 17:25:00,2026-08-25 01:25:00,0.85539,0.85545,0.85534,0.85543,0.0
2026-08-24 20:30:00,2026-08-24 17:30:00,2026-08-25 01:30:00,0.85544,0.8555,0.85537,0.85545,0.0
2026-08-24 20:35:00,2026-08-24 17:35:00,2026-08-25 01:35:00,0.85544,0.8555,0.85542,0.85544,0.0
2026-08-24 20:40:00,2026-08-24 17:40:00,2026-08-25 01:40:00,0.85545,0.8555,0.8554,0.85544,0.0
2026-08-24 20:45:00,2026-08-24 17:45:00,2026-08-25 01:45:00,0.85544,0.8555,0.85534,0.85541,0.0
2026-08-24 20:50:00,2026-08-24 17:50:00,2026-08-25 01:50:00,0.85541,0.85544,0.85537,0.85542,0.0
2026-08-24 20:55:00,2026-08-24 17:55:00,2026-08-25 01:55:00,0.85542,0.8555,0.8554,0.85546,0.0
2026-08-24 21:00:00,2026-08-24 18:00:00,2026-08-25 02:00:00,0.85544,0.85553,0.85544,0.85552,0.0
2026-08-24 21:05:00,2026-08-24 18:05:00,2026-08-25 02:05:00,0.85553,0.8556,0.8555,0.85555,0.0
2026-08-24 21:10:00,2026-08-24 18:10:00,2026-08-25 02:10:00,0.85555,0.8556,0.8555,0.85553,0.0
2026-08-24 21:15:00,2026-08-24 18:15:00,2026-08-25 02:15:00,0.85554,0.8556,0.85549,0.85554,0.0
2026-08-24 21:20:00,2026-08-24 18:20:00,2026-08-25 02:20:00,0.85554,0.85555,0.85548,0.8555,0.0
2026-08-24 21:25:00,2026-08-24 18:25:00,2026-08-25 02:25:00,0.8555,0.8556,0.85546,0.85555,0.0
2026-08-24 21:30:00,2026-08-24 18:30:00,2026-08-25 02:30:00,0.85555,0.8556,0.85548,0.85554,0.0
2026-08-24 21:35:00,2026-08-24 18:35:00,2026-08-25 02:35:00,0.85554,0.8556,0.85552,0.85556,0.0
2026-08-24 21:40:00,2026-08-24 18:40:00,2026-08-25 02:40:00,0.85556,0.8556,0.8555,0.85554,0.0
2026-08-24 21:45:00,2026-08-24 18:45:00,2026-08-25 02:45:00,0.85554,0.8556,0.8555,0.85558,0.0
2026-08-24 21:50:00,2026-08-24 18:50:00,2026-08-25 02:50:00,0.85558,0.85562,0.85553,0.85562,0.0
2026-08-24 21:55:00,2026-08-24 18:55:00,2026-08-25 02:55:00,0.85563,0.85571,0.8556,0.85565,0.0
2026-08-24 22:00:00,2026-08-24 19:00:00,2026-08-25 03:00:00,0.85565,0.8557,0.85559,0.85565,0.0
2026-08-24 22:05:00,2026-08-24 19:05:00,2026-08-25 03:05:00,0.85565,0.85571,0.8556,0.85571,0.0
2026-08-24 22:10:00,2026-08-24 19:10:00,2026-08-25 03:10:00,0.85571,0.85574,0.85566,0.85566,0.0
2026-08-24 22:15:00,2026-08-24 19:15:00,2026-08-25 03:15:00,0.85566,0.8557,0.85563,0.85565,0.0
2026-08-24 22:20:00,2026-08-24 19:20:00,2026-08-25 03:20:00,0.85565,0.8557,0.8556,0.85566,0.0
2026-08-24 22:25:00,2026-08-24 19:25:00,2026-08-25 03:25:00,0.85566,0.8557,0.8556,0.85569,0.0
2026-08-24 22:30:00,2026-08-24 19:30:00,2026-08-25 03:30:00,0.85569,0.85575,0.85567,0.85571,0.0
2026-08-24 22:35:00,2026-08-24 19:35:00,2026-08-25 03:35:00,0.85571,0.85573,0.85566,0.85571,0.0
2026-08-24 22:40:00,2026-08-24 19:40:00,2026-08-25 03:40:00,0.85571,0.85571,0.85559,0.85567,0.0
2026-08-24 22:45:00,2026-08-24 19:45:00,2026-08-25 03:45:00,0.85568,0.85571,0.8556,0.85566,0.0
2026-08-24 22:50:00,2026-08-24 19:50:00,2026-08-25 03:50:00,0.85566,0.8557,0.8556,0.85564,0.0
2026-08-24 22:55:00,2026-08-24 19:55:00,2026-08-25 03:55:00,0.85563,0.8557,0.85557,0.85565,0.0
2026-08-24 23:00:00,2026-08-24 20:00:00,2026-08-25 04:00:00,0.85565,0.8557,0.8556,0.85562,0.0
2026-08-24 23:05:00,2026-08-24 20:05:00,2026-08-25 04:05:00,0.85561,0.85564,0.85554,0.85562,0.0
2026-08-24 23:10:00,2026-08-24 20:10:00,2026-08-25 04:10:00,0.85561,0.85562,0.85559,0.85561,0.0
2026-08-24 23:15:00,2026-08-24 20:15:00,2026-08-25 04:15:00,0.85561,0.85563,0.85559,0.85563,0.0
2026-08-24 23:20:00,2026-08-24 20:20:00,2026-08-25 04:20:00,0.85563,0.8557,0.8556,0.85567,0.0
2026-08-24 23:25:00,2026-08-24 20:25:00,2026-08-25 04:25:00,0.85567,0.8557,0.8556,0.85565,0.0
2026-08-24 23:30:00,2026-08-24 20:30:00,2026-08-25 04:30:00,0.85565,0.8557,0.85563,0.85568,0.0
2026-08-24 23:35:00,2026-08-24 20:35:00,2026-08-25 04:35:00,0.85567,0.85571,0.85564,0.85569,0.0
2026-08-24 23:40:00,2026-08-24 20:40:00,2026-08-25 04:40:00,0.85569,0.85571,0.85564,0.85566,0.0
2026-08-24 23:45:00,2026-08-24 20:45:00,2026-08-25 04:45:00,0.85565,0.8557,0.85564,0.85567,0.0
2026-08-24 23:50:00,2026-08-24 20:50:00,2026-08-25 04:50:00,0.85569,0.85571,0.85559,0.85566,0.0
2026-08-24 23:55:00,2026-08-24 20:55:00,2026-08-25 04:55:00,0.85567,0.8557,0.85514,0.85554,0.0
2026-08-25 00:00:00,2026-08-24 21:00:00,2026-08-25 05:00:00,0.85543,0.85543,0.85467,0.85521,0.0
2026-08-25 00:05:00,2026-08-24 21:05:00,2026-08-25 05:05:00,0.85514,0.8556,0.85496,0.8553,0.0
2026-08-25 00:10:00,2026-08-24 21:10:00,2026-08-25 05:10:00,0.85519,0.85561,0.855,0.85531,0.0
2026-08-25 00:15:00,2026-08-24 21:15:00,2026-08-25 05:15:00,0.85519,0.8556,0.85495,0.85498,0.0
2026-08-25 00:20:00,2026-08-24 21:20:00,2026-08-25 05:20:00,0.85539,0.85549,0.85491,0.8554,0.0
2026-08-25 00:25:00,2026-08-24 21:25:00,2026-08-25 05:25:00,0.8554,0.85549,0.85508,0.85544,0.0
2026-08-25 00:30:00,2026-08-24 21:30:00,2026-08-25 05:30:00,0.85544,0.85558,0.85508,0.85551,0.0
2026-08-25 00:35:00,2026-08-24 21:35:00,2026-08-25 05:35:00,0.85551,0.8558,0.85511,0.85561,0.0
2026-08-25 00:40:00,2026-08-24 21:40:00,2026-08-25 05:40:00,0.8556,0.85569,0.85508,0.8555,0.0
2026-08-25 00:45:00,2026-08-24 21:45:00,2026-08-25 05:45:00,0.85544,0.85559,0.85526,0.85531,0.0
2026-08-25 00:50:00,2026-08-24 21:50:00,2026-08-25 05:50:00,0.85536,0.85553,0.8552,0.85533,0.0
2026-08-25 00:55:00,2026-08-24 21:55:00,2026-08-25 05:55:00,0.85543,0.85545,0.85472,0.8552,0.0
2026-08-25 01:00:00,2026-08-24 22:00:00,2026-08-25 06:00:00,0.85525,0.85561,0.85508,0.85556,0.0
2026-08-25 01:05:00,2026-08-24 22:05:00,2026-08-25 06:05:00,0.85556,0.85564,0.85554,0.85559,0.0
2026-08-25 01:10:00,2026-08-24 22:10:00,2026-08-25 06:10:00,0.85559,0.85563,0.85551,0.85559,0.0
2026-08-25 01:15:00,2026-08-24 22:15:00,2026-08-25 06:15:00,0.85559,0.85561,0.85553,0.85557,0.0
2026-08-25 01:20:00,2026-08-24 22:20:00,2026-08-25 06:20:00,0.85558,0.85564,0.85557,0.85558,0.0
2026-08-25 01:25:00,2026-08-24 22:25:00,2026-08-25 06:25:00,0.85558,0.85564,0.85555,0.85556,0.0
2026-08-25 01:30:00,2026-08-24 22:30:00,2026-08-25 06:30:00,0.85555,0.8556,0.85554,0.85557,0.0
2026-08-25 01:35:00,2026-08-24 22:35:00,2026-08-25 06:35:00,0.85558,0.8556,0.85553,0.85559,0.0
2026-08-25 01:40:00,2026-08-24 22:40:00,2026-08-25 06:40:00,0.85559,0.8556,0.85552,0.85552,0.0
2026-08-25 01:45:00,2026-08-24 22:45:00,2026-08-25 06:45:00,0.85553,0.8556,0.8555,0.85553,0.0
2026-08-25 01:50:00,2026-08-24 22:50:00,2026-08-25 06:50:00,0.85553,0.8556,0.8555,0.85553,0.0
2026-08-25 01:55:00,2026-08-24 22:55:00,2026-08-25 06:55:00,0.85553,0.85553,0.8555,0.8555,0.0
2026-08-25 02:00:00,2026-08-24 23:00:00,2026-08-25 07:00:00,0.85551,0.8556,0.85548,0.8555,0.0
2026-08-25 02:05:00,2026-08-24 23:05:00,2026-08-25 07:05:00,0.85552,0.85555,0.85548,0.85553,0.0
2026-08-25 02:10:00,2026-08-24 23:10:00,2026-08-25 07:10:00,0.85553,0.85554,0.85549,0.85551,0.0
2026-08-25 02:15:00,2026-08-24 23:15:00,2026-08-25 07:15:00,0.85551,0.85555,0.85549,0.85552,0.0
2026-08-25 02:20:00,2026-08-24 23:20:00,2026-08-25 07:20:00,0.85552,0.85555,0.8555,0.85551,0.0
2026-08-25 02:25:00,2026-08-24 23:25:00,2026-08-25 07:25:00,0.8555,0.85551,0.85546,0.8555,0.0
2026-08-25 02:30:00,2026-08-24 23:30:00,2026-08-25 07:30:00,0.85548,0.85551,0.85545,0.85548,0.0
2026-08-25 02:35:00,2026-08-24 23:35:00,2026-08-25 07:35:00,0.85548,0.85552,0.85548,0.8555,0.0
2026-08-25 02:40:00,2026-08-24 23:40:00,2026-08-25 07:40:00,0.85548,0.8556,0.85547,0.85554,0.0
2026-08-25 02:45:00,2026-08-24 23:45:00,2026-08-25 07:45:00,0.85553,0.8556,0.8555,0.85555,0.0
2026-08-25 02:50:00,2026-08-24 23:50:00,2026-08-25 07:50:00,0.85555,0.8556,0.85552,0.85556,0.0
2026-08-25 02:55:00,2026-08-24 23:55:00,2026-08-25 07:55:00,0.85556,0.8556,0.85549,0.85554,0.0
2026-08-25 03:00:00,2026-08-25 00:00:00,2026-08-25 08:00:00,0.85554,0.8556,0.8555,0.85557,0.0
2026-08-25 03:05:00,2026-08-25 00:05:00,2026-08-25 08:05:00,0.85557,0.85561,0.85554,0.85558,0.0
2026-08-25 03:10:00,2026-08-25 00:10:00,2026-08-25 08:10:00,0.85559,0.85566,0.85557,0.85563,0.0
2026-08-25 03:15:00,2026-08-25 00:15:00,2026-08-25 08:15:00,0.85563,0.85563,0.85556,0.85557,0.0
2026-08-25 03:20:00,2026-08-25 00:20:00,2026-08-25 08:20:00,0.85558,0.85561,0.85555,0.85558,0.0
2026-08-25 03:25:00,2026-08-25 00:25:00,2026-08-25 08:25:00,0.85558,0.8556,0.85553,0.85555,0.0
2026-08-25 03:30:00,2026-08-25 00:30:00,2026-08-25 08:30:00,0.85556,0.8556,0.85546,0.85552,0.0
2026-08-25 03:35:00,2026-08-25 00:35:00,2026-08-25 08:35:00,0.85552,0.85555,0.85549,0.85551,0.0
2026-08-25 03:40:00,2026-08-25 00:40:00,2026-08-25 08:40:00,0.8555,0.8556,0.85549,0.85553,0.0
2026-08-25 03:45:00,2026-08-25 00:45:00,2026-08-25 08:45:00,0.85553,0.8556,0.85549,0.85556,0.0
2026-08-25 03:50:00,2026-08-25 00:50:00,2026-08-25 08:50:00,0.85555,0.85562,0.85554,0.85556,0.0
2026-08-25 03:55:00,2026-08-25 00:55:00,2026-08-25 08:55:00,0.85558,0.8556,0.85545,0.85548,0.0
2026-08-25 04:00:00,2026-08-25 01:00:00,2026-08-25 09:00:00,0.85548,0.8555,0.85543,0.85548,0.0
2026-08-25 04:05:00,2026-08-25 01:05:00,2026-08-25 09:05:00,0.85548,0.8555,0.85538,0.85543,0.0
2026-08-25 04:10:00,2026-08-25 01:10:00,2026-08-25 09:10:00,0.85543,0.85544,0.85539,0.85542,0.0
2026-08-25 04:15:00,2026-08-25 01:15:00,2026-08-25 09:15:00,0.85542,0.85551,0.85541,0.85547,0.0
2026-08-25 04:20:00,2026-08-25 01:20:00,2026-08-25 09:20:00,0.85549,0.8555,0.85544,0.85547,0.0
2026-08-25 04:25:00,2026-08-25 01:25:00,2026-08-25 09:25:00,0.85546,0.85553,0.85546,0.85549,0.0
2026-08-25 04:30:00,2026-08-25 01:30:00,2026-08-25 09:30:00,0.85549,0.8555,0.85539,0.85544,0.0
2026-08-25 04:35:00,2026-08-25 01:35:00,2026-08-25 09:35:00,0.85544,0.8555,0.85539,0.85543,0.0
2026-08-25 04:40:00,2026-08-25 01:40:00,2026-08-25 09:40:00,0.85543,0.8555,0.85537,0.85543,0.0
2026-08-25 04:45:00,2026-08-25 01:45:00,2026-08-25 09:45:00,0.85543,0.8555,0.8554,0.85546,0.0
2026-08-25 04:50:00,2026-08-25 01:50:00,2026-08-25 09:50:00,0.85546,0.85551,0.8554,0.85545,0.0
2026-08-25 04:55:00,2026-08-25 01:55:00,2026-08-25 09:55:00,0.85546,0.8556,0.85546,0.85552,0.0
2026-08-25 05:00:00,2026-08-25 02:00:00,2026-08-25 10:00:00,0.85552,0.8556,0.85547,0.85552,0.0
2026-08-25 05:05:00,2026-08-25 02:05:00,2026-08-25 10:05:00,0.85552,0.85554,0.85542,0.85544,0.0
2026-08-25 05:10:00,2026-08-25 02:10:00,2026-08-25 10:10:00,0.85544,0.8555,0.85539,0.85543,0.0
2026-08-25 05:15:00,2026-08-25 02:15:00,2026-08-25 10:15:00,0.85543,0.8555,0.8554,0.85544,0.0
2026-08-25 05:20:00,2026-08-25 02:20:00,2026-08-25 10:20:00,0.85544,0.8555,0.8554,0.85541,0.0
2026-08-25 05:25:00,2026-08-25 02:25:00,2026-08-25 10:25:00,0.85543,0.8555,0.8554,0.85543,0.0
2026-08-25 05:30:00,2026-08-25 02:30:00,2026-08-25 10:30:00,0.85543,0.8555,0.85539,0.85543,0.0
2026-08-25 05:35:00,2026-08-25 02:35:00,2026-08-25 10:35:00,0.85544,0.85544,0.85533,0.85536,0.0
2026-08-25 05:40:00,2026-08-25 02:40:00,2026-08-25 10:40:00,0.85537,0.8554,0.8553,0.85537,0.0
2026-08-25 05:45:00,2026-08-25 02:45:00,2026-08-25 10:45:00,0.85536,0.85541,0.85534,0.85538,0.0
2026-08-25 05:50:00,2026-08-25 02:50:00,2026-08-25 10:50:00,0.85538,0.85543,0.85536,0.85539,0.0
2026-08-25 05:55:00,2026-08-25 02:55:00,2026-08-25 10:55:00,0.8554,0.85541,0.85535,0.85537,0.0
2026-08-25 06:00:00,2026-08-25 03:00:00,2026-08-25 11:00:00,0.85537,0.85543,0.85534,0.85542,0.0
2026-08-25 06:05:00,2026-08-25 03:05:00,2026-08-25 11:05:00,0.85541,0.85545,0.85537,0.85538,0.0
2026-08-25 06:10:00,2026-08-25 03:10:00,2026-08-25 11:10:00,0.85538,0.85541,0.85536,0.85539,0.0
2026-08-25 06:15:00,2026-08-25 03:15:00,2026-08-25 11:15:00,0.85539,0.85543,0.85537,0.8554,0.0
2026-08-25 06:20:00,2026-08-25 03:20:00,2026-08-25 11:20:00,0.8554,0.85544,0.85538,0.85541,0.0
2026-08-25 06:25:00,2026-08-25 03:25:00,2026-08-25 11:25:00,0.85542,0.8555,0.85534,0.85541,0.0
2026-08-25 06:30:00,2026-08-25 03:30:00,2026-08-25 11:30:00,0.85538,0.85547,0.85538,0.85543,0.0
2026-08-25 06:35:00,2026-08-25 03:35:00,2026-08-25 11:35:00,0.85541,0.8555,0.85539,0.85546,0.0
2026-08-25 06:40:00,2026-08-25 03:40:00,2026-08-25 11:40:00,0.85546,0.8555,0.8554,0.85543,0.0
2026-08-25 06:45:00,2026-08-25 03:45:00,2026-08-25 11:45:00,0.85544,0.85551,0.85542,0.85546,0.0
2026-08-25 06:50:00,2026-08-25 03:50:00,2026-08-25 11:50:00,0.85547,0.85551,0.85544,0.85548,0.0
2026-08-25 06:55:00,2026-08-25 03:55:00,2026-08-25 11:55:00,0.85548,0.85554,0.85547,0.85553,0.0
2026-08-25 07:00:00,2026-08-25 04:00:00,2026-08-25 12:00:00,0.85553,0.8556,0.85549,0.85553,0.0
2026-08-25 07:05:00,2026-08-25 04:05:00,2026-08-25 12:05:00,0.85553,0.8556,0.85549,0.85551,0.0
2026-08-25 07:10:00,2026-08-25 04:10:00,2026-08-25 12:10:00,0.85551,0.85554,0.85546,0.85552,0.0
2026-08-25 07:15:00,2026-08-25 04:15:00,2026-08-25 12:15:00,0.85552,0.85554,0.85548,0.85552,0.0
2026-08-25 07:20:00,2026-08-25 04:20:00,2026-08-25 12:20:00,0.85552,0.85555,0.85546,0.85546,0.0
2026-08-25 07:25:00,2026-08-25 04:25:00,2026-08-25 12:25:00,0.85548,0.85553,0.8554,0.85542,0.0
2026-08-25 07:30:00,2026-08-25 04:30:00,2026-08-25 12:30:00,0.85542,0.85544,0.85536,0.85537,0.0
2026-08-25 07:35:00,2026-08-25 04:35:00,2026-08-25 12:35:00,0.85537,0.8554,0.85532,0.85536,0.0
2026-08-25 07:40:00,2026-08-25 04:40:00,2026-08-25 12:40:00,0.85536,0.8554,0.85533,0.85537,0.0
2026-08-25 07:45:00,2026-08-25 04:45:00,2026-08-25 12:45:00,0.85537,0.8554,0.85532,0.85534,0.0
2026-08-25 07:50:00,2026-08-25 04:50:00,2026-08-25 12:50:00,0.85534,0.8554,0.85529,0.85532,0.0
2026-08-25 07:55:00,2026-08-25 04:55:00,2026-08-25 12:55:00,0.85532,0.8554,0.8553,0.85536,0.0
2026-08-25 08:00:00,2026-08-25 05:00:00,2026-08-25 13:00:00,0.85534,0.8554,0.85528,0.85528,0.0
2026-08-25 08:05:00,2026-08-25 05:05:00,2026-08-25 13:05:00,0.85529,0.85531,0.85523,0.85525,0.0
2026-08-25 08:10:00,2026-08-25 05:10:00,2026-08-25 13:10:00,0.85524,0.85535,0.85524,0.85531,0.0
2026-08-25 08:15:00,2026-08-25 05:15:00,2026-08-25 13:15:00,0.85531,0.85532,0.85525,0.85526,0.0
2026-08-25 08:20:00,2026-08-25 05:20:00,2026-08-25 13:20:00,0.85526,0.8553,0.85522,0.85527,0.0
2026-08-25 08:25:00,2026-08-25 05:25:00,2026-08-25 13:25:00,0.85527,0.8554,0.85527,0.85534,0.0
2026-08-25 08:30:00,2026-08-25 05:30:00,2026-08-25 13:30:00,0.85534,0.8554,0.85527,0.85536,0.0
2026-08-25 08:35:00,2026-08-25 05:35:00,2026-08-25 13:35:00,0.85536,0.85541,0.85534,0.85538,0.0
2026-08-25 08:40:00,2026-08-25 05:40:00,2026-08-25 13:40:00,0.85538,0.85543,0.85536,0.85537,0.0
2026-08-25 08:45:00,2026-08-25 05:45:00,2026-08-25 13:45:00,0.85538,0.8555,0.85537,0.85544,0.0
2026-08-25 08:50:00,2026-08-25 05:50:00,2026-08-25 13:50:00,0.85544,0.8555,0.8554,0.85545,0.0
2026-08-25 08:55:00,2026-08-25 05:55:00,2026-08-25 13:55:00,0.85545,0.8555,0.85538,0.85541,0.0
2026-08-25 09:00:00,2026-08-25 06:00:00,2026-08-25 14:00:00,0.8554,0.8555,0.85536,0.85545,0.0
2026-08-25 09:05:00,2026-08-25 06:05:00,2026-08-25 14:05:00,0.85546,0.8555,0.85537,0.85539,0.0
2026-08-25 09:10:00,2026-08-25 06:10:00,2026-08-25 14:10:00,0.85539,0.8555,0.85535,0.85544,0.0
2026-08-25 09:15:00,2026-08-25 06:15:00,2026-08-25 14:15:00,0.85543,0.8556,0.8554,0.85553,0.0
2026-08-25 09:20:00,2026-08-25 06:20:00,2026-08-25 14:20:00,0.85554,0.8556,0.85547,0.8555,0.0
2026-08-25 09:25:00,2026-08-25 06:25:00,2026-08-25 14:25:00,0.85549,0.85552,0.85542,0.85546,0.0
2026-08-25 09:30:00,2026-08-25 06:30:00,2026-08-25 14:30:00,0.85547,0.85554,0.85542,0.85554,0.0
2026-08-25 09:35:00,2026-08-25 06:35:00,2026-08-25 14:35:00,0.85554,0.8556,0.85535,0.85539,0.0
2026-08-25 09:40:00,2026-08-25 06:40:00,2026-08-25 14:40:00,0.8554,0.85541,0.85522,0.85524,0.0
2026-08-25 09:45:00,2026-08-25 06:45:00,2026-08-25 14:45:00,0.85524,0.8553,0.8552,0.85526,0.0
2026-08-25 09:50:00,2026-08-25 06:50:00,2026-08-25 14:50:00,0.85526,0.8553,0.85516,0.8552,0.0
2026-08-25 09:55:00,2026-08-25 06:55:00,2026-08-25 14:55:00,0.8552,0.85522,0.85502,0.85505,0.0
2026-08-25 10:00:00,2026-08-25 07:00:00,2026-08-25 15:00:00,0.85505,0.8551,0.85485,0.85494,0.0
2026-08-25 10:05:00,2026-08-25 07:05:00,2026-08-25 15:05:00,0.85493,0.85496,0.85464,0.85467,0.0
2026-08-25 10:10:00,2026-08-25 07:10:00,2026-08-25 15:10:00,0.85469,0.85474,0.85458,0.8547,0.0
2026-08-25 10:15:00,2026-08-25 07:15:00,2026-08-25 15:15:00,0.8547,0.8548,0.85466,0.85476,0.0
2026-08-25 10:20:00,2026-08-25 07:20:00,2026-08-25 15:20:00,0.85474,0.85493,0.85474,0.8549,0.0
2026-08-25 10:25:00,2026-08-25 07:25:00,2026-08-25 15:25:00,0.8549,0.85494,0.8548,0.85483,0.0
2026-08-25 10:30:00,2026-08-25 07:30:00,2026-08-25 15:30:00,0.85483,0.85491,0.85479,0.85488,0.0
2026-08-25 10:35:00,2026-08-25 07:35:00,2026-08-25 15:35:00,0.85489,0.85491,0.8547,0.85474,0.0
2026-08-25 10:40:00,2026-08-25 07:40:00,2026-08-25 15:40:00,0.85474,0.8548,0.85471,0.85475,0.0
2026-08-25 10:45:00,2026-08-25 07:45:00,2026-08-25 15:45:00,0.85475,0.8548,0.85466,0.85467,0.0
2026-08-25 10:50:00,2026-08-25 07:50:00,2026-08-25 15:50:00,0.85468,0.8549,0.85465,0.85485,0.0
2026-08-25 10:55:00,2026-08-25 07:55:00,2026-08-25 15:55:00,0.85483,0.8549,0.85472,0.85474,0.0
2026-08-25 11:00:00,2026-08-25 08:00:00,2026-08-25 16:00:00,0.85475,0.85503,0.85461,0.855,0.0
2026-08-25 11:05:00,2026-08-25 08:05:00,2026-08-25 16:05:00,0.855,0.8553,0.85499,0.85528,0.0
2026-08-25 11:10:00,2026-08-25 08:10:00,2026-08-25 16:10:00,0.85527,0.85535,0.85517,0.85519,0.0
2026-08-25 11:15:00,2026-08-25 08:15:00,2026-08-25 16:15:00,0.85519,0.85525,0.85507,0.8552,0.0
2026-08-25 11:20:00,2026-08-25 08:20:00,2026-08-25 16:20:00,0.8552,0.85522,0.85505,0.85511,0.0
2026-08-25 11:25:00,2026-08-25 08:25:00,2026-08-25 16:25:00,0.85512,0.8554,0.85508,0.85534,0.0
2026-08-25 11:30:00,2026-08-25 08:30:00,2026-08-25 16:30:00,0.85533,0.85544,0.85528,0.85531,0.0
2026-08-25 11:35:00,2026-08-25 08:35:00,2026-08-25 16:35:00,0.85532,0.85555,0.85529,0.85553,0.0
2026-08-25 11:40:00,2026-08-25 08:40:00,2026-08-25 16:40:00,0.85553,0.8556,0.85537,0.85541,0.0
2026-08-25 11:45:00,2026-08-25 08:45:00,2026-08-25 16:45:00,0.85541,0.85543,0.85522,0.85526,0.0
2026-08-25 11:50:00,2026-08-25 08:50:00,2026-08-25 16:50:00,0.85526,0.8554,0.85519,0.85522,0.0
2026-08-25 11:55:00,2026-08-25 08:55:00,2026-08-25 16:55:00,0.8552,0.8553,0.85513,0.85527,0.0
2026-08-25 12:00:00,2026-08-25 09:00:00,2026-08-25 17:00:00,0.85527,0.85528,0.85497,0.85503,0.0
2026-08-25 12:05:00,2026-08-25 09:05:00,2026-08-25 17:05:00,0.85503,0.8553,0.85503,0.85521,0.0
2026-08-25 12:10:00,2026-08-25 09:10:00,2026-08-25 17:10:00,0.85523,0.8553,0.85516,0.85523,0.0
2026-08-25 12:15:00,2026-08-25 09:15:00,2026-08-25 17:15:00,0.85525,0.8553,0.85516,0.85519,0.0
2026-08-25 12:20:00,2026-08-25 09:20:00,2026-08-25 17:20:00,0.85518,0.8553,0.85516,0.85526,0.0
2026-08-25 12:25:00,2026-08-25 09:25:00,2026-08-25 17:25:00,0.85526,0.85531,0.85519,0.85521,0.0
2026-08-25 12:30:00,2026-08-25 09:30:00,2026-08-25 17:30:00,0.85521,0.8553,0.85516,0.85525,0.0
2026-08-25 12:35:00,2026-08-25 09:35:00,2026-08-25 17:35:00,0.85526,0.8553,0.85509,0.85526,0.0
2026-08-25 12:40:00,2026-08-25 09:40:00,2026-08-25 17:40:00,0.85526,0.85534,0.85525,0.85529,0.0
2026-08-25 12:45:00,2026-08-25 09:45:00,2026-08-25 17:45:00,0.85529,0.85534,0.85526,0.85529,0.0
2026-08-25 12:50:00,2026-08-25 09:50:00,2026-08-25 17:50:00,0.8553,0.85531,0.85516,0.85519,0.0
2026-08-25 12:55:00,2026-08-25 09:55:00,2026-08-25 17:55:00,0.85519,0.85524,0.85509,0.85522,0.0
2026-08-25 13:00:00,2026-08-25 10:00:00,2026-08-25 18:00:00,0.85522,0.85532,0.8552,0.85527,0.0
2026-08-25 13:05:00,2026-08-25 10:05:00,2026-08-25 18:05:00,0.85526,0.85532,0.85518,0.85525,0.0
2026-08-25 13:10:00,2026-08-25 10:10:00,2026-08-25 18:10:00,0.85525,0.85536,0.85522,0.85532,0.0
2026-08-25 13:15:00,2026-08-25 10:15:00,2026-08-25 18:15:00,0.85532,0.85533,0.85518,0.85523,0.0
2026-08-25 13:20:00,2026-08-25 10:20:00,2026-08-25 18:20:00,0.85523,0.85526,0.85516,0.85521,0.0
2026-08-25 13:25:00,2026-08-25 10:25:00,2026-08-25 18:25:00,0.85521,0.85522,0.8551,0.85513,0.0
2026-08-25 13:30:00,2026-08-25 10:30:00,2026-08-25 18:30:00,0.85515,0.8552,0.85507,0.8551,0.0
2026-08-25 13:35:00,2026-08-25 10:35:00,2026-08-25 18:35:00,0.8551,0.85521,0.85507,0.85519,0.0
2026-08-25 13:40:00,2026-08-25 10:40:00,2026-08-25 18:40:00,0.8552,0.85521,0.85509,0.8551,0.0
2026-08-25 13:45:00,2026-08-25 10:45:00,2026-08-25 18:45:00,0.85511,0.8552,0.85508,0.85515,0.0
2026-08-25 13:50:00,2026-08-25 10:50:00,2026-08-25 18:50:00,0.85515,0.85546,0.85512,0.85535,0.0
2026-08-25 13:55:00,2026-08-25 10:55:00,2026-08-25 18:55:00,0.85536,0.8555,0.8553,0.85545,0.0
2026-08-25 14:00:00,2026-08-25 11:00:00,2026-08-25 19:00:00,0.85545,0.85553,0.85537,0.85549,0.0
2026-08-25 14:05:00,2026-08-25 11:05:00,2026-08-25 19:05:00,0.85549,0.85555,0.85544,0.85554,0.0
2026-08-25 14:10:00,2026-08-25 11:10:00,2026-08-25 19:10:00,0.85553,0.85555,0.85545,0.85548,0.0
2026-08-25 14:15:00,2026-08-25 11:15:00,2026-08-25 19:15:00,0.85548,0.85552,0.85541,0.85544,0.0
2026-08-25 14:20:00,2026-08-25 11:20:00,2026-08-25 19:20:00,0.85543,0.85553,0.85537,0.85548,0.0
2026-08-25 14:25:00,2026-08-25 11:25:00,2026-08-25 19:25:00,0.85549,0.85563,0.85546,0.85559,0.0
2026-08-25 14:30:00,2026-08-25 11:30:00,2026-08-25 19:30:00,0.85559,0.85561,0.85549,0.85555,0.0
2026-08-25 14:35:00,2026-08-25 11:35:00,2026-08-25 19:35:00,0.85555,0.8556,0.85549,0.8555,0.0
2026-08-25 14:40:00,2026-08-25 11:40:00,2026-08-25 19:40:00,0.8555,0.8556,0.85546,0.85554,0.0
2026-08-25 14:45:00,2026-08-25 11:45:00,2026-08-25 19:45:00,0.85554,0.85556,0.85527,0.85532,0.0
2026-08-25 14:50:00,2026-08-25 11:50:00,2026-08-25 19:50:00,0.85532,0.85537,0.85526,0.85534,0.0
2026-08-25 14:55:00,2026-08-25 11:55:00,2026-08-25 19:55:00,0.85534,0.85534,0.8552,0.85529,0.0
2026-08-25 15:00:00,2026-08-25 12:00:00,2026-08-25 20:00:00,0.85529,0.85533,0.85519,0.85523,0.0
2026-08-25 15:05:00,2026-08-25 12:05:00,2026-08-25 20:05:00,0.85523,0.8555,0.8552,0.85546,0.0
2026-08-25 15:10:00,2026-08-25 12:10:00,2026-08-25 20:10:00,0.85546,0.8555,0.85537,0.85544,0.0
2026-08-25 15:15:00,2026-08-25 12:15:00,2026-08-25 20:15:00,0.85544,0.85544,0.85522,0.85536,0.0
2026-08-25 15:20:00,2026-08-25 12:20:00,2026-08-25 20:20:00,0.85534,0.85552,0.85534,0.85548,0.0
2026-08-25 15:25:00,2026-08-25 12:25:00,2026-08-25 20:25:00,0.85548,0.85554,0.85545,0.85554,0.0
2026-08-25 15:30:00,2026-08-25 12:30:00,2026-08-25 20:30:00,0.85553,0.8557,0.85549,0.85565,0.0
2026-08-25 15:35:00,2026-08-25 12:35:00,2026-08-25 20:35:00,0.85565,0.85581,0.85563,0.85578,0.0
2026-08-25 15:40:00,2026-08-25 12:40:00,2026-08-25 20:40:00,0.85578,0.8558,0.85568,0.85575,0.0
2026-08-25 15:45:00,2026-08-25 12:45:00,2026-08-25 20:45:00,0.85574,0.85575,0.85556,0.85562,0.0
2026-08-25 15:50:00,2026-08-25 12:50:00,2026-08-25 20:50:00,0.85562,0.85572,0.85558,0.85563,0.0
2026-08-25 15:55:00,2026-08-25 12:55:00,2026-08-25 20:55:00,0.85564,0.85567,0.8555,0.85555,0.0
2026-08-25 16:00:00,2026-08-25 13:00:00,2026-08-25 21:00:00,0.85555,0.85565,0.85542,0.85561,0.0
2026-08-25 16:05:00,2026-08-25 13:05:00,2026-08-25 21:05:00,0.85563,0.8557,0.8553,0.85532,0.0
2026-08-25 16:10:00,2026-08-25 13:10:00,2026-08-25 21:10:00,0.85534,0.85534,0.85505,0.85524,0.0
2026-08-25 16:15:00,2026-08-25 13:15:00,2026-08-25 21:15:00,0.85524,0.85534,0.85519,0.85523,0.0
2026-08-25 16:20:00,2026-08-25 13:20:00,2026-08-25 21:20:00,0.85523,0.8553,0.85518,0.85525,0.0
2026-08-25 16:25:00,2026-08-25 13:25:00,2026-08-25 21:25:00,0.85523,0.85545,0.85519,0.85544,0.0
2026-08-25 16:30:00,2026-08-25 13:30:00,2026-08-25 21:30:00,0.85544,0.85547,0.8553,0.85538,0.0
2026-08-25 16:35:00,2026-08-25 13:35:00,2026-08-25 21:35:00,0.85538,0.85544,0.85533,0.8554,0.0
2026-08-25 16:40:00,2026-08-25 13:40:00,2026-08-25 21:40:00,0.85541,0.85557,0.8554,0.8555,0.0
2026-08-25 16:45:00,2026-08-25 13:45:00,2026-08-25 21:45:00,0.8555,0.85562,0.85543,0.85562,0.0
2026-08-25 16:50:00,2026-08-25 13:50:00,2026-08-25 21:50:00,0.85562,0.85562,0.85544,0.85547,0.0
2026-08-25 16:55:00,2026-08-25 13:55:00,2026-08-25 21:55:00,0.85548,0.85571,0.85547,0.85562,0.0
2026-08-25 17:00:00,2026-08-25 14:00:00,2026-08-25 22:00:00,0.8556,0.8557,0.85553,0.85563,0.0
2026-08-25 17:05:00,2026-08-25 14:05:00,2026-08-25 22:05:00,0.85563,0.8557,0.85559,0.85569,0.0
2026-08-25 17:10:00,2026-08-25 14:10:00,2026-08-25 22:10:00,0.85569,0.85571,0.85557,0.85566,0.0
2026-08-25 17:15:00,2026-08-25 14:15:00,2026-08-25 22:15:00,0.85566,0.85575,0.85561,0.85565,0.0
2026-08-25 17:20:00,2026-08-25 14:20:00,2026-08-25 22:20:00,0.85565,0.856,0.85559,0.85597,0.0
2026-08-25 17:25:00,2026-08-25 14:25:00,2026-08-25 22:25:00,0.85598,0.85611,0.8559,0.85595,0.0
2026-08-25 17:30:00,2026-08-25 14:30:00,2026-08-25 22:30:00,0.85595,0.85608,0.85578,0.85585,0.0
2026-08-25 17:35:00,2026-08-25 14:35:00,2026-08-25 22:35:00,0.85585,0.856,0.85578,0.85579,0.0
2026-08-25 17:40:00,2026-08-25 14:40:00,2026-08-25 22:40:00,0.85579,0.85594,0.85576,0.85582,0.0
2026-08-25 17:45:00,2026-08-25 14:45:00,2026-08-25 22:45:00,0.85582,0.85591,0.8556,0.85568,0.0
2026-08-25 17:50:00,2026-08-25 14:50:00,2026-08-25 22:50:00,0.85568,0.85595,0.85561,0.85589,0.0
2026-08-25 17:55:00,2026-08-25 14:55:00,2026-08-25 22:55:00,0.85589,0.85606,0.85582,0.85597,0.0
2026-08-25 18:00:00,2026-08-25 15:00:00,2026-08-25 23:00:00,0.85598,0.856,0.85578,0.85588,0.0
2026-08-25 18:05:00,2026-08-25 15:05:00,2026-08-25 23:05:00,0.85588,0.856,0.85586,0.85594,0.0
2026-08-25 18:10:00,2026-08-25 15:10:00,2026-08-25 23:10:00,0.85595,0.85604,0.8559,0.85603,0.0
2026-08-25 18:15:00,2026-08-25 15:15:00,2026-08-25 23:15:00,0.85602,0.85614,0.85597,0.85604,0.0
2026-08-25 18:20:00,2026-08-25 15:20:00,2026-08-25 23:20:00,0.85604,0.85611,0.85594,0.856,0.0
2026-08-25 18:25:00,2026-08-25 15:25:00,2026-08-25 23:25:00,0.85598,0.856,0.85581,0.85583,0.0
2026-08-25 18:30:00,2026-08-25 15:30:00,2026-08-25 23:30:00,0.85584,0.85606,0.85581,0.85595,0.0
2026-08-25 18:35:00,2026-08-25 15:35:00,2026-08-25 23:35:00,0.85594,0.85611,0.8559,0.85609,0.0
2026-08-25 18:40:00,2026-08-25 15:40:00,2026-08-25 23:40:00,0.85609,0.8562,0.85605,0.85613,0.0
2026-08-25 18:45:00,2026-08-25 15:45:00,2026-08-25 23:45:00,0.85613,0.85616,0.856,0.85603,0.0
2026-08-25 18:50:00,2026-08-25 15:50:00,2026-08-25 23:50:00,0.85603,0.8561,0.85595,0.85602,0.0
2026-08-25 18:55:00,2026-08-25 15:55:00,2026-08-25 23:55:00,0.85602,0.85605,0.85576,0.85578,0.0
2026-08-25 19:00:00,2026-08-25 16:00:00,2026-08-26 00:00:00,0.85579,0.85583,0.85567,0.85581,0.0
2026-08-25 19:05:00,2026-08-25 16:05:00,2026-08-26 00:05:00,0.85581,0.85583,0.8557,0.85577,0.0
2026-08-25 19:10:00,2026-08-25 16:10:00,2026-08-26 00:10:00,0.85577,0.85583,0.85575,0.85582,0.0
2026-08-25 19:15:00,2026-08-25 16:15:00,2026-08-26 00:15:00,0.85582,0.85591,0.85579,0.85589,0.0
2026-08-25 19:20:00,2026-08-25 16:20:00,2026-08-26 00:20:00,0.85589,0.8559,0.85574,0.85574,0.0
2026-08-25 19:25:00,2026-08-25 16:25:00,2026-08-26 00:25:00,0.85574,0.85582,0.85572,0.85577,0.0
2026-08-25 19:30:00,2026-08-25 16:30:00,2026-08-26 00:30:00,0.85579,0.8558,0.85566,0.85571,0.0
2026-08-25 19:35:00,2026-08-25 16:35:00,2026-08-26 00:35:00,0.85572,0.8558,0.85566,0.85575,0.0
2026-08-25 19:40:00,2026-08-25 16:40:00,2026-08-26 00:40:00,0.85574,0.85583,0.85572,0.85581,0.0
2026-08-25 19:45:00,2026-08-25 16:45:00,2026-08-26 00:45:00,0.8558,0.8559,0.85578,0.85589,0.0
2026-08-25 19:50:00,2026-08-25 16:50:00,2026-08-26 00:50:00,0.85588,0.856,0.85587,0.85597,0.0
2026-08-25 19:55:00,2026-08-25 16:55:00,2026-08-26 00:55:00,0.85596,0.85602,0.85593,0.85597,0.0
2026-08-25 20:00:00,2026-08-25 17:00:00,2026-08-26 01:00:00,0.85597,0.85603,0.85593,0.85595,0.0
2026-08-25 20:05:00,2026-08-25 17:05:00,2026-08-26 01:05:00,0.85594,0.85596,0.8558,0.85583,0.0
2026-08-25 20:10:00,2026-08-25 17:10:00,2026-08-26 01:10:00,0.85583,0.8559,0.85578,0.85585,0.0
2026-08-25 20:15:00,2026-08-25 17:15:00,2026-08-26 01:15:00,0.85584,0.85586,0.8557,0.85577,0.0
2026-08-25 20:20:00,2026-08-25 17:20:00,2026-08-26 01:20:00,0.85577,0.8558,0.8557,0.85575,0.0
2026-08-25 20:25:00,2026-08-25 17:25:00,2026-08-26 01:25:00,0.85575,0.85576,0.85568,0.85574,0.0
2026-08-25 20:30:00,2026-08-25 17:30:00,2026-08-26 01:30:00,0.85574,0.8558,0.85562,0.85566,0.0
2026-08-25 20:35:00,2026-08-25 17:35:00,2026-08-26 01:35:00,0.85566,0.8557,0.85556,0.85559,0.0
2026-08-25 20:40:00,2026-08-25 17:40:00,2026-08-26 01:40:00,0.85559,0.8557,0.85557,0.85566,0.0
2026-08-25 20:45:00,2026-08-25 17:45:00,2026-08-26 01:45:00,0.85565,0.8557,0.8556,0.85564,0.0
2026-08-25 20:50:00,2026-08-25 17:50:00,2026-08-26 01:50:00,0.85564,0.8557,0.8556,0.8557,0.0
2026-08-25 20:55:00,2026-08-25 17:55:00,2026-08-26 01:55:00,0.85565,0.8557,0.85558,0.85561,0.0
2026-08-25 21:00:00,2026-08-25 18:00:00,2026-08-26 02:00:00,0.85562,0.85562,0.8555,0.85551,0.0
2026-08-25 21:05:00,2026-08-25 18:05:00,2026-08-26 02:05:00,0.85551,0.85553,0.85541,0.85547,0.0
2026-08-25 21:10:00,2026-08-25 18:10:00,2026-08-26 02:10:00,0.85546,0.85557,0.85546,0.85552,0.0
2026-08-25 21:15:00,2026-08-25 18:15:00,2026-08-26 02:15:00,0.85552,0.8556,0.85549,0.85555,0.0
2026-08-25 21:20:00,2026-08-25 18:20:00,2026-08-26 02:20:00,0.85555,0.85555,0.85546,0.85554,0.0
2026-08-25 21:25:00,2026-08-25 18:25:00,2026-08-26 02:25:00,0.85554,0.8556,0.85549,0.85554,0.0
2026-08-25 21:30:00,2026-08-25 18:30:00,2026-08-26 02:30:00,0.85554,0.8556,0.85552,0.85558,0.0
2026-08-25 21:35:00,2026-08-25 18:35:00,2026-08-26 02:35:00,0.85559,0.85561,0.85555,0.85559,0.0
2026-08-25 21:40:00,2026-08-25 18:40:00,2026-08-26 02:40:00,0.85559,0.8556,0.8555,0.85557,0.0
2026-08-25 21:45:00,2026-08-25 18:45:00,2026-08-26 02:45:00,0.85556,0.8556,0.85554,0.85559,0.0
2026-08-25 21:50:00,2026-08-25 18:50:00,2026-08-26 02:50:00,0.85559,0.85563,0.85547,0.85549,0.0
2026-08-25 21:55:00,2026-08-25 18:55:00,2026-08-26 02:55:00,0.85549,0.85553,0.85547,0.85549,0.0
2026-08-25 22:00:00,2026-08-25 19:00:00,2026-08-26 03:00:00,0.85548,0.8556,0.85546,0.85557,0.0
2026-08-25 22:05:00,2026-08-25 19:05:00,2026-08-26 03:05:00,0.85557,0.85563,0.85555,0.85557,0.0
2026-08-25 22:10:00,2026-08-25 19:10:00,2026-08-26 03:10:00,0.85557,0.85561,0.8555,0.85554,0.0
2026-08-25 22:15:00,2026-08-25 19:15:00,2026-08-26 03:15:00,0.85554,0.85554,0.85541,0.85546,0.0
2026-08-25 22:20:00,2026-08-25 19:20:00,2026-08-26 03:20:00,0.85546,0.8555,0.85537,0.8554,0.0
2026-08-25 22:25:00,2026-08-25 19:25:00,2026-08-26 03:25:00,0.85539,0.85542,0.85535,0.85539,0.0
2026-08-25 22:30:00,2026-08-25 19:30:00,2026-08-26 03:30:00,0.85537,0.8554,0.85527,0.8553,0.0
2026-08-25 22:35:00,2026-08-25 19:35:00,2026-08-26 03:35:00,0.8553,0.85532,0.8552,0.85523,0.0
2026-08-25 22:40:00,2026-08-25 19:40:00,2026-08-26 03:40:00,0.85524,0.85524,0.85513,0.85521,0.0
2026-08-25 22:45:00,2026-08-25 19:45:00,2026-08-26 03:45:00,0.85521,0.85522,0.8551,0.85518,0.0
2026-08-25 22:50:00,2026-08-25 19:50:00,2026-08-26 03:50:00,0.85518,0.85521,0.85513,0.85521,0.0
2026-08-25 22:55:00,2026-08-25 19:55:00,2026-08-26 03:55:00,0.85521,0.85526,0.85517,0.8552,0.0
2026-08-25 23:00:00,2026-08-25 20:00:00,2026-08-26 04:00:00,0.85521,0.85531,0.85518,0.85531,0.0
2026-08-25 23:05:00,2026-08-25 20:05:00,2026-08-26 04:05:00,0.85531,0.8554,0.85523,0.85529,0.0
2026-08-25 23:10:00,2026-08-25 20:10:00,2026-08-26 04:10:00,0.85529,0.8554,0.8552,0.85532,0.0
2026-08-25 23:15:00,2026-08-25 20:15:00,2026-08-26 04:15:00,0.85534,0.8554,0.8552,0.85523,0.0
2026-08-25 23:20:00,2026-08-25 20:20:00,2026-08-26 04:20:00,0.85524,0.8553,0.8552,0.85524,0.0
2026-08-25 23:25:00,2026-08-25 20:25:00,2026-08-26 04:25:00,0.85523,0.8553,0.85519,0.85526,0.0
2026-08-25 23:30:00,2026-08-25 20:30:00,2026-08-26 04:30:00,0.85526,0.8553,0.85523,0.85525,0.0
2026-08-25 23:35:00,2026-08-25 20:35:00,2026-08-26 04:35:00,0.85525,0.8553,0.85524,0.85527,0.0
2026-08-25 23:40:00,2026-08-25 20:40:00,2026-08-26 04:40:00,0.85527,0.85531,0.85524,0.85531,0.0
2026-08-25 23:45:00,2026-08-25 20:45:00,2026-08-26 04:45:00,0.85529,0.8554,0.85528,0.85533,0.0
2026-08-25 23:50:00,2026-08-25 20:50:00,2026-08-26 04:50:00,0.85533,0.8554,0.8552,0.85532,0.0
2026-08-25 23:55:00,2026-08-25 20:55:00,2026-08-26 04:55:00,0.85532,0.8554,0.85515,0.8552,0.0
2026-08-26 00:00:00,2026-08-25 21:00:00,2026-08-26 05:00:00,0.8553,0.85594,0.85521,0.85521,0.0
2026-08-26 00:05:00,2026-08-25 21:05:00,2026-08-26 05:05:00,0.85466,0.85515,0.85466,0.85492,0.0
2026-08-26 00:10:00,2026-08-25 21:10:00,2026-08-26 05:10:00,0.85492,0.8552,0.85484,0.85496,0.0
2026-08-26 00:15:00,2026-08-25 21:15:00,2026-08-26 05:15:00,0.85494,0.85521,0.85485,0.85497,0.0
2026-08-26 00:20:00,2026-08-25 21:20:00,2026-08-26 05:20:00,0.8552,0.8552,0.85493,0.855,0.0
2026-08-26 00:25:00,2026-08-25 21:25:00,2026-08-26 05:25:00,0.8552,0.85523,0.85497,0.85501,0.0
2026-08-26 00:30:00,2026-08-25 21:30:00,2026-08-26 05:30:00,0.85506,0.85538,0.85485,0.8552,0.0
2026-08-26 00:35:00,2026-08-25 21:35:00,2026-08-26 05:35:00,0.85521,0.85554,0.85512,0.8555,0.0
2026-08-26 00:40:00,2026-08-25 21:40:00,2026-08-26 05:40:00,0.8555,0.85574,0.85526,0.85539,0.0
2026-08-26 00:45:00,2026-08-25 21:45:00,2026-08-26 05:45:00,0.85539,0.85563,0.85518,0.85524,0.0
2026-08-26 00:50:00,2026-08-25 21:50:00,2026-08-26 05:50:00,0.85524,0.85553,0.85518,0.85537,0.0
2026-08-26 00:55:00,2026-08-25 21:55:00,2026-08-26 05:55:00,0.85527,0.8558,0.85473,0.85519,0.0
2026-08-26 01:00:00,2026-08-25 22:00:00,2026-08-26 06:00:00,0.85528,0.85547,0.85501,0.85542,0.0
2026-08-26 01:05:00,2026-08-25 22:05:00,2026-08-26 06:05:00,0.8553,0.85546,0.8551,0.85538,0.0
2026-08-26 01:10:00,2026-08-25 22:10:00,2026-08-26 06:10:00,0.85538,0.8555,0.85524,0.85531,0.0
2026-08-26 01:15:00,2026-08-25 22:15:00,2026-08-26 06:15:00,0.85541,0.8555,0.8553,0.85537,0.0
2026-08-26 01:20:00,2026-08-25 22:20:00,2026-08-26 06:20:00,0.85543,0.8555,0.8553,0.8554,0.0
2026-08-26 01:25:00,2026-08-25 22:25:00,2026-08-26 06:25:00,0.8554,0.85544,0.85526,0.85535,0.0
2026-08-26 01:30:00,2026-08-25 22:30:00,2026-08-26 06:30:00,0.85536,0.8554,0.85525,0.8554,0.0
2026-08-26 01:35:00,2026-08-25 22:35:00,2026-08-26 06:35:00,0.85538,0.85544,0.85537,0.85541,0.0
2026-08-26 01:40:00,2026-08-25 22:40:00,2026-08-26 06:40:00,0.8554,0.85543,0.85538,0.8554,0.0
2026-08-26 01:45:00,2026-08-25 22:45:00,2026-08-26 06:45:00,0.85541,0.85544,0.85539,0.85541,0.0
2026-08-26 01:50:00,2026-08-25 22:50:00,2026-08-26 06:50:00,0.8554,0.85544,0.85536,0.8554,0.0
2026-08-26 01:55:00,2026-08-25 22:55:00,2026-08-26 06:55:00,0.8554,0.85543,0.85539,0.8554,0.0
2026-08-26 02:00:00,2026-08-25 23:00:00,2026-08-26 07:00:00,0.8554,0.85542,0.85538,0.85539,0.0
2026-08-26 02:05:00,2026-08-25 23:05:00,2026-08-26 07:05:00,0.8554,0.85544,0.85538,0.85542,0.0
2026-08-26 02:10:00,2026-08-25 23:10:00,2026-08-26 07:10:00,0.85543,0.8555,0.85538,0.85541,0.0
2026-08-26 02:15:00,2026-08-25 23:15:00,2026-08-26 07:15:00,0.8554,0.85542,0.85536,0.85541,0.0
2026-08-26 02:20:00,2026-08-25 23:20:00,2026-08-26 07:20:00,0.85541,0.85542,0.85538,0.8554,0.0
2026-08-26 02:25:00,2026-08-25 23:25:00,2026-08-26 07:25:00,0.85542,0.85543,0.85539,0.85539,0.0
2026-08-26 02:30:00,2026-08-25 23:30:00,2026-08-26 07:30:00,0.85541,0.85542,0.85535,0.85539,0.0
2026-08-26 02:35:00,2026-08-25 23:35:00,2026-08-26 07:35:00,0.8554,0.85542,0.85538,0.85538,0.0
2026-08-26 02:40:00,2026-08-25 23:40:00,2026-08-26 07:40:00,0.8554,0.85545,0.85538,0.85542,0.0
2026-08-26 02:45:00,2026-08-25 23:45:00,2026-08-26 07:45:00,0.85543,0.85544,0.8554,0.8554,0.0
2026-08-26 02:50:00,2026-08-25 23:50:00,2026-08-26 07:50:00,0.85543,0.8555,0.8554,0.8555,0.0
2026-08-26 02:55:00,2026-08-25 23:55:00,2026-08-26 07:55:00,0.85546,0.8555,0.8554,0.85549,0.0
2026-08-26 03:00:00,2026-08-26 00:00:00,2026-08-26 08:00:00,0.85547,0.85553,0.85546,0.85549,0.0
2026-08-26 03:05:00,2026-08-26 00:05:00,2026-08-26 08:05:00,0.85549,0.85551,0.8554,0.85546,0.0
2026-08-26 03:10:00,2026-08-26 00:10:00,2026-08-26 08:10:00,0.85546,0.8555,0.85539,0.85541,0.0
2026-08-26 03:15:00,2026-08-26 00:15:00,2026-08-26 08:15:00,0.85541,0.85544,0.85535,0.85537,0.0
2026-08-26 03:20:00,2026-08-26 00:20:00,2026-08-26 08:20:00,0.85537,0.85541,0.85535,0.85537,0.0
2026-08-26 03:25:00,2026-08-26 00:25:00,2026-08-26 08:25:00,0.85537,0.85542,0.85536,0.85539,0.0
2026-08-26 03:30:00,2026-08-26 00:30:00,2026-08-26 08:30:00,0.85539,0.8554,0.8553,0.85537,0.0
2026-08-26 03:35:00,2026-08-26 00:35:00,2026-08-26 08:35:00,0.85537,0.8554,0.85533,0.85534,0.0
2026-08-26 03:40:00,2026-08-26 00:40:00,2026-08-26 08:40:00,0.85534,0.8554,0.8553,0.85531,0.0
2026-08-26 03:45:00,2026-08-26 00:45:00,2026-08-26 08:45:00,0.85532,0.8554,0.8553,0.85536,0.0
2026-08-26 03:50:00,2026-08-26 00:50:00,2026-08-26 08:50:00,0.85536,0.85542,0.85535,0.85542,0.0
2026-08-26 03:55:00,2026-08-26 00:55:00,2026-08-26 08:55:00,0.85542,0.85544,0.85538,0.8554,0.0
2026-08-26 04:00:00,2026-08-26 01:00:00,2026-08-26 09:00:00,0.8554,0.85542,0.85534,0.85537,0.0
2026-08-26 04:05:00,2026-08-26 01:05:00,2026-08-26 09:05:00,0.85537,0.8554,0.85533,0.85537,0.0
2026-08-26 04:10:00,2026-08-26 01:10:00,2026-08-26 09:10:00,0.85538,0.8554,0.8553,0.85533,0.0
2026-08-26 04:15:00,2026-08-26 01:15:00,2026-08-26 09:15:00,0.85533,0.8554,0.85527,0.8553,0.0
2026-08-26 04:20:00,2026-08-26 01:20:00,2026-08-26 09:20:00,0.8553,0.85533,0.85525,0.85527,0.0
2026-08-26 04:25:00,2026-08-26 01:25:00,2026-08-26 09:25:00,0.85527,0.85533,0.85527,0.85528,0.0
2026-08-26 04:30:00,2026-08-26 01:30:00,2026-08-26 09:30:00,0.85528,0.8553,0.85518,0.85526,0.0
2026-08-26 04:35:00,2026-08-26 01:35:00,2026-08-26 09:35:00,0.85526,0.8553,0.8552,0.85523,0.0
2026-08-26 04:40:00,2026-08-26 01:40:00,2026-08-26 09:40:00,0.85523,0.85525,0.85517,0.85524,0.0
2026-08-26 04:45:00,2026-08-26 01:45:00,2026-08-26 09:45:00,0.85523,0.8553,0.85519,0.85523,0.0
2026-08-26 04:50:00,2026-08-26 01:50:00,2026-08-26 09:50:00,0.85523,0.85525,0.85518,0.85521,0.0
2026-08-26 04:55:00,2026-08-26 01:55:00,2026-08-26 09:55:00,0.85524,0.8553,0.8552,0.85528,0.0
2026-08-26 05:00:00,2026-08-26 02:00:00,2026-08-26 10:00:00,0.85527,0.85532,0.85525,0.8553,0.0
2026-08-26 05:05:00,2026-08-26 02:05:00,2026-08-26 10:05:00,0.8553,0.85534,0.85527,0.85532,0.0
2026-08-26 05:10:00,2026-08-26 02:10:00,2026-08-26 10:10:00,0.85531,0.8554,0.85528,0.85536,0.0
2026-08-26 05:15:00,2026-08-26 02:15:00,2026-08-26 10:15:00,0.85536,0.8554,0.85525,0.85528,0.0
2026-08-26 05:20:00,2026-08-26 02:20:00,2026-08-26 10:20:00,0.85527,0.85532,0.85524,0.85527,0.0
2026-08-26 05:25:00,2026-08-26 02:25:00,2026-08-26 10:25:00,0.85526,0.85533,0.8552,0.8553,0.0
2026-08-26 05:30:00,2026-08-26 02:30:00,2026-08-26 10:30:00,0.85531,0.85533,0.85526,0.85529,0.0
2026-08-26 05:35:00,2026-08-26 02:35:00,2026-08-26 10:35:00,0.85529,0.85532,0.85527,0.85528,0.0
2026-08-26 05:40:00,2026-08-26 02:40:00,2026-08-26 10:40:00,0.85528,0.85533,0.85527,0.85532,0.0
2026-08-26 05:45:00,2026-08-26 02:45:00,2026-08-26 10:45:00,0.85533,0.8554,0.8553,0.85536,0.0
2026-08-26 05:50:00,2026-08-26 02:50:00,2026-08-26 10:50:00,0.85537,0.8554,0.85533,0.85538,0.0
2026-08-26 05:55:00,2026-08-26 02:55:00,2026-08-26 10:55:00,0.85538,0.8554,0.8553,0.85537,0.0
2026-08-26 06:00:00,2026-08-26 03:00:00,2026-08-26 11:00:00,0.85537,0.8554,0.8553,0.85533,0.0
2026-08-26 06:05:00,2026-08-26 03:05:00,2026-08-26 11:05:00,0.85533,0.8554,0.8553,0.85536,0.0
2026-08-26 06:10:00,2026-08-26 03:10:00,2026-08-26 11:10:00,0.85535,0.8554,0.85534,0.85536,0.0
2026-08-26 06:15:00,2026-08-26 03:15:00,2026-08-26 11:15:00,0.85536,0.8554,0.85525,0.85528,0.0
2026-08-26 06:20:00,2026-08-26 03:20:00,2026-08-26 11:20:00,0.85528,0.85531,0.85524,0.8553,0.0
2026-08-26 06:25:00,2026-08-26 03:25:00,2026-08-26 11:25:00,0.8553,0.8554,0.85529,0.85535,0.0
2026-08-26 06:30:00,2026-08-26 03:30:00,2026-08-26 11:30:00,0.85535,0.8554,0.85528,0.85532,0.0
2026-08-26 06:35:00,2026-08-26 03:35:00,2026-08-26 11:35:00,0.85532,0.8554,0.8553,0.85534,0.0
2026-08-26 06:40:00,2026-08-26 03:40:00,2026-08-26 11:40:00,0.85534,0.8554,0.8553,0.85534,0.0
2026-08-26 06:45:00,2026-08-26 03:45:00,2026-08-26 11:45:00,0.85534,0.8554,0.85529,0.85531,0.0
2026-08-26 06:50:00,2026-08-26 03:50:00,2026-08-26 11:50:00,0.85533,0.85534,0.85526,0.8553,0.0
2026-08-26 06:55:00,2026-08-26 03:55:00,2026-08-26 11:55:00,0.8553,0.85535,0.85527,0.85534,0.0
2026-08-26 07:00:00,2026-08-26 04:00:00,2026-08-26 12:00:00,0.85535,0.8554,0.8553,0.85539,0.0
2026-08-26 07:05:00,2026-08-26 04:05:00,2026-08-26 12:05:00,0.85539,0.85542,0.85536,0.85538,0.0
2026-08-26 07:10:00,2026-08-26 04:10:00,2026-08-26 12:10:00,0.85537,0.85542,0.85535,0.85542,0.0
2026-08-26 07:15:00,2026-08-26 04:15:00,2026-08-26 12:15:00,0.85542,0.85543,0.85534,0.85536,0.0
2026-08-26 07:20:00,2026-08-26 04:20:00,2026-08-26 12:20:00,0.85536,0.8554,0.8553,0.85534,0.0
2026-08-26 07:25:00,2026-08-26 04:25:00,2026-08-26 12:25:00,0.85532,0.8554,0.8553,0.85537,0.0
2026-08-26 07:30:00,2026-08-26 04:30:00,2026-08-26 12:30:00,0.85537,0.8554,0.85533,0.85534,0.0
2026-08-26 07:35:00,2026-08-26 04:35:00,2026-08-26 12:35:00,0.85536,0.8554,0.8553,0.85534,0.0
2026-08-26 07:40:00,2026-08-26 04:40:00,2026-08-26 12:40:00,0.85533,0.8554,0.8553,0.85536,0.0
2026-08-26 07:45:00,2026-08-26 04:45:00,2026-08-26 12:45:00,0.85536,0.8554,0.85533,0.85536,0.0
2026-08-26 07:50:00,2026-08-26 04:50:00,2026-08-26 12:50:00,0.85536,0.8554,0.85534,0.85537,0.0
2026-08-26 07:55:00,2026-08-26 04:55:00,2026-08-26 12:55:00,0.85537,0.85542,0.85534,0.85541,0.0
2026-08-26 08:00:00,2026-08-26 05:00:00,2026-08-26 13:00:00,0.85541,0.8555,0.85539,0.85543,0.0
2026-08-26 08:05:00,2026-08-26 05:05:00,2026-08-26 13:05:00,0.85542,0.8555,0.85538,0.85543,0.0
2026-08-26 08:10:00,2026-08-26 05:10:00,2026-08-26 13:10:00,0.85543,0.8555,0.8554,0.85546,0.0
2026-08-26 08:15:00,2026-08-26 05:15:00,2026-08-26 13:15:00,0.85546,0.8556,0.85542,0.85551,0.0
2026-08-26 08:20:00,2026-08-26 05:20:00,2026-08-26 13:20:00,0.85551,0.8556,0.85548,0.85553,0.0
2026-08-26 08:25:00,2026-08-26 05:25:00,2026-08-26 13:25:00,0.85553,0.8556,0.8555,0.85557,0.0
2026-08-26 08:30:00,2026-08-26 05:30:00,2026-08-26 13:30:00,0.85557,0.8556,0.8555,0.8556,0.0
2026-08-26 08:35:00,2026-08-26 05:35:00,2026-08-26 13:35:00,0.85559,0.8556,0.8555,0.85556,0.0
2026-08-26 08:40:00,2026-08-26 05:40:00,2026-08-26 13:40:00,0.85554,0.85556,0.85549,0.85551,0.0
2026-08-26 08:45:00,2026-08-26 05:45:00,2026-08-26 13:45:00,0.85552,0.85555,0.85548,0.8555,0.0
2026-08-26 08:50:00,2026-08-26 05:50:00,2026-08-26 13:50:00,0.8555,0.85554,0.85544,0.85552,0.0
2026-08-26 08:55:00,2026-08-26 05:55:00,2026-08-26 13:55:00,0.85552,0.85554,0.85544,0.85546,0.0
2026-08-26 09:00:00,2026-08-26 06:00:00,2026-08-26 14:00:00,0.85546,0.85562,0.85544,0.85561,0.0
2026-08-26 09:05:00,2026-08-26 06:05:00,2026-08-26 14:05:00,0.85561,0.85564,0.8555,0.85563,0.0
2026-08-26 09:10:00,2026-08-26 06:10:00,2026-08-26 14:10:00,0.85563,0.8557,0.85558,0.85561,0.0
2026-08-26 09:15:00,2026-08-26 06:15:00,2026-08-26 14:15:00,0.85564,0.85573,0.85556,0.85572,0.0
2026-08-26 09:20:00,2026-08-26 06:20:00,2026-08-26 14:20:00,0.85572,0.85576,0.85556,0.85559,0.0
2026-08-26 09:25:00,2026-08-26 06:25:00,2026-08-26 14:25:00,0.8556,0.85563,0.8555,0.8556,0.0
2026-08-26 09:30:00,2026-08-26 06:30:00,2026-08-26 14:30:00,0.85558,0.8557,0.85557,0.85564,0.0
2026-08-26 09:35:00,2026-08-26 06:35:00,2026-08-26 14:35:00,0.85561,0.85574,0.85557,0.85572,0.0
2026-08-26 09:40:00,2026-08-26 06:40:00,2026-08-26 14:40:00,0.85573,0.85584,0.8557,0.85584,0.0
2026-08-26 09:45:00,2026-08-26 06:45:00,2026-08-26 14:45:00,0.85584,0.85604,0.85584,0.85601,0.0
2026-08-26 09:50:00,2026-08-26 06:50:00,2026-08-26 14:50:00,0.85599,0.85601,0.85589,0.856,0.0
2026-08-26 09:55:00,2026-08-26 06:55:00,2026-08-26 14:55:00,0.856,0.85603,0.85568,0.85581,0.0
2026-08-26 10:00:00,2026-08-26 07:00:00,2026-08-26 15:00:00,0.85581,0.85584,0.8557,0.85575,0.0
2026-08-26 10:05:00,2026-08-26 07:05:00,2026-08-26 15:05:00,0.85575,0.8558,0.8555,0.85556,0.0
2026-08-26 10:10:00,2026-08-26 07:10:00,2026-08-26 15:10:00,0.85556,0.8557,0.85551,0.85559,0.0
2026-08-26 10:15:00,2026-08-26 07:15:00,2026-08-26 15:15:00,0.85559,0.85571,0.8555,0.85568,0.0
2026-08-26 10:20:00,2026-08-26 07:20:00,2026-08-26 15:20:00,0.85568,0.85584,0.85565,0.85581,0.0
2026-08-26 10:25:00,2026-08-26 07:25:00,2026-08-26 15:25:00,0.85581,0.85583,0.8557,0.8558,0.0
2026-08-26 10:30:00,2026-08-26 07:30:00,2026-08-26 15:30:00,0.85581,0.85592,0.8558,0.85586,0.0
2026-08-26 10:35:00,2026-08-26 07:35:00,2026-08-26 15:35:00,0.85585,0.856,0.85583,0.85591,0.0
2026-08-26 10:40:00,2026-08-26 07:40:00,2026-08-26 15:40:00,0.85591,0.85595,0.85585,0.8559,0.0
2026-08-26 10:45:00,2026-08-26 07:45:00,2026-08-26 15:45:00,0.85588,0.85595,0.85586,0.85589,0.0
2026-08-26 10:50:00,2026-08-26 07:50:00,2026-08-26 15:50:00,0.85589,0.85602,0.85587,0.85598,0.0
2026-08-26 10:55:00,2026-08-26 07:55:00,2026-08-26 15:55:00,0.85598,0.8562,0.85594,0.85613,0.0
2026-08-26 11:00:00,2026-08-26 08:00:00,2026-08-26 16:00:00,0.85613,0.8563,0.856,0.85604,0.0
2026-08-26 11:05:00,2026-08-26 08:05:00,2026-08-26 16:05:00,0.85604,0.8562,0.856,0.85615,0.0
2026-08-26 11:10:00,2026-08-26 08:10:00,2026-08-26 16:10:00,0.85615,0.85624,0.85605,0.85624,0.0
2026-08-26 11:15:00,2026-08-26 08:15:00,2026-08-26 16:15:00,0.85623,0.8563,0.85618,0.85627,0.0
2026-08-26 11:20:00,2026-08-26 08:20:00,2026-08-26 16:20:00,0.85625,0.85631,0.85616,0.85631,0.0
2026-08-26 11:25:00,2026-08-26 08:25:00,2026-08-26 16:25:00,0.85631,0.85641,0.85625,0.85637,0.0
2026-08-26 11:30:00,2026-08-26 08:30:00,2026-08-26 16:30:00,0.85637,0.85644,0.85629,0.85635,0.0
2026-08-26 11:35:00,2026-08-26 08:35:00,2026-08-26 16:35:00,0.85635,0.85641,0.85627,0.85628,0.0
2026-08-26 11:40:00,2026-08-26 08:40:00,2026-08-26 16:40:00,0.85628,0.85634,0.85625,0.85633,0.0
2026-08-26 11:45:00,2026-08-26 08:45:00,2026-08-26 16:45:00,0.85632,0.8565,0.8563,0.85644,0.0
2026-08-26 11:50:00,2026-08-26 08:50:00,2026-08-26 16:50:00,0.85644,0.8565,0.85637,0.85642,0.0
2026-08-26 11:55:00,2026-08-26 08:55:00,2026-08-26 16:55:00,0.85642,0.85644,0.8563,0.85634,0.0
2026-08-26 12:00:00,2026-08-26 09:00:00,2026-08-26 17:00:00,0.85635,0.85637,0.85625,0.85635,0.0
2026-08-26 12:05:00,2026-08-26 09:05:00,2026-08-26 17:05:00,0.85635,0.85642,0.85629,0.85636,0.0
2026-08-26 12:10:00,2026-08-26 09:10:00,2026-08-26 17:10:00,0.85636,0.8564,0.8562,0.85625,0.0
2026-08-26 12:15:00,2026-08-26 09:15:00,2026-08-26 17:15:00,0.85624,0.8563,0.85614,0.85617,0.0
2026-08-26 12:20:00,2026-08-26 09:20:00,2026-08-26 17:20:00,0.85617,0.8563,0.85613,0.85623,0.0
2026-08-26 12:25:00,2026-08-26 09:25:00,2026-08-26 17:25:00,0.85619,0.85624,0.856,0.85607,0.0
2026-08-26 12:30:00,2026-08-26 09:30:00,2026-08-26 17:30:00,0.85607,0.85622,0.85604,0.8562,0.0
2026-08-26 12:35:00,2026-08-26 09:35:00,2026-08-26 17:35:00,0.85617,0.85621,0.85605,0.85605,0.0
2026-08-26 12:40:00,2026-08-26 09:40:00,2026-08-26 17:40:00,0.85607,0.85612,0.85604,0.85607,0.0
2026-08-26 12:45:00,2026-08-26 09:45:00,2026-08-26 17:45:00,0.85608,0.8561,0.85598,0.85608,0.0
2026-08-26 12:50:00,2026-08-26 09:50:00,2026-08-26 17:50:00,0.85607,0.85615,0.85604,0.85611,0.0
2026-08-26 12:55:00,2026-08-26 09:55:00,2026-08-26 17:55:00,0.85612,0.85614,0.85602,0.85608,0.0
2026-08-26 13:00:00,2026-08-26 10:00:00,2026-08-26 18:00:00,0.85609,0.85621,0.85605,0.85619,0.0
2026-08-26 13:05:00,2026-08-26 10:05:00,2026-08-26 18:05:00,0.85619,0.8563,0.85615,0.85617,0.0
2026-08-26 13:10:00,2026-08-26 10:10:00,2026-08-26 18:10:00,0.85617,0.8563,0.85615,0.85624,0.0
2026-08-26 13:15:00,2026-08-26 10:15:00,2026-08-26 18:15:00,0.85624,0.85643,0.85621,0.85642,0.0
2026-08-26 13:20:00,2026-08-26 10:20:00,2026-08-26 18:20:00,0.85642,0.8565,0.85635,0.85641,0.0
2026-08-26 13:25:00,2026-08-26 10:25:00,2026-08-26 18:25:00,0.8564,0.85644,0.85628,0.85644,0.0
2026-08-26 13:30:00,2026-08-26 10:30:00,2026-08-26 18:30:00,0.85644,0.85645,0.85626,0.85629,0.0
2026-08-26 13:35:00,2026-08-26 10:35:00,2026-08-26 18:35:00,0.8563,0.8564,0.85624,0.85631,0.0
2026-08-26 13:40:00,2026-08-26 10:40:00,2026-08-26 18:40:00,0.85631,0.85633,0.85627,0.85629,0.0
2026-08-26 13:45:00,2026-08-26 10:45:00,2026-08-26 18:45:00,0.85629,0.8563,0.8562,0.85627,0.0
2026-08-26 13:50:00,2026-08-26 10:50:00,2026-08-26 18:50:00,0.85627,0.85634,0.85624,0.85628,0.0
2026-08-26 13:55:00,2026-08-26 10:55:00,2026-08-26 18:55:00,0.85628,0.8563,0.85617,0.85621,0.0
2026-08-26 14:00:00,2026-08-26 11:00:00,2026-08-26 19:00:00,0.85618,0.8563,0.85613,0.85624,0.0
2026-08-26 14:05:00,2026-08-26 11:05:00,2026-08-26 19:05:00,0.85623,0.8563,0.8562,0.85623,0.0
2026-08-26 14:10:00,2026-08-26 11:10:00,2026-08-26 19:10:00,0.85623,0.85624,0.85613,0.85617,0.0
2026-08-26 14:15:00,2026-08-26 11:15:00,2026-08-26 19:15:00,0.85617,0.8563,0.85613,0.85617,0.0
2026-08-26 14:20:00,2026-08-26 11:20:00,2026-08-26 19:20:00,0.85616,0.85618,0.85599,0.85602,0.0
2026-08-26 14:25:00,2026-08-26 11:25:00,2026-08-26 19:25:00,0.85601,0.85604,0.8559,0.85596,0.0
2026-08-26 14:30:00,2026-08-26 11:30:00,2026-08-26 19:30:00,0.85596,0.85605,0.8559,0.85603,0.0
2026-08-26 14:35:00,2026-08-26 11:35:00,2026-08-26 19:35:00,0.856,0.85613,0.856,0.85611,0.0
2026-08-26 14:40:00,2026-08-26 11:40:00,2026-08-26 19:40:00,0.85611,0.85616,0.85606,0.85614,0.0
2026-08-26 14:45:00,2026-08-26 11:45:00,2026-08-26 19:45:00,0.85615,0.8562,0.85603,0.85609,0.0
2026-08-26 14:50:00,2026-08-26 11:50:00,2026-08-26 19:50:00,0.85609,0.8563,0.85606,0.85619,0.0
2026-08-26 14:55:00,2026-08-26 11:55:00,2026-08-26 19:55:00,0.85621,0.85623,0.85605,0.85616,0.0
2026-08-26 15:00:00,2026-08-26 12:00:00,2026-08-26 20:00:00,0.85616,0.85622,0.85609,0.85618,0.0
2026-08-26 15:05:00,2026-08-26 12:05:00,2026-08-26 20:05:00,0.85617,0.8562,0.85599,0.85609,0.0
2026-08-26 15:10:00,2026-08-26 12:10:00,2026-08-26 20:10:00,0.8561,0.85623,0.85608,0.8562,0.0
2026-08-26 15:15:00,2026-08-26 12:15:00,2026-08-26 20:15:00,0.8562,0.85621,0.85609,0.85618,0.0
2026-08-26 15:20:00,2026-08-26 12:20:00,2026-08-26 20:20:00,0.85618,0.8563,0.85615,0.85625,0.0
2026-08-26 15:25:00,2026-08-26 12:25:00,2026-08-26 20:25:00,0.85625,0.85656,0.856,0.8562,0.0
2026-08-26 15:30:00,2026-08-26 12:30:00,2026-08-26 20:30:00,0.8563,0.85671,0.85605,0.85663,0.0
2026-08-26 15:35:00,2026-08-26 12:35:00,2026-08-26 20:35:00,0.85663,0.8569,0.85658,0.85685,0.0
2026-08-26 15:40:00,2026-08-26 12:40:00,2026-08-26 20:40:00,0.85686,0.85686,0.85663,0.85665,0.0
2026-08-26 15:45:00,2026-08-26 12:45:00,2026-08-26 20:45:00,0.85665,0.85674,0.85659,0.85667,0.0
2026-08-26 15:50:00,2026-08-26 12:50:00,2026-08-26 20:50:00,0.85666,0.85671,0.8565,0.85656,0.0
2026-08-26 15:55:00,2026-08-26 12:55:00,2026-08-26 20:55:00,0.85655,0.8567,0.85649,0.85658,0.0
2026-08-26 16:00:00,2026-08-26 13:00:00,2026-08-26 21:00:00,0.85658,0.85666,0.85643,0.85646,0.0
2026-08-26 16:05:00,2026-08-26 13:05:00,2026-08-26 21:05:00,0.85647,0.85654,0.8564,0.85646,0.0
2026-08-26 16:10:00,2026-08-26 13:10:00,2026-08-26 21:10:00,0.85646,0.85661,0.85641,0.85657,0.0
2026-08-26 16:15:00,2026-08-26 13:15:00,2026-08-26 21:15:00,0.85657,0.8567,0.85656,0.85661,0.0
2026-08-26 16:20:00,2026-08-26 13:20:00,2026-08-26 21:20:00,0.85661,0.8568,0.85657,0.85674,0.0
2026-08-26 16:25:00,2026-08-26 13:25:00,2026-08-26 21:25:00,0.85674,0.85676,0.85667,0.85671,0.0
2026-08-26 16:30:00,2026-08-26 13:30:00,2026-08-26 21:30:00,0.85673,0.8569,0.85668,0.85676,0.0
2026-08-26 16:35:00,2026-08-26 13:35:00,2026-08-26 21:35:00,0.85674,0.8569,0.85664,0.85682,0.0
2026-08-26 16:40:00,2026-08-26 13:40:00,2026-08-26 21:40:00,0.85682,0.85686,0.85675,0.85681,0.0
2026-08-26 16:45:00,2026-08-26 13:45:00,2026-08-26 21:45:00,0.85681,0.85683,0.8567,0.85673,0.0
2026-08-26 16:50:00,2026-08-26 13:50:00,2026-08-26 21:50:00,0.85674,0.85676,0.8566,0.85663,0.0
2026-08-26 16:55:00,2026-08-26 13:55:00,2026-08-26 21:55:00,0.85663,0.85671,0.85658,0.85666,0.0
2026-08-26 17:00:00,2026-08-26 14:00:00,2026-08-26 22:00:00,0.85666,0.85675,0.85656,0.85674,0.0
2026-08-26 17:05:00,2026-08-26 14:05:00,2026-08-26 22:05:00,0.85673,0.85676,0.85663,0.85671,0.0
2026-08-26 17:10:00,2026-08-26 14:10:00,2026-08-26 22:10:00,0.85671,0.85685,0.85668,0.85671,0.0
2026-08-26 17:15:00,2026-08-26 14:15:00,2026-08-26 22:15:00,0.85671,0.85682,0.85665,0.85677,0.0
2026-08-26 17:20:00,2026-08-26 14:20:00,2026-08-26 22:20:00,0.85675,0.8571,0.85669,0.85704,0.0
2026-08-26 17:25:00,2026-08-26 14:25:00,2026-08-26 22:25:00,0.85705,0.8571,0.85685,0.85692,0.0
2026-08-26 17:30:00,2026-08-26 14:30:00,2026-08-26 22:30:00,0.85691,0.85701,0.85682,0.85689,0.0
2026-08-26 17:35:00,2026-08-26 14:35:00,2026-08-26 22:35:00,0.85688,0.857,0.85686,0.85694,0.0
2026-08-26 17:40:00,2026-08-26 14:40:00,2026-08-26 22:40:00,0.85694,0.85694,0.85678,0.8568,0.0
2026-08-26 17:45:00,2026-08-26 14:45:00,2026-08-26 22:45:00,0.8568,0.8572,0.85678,0.85718,0.0
2026-08-26 17:50:00,2026-08-26 14:50:00,2026-08-26 22:50:00,0.85718,0.8573,0.85703,0.85705,0.0
2026-08-26 17:55:00,2026-08-26 14:55:00,2026-08-26 22:55:00,0.85705,0.85716,0.85683,0.85701,0.0
2026-08-26 18:00:00,2026-08-26 15:00:00,2026-08-26 23:00:00,0.85701,0.85711,0.8569,0.85696,0.0
2026-08-26 18:05:00,2026-08-26 15:05:00,2026-08-26 23:05:00,0.85697,0.8571,0.85695,0.85702,0.0
2026-08-26 18:10:00,2026-08-26 15:10:00,2026-08-26 23:10:00,0.85702,0.85726,0.857,0.85721,0.0
2026-08-26 18:15:00,2026-08-26 15:15:00,2026-08-26 23:15:00,0.85719,0.8574,0.85716,0.85731,0.0
2026-08-26 18:20:00,2026-08-26 15:20:00,2026-08-26 23:20:00,0.85731,0.85742,0.85722,0.85732,0.0
2026-08-26 18:25:00,2026-08-26 15:25:00,2026-08-26 23:25:00,0.85731,0.85732,0.85719,0.85728,0.0
2026-08-26 18:30:00,2026-08-26 15:30:00,2026-08-26 23:30:00,0.85729,0.85734,0.85715,0.85715,0.0
2026-08-26 18:35:00,2026-08-26 15:35:00,2026-08-26 23:35:00,0.85717,0.85722,0.85703,0.85703,0.0
2026-08-26 18:40:00,2026-08-26 15:40:00,2026-08-26 23:40:00,0.85702,0.85706,0.85689,0.857,0.0
2026-08-26 18:45:00,2026-08-26 15:45:00,2026-08-26 23:45:00,0.857,0.85712,0.85694,0.85707,0.0
2026-08-26 18:50:00,2026-08-26 15:50:00,2026-08-26 23:50:00,0.85709,0.8572,0.85703,0.85705,0.0
2026-08-26 18:55:00,2026-08-26 15:55:00,2026-08-26 23:55:00,0.85705,0.8571,0.85696,0.85701,0.0
2026-08-26 19:00:00,2026-08-26 16:00:00,2026-08-27 00:00:00,0.85703,0.85711,0.857,0.85708,0.0
2026-08-26 19:05:00,2026-08-26 16:05:00,2026-08-27 00:05:00,0.85709,0.8571,0.85697,0.85699,0.0
2026-08-26 19:10:00,2026-08-26 16:10:00,2026-08-27 00:10:00,0.85699,0.8571,0.85694,0.85704,0.0
2026-08-26 19:15:00,2026-08-26 16:15:00,2026-08-27 00:15:00,0.85703,0.85711,0.857,0.8571,0.0
2026-08-26 19:20:00,2026-08-26 16:20:00,2026-08-27 00:20:00,0.8571,0.8572,0.85707,0.85713,0.0
2026-08-26 19:25:00,2026-08-26 16:25:00,2026-08-27 00:25:00,0.85714,0.85715,0.85707,0.85713,0.0
2026-08-26 19:30:00,2026-08-26 16:30:00,2026-08-27 00:30:00,0.85713,0.85724,0.85712,0.85722,0.0
2026-08-26 19:35:00,2026-08-26 16:35:00,2026-08-27 00:35:00,0.85722,0.8573,0.8572,0.85723,0.0
2026-08-26 19:40:00,2026-08-26 16:40:00,2026-08-27 00:40:00,0.85723,0.8573,0.85717,0.85724,0.0
2026-08-26 19:45:00,2026-08-26 16:45:00,2026-08-27 00:45:00,0.85724,0.8573,0.85714,0.85716,0.0
2026-08-26 19:50:00,2026-08-26 16:50:00,2026-08-27 00:50:00,0.85717,0.8573,0.8571,0.85726,0.0
2026-08-26 19:55:00,2026-08-26 16:55:00,2026-08-27 00:55:00,0.85724,0.85731,0.85716,0.85717,0.0
2026-08-26 20:00:00,2026-08-26 17:00:00,2026-08-27 01:00:00,0.85717,0.85718,0.85708,0.85712,0.0
2026-08-26 20:05:00,2026-08-26 17:05:00,2026-08-27 01:05:00,0.85712,0.8572,0.85712,0.85718,0.0
2026-08-26 20:10:00,2026-08-26 17:10:00,2026-08-27 01:10:00,0.85718,0.85723,0.85714,0.85716,0.0
2026-08-26 20:15:00,2026-08-26 17:15:00,2026-08-27 01:15:00,0.85719,0.8572,0.8571,0.85711,0.0
2026-08-26 20:20:00,2026-08-26 17:20:00,2026-08-27 01:20:00,0.85711,0.85715,0.85705,0.85708,0.0
2026-08-26 20:25:00,2026-08-26 17:25:00,2026-08-27 01:25:00,0.85706,0.85721,0.85706,0.8572,0.0
2026-08-26 20:30:00,2026-08-26 17:30:00,2026-08-27 01:30:00,0.8572,0.85724,0.85712,0.85716,0.0
2026-08-26 20:35:00,2026-08-26 17:35:00,2026-08-27 01:35:00,0.85716,0.85722,0.85715,0.85718,0.0
2026-08-26 20:40:00,2026-08-26 17:40:00,2026-08-27 01:40:00,0.85719,0.85723,0.85717,0.85719,0.0
2026-08-26 20:45:00,2026-08-26 17:45:00,2026-08-27 01:45:00,0.85719,0.85721,0.85709,0.85711,0.0
2026-08-26 20:50:00,2026-08-26 17:50:00,2026-08-27 01:50:00,0.85712,0.85714,0.85705,0.85708,0.0
2026-08-26 20:55:00,2026-08-26 17:55:00,2026-08-27 01:55:00,0.85708,0.8572,0.85705,0.85718,0.0
2026-08-26 21:00:00,2026-08-26 18:00:00,2026-08-27 02:00:00,0.85718,0.8572,0.85707,0.85713,0.0
2026-08-26 21:05:00,2026-08-26 18:05:00,2026-08-27 02:05:00,0.85713,0.8572,0.8571,0.85718,0.0
2026-08-26 21:10:00,2026-08-26 18:10:00,2026-08-27 02:10:00,0.85717,0.85721,0.85713,0.85717,0.0
2026-08-26 21:15:00,2026-08-26 18:15:00,2026-08-27 02:15:00,0.85717,0.85721,0.8571,0.85713,0.0
2026-08-26 21:20:00,2026-08-26 18:20:00,2026-08-27 02:20:00,0.85713,0.8572,0.8571,0.85713,0.0
2026-08-26 21:25:00,2026-08-26 18:25:00,2026-08-27 02:25:00,0.85714,0.8572,0.85711,0.8572,0.0
2026-08-26 21:30:00,2026-08-26 18:30:00,2026-08-27 02:30:00,0.85719,0.8573,0.85716,0.85724,0.0
2026-08-26 21:35:00,2026-08-26 18:35:00,2026-08-27 02:35:00,0.85724,0.8573,0.85722,0.85727,0.0
2026-08-26 21:40:00,2026-08-26 18:40:00,2026-08-27 02:40:00,0.85727,0.8573,0.85725,0.85727,0.0
2026-08-26 21:45:00,2026-08-26 18:45:00,2026-08-27 02:45:00,0.85728,0.8573,0.85724,0.85726,0.0
2026-08-26 21:50:00,2026-08-26 18:50:00,2026-08-27 02:50:00,0.85726,0.8573,0.8572,0.85722,0.0
2026-08-26 21:55:00,2026-08-26 18:55:00,2026-08-27 02:55:00,0.85722,0.8573,0.85719,0.85722,0.0
2026-08-26 22:00:00,2026-08-26 19:00:00,2026-08-27 03:00:00,0.85722,0.85724,0.85717,0.85718,0.0
2026-08-26 22:05:00,2026-08-26 19:05:00,2026-08-27 03:05:00,0.85719,0.8573,0.85717,0.85726,0.0
2026-08-26 22:10:00,2026-08-26 19:10:00,2026-08-27 03:10:00,0.85727,0.8573,0.85724,0.85727,0.0
2026-08-26 22:15:00,2026-08-26 19:15:00,2026-08-27 03:15:00,0.85728,0.85731,0.85725,0.8573,0.0
2026-08-26 22:20:00,2026-08-26 19:20:00,2026-08-27 03:20:00,0.8573,0.85731,0.85724,0.85727,0.0
2026-08-26 22:25:00,2026-08-26 19:25:00,2026-08-27 03:25:00,0.85727,0.8573,0.85719,0.85723,0.0
2026-08-26 22:30:00,2026-08-26 19:30:00,2026-08-27 03:30:00,0.85722,0.85725,0.85718,0.85722,0.0
2026-08-26 22:35:00,2026-08-26 19:35:00,2026-08-27 03:35:00,0.85721,0.8573,0.85719,0.85721,0.0
2026-08-26 22:40:00,2026-08-26 19:40:00,2026-08-27 03:40:00,0.85721,0.85722,0.85717,0.85719,0.0
2026-08-26 22:45:00,2026-08-26 19:45:00,2026-08-27 03:45:00,0.85719,0.85724,0.85716,0.85719,0.0
2026-08-26 22:50:00,2026-08-26 19:50:00,2026-08-27 03:50:00,0.85719,0.85723,0.85716,0.85719,0.0
2026-08-26 22:55:00,2026-08-26 19:55:00,2026-08-27 03:55:00,0.85719,0.85724,0.85718,0.85721,0.0
2026-08-26 23:00:00,2026-08-26 20:00:00,2026-08-27 04:00:00,0.85721,0.85723,0.85714,0.85717,0.0
2026-08-26 23:05:00,2026-08-26 20:05:00,2026-08-27 04:05:00,0.85716,0.8572,0.85713,0.85714,0.0
2026-08-26 23:10:00,2026-08-26 20:10:00,2026-08-27 04:10:00,0.85715,0.8572,0.8571,0.85716,0.0
2026-08-26 23:15:00,2026-08-26 20:15:00,2026-08-27 04:15:00,0.85715,0.8572,0.8571,0.85714,0.0
2026-08-26 23:20:00,2026-08-26 20:20:00,2026-08-27 04:20:00,0.85714,0.85726,0.8571,0.85722,0.0
2026-08-26 23:25:00,2026-08-26 20:25:00,2026-08-27 04:25:00,0.85721,0.85724,0.85719,0.8572,0.0
2026-08-26 23:30:00,2026-08-26 20:30:00,2026-08-27 04:30:00,0.8572,0.85722,0.85714,0.85718,0.0
2026-08-26 23:35:00,2026-08-26 20:35:00,2026-08-27 04:35:00,0.85717,0.8572,0.85714,0.8572,0.0
2026-08-26 23:40:00,2026-08-26 20:40:00,2026-08-27 04:40:00,0.8572,0.85722,0.85715,0.8572,0.0
2026-08-26 23:45:00,2026-08-26 20:45:00,2026-08-27 04:45:00,0.8572,0.85723,0.85717,0.8572,0.0
2026-08-26 23:50:00,2026-08-26 20:50:00,2026-08-27 04:50:00,0.85719,0.8572,0.85709,0.85714,0.0
2026-08-26 23:55:00,2026-08-26 20:55:00,2026-08-27 04:55:00,0.85714,0.8572,0.85659,0.85665,0.0
2026-08-27 00:00:00,2026-08-26 21:00:00,2026-08-27 05:00:00,0.85685,0.85717,0.85681,0.85706,0.0
2026-08-27 00:05:00,2026-08-26 21:05:00,2026-08-27 05:05:00,0.85674,0.85711,0.8566,0.8566,0.0
2026-08-27 00:10:00,2026-08-26 21:10:00,2026-08-27 05:10:00,0.85711,0.85714,0.8566,0.85663,0.0
2026-08-27 00:15:00,2026-08-26 21:15:00,2026-08-27 05:15:00,0.85664,0.85732,0.85664,0.85691,0.0
2026-08-27 00:20:00,2026-08-26 21:20:00,2026-08-27 05:20:00,0.85694,0.85737,0.85674,0.85691,0.0
2026-08-27 00:25:00,2026-08-26 21:25:00,2026-08-27 05:25:00,0.85691,0.85734,0.85687,0.85691,0.0
2026-08-27 00:30:00,2026-08-26 21:30:00,2026-08-27 05:30:00,0.85692,0.85732,0.85687,0.85693,0.0
2026-08-27 00:35:00,2026-08-26 21:35:00,2026-08-27 05:35:00,0.8569,0.85714,0.8569,0.85704,0.0
2026-08-27 00:40:00,2026-08-26 21:40:00,2026-08-27 05:40:00,0.85701,0.85724,0.8569,0.85716,0.0
2026-08-27 00:45:00,2026-08-26 21:45:00,2026-08-27 05:45:00,0.85726,0.8573,0.85691,0.85711,0.0
2026-08-27 00:50:00,2026-08-26 21:50:00,2026-08-27 05:50:00,0.85719,0.85727,0.85689,0.85712,0.0
2026-08-27 00:55:00,2026-08-26 21:55:00,2026-08-27 05:55:00,0.8572,0.85727,0.85681,0.85699,0.0
2026-08-27 01:00:00,2026-08-26 22:00:00,2026-08-27 06:00:00,0.85699,0.85726,0.85671,0.85713,0.0
2026-08-27 01:05:00,2026-08-26 22:05:00,2026-08-27 06:05:00,0.85709,0.85727,0.85707,0.85725,0.0
2026-08-27 01:10:00,2026-08-26 22:10:00,2026-08-27 06:10:00,0.85724,0.8573,0.85716,0.85724,0.0
2026-08-27 01:15:00,2026-08-26 22:15:00,2026-08-27 06:15:00,0.85722,0.85726,0.85714,0.85718,0.0
2026-08-27 01:20:00,2026-08-26 22:20:00,2026-08-27 06:20:00,0.85724,0.85727,0.8571,0.85722,0.0
2026-08-27 01:25:00,2026-08-26 22:25:00,2026-08-27 06:25:00,0.85723,0.8573,0.85719,0.85722,0.0
2026-08-27 01:30:00,2026-08-26 22:30:00,2026-08-27 06:30:00,0.85721,0.85726,0.85717,0.8572,0.0
2026-08-27 01:35:00,2026-08-26 22:35:00,2026-08-27 06:35:00,0.85721,0.85726,0.8571,0.85722,0.0
2026-08-27 01:40:00,2026-08-26 22:40:00,2026-08-27 06:40:00,0.85722,0.85725,0.85715,0.85718,0.0
2026-08-27 01:45:00,2026-08-26 22:45:00,2026-08-27 06:45:00,0.85717,0.85722,0.85707,0.8572,0.0
2026-08-27 01:50:00,2026-08-26 22:50:00,2026-08-27 06:50:00,0.85719,0.85722,0.85714,0.85717,0.0
2026-08-27 01:55:00,2026-08-26 22:55:00,2026-08-27 06:55:00,0.85722,0.85722,0.85709,0.85722,0.0
2026-08-27 02:00:00,2026-08-26 23:00:00,2026-08-27 07:00:00,0.85723,0.85724,0.85704,0.85716,0.0
2026-08-27 02:05:00,2026-08-26 23:05:00,2026-08-27 07:05:00,0.85719,0.8572,0.85714,0.85714,0.0
2026-08-27 02:10:00,2026-08-26 23:10:00,2026-08-27 07:10:00,0.85714,0.85721,0.8571,0.85714,0.0
2026-08-27 02:15:00,2026-08-26 23:15:00,2026-08-27 07:15:00,0.85714,0.85721,0.8571,0.85715,0.0
2026-08-27 02:20:00,2026-08-26 23:20:00,2026-08-27 07:20:00,0.85715,0.85721,0.8571,0.85717,0.0
2026-08-27 02:25:00,2026-08-26 23:25:00,2026-08-27 07:25:00,0.85717,0.85722,0.85714,0.85718,0.0
2026-08-27 02:30:00,2026-08-26 23:30:00,2026-08-27 07:30:00,0.85718,0.85723,0.85716,0.85722,0.0
2026-08-27 02:35:00,2026-08-26 23:35:00,2026-08-27 07:35:00,0.8572,0.8573,0.85717,0.85722,0.0
2026-08-27 02:40:00,2026-08-26 23:40:00,2026-08-27 07:40:00,0.85722,0.8573,0.8572,0.85723,0.0
2026-08-27 02:45:00,2026-08-26 23:45:00,2026-08-27 07:45:00,0.85723,0.8573,0.85718,0.85719,0.0
2026-08-27 02:50:00,2026-08-26 23:50:00,2026-08-27 07:50:00,0.85721,0.8573,0.85716,0.8572,0.0
2026-08-27 02:55:00,2026-08-26 23:55:00,2026-08-27 07:55:00,0.85717,0.85724,0.85714,0.85722,0.0
2026-08-27 03:00:00,2026-08-27 00:00:00,2026-08-27 08:00:00,0.85722,0.8574,0.85719,0.85734,0.0
2026-08-27 03:05:00,2026-08-27 00:05:00,2026-08-27 08:05:00,0.85735,0.85742,0.85732,0.85738,0.0
2026-08-27 03:10:00,2026-08-27 00:10:00,2026-08-27 08:10:00,0.85739,0.8575,0.85737,0.85747,0.0
2026-08-27 03:15:00,2026-08-27 00:15:00,2026-08-27 08:15:00,0.85748,0.8575,0.85744,0.85748,0.0
2026-08-27 03:20:00,2026-08-27 00:20:00,2026-08-27 08:20:00,0.85748,0.8575,0.85742,0.85749,0.0
2026-08-27 03:25:00,2026-08-27 00:25:00,2026-08-27 08:25:00,0.85747,0.85751,0.85745,0.85747,0.0
2026-08-27 03:30:00,2026-08-27 00:30:00,2026-08-27 08:30:00,0.85748,0.8575,0.85743,0.85746,0.0
2026-08-27 03:35:00,2026-08-27 00:35:00,2026-08-27 08:35:00,0.85746,0.85753,0.85742,0.8575,0.0
2026-08-27 03:40:00,2026-08-27 00:40:00,2026-08-27 08:40:00,0.8575,0.85755,0.85745,0.85751,0.0
2026-08-27 03:45:00,2026-08-27 00:45:00,2026-08-27 08:45:00,0.85752,0.8576,0.85748,0.85755,0.0
2026-08-27 03:50:00,2026-08-27 00:50:00,2026-08-27 08:50:00,0.85755,0.8576,0.85748,0.85751,0.0
2026-08-27 03:55:00,2026-08-27 00:55:00,2026-08-27 08:55:00,0.85752,0.8577,0.85748,0.85757,0.0
2026-08-27 04:00:00,2026-08-27 01:00:00,2026-08-27 09:00:00,0.85758,0.85762,0.85754,0.85761,0.0
2026-08-27 04:05:00,2026-08-27 01:05:00,2026-08-27 09:05:00,0.85761,0.8577,0.85758,0.85764,0.0
2026-08-27 04:10:00,2026-08-27 01:10:00,2026-08-27 09:10:00,0.85765,0.85772,0.85762,0.85769,0.0
2026-08-27 04:15:00,2026-08-27 01:15:00,2026-08-27 09:15:00,0.85769,0.85776,0.85764,0.85773,0.0
2026-08-27 04:20:00,2026-08-27 01:20:00,2026-08-27 09:20:00,0.85772,0.85775,0.8576,0.85762,0.0
2026-08-27 04:25:00,2026-08-27 01:25:00,2026-08-27 09:25:00,0.85762,0.8577,0.8576,0.85767,0.0
2026-08-27 04:30:00,2026-08-27 01:30:00,2026-08-27 09:30:00,0.85768,0.85772,0.85763,0.85771,0.0
2026-08-27 04:35:00,2026-08-27 01:35:00,2026-08-27 09:35:00,0.8577,0.85772,0.85762,0.85771,0.0
2026-08-27 04:40:00,2026-08-27 01:40:00,2026-08-27 09:40:00,0.85771,0.8578,0.85767,0.8577,0.0
2026-08-27 04:45:00,2026-08-27 01:45:00,2026-08-27 09:45:00,0.85771,0.85774,0.85763,0.85766,0.0
2026-08-27 04:50:00,2026-08-27 01:50:00,2026-08-27 09:50:00,0.85763,0.85773,0.85762,0.85768,0.0
2026-08-27 04:55:00,2026-08-27 01:55:00,2026-08-27 09:55:00,0.85768,0.8577,0.85761,0.85765,0.0
2026-08-27 05:00:00,2026-08-27 02:00:00,2026-08-27 10:00:00,0.85765,0.8577,0.8576,0.85766,0.0
2026-08-27 05:05:00,2026-08-27 02:05:00,2026-08-27 10:05:00,0.85766,0.8577,0.85761,0.85763,0.0
2026-08-27 05:10:00,2026-08-27 02:10:00,2026-08-27 10:10:00,0.85763,0.8577,0.85757,0.85761,0.0
2026-08-27 05:15:00,2026-08-27 02:15:00,2026-08-27 10:15:00,0.85762,0.85764,0.85757,0.8576,0.0
2026-08-27 05:20:00,2026-08-27 02:20:00,2026-08-27 10:20:00,0.8576,0.8577,0.85756,0.85764,0.0
2026-08-27 05:25:00,2026-08-27 02:25:00,2026-08-27 10:25:00,0.85765,0.8577,0.8576,0.85764,0.0
2026-08-27 05:30:00,2026-08-27 02:30:00,2026-08-27 10:30:00,0.85764,0.8577,0.8576,0.85766,0.0
2026-08-27 05:35:00,2026-08-27 02:35:00,2026-08-27 10:35:00,0.85766,0.8577,0.8576,0.85763,0.0
2026-08-27 05:40:00,2026-08-27 02:40:00,2026-08-27 10:40:00,0.85764,0.8577,0.85758,0.85759,0.0
2026-08-27 05:45:00,2026-08-27 02:45:00,2026-08-27 10:45:00,0.85759,0.85762,0.85754,0.8576,0.0
2026-08-27 05:50:00,2026-08-27 02:50:00,2026-08-27 10:50:00,0.8576,0.85762,0.8575,0.85759,0.0
2026-08-27 05:55:00,2026-08-27 02:55:00,2026-08-27 10:55:00,0.85759,0.85761,0.85754,0.85758,0.0
2026-08-27 06:00:00,2026-08-27 03:00:00,2026-08-27 11:00:00,0.85758,0.8576,0.85751,0.85756,0.0
2026-08-27 06:05:00,2026-08-27 03:05:00,2026-08-27 11:05:00,0.85757,0.8576,0.85754,0.85757,0.0
2026-08-27 06:10:00,2026-08-27 03:10:00,2026-08-27 11:10:00,0.85757,0.8576,0.8575,0.85753,0.0
2026-08-27 06:15:00,2026-08-27 03:15:00,2026-08-27 11:15:00,0.85753,0.8576,0.85746,0.85755,0.0
2026-08-27 06:20:00,2026-08-27 03:20:00,2026-08-27 11:20:00,0.85755,0.8576,0.85746,0.85751,0.0
2026-08-27 06:25:00,2026-08-27 03:25:00,2026-08-27 11:25:00,0.85751,0.85755,0.85747,0.85752,0.0
2026-08-27 06:30:00,2026-08-27 03:30:00,2026-08-27 11:30:00,0.85752,0.8576,0.85749,0.85757,0.0
2026-08-27 06:35:00,2026-08-27 03:35:00,2026-08-27 11:35:00,0.85757,0.85762,0.85754,0.8576,0.0
2026-08-27 06:40:00,2026-08-27 03:40:00,2026-08-27 11:40:00,0.85761,0.85765,0.85756,0.85762,0.0
2026-08-27 06:45:00,2026-08-27 03:45:00,2026-08-27 11:45:00,0.85762,0.8577,0.85757,0.85764,0.0
2026-08-27 06:50:00,2026-08-27 03:50:00,2026-08-27 11:50:00,0.85764,0.8577,0.8576,0.85766,0.0
2026-08-27 06:55:00,2026-08-27 03:55:00,2026-08-27 11:55:00,0.85766,0.85773,0.85764,0.85772,0.0
2026-08-27 07:00:00,2026-08-27 04:00:00,2026-08-27 12:00:00,0.8577,0.85772,0.85763,0.85768,0.0
2026-08-27 07:05:00,2026-08-27 04:05:00,2026-08-27 12:05:00,0.85769,0.8577,0.85762,0.85764,0.0
2026-08-27 07:10:00,2026-08-27 04:10:00,2026-08-27 12:10:00,0.85765,0.85765,0.85757,0.85763,0.0
2026-08-27 07:15:00,2026-08-27 04:15:00,2026-08-27 12:15:00,0.85763,0.8577,0.8576,0.85768,0.0
2026-08-27 07:20:00,2026-08-27 04:20:00,2026-08-27 12:20:00,0.85768,0.8577,0.85763,0.85768,0.0
2026-08-27 07:25:00,2026-08-27 04:25:00,2026-08-27 12:25:00,0.8577,0.85771,0.8576,0.85764,0.0
2026-08-27 07:30:00,2026-08-27 04:30:00,2026-08-27 12:30:00,0.85766,0.85772,0.85762,0.85772,0.0
2026-08-27 07:35:00,2026-08-27 04:35:00,2026-08-27 12:35:00,0.85772,0.8578,0.85769,0.85774,0.0
2026-08-27 07:40:00,2026-08-27 04:40:00,2026-08-27 12:40:00,0.85775,0.8578,0.8577,0.85777,0.0
2026-08-27 07:45:00,2026-08-27 04:45:00,2026-08-27 12:45:00,0.85776,0.8578,0.85769,0.85774,0.0
2026-08-27 07:50:00,2026-08-27 04:50:00,2026-08-27 12:50:00,0.85774,0.8578,0.85771,0.85774,0.0
2026-08-27 07:55:00,2026-08-27 04:55:00,2026-08-27 12:55:00,0.85776,0.85781,0.85775,0.85781,0.0
2026-08-27 08:00:00,2026-08-27 05:00:00,2026-08-27 13:00:00,0.8578,0.85782,0.85775,0.85779,0.0
2026-08-27 08:05:00,2026-08-27 05:05:00,2026-08-27 13:05:00,0.85779,0.85782,0.85776,0.85781,0.0
2026-08-27 08:10:00,2026-08-27 05:10:00,2026-08-27 13:10:00,0.85781,0.85785,0.85777,0.85783,0.0
2026-08-27 08:15:00,2026-08-27 05:15:00,2026-08-27 13:15:00,0.85784,0.85784,0.85776,0.85781,0.0
2026-08-27 08:20:00,2026-08-27 05:20:00,2026-08-27 13:20:00,0.85781,0.85782,0.85774,0.85778,0.0
2026-08-27 08:25:00,2026-08-27 05:25:00,2026-08-27 13:25:00,0.85778,0.8578,0.8577,0.85774,0.0
2026-08-27 08:30:00,2026-08-27 05:30:00,2026-08-27 13:30:00,0.85774,0.8578,0.8577,0.85774,0.0
2026-08-27 08:35:00,2026-08-27 05:35:00,2026-08-27 13:35:00,0.85777,0.8578,0.85769,0.85771,0.0
2026-08-27 08:40:00,2026-08-27 05:40:00,2026-08-27 13:40:00,0.8577,0.8578,0.85766,0.85773,0.0
2026-08-27 08:45:00,2026-08-27 05:45:00,2026-08-27 13:45:00,0.85772,0.85774,0.85769,0.85771,0.0
2026-08-27 08:50:00,2026-08-27 05:50:00,2026-08-27 13:50:00,0.8577,0.85774,0.85759,0.85764,0.0
2026-08-27 08:55:00,2026-08-27 05:55:00,2026-08-27 13:55:00,0.85763,0.8577,0.85757,0.85765,0.0
2026-08-27 09:00:00,2026-08-27 06:00:00,2026-08-27 14:00:00,0.85764,0.85765,0.8575,0.85762,0.0
2026-08-27 09:05:00,2026-08-27 06:05:00,2026-08-27 14:05:00,0.85762,0.8577,0.85757,0.85759,0.0
2026-08-27 09:10:00,2026-08-27 06:10:00,2026-08-27 14:10:00,0.85759,0.85763,0.85755,0.85761,0.0
2026-08-27 09:15:00,2026-08-27 06:15:00,2026-08-27 14:15:00,0.85761,0.85762,0.8575,0.85757,0.0
2026-08-27 09:20:00,2026-08-27 06:20:00,2026-08-27 14:20:00,0.85757,0.8576,0.85753,0.8576,0.0
2026-08-27 09:25:00,2026-08-27 06:25:00,2026-08-27 14:25:00,0.8576,0.85761,0.85754,0.8576,0.0
2026-08-27 09:30:00,2026-08-27 06:30:00,2026-08-27 14:30:00,0.8576,0.85765,0.85754,0.85765,0.0
2026-08-27 09:35:00,2026-08-27 06:35:00,2026-08-27 14:35:00,0.85765,0.8577,0.8576,0.8577,0.0
2026-08-27 09:40:00,2026-08-27 06:40:00,2026-08-27 14:40:00,0.8577,0.8577,0.85753,0.85755,0.0
2026-08-27 09:45:00,2026-08-27 06:45:00,2026-08-27 14:45:00,0.85755,0.8577,0.85752,0.85764,0.0
2026-08-27 09:50:00,2026-08-27 06:50:00,2026-08-27 14:50:00,0.85765,0.8577,0.85756,0.85766,0.0
2026-08-27 09:55:00,2026-08-27 06:55:00,2026-08-27 14:55:00,0.85765,0.8577,0.85751,0.85752,0.0
2026-08-27 10:00:00,2026-08-27 07:00:00,2026-08-27 15:00:00,0.85752,0.85754,0.85739,0.85741,0.0
2026-08-27 10:05:00,2026-08-27 07:05:00,2026-08-27 15:05:00,0.85741,0.85745,0.85736,0.85739,0.0
2026-08-27 10:10:00,2026-08-27 07:10:00,2026-08-27 15:10:00,0.85739,0.8574,0.85725,0.85732,0.0
2026-08-27 10:15:00,2026-08-27 07:15:00,2026-08-27 15:15:00,0.85732,0.85751,0.8573,0.85745,0.0
2026-08-27 10:20:00,2026-08-27 07:20:00,2026-08-27 15:20:00,0.85747,0.85761,0.85744,0.85754,0.0
2026-08-27 10:25:00,2026-08-27 07:25:00,2026-08-27 15:25:00,0.85752,0.85761,0.85745,0.85759,0.0
2026-08-27 10:30:00,2026-08-27 07:30:00,2026-08-27 15:30:00,0.85761,0.85763,0.85742,0.85745,0.0
2026-08-27 10:35:00,2026-08-27 07:35:00,2026-08-27 15:35:00,0.85745,0.85762,0.8574,0.85756,0.0
2026-08-27 10:40:00,2026-08-27 07:40:00,2026-08-27 15:40:00,0.85756,0.8576,0.85748,0.8575,0.0
2026-08-27 10:45:00,2026-08-27 07:45:00,2026-08-27 15:45:00,0.85752,0.8577,0.85747,0.85762,0.0
2026-08-27 10:50:00,2026-08-27 07:50:00,2026-08-27 15:50:00,0.85762,0.8577,0.85752,0.85764,0.0
2026-08-27 10:55:00,2026-08-27 07:55:00,2026-08-27 15:55:00,0.85764,0.85785,0.85764,0.85777,0.0
2026-08-27 11:00:00,2026-08-27 08:00:00,2026-08-27 16:00:00,0.85777,0.85781,0.85757,0.85761,0.0
2026-08-27 11:05:00,2026-08-27 08:05:00,2026-08-27 16:05:00,0.85761,0.85764,0.85748,0.85752,0.0
2026-08-27 11:10:00,2026-08-27 08:10:00,2026-08-27 16:10:00,0.85752,0.8576,0.85749,0.85755,0.0
2026-08-27 11:15:00,2026-08-27 08:15:00,2026-08-27 16:15:00,0.85753,0.85761,0.8575,0.8576,0.0
2026-08-27 11:20:00,2026-08-27 08:20:00,2026-08-27 16:20:00,0.85759,0.85766,0.85749,0.85759,0.0
2026-08-27 11:25:00,2026-08-27 08:25:00,2026-08-27 16:25:00,0.85758,0.8577,0.85754,0.85756,0.0
2026-08-27 11:30:00,2026-08-27 08:30:00,2026-08-27 16:30:00,0.85756,0.85762,0.85751,0.85759,0.0
2026-08-27 11:35:00,2026-08-27 08:35:00,2026-08-27 16:35:00,0.85758,0.85784,0.85754,0.85783,0.0
2026-08-27 11:40:00,2026-08-27 08:40:00,2026-08-27 16:40:00,0.85783,0.8579,0.85765,0.85772,0.0
2026-08-27 11:45:00,2026-08-27 08:45:00,2026-08-27 16:45:00,0.85771,0.85775,0.85763,0.85771,0.0
2026-08-27 11:50:00,2026-08-27 08:50:00,2026-08-27 16:50:00,0.85771,0.85781,0.85765,0.85773,0.0
2026-08-27 11:55:00,2026-08-27 08:55:00,2026-08-27 16:55:00,0.85774,0.8578,0.85764,0.85776,0.0
2026-08-27 12:00:00,2026-08-27 09:00:00,2026-08-27 17:00:00,0.85774,0.8579,0.85767,0.85783,0.0
2026-08-27 12:05:00,2026-08-27 09:05:00,2026-08-27 17:05:00,0.85783,0.85784,0.8577,0.85772,0.0
2026-08-27 12:10:00,2026-08-27 09:10:00,2026-08-27 17:10:00,0.85772,0.8578,0.85768,0.85773,0.0
2026-08-27 12:15:00,2026-08-27 09:15:00,2026-08-27 17:15:00,0.8577,0.8578,0.85764,0.85774,0.0
2026-08-27 12:20:00,2026-08-27 09:20:00,2026-08-27 17:20:00,0.85774,0.85776,0.85758,0.85764,0.0
2026-08-27 12:25:00,2026-08-27 09:25:00,2026-08-27 17:25:00,0.85764,0.8577,0.85755,0.85762,0.0
2026-08-27 12:30:00,2026-08-27 09:30:00,2026-08-27 17:30:00,0.85762,0.85773,0.85756,0.8576,0.0
2026-08-27 12:35:00,2026-08-27 09:35:00,2026-08-27 17:35:00,0.8576,0.85775,0.85748,0.85769,0.0
2026-08-27 12:40:00,2026-08-27 09:40:00,2026-08-27 17:40:00,0.8577,0.8578,0.8575,0.85755,0.0
2026-08-27 12:45:00,2026-08-27 09:45:00,2026-08-27 17:45:00,0.85756,0.85761,0.8575,0.85756,0.0
2026-08-27 12:50:00,2026-08-27 09:50:00,2026-08-27 17:50:00,0.85756,0.85761,0.85742,0.85744,0.0
2026-08-27 12:55:00,2026-08-27 09:55:00,2026-08-27 17:55:00,0.85747,0.85756,0.8574,0.85752,0.0
2026-08-27 13:00:00,2026-08-27 10:00:00,2026-08-27 18:00:00,0.85751,0.8577,0.85747,0.85763,0.0
2026-08-27 13:05:00,2026-08-27 10:05:00,2026-08-27 18:05:00,0.85763,0.85765,0.85748,0.85749,0.0
2026-08-27 13:10:00,2026-08-27 10:10:00,2026-08-27 18:10:00,0.85749,0.8576,0.85745,0.85757,0.0
2026-08-27 13:15:00,2026-08-27 10:15:00,2026-08-27 18:15:00,0.85757,0.85764,0.85753,0.85764,0.0
2026-08-27 13:20:00,2026-08-27 10:20:00,2026-08-27 18:20:00,0.85763,0.85765,0.85756,0.85759,0.0
2026-08-27 13:25:00,2026-08-27 10:25:00,2026-08-27 18:25:00,0.85759,0.85764,0.85747,0.85747,0.0
2026-08-27 13:30:00,2026-08-27 10:30:00,2026-08-27 18:30:00,0.85749,0.8575,0.85738,0.85744,0.0
2026-08-27 13:35:00,2026-08-27 10:35:00,2026-08-27 18:35:00,0.85744,0.85745,0.85728,0.8574,0.0
2026-08-27 13:40:00,2026-08-27 10:40:00,2026-08-27 18:40:00,0.8574,0.85753,0.85735,0.85746,0.0
2026-08-27 13:45:00,2026-08-27 10:45:00,2026-08-27 18:45:00,0.85746,0.8575,0.8573,0.85743,0.0
2026-08-27 13:50:00,2026-08-27 10:50:00,2026-08-27 18:50:00,0.85742,0.8575,0.85723,0.85728,0.0
2026-08-27 13:55:00,2026-08-27 10:55:00,2026-08-27 18:55:00,0.85728,0.85743,0.85721,0.85741,0.0
2026-08-27 14:00:00,2026-08-27 11:00:00,2026-08-27 19:00:00,0.85741,0.85753,0.8573,0.85731,0.0
2026-08-27 14:05:00,2026-08-27 11:05:00,2026-08-27 19:05:00,0.85731,0.85735,0.85724,0.85726,0.0
2026-08-27 14:10:00,2026-08-27 11:10:00,2026-08-27 19:10:00,0.85726,0.8573,0.85712,0.85716,0.0
2026-08-27 14:15:00,2026-08-27 11:15:00,2026-08-27 19:15:00,0.85715,0.8572,0.85705,0.85707,0.0
2026-08-27 14:20:00,2026-08-27 11:20:00,2026-08-27 19:20:00,0.85707,0.8572,0.85698,0.85709,0.0
2026-08-27 14:25:00,2026-08-27 11:25:00,2026-08-27 19:25:00,0.85709,0.8572,0.85701,0.85715,0.0
2026-08-27 14:30:00,2026-08-27 11:30:00,2026-08-27 19:30:00,0.85716,0.85735,0.85713,0.8573,0.0
2026-08-27 14:35:00,2026-08-27 11:35:00,2026-08-27 19:35:00,0.85729,0.85742,0.85725,0.8574,0.0
2026-08-27 14:40:00,2026-08-27 11:40:00,2026-08-27 19:40:00,0.8574,0.85752,0.85737,0.85745,0.0
2026-08-27 14:45:00,2026-08-27 11:45:00,2026-08-27 19:45:00,0.85745,0.85754,0.85741,0.85746,0.0
2026-08-27 14:50:00,2026-08-27 11:50:00,2026-08-27 19:50:00,0.85744,0.8575,0.85734,0.85742,0.0
2026-08-27 14:55:00,2026-08-27 11:55:00,2026-08-27 19:55:00,0.85742,0.85743,0.85727,0.85734,0.0
2026-08-27 15:00:00,2026-08-27 12:00:00,2026-08-27 20:00:00,0.85734,0.85753,0.85728,0.85752,0.0
2026-08-27 15:05:00,2026-08-27 12:05:00,2026-08-27 20:05:00,0.85751,0.85753,0.85735,0.85738,0.0
2026-08-27 15:10:00,2026-08-27 12:10:00,2026-08-27 20:10:00,0.85738,0.85743,0.85729,0.85732,0.0
2026-08-27 15:15:00,2026-08-27 12:15:00,2026-08-27 20:15:00,0.85731,0.8574,0.85725,0.85737,0.0
2026-08-27 15:20:00,2026-08-27 12:20:00,2026-08-27 20:20:00,0.85738,0.8575,0.85723,0.85731,0.0
2026-08-27 15:25:00,2026-08-27 12:25:00,2026-08-27 20:25:00,0.85731,0.85736,0.85691,0.85726,0.0
2026-08-27 15:30:00,2026-08-27 12:30:00,2026-08-27 20:30:00,0.85727,0.8574,0.85701,0.85738,0.0
2026-08-27 15:35:00,2026-08-27 12:35:00,2026-08-27 20:35:00,0.85738,0.8575,0.85725,0.85743,0.0
2026-08-27 15:40:00,2026-08-27 12:40:00,2026-08-27 20:40:00,0.85743,0.85751,0.85734,0.85741,0.0
2026-08-27 15:45:00,2026-08-27 12:45:00,2026-08-27 20:45:00,0.85741,0.8576,0.85738,0.85753,0.0
2026-08-27 15:50:00,2026-08-27 12:50:00,2026-08-27 20:50:00,0.85752,0.85764,0.85747,0.85761,0.0
2026-08-27 15:55:00,2026-08-27 12:55:00,2026-08-27 20:55:00,0.8576,0.85761,0.8575,0.85758,0.0
2026-08-27 16:00:00,2026-08-27 13:00:00,2026-08-27 21:00:00,0.85758,0.8576,0.85734,0.85738,0.0
2026-08-27 16:05:00,2026-08-27 13:05:00,2026-08-27 21:05:00,0.85736,0.8574,0.8573,0.85734,0.0
2026-08-27 16:10:00,2026-08-27 13:10:00,2026-08-27 21:10:00,0.85734,0.8574,0.8571,0.85728,0.0
2026-08-27 16:15:00,2026-08-27 13:15:00,2026-08-27 21:15:00,0.85728,0.85731,0.85712,0.85721,0.0
2026-08-27 16:20:00,2026-08-27 13:20:00,2026-08-27 21:20:00,0.85721,0.85741,0.85717,0.85727,0.0
2026-08-27 16:25:00,2026-08-27 13:25:00,2026-08-27 21:25:00,0.85727,0.8573,0.85706,0.85728,0.0
2026-08-27 16:30:00,2026-08-27 13:30:00,2026-08-27 21:30:00,0.85727,0.85734,0.85715,0.85723,0.0
2026-08-27 16:35:00,2026-08-27 13:35:00,2026-08-27 21:35:00,0.85724,0.8573,0.85706,0.85708,0.0
2026-08-27 16:40:00,2026-08-27 13:40:00,2026-08-27 21:40:00,0.85708,0.8573,0.85703,0.85727,0.0
2026-08-27 16:45:00,2026-08-27 13:45:00,2026-08-27 21:45:00,0.85728,0.8574,0.85723,0.85724,0.0
2026-08-27 16:50:00,2026-08-27 13:50:00,2026-08-27 21:50:00,0.85723,0.85737,0.85718,0.85734,0.0
2026-08-27 16:55:00,2026-08-27 13:55:00,2026-08-27 21:55:00,0.85734,0.8574,0.85722,0.85735,0.0
2026-08-27 17:00:00,2026-08-27 14:00:00,2026-08-27 22:00:00,0.85735,0.85748,0.85729,0.85736,0.0
2026-08-27 17:05:00,2026-08-27 14:05:00,2026-08-27 22:05:00,0.85736,0.85747,0.8572,0.85735,0.0
2026-08-27 17:10:00,2026-08-27 14:10:00,2026-08-27 22:10:00,0.85736,0.8574,0.85728,0.85737,0.0
2026-08-27 17:15:00,2026-08-27 14:15:00,2026-08-27 22:15:00,0.85736,0.85741,0.85722,0.85735,0.0
2026-08-27 17:20:00,2026-08-27 14:20:00,2026-08-27 22:20:00,0.85735,0.85752,0.85731,0.85751,0.0
2026-08-27 17:25:00,2026-08-27 14:25:00,2026-08-27 22:25:00,0.85751,0.85762,0.85745,0.85753,0.0
2026-08-27 17:30:00,2026-08-27 14:30:00,2026-08-27 22:30:00,0.85754,0.85764,0.85744,0.85755,0.0
2026-08-27 17:35:00,2026-08-27 14:35:00,2026-08-27 22:35:00,0.85755,0.8576,0.85748,0.85758,0.0
2026-08-27 17:40:00,2026-08-27 14:40:00,2026-08-27 22:40:00,0.85758,0.85763,0.8575,0.85755,0.0
2026-08-27 17:45:00,2026-08-27 14:45:00,2026-08-27 22:45:00,0.85756,0.8577,0.8575,0.85766,0.0
2026-08-27 17:50:00,2026-08-27 14:50:00,2026-08-27 22:50:00,0.85766,0.85781,0.8576,0.85767,0.0
2026-08-27 17:55:00,2026-08-27 14:55:00,2026-08-27 22:55:00,0.85768,0.85771,0.85729,0.85739,0.0
2026-08-27 18:00:00,2026-08-27 15:00:00,2026-08-27 23:00:00,0.85738,0.85753,0.85735,0.85751,0.0
2026-08-27 18:05:00,2026-08-27 15:05:00,2026-08-27 23:05:00,0.85751,0.85756,0.85744,0.85756,0.0
2026-08-27 18:10:00,2026-08-27 15:10:00,2026-08-27 23:10:00,0.85756,0.85756,0.85744,0.85746,0.0
2026-08-27 18:15:00,2026-08-27 15:15:00,2026-08-27 23:15:00,0.85746,0.8576,0.8574,0.85748,0.0
2026-08-27 18:20:00,2026-08-27 15:20:00,2026-08-27 23:20:00,0.85748,0.85751,0.85737,0.85742,0.0
2026-08-27 18:25:00,2026-08-27 15:25:00,2026-08-27 23:25:00,0.85743,0.8575,0.85736,0.85738,0.0
2026-08-27 18:30:00,2026-08-27 15:30:00,2026-08-27 23:30:00,0.85738,0.8576,0.85735,0.85746,0.0
2026-08-27 18:35:00,2026-08-27 15:35:00,2026-08-27 23:35:00,0.85746,0.8575,0.85727,0.8573,0.0
2026-08-27 18:40:00,2026-08-27 15:40:00,2026-08-27 23:40:00,0.85729,0.85731,0.85723,0.85726,0.0
2026-08-27 18:45:00,2026-08-27 15:45:00,2026-08-27 23:45:00,0.85726,0.8573,0.85708,0.85714,0.0
2026-08-27 18:50:00,2026-08-27 15:50:00,2026-08-27 23:50:00,0.85714,0.85715,0.85704,0.85708,0.0
2026-08-27 18:55:00,2026-08-27 15:55:00,2026-08-27 23:55:00,0.85708,0.85712,0.8569,0.85696,0.0
2026-08-27 19:00:00,2026-08-27 16:00:00,2026-08-28 00:00:00,0.85696,0.85698,0.85686,0.85688,0.0
2026-08-27 19:05:00,2026-08-27 16:05:00,2026-08-28 00:05:00,0.85688,0.857,0.85684,0.85695,0.0
2026-08-27 19:10:00,2026-08-27 16:10:00,2026-08-28 00:10:00,0.85695,0.85701,0.8569,0.85698,0.0
2026-08-27 19:15:00,2026-08-27 16:15:00,2026-08-28 00:15:00,0.85698,0.85703,0.8569,0.85697,0.0
2026-08-27 19:20:00,2026-08-27 16:20:00,2026-08-28 00:20:00,0.85698,0.8571,0.8569,0.85703,0.0
2026-08-27 19:25:00,2026-08-27 16:25:00,2026-08-28 00:25:00,0.85704,0.85705,0.85685,0.85686,0.0
2026-08-27 19:30:00,2026-08-27 16:30:00,2026-08-28 00:30:00,0.85686,0.85691,0.85683,0.85688,0.0
2026-08-27 19:35:00,2026-08-27 16:35:00,2026-08-28 00:35:00,0.85688,0.85694,0.85682,0.85694,0.0
2026-08-27 19:40:00,2026-08-27 16:40:00,2026-08-28 00:40:00,0.85693,0.85701,0.85689,0.85701,0.0
2026-08-27 19:45:00,2026-08-27 16:45:00,2026-08-28 00:45:00,0.85701,0.8571,0.85697,0.85706,0.0
2026-08-27 19:50:00,2026-08-27 16:50:00,2026-08-28 00:50:00,0.85706,0.8571,0.85698,0.85706,0.0
2026-08-27 19:55:00,2026-08-27 16:55:00,2026-08-28 00:55:00,0.85706,0.8573,0.85706,0.85719,0.0
2026-08-27 20:00:00,2026-08-27 17:00:00,2026-08-28 01:00:00,0.85719,0.8572,0.85709,0.85712,0.0
2026-08-27 20:05:00,2026-08-27 17:05:00,2026-08-28 01:05:00,0.85712,0.85723,0.85709,0.8572,0.0
2026-08-27 20:10:00,2026-08-27 17:10:00,2026-08-28 01:10:00,0.8572,0.85721,0.85712,0.85719,0.0
2026-08-27 20:15:00,2026-08-27 17:15:00,2026-08-28 01:15:00,0.85719,0.8572,0.8571,0.8572,0.0
2026-08-27 20:20:00,2026-08-27 17:20:00,2026-08-28 01:20:00,0.8572,0.85724,0.85713,0.85722,0.0
2026-08-27 20:25:00,2026-08-27 17:25:00,2026-08-28 01:25:00,0.85721,0.85725,0.85715,0.8572,0.0
2026-08-27 20:30:00,2026-08-27 17:30:00,2026-08-28 01:30:00,0.85719,0.85721,0.85712,0.85718,0.0
2026-08-27 20:35:00,2026-08-27 17:35:00,2026-08-28 01:35:00,0.85719,0.85722,0.85708,0.85711,0.0
2026-08-27 20:40:00,2026-08-27 17:40:00,2026-08-28 01:40:00,0.85711,0.8572,0.85708,0.85715,0.0
2026-08-27 20:45:00,2026-08-27 17:45:00,2026-08-28 01:45:00,0.85714,0.8572,0.85709,0.85712,0.0
2026-08-27 20:50:00,2026-08-27 17:50:00,2026-08-28 01:50:00,0.85712,0.8572,0.8571,0.85716,0.0
2026-08-27 20:55:00,2026-08-27 17:55:00,2026-08-28 01:55:00,0.85716,0.85731,0.85714,0.85725,0.0
2026-08-27 21:00:00,2026-08-27 18:00:00,2026-08-28 02:00:00,0.85726,0.8573,0.85719,0.85723,0.0
2026-08-27 21:05:00,2026-08-27 18:05:00,2026-08-28 02:05:00,0.85723,0.8573,0.85715,0.85722,0.0
2026-08-27 21:10:00,2026-08-27 18:10:00,2026-08-28 02:10:00,0.85722,0.8573,0.85718,0.85725,0.0
2026-08-27 21:15:00,2026-08-27 18:15:00,2026-08-28 02:15:00,0.85725,0.85732,0.8572,0.85731,0.0
2026-08-27 21:20:00,2026-08-27 18:20:00,2026-08-28 02:20:00,0.85731,0.8574,0.85729,0.85736,0.0
2026-08-27 21:25:00,2026-08-27 18:25:00,2026-08-28 02:25:00,0.85736,0.85741,0.85735,0.85738,0.0
2026-08-27 21:30:00,2026-08-27 18:30:00,2026-08-28 02:30:00,0.85738,0.8575,0.85735,0.85743,0.0
2026-08-27 21:35:00,2026-08-27 18:35:00,2026-08-28 02:35:00,0.85743,0.85744,0.8573,0.85736,0.0
2026-08-27 21:40:00,2026-08-27 18:40:00,2026-08-28 02:40:00,0.85736,0.8574,0.85731,0.85737,0.0
2026-08-27 21:45:00,2026-08-27 18:45:00,2026-08-28 02:45:00,0.85737,0.8574,0.85727,0.8573,0.0
2026-08-27 21:50:00,2026-08-27 18:50:00,2026-08-28 02:50:00,0.85731,0.85734,0.85724,0.85731,0.0
2026-08-27 21:55:00,2026-08-27 18:55:00,2026-08-28 02:55:00,0.85731,0.85731,0.85715,0.85726,0.0
2026-08-27 22:00:00,2026-08-27 19:00:00,2026-08-28 03:00:00,0.85726,0.85731,0.8572,0.85727,0.0
2026-08-27 22:05:00,2026-08-27 19:05:00,2026-08-28 03:05:00,0.85726,0.85732,0.85723,0.85731,0.0
2026-08-27 22:10:00,2026-08-27 19:10:00,2026-08-28 03:10:00,0.85731,0.85733,0.85723,0.8573,0.0
2026-08-27 22:15:00,2026-08-27 19:15:00,2026-08-28 03:15:00,0.85729,0.85733,0.85724,0.8573,0.0
2026-08-27 22:20:00,2026-08-27 19:20:00,2026-08-28 03:20:00,0.85729,0.85732,0.85725,0.85731,0.0
2026-08-27 22:25:00,2026-08-27 19:25:00,2026-08-28 03:25:00,0.85731,0.85733,0.85725,0.85731,0.0
2026-08-27 22:30:00,2026-08-27 19:30:00,2026-08-28 03:30:00,0.85731,0.85735,0.85727,0.85734,0.0
2026-08-27 22:35:00,2026-08-27 19:35:00,2026-08-28 03:35:00,0.85734,0.8574,0.85729,0.85735,0.0
2026-08-27 22:40:00,2026-08-27 19:40:00,2026-08-28 03:40:00,0.85735,0.8574,0.85729,0.85736,0.0
2026-08-27 22:45:00,2026-08-27 19:45:00,2026-08-28 03:45:00,0.85736,0.8574,0.85731,0.85737,0.0
2026-08-27 22:50:00,2026-08-27 19:50:00,2026-08-28 03:50:00,0.85737,0.85741,0.85731,0.85735,0.0
2026-08-27 22:55:00,2026-08-27 19:55:00,2026-08-28 03:55:00,0.85736,0.8574,0.85725,0.8573,0.0
2026-08-27 23:00:00,2026-08-27 20:00:00,2026-08-28 04:00:00,0.8573,0.85734,0.85726,0.8573,0.0
2026-08-27 23:05:00,2026-08-27 20:05:00,2026-08-28 04:05:00,0.8573,0.85734,0.85724,0.85731,0.0
2026-08-27 23:10:00,2026-08-27 20:10:00,2026-08-28 04:10:00,0.85731,0.85731,0.85719,0.85723,0.0
2026-08-27 23:15:00,2026-08-27 20:15:00,2026-08-28 04:15:00,0.8572,0.85726,0.85713,0.85724,0.0
2026-08-27 23:20:00,2026-08-27 20:20:00,2026-08-28 04:20:00,0.85723,0.8573,0.85718,0.8572,0.0
2026-08-27 23:25:00,2026-08-27 20:25:00,2026-08-28 04:25:00,0.85724,0.85724,0.85717,0.85723,0.0
2026-08-27 23:30:00,2026-08-27 20:30:00,2026-08-28 04:30:00,0.85719,0.85724,0.85716,0.85721,0.0
2026-08-27 23:35:00,2026-08-27 20:35:00,2026-08-28 04:35:00,0.85722,0.85723,0.85714,0.85719,0.0
2026-08-27 23:40:00,2026-08-27 20:40:00,2026-08-28 04:40:00,0.85718,0.85726,0.85714,0.85724,0.0
2026-08-27 23:45:00,2026-08-27 20:45:00,2026-08-28 04:45:00,0.85724,0.85725,0.85715,0.85716,0.0
2026-08-27 23:50:00,2026-08-27 20:50:00,2026-08-28 04:50:00,0.85716,0.8572,0.85711,0.8572,0.0
2026-08-27 23:55:00,2026-08-27 20:55:00,2026-08-28 04:55:00,0.8572,0.8572,0.85686,0.85705,0.0
2026-08-28 00:00:00,2026-08-27 21:00:00,2026-08-28 05:00:00,0.85716,0.85738,0.85681,0.85738,0.0
2026-08-28 00:05:00,2026-08-27 21:05:00,2026-08-28 05:05:00,0.8568,0.85748,0.85677,0.85689,0.0
2026-08-28 00:10:00,2026-08-27 21:10:00,2026-08-28 05:10:00,0.8568,0.85737,0.85677,0.85709,0.0
2026-08-28 00:15:00,2026-08-27 21:15:00,2026-08-28 05:15:00,0.85683,0.8574,0.85683,0.8571,0.0
2026-08-28 00:20:00,2026-08-27 21:20:00,2026-08-28 05:20:00,0.8571,0.85732,0.85668,0.85702,0.0
2026-08-28 00:25:00,2026-08-27 21:25:00,2026-08-28 05:25:00,0.85702,0.85725,0.85671,0.85676,0.0
2026-08-28 00:30:00,2026-08-27 21:30:00,2026-08-28 05:30:00,0.85701,0.85733,0.85661,0.85702,0.0
2026-08-28 00:35:00,2026-08-27 21:35:00,2026-08-28 05:35:00,0.85702,0.85717,0.8568,0.85713,0.0
2026-08-28 00:40:00,2026-08-27 21:40:00,2026-08-28 05:40:00,0.8571,0.8573,0.8568,0.85718,0.0
2026-08-28 00:45:00,2026-08-27 21:45:00,2026-08-28 05:45:00,0.85718,0.85734,0.85693,0.85708,0.0
2026-08-28 00:50:00,2026-08-27 21:50:00,2026-08-28 05:50:00,0.8571,0.85731,0.85705,0.85714,0.0
2026-08-28 00:55:00,2026-08-27 21:55:00,2026-08-28 05:55:00,0.85714,0.8575,0.85688,0.85705,0.0
2026-08-28 01:00:00,2026-08-27 22:00:00,2026-08-28 06:00:00,0.857,0.85727,0.85683,0.85712,0.0
2026-08-28 01:05:00,2026-08-27 22:05:00,2026-08-28 06:05:00,0.85719,0.85722,0.85708,0.85722,0.0
2026-08-28 01:10:00,2026-08-27 22:10:00,2026-08-28 06:10:00,0.85722,0.85722,0.85712,0.85716,0.0
2026-08-28 01:15:00,2026-08-27 22:15:00,2026-08-28 06:15:00,0.85721,0.85722,0.85713,0.85715,0.0
2026-08-28 01:20:00,2026-08-27 22:20:00,2026-08-28 06:20:00,0.85715,0.8572,0.8571,0.85714,0.0
2026-08-28 01:25:00,2026-08-27 22:25:00,2026-08-28 06:25:00,0.85714,0.8572,0.8571,0.85717,0.0
2026-08-28 01:30:00,2026-08-27 22:30:00,2026-08-28 06:30:00,0.85716,0.8572,0.8571,0.85711,0.0
2026-08-28 01:35:00,2026-08-27 22:35:00,2026-08-28 06:35:00,0.8571,0.85716,0.85709,0.85715,0.0
2026-08-28 01:40:00,2026-08-27 22:40:00,2026-08-28 06:40:00,0.85712,0.85715,0.85708,0.85708,0.0
2026-08-28 01:45:00,2026-08-27 22:45:00,2026-08-28 06:45:00,0.85708,0.85714,0.85707,0.85712,0.0
2026-08-28 01:50:00,2026-08-27 22:50:00,2026-08-28 06:50:00,0.85708,0.8572,0.85708,0.85709,0.0
2026-08-28 01:55:00,2026-08-27 22:55:00,2026-08-28 06:55:00,0.8571,0.85714,0.85708,0.8571,0.0
2026-08-28 02:00:00,2026-08-27 23:00:00,2026-08-28 07:00:00,0.8571,0.85711,0.85704,0.8571,0.0
2026-08-28 02:05:00,2026-08-27 23:05:00,2026-08-28 07:05:00,0.85706,0.85711,0.85705,0.85708,0.0
2026-08-28 02:10:00,2026-08-27 23:10:00,2026-08-28 07:10:00,0.8571,0.8571,0.85703,0.85708,0.0
2026-08-28 02:15:00,2026-08-27 23:15:00,2026-08-28 07:15:00,0.85708,0.85711,0.85704,0.8571,0.0
2026-08-28 02:20:00,2026-08-27 23:20:00,2026-08-28 07:20:00,0.85708,0.85711,0.85705,0.85708,0.0
2026-08-28 02:25:00,2026-08-27 23:25:00,2026-08-28 07:25:00,0.85707,0.8571,0.85704,0.85706,0.0
2026-08-28 02:30:00,2026-08-27 23:30:00,2026-08-28 07:30:00,0.85705,0.8571,0.85703,0.85706,0.0
2026-08-28 02:35:00,2026-08-27 23:35:00,2026-08-28 07:35:00,0.85707,0.8571,0.857,0.85703,0.0
2026-08-28 02:40:00,2026-08-27 23:40:00,2026-08-28 07:40:00,0.85703,0.8571,0.857,0.85702,0.0
2026-08-28 02:45:00,2026-08-27 23:45:00,2026-08-28 07:45:00,0.85703,0.8571,0.857,0.85706,0.0
2026-08-28 02:50:00,2026-08-27 23:50:00,2026-08-28 07:50:00,0.85706,0.8571,0.85703,0.85709,0.0
2026-08-28 02:55:00,2026-08-27 23:55:00,2026-08-28 07:55:00,0.85708,0.85712,0.85705,0.85707,0.0
2026-08-28 03:00:00,2026-08-28 00:00:00,2026-08-28 08:00:00,0.85707,0.8571,0.857,0.85704,0.0
2026-08-28 03:05:00,2026-08-28 00:05:00,2026-08-28 08:05:00,0.85703,0.8571,0.857,0.85703,0.0
2026-08-28 03:10:00,2026-08-28 00:10:00,2026-08-28 08:10:00,0.85704,0.8571,0.857,0.85704,0.0
2026-08-28 03:15:00,2026-08-28 00:15:00,2026-08-28 08:15:00,0.85704,0.8571,0.857,0.85707,0.0
2026-08-28 03:20:00,2026-08-28 00:20:00,2026-08-28 08:20:00,0.85707,0.85712,0.85703,0.85711,0.0
2026-08-28 03:25:00,2026-08-28 00:25:00,2026-08-28 08:25:00,0.8571,0.8571,0.85702,0.85706,0.0
2026-08-28 03:30:00,2026-08-28 00:30:00,2026-08-28 08:30:00,0.85706,0.8571,0.85701,0.85706,0.0
2026-08-28 03:35:00,2026-08-28 00:35:00,2026-08-28 08:35:00,0.85706,0.8571,0.85703,0.85707,0.0
2026-08-28 03:40:00,2026-08-28 00:40:00,2026-08-28 08:40:00,0.8571,0.85711,0.85704,0.85709,0.0
2026-08-28 03:45:00,2026-08-28 00:45:00,2026-08-28 08:45:00,0.85709,0.8571,0.85705,0.85707,0.0
2026-08-28 03:50:00,2026-08-28 00:50:00,2026-08-28 08:50:00,0.85707,0.85711,0.85703,0.8571,0.0
2026-08-28 03:55:00,2026-08-28 00:55:00,2026-08-28 08:55:00,0.85708,0.85712,0.85706,0.8571,0.0
2026-08-28 04:00:00,2026-08-28 01:00:00,2026-08-28 09:00:00,0.8571,0.85712,0.85705,0.85706,0.0
2026-08-28 04:05:00,2026-08-28 01:05:00,2026-08-28 09:05:00,0.85708,0.8571,0.85704,0.85705,0.0
2026-08-28 04:10:00,2026-08-28 01:10:00,2026-08-28 09:10:00,0.85705,0.8572,0.85704,0.85718,0.0
2026-08-28 04:15:00,2026-08-28 01:15:00,2026-08-28 09:15:00,0.85718,0.85722,0.85715,0.85721,0.0
2026-08-28 04:20:00,2026-08-28 01:20:00,2026-08-28 09:20:00,0.85721,0.85721,0.85715,0.85719,0.0
2026-08-28 04:25:00,2026-08-28 01:25:00,2026-08-28 09:25:00,0.85718,0.85722,0.85716,0.85722,0.0
2026-08-28 04:30:00,2026-08-28 01:30:00,2026-08-28 09:30:00,0.85722,0.85724,0.85718,0.8572,0.0
2026-08-28 04:35:00,2026-08-28 01:35:00,2026-08-28 09:35:00,0.8572,0.85723,0.85718,0.85722,0.0
2026-08-28 04:40:00,2026-08-28 01:40:00,2026-08-28 09:40:00,0.85722,0.85723,0.85716,0.85721,0.0
2026-08-28 04:45:00,2026-08-28 01:45:00,2026-08-28 09:45:00,0.85722,0.8573,0.85719,0.85728,0.0
2026-08-28 04:50:00,2026-08-28 01:50:00,2026-08-28 09:50:00,0.85728,0.85731,0.85723,0.85726,0.0
2026-08-28 04:55:00,2026-08-28 01:55:00,2026-08-28 09:55:00,0.85727,0.8573,0.85714,0.85719,0.0
2026-08-28 05:00:00,2026-08-28 02:00:00,2026-08-28 10:00:00,0.8572,0.85723,0.85716,0.85721,0.0
2026-08-28 05:05:00,2026-08-28 02:05:00,2026-08-28 10:05:00,0.85721,0.85723,0.85717,0.8572,0.0
2026-08-28 05:10:00,2026-08-28 02:10:00,2026-08-28 10:10:00,0.85721,0.85723,0.8571,0.85713,0.0
2026-08-28 05:15:00,2026-08-28 02:15:00,2026-08-28 10:15:00,0.85715,0.85715,0.85705,0.8571,0.0
2026-08-28 05:20:00,2026-08-28 02:20:00,2026-08-28 10:20:00,0.8571,0.85714,0.857,0.85706,0.0
2026-08-28 05:25:00,2026-08-28 02:25:00,2026-08-28 10:25:00,0.85705,0.8571,0.85699,0.85705,0.0
2026-08-28 05:30:00,2026-08-28 02:30:00,2026-08-28 10:30:00,0.85705,0.8571,0.85702,0.85708,0.0
2026-08-28 05:35:00,2026-08-28 02:35:00,2026-08-28 10:35:00,0.85709,0.85712,0.85706,0.85708,0.0
2026-08-28 05:40:00,2026-08-28 02:40:00,2026-08-28 10:40:00,0.85708,0.8571,0.85704,0.85709,0.0
2026-08-28 05:45:00,2026-08-28 02:45:00,2026-08-28 10:45:00,0.85708,0.85712,0.85705,0.85711,0.0
2026-08-28 05:50:00,2026-08-28 02:50:00,2026-08-28 10:50:00,0.8571,0.85713,0.85704,0.85708,0.0
2026-08-28 05:55:00,2026-08-28 02:55:00,2026-08-28 10:55:00,0.8571,0.8571,0.85703,0.85708,0.0
2026-08-28 06:00:00,2026-08-28 03:00:00,2026-08-28 11:00:00,0.85709,0.8571,0.857,0.85704,0.0
2026-08-28 06:05:00,2026-08-28 03:05:00,2026-08-28 11:05:00,0.85704,0.8571,0.85703,0.85706,0.0
2026-08-28 06:10:00,2026-08-28 03:10:00,2026-08-28 11:10:00,0.85706,0.8571,0.85701,0.85705,0.0
2026-08-28 06:15:00,2026-08-28 03:15:00,2026-08-28 11:15:00,0.85705,0.8571,0.85702,0.85704,0.0
2026-08-28 06:20:00,2026-08-28 03:20:00,2026-08-28 11:20:00,0.85704,0.8571,0.857,0.85704,0.0
2026-08-28 06:25:00,2026-08-28 03:25:00,2026-08-28 11:25:00,0.85703,0.8571,0.857,0.85706,0.0
2026-08-28 06:30:00,2026-08-28 03:30:00,2026-08-28 11:30:00,0.85706,0.8571,0.85702,0.85705,0.0
2026-08-28 06:35:00,2026-08-28 03:35:00,2026-08-28 11:35:00,0.85705,0.8571,0.85703,0.85705,0.0
2026-08-28 06:40:00,2026-08-28 03:40:00,2026-08-28 11:40:00,0.85705,0.8571,0.85703,0.8571,0.0
2026-08-28 06:45:00,2026-08-28 03:45:00,2026-08-28 11:45:00,0.85708,0.85711,0.85705,0.85708,0.0
2026-08-28 06:50:00,2026-08-28 03:50:00,2026-08-28 11:50:00,0.85705,0.8571,0.85705,0.85705,0.0
2026-08-28 06:55:00,2026-08-28 03:55:00,2026-08-28 11:55:00,0.85706,0.8571,0.85695,0.85699,0.0
2026-08-28 07:00:00,2026-08-28 04:00:00,2026-08-28 12:00:00,0.85699,0.85702,0.85695,0.85699,0.0
2026-08-28 07:05:00,2026-08-28 04:05:00,2026-08-28 12:05:00,0.85699,0.85701,0.85696,0.85698,0.0
2026-08-28 07:10:00,2026-08-28 04:10:00,2026-08-28 12:10:00,0.85698,0.85701,0.85695,0.857,0.0
2026-08-28 07:15:00,2026-08-28 04:15:00,2026-08-28 12:15:00,0.857,0.85701,0.85696,0.857,0.0
2026-08-28 07:20:00,2026-08-28 04:20:00,2026-08-28 12:20:00,0.857,0.85701,0.85696,0.85701,0.0
2026-08-28 07:25:00,2026-08-28 04:25:00,2026-08-28 12:25:00,0.85699,0.85701,0.85696,0.85701,0.0
2026-08-28 07:30:00,2026-08-28 04:30:00,2026-08-28 12:30:00,0.857,0.8571,0.85695,0.85699,0.0
2026-08-28 07:35:00,2026-08-28 04:35:00,2026-08-28 12:35:00,0.85699,0.85705,0.85696,0.85703,0.0
2026-08-28 07:40:00,2026-08-28 04:40:00,2026-08-28 12:40:00,0.85704,0.8571,0.85699,0.85702,0.0
2026-08-28 07:45:00,2026-08-28 04:45:00,2026-08-28 12:45:00,0.85702,0.85704,0.85699,0.85703,0.0
2026-08-28 07:50:00,2026-08-28 04:50:00,2026-08-28 12:50:00,0.85703,0.85705,0.85698,0.85701,0.0
2026-08-28 07:55:00,2026-08-28 04:55:00,2026-08-28 12:55:00,0.857,0.85702,0.85696,0.85701,0.0
2026-08-28 08:00:00,2026-08-28 05:00:00,2026-08-28 13:00:00,0.85701,0.85704,0.85697,0.85699,0.0
2026-08-28 08:05:00,2026-08-28 05:05:00,2026-08-28 13:05:00,0.85699,0.85702,0.85694,0.85696,0.0
2026-08-28 08:10:00,2026-08-28 05:10:00,2026-08-28 13:10:00,0.85697,0.857,0.85689,0.85694,0.0
2026-08-28 08:15:00,2026-08-28 05:15:00,2026-08-28 13:15:00,0.85693,0.857,0.8569,0.85695,0.0
2026-08-28 08:20:00,2026-08-28 05:20:00,2026-08-28 13:20:00,0.85695,0.857,0.85692,0.85698,0.0
2026-08-28 08:25:00,2026-08-28 05:25:00,2026-08-28 13:25:00,0.85696,0.857,0.8569,0.85694,0.0
2026-08-28 08:30:00,2026-08-28 05:30:00,2026-08-28 13:30:00,0.85694,0.857,0.8569,0.85696,0.0
2026-08-28 08:35:00,2026-08-28 05:35:00,2026-08-28 13:35:00,0.85695,0.857,0.8569,0.85693,0.0
2026-08-28 08:40:00,2026-08-28 05:40:00,2026-08-28 13:40:00,0.85693,0.85694,0.85685,0.85688,0.0
2026-08-28 08:45:00,2026-08-28 05:45:00,2026-08-28 13:45:00,0.85688,0.85692,0.85686,0.85689,0.0
2026-08-28 08:50:00,2026-08-28 05:50:00,2026-08-28 13:50:00,0.85688,0.85693,0.85685,0.85688,0.0
2026-08-28 08:55:00,2026-08-28 05:55:00,2026-08-28 13:55:00,0.85687,0.85692,0.85681,0.85692,0.0
2026-08-28 09:00:00,2026-08-28 06:00:00,2026-08-28 14:00:00,0.85691,0.857,0.85685,0.85688,0.0
2026-08-28 09:05:00,2026-08-28 06:05:00,2026-08-28 14:05:00,0.85689,0.85692,0.85683,0.85688,0.0
2026-08-28 09:10:00,2026-08-28 06:10:00,2026-08-28 14:10:00,0.85688,0.8569,0.85676,0.85678,0.0
2026-08-28 09:15:00,2026-08-28 06:15:00,2026-08-28 14:15:00,0.85676,0.85682,0.85673,0.8568,0.0
2026-08-28 09:20:00,2026-08-28 06:20:00,2026-08-28 14:20:00,0.85681,0.85681,0.8567,0.85674,0.0
2026-08-28 09:25:00,2026-08-28 06:25:00,2026-08-28 14:25:00,0.85674,0.85684,0.8567,0.85681,0.0
2026-08-28 09:30:00,2026-08-28 06:30:00,2026-08-28 14:30:00,0.85681,0.857,0.85677,0.85692,0.0
2026-08-28 09:35:00,2026-08-28 06:35:00,2026-08-28 14:35:00,0.85692,0.857,0.85682,0.85689,0.0
2026-08-28 09:40:00,2026-08-28 06:40:00,2026-08-28 14:40:00,0.85689,0.8569,0.85677,0.85682,0.0
2026-08-28 09:45:00,2026-08-28 06:45:00,2026-08-28 14:45:00,0.8568,0.8569,0.85676,0.8569,0.0
2026-08-28 09:50:00,2026-08-28 06:50:00,2026-08-28 14:50:00,0.85689,0.85691,0.85682,0.85688,0.0
2026-08-28 09:55:00,2026-08-28 06:55:00,2026-08-28 14:55:00,0.85689,0.85696,0.85685,0.85694,0.0
2026-08-28 10:00:00,2026-08-28 07:00:00,2026-08-28 15:00:00,0.85694,0.85713,0.85683,0.85709,0.0
2026-08-28 10:05:00,2026-08-28 07:05:00,2026-08-28 15:05:00,0.85709,0.85711,0.85692,0.85699,0.0
2026-08-28 10:10:00,2026-08-28 07:10:00,2026-08-28 15:10:00,0.85698,0.85705,0.85692,0.85699,0.0
2026-08-28 10:15:00,2026-08-28 07:15:00,2026-08-28 15:15:00,0.85699,0.8573,0.85696,0.8572,0.0
2026-08-28 10:20:00,2026-08-28 07:20:00,2026-08-28 15:20:00,0.8572,0.85721,0.85706,0.85712,0.0
2026-08-28 10:25:00,2026-08-28 07:25:00,2026-08-28 15:25:00,0.85712,0.85726,0.85705,0.85724,0.0
2026-08-28 10:30:00,2026-08-28 07:30:00,2026-08-28 15:30:00,0.85726,0.8573,0.85703,0.85707,0.0
2026-08-28 10:35:00,2026-08-28 07:35:00,2026-08-28 15:35:00,0.85707,0.85715,0.85702,0.85709,0.0
2026-08-28 10:40:00,2026-08-28 07:40:00,2026-08-28 15:40:00,0.85709,0.8571,0.85697,0.857,0.0
2026-08-28 10:45:00,2026-08-28 07:45:00,2026-08-28 15:45:00,0.85701,0.85704,0.85692,0.85698,0.0
2026-08-28 10:50:00,2026-08-28 07:50:00,2026-08-28 15:50:00,0.85698,0.85712,0.85695,0.85709,0.0
2026-08-28 10:55:00,2026-08-28 07:55:00,2026-08-28 15:55:00,0.85709,0.8572,0.85703,0.85715,0.0
2026-08-28 11:00:00,2026-08-28 08:00:00,2026-08-28 16:00:00,0.85715,0.85722,0.85705,0.85718,0.0
2026-08-28 11:05:00,2026-08-28 08:05:00,2026-08-28 16:05:00,0.85718,0.8574,0.85717,0.85735,0.0
2026-08-28 11:10:00,2026-08-28 08:10:00,2026-08-28 16:10:00,0.85735,0.85742,0.8573,0.85734,0.0
2026-08-28 11:15:00,2026-08-28 08:15:00,2026-08-28 16:15:00,0.85734,0.8574,0.85713,0.85716,0.0
2026-08-28 11:20:00,2026-08-28 08:20:00,2026-08-28 16:20:00,0.85716,0.85723,0.8571,0.85711,0.0
2026-08-28 11:25:00,2026-08-28 08:25:00,2026-08-28 16:25:00,0.85713,0.85722,0.8571,0.85714,0.0
2026-08-28 11:30:00,2026-08-28 08:30:00,2026-08-28 16:30:00,0.85711,0.85727,0.8571,0.85725,0.0
2026-08-28 11:35:00,2026-08-28 08:35:00,2026-08-28 16:35:00,0.85725,0.8573,0.8571,0.85715,0.0
2026-08-28 11:40:00,2026-08-28 08:40:00,2026-08-28 16:40:00,0.85715,0.85724,0.85711,0.85715,0.0
2026-08-28 11:45:00,2026-08-28 08:45:00,2026-08-28 16:45:00,0.85715,0.8572,0.85701,0.85707,0.0
2026-08-28 11:50:00,2026-08-28 08:50:00,2026-08-28 16:50:00,0.85707,0.8571,0.85702,0.85704,0.0
2026-08-28 11:55:00,2026-08-28 08:55:00,2026-08-28 16:55:00,0.85704,0.8571,0.85698,0.857,0.0
2026-08-28 12:00:00,2026-08-28 09:00:00,2026-08-28 17:00:00,0.85699,0.8572,0.85696,0.85713,0.0
2026-08-28 12:05:00,2026-08-28 09:05:00,2026-08-28 17:05:00,0.85714,0.85714,0.85699,0.85703,0.0
2026-08-28 12:10:00,2026-08-28 09:10:00,2026-08-28 17:10:00,0.85703,0.85705,0.85691,0.85694,0.0
2026-08-28 12:15:00,2026-08-28 09:15:00,2026-08-28 17:15:00,0.85695,0.85704,0.8569,0.85701,0.0
2026-08-28 12:20:00,2026-08-28 09:20:00,2026-08-28 17:20:00,0.85702,0.8571,0.85697,0.85707,0.0
2026-08-28 12:25:00,2026-08-28 09:25:00,2026-08-28 17:25:00,0.85707,0.85713,0.85701,0.85709,0.0
2026-08-28 12:30:00,2026-08-28 09:30:00,2026-08-28 17:30:00,0.85709,0.8571,0.85699,0.85703,0.0
2026-08-28 12:35:00,2026-08-28 09:35:00,2026-08-28 17:35:00,0.85703,0.8571,0.85694,0.85701,0.0
2026-08-28 12:40:00,2026-08-28 09:40:00,2026-08-28 17:40:00,0.85699,0.85705,0.85695,0.85698,0.0
2026-08-28 12:45:00,2026-08-28 09:45:00,2026-08-28 17:45:00,0.85698,0.85705,0.85694,0.85701,0.0
2026-08-28 12:50:00,2026-08-28 09:50:00,2026-08-28 17:50:00,0.857,0.85712,0.85697,0.85704,0.0
2026-08-28 12:55:00,2026-08-28 09:55:00,2026-08-28 17:55:00,0.85704,0.8571,0.85696,0.85707,0.0
2026-08-28 13:00:00,2026-08-28 10:00:00,2026-08-28 18:00:00,0.85706,0.85713,0.85699,0.85707,0.0
2026-08-28 13:05:00,2026-08-28 10:05:00,2026-08-28 18:05:00,0.85707,0.8571,0.85694,0.85698,0.0
2026-08-28 13:10:00,2026-08-28 10:10:00,2026-08-28 18:10:00,0.85698,0.8571,0.85691,0.85704,0.0
2026-08-28 13:15:00,2026-08-28 10:15:00,2026-08-28 18:15:00,0.85703,0.85711,0.85695,0.85701,0.0
2026-08-28 13:20:00,2026-08-28 10:20:00,2026-08-28 18:20:00,0.857,0.85702,0.85683,0.8569,0.0
2026-08-28 13:25:00,2026-08-28 10:25:00,2026-08-28 18:25:00,0.8569,0.857,0.85687,0.85698,0.0
2026-08-28 13:30:00,2026-08-28 10:30:00,2026-08-28 18:30:00,0.85698,0.85702,0.85688,0.85692,0.0
2026-08-28 13:35:00,2026-08-28 10:35:00,2026-08-28 18:35:00,0.85692,0.85701,0.8569,0.85697,0.0
2026-08-28 13:40:00,2026-08-28 10:40:00,2026-08-28 18:40:00,0.85697,0.857,0.85687,0.8569,0.0
2026-08-28 13:45:00,2026-08-28 10:45:00,2026-08-28 18:45:00,0.85691,0.857,0.85684,0.85699,0.0
2026-08-28 13:50:00,2026-08-28 10:50:00,2026-08-28 18:50:00,0.85699,0.8571,0.85696,0.85704,0.0
2026-08-28 13:55:00,2026-08-28 10:55:00,2026-08-28 18:55:00,0.85705,0.8571,0.85698,0.85707,0.0
2026-08-28 14:00:00,2026-08-28 11:00:00,2026-08-28 19:00:00,0.85707,0.8572,0.85705,0.85709,0.0
2026-08-28 14:05:00,2026-08-28 11:05:00,2026-08-28 19:05:00,0.85709,0.8572,0.85708,0.85716,0.0
2026-08-28 14:10:00,2026-08-28 11:10:00,2026-08-28 19:10:00,0.85716,0.8572,0.85705,0.85708,0.0
2026-08-28 14:15:00,2026-08-28 11:15:00,2026-08-28 19:15:00,0.85709,0.85715,0.85706,0.85714,0.0
2026-08-28 14:20:00,2026-08-28 11:20:00,2026-08-28 19:20:00,0.85714,0.85722,0.85711,0.85722,0.0
2026-08-28 14:25:00,2026-08-28 11:25:00,2026-08-28 19:25:00,0.85722,0.8573,0.85717,0.8572,0.0
2026-08-28 14:30:00,2026-08-28 11:30:00,2026-08-28 19:30:00,0.8572,0.8573,0.85715,0.85723,0.0
2026-08-28 14:35:00,2026-08-28 11:35:00,2026-08-28 19:35:00,0.85724,0.85733,0.8572,0.85722,0.0
2026-08-28 14:40:00,2026-08-28 11:40:00,2026-08-28 19:40:00,0.85723,0.85734,0.8572,0.85732,0.0
2026-08-28 14:45:00,2026-08-28 11:45:00,2026-08-28 19:45:00,0.85732,0.8574,0.85718,0.85721,0.0
2026-08-28 14:50:00,2026-08-28 11:50:00,2026-08-28 19:50:00,0.85719,0.85725,0.85713,0.85716,0.0
2026-08-28 14:55:00,2026-08-28 11:55:00,2026-08-28 19:55:00,0.85716,0.85723,0.8571,0.8572,0.0
2026-08-28 15:00:00,2026-08-28 12:00:00,2026-08-28 20:00:00,0.8572,0.85725,0.85715,0.85719,0.0
2026-08-28 15:05:00,2026-08-28 12:05:00,2026-08-28 20:05:00,0.8572,0.8573,0.85714,0.85718,0.0
2026-08-28 15:10:00,2026-08-28 12:10:00,2026-08-28 20:10:00,0.85719,0.85721,0.8571,0.85719,0.0
2026-08-28 15:15:00,2026-08-28 12:15:00,2026-08-28 20:15:00,0.85718,0.8573,0.85715,0.85718,0.0
2026-08-28 15:20:00,2026-08-28 12:20:00,2026-08-28 20:20:00,0.85718,0.85722,0.85711,0.85718,0.0
2026-08-28 15:25:00,2026-08-28 12:25:00,2026-08-28 20:25:00,0.85718,0.85732,0.85712,0.8573,0.0
2026-08-28 15:30:00,2026-08-28 12:30:00,2026-08-28 20:30:00,0.85732,0.85743,0.85729,0.85736,0.0
2026-08-28 15:35:00,2026-08-28 12:35:00,2026-08-28 20:35:00,0.85735,0.8575,0.85732,0.85747,0.0
2026-08-28 15:40:00,2026-08-28 12:40:00,2026-08-28 20:40:00,0.85747,0.85752,0.85738,0.8574,0.0
2026-08-28 15:45:00,2026-08-28 12:45:00,2026-08-28 20:45:00,0.8574,0.85744,0.85726,0.85728,0.0
2026-08-28 15:50:00,2026-08-28 12:50:00,2026-08-28 20:50:00,0.85728,0.85735,0.85724,0.85731,0.0
2026-08-28 15:55:00,2026-08-28 12:55:00,2026-08-28 20:55:00,0.85731,0.85763,0.85725,0.85755,0.0
2026-08-28 16:00:00,2026-08-28 13:00:00,2026-08-28 21:00:00,0.85755,0.8576,0.85742,0.85749,0.0
2026-08-28 16:05:00,2026-08-28 13:05:00,2026-08-28 21:05:00,0.85747,0.8576,0.85738,0.85752,0.0
2026-08-28 16:10:00,2026-08-28 13:10:00,2026-08-28 21:10:00,0.85752,0.85753,0.85731,0.85735,0.0
2026-08-28 16:15:00,2026-08-28 13:15:00,2026-08-28 21:15:00,0.85736,0.85749,0.8573,0.85747,0.0
2026-08-28 16:20:00,2026-08-28 13:20:00,2026-08-28 21:20:00,0.85747,0.8576,0.85744,0.85756,0.0
2026-08-28 16:25:00,2026-08-28 13:25:00,2026-08-28 21:25:00,0.85757,0.8576,0.85741,0.85744,0.0
2026-08-28 16:30:00,2026-08-28 13:30:00,2026-08-28 21:30:00,0.85746,0.85747,0.85734,0.85741,0.0
2026-08-28 16:35:00,2026-08-28 13:35:00,2026-08-28 21:35:00,0.85741,0.85743,0.85732,0.85736,0.0
2026-08-28 16:40:00,2026-08-28 13:40:00,2026-08-28 21:40:00,0.85736,0.85741,0.85725,0.85736,0.0
2026-08-28 16:45:00,2026-08-28 13:45:00,2026-08-28 21:45:00,0.85735,0.85761,0.85734,0.85759,0.0
2026-08-28 16:50:00,2026-08-28 13:50:00,2026-08-28 21:50:00,0.85759,0.85765,0.85723,0.85734,0.0
2026-08-28 16:55:00,2026-08-28 13:55:00,2026-08-28 21:55:00,0.85734,0.8574,0.85698,0.85739,0.0
2026-08-28 17:00:00,2026-08-28 14:00:00,2026-08-28 22:00:00,0.8573,0.85756,0.85698,0.85716,0.0
2026-08-28 17:05:00,2026-08-28 14:05:00,2026-08-28 22:05:00,0.85717,0.8573,0.85701,0.85704,0.0
2026-08-28 17:10:00,2026-08-28 14:10:00,2026-08-28 22:10:00,0.85705,0.8572,0.85664,0.85667,0.0
2026-08-28 17:15:00,2026-08-28 14:15:00,2026-08-28 22:15:00,0.85666,0.85703,0.85663,0.85686,0.0
2026-08-28 17:20:00,2026-08-28 14:20:00,2026-08-28 22:20:00,0.85687,0.85711,0.85686,0.85706,0.0
2026-08-28 17:25:00,2026-08-28 14:25:00,2026-08-28 22:25:00,0.85706,0.8572,0.85686,0.85692,0.0
2026-08-28 17:30:00,2026-08-28 14:30:00,2026-08-28 22:30:00,0.85693,0.85713,0.85688,0.85701,0.0
2026-08-28 17:35:00,2026-08-28 14:35:00,2026-08-28 22:35:00,0.85702,0.8572,0.85698,0.85702,0.0
2026-08-28 17:40:00,2026-08-28 14:40:00,2026-08-28 22:40:00,0.85702,0.85716,0.85679,0.85681,0.0
2026-08-28 17:45:00,2026-08-28 14:45:00,2026-08-28 22:45:00,0.85682,0.85682,0.85665,0.85671,0.0
2026-08-28 17:50:00,2026-08-28 14:50:00,2026-08-28 22:50:00,0.85671,0.8569,0.85662,0.85676,0.0
2026-08-28 17:55:00,2026-08-28 14:55:00,2026-08-28 22:55:00,0.85676,0.85677,0.85567,0.856,0.0
2026-08-28 18:00:00,2026-08-28 15:00:00,2026-08-28 23:00:00,0.85599,0.8561,0.85565,0.85574,0.0
2026-08-28 18:05:00,2026-08-28 15:05:00,2026-08-28 23:05:00,0.85574,0.856,0.85569,0.85591,0.0
2026-08-28 18:10:00,2026-08-28 15:10:00,2026-08-28 23:10:00,0.85591,0.85625,0.85589,0.85618,0.0
2026-08-28 18:15:00,2026-08-28 15:15:00,2026-08-28 23:15:00,0.85618,0.85624,0.85607,0.85619,0.0
2026-08-28 18:20:00,2026-08-28 15:20:00,2026-08-28 23:20:00,0.85619,0.85624,0.85596,0.856,0.0
2026-08-28 18:25:00,2026-08-28 15:25:00,2026-08-28 23:25:00,0.856,0.85605,0.85582,0.85584,0.0
2026-08-28 18:30:00,2026-08-28 15:30:00,2026-08-28 23:30:00,0.85584,0.85585,0.85558,0.85569,0.0
2026-08-28 18:35:00,2026-08-28 15:35:00,2026-08-28 23:35:00,0.85569,0.85573,0.85549,0.85563,0.0
2026-08-28 18:40:00,2026-08-28 15:40:00,2026-08-28 23:40:00,0.85563,0.85574,0.85554,0.85563,0.0
2026-08-28 18:45:00,2026-08-28 15:45:00,2026-08-28 23:45:00,0.85564,0.85564,0.8554,0.85556,0.0
2026-08-28 18:50:00,2026-08-28 15:50:00,2026-08-28 23:50:00,0.85557,0.85571,0.85554,0.8556,0.0
2026-08-28 18:55:00,2026-08-28 15:55:00,2026-08-28 23:55:00,0.8556,0.8558,0.85558,0.85571,0.0
2026-08-28 19:00:00,2026-08-28 16:00:00,2026-08-29 00:00:00,0.85572,0.85583,0.85568,0.85575,0.0
2026-08-28 19:05:00,2026-08-28 16:05:00,2026-08-29 00:05:00,0.85575,0.8558,0.8556,0.85564,0.0
2026-08-28 19:10:00,2026-08-28 16:10:00,2026-08-29 00:10:00,0.85563,0.85584,0.8556,0.85584,0.0
2026-08-28 19:15:00,2026-08-28 16:15:00,2026-08-29 00:15:00,0.85583,0.856,0.85578,0.85596,0.0
2026-08-28 19:20:00,2026-08-28 16:20:00,2026-08-29 00:20:00,0.85595,0.856,0.85584,0.85595,0.0
2026-08-28 19:25:00,2026-08-28 16:25:00,2026-08-29 00:25:00,0.85596,0.85601,0.8558,0.85587,0.0
2026-08-28 19:30:00,2026-08-28 16:30:00,2026-08-29 00:30:00,0.85586,0.85593,0.85577,0.85589,0.0
2026-08-28 19:35:00,2026-08-28 16:35:00,2026-08-29 00:35:00,0.85589,0.856,0.85579,0.85597,0.0
2026-08-28 19:40:00,2026-08-28 16:40:00,2026-08-29 00:40:00,0.85597,0.8561,0.85588,0.85591,0.0
2026-08-28 19:45:00,2026-08-28 16:45:00,2026-08-29 00:45:00,0.85591,0.85594,0.85577,0.8558,0.0
2026-08-28 19:50:00,2026-08-28 16:50:00,2026-08-29 00:50:00,0.85578,0.85581,0.85568,0.85576,0.0
2026-08-28 19:55:00,2026-08-28 16:55:00,2026-08-29 00:55:00,0.85576,0.85597,0.85575,0.85593,0.0
2026-08-28 20:00:00,2026-08-28 17:00:00,2026-08-29 01:00:00,0.85593,0.85615,0.85592,0.85612,0.0
2026-08-28 20:05:00,2026-08-28 17:05:00,2026-08-29 01:05:00,0.85612,0.85621,0.85609,0.85615,0.0
2026-08-28 20:10:00,2026-08-28 17:10:00,2026-08-29 01:10:00,0.85614,0.8562,0.85596,0.85598,0.0
2026-08-28 20:15:00,2026-08-28 17:15:00,2026-08-29 01:15:00,0.85597,0.85605,0.85592,0.85603,0.0
2026-08-28 20:20:00,2026-08-28 17:20:00,2026-08-29 01:20:00,0.85604,0.8561,0.85597,0.856,0.0
2026-08-28 20:25:00,2026-08-28 17:25:00,2026-08-29 01:25:00,0.856,0.8561,0.85596,0.85598,0.0
2026-08-28 20:30:00,2026-08-28 17:30:00,2026-08-29 01:30:00,0.85599,0.85603,0.85596,0.85599,0.0
2026-08-28 20:35:00,2026-08-28 17:35:00,2026-08-29 01:35:00,0.856,0.8561,0.85596,0.85607,0.0
2026-08-28 20:40:00,2026-08-28 17:40:00,2026-08-29 01:40:00,0.85607,0.85616,0.85594,0.856,0.0
2026-08-28 20:45:00,2026-08-28 17:45:00,2026-08-29 01:45:00,0.85601,0.85601,0.85587,0.85596,0.0
2026-08-28 20:50:00,2026-08-28 17:50:00,2026-08-29 01:50:00,0.85596,0.856,0.85579,0.85583,0.0
2026-08-28 20:55:00,2026-08-28 17:55:00,2026-08-29 01:55:00,0.85582,0.856,0.8558,0.85595,0.0
2026-08-28 21:00:00,2026-08-28 18:00:00,2026-08-29 02:00:00,0.85595,0.856,0.85589,0.85595,0.0
2026-08-28 21:05:00,2026-08-28 18:05:00,2026-08-29 02:05:00,0.85592,0.85605,0.85591,0.85603,0.0
2026-08-28 21:10:00,2026-08-28 18:10:00,2026-08-29 02:10:00,0.85604,0.85604,0.8559,0.856,0.0
2026-08-28 21:15:00,2026-08-28 18:15:00,2026-08-29 02:15:00,0.85602,0.85604,0.85593,0.85598,0.0
2026-08-28 21:20:00,2026-08-28 18:20:00,2026-08-29 02:20:00,0.85598,0.8561,0.85595,0.85608,0.0
2026-08-28 21:25:00,2026-08-28 18:25:00,2026-08-29 02:25:00,0.85608,0.85614,0.85601,0.85606,0.0
2026-08-28 21:30:00,2026-08-28 18:30:00,2026-08-29 02:30:00,0.85607,0.8561,0.85596,0.85601,0.0
2026-08-28 21:35:00,2026-08-28 18:35:00,2026-08-29 02:35:00,0.85599,0.85602,0.8559,0.85594,0.0
2026-08-28 21:40:00,2026-08-28 18:40:00,2026-08-29 02:40:00,0.85595,0.85595,0.85586,0.8559,0.0
2026-08-28 21:45:00,2026-08-28 18:45:00,2026-08-29 02:45:00,0.8559,0.85592,0.85578,0.85588,0.0
2026-08-28 21:50:00,2026-08-28 18:50:00,2026-08-29 02:50:00,0.85588,0.85594,0.85584,0.85588,0.0
2026-08-28 21:55:00,2026-08-28 18:55:00,2026-08-29 02:55:00,0.85591,0.85591,0.85581,0.85587,0.0
2026-08-28 22:00:00,2026-08-28 19:00:00,2026-08-29 03:00:00,0.85587,0.8559,0.85576,0.85579,0.0
2026-08-28 22:05:00,2026-08-28 19:05:00,2026-08-29 03:05:00,0.8558,0.8559,0.85577,0.85586,0.0
2026-08-28 22:10:00,2026-08-28 19:10:00,2026-08-29 03:10:00,0.85586,0.8559,0.85582,0.85586,0.0
2026-08-28 22:15:00,2026-08-28 19:15:00,2026-08-29 03:15:00,0.85586,0.85593,0.85584,0.85592,0.0
2026-08-28 22:20:00,2026-08-28 19:20:00,2026-08-29 03:20:00,0.85592,0.85594,0.85585,0.8559,0.0
2026-08-28 22:25:00,2026-08-28 19:25:00,2026-08-29 03:25:00,0.8559,0.85594,0.85583,0.85588,0.0
2026-08-28 22:30:00,2026-08-28 19:30:00,2026-08-29 03:30:00,0.85587,0.856,0.85585,0.85587,0.0
2026-08-28 22:35:00,2026-08-28 19:35:00,2026-08-29 03:35:00,0.85587,0.8559,0.8558,0.85583,0.0
2026-08-28 22:40:00,2026-08-28 19:40:00,2026-08-29 03:40:00,0.85582,0.8559,0.8558,0.85582,0.0
2026-08-28 22:45:00,2026-08-28 19:45:00,2026-08-29 03:45:00,0.85582,0.8559,0.85579,0.85587,0.0
2026-08-28 22:50:00,2026-08-28 19:50:00,2026-08-29 03:50:00,0.85586,0.85594,0.85582,0.85591,0.0
2026-08-28 22:55:00,2026-08-28 19:55:00,2026-08-29 03:55:00,0.85591,0.85591,0.85576,0.85579,0.0
2026-08-28 23:00:00,2026-08-28 20:00:00,2026-08-29 04:00:00,0.85579,0.8559,0.85577,0.85583,0.0
2026-08-28 23:05:00,2026-08-28 20:05:00,2026-08-29 04:05:00,0.85585,0.8559,0.85576,0.85578,0.0
2026-08-28 23:10:00,2026-08-28 20:10:00,2026-08-29 04:10:00,0.85578,0.8559,0.85575,0.85579,0.0
2026-08-28 23:15:00,2026-08-28 20:15:00,2026-08-29 04:15:00,0.85579,0.85581,0.85569,0.85571,0.0
2026-08-28 23:20:00,2026-08-28 20:20:00,2026-08-29 04:20:00,0.85574,0.85582,0.85568,0.85578,0.0
2026-08-28 23:25:00,2026-08-28 20:25:00,2026-08-29 04:25:00,0.85577,0.8559,0.85575,0.85585,0.0
2026-08-28 23:30:00,2026-08-28 20:30:00,2026-08-29 04:30:00,0.85588,0.8559,0.85579,0.85582,0.0
2026-08-28 23:35:00,2026-08-28 20:35:00,2026-08-29 04:35:00,0.85582,0.8559,0.85577,0.85588,0.0
2026-08-28 23:40:00,2026-08-28 20:40:00,2026-08-29 04:40:00,0.85588,0.8559,0.85578,0.85583,0.0
2026-08-28 23:45:00,2026-08-28 20:45:00,2026-08-29 04:45:00,0.85583,0.85591,0.85576,0.85584,0.0
2026-08-28 23:50:00,2026-08-28 20:50:00,2026-08-29 04:50:00,0.85584,0.85593,0.85574,0.85583,0.0
2026-08-28 23:55:00,2026-08-28 20:55:00,2026-08-29 04:55:00,0.85583,0.85588,0.85545,0.8556,0.0
2026-08-29 00:00:00,2026-08-28 21:00:00,2026-08-29 05:00:00,0.85591,0.85591,0.85587,0.85587,0.0
2026-08-29 00:05:00,2026-08-28 21:05:00,2026-08-29 05:05:00,0.85587,0.85587,0.85587,0.85587,0.0
2026-08-29 00:10:00,2026-08-28 21:10:00,2026-08-29 05:10:00,0.85587,0.85587,0.85587,0.85587,0.0
2026-08-29 00:15:00,2026-08-28 21:15:00,2026-08-29 05:15:00,0.85587,0.85587,0.85587,0.85587,0.0
2026-08-29 00:20:00,2026-08-28 21:20:00,2026-08-29 05:20:00,0.85587,0.85587,0.85587,0.85587,0.0
2026-08-29 00:25:00,2026-08-28 21:25:00,2026-08-29 05:25:00,0.85587,0.85587,0.85587,0.85587,0.0
2026-08-31 02:00:00,2026-08-30 23:00:00,2026-08-31 07:00:00,0.85576,0.85585,0.85576,0.8558,0.0
2026-08-31 02:05:00,2026-08-30 23:05:00,2026-08-31 07:05:00,0.8558,0.85582,0.85575,0.85579,0.0
2026-08-31 02:10:00,2026-08-30 23:10:00,2026-08-31 07:10:00,0.85579,0.85582,0.85577,0.85578,0.0
2026-08-31 02:15:00,2026-08-30 23:15:00,2026-08-31 07:15:00,0.85578,0.85583,0.85577,0.85581,0.0
2026-08-31 02:20:00,2026-08-30 23:20:00,2026-08-31 07:20:00,0.85582,0.85586,0.85578,0.85582,0.0
2026-08-31 02:25:00,2026-08-30 23:25:00,2026-08-31 07:25:00,0.85582,0.8559,0.85579,0.8558,0.0
2026-08-31 02:30:00,2026-08-30 23:30:00,2026-08-31 07:30:00,0.8558,0.8559,0.85579,0.85581,0.0
2026-08-31 02:35:00,2026-08-30 23:35:00,2026-08-31 07:35:00,0.85582,0.8559,0.8558,0.85583,0.0
2026-08-31 02:40:00,2026-08-30 23:40:00,2026-08-31 07:40:00,0.85583,0.8559,0.8558,0.85586,0.0
2026-08-31 02:45:00,2026-08-30 23:45:00,2026-08-31 07:45:00,0.85585,0.8559,0.8558,0.85585,0.0
2026-08-31 02:50:00,2026-08-30 23:50:00,2026-08-31 07:50:00,0.85584,0.8559,0.8558,0.85586,0.0
2026-08-31 02:55:00,2026-08-30 23:55:00,2026-08-31 07:55:00,0.85586,0.8559,0.8558,0.85585,0.0
2026-08-31 03:00:00,2026-08-31 00:00:00,2026-08-31 08:00:00,0.85584,0.85604,0.85584,0.85599,0.0
2026-08-31 03:05:00,2026-08-31 00:05:00,2026-08-31 08:05:00,0.856,0.8561,0.85597,0.856,0.0
2026-08-31 03:10:00,2026-08-31 00:10:00,2026-08-31 08:10:00,0.856,0.85604,0.85595,0.85599,0.0
2026-08-31 03:15:00,2026-08-31 00:15:00,2026-08-31 08:15:00,0.85599,0.85601,0.85592,0.85601,0.0
2026-08-31 03:20:00,2026-08-31 00:20:00,2026-08-31 08:20:00,0.856,0.85604,0.85597,0.85602,0.0
2026-08-31 03:25:00,2026-08-31 00:25:00,2026-08-31 08:25:00,0.85602,0.85604,0.85597,0.85603,0.0
2026-08-31 03:30:00,2026-08-31 00:30:00,2026-08-31 08:30:00,0.85604,0.8561,0.85593,0.85596,0.0
2026-08-31 03:35:00,2026-08-31 00:35:00,2026-08-31 08:35:00,0.85596,0.856,0.85583,0.85587,0.0
2026-08-31 03:40:00,2026-08-31 00:40:00,2026-08-31 08:40:00,0.85588,0.85591,0.8558,0.85583,0.0
2026-08-31 03:45:00,2026-08-31 00:45:00,2026-08-31 08:45:00,0.85584,0.85592,0.8558,0.8559,0.0
2026-08-31 03:50:00,2026-08-31 00:50:00,2026-08-31 08:50:00,0.85589,0.85591,0.85574,0.85579,0.0
2026-08-31 03:55:00,2026-08-31 00:55:00,2026-08-31 08:55:00,0.85579,0.85583,0.8557,0.8558,0.0
2026-08-31 04:00:00,2026-08-31 01:00:00,2026-08-31 09:00:00,0.8558,0.85595,0.85577,0.85584,0.0
2026-08-31 04:05:00,2026-08-31 01:05:00,2026-08-31 09:05:00,0.85584,0.85593,0.85578,0.85592,0.0
2026-08-31 04:10:00,2026-08-31 01:10:00,2026-08-31 09:10:00,0.85592,0.85595,0.85587,0.85591,0.0
2026-08-31 04:15:00,2026-08-31 01:15:00,2026-08-31 09:15:00,0.85589,0.85592,0.85579,0.85583,0.0
2026-08-31 04:20:00,2026-08-31 01:20:00,2026-08-31 09:20:00,0.85584,0.8559,0.85579,0.85583,0.0
2026-08-31 04:25:00,2026-08-31 01:25:00,2026-08-31 09:25:00,0.85582,0.85584,0.85573,0.85577,0.0
2026-08-31 04:30:00,2026-08-31 01:30:00,2026-08-31 09:30:00,0.85577,0.85591,0.85575,0.85588,0.0
2026-08-31 04:35:00,2026-08-31 01:35:00,2026-08-31 09:35:00,0.85587,0.8559,0.85578,0.85581,0.0
2026-08-31 04:40:00,2026-08-31 01:40:00,2026-08-31 09:40:00,0.85581,0.85586,0.85579,0.85581,0.0
2026-08-31 04:45:00,2026-08-31 01:45:00,2026-08-31 09:45:00,0.85581,0.85591,0.8558,0.85585,0.0
2026-08-31 04:50:00,2026-08-31 01:50:00,2026-08-31 09:50:00,0.85585,0.8559,0.85576,0.85579,0.0
2026-08-31 04:55:00,2026-08-31 01:55:00,2026-08-31 09:55:00,0.85579,0.85584,0.85575,0.85578,0.0
2026-08-31 05:00:00,2026-08-31 02:00:00,2026-08-31 10:00:00,0.85579,0.85582,0.85575,0.8558,0.0
2026-08-31 05:05:00,2026-08-31 02:05:00,2026-08-31 10:05:00,0.85579,0.85584,0.85577,0.85581,0.0
2026-08-31 05:10:00,2026-08-31 02:10:00,2026-08-31 10:10:00,0.8558,0.85583,0.85575,0.85578,0.0
2026-08-31 05:15:00,2026-08-31 02:15:00,2026-08-31 10:15:00,0.85578,0.85583,0.85574,0.85579,0.0
2026-08-31 05:20:00,2026-08-31 02:20:00,2026-08-31 10:20:00,0.85581,0.85583,0.85575,0.85577,0.0
2026-08-31 05:25:00,2026-08-31 02:25:00,2026-08-31 10:25:00,0.85578,0.85583,0.85576,0.85581,0.0
2026-08-31 05:30:00,2026-08-31 02:30:00,2026-08-31 10:30:00,0.85582,0.85584,0.85575,0.85582,0.0
2026-08-31 05:35:00,2026-08-31 02:35:00,2026-08-31 10:35:00,0.85582,0.85584,0.85577,0.85581,0.0
2026-08-31 05:40:00,2026-08-31 02:40:00,2026-08-31 10:40:00,0.85581,0.85594,0.85579,0.85591,0.0
2026-08-31 05:45:00,2026-08-31 02:45:00,2026-08-31 10:45:00,0.85592,0.85595,0.85584,0.8559,0.0
2026-08-31 05:50:00,2026-08-31 02:50:00,2026-08-31 10:50:00,0.85589,0.8559,0.85584,0.85585,0.0
2026-08-31 05:55:00,2026-08-31 02:55:00,2026-08-31 10:55:00,0.85586,0.8559,0.8558,0.85585,0.0
2026-08-31 06:00:00,2026-08-31 03:00:00,2026-08-31 11:00:00,0.85585,0.85585,0.85575,0.85581,0.0
2026-08-31 06:05:00,2026-08-31 03:05:00,2026-08-31 11:05:00,0.85581,0.85582,0.85574,0.85578,0.0
2026-08-31 06:10:00,2026-08-31 03:10:00,2026-08-31 11:10:00,0.85578,0.8558,0.8557,0.85573,0.0
2026-08-31 06:15:00,2026-08-31 03:15:00,2026-08-31 11:15:00,0.85574,0.8558,0.8557,0.8558,0.0
2026-08-31 06:20:00,2026-08-31 03:20:00,2026-08-31 11:20:00,0.8558,0.85581,0.85574,0.85577,0.0
2026-08-31 06:25:00,2026-08-31 03:25:00,2026-08-31 11:25:00,0.85577,0.8558,0.85572,0.85576,0.0
2026-08-31 06:30:00,2026-08-31 03:30:00,2026-08-31 11:30:00,0.85576,0.85582,0.85575,0.85581,0.0
2026-08-31 06:35:00,2026-08-31 03:35:00,2026-08-31 11:35:00,0.85581,0.85583,0.85576,0.85579,0.0
2026-08-31 06:40:00,2026-08-31 03:40:00,2026-08-31 11:40:00,0.85579,0.85582,0.85573,0.85576,0.0
2026-08-31 06:45:00,2026-08-31 03:45:00,2026-08-31 11:45:00,0.85576,0.8558,0.85573,0.85579,0.0
2026-08-31 06:50:00,2026-08-31 03:50:00,2026-08-31 11:50:00,0.85579,0.8558,0.8557,0.85577,0.0
2026-08-31 06:55:00,2026-08-31 03:55:00,2026-08-31 11:55:00,0.85577,0.85581,0.85573,0.8558,0.0
2026-08-31 07:00:00,2026-08-31 04:00:00,2026-08-31 12:00:00,0.85581,0.85583,0.85573,0.85576,0.0
2026-08-31 07:05:00,2026-08-31 04:05:00,2026-08-31 12:05:00,0.85576,0.8558,0.85573,0.85576,0.0
2026-08-31 07:10:00,2026-08-31 04:10:00,2026-08-31 12:10:00,0.85576,0.8558,0.85573,0.85575,0.0
2026-08-31 07:15:00,2026-08-31 04:15:00,2026-08-31 12:15:00,0.85573,0.8558,0.8557,0.85577,0.0
2026-08-31 07:20:00,2026-08-31 04:20:00,2026-08-31 12:20:00,0.85576,0.8558,0.8557,0.85574,0.0
2026-08-31 07:25:00,2026-08-31 04:25:00,2026-08-31 12:25:00,0.8557,0.8558,0.85569,0.85572,0.0
2026-08-31 07:30:00,2026-08-31 04:30:00,2026-08-31 12:30:00,0.85572,0.8558,0.8557,0.85575,0.0
2026-08-31 07:35:00,2026-08-31 04:35:00,2026-08-31 12:35:00,0.85576,0.8558,0.85574,0.85575,0.0
2026-08-31 07:40:00,2026-08-31 04:40:00,2026-08-31 12:40:00,0.85576,0.8558,0.85573,0.85577,0.0
2026-08-31 07:45:00,2026-08-31 04:45:00,2026-08-31 12:45:00,0.85577,0.8558,0.85573,0.85578,0.0
2026-08-31 07:50:00,2026-08-31 04:50:00,2026-08-31 12:50:00,0.8558,0.8558,0.85571,0.85577,0.0
2026-08-31 07:55:00,2026-08-31 04:55:00,2026-08-31 12:55:00,0.85577,0.8558,0.8557,0.8557,0.0
2026-08-31 08:00:00,2026-08-31 05:00:00,2026-08-31 13:00:00,0.85571,0.8558,0.8557,0.85574,0.0
2026-08-31 08:05:00,2026-08-31 05:05:00,2026-08-31 13:05:00,0.85574,0.8558,0.8557,0.85576,0.0
2026-08-31 08:10:00,2026-08-31 05:10:00,2026-08-31 13:10:00,0.85576,0.85582,0.85574,0.8558,0.0
2026-08-31 08:15:00,2026-08-31 05:15:00,2026-08-31 13:15:00,0.8558,0.8558,0.85569,0.8557,0.0
2026-08-31 08:20:00,2026-08-31 05:20:00,2026-08-31 13:20:00,0.8557,0.85573,0.85564,0.85567,0.0
2026-08-31 08:25:00,2026-08-31 05:25:00,2026-08-31 13:25:00,0.85567,0.8557,0.8556,0.8556,0.0
2026-08-31 08:30:00,2026-08-31 05:30:00,2026-08-31 13:30:00,0.85562,0.8557,0.85557,0.85562,0.0
2026-08-31 08:35:00,2026-08-31 05:35:00,2026-08-31 13:35:00,0.85562,0.85565,0.85557,0.85561,0.0
2026-08-31 08:40:00,2026-08-31 05:40:00,2026-08-31 13:40:00,0.85562,0.85563,0.85557,0.85561,0.0
2026-08-31 08:45:00,2026-08-31 05:45:00,2026-08-31 13:45:00,0.85561,0.85563,0.85554,0.85555,0.0
2026-08-31 08:50:00,2026-08-31 05:50:00,2026-08-31 13:50:00,0.85556,0.8556,0.85552,0.85556,0.0
2026-08-31 08:55:00,2026-08-31 05:55:00,2026-08-31 13:55:00,0.85555,0.8556,0.8555,0.85555,0.0
2026-08-31 09:00:00,2026-08-31 06:00:00,2026-08-31 14:00:00,0.85555,0.85564,0.85543,0.85547,0.0
2026-08-31 09:05:00,2026-08-31 06:05:00,2026-08-31 14:05:00,0.85548,0.85554,0.8554,0.85551,0.0
2026-08-31 09:10:00,2026-08-31 06:10:00,2026-08-31 14:10:00,0.85551,0.8556,0.85543,0.85545,0.0
2026-08-31 09:15:00,2026-08-31 06:15:00,2026-08-31 14:15:00,0.85545,0.8555,0.8554,0.85544,0.0
2026-08-31 09:20:00,2026-08-31 06:20:00,2026-08-31 14:20:00,0.85545,0.8555,0.85537,0.85539,0.0
2026-08-31 09:25:00,2026-08-31 06:25:00,2026-08-31 14:25:00,0.85539,0.85544,0.85534,0.85542,0.0
2026-08-31 09:30:00,2026-08-31 06:30:00,2026-08-31 14:30:00,0.85544,0.8555,0.85539,0.85547,0.0
2026-08-31 09:35:00,2026-08-31 06:35:00,2026-08-31 14:35:00,0.85547,0.85554,0.85543,0.85546,0.0
2026-08-31 09:40:00,2026-08-31 06:40:00,2026-08-31 14:40:00,0.85547,0.8556,0.85546,0.85553,0.0
2026-08-31 09:45:00,2026-08-31 06:45:00,2026-08-31 14:45:00,0.85553,0.8556,0.85548,0.8555,0.0
2026-08-31 09:50:00,2026-08-31 06:50:00,2026-08-31 14:50:00,0.8555,0.85562,0.85544,0.85558,0.0
2026-08-31 09:55:00,2026-08-31 06:55:00,2026-08-31 14:55:00,0.85558,0.8557,0.85555,0.85562,0.0
2026-08-31 10:00:00,2026-08-31 07:00:00,2026-08-31 15:00:00,0.85563,0.85584,0.8556,0.85584,0.0
2026-08-31 10:05:00,2026-08-31 07:05:00,2026-08-31 15:05:00,0.85584,0.85585,0.8556,0.85564,0.0
2026-08-31 10:10:00,2026-08-31 07:10:00,2026-08-31 15:10:00,0.85564,0.85592,0.85562,0.85589,0.0
2026-08-31 10:15:00,2026-08-31 07:15:00,2026-08-31 15:15:00,0.85589,0.8559,0.85574,0.85589,0.0
2026-08-31 10:20:00,2026-08-31 07:20:00,2026-08-31 15:20:00,0.85589,0.856,0.85584,0.85587,0.0
2026-08-31 10:25:00,2026-08-31 07:25:00,2026-08-31 15:25:00,0.85587,0.85592,0.85583,0.85589,0.0
2026-08-31 10:30:00,2026-08-31 07:30:00,2026-08-31 15:30:00,0.85589,0.85624,0.85587,0.85622,0.0
2026-08-31 10:35:00,2026-08-31 07:35:00,2026-08-31 15:35:00,0.85621,0.8563,0.85615,0.85625,0.0
2026-08-31 10:40:00,2026-08-31 07:40:00,2026-08-31 15:40:00,0.85624,0.85635,0.8562,0.85629,0.0
2026-08-31 10:45:00,2026-08-31 07:45:00,2026-08-31 15:45:00,0.85629,0.85641,0.85628,0.85636,0.0
2026-08-31 10:50:00,2026-08-31 07:50:00,2026-08-31 15:50:00,0.85635,0.85641,0.85632,0.85639,0.0
2026-08-31 10:55:00,2026-08-31 07:55:00,2026-08-31 15:55:00,0.85639,0.85651,0.85633,0.85649,0.0
2026-08-31 11:00:00,2026-08-31 08:00:00,2026-08-31 16:00:00,0.85649,0.85649,0.85601,0.85603,0.0
2026-08-31 11:05:00,2026-08-31 08:05:00,2026-08-31 16:05:00,0.85604,0.85624,0.856,0.85618,0.0
2026-08-31 11:10:00,2026-08-31 08:10:00,2026-08-31 16:10:00,0.85618,0.85626,0.85613,0.8562,0.0
2026-08-31 11:15:00,2026-08-31 08:15:00,2026-08-31 16:15:00,0.8562,0.8563,0.85614,0.85622,0.0
2026-08-31 11:20:00,2026-08-31 08:20:00,2026-08-31 16:20:00,0.85622,0.85622,0.85608,0.85615,0.0
2026-08-31 11:25:00,2026-08-31 08:25:00,2026-08-31 16:25:00,0.85615,0.8562,0.85604,0.85611,0.0
2026-08-31 11:30:00,2026-08-31 08:30:00,2026-08-31 16:30:00,0.85612,0.8562,0.85608,0.85616,0.0
2026-08-31 11:35:00,2026-08-31 08:35:00,2026-08-31 16:35:00,0.85617,0.85624,0.85612,0.85621,0.0
2026-08-31 11:40:00,2026-08-31 08:40:00,2026-08-31 16:40:00,0.85621,0.85635,0.85619,0.85632,0.0
2026-08-31 11:45:00,2026-08-31 08:45:00,2026-08-31 16:45:00,0.85633,0.8564,0.85629,0.85637,0.0
2026-08-31 11:50:00,2026-08-31 08:50:00,2026-08-31 16:50:00,0.85637,0.85645,0.8563,0.85634,0.0
2026-08-31 11:55:00,2026-08-31 08:55:00,2026-08-31 16:55:00,0.85634,0.85635,0.85617,0.85624,0.0
2026-08-31 12:00:00,2026-08-31 09:00:00,2026-08-31 17:00:00,0.85621,0.85642,0.8562,0.85642,0.0
2026-08-31 12:05:00,2026-08-31 09:05:00,2026-08-31 17:05:00,0.85642,0.8565,0.85631,0.85643,0.0
2026-08-31 12:10:00,2026-08-31 09:10:00,2026-08-31 17:10:00,0.85643,0.8565,0.85638,0.85643,0.0
2026-08-31 12:15:00,2026-08-31 09:15:00,2026-08-31 17:15:00,0.85643,0.85644,0.85637,0.8564,0.0
2026-08-31 12:20:00,2026-08-31 09:20:00,2026-08-31 17:20:00,0.8564,0.8565,0.85639,0.85644,0.0
2026-08-31 12:25:00,2026-08-31 09:25:00,2026-08-31 17:25:00,0.85644,0.85644,0.85631,0.85634,0.0
2026-08-31 12:30:00,2026-08-31 09:30:00,2026-08-31 17:30:00,0.85633,0.85644,0.8563,0.85636,0.0
2026-08-31 12:35:00,2026-08-31 09:35:00,2026-08-31 17:35:00,0.85637,0.8564,0.85632,0.85636,0.0
2026-08-31 12:40:00,2026-08-31 09:40:00,2026-08-31 17:40:00,0.85636,0.8564,0.8563,0.85632,0.0
2026-08-31 12:45:00,2026-08-31 09:45:00,2026-08-31 17:45:00,0.85632,0.8564,0.85627,0.85637,0.0
2026-08-31 12:50:00,2026-08-31 09:50:00,2026-08-31 17:50:00,0.85637,0.8565,0.85634,0.85647,0.0
2026-08-31 12:55:00,2026-08-31 09:55:00,2026-08-31 17:55:00,0.85646,0.85653,0.85643,0.85649,0.0
2026-08-31 13:00:00,2026-08-31 10:00:00,2026-08-31 18:00:00,0.85649,0.8565,0.85634,0.85639,0.0
2026-08-31 13:05:00,2026-08-31 10:05:00,2026-08-31 18:05:00,0.8564,0.8565,0.85637,0.85648,0.0
2026-08-31 13:10:00,2026-08-31 10:10:00,2026-08-31 18:10:00,0.85648,0.8566,0.85645,0.85648,0.0
2026-08-31 13:15:00,2026-08-31 10:15:00,2026-08-31 18:15:00,0.85648,0.85654,0.85644,0.85647,0.0
2026-08-31 13:20:00,2026-08-31 10:20:00,2026-08-31 18:20:00,0.85647,0.85653,0.85644,0.85652,0.0
2026-08-31 13:25:00,2026-08-31 10:25:00,2026-08-31 18:25:00,0.85652,0.8566,0.85649,0.85657,0.0
2026-08-31 13:30:00,2026-08-31 10:30:00,2026-08-31 18:30:00,0.85658,0.85661,0.85651,0.85655,0.0
2026-08-31 13:35:00,2026-08-31 10:35:00,2026-08-31 18:35:00,0.85654,0.85663,0.85653,0.85658,0.0
2026-08-31 13:40:00,2026-08-31 10:40:00,2026-08-31 18:40:00,0.85658,0.85664,0.85657,0.8566,0.0
2026-08-31 13:45:00,2026-08-31 10:45:00,2026-08-31 18:45:00,0.8566,0.85674,0.85659,0.8567,0.0
2026-08-31 13:50:00,2026-08-31 10:50:00,2026-08-31 18:50:00,0.8567,0.85671,0.85654,0.85659,0.0
2026-08-31 13:55:00,2026-08-31 10:55:00,2026-08-31 18:55:00,0.85658,0.8566,0.85645,0.8565,0.0
2026-08-31 14:00:00,2026-08-31 11:00:00,2026-08-31 19:00:00,0.8565,0.85663,0.85649,0.85659,0.0
2026-08-31 14:05:00,2026-08-31 11:05:00,2026-08-31 19:05:00,0.8566,0.8567,0.85654,0.85667,0.0
2026-08-31 14:10:00,2026-08-31 11:10:00,2026-08-31 19:10:00,0.85666,0.85674,0.85654,0.85656,0.0
2026-08-31 14:15:00,2026-08-31 11:15:00,2026-08-31 19:15:00,0.8566,0.85665,0.8565,0.85663,0.0
2026-08-31 14:20:00,2026-08-31 11:20:00,2026-08-31 19:20:00,0.85664,0.85671,0.8566,0.85661,0.0
2026-08-31 14:25:00,2026-08-31 11:25:00,2026-08-31 19:25:00,0.85662,0.85662,0.85651,0.85652,0.0
2026-08-31 14:30:00,2026-08-31 11:30:00,2026-08-31 19:30:00,0.85652,0.8566,0.8565,0.8566,0.0
2026-08-31 14:35:00,2026-08-31 11:35:00,2026-08-31 19:35:00,0.8566,0.8567,0.85656,0.85662,0.0
2026-08-31 14:40:00,2026-08-31 11:40:00,2026-08-31 19:40:00,0.85662,0.8567,0.85656,0.85657,0.0
2026-08-31 14:45:00,2026-08-31 11:45:00,2026-08-31 19:45:00,0.85657,0.8566,0.85649,0.85655,0.0
2026-08-31 14:50:00,2026-08-31 11:50:00,2026-08-31 19:50:00,0.85657,0.8567,0.85653,0.85667,0.0
2026-08-31 14:55:00,2026-08-31 11:55:00,2026-08-31 19:55:00,0.85667,0.8567,0.8565,0.85651,0.0
2026-08-31 15:00:00,2026-08-31 12:00:00,2026-08-31 20:00:00,0.8565,0.85654,0.8564,0.85648,0.0
2026-08-31 15:05:00,2026-08-31 12:05:00,2026-08-31 20:05:00,0.85648,0.8566,0.85638,0.85644,0.0
2026-08-31 15:10:00,2026-08-31 12:10:00,2026-08-31 20:10:00,0.85648,0.8565,0.85634,0.85636,0.0
2026-08-31 15:15:00,2026-08-31 12:15:00,2026-08-31 20:15:00,0.85636,0.8564,0.85619,0.8563,0.0
2026-08-31 15:20:00,2026-08-31 12:20:00,2026-08-31 20:20:00,0.8563,0.85646,0.8562,0.85644,0.0
2026-08-31 15:25:00,2026-08-31 12:25:00,2026-08-31 20:25:00,0.85645,0.85647,0.85614,0.85622,0.0
2026-08-31 15:30:00,2026-08-31 12:30:00,2026-08-31 20:30:00,0.85622,0.8563,0.85614,0.85621,0.0
2026-08-31 15:35:00,2026-08-31 12:35:00,2026-08-31 20:35:00,0.85621,0.85632,0.85615,0.85619,0.0
2026-08-31 15:40:00,2026-08-31 12:40:00,2026-08-31 20:40:00,0.85617,0.85642,0.85613,0.85639,0.0
2026-08-31 15:45:00,2026-08-31 12:45:00,2026-08-31 20:45:00,0.85639,0.8565,0.85635,0.85638,0.0
2026-08-31 15:50:00,2026-08-31 12:50:00,2026-08-31 20:50:00,0.85638,0.8564,0.8563,0.85639,0.0
2026-08-31 15:55:00,2026-08-31 12:55:00,2026-08-31 20:55:00,0.85639,0.85651,0.85637,0.85645,0.0
2026-08-31 16:00:00,2026-08-31 13:00:00,2026-08-31 21:00:00,0.85645,0.8565,0.85623,0.85631,0.0
2026-08-31 16:05:00,2026-08-31 13:05:00,2026-08-31 21:05:00,0.85632,0.8564,0.85625,0.85636,0.0
2026-08-31 16:10:00,2026-08-31 13:10:00,2026-08-31 21:10:00,0.85635,0.8564,0.8562,0.85631,0.0
2026-08-31 16:15:00,2026-08-31 13:15:00,2026-08-31 21:15:00,0.85631,0.85641,0.85627,0.85636,0.0
2026-08-31 16:20:00,2026-08-31 13:20:00,2026-08-31 21:20:00,0.85634,0.8564,0.8562,0.85623,0.0
2026-08-31 16:25:00,2026-08-31 13:25:00,2026-08-31 21:25:00,0.85623,0.8563,0.85616,0.85618,0.0
2026-08-31 16:30:00,2026-08-31 13:30:00,2026-08-31 21:30:00,0.85619,0.8564,0.85615,0.85633,0.0
2026-08-31 16:35:00,2026-08-31 13:35:00,2026-08-31 21:35:00,0.85633,0.8564,0.85629,0.85631,0.0
2026-08-31 16:40:00,2026-08-31 13:40:00,2026-08-31 21:40:00,0.85631,0.85633,0.85616,0.85619,0.0
2026-08-31 16:45:00,2026-08-31 13:45:00,2026-08-31 21:45:00,0.85619,0.8563,0.85612,0.8562,0.0
2026-08-31 16:50:00,2026-08-31 13:50:00,2026-08-31 21:50:00,0.85619,0.8563,0.8561,0.85614,0.0
2026-08-31 16:55:00,2026-08-31 13:55:00,2026-08-31 21:55:00,0.85617,0.85652,0.85613,0.8565,0.0
2026-08-31 17:00:00,2026-08-31 14:00:00,2026-08-31 22:00:00,0.85649,0.85673,0.85634,0.85672,0.0
2026-08-31 17:05:00,2026-08-31 14:05:00,2026-08-31 22:05:00,0.85671,0.85692,0.85666,0.85689,0.0
2026-08-31 17:10:00,2026-08-31 14:10:00,2026-08-31 22:10:00,0.8569,0.85702,0.85679,0.85681,0.0
2026-08-31 17:15:00,2026-08-31 14:15:00,2026-08-31 22:15:00,0.8568,0.8569,0.8567,0.85685,0.0
2026-08-31 17:20:00,2026-08-31 14:20:00,2026-08-31 22:20:00,0.85685,0.8569,0.8567,0.85674,0.0
2026-08-31 17:25:00,2026-08-31 14:25:00,2026-08-31 22:25:00,0.85674,0.85684,0.8567,0.85677,0.0
2026-08-31 17:30:00,2026-08-31 14:30:00,2026-08-31 22:30:00,0.85677,0.8568,0.85657,0.85674,0.0
2026-08-31 17:35:00,2026-08-31 14:35:00,2026-08-31 22:35:00,0.85676,0.85685,0.85665,0.85682,0.0
2026-08-31 17:40:00,2026-08-31 14:40:00,2026-08-31 22:40:00,0.85682,0.85708,0.85675,0.85703,0.0
2026-08-31 17:45:00,2026-08-31 14:45:00,2026-08-31 22:45:00,0.85703,0.85708,0.85671,0.85685,0.0
2026-08-31 17:50:00,2026-08-31 14:50:00,2026-08-31 22:50:00,0.85684,0.85694,0.85604,0.85616,0.0
2026-08-31 17:55:00,2026-08-31 14:55:00,2026-08-31 22:55:00,0.85616,0.85688,0.85611,0.85682,0.0
2026-08-31 18:00:00,2026-08-31 15:00:00,2026-08-31 23:00:00,0.85681,0.857,0.85655,0.85696,0.0
2026-08-31 18:05:00,2026-08-31 15:05:00,2026-08-31 23:05:00,0.85696,0.85714,0.85687,0.85703,0.0
2026-08-31 18:10:00,2026-08-31 15:10:00,2026-08-31 23:10:00,0.85703,0.8572,0.85695,0.85706,0.0
2026-08-31 18:15:00,2026-08-31 15:15:00,2026-08-31 23:15:00,0.85706,0.85715,0.85696,0.85713,0.0
2026-08-31 18:20:00,2026-08-31 15:20:00,2026-08-31 23:20:00,0.85713,0.85734,0.8571,0.8573,0.0
2026-08-31 18:25:00,2026-08-31 15:25:00,2026-08-31 23:25:00,0.85732,0.85734,0.85719,0.85725,0.0
2026-08-31 18:30:00,2026-08-31 15:30:00,2026-08-31 23:30:00,0.85725,0.8574,0.85719,0.85731,0.0
2026-08-31 18:35:00,2026-08-31 15:35:00,2026-08-31 23:35:00,0.8573,0.85746,0.85728,0.85745,0.0
2026-08-31 18:40:00,2026-08-31 15:40:00,2026-08-31 23:40:00,0.85745,0.85745,0.85729,0.85733,0.0
2026-08-31 18:45:00,2026-08-31 15:45:00,2026-08-31 23:45:00,0.85733,0.85735,0.8572,0.85731,0.0
2026-08-31 18:50:00,2026-08-31 15:50:00,2026-08-31 23:50:00,0.85731,0.85735,0.85726,0.85734,0.0
2026-08-31 18:55:00,2026-08-31 15:55:00,2026-08-31 23:55:00,0.85735,0.8574,0.85725,0.85736,0.0
2026-08-31 19:00:00,2026-08-31 16:00:00,2026-09-01 00:00:00,0.85736,0.8574,0.85724,0.85731,0.0
2026-08-31 19:05:00,2026-08-31 16:05:00,2026-09-01 00:05:00,0.8573,0.8574,0.85728,0.85734,0.0
2026-08-31 19:10:00,2026-08-31 16:10:00,2026-09-01 00:10:00,0.85734,0.85735,0.85725,0.85727,0.0
2026-08-31 19:15:00,2026-08-31 16:15:00,2026-09-01 00:15:00,0.85727,0.8573,0.85719,0.85725,0.0
2026-08-31 19:20:00,2026-08-31 16:20:00,2026-09-01 00:20:00,0.85725,0.8573,0.85719,0.85726,0.0
2026-08-31 19:25:00,2026-08-31 16:25:00,2026-09-01 00:25:00,0.85726,0.8573,0.85723,0.85726,0.0
2026-08-31 19:30:00,2026-08-31 16:30:00,2026-09-01 00:30:00,0.85726,0.8573,0.85718,0.85724,0.0
2026-08-31 19:35:00,2026-08-31 16:35:00,2026-09-01 00:35:00,0.85724,0.8574,0.8572,0.85735,0.0
2026-08-31 19:40:00,2026-08-31 16:40:00,2026-09-01 00:40:00,0.85735,0.8574,0.85727,0.85731,0.0
2026-08-31 19:45:00,2026-08-31 16:45:00,2026-09-01 00:45:00,0.85731,0.8574,0.85726,0.85731,0.0
2026-08-31 19:50:00,2026-08-31 16:50:00,2026-09-01 00:50:00,0.85731,0.85736,0.85728,0.85733,0.0
2026-08-31 19:55:00,2026-08-31 16:55:00,2026-09-01 00:55:00,0.85732,0.8574,0.8573,0.85737,0.0
2026-08-31 20:00:00,2026-08-31 17:00:00,2026-09-01 01:00:00,0.85737,0.85742,0.85735,0.85741,0.0
2026-08-31 20:05:00,2026-08-31 17:05:00,2026-09-01 01:05:00,0.85741,0.85742,0.85738,0.85742,0.0
2026-08-31 20:10:00,2026-08-31 17:10:00,2026-09-01 01:10:00,0.85741,0.85745,0.85736,0.85738,0.0
2026-08-31 20:15:00,2026-08-31 17:15:00,2026-09-01 01:15:00,0.85739,0.8574,0.8573,0.8573,0.0
2026-08-31 20:20:00,2026-08-31 17:20:00,2026-09-01 01:20:00,0.8573,0.85731,0.85723,0.85726,0.0
2026-08-31 20:25:00,2026-08-31 17:25:00,2026-09-01 01:25:00,0.85726,0.8573,0.85719,0.85725,0.0
2026-08-31 20:30:00,2026-08-31 17:30:00,2026-09-01 01:30:00,0.85724,0.8573,0.85719,0.85724,0.0
2026-08-31 20:35:00,2026-08-31 17:35:00,2026-09-01 01:35:00,0.85724,0.85724,0.85717,0.85723,0.0
2026-08-31 20:40:00,2026-08-31 17:40:00,2026-09-01 01:40:00,0.85723,0.8573,0.8571,0.85716,0.0
2026-08-31 20:45:00,2026-08-31 17:45:00,2026-09-01 01:45:00,0.85715,0.85721,0.8571,0.85714,0.0
2026-08-31 20:50:00,2026-08-31 17:50:00,2026-09-01 01:50:00,0.85715,0.85722,0.8571,0.85717,0.0
2026-08-31 20:55:00,2026-08-31 17:55:00,2026-09-01 01:55:00,0.85717,0.85722,0.85712,0.8572,0.0
2026-08-31 21:00:00,2026-08-31 18:00:00,2026-09-01 02:00:00,0.85721,0.8573,0.85718,0.85726,0.0
2026-08-31 21:05:00,2026-08-31 18:05:00,2026-09-01 02:05:00,0.85726,0.8573,0.8572,0.85724,0.0
2026-08-31 21:10:00,2026-08-31 18:10:00,2026-09-01 02:10:00,0.85724,0.8573,0.8572,0.85724,0.0
2026-08-31 21:15:00,2026-08-31 18:15:00,2026-09-01 02:15:00,0.85724,0.8573,0.85722,0.85724,0.0
2026-08-31 21:20:00,2026-08-31 18:20:00,2026-09-01 02:20:00,0.85724,0.8573,0.8572,0.85725,0.0
2026-08-31 21:25:00,2026-08-31 18:25:00,2026-09-01 02:25:00,0.85725,0.8573,0.85723,0.85729,0.0
2026-08-31 21:30:00,2026-08-31 18:30:00,2026-09-01 02:30:00,0.85729,0.85733,0.85726,0.8573,0.0
2026-08-31 21:35:00,2026-08-31 18:35:00,2026-09-01 02:35:00,0.85729,0.85733,0.85726,0.85731,0.0
2026-08-31 21:40:00,2026-08-31 18:40:00,2026-09-01 02:40:00,0.85732,0.8574,0.85728,0.85733,0.0
2026-08-31 21:45:00,2026-08-31 18:45:00,2026-09-01 02:45:00,0.85732,0.8574,0.8573,0.85734,0.0
2026-08-31 21:50:00,2026-08-31 18:50:00,2026-09-01 02:50:00,0.85735,0.85736,0.85726,0.85728,0.0
2026-08-31 21:55:00,2026-08-31 18:55:00,2026-09-01 02:55:00,0.85728,0.8573,0.8572,0.85725,0.0
2026-08-31 22:00:00,2026-08-31 19:00:00,2026-09-01 03:00:00,0.85725,0.8574,0.85724,0.85736,0.0
2026-08-31 22:05:00,2026-08-31 19:05:00,2026-09-01 03:05:00,0.85736,0.85742,0.85732,0.85732,0.0
2026-08-31 22:10:00,2026-08-31 19:10:00,2026-09-01 03:10:00,0.85732,0.85743,0.85732,0.8574,0.0
2026-08-31 22:15:00,2026-08-31 19:15:00,2026-09-01 03:15:00,0.8574,0.85743,0.85736,0.8574,0.0
2026-08-31 22:20:00,2026-08-31 19:20:00,2026-09-01 03:20:00,0.8574,0.85741,0.85735,0.85736,0.0
2026-08-31 22:25:00,2026-08-31 19:25:00,2026-09-01 03:25:00,0.85736,0.85742,0.85734,0.85739,0.0
2026-08-31 22:30:00,2026-08-31 19:30:00,2026-09-01 03:30:00,0.85739,0.85742,0.85735,0.85738,0.0
2026-08-31 22:35:00,2026-08-31 19:35:00,2026-09-01 03:35:00,0.85737,0.8574,0.85735,0.85738,0.0
2026-08-31 22:40:00,2026-08-31 19:40:00,2026-09-01 03:40:00,0.85738,0.8574,0.85728,0.85733,0.0
2026-08-31 22:45:00,2026-08-31 19:45:00,2026-09-01 03:45:00,0.85732,0.8574,0.8573,0.85734,0.0
2026-08-31 22:50:00,2026-08-31 19:50:00,2026-09-01 03:50:00,0.85733,0.85735,0.85725,0.85731,0.0
2026-08-31 22:55:00,2026-08-31 19:55:00,2026-09-01 03:55:00,0.85732,0.85734,0.85723,0.85728,0.0
2026-08-31 23:00:00,2026-08-31 20:00:00,2026-09-01 04:00:00,0.85728,0.85733,0.85723,0.85732,0.0
2026-08-31 23:05:00,2026-08-31 20:05:00,2026-09-01 04:05:00,0.85731,0.8574,0.8573,0.85735,0.0
2026-08-31 23:10:00,2026-08-31 20:10:00,2026-09-01 04:10:00,0.85734,0.8574,0.8573,0.85736,0.0
2026-08-31 23:15:00,2026-08-31 20:15:00,2026-09-01 04:15:00,0.85736,0.85741,0.85734,0.85735,0.0
2026-08-31 23:20:00,2026-08-31 20:20:00,2026-09-01 04:20:00,0.85735,0.8574,0.8573,0.85734,0.0
2026-08-31 23:25:00,2026-08-31 20:25:00,2026-09-01 04:25:00,0.85734,0.8574,0.85728,0.85729,0.0
2026-08-31 23:30:00,2026-08-31 20:30:00,2026-09-01 04:30:00,0.85729,0.85733,0.85723,0.85724,0.0
2026-08-31 23:35:00,2026-08-31 20:35:00,2026-09-01 04:35:00,0.85724,0.85732,0.85724,0.85729,0.0
2026-08-31 23:40:00,2026-08-31 20:40:00,2026-09-01 04:40:00,0.85729,0.85734,0.85728,0.85732,0.0
2026-08-31 23:45:00,2026-08-31 20:45:00,2026-09-01 04:45:00,0.8573,0.8574,0.85729,0.85737,0.0
2026-08-31 23:50:00,2026-08-31 20:50:00,2026-09-01 04:50:00,0.85736,0.85741,0.85727,0.85737,0.0
2026-08-31 23:55:00,2026-08-31 20:55:00,2026-09-01 04:55:00,0.85737,0.85741,0.85706,0.85728,0.0
2026-09-01 00:00:00,2026-08-31 21:00:00,2026-09-01 05:00:00,0.85727,0.85742,0.8567,0.85731,0.0
2026-09-01 00:05:00,2026-08-31 21:05:00,2026-09-01 05:05:00,0.85701,0.85742,0.857,0.85714,0.0
2026-09-01 00:10:00,2026-08-31 21:10:00,2026-09-01 05:10:00,0.85714,0.85743,0.85689,0.85718,0.0
2026-09-01 00:15:00,2026-08-31 21:15:00,2026-09-01 05:15:00,0.8572,0.85749,0.857,0.85712,0.0
2026-09-01 00:20:00,2026-08-31 21:20:00,2026-09-01 05:20:00,0.85726,0.85756,0.85707,0.85731,0.0
2026-09-01 00:25:00,2026-08-31 21:25:00,2026-09-01 05:25:00,0.8572,0.85756,0.85691,0.8573,0.0
2026-09-01 00:30:00,2026-08-31 21:30:00,2026-09-01 05:30:00,0.8573,0.85742,0.85697,0.85723,0.0
2026-09-01 00:35:00,2026-08-31 21:35:00,2026-09-01 05:35:00,0.8571,0.85733,0.85699,0.8573,0.0
2026-09-01 00:40:00,2026-08-31 21:40:00,2026-09-01 05:40:00,0.8572,0.85743,0.85697,0.85712,0.0
2026-09-01 00:45:00,2026-08-31 21:45:00,2026-09-01 05:45:00,0.85722,0.85737,0.85702,0.85727,0.0
2026-09-01 00:50:00,2026-08-31 21:50:00,2026-09-01 05:50:00,0.85727,0.85732,0.85701,0.85721,0.0
2026-09-01 00:55:00,2026-08-31 21:55:00,2026-09-01 05:55:00,0.8572,0.85733,0.85686,0.85716,0.0
2026-09-01 01:00:00,2026-08-31 22:00:00,2026-09-01 06:00:00,0.85702,0.85737,0.85702,0.85733,0.0
2026-09-01 01:05:00,2026-08-31 22:05:00,2026-09-01 06:05:00,0.85732,0.85734,0.85723,0.85734,0.0
2026-09-01 01:10:00,2026-08-31 22:10:00,2026-09-01 06:10:00,0.85734,0.8574,0.85729,0.85733,0.0
2026-09-01 01:15:00,2026-08-31 22:15:00,2026-09-01 06:15:00,0.85732,0.85735,0.8573,0.85733,0.0
2026-09-01 01:20:00,2026-08-31 22:20:00,2026-09-01 06:20:00,0.85733,0.8574,0.85724,0.85735,0.0
2026-09-01 01:25:00,2026-08-31 22:25:00,2026-09-01 06:25:00,0.85736,0.85743,0.85735,0.85739,0.0
2026-09-01 01:30:00,2026-08-31 22:30:00,2026-09-01 06:30:00,0.85739,0.85741,0.85737,0.85738,0.0
2026-09-01 01:35:00,2026-08-31 22:35:00,2026-09-01 06:35:00,0.85739,0.85741,0.85736,0.8574,0.0
2026-09-01 01:40:00,2026-08-31 22:40:00,2026-09-01 06:40:00,0.8574,0.85743,0.85737,0.8574,0.0
2026-09-01 01:45:00,2026-08-31 22:45:00,2026-09-01 06:45:00,0.8574,0.85741,0.85737,0.85737,0.0
2026-09-01 01:50:00,2026-08-31 22:50:00,2026-09-01 06:50:00,0.85739,0.85742,0.85736,0.8574,0.0
2026-09-01 01:55:00,2026-08-31 22:55:00,2026-09-01 06:55:00,0.8574,0.85742,0.85737,0.85739,0.0
2026-09-01 02:00:00,2026-08-31 23:00:00,2026-09-01 07:00:00,0.85739,0.85742,0.85736,0.85739,0.0
2026-09-01 02:05:00,2026-08-31 23:05:00,2026-09-01 07:05:00,0.85739,0.85744,0.85737,0.85743,0.0
2026-09-01 02:10:00,2026-08-31 23:10:00,2026-09-01 07:10:00,0.85743,0.85744,0.8574,0.85743,0.0
2026-09-01 02:15:00,2026-08-31 23:15:00,2026-09-01 07:15:00,0.85743,0.85744,0.8574,0.85742,0.0
2026-09-01 02:20:00,2026-08-31 23:20:00,2026-09-01 07:20:00,0.85742,0.8575,0.8574,0.85742,0.0
2026-09-01 02:25:00,2026-08-31 23:25:00,2026-09-01 07:25:00,0.85742,0.85751,0.8574,0.85746,0.0
2026-09-01 02:30:00,2026-08-31 23:30:00,2026-09-01 07:30:00,0.85746,0.8575,0.85744,0.85745,0.0
2026-09-01 02:35:00,2026-08-31 23:35:00,2026-09-01 07:35:00,0.85745,0.8575,0.85743,0.85745,0.0
2026-09-01 02:40:00,2026-08-31 23:40:00,2026-09-01 07:40:00,0.85745,0.85751,0.85744,0.85748,0.0
2026-09-01 02:45:00,2026-08-31 23:45:00,2026-09-01 07:45:00,0.85749,0.85752,0.85747,0.8575,0.0
2026-09-01 02:50:00,2026-08-31 23:50:00,2026-09-01 07:50:00,0.8575,0.8575,0.85743,0.85744,0.0
2026-09-01 02:55:00,2026-08-31 23:55:00,2026-09-01 07:55:00,0.85744,0.8575,0.8574,0.85749,0.0
2026-09-01 03:00:00,2026-09-01 00:00:00,2026-09-01 08:00:00,0.85749,0.8575,0.85734,0.85737,0.0
2026-09-01 03:05:00,2026-09-01 00:05:00,2026-09-01 08:05:00,0.85736,0.85742,0.85732,0.85737,0.0
2026-09-01 03:10:00,2026-09-01 00:10:00,2026-09-01 08:10:00,0.8574,0.8574,0.8573,0.85736,0.0
2026-09-01 03:15:00,2026-09-01 00:15:00,2026-09-01 08:15:00,0.85736,0.8574,0.8573,0.85732,0.0
2026-09-01 03:20:00,2026-09-01 00:20:00,2026-09-01 08:20:00,0.85733,0.8574,0.85729,0.85731,0.0
2026-09-01 03:25:00,2026-09-01 00:25:00,2026-09-01 08:25:00,0.8573,0.85734,0.8572,0.85724,0.0
2026-09-01 03:30:00,2026-09-01 00:30:00,2026-09-01 08:30:00,0.85724,0.85731,0.8572,0.85728,0.0
2026-09-01 03:35:00,2026-09-01 00:35:00,2026-09-01 08:35:00,0.85729,0.8574,0.85726,0.85732,0.0
2026-09-01 03:40:00,2026-09-01 00:40:00,2026-09-01 08:40:00,0.8573,0.85735,0.85729,0.85731,0.0
2026-09-01 03:45:00,2026-09-01 00:45:00,2026-09-01 08:45:00,0.85733,0.85734,0.85724,0.85727,0.0
2026-09-01 03:50:00,2026-09-01 00:50:00,2026-09-01 08:50:00,0.8573,0.8573,0.8572,0.85725,0.0
2026-09-01 03:55:00,2026-09-01 00:55:00,2026-09-01 08:55:00,0.85725,0.8573,0.8572,0.85723,0.0
2026-09-01 04:00:00,2026-09-01 01:00:00,2026-09-01 09:00:00,0.8572,0.8573,0.8572,0.85723,0.0
2026-09-01 04:05:00,2026-09-01 01:05:00,2026-09-01 09:05:00,0.85723,0.8573,0.85716,0.85727,0.0
2026-09-01 04:10:00,2026-09-01 01:10:00,2026-09-01 09:10:00,0.8573,0.8573,0.8572,0.85723,0.0
2026-09-01 04:15:00,2026-09-01 01:15:00,2026-09-01 09:15:00,0.85723,0.8573,0.8572,0.85725,0.0
2026-09-01 04:20:00,2026-09-01 01:20:00,2026-09-01 09:20:00,0.85725,0.8573,0.85717,0.85723,0.0
2026-09-01 04:25:00,2026-09-01 01:25:00,2026-09-01 09:25:00,0.85725,0.8573,0.8572,0.85725,0.0
2026-09-01 04:30:00,2026-09-01 01:30:00,2026-09-01 09:30:00,0.85725,0.8573,0.85712,0.85714,0.0
2026-09-01 04:35:00,2026-09-01 01:35:00,2026-09-01 09:35:00,0.85714,0.85715,0.85709,0.85713,0.0
2026-09-01 04:40:00,2026-09-01 01:40:00,2026-09-01 09:40:00,0.85713,0.85713,0.857,0.85706,0.0
2026-09-01 04:45:00,2026-09-01 01:45:00,2026-09-01 09:45:00,0.85706,0.8571,0.857,0.85706,0.0
2026-09-01 04:50:00,2026-09-01 01:50:00,2026-09-01 09:50:00,0.85706,0.8571,0.85703,0.8571,0.0
2026-09-01 04:55:00,2026-09-01 01:55:00,2026-09-01 09:55:00,0.8571,0.85712,0.85703,0.85708,0.0
2026-09-01 05:00:00,2026-09-01 02:00:00,2026-09-01 10:00:00,0.85708,0.8571,0.85701,0.85704,0.0
2026-09-01 05:05:00,2026-09-01 02:05:00,2026-09-01 10:05:00,0.8571,0.8571,0.857,0.85708,0.0
2026-09-01 05:10:00,2026-09-01 02:10:00,2026-09-01 10:10:00,0.85708,0.85713,0.85707,0.8571,0.0
2026-09-01 05:15:00,2026-09-01 02:15:00,2026-09-01 10:15:00,0.8571,0.8572,0.85709,0.85711,0.0
2026-09-01 05:20:00,2026-09-01 02:20:00,2026-09-01 10:20:00,0.85711,0.8572,0.85709,0.85715,0.0
2026-09-01 05:25:00,2026-09-01 02:25:00,2026-09-01 10:25:00,0.85716,0.8572,0.85706,0.85707,0.0
2026-09-01 05:30:00,2026-09-01 02:30:00,2026-09-01 10:30:00,0.85708,0.85715,0.85704,0.85706,0.0
2026-09-01 05:35:00,2026-09-01 02:35:00,2026-09-01 10:35:00,0.85706,0.85713,0.85704,0.85712,0.0
2026-09-01 05:40:00,2026-09-01 02:40:00,2026-09-01 10:40:00,0.85712,0.85713,0.85706,0.85707,0.0
2026-09-01 05:45:00,2026-09-01 02:45:00,2026-09-01 10:45:00,0.85708,0.8571,0.85704,0.85708,0.0
2026-09-01 05:50:00,2026-09-01 02:50:00,2026-09-01 10:50:00,0.85708,0.8571,0.85703,0.85707,0.0
2026-09-01 05:55:00,2026-09-01 02:55:00,2026-09-01 10:55:00,0.85708,0.8571,0.85702,0.85704,0.0
2026-09-01 06:00:00,2026-09-01 03:00:00,2026-09-01 11:00:00,0.85704,0.85713,0.857,0.85704,0.0
2026-09-01 06:05:00,2026-09-01 03:05:00,2026-09-01 11:05:00,0.85704,0.8571,0.857,0.85708,0.0
2026-09-01 06:10:00,2026-09-01 03:10:00,2026-09-01 11:10:00,0.85708,0.8571,0.85705,0.85708,0.0
2026-09-01 06:15:00,2026-09-01 03:15:00,2026-09-01 11:15:00,0.85708,0.8571,0.85703,0.85704,0.0
2026-09-01 06:20:00,2026-09-01 03:20:00,2026-09-01 11:20:00,0.85704,0.8571,0.85702,0.85706,0.0
2026-09-01 06:25:00,2026-09-01 03:25:00,2026-09-01 11:25:00,0.85706,0.8571,0.85702,0.85708,0.0
2026-09-01 06:30:00,2026-09-01 03:30:00,2026-09-01 11:30:00,0.85708,0.8571,0.85704,0.85708,0.0
2026-09-01 06:35:00,2026-09-01 03:35:00,2026-09-01 11:35:00,0.85708,0.8571,0.85699,0.85701,0.0
2026-09-01 06:40:00,2026-09-01 03:40:00,2026-09-01 11:40:00,0.85701,0.85704,0.85697,0.85697,0.0
2026-09-01 06:45:00,2026-09-01 03:45:00,2026-09-01 11:45:00,0.857,0.85701,0.85694,0.85698,0.0
2026-09-01 06:50:00,2026-09-01 03:50:00,2026-09-01 11:50:00,0.85698,0.85703,0.85696,0.85701,0.0
2026-09-01 06:55:00,2026-09-01 03:55:00,2026-09-01 11:55:00,0.85702,0.8571,0.857,0.85707,0.0
2026-09-01 07:00:00,2026-09-01 04:00:00,2026-09-01 12:00:00,0.85705,0.8571,0.857,0.85701,0.0
2026-09-01 07:05:00,2026-09-01 04:05:00,2026-09-01 12:05:00,0.85703,0.85705,0.857,0.85703,0.0
2026-09-01 07:10:00,2026-09-01 04:10:00,2026-09-01 12:10:00,0.85702,0.85704,0.85696,0.857,0.0
2026-09-01 07:15:00,2026-09-01 04:15:00,2026-09-01 12:15:00,0.857,0.85702,0.85696,0.85698,0.0
2026-09-01 07:20:00,2026-09-01 04:20:00,2026-09-01 12:20:00,0.85698,0.85704,0.85697,0.857,0.0
2026-09-01 07:25:00,2026-09-01 04:25:00,2026-09-01 12:25:00,0.857,0.85702,0.85696,0.85701,0.0
2026-09-01 07:30:00,2026-09-01 04:30:00,2026-09-01 12:30:00,0.85701,0.85704,0.85695,0.85698,0.0
2026-09-01 07:35:00,2026-09-01 04:35:00,2026-09-01 12:35:00,0.857,0.85701,0.85695,0.85699,0.0
2026-09-01 07:40:00,2026-09-01 04:40:00,2026-09-01 12:40:00,0.85699,0.85704,0.85698,0.85703,0.0
2026-09-01 07:45:00,2026-09-01 04:45:00,2026-09-01 12:45:00,0.85703,0.85705,0.85698,0.85699,0.0
2026-09-01 07:50:00,2026-09-01 04:50:00,2026-09-01 12:50:00,0.857,0.85701,0.85694,0.85698,0.0
2026-09-01 07:55:00,2026-09-01 04:55:00,2026-09-01 12:55:00,0.85698,0.857,0.8569,0.85694,0.0
2026-09-01 08:00:00,2026-09-01 05:00:00,2026-09-01 13:00:00,0.85694,0.85701,0.85692,0.857,0.0
2026-09-01 08:05:00,2026-09-01 05:05:00,2026-09-01 13:05:00,0.857,0.857,0.85689,0.85691,0.0
2026-09-01 08:10:00,2026-09-01 05:10:00,2026-09-01 13:10:00,0.8569,0.85694,0.85685,0.85687,0.0
2026-09-01 08:15:00,2026-09-01 05:15:00,2026-09-01 13:15:00,0.85688,0.85692,0.85686,0.85691,0.0
2026-09-01 08:20:00,2026-09-01 05:20:00,2026-09-01 13:20:00,0.85691,0.85693,0.85687,0.85689,0.0
2026-09-01 08:25:00,2026-09-01 05:25:00,2026-09-01 13:25:00,0.8569,0.85691,0.85683,0.85687,0.0
2026-09-01 08:30:00,2026-09-01 05:30:00,2026-09-01 13:30:00,0.85687,0.85692,0.85684,0.8569,0.0
2026-09-01 08:35:00,2026-09-01 05:35:00,2026-09-01 13:35:00,0.8569,0.85691,0.85682,0.85686,0.0
2026-09-01 08:40:00,2026-09-01 05:40:00,2026-09-01 13:40:00,0.85686,0.8569,0.8568,0.85688,0.0
2026-09-01 08:45:00,2026-09-01 05:45:00,2026-09-01 13:45:00,0.85688,0.85693,0.8568,0.85685,0.0
2026-09-01 08:50:00,2026-09-01 05:50:00,2026-09-01 13:50:00,0.85684,0.8569,0.85678,0.85686,0.0
2026-09-01 08:55:00,2026-09-01 05:55:00,2026-09-01 13:55:00,0.85686,0.85691,0.85683,0.85688,0.0
2026-09-01 09:00:00,2026-09-01 06:00:00,2026-09-01 14:00:00,0.85688,0.85703,0.8568,0.85694,0.0
2026-09-01 09:05:00,2026-09-01 06:05:00,2026-09-01 14:05:00,0.85694,0.85696,0.85679,0.85692,0.0
2026-09-01 09:10:00,2026-09-01 06:10:00,2026-09-01 14:10:00,0.85691,0.85697,0.85685,0.85691,0.0
2026-09-01 09:15:00,2026-09-01 06:15:00,2026-09-01 14:15:00,0.85691,0.85701,0.85689,0.85695,0.0
2026-09-01 09:20:00,2026-09-01 06:20:00,2026-09-01 14:20:00,0.85695,0.8571,0.85692,0.85703,0.0
2026-09-01 09:25:00,2026-09-01 06:25:00,2026-09-01 14:25:00,0.85704,0.8572,0.85701,0.85711,0.0
2026-09-01 09:30:00,2026-09-01 06:30:00,2026-09-01 14:30:00,0.8571,0.85716,0.85684,0.85687,0.0
2026-09-01 09:35:00,2026-09-01 06:35:00,2026-09-01 14:35:00,0.85686,0.85693,0.85679,0.85683,0.0
2026-09-01 09:40:00,2026-09-01 06:40:00,2026-09-01 14:40:00,0.85683,0.8569,0.85669,0.85673,0.0
2026-09-01 09:45:00,2026-09-01 06:45:00,2026-09-01 14:45:00,0.85673,0.8569,0.8567,0.85688,0.0
2026-09-01 09:50:00,2026-09-01 06:50:00,2026-09-01 14:50:00,0.85688,0.8569,0.85679,0.85684,0.0
2026-09-01 09:55:00,2026-09-01 06:55:00,2026-09-01 14:55:00,0.85684,0.857,0.85683,0.857,0.0
2026-09-01 10:00:00,2026-09-01 07:00:00,2026-09-01 15:00:00,0.857,0.8571,0.8569,0.85701,0.0
2026-09-01 10:05:00,2026-09-01 07:05:00,2026-09-01 15:05:00,0.85701,0.85702,0.85682,0.85693,0.0
2026-09-01 10:10:00,2026-09-01 07:10:00,2026-09-01 15:10:00,0.85693,0.85694,0.85678,0.85683,0.0
2026-09-01 10:15:00,2026-09-01 07:15:00,2026-09-01 15:15:00,0.85683,0.8569,0.85676,0.8568,0.0
2026-09-01 10:20:00,2026-09-01 07:20:00,2026-09-01 15:20:00,0.8568,0.8569,0.85665,0.85688,0.0
2026-09-01 10:25:00,2026-09-01 07:25:00,2026-09-01 15:25:00,0.85687,0.85691,0.85679,0.85688,0.0
2026-09-01 10:30:00,2026-09-01 07:30:00,2026-09-01 15:30:00,0.85688,0.85695,0.8568,0.85694,0.0
2026-09-01 10:35:00,2026-09-01 07:35:00,2026-09-01 15:35:00,0.85694,0.85694,0.85672,0.85673,0.0
2026-09-01 10:40:00,2026-09-01 07:40:00,2026-09-01 15:40:00,0.85674,0.8568,0.85659,0.8566,0.0
2026-09-01 10:45:00,2026-09-01 07:45:00,2026-09-01 15:45:00,0.85659,0.85671,0.85645,0.85649,0.0
2026-09-01 10:50:00,2026-09-01 07:50:00,2026-09-01 15:50:00,0.85648,0.8567,0.85646,0.85658,0.0
2026-09-01 10:55:00,2026-09-01 07:55:00,2026-09-01 15:55:00,0.85657,0.85665,0.85653,0.85657,0.0
2026-09-01 11:00:00,2026-09-01 08:00:00,2026-09-01 16:00:00,0.85658,0.85662,0.85644,0.85651,0.0
2026-09-01 11:05:00,2026-09-01 08:05:00,2026-09-01 16:05:00,0.85651,0.85654,0.8563,0.85635,0.0
2026-09-01 11:10:00,2026-09-01 08:10:00,2026-09-01 16:10:00,0.85635,0.8566,0.85634,0.85645,0.0
2026-09-01 11:15:00,2026-09-01 08:15:00,2026-09-01 16:15:00,0.85645,0.85647,0.85636,0.85646,0.0
2026-09-01 11:20:00,2026-09-01 08:20:00,2026-09-01 16:20:00,0.85646,0.8566,0.85644,0.85655,0.0
2026-09-01 11:25:00,2026-09-01 08:25:00,2026-09-01 16:25:00,0.85654,0.85656,0.85641,0.85643,0.0
2026-09-01 11:30:00,2026-09-01 08:30:00,2026-09-01 16:30:00,0.85641,0.85655,0.85637,0.85645,0.0
2026-09-01 11:35:00,2026-09-01 08:35:00,2026-09-01 16:35:00,0.85645,0.85645,0.85624,0.85634,0.0
2026-09-01 11:40:00,2026-09-01 08:40:00,2026-09-01 16:40:00,0.85635,0.8564,0.85616,0.85622,0.0
2026-09-01 11:45:00,2026-09-01 08:45:00,2026-09-01 16:45:00,0.85621,0.85623,0.85609,0.8562,0.0
2026-09-01 11:50:00,2026-09-01 08:50:00,2026-09-01 16:50:00,0.8562,0.85632,0.85617,0.8563,0.0
2026-09-01 11:55:00,2026-09-01 08:55:00,2026-09-01 16:55:00,0.85632,0.85632,0.85598,0.85598,0.0
2026-09-01 12:00:00,2026-09-01 09:00:00,2026-09-01 17:00:00,0.8561,0.85627,0.85598,0.85623,0.0
2026-09-01 12:05:00,2026-09-01 09:05:00,2026-09-01 17:05:00,0.85624,0.85634,0.85619,0.85624,0.0
2026-09-01 12:10:00,2026-09-01 09:10:00,2026-09-01 17:10:00,0.85623,0.85633,0.85617,0.8563,0.0
2026-09-01 12:15:00,2026-09-01 09:15:00,2026-09-01 17:15:00,0.8563,0.85631,0.8561,0.85615,0.0
2026-09-01 12:20:00,2026-09-01 09:20:00,2026-09-01 17:20:00,0.85615,0.85623,0.85605,0.85612,0.0
2026-09-01 12:25:00,2026-09-01 09:25:00,2026-09-01 17:25:00,0.85613,0.8562,0.85603,0.85615,0.0
2026-09-01 12:30:00,2026-09-01 09:30:00,2026-09-01 17:30:00,0.85615,0.8562,0.85604,0.85608,0.0
2026-09-01 12:35:00,2026-09-01 09:35:00,2026-09-01 17:35:00,0.85608,0.8562,0.85606,0.85614,0.0
2026-09-01 12:40:00,2026-09-01 09:40:00,2026-09-01 17:40:00,0.85614,0.8563,0.8561,0.85623,0.0
2026-09-01 12:45:00,2026-09-01 09:45:00,2026-09-01 17:45:00,0.85623,0.85634,0.85621,0.85632,0.0
2026-09-01 12:50:00,2026-09-01 09:50:00,2026-09-01 17:50:00,0.85631,0.85632,0.8561,0.85612,0.0
2026-09-01 12:55:00,2026-09-01 09:55:00,2026-09-01 17:55:00,0.85612,0.85624,0.85612,0.85622,0.0
2026-09-01 13:00:00,2026-09-01 10:00:00,2026-09-01 18:00:00,0.85622,0.8563,0.85614,0.8562,0.0
2026-09-01 13:05:00,2026-09-01 10:05:00,2026-09-01 18:05:00,0.8562,0.85623,0.85612,0.85616,0.0
2026-09-01 13:10:00,2026-09-01 10:10:00,2026-09-01 18:10:00,0.85618,0.85621,0.85603,0.85604,0.0
2026-09-01 13:15:00,2026-09-01 10:15:00,2026-09-01 18:15:00,0.85604,0.85616,0.85597,0.8561,0.0
2026-09-01 13:20:00,2026-09-01 10:20:00,2026-09-01 18:20:00,0.85611,0.85615,0.85606,0.85613,0.0
2026-09-01 13:25:00,2026-09-01 10:25:00,2026-09-01 18:25:00,0.85612,0.85615,0.85603,0.8561,0.0
2026-09-01 13:30:00,2026-09-01 10:30:00,2026-09-01 18:30:00,0.8561,0.85621,0.85608,0.85619,0.0
2026-09-01 13:35:00,2026-09-01 10:35:00,2026-09-01 18:35:00,0.8562,0.85622,0.85613,0.85617,0.0
2026-09-01 13:40:00,2026-09-01 10:40:00,2026-09-01 18:40:00,0.85617,0.85632,0.85612,0.85629,0.0
2026-09-01 13:45:00,2026-09-01 10:45:00,2026-09-01 18:45:00,0.85629,0.8564,0.85626,0.85636,0.0
2026-09-01 13:50:00,2026-09-01 10:50:00,2026-09-01 18:50:00,0.85637,0.85645,0.85634,0.85643,0.0
2026-09-01 13:55:00,2026-09-01 10:55:00,2026-09-01 18:55:00,0.85643,0.85645,0.85633,0.85638,0.0
2026-09-01 14:00:00,2026-09-01 11:00:00,2026-09-01 19:00:00,0.8564,0.85653,0.85639,0.8565,0.0
2026-09-01 14:05:00,2026-09-01 11:05:00,2026-09-01 19:05:00,0.8565,0.8566,0.85638,0.85641,0.0
2026-09-01 14:10:00,2026-09-01 11:10:00,2026-09-01 19:10:00,0.85641,0.85654,0.85639,0.85649,0.0
2026-09-01 14:15:00,2026-09-01 11:15:00,2026-09-01 19:15:00,0.85649,0.85654,0.85644,0.85648,0.0
2026-09-01 14:20:00,2026-09-01 11:20:00,2026-09-01 19:20:00,0.85648,0.85654,0.8564,0.85646,0.0
2026-09-01 14:25:00,2026-09-01 11:25:00,2026-09-01 19:25:00,0.85646,0.85653,0.8564,0.85649,0.0
2026-09-01 14:30:00,2026-09-01 11:30:00,2026-09-01 19:30:00,0.85649,0.8565,0.85636,0.85644,0.0
2026-09-01 14:35:00,2026-09-01 11:35:00,2026-09-01 19:35:00,0.85644,0.8566,0.85643,0.85652,0.0
2026-09-01 14:40:00,2026-09-01 11:40:00,2026-09-01 19:40:00,0.85652,0.85652,0.85633,0.85641,0.0
2026-09-01 14:45:00,2026-09-01 11:45:00,2026-09-01 19:45:00,0.85641,0.8566,0.85638,0.85651,0.0
2026-09-01 14:50:00,2026-09-01 11:50:00,2026-09-01 19:50:00,0.8565,0.8566,0.85648,0.85657,0.0
2026-09-01 14:55:00,2026-09-01 11:55:00,2026-09-01 19:55:00,0.85657,0.8566,0.85637,0.85642,0.0
2026-09-01 15:00:00,2026-09-01 12:00:00,2026-09-01 20:00:00,0.85642,0.8565,0.8564,0.85647,0.0
2026-09-01 15:05:00,2026-09-01 12:05:00,2026-09-01 20:05:00,0.85646,0.85653,0.85637,0.85651,0.0
2026-09-01 15:10:00,2026-09-01 12:10:00,2026-09-01 20:10:00,0.85651,0.8566,0.85647,0.85654,0.0
2026-09-01 15:15:00,2026-09-01 12:15:00,2026-09-01 20:15:00,0.85657,0.8566,0.85644,0.85654,0.0
2026-09-01 15:20:00,2026-09-01 12:20:00,2026-09-01 20:20:00,0.85654,0.85662,0.85648,0.85655,0.0
2026-09-01 15:25:00,2026-09-01 12:25:00,2026-09-01 20:25:00,0.85656,0.85661,0.85648,0.85654,0.0
2026-09-01 15:30:00,2026-09-01 12:30:00,2026-09-01 20:30:00,0.85654,0.8566,0.8565,0.85655,0.0
2026-09-01 15:35:00,2026-09-01 12:35:00,2026-09-01 20:35:00,0.85656,0.85665,0.85652,0.85655,0.0
2026-09-01 15:40:00,2026-09-01 12:40:00,2026-09-01 20:40:00,0.85653,0.8567,0.85652,0.85662,0.0
2026-09-01 15:45:00,2026-09-01 12:45:00,2026-09-01 20:45:00,0.85662,0.85665,0.8565,0.85659,0.0
2026-09-01 15:50:00,2026-09-01 12:50:00,2026-09-01 20:50:00,0.85659,0.85675,0.85657,0.85674,0.0
2026-09-01 15:55:00,2026-09-01 12:55:00,2026-09-01 20:55:00,0.85674,0.85684,0.85664,0.85682,0.0
2026-09-01 16:00:00,2026-09-01 13:00:00,2026-09-01 21:00:00,0.85684,0.8569,0.85675,0.85681,0.0
2026-09-01 16:05:00,2026-09-01 13:05:00,2026-09-01 21:05:00,0.85681,0.85685,0.8566,0.85664,0.0
2026-09-01 16:10:00,2026-09-01 13:10:00,2026-09-01 21:10:00,0.85665,0.8568,0.85662,0.85674,0.0
2026-09-01 16:15:00,2026-09-01 13:15:00,2026-09-01 21:15:00,0.85674,0.8568,0.85656,0.85659,0.0
2026-09-01 16:20:00,2026-09-01 13:20:00,2026-09-01 21:20:00,0.85658,0.85661,0.8565,0.85656,0.0
2026-09-01 16:25:00,2026-09-01 13:25:00,2026-09-01 21:25:00,0.85656,0.8566,0.8564,0.85645,0.0
2026-09-01 16:30:00,2026-09-01 13:30:00,2026-09-01 21:30:00,0.85645,0.85655,0.85641,0.85651,0.0
2026-09-01 16:35:00,2026-09-01 13:35:00,2026-09-01 21:35:00,0.8565,0.85671,0.8565,0.85667,0.0
2026-09-01 16:40:00,2026-09-01 13:40:00,2026-09-01 21:40:00,0.85667,0.8567,0.85643,0.85648,0.0
2026-09-01 16:45:00,2026-09-01 13:45:00,2026-09-01 21:45:00,0.85649,0.85685,0.85642,0.8568,0.0
2026-09-01 16:50:00,2026-09-01 13:50:00,2026-09-01 21:50:00,0.85679,0.85679,0.8566,0.85669,0.0
2026-09-01 16:55:00,2026-09-01 13:55:00,2026-09-01 21:55:00,0.85669,0.8567,0.85618,0.85641,0.0
2026-09-01 17:00:00,2026-09-01 14:00:00,2026-09-01 22:00:00,0.85641,0.8566,0.85616,0.85648,0.0
2026-09-01 17:05:00,2026-09-01 14:05:00,2026-09-01 22:05:00,0.85649,0.85654,0.8563,0.85644,0.0
2026-09-01 17:10:00,2026-09-01 14:10:00,2026-09-01 22:10:00,0.85644,0.85661,0.85641,0.85655,0.0
2026-09-01 17:15:00,2026-09-01 14:15:00,2026-09-01 22:15:00,0.85655,0.85665,0.85649,0.85659,0.0
2026-09-01 17:20:00,2026-09-01 14:20:00,2026-09-01 22:20:00,0.85659,0.85662,0.8565,0.85659,0.0
2026-09-01 17:25:00,2026-09-01 14:25:00,2026-09-01 22:25:00,0.85659,0.8567,0.85653,0.85664,0.0
2026-09-01 17:30:00,2026-09-01 14:30:00,2026-09-01 22:30:00,0.85665,0.85676,0.85658,0.85671,0.0
2026-09-01 17:35:00,2026-09-01 14:35:00,2026-09-01 22:35:00,0.85671,0.85674,0.85657,0.85663,0.0
2026-09-01 17:40:00,2026-09-01 14:40:00,2026-09-01 22:40:00,0.85663,0.85671,0.85653,0.85655,0.0
2026-09-01 17:45:00,2026-09-01 14:45:00,2026-09-01 22:45:00,0.85655,0.8566,0.8565,0.85655,0.0
2026-09-01 17:50:00,2026-09-01 14:50:00,2026-09-01 22:50:00,0.85657,0.85679,0.85651,0.85654,0.0
2026-09-01 17:55:00,2026-09-01 14:55:00,2026-09-01 22:55:00,0.85654,0.8566,0.85645,0.85656,0.0
2026-09-01 18:00:00,2026-09-01 15:00:00,2026-09-01 23:00:00,0.85654,0.85705,0.85651,0.85691,0.0
2026-09-01 18:05:00,2026-09-01 15:05:00,2026-09-01 23:05:00,0.85689,0.857,0.85677,0.85685,0.0
2026-09-01 18:10:00,2026-09-01 15:10:00,2026-09-01 23:10:00,0.85685,0.85687,0.85675,0.8568,0.0
2026-09-01 18:15:00,2026-09-01 15:15:00,2026-09-01 23:15:00,0.8568,0.85694,0.85677,0.85688,0.0
2026-09-01 18:20:00,2026-09-01 15:20:00,2026-09-01 23:20:00,0.85686,0.857,0.85684,0.85693,0.0
2026-09-01 18:25:00,2026-09-01 15:25:00,2026-09-01 23:25:00,0.85692,0.85705,0.85684,0.85698,0.0
2026-09-01 18:30:00,2026-09-01 15:30:00,2026-09-01 23:30:00,0.85697,0.857,0.85687,0.8569,0.0
2026-09-01 18:35:00,2026-09-01 15:35:00,2026-09-01 23:35:00,0.85691,0.85694,0.85682,0.85685,0.0
2026-09-01 18:40:00,2026-09-01 15:40:00,2026-09-01 23:40:00,0.85685,0.85691,0.85678,0.8568,0.0
2026-09-01 18:45:00,2026-09-01 15:45:00,2026-09-01 23:45:00,0.85678,0.8569,0.85676,0.85683,0.0
2026-09-01 18:50:00,2026-09-01 15:50:00,2026-09-01 23:50:00,0.85684,0.8569,0.85679,0.85688,0.0
2026-09-01 18:55:00,2026-09-01 15:55:00,2026-09-01 23:55:00,0.85688,0.857,0.85686,0.85695,0.0
2026-09-01 19:00:00,2026-09-01 16:00:00,2026-09-02 00:00:00,0.85695,0.857,0.85689,0.85696,0.0
2026-09-01 19:05:00,2026-09-01 16:05:00,2026-09-02 00:05:00,0.85696,0.857,0.85688,0.85694,0.0
2026-09-01 19:10:00,2026-09-01 16:10:00,2026-09-02 00:10:00,0.85693,0.857,0.8568,0.85684,0.0
2026-09-01 19:15:00,2026-09-01 16:15:00,2026-09-02 00:15:00,0.85684,0.8569,0.85674,0.8568,0.0
2026-09-01 19:20:00,2026-09-01 16:20:00,2026-09-02 00:20:00,0.8568,0.8569,0.85675,0.85679,0.0
2026-09-01 19:25:00,2026-09-01 16:25:00,2026-09-02 00:25:00,0.8568,0.8569,0.85674,0.85685,0.0
2026-09-01 19:30:00,2026-09-01 16:30:00,2026-09-02 00:30:00,0.85685,0.85692,0.8567,0.85681,0.0
2026-09-01 19:35:00,2026-09-01 16:35:00,2026-09-02 00:35:00,0.8568,0.8569,0.85673,0.85684,0.0
2026-09-01 19:40:00,2026-09-01 16:40:00,2026-09-02 00:40:00,0.85683,0.8569,0.85679,0.85688,0.0
2026-09-01 19:45:00,2026-09-01 16:45:00,2026-09-02 00:45:00,0.85688,0.85706,0.85683,0.85701,0.0
2026-09-01 19:50:00,2026-09-01 16:50:00,2026-09-02 00:50:00,0.85701,0.85714,0.857,0.85709,0.0
2026-09-01 19:55:00,2026-09-01 16:55:00,2026-09-02 00:55:00,0.8571,0.8573,0.85707,0.85724,0.0
2026-09-01 20:00:00,2026-09-01 17:00:00,2026-09-02 01:00:00,0.85724,0.85734,0.85715,0.8573,0.0
2026-09-01 20:05:00,2026-09-01 17:05:00,2026-09-02 01:05:00,0.85732,0.85741,0.85727,0.85736,0.0
2026-09-01 20:10:00,2026-09-01 17:10:00,2026-09-02 01:10:00,0.85735,0.8574,0.85724,0.85733,0.0
2026-09-01 20:15:00,2026-09-01 17:15:00,2026-09-02 01:15:00,0.85733,0.8575,0.85731,0.85744,0.0
2026-09-01 20:20:00,2026-09-01 17:20:00,2026-09-02 01:20:00,0.85744,0.8575,0.8574,0.85744,0.0
2026-09-01 20:25:00,2026-09-01 17:25:00,2026-09-02 01:25:00,0.85744,0.8575,0.8573,0.85749,0.0
2026-09-01 20:30:00,2026-09-01 17:30:00,2026-09-02 01:30:00,0.85749,0.85763,0.85747,0.85749,0.0
2026-09-01 20:35:00,2026-09-01 17:35:00,2026-09-02 01:35:00,0.85749,0.85752,0.8574,0.85745,0.0
2026-09-01 20:40:00,2026-09-01 17:40:00,2026-09-02 01:40:00,0.85744,0.8575,0.8574,0.85744,0.0
2026-09-01 20:45:00,2026-09-01 17:45:00,2026-09-02 01:45:00,0.85744,0.8575,0.85739,0.85746,0.0
2026-09-01 20:50:00,2026-09-01 17:50:00,2026-09-02 01:50:00,0.85746,0.8575,0.85738,0.8574,0.0
2026-09-01 20:55:00,2026-09-01 17:55:00,2026-09-02 01:55:00,0.85741,0.8575,0.85737,0.85745,0.0
2026-09-01 21:00:00,2026-09-01 18:00:00,2026-09-02 02:00:00,0.85745,0.85753,0.8574,0.8575,0.0
2026-09-01 21:05:00,2026-09-01 18:05:00,2026-09-02 02:05:00,0.85751,0.85761,0.85748,0.85757,0.0
2026-09-01 21:10:00,2026-09-01 18:10:00,2026-09-02 02:10:00,0.85758,0.8576,0.85753,0.85756,0.0
2026-09-01 21:15:00,2026-09-01 18:15:00,2026-09-02 02:15:00,0.85756,0.8576,0.85753,0.85754,0.0
2026-09-01 21:20:00,2026-09-01 18:20:00,2026-09-02 02:20:00,0.85752,0.85762,0.85752,0.85759,0.0
2026-09-01 21:25:00,2026-09-01 18:25:00,2026-09-02 02:25:00,0.8576,0.8577,0.85755,0.85767,0.0
2026-09-01 21:30:00,2026-09-01 18:30:00,2026-09-02 02:30:00,0.85767,0.85772,0.85764,0.85771,0.0
2026-09-01 21:35:00,2026-09-01 18:35:00,2026-09-02 02:35:00,0.85769,0.8578,0.85766,0.85775,0.0
2026-09-01 21:40:00,2026-09-01 18:40:00,2026-09-02 02:40:00,0.85774,0.8578,0.85767,0.85769,0.0
2026-09-01 21:45:00,2026-09-01 18:45:00,2026-09-02 02:45:00,0.85769,0.85774,0.85758,0.85761,0.0
2026-09-01 21:50:00,2026-09-01 18:50:00,2026-09-02 02:50:00,0.85761,0.85764,0.85747,0.85752,0.0
2026-09-01 21:55:00,2026-09-01 18:55:00,2026-09-02 02:55:00,0.85753,0.8577,0.85752,0.85762,0.0
2026-09-01 22:00:00,2026-09-01 19:00:00,2026-09-02 03:00:00,0.85762,0.8577,0.85756,0.85764,0.0
2026-09-01 22:05:00,2026-09-01 19:05:00,2026-09-02 03:05:00,0.85765,0.85774,0.85763,0.85772,0.0
2026-09-01 22:10:00,2026-09-01 19:10:00,2026-09-02 03:10:00,0.85771,0.8578,0.85769,0.85772,0.0
2026-09-01 22:15:00,2026-09-01 19:15:00,2026-09-02 03:15:00,0.85772,0.8578,0.85767,0.85774,0.0
2026-09-01 22:20:00,2026-09-01 19:20:00,2026-09-02 03:20:00,0.85775,0.8578,0.85772,0.85775,0.0
2026-09-01 22:25:00,2026-09-01 19:25:00,2026-09-02 03:25:00,0.85775,0.85775,0.85765,0.85772,0.0
2026-09-01 22:30:00,2026-09-01 19:30:00,2026-09-02 03:30:00,0.85772,0.85774,0.85766,0.85768,0.0
2026-09-01 22:35:00,2026-09-01 19:35:00,2026-09-02 03:35:00,0.85769,0.85774,0.85766,0.85772,0.0
2026-09-01 22:40:00,2026-09-01 19:40:00,2026-09-02 03:40:00,0.85774,0.8578,0.85769,0.85771,0.0
2026-09-01 22:45:00,2026-09-01 19:45:00,2026-09-02 03:45:00,0.85771,0.85773,0.85767,0.85768,0.0
2026-09-01 22:50:00,2026-09-01 19:50:00,2026-09-02 03:50:00,0.85767,0.85772,0.85764,0.85772,0.0
2026-09-01 22:55:00,2026-09-01 19:55:00,2026-09-02 03:55:00,0.85773,0.85775,0.85767,0.85772,0.0
2026-09-01 23:00:00,2026-09-01 20:00:00,2026-09-02 04:00:00,0.85771,0.8578,0.85767,0.85771,0.0
2026-09-01 23:05:00,2026-09-01 20:05:00,2026-09-02 04:05:00,0.85771,0.85772,0.8576,0.85763,0.0
2026-09-01 23:10:00,2026-09-01 20:10:00,2026-09-02 04:10:00,0.8576,0.8577,0.8576,0.85764,0.0
2026-09-01 23:15:00,2026-09-01 20:15:00,2026-09-02 04:15:00,0.85764,0.8577,0.8576,0.85768,0.0
2026-09-01 23:20:00,2026-09-01 20:20:00,2026-09-02 04:20:00,0.85768,0.8578,0.85767,0.85777,0.0
2026-09-01 23:25:00,2026-09-01 20:25:00,2026-09-02 04:25:00,0.85776,0.8578,0.85768,0.85769,0.0
2026-09-01 23:30:00,2026-09-01 20:30:00,2026-09-02 04:30:00,0.85773,0.85773,0.85765,0.8577,0.0
2026-09-01 23:35:00,2026-09-01 20:35:00,2026-09-02 04:35:00,0.85769,0.85771,0.85768,0.8577,0.0
2026-09-01 23:40:00,2026-09-01 20:40:00,2026-09-02 04:40:00,0.8577,0.85772,0.85766,0.85767,0.0
2026-09-01 23:45:00,2026-09-01 20:45:00,2026-09-02 04:45:00,0.85767,0.85775,0.85757,0.85763,0.0
2026-09-01 23:50:00,2026-09-01 20:50:00,2026-09-02 04:50:00,0.85761,0.8577,0.85753,0.85765,0.0
2026-09-01 23:55:00,2026-09-01 20:55:00,2026-09-02 04:55:00,0.8576,0.8577,0.85755,0.85761,0.0
2026-09-02 00:00:00,2026-09-01 21:00:00,2026-09-02 05:00:00,0.85746,0.85765,0.85733,0.85735,0.0
2026-09-02 00:05:00,2026-09-01 21:05:00,2026-09-02 05:05:00,0.85725,0.85761,0.85717,0.85726,0.0
2026-09-02 00:10:00,2026-09-01 21:10:00,2026-09-02 05:10:00,0.85726,0.85762,0.85706,0.8573,0.0
2026-09-02 00:15:00,2026-09-01 21:15:00,2026-09-02 05:15:00,0.85725,0.85769,0.85704,0.85722,0.0
2026-09-02 00:20:00,2026-09-01 21:20:00,2026-09-02 05:20:00,0.85727,0.85749,0.85706,0.8572,0.0
2026-09-02 00:25:00,2026-09-01 21:25:00,2026-09-02 05:25:00,0.85707,0.85742,0.85683,0.8571,0.0
2026-09-02 00:30:00,2026-09-01 21:30:00,2026-09-02 05:30:00,0.85712,0.85758,0.857,0.85718,0.0
2026-09-02 00:35:00,2026-09-01 21:35:00,2026-09-02 05:35:00,0.85718,0.85758,0.85715,0.85721,0.0
2026-09-02 00:40:00,2026-09-01 21:40:00,2026-09-02 05:40:00,0.85732,0.85767,0.85716,0.85746,0.0
2026-09-02 00:45:00,2026-09-01 21:45:00,2026-09-02 05:45:00,0.8575,0.85771,0.8574,0.85747,0.0
2026-09-02 00:50:00,2026-09-01 21:50:00,2026-09-02 05:50:00,0.85745,0.8576,0.85724,0.8574,0.0
2026-09-02 00:55:00,2026-09-01 21:55:00,2026-09-02 05:55:00,0.85739,0.85767,0.85719,0.85733,0.0
2026-09-02 01:00:00,2026-09-01 22:00:00,2026-09-02 06:00:00,0.85732,0.8577,0.85711,0.8575,0.0
2026-09-02 01:05:00,2026-09-01 22:05:00,2026-09-02 06:05:00,0.85756,0.85772,0.8575,0.8577,0.0
2026-09-02 01:10:00,2026-09-01 22:10:00,2026-09-02 06:10:00,0.8577,0.8578,0.85759,0.85768,0.0
2026-09-02 01:15:00,2026-09-01 22:15:00,2026-09-02 06:15:00,0.85768,0.85773,0.85758,0.8577,0.0
2026-09-02 01:20:00,2026-09-01 22:20:00,2026-09-02 06:20:00,0.85768,0.85778,0.85765,0.85768,0.0
2026-09-02 01:25:00,2026-09-01 22:25:00,2026-09-02 06:25:00,0.85768,0.8577,0.85767,0.85768,0.0
2026-09-02 02:00:00,2026-09-01 23:00:00,2026-09-02 07:00:00,0.85769,0.8578,0.85769,0.85773,0.0
2026-09-02 02:05:00,2026-09-01 23:05:00,2026-09-02 07:05:00,0.85772,0.8578,0.8577,0.8578,0.0
2026-09-02 02:10:00,2026-09-01 23:10:00,2026-09-02 07:10:00,0.85774,0.8578,0.85772,0.8578,0.0
2026-09-02 02:15:00,2026-09-01 23:15:00,2026-09-02 07:15:00,0.85776,0.8578,0.85772,0.85774,0.0
2026-09-02 02:20:00,2026-09-01 23:20:00,2026-09-02 07:20:00,0.85775,0.85783,0.85773,0.85774,0.0
2026-09-02 02:25:00,2026-09-01 23:25:00,2026-09-02 07:25:00,0.85774,0.85775,0.8577,0.85773,0.0
2026-09-02 02:30:00,2026-09-01 23:30:00,2026-09-02 07:30:00,0.85773,0.85774,0.85767,0.8577,0.0
2026-09-02 02:35:00,2026-09-01 23:35:00,2026-09-02 07:35:00,0.85769,0.85773,0.85766,0.85768,0.0
2026-09-02 02:40:00,2026-09-01 23:40:00,2026-09-02 07:40:00,0.85769,0.8577,0.85764,0.85767,0.0
2026-09-02 02:45:00,2026-09-01 23:45:00,2026-09-02 07:45:00,0.85767,0.8577,0.85763,0.85768,0.0
2026-09-02 02:50:00,2026-09-01 23:50:00,2026-09-02 07:50:00,0.85768,0.85772,0.85765,0.85771,0.0
2026-09-02 02:55:00,2026-09-01 23:55:00,2026-09-02 07:55:00,0.85771,0.85774,0.85768,0.8577,0.0
