timestamp_mt5,timestamp_utc,timestamp_tpe,open,high,low,close,volume
2026-06-09 02:00:00,2026-06-08 23:00:00,2026-06-09 07:00:00,200.762,200.787,200.64,200.65,0
2026-06-09 03:00:00,2026-06-09 00:00:00,2026-06-09 08:00:00,200.663,200.783,200.559,200.75,0
2026-06-09 04:00:00,2026-06-09 01:00:00,2026-06-09 09:00:00,200.75,200.9,200.703,200.894,0
2026-06-09 05:00:00,2026-06-09 02:00:00,2026-06-09 10:00:00,200.88,200.931,200.83,200.861,0
2026-06-09 06:00:00,2026-06-09 03:00:00,2026-06-09 11:00:00,200.861,200.929,200.807,200.911,0
2026-06-09 07:00:00,2026-06-09 04:00:00,2026-06-09 12:00:00,200.924,201.028,200.89,200.995,0
2026-06-09 08:00:00,2026-06-09 05:00:00,2026-06-09 13:00:00,200.983,201.095,200.914,201.062,0
2026-06-09 09:00:00,2026-06-09 06:00:00,2026-06-09 14:00:00,201.085,201.143,200.924,201.097,0
2026-06-09 10:00:00,2026-06-09 07:00:00,2026-06-09 15:00:00,201.108,201.162,200.946,200.979,0
2026-06-09 11:00:00,2026-06-09 08:00:00,2026-06-09 16:00:00,200.969,201.14,200.911,201.097,0
2026-06-09 12:00:00,2026-06-09 09:00:00,2026-06-09 17:00:00,201.097,201.195,201.039,201.125,0
2026-06-09 13:00:00,2026-06-09 10:00:00,2026-06-09 18:00:00,201.124,201.186,201.086,201.136,0
2026-06-09 14:00:00,2026-06-09 11:00:00,2026-06-09 19:00:00,201.136,201.311,201.134,201.279,0
2026-06-09 15:00:00,2026-06-09 12:00:00,2026-06-09 20:00:00,201.281,201.399,201.28,201.306,0
2026-06-09 16:00:00,2026-06-09 13:00:00,2026-06-09 21:00:00,201.299,201.473,201.198,201.255,0
2026-06-09 17:00:00,2026-06-09 14:00:00,2026-06-09 22:00:00,201.248,201.335,200.942,201.11,0
2026-06-09 18:00:00,2026-06-09 15:00:00,2026-06-09 23:00:00,201.105,201.195,200.834,200.985,0
2026-06-09 19:00:00,2026-06-09 16:00:00,2026-06-10 00:00:00,200.99,201.02,200.729,200.906,0
2026-06-09 20:00:00,2026-06-09 17:00:00,2026-06-10 01:00:00,200.917,201.05,200.818,201.038,0
2026-06-09 21:00:00,2026-06-09 18:00:00,2026-06-10 02:00:00,201.031,201.084,200.913,200.98,0
2026-06-09 22:00:00,2026-06-09 19:00:00,2026-06-10 03:00:00,200.966,200.983,200.8,200.856,0
2026-06-09 23:00:00,2026-06-09 20:00:00,2026-06-10 04:00:00,200.854,200.94,200.812,200.935,0
2026-06-10 00:00:00,2026-06-09 21:00:00,2026-06-10 05:00:00,200.986,201.046,200.773,200.817,0
2026-06-10 01:00:00,2026-06-09 22:00:00,2026-06-10 06:00:00,200.798,200.848,200.677,200.721,0
2026-06-10 02:00:00,2026-06-09 23:00:00,2026-06-10 07:00:00,200.747,200.802,200.61,200.651,0
2026-06-10 03:00:00,2026-06-10 00:00:00,2026-06-10 08:00:00,200.64,200.791,200.607,200.744,0
2026-06-10 04:00:00,2026-06-10 01:00:00,2026-06-10 09:00:00,200.748,200.767,200.54,200.625,0
2026-06-10 05:00:00,2026-06-10 02:00:00,2026-06-10 10:00:00,200.61,200.711,200.582,200.611,0
2026-06-10 06:00:00,2026-06-10 03:00:00,2026-06-10 11:00:00,200.616,200.77,200.606,200.733,0
2026-06-10 07:00:00,2026-06-10 04:00:00,2026-06-10 12:00:00,200.721,200.749,200.571,200.671,0
2026-06-10 08:00:00,2026-06-10 05:00:00,2026-06-10 13:00:00,200.652,200.936,200.629,200.908,0
2026-06-10 09:00:00,2026-06-10 06:00:00,2026-06-10 14:00:00,200.897,201.083,200.854,200.867,0
2026-06-10 10:00:00,2026-06-10 07:00:00,2026-06-10 15:00:00,200.874,201.013,200.779,200.871,0
2026-06-10 11:00:00,2026-06-10 08:00:00,2026-06-10 16:00:00,200.858,200.876,200.688,200.797,0
2026-06-10 12:00:00,2026-06-10 09:00:00,2026-06-10 17:00:00,200.802,200.957,200.757,200.919,0
2026-06-10 13:00:00,2026-06-10 10:00:00,2026-06-10 18:00:00,200.911,201.052,200.859,200.893,0
2026-06-10 14:00:00,2026-06-10 11:00:00,2026-06-10 19:00:00,200.892,201.005,200.677,200.782,0
2026-06-10 15:00:00,2026-06-10 12:00:00,2026-06-10 20:00:00,200.778,201.219,200.764,200.971,0
2026-06-10 16:00:00,2026-06-10 13:00:00,2026-06-10 21:00:00,200.98,201.299,200.953,201.135,0
2026-06-10 17:00:00,2026-06-10 14:00:00,2026-06-10 22:00:00,201.129,201.248,200.999,201.115,0
2026-06-10 18:00:00,2026-06-10 15:00:00,2026-06-10 23:00:00,201.119,201.155,200.752,200.976,0
2026-06-10 19:00:00,2026-06-10 16:00:00,2026-06-11 00:00:00,200.96,201.115,200.914,200.97,0
2026-06-10 20:00:00,2026-06-10 17:00:00,2026-06-11 01:00:00,200.961,201.016,200.796,200.908,0
2026-06-10 21:00:00,2026-06-10 18:00:00,2026-06-11 02:00:00,200.916,201.003,200.737,200.762,0
2026-06-10 22:00:00,2026-06-10 19:00:00,2026-06-11 03:00:00,200.758,200.787,200.646,200.684,0
2026-06-10 23:00:00,2026-06-10 20:00:00,2026-06-11 04:00:00,200.671,200.717,200.622,200.694,0
2026-06-11 00:00:00,2026-06-10 21:00:00,2026-06-11 05:00:00,200.822,201.033,200.572,200.785,0
2026-06-11 01:00:00,2026-06-10 22:00:00,2026-06-11 06:00:00,200.62,200.683,200.583,200.583,0
2026-06-11 02:00:00,2026-06-10 23:00:00,2026-06-11 07:00:00,200.599,200.698,200.495,200.651,0
2026-06-11 03:00:00,2026-06-11 00:00:00,2026-06-11 08:00:00,200.659,200.85,200.642,200.825,0
2026-06-11 04:00:00,2026-06-11 01:00:00,2026-06-11 09:00:00,200.805,201.046,200.805,201.016,0
2026-06-11 05:00:00,2026-06-11 02:00:00,2026-06-11 10:00:00,201.028,201.064,200.935,200.971,0
2026-06-11 06:00:00,2026-06-11 03:00:00,2026-06-11 11:00:00,200.984,201.02,200.935,200.945,0
2026-06-11 07:00:00,2026-06-11 04:00:00,2026-06-11 12:00:00,200.962,201.062,200.906,201.027,0
2026-06-11 08:00:00,2026-06-11 05:00:00,2026-06-11 13:00:00,201.013,201.086,200.99,201.072,0
2026-06-11 09:00:00,2026-06-11 06:00:00,2026-06-11 14:00:00,201.063,201.081,200.942,200.96,0
2026-06-11 10:00:00,2026-06-11 07:00:00,2026-06-11 15:00:00,200.951,201.076,200.798,200.798,0
2026-06-11 11:00:00,2026-06-11 08:00:00,2026-06-11 16:00:00,200.814,200.827,200.601,200.616,0
2026-06-11 12:00:00,2026-06-11 09:00:00,2026-06-11 17:00:00,200.633,200.782,200.587,200.76,0
2026-06-11 13:00:00,2026-06-11 10:00:00,2026-06-11 18:00:00,200.764,200.772,200.601,200.739,0
2026-06-11 14:00:00,2026-06-11 11:00:00,2026-06-11 19:00:00,200.728,200.951,200.724,200.92,0
2026-06-11 15:00:00,2026-06-11 12:00:00,2026-06-11 20:00:00,200.922,200.962,200.484,200.892,0
2026-06-11 16:00:00,2026-06-11 13:00:00,2026-06-11 21:00:00,200.891,200.918,200.604,200.715,0
2026-06-11 17:00:00,2026-06-11 14:00:00,2026-06-11 22:00:00,200.701,200.718,200.45,200.551,0
2026-06-11 18:00:00,2026-06-11 15:00:00,2026-06-11 23:00:00,200.55,200.646,200.409,200.452,0
2026-06-11 19:00:00,2026-06-11 16:00:00,2026-06-12 00:00:00,200.443,200.529,200.39,200.401,0
2026-06-11 20:00:00,2026-06-11 17:00:00,2026-06-12 01:00:00,200.4,200.914,200.313,200.724,0
2026-06-11 21:00:00,2026-06-11 18:00:00,2026-06-12 02:00:00,200.714,200.882,200.65,200.827,0
2026-06-11 22:00:00,2026-06-11 19:00:00,2026-06-12 03:00:00,200.843,201.038,200.817,200.965,0
2026-06-11 23:00:00,2026-06-11 20:00:00,2026-06-12 04:00:00,200.976,201.288,200.958,201.151,0
2026-06-12 00:00:00,2026-06-11 21:00:00,2026-06-12 05:00:00,201.125,201.329,200.953,201.278,0
2026-06-12 01:00:00,2026-06-11 22:00:00,2026-06-12 06:00:00,201.312,201.423,201.283,201.393,0
2026-06-12 02:00:00,2026-06-11 23:00:00,2026-06-12 07:00:00,201.388,201.45,201.282,201.373,0
2026-06-12 03:00:00,2026-06-12 00:00:00,2026-06-12 08:00:00,201.387,201.413,201.184,201.216,0
2026-06-12 04:00:00,2026-06-12 01:00:00,2026-06-12 09:00:00,201.224,201.288,201.127,201.282,0
2026-06-12 05:00:00,2026-06-12 02:00:00,2026-06-12 10:00:00,201.267,201.378,201.253,201.315,0
2026-06-12 06:00:00,2026-06-12 03:00:00,2026-06-12 11:00:00,201.304,201.393,201.277,201.346,0
2026-06-12 07:00:00,2026-06-12 04:00:00,2026-06-12 12:00:00,201.358,201.39,201.312,201.344,0
2026-06-12 08:00:00,2026-06-12 05:00:00,2026-06-12 13:00:00,201.344,201.374,201.229,201.24,0
2026-06-12 09:00:00,2026-06-12 06:00:00,2026-06-12 14:00:00,201.252,201.394,201.171,201.331,0
2026-06-12 10:00:00,2026-06-12 07:00:00,2026-06-12 15:00:00,201.318,201.362,201.059,201.219,0
2026-06-12 11:00:00,2026-06-12 08:00:00,2026-06-12 16:00:00,201.222,201.362,201.116,201.183,0
2026-06-12 12:00:00,2026-06-12 09:00:00,2026-06-12 17:00:00,201.176,201.272,201.098,201.212,0
2026-06-12 13:00:00,2026-06-12 10:00:00,2026-06-12 18:00:00,201.212,201.255,201.073,201.083,0
2026-06-12 14:00:00,2026-06-12 11:00:00,2026-06-12 19:00:00,201.084,201.231,201.04,201.141,0
2026-06-12 15:00:00,2026-06-12 12:00:00,2026-06-12 20:00:00,201.149,201.182,200.929,201.018,0
2026-06-12 16:00:00,2026-06-12 13:00:00,2026-06-12 21:00:00,201.018,201.245,200.984,200.984,0
2026-06-12 17:00:00,2026-06-12 14:00:00,2026-06-12 22:00:00,201.003,201.216,200.947,201.162,0
2026-06-12 18:00:00,2026-06-12 15:00:00,2026-06-12 23:00:00,201.158,201.27,201.104,201.192,0
2026-06-12 19:00:00,2026-06-12 16:00:00,2026-06-13 00:00:00,201.186,201.234,201.062,201.148,0
2026-06-12 20:00:00,2026-06-12 17:00:00,2026-06-13 01:00:00,201.147,201.196,201.052,201.069,0
2026-06-12 21:00:00,2026-06-12 18:00:00,2026-06-13 02:00:00,201.06,201.187,201.053,201.116,0
2026-06-12 22:00:00,2026-06-12 19:00:00,2026-06-13 03:00:00,201.109,201.162,201.018,201.053,0
2026-06-12 23:00:00,2026-06-12 20:00:00,2026-06-13 04:00:00,201.053,201.089,200.948,200.96,0
2026-06-13 00:00:00,2026-06-12 21:00:00,2026-06-13 05:00:00,201.026,201.026,201.026,201.026,0
2026-06-15 02:00:00,2026-06-14 23:00:00,2026-06-15 07:00:00,201.473,201.508,201.342,201.457,0
2026-06-15 03:00:00,2026-06-15 00:00:00,2026-06-15 08:00:00,201.445,201.593,201.421,201.486,0
2026-06-15 04:00:00,2026-06-15 01:00:00,2026-06-15 09:00:00,201.486,201.661,201.435,201.601,0
2026-06-15 05:00:00,2026-06-15 02:00:00,2026-06-15 10:00:00,201.602,201.654,201.56,201.615,0
2026-06-15 06:00:00,2026-06-15 03:00:00,2026-06-15 11:00:00,201.633,201.666,201.557,201.615,0
2026-06-15 07:00:00,2026-06-15 04:00:00,2026-06-15 12:00:00,201.604,201.727,201.594,201.715,0
2026-06-15 08:00:00,2026-06-15 05:00:00,2026-06-15 13:00:00,201.7,201.85,201.672,201.829,0
2026-06-15 09:00:00,2026-06-15 06:00:00,2026-06-15 14:00:00,201.822,201.838,201.543,201.722,0
2026-06-15 10:00:00,2026-06-15 07:00:00,2026-06-15 15:00:00,201.715,201.89,201.662,201.809,0
2026-06-15 11:00:00,2026-06-15 08:00:00,2026-06-15 16:00:00,201.808,201.929,201.767,201.838,0
2026-06-15 12:00:00,2026-06-15 09:00:00,2026-06-15 17:00:00,201.827,201.991,201.802,201.875,0
2026-06-15 13:00:00,2026-06-15 10:00:00,2026-06-15 18:00:00,201.863,202.082,201.808,201.964,0
2026-06-15 14:00:00,2026-06-15 11:00:00,2026-06-15 19:00:00,201.968,202.034,201.87,201.884,0
2026-06-15 15:00:00,2026-06-15 12:00:00,2026-06-15 20:00:00,201.871,202.043,201.76,201.984,0
2026-06-15 16:00:00,2026-06-15 13:00:00,2026-06-15 21:00:00,201.993,202.081,201.928,201.997,0
2026-06-15 17:00:00,2026-06-15 14:00:00,2026-06-15 22:00:00,201.995,202.023,201.81,202.016,0
2026-06-15 18:00:00,2026-06-15 15:00:00,2026-06-15 23:00:00,202.011,202.017,201.768,201.825,0
2026-06-15 19:00:00,2026-06-15 16:00:00,2026-06-16 00:00:00,201.818,201.91,201.769,201.875,0
2026-06-15 20:00:00,2026-06-15 17:00:00,2026-06-16 01:00:00,201.871,201.936,201.835,201.883,0
2026-06-15 21:00:00,2026-06-15 18:00:00,2026-06-16 02:00:00,201.884,201.948,201.821,201.887,0
2026-06-15 22:00:00,2026-06-15 19:00:00,2026-06-16 03:00:00,201.875,201.892,201.746,201.757,0
2026-06-15 23:00:00,2026-06-15 20:00:00,2026-06-16 04:00:00,201.76,201.977,201.702,201.89,0
2026-06-16 00:00:00,2026-06-15 21:00:00,2026-06-16 05:00:00,201.892,202.137,201.696,201.81,0
2026-06-16 01:00:00,2026-06-15 22:00:00,2026-06-16 06:00:00,201.723,201.797,201.663,201.737,0
2026-06-16 02:00:00,2026-06-15 23:00:00,2026-06-16 07:00:00,201.727,201.747,201.635,201.657,0
2026-06-16 03:00:00,2026-06-16 00:00:00,2026-06-16 08:00:00,201.675,201.724,201.541,201.629,0
2026-06-16 04:00:00,2026-06-16 01:00:00,2026-06-16 09:00:00,201.628,201.664,201.455,201.478,0
2026-06-16 05:00:00,2026-06-16 02:00:00,2026-06-16 10:00:00,201.463,201.5,201.356,201.423,0
2026-06-16 06:00:00,2026-06-16 03:00:00,2026-06-16 11:00:00,201.424,201.564,201.281,201.478,0
2026-06-16 07:00:00,2026-06-16 04:00:00,2026-06-16 12:00:00,201.478,201.507,201.34,201.396,0
2026-06-16 08:00:00,2026-06-16 05:00:00,2026-06-16 13:00:00,201.378,201.503,201.378,201.413,0
2026-06-16 09:00:00,2026-06-16 06:00:00,2026-06-16 14:00:00,201.411,201.537,201.318,201.517,0
2026-06-16 10:00:00,2026-06-16 07:00:00,2026-06-16 15:00:00,201.517,201.686,201.464,201.571,0
2026-06-16 11:00:00,2026-06-16 08:00:00,2026-06-16 16:00:00,201.577,201.776,201.519,201.752,0
2026-06-16 12:00:00,2026-06-16 09:00:00,2026-06-16 17:00:00,201.741,201.789,201.548,201.704,0
2026-06-16 13:00:00,2026-06-16 10:00:00,2026-06-16 18:00:00,201.704,201.881,201.691,201.85,0
2026-06-16 14:00:00,2026-06-16 11:00:00,2026-06-16 19:00:00,201.846,201.857,201.611,201.638,0
2026-06-16 15:00:00,2026-06-16 12:00:00,2026-06-16 20:00:00,201.639,201.668,201.514,201.643,0
2026-06-16 16:00:00,2026-06-16 13:00:00,2026-06-16 21:00:00,201.657,201.931,201.562,201.809,0
2026-06-16 17:00:00,2026-06-16 14:00:00,2026-06-16 22:00:00,201.808,202.24,201.784,202.207,0
2026-06-16 18:00:00,2026-06-16 15:00:00,2026-06-16 23:00:00,202.202,202.34,202.101,202.283,0
2026-06-16 19:00:00,2026-06-16 16:00:00,2026-06-17 00:00:00,202.282,202.408,202.247,202.333,0
2026-06-16 20:00:00,2026-06-16 17:00:00,2026-06-17 01:00:00,202.322,202.386,202.288,202.319,0
2026-06-16 21:00:00,2026-06-16 18:00:00,2026-06-17 02:00:00,202.31,202.364,202.24,202.258,0
2026-06-16 22:00:00,2026-06-16 19:00:00,2026-06-17 03:00:00,202.261,202.298,202.193,202.273,0
2026-06-16 23:00:00,2026-06-16 20:00:00,2026-06-17 04:00:00,202.265,202.31,202.193,202.204,0
2026-06-17 00:00:00,2026-06-16 21:00:00,2026-06-17 05:00:00,202.206,202.297,202.134,202.195,0
2026-06-17 01:00:00,2026-06-16 22:00:00,2026-06-17 06:00:00,202.255,202.333,202.235,202.282,0
2026-06-17 02:00:00,2026-06-16 23:00:00,2026-06-17 07:00:00,202.274,202.325,202.208,202.227,0
2026-06-17 03:00:00,2026-06-17 00:00:00,2026-06-17 08:00:00,202.209,202.367,202.185,202.319,0
2026-06-17 04:00:00,2026-06-17 01:00:00,2026-06-17 09:00:00,202.309,202.367,202.195,202.298,0
2026-06-17 05:00:00,2026-06-17 02:00:00,2026-06-17 10:00:00,202.285,202.37,202.255,202.274,0
2026-06-17 06:00:00,2026-06-17 03:00:00,2026-06-17 11:00:00,202.26,202.356,202.25,202.287,0
2026-06-17 07:00:00,2026-06-17 04:00:00,2026-06-17 12:00:00,202.285,202.347,202.266,202.321,0
2026-06-17 08:00:00,2026-06-17 05:00:00,2026-06-17 13:00:00,202.324,202.452,202.303,202.407,0
2026-06-17 09:00:00,2026-06-17 06:00:00,2026-06-17 14:00:00,202.398,202.547,202.24,202.395,0
2026-06-17 10:00:00,2026-06-17 07:00:00,2026-06-17 15:00:00,202.385,202.599,202.34,202.467,0
2026-06-17 11:00:00,2026-06-17 08:00:00,2026-06-17 16:00:00,202.453,202.47,202.177,202.29,0
2026-06-17 12:00:00,2026-06-17 09:00:00,2026-06-17 17:00:00,202.297,202.452,202.262,202.361,0
2026-06-17 13:00:00,2026-06-17 10:00:00,2026-06-17 18:00:00,202.361,202.384,202.178,202.225,0
2026-06-17 14:00:00,2026-06-17 11:00:00,2026-06-17 19:00:00,202.224,202.258,202.063,202.173,0
2026-06-17 15:00:00,2026-06-17 12:00:00,2026-06-17 20:00:00,202.174,202.256,202.12,202.226,0
2026-06-17 16:00:00,2026-06-17 13:00:00,2026-06-17 21:00:00,202.228,202.244,202.077,202.11,0
2026-06-17 17:00:00,2026-06-17 14:00:00,2026-06-17 22:00:00,202.11,202.167,201.918,202.134,0
2026-06-17 18:00:00,2026-06-17 15:00:00,2026-06-17 23:00:00,202.13,202.14,201.922,202.026,0
2026-06-17 19:00:00,2026-06-17 16:00:00,2026-06-18 00:00:00,202.035,202.041,201.892,201.94,0
2026-06-17 20:00:00,2026-06-17 17:00:00,2026-06-18 01:00:00,201.925,202.123,201.895,202.081,0
2026-06-17 21:00:00,2026-06-17 18:00:00,2026-06-18 02:00:00,202.075,202.075,201.198,201.312,0
2026-06-17 22:00:00,2026-06-17 19:00:00,2026-06-18 03:00:00,201.3,201.344,200.569,200.748,0
2026-06-17 23:00:00,2026-06-17 20:00:00,2026-06-18 04:00:00,200.761,200.988,200.672,200.842,0
2026-06-18 00:00:00,2026-06-17 21:00:00,2026-06-18 05:00:00,200.805,200.969,200.792,200.836,0
2026-06-18 01:00:00,2026-06-17 22:00:00,2026-06-18 06:00:00,200.833,200.877,200.761,200.808,0
2026-06-18 02:00:00,2026-06-17 23:00:00,2026-06-18 07:00:00,200.786,200.904,200.781,200.878,0
2026-06-18 03:00:00,2026-06-18 00:00:00,2026-06-18 08:00:00,200.878,201.217,200.871,201.14,0
2026-06-18 04:00:00,2026-06-18 01:00:00,2026-06-18 09:00:00,201.152,201.25,201.067,201.086,0
2026-06-18 05:00:00,2026-06-18 02:00:00,2026-06-18 10:00:00,201.074,201.123,200.992,201.019,0
2026-06-18 06:00:00,2026-06-18 03:00:00,2026-06-18 11:00:00,200.999,201.093,200.978,201.062,0
2026-06-18 07:00:00,2026-06-18 04:00:00,2026-06-18 12:00:00,201.047,201.179,200.994,201.109,0
2026-06-18 08:00:00,2026-06-18 05:00:00,2026-06-18 13:00:00,201.101,201.133,200.892,200.902,0
2026-06-18 09:00:00,2026-06-18 06:00:00,2026-06-18 14:00:00,200.894,201.205,200.894,201.044,0
2026-06-18 10:00:00,2026-06-18 07:00:00,2026-06-18 15:00:00,201.052,201.077,200.58,200.726,0
2026-06-18 11:00:00,2026-06-18 08:00:00,2026-06-18 16:00:00,200.737,200.775,200.207,200.344,0
2026-06-18 12:00:00,2026-06-18 09:00:00,2026-06-18 17:00:00,200.328,200.379,200.023,200.328,0
2026-06-18 13:00:00,2026-06-18 10:00:00,2026-06-18 18:00:00,200.315,200.351,200.075,200.179,0
2026-06-18 14:00:00,2026-06-18 11:00:00,2026-06-18 19:00:00,200.179,200.304,199.937,199.971,0
2026-06-18 15:00:00,2026-06-18 12:00:00,2026-06-18 20:00:00,199.965,200.323,199.907,200.159,0
2026-06-18 16:00:00,2026-06-18 13:00:00,2026-06-18 21:00:00,200.156,200.384,199.969,200.26,0
2026-06-18 17:00:00,2026-06-18 14:00:00,2026-06-18 22:00:00,200.251,200.513,200.144,200.492,0
2026-06-18 18:00:00,2026-06-18 15:00:00,2026-06-18 23:00:00,200.489,200.696,200.319,200.676,0
2026-06-18 19:00:00,2026-06-18 16:00:00,2026-06-19 00:00:00,200.677,200.692,200.451,200.623,0
2026-06-18 20:00:00,2026-06-18 17:00:00,2026-06-19 01:00:00,200.638,200.715,200.515,200.57,0
2026-06-18 21:00:00,2026-06-18 18:00:00,2026-06-19 02:00:00,200.559,200.811,200.487,200.801,0
2026-06-18 22:00:00,2026-06-18 19:00:00,2026-06-19 03:00:00,200.791,200.911,199.744,200.557,0
2026-06-18 23:00:00,2026-06-18 20:00:00,2026-06-19 04:00:00,200.566,200.719,200.485,200.506,0
2026-06-19 00:00:00,2026-06-18 21:00:00,2026-06-19 05:00:00,200.493,200.655,200.409,200.571,0
2026-06-19 01:00:00,2026-06-18 22:00:00,2026-06-19 06:00:00,200.578,200.655,200.363,200.485,0
2026-06-19 02:00:00,2026-06-18 23:00:00,2026-06-19 07:00:00,200.5,200.566,200.349,200.358,0
2026-06-19 03:00:00,2026-06-19 00:00:00,2026-06-19 08:00:00,200.367,200.439,200.116,200.189,0
2026-06-19 04:00:00,2026-06-19 01:00:00,2026-06-19 09:00:00,200.195,200.24,200.027,200.052,0
2026-06-19 05:00:00,2026-06-19 02:00:00,2026-06-19 10:00:00,200.049,200.147,200.0,200.072,0
2026-06-19 06:00:00,2026-06-19 03:00:00,2026-06-19 11:00:00,200.06,200.084,199.848,199.925,0
2026-06-19 07:00:00,2026-06-19 04:00:00,2026-06-19 12:00:00,199.925,199.953,199.565,199.607,0
2026-06-19 08:00:00,2026-06-19 05:00:00,2026-06-19 13:00:00,199.607,199.814,199.494,199.725,0
2026-06-19 09:00:00,2026-06-19 06:00:00,2026-06-19 14:00:00,199.718,199.951,199.677,199.932,0
2026-06-19 10:00:00,2026-06-19 07:00:00,2026-06-19 15:00:00,199.927,200.044,199.711,199.753,0
2026-06-19 11:00:00,2026-06-19 08:00:00,2026-06-19 16:00:00,199.741,200.153,199.699,200.146,0
2026-06-19 12:00:00,2026-06-19 09:00:00,2026-06-19 17:00:00,200.132,200.248,200.098,200.132,0
2026-06-19 13:00:00,2026-06-19 10:00:00,2026-06-19 18:00:00,200.128,200.152,199.96,199.988,0
2026-06-19 14:00:00,2026-06-19 11:00:00,2026-06-19 19:00:00,199.991,200.068,199.825,199.852,0
2026-06-19 15:00:00,2026-06-19 12:00:00,2026-06-19 20:00:00,199.857,199.988,199.729,199.831,0
2026-06-19 16:00:00,2026-06-19 13:00:00,2026-06-19 21:00:00,199.831,199.859,199.598,199.756,0
2026-06-19 17:00:00,2026-06-19 14:00:00,2026-06-19 22:00:00,199.763,199.798,199.446,199.508,0
2026-06-19 18:00:00,2026-06-19 15:00:00,2026-06-19 23:00:00,199.512,199.733,199.488,199.668,0
2026-06-19 19:00:00,2026-06-19 16:00:00,2026-06-20 00:00:00,199.659,199.799,199.649,199.758,0
2026-06-19 20:00:00,2026-06-19 17:00:00,2026-06-20 01:00:00,199.759,199.862,199.724,199.787,0
2026-06-19 21:00:00,2026-06-19 18:00:00,2026-06-20 02:00:00,199.786,199.944,199.76,199.911,0
2026-06-19 22:00:00,2026-06-19 19:00:00,2026-06-20 03:00:00,199.894,199.975,199.838,199.909,0
2026-06-19 23:00:00,2026-06-19 20:00:00,2026-06-20 04:00:00,199.872,199.968,199.803,199.859,0
2026-06-20 00:00:00,2026-06-19 21:00:00,2026-06-20 05:00:00,199.849,199.849,199.843,199.843,0
2026-06-22 02:00:00,2026-06-21 23:00:00,2026-06-22 07:00:00,199.813,199.901,199.716,199.748,0
2026-06-22 03:00:00,2026-06-22 00:00:00,2026-06-22 08:00:00,199.764,199.889,199.71,199.886,0
2026-06-22 04:00:00,2026-06-22 01:00:00,2026-06-22 09:00:00,199.886,200.027,199.798,199.903,0
2026-06-22 05:00:00,2026-06-22 02:00:00,2026-06-22 10:00:00,199.894,200.076,199.879,200.02,0
2026-06-22 06:00:00,2026-06-22 03:00:00,2026-06-22 11:00:00,200.001,200.088,199.845,199.881,0
2026-06-22 07:00:00,2026-06-22 04:00:00,2026-06-22 12:00:00,199.866,199.971,199.812,199.946,0
2026-06-22 08:00:00,2026-06-22 05:00:00,2026-06-22 13:00:00,199.934,200.101,199.898,200.003,0
2026-06-22 09:00:00,2026-06-22 06:00:00,2026-06-22 14:00:00,199.989,200.145,199.963,200.088,0
2026-06-22 10:00:00,2026-06-22 07:00:00,2026-06-22 15:00:00,200.102,200.182,199.916,199.978,0
2026-06-22 11:00:00,2026-06-22 08:00:00,2026-06-22 16:00:00,199.99,200.231,199.892,200.206,0
2026-06-22 12:00:00,2026-06-22 09:00:00,2026-06-22 17:00:00,200.217,200.398,200.185,200.256,0
2026-06-22 13:00:00,2026-06-22 10:00:00,2026-06-22 18:00:00,200.267,200.325,200.132,200.151,0
2026-06-22 14:00:00,2026-06-22 11:00:00,2026-06-22 19:00:00,200.15,200.202,199.993,200.009,0
2026-06-22 15:00:00,2026-06-22 12:00:00,2026-06-22 20:00:00,200.018,200.319,200.0,200.093,0
2026-06-22 16:00:00,2026-06-22 13:00:00,2026-06-22 21:00:00,200.088,200.144,199.894,199.946,0
2026-06-22 17:00:00,2026-06-22 14:00:00,2026-06-22 22:00:00,199.939,200.022,199.333,199.696,0
2026-06-22 18:00:00,2026-06-22 15:00:00,2026-06-22 23:00:00,199.705,199.789,199.493,199.601,0
2026-06-22 19:00:00,2026-06-22 16:00:00,2026-06-23 00:00:00,199.587,199.758,199.552,199.687,0
2026-06-22 20:00:00,2026-06-22 17:00:00,2026-06-23 01:00:00,199.68,199.705,199.564,199.598,0
2026-06-22 21:00:00,2026-06-22 18:00:00,2026-06-23 02:00:00,199.585,199.672,199.458,199.487,0
2026-06-22 22:00:00,2026-06-22 19:00:00,2026-06-23 03:00:00,199.489,199.853,199.489,199.821,0
2026-06-22 23:00:00,2026-06-22 20:00:00,2026-06-23 04:00:00,199.832,199.875,199.766,199.819,0
2026-06-23 00:00:00,2026-06-22 21:00:00,2026-06-23 05:00:00,199.812,199.949,199.748,199.787,0
2026-06-23 01:00:00,2026-06-22 22:00:00,2026-06-23 06:00:00,199.802,199.845,199.698,199.778,0
2026-06-23 02:00:00,2026-06-22 23:00:00,2026-06-23 07:00:00,199.77,199.791,199.703,199.737,0
2026-06-23 03:00:00,2026-06-23 00:00:00,2026-06-23 08:00:00,199.737,199.895,199.593,199.823,0
2026-06-23 04:00:00,2026-06-23 01:00:00,2026-06-23 09:00:00,199.812,199.89,199.703,199.834,0
2026-06-23 05:00:00,2026-06-23 02:00:00,2026-06-23 10:00:00,199.821,199.892,199.729,199.767,0
2026-06-23 06:00:00,2026-06-23 03:00:00,2026-06-23 11:00:00,199.757,199.814,199.652,199.8,0
2026-06-23 07:00:00,2026-06-23 04:00:00,2026-06-23 12:00:00,199.789,199.834,199.676,199.704,0
2026-06-23 08:00:00,2026-06-23 05:00:00,2026-06-23 13:00:00,199.691,199.879,199.675,199.825,0
2026-06-23 09:00:00,2026-06-23 06:00:00,2026-06-23 14:00:00,199.826,200.04,199.782,199.785,0
2026-06-23 10:00:00,2026-06-23 07:00:00,2026-06-23 15:00:00,199.79,199.925,199.48,199.516,0
2026-06-23 11:00:00,2026-06-23 08:00:00,2026-06-23 16:00:00,199.526,199.536,199.257,199.343,0
2026-06-23 12:00:00,2026-06-23 09:00:00,2026-06-23 17:00:00,199.333,199.379,199.165,199.276,0
2026-06-23 13:00:00,2026-06-23 10:00:00,2026-06-23 18:00:00,199.266,199.346,199.165,199.294,0
2026-06-23 14:00:00,2026-06-23 11:00:00,2026-06-23 19:00:00,199.3,199.601,199.27,199.438,0
2026-06-23 15:00:00,2026-06-23 12:00:00,2026-06-23 20:00:00,199.433,199.658,199.351,199.608,0
2026-06-23 16:00:00,2026-06-23 13:00:00,2026-06-23 21:00:00,199.632,199.976,199.506,199.728,0
2026-06-23 17:00:00,2026-06-23 14:00:00,2026-06-23 22:00:00,199.723,199.761,199.353,199.513,0
2026-06-23 18:00:00,2026-06-23 15:00:00,2026-06-23 23:00:00,199.513,199.687,199.409,199.492,0
2026-06-23 19:00:00,2026-06-23 16:00:00,2026-06-24 00:00:00,199.499,199.559,199.412,199.433,0
2026-06-23 20:00:00,2026-06-23 17:00:00,2026-06-24 01:00:00,199.436,199.464,199.357,199.387,0
2026-06-23 21:00:00,2026-06-23 18:00:00,2026-06-24 02:00:00,199.375,199.463,199.294,199.455,0
2026-06-23 22:00:00,2026-06-23 19:00:00,2026-06-24 03:00:00,199.459,199.557,199.433,199.481,0
2026-06-23 23:00:00,2026-06-23 20:00:00,2026-06-24 04:00:00,199.467,199.607,199.464,199.514,0
2026-06-24 00:00:00,2026-06-23 21:00:00,2026-06-24 05:00:00,199.396,199.555,199.381,199.449,0
2026-06-24 01:00:00,2026-06-23 22:00:00,2026-06-24 06:00:00,199.496,199.616,199.475,199.598,0
2026-06-24 02:00:00,2026-06-23 23:00:00,2026-06-24 07:00:00,199.599,199.612,199.478,199.545,0
2026-06-24 03:00:00,2026-06-24 00:00:00,2026-06-24 08:00:00,199.548,199.564,199.355,199.505,0
2026-06-24 04:00:00,2026-06-24 01:00:00,2026-06-24 09:00:00,199.517,199.528,199.358,199.515,0
2026-06-24 05:00:00,2026-06-24 02:00:00,2026-06-24 10:00:00,199.499,199.529,199.296,199.303,0
2026-06-24 06:00:00,2026-06-24 03:00:00,2026-06-24 11:00:00,199.317,199.412,199.182,199.353,0
2026-06-24 07:00:00,2026-06-24 04:00:00,2026-06-24 12:00:00,199.367,199.414,199.214,199.245,0
2026-06-24 08:00:00,2026-06-24 05:00:00,2026-06-24 13:00:00,199.235,199.349,199.194,199.271,0
2026-06-24 09:00:00,2026-06-24 06:00:00,2026-06-24 14:00:00,199.285,199.416,199.155,199.221,0
2026-06-24 10:00:00,2026-06-24 07:00:00,2026-06-24 15:00:00,199.222,199.317,199.144,199.221,0
2026-06-24 11:00:00,2026-06-24 08:00:00,2026-06-24 16:00:00,199.215,199.339,199.052,199.3,0
2026-06-24 12:00:00,2026-06-24 09:00:00,2026-06-24 17:00:00,199.3,199.343,199.111,199.142,0
2026-06-24 13:00:00,2026-06-24 10:00:00,2026-06-24 18:00:00,199.14,199.176,198.923,198.953,0
2026-06-24 14:00:00,2026-06-24 11:00:00,2026-06-24 19:00:00,198.954,199.078,198.862,198.923,0
2026-06-24 15:00:00,2026-06-24 12:00:00,2026-06-24 20:00:00,198.923,199.068,198.706,198.794,0
2026-06-24 16:00:00,2026-06-24 13:00:00,2026-06-24 21:00:00,198.794,199.107,198.689,199.035,0
2026-06-24 17:00:00,2026-06-24 14:00:00,2026-06-24 22:00:00,199.033,199.127,198.805,198.917,0
2026-06-24 18:00:00,2026-06-24 15:00:00,2026-06-24 23:00:00,198.929,199.319,198.913,199.041,0
2026-06-24 19:00:00,2026-06-24 16:00:00,2026-06-25 00:00:00,199.041,199.283,198.98,199.233,0
2026-06-24 20:00:00,2026-06-24 17:00:00,2026-06-25 01:00:00,199.224,199.261,199.037,199.048,0
2026-06-24 21:00:00,2026-06-24 18:00:00,2026-06-25 02:00:00,199.056,199.22,199.043,199.098,0
2026-06-24 22:00:00,2026-06-24 19:00:00,2026-06-25 03:00:00,199.098,199.16,199.028,199.067,0
2026-06-24 23:00:00,2026-06-24 20:00:00,2026-06-25 04:00:00,199.083,199.195,199.027,199.126,0
2026-06-25 00:00:00,2026-06-24 21:00:00,2026-06-25 05:00:00,199.148,199.298,199.051,199.298,0
2026-06-25 01:00:00,2026-06-24 22:00:00,2026-06-25 06:00:00,199.118,199.163,199.075,199.107,0
2026-06-25 02:00:00,2026-06-24 23:00:00,2026-06-25 07:00:00,199.113,199.146,199.04,199.048,0
2026-06-25 03:00:00,2026-06-25 00:00:00,2026-06-25 08:00:00,199.059,199.079,198.906,199.025,0
2026-06-25 04:00:00,2026-06-25 01:00:00,2026-06-25 09:00:00,199.026,199.292,199.013,199.18,0
2026-06-25 05:00:00,2026-06-25 02:00:00,2026-06-25 10:00:00,199.167,199.356,199.146,199.279,0
2026-06-25 06:00:00,2026-06-25 03:00:00,2026-06-25 11:00:00,199.279,199.501,199.268,199.456,0
2026-06-25 07:00:00,2026-06-25 04:00:00,2026-06-25 12:00:00,199.431,199.499,199.402,199.445,0
2026-06-25 08:00:00,2026-06-25 05:00:00,2026-06-25 13:00:00,199.434,199.459,199.266,199.342,0
2026-06-25 09:00:00,2026-06-25 06:00:00,2026-06-25 14:00:00,199.355,199.404,199.252,199.346,0
2026-06-25 10:00:00,2026-06-25 07:00:00,2026-06-25 15:00:00,199.338,199.444,199.187,199.421,0
2026-06-25 11:00:00,2026-06-25 08:00:00,2026-06-25 16:00:00,199.416,199.677,199.394,199.532,0
2026-06-25 12:00:00,2026-06-25 09:00:00,2026-06-25 17:00:00,199.534,199.589,199.358,199.394,0
2026-06-25 13:00:00,2026-06-25 10:00:00,2026-06-25 18:00:00,199.393,199.394,199.165,199.208,0
2026-06-25 14:00:00,2026-06-25 11:00:00,2026-06-25 19:00:00,199.209,199.258,198.951,199.029,0
2026-06-25 15:00:00,2026-06-25 12:00:00,2026-06-25 20:00:00,199.045,199.483,198.967,199.251,0
2026-06-25 16:00:00,2026-06-25 13:00:00,2026-06-25 21:00:00,199.259,199.633,199.201,199.456,0
2026-06-25 17:00:00,2026-06-25 14:00:00,2026-06-25 22:00:00,199.446,199.708,199.422,199.575,0
2026-06-25 18:00:00,2026-06-25 15:00:00,2026-06-25 23:00:00,199.585,199.758,199.524,199.745,0
2026-06-25 19:00:00,2026-06-25 16:00:00,2026-06-26 00:00:00,199.74,199.845,199.654,199.703,0
2026-06-25 20:00:00,2026-06-25 17:00:00,2026-06-26 01:00:00,199.699,199.771,199.658,199.714,0
2026-06-25 21:00:00,2026-06-25 18:00:00,2026-06-26 02:00:00,199.732,199.847,199.671,199.788,0
2026-06-25 22:00:00,2026-06-25 19:00:00,2026-06-26 03:00:00,199.783,199.862,199.699,199.782,0
2026-06-25 23:00:00,2026-06-25 20:00:00,2026-06-26 04:00:00,199.795,199.843,199.654,199.654,0
2026-06-26 00:00:00,2026-06-25 21:00:00,2026-06-26 05:00:00,199.89,199.898,199.733,199.797,0
2026-06-26 01:00:00,2026-06-25 22:00:00,2026-06-26 06:00:00,199.726,199.761,199.613,199.675,0
2026-06-26 02:00:00,2026-06-25 23:00:00,2026-06-26 07:00:00,199.697,199.715,199.516,199.573,0
2026-06-26 03:00:00,2026-06-26 00:00:00,2026-06-26 08:00:00,199.559,199.748,199.527,199.678,0
2026-06-26 04:00:00,2026-06-26 01:00:00,2026-06-26 09:00:00,199.692,199.757,199.512,199.558,0
2026-06-26 05:00:00,2026-06-26 02:00:00,2026-06-26 10:00:00,199.559,199.613,199.447,199.569,0
2026-06-26 06:00:00,2026-06-26 03:00:00,2026-06-26 11:00:00,199.557,199.713,199.52,199.687,0
2026-06-26 07:00:00,2026-06-26 04:00:00,2026-06-26 12:00:00,199.676,199.912,199.629,199.853,0
2026-06-26 08:00:00,2026-06-26 05:00:00,2026-06-26 13:00:00,199.868,199.887,199.712,199.713,0
2026-06-26 09:00:00,2026-06-26 06:00:00,2026-06-26 14:00:00,199.727,199.976,199.701,199.86,0
2026-06-26 10:00:00,2026-06-26 07:00:00,2026-06-26 15:00:00,199.854,200.02,199.778,199.856,0
2026-06-26 11:00:00,2026-06-26 08:00:00,2026-06-26 16:00:00,199.865,200.086,199.794,199.863,0
2026-06-26 12:00:00,2026-06-26 09:00:00,2026-06-26 17:00:00,199.873,200.009,199.715,199.956,0
2026-06-26 13:00:00,2026-06-26 10:00:00,2026-06-26 18:00:00,199.97,199.979,199.842,199.91,0
2026-06-26 14:00:00,2026-06-26 11:00:00,2026-06-26 19:00:00,199.91,199.969,199.778,199.887,0
2026-06-26 15:00:00,2026-06-26 12:00:00,2026-06-26 20:00:00,199.878,200.295,199.866,200.237,0
2026-06-26 16:00:00,2026-06-26 13:00:00,2026-06-26 21:00:00,200.252,200.309,200.119,200.3,0
2026-06-26 17:00:00,2026-06-26 14:00:00,2026-06-26 22:00:00,200.294,200.355,199.769,199.856,0
2026-06-26 18:00:00,2026-06-26 15:00:00,2026-06-26 23:00:00,199.86,200.055,199.806,200.024,0
2026-06-26 19:00:00,2026-06-26 16:00:00,2026-06-27 00:00:00,200.028,200.037,199.745,199.824,0
2026-06-26 20:00:00,2026-06-26 17:00:00,2026-06-27 01:00:00,199.822,199.864,199.723,199.765,0
2026-06-26 21:00:00,2026-06-26 18:00:00,2026-06-27 02:00:00,199.762,199.849,199.699,199.724,0
2026-06-26 22:00:00,2026-06-26 19:00:00,2026-06-27 03:00:00,199.723,199.832,199.671,199.81,0
2026-06-26 23:00:00,2026-06-26 20:00:00,2026-06-27 04:00:00,199.815,199.907,199.607,199.685,0
2026-06-27 00:00:00,2026-06-26 21:00:00,2026-06-27 05:00:00,199.672,199.696,199.672,199.696,0
2026-06-29 02:00:00,2026-06-28 23:00:00,2026-06-29 07:00:00,199.692,199.744,199.631,199.714,0
2026-06-29 03:00:00,2026-06-29 00:00:00,2026-06-29 08:00:00,199.699,199.756,199.629,199.726,0
2026-06-29 04:00:00,2026-06-29 01:00:00,2026-06-29 09:00:00,199.733,199.788,199.645,199.714,0
2026-06-29 05:00:00,2026-06-29 02:00:00,2026-06-29 10:00:00,199.704,199.84,199.686,199.792,0
2026-06-29 06:00:00,2026-06-29 03:00:00,2026-06-29 11:00:00,199.79,199.855,199.717,199.732,0
2026-06-29 07:00:00,2026-06-29 04:00:00,2026-06-29 12:00:00,199.718,199.8,199.704,199.761,0
2026-06-29 08:00:00,2026-06-29 05:00:00,2026-06-29 13:00:00,199.753,199.931,199.747,199.928,0
2026-06-29 09:00:00,2026-06-29 06:00:00,2026-06-29 14:00:00,199.914,200.109,199.864,200.09,0
2026-06-29 10:00:00,2026-06-29 07:00:00,2026-06-29 15:00:00,200.079,200.123,199.975,200.054,0
2026-06-29 11:00:00,2026-06-29 08:00:00,2026-06-29 16:00:00,200.059,200.124,199.938,200.038,0
2026-06-29 12:00:00,2026-06-29 09:00:00,2026-06-29 17:00:00,200.033,200.224,200.017,200.177,0
2026-06-29 13:00:00,2026-06-29 10:00:00,2026-06-29 18:00:00,200.171,200.252,200.117,200.212,0
2026-06-29 14:00:00,2026-06-29 11:00:00,2026-06-29 19:00:00,200.201,200.273,200.057,200.225,0
2026-06-29 15:00:00,2026-06-29 12:00:00,2026-06-29 20:00:00,200.228,200.25,200.088,200.159,0
2026-06-29 16:00:00,2026-06-29 13:00:00,2026-06-29 21:00:00,200.153,200.412,200.106,200.374,0
2026-06-29 17:00:00,2026-06-29 14:00:00,2026-06-29 22:00:00,200.374,200.414,200.131,200.264,0
2026-06-29 18:00:00,2026-06-29 15:00:00,2026-06-29 23:00:00,200.264,200.41,200.193,200.36,0
2026-06-29 19:00:00,2026-06-29 16:00:00,2026-06-30 00:00:00,200.359,200.521,200.349,200.467,0
2026-06-29 20:00:00,2026-06-29 17:00:00,2026-06-30 01:00:00,200.466,200.561,200.399,200.537,0
2026-06-29 21:00:00,2026-06-29 18:00:00,2026-06-30 02:00:00,200.527,200.642,200.512,200.573,0
2026-06-29 22:00:00,2026-06-29 19:00:00,2026-06-30 03:00:00,200.574,200.607,200.507,200.578,0
2026-06-29 23:00:00,2026-06-29 20:00:00,2026-06-30 04:00:00,200.583,200.62,200.343,200.377,0
2026-06-30 00:00:00,2026-06-29 21:00:00,2026-06-30 05:00:00,200.386,200.519,200.228,200.515,0
2026-06-30 01:00:00,2026-06-29 22:00:00,2026-06-30 06:00:00,200.5,200.573,200.477,200.502,0
2026-06-30 02:00:00,2026-06-29 23:00:00,2026-06-30 07:00:00,200.5,200.552,200.42,200.439,0
2026-06-30 03:00:00,2026-06-30 00:00:00,2026-06-30 08:00:00,200.423,200.94,200.38,200.675,0
2026-06-30 04:00:00,2026-06-30 01:00:00,2026-06-30 09:00:00,200.671,200.734,200.456,200.513,0
2026-06-30 05:00:00,2026-06-30 02:00:00,2026-06-30 10:00:00,200.498,200.553,200.402,200.467,0
2026-06-30 06:00:00,2026-06-30 03:00:00,2026-06-30 11:00:00,200.454,200.55,200.31,200.402,0
2026-06-30 07:00:00,2026-06-30 04:00:00,2026-06-30 12:00:00,200.399,200.441,200.285,200.313,0
2026-06-30 08:00:00,2026-06-30 05:00:00,2026-06-30 13:00:00,200.296,200.424,200.226,200.354,0
2026-06-30 09:00:00,2026-06-30 06:00:00,2026-06-30 14:00:00,200.337,200.638,200.323,200.578,0
2026-06-30 10:00:00,2026-06-30 07:00:00,2026-06-30 15:00:00,200.561,200.661,200.405,200.469,0
2026-06-30 11:00:00,2026-06-30 08:00:00,2026-06-30 16:00:00,200.469,200.599,200.33,200.504,0
2026-06-30 12:00:00,2026-06-30 09:00:00,2026-06-30 17:00:00,200.518,200.562,200.321,200.461,0
2026-06-30 13:00:00,2026-06-30 10:00:00,2026-06-30 18:00:00,200.464,200.689,200.412,200.681,0
2026-06-30 14:00:00,2026-06-30 11:00:00,2026-06-30 19:00:00,200.665,200.807,200.532,200.619,0
2026-06-30 15:00:00,2026-06-30 12:00:00,2026-06-30 20:00:00,200.605,200.825,200.222,200.679,0
2026-06-30 16:00:00,2026-06-30 13:00:00,2026-06-30 21:00:00,200.671,200.855,200.606,200.801,0
2026-06-30 17:00:00,2026-06-30 14:00:00,2026-06-30 22:00:00,200.79,201.546,200.63,201.454,0
2026-06-30 18:00:00,2026-06-30 15:00:00,2026-06-30 23:00:00,201.452,201.524,201.108,201.185,0
2026-06-30 19:00:00,2026-06-30 16:00:00,2026-07-01 00:00:00,201.174,201.197,201.066,201.103,0
2026-06-30 20:00:00,2026-06-30 17:00:00,2026-07-01 01:00:00,201.103,201.204,201.071,201.18,0
2026-06-30 21:00:00,2026-06-30 18:00:00,2026-07-01 02:00:00,201.184,201.319,201.149,201.187,0
2026-06-30 22:00:00,2026-06-30 19:00:00,2026-07-01 03:00:00,201.186,201.243,201.068,201.197,0
2026-06-30 23:00:00,2026-06-30 20:00:00,2026-07-01 04:00:00,201.214,201.241,201.072,201.088,0
2026-07-01 00:00:00,2026-06-30 21:00:00,2026-07-01 05:00:00,201.089,201.28,201.055,201.227,0
2026-07-01 01:00:00,2026-06-30 22:00:00,2026-07-01 06:00:00,201.106,201.204,201.095,201.096,0
2026-07-01 02:00:00,2026-06-30 23:00:00,2026-07-01 07:00:00,201.095,201.187,201.042,201.077,0
2026-07-01 03:00:00,2026-07-01 00:00:00,2026-07-01 08:00:00,201.076,201.182,201.044,201.093,0
2026-07-01 04:00:00,2026-07-01 01:00:00,2026-07-01 09:00:00,201.099,201.114,200.899,201.012,0
2026-07-01 05:00:00,2026-07-01 02:00:00,2026-07-01 10:00:00,201.01,201.157,200.996,201.079,0
2026-07-01 06:00:00,2026-07-01 03:00:00,2026-07-01 11:00:00,201.096,201.176,201.071,201.119,0
2026-07-01 07:00:00,2026-07-01 04:00:00,2026-07-01 12:00:00,201.119,201.122,200.892,201.091,0
2026-07-01 08:00:00,2026-07-01 05:00:00,2026-07-01 13:00:00,201.092,201.166,201.002,201.058,0
2026-07-01 09:00:00,2026-07-01 06:00:00,2026-07-01 14:00:00,201.047,201.139,200.915,200.955,0
2026-07-01 10:00:00,2026-07-01 07:00:00,2026-07-01 15:00:00,200.938,200.985,200.779,200.921,0
2026-07-01 11:00:00,2026-07-01 08:00:00,2026-07-01 16:00:00,200.904,200.922,200.741,200.848,0
2026-07-01 12:00:00,2026-07-01 09:00:00,2026-07-01 17:00:00,200.848,200.926,200.737,200.785,0
2026-07-01 13:00:00,2026-07-01 10:00:00,2026-07-01 18:00:00,200.779,200.956,200.717,200.919,0
2026-07-01 14:00:00,2026-07-01 11:00:00,2026-07-01 19:00:00,200.909,200.935,200.607,200.631,0
2026-07-01 15:00:00,2026-07-01 12:00:00,2026-07-01 20:00:00,200.614,200.699,200.446,200.463,0
2026-07-01 16:00:00,2026-07-01 13:00:00,2026-07-01 21:00:00,200.463,200.807,200.36,200.629,0
2026-07-01 17:00:00,2026-07-01 14:00:00,2026-07-01 22:00:00,200.648,200.952,200.605,200.902,0
2026-07-01 18:00:00,2026-07-01 15:00:00,2026-07-01 23:00:00,200.897,200.965,200.749,200.856,0
2026-07-01 19:00:00,2026-07-01 16:00:00,2026-07-02 00:00:00,200.845,200.982,200.826,200.869,0
2026-07-01 20:00:00,2026-07-01 17:00:00,2026-07-02 01:00:00,200.86,200.963,200.829,200.945,0
2026-07-01 21:00:00,2026-07-01 18:00:00,2026-07-02 02:00:00,200.938,200.957,200.794,200.839,0
2026-07-01 22:00:00,2026-07-01 19:00:00,2026-07-02 03:00:00,200.842,200.878,200.792,200.852,0
2026-07-01 23:00:00,2026-07-01 20:00:00,2026-07-02 04:00:00,200.85,200.886,200.775,200.814,0
2026-07-02 00:00:00,2026-07-01 21:00:00,2026-07-02 05:00:00,200.788,201.025,200.714,200.867,0
2026-07-02 01:00:00,2026-07-01 22:00:00,2026-07-02 06:00:00,200.791,200.856,200.768,200.802,0
2026-07-02 02:00:00,2026-07-01 23:00:00,2026-07-02 07:00:00,200.805,200.89,200.76,200.854,0
2026-07-02 03:00:00,2026-07-02 00:00:00,2026-07-02 08:00:00,200.84,200.905,200.733,200.837,0
2026-07-02 04:00:00,2026-07-02 01:00:00,2026-07-02 09:00:00,200.817,200.943,200.802,200.88,0
2026-07-02 05:00:00,2026-07-02 02:00:00,2026-07-02 10:00:00,200.861,201.021,200.854,200.897,0
2026-07-02 06:00:00,2026-07-02 03:00:00,2026-07-02 11:00:00,200.893,200.933,200.794,200.841,0
2026-07-02 07:00:00,2026-07-02 04:00:00,2026-07-02 12:00:00,200.829,200.866,200.782,200.849,0
2026-07-02 08:00:00,2026-07-02 05:00:00,2026-07-02 13:00:00,200.837,200.855,200.668,200.721,0
2026-07-02 09:00:00,2026-07-02 06:00:00,2026-07-02 14:00:00,200.705,200.754,199.537,200.237,0
2026-07-02 10:00:00,2026-07-02 07:00:00,2026-07-02 15:00:00,200.233,200.375,199.953,200.091,0
2026-07-02 11:00:00,2026-07-02 08:00:00,2026-07-02 16:00:00,200.102,200.442,199.957,200.2,0
2026-07-02 12:00:00,2026-07-02 09:00:00,2026-07-02 17:00:00,200.213,200.451,200.095,200.176,0
2026-07-02 13:00:00,2026-07-02 10:00:00,2026-07-02 18:00:00,200.175,200.397,200.161,200.272,0
2026-07-02 14:00:00,2026-07-02 11:00:00,2026-07-02 19:00:00,200.273,200.286,200.132,200.208,0
2026-07-02 15:00:00,2026-07-02 12:00:00,2026-07-02 20:00:00,200.196,200.704,200.025,200.469,0
2026-07-02 16:00:00,2026-07-02 13:00:00,2026-07-02 21:00:00,200.479,200.561,200.378,200.426,0
2026-07-02 17:00:00,2026-07-02 14:00:00,2026-07-02 22:00:00,200.43,200.712,200.339,200.701,0
2026-07-02 18:00:00,2026-07-02 15:00:00,2026-07-02 23:00:00,200.695,200.715,200.479,200.563,0
2026-07-02 19:00:00,2026-07-02 16:00:00,2026-07-03 00:00:00,200.573,200.668,200.467,200.475,0
2026-07-02 20:00:00,2026-07-02 17:00:00,2026-07-03 01:00:00,200.471,200.489,200.338,200.381,0
2026-07-02 21:00:00,2026-07-02 18:00:00,2026-07-03 02:00:00,200.373,200.488,200.351,200.407,0
2026-07-02 22:00:00,2026-07-02 19:00:00,2026-07-03 03:00:00,200.408,200.543,200.387,200.493,0
2026-07-02 23:00:00,2026-07-02 20:00:00,2026-07-03 04:00:00,200.493,200.57,200.453,200.49,0
2026-07-03 00:00:00,2026-07-02 21:00:00,2026-07-03 05:00:00,200.463,200.592,200.355,200.431,0
2026-07-03 01:00:00,2026-07-02 22:00:00,2026-07-03 06:00:00,200.522,200.602,200.457,200.57,0
2026-07-03 02:00:00,2026-07-02 23:00:00,2026-07-03 07:00:00,200.575,200.704,200.524,200.678,0
2026-07-03 03:00:00,2026-07-03 00:00:00,2026-07-03 08:00:00,200.678,200.721,200.484,200.52,0
2026-07-03 04:00:00,2026-07-03 01:00:00,2026-07-03 09:00:00,200.499,200.749,200.449,200.701,0
2026-07-03 05:00:00,2026-07-03 02:00:00,2026-07-03 10:00:00,200.718,200.854,200.654,200.707,0
2026-07-03 06:00:00,2026-07-03 03:00:00,2026-07-03 11:00:00,200.707,200.768,200.672,200.717,0
2026-07-03 07:00:00,2026-07-03 04:00:00,2026-07-03 12:00:00,200.74,200.843,200.685,200.769,0
2026-07-03 08:00:00,2026-07-03 05:00:00,2026-07-03 13:00:00,200.769,200.923,200.707,200.886,0
2026-07-03 09:00:00,2026-07-03 06:00:00,2026-07-03 14:00:00,200.868,200.888,200.291,200.651,0
2026-07-03 10:00:00,2026-07-03 07:00:00,2026-07-03 15:00:00,200.653,200.695,200.461,200.499,0
2026-07-03 11:00:00,2026-07-03 08:00:00,2026-07-03 16:00:00,200.497,200.658,200.458,200.635,0
2026-07-03 12:00:00,2026-07-03 09:00:00,2026-07-03 17:00:00,200.634,200.687,200.513,200.572,0
2026-07-03 13:00:00,2026-07-03 10:00:00,2026-07-03 18:00:00,200.568,200.719,200.542,200.566,0
2026-07-03 14:00:00,2026-07-03 11:00:00,2026-07-03 19:00:00,200.561,200.743,200.522,200.728,0
2026-07-03 15:00:00,2026-07-03 12:00:00,2026-07-03 20:00:00,200.722,200.807,200.568,200.644,0
2026-07-03 16:00:00,2026-07-03 13:00:00,2026-07-03 21:00:00,200.646,200.716,200.578,200.669,0
2026-07-03 17:00:00,2026-07-03 14:00:00,2026-07-03 22:00:00,200.647,200.812,200.623,200.753,0
2026-07-03 18:00:00,2026-07-03 15:00:00,2026-07-03 23:00:00,200.753,200.819,200.688,200.757,0
2026-07-03 19:00:00,2026-07-03 16:00:00,2026-07-04 00:00:00,200.774,200.84,200.742,200.763,0
2026-07-03 20:00:00,2026-07-03 17:00:00,2026-07-04 01:00:00,200.783,200.842,200.683,200.762,0
2026-07-03 21:00:00,2026-07-03 18:00:00,2026-07-04 02:00:00,200.759,200.911,200.705,200.769,0
2026-07-03 22:00:00,2026-07-03 19:00:00,2026-07-04 03:00:00,200.764,200.865,200.682,200.729,0
2026-07-03 23:00:00,2026-07-03 20:00:00,2026-07-04 04:00:00,200.711,200.862,200.67,200.859,0
2026-07-04 00:00:00,2026-07-03 21:00:00,2026-07-04 05:00:00,200.873,200.873,200.873,200.873,0
2026-07-06 02:00:00,2026-07-05 23:00:00,2026-07-06 07:00:00,200.801,200.896,200.772,200.854,0
2026-07-06 03:00:00,2026-07-06 00:00:00,2026-07-06 08:00:00,200.84,201.084,200.837,200.989,0
2026-07-06 04:00:00,2026-07-06 01:00:00,2026-07-06 09:00:00,200.987,201.134,200.974,201.071,0
2026-07-06 05:00:00,2026-07-06 02:00:00,2026-07-06 10:00:00,201.072,201.152,201.048,201.132,0
2026-07-06 06:00:00,2026-07-06 03:00:00,2026-07-06 11:00:00,201.126,201.181,201.049,201.164,0
2026-07-06 07:00:00,2026-07-06 04:00:00,2026-07-06 12:00:00,201.153,201.31,201.131,201.3,0
2026-07-06 08:00:00,2026-07-06 05:00:00,2026-07-06 13:00:00,201.3,201.329,201.195,201.294,0
2026-07-06 09:00:00,2026-07-06 06:00:00,2026-07-06 14:00:00,201.286,201.453,201.282,201.37,0
2026-07-06 10:00:00,2026-07-06 07:00:00,2026-07-06 15:00:00,201.368,201.541,201.31,201.506,0
2026-07-06 11:00:00,2026-07-06 08:00:00,2026-07-06 16:00:00,201.507,201.585,201.345,201.428,0
2026-07-06 12:00:00,2026-07-06 09:00:00,2026-07-06 17:00:00,201.438,201.516,201.352,201.397,0
2026-07-06 13:00:00,2026-07-06 10:00:00,2026-07-06 18:00:00,201.405,201.539,201.379,201.443,0
2026-07-06 14:00:00,2026-07-06 11:00:00,2026-07-06 19:00:00,201.443,201.462,201.284,201.393,0
2026-07-06 15:00:00,2026-07-06 12:00:00,2026-07-06 20:00:00,201.4,201.481,201.315,201.38,0
2026-07-06 16:00:00,2026-07-06 13:00:00,2026-07-06 21:00:00,201.372,201.485,201.134,201.208,0
2026-07-06 17:00:00,2026-07-06 14:00:00,2026-07-06 22:00:00,201.186,201.339,201.041,201.292,0
2026-07-06 18:00:00,2026-07-06 15:00:00,2026-07-06 23:00:00,201.285,201.346,201.151,201.254,0
2026-07-06 19:00:00,2026-07-06 16:00:00,2026-07-07 00:00:00,201.254,201.364,201.227,201.293,0
2026-07-06 20:00:00,2026-07-06 17:00:00,2026-07-07 01:00:00,201.281,201.375,201.28,201.338,0
2026-07-06 21:00:00,2026-07-06 18:00:00,2026-07-07 02:00:00,201.325,201.405,201.265,201.297,0
2026-07-06 22:00:00,2026-07-06 19:00:00,2026-07-07 03:00:00,201.297,201.37,201.182,201.216,0
2026-07-06 23:00:00,2026-07-06 20:00:00,2026-07-07 04:00:00,201.233,201.399,201.18,201.285,0
2026-07-07 00:00:00,2026-07-06 21:00:00,2026-07-07 05:00:00,201.288,201.392,201.191,201.392,0
2026-07-07 01:00:00,2026-07-06 22:00:00,2026-07-07 06:00:00,201.332,201.334,201.244,201.311,0
2026-07-07 02:00:00,2026-07-06 23:00:00,2026-07-07 07:00:00,201.287,201.368,201.247,201.315,0
2026-07-07 03:00:00,2026-07-07 00:00:00,2026-07-07 08:00:00,201.298,201.362,201.189,201.193,0
2026-07-07 04:00:00,2026-07-07 01:00:00,2026-07-07 09:00:00,201.192,201.26,200.847,201.008,0
2026-07-07 05:00:00,2026-07-07 02:00:00,2026-07-07 10:00:00,201.028,201.043,200.929,200.985,0
2026-07-07 06:00:00,2026-07-07 03:00:00,2026-07-07 11:00:00,200.971,201.035,200.87,200.936,0
2026-07-07 07:00:00,2026-07-07 04:00:00,2026-07-07 12:00:00,200.93,200.964,200.696,200.795,0
2026-07-07 08:00:00,2026-07-07 05:00:00,2026-07-07 13:00:00,200.775,200.811,200.653,200.772,0
2026-07-07 09:00:00,2026-07-07 06:00:00,2026-07-07 14:00:00,200.787,201.033,200.68,200.988,0
2026-07-07 10:00:00,2026-07-07 07:00:00,2026-07-07 15:00:00,200.991,201.043,200.581,200.726,0
2026-07-07 11:00:00,2026-07-07 08:00:00,2026-07-07 16:00:00,200.705,200.853,200.634,200.777,0
2026-07-07 12:00:00,2026-07-07 09:00:00,2026-07-07 17:00:00,200.76,200.8,200.616,200.638,0
2026-07-07 13:00:00,2026-07-07 10:00:00,2026-07-07 18:00:00,200.623,200.772,200.55,200.759,0
2026-07-07 14:00:00,2026-07-07 11:00:00,2026-07-07 19:00:00,200.742,200.853,200.662,200.794,0
2026-07-07 15:00:00,2026-07-07 12:00:00,2026-07-07 20:00:00,200.788,200.893,200.738,200.794,0
2026-07-07 16:00:00,2026-07-07 13:00:00,2026-07-07 21:00:00,200.792,200.932,200.7,200.791,0
2026-07-07 17:00:00,2026-07-07 14:00:00,2026-07-07 22:00:00,200.791,200.926,200.668,200.854,0
2026-07-07 18:00:00,2026-07-07 15:00:00,2026-07-07 23:00:00,200.851,200.873,200.612,200.639,0
2026-07-07 19:00:00,2026-07-07 16:00:00,2026-07-08 00:00:00,200.628,200.667,200.522,200.617,0
2026-07-07 20:00:00,2026-07-07 17:00:00,2026-07-08 01:00:00,200.617,200.685,200.578,200.669,0
2026-07-07 21:00:00,2026-07-07 18:00:00,2026-07-08 02:00:00,200.656,200.686,200.476,200.49,0
2026-07-07 22:00:00,2026-07-07 19:00:00,2026-07-08 03:00:00,200.49,200.559,200.438,200.542,0
2026-07-07 23:00:00,2026-07-07 20:00:00,2026-07-08 04:00:00,200.54,200.768,200.43,200.638,0
2026-07-08 00:00:00,2026-07-07 21:00:00,2026-07-08 05:00:00,200.624,200.745,200.496,200.618,0
2026-07-08 01:00:00,2026-07-07 22:00:00,2026-07-08 06:00:00,200.524,200.587,200.447,200.573,0
2026-07-08 02:00:00,2026-07-07 23:00:00,2026-07-08 07:00:00,200.545,200.737,200.536,200.675,0
2026-07-08 03:00:00,2026-07-08 00:00:00,2026-07-08 08:00:00,200.661,200.754,200.576,200.706,0
2026-07-08 04:00:00,2026-07-08 01:00:00,2026-07-08 09:00:00,200.706,200.722,200.6,200.641,0
2026-07-08 05:00:00,2026-07-08 02:00:00,2026-07-08 10:00:00,200.656,200.805,200.622,200.714,0
2026-07-08 06:00:00,2026-07-08 03:00:00,2026-07-08 11:00:00,200.714,200.832,200.709,200.802,0
2026-07-08 07:00:00,2026-07-08 04:00:00,2026-07-08 12:00:00,200.792,200.897,200.746,200.842,0
2026-07-08 08:00:00,2026-07-08 05:00:00,2026-07-08 13:00:00,200.85,200.908,200.759,200.856,0
2026-07-08 09:00:00,2026-07-08 06:00:00,2026-07-08 14:00:00,200.859,201.007,200.823,201.007,0
2026-07-08 10:00:00,2026-07-08 07:00:00,2026-07-08 15:00:00,200.994,201.156,200.84,201.084,0
2026-07-08 11:00:00,2026-07-08 08:00:00,2026-07-08 16:00:00,201.094,201.224,200.909,201.132,0
2026-07-08 12:00:00,2026-07-08 09:00:00,2026-07-08 17:00:00,201.124,201.179,200.881,201.058,0
2026-07-08 13:00:00,2026-07-08 10:00:00,2026-07-08 18:00:00,201.06,201.177,200.954,201.122,0
2026-07-08 14:00:00,2026-07-08 11:00:00,2026-07-08 19:00:00,201.126,201.147,200.781,200.895,0
2026-07-08 15:00:00,2026-07-08 12:00:00,2026-07-08 20:00:00,200.886,201.076,200.86,200.912,0
2026-07-08 16:00:00,2026-07-08 13:00:00,2026-07-08 21:00:00,200.903,200.999,200.8,200.897,0
2026-07-08 17:00:00,2026-07-08 14:00:00,2026-07-08 22:00:00,200.888,201.018,200.831,200.969,0
2026-07-08 18:00:00,2026-07-08 15:00:00,2026-07-08 23:00:00,200.97,201.037,200.633,200.679,0
2026-07-08 19:00:00,2026-07-08 16:00:00,2026-07-09 00:00:00,200.672,200.944,200.648,200.931,0
2026-07-08 20:00:00,2026-07-08 17:00:00,2026-07-09 01:00:00,200.932,201.135,200.924,201.023,0
2026-07-08 21:00:00,2026-07-08 18:00:00,2026-07-09 02:00:00,201.015,201.186,200.988,201.154,0
2026-07-08 22:00:00,2026-07-08 19:00:00,2026-07-09 03:00:00,201.145,201.231,201.09,201.114,0
2026-07-08 23:00:00,2026-07-08 20:00:00,2026-07-09 04:00:00,201.119,201.256,201.041,201.247,0
2026-07-09 00:00:00,2026-07-08 21:00:00,2026-07-09 05:00:00,201.244,201.244,200.955,201.088,0
2026-07-09 01:00:00,2026-07-08 22:00:00,2026-07-09 06:00:00,201.079,201.159,201.033,201.135,0
2026-07-09 02:00:00,2026-07-08 23:00:00,2026-07-09 07:00:00,201.124,201.145,201.047,201.108,0
2026-07-09 03:00:00,2026-07-09 00:00:00,2026-07-09 08:00:00,201.115,201.193,201.071,201.149,0
2026-07-09 04:00:00,2026-07-09 01:00:00,2026-07-09 09:00:00,201.149,201.259,201.134,201.195,0
2026-07-09 05:00:00,2026-07-09 02:00:00,2026-07-09 10:00:00,201.194,201.247,201.126,201.142,0
2026-07-09 06:00:00,2026-07-09 03:00:00,2026-07-09 11:00:00,201.159,201.274,201.132,201.237,0
2026-07-09 07:00:00,2026-07-09 04:00:00,2026-07-09 12:00:00,201.242,201.246,201.123,201.231,0
2026-07-09 08:00:00,2026-07-09 05:00:00,2026-07-09 13:00:00,201.243,201.306,201.188,201.248,0
2026-07-09 09:00:00,2026-07-09 06:00:00,2026-07-09 14:00:00,201.239,201.484,201.239,201.36,0
2026-07-09 10:00:00,2026-07-09 07:00:00,2026-07-09 15:00:00,201.343,201.385,201.198,201.312,0
2026-07-09 11:00:00,2026-07-09 08:00:00,2026-07-09 16:00:00,201.32,201.407,201.175,201.205,0
2026-07-09 12:00:00,2026-07-09 09:00:00,2026-07-09 17:00:00,201.197,201.287,201.064,201.244,0
2026-07-09 13:00:00,2026-07-09 10:00:00,2026-07-09 18:00:00,201.247,201.29,201.135,201.185,0
2026-07-09 14:00:00,2026-07-09 11:00:00,2026-07-09 19:00:00,201.175,201.254,201.083,201.237,0
2026-07-09 15:00:00,2026-07-09 12:00:00,2026-07-09 20:00:00,201.224,201.337,201.079,201.14,0
2026-07-09 16:00:00,2026-07-09 13:00:00,2026-07-09 21:00:00,201.128,201.25,201.064,201.18,0
2026-07-09 17:00:00,2026-07-09 14:00:00,2026-07-09 22:00:00,201.187,201.366,201.141,201.246,0
2026-07-09 18:00:00,2026-07-09 15:00:00,2026-07-09 23:00:00,201.238,201.337,201.17,201.246,0
2026-07-09 19:00:00,2026-07-09 16:00:00,2026-07-10 00:00:00,201.247,201.311,201.197,201.234,0
2026-07-09 20:00:00,2026-07-09 17:00:00,2026-07-10 01:00:00,201.234,201.368,201.223,201.3,0
2026-07-09 21:00:00,2026-07-09 18:00:00,2026-07-10 02:00:00,201.298,201.336,201.21,201.248,0
2026-07-09 22:00:00,2026-07-09 19:00:00,2026-07-10 03:00:00,201.234,201.267,201.163,201.211,0
2026-07-09 23:00:00,2026-07-09 20:00:00,2026-07-10 04:00:00,201.193,201.313,201.163,201.175,0
2026-07-10 00:00:00,2026-07-09 21:00:00,2026-07-10 05:00:00,201.208,201.379,201.145,201.234,0
2026-07-10 01:00:00,2026-07-09 22:00:00,2026-07-10 06:00:00,201.21,201.289,201.163,201.256,0
2026-07-10 02:00:00,2026-07-09 23:00:00,2026-07-10 07:00:00,201.264,201.299,201.224,201.293,0
2026-07-10 03:00:00,2026-07-10 00:00:00,2026-07-10 08:00:00,201.286,201.326,200.936,201.109,0
2026-07-10 04:00:00,2026-07-10 01:00:00,2026-07-10 09:00:00,201.124,201.141,200.804,201.013,0
2026-07-10 05:00:00,2026-07-10 02:00:00,2026-07-10 10:00:00,201.012,201.053,200.704,200.979,0
2026-07-10 06:00:00,2026-07-10 03:00:00,2026-07-10 11:00:00,200.959,201.024,200.81,200.911,0
2026-07-10 07:00:00,2026-07-10 04:00:00,2026-07-10 12:00:00,200.898,200.989,200.833,200.848,0
2026-07-10 08:00:00,2026-07-10 05:00:00,2026-07-10 13:00:00,200.848,200.867,200.679,200.766,0
2026-07-10 09:00:00,2026-07-10 06:00:00,2026-07-10 14:00:00,200.754,200.773,200.626,200.706,0
2026-07-10 10:00:00,2026-07-10 07:00:00,2026-07-10 15:00:00,200.69,200.85,200.649,200.754,0
2026-07-10 11:00:00,2026-07-10 08:00:00,2026-07-10 16:00:00,200.744,200.776,200.382,200.513,0
2026-07-10 12:00:00,2026-07-10 09:00:00,2026-07-10 17:00:00,200.5,200.696,200.45,200.551,0
2026-07-10 13:00:00,2026-07-10 10:00:00,2026-07-10 18:00:00,200.532,200.609,200.483,200.514,0
2026-07-10 14:00:00,2026-07-10 11:00:00,2026-07-10 19:00:00,200.533,200.613,200.435,200.598,0
2026-07-10 15:00:00,2026-07-10 12:00:00,2026-07-10 20:00:00,200.59,200.625,200.325,200.473,0
2026-07-10 16:00:00,2026-07-10 13:00:00,2026-07-10 21:00:00,200.459,200.483,200.197,200.217,0
2026-07-10 17:00:00,2026-07-10 14:00:00,2026-07-10 22:00:00,200.229,200.367,200.078,200.274,0
2026-07-10 18:00:00,2026-07-10 15:00:00,2026-07-10 23:00:00,200.267,200.361,199.985,200.051,0
2026-07-10 19:00:00,2026-07-10 16:00:00,2026-07-11 00:00:00,200.057,200.163,200.023,200.08,0
2026-07-10 20:00:00,2026-07-10 17:00:00,2026-07-11 01:00:00,200.083,200.094,199.921,199.982,0
2026-07-10 21:00:00,2026-07-10 18:00:00,2026-07-11 02:00:00,199.983,200.034,199.914,199.956,0
2026-07-10 22:00:00,2026-07-10 19:00:00,2026-07-11 03:00:00,199.957,200.004,199.917,199.998,0
2026-07-10 23:00:00,2026-07-10 20:00:00,2026-07-11 04:00:00,200.001,200.054,199.913,200.0,0
2026-07-11 00:00:00,2026-07-10 21:00:00,2026-07-11 05:00:00,199.973,199.973,199.973,199.973,0
2026-07-13 02:00:00,2026-07-12 23:00:00,2026-07-13 07:00:00,200.033,200.054,199.937,199.974,0
2026-07-13 03:00:00,2026-07-13 00:00:00,2026-07-13 08:00:00,199.974,200.075,199.901,200.049,0
2026-07-13 04:00:00,2026-07-13 01:00:00,2026-07-13 09:00:00,200.038,200.072,199.863,200.004,0
2026-07-13 05:00:00,2026-07-13 02:00:00,2026-07-13 10:00:00,199.985,200.08,199.962,200.011,0
2026-07-13 06:00:00,2026-07-13 03:00:00,2026-07-13 11:00:00,200.008,200.125,199.974,200.106,0
2026-07-13 07:00:00,2026-07-13 04:00:00,2026-07-13 12:00:00,200.115,200.154,200.042,200.119,0
2026-07-13 08:00:00,2026-07-13 05:00:00,2026-07-13 13:00:00,200.123,200.443,200.059,200.315,0
2026-07-13 09:00:00,2026-07-13 06:00:00,2026-07-13 14:00:00,200.323,200.522,200.255,200.45,0
2026-07-13 10:00:00,2026-07-13 07:00:00,2026-07-13 15:00:00,200.441,200.539,200.104,200.439,0
2026-07-13 11:00:00,2026-07-13 08:00:00,2026-07-13 16:00:00,200.445,200.657,200.413,200.535,0
2026-07-13 12:00:00,2026-07-13 09:00:00,2026-07-13 17:00:00,200.518,200.541,200.086,200.141,0
2026-07-13 13:00:00,2026-07-13 10:00:00,2026-07-13 18:00:00,200.141,200.327,200.086,200.309,0
2026-07-13 14:00:00,2026-07-13 11:00:00,2026-07-13 19:00:00,200.312,200.384,200.2,200.247,0
2026-07-13 15:00:00,2026-07-13 12:00:00,2026-07-13 20:00:00,200.232,200.299,200.084,200.216,0
2026-07-13 16:00:00,2026-07-13 13:00:00,2026-07-13 21:00:00,200.218,200.271,200.013,200.063,0
2026-07-13 17:00:00,2026-07-13 14:00:00,2026-07-13 22:00:00,200.04,200.09,199.804,199.978,0
2026-07-13 18:00:00,2026-07-13 15:00:00,2026-07-13 23:00:00,199.979,199.999,199.719,199.815,0
2026-07-13 19:00:00,2026-07-13 16:00:00,2026-07-14 00:00:00,199.815,199.851,199.533,199.666,0
2026-07-13 20:00:00,2026-07-13 17:00:00,2026-07-14 01:00:00,199.666,199.667,199.515,199.534,0
2026-07-13 21:00:00,2026-07-13 18:00:00,2026-07-14 02:00:00,199.525,199.537,199.398,199.432,0
2026-07-13 22:00:00,2026-07-13 19:00:00,2026-07-14 03:00:00,199.428,199.458,199.388,199.435,0
2026-07-13 23:00:00,2026-07-13 20:00:00,2026-07-14 04:00:00,199.433,199.444,199.339,199.352,0
2026-07-14 00:00:00,2026-07-13 21:00:00,2026-07-14 05:00:00,199.344,199.502,199.282,199.471,0
2026-07-14 01:00:00,2026-07-13 22:00:00,2026-07-14 06:00:00,199.375,199.437,199.319,199.329,0
2026-07-14 02:00:00,2026-07-13 23:00:00,2026-07-14 07:00:00,199.335,199.391,199.286,199.35,0
2026-07-14 03:00:00,2026-07-14 00:00:00,2026-07-14 08:00:00,199.351,199.401,199.194,199.326,0
2026-07-14 04:00:00,2026-07-14 01:00:00,2026-07-14 09:00:00,199.338,199.466,199.283,199.419,0
2026-07-14 05:00:00,2026-07-14 02:00:00,2026-07-14 10:00:00,199.417,199.574,199.417,199.469,0
2026-07-14 06:00:00,2026-07-14 03:00:00,2026-07-14 11:00:00,199.463,199.519,199.414,199.467,0
2026-07-14 07:00:00,2026-07-14 04:00:00,2026-07-14 12:00:00,199.452,199.491,199.358,199.433,0
2026-07-14 08:00:00,2026-07-14 05:00:00,2026-07-14 13:00:00,199.421,199.509,199.38,199.404,0
2026-07-14 09:00:00,2026-07-14 06:00:00,2026-07-14 14:00:00,199.39,199.466,199.28,199.282,0
2026-07-14 10:00:00,2026-07-14 07:00:00,2026-07-14 15:00:00,199.284,199.504,199.228,199.496,0
2026-07-14 11:00:00,2026-07-14 08:00:00,2026-07-14 16:00:00,199.487,199.769,199.482,199.681,0
2026-07-14 12:00:00,2026-07-14 09:00:00,2026-07-14 17:00:00,199.67,199.752,199.622,199.728,0
2026-07-14 13:00:00,2026-07-14 10:00:00,2026-07-14 18:00:00,199.717,199.738,199.576,199.605,0
2026-07-14 14:00:00,2026-07-14 11:00:00,2026-07-14 19:00:00,199.588,199.935,199.545,199.842,0
2026-07-14 15:00:00,2026-07-14 12:00:00,2026-07-14 20:00:00,199.839,200.459,199.803,200.337,0
2026-07-14 16:00:00,2026-07-14 13:00:00,2026-07-14 21:00:00,200.336,200.618,200.312,200.552,0
2026-07-14 17:00:00,2026-07-14 14:00:00,2026-07-14 22:00:00,200.561,200.812,200.458,200.546,0
2026-07-14 18:00:00,2026-07-14 15:00:00,2026-07-14 23:00:00,200.545,200.695,200.354,200.391,0
2026-07-14 19:00:00,2026-07-14 16:00:00,2026-07-15 00:00:00,200.387,200.517,200.331,200.451,0
2026-07-14 20:00:00,2026-07-14 17:00:00,2026-07-15 01:00:00,200.44,200.505,200.303,200.362,0
2026-07-14 21:00:00,2026-07-14 18:00:00,2026-07-15 02:00:00,200.374,200.459,200.336,200.424,0
2026-07-14 22:00:00,2026-07-14 19:00:00,2026-07-15 03:00:00,200.438,200.456,200.339,200.363,0
2026-07-14 23:00:00,2026-07-14 20:00:00,2026-07-15 04:00:00,200.364,200.527,200.35,200.486,0
2026-07-15 00:00:00,2026-07-14 21:00:00,2026-07-15 05:00:00,200.683,200.711,200.403,200.445,0
2026-07-15 01:00:00,2026-07-14 22:00:00,2026-07-15 06:00:00,200.397,200.449,200.334,200.393,0
2026-07-15 02:00:00,2026-07-14 23:00:00,2026-07-15 07:00:00,200.432,200.458,200.366,200.434,0
2026-07-15 03:00:00,2026-07-15 00:00:00,2026-07-15 08:00:00,200.435,200.528,200.412,200.498,0
2026-07-15 04:00:00,2026-07-15 01:00:00,2026-07-15 09:00:00,200.496,200.525,200.401,200.459,0
2026-07-15 05:00:00,2026-07-15 02:00:00,2026-07-15 10:00:00,200.446,200.476,200.363,200.44,0
2026-07-15 06:00:00,2026-07-15 03:00:00,2026-07-15 11:00:00,200.427,200.467,200.32,200.368,0
2026-07-15 07:00:00,2026-07-15 04:00:00,2026-07-15 12:00:00,200.353,200.498,200.34,200.439,0
2026-07-15 08:00:00,2026-07-15 05:00:00,2026-07-15 13:00:00,200.427,200.571,200.35,200.527,0
2026-07-15 09:00:00,2026-07-15 06:00:00,2026-07-15 14:00:00,200.511,200.594,200.415,200.434,0
2026-07-15 10:00:00,2026-07-15 07:00:00,2026-07-15 15:00:00,200.428,200.559,200.331,200.385,0
2026-07-15 11:00:00,2026-07-15 08:00:00,2026-07-15 16:00:00,200.388,200.444,200.276,200.347,0
2026-07-15 12:00:00,2026-07-15 09:00:00,2026-07-15 17:00:00,200.33,200.378,200.195,200.222,0
2026-07-15 13:00:00,2026-07-15 10:00:00,2026-07-15 18:00:00,200.22,200.268,200.154,200.2,0
2026-07-15 14:00:00,2026-07-15 11:00:00,2026-07-15 19:00:00,200.205,200.303,200.113,200.146,0
2026-07-15 15:00:00,2026-07-15 12:00:00,2026-07-15 20:00:00,200.144,200.47,200.081,200.424,0
2026-07-15 16:00:00,2026-07-15 13:00:00,2026-07-15 21:00:00,200.435,200.736,200.412,200.675,0
2026-07-15 17:00:00,2026-07-15 14:00:00,2026-07-15 22:00:00,200.665,200.868,200.576,200.806,0
2026-07-15 18:00:00,2026-07-15 15:00:00,2026-07-15 23:00:00,200.816,201.033,200.796,200.965,0
2026-07-15 19:00:00,2026-07-15 16:00:00,2026-07-16 00:00:00,200.961,201.015,200.866,200.931,0
2026-07-15 20:00:00,2026-07-15 17:00:00,2026-07-16 01:00:00,200.918,201.375,200.913,201.365,0
2026-07-15 21:00:00,2026-07-15 18:00:00,2026-07-16 02:00:00,201.361,201.523,201.316,201.377,0
2026-07-15 22:00:00,2026-07-15 19:00:00,2026-07-16 03:00:00,201.376,201.53,201.363,201.473,0
2026-07-15 23:00:00,2026-07-15 20:00:00,2026-07-16 04:00:00,201.47,201.485,201.318,201.423,0
2026-07-16 00:00:00,2026-07-15 21:00:00,2026-07-16 05:00:00,201.434,201.69,201.341,201.341,0
2026-07-16 01:00:00,2026-07-15 22:00:00,2026-07-16 06:00:00,201.39,201.472,201.322,201.371,0
2026-07-16 02:00:00,2026-07-15 23:00:00,2026-07-16 07:00:00,201.375,201.45,201.35,201.398,0
2026-07-16 03:00:00,2026-07-16 00:00:00,2026-07-16 08:00:00,201.399,201.477,201.29,201.413,0
2026-07-16 04:00:00,2026-07-16 01:00:00,2026-07-16 09:00:00,201.418,201.425,201.158,201.221,0
2026-07-16 05:00:00,2026-07-16 02:00:00,2026-07-16 10:00:00,201.204,201.223,201.041,201.156,0
2026-07-16 06:00:00,2026-07-16 03:00:00,2026-07-16 11:00:00,201.156,201.24,201.113,201.157,0
2026-07-16 07:00:00,2026-07-16 04:00:00,2026-07-16 12:00:00,201.136,201.165,201.063,201.085,0
2026-07-16 08:00:00,2026-07-16 05:00:00,2026-07-16 13:00:00,201.097,201.184,201.061,201.113,0
2026-07-16 09:00:00,2026-07-16 06:00:00,2026-07-16 14:00:00,201.097,201.221,201.097,201.168,0
2026-07-16 10:00:00,2026-07-16 07:00:00,2026-07-16 15:00:00,201.155,201.179,201.02,201.058,0
2026-07-16 11:00:00,2026-07-16 08:00:00,2026-07-16 16:00:00,201.058,201.1,200.899,200.948,0
2026-07-16 12:00:00,2026-07-16 09:00:00,2026-07-16 17:00:00,200.948,200.97,200.842,200.9,0
2026-07-16 13:00:00,2026-07-16 10:00:00,2026-07-16 18:00:00,200.899,200.987,200.812,200.852,0
2026-07-16 14:00:00,2026-07-16 11:00:00,2026-07-16 19:00:00,200.825,201.063,200.803,201.031,0
2026-07-16 15:00:00,2026-07-16 12:00:00,2026-07-16 20:00:00,201.042,201.156,200.809,200.837,0
2026-07-16 16:00:00,2026-07-16 13:00:00,2026-07-16 21:00:00,200.822,200.949,200.806,200.915,0
2026-07-16 17:00:00,2026-07-16 14:00:00,2026-07-16 22:00:00,200.915,201.028,200.836,200.898,0
2026-07-16 18:00:00,2026-07-16 15:00:00,2026-07-16 23:00:00,200.892,201.105,200.862,201.045,0
2026-07-16 19:00:00,2026-07-16 16:00:00,2026-07-17 00:00:00,201.043,201.057,200.72,200.724,0
2026-07-16 20:00:00,2026-07-16 17:00:00,2026-07-17 01:00:00,200.741,200.836,200.691,200.791,0
2026-07-16 21:00:00,2026-07-16 18:00:00,2026-07-17 02:00:00,200.78,200.804,200.712,200.764,0
2026-07-16 22:00:00,2026-07-16 19:00:00,2026-07-17 03:00:00,200.777,200.803,200.698,200.782,0
2026-07-16 23:00:00,2026-07-16 20:00:00,2026-07-17 04:00:00,200.782,200.827,200.693,200.696,0
2026-07-17 00:00:00,2026-07-16 21:00:00,2026-07-17 05:00:00,200.779,201.022,200.766,200.798,0
2026-07-17 01:00:00,2026-07-16 22:00:00,2026-07-17 06:00:00,200.8,200.813,200.733,200.756,0
2026-07-17 02:00:00,2026-07-16 23:00:00,2026-07-17 07:00:00,200.752,200.861,200.744,200.852,0
2026-07-17 03:00:00,2026-07-17 00:00:00,2026-07-17 08:00:00,200.839,200.978,200.824,200.973,0
2026-07-17 04:00:00,2026-07-17 01:00:00,2026-07-17 09:00:00,200.955,201.003,200.779,200.814,0
2026-07-17 05:00:00,2026-07-17 02:00:00,2026-07-17 10:00:00,200.828,200.873,200.656,200.673,0
2026-07-17 06:00:00,2026-07-17 03:00:00,2026-07-17 11:00:00,200.676,200.801,200.676,200.757,0
2026-07-17 07:00:00,2026-07-17 04:00:00,2026-07-17 12:00:00,200.772,200.797,200.682,200.73,0
2026-07-17 08:00:00,2026-07-17 05:00:00,2026-07-17 13:00:00,200.73,200.738,200.712,200.732,0
2026-07-17 09:00:00,2026-07-17 06:00:00,2026-07-17 14:00:00,200.81,201.058,200.714,200.865,0
2026-07-17 10:00:00,2026-07-17 07:00:00,2026-07-17 15:00:00,200.863,201.107,200.744,201.038,0
2026-07-17 11:00:00,2026-07-17 08:00:00,2026-07-17 16:00:00,201.048,201.363,201.023,201.342,0
2026-07-17 12:00:00,2026-07-17 09:00:00,2026-07-17 17:00:00,201.311,201.342,201.036,201.061,0
2026-07-17 13:00:00,2026-07-17 10:00:00,2026-07-17 18:00:00,201.077,201.145,200.93,200.957,0
2026-07-17 14:00:00,2026-07-17 11:00:00,2026-07-17 19:00:00,200.949,201.203,200.933,201.157,0
2026-07-17 15:00:00,2026-07-17 12:00:00,2026-07-17 20:00:00,201.152,201.215,201.087,201.152,0
2026-07-17 16:00:00,2026-07-17 13:00:00,2026-07-17 21:00:00,201.156,201.171,201.004,201.088,0
2026-07-17 17:00:00,2026-07-17 14:00:00,2026-07-17 22:00:00,201.084,201.349,201.027,201.339,0
2026-07-17 18:00:00,2026-07-17 15:00:00,2026-07-17 23:00:00,201.331,201.435,201.282,201.322,0
2026-07-17 19:00:00,2026-07-17 16:00:00,2026-07-18 00:00:00,201.313,201.355,201.198,201.213,0
2026-07-17 20:00:00,2026-07-17 17:00:00,2026-07-18 01:00:00,201.186,201.232,201.153,201.169,0
2026-07-17 21:00:00,2026-07-17 18:00:00,2026-07-18 02:00:00,201.157,201.23,201.141,201.168,0
2026-07-17 22:00:00,2026-07-17 19:00:00,2026-07-18 03:00:00,201.181,201.215,201.121,201.169,0
2026-07-17 23:00:00,2026-07-17 20:00:00,2026-07-18 04:00:00,201.156,201.192,201.075,201.133,0
2026-07-18 00:00:00,2026-07-17 21:00:00,2026-07-18 05:00:00,201.145,201.145,201.145,201.145,0
2026-07-20 02:00:00,2026-07-19 23:00:00,2026-07-20 07:00:00,200.95,201.046,200.899,201.002,0
2026-07-20 03:00:00,2026-07-20 00:00:00,2026-07-20 08:00:00,201.006,201.055,200.841,200.873,0
2026-07-20 04:00:00,2026-07-20 01:00:00,2026-07-20 09:00:00,200.872,200.983,200.85,200.947,0
2026-07-20 05:00:00,2026-07-20 02:00:00,2026-07-20 10:00:00,200.93,201.075,200.912,201.061,0
2026-07-20 06:00:00,2026-07-20 03:00:00,2026-07-20 11:00:00,201.048,201.12,201.024,201.102,0
2026-07-20 07:00:00,2026-07-20 04:00:00,2026-07-20 12:00:00,201.103,201.182,201.084,201.129,0
2026-07-20 08:00:00,2026-07-20 05:00:00,2026-07-20 13:00:00,201.129,201.165,201.061,201.085,0
2026-07-20 09:00:00,2026-07-20 06:00:00,2026-07-20 14:00:00,201.083,201.193,201.077,201.136,0
2026-07-20 10:00:00,2026-07-20 07:00:00,2026-07-20 15:00:00,201.138,201.359,201.089,201.325,0
2026-07-20 11:00:00,2026-07-20 08:00:00,2026-07-20 16:00:00,201.314,201.341,201.154,201.19,0
2026-07-20 12:00:00,2026-07-20 09:00:00,2026-07-20 17:00:00,201.179,201.212,200.932,200.988,0
2026-07-20 13:00:00,2026-07-20 10:00:00,2026-07-20 18:00:00,200.976,201.097,200.952,201.002,0
2026-07-20 14:00:00,2026-07-20 11:00:00,2026-07-20 19:00:00,200.996,201.112,200.912,200.96,0
2026-07-20 15:00:00,2026-07-20 12:00:00,2026-07-20 20:00:00,200.954,200.968,200.65,200.785,0
2026-07-20 16:00:00,2026-07-20 13:00:00,2026-07-20 21:00:00,200.771,200.802,200.582,200.692,0
2026-07-20 17:00:00,2026-07-20 14:00:00,2026-07-20 22:00:00,200.7,200.794,200.484,200.537,0
2026-07-20 18:00:00,2026-07-20 15:00:00,2026-07-20 23:00:00,200.535,200.647,200.512,200.613,0
2026-07-20 19:00:00,2026-07-20 16:00:00,2026-07-21 00:00:00,200.602,200.659,200.507,200.565,0
2026-07-20 20:00:00,2026-07-20 17:00:00,2026-07-21 01:00:00,200.566,200.615,200.535,200.55,0
2026-07-20 21:00:00,2026-07-20 18:00:00,2026-07-21 02:00:00,200.544,200.63,200.533,200.619,0
2026-07-20 22:00:00,2026-07-20 19:00:00,2026-07-21 03:00:00,200.623,200.629,200.548,200.609,0
2026-07-20 23:00:00,2026-07-20 20:00:00,2026-07-21 04:00:00,200.606,200.626,200.51,200.525,0
2026-07-21 00:00:00,2026-07-20 21:00:00,2026-07-21 05:00:00,200.594,200.708,200.539,200.54,0
2026-07-21 01:00:00,2026-07-20 22:00:00,2026-07-21 06:00:00,200.513,200.556,200.468,200.544,0
2026-07-21 02:00:00,2026-07-20 23:00:00,2026-07-21 07:00:00,200.545,200.594,200.504,200.59,0
2026-07-21 03:00:00,2026-07-21 00:00:00,2026-07-21 08:00:00,200.574,200.604,200.47,200.548,0
2026-07-21 04:00:00,2026-07-21 01:00:00,2026-07-21 09:00:00,200.54,200.586,200.474,200.511,0
2026-07-21 05:00:00,2026-07-21 02:00:00,2026-07-21 10:00:00,200.487,200.56,200.436,200.458,0
2026-07-21 06:00:00,2026-07-21 03:00:00,2026-07-21 11:00:00,200.449,200.478,200.398,200.425,0
2026-07-21 07:00:00,2026-07-21 04:00:00,2026-07-21 12:00:00,200.403,200.554,200.4,200.527,0
2026-07-21 08:00:00,2026-07-21 05:00:00,2026-07-21 13:00:00,200.527,200.602,200.506,200.554,0
2026-07-21 09:00:00,2026-07-21 06:00:00,2026-07-21 14:00:00,200.541,200.716,200.534,200.642,0
2026-07-21 10:00:00,2026-07-21 07:00:00,2026-07-21 15:00:00,200.642,200.896,200.642,200.783,0
2026-07-21 11:00:00,2026-07-21 08:00:00,2026-07-21 16:00:00,200.773,200.906,200.653,200.752,0
2026-07-21 12:00:00,2026-07-21 09:00:00,2026-07-21 17:00:00,200.77,200.89,200.722,200.833,0
2026-07-21 13:00:00,2026-07-21 10:00:00,2026-07-21 18:00:00,200.814,201.013,200.761,200.772,0
2026-07-21 14:00:00,2026-07-21 11:00:00,2026-07-21 19:00:00,200.771,200.84,200.684,200.743,0
2026-07-21 15:00:00,2026-07-21 12:00:00,2026-07-21 20:00:00,200.731,200.794,200.638,200.691,0
2026-07-21 16:00:00,2026-07-21 13:00:00,2026-07-21 21:00:00,200.685,200.737,200.478,200.674,0
2026-07-21 17:00:00,2026-07-21 14:00:00,2026-07-21 22:00:00,200.675,200.908,200.472,200.603,0
2026-07-21 18:00:00,2026-07-21 15:00:00,2026-07-21 23:00:00,200.608,200.7,200.537,200.692,0
2026-07-21 19:00:00,2026-07-21 16:00:00,2026-07-22 00:00:00,200.695,200.731,200.631,200.664,0
2026-07-21 20:00:00,2026-07-21 17:00:00,2026-07-22 01:00:00,200.656,200.669,200.591,200.627,0
2026-07-21 21:00:00,2026-07-21 18:00:00,2026-07-22 02:00:00,200.61,200.807,200.566,200.742,0
2026-07-21 22:00:00,2026-07-21 19:00:00,2026-07-22 03:00:00,200.733,200.823,200.694,200.811,0
2026-07-21 23:00:00,2026-07-21 20:00:00,2026-07-22 04:00:00,200.815,200.872,200.727,200.756,0
2026-07-22 00:00:00,2026-07-21 21:00:00,2026-07-22 05:00:00,200.754,200.87,200.695,200.716,0
2026-07-22 01:00:00,2026-07-21 22:00:00,2026-07-22 06:00:00,200.751,200.797,200.716,200.751,0
2026-07-22 02:00:00,2026-07-21 23:00:00,2026-07-22 07:00:00,200.747,200.823,200.712,200.787,0
2026-07-22 03:00:00,2026-07-22 00:00:00,2026-07-22 08:00:00,200.795,200.812,200.646,200.726,0
2026-07-22 04:00:00,2026-07-22 01:00:00,2026-07-22 09:00:00,200.712,200.798,200.617,200.648,0
2026-07-22 05:00:00,2026-07-22 02:00:00,2026-07-22 10:00:00,200.662,200.743,200.632,200.703,0
2026-07-22 06:00:00,2026-07-22 03:00:00,2026-07-22 11:00:00,200.687,200.757,200.662,200.718,0
2026-07-22 07:00:00,2026-07-22 04:00:00,2026-07-22 12:00:00,200.721,200.738,200.664,200.694,0
2026-07-22 08:00:00,2026-07-22 05:00:00,2026-07-22 13:00:00,200.707,200.743,200.641,200.683,0
2026-07-22 09:00:00,2026-07-22 06:00:00,2026-07-22 14:00:00,200.672,200.785,200.649,200.729,0
2026-07-22 10:00:00,2026-07-22 07:00:00,2026-07-22 15:00:00,200.722,200.912,200.453,200.622,0
2026-07-22 11:00:00,2026-07-22 08:00:00,2026-07-22 16:00:00,200.638,200.885,200.562,200.717,0
2026-07-22 12:00:00,2026-07-22 09:00:00,2026-07-22 17:00:00,200.709,200.792,200.564,200.623,0
2026-07-22 13:00:00,2026-07-22 10:00:00,2026-07-22 18:00:00,200.625,200.677,200.557,200.592,0
2026-07-22 14:00:00,2026-07-22 11:00:00,2026-07-22 19:00:00,200.604,200.67,200.527,200.665,0
2026-07-22 15:00:00,2026-07-22 12:00:00,2026-07-22 20:00:00,200.666,200.821,200.631,200.692,0
2026-07-22 16:00:00,2026-07-22 13:00:00,2026-07-22 21:00:00,200.702,200.906,200.692,200.716,0
2026-07-22 17:00:00,2026-07-22 14:00:00,2026-07-22 22:00:00,200.714,200.768,200.432,200.468,0
2026-07-22 18:00:00,2026-07-22 15:00:00,2026-07-22 23:00:00,200.47,200.565,200.418,200.483,0
2026-07-22 19:00:00,2026-07-22 16:00:00,2026-07-23 00:00:00,200.482,200.486,200.271,200.279,0
2026-07-22 20:00:00,2026-07-22 17:00:00,2026-07-23 01:00:00,200.271,200.362,200.26,200.285,0
2026-07-22 21:00:00,2026-07-22 18:00:00,2026-07-23 02:00:00,200.297,200.305,200.199,200.23,0
2026-07-22 22:00:00,2026-07-22 19:00:00,2026-07-23 03:00:00,200.231,200.303,200.195,200.303,0
2026-07-22 23:00:00,2026-07-22 20:00:00,2026-07-23 04:00:00,200.303,200.353,200.264,200.282,0
2026-07-23 00:00:00,2026-07-22 21:00:00,2026-07-23 05:00:00,200.236,200.296,200.203,200.259,0
2026-07-23 01:00:00,2026-07-22 22:00:00,2026-07-23 06:00:00,200.208,200.261,200.161,200.233,0
2026-07-23 02:00:00,2026-07-22 23:00:00,2026-07-23 07:00:00,200.224,200.313,200.206,200.282,0
2026-07-23 03:00:00,2026-07-23 00:00:00,2026-07-23 08:00:00,200.268,200.376,200.251,200.312,0
2026-07-23 04:00:00,2026-07-23 01:00:00,2026-07-23 09:00:00,200.33,200.376,200.234,200.268,0
2026-07-23 05:00:00,2026-07-23 02:00:00,2026-07-23 10:00:00,200.262,200.445,200.26,200.429,0
2026-07-23 06:00:00,2026-07-23 03:00:00,2026-07-23 11:00:00,200.427,200.506,200.373,200.453,0
2026-07-23 07:00:00,2026-07-23 04:00:00,2026-07-23 12:00:00,200.44,200.542,200.426,200.509,0
2026-07-23 08:00:00,2026-07-23 05:00:00,2026-07-23 13:00:00,200.507,200.557,200.46,200.52,0
2026-07-23 09:00:00,2026-07-23 06:00:00,2026-07-23 14:00:00,200.52,200.577,200.337,200.352,0
2026-07-23 10:00:00,2026-07-23 07:00:00,2026-07-23 15:00:00,200.352,200.496,200.196,200.442,0
2026-07-23 11:00:00,2026-07-23 08:00:00,2026-07-23 16:00:00,200.431,200.586,200.364,200.464,0
2026-07-23 12:00:00,2026-07-23 09:00:00,2026-07-23 17:00:00,200.463,200.555,200.408,200.534,0
2026-07-23 13:00:00,2026-07-23 10:00:00,2026-07-23 18:00:00,200.525,200.554,200.39,200.428,0
2026-07-23 14:00:00,2026-07-23 11:00:00,2026-07-23 19:00:00,200.415,200.435,200.083,200.322,0
2026-07-23 15:00:00,2026-07-23 12:00:00,2026-07-23 20:00:00,200.323,200.422,200.204,200.393,0
2026-07-23 16:00:00,2026-07-23 13:00:00,2026-07-23 21:00:00,200.392,200.815,200.302,200.736,0
2026-07-23 17:00:00,2026-07-23 14:00:00,2026-07-23 22:00:00,200.728,200.817,200.623,200.751,0
2026-07-23 18:00:00,2026-07-23 15:00:00,2026-07-23 23:00:00,200.75,200.816,200.347,200.421,0
2026-07-23 19:00:00,2026-07-23 16:00:00,2026-07-24 00:00:00,200.413,200.638,200.41,200.621,0
2026-07-23 20:00:00,2026-07-23 17:00:00,2026-07-24 01:00:00,200.615,200.644,200.441,200.463,0
2026-07-23 21:00:00,2026-07-23 18:00:00,2026-07-24 02:00:00,200.456,200.518,200.397,200.489,0
2026-07-23 22:00:00,2026-07-23 19:00:00,2026-07-24 03:00:00,200.494,200.602,200.461,200.548,0
2026-07-23 23:00:00,2026-07-23 20:00:00,2026-07-24 04:00:00,200.555,200.635,200.527,200.618,0
2026-07-24 00:00:00,2026-07-23 21:00:00,2026-07-24 05:00:00,200.619,200.738,200.475,200.566,0
2026-07-24 01:00:00,2026-07-23 22:00:00,2026-07-24 06:00:00,200.517,200.623,200.516,200.613,0
2026-07-24 02:00:00,2026-07-23 23:00:00,2026-07-24 07:00:00,200.583,200.623,200.523,200.54,0
2026-07-24 03:00:00,2026-07-24 00:00:00,2026-07-24 08:00:00,200.546,200.709,200.504,200.656,0
2026-07-24 04:00:00,2026-07-24 01:00:00,2026-07-24 09:00:00,200.662,200.752,200.539,200.573,0
2026-07-24 05:00:00,2026-07-24 02:00:00,2026-07-24 10:00:00,200.561,200.602,200.403,200.411,0
2026-07-24 06:00:00,2026-07-24 03:00:00,2026-07-24 11:00:00,200.425,200.513,200.382,200.464,0
2026-07-24 07:00:00,2026-07-24 04:00:00,2026-07-24 12:00:00,200.463,200.529,200.356,200.419,0
2026-07-24 08:00:00,2026-07-24 05:00:00,2026-07-24 13:00:00,200.405,200.507,200.397,200.454,0
2026-07-24 09:00:00,2026-07-24 06:00:00,2026-07-24 14:00:00,200.445,200.539,200.385,200.511,0
2026-07-24 10:00:00,2026-07-24 07:00:00,2026-07-24 15:00:00,200.499,200.769,200.422,200.621,0
2026-07-24 11:00:00,2026-07-24 08:00:00,2026-07-24 16:00:00,200.611,200.667,200.491,200.512,0
2026-07-24 12:00:00,2026-07-24 09:00:00,2026-07-24 17:00:00,200.498,200.575,200.441,200.484,0
2026-07-24 13:00:00,2026-07-24 10:00:00,2026-07-24 18:00:00,200.492,200.592,200.438,200.498,0
2026-07-24 14:00:00,2026-07-24 11:00:00,2026-07-24 19:00:00,200.491,200.548,200.247,200.335,0
2026-07-24 15:00:00,2026-07-24 12:00:00,2026-07-24 20:00:00,200.338,200.403,200.219,200.295,0
2026-07-24 16:00:00,2026-07-24 13:00:00,2026-07-24 21:00:00,200.285,200.314,200.18,200.245,0
2026-07-24 17:00:00,2026-07-24 14:00:00,2026-07-24 22:00:00,200.226,200.36,200.189,200.28,0
2026-07-24 18:00:00,2026-07-24 15:00:00,2026-07-24 23:00:00,200.283,200.499,200.268,200.412,0
2026-07-24 19:00:00,2026-07-24 16:00:00,2026-07-25 00:00:00,200.427,200.498,200.347,200.362,0
2026-07-24 20:00:00,2026-07-24 17:00:00,2026-07-25 01:00:00,200.359,200.385,200.165,200.176,0
2026-07-24 21:00:00,2026-07-24 18:00:00,2026-07-25 02:00:00,200.177,200.244,200.149,200.223,0
2026-07-24 22:00:00,2026-07-24 19:00:00,2026-07-25 03:00:00,200.234,200.247,200.168,200.207,0
2026-07-24 23:00:00,2026-07-24 20:00:00,2026-07-25 04:00:00,200.207,200.257,200.144,200.22,0
2026-07-25 00:00:00,2026-07-24 21:00:00,2026-07-25 05:00:00,200.233,200.233,200.233,200.233,0
2026-07-27 02:00:00,2026-07-26 23:00:00,2026-07-27 07:00:00,200.384,200.455,200.347,200.412,0
2026-07-27 03:00:00,2026-07-27 00:00:00,2026-07-27 08:00:00,200.426,200.862,200.401,200.75,0
2026-07-27 04:00:00,2026-07-27 01:00:00,2026-07-27 09:00:00,200.739,200.842,200.683,200.829,0
2026-07-27 05:00:00,2026-07-27 02:00:00,2026-07-27 10:00:00,200.841,200.847,200.693,200.72,0
2026-07-27 06:00:00,2026-07-27 03:00:00,2026-07-27 11:00:00,200.724,200.76,200.644,200.693,0
2026-07-27 07:00:00,2026-07-27 04:00:00,2026-07-27 12:00:00,200.706,200.717,200.631,200.672,0
2026-07-27 08:00:00,2026-07-27 05:00:00,2026-07-27 13:00:00,200.672,200.738,200.617,200.663,0
2026-07-27 09:00:00,2026-07-27 06:00:00,2026-07-27 14:00:00,200.65,200.929,200.645,200.709,0
2026-07-27 10:00:00,2026-07-27 07:00:00,2026-07-27 15:00:00,200.716,200.755,200.499,200.563,0
2026-07-27 11:00:00,2026-07-27 08:00:00,2026-07-27 16:00:00,200.552,200.674,200.497,200.635,0
2026-07-27 12:00:00,2026-07-27 09:00:00,2026-07-27 17:00:00,200.641,200.761,200.597,200.662,0
2026-07-27 13:00:00,2026-07-27 10:00:00,2026-07-27 18:00:00,200.642,200.819,200.63,200.705,0
2026-07-27 14:00:00,2026-07-27 11:00:00,2026-07-27 19:00:00,200.695,200.796,200.652,200.7,0
2026-07-27 15:00:00,2026-07-27 12:00:00,2026-07-27 20:00:00,200.687,200.788,200.455,200.498,0
2026-07-27 16:00:00,2026-07-27 13:00:00,2026-07-27 21:00:00,200.487,200.499,199.923,200.072,0
2026-07-27 17:00:00,2026-07-27 14:00:00,2026-07-27 22:00:00,200.061,200.198,199.913,199.967,0
2026-07-27 18:00:00,2026-07-27 15:00:00,2026-07-27 23:00:00,199.966,200.01,199.876,199.964,0
2026-07-27 19:00:00,2026-07-27 16:00:00,2026-07-28 00:00:00,199.966,200.08,199.894,200.043,0
2026-07-27 20:00:00,2026-07-27 17:00:00,2026-07-28 01:00:00,200.043,200.054,199.844,199.909,0
2026-07-27 21:00:00,2026-07-27 18:00:00,2026-07-28 02:00:00,199.902,199.967,199.858,199.959,0
2026-07-27 22:00:00,2026-07-27 19:00:00,2026-07-28 03:00:00,199.959,199.966,199.827,199.874,0
2026-07-27 23:00:00,2026-07-27 20:00:00,2026-07-28 04:00:00,199.874,199.911,199.815,199.871,0
2026-07-28 00:00:00,2026-07-27 21:00:00,2026-07-28 05:00:00,200.057,200.092,199.885,199.952,0
2026-07-28 01:00:00,2026-07-27 22:00:00,2026-07-28 06:00:00,199.844,199.922,199.795,199.804,0
2026-07-28 02:00:00,2026-07-27 23:00:00,2026-07-28 07:00:00,199.827,199.909,199.778,199.845,0
2026-07-28 03:00:00,2026-07-28 00:00:00,2026-07-28 08:00:00,199.864,200.035,199.81,199.968,0
2026-07-28 04:00:00,2026-07-28 01:00:00,2026-07-28 09:00:00,199.985,200.079,199.889,199.951,0
2026-07-28 05:00:00,2026-07-28 02:00:00,2026-07-28 10:00:00,199.935,199.998,199.881,199.952,0
2026-07-28 06:00:00,2026-07-28 03:00:00,2026-07-28 11:00:00,199.952,200.041,199.93,199.998,0
2026-07-28 07:00:00,2026-07-28 04:00:00,2026-07-28 12:00:00,199.978,199.999,199.848,199.881,0
2026-07-28 08:00:00,2026-07-28 05:00:00,2026-07-28 13:00:00,199.882,199.892,199.764,199.822,0
2026-07-28 09:00:00,2026-07-28 06:00:00,2026-07-28 14:00:00,199.821,199.944,199.743,199.78,0
2026-07-28 10:00:00,2026-07-28 07:00:00,2026-07-28 15:00:00,199.764,199.909,199.727,199.738,0
2026-07-28 11:00:00,2026-07-28 08:00:00,2026-07-28 16:00:00,199.738,199.968,199.727,199.934,0
2026-07-28 12:00:00,2026-07-28 09:00:00,2026-07-28 17:00:00,199.933,199.959,199.752,199.782,0
2026-07-28 13:00:00,2026-07-28 10:00:00,2026-07-28 18:00:00,199.778,199.95,199.75,199.871,0
2026-07-28 14:00:00,2026-07-28 11:00:00,2026-07-28 19:00:00,199.87,200.036,199.783,200.006,0
2026-07-28 15:00:00,2026-07-28 12:00:00,2026-07-28 20:00:00,199.997,200.009,199.757,199.936,0
2026-07-28 16:00:00,2026-07-28 13:00:00,2026-07-28 21:00:00,199.927,200.146,199.921,200.037,0
2026-07-28 17:00:00,2026-07-28 14:00:00,2026-07-28 22:00:00,200.087,200.255,200.048,200.213,0
2026-07-28 18:00:00,2026-07-28 15:00:00,2026-07-28 23:00:00,200.215,200.369,200.095,200.283,0
2026-07-28 19:00:00,2026-07-28 16:00:00,2026-07-29 00:00:00,200.284,200.374,200.175,200.212,0
2026-07-28 20:00:00,2026-07-28 17:00:00,2026-07-29 01:00:00,200.208,200.234,200.075,200.107,0
2026-07-28 21:00:00,2026-07-28 18:00:00,2026-07-29 02:00:00,200.107,200.142,200.01,200.049,0
2026-07-28 22:00:00,2026-07-28 19:00:00,2026-07-29 03:00:00,200.057,200.104,199.962,199.962,0
2026-07-28 23:00:00,2026-07-28 20:00:00,2026-07-29 04:00:00,199.963,200.103,199.92,200.084,0
2026-07-29 00:00:00,2026-07-28 21:00:00,2026-07-29 05:00:00,200.078,200.291,199.891,199.955,0
2026-07-29 01:00:00,2026-07-28 22:00:00,2026-07-29 06:00:00,199.955,200.004,199.879,199.897,0
2026-07-29 02:00:00,2026-07-28 23:00:00,2026-07-29 07:00:00,199.891,199.958,199.858,199.937,0
2026-07-29 03:00:00,2026-07-29 00:00:00,2026-07-29 08:00:00,199.937,199.962,199.77,199.85,0
2026-07-29 04:00:00,2026-07-29 01:00:00,2026-07-29 09:00:00,199.877,200.036,199.822,200.013,0
2026-07-29 05:00:00,2026-07-29 02:00:00,2026-07-29 10:00:00,200.014,200.092,199.947,200.075,0
2026-07-29 06:00:00,2026-07-29 03:00:00,2026-07-29 11:00:00,200.056,200.132,199.991,200.033,0
2026-07-29 07:00:00,2026-07-29 04:00:00,2026-07-29 12:00:00,200.03,200.078,199.826,199.924,0
2026-07-29 08:00:00,2026-07-29 05:00:00,2026-07-29 13:00:00,199.924,200.008,199.864,199.918,0
2026-07-29 09:00:00,2026-07-29 06:00:00,2026-07-29 14:00:00,199.918,199.972,199.766,199.814,0
2026-07-29 10:00:00,2026-07-29 07:00:00,2026-07-29 15:00:00,199.811,199.971,199.779,199.906,0
2026-07-29 11:00:00,2026-07-29 08:00:00,2026-07-29 16:00:00,199.894,199.927,199.635,199.708,0
2026-07-29 12:00:00,2026-07-29 09:00:00,2026-07-29 17:00:00,199.72,199.754,199.513,199.557,0
2026-07-29 13:00:00,2026-07-29 10:00:00,2026-07-29 18:00:00,199.544,199.627,199.493,199.592,0
2026-07-29 14:00:00,2026-07-29 11:00:00,2026-07-29 19:00:00,199.574,199.697,199.561,199.645,0
2026-07-29 15:00:00,2026-07-29 12:00:00,2026-07-29 20:00:00,199.633,199.825,199.545,199.803,0
2026-07-29 16:00:00,2026-07-29 13:00:00,2026-07-29 21:00:00,199.804,200.114,199.732,200.071,0
2026-07-29 17:00:00,2026-07-29 14:00:00,2026-07-29 22:00:00,200.079,200.126,199.738,199.762,0
2026-07-29 18:00:00,2026-07-29 15:00:00,2026-07-29 23:00:00,199.748,199.868,199.697,199.834,0
2026-07-29 19:00:00,2026-07-29 16:00:00,2026-07-30 00:00:00,199.816,199.848,199.678,199.767,0
2026-07-29 20:00:00,2026-07-29 17:00:00,2026-07-30 01:00:00,199.757,199.843,199.715,199.807,0
2026-07-29 21:00:00,2026-07-29 18:00:00,2026-07-30 02:00:00,199.812,200.429,199.721,200.385,0
2026-07-29 22:00:00,2026-07-29 19:00:00,2026-07-30 03:00:00,200.381,200.704,200.346,200.532,0
2026-07-29 23:00:00,2026-07-29 20:00:00,2026-07-30 04:00:00,200.534,200.951,200.533,200.718,0
2026-07-30 00:00:00,2026-07-29 21:00:00,2026-07-30 05:00:00,200.643,200.817,200.51,200.679,0
2026-07-30 01:00:00,2026-07-29 22:00:00,2026-07-30 06:00:00,200.726,200.874,200.701,200.734,0
2026-07-30 02:00:00,2026-07-29 23:00:00,2026-07-30 07:00:00,200.737,200.791,200.688,200.731,0
2026-07-30 03:00:00,2026-07-30 00:00:00,2026-07-30 08:00:00,200.749,200.757,200.535,200.681,0
2026-07-30 04:00:00,2026-07-30 01:00:00,2026-07-30 09:00:00,200.667,200.709,200.526,200.578,0
2026-07-30 05:00:00,2026-07-30 02:00:00,2026-07-30 10:00:00,200.582,200.586,200.505,200.552,0
2026-07-30 06:00:00,2026-07-30 03:00:00,2026-07-30 11:00:00,200.536,200.59,200.441,200.441,0
2026-07-30 07:00:00,2026-07-30 04:00:00,2026-07-30 12:00:00,200.441,200.514,200.405,200.441,0
2026-07-30 08:00:00,2026-07-30 05:00:00,2026-07-30 13:00:00,200.441,200.594,200.431,200.486,0
2026-07-30 09:00:00,2026-07-30 06:00:00,2026-07-30 14:00:00,200.47,200.596,200.424,200.565,0
2026-07-30 10:00:00,2026-07-30 07:00:00,2026-07-30 15:00:00,200.565,200.667,200.263,200.33,0
2026-07-30 11:00:00,2026-07-30 08:00:00,2026-07-30 16:00:00,200.33,200.715,200.307,200.481,0
2026-07-30 12:00:00,2026-07-30 09:00:00,2026-07-30 17:00:00,200.473,200.696,200.41,200.579,0
2026-07-30 13:00:00,2026-07-30 10:00:00,2026-07-30 18:00:00,200.572,200.59,199.79,200.299,0
2026-07-30 14:00:00,2026-07-30 11:00:00,2026-07-30 19:00:00,200.301,200.463,200.186,200.461,0
2026-07-30 15:00:00,2026-07-30 12:00:00,2026-07-30 20:00:00,200.451,200.665,200.306,200.432,0
2026-07-30 16:00:00,2026-07-30 13:00:00,2026-07-30 21:00:00,200.442,200.564,198.031,198.085,0
2026-07-30 17:00:00,2026-07-30 14:00:00,2026-07-30 22:00:00,198.085,198.299,196.01,197.2,0
2026-07-30 18:00:00,2026-07-30 15:00:00,2026-07-30 23:00:00,197.204,197.939,196.92,197.909,0
2026-07-30 19:00:00,2026-07-30 16:00:00,2026-07-31 00:00:00,197.901,198.316,197.895,198.263,0
2026-07-30 20:00:00,2026-07-30 17:00:00,2026-07-31 01:00:00,198.283,198.404,196.95,197.633,0
2026-07-30 21:00:00,2026-07-30 18:00:00,2026-07-31 02:00:00,197.6,197.727,197.483,197.636,0
2026-07-30 22:00:00,2026-07-30 19:00:00,2026-07-31 03:00:00,197.608,198.098,197.608,198.014,0
2026-07-30 23:00:00,2026-07-30 20:00:00,2026-07-31 04:00:00,198.002,198.213,197.95,198.131,0
2026-07-31 00:00:00,2026-07-30 21:00:00,2026-07-31 05:00:00,198.127,198.29,197.831,198.233,0
2026-07-31 01:00:00,2026-07-30 22:00:00,2026-07-31 06:00:00,198.156,198.371,197.961,198.293,0
2026-07-31 02:00:00,2026-07-30 23:00:00,2026-07-31 07:00:00,198.246,198.825,198.123,198.767,0
2026-07-31 03:00:00,2026-07-31 00:00:00,2026-07-31 08:00:00,198.777,199.28,198.706,199.116,0
2026-07-31 04:00:00,2026-07-31 01:00:00,2026-07-31 09:00:00,199.131,199.259,198.919,199.165,0
2026-07-31 05:00:00,2026-07-31 02:00:00,2026-07-31 10:00:00,199.164,199.2,198.816,198.92,0
2026-07-31 06:00:00,2026-07-31 03:00:00,2026-07-31 11:00:00,198.925,199.313,198.839,199.042,0
2026-07-31 07:00:00,2026-07-31 04:00:00,2026-07-31 12:00:00,199.024,199.172,198.973,199.058,0
2026-07-31 08:00:00,2026-07-31 05:00:00,2026-07-31 13:00:00,199.044,199.077,198.753,198.815,0
2026-07-31 09:00:00,2026-07-31 06:00:00,2026-07-31 14:00:00,198.797,198.975,198.362,198.719,0
2026-07-31 10:00:00,2026-07-31 07:00:00,2026-07-31 15:00:00,198.72,199.005,198.473,198.473,0
2026-07-31 11:00:00,2026-07-31 08:00:00,2026-07-31 16:00:00,198.472,198.652,196.671,197.085,0
2026-07-31 12:00:00,2026-07-31 09:00:00,2026-07-31 17:00:00,197.103,198.0,196.802,197.944,0
2026-07-31 13:00:00,2026-07-31 10:00:00,2026-07-31 18:00:00,197.944,198.039,197.689,197.733,0
2026-07-31 14:00:00,2026-07-31 11:00:00,2026-07-31 19:00:00,197.735,197.94,197.639,197.828,0
2026-07-31 15:00:00,2026-07-31 12:00:00,2026-07-31 20:00:00,197.818,197.916,197.7,197.827,0
2026-07-31 16:00:00,2026-07-31 13:00:00,2026-07-31 21:00:00,197.817,197.897,196.2,196.248,0
2026-07-31 17:00:00,2026-07-31 14:00:00,2026-07-31 22:00:00,196.259,197.08,195.587,196.825,0
2026-07-31 18:00:00,2026-07-31 15:00:00,2026-07-31 23:00:00,196.824,196.994,196.367,196.944,0
2026-07-31 19:00:00,2026-07-31 16:00:00,2026-08-01 00:00:00,196.93,197.016,196.752,197.013,0
2026-07-31 20:00:00,2026-07-31 17:00:00,2026-08-01 01:00:00,197.003,197.278,195.821,196.156,0
2026-07-31 21:00:00,2026-07-31 18:00:00,2026-08-01 02:00:00,196.186,196.771,196.007,196.572,0
2026-07-31 22:00:00,2026-07-31 19:00:00,2026-08-01 03:00:00,196.59,196.949,196.578,196.906,0
2026-07-31 23:00:00,2026-07-31 20:00:00,2026-08-01 04:00:00,196.905,196.916,194.859,194.859,0
2026-08-01 00:00:00,2026-07-31 21:00:00,2026-08-01 05:00:00,194.918,194.918,194.918,194.918,0
2026-08-03 02:00:00,2026-08-02 23:00:00,2026-08-03 07:00:00,194.902,195.594,194.662,195.244,0
2026-08-03 03:00:00,2026-08-03 00:00:00,2026-08-03 08:00:00,195.256,195.571,192.6,193.479,0
2026-08-03 04:00:00,2026-08-03 01:00:00,2026-08-03 09:00:00,193.464,193.723,192.646,193.299,0
2026-08-03 05:00:00,2026-08-03 02:00:00,2026-08-03 10:00:00,193.264,193.571,193.123,193.441,0
2026-08-03 06:00:00,2026-08-03 03:00:00,2026-08-03 11:00:00,193.436,193.554,193.179,193.424,0
2026-08-03 07:00:00,2026-08-03 04:00:00,2026-08-03 12:00:00,193.407,193.539,193.297,193.449,0
2026-08-03 08:00:00,2026-08-03 05:00:00,2026-08-03 13:00:00,193.453,193.564,193.362,193.479,0
2026-08-03 09:00:00,2026-08-03 06:00:00,2026-08-03 14:00:00,193.478,193.855,193.453,193.712,0
2026-08-03 10:00:00,2026-08-03 07:00:00,2026-08-03 15:00:00,193.691,193.941,193.589,193.915,0
2026-08-03 11:00:00,2026-08-03 08:00:00,2026-08-03 16:00:00,193.929,194.064,193.651,194.039,0
2026-08-03 12:00:00,2026-08-03 09:00:00,2026-08-03 17:00:00,194.05,194.425,193.993,194.22,0
2026-08-03 13:00:00,2026-08-03 10:00:00,2026-08-03 18:00:00,194.198,194.236,193.692,193.799,0
2026-08-03 14:00:00,2026-08-03 11:00:00,2026-08-03 19:00:00,193.809,194.037,193.618,193.875,0
2026-08-03 15:00:00,2026-08-03 12:00:00,2026-08-03 20:00:00,193.885,193.978,193.712,193.825,0
2026-08-03 16:00:00,2026-08-03 13:00:00,2026-08-03 21:00:00,193.827,193.893,193.105,193.368,0
2026-08-03 17:00:00,2026-08-03 14:00:00,2026-08-03 22:00:00,193.343,193.487,193.061,193.209,0
2026-08-03 18:00:00,2026-08-03 15:00:00,2026-08-03 23:00:00,193.211,193.706,193.136,193.64,0
2026-08-03 19:00:00,2026-08-03 16:00:00,2026-08-04 00:00:00,193.621,193.656,193.143,193.431,0
2026-08-03 20:00:00,2026-08-03 17:00:00,2026-08-04 01:00:00,193.451,193.548,193.392,193.519,0
2026-08-03 21:00:00,2026-08-03 18:00:00,2026-08-04 02:00:00,193.519,193.631,193.402,193.53,0
2026-08-03 22:00:00,2026-08-03 19:00:00,2026-08-04 03:00:00,193.523,193.734,193.484,193.716,0
2026-08-03 23:00:00,2026-08-03 20:00:00,2026-08-04 04:00:00,193.694,194.024,193.638,194.024,0
2026-08-04 00:00:00,2026-08-03 21:00:00,2026-08-04 05:00:00,194.011,194.273,193.896,194.121,0
2026-08-04 01:00:00,2026-08-03 22:00:00,2026-08-04 06:00:00,193.998,194.266,193.971,194.229,0
2026-08-04 02:00:00,2026-08-03 23:00:00,2026-08-04 07:00:00,194.232,194.542,194.116,194.363,0
2026-08-04 03:00:00,2026-08-04 00:00:00,2026-08-04 08:00:00,194.382,194.472,194.125,194.36,0
2026-08-04 04:00:00,2026-08-04 01:00:00,2026-08-04 09:00:00,194.36,194.592,194.346,194.567,0
2026-08-04 05:00:00,2026-08-04 02:00:00,2026-08-04 10:00:00,194.561,194.728,194.545,194.638,0
2026-08-04 06:00:00,2026-08-04 03:00:00,2026-08-04 11:00:00,194.632,194.652,194.422,194.537,0
2026-08-04 07:00:00,2026-08-04 04:00:00,2026-08-04 12:00:00,194.524,194.577,194.362,194.447,0
2026-08-04 08:00:00,2026-08-04 05:00:00,2026-08-04 13:00:00,194.435,194.609,194.375,194.584,0
2026-08-04 09:00:00,2026-08-04 06:00:00,2026-08-04 14:00:00,194.58,194.708,194.478,194.592,0
2026-08-04 10:00:00,2026-08-04 07:00:00,2026-08-04 15:00:00,194.591,194.806,194.551,194.759,0
2026-08-04 11:00:00,2026-08-04 08:00:00,2026-08-04 16:00:00,194.772,194.861,194.667,194.773,0
2026-08-04 12:00:00,2026-08-04 09:00:00,2026-08-04 17:00:00,194.775,194.958,194.76,194.9,0
2026-08-04 13:00:00,2026-08-04 10:00:00,2026-08-04 18:00:00,194.892,194.983,194.798,194.827,0
2026-08-04 14:00:00,2026-08-04 11:00:00,2026-08-04 19:00:00,194.827,194.934,194.569,194.654,0
2026-08-04 15:00:00,2026-08-04 12:00:00,2026-08-04 20:00:00,194.653,194.864,194.447,194.734,0
2026-08-04 16:00:00,2026-08-04 13:00:00,2026-08-04 21:00:00,194.733,194.765,194.445,194.715,0
2026-08-04 17:00:00,2026-08-04 14:00:00,2026-08-04 22:00:00,194.719,194.878,194.623,194.781,0
2026-08-04 18:00:00,2026-08-04 15:00:00,2026-08-04 23:00:00,194.787,194.837,194.418,194.552,0
2026-08-04 19:00:00,2026-08-04 16:00:00,2026-08-05 00:00:00,194.556,194.57,194.404,194.474,0
2026-08-04 20:00:00,2026-08-04 17:00:00,2026-08-05 01:00:00,194.474,194.621,194.466,194.547,0
2026-08-04 21:00:00,2026-08-04 18:00:00,2026-08-05 02:00:00,194.564,194.844,194.534,194.801,0
2026-08-04 22:00:00,2026-08-04 19:00:00,2026-08-05 03:00:00,194.785,195.003,194.785,194.931,0
2026-08-04 23:00:00,2026-08-04 20:00:00,2026-08-05 04:00:00,194.924,194.993,194.886,194.886,0
2026-08-05 00:00:00,2026-08-04 21:00:00,2026-08-05 05:00:00,194.897,194.99,194.854,194.969,0
2026-08-05 01:00:00,2026-08-04 22:00:00,2026-08-05 06:00:00,194.927,194.986,194.839,194.875,0
2026-08-05 02:00:00,2026-08-04 23:00:00,2026-08-05 07:00:00,194.903,194.967,194.836,194.869,0
2026-08-05 03:00:00,2026-08-05 00:00:00,2026-08-05 08:00:00,194.866,194.978,194.67,194.754,0
2026-08-05 04:00:00,2026-08-05 01:00:00,2026-08-05 09:00:00,194.754,194.873,194.702,194.837,0
2026-08-05 05:00:00,2026-08-05 02:00:00,2026-08-05 10:00:00,194.856,194.934,194.681,194.821,0
2026-08-05 06:00:00,2026-08-05 03:00:00,2026-08-05 11:00:00,194.835,195.015,194.796,194.87,0
2026-08-05 07:00:00,2026-08-05 04:00:00,2026-08-05 12:00:00,194.85,195.066,194.811,195.033,0
2026-08-05 08:00:00,2026-08-05 05:00:00,2026-08-05 13:00:00,195.052,195.104,194.971,195.049,0
2026-08-05 09:00:00,2026-08-05 06:00:00,2026-08-05 14:00:00,195.066,195.157,194.867,195.131,0
2026-08-05 10:00:00,2026-08-05 07:00:00,2026-08-05 15:00:00,195.112,195.163,194.842,194.891,0
2026-08-05 11:00:00,2026-08-05 08:00:00,2026-08-05 16:00:00,194.901,195.082,194.82,194.859,0
2026-08-05 12:00:00,2026-08-05 09:00:00,2026-08-05 17:00:00,194.87,194.992,194.826,194.926,0
2026-08-05 13:00:00,2026-08-05 10:00:00,2026-08-05 18:00:00,194.926,194.961,194.753,194.794,0
2026-08-05 14:00:00,2026-08-05 11:00:00,2026-08-05 19:00:00,194.781,194.905,194.71,194.855,0
2026-08-05 15:00:00,2026-08-05 12:00:00,2026-08-05 20:00:00,194.851,194.898,194.66,194.715,0
2026-08-05 16:00:00,2026-08-05 13:00:00,2026-08-05 21:00:00,194.714,194.962,194.668,194.933,0
2026-08-05 17:00:00,2026-08-05 14:00:00,2026-08-05 22:00:00,194.931,195.244,194.859,195.183,0
2026-08-05 18:00:00,2026-08-05 15:00:00,2026-08-05 23:00:00,195.187,195.246,195.076,195.161,0
2026-08-05 19:00:00,2026-08-05 16:00:00,2026-08-06 00:00:00,195.175,195.316,195.1,195.266,0
2026-08-05 20:00:00,2026-08-05 17:00:00,2026-08-06 01:00:00,195.245,195.426,195.204,195.405,0
2026-08-05 21:00:00,2026-08-05 18:00:00,2026-08-06 02:00:00,195.417,195.438,195.346,195.372,0
2026-08-05 22:00:00,2026-08-05 19:00:00,2026-08-06 03:00:00,195.372,195.399,195.246,195.37,0
2026-08-05 23:00:00,2026-08-05 20:00:00,2026-08-06 04:00:00,195.365,195.481,195.353,195.375,0
2026-08-06 00:00:00,2026-08-05 21:00:00,2026-08-06 05:00:00,195.252,195.466,195.236,195.347,0
2026-08-06 01:00:00,2026-08-05 22:00:00,2026-08-06 06:00:00,195.358,195.424,195.338,195.366,0
2026-08-06 02:00:00,2026-08-05 23:00:00,2026-08-06 07:00:00,195.358,195.408,195.279,195.362,0
2026-08-06 03:00:00,2026-08-06 00:00:00,2026-08-06 08:00:00,195.347,195.617,195.335,195.534,0
2026-08-06 04:00:00,2026-08-06 01:00:00,2026-08-06 09:00:00,195.534,195.586,195.44,195.519,0
2026-08-06 05:00:00,2026-08-06 02:00:00,2026-08-06 10:00:00,195.538,195.577,195.452,195.529,0
2026-08-06 06:00:00,2026-08-06 03:00:00,2026-08-06 11:00:00,195.51,195.565,195.349,195.378,0
2026-08-06 07:00:00,2026-08-06 04:00:00,2026-08-06 12:00:00,195.38,195.414,195.32,195.365,0
2026-08-06 08:00:00,2026-08-06 05:00:00,2026-08-06 13:00:00,195.348,195.421,195.292,195.393,0
2026-08-06 09:00:00,2026-08-06 06:00:00,2026-08-06 14:00:00,195.39,195.425,195.209,195.231,0
2026-08-06 10:00:00,2026-08-06 07:00:00,2026-08-06 15:00:00,195.245,195.272,195.144,195.215,0
2026-08-06 11:00:00,2026-08-06 08:00:00,2026-08-06 16:00:00,195.203,195.274,195.123,195.182,0
2026-08-06 12:00:00,2026-08-06 09:00:00,2026-08-06 17:00:00,195.182,195.222,194.957,195.018,0
2026-08-06 13:00:00,2026-08-06 10:00:00,2026-08-06 18:00:00,195.017,195.066,194.906,195.007,0
2026-08-06 14:00:00,2026-08-06 11:00:00,2026-08-06 19:00:00,195.006,195.099,194.896,194.931,0
2026-08-06 15:00:00,2026-08-06 12:00:00,2026-08-06 20:00:00,194.932,195.053,194.881,194.975,0
2026-08-06 16:00:00,2026-08-06 13:00:00,2026-08-06 21:00:00,194.964,195.175,194.877,195.126,0
2026-08-06 17:00:00,2026-08-06 14:00:00,2026-08-06 22:00:00,195.125,195.473,195.068,195.246,0
2026-08-06 18:00:00,2026-08-06 15:00:00,2026-08-06 23:00:00,195.246,195.312,194.733,194.901,0
2026-08-06 19:00:00,2026-08-06 16:00:00,2026-08-07 00:00:00,194.883,195.138,194.678,195.109,0
2026-08-06 20:00:00,2026-08-06 17:00:00,2026-08-07 01:00:00,195.101,195.128,194.85,194.975,0
2026-08-06 21:00:00,2026-08-06 18:00:00,2026-08-07 02:00:00,194.965,195.017,194.906,194.943,0
2026-08-06 22:00:00,2026-08-06 19:00:00,2026-08-07 03:00:00,194.93,195.033,194.914,194.996,0
2026-08-06 23:00:00,2026-08-06 20:00:00,2026-08-07 04:00:00,194.987,195.062,194.958,194.994,0
2026-08-07 00:00:00,2026-08-06 21:00:00,2026-08-07 05:00:00,195.027,195.166,194.92,195.04,0
2026-08-07 01:00:00,2026-08-06 22:00:00,2026-08-07 06:00:00,195.001,195.083,194.967,195.021,0
2026-08-07 02:00:00,2026-08-06 23:00:00,2026-08-07 07:00:00,195.005,195.02,194.923,195.009,0
2026-08-07 03:00:00,2026-08-07 00:00:00,2026-08-07 08:00:00,194.974,195.099,194.933,195.026,0
2026-08-07 04:00:00,2026-08-07 01:00:00,2026-08-07 09:00:00,195.028,195.081,194.741,194.845,0
2026-08-07 05:00:00,2026-08-07 02:00:00,2026-08-07 10:00:00,194.84,194.93,194.821,194.88,0
2026-08-07 06:00:00,2026-08-07 03:00:00,2026-08-07 11:00:00,194.88,194.972,194.86,194.949,0
2026-08-07 07:00:00,2026-08-07 04:00:00,2026-08-07 12:00:00,194.922,194.961,194.875,194.908,0
2026-08-07 08:00:00,2026-08-07 05:00:00,2026-08-07 13:00:00,194.91,194.94,194.832,194.857,0
2026-08-07 09:00:00,2026-08-07 06:00:00,2026-08-07 14:00:00,194.861,195.064,194.838,195.05,0
2026-08-07 10:00:00,2026-08-07 07:00:00,2026-08-07 15:00:00,195.038,195.265,194.965,195.185,0
2026-08-07 11:00:00,2026-08-07 08:00:00,2026-08-07 16:00:00,195.205,195.328,195.175,195.209,0
2026-08-07 12:00:00,2026-08-07 09:00:00,2026-08-07 17:00:00,195.213,195.45,195.206,195.407,0
2026-08-07 13:00:00,2026-08-07 10:00:00,2026-08-07 18:00:00,195.407,195.502,195.303,195.382,0
2026-08-07 14:00:00,2026-08-07 11:00:00,2026-08-07 19:00:00,195.367,195.466,195.342,195.414,0
2026-08-07 15:00:00,2026-08-07 12:00:00,2026-08-07 20:00:00,195.416,195.483,194.188,195.011,0
2026-08-07 16:00:00,2026-08-07 13:00:00,2026-08-07 21:00:00,195.015,195.279,194.884,195.174,0
2026-08-07 17:00:00,2026-08-07 14:00:00,2026-08-07 22:00:00,195.184,195.454,195.106,195.376,0
2026-08-07 18:00:00,2026-08-07 15:00:00,2026-08-07 23:00:00,195.363,195.464,194.973,195.029,0
2026-08-07 19:00:00,2026-08-07 16:00:00,2026-08-08 00:00:00,195.043,195.093,194.806,194.936,0
2026-08-07 20:00:00,2026-08-07 17:00:00,2026-08-08 01:00:00,194.947,195.009,194.872,194.976,0
2026-08-07 21:00:00,2026-08-07 18:00:00,2026-08-08 02:00:00,194.986,195.157,194.955,195.083,0
2026-08-07 22:00:00,2026-08-07 19:00:00,2026-08-08 03:00:00,195.095,195.226,195.014,195.1,0
2026-08-07 23:00:00,2026-08-07 20:00:00,2026-08-08 04:00:00,195.118,195.395,195.073,195.281,0
2026-08-08 00:00:00,2026-08-07 21:00:00,2026-08-08 05:00:00,195.274,195.274,195.274,195.274,0
2026-08-10 02:00:00,2026-08-09 23:00:00,2026-08-10 07:00:00,195.374,195.411,195.271,195.331,0
2026-08-10 03:00:00,2026-08-10 00:00:00,2026-08-10 08:00:00,195.33,195.425,195.28,195.409,0
2026-08-10 04:00:00,2026-08-10 01:00:00,2026-08-10 09:00:00,195.396,195.737,195.383,195.713,0
2026-08-10 05:00:00,2026-08-10 02:00:00,2026-08-10 10:00:00,195.689,195.732,195.58,195.591,0
2026-08-10 06:00:00,2026-08-10 03:00:00,2026-08-10 11:00:00,195.59,195.614,195.474,195.495,0
2026-08-10 07:00:00,2026-08-10 04:00:00,2026-08-10 12:00:00,195.478,195.69,195.478,195.67,0
2026-08-10 08:00:00,2026-08-10 05:00:00,2026-08-10 13:00:00,195.668,195.755,195.617,195.75,0
2026-08-10 09:00:00,2026-08-10 06:00:00,2026-08-10 14:00:00,195.75,195.978,195.729,195.928,0
2026-08-10 10:00:00,2026-08-10 07:00:00,2026-08-10 15:00:00,195.912,196.386,195.875,196.359,0
2026-08-10 11:00:00,2026-08-10 08:00:00,2026-08-10 16:00:00,196.343,196.371,196.207,196.327,0
2026-08-10 12:00:00,2026-08-10 09:00:00,2026-08-10 17:00:00,196.327,196.601,196.32,196.528,0
2026-08-10 13:00:00,2026-08-10 10:00:00,2026-08-10 18:00:00,196.52,196.566,196.358,196.374,0
2026-08-10 14:00:00,2026-08-10 11:00:00,2026-08-10 19:00:00,196.375,196.515,196.3,196.421,0
2026-08-10 15:00:00,2026-08-10 12:00:00,2026-08-10 20:00:00,196.406,196.431,196.015,196.369,0
2026-08-10 16:00:00,2026-08-10 13:00:00,2026-08-10 21:00:00,196.36,196.441,196.224,196.329,0
2026-08-10 17:00:00,2026-08-10 14:00:00,2026-08-10 22:00:00,196.31,196.587,196.262,196.523,0
2026-08-10 18:00:00,2026-08-10 15:00:00,2026-08-10 23:00:00,196.521,196.549,196.31,196.425,0
2026-08-10 19:00:00,2026-08-10 16:00:00,2026-08-11 00:00:00,196.426,196.537,196.381,196.43,0
2026-08-10 20:00:00,2026-08-10 17:00:00,2026-08-11 01:00:00,196.444,196.509,196.403,196.45,0
2026-08-10 21:00:00,2026-08-10 18:00:00,2026-08-11 02:00:00,196.437,196.667,196.403,196.553,0
2026-08-10 22:00:00,2026-08-10 19:00:00,2026-08-11 03:00:00,196.541,196.694,196.495,196.645,0
2026-08-10 23:00:00,2026-08-10 20:00:00,2026-08-11 04:00:00,196.626,196.682,196.55,196.568,0
2026-08-11 00:00:00,2026-08-10 21:00:00,2026-08-11 05:00:00,196.634,196.761,196.544,196.597,0
2026-08-11 01:00:00,2026-08-10 22:00:00,2026-08-11 06:00:00,196.55,196.636,196.511,196.573,0
2026-08-11 02:00:00,2026-08-10 23:00:00,2026-08-11 07:00:00,196.533,196.605,196.472,196.514,0
2026-08-11 03:00:00,2026-08-11 00:00:00,2026-08-11 08:00:00,196.498,196.577,196.304,196.528,0
2026-08-11 04:00:00,2026-08-11 01:00:00,2026-08-11 09:00:00,196.529,196.575,196.429,196.528,0
2026-08-11 05:00:00,2026-08-11 02:00:00,2026-08-11 10:00:00,196.521,196.598,196.479,196.513,0
2026-08-11 06:00:00,2026-08-11 03:00:00,2026-08-11 11:00:00,196.491,196.529,196.428,196.463,0
2026-08-11 07:00:00,2026-08-11 04:00:00,2026-08-11 12:00:00,196.486,196.525,196.427,196.479,0
2026-08-11 08:00:00,2026-08-11 05:00:00,2026-08-11 13:00:00,196.458,196.495,196.406,196.442,0
2026-08-11 09:00:00,2026-08-11 06:00:00,2026-08-11 14:00:00,196.457,196.481,196.264,196.35,0
2026-08-11 10:00:00,2026-08-11 07:00:00,2026-08-11 15:00:00,196.35,196.589,196.341,196.441,0
2026-08-11 11:00:00,2026-08-11 08:00:00,2026-08-11 16:00:00,196.449,196.494,196.368,196.476,0
2026-08-11 12:00:00,2026-08-11 09:00:00,2026-08-11 17:00:00,196.477,196.519,196.319,196.39,0
2026-08-11 13:00:00,2026-08-11 10:00:00,2026-08-11 18:00:00,196.383,196.523,196.292,196.348,0
2026-08-11 14:00:00,2026-08-11 11:00:00,2026-08-11 19:00:00,196.334,196.408,196.282,196.361,0
2026-08-11 15:00:00,2026-08-11 12:00:00,2026-08-11 20:00:00,196.361,196.541,196.333,196.451,0
2026-08-11 16:00:00,2026-08-11 13:00:00,2026-08-11 21:00:00,196.441,196.525,196.4,196.485,0
2026-08-11 17:00:00,2026-08-11 14:00:00,2026-08-11 22:00:00,196.5,196.507,196.356,196.397,0
2026-08-11 18:00:00,2026-08-11 15:00:00,2026-08-11 23:00:00,196.409,196.415,196.241,196.375,0
2026-08-11 19:00:00,2026-08-11 16:00:00,2026-08-12 00:00:00,196.352,196.379,196.279,196.294,0
2026-08-11 20:00:00,2026-08-11 17:00:00,2026-08-12 01:00:00,196.303,196.324,196.18,196.235,0
2026-08-11 21:00:00,2026-08-11 18:00:00,2026-08-12 02:00:00,196.224,196.458,196.174,196.336,0
2026-08-11 22:00:00,2026-08-11 19:00:00,2026-08-12 03:00:00,196.319,196.468,196.283,196.453,0
2026-08-11 23:00:00,2026-08-11 20:00:00,2026-08-12 04:00:00,196.453,196.48,196.368,196.382,0
2026-08-12 00:00:00,2026-08-11 21:00:00,2026-08-12 05:00:00,196.381,196.461,196.323,196.34,0
2026-08-12 01:00:00,2026-08-11 22:00:00,2026-08-12 06:00:00,196.403,196.463,196.358,196.388,0
2026-08-12 02:00:00,2026-08-11 23:00:00,2026-08-12 07:00:00,196.397,196.402,196.332,196.35,0
2026-08-12 03:00:00,2026-08-12 00:00:00,2026-08-12 08:00:00,196.35,196.375,196.233,196.333,0
2026-08-12 04:00:00,2026-08-12 01:00:00,2026-08-12 09:00:00,196.345,196.377,196.241,196.326,0
2026-08-12 05:00:00,2026-08-12 02:00:00,2026-08-12 10:00:00,196.323,196.431,196.291,196.356,0
2026-08-12 06:00:00,2026-08-12 03:00:00,2026-08-12 11:00:00,196.355,196.417,196.273,196.305,0
2026-08-12 07:00:00,2026-08-12 04:00:00,2026-08-12 12:00:00,196.288,196.323,196.229,196.284,0
2026-08-12 08:00:00,2026-08-12 05:00:00,2026-08-12 13:00:00,196.284,196.288,196.169,196.269,0
2026-08-12 09:00:00,2026-08-12 06:00:00,2026-08-12 14:00:00,196.272,196.396,196.208,196.361,0
2026-08-12 10:00:00,2026-08-12 07:00:00,2026-08-12 15:00:00,196.355,196.365,196.093,196.144,0
2026-08-12 11:00:00,2026-08-12 08:00:00,2026-08-12 16:00:00,196.159,196.163,195.977,195.998,0
2026-08-12 12:00:00,2026-08-12 09:00:00,2026-08-12 17:00:00,196.012,196.057,195.472,195.865,0
2026-08-12 13:00:00,2026-08-12 10:00:00,2026-08-12 18:00:00,195.865,195.964,195.785,195.889,0
2026-08-12 14:00:00,2026-08-12 11:00:00,2026-08-12 19:00:00,195.888,196.113,195.811,196.056,0
2026-08-12 15:00:00,2026-08-12 12:00:00,2026-08-12 20:00:00,196.056,196.206,195.786,196.107,0
2026-08-12 16:00:00,2026-08-12 13:00:00,2026-08-12 21:00:00,196.102,196.179,195.878,196.041,0
2026-08-12 17:00:00,2026-08-12 14:00:00,2026-08-12 22:00:00,196.048,196.249,196.04,196.19,0
2026-08-12 18:00:00,2026-08-12 15:00:00,2026-08-12 23:00:00,196.196,196.226,196.075,196.151,0
2026-08-12 19:00:00,2026-08-12 16:00:00,2026-08-13 00:00:00,196.14,196.159,196.023,196.068,0
2026-08-12 20:00:00,2026-08-12 17:00:00,2026-08-13 01:00:00,196.065,196.103,195.996,196.026,0
2026-08-12 21:00:00,2026-08-12 18:00:00,2026-08-13 02:00:00,196.019,196.079,195.96,195.992,0
2026-08-12 22:00:00,2026-08-12 19:00:00,2026-08-13 03:00:00,195.991,196.025,195.92,195.979,0
2026-08-12 23:00:00,2026-08-12 20:00:00,2026-08-13 04:00:00,195.992,196.006,195.864,195.989,0
2026-08-13 00:00:00,2026-08-12 21:00:00,2026-08-13 05:00:00,196.157,196.219,195.894,195.988,0
2026-08-13 01:00:00,2026-08-12 22:00:00,2026-08-13 06:00:00,195.937,195.986,195.909,195.946,0
2026-08-13 02:00:00,2026-08-12 23:00:00,2026-08-13 07:00:00,195.903,195.934,195.833,195.923,0
2026-08-13 03:00:00,2026-08-13 00:00:00,2026-08-13 08:00:00,195.904,196.053,195.886,195.977,0
2026-08-13 04:00:00,2026-08-13 01:00:00,2026-08-13 09:00:00,195.994,196.021,195.791,195.822,0
2026-08-13 05:00:00,2026-08-13 02:00:00,2026-08-13 10:00:00,195.838,195.929,195.813,195.871,0
2026-08-13 06:00:00,2026-08-13 03:00:00,2026-08-13 11:00:00,195.854,195.902,195.77,195.785,0
2026-08-13 07:00:00,2026-08-13 04:00:00,2026-08-13 12:00:00,195.778,195.854,195.592,195.669,0
2026-08-13 08:00:00,2026-08-13 05:00:00,2026-08-13 13:00:00,195.669,195.849,195.653,195.728,0
2026-08-13 09:00:00,2026-08-13 06:00:00,2026-08-13 14:00:00,195.728,195.842,195.697,195.819,0
2026-08-13 10:00:00,2026-08-13 07:00:00,2026-08-13 15:00:00,195.832,196.057,195.781,196.01,0
2026-08-13 11:00:00,2026-08-13 08:00:00,2026-08-13 16:00:00,196.01,196.155,195.976,196.077,0
2026-08-13 12:00:00,2026-08-13 09:00:00,2026-08-13 17:00:00,196.077,196.273,196.077,196.184,0
2026-08-13 13:00:00,2026-08-13 10:00:00,2026-08-13 18:00:00,196.173,196.315,196.103,196.204,0
2026-08-13 14:00:00,2026-08-13 11:00:00,2026-08-13 19:00:00,196.209,196.245,196.062,196.091,0
2026-08-13 15:00:00,2026-08-13 12:00:00,2026-08-13 20:00:00,196.082,196.149,195.916,196.114,0
2026-08-13 16:00:00,2026-08-13 13:00:00,2026-08-13 21:00:00,196.109,196.163,195.981,195.998,0
2026-08-13 17:00:00,2026-08-13 14:00:00,2026-08-13 22:00:00,195.994,196.13,195.928,196.065,0
2026-08-13 18:00:00,2026-08-13 15:00:00,2026-08-13 23:00:00,196.059,196.177,195.988,195.994,0
2026-08-13 19:00:00,2026-08-13 16:00:00,2026-08-14 00:00:00,196.007,196.13,195.933,196.121,0
2026-08-13 20:00:00,2026-08-13 17:00:00,2026-08-14 01:00:00,196.106,196.162,196.05,196.074,0
2026-08-13 21:00:00,2026-08-13 18:00:00,2026-08-14 02:00:00,196.075,196.107,195.951,195.963,0
2026-08-13 22:00:00,2026-08-13 19:00:00,2026-08-14 03:00:00,195.972,195.987,195.797,195.815,0
2026-08-13 23:00:00,2026-08-13 20:00:00,2026-08-14 04:00:00,195.827,195.933,195.763,195.868,0
2026-08-14 00:00:00,2026-08-13 21:00:00,2026-08-14 05:00:00,196.043,196.053,195.822,195.943,0
2026-08-14 01:00:00,2026-08-13 22:00:00,2026-08-14 06:00:00,195.89,195.928,195.865,195.873,0
2026-08-14 02:00:00,2026-08-13 23:00:00,2026-08-14 07:00:00,195.873,195.898,195.793,195.8,0
2026-08-14 03:00:00,2026-08-14 00:00:00,2026-08-14 08:00:00,195.812,195.913,195.772,195.842,0
2026-08-14 04:00:00,2026-08-14 01:00:00,2026-08-14 09:00:00,195.846,195.894,195.752,195.837,0
2026-08-14 05:00:00,2026-08-14 02:00:00,2026-08-14 10:00:00,195.836,195.883,195.78,195.814,0
2026-08-14 06:00:00,2026-08-14 03:00:00,2026-08-14 11:00:00,195.813,195.86,195.766,195.825,0
2026-08-14 07:00:00,2026-08-14 04:00:00,2026-08-14 12:00:00,195.825,195.881,195.8,195.859,0
2026-08-14 08:00:00,2026-08-14 05:00:00,2026-08-14 13:00:00,195.846,195.905,195.69,195.791,0
2026-08-14 09:00:00,2026-08-14 06:00:00,2026-08-14 14:00:00,195.791,195.809,195.606,195.722,0
2026-08-14 10:00:00,2026-08-14 07:00:00,2026-08-14 15:00:00,195.717,195.776,195.65,195.69,0
2026-08-14 11:00:00,2026-08-14 08:00:00,2026-08-14 16:00:00,195.679,195.729,195.457,195.644,0
2026-08-14 12:00:00,2026-08-14 09:00:00,2026-08-14 17:00:00,195.646,195.758,195.636,195.724,0
2026-08-14 13:00:00,2026-08-14 10:00:00,2026-08-14 18:00:00,195.733,195.798,195.617,195.775,0
2026-08-14 14:00:00,2026-08-14 11:00:00,2026-08-14 19:00:00,195.777,196.008,195.764,195.949,0
2026-08-14 15:00:00,2026-08-14 12:00:00,2026-08-14 20:00:00,195.949,196.019,195.615,195.771,0
2026-08-14 16:00:00,2026-08-14 13:00:00,2026-08-14 21:00:00,195.758,195.997,195.721,195.961,0
2026-08-14 17:00:00,2026-08-14 14:00:00,2026-08-14 22:00:00,195.959,196.035,195.856,195.979,0
2026-08-14 18:00:00,2026-08-14 15:00:00,2026-08-14 23:00:00,195.976,196.199,195.935,196.156,0
2026-08-14 19:00:00,2026-08-14 16:00:00,2026-08-15 00:00:00,196.156,196.237,196.083,196.119,0
2026-08-14 20:00:00,2026-08-14 17:00:00,2026-08-15 01:00:00,196.116,196.118,195.912,195.964,0
2026-08-14 21:00:00,2026-08-14 18:00:00,2026-08-15 02:00:00,195.947,196.043,195.942,196.004,0
2026-08-14 22:00:00,2026-08-14 19:00:00,2026-08-15 03:00:00,196.002,196.023,195.903,195.938,0
2026-08-14 23:00:00,2026-08-14 20:00:00,2026-08-15 04:00:00,195.941,195.975,195.787,195.85,0
2026-08-15 00:00:00,2026-08-14 21:00:00,2026-08-15 05:00:00,195.916,195.916,195.916,195.916,0
2026-08-17 02:00:00,2026-08-16 23:00:00,2026-08-17 07:00:00,195.771,195.935,195.749,195.898,0
2026-08-17 03:00:00,2026-08-17 00:00:00,2026-08-17 08:00:00,195.913,196.017,195.817,195.87,0
2026-08-17 04:00:00,2026-08-17 01:00:00,2026-08-17 09:00:00,195.856,195.944,195.827,195.922,0
2026-08-17 05:00:00,2026-08-17 02:00:00,2026-08-17 10:00:00,195.903,195.951,195.819,195.872,0
2026-08-17 06:00:00,2026-08-17 03:00:00,2026-08-17 11:00:00,195.872,196.034,195.872,196.011,0
2026-08-17 07:00:00,2026-08-17 04:00:00,2026-08-17 12:00:00,196.022,196.082,195.996,196.051,0
2026-08-17 08:00:00,2026-08-17 05:00:00,2026-08-17 13:00:00,196.052,196.084,195.937,196.073,0
2026-08-17 09:00:00,2026-08-17 06:00:00,2026-08-17 14:00:00,196.065,196.129,195.989,196.05,0
2026-08-17 10:00:00,2026-08-17 07:00:00,2026-08-17 15:00:00,196.057,196.686,196.001,196.638,0
2026-08-17 11:00:00,2026-08-17 08:00:00,2026-08-17 16:00:00,196.63,196.895,196.582,196.676,0
2026-08-17 12:00:00,2026-08-17 09:00:00,2026-08-17 17:00:00,196.665,196.768,196.546,196.569,0
2026-08-17 13:00:00,2026-08-17 10:00:00,2026-08-17 18:00:00,196.569,196.593,196.378,196.416,0
2026-08-17 14:00:00,2026-08-17 11:00:00,2026-08-17 19:00:00,196.404,196.637,196.363,196.617,0
2026-08-17 15:00:00,2026-08-17 12:00:00,2026-08-17 20:00:00,196.608,196.743,196.461,196.722,0
2026-08-17 16:00:00,2026-08-17 13:00:00,2026-08-17 21:00:00,196.739,197.014,196.667,196.866,0
2026-08-17 17:00:00,2026-08-17 14:00:00,2026-08-17 22:00:00,196.874,196.92,196.714,196.759,0
2026-08-17 18:00:00,2026-08-17 15:00:00,2026-08-17 23:00:00,196.759,196.825,196.688,196.81,0
2026-08-17 19:00:00,2026-08-17 16:00:00,2026-08-18 00:00:00,196.799,196.823,196.704,196.717,0
2026-08-17 20:00:00,2026-08-17 17:00:00,2026-08-18 01:00:00,196.704,196.732,196.521,196.557,0
2026-08-17 21:00:00,2026-08-17 18:00:00,2026-08-18 02:00:00,196.568,196.657,196.539,196.643,0
2026-08-17 22:00:00,2026-08-17 19:00:00,2026-08-18 03:00:00,196.646,196.664,196.572,196.639,0
2026-08-17 23:00:00,2026-08-17 20:00:00,2026-08-18 04:00:00,196.647,196.679,196.584,196.636,0
2026-08-18 00:00:00,2026-08-17 21:00:00,2026-08-18 05:00:00,196.849,196.9,196.516,196.557,0
2026-08-18 01:00:00,2026-08-17 22:00:00,2026-08-18 06:00:00,196.565,196.645,196.519,196.544,0
2026-08-18 02:00:00,2026-08-17 23:00:00,2026-08-18 07:00:00,196.548,196.568,196.482,196.517,0
2026-08-18 03:00:00,2026-08-18 00:00:00,2026-08-18 08:00:00,196.517,196.697,196.509,196.631,0
2026-08-18 04:00:00,2026-08-18 01:00:00,2026-08-18 09:00:00,196.613,196.706,196.557,196.637,0
2026-08-18 05:00:00,2026-08-18 02:00:00,2026-08-18 10:00:00,196.637,196.665,196.57,196.618,0
2026-08-18 06:00:00,2026-08-18 03:00:00,2026-08-18 11:00:00,196.637,196.66,196.549,196.577,0
2026-08-18 07:00:00,2026-08-18 04:00:00,2026-08-18 12:00:00,196.587,196.788,196.57,196.714,0
2026-08-18 08:00:00,2026-08-18 05:00:00,2026-08-18 13:00:00,196.696,196.754,196.645,196.714,0
2026-08-18 09:00:00,2026-08-18 06:00:00,2026-08-18 14:00:00,196.695,196.824,196.639,196.806,0
2026-08-18 10:00:00,2026-08-18 07:00:00,2026-08-18 15:00:00,196.816,197.001,196.752,196.881,0
2026-08-18 11:00:00,2026-08-18 08:00:00,2026-08-18 16:00:00,196.866,196.889,196.666,196.734,0
2026-08-18 12:00:00,2026-08-18 09:00:00,2026-08-18 17:00:00,196.734,196.766,196.59,196.627,0
2026-08-18 13:00:00,2026-08-18 10:00:00,2026-08-18 18:00:00,196.627,196.648,196.535,196.632,0
2026-08-18 14:00:00,2026-08-18 11:00:00,2026-08-18 19:00:00,196.617,196.643,196.5,196.558,0
2026-08-18 15:00:00,2026-08-18 12:00:00,2026-08-18 20:00:00,196.558,196.593,196.459,196.554,0
2026-08-18 16:00:00,2026-08-18 13:00:00,2026-08-18 21:00:00,196.542,196.64,196.386,196.575,0
2026-08-18 17:00:00,2026-08-18 14:00:00,2026-08-18 22:00:00,196.57,196.621,196.431,196.51,0
2026-08-18 18:00:00,2026-08-18 15:00:00,2026-08-18 23:00:00,196.51,196.573,196.368,196.492,0
2026-08-18 19:00:00,2026-08-18 16:00:00,2026-08-19 00:00:00,196.492,196.66,196.491,196.52,0
2026-08-18 20:00:00,2026-08-18 17:00:00,2026-08-19 01:00:00,196.535,196.535,196.443,196.496,0
2026-08-18 21:00:00,2026-08-18 18:00:00,2026-08-19 02:00:00,196.496,196.512,196.404,196.439,0
2026-08-18 22:00:00,2026-08-18 19:00:00,2026-08-19 03:00:00,196.435,196.511,196.394,196.449,0
2026-08-18 23:00:00,2026-08-18 20:00:00,2026-08-19 04:00:00,196.449,196.488,196.428,196.436,0
2026-08-19 00:00:00,2026-08-18 21:00:00,2026-08-19 05:00:00,196.415,196.559,196.264,196.538,0
2026-08-19 01:00:00,2026-08-18 22:00:00,2026-08-19 06:00:00,196.443,196.509,196.402,196.432,0
2026-08-19 02:00:00,2026-08-18 23:00:00,2026-08-19 07:00:00,196.435,196.455,196.331,196.404,0
2026-08-19 03:00:00,2026-08-19 00:00:00,2026-08-19 08:00:00,196.421,196.452,196.28,196.313,0
2026-08-19 04:00:00,2026-08-19 01:00:00,2026-08-19 09:00:00,196.297,196.408,196.22,196.374,0
2026-08-19 05:00:00,2026-08-19 02:00:00,2026-08-19 10:00:00,196.373,196.456,196.301,196.331,0
2026-08-19 06:00:00,2026-08-19 03:00:00,2026-08-19 11:00:00,196.332,196.474,196.331,196.425,0
2026-08-19 07:00:00,2026-08-19 04:00:00,2026-08-19 12:00:00,196.406,196.449,196.283,196.415,0
2026-08-19 08:00:00,2026-08-19 05:00:00,2026-08-19 13:00:00,196.402,196.42,196.258,196.35,0
2026-08-19 09:00:00,2026-08-19 06:00:00,2026-08-19 14:00:00,196.36,196.534,196.3,196.419,0
2026-08-19 10:00:00,2026-08-19 07:00:00,2026-08-19 15:00:00,196.428,196.442,196.228,196.261,0
2026-08-19 11:00:00,2026-08-19 08:00:00,2026-08-19 16:00:00,196.261,196.326,196.13,196.28,0
2026-08-19 12:00:00,2026-08-19 09:00:00,2026-08-19 17:00:00,196.267,196.427,196.262,196.338,0
2026-08-19 13:00:00,2026-08-19 10:00:00,2026-08-19 18:00:00,196.338,196.385,196.277,196.302,0
2026-08-19 14:00:00,2026-08-19 11:00:00,2026-08-19 19:00:00,196.302,196.418,196.285,196.402,0
2026-08-19 15:00:00,2026-08-19 12:00:00,2026-08-19 20:00:00,196.401,196.531,195.91,196.529,0
2026-08-19 16:00:00,2026-08-19 13:00:00,2026-08-19 21:00:00,196.512,197.485,196.465,197.392,0
2026-08-19 17:00:00,2026-08-19 14:00:00,2026-08-19 22:00:00,197.408,197.994,197.349,197.548,0
2026-08-19 18:00:00,2026-08-19 15:00:00,2026-08-19 23:00:00,197.561,198.275,197.512,198.081,0
2026-08-19 19:00:00,2026-08-19 16:00:00,2026-08-20 00:00:00,198.096,198.28,198.02,198.147,0
2026-08-19 20:00:00,2026-08-19 17:00:00,2026-08-20 01:00:00,198.124,198.218,198.095,198.133,0
2026-08-19 21:00:00,2026-08-19 18:00:00,2026-08-20 02:00:00,198.132,198.426,198.095,198.4,0
2026-08-19 22:00:00,2026-08-19 19:00:00,2026-08-20 03:00:00,198.402,198.469,198.206,198.318,0
2026-08-19 23:00:00,2026-08-19 20:00:00,2026-08-20 04:00:00,198.337,198.466,198.251,198.335,0
2026-08-20 00:00:00,2026-08-19 21:00:00,2026-08-20 05:00:00,198.219,198.349,198.105,198.242,0
2026-08-20 01:00:00,2026-08-19 22:00:00,2026-08-20 06:00:00,198.225,198.386,198.224,198.336,0
2026-08-20 02:00:00,2026-08-19 23:00:00,2026-08-20 07:00:00,198.313,198.427,198.312,198.364,0
2026-08-20 03:00:00,2026-08-20 00:00:00,2026-08-20 08:00:00,198.353,198.508,198.199,198.231,0
2026-08-20 04:00:00,2026-08-20 01:00:00,2026-08-20 09:00:00,198.229,198.328,198.016,198.288,0
2026-08-20 05:00:00,2026-08-20 02:00:00,2026-08-20 10:00:00,198.288,198.316,198.051,198.051,0
2026-08-20 06:00:00,2026-08-20 03:00:00,2026-08-20 11:00:00,198.051,198.194,198.043,198.13,0
2026-08-20 07:00:00,2026-08-20 04:00:00,2026-08-20 12:00:00,198.151,198.296,198.1,198.187,0
2026-08-20 08:00:00,2026-08-20 05:00:00,2026-08-20 13:00:00,198.191,198.338,198.179,198.29,0
2026-08-20 09:00:00,2026-08-20 06:00:00,2026-08-20 14:00:00,198.308,198.445,198.196,198.308,0
2026-08-20 10:00:00,2026-08-20 07:00:00,2026-08-20 15:00:00,198.308,198.486,198.075,198.421,0
2026-08-20 11:00:00,2026-08-20 08:00:00,2026-08-20 16:00:00,198.412,198.69,198.333,198.654,0
2026-08-20 12:00:00,2026-08-20 09:00:00,2026-08-20 17:00:00,198.654,198.996,198.587,198.958,0
2026-08-20 13:00:00,2026-08-20 10:00:00,2026-08-20 18:00:00,198.958,199.072,198.823,198.901,0
2026-08-20 14:00:00,2026-08-20 11:00:00,2026-08-20 19:00:00,198.901,199.026,198.645,198.713,0
2026-08-20 15:00:00,2026-08-20 12:00:00,2026-08-20 20:00:00,198.73,198.925,198.683,198.871,0
2026-08-20 16:00:00,2026-08-20 13:00:00,2026-08-20 21:00:00,198.867,198.91,198.616,198.734,0
2026-08-20 17:00:00,2026-08-20 14:00:00,2026-08-20 22:00:00,198.733,198.862,198.573,198.743,0
2026-08-20 18:00:00,2026-08-20 15:00:00,2026-08-20 23:00:00,198.734,198.89,198.514,198.594,0
2026-08-20 19:00:00,2026-08-20 16:00:00,2026-08-21 00:00:00,198.594,198.797,198.559,198.628,0
2026-08-20 20:00:00,2026-08-20 17:00:00,2026-08-21 01:00:00,198.628,198.706,198.549,198.682,0
2026-08-20 21:00:00,2026-08-20 18:00:00,2026-08-21 02:00:00,198.672,198.772,198.642,198.746,0
2026-08-20 22:00:00,2026-08-20 19:00:00,2026-08-21 03:00:00,198.739,198.793,198.685,198.751,0
2026-08-20 23:00:00,2026-08-20 20:00:00,2026-08-21 04:00:00,198.751,198.806,198.638,198.806,0
2026-08-21 00:00:00,2026-08-20 21:00:00,2026-08-21 05:00:00,198.77,198.77,198.627,198.68,0
2026-08-21 01:00:00,2026-08-20 22:00:00,2026-08-21 06:00:00,198.66,198.73,198.643,198.671,0
2026-08-21 02:00:00,2026-08-20 23:00:00,2026-08-21 07:00:00,198.667,198.736,198.619,198.683,0
2026-08-21 03:00:00,2026-08-21 00:00:00,2026-08-21 08:00:00,198.7,198.885,198.651,198.786,0
2026-08-21 04:00:00,2026-08-21 01:00:00,2026-08-21 09:00:00,198.786,198.923,198.785,198.8,0
2026-08-21 05:00:00,2026-08-21 02:00:00,2026-08-21 10:00:00,198.802,199.002,198.761,198.93,0
2026-08-21 06:00:00,2026-08-21 03:00:00,2026-08-21 11:00:00,198.93,198.97,198.804,198.808,0
2026-08-21 07:00:00,2026-08-21 04:00:00,2026-08-21 12:00:00,198.825,198.842,198.746,198.765,0
2026-08-21 08:00:00,2026-08-21 05:00:00,2026-08-21 13:00:00,198.781,198.807,198.688,198.76,0
2026-08-21 09:00:00,2026-08-21 06:00:00,2026-08-21 14:00:00,198.758,198.776,198.598,198.654,0
2026-08-21 10:00:00,2026-08-21 07:00:00,2026-08-21 15:00:00,198.655,198.711,198.324,198.433,0
2026-08-21 11:00:00,2026-08-21 08:00:00,2026-08-21 16:00:00,198.433,198.496,198.209,198.283,0
2026-08-21 12:00:00,2026-08-21 09:00:00,2026-08-21 17:00:00,198.283,198.498,198.183,198.406,0
2026-08-21 13:00:00,2026-08-21 10:00:00,2026-08-21 18:00:00,198.418,198.65,198.376,198.593,0
2026-08-21 14:00:00,2026-08-21 11:00:00,2026-08-21 19:00:00,198.59,198.661,198.377,198.503,0
2026-08-21 15:00:00,2026-08-21 12:00:00,2026-08-21 20:00:00,198.517,198.569,198.373,198.438,0
2026-08-21 16:00:00,2026-08-21 13:00:00,2026-08-21 21:00:00,198.452,198.536,198.376,198.436,0
2026-08-21 17:00:00,2026-08-21 14:00:00,2026-08-21 22:00:00,198.455,198.499,198.298,198.426,0
2026-08-21 18:00:00,2026-08-21 15:00:00,2026-08-21 23:00:00,198.436,198.479,198.246,198.431,0
2026-08-21 19:00:00,2026-08-21 16:00:00,2026-08-22 00:00:00,198.443,198.469,198.347,198.418,0
2026-08-21 20:00:00,2026-08-21 17:00:00,2026-08-22 01:00:00,198.418,198.495,198.406,198.469,0
2026-08-21 21:00:00,2026-08-21 18:00:00,2026-08-22 02:00:00,198.478,198.576,198.467,198.554,0
2026-08-21 22:00:00,2026-08-21 19:00:00,2026-08-22 03:00:00,198.558,198.578,198.442,198.494,0
2026-08-21 23:00:00,2026-08-21 20:00:00,2026-08-22 04:00:00,198.493,198.519,198.322,198.362,0
2026-08-22 00:00:00,2026-08-21 21:00:00,2026-08-22 05:00:00,198.378,198.378,198.378,198.378,0
2026-08-24 02:00:00,2026-08-23 23:00:00,2026-08-24 07:00:00,198.349,198.472,198.325,198.424,0
2026-08-24 03:00:00,2026-08-24 00:00:00,2026-08-24 08:00:00,198.424,198.542,198.327,198.433,0
2026-08-24 04:00:00,2026-08-24 01:00:00,2026-08-24 09:00:00,198.438,198.534,198.42,198.483,0
2026-08-24 05:00:00,2026-08-24 02:00:00,2026-08-24 10:00:00,198.503,198.574,198.466,198.535,0
2026-08-24 06:00:00,2026-08-24 03:00:00,2026-08-24 11:00:00,198.554,198.603,198.511,198.579,0
2026-08-24 07:00:00,2026-08-24 04:00:00,2026-08-24 12:00:00,198.563,198.584,198.422,198.516,0
2026-08-24 08:00:00,2026-08-24 05:00:00,2026-08-24 13:00:00,198.529,198.581,198.446,198.502,0
2026-08-24 09:00:00,2026-08-24 06:00:00,2026-08-24 14:00:00,198.502,198.537,198.329,198.495,0
2026-08-24 10:00:00,2026-08-24 07:00:00,2026-08-24 15:00:00,198.512,198.605,198.379,198.461,0
2026-08-24 11:00:00,2026-08-24 08:00:00,2026-08-24 16:00:00,198.461,198.516,198.351,198.424,0
2026-08-24 12:00:00,2026-08-24 09:00:00,2026-08-24 17:00:00,198.433,198.47,198.285,198.398,0
2026-08-24 13:00:00,2026-08-24 10:00:00,2026-08-24 18:00:00,198.414,198.464,198.274,198.31,0
2026-08-24 14:00:00,2026-08-24 11:00:00,2026-08-24 19:00:00,198.327,198.485,198.247,198.304,0
2026-08-24 15:00:00,2026-08-24 12:00:00,2026-08-24 20:00:00,198.285,198.32,198.081,198.154,0
2026-08-24 16:00:00,2026-08-24 13:00:00,2026-08-24 21:00:00,198.16,198.448,198.137,198.356,0
2026-08-24 17:00:00,2026-08-24 14:00:00,2026-08-24 22:00:00,198.341,198.45,198.24,198.33,0
2026-08-24 18:00:00,2026-08-24 15:00:00,2026-08-24 23:00:00,198.33,198.436,198.315,198.359,0
2026-08-24 19:00:00,2026-08-24 16:00:00,2026-08-25 00:00:00,198.359,198.391,198.233,198.258,0
2026-08-24 20:00:00,2026-08-24 17:00:00,2026-08-25 01:00:00,198.261,198.288,198.189,198.273,0
2026-08-24 21:00:00,2026-08-24 18:00:00,2026-08-25 02:00:00,198.271,198.378,198.256,198.342,0
2026-08-24 22:00:00,2026-08-24 19:00:00,2026-08-25 03:00:00,198.34,198.35,198.236,198.275,0
2026-08-24 23:00:00,2026-08-24 20:00:00,2026-08-25 04:00:00,198.283,198.31,198.17,198.285,0
2026-08-25 00:00:00,2026-08-24 21:00:00,2026-08-25 05:00:00,198.199,198.394,197.977,198.132,0
2026-08-25 01:00:00,2026-08-24 22:00:00,2026-08-25 06:00:00,198.133,198.314,198.12,198.261,0
2026-08-25 02:00:00,2026-08-24 23:00:00,2026-08-25 07:00:00,198.257,198.371,198.222,198.325,0
2026-08-25 03:00:00,2026-08-25 00:00:00,2026-08-25 08:00:00,198.322,198.446,198.274,198.421,0
2026-08-25 04:00:00,2026-08-25 01:00:00,2026-08-25 09:00:00,198.431,198.445,198.236,198.303,0
2026-08-25 05:00:00,2026-08-25 02:00:00,2026-08-25 10:00:00,198.291,198.37,198.236,198.342,0
2026-08-25 06:00:00,2026-08-25 03:00:00,2026-08-25 11:00:00,198.323,198.368,198.256,198.265,0
2026-08-25 07:00:00,2026-08-25 04:00:00,2026-08-25 12:00:00,198.265,198.297,198.073,198.161,0
2026-08-25 08:00:00,2026-08-25 05:00:00,2026-08-25 13:00:00,198.161,198.233,198.107,198.171,0
2026-08-25 09:00:00,2026-08-25 06:00:00,2026-08-25 14:00:00,198.156,198.339,198.136,198.227,0
2026-08-25 10:00:00,2026-08-25 07:00:00,2026-08-25 15:00:00,198.211,198.361,198.211,198.278,0
2026-08-25 11:00:00,2026-08-25 08:00:00,2026-08-25 16:00:00,198.289,198.531,198.275,198.504,0
2026-08-25 12:00:00,2026-08-25 09:00:00,2026-08-25 17:00:00,198.493,198.578,198.415,198.465,0
2026-08-25 13:00:00,2026-08-25 10:00:00,2026-08-25 18:00:00,198.465,198.536,198.323,198.397,0
2026-08-25 14:00:00,2026-08-25 11:00:00,2026-08-25 19:00:00,198.397,198.465,198.348,198.355,0
2026-08-25 15:00:00,2026-08-25 12:00:00,2026-08-25 20:00:00,198.355,198.465,198.317,198.455,0
2026-08-25 16:00:00,2026-08-25 13:00:00,2026-08-25 21:00:00,198.455,198.509,198.34,198.428,0
2026-08-25 17:00:00,2026-08-25 14:00:00,2026-08-25 22:00:00,198.427,198.538,198.322,198.36,0
2026-08-25 18:00:00,2026-08-25 15:00:00,2026-08-25 23:00:00,198.358,198.475,198.324,198.399,0
2026-08-25 19:00:00,2026-08-25 16:00:00,2026-08-26 00:00:00,198.399,198.46,198.356,198.451,0
2026-08-25 20:00:00,2026-08-25 17:00:00,2026-08-26 01:00:00,198.451,198.543,198.428,198.506,0
2026-08-25 21:00:00,2026-08-25 18:00:00,2026-08-26 02:00:00,198.506,198.552,198.461,198.517,0
2026-08-25 22:00:00,2026-08-25 19:00:00,2026-08-26 03:00:00,198.528,198.613,198.487,198.577,0
2026-08-25 23:00:00,2026-08-25 20:00:00,2026-08-26 04:00:00,198.579,198.722,198.537,198.549,0
2026-08-26 00:00:00,2026-08-25 21:00:00,2026-08-26 05:00:00,198.529,198.758,198.265,198.608,0
2026-08-26 01:00:00,2026-08-25 22:00:00,2026-08-26 06:00:00,198.608,198.71,198.458,198.628,0
2026-08-26 02:00:00,2026-08-25 23:00:00,2026-08-26 07:00:00,198.624,198.676,198.541,198.543,0
2026-08-26 03:00:00,2026-08-26 00:00:00,2026-08-26 08:00:00,198.575,198.617,198.43,198.506,0
2026-08-26 04:00:00,2026-08-26 01:00:00,2026-08-26 09:00:00,198.505,198.531,198.186,198.255,0
2026-08-26 05:00:00,2026-08-26 02:00:00,2026-08-26 10:00:00,198.258,198.274,198.049,198.052,0
2026-08-26 06:00:00,2026-08-26 03:00:00,2026-08-26 11:00:00,198.052,198.086,197.832,197.894,0
2026-08-26 07:00:00,2026-08-26 04:00:00,2026-08-26 12:00:00,197.904,197.942,197.861,197.899,0
2026-08-26 08:00:00,2026-08-26 05:00:00,2026-08-26 13:00:00,197.897,197.981,197.871,197.912,0
2026-08-26 09:00:00,2026-08-26 06:00:00,2026-08-26 14:00:00,197.915,197.985,197.867,197.915,0
2026-08-26 10:00:00,2026-08-26 07:00:00,2026-08-26 15:00:00,197.922,197.985,197.857,197.966,0
2026-08-26 11:00:00,2026-08-26 08:00:00,2026-08-26 16:00:00,197.984,198.002,197.818,197.854,0
2026-08-26 12:00:00,2026-08-26 09:00:00,2026-08-26 17:00:00,197.854,197.898,197.7,197.755,0
2026-08-26 13:00:00,2026-08-26 10:00:00,2026-08-26 18:00:00,197.756,197.876,197.731,197.781,0
2026-08-26 14:00:00,2026-08-26 11:00:00,2026-08-26 19:00:00,197.781,197.924,197.781,197.879,0
2026-08-26 15:00:00,2026-08-26 12:00:00,2026-08-26 20:00:00,197.876,197.918,197.571,197.788,0
2026-08-26 16:00:00,2026-08-26 13:00:00,2026-08-26 21:00:00,197.786,197.957,197.764,197.873,0
2026-08-26 17:00:00,2026-08-26 14:00:00,2026-08-26 22:00:00,197.872,197.929,197.684,197.708,0
2026-08-26 18:00:00,2026-08-26 15:00:00,2026-08-26 23:00:00,197.72,197.88,197.685,197.851,0
2026-08-26 19:00:00,2026-08-26 16:00:00,2026-08-27 00:00:00,197.838,197.888,197.769,197.868,0
2026-08-26 20:00:00,2026-08-26 17:00:00,2026-08-27 01:00:00,197.868,197.953,197.853,197.921,0
2026-08-26 21:00:00,2026-08-26 18:00:00,2026-08-27 02:00:00,197.906,197.961,197.862,197.895,0
2026-08-26 22:00:00,2026-08-26 19:00:00,2026-08-27 03:00:00,197.888,197.919,197.802,197.824,0
2026-08-26 23:00:00,2026-08-26 20:00:00,2026-08-27 04:00:00,197.824,197.86,197.736,197.791,0
2026-08-27 00:00:00,2026-08-26 21:00:00,2026-08-27 05:00:00,197.705,198.017,197.489,197.774,0
2026-08-27 01:00:00,2026-08-26 22:00:00,2026-08-27 06:00:00,197.729,197.867,197.701,197.814,0
2026-08-27 02:00:00,2026-08-26 23:00:00,2026-08-27 07:00:00,197.752,197.841,197.723,197.771,0
2026-08-27 03:00:00,2026-08-27 00:00:00,2026-08-27 08:00:00,197.793,197.805,197.592,197.677,0
2026-08-27 04:00:00,2026-08-27 01:00:00,2026-08-27 09:00:00,197.666,197.786,197.6,197.744,0
2026-08-27 05:00:00,2026-08-27 02:00:00,2026-08-27 10:00:00,197.735,197.878,197.735,197.813,0
2026-08-27 06:00:00,2026-08-27 03:00:00,2026-08-27 11:00:00,197.814,197.858,197.785,197.815,0
2026-08-27 07:00:00,2026-08-27 04:00:00,2026-08-27 12:00:00,197.817,197.881,197.799,197.826,0
2026-08-27 08:00:00,2026-08-27 05:00:00,2026-08-27 13:00:00,197.812,197.853,197.745,197.791,0
2026-08-27 09:00:00,2026-08-27 06:00:00,2026-08-27 14:00:00,197.793,197.845,197.727,197.755,0
2026-08-27 10:00:00,2026-08-27 07:00:00,2026-08-27 15:00:00,197.756,197.798,197.649,197.7,0
2026-08-27 11:00:00,2026-08-27 08:00:00,2026-08-27 16:00:00,197.712,197.767,197.634,197.702,0
2026-08-27 12:00:00,2026-08-27 09:00:00,2026-08-27 17:00:00,197.701,197.922,197.661,197.855,0
2026-08-27 13:00:00,2026-08-27 10:00:00,2026-08-27 18:00:00,197.869,197.936,197.826,197.873,0
2026-08-27 14:00:00,2026-08-27 11:00:00,2026-08-27 19:00:00,197.872,198.046,197.841,197.976,0
2026-08-27 15:00:00,2026-08-27 12:00:00,2026-08-27 20:00:00,197.99,198.105,197.918,198.047,0
2026-08-27 16:00:00,2026-08-27 13:00:00,2026-08-27 21:00:00,198.056,198.469,198.046,198.191,0
2026-08-27 17:00:00,2026-08-27 14:00:00,2026-08-27 22:00:00,198.202,198.237,198.093,198.173,0
2026-08-27 18:00:00,2026-08-27 15:00:00,2026-08-27 23:00:00,198.173,198.287,198.09,198.183,0
2026-08-27 19:00:00,2026-08-27 16:00:00,2026-08-28 00:00:00,198.172,198.207,198.089,198.154,0
2026-08-27 20:00:00,2026-08-27 17:00:00,2026-08-28 01:00:00,198.144,198.211,198.127,198.174,0
2026-08-27 21:00:00,2026-08-27 18:00:00,2026-08-28 02:00:00,198.182,198.23,198.147,198.229,0
2026-08-27 22:00:00,2026-08-27 19:00:00,2026-08-28 03:00:00,198.22,198.239,198.147,198.186,0
2026-08-27 23:00:00,2026-08-27 20:00:00,2026-08-28 04:00:00,198.19,198.222,198.129,198.165,0
2026-08-28 00:00:00,2026-08-27 21:00:00,2026-08-28 05:00:00,198.157,198.326,197.79,198.14,0
2026-08-28 01:00:00,2026-08-27 22:00:00,2026-08-28 06:00:00,198.14,198.239,198.064,198.212,0
2026-08-28 02:00:00,2026-08-27 23:00:00,2026-08-28 07:00:00,198.167,198.247,198.153,198.162,0
2026-08-28 03:00:00,2026-08-28 00:00:00,2026-08-28 08:00:00,198.178,198.208,198.092,198.194,0
2026-08-28 04:00:00,2026-08-28 01:00:00,2026-08-28 09:00:00,198.194,198.257,198.129,198.181,0
2026-08-28 05:00:00,2026-08-28 02:00:00,2026-08-28 10:00:00,198.167,198.228,198.112,198.208,0
2026-08-28 06:00:00,2026-08-28 03:00:00,2026-08-28 11:00:00,198.209,198.249,198.121,198.121,0
2026-08-28 07:00:00,2026-08-28 04:00:00,2026-08-28 12:00:00,198.141,198.155,198.098,198.144,0
2026-08-28 08:00:00,2026-08-28 05:00:00,2026-08-28 13:00:00,198.125,198.241,198.081,198.095,0
2026-08-28 09:00:00,2026-08-28 06:00:00,2026-08-28 14:00:00,198.124,198.174,198.026,198.059,0
2026-08-28 10:00:00,2026-08-28 07:00:00,2026-08-28 15:00:00,198.054,198.26,197.994,198.217,0
2026-08-28 11:00:00,2026-08-28 08:00:00,2026-08-28 16:00:00,198.217,198.454,198.209,198.432,0
2026-08-28 12:00:00,2026-08-28 09:00:00,2026-08-28 17:00:00,198.434,198.644,198.355,198.557,0
2026-08-28 13:00:00,2026-08-28 10:00:00,2026-08-28 18:00:00,198.568,198.766,198.533,198.714,0
2026-08-28 14:00:00,2026-08-28 11:00:00,2026-08-28 19:00:00,198.714,198.745,198.578,198.598,0
2026-08-28 15:00:00,2026-08-28 12:00:00,2026-08-28 20:00:00,198.613,198.623,198.374,198.497,0
2026-08-28 16:00:00,2026-08-28 13:00:00,2026-08-28 21:00:00,198.513,198.553,198.335,198.42,0
2026-08-28 17:00:00,2026-08-28 14:00:00,2026-08-28 22:00:00,198.414,198.592,197.796,198.064,0
2026-08-28 18:00:00,2026-08-28 15:00:00,2026-08-28 23:00:00,198.074,198.104,197.82,197.857,0
2026-08-28 19:00:00,2026-08-28 16:00:00,2026-08-29 00:00:00,197.857,197.994,197.732,197.914,0
2026-08-28 20:00:00,2026-08-28 17:00:00,2026-08-29 01:00:00,197.915,197.952,197.805,197.826,0
2026-08-28 21:00:00,2026-08-28 18:00:00,2026-08-29 02:00:00,197.827,197.869,197.765,197.776,0
2026-08-28 22:00:00,2026-08-28 19:00:00,2026-08-29 03:00:00,197.778,197.844,197.676,197.829,0
2026-08-28 23:00:00,2026-08-28 20:00:00,2026-08-29 04:00:00,197.819,197.833,197.656,197.671,0
2026-08-31 02:00:00,2026-08-30 23:00:00,2026-08-31 07:00:00,197.822,197.955,197.818,197.933,0
2026-08-31 03:00:00,2026-08-31 00:00:00,2026-08-31 08:00:00,197.934,197.961,197.773,197.812,0
2026-08-31 04:00:00,2026-08-31 01:00:00,2026-08-31 09:00:00,197.803,197.82,197.554,197.643,0
2026-08-31 05:00:00,2026-08-31 02:00:00,2026-08-31 10:00:00,197.641,197.699,197.54,197.591,0
2026-08-31 06:00:00,2026-08-31 03:00:00,2026-08-31 11:00:00,197.582,197.6,197.492,197.537,0
2026-08-31 07:00:00,2026-08-31 04:00:00,2026-08-31 12:00:00,197.536,197.541,197.417,197.47,0
2026-08-31 08:00:00,2026-08-31 05:00:00,2026-08-31 13:00:00,197.458,197.478,197.38,197.41,0
